ISO-10303-21;
HEADER;
FILE_DESCRIPTION(('Open CASCADE Model'),'2;1');
FILE_NAME('Open CASCADE Shape Model','2026-09-09T07:51:05',('Author'),(
    'Open CASCADE'),'Open CASCADE STEP processor 7.9','Open CASCADE 7.9'
  ,'Unknown');
FILE_SCHEMA(('AUTOMOTIVE_DESIGN { 1 0 10303 214 1 1 1 1 }'));
ENDSEC;
DATA;
#1 = APPLICATION_PROTOCOL_DEFINITION('international standard',
  'automotive_design',2000,#2);
#2 = APPLICATION_CONTEXT(
  'core data for automotive mechanical design processes');
#3 = SHAPE_DEFINITION_REPRESENTATION(#4,#10);
#4 = PRODUCT_DEFINITION_SHAPE('','',#5);
#5 = PRODUCT_DEFINITION('design','',#6,#9);
#6 = PRODUCT_DEFINITION_FORMATION('','',#7);
#7 = PRODUCT('Open CASCADE STEP translator 7.9 7',
  'Open CASCADE STEP translator 7.9 7','',(#8));
#8 = PRODUCT_CONTEXT('',#2,'mechanical');
#9 = PRODUCT_DEFINITION_CONTEXT('part definition',#2,'design');
#10 = ADVANCED_BREP_SHAPE_REPRESENTATION('',(#11,#15),#12118);
#11 = AXIS2_PLACEMENT_3D('',#12,#13,#14);
#12 = CARTESIAN_POINT('',(0.,0.,0.));
#13 = DIRECTION('',(0.,0.,1.));
#14 = DIRECTION('',(1.,0.,-0.));
#15 = MANIFOLD_SOLID_BREP('',#16);
#16 = CLOSED_SHELL('',(#17,#504,#969,#4902,#6292,#6370,#6397,#6425,#6619
    ,#7074,#7079,#7085,#7358,#7407,#7618,#8909,#9456,#9486,#9587,#10226,
    #10275,#10304,#10309,#10315,#10523,#10731,#10761,#10975,#11165,
    #11192,#11248,#11636,#11663,#11690,#11717,#11770,#11797,#11824,
    #11851,#11858,#11862,#11868,#11898,#11987,#12049,#12108,#12114));
#17 = ADVANCED_FACE('',(#18),#33,.T.);
#18 = FACE_BOUND('',#19,.T.);
#19 = EDGE_LOOP('',(#20,#56,#80,#81,#105,#238,#366));
#20 = ORIENTED_EDGE('',*,*,#21,.T.);
#21 = EDGE_CURVE('',#22,#24,#26,.T.);
#22 = VERTEX_POINT('',#23);
#23 = CARTESIAN_POINT('',(-18.0532090184,-10.72761129692,0.));
#24 = VERTEX_POINT('',#25);
#25 = CARTESIAN_POINT('',(21.,0.,0.));
#26 = SURFACE_CURVE('',#27,(#32,#44),.PCURVE_S1.);
#27 = CIRCLE('',#28,21.);
#28 = AXIS2_PLACEMENT_3D('',#29,#30,#31);
#29 = CARTESIAN_POINT('',(0.,0.,0.));
#30 = DIRECTION('',(0.,0.,1.));
#31 = DIRECTION('',(1.,0.,-0.));
#32 = PCURVE('',#33,#38);
#33 = SPHERICAL_SURFACE('',#34,21.);
#34 = AXIS2_PLACEMENT_3D('',#35,#36,#37);
#35 = CARTESIAN_POINT('',(0.,0.,0.));
#36 = DIRECTION('',(0.,0.,1.));
#37 = DIRECTION('',(1.,0.,-0.));
#38 = DEFINITIONAL_REPRESENTATION('',(#39),#43);
#39 = LINE('',#40,#41);
#40 = CARTESIAN_POINT('',(0.,0.));
#41 = VECTOR('',#42,1.);
#42 = DIRECTION('',(1.,0.));
#43 = ( GEOMETRIC_REPRESENTATION_CONTEXT(2) 
PARAMETRIC_REPRESENTATION_CONTEXT() REPRESENTATION_CONTEXT('2D SPACE',''
  ) );
#44 = PCURVE('',#45,#50);
#45 = PLANE('',#46);
#46 = AXIS2_PLACEMENT_3D('',#47,#48,#49);
#47 = CARTESIAN_POINT('',(-45.,-22.,0.));
#48 = DIRECTION('',(0.,0.,1.));
#49 = DIRECTION('',(1.,0.,-0.));
#50 = DEFINITIONAL_REPRESENTATION('',(#51),#55);
#51 = CIRCLE('',#52,21.);
#52 = AXIS2_PLACEMENT_2D('',#53,#54);
#53 = CARTESIAN_POINT('',(45.,22.));
#54 = DIRECTION('',(1.,0.));
#55 = ( GEOMETRIC_REPRESENTATION_CONTEXT(2) 
PARAMETRIC_REPRESENTATION_CONTEXT() REPRESENTATION_CONTEXT('2D SPACE',''
  ) );
#56 = ORIENTED_EDGE('',*,*,#57,.T.);
#57 = EDGE_CURVE('',#24,#58,#60,.T.);
#58 = VERTEX_POINT('',#59);
#59 = CARTESIAN_POINT('',(0.,0.,21.));
#60 = SEAM_CURVE('',#61,(#66,#73),.PCURVE_S1.);
#61 = CIRCLE('',#62,21.);
#62 = AXIS2_PLACEMENT_3D('',#63,#64,#65);
#63 = CARTESIAN_POINT('',(0.,0.,0.));
#64 = DIRECTION('',(-2.449293598295E-16,-1.,0.));
#65 = DIRECTION('',(1.,-2.449293598295E-16,0.));
#66 = PCURVE('',#33,#67);
#67 = DEFINITIONAL_REPRESENTATION('',(#68),#72);
#68 = LINE('',#69,#70);
#69 = CARTESIAN_POINT('',(0.,-6.28318530718));
#70 = VECTOR('',#71,1.);
#71 = DIRECTION('',(0.,1.));
#72 = ( GEOMETRIC_REPRESENTATION_CONTEXT(2) 
PARAMETRIC_REPRESENTATION_CONTEXT() REPRESENTATION_CONTEXT('2D SPACE',''
  ) );
#73 = PCURVE('',#33,#74);
#74 = DEFINITIONAL_REPRESENTATION('',(#75),#79);
#75 = LINE('',#76,#77);
#76 = CARTESIAN_POINT('',(6.28318530718,-6.28318530718));
#77 = VECTOR('',#78,1.);
#78 = DIRECTION('',(0.,1.));
#79 = ( GEOMETRIC_REPRESENTATION_CONTEXT(2) 
PARAMETRIC_REPRESENTATION_CONTEXT() REPRESENTATION_CONTEXT('2D SPACE',''
  ) );
#80 = ORIENTED_EDGE('',*,*,#57,.F.);
#81 = ORIENTED_EDGE('',*,*,#82,.T.);
#82 = EDGE_CURVE('',#24,#83,#85,.T.);
#83 = VERTEX_POINT('',#84);
#84 = CARTESIAN_POINT('',(16.5,12.990381056767,0.));
#85 = SURFACE_CURVE('',#86,(#91,#98),.PCURVE_S1.);
#86 = CIRCLE('',#87,21.);
#87 = AXIS2_PLACEMENT_3D('',#88,#89,#90);
#88 = CARTESIAN_POINT('',(0.,0.,0.));
#89 = DIRECTION('',(0.,0.,1.));
#90 = DIRECTION('',(1.,0.,-0.));
#91 = PCURVE('',#33,#92);
#92 = DEFINITIONAL_REPRESENTATION('',(#93),#97);
#93 = LINE('',#94,#95);
#94 = CARTESIAN_POINT('',(0.,0.));
#95 = VECTOR('',#96,1.);
#96 = DIRECTION('',(1.,0.));
#97 = ( GEOMETRIC_REPRESENTATION_CONTEXT(2) 
PARAMETRIC_REPRESENTATION_CONTEXT() REPRESENTATION_CONTEXT('2D SPACE',''
  ) );
#98 = PCURVE('',#45,#99);
#99 = DEFINITIONAL_REPRESENTATION('',(#100),#104);
#100 = CIRCLE('',#101,21.);
#101 = AXIS2_PLACEMENT_2D('',#102,#103);
#102 = CARTESIAN_POINT('',(45.,22.));
#103 = DIRECTION('',(1.,0.));
#104 = ( GEOMETRIC_REPRESENTATION_CONTEXT(2) 
PARAMETRIC_REPRESENTATION_CONTEXT() REPRESENTATION_CONTEXT('2D SPACE',''
  ) );
#105 = ORIENTED_EDGE('',*,*,#106,.F.);
#106 = EDGE_CURVE('',#107,#83,#109,.T.);
#107 = VERTEX_POINT('',#108);
#108 = CARTESIAN_POINT('',(0.,12.990381056767,16.5));
#109 = SURFACE_CURVE('',#110,(#115,#226),.PCURVE_S1.);
#110 = CIRCLE('',#111,16.5);
#111 = AXIS2_PLACEMENT_3D('',#112,#113,#114);
#112 = CARTESIAN_POINT('',(0.,12.990381056767,0.));
#113 = DIRECTION('',(0.,1.,0.));
#114 = DIRECTION('',(0.,-0.,1.));
#115 = PCURVE('',#33,#116);
#116 = DEFINITIONAL_REPRESENTATION('',(#117),#225);
#117 = B_SPLINE_CURVE_WITH_KNOTS('',8,(#118,#119,#120,#121,#122,#123,
    #124,#125,#126,#127,#128,#129,#130,#131,#132,#133,#134,#135,#136,
    #137,#138,#139,#140,#141,#142,#143,#144,#145,#146,#147,#148,#149,
    #150,#151,#152,#153,#154,#155,#156,#157,#158,#159,#160,#161,#162,
    #163,#164,#165,#166,#167,#168,#169,#170,#171,#172,#173,#174,#175,
    #176,#177,#178,#179,#180,#181,#182,#183,#184,#185,#186,#187,#188,
    #189,#190,#191,#192,#193,#194,#195,#196,#197,#198,#199,#200,#201,
    #202,#203,#204,#205,#206,#207,#208,#209,#210,#211,#212,#213,#214,
    #215,#216,#217,#218,#219,#220,#221,#222,#223,#224),.UNSPECIFIED.,.T.
  ,.F.,(9,7,7,7,7,7,7,7,7,7,7,7,7,7,7,9),(0.,0.392699081699,
    0.760854470791,1.106000148066,1.753148292955,2.319402919733,
    2.567139318948,2.799392193213,3.234866332459,3.615906204299,
    3.949316092159,4.532783395914,4.97038387373,5.626784590455,
    5.954984948817,6.28318530718),.UNSPECIFIED.);
#118 = CARTESIAN_POINT('',(1.570796326795,0.903849982291));
#119 = CARTESIAN_POINT('',(1.508446973649,0.903849982291));
#120 = CARTESIAN_POINT('',(1.44609768445,0.900352170512));
#121 = CARTESIAN_POINT('',(1.384715529044,0.893356744433));
#122 = CARTESIAN_POINT('',(1.325270155126,0.882967825697));
#123 = CARTESIAN_POINT('',(1.268555967016,0.869398058422));
#124 = CARTESIAN_POINT('',(1.215035871955,0.852917456272));
#125 = CARTESIAN_POINT('',(1.164946600488,0.833809080357));
#126 = CARTESIAN_POINT('',(1.07466969507,0.792231697264));
#127 = CARTESIAN_POINT('',(1.034058858756,0.770047354398));
#128 = CARTESIAN_POINT('',(0.996573451893,0.746024776263));
#129 = CARTESIAN_POINT('',(0.962134567004,0.72038662057));
#130 = CARTESIAN_POINT('',(0.930589631791,0.693334287255));
#131 = CARTESIAN_POINT('',(0.901756612213,0.665044514791));
#132 = CARTESIAN_POINT('',(0.875451099814,0.635672010577));
#133 = CARTESIAN_POINT('',(0.82903441131,0.576926324947));
#134 = CARTESIAN_POINT('',(0.808638907926,0.547667925249));
#135 = CARTESIAN_POINT('',(0.790160398447,0.517687645967));
#136 = CARTESIAN_POINT('',(0.773457227096,0.487081437413));
#137 = CARTESIAN_POINT('',(0.75840132972,0.455932206519));
#138 = CARTESIAN_POINT('',(0.74488021197,0.424312243238));
#139 = CARTESIAN_POINT('',(0.732796164269,0.392285455117));
#140 = CARTESIAN_POINT('',(0.701947025065,0.299203107656));
#141 = CARTESIAN_POINT('',(0.686587931679,0.237267889071));
#142 = CARTESIAN_POINT('',(0.675439714368,0.1744800931));
#143 = CARTESIAN_POINT('',(0.668133834317,0.111133388129));
#144 = CARTESIAN_POINT('',(0.664457443865,4.747887959927E-02));
#145 = CARTESIAN_POINT('',(0.664332700109,-1.625053441894E-02));
#146 = CARTESIAN_POINT('',(0.667810383067,-7.982070423547E-02));
#147 = CARTESIAN_POINT('',(0.681455924081,-0.198226359831));
#148 = CARTESIAN_POINT('',(0.690733105936,-0.253160402622));
#149 = CARTESIAN_POINT('',(0.703051749462,-0.307597465297));
#150 = CARTESIAN_POINT('',(0.71862835484,-0.361346839817));
#151 = CARTESIAN_POINT('',(0.737773997802,-0.414188114687));
#152 = CARTESIAN_POINT('',(0.760899999587,-0.465856991197));
#153 = CARTESIAN_POINT('',(0.788550227939,-0.516018274753));
#154 = CARTESIAN_POINT('',(0.835690357329,-0.585333517661));
#155 = CARTESIAN_POINT('',(0.851021718924,-0.606057760513));
#156 = CARTESIAN_POINT('',(0.867389311597,-0.626373902745));
#157 = CARTESIAN_POINT('',(0.884847506161,-0.646241999107));
#158 = CARTESIAN_POINT('',(0.903452586067,-0.665617985283));
#159 = CARTESIAN_POINT('',(0.92326083667,-0.684453323558));
#160 = CARTESIAN_POINT('',(0.944325316561,-0.702694867956));
#161 = CARTESIAN_POINT('',(0.987659430695,-0.736775649672));
#162 = CARTESIAN_POINT('',(1.009771477094,-0.752693786839));
#163 = CARTESIAN_POINT('',(1.033064570576,-0.767991841925));
#164 = CARTESIAN_POINT('',(1.057570040676,-0.782618958444));
#165 = CARTESIAN_POINT('',(1.08330927988,-0.796520985178));
#166 = CARTESIAN_POINT('',(1.110289092174,-0.809641160853));
#167 = CARTESIAN_POINT('',(1.138496536281,-0.821921440163));
#168 = CARTESIAN_POINT('',(1.223012127361,-0.854647625487));
#169 = CARTESIAN_POINT('',(1.282312180236,-0.872836446143));
#170 = CARTESIAN_POINT('',(1.345542186504,-0.887492378848));
#171 = CARTESIAN_POINT('',(1.412141508723,-0.898248950608));
#172 = CARTESIAN_POINT('',(1.481151704066,-0.904787621037));
#173 = CARTESIAN_POINT('',(1.551129071034,-0.906943806904));
#174 = CARTESIAN_POINT('',(1.62066067916,-0.904743031024));
#175 = CARTESIAN_POINT('',(1.747954651643,-0.892752264877));
#176 = CARTESIAN_POINT('',(1.806101742849,-0.883945358827));
#177 = CARTESIAN_POINT('',(1.862192308308,-0.872036613413));
#178 = CARTESIAN_POINT('',(1.915554248102,-0.857217278378));
#179 = CARTESIAN_POINT('',(1.965768559383,-0.83974011556));
#180 = CARTESIAN_POINT('',(2.012660676065,-0.81987049982));
#181 = CARTESIAN_POINT('',(2.05620385801,-0.797865907301));
#182 = CARTESIAN_POINT('',(2.131705970233,-0.753052290403));
#183 = CARTESIAN_POINT('',(2.164432542188,-0.730687638387));
#184 = CARTESIAN_POINT('',(2.194700154293,-0.7070314807));
#185 = CARTESIAN_POINT('',(2.222615370918,-0.682233043573));
#186 = CARTESIAN_POINT('',(2.248310918061,-0.656425694502));
#187 = CARTESIAN_POINT('',(2.271926281852,-0.629726859113));
#188 = CARTESIAN_POINT('',(2.293597423279,-0.602240103714));
#189 = CARTESIAN_POINT('',(2.348198915401,-0.52473566792));
#190 = CARTESIAN_POINT('',(2.37738359277,-0.473281097862));
#191 = CARTESIAN_POINT('',(2.401693272877,-0.420182206393));
#192 = CARTESIAN_POINT('',(2.421737760573,-0.365813267686));
#193 = CARTESIAN_POINT('',(2.437973767528,-0.310466275153));
#194 = CARTESIAN_POINT('',(2.450745485982,-0.254383380704));
#195 = CARTESIAN_POINT('',(2.460290032622,-0.197772992503));
#196 = CARTESIAN_POINT('',(2.471594647851,-9.811611973087E-02));
#197 = CARTESIAN_POINT('',(2.474704290307,-5.521682268731E-02));
#198 = CARTESIAN_POINT('',(2.476138725172,-1.220882499569E-02));
#199 = CARTESIAN_POINT('',(2.475927630529,3.083269279239E-02));
#200 = CARTESIAN_POINT('',(2.47407234525,7.383472358926E-02));
#201 = CARTESIAN_POINT('',(2.470546238483,0.116723150843));
#202 = CARTESIAN_POINT('',(2.46529348084,0.159419336728));
#203 = CARTESIAN_POINT('',(2.447625322019,0.265462448565));
#204 = CARTESIAN_POINT('',(2.432941872096,0.328460696929));
#205 = CARTESIAN_POINT('',(2.413878795595,0.390538076074));
#206 = CARTESIAN_POINT('',(2.389980887358,0.451361037673));
#207 = CARTESIAN_POINT('',(2.360600822083,0.510518386797));
#208 = CARTESIAN_POINT('',(2.324905587606,0.567496656618));
#209 = CARTESIAN_POINT('',(2.281770708985,0.62158642505));
#210 = CARTESIAN_POINT('',(2.204411376097,0.69698765867));
#211 = CARTESIAN_POINT('',(2.176515494543,0.721165848456));
#212 = CARTESIAN_POINT('',(2.146385101268,0.744271800775));
#213 = CARTESIAN_POINT('',(2.113904418088,0.766175022544));
#214 = CARTESIAN_POINT('',(2.078976598335,0.786730548262));
#215 = CARTESIAN_POINT('',(2.04154965588,0.805780043164));
#216 = CARTESIAN_POINT('',(2.001648476802,0.823157427633));
#217 = CARTESIAN_POINT('',(1.917156928329,0.854246130327));
#218 = CARTESIAN_POINT('',(1.872566513382,0.867957447704));
#219 = CARTESIAN_POINT('',(1.825760585717,0.879674726553));
#220 = CARTESIAN_POINT('',(1.776972079779,0.889242148601));
#221 = CARTESIAN_POINT('',(1.726557918505,0.89652053062));
#222 = CARTESIAN_POINT('',(1.675013930993,0.901406815844));
#223 = CARTESIAN_POINT('',(1.622905132238,0.903849982291));
#224 = CARTESIAN_POINT('',(1.570796326795,0.903849982291));
#225 = ( GEOMETRIC_REPRESENTATION_CONTEXT(2) 
PARAMETRIC_REPRESENTATION_CONTEXT() REPRESENTATION_CONTEXT('2D SPACE',''
  ) );
#226 = PCURVE('',#227,#232);
#227 = CYLINDRICAL_SURFACE('',#228,16.5);
#228 = AXIS2_PLACEMENT_3D('',#229,#230,#231);
#229 = CARTESIAN_POINT('',(0.,0.,0.));
#230 = DIRECTION('',(0.,1.,0.));
#231 = DIRECTION('',(0.,-0.,1.));
#232 = DEFINITIONAL_REPRESENTATION('',(#233),#237);
#233 = LINE('',#234,#235);
#234 = CARTESIAN_POINT('',(0.,12.990381056767));
#235 = VECTOR('',#236,1.);
#236 = DIRECTION('',(1.,0.));
#237 = ( GEOMETRIC_REPRESENTATION_CONTEXT(2) 
PARAMETRIC_REPRESENTATION_CONTEXT() REPRESENTATION_CONTEXT('2D SPACE',''
  ) );
#238 = ORIENTED_EDGE('',*,*,#239,.F.);
#239 = EDGE_CURVE('',#240,#107,#242,.T.);
#240 = VERTEX_POINT('',#241);
#241 = CARTESIAN_POINT('',(-3.54064830603,12.990381056767,
    16.115638664757));
#242 = SURFACE_CURVE('',#243,(#248,#359),.PCURVE_S1.);
#243 = CIRCLE('',#244,16.5);
#244 = AXIS2_PLACEMENT_3D('',#245,#246,#247);
#245 = CARTESIAN_POINT('',(0.,12.990381056767,0.));
#246 = DIRECTION('',(0.,1.,0.));
#247 = DIRECTION('',(0.,-0.,1.));
#248 = PCURVE('',#33,#249);
#249 = DEFINITIONAL_REPRESENTATION('',(#250),#358);
#250 = B_SPLINE_CURVE_WITH_KNOTS('',8,(#251,#252,#253,#254,#255,#256,
    #257,#258,#259,#260,#261,#262,#263,#264,#265,#266,#267,#268,#269,
    #270,#271,#272,#273,#274,#275,#276,#277,#278,#279,#280,#281,#282,
    #283,#284,#285,#286,#287,#288,#289,#290,#291,#292,#293,#294,#295,
    #296,#297,#298,#299,#300,#301,#302,#303,#304,#305,#306,#307,#308,
    #309,#310,#311,#312,#313,#314,#315,#316,#317,#318,#319,#320,#321,
    #322,#323,#324,#325,#326,#327,#328,#329,#330,#331,#332,#333,#334,
    #335,#336,#337,#338,#339,#340,#341,#342,#343,#344,#345,#346,#347,
    #348,#349,#350,#351,#352,#353,#354,#355,#356,#357),.UNSPECIFIED.,.T.
  ,.F.,(9,7,7,7,7,7,7,7,7,7,7,7,7,7,7,9),(0.,0.392699081699,
    0.760854470791,1.106000148066,1.753148292955,2.319402919733,
    2.567139318948,2.799392193213,3.234866332459,3.615906204299,
    3.949316092159,4.532783395914,4.97038387373,5.626784590455,
    5.954984948817,6.28318530718),.UNSPECIFIED.);
#251 = CARTESIAN_POINT('',(1.570796326795,0.903849982291));
#252 = CARTESIAN_POINT('',(1.508446973649,0.903849982291));
#253 = CARTESIAN_POINT('',(1.44609768445,0.900352170512));
#254 = CARTESIAN_POINT('',(1.384715529044,0.893356744433));
#255 = CARTESIAN_POINT('',(1.325270155126,0.882967825697));
#256 = CARTESIAN_POINT('',(1.268555967016,0.869398058422));
#257 = CARTESIAN_POINT('',(1.215035871955,0.852917456272));
#258 = CARTESIAN_POINT('',(1.164946600488,0.833809080357));
#259 = CARTESIAN_POINT('',(1.07466969507,0.792231697264));
#260 = CARTESIAN_POINT('',(1.034058858756,0.770047354398));
#261 = CARTESIAN_POINT('',(0.996573451893,0.746024776263));
#262 = CARTESIAN_POINT('',(0.962134567004,0.72038662057));
#263 = CARTESIAN_POINT('',(0.930589631791,0.693334287255));
#264 = CARTESIAN_POINT('',(0.901756612213,0.665044514791));
#265 = CARTESIAN_POINT('',(0.875451099814,0.635672010577));
#266 = CARTESIAN_POINT('',(0.82903441131,0.576926324947));
#267 = CARTESIAN_POINT('',(0.808638907926,0.547667925249));
#268 = CARTESIAN_POINT('',(0.790160398447,0.517687645967));
#269 = CARTESIAN_POINT('',(0.773457227096,0.487081437413));
#270 = CARTESIAN_POINT('',(0.75840132972,0.455932206519));
#271 = CARTESIAN_POINT('',(0.74488021197,0.424312243238));
#272 = CARTESIAN_POINT('',(0.732796164269,0.392285455117));
#273 = CARTESIAN_POINT('',(0.701947025065,0.299203107656));
#274 = CARTESIAN_POINT('',(0.686587931679,0.237267889071));
#275 = CARTESIAN_POINT('',(0.675439714368,0.1744800931));
#276 = CARTESIAN_POINT('',(0.668133834317,0.111133388129));
#277 = CARTESIAN_POINT('',(0.664457443865,4.747887959927E-02));
#278 = CARTESIAN_POINT('',(0.664332700109,-1.625053441894E-02));
#279 = CARTESIAN_POINT('',(0.667810383067,-7.982070423547E-02));
#280 = CARTESIAN_POINT('',(0.681455924081,-0.198226359831));
#281 = CARTESIAN_POINT('',(0.690733105936,-0.253160402622));
#282 = CARTESIAN_POINT('',(0.703051749462,-0.307597465297));
#283 = CARTESIAN_POINT('',(0.71862835484,-0.361346839817));
#284 = CARTESIAN_POINT('',(0.737773997802,-0.414188114687));
#285 = CARTESIAN_POINT('',(0.760899999587,-0.465856991197));
#286 = CARTESIAN_POINT('',(0.788550227939,-0.516018274753));
#287 = CARTESIAN_POINT('',(0.835690357329,-0.585333517661));
#288 = CARTESIAN_POINT('',(0.851021718924,-0.606057760513));
#289 = CARTESIAN_POINT('',(0.867389311597,-0.626373902745));
#290 = CARTESIAN_POINT('',(0.884847506161,-0.646241999107));
#291 = CARTESIAN_POINT('',(0.903452586067,-0.665617985283));
#292 = CARTESIAN_POINT('',(0.92326083667,-0.684453323558));
#293 = CARTESIAN_POINT('',(0.944325316561,-0.702694867956));
#294 = CARTESIAN_POINT('',(0.987659430695,-0.736775649672));
#295 = CARTESIAN_POINT('',(1.009771477094,-0.752693786839));
#296 = CARTESIAN_POINT('',(1.033064570576,-0.767991841925));
#297 = CARTESIAN_POINT('',(1.057570040676,-0.782618958444));
#298 = CARTESIAN_POINT('',(1.08330927988,-0.796520985178));
#299 = CARTESIAN_POINT('',(1.110289092174,-0.809641160853));
#300 = CARTESIAN_POINT('',(1.138496536281,-0.821921440163));
#301 = CARTESIAN_POINT('',(1.223012127361,-0.854647625487));
#302 = CARTESIAN_POINT('',(1.282312180236,-0.872836446143));
#303 = CARTESIAN_POINT('',(1.345542186504,-0.887492378848));
#304 = CARTESIAN_POINT('',(1.412141508723,-0.898248950608));
#305 = CARTESIAN_POINT('',(1.481151704066,-0.904787621037));
#306 = CARTESIAN_POINT('',(1.551129071034,-0.906943806904));
#307 = CARTESIAN_POINT('',(1.62066067916,-0.904743031024));
#308 = CARTESIAN_POINT('',(1.747954651643,-0.892752264877));
#309 = CARTESIAN_POINT('',(1.806101742849,-0.883945358827));
#310 = CARTESIAN_POINT('',(1.862192308308,-0.872036613413));
#311 = CARTESIAN_POINT('',(1.915554248102,-0.857217278378));
#312 = CARTESIAN_POINT('',(1.965768559383,-0.83974011556));
#313 = CARTESIAN_POINT('',(2.012660676065,-0.81987049982));
#314 = CARTESIAN_POINT('',(2.05620385801,-0.797865907301));
#315 = CARTESIAN_POINT('',(2.131705970233,-0.753052290403));
#316 = CARTESIAN_POINT('',(2.164432542188,-0.730687638387));
#317 = CARTESIAN_POINT('',(2.194700154293,-0.7070314807));
#318 = CARTESIAN_POINT('',(2.222615370918,-0.682233043573));
#319 = CARTESIAN_POINT('',(2.248310918061,-0.656425694502));
#320 = CARTESIAN_POINT('',(2.271926281852,-0.629726859113));
#321 = CARTESIAN_POINT('',(2.293597423279,-0.602240103714));
#322 = CARTESIAN_POINT('',(2.348198915401,-0.52473566792));
#323 = CARTESIAN_POINT('',(2.37738359277,-0.473281097862));
#324 = CARTESIAN_POINT('',(2.401693272877,-0.420182206393));
#325 = CARTESIAN_POINT('',(2.421737760573,-0.365813267686));
#326 = CARTESIAN_POINT('',(2.437973767528,-0.310466275153));
#327 = CARTESIAN_POINT('',(2.450745485982,-0.254383380704));
#328 = CARTESIAN_POINT('',(2.460290032622,-0.197772992503));
#329 = CARTESIAN_POINT('',(2.471594647851,-9.811611973087E-02));
#330 = CARTESIAN_POINT('',(2.474704290307,-5.521682268731E-02));
#331 = CARTESIAN_POINT('',(2.476138725172,-1.220882499569E-02));
#332 = CARTESIAN_POINT('',(2.475927630529,3.083269279239E-02));
#333 = CARTESIAN_POINT('',(2.47407234525,7.383472358926E-02));
#334 = CARTESIAN_POINT('',(2.470546238483,0.116723150843));
#335 = CARTESIAN_POINT('',(2.46529348084,0.159419336728));
#336 = CARTESIAN_POINT('',(2.447625322019,0.265462448565));
#337 = CARTESIAN_POINT('',(2.432941872096,0.328460696929));
#338 = CARTESIAN_POINT('',(2.413878795595,0.390538076074));
#339 = CARTESIAN_POINT('',(2.389980887358,0.451361037673));
#340 = CARTESIAN_POINT('',(2.360600822083,0.510518386797));
#341 = CARTESIAN_POINT('',(2.324905587606,0.567496656618));
#342 = CARTESIAN_POINT('',(2.281770708985,0.62158642505));
#343 = CARTESIAN_POINT('',(2.204411376097,0.69698765867));
#344 = CARTESIAN_POINT('',(2.176515494543,0.721165848456));
#345 = CARTESIAN_POINT('',(2.146385101268,0.744271800775));
#346 = CARTESIAN_POINT('',(2.113904418088,0.766175022544));
#347 = CARTESIAN_POINT('',(2.078976598335,0.786730548262));
#348 = CARTESIAN_POINT('',(2.04154965588,0.805780043164));
#349 = CARTESIAN_POINT('',(2.001648476802,0.823157427633));
#350 = CARTESIAN_POINT('',(1.917156928329,0.854246130327));
#351 = CARTESIAN_POINT('',(1.872566513382,0.867957447704));
#352 = CARTESIAN_POINT('',(1.825760585717,0.879674726553));
#353 = CARTESIAN_POINT('',(1.776972079779,0.889242148601));
#354 = CARTESIAN_POINT('',(1.726557918505,0.89652053062));
#355 = CARTESIAN_POINT('',(1.675013930993,0.901406815844));
#356 = CARTESIAN_POINT('',(1.622905132238,0.903849982291));
#357 = CARTESIAN_POINT('',(1.570796326795,0.903849982291));
#358 = ( GEOMETRIC_REPRESENTATION_CONTEXT(2) 
PARAMETRIC_REPRESENTATION_CONTEXT() REPRESENTATION_CONTEXT('2D SPACE',''
  ) );
#359 = PCURVE('',#227,#360);
#360 = DEFINITIONAL_REPRESENTATION('',(#361),#365);
#361 = LINE('',#362,#363);
#362 = CARTESIAN_POINT('',(0.,12.990381056767));
#363 = VECTOR('',#364,1.);
#364 = DIRECTION('',(1.,0.));
#365 = ( GEOMETRIC_REPRESENTATION_CONTEXT(2) 
PARAMETRIC_REPRESENTATION_CONTEXT() REPRESENTATION_CONTEXT('2D SPACE',''
  ) );
#366 = ORIENTED_EDGE('',*,*,#367,.F.);
#367 = EDGE_CURVE('',#22,#240,#368,.T.);
#368 = SURFACE_CURVE('',#369,(#374,#492),.PCURVE_S1.);
#369 = CIRCLE('',#370,16.5);
#370 = AXIS2_PLACEMENT_3D('',#371,#372,#373);
#371 = CARTESIAN_POINT('',(-11.40016470513,3.454595365191,5.181893047787
    ));
#372 = DIRECTION('',(-0.877585088175,0.265934875205,0.398902312807));
#373 = DIRECTION('',(-0.413802944301,1.387778780781E-17,-0.910366477463)
  );
#374 = PCURVE('',#33,#375);
#375 = DEFINITIONAL_REPRESENTATION('',(#376),#491);
#376 = B_SPLINE_CURVE_WITH_KNOTS('',8,(#377,#378,#379,#380,#381,#382,
    #383,#384,#385,#386,#387,#388,#389,#390,#391,#392,#393,#394,#395,
    #396,#397,#398,#399,#400,#401,#402,#403,#404,#405,#406,#407,#408,
    #409,#410,#411,#412,#413,#414,#415,#416,#417,#418,#419,#420,#421,
    #422,#423,#424,#425,#426,#427,#428,#429,#430,#431,#432,#433,#434,
    #435,#436,#437,#438,#439,#440,#441,#442,#443,#444,#445,#446,#447,
    #448,#449,#450,#451,#452,#453,#454,#455,#456,#457,#458,#459,#460,
    #461,#462,#463,#464,#465,#466,#467,#468,#469,#470,#471,#472,#473,
    #474,#475,#476,#477,#478,#479,#480,#481,#482,#483,#484,#485,#486,
    #487,#488,#489,#490),.UNSPECIFIED.,.T.,.F.,(9,7,7,7,7,7,7,7,7,7,7,7,
    7,7,7,7,9),(0.,0.392699081699,1.129009859884,1.773281790796,
    2.337019730344,2.583655078896,2.814875718164,2.923260392821,
    3.028258046394,3.129974523294,3.327050197287,3.511808641655,
    3.858230724846,4.464469370429,5.373827338804,5.828506322992,
    6.28318530718),.UNSPECIFIED.);
#377 = CARTESIAN_POINT('',(2.954291839595,-0.487627391187));
#378 = CARTESIAN_POINT('',(2.997608843476,-0.482823170744));
#379 = CARTESIAN_POINT('',(3.040484846999,-0.475803315018));
#380 = CARTESIAN_POINT('',(3.082690243736,-0.466607862506));
#381 = CARTESIAN_POINT('',(3.124014463823,-0.455301628237));
#382 = CARTESIAN_POINT('',(3.164281694099,-0.441970727171));
#383 = CARTESIAN_POINT('',(3.20335708225,-0.426715975185));
#384 = CARTESIAN_POINT('',(3.241145493803,-0.409645900063));
#385 = CARTESIAN_POINT('',(3.345908760299,-0.355671210089));
#386 = CARTESIAN_POINT('',(3.409490134815,-0.314480670557));
#387 = CARTESIAN_POINT('',(3.467919983836,-0.268035624754));
#388 = CARTESIAN_POINT('',(3.521206663961,-0.217109702412));
#389 = CARTESIAN_POINT('',(3.569630573576,-0.162393003002));
#390 = CARTESIAN_POINT('',(3.613506327901,-0.104468788119));
#391 = CARTESIAN_POINT('',(3.653144199769,-4.383227065411E-02));
#392 = CARTESIAN_POINT('',(3.719969948187,7.415668683436E-02));
#393 = CARTESIAN_POINT('',(3.748094779817,0.130972172487));
#394 = CARTESIAN_POINT('',(3.773320739818,0.189259217748));
#395 = CARTESIAN_POINT('',(3.79577007781,0.248778086408));
#396 = CARTESIAN_POINT('',(3.815501877451,0.309322702416));
#397 = CARTESIAN_POINT('',(3.832490861282,0.370708330915));
#398 = CARTESIAN_POINT('',(3.846607424097,0.432762771617));
#399 = CARTESIAN_POINT('',(3.867067442055,0.550033035001));
#400 = CARTESIAN_POINT('',(3.874161871119,0.60513405309));
#401 = CARTESIAN_POINT('',(3.878580838402,0.660490226662));
#402 = CARTESIAN_POINT('',(3.879979459511,0.715976378663));
#403 = CARTESIAN_POINT('',(3.877852750644,0.771456870876));
#404 = CARTESIAN_POINT('',(3.871403471927,0.82675772976));
#405 = CARTESIAN_POINT('',(3.859433280129,0.881660336423));
#406 = CARTESIAN_POINT('',(3.830907870839,0.95943096437));
#407 = CARTESIAN_POINT('',(3.820719108326,0.982946905706));
#408 = CARTESIAN_POINT('',(3.808826486188,1.006275677188));
#409 = CARTESIAN_POINT('',(3.794989642505,1.029376690844));
#410 = CARTESIAN_POINT('',(3.778915573958,1.052200065015));
#411 = CARTESIAN_POINT('',(3.76023803699,1.074683235172));
#412 = CARTESIAN_POINT('',(3.738494188101,1.096744978299));
#413 = CARTESIAN_POINT('',(3.689307050503,1.138459701989));
#414 = CARTESIAN_POINT('',(3.662304909622,1.158177057294));
#415 = CARTESIAN_POINT('',(3.631626573111,1.177336419966));
#416 = CARTESIAN_POINT('',(3.596708794412,1.195824948731));
#417 = CARTESIAN_POINT('',(3.556901166367,1.213499187174));
#418 = CARTESIAN_POINT('',(3.511459125651,1.230178196844));
#419 = CARTESIAN_POINT('',(3.459639435523,1.245623881817));
#420 = CARTESIAN_POINT('',(3.373647900675,1.26609428964));
#421 = CARTESIAN_POINT('',(3.344725516985,1.27229596833));
#422 = CARTESIAN_POINT('',(3.314288629211,1.27813788268));
#423 = CARTESIAN_POINT('',(3.282319956378,1.283589953634));
#424 = CARTESIAN_POINT('',(3.248828621864,1.288620743558));
#425 = CARTESIAN_POINT('',(3.213861463967,1.293198468346));
#426 = CARTESIAN_POINT('',(3.177512045859,1.297292543704));
#427 = CARTESIAN_POINT('',(3.103505091227,1.304346634652));
#428 = CARTESIAN_POINT('',(3.065923898232,1.307338089404));
#429 = CARTESIAN_POINT('',(3.027305811379,1.309825027845));
#430 = CARTESIAN_POINT('',(2.987819812062,1.311785297267));
#431 = CARTESIAN_POINT('',(2.947677804017,1.313201137424));
#432 = CARTESIAN_POINT('',(2.907124222994,1.314060876698));
#433 = CARTESIAN_POINT('',(2.866418193891,1.314359974842));
#434 = CARTESIAN_POINT('',(2.786477294758,1.313849522521));
#435 = CARTESIAN_POINT('',(2.747236245863,1.313074325922));
#436 = CARTESIAN_POINT('',(2.708320695368,1.311777178652));
#437 = CARTESIAN_POINT('',(2.66995738356,1.309966162559));
#438 = CARTESIAN_POINT('',(2.632351908556,1.307655247306));
#439 = CARTESIAN_POINT('',(2.595676341735,1.304863140661));
#440 = CARTESIAN_POINT('',(2.560063754496,1.301611742811));
#441 = CARTESIAN_POINT('',(2.458860606823,1.29078145251));
#442 = CARTESIAN_POINT('',(2.396465679449,1.282003222698));
#443 = CARTESIAN_POINT('',(2.339135377344,1.271762985412));
#444 = CARTESIAN_POINT('',(2.287066780407,1.260260834592));
#445 = CARTESIAN_POINT('',(2.240005726585,1.247685040591));
#446 = CARTESIAN_POINT('',(2.197583197008,1.234194815768));
#447 = CARTESIAN_POINT('',(2.159372175711,1.21992539541));
#448 = CARTESIAN_POINT('',(2.092690506486,1.190986866163));
#449 = CARTESIAN_POINT('',(2.063760313488,1.176398482621));
#450 = CARTESIAN_POINT('',(2.037820784087,1.161317130637));
#451 = CARTESIAN_POINT('',(2.014533127262,1.145818464009));
#452 = CARTESIAN_POINT('',(1.993596266627,1.129963783715));
#453 = CARTESIAN_POINT('',(1.974750351315,1.113803270267));
#454 = CARTESIAN_POINT('',(1.957769050741,1.09737876748));
#455 = CARTESIAN_POINT('',(1.913749620788,1.049500137737));
#456 = CARTESIAN_POINT('',(1.890912978848,1.017470114683));
#457 = CARTESIAN_POINT('',(1.872664073404,0.984866518641));
#458 = CARTESIAN_POINT('',(1.85810296007,0.951837964807));
#459 = CARTESIAN_POINT('',(1.846591449903,0.918492831625));
#460 = CARTESIAN_POINT('',(1.837645802094,0.884913411648));
#461 = CARTESIAN_POINT('',(1.830899894897,0.851165350678));
#462 = CARTESIAN_POINT('',(1.81761152577,0.758043233317));
#463 = CARTESIAN_POINT('',(1.815016235584,0.698432990335));
#464 = CARTESIAN_POINT('',(1.816751870243,0.638761890025));
#465 = CARTESIAN_POINT('',(1.822049849139,0.579213353321));
#466 = CARTESIAN_POINT('',(1.830406895907,0.519946794733));
#467 = CARTESIAN_POINT('',(1.841529617572,0.461104553919));
#468 = CARTESIAN_POINT('',(1.855241559536,0.402831041445));
#469 = CARTESIAN_POINT('',(1.895794349434,0.258952110198));
#470 = CARTESIAN_POINT('',(1.925771489999,0.17424913154));
#471 = CARTESIAN_POINT('',(1.961121659878,9.168833053788E-02));
#472 = CARTESIAN_POINT('',(2.002041622576,1.183482041336E-02));
#473 = CARTESIAN_POINT('',(2.048942901807,-6.46216319161E-02));
#474 = CARTESIAN_POINT('',(2.102444299559,-0.13683314866));
#475 = CARTESIAN_POINT('',(2.163225098621,-0.203685110721));
#476 = CARTESIAN_POINT('',(2.265725022342,-0.29399560428));
#477 = CARTESIAN_POINT('',(2.301779785072,-0.322437877492));
#478 = CARTESIAN_POINT('',(2.339757023752,-0.349058194544));
#479 = CARTESIAN_POINT('',(2.379665507826,-0.373685495727));
#480 = CARTESIAN_POINT('',(2.421476177069,-0.39614065073));
#481 = CARTESIAN_POINT('',(2.465102676861,-0.416243821788));
#482 = CARTESIAN_POINT('',(2.510387135806,-0.433825707835));
#483 = CARTESIAN_POINT('',(2.603820160397,-0.463657182339));
#484 = CARTESIAN_POINT('',(2.651968796184,-0.475906739032));
#485 = CARTESIAN_POINT('',(2.701323328172,-0.485345280403));
#486 = CARTESIAN_POINT('',(2.751591386041,-0.491851599288));
#487 = CARTESIAN_POINT('',(2.802413508833,-0.49534207222));
#488 = CARTESIAN_POINT('',(2.853393216911,-0.495782094301));
#489 = CARTESIAN_POINT('',(2.904138090221,-0.493189864267));
#490 = CARTESIAN_POINT('',(2.954291839595,-0.487627391187));
#491 = ( GEOMETRIC_REPRESENTATION_CONTEXT(2) 
PARAMETRIC_REPRESENTATION_CONTEXT() REPRESENTATION_CONTEXT('2D SPACE',''
  ) );
#492 = PCURVE('',#493,#498);
#493 = CYLINDRICAL_SURFACE('',#494,16.5);
#494 = AXIS2_PLACEMENT_3D('',#495,#496,#497);
#495 = CARTESIAN_POINT('',(0.,0.,0.));
#496 = DIRECTION('',(-0.877585088175,0.265934875205,0.398902312807));
#497 = DIRECTION('',(-0.413802944301,1.387778780781E-17,-0.910366477463)
  );
#498 = DEFINITIONAL_REPRESENTATION('',(#499),#503);
#499 = LINE('',#500,#501);
#500 = CARTESIAN_POINT('',(0.,12.990381056767));
#501 = VECTOR('',#502,1.);
#502 = DIRECTION('',(1.,0.));
#503 = ( GEOMETRIC_REPRESENTATION_CONTEXT(2) 
PARAMETRIC_REPRESENTATION_CONTEXT() REPRESENTATION_CONTEXT('2D SPACE',''
  ) );
#504 = ADVANCED_FACE('',(#505),#45,.T.);
#505 = FACE_BOUND('',#506,.T.);
#506 = EDGE_LOOP('',(#507,#537,#565,#593,#621,#644,#665,#666,#667,#697,
    #725,#753,#781,#804,#832,#860,#888,#918,#948));
#507 = ORIENTED_EDGE('',*,*,#508,.F.);
#508 = EDGE_CURVE('',#509,#511,#513,.T.);
#509 = VERTEX_POINT('',#510);
#510 = CARTESIAN_POINT('',(-45.,22.,0.));
#511 = VERTEX_POINT('',#512);
#512 = CARTESIAN_POINT('',(-16.5,22.,0.));
#513 = SURFACE_CURVE('',#514,(#518,#525),.PCURVE_S1.);
#514 = LINE('',#515,#516);
#515 = CARTESIAN_POINT('',(-45.,22.,0.));
#516 = VECTOR('',#517,1.);
#517 = DIRECTION('',(1.,0.,-0.));
#518 = PCURVE('',#45,#519);
#519 = DEFINITIONAL_REPRESENTATION('',(#520),#524);
#520 = LINE('',#521,#522);
#521 = CARTESIAN_POINT('',(0.,44.));
#522 = VECTOR('',#523,1.);
#523 = DIRECTION('',(1.,0.));
#524 = ( GEOMETRIC_REPRESENTATION_CONTEXT(2) 
PARAMETRIC_REPRESENTATION_CONTEXT() REPRESENTATION_CONTEXT('2D SPACE',''
  ) );
#525 = PCURVE('',#526,#531);
#526 = PLANE('',#527);
#527 = AXIS2_PLACEMENT_3D('',#528,#529,#530);
#528 = CARTESIAN_POINT('',(-45.,22.,-34.));
#529 = DIRECTION('',(-0.,1.,0.));
#530 = DIRECTION('',(0.,0.,1.));
#531 = DEFINITIONAL_REPRESENTATION('',(#532),#536);
#532 = LINE('',#533,#534);
#533 = CARTESIAN_POINT('',(34.,0.));
#534 = VECTOR('',#535,1.);
#535 = DIRECTION('',(0.,1.));
#536 = ( GEOMETRIC_REPRESENTATION_CONTEXT(2) 
PARAMETRIC_REPRESENTATION_CONTEXT() REPRESENTATION_CONTEXT('2D SPACE',''
  ) );
#537 = ORIENTED_EDGE('',*,*,#538,.F.);
#538 = EDGE_CURVE('',#539,#509,#541,.T.);
#539 = VERTEX_POINT('',#540);
#540 = CARTESIAN_POINT('',(-45.,-22.,0.));
#541 = SURFACE_CURVE('',#542,(#546,#553),.PCURVE_S1.);
#542 = LINE('',#543,#544);
#543 = CARTESIAN_POINT('',(-45.,-22.,0.));
#544 = VECTOR('',#545,1.);
#545 = DIRECTION('',(-0.,1.,0.));
#546 = PCURVE('',#45,#547);
#547 = DEFINITIONAL_REPRESENTATION('',(#548),#552);
#548 = LINE('',#549,#550);
#549 = CARTESIAN_POINT('',(0.,0.));
#550 = VECTOR('',#551,1.);
#551 = DIRECTION('',(0.,1.));
#552 = ( GEOMETRIC_REPRESENTATION_CONTEXT(2) 
PARAMETRIC_REPRESENTATION_CONTEXT() REPRESENTATION_CONTEXT('2D SPACE',''
  ) );
#553 = PCURVE('',#554,#559);
#554 = PLANE('',#555);
#555 = AXIS2_PLACEMENT_3D('',#556,#557,#558);
#556 = CARTESIAN_POINT('',(-45.,-22.,-34.));
#557 = DIRECTION('',(1.,0.,-0.));
#558 = DIRECTION('',(0.,0.,1.));
#559 = DEFINITIONAL_REPRESENTATION('',(#560),#564);
#560 = LINE('',#561,#562);
#561 = CARTESIAN_POINT('',(34.,0.));
#562 = VECTOR('',#563,1.);
#563 = DIRECTION('',(0.,-1.));
#564 = ( GEOMETRIC_REPRESENTATION_CONTEXT(2) 
PARAMETRIC_REPRESENTATION_CONTEXT() REPRESENTATION_CONTEXT('2D SPACE',''
  ) );
#565 = ORIENTED_EDGE('',*,*,#566,.T.);
#566 = EDGE_CURVE('',#539,#567,#569,.T.);
#567 = VERTEX_POINT('',#568);
#568 = CARTESIAN_POINT('',(45.,-22.,0.));
#569 = SURFACE_CURVE('',#570,(#574,#581),.PCURVE_S1.);
#570 = LINE('',#571,#572);
#571 = CARTESIAN_POINT('',(-45.,-22.,0.));
#572 = VECTOR('',#573,1.);
#573 = DIRECTION('',(1.,0.,-0.));
#574 = PCURVE('',#45,#575);
#575 = DEFINITIONAL_REPRESENTATION('',(#576),#580);
#576 = LINE('',#577,#578);
#577 = CARTESIAN_POINT('',(0.,0.));
#578 = VECTOR('',#579,1.);
#579 = DIRECTION('',(1.,0.));
#580 = ( GEOMETRIC_REPRESENTATION_CONTEXT(2) 
PARAMETRIC_REPRESENTATION_CONTEXT() REPRESENTATION_CONTEXT('2D SPACE',''
  ) );
#581 = PCURVE('',#582,#587);
#582 = PLANE('',#583);
#583 = AXIS2_PLACEMENT_3D('',#584,#585,#586);
#584 = CARTESIAN_POINT('',(-45.,-22.,-34.));
#585 = DIRECTION('',(-0.,1.,0.));
#586 = DIRECTION('',(0.,0.,1.));
#587 = DEFINITIONAL_REPRESENTATION('',(#588),#592);
#588 = LINE('',#589,#590);
#589 = CARTESIAN_POINT('',(34.,0.));
#590 = VECTOR('',#591,1.);
#591 = DIRECTION('',(0.,1.));
#592 = ( GEOMETRIC_REPRESENTATION_CONTEXT(2) 
PARAMETRIC_REPRESENTATION_CONTEXT() REPRESENTATION_CONTEXT('2D SPACE',''
  ) );
#593 = ORIENTED_EDGE('',*,*,#594,.T.);
#594 = EDGE_CURVE('',#567,#595,#597,.T.);
#595 = VERTEX_POINT('',#596);
#596 = CARTESIAN_POINT('',(45.,22.,0.));
#597 = SURFACE_CURVE('',#598,(#602,#609),.PCURVE_S1.);
#598 = LINE('',#599,#600);
#599 = CARTESIAN_POINT('',(45.,-22.,0.));
#600 = VECTOR('',#601,1.);
#601 = DIRECTION('',(-0.,1.,0.));
#602 = PCURVE('',#45,#603);
#603 = DEFINITIONAL_REPRESENTATION('',(#604),#608);
#604 = LINE('',#605,#606);
#605 = CARTESIAN_POINT('',(90.,0.));
#606 = VECTOR('',#607,1.);
#607 = DIRECTION('',(0.,1.));
#608 = ( GEOMETRIC_REPRESENTATION_CONTEXT(2) 
PARAMETRIC_REPRESENTATION_CONTEXT() REPRESENTATION_CONTEXT('2D SPACE',''
  ) );
#609 = PCURVE('',#610,#615);
#610 = PLANE('',#611);
#611 = AXIS2_PLACEMENT_3D('',#612,#613,#614);
#612 = CARTESIAN_POINT('',(45.,-22.,-34.));
#613 = DIRECTION('',(1.,0.,-0.));
#614 = DIRECTION('',(0.,0.,1.));
#615 = DEFINITIONAL_REPRESENTATION('',(#616),#620);
#616 = LINE('',#617,#618);
#617 = CARTESIAN_POINT('',(34.,0.));
#618 = VECTOR('',#619,1.);
#619 = DIRECTION('',(0.,-1.));
#620 = ( GEOMETRIC_REPRESENTATION_CONTEXT(2) 
PARAMETRIC_REPRESENTATION_CONTEXT() REPRESENTATION_CONTEXT('2D SPACE',''
  ) );
#621 = ORIENTED_EDGE('',*,*,#622,.F.);
#622 = EDGE_CURVE('',#623,#595,#625,.T.);
#623 = VERTEX_POINT('',#624);
#624 = CARTESIAN_POINT('',(16.5,22.,0.));
#625 = SURFACE_CURVE('',#626,(#630,#637),.PCURVE_S1.);
#626 = LINE('',#627,#628);
#627 = CARTESIAN_POINT('',(-45.,22.,0.));
#628 = VECTOR('',#629,1.);
#629 = DIRECTION('',(1.,0.,-0.));
#630 = PCURVE('',#45,#631);
#631 = DEFINITIONAL_REPRESENTATION('',(#632),#636);
#632 = LINE('',#633,#634);
#633 = CARTESIAN_POINT('',(0.,44.));
#634 = VECTOR('',#635,1.);
#635 = DIRECTION('',(1.,0.));
#636 = ( GEOMETRIC_REPRESENTATION_CONTEXT(2) 
PARAMETRIC_REPRESENTATION_CONTEXT() REPRESENTATION_CONTEXT('2D SPACE',''
  ) );
#637 = PCURVE('',#526,#638);
#638 = DEFINITIONAL_REPRESENTATION('',(#639),#643);
#639 = LINE('',#640,#641);
#640 = CARTESIAN_POINT('',(34.,0.));
#641 = VECTOR('',#642,1.);
#642 = DIRECTION('',(0.,1.));
#643 = ( GEOMETRIC_REPRESENTATION_CONTEXT(2) 
PARAMETRIC_REPRESENTATION_CONTEXT() REPRESENTATION_CONTEXT('2D SPACE',''
  ) );
#644 = ORIENTED_EDGE('',*,*,#645,.F.);
#645 = EDGE_CURVE('',#83,#623,#646,.T.);
#646 = SURFACE_CURVE('',#647,(#651,#658),.PCURVE_S1.);
#647 = LINE('',#648,#649);
#648 = CARTESIAN_POINT('',(16.5,0.,0.));
#649 = VECTOR('',#650,1.);
#650 = DIRECTION('',(0.,1.,0.));
#651 = PCURVE('',#45,#652);
#652 = DEFINITIONAL_REPRESENTATION('',(#653),#657);
#653 = LINE('',#654,#655);
#654 = CARTESIAN_POINT('',(61.5,22.));
#655 = VECTOR('',#656,1.);
#656 = DIRECTION('',(0.,1.));
#657 = ( GEOMETRIC_REPRESENTATION_CONTEXT(2) 
PARAMETRIC_REPRESENTATION_CONTEXT() REPRESENTATION_CONTEXT('2D SPACE',''
  ) );
#658 = PCURVE('',#227,#659);
#659 = DEFINITIONAL_REPRESENTATION('',(#660),#664);
#660 = LINE('',#661,#662);
#661 = CARTESIAN_POINT('',(1.570796326795,0.));
#662 = VECTOR('',#663,1.);
#663 = DIRECTION('',(0.,1.));
#664 = ( GEOMETRIC_REPRESENTATION_CONTEXT(2) 
PARAMETRIC_REPRESENTATION_CONTEXT() REPRESENTATION_CONTEXT('2D SPACE',''
  ) );
#665 = ORIENTED_EDGE('',*,*,#82,.F.);
#666 = ORIENTED_EDGE('',*,*,#21,.F.);
#667 = ORIENTED_EDGE('',*,*,#668,.F.);
#668 = EDGE_CURVE('',#669,#22,#671,.T.);
#669 = VERTEX_POINT('',#670);
#670 = CARTESIAN_POINT('',(-26.71108189046,-5.999999988131,
    -5.684341886081E-14));
#671 = SURFACE_CURVE('',#672,(#677,#684),.PCURVE_S1.);
#672 = ELLIPSE('',#673,41.363510489319,16.5);
#673 = AXIS2_PLACEMENT_3D('',#674,#675,#676);
#674 = CARTESIAN_POINT('',(0.,0.,0.));
#675 = DIRECTION('',(0.,0.,1.));
#676 = DIRECTION('',(-0.957024404433,0.290007395283,0.));
#677 = PCURVE('',#45,#678);
#678 = DEFINITIONAL_REPRESENTATION('',(#679),#683);
#679 = ELLIPSE('',#680,41.363510489319,16.5);
#680 = AXIS2_PLACEMENT_2D('',#681,#682);
#681 = CARTESIAN_POINT('',(45.,22.));
#682 = DIRECTION('',(-0.957024404433,0.290007395283));
#683 = ( GEOMETRIC_REPRESENTATION_CONTEXT(2) 
PARAMETRIC_REPRESENTATION_CONTEXT() REPRESENTATION_CONTEXT('2D SPACE',''
  ) );
#684 = PCURVE('',#493,#685);
#685 = DEFINITIONAL_REPRESENTATION('',(#686),#696);
#686 = B_SPLINE_CURVE_WITH_KNOTS('',8,(#687,#688,#689,#690,#691,#692,
    #693,#694,#695),.UNSPECIFIED.,.F.,.F.,(9,9),(0.120295839481,
    1.221238509052),.PIECEWISE_BEZIER_KNOTS.);
#687 = CARTESIAN_POINT('',(-3.552713678801E-15,37.655953339649));
#688 = CARTESIAN_POINT('',(0.137617833696,37.029540027158));
#689 = CARTESIAN_POINT('',(0.275235667393,35.588093965926));
#690 = CARTESIAN_POINT('',(0.412853501088,33.349693288736));
#691 = CARTESIAN_POINT('',(0.550471334783,30.36534277632));
#692 = CARTESIAN_POINT('',(0.68808916848,26.717889128078));
#693 = CARTESIAN_POINT('',(0.825707002178,22.517572405504));
#694 = CARTESIAN_POINT('',(0.963324835875,17.894559544777));
#695 = CARTESIAN_POINT('',(1.100942669571,12.990380456767));
#696 = ( GEOMETRIC_REPRESENTATION_CONTEXT(2) 
PARAMETRIC_REPRESENTATION_CONTEXT() REPRESENTATION_CONTEXT('2D SPACE',''
  ) );
#697 = ORIENTED_EDGE('',*,*,#698,.T.);
#698 = EDGE_CURVE('',#669,#699,#701,.T.);
#699 = VERTEX_POINT('',#700);
#700 = CARTESIAN_POINT('',(-29.,-6.,0.));
#701 = SURFACE_CURVE('',#702,(#706,#713),.PCURVE_S1.);
#702 = LINE('',#703,#704);
#703 = CARTESIAN_POINT('',(0.,-6.,0.));
#704 = VECTOR('',#705,1.);
#705 = DIRECTION('',(-1.,0.,0.));
#706 = PCURVE('',#45,#707);
#707 = DEFINITIONAL_REPRESENTATION('',(#708),#712);
#708 = LINE('',#709,#710);
#709 = CARTESIAN_POINT('',(45.,16.));
#710 = VECTOR('',#711,1.);
#711 = DIRECTION('',(-1.,0.));
#712 = ( GEOMETRIC_REPRESENTATION_CONTEXT(2) 
PARAMETRIC_REPRESENTATION_CONTEXT() REPRESENTATION_CONTEXT('2D SPACE',''
  ) );
#713 = PCURVE('',#714,#719);
#714 = CYLINDRICAL_SURFACE('',#715,6.);
#715 = AXIS2_PLACEMENT_3D('',#716,#717,#718);
#716 = CARTESIAN_POINT('',(0.,0.,0.));
#717 = DIRECTION('',(-1.,0.,0.));
#718 = DIRECTION('',(0.,0.,-1.));
#719 = DEFINITIONAL_REPRESENTATION('',(#720),#724);
#720 = LINE('',#721,#722);
#721 = CARTESIAN_POINT('',(1.570796326795,0.));
#722 = VECTOR('',#723,1.);
#723 = DIRECTION('',(0.,1.));
#724 = ( GEOMETRIC_REPRESENTATION_CONTEXT(2) 
PARAMETRIC_REPRESENTATION_CONTEXT() REPRESENTATION_CONTEXT('2D SPACE',''
  ) );
#725 = ORIENTED_EDGE('',*,*,#726,.F.);
#726 = EDGE_CURVE('',#727,#699,#729,.T.);
#727 = VERTEX_POINT('',#728);
#728 = CARTESIAN_POINT('',(-29.,-8.,0.));
#729 = SURFACE_CURVE('',#730,(#734,#741),.PCURVE_S1.);
#730 = LINE('',#731,#732);
#731 = CARTESIAN_POINT('',(-29.,-8.,0.));
#732 = VECTOR('',#733,1.);
#733 = DIRECTION('',(0.,1.,-0.));
#734 = PCURVE('',#45,#735);
#735 = DEFINITIONAL_REPRESENTATION('',(#736),#740);
#736 = LINE('',#737,#738);
#737 = CARTESIAN_POINT('',(16.,14.));
#738 = VECTOR('',#739,1.);
#739 = DIRECTION('',(0.,1.));
#740 = ( GEOMETRIC_REPRESENTATION_CONTEXT(2) 
PARAMETRIC_REPRESENTATION_CONTEXT() REPRESENTATION_CONTEXT('2D SPACE',''
  ) );
#741 = PCURVE('',#742,#747);
#742 = CYLINDRICAL_SURFACE('',#743,3.);
#743 = AXIS2_PLACEMENT_3D('',#744,#745,#746);
#744 = CARTESIAN_POINT('',(-32.,-8.,0.));
#745 = DIRECTION('',(0.,1.,-0.));
#746 = DIRECTION('',(0.,0.,1.));
#747 = DEFINITIONAL_REPRESENTATION('',(#748),#752);
#748 = LINE('',#749,#750);
#749 = CARTESIAN_POINT('',(1.570796326795,0.));
#750 = VECTOR('',#751,1.);
#751 = DIRECTION('',(0.,1.));
#752 = ( GEOMETRIC_REPRESENTATION_CONTEXT(2) 
PARAMETRIC_REPRESENTATION_CONTEXT() REPRESENTATION_CONTEXT('2D SPACE',''
  ) );
#753 = ORIENTED_EDGE('',*,*,#754,.T.);
#754 = EDGE_CURVE('',#727,#755,#757,.T.);
#755 = VERTEX_POINT('',#756);
#756 = CARTESIAN_POINT('',(-35.,-8.,0.));
#757 = SURFACE_CURVE('',#758,(#762,#769),.PCURVE_S1.);
#758 = LINE('',#759,#760);
#759 = CARTESIAN_POINT('',(-38.5,-8.,0.));
#760 = VECTOR('',#761,1.);
#761 = DIRECTION('',(-1.,0.,0.));
#762 = PCURVE('',#45,#763);
#763 = DEFINITIONAL_REPRESENTATION('',(#764),#768);
#764 = LINE('',#765,#766);
#765 = CARTESIAN_POINT('',(6.5,14.));
#766 = VECTOR('',#767,1.);
#767 = DIRECTION('',(-1.,0.));
#768 = ( GEOMETRIC_REPRESENTATION_CONTEXT(2) 
PARAMETRIC_REPRESENTATION_CONTEXT() REPRESENTATION_CONTEXT('2D SPACE',''
  ) );
#769 = PCURVE('',#770,#775);
#770 = PLANE('',#771);
#771 = AXIS2_PLACEMENT_3D('',#772,#773,#774);
#772 = CARTESIAN_POINT('',(-32.,-8.,0.));
#773 = DIRECTION('',(0.,1.,-0.));
#774 = DIRECTION('',(0.,0.,1.));
#775 = DEFINITIONAL_REPRESENTATION('',(#776),#780);
#776 = LINE('',#777,#778);
#777 = CARTESIAN_POINT('',(0.,-6.5));
#778 = VECTOR('',#779,1.);
#779 = DIRECTION('',(0.,-1.));
#780 = ( GEOMETRIC_REPRESENTATION_CONTEXT(2) 
PARAMETRIC_REPRESENTATION_CONTEXT() REPRESENTATION_CONTEXT('2D SPACE',''
  ) );
#781 = ORIENTED_EDGE('',*,*,#782,.T.);
#782 = EDGE_CURVE('',#755,#783,#785,.T.);
#783 = VERTEX_POINT('',#784);
#784 = CARTESIAN_POINT('',(-35.,-6.,0.));
#785 = SURFACE_CURVE('',#786,(#790,#797),.PCURVE_S1.);
#786 = LINE('',#787,#788);
#787 = CARTESIAN_POINT('',(-35.,-8.,0.));
#788 = VECTOR('',#789,1.);
#789 = DIRECTION('',(0.,1.,-0.));
#790 = PCURVE('',#45,#791);
#791 = DEFINITIONAL_REPRESENTATION('',(#792),#796);
#792 = LINE('',#793,#794);
#793 = CARTESIAN_POINT('',(10.,14.));
#794 = VECTOR('',#795,1.);
#795 = DIRECTION('',(0.,1.));
#796 = ( GEOMETRIC_REPRESENTATION_CONTEXT(2) 
PARAMETRIC_REPRESENTATION_CONTEXT() REPRESENTATION_CONTEXT('2D SPACE',''
  ) );
#797 = PCURVE('',#742,#798);
#798 = DEFINITIONAL_REPRESENTATION('',(#799),#803);
#799 = LINE('',#800,#801);
#800 = CARTESIAN_POINT('',(4.712388980385,0.));
#801 = VECTOR('',#802,1.);
#802 = DIRECTION('',(0.,1.));
#803 = ( GEOMETRIC_REPRESENTATION_CONTEXT(2) 
PARAMETRIC_REPRESENTATION_CONTEXT() REPRESENTATION_CONTEXT('2D SPACE',''
  ) );
#804 = ORIENTED_EDGE('',*,*,#805,.T.);
#805 = EDGE_CURVE('',#783,#806,#808,.T.);
#806 = VERTEX_POINT('',#807);
#807 = CARTESIAN_POINT('',(-39.,-6.,0.));
#808 = SURFACE_CURVE('',#809,(#813,#820),.PCURVE_S1.);
#809 = LINE('',#810,#811);
#810 = CARTESIAN_POINT('',(0.,-6.,0.));
#811 = VECTOR('',#812,1.);
#812 = DIRECTION('',(-1.,0.,0.));
#813 = PCURVE('',#45,#814);
#814 = DEFINITIONAL_REPRESENTATION('',(#815),#819);
#815 = LINE('',#816,#817);
#816 = CARTESIAN_POINT('',(45.,16.));
#817 = VECTOR('',#818,1.);
#818 = DIRECTION('',(-1.,0.));
#819 = ( GEOMETRIC_REPRESENTATION_CONTEXT(2) 
PARAMETRIC_REPRESENTATION_CONTEXT() REPRESENTATION_CONTEXT('2D SPACE',''
  ) );
#820 = PCURVE('',#821,#826);
#821 = CYLINDRICAL_SURFACE('',#822,6.);
#822 = AXIS2_PLACEMENT_3D('',#823,#824,#825);
#823 = CARTESIAN_POINT('',(0.,0.,0.));
#824 = DIRECTION('',(-1.,0.,0.));
#825 = DIRECTION('',(0.,0.,-1.));
#826 = DEFINITIONAL_REPRESENTATION('',(#827),#831);
#827 = LINE('',#828,#829);
#828 = CARTESIAN_POINT('',(1.570796326795,0.));
#829 = VECTOR('',#830,1.);
#830 = DIRECTION('',(0.,1.));
#831 = ( GEOMETRIC_REPRESENTATION_CONTEXT(2) 
PARAMETRIC_REPRESENTATION_CONTEXT() REPRESENTATION_CONTEXT('2D SPACE',''
  ) );
#832 = ORIENTED_EDGE('',*,*,#833,.T.);
#833 = EDGE_CURVE('',#806,#834,#836,.T.);
#834 = VERTEX_POINT('',#835);
#835 = CARTESIAN_POINT('',(-39.,6.,0.));
#836 = SURFACE_CURVE('',#837,(#841,#848),.PCURVE_S1.);
#837 = LINE('',#838,#839);
#838 = CARTESIAN_POINT('',(-39.,-11.,0.));
#839 = VECTOR('',#840,1.);
#840 = DIRECTION('',(0.,1.,-0.));
#841 = PCURVE('',#45,#842);
#842 = DEFINITIONAL_REPRESENTATION('',(#843),#847);
#843 = LINE('',#844,#845);
#844 = CARTESIAN_POINT('',(6.,11.));
#845 = VECTOR('',#846,1.);
#846 = DIRECTION('',(0.,1.));
#847 = ( GEOMETRIC_REPRESENTATION_CONTEXT(2) 
PARAMETRIC_REPRESENTATION_CONTEXT() REPRESENTATION_CONTEXT('2D SPACE',''
  ) );
#848 = PCURVE('',#849,#854);
#849 = PLANE('',#850);
#850 = AXIS2_PLACEMENT_3D('',#851,#852,#853);
#851 = CARTESIAN_POINT('',(-39.,0.,0.));
#852 = DIRECTION('',(-1.,0.,0.));
#853 = DIRECTION('',(0.,0.,-1.));
#854 = DEFINITIONAL_REPRESENTATION('',(#855),#859);
#855 = LINE('',#856,#857);
#856 = CARTESIAN_POINT('',(0.,11.));
#857 = VECTOR('',#858,1.);
#858 = DIRECTION('',(0.,-1.));
#859 = ( GEOMETRIC_REPRESENTATION_CONTEXT(2) 
PARAMETRIC_REPRESENTATION_CONTEXT() REPRESENTATION_CONTEXT('2D SPACE',''
  ) );
#860 = ORIENTED_EDGE('',*,*,#861,.F.);
#861 = EDGE_CURVE('',#862,#834,#864,.T.);
#862 = VERTEX_POINT('',#863);
#863 = CARTESIAN_POINT('',(-38.89569725574,6.000000000929,
    5.684341886081E-14));
#864 = SURFACE_CURVE('',#865,(#869,#876),.PCURVE_S1.);
#865 = LINE('',#866,#867);
#866 = CARTESIAN_POINT('',(0.,6.,0.));
#867 = VECTOR('',#868,1.);
#868 = DIRECTION('',(-1.,0.,0.));
#869 = PCURVE('',#45,#870);
#870 = DEFINITIONAL_REPRESENTATION('',(#871),#875);
#871 = LINE('',#872,#873);
#872 = CARTESIAN_POINT('',(45.,28.));
#873 = VECTOR('',#874,1.);
#874 = DIRECTION('',(-1.,0.));
#875 = ( GEOMETRIC_REPRESENTATION_CONTEXT(2) 
PARAMETRIC_REPRESENTATION_CONTEXT() REPRESENTATION_CONTEXT('2D SPACE',''
  ) );
#876 = PCURVE('',#877,#882);
#877 = CYLINDRICAL_SURFACE('',#878,6.);
#878 = AXIS2_PLACEMENT_3D('',#879,#880,#881);
#879 = CARTESIAN_POINT('',(0.,0.,0.));
#880 = DIRECTION('',(-1.,0.,0.));
#881 = DIRECTION('',(0.,0.,-1.));
#882 = DEFINITIONAL_REPRESENTATION('',(#883),#887);
#883 = LINE('',#884,#885);
#884 = CARTESIAN_POINT('',(4.712388980385,0.));
#885 = VECTOR('',#886,1.);
#886 = DIRECTION('',(0.,1.));
#887 = ( GEOMETRIC_REPRESENTATION_CONTEXT(2) 
PARAMETRIC_REPRESENTATION_CONTEXT() REPRESENTATION_CONTEXT('2D SPACE',''
  ) );
#888 = ORIENTED_EDGE('',*,*,#889,.F.);
#889 = EDGE_CURVE('',#890,#862,#892,.T.);
#890 = VERTEX_POINT('',#891);
#891 = CARTESIAN_POINT('',(-39.87405171286,10.014031252089,0.));
#892 = SURFACE_CURVE('',#893,(#898,#905),.PCURVE_S1.);
#893 = ELLIPSE('',#894,41.363510489319,16.5);
#894 = AXIS2_PLACEMENT_3D('',#895,#896,#897);
#895 = CARTESIAN_POINT('',(0.,0.,0.));
#896 = DIRECTION('',(0.,0.,1.));
#897 = DIRECTION('',(-0.957024404433,0.290007395283,0.));
#898 = PCURVE('',#45,#899);
#899 = DEFINITIONAL_REPRESENTATION('',(#900),#904);
#900 = ELLIPSE('',#901,41.363510489319,16.5);
#901 = AXIS2_PLACEMENT_2D('',#902,#903);
#902 = CARTESIAN_POINT('',(45.,22.));
#903 = DIRECTION('',(-0.957024404433,0.290007395283));
#904 = ( GEOMETRIC_REPRESENTATION_CONTEXT(2) 
PARAMETRIC_REPRESENTATION_CONTEXT() REPRESENTATION_CONTEXT('2D SPACE',''
  ) );
#905 = PCURVE('',#493,#906);
#906 = DEFINITIONAL_REPRESENTATION('',(#907),#917);
#907 = B_SPLINE_CURVE_WITH_KNOTS('',8,(#908,#909,#910,#911,#912,#913,
    #914,#915,#916),.UNSPECIFIED.,.F.,.F.,(9,9),(0.120295839481,
    1.221238509052),.PIECEWISE_BEZIER_KNOTS.);
#908 = CARTESIAN_POINT('',(-3.552713678801E-15,37.655953339649));
#909 = CARTESIAN_POINT('',(0.137617833696,37.029540027158));
#910 = CARTESIAN_POINT('',(0.275235667393,35.588093965926));
#911 = CARTESIAN_POINT('',(0.412853501088,33.349693288736));
#912 = CARTESIAN_POINT('',(0.550471334783,30.36534277632));
#913 = CARTESIAN_POINT('',(0.68808916848,26.717889128078));
#914 = CARTESIAN_POINT('',(0.825707002178,22.517572405504));
#915 = CARTESIAN_POINT('',(0.963324835875,17.894559544777));
#916 = CARTESIAN_POINT('',(1.100942669571,12.990380456767));
#917 = ( GEOMETRIC_REPRESENTATION_CONTEXT(2) 
PARAMETRIC_REPRESENTATION_CONTEXT() REPRESENTATION_CONTEXT('2D SPACE',''
  ) );
#918 = ORIENTED_EDGE('',*,*,#919,.F.);
#919 = EDGE_CURVE('',#920,#890,#922,.T.);
#920 = VERTEX_POINT('',#921);
#921 = CARTESIAN_POINT('',(-16.5,19.725979978853,0.));
#922 = SURFACE_CURVE('',#923,(#928,#935),.PCURVE_S1.);
#923 = ELLIPSE('',#924,41.363510489319,16.5);
#924 = AXIS2_PLACEMENT_3D('',#925,#926,#927);
#925 = CARTESIAN_POINT('',(0.,0.,0.));
#926 = DIRECTION('',(0.,0.,1.));
#927 = DIRECTION('',(-0.957024404433,0.290007395283,0.));
#928 = PCURVE('',#45,#929);
#929 = DEFINITIONAL_REPRESENTATION('',(#930),#934);
#930 = ELLIPSE('',#931,41.363510489319,16.5);
#931 = AXIS2_PLACEMENT_2D('',#932,#933);
#932 = CARTESIAN_POINT('',(45.,22.));
#933 = DIRECTION('',(-0.957024404433,0.290007395283));
#934 = ( GEOMETRIC_REPRESENTATION_CONTEXT(2) 
PARAMETRIC_REPRESENTATION_CONTEXT() REPRESENTATION_CONTEXT('2D SPACE',''
  ) );
#935 = PCURVE('',#493,#936);
#936 = DEFINITIONAL_REPRESENTATION('',(#937),#947);
#937 = B_SPLINE_CURVE_WITH_KNOTS('',8,(#938,#939,#940,#941,#942,#943,
    #944,#945,#946),.UNSPECIFIED.,.F.,.F.,(9,9),(5.061946798128,
    6.40348114666),.PIECEWISE_BEZIER_KNOTS.);
#938 = CARTESIAN_POINT('',(4.941650958647,12.990380456767));
#939 = CARTESIAN_POINT('',(5.109342752214,18.966281727341));
#940 = CARTESIAN_POINT('',(5.277034545775,24.524701627692));
#941 = CARTESIAN_POINT('',(5.444726339352,29.409567746305));
#942 = CARTESIAN_POINT('',(5.612418132889,33.389868881204));
#943 = CARTESIAN_POINT('',(5.780109926483,36.282628245579));
#944 = CARTESIAN_POINT('',(5.947801720044,37.972385043991));
#945 = CARTESIAN_POINT('',(6.115493513613,38.419258276692));
#946 = CARTESIAN_POINT('',(6.28318530718,37.655953339649));
#947 = ( GEOMETRIC_REPRESENTATION_CONTEXT(2) 
PARAMETRIC_REPRESENTATION_CONTEXT() REPRESENTATION_CONTEXT('2D SPACE',''
  ) );
#948 = ORIENTED_EDGE('',*,*,#949,.T.);
#949 = EDGE_CURVE('',#920,#511,#950,.T.);
#950 = SURFACE_CURVE('',#951,(#955,#962),.PCURVE_S1.);
#951 = LINE('',#952,#953);
#952 = CARTESIAN_POINT('',(-16.5,0.,0.));
#953 = VECTOR('',#954,1.);
#954 = DIRECTION('',(0.,1.,0.));
#955 = PCURVE('',#45,#956);
#956 = DEFINITIONAL_REPRESENTATION('',(#957),#961);
#957 = LINE('',#958,#959);
#958 = CARTESIAN_POINT('',(28.5,22.));
#959 = VECTOR('',#960,1.);
#960 = DIRECTION('',(0.,1.));
#961 = ( GEOMETRIC_REPRESENTATION_CONTEXT(2) 
PARAMETRIC_REPRESENTATION_CONTEXT() REPRESENTATION_CONTEXT('2D SPACE',''
  ) );
#962 = PCURVE('',#227,#963);
#963 = DEFINITIONAL_REPRESENTATION('',(#964),#968);
#964 = LINE('',#965,#966);
#965 = CARTESIAN_POINT('',(4.712388980385,0.));
#966 = VECTOR('',#967,1.);
#967 = DIRECTION('',(0.,1.));
#968 = ( GEOMETRIC_REPRESENTATION_CONTEXT(2) 
PARAMETRIC_REPRESENTATION_CONTEXT() REPRESENTATION_CONTEXT('2D SPACE',''
  ) );
#969 = ADVANCED_FACE('',(#970,#3401,#3520,#4512,#4707),#493,.T.);
#970 = FACE_BOUND('',#971,.T.);
#971 = EDGE_LOOP('',(#972,#1006,#1007,#1030,#1057,#1058,#1059,#1151,
    #1179,#1379,#1735,#1933,#1934,#1935,#1969,#2288,#2691,#3089));
#972 = ORIENTED_EDGE('',*,*,#973,.F.);
#973 = EDGE_CURVE('',#920,#974,#976,.T.);
#974 = VERTEX_POINT('',#975);
#975 = CARTESIAN_POINT('',(-16.47466720897,20.192359625039,
    0.913969960358));
#976 = SURFACE_CURVE('',#977,(#982,#994),.PCURVE_S1.);
#977 = ELLIPSE('',#978,27.235267573287,16.5);
#978 = AXIS2_PLACEMENT_3D('',#979,#980,#981);
#979 = CARTESIAN_POINT('',(0.,0.,0.));
#980 = DIRECTION('',(0.724280748327,0.60583212394,-0.329218521967));
#981 = DIRECTION('',(-0.551529256605,0.795592507256,0.250695116639));
#982 = PCURVE('',#493,#983);
#983 = DEFINITIONAL_REPRESENTATION('',(#984),#993);
#984 = B_SPLINE_CURVE_WITH_KNOTS('',7,(#985,#986,#987,#988,#989,#990,
    #991,#992),.UNSPECIFIED.,.F.,.F.,(8,8),(5.355283090806,6.28318530718
    ),.PIECEWISE_BEZIER_KNOTS.);
#985 = CARTESIAN_POINT('',(5.640291196758,12.990380456766));
#986 = CARTESIAN_POINT('',(5.507733737276,15.289248678313));
#987 = CARTESIAN_POINT('',(5.375176277795,17.321812927225));
#988 = CARTESIAN_POINT('',(5.242618818311,19.022098673753));
#989 = CARTESIAN_POINT('',(5.110061358833,20.335580273639));
#990 = CARTESIAN_POINT('',(4.977503899348,21.223975522004));
#991 = CARTESIAN_POINT('',(4.844946439867,21.668174814426));
#992 = CARTESIAN_POINT('',(4.712388980385,21.668174814426));
#993 = ( GEOMETRIC_REPRESENTATION_CONTEXT(2) 
PARAMETRIC_REPRESENTATION_CONTEXT() REPRESENTATION_CONTEXT('2D SPACE',''
  ) );
#994 = PCURVE('',#227,#995);
#995 = DEFINITIONAL_REPRESENTATION('',(#996),#1005);
#996 = B_SPLINE_CURVE_WITH_KNOTS('',7,(#997,#998,#999,#1000,#1001,#1002,
    #1003,#1004),.UNSPECIFIED.,.F.,.F.,(8,8),(5.355283090806,
    6.28318530718),.PIECEWISE_BEZIER_KNOTS.);
#997 = CARTESIAN_POINT('',(4.211114257138,12.990380456766));
#998 = CARTESIAN_POINT('',(4.34367171662,15.289248678313));
#999 = CARTESIAN_POINT('',(4.476229176102,17.321812927229));
#1000 = CARTESIAN_POINT('',(4.608786635584,19.02209867374));
#1001 = CARTESIAN_POINT('',(4.741344095067,20.335580273659));
#1002 = CARTESIAN_POINT('',(4.873901554548,21.223975522002));
#1003 = CARTESIAN_POINT('',(5.00645901403,21.668174814426));
#1004 = CARTESIAN_POINT('',(5.139016473512,21.668174814426));
#1005 = ( GEOMETRIC_REPRESENTATION_CONTEXT(2) 
PARAMETRIC_REPRESENTATION_CONTEXT() REPRESENTATION_CONTEXT('2D SPACE',''
  ) );
#1006 = ORIENTED_EDGE('',*,*,#919,.T.);
#1007 = ORIENTED_EDGE('',*,*,#1008,.T.);
#1008 = EDGE_CURVE('',#890,#1009,#1011,.T.);
#1009 = VERTEX_POINT('',#1010);
#1010 = CARTESIAN_POINT('',(-61.23802404782,16.487962262683,
    9.710896515892));
#1011 = SEAM_CURVE('',#1012,(#1016,#1023),.PCURVE_S1.);
#1012 = LINE('',#1013,#1014);
#1013 = CARTESIAN_POINT('',(-6.82774858097,0.,-15.02104687813));
#1014 = VECTOR('',#1015,1.);
#1015 = DIRECTION('',(-0.877585088175,0.265934875205,0.398902312807));
#1016 = PCURVE('',#493,#1017);
#1017 = DEFINITIONAL_REPRESENTATION('',(#1018),#1022);
#1018 = LINE('',#1019,#1020);
#1019 = CARTESIAN_POINT('',(0.,-0.));
#1020 = VECTOR('',#1021,1.);
#1021 = DIRECTION('',(0.,1.));
#1022 = ( GEOMETRIC_REPRESENTATION_CONTEXT(2) 
PARAMETRIC_REPRESENTATION_CONTEXT() REPRESENTATION_CONTEXT('2D SPACE',''
  ) );
#1023 = PCURVE('',#493,#1024);
#1024 = DEFINITIONAL_REPRESENTATION('',(#1025),#1029);
#1025 = LINE('',#1026,#1027);
#1026 = CARTESIAN_POINT('',(6.28318530718,-0.));
#1027 = VECTOR('',#1028,1.);
#1028 = DIRECTION('',(0.,1.));
#1029 = ( GEOMETRIC_REPRESENTATION_CONTEXT(2) 
PARAMETRIC_REPRESENTATION_CONTEXT() REPRESENTATION_CONTEXT('2D SPACE',''
  ) );
#1030 = ORIENTED_EDGE('',*,*,#1031,.F.);
#1031 = EDGE_CURVE('',#1009,#1009,#1032,.T.);
#1032 = SURFACE_CURVE('',#1033,(#1038,#1045),.PCURVE_S1.);
#1033 = CIRCLE('',#1034,16.5);
#1034 = AXIS2_PLACEMENT_3D('',#1035,#1036,#1037);
#1035 = CARTESIAN_POINT('',(-54.41027546685,16.487962262683,
    24.731943394025));
#1036 = DIRECTION('',(-0.877585088175,0.265934875205,0.398902312807));
#1037 = DIRECTION('',(-0.413802944301,2.775557561563E-17,-0.910366477463
    ));
#1038 = PCURVE('',#493,#1039);
#1039 = DEFINITIONAL_REPRESENTATION('',(#1040),#1044);
#1040 = LINE('',#1041,#1042);
#1041 = CARTESIAN_POINT('',(0.,62.));
#1042 = VECTOR('',#1043,1.);
#1043 = DIRECTION('',(1.,0.));
#1044 = ( GEOMETRIC_REPRESENTATION_CONTEXT(2) 
PARAMETRIC_REPRESENTATION_CONTEXT() REPRESENTATION_CONTEXT('2D SPACE',''
  ) );
#1045 = PCURVE('',#1046,#1051);
#1046 = PLANE('',#1047);
#1047 = AXIS2_PLACEMENT_3D('',#1048,#1049,#1050);
#1048 = CARTESIAN_POINT('',(-54.41027546685,16.487962262683,
    24.731943394025));
#1049 = DIRECTION('',(-0.877585088175,0.265934875205,0.398902312807));
#1050 = DIRECTION('',(-0.413802944301,1.387778780781E-17,-0.910366477463
    ));
#1051 = DEFINITIONAL_REPRESENTATION('',(#1052),#1056);
#1052 = CIRCLE('',#1053,16.5);
#1053 = AXIS2_PLACEMENT_2D('',#1054,#1055);
#1054 = CARTESIAN_POINT('',(0.,0.));
#1055 = DIRECTION('',(1.,-2.775557561563E-17));
#1056 = ( GEOMETRIC_REPRESENTATION_CONTEXT(2) 
PARAMETRIC_REPRESENTATION_CONTEXT() REPRESENTATION_CONTEXT('2D SPACE',''
  ) );
#1057 = ORIENTED_EDGE('',*,*,#1008,.F.);
#1058 = ORIENTED_EDGE('',*,*,#889,.T.);
#1059 = ORIENTED_EDGE('',*,*,#1060,.F.);
#1060 = EDGE_CURVE('',#1061,#862,#1063,.T.);
#1061 = VERTEX_POINT('',#1062);
#1062 = CARTESIAN_POINT('',(-39.,5.999745381064,5.527533267241E-02));
#1063 = SURFACE_CURVE('',#1064,(#1091,#1121),.PCURVE_S1.);
#1064 = B_SPLINE_CURVE_WITH_KNOTS('',7,(#1065,#1066,#1067,#1068,#1069,
    #1070,#1071,#1072,#1073,#1074,#1075,#1076,#1077,#1078,#1079,#1080,
    #1081,#1082,#1083,#1084,#1085,#1086,#1087,#1088,#1089,#1090),
  .UNSPECIFIED.,.F.,.F.,(8,6,6,6,8),(0.,0.209379246726,0.507074388315,
    0.806379987032,1.),.UNSPECIFIED.);
#1065 = CARTESIAN_POINT('',(-39.0000006,5.999745378129,
    5.527565122094E-02));
#1066 = CARTESIAN_POINT('',(-38.54597790287,6.001966133445,
    -0.185770200741));
#1067 = CARTESIAN_POINT('',(-38.09101329457,5.992851131578,
    -0.422848832195));
#1068 = CARTESIAN_POINT('',(-37.63601154928,5.973088792531,
    -0.656144167821));
#1069 = CARTESIAN_POINT('',(-37.18140152084,5.943164625201,
    -0.885939545417));
#1070 = CARTESIAN_POINT('',(-36.72726863725,5.903361685957,
    -1.112577216532));
#1071 = CARTESIAN_POINT('',(-36.27348543582,5.853762784855,
    -1.336412096887));
#1072 = CARTESIAN_POINT('',(-35.17484784348,5.70964555119,-1.87247159648
    ));
#1073 = CARTESIAN_POINT('',(-34.53153906168,5.605189096085,
    -2.18146972415));
#1074 = CARTESIAN_POINT('',(-33.8899780566,5.480804637205,
    -2.485372752054));
#1075 = CARTESIAN_POINT('',(-33.2501077137,5.335775717375,
    -2.784541711338));
#1076 = CARTESIAN_POINT('',(-32.61222087498,5.168846315217,
    -3.078934561536));
#1077 = CARTESIAN_POINT('',(-31.97725804876,4.978299951846,
    -3.367925527914));
#1078 = CARTESIAN_POINT('',(-30.71319503044,4.544572931429,
    -3.933779461191));
#1079 = CARTESIAN_POINT('',(-30.08807420649,4.302462122713,
    -4.208809560019));
#1080 = CARTESIAN_POINT('',(-29.46742182819,4.032130280209,
    -4.476467958736));
#1081 = CARTESIAN_POINT('',(-28.84971150078,3.728899511452,
    -4.736185280867));
#1082 = CARTESIAN_POINT('',(-28.23637515223,3.387254454228,
    -4.985178191821));
#1083 = CARTESIAN_POINT('',(-27.63209147187,3.001176003135,
    -5.217852906076));
#1084 = CARTESIAN_POINT('',(-26.66487730946,2.282434372925,
    -5.557698956842));
#1085 = CARTESIAN_POINT('',(-26.29487974897,1.981136338476,
    -5.679186421011));
#1086 = CARTESIAN_POINT('',(-25.93067586411,1.655294761731,
    -5.788399497582));
#1087 = CARTESIAN_POINT('',(-25.57144488195,1.299055448552,
    -5.882611682296));
#1088 = CARTESIAN_POINT('',(-25.22009570418,0.907032743261,
    -5.956209958351));
#1089 = CARTESIAN_POINT('',(-24.88288529591,0.474556049783,-6.));
#1090 = CARTESIAN_POINT('',(-24.57064386322,0.,-6.));
#1091 = PCURVE('',#493,#1092);
#1092 = DEFINITIONAL_REPRESENTATION('',(#1093),#1120);
#1093 = B_SPLINE_CURVE_WITH_KNOTS('',7,(#1094,#1095,#1096,#1097,#1098,
    #1099,#1100,#1101,#1102,#1103,#1104,#1105,#1106,#1107,#1108,#1109,
    #1110,#1111,#1112,#1113,#1114,#1115,#1116,#1117,#1118,#1119),
  .UNSPECIFIED.,.F.,.F.,(8,6,6,6,8),(0.,0.209379246726,0.507074388315,
    0.806379987032,1.),.UNSPECIFIED.);
#1094 = CARTESIAN_POINT('',(0.223940514162,35.843410088885));
#1095 = CARTESIAN_POINT('',(0.215326347181,35.349403368641));
#1096 = CARTESIAN_POINT('',(0.207424096511,34.853138001465));
#1097 = CARTESIAN_POINT('',(0.2001979639,34.355517710587));
#1098 = CARTESIAN_POINT('',(0.193618442526,33.856934941388));
#1099 = CARTESIAN_POINT('',(0.187663836644,33.357403413847));
#1100 = CARTESIAN_POINT('',(0.18232193253,32.856691713968));
#1101 = CARTESIAN_POINT('',(0.170866553891,31.640382572885));
#1102 = CARTESIAN_POINT('',(0.165392670363,30.924785696756));
#1103 = CARTESIAN_POINT('',(0.161164855548,30.207455539292));
#1104 = CARTESIAN_POINT('',(0.158218165611,29.488007430523));
#1105 = CARTESIAN_POINT('',(0.156628885793,28.766381114368));
#1106 = CARTESIAN_POINT('',(0.156515519981,28.043195118301));
#1107 = CARTESIAN_POINT('',(0.159572549699,26.59280867917));
#1108 = CARTESIAN_POINT('',(0.162751143301,25.870116115542));
#1109 = CARTESIAN_POINT('',(0.167717766582,25.146780624315));
#1110 = CARTESIAN_POINT('',(0.174734484953,24.420445775049));
#1111 = CARTESIAN_POINT('',(0.184178725379,23.69201175782));
#1112 = CARTESIAN_POINT('',(0.196532395386,22.966215204552));
#1113 = CARTESIAN_POINT('',(0.222652757109,21.790698637162));
#1114 = CARTESIAN_POINT('',(0.234304328206,21.337407009792));
#1115 = CARTESIAN_POINT('',(0.247634697425,20.887569123501));
#1116 = CARTESIAN_POINT('',(0.263023830176,20.439995454673));
#1117 = CARTESIAN_POINT('',(0.280917193242,19.998045623781));
#1118 = CARTESIAN_POINT('',(0.301823911825,19.5696362135));
#1119 = CARTESIAN_POINT('',(0.326256692138,19.169416784389));
#1120 = ( GEOMETRIC_REPRESENTATION_CONTEXT(2) 
PARAMETRIC_REPRESENTATION_CONTEXT() REPRESENTATION_CONTEXT('2D SPACE',''
  ) );
#1121 = PCURVE('',#877,#1122);
#1122 = DEFINITIONAL_REPRESENTATION('',(#1123),#1150);
#1123 = B_SPLINE_CURVE_WITH_KNOTS('',7,(#1124,#1125,#1126,#1127,#1128,
    #1129,#1130,#1131,#1132,#1133,#1134,#1135,#1136,#1137,#1138,#1139,
    #1140,#1141,#1142,#1143,#1144,#1145,#1146,#1147,#1148,#1149),
  .UNSPECIFIED.,.F.,.F.,(8,6,6,6,8),(0.,0.209379246726,0.507074388315,
    0.806379987032,1.),.UNSPECIFIED.);
#1124 = CARTESIAN_POINT('',(4.703176241527,39.0000006));
#1125 = CARTESIAN_POINT('',(4.743352255136,38.545977902872));
#1126 = CARTESIAN_POINT('',(4.782849699619,38.091013294577));
#1127 = CARTESIAN_POINT('',(4.821806139221,37.636011549285));
#1128 = CARTESIAN_POINT('',(4.860359519524,37.181401520839));
#1129 = CARTESIAN_POINT('',(4.898650524688,36.727268637255));
#1130 = CARTESIAN_POINT('',(4.936823299046,36.27348543582));
#1131 = CARTESIAN_POINT('',(5.029338998036,35.174847843484));
#1132 = CARTESIAN_POINT('',(5.083592820458,34.531539061687));
#1133 = CARTESIAN_POINT('',(5.138149882775,33.889978056606));
#1134 = CARTESIAN_POINT('',(5.193360398573,33.250107713705));
#1135 = CARTESIAN_POINT('',(5.249566596179,32.612220874983));
#1136 = CARTESIAN_POINT('',(5.307113770942,31.977258048764));
#1137 = CARTESIAN_POINT('',(5.425940185192,30.713195030447));
#1138 = CARTESIAN_POINT('',(5.486868472181,30.088074206491));
#1139 = CARTESIAN_POINT('',(5.550029508794,29.46742182819));
#1140 = CARTESIAN_POINT('',(5.616233752314,28.849711500784));
#1141 = CARTESIAN_POINT('',(5.686298880105,28.236375152236));
#1142 = CARTESIAN_POINT('',(5.761046942006,27.632091471879));
#1143 = CARTESIAN_POINT('',(5.893553217457,26.664877309464));
#1144 = CARTESIAN_POINT('',(5.947605550938,26.294879748976));
#1145 = CARTESIAN_POINT('',(6.004712582911,25.930675864114));
#1146 = CARTESIAN_POINT('',(6.065868861975,25.571444881951));
#1147 = CARTESIAN_POINT('',(6.132012997874,25.220095704189));
#1148 = CARTESIAN_POINT('',(6.204092632216,24.882885295914));
#1149 = CARTESIAN_POINT('',(6.28318530718,24.570643863228));
#1150 = ( GEOMETRIC_REPRESENTATION_CONTEXT(2) 
PARAMETRIC_REPRESENTATION_CONTEXT() REPRESENTATION_CONTEXT('2D SPACE',''
  ) );
#1151 = ORIENTED_EDGE('',*,*,#1152,.T.);
#1152 = EDGE_CURVE('',#1061,#1153,#1155,.T.);
#1153 = VERTEX_POINT('',#1154);
#1154 = CARTESIAN_POINT('',(-39.,-2.256570993327,5.559486248933));
#1155 = SURFACE_CURVE('',#1156,(#1161,#1172),.PCURVE_S1.);
#1156 = ELLIPSE('',#1157,18.801595676963,16.5);
#1157 = AXIS2_PLACEMENT_3D('',#1158,#1159,#1160);
#1158 = CARTESIAN_POINT('',(-39.,11.818181818182,17.727272727273));
#1159 = DIRECTION('',(-1.,0.,0.));
#1160 = DIRECTION('',(0.,0.554700196225,0.832050294338));
#1161 = PCURVE('',#493,#1162);
#1162 = DEFINITIONAL_REPRESENTATION('',(#1163),#1171);
#1163 = B_SPLINE_CURVE_WITH_KNOTS('',6,(#1164,#1165,#1166,#1167,#1168,
    #1169,#1170),.UNSPECIFIED.,.F.,.F.,(7,7),(2.763110088581,
    3.563283104842),.PIECEWISE_BEZIER_KNOTS.);
#1164 = CARTESIAN_POINT('',(0.150876765917,36.064201532019));
#1165 = CARTESIAN_POINT('',(0.284238935294,35.620008709247));
#1166 = CARTESIAN_POINT('',(0.417601104671,35.354579801729));
#1167 = CARTESIAN_POINT('',(0.550963274047,35.28213466228));
#1168 = CARTESIAN_POINT('',(0.684325443424,35.407358692823));
#1169 = CARTESIAN_POINT('',(0.817687612801,35.723859912861));
#1170 = CARTESIAN_POINT('',(0.951049782178,36.215887768653));
#1171 = ( GEOMETRIC_REPRESENTATION_CONTEXT(2) 
PARAMETRIC_REPRESENTATION_CONTEXT() REPRESENTATION_CONTEXT('2D SPACE',''
  ) );
#1172 = PCURVE('',#849,#1173);
#1173 = DEFINITIONAL_REPRESENTATION('',(#1174),#1178);
#1174 = ELLIPSE('',#1175,18.801595676963,16.5);
#1175 = AXIS2_PLACEMENT_2D('',#1176,#1177);
#1176 = CARTESIAN_POINT('',(-17.72727272727,-11.81818181818));
#1177 = DIRECTION('',(-0.832050294338,-0.554700196225));
#1178 = ( GEOMETRIC_REPRESENTATION_CONTEXT(2) 
PARAMETRIC_REPRESENTATION_CONTEXT() REPRESENTATION_CONTEXT('2D SPACE',''
  ) );
#1179 = ORIENTED_EDGE('',*,*,#1180,.F.);
#1180 = EDGE_CURVE('',#1181,#1153,#1183,.T.);
#1181 = VERTEX_POINT('',#1182);
#1182 = CARTESIAN_POINT('',(-31.05702281655,-5.281023219199,
    2.847945580855));
#1183 = SURFACE_CURVE('',#1184,(#1247,#1313),.PCURVE_S1.);
#1184 = B_SPLINE_CURVE_WITH_KNOTS('',7,(#1185,#1186,#1187,#1188,#1189,
    #1190,#1191,#1192,#1193,#1194,#1195,#1196,#1197,#1198,#1199,#1200,
    #1201,#1202,#1203,#1204,#1205,#1206,#1207,#1208,#1209,#1210,#1211,
    #1212,#1213,#1214,#1215,#1216,#1217,#1218,#1219,#1220,#1221,#1222,
    #1223,#1224,#1225,#1226,#1227,#1228,#1229,#1230,#1231,#1232,#1233,
    #1234,#1235,#1236,#1237,#1238,#1239,#1240,#1241,#1242,#1243,#1244,
    #1245,#1246),.UNSPECIFIED.,.F.,.F.,(8,6,6,6,6,6,6,6,6,6,8),(0.,
    6.635904239328E-02,9.789232975532E-02,0.119048469274,0.158416184395,
    0.189621149226,0.244331211165,0.314116103679,0.553072761026,
    0.841670870211,1.),.UNSPECIFIED.);
#1185 = CARTESIAN_POINT('',(-24.57064386322,0.,-6.));
#1186 = CARTESIAN_POINT('',(-24.42975852534,-0.214122734589,-6.));
#1187 = CARTESIAN_POINT('',(-24.29338120389,-0.437687329589,
    -5.991085418146));
#1188 = CARTESIAN_POINT('',(-24.16213762587,-0.671642870335,
    -5.971838780985));
#1189 = CARTESIAN_POINT('',(-24.03717801659,-0.916681047491,
    -5.940436085571));
#1190 = CARTESIAN_POINT('',(-23.92017313216,-1.173153312186,
    -5.894608207057));
#1191 = CARTESIAN_POINT('',(-23.81336240985,-1.440922270362,
    -5.831644329053));
#1192 = CARTESIAN_POINT('',(-23.67512486002,-1.851357637833,
    -5.708898126594));
#1193 = CARTESIAN_POINT('',(-23.63350256578,-1.986082106277,
    -5.664742177634));
#1194 = CARTESIAN_POINT('',(-23.59523204273,-2.12288500939,
    -5.615723450798));
#1195 = CARTESIAN_POINT('',(-23.56072519704,-2.261320882028,
    -5.561627213871));
#1196 = CARTESIAN_POINT('',(-23.53036312469,-2.400936713404,
    -5.502273492729));
#1197 = CARTESIAN_POINT('',(-23.5044980845,-2.541274154254,
    -5.437520462551));
#1198 = CARTESIAN_POINT('',(-23.46933767657,-2.776200671338,
    -5.320134335701));
#1199 = CARTESIAN_POINT('',(-23.45740237093,-2.870568425399,
    -5.270564430536));
#1200 = CARTESIAN_POINT('',(-23.4477632771,-2.964687889231,
    -5.218608831263));
#1201 = CARTESIAN_POINT('',(-23.44050590049,-3.05828548643,
    -5.164343015011));
#1202 = CARTESIAN_POINT('',(-23.43568775972,-3.15110150761,
    -5.10786756627));
#1203 = CARTESIAN_POINT('',(-23.43333861743,-3.242890456845,
    -5.049308514844));
#1204 = CARTESIAN_POINT('',(-23.43368790511,-3.501882959947,
    -4.87625525689));
#1205 = CARTESIAN_POINT('',(-23.44247117596,-3.66529999912,
    -4.757463689169));
#1206 = CARTESIAN_POINT('',(-23.45969723707,-3.822563124291,
    -4.633309831235));
#1207 = CARTESIAN_POINT('',(-23.48501641416,-3.972726661206,
    -4.504867734339));
#1208 = CARTESIAN_POINT('',(-23.5178422435,-4.115020567068,
    -4.373402618901));
#1209 = CARTESIAN_POINT('',(-23.55734592451,-4.248854174415,
    -4.24034895367));
#1210 = CARTESIAN_POINT('',(-23.63819407265,-4.472859859978,
    -4.001807126928));
#1211 = CARTESIAN_POINT('',(-23.67755759192,-4.566605894675,
    -3.896031124363));
#1212 = CARTESIAN_POINT('',(-23.72019565113,-4.655234905053,
    -3.790261754333));
#1213 = CARTESIAN_POINT('',(-23.76578386919,-4.738938240782,
    -3.684781145058));
#1214 = CARTESIAN_POINT('',(-23.81401336908,-4.8179126624,-3.57984557303
    ));
#1215 = CARTESIAN_POINT('',(-23.86459012942,-4.892359438957,
    -3.475684609524));
#1216 = CARTESIAN_POINT('',(-24.00953271934,-5.085428264529,
    -3.191592459816));
#1217 = CARTESIAN_POINT('',(-24.10833733638,-5.195286100271,
    -3.013390482746));
#1218 = CARTESIAN_POINT('',(-24.21242078009,-5.293398544855,
    -2.838535215922));
#1219 = CARTESIAN_POINT('',(-24.32081758091,-5.381004388772,
    -2.667381025499));
#1220 = CARTESIAN_POINT('',(-24.43280933313,-5.459228216722,
    -2.500040999613));
#1221 = CARTESIAN_POINT('',(-24.54790982121,-5.529069003315,
    -2.336432184237));
#1222 = CARTESIAN_POINT('',(-24.81628779147,-5.670880008786,
    -1.972092309419));
#1223 = CARTESIAN_POINT('',(-24.9714066838,-5.738167497327,
    -1.773472246982));
#1224 = CARTESIAN_POINT('',(-25.13017575586,-5.794770349518,
    -1.580635419745));
#1225 = CARTESIAN_POINT('',(-25.29185498437,-5.841999336317,
    -1.393509396241));
#1226 = CARTESIAN_POINT('',(-25.45598267378,-5.880965985446,
    -1.211822054411));
#1227 = CARTESIAN_POINT('',(-25.62236273988,-5.912591742324,
    -1.035149110491));
#1228 = CARTESIAN_POINT('',(-26.36867587069,-6.023308790163,
    -0.273359242382));
#1229 = CARTESIAN_POINT('',(-26.97896229869,-6.03243951507,
    0.269360915388));
#1230 = CARTESIAN_POINT('',(-27.604484482,-5.988962452202,0.763600002308
    ));
#1231 = CARTESIAN_POINT('',(-28.23580702323,-5.907996628385,
    1.214451811302));
#1232 = CARTESIAN_POINT('',(-28.86960063944,-5.79885250209,
    1.628490021614));
#1233 = CARTESIAN_POINT('',(-29.5097866948,-5.665881405316,
    2.013586860285));
#1234 = CARTESIAN_POINT('',(-30.95826018422,-5.319591223633,
    2.816129044067));
#1235 = CARTESIAN_POINT('',(-31.76197492339,-5.098157003744,
    3.217101969941));
#1236 = CARTESIAN_POINT('',(-32.57159427168,-4.851511018221,
    3.583091844962));
#1237 = CARTESIAN_POINT('',(-33.38414824645,-4.583451132902,
    3.917418751061));
#1238 = CARTESIAN_POINT('',(-34.19903950283,-4.295629536694,
    4.22303985337));
#1239 = CARTESIAN_POINT('',(-35.01711643463,-3.987930011045,
    4.502095234468));
#1240 = CARTESIAN_POINT('',(-36.28995992623,-3.478246532654,
    4.894252127311));
#1241 = CARTESIAN_POINT('',(-36.74101256745,-3.291647699727,
    5.025089779438));
#1242 = CARTESIAN_POINT('',(-37.19240710245,-3.098764761484,
    5.148058591689));
#1243 = CARTESIAN_POINT('',(-37.64426841022,-2.899242387186,
    5.263215507032));
#1244 = CARTESIAN_POINT('',(-38.09651225454,-2.692661628414,
    5.370431758862));
#1245 = CARTESIAN_POINT('',(-38.54871818626,-2.47858060649,
    5.469373538056));
#1246 = CARTESIAN_POINT('',(-39.0000006,-2.256570698153,5.559486368743)
  );
#1247 = PCURVE('',#493,#1248);
#1248 = DEFINITIONAL_REPRESENTATION('',(#1249),#1312);
#1249 = B_SPLINE_CURVE_WITH_KNOTS('',7,(#1250,#1251,#1252,#1253,#1254,
    #1255,#1256,#1257,#1258,#1259,#1260,#1261,#1262,#1263,#1264,#1265,
    #1266,#1267,#1268,#1269,#1270,#1271,#1272,#1273,#1274,#1275,#1276,
    #1277,#1278,#1279,#1280,#1281,#1282,#1283,#1284,#1285,#1286,#1287,
    #1288,#1289,#1290,#1291,#1292,#1293,#1294,#1295,#1296,#1297,#1298,
    #1299,#1300,#1301,#1302,#1303,#1304,#1305,#1306,#1307,#1308,#1309,
    #1310,#1311),.UNSPECIFIED.,.F.,.F.,(8,6,6,6,6,6,6,6,6,6,8),(0.,
    6.635904239328E-02,9.789232975532E-02,0.119048469274,0.158416184395,
    0.189621149226,0.244331211165,0.314116103679,0.553072761026,
    0.841670870211,1.),.UNSPECIFIED.);
#1250 = CARTESIAN_POINT('',(0.326256692138,19.169416784389));
#1251 = CARTESIAN_POINT('',(0.337280919385,18.988835210018));
#1252 = CARTESIAN_POINT('',(0.349068051764,18.813254930992));
#1253 = CARTESIAN_POINT('',(0.361710493779,18.643538114555));
#1254 = CARTESIAN_POINT('',(0.37530059075,18.481237835593));
#1255 = CARTESIAN_POINT('',(0.389927872674,18.328632020796));
#1256 = CARTESIAN_POINT('',(0.405672725029,18.188803855724));
#1257 = CARTESIAN_POINT('',(0.430638522965,18.00730330919));
#1258 = CARTESIAN_POINT('',(0.438956076314,17.952562179887));
#1259 = CARTESIAN_POINT('',(0.447535212389,17.902149560086));
#1260 = CARTESIAN_POINT('',(0.456360758607,17.856631054371));
#1261 = CARTESIAN_POINT('',(0.465416306184,17.816533370381));
#1262 = CARTESIAN_POINT('',(0.474684212315,17.782344110486));
#1263 = CARTESIAN_POINT('',(0.490493386051,17.735838304275));
#1264 = CARTESIAN_POINT('',(0.496922993294,17.720041930944));
#1265 = CARTESIAN_POINT('',(0.503418542985,17.707278366781));
#1266 = CARTESIAN_POINT('',(0.509964084932,17.697665295568));
#1267 = CARTESIAN_POINT('',(0.516543579627,17.691282137186));
#1268 = CARTESIAN_POINT('',(0.523140878041,17.688170023229));
#1269 = CARTESIAN_POINT('',(0.542018907563,17.688632758734));
#1270 = CARTESIAN_POINT('',(0.554253213138,17.700268767446));
#1271 = CARTESIAN_POINT('',(0.56636054791,17.723089613306));
#1272 = CARTESIAN_POINT('',(0.578260055794,17.756611473633));
#1273 = CARTESIAN_POINT('',(0.589872658078,17.800019758471));
#1274 = CARTESIAN_POINT('',(0.601121629894,17.852171990971));
#1275 = CARTESIAN_POINT('',(0.620503012912,17.958707082538));
#1276 = CARTESIAN_POINT('',(0.628821781046,18.010515872093));
#1277 = CARTESIAN_POINT('',(0.636888777057,18.066556498559));
#1278 = CARTESIAN_POINT('',(0.644704202768,18.126380861779));
#1279 = CARTESIAN_POINT('',(0.652269210159,18.189563341114));
#1280 = CARTESIAN_POINT('',(0.659585932444,18.255700806815));
#1281 = CARTESIAN_POINT('',(0.679055757843,18.444881543899));
#1282 = CARTESIAN_POINT('',(0.690720763523,18.573461153417));
#1283 = CARTESIAN_POINT('',(0.701696819295,18.708461881179));
#1284 = CARTESIAN_POINT('',(0.712032254607,18.848565650426));
#1285 = CARTESIAN_POINT('',(0.721777669951,18.992797821603));
#1286 = CARTESIAN_POINT('',(0.730984165573,19.140499127563));
#1287 = CARTESIAN_POINT('',(0.750820971682,19.483647158925));
#1288 = CARTESIAN_POINT('',(0.761149123229,19.681113098139));
#1289 = CARTESIAN_POINT('',(0.770752615628,19.882316852183));
#1290 = CARTESIAN_POINT('',(0.779696508381,20.08628930105));
#1291 = CARTESIAN_POINT('',(0.788043215134,20.292438223721));
#1292 = CARTESIAN_POINT('',(0.795851389103,20.500515742928));
#1293 = CARTESIAN_POINT('',(0.828251580221,21.429905233597));
#1294 = CARTESIAN_POINT('',(0.847887274849,22.179547650278));
#1295 = CARTESIAN_POINT('',(0.863144715667,22.937211772816));
#1296 = CARTESIAN_POINT('',(0.874915751648,23.692628486417));
#1297 = CARTESIAN_POINT('',(0.883893675151,24.443022342281));
#1298 = CARTESIAN_POINT('',(0.890567186876,25.193817749749));
#1299 = CARTESIAN_POINT('',(0.900759139462,26.877203054163));
#1300 = CARTESIAN_POINT('',(0.903250640265,27.801367233546));
#1301 = CARTESIAN_POINT('',(0.903107764705,28.723463077696));
#1302 = CARTESIAN_POINT('',(0.900656174914,29.641198577513));
#1303 = CARTESIAN_POINT('',(0.896102955582,30.554789757419));
#1304 = CARTESIAN_POINT('',(0.889536404369,31.465865745622));
#1305 = CARTESIAN_POINT('',(0.876202474662,32.874869117188));
#1306 = CARTESIAN_POINT('',(0.870874394241,33.372520768491));
#1307 = CARTESIAN_POINT('',(0.864940787851,33.869004725009));
#1308 = CARTESIAN_POINT('',(0.858389476365,34.364547788201));
#1309 = CARTESIAN_POINT('',(0.851199016331,34.859136081326));
#1310 = CARTESIAN_POINT('',(0.843340323307,35.352384978191));
#1311 = CARTESIAN_POINT('',(0.834778147689,35.843410088885));
#1312 = ( GEOMETRIC_REPRESENTATION_CONTEXT(2) 
PARAMETRIC_REPRESENTATION_CONTEXT() REPRESENTATION_CONTEXT('2D SPACE',''
  ) );
#1313 = PCURVE('',#821,#1314);
#1314 = DEFINITIONAL_REPRESENTATION('',(#1315),#1378);
#1315 = B_SPLINE_CURVE_WITH_KNOTS('',7,(#1316,#1317,#1318,#1319,#1320,
    #1321,#1322,#1323,#1324,#1325,#1326,#1327,#1328,#1329,#1330,#1331,
    #1332,#1333,#1334,#1335,#1336,#1337,#1338,#1339,#1340,#1341,#1342,
    #1343,#1344,#1345,#1346,#1347,#1348,#1349,#1350,#1351,#1352,#1353,
    #1354,#1355,#1356,#1357,#1358,#1359,#1360,#1361,#1362,#1363,#1364,
    #1365,#1366,#1367,#1368,#1369,#1370,#1371,#1372,#1373,#1374,#1375,
    #1376,#1377),.UNSPECIFIED.,.F.,.F.,(8,6,6,6,6,6,6,6,6,6,8),(0.,
    6.635904239328E-02,9.789232975532E-02,0.119048469274,0.158416184395,
    0.189621149226,0.244331211165,0.314116103679,0.553072761026,
    0.841670870211,1.),.UNSPECIFIED.);
#1316 = CARTESIAN_POINT('',(0.,24.570643863228));
#1317 = CARTESIAN_POINT('',(3.568712243146E-02,24.429758525345));
#1318 = CARTESIAN_POINT('',(7.294791772431E-02,24.29338120389));
#1319 = CARTESIAN_POINT('',(0.11201463801,24.162137625877));
#1320 = CARTESIAN_POINT('',(0.153106658644,24.037178016598));
#1321 = CARTESIAN_POINT('',(0.196433344616,23.920173132164));
#1322 = CARTESIAN_POINT('',(0.24219720286,23.813362409856));
#1323 = CARTESIAN_POINT('',(0.313596670079,23.675124860027));
#1324 = CARTESIAN_POINT('',(0.337217959627,23.633502565783));
#1325 = CARTESIAN_POINT('',(0.361423166729,23.595232042738));
#1326 = CARTESIAN_POINT('',(0.386176210364,23.56072519704));
#1327 = CARTESIAN_POINT('',(0.411442676859,23.530363124698));
#1328 = CARTESIAN_POINT('',(0.437189545875,23.504498084508));
#1329 = CARTESIAN_POINT('',(0.480959770155,23.46933767657));
#1330 = CARTESIAN_POINT('',(0.498721915651,23.457402370937));
#1331 = CARTESIAN_POINT('',(0.516633627392,23.447763277107));
#1332 = CARTESIAN_POINT('',(0.53465822618,23.440505900499));
#1333 = CARTESIAN_POINT('',(0.552759620796,23.435687759729));
#1334 = CARTESIAN_POINT('',(0.570901849667,23.433338617435));
#1335 = CARTESIAN_POINT('',(0.622816455499,23.433687905116));
#1336 = CARTESIAN_POINT('',(0.656462028555,23.442471175967));
#1337 = CARTESIAN_POINT('',(0.689814157812,23.459697237071));
#1338 = CARTESIAN_POINT('',(0.72270334144,23.485016414166));
#1339 = CARTESIAN_POINT('',(0.754956097668,23.517842243504));
#1340 = CARTESIAN_POINT('',(0.786390668611,23.557345924512));
#1341 = CARTESIAN_POINT('',(0.840929327242,23.638194072651));
#1342 = CARTESIAN_POINT('',(0.864476158501,23.677557591922));
#1343 = CARTESIAN_POINT('',(0.887461270384,23.720195651132));
#1344 = CARTESIAN_POINT('',(0.909890287994,23.765783869191));
#1345 = CARTESIAN_POINT('',(0.931768375815,23.814013369083));
#1346 = CARTESIAN_POINT('',(0.953100838658,23.864590129429));
#1347 = CARTESIAN_POINT('',(1.010348817985,24.009532719342));
#1348 = CARTESIAN_POINT('',(1.045205196635,24.10833733638));
#1349 = CARTESIAN_POINT('',(1.078578267193,24.21242078009));
#1350 = CARTESIAN_POINT('',(1.110584514009,24.320817580916));
#1351 = CARTESIAN_POINT('',(1.14134282447,24.432809333139));
#1352 = CARTESIAN_POINT('',(1.17097581632,24.547909821216));
#1353 = CARTESIAN_POINT('',(1.236136708147,24.816287791473));
#1354 = CARTESIAN_POINT('',(1.27105374187,24.971406683806));
#1355 = CARTESIAN_POINT('',(1.304505226457,25.13017575586));
#1356 = CARTESIAN_POINT('',(1.336631439028,25.291854984378));
#1357 = CARTESIAN_POINT('',(1.367572253131,25.455982673786));
#1358 = CARTESIAN_POINT('',(1.397469418362,25.622362739882));
#1359 = CARTESIAN_POINT('',(1.525768338838,26.368675870691));
#1360 = CARTESIAN_POINT('',(1.615501043946,26.978962298692));
#1361 = CARTESIAN_POINT('',(1.697569402618,27.604484482004));
#1362 = CARTESIAN_POINT('',(1.773418055784,28.235807023228));
#1363 = CARTESIAN_POINT('',(1.844457347922,28.869600639448));
#1364 = CARTESIAN_POINT('',(1.912167636224,29.509786694807));
#1365 = CARTESIAN_POINT('',(2.057845252772,30.958260184223));
#1366 = CARTESIAN_POINT('',(2.13382706659,31.761974923399));
#1367 = CARTESIAN_POINT('',(2.206946361785,32.571594271689));
#1368 = CARTESIAN_POINT('',(2.277943186243,33.384148246458));
#1369 = CARTESIAN_POINT('',(2.347565425437,34.199039502836));
#1370 = CARTESIAN_POINT('',(2.416571513097,35.017116434637));
#1371 = CARTESIAN_POINT('',(2.523753118684,36.289959926236));
#1372 = CARTESIAN_POINT('',(2.561698911596,36.741012567459));
#1373 = CARTESIAN_POINT('',(2.599764409198,37.192407102457));
#1374 = CARTESIAN_POINT('',(2.638091382165,37.64426841022));
#1375 = CARTESIAN_POINT('',(2.676818242898,38.096512254542));
#1376 = CARTESIAN_POINT('',(2.71608074407,38.548718186262));
#1377 = CARTESIAN_POINT('',(2.756014272747,39.0000006));
#1378 = ( GEOMETRIC_REPRESENTATION_CONTEXT(2) 
PARAMETRIC_REPRESENTATION_CONTEXT() REPRESENTATION_CONTEXT('2D SPACE',''
  ) );
#1379 = ORIENTED_EDGE('',*,*,#1380,.T.);
#1380 = EDGE_CURVE('',#1181,#1381,#1383,.T.);
#1381 = VERTEX_POINT('',#1382);
#1382 = CARTESIAN_POINT('',(-30.18024152329,-5.505589969721,
    2.385053267005));
#1383 = SURFACE_CURVE('',#1384,(#1499,#1617),.PCURVE_S1.);
#1384 = B_SPLINE_CURVE_WITH_KNOTS('',8,(#1385,#1386,#1387,#1388,#1389,
    #1390,#1391,#1392,#1393,#1394,#1395,#1396,#1397,#1398,#1399,#1400,
    #1401,#1402,#1403,#1404,#1405,#1406,#1407,#1408,#1409,#1410,#1411,
    #1412,#1413,#1414,#1415,#1416,#1417,#1418,#1419,#1420,#1421,#1422,
    #1423,#1424,#1425,#1426,#1427,#1428,#1429,#1430,#1431,#1432,#1433,
    #1434,#1435,#1436,#1437,#1438,#1439,#1440,#1441,#1442,#1443,#1444,
    #1445,#1446,#1447,#1448,#1449,#1450,#1451,#1452,#1453,#1454,#1455,
    #1456,#1457,#1458,#1459,#1460,#1461,#1462,#1463,#1464,#1465,#1466,
    #1467,#1468,#1469,#1470,#1471,#1472,#1473,#1474,#1475,#1476,#1477,
    #1478,#1479,#1480,#1481,#1482,#1483,#1484,#1485,#1486,#1487,#1488,
    #1489,#1490,#1491,#1492,#1493,#1494,#1495,#1496,#1497,#1498),
  .UNSPECIFIED.,.T.,.F.,(9,7,7,7,7,7,7,7,7,7,7,7,7,7,7,7,9),(0.,
    7.303340152676E-02,9.995297483049E-02,0.140908728719,0.176085145474,
    0.21361486657,0.342930405442,0.406357649807,0.500181501192,
    0.552304799253,0.579069384464,0.608457139331,0.68818020862,
    0.809791219234,0.87252810311,0.936747057623,1.),.UNSPECIFIED.);
#1385 = CARTESIAN_POINT('',(-32.,-4.815292100434,3.));
#1386 = CARTESIAN_POINT('',(-31.77425025756,-4.952065797208,3.));
#1387 = CARTESIAN_POINT('',(-31.54427969654,-5.077093242917,
    2.980585486539));
#1388 = CARTESIAN_POINT('',(-31.3112914884,-5.189649604813,
    2.940486347799));
#1389 = CARTESIAN_POINT('',(-31.07683644255,-5.288583968098,
    2.878273787003));
#1390 = CARTESIAN_POINT('',(-30.84293552057,-5.37226750541,
    2.792442671266));
#1391 = CARTESIAN_POINT('',(-30.61218444972,-5.438507738204,
    2.681539169088));
#1392 = CARTESIAN_POINT('',(-30.38782779076,-5.484421261102,
    2.544343407478));
#1393 = CARTESIAN_POINT('',(-30.09489699556,-5.514305903386,
    2.319584192416));
#1394 = CARTESIAN_POINT('',(-30.01734840116,-5.519089165542,
    2.25533499389));
#1395 = CARTESIAN_POINT('',(-29.94145594438,-5.520399758656,
    2.187408308078));
#1396 = CARTESIAN_POINT('',(-29.86752069769,-5.51804015332,
    2.115871406907));
#1397 = CARTESIAN_POINT('',(-29.79583097397,-5.511822476716,
    2.040817760623));
#1398 = CARTESIAN_POINT('',(-29.7266604069,-5.501568370459,
    1.962364988173));
#1399 = CARTESIAN_POINT('',(-29.66026603121,-5.487108848445,
    1.880652807586));
#1400 = CARTESIAN_POINT('',(-29.50045979428,-5.439644045319,
    1.666807288882));
#1401 = CARTESIAN_POINT('',(-29.41099468667,-5.400894969481,
    1.530576871701));
#1402 = CARTESIAN_POINT('',(-29.32991002675,-5.351639662153,
    1.388471958622));
#1403 = CARTESIAN_POINT('',(-29.25819671547,-5.291837118113,
    1.242034800666));
#1404 = CARTESIAN_POINT('',(-29.19642543556,-5.22180481286,1.09293896865
    ));
#1405 = CARTESIAN_POINT('',(-29.14476459593,-5.142230247053,
    0.942919562218));
#1406 = CARTESIAN_POINT('',(-29.10300835345,-5.054191814461,0.7937223353
    ));
#1407 = CARTESIAN_POINT('',(-29.0427921931,-4.877592184504,0.52111525965
    ));
#1408 = CARTESIAN_POINT('',(-29.02191216823,-4.790963176507,
    0.39720033822));
#1409 = CARTESIAN_POINT('',(-29.00745289034,-4.699844616799,
    0.275748636862));
#1410 = CARTESIAN_POINT('',(-28.998895676,-4.604787134025,0.157125041518
    ));
#1411 = CARTESIAN_POINT('',(-28.99572483023,-4.506353539075,
    4.164424140481E-02));
#1412 = CARTESIAN_POINT('',(-28.99742757133,-4.40512302604,
    -7.042269050385E-02));
#1413 = CARTESIAN_POINT('',(-29.00349395572,-4.301695373154,
    -0.178841716989));
#1414 = CARTESIAN_POINT('',(-29.02400348901,-4.084670392856,
    -0.394972369708));
#1415 = CARTESIAN_POINT('',(-29.03901094064,-3.970525692862,
    -0.502480002411));
#1416 = CARTESIAN_POINT('',(-29.05790079097,-3.854657312172,
    -0.605981955651));
#1417 = CARTESIAN_POINT('',(-29.08020509328,-3.737399536828,
    -0.705568073112));
#1418 = CARTESIAN_POINT('',(-29.10551994594,-3.619025590032,
    -0.801359131395));
#1419 = CARTESIAN_POINT('',(-29.13350002719,-3.499748928745,
    -0.89349878886));
#1420 = CARTESIAN_POINT('',(-29.16385403939,-3.379724917395,
    -0.98214659265));
#1421 = CARTESIAN_POINT('',(-29.30828106221,-2.843255231902,
    -1.361476539149));
#1422 = CARTESIAN_POINT('',(-29.4466849492,-2.415530543549,
    -1.619029067145));
#1423 = CARTESIAN_POINT('',(-29.60151074264,-1.983699786479,
    -1.842808518285));
#1424 = CARTESIAN_POINT('',(-29.76646260121,-1.552545012834,
    -2.036733342214));
#1425 = CARTESIAN_POINT('',(-29.93777379645,-1.12420837579,
    -2.20480950161));
#1426 = CARTESIAN_POINT('',(-30.11379777857,-0.698288359872,
    -2.350754315012));
#1427 = CARTESIAN_POINT('',(-30.29460037523,-0.271962373781,
    -2.477627929109));
#1428 = CARTESIAN_POINT('',(-30.57337015116,0.370579196921,
    -2.641219611821));
#1429 = CARTESIAN_POINT('',(-30.66599573783,0.581766071179,-2.6905780278
    ));
#1430 = CARTESIAN_POINT('',(-30.75940859628,0.792634852515,
    -2.735648039615));
#1431 = CARTESIAN_POINT('',(-30.85355249994,1.003158303045,
    -2.776595090753));
#1432 = CARTESIAN_POINT('',(-30.94840347082,1.213316905982,
    -2.813556710842));
#1433 = CARTESIAN_POINT('',(-31.04396076813,1.423072676128,
    -2.846638842944));
#1434 = CARTESIAN_POINT('',(-31.14024194398,1.63234104496,
    -2.875914392133));
#1435 = CARTESIAN_POINT('',(-31.3808270422,2.149558663302,
    -2.939158714019));
#1436 = CARTESIAN_POINT('',(-31.5213114104,2.446589660116,
    -2.967412085552));
#1437 = CARTESIAN_POINT('',(-31.66220116369,2.739289394446,
    -2.988191097048));
#1438 = CARTESIAN_POINT('',(-31.8067341524,3.033435163862,
    -3.002001856044));
#1439 = CARTESIAN_POINT('',(-31.95739997096,3.331745631022,
    -3.008245360351));
#1440 = CARTESIAN_POINT('',(-32.11476257024,3.631444681679,-3.0053394011
    ));
#1441 = CARTESIAN_POINT('',(-32.27794053665,3.922692001263,
    -2.991908145571));
#1442 = CARTESIAN_POINT('',(-32.53883870429,4.339270117057,
    -2.952715811817));
#1443 = CARTESIAN_POINT('',(-32.62777105031,4.471796412949,
    -2.935936684388));
#1444 = CARTESIAN_POINT('',(-32.7211089047,4.601665074447,
    -2.915554085255));
#1445 = CARTESIAN_POINT('',(-32.82471005851,4.733379354806,
    -2.889367440008));
#1446 = CARTESIAN_POINT('',(-32.94125194547,4.861809144317,
    -2.854942627008));
#1447 = CARTESIAN_POINT('',(-33.07099155702,4.97237667971,
    -2.809203721258));
#1448 = CARTESIAN_POINT('',(-33.21528923474,5.041822084399,
    -2.748844939918));
#1449 = CARTESIAN_POINT('',(-33.45984321123,5.038243238715,
    -2.622513868575));
#1450 = CARTESIAN_POINT('',(-33.53803632477,5.01823159872,
    -2.578381694597));
#1451 = CARTESIAN_POINT('',(-33.61182390711,4.98269205079,
    -2.533298502988));
#1452 = CARTESIAN_POINT('',(-33.68132608473,4.934848001611,
    -2.487624397716));
#1453 = CARTESIAN_POINT('',(-33.74648603643,4.877851701529,
    -2.441821861385));
#1454 = CARTESIAN_POINT('',(-33.80713025276,4.814762540598,
    -2.396486671523));
#1455 = CARTESIAN_POINT('',(-33.86301403778,4.74852867994,
    -2.352347113982));
#1456 = CARTESIAN_POINT('',(-33.96967306989,4.608892206484,
    -2.263988164022));
#1457 = CARTESIAN_POINT('',(-34.02224805827,4.531708320286,
    -2.217834858143));
#1458 = CARTESIAN_POINT('',(-34.0717318785,4.451969059694,
    -2.171962287407));
#1459 = CARTESIAN_POINT('',(-34.11833321895,4.370804229896,
    -2.126497426287));
#1460 = CARTESIAN_POINT('',(-34.16234416852,4.288867361833,
    -2.081445903619));
#1461 = CARTESIAN_POINT('',(-34.20414685095,4.206313407424,
    -2.036651305505));
#1462 = CARTESIAN_POINT('',(-34.24419732088,4.122811509564,
    -1.991771389693));
#1463 = CARTESIAN_POINT('',(-34.38821456603,3.806411751994,
    -1.822838377449));
#1464 = CARTESIAN_POINT('',(-34.48325152456,3.564596145908,
    -1.695910896819));
#1465 = CARTESIAN_POINT('',(-34.56808389605,3.319392240928,
    -1.56682336207));
#1466 = CARTESIAN_POINT('',(-34.64330239751,3.074479525025,
    -1.436408188459));
#1467 = CARTESIAN_POINT('',(-34.70983995053,2.830682396404,
    -1.304745995507));
#1468 = CARTESIAN_POINT('',(-34.76856454757,2.587065974785,
    -1.171083830205));
#1469 = CARTESIAN_POINT('',(-34.81998536744,2.341816373853,
    -1.03424186453));
#1470 = CARTESIAN_POINT('',(-34.93138399274,1.712589372836,
    -0.676844525864));
#1471 = CARTESIAN_POINT('',(-34.98040457801,1.330528321373,
    -0.454115420802));
#1472 = CARTESIAN_POINT('',(-35.01053106088,0.948650817026,
    -0.225428871291));
#1473 = CARTESIAN_POINT('',(-35.02091189569,0.56798660677,
    8.311981305837E-03));
#1474 = CARTESIAN_POINT('',(-35.01044918557,0.189234145823,
    0.246071544946));
#1475 = CARTESIAN_POINT('',(-34.97779393556,-0.186989755539,
    0.486575853613));
#1476 = CARTESIAN_POINT('',(-34.92135474518,-0.560118748795,
    0.728178197061));
#1477 = CARTESIAN_POINT('',(-34.79699416709,-1.12002397946,
    1.092705102142));
#1478 = CARTESIAN_POINT('',(-34.74788932902,-1.309430952039,
    1.216370895814));
#1479 = CARTESIAN_POINT('',(-34.69181187124,-1.497420768199,
    1.33921852124));
#1480 = CARTESIAN_POINT('',(-34.62859107688,-1.683732724927,
    1.460793241821));
#1481 = CARTESIAN_POINT('',(-34.55807704025,-1.868120361342,
    1.580611513333));
#1482 = CARTESIAN_POINT('',(-34.48014228541,-2.050348033628,
    1.698157973027));
#1483 = CARTESIAN_POINT('',(-34.39468338477,-2.23018748997,
    1.812882428729));
#1484 = CARTESIAN_POINT('',(-34.20636334005,-2.588828138553,
    2.038140913713));
#1485 = CARTESIAN_POINT('',(-34.10314016805,-2.767501948745,
    2.148509944715));
#1486 = CARTESIAN_POINT('',(-33.99196968999,-2.943005688076,
    2.254554523832));
#1487 = CARTESIAN_POINT('',(-33.87293472134,-3.114945447707,
    2.355512129109));
#1488 = CARTESIAN_POINT('',(-33.74618717975,-3.282953251544,
    2.450609067658));
#1489 = CARTESIAN_POINT('',(-33.61195100013,-3.446676709829,
    2.539062409574));
#1490 = CARTESIAN_POINT('',(-33.47052504967,-3.605768672735,
    2.620081921853));
#1491 = CARTESIAN_POINT('',(-33.17627691789,-3.911666925977,
    2.764567139669));
#1492 = CARTESIAN_POINT('',(-33.02376477998,-4.058510720209,
    2.828226183903));
#1493 = CARTESIAN_POINT('',(-32.86514169635,-4.200068041678,
    2.883102574612));
#1494 = CARTESIAN_POINT('',(-32.70087682364,-4.335991968088,
    2.928451518649));
#1495 = CARTESIAN_POINT('',(-32.53152643462,-4.46591398883,2.96353319822
    ));
#1496 = CARTESIAN_POINT('',(-32.35774243773,-4.589427154165,
    2.987618890676));
#1497 = CARTESIAN_POINT('',(-32.18027938952,-4.706067264598,3.));
#1498 = CARTESIAN_POINT('',(-32.,-4.815292100434,3.));
#1499 = PCURVE('',#493,#1500);
#1500 = DEFINITIONAL_REPRESENTATION('',(#1501),#1616);
#1501 = B_SPLINE_CURVE_WITH_KNOTS('',8,(#1502,#1503,#1504,#1505,#1506,
    #1507,#1508,#1509,#1510,#1511,#1512,#1513,#1514,#1515,#1516,#1517,
    #1518,#1519,#1520,#1521,#1522,#1523,#1524,#1525,#1526,#1527,#1528,
    #1529,#1530,#1531,#1532,#1533,#1534,#1535,#1536,#1537,#1538,#1539,
    #1540,#1541,#1542,#1543,#1544,#1545,#1546,#1547,#1548,#1549,#1550,
    #1551,#1552,#1553,#1554,#1555,#1556,#1557,#1558,#1559,#1560,#1561,
    #1562,#1563,#1564,#1565,#1566,#1567,#1568,#1569,#1570,#1571,#1572,
    #1573,#1574,#1575,#1576,#1577,#1578,#1579,#1580,#1581,#1582,#1583,
    #1584,#1585,#1586,#1587,#1588,#1589,#1590,#1591,#1592,#1593,#1594,
    #1595,#1596,#1597,#1598,#1599,#1600,#1601,#1602,#1603,#1604,#1605,
    #1606,#1607,#1608,#1609,#1610,#1611,#1612,#1613,#1614,#1615),
  .UNSPECIFIED.,.T.,.F.,(9,7,7,7,7,7,7,7,7,7,7,7,7,7,7,7,9),(0.,
    7.303340152676E-02,9.995297483049E-02,0.140908728719,0.176085145474,
    0.21361486657,0.342930405442,0.406357649807,0.500181501192,
    0.552304799253,0.579069384464,0.608457139331,0.68818020862,
    0.809791219234,0.87252810311,0.936747057623,1.),.UNSPECIFIED.);
#1502 = CARTESIAN_POINT('',(0.880188634967,27.998875656221));
#1503 = CARTESIAN_POINT('',(0.887533129602,27.764388152615));
#1504 = CARTESIAN_POINT('',(0.893574422195,27.52157576505));
#1505 = CARTESIAN_POINT('',(0.898214686337,27.271180486627));
#1506 = CARTESIAN_POINT('',(0.901328536587,27.014299402603));
#1507 = CARTESIAN_POINT('',(0.902763992578,26.752538839736));
#1508 = CARTESIAN_POINT('',(0.90234511392,26.488179889318));
#1509 = CARTESIAN_POINT('',(0.899875595504,26.224350117381));
#1510 = CARTESIAN_POINT('',(0.893398070296,25.869674080322));
#1511 = CARTESIAN_POINT('',(0.891344742841,25.774717400157));
#1512 = CARTESIAN_POINT('',(0.888973644163,25.680670667292));
#1513 = CARTESIAN_POINT('',(0.886277587649,25.587877463323));
#1514 = CARTESIAN_POINT('',(0.883251085807,25.496678054781));
#1515 = CARTESIAN_POINT('',(0.87989024972,25.407406928667));
#1516 = CARTESIAN_POINT('',(0.876192688495,25.320390327991));
#1517 = CARTESIAN_POINT('',(0.866018086839,25.107465831962));
#1518 = CARTESIAN_POINT('',(0.859096004263,24.984914689771));
#1519 = CARTESIAN_POINT('',(0.851423536311,24.87016872686));
#1520 = CARTESIAN_POINT('',(0.843060541495,24.764723655361));
#1521 = CARTESIAN_POINT('',(0.834089950805,24.669663461368));
#1522 = CARTESIAN_POINT('',(0.824614785621,24.5856452429));
#1523 = CARTESIAN_POINT('',(0.814756604256,24.512897957867));
#1524 = CARTESIAN_POINT('',(0.795979551596,24.398273561066));
#1525 = CARTESIAN_POINT('',(0.787135653068,24.35355728828));
#1526 = CARTESIAN_POINT('',(0.778167504087,24.316652279852));
#1527 = CARTESIAN_POINT('',(0.769116541888,24.287102469437));
#1528 = CARTESIAN_POINT('',(0.760022380355,24.264431150012));
#1529 = CARTESIAN_POINT('',(0.750923371986,24.24814241573));
#1530 = CARTESIAN_POINT('',(0.741857169847,24.237722603757));
#1531 = CARTESIAN_POINT('',(0.723263584303,24.227220958152));
#1532 = CARTESIAN_POINT('',(0.71371765879,24.227861287132));
#1533 = CARTESIAN_POINT('',(0.704240448012,24.233965012935));
#1534 = CARTESIAN_POINT('',(0.69484417102,24.244996735312));
#1535 = CARTESIAN_POINT('',(0.685536829727,24.260481158594));
#1536 = CARTESIAN_POINT('',(0.676322648609,24.280001162236));
#1537 = CARTESIAN_POINT('',(0.667202455239,24.303196147228));
#1538 = CARTESIAN_POINT('',(0.627064808736,24.421293554677));
#1539 = CARTESIAN_POINT('',(0.596728100325,24.553763354575));
#1540 = CARTESIAN_POINT('',(0.567412393304,24.715208880034));
#1541 = CARTESIAN_POINT('',(0.5391730963,24.89727020153));
#1542 = CARTESIAN_POINT('',(0.511946714686,25.094474033324));
#1543 = CARTESIAN_POINT('',(0.485561935833,25.303999317861));
#1544 = CARTESIAN_POINT('',(0.459752315301,25.525433750404));
#1545 = CARTESIAN_POINT('',(0.421678803145,25.87569506062));
#1546 = CARTESIAN_POINT('',(0.409296827131,25.993454663022));
#1547 = CARTESIAN_POINT('',(0.397056368501,26.11353122574));
#1548 = CARTESIAN_POINT('',(0.38495118228,26.235802165879));
#1549 = CARTESIAN_POINT('',(0.372975759406,26.360186389627));
#1550 = CARTESIAN_POINT('',(0.361126767797,26.486630884361));
#1551 = CARTESIAN_POINT('',(0.349404582773,26.615099481834));
#1552 = CARTESIAN_POINT('',(0.320671043164,26.938551272984));
#1553 = CARTESIAN_POINT('',(0.30438085338,27.129558825458));
#1554 = CARTESIAN_POINT('',(0.288507794156,27.322751843602));
#1555 = CARTESIAN_POINT('',(0.272733925216,27.522306314013));
#1556 = CARTESIAN_POINT('',(0.256933081221,27.731368998234));
#1557 = CARTESIAN_POINT('',(0.241291024202,27.950327692292));
#1558 = CARTESIAN_POINT('',(0.226379045598,28.176340820818));
#1559 = CARTESIAN_POINT('',(0.205662011437,28.531717724085));
#1560 = CARTESIAN_POINT('',(0.199203305261,28.65170002151));
#1561 = CARTESIAN_POINT('',(0.19300104738,28.776279202905));
#1562 = CARTESIAN_POINT('',(0.186891194827,28.912671364668));
#1563 = CARTESIAN_POINT('',(0.181234340703,29.062832884386));
#1564 = CARTESIAN_POINT('',(0.176921031089,29.224339551844));
#1565 = CARTESIAN_POINT('',(0.175356760304,29.393518254572));
#1566 = CARTESIAN_POINT('',(0.18007153458,29.657577194247));
#1567 = CARTESIAN_POINT('',(0.182724988167,29.738480937973));
#1568 = CARTESIAN_POINT('',(0.186242788444,29.811768404085));
#1569 = CARTESIAN_POINT('',(0.190434955583,29.878258583743));
#1570 = CARTESIAN_POINT('',(0.195112300119,29.938555419425));
#1571 = CARTESIAN_POINT('',(0.200087749586,29.993082583309));
#1572 = CARTESIAN_POINT('',(0.2051777395,30.042118837833));
#1573 = CARTESIAN_POINT('',(0.215722184097,30.133833595292));
#1574 = CARTESIAN_POINT('',(0.221443982669,30.177857394421));
#1575 = CARTESIAN_POINT('',(0.227278798504,30.218376881408));
#1576 = CARTESIAN_POINT('',(0.233162032643,30.25582500224));
#1577 = CARTESIAN_POINT('',(0.239059234533,30.290629641105));
#1578 = CARTESIAN_POINT('',(0.244968151813,30.323229745075));
#1579 = CARTESIAN_POINT('',(0.250918348435,30.354074075686));
#1580 = CARTESIAN_POINT('',(0.273380940378,30.463707501721));
#1581 = CARTESIAN_POINT('',(0.290386282631,30.533434981907));
#1582 = CARTESIAN_POINT('',(0.307554244994,30.594167652418));
#1583 = CARTESIAN_POINT('',(0.324673400002,30.647070369493));
#1584 = CARTESIAN_POINT('',(0.341709858747,30.693148928129));
#1585 = CARTESIAN_POINT('',(0.358745254333,30.733216802999));
#1586 = CARTESIAN_POINT('',(0.375918736706,30.767709102313));
#1587 = CARTESIAN_POINT('',(0.420071441965,30.840704095716));
#1588 = CARTESIAN_POINT('',(0.446963467996,30.870967627457));
#1589 = CARTESIAN_POINT('',(0.473962815649,30.887075226629));
#1590 = CARTESIAN_POINT('',(0.501016709407,30.888193169911));
#1591 = CARTESIAN_POINT('',(0.528085448807,30.873130602917));
#1592 = CARTESIAN_POINT('',(0.555125608249,30.840359511166));
#1593 = CARTESIAN_POINT('',(0.582083744055,30.787977040625));
#1594 = CARTESIAN_POINT('',(0.622701334649,30.675352349612));
#1595 = CARTESIAN_POINT('',(0.636470893312,30.631219327462));
#1596 = CARTESIAN_POINT('',(0.650162360417,30.581017740337));
#1597 = CARTESIAN_POINT('',(0.66375069081,30.524485704204));
#1598 = CARTESIAN_POINT('',(0.677210125904,30.461364319692));
#1599 = CARTESIAN_POINT('',(0.690513767339,30.391398802335));
#1600 = CARTESIAN_POINT('',(0.703633150641,30.314339612824));
#1601 = CARTESIAN_POINT('',(0.729747341749,30.143553824286));
#1602 = CARTESIAN_POINT('',(0.742731670507,30.049477572094));
#1603 = CARTESIAN_POINT('',(0.755444404971,29.947544881163));
#1604 = CARTESIAN_POINT('',(0.76783924414,29.837629011422));
#1605 = CARTESIAN_POINT('',(0.779869479996,29.71965251334));
#1606 = CARTESIAN_POINT('',(0.791487491293,29.593593309032));
#1607 = CARTESIAN_POINT('',(0.802644237361,29.459490773358));
#1608 = CARTESIAN_POINT('',(0.823773146573,29.17754947443));
#1609 = CARTESIAN_POINT('',(0.833752946118,29.030049950324));
#1610 = CARTESIAN_POINT('',(0.843179709277,28.875089988043));
#1611 = CARTESIAN_POINT('',(0.852003468076,28.712876471495));
#1612 = CARTESIAN_POINT('',(0.860172168245,28.54370046216));
#1613 = CARTESIAN_POINT('',(0.867631263434,28.367951598141));
#1614 = CARTESIAN_POINT('',(0.874323463229,28.186132853264));
#1615 = CARTESIAN_POINT('',(0.880188634967,27.998875656221));
#1616 = ( GEOMETRIC_REPRESENTATION_CONTEXT(2) 
PARAMETRIC_REPRESENTATION_CONTEXT() REPRESENTATION_CONTEXT('2D SPACE',''
  ) );
#1617 = PCURVE('',#742,#1618);
#1618 = DEFINITIONAL_REPRESENTATION('',(#1619),#1734);
#1619 = B_SPLINE_CURVE_WITH_KNOTS('',8,(#1620,#1621,#1622,#1623,#1624,
    #1625,#1626,#1627,#1628,#1629,#1630,#1631,#1632,#1633,#1634,#1635,
    #1636,#1637,#1638,#1639,#1640,#1641,#1642,#1643,#1644,#1645,#1646,
    #1647,#1648,#1649,#1650,#1651,#1652,#1653,#1654,#1655,#1656,#1657,
    #1658,#1659,#1660,#1661,#1662,#1663,#1664,#1665,#1666,#1667,#1668,
    #1669,#1670,#1671,#1672,#1673,#1674,#1675,#1676,#1677,#1678,#1679,
    #1680,#1681,#1682,#1683,#1684,#1685,#1686,#1687,#1688,#1689,#1690,
    #1691,#1692,#1693,#1694,#1695,#1696,#1697,#1698,#1699,#1700,#1701,
    #1702,#1703,#1704,#1705,#1706,#1707,#1708,#1709,#1710,#1711,#1712,
    #1713,#1714,#1715,#1716,#1717,#1718,#1719,#1720,#1721,#1722,#1723,
    #1724,#1725,#1726,#1727,#1728,#1729,#1730,#1731,#1732,#1733),
  .UNSPECIFIED.,.F.,.F.,(9,7,7,7,7,7,7,7,7,7,7,7,7,7,7,7,9),(0.,
    7.303340152676E-02,9.995297483049E-02,0.140908728719,0.176085145474,
    0.21361486657,0.342930405442,0.406357649807,0.500181501192,
    0.552304799253,0.579069384464,0.608457139331,0.68818020862,
    0.809791219234,0.87252810311,0.936747057623,1.),.UNSPECIFIED.);
#1620 = CARTESIAN_POINT('',(0.,3.184707899566));
#1621 = CARTESIAN_POINT('',(7.524991414612E-02,3.047934202792));
#1622 = CARTESIAN_POINT('',(0.151906775736,2.922906757083));
#1623 = CARTESIAN_POINT('',(0.230218785776,2.810350395187));
#1624 = CARTESIAN_POINT('',(0.310420404196,2.711416031902));
#1625 = CARTESIAN_POINT('',(0.392732659314,2.627732494589));
#1626 = CARTESIAN_POINT('',(0.477368340026,2.561492261796));
#1627 = CARTESIAN_POINT('',(0.564539829021,2.515578738898));
#1628 = CARTESIAN_POINT('',(0.687613951009,2.485694096614));
#1629 = CARTESIAN_POINT('',(0.721159195506,2.480910834458));
#1630 = CARTESIAN_POINT('',(0.75506817538,2.479600241344));
#1631 = CARTESIAN_POINT('',(0.789308713938,2.48195984668));
#1632 = CARTESIAN_POINT('',(0.823851154947,2.488177523283));
#1633 = CARTESIAN_POINT('',(0.858668166411,2.498431629541));
#1634 = CARTESIAN_POINT('',(0.893734544344,2.512891151555));
#1635 = CARTESIAN_POINT('',(0.982721396826,2.560355954681));
#1636 = CARTESIAN_POINT('',(1.036948330734,2.599105030519));
#1637 = CARTESIAN_POINT('',(1.091307436459,2.648360337847));
#1638 = CARTESIAN_POINT('',(1.145444975704,2.708162881887));
#1639 = CARTESIAN_POINT('',(1.199036701548,2.77819518714));
#1640 = CARTESIAN_POINT('',(1.251771442764,2.857769752947));
#1641 = CARTESIAN_POINT('',(1.303335424588,2.945808185539));
#1642 = CARTESIAN_POINT('',(1.396394905961,3.122407815496));
#1643 = CARTESIAN_POINT('',(1.438229013617,3.209036823493));
#1644 = CARTESIAN_POINT('',(1.478920476616,3.300155383201));
#1645 = CARTESIAN_POINT('',(1.518481924771,3.395212865975));
#1646 = CARTESIAN_POINT('',(1.556918038635,3.493646460924));
#1647 = CARTESIAN_POINT('',(1.594225798142,3.59487697396));
#1648 = CARTESIAN_POINT('',(1.630394731251,3.698304626846));
#1649 = CARTESIAN_POINT('',(1.702761927626,3.915329607144));
#1650 = CARTESIAN_POINT('',(1.738910140364,4.029474307138));
#1651 = CARTESIAN_POINT('',(1.773930710482,4.145342687828));
#1652 = CARTESIAN_POINT('',(1.807896757159,4.262600463172));
#1653 = CARTESIAN_POINT('',(1.840878056899,4.380974409968));
#1654 = CARTESIAN_POINT('',(1.87294275789,4.500251071255));
#1655 = CARTESIAN_POINT('',(1.904158360922,4.620275082605));
#1656 = CARTESIAN_POINT('',(2.039456539128,5.156744768098));
#1657 = CARTESIAN_POINT('',(2.136104707691,5.584469456451));
#1658 = CARTESIAN_POINT('',(2.225935429513,6.016300213523));
#1659 = CARTESIAN_POINT('',(2.310030650614,6.447454987163));
#1660 = CARTESIAN_POINT('',(2.389439277702,6.875791624212));
#1661 = CARTESIAN_POINT('',(2.465240367656,7.301711640127));
#1662 = CARTESIAN_POINT('',(2.538623527017,7.728037626219));
#1663 = CARTESIAN_POINT('',(2.646365413344,8.370579196921));
#1664 = CARTESIAN_POINT('',(2.681321227878,8.581766071179));
#1665 = CARTESIAN_POINT('',(2.715847777012,8.792634852515));
#1666 = CARTESIAN_POINT('',(2.750016734056,9.003158303045));
#1667 = CARTESIAN_POINT('',(2.783899308916,9.213316905982));
#1668 = CARTESIAN_POINT('',(2.817565707738,9.423072676128));
#1669 = CARTESIAN_POINT('',(2.851085876776,9.63234104496));
#1670 = CARTESIAN_POINT('',(2.934005539192,10.149558663302));
#1671 = CARTESIAN_POINT('',(2.98168946836,10.446589660117));
#1672 = CARTESIAN_POINT('',(3.029054177375,10.739289394441));
#1673 = CARTESIAN_POINT('',(3.077319415625,11.033435163868));
#1674 = CARTESIAN_POINT('',(3.127419407683,11.331745631017));
#1675 = CARTESIAN_POINT('',(3.179709688692,11.63144468168));
#1676 = CARTESIAN_POINT('',(3.234164096947,11.922692001263));
#1677 = CARTESIAN_POINT('',(3.322105929303,12.339270117057));
#1678 = CARTESIAN_POINT('',(3.352252708545,12.471796412949));
#1679 = CARTESIAN_POINT('',(3.38407243222,12.601665074447));
#1680 = CARTESIAN_POINT('',(3.419657720495,12.733379354807));
#1681 = CARTESIAN_POINT('',(3.46006750497,12.861809144316));
#1682 = CARTESIAN_POINT('',(3.505822035541,12.97237667971));
#1683 = CARTESIAN_POINT('',(3.557791018955,13.041822084399));
#1684 = CARTESIAN_POINT('',(3.649543213601,13.038243238715));
#1685 = CARTESIAN_POINT('',(3.67945209635,13.018231598721));
#1686 = CARTESIAN_POINT('',(3.708247070433,12.98269205079));
#1687 = CARTESIAN_POINT('',(3.735940912574,12.934848001611));
#1688 = CARTESIAN_POINT('',(3.76246654736,12.877851701529));
#1689 = CARTESIAN_POINT('',(3.787689798056,12.814762540598));
#1690 = CARTESIAN_POINT('',(3.811421200594,12.74852867994));
#1691 = CARTESIAN_POINT('',(3.857589315096,12.608892206484));
#1692 = CARTESIAN_POINT('',(3.880899423617,12.531708320286));
#1693 = CARTESIAN_POINT('',(3.903377857621,12.451969059694));
#1694 = CARTESIAN_POINT('',(3.925066310323,12.370804229896));
#1695 = CARTESIAN_POINT('',(3.946048579765,12.288867361833));
#1696 = CARTESIAN_POINT('',(3.966463375116,12.206313407424));
#1697 = CARTESIAN_POINT('',(3.986508866323,12.122811509564));
#1698 = CARTESIAN_POINT('',(4.060505359879,11.806411751994));
#1699 = CARTESIAN_POINT('',(4.113254440285,11.564596145908));
#1700 = CARTESIAN_POINT('',(4.164585304104,11.319392240928));
#1701 = CARTESIAN_POINT('',(4.214607031788,11.074479525027));
#1702 = CARTESIAN_POINT('',(4.263634223141,10.830682396403));
#1703 = CARTESIAN_POINT('',(4.312178618848,10.587065974785));
#1704 = CARTESIAN_POINT('',(4.36082675341,10.341816373853));
#1705 = CARTESIAN_POINT('',(4.485612129781,9.712589372836));
#1706 = CARTESIAN_POINT('',(4.561354235046,9.330528321373));
#1707 = CARTESIAN_POINT('',(4.637770814272,8.948650817026));
#1708 = CARTESIAN_POINT('',(4.715168530822,8.56798660677));
#1709 = CARTESIAN_POINT('',(4.793860516777,8.189234145823));
#1710 = CARTESIAN_POINT('',(4.874174735884,7.813010244461));
#1711 = CARTESIAN_POINT('',(4.95646983961,7.439881251205));
#1712 = CARTESIAN_POINT('',(5.084855291326,6.87997602054));
#1713 = CARTESIAN_POINT('',(5.129154219662,6.690569047961));
#1714 = CARTESIAN_POINT('',(5.174072897653,6.502579231801));
#1715 = CARTESIAN_POINT('',(5.21962783731,6.316267275073));
#1716 = CARTESIAN_POINT('',(5.265840000511,6.131879638658));
#1717 = CARTESIAN_POINT('',(5.312735422393,5.949651966372));
#1718 = CARTESIAN_POINT('',(5.360345834748,5.76981251003));
#1719 = CARTESIAN_POINT('',(5.458215262673,5.411171861447));
#1720 = CARTESIAN_POINT('',(5.508509527443,5.232498051255));
#1721 = CARTESIAN_POINT('',(5.559582177467,5.056994311924));
#1722 = CARTESIAN_POINT('',(5.611429814236,4.885054552293));
#1723 = CARTESIAN_POINT('',(5.664055687297,4.717046748456));
#1724 = CARTESIAN_POINT('',(5.717469834552,4.553323290171));
#1725 = CARTESIAN_POINT('',(5.771689222561,4.394231327265));
#1726 = CARTESIAN_POINT('',(5.880958482865,4.088333074023));
#1727 = CARTESIAN_POINT('',(5.935944169433,3.941489279791));
#1728 = CARTESIAN_POINT('',(5.991710832224,3.799931958322));
#1729 = CARTESIAN_POINT('',(6.048280361732,3.664008031912));
#1730 = CARTESIAN_POINT('',(6.10567915386,3.53408601117));
#1731 = CARTESIAN_POINT('',(6.163937830105,3.410572845835));
#1732 = CARTESIAN_POINT('',(6.223092177337,3.293932735402));
#1733 = CARTESIAN_POINT('',(6.28318530718,3.184707899566));
#1734 = ( GEOMETRIC_REPRESENTATION_CONTEXT(2) 
PARAMETRIC_REPRESENTATION_CONTEXT() REPRESENTATION_CONTEXT('2D SPACE',''
  ) );
#1735 = ORIENTED_EDGE('',*,*,#1736,.F.);
#1736 = EDGE_CURVE('',#669,#1381,#1737,.T.);
#1737 = SURFACE_CURVE('',#1738,(#1801,#1867),.PCURVE_S1.);
#1738 = B_SPLINE_CURVE_WITH_KNOTS('',7,(#1739,#1740,#1741,#1742,#1743,
    #1744,#1745,#1746,#1747,#1748,#1749,#1750,#1751,#1752,#1753,#1754,
    #1755,#1756,#1757,#1758,#1759,#1760,#1761,#1762,#1763,#1764,#1765,
    #1766,#1767,#1768,#1769,#1770,#1771,#1772,#1773,#1774,#1775,#1776,
    #1777,#1778,#1779,#1780,#1781,#1782,#1783,#1784,#1785,#1786,#1787,
    #1788,#1789,#1790,#1791,#1792,#1793,#1794,#1795,#1796,#1797,#1798,
    #1799,#1800),.UNSPECIFIED.,.F.,.F.,(8,6,6,6,6,6,6,6,6,6,8),(0.,
    6.635904239328E-02,9.789232975532E-02,0.119048469274,0.158416184395,
    0.189621149226,0.244331211165,0.314116103679,0.553072761026,
    0.841670870211,1.),.UNSPECIFIED.);
#1739 = CARTESIAN_POINT('',(-24.57064386322,0.,-6.));
#1740 = CARTESIAN_POINT('',(-24.42975852534,-0.214122734589,-6.));
#1741 = CARTESIAN_POINT('',(-24.29338120389,-0.437687329589,
    -5.991085418146));
#1742 = CARTESIAN_POINT('',(-24.16213762587,-0.671642870335,
    -5.971838780985));
#1743 = CARTESIAN_POINT('',(-24.03717801659,-0.916681047491,
    -5.940436085571));
#1744 = CARTESIAN_POINT('',(-23.92017313216,-1.173153312186,
    -5.894608207057));
#1745 = CARTESIAN_POINT('',(-23.81336240985,-1.440922270362,
    -5.831644329053));
#1746 = CARTESIAN_POINT('',(-23.67512486002,-1.851357637833,
    -5.708898126594));
#1747 = CARTESIAN_POINT('',(-23.63350256578,-1.986082106277,
    -5.664742177634));
#1748 = CARTESIAN_POINT('',(-23.59523204273,-2.12288500939,
    -5.615723450798));
#1749 = CARTESIAN_POINT('',(-23.56072519704,-2.261320882028,
    -5.561627213871));
#1750 = CARTESIAN_POINT('',(-23.53036312469,-2.400936713404,
    -5.502273492729));
#1751 = CARTESIAN_POINT('',(-23.5044980845,-2.541274154254,
    -5.437520462551));
#1752 = CARTESIAN_POINT('',(-23.46933767657,-2.776200671338,
    -5.320134335701));
#1753 = CARTESIAN_POINT('',(-23.45740237093,-2.870568425399,
    -5.270564430536));
#1754 = CARTESIAN_POINT('',(-23.4477632771,-2.964687889231,
    -5.218608831263));
#1755 = CARTESIAN_POINT('',(-23.44050590049,-3.05828548643,
    -5.164343015011));
#1756 = CARTESIAN_POINT('',(-23.43568775972,-3.15110150761,
    -5.10786756627));
#1757 = CARTESIAN_POINT('',(-23.43333861743,-3.242890456845,
    -5.049308514844));
#1758 = CARTESIAN_POINT('',(-23.43368790511,-3.501882959947,
    -4.87625525689));
#1759 = CARTESIAN_POINT('',(-23.44247117596,-3.66529999912,
    -4.757463689169));
#1760 = CARTESIAN_POINT('',(-23.45969723707,-3.822563124291,
    -4.633309831235));
#1761 = CARTESIAN_POINT('',(-23.48501641416,-3.972726661206,
    -4.504867734339));
#1762 = CARTESIAN_POINT('',(-23.5178422435,-4.115020567068,
    -4.373402618901));
#1763 = CARTESIAN_POINT('',(-23.55734592451,-4.248854174415,
    -4.24034895367));
#1764 = CARTESIAN_POINT('',(-23.63819407265,-4.472859859978,
    -4.001807126928));
#1765 = CARTESIAN_POINT('',(-23.67755759192,-4.566605894675,
    -3.896031124363));
#1766 = CARTESIAN_POINT('',(-23.72019565113,-4.655234905053,
    -3.790261754333));
#1767 = CARTESIAN_POINT('',(-23.76578386919,-4.738938240782,
    -3.684781145058));
#1768 = CARTESIAN_POINT('',(-23.81401336908,-4.8179126624,-3.57984557303
    ));
#1769 = CARTESIAN_POINT('',(-23.86459012942,-4.892359438957,
    -3.475684609524));
#1770 = CARTESIAN_POINT('',(-24.00953271934,-5.085428264529,
    -3.191592459816));
#1771 = CARTESIAN_POINT('',(-24.10833733638,-5.195286100271,
    -3.013390482746));
#1772 = CARTESIAN_POINT('',(-24.21242078009,-5.293398544855,
    -2.838535215922));
#1773 = CARTESIAN_POINT('',(-24.32081758091,-5.381004388772,
    -2.667381025499));
#1774 = CARTESIAN_POINT('',(-24.43280933313,-5.459228216722,
    -2.500040999613));
#1775 = CARTESIAN_POINT('',(-24.54790982121,-5.529069003315,
    -2.336432184237));
#1776 = CARTESIAN_POINT('',(-24.81628779147,-5.670880008786,
    -1.972092309419));
#1777 = CARTESIAN_POINT('',(-24.9714066838,-5.738167497327,
    -1.773472246982));
#1778 = CARTESIAN_POINT('',(-25.13017575586,-5.794770349518,
    -1.580635419745));
#1779 = CARTESIAN_POINT('',(-25.29185498437,-5.841999336317,
    -1.393509396241));
#1780 = CARTESIAN_POINT('',(-25.45598267378,-5.880965985446,
    -1.211822054411));
#1781 = CARTESIAN_POINT('',(-25.62236273988,-5.912591742324,
    -1.035149110491));
#1782 = CARTESIAN_POINT('',(-26.36867587069,-6.023308790163,
    -0.273359242382));
#1783 = CARTESIAN_POINT('',(-26.97896229869,-6.03243951507,
    0.269360915388));
#1784 = CARTESIAN_POINT('',(-27.604484482,-5.988962452202,0.763600002308
    ));
#1785 = CARTESIAN_POINT('',(-28.23580702323,-5.907996628385,
    1.214451811302));
#1786 = CARTESIAN_POINT('',(-28.86960063944,-5.79885250209,
    1.628490021614));
#1787 = CARTESIAN_POINT('',(-29.5097866948,-5.665881405316,
    2.013586860285));
#1788 = CARTESIAN_POINT('',(-30.95826018422,-5.319591223633,
    2.816129044067));
#1789 = CARTESIAN_POINT('',(-31.76197492339,-5.098157003744,
    3.217101969941));
#1790 = CARTESIAN_POINT('',(-32.57159427168,-4.851511018221,
    3.583091844962));
#1791 = CARTESIAN_POINT('',(-33.38414824645,-4.583451132902,
    3.917418751061));
#1792 = CARTESIAN_POINT('',(-34.19903950283,-4.295629536694,
    4.22303985337));
#1793 = CARTESIAN_POINT('',(-35.01711643463,-3.987930011045,
    4.502095234468));
#1794 = CARTESIAN_POINT('',(-36.28995992623,-3.478246532654,
    4.894252127311));
#1795 = CARTESIAN_POINT('',(-36.74101256745,-3.291647699727,
    5.025089779438));
#1796 = CARTESIAN_POINT('',(-37.19240710245,-3.098764761484,
    5.148058591689));
#1797 = CARTESIAN_POINT('',(-37.64426841022,-2.899242387186,
    5.263215507032));
#1798 = CARTESIAN_POINT('',(-38.09651225454,-2.692661628414,
    5.370431758862));
#1799 = CARTESIAN_POINT('',(-38.54871818626,-2.47858060649,
    5.469373538056));
#1800 = CARTESIAN_POINT('',(-39.0000006,-2.256570698153,5.559486368743)
  );
#1801 = PCURVE('',#493,#1802);
#1802 = DEFINITIONAL_REPRESENTATION('',(#1803),#1866);
#1803 = B_SPLINE_CURVE_WITH_KNOTS('',7,(#1804,#1805,#1806,#1807,#1808,
    #1809,#1810,#1811,#1812,#1813,#1814,#1815,#1816,#1817,#1818,#1819,
    #1820,#1821,#1822,#1823,#1824,#1825,#1826,#1827,#1828,#1829,#1830,
    #1831,#1832,#1833,#1834,#1835,#1836,#1837,#1838,#1839,#1840,#1841,
    #1842,#1843,#1844,#1845,#1846,#1847,#1848,#1849,#1850,#1851,#1852,
    #1853,#1854,#1855,#1856,#1857,#1858,#1859,#1860,#1861,#1862,#1863,
    #1864,#1865),.UNSPECIFIED.,.F.,.F.,(8,6,6,6,6,6,6,6,6,6,8),(0.,
    6.635904239328E-02,9.789232975532E-02,0.119048469274,0.158416184395,
    0.189621149226,0.244331211165,0.314116103679,0.553072761026,
    0.841670870211,1.),.UNSPECIFIED.);
#1804 = CARTESIAN_POINT('',(0.326256692138,19.169416784389));
#1805 = CARTESIAN_POINT('',(0.337280919385,18.988835210018));
#1806 = CARTESIAN_POINT('',(0.349068051764,18.813254930992));
#1807 = CARTESIAN_POINT('',(0.361710493779,18.643538114555));
#1808 = CARTESIAN_POINT('',(0.37530059075,18.481237835593));
#1809 = CARTESIAN_POINT('',(0.389927872674,18.328632020796));
#1810 = CARTESIAN_POINT('',(0.405672725029,18.188803855724));
#1811 = CARTESIAN_POINT('',(0.430638522965,18.00730330919));
#1812 = CARTESIAN_POINT('',(0.438956076314,17.952562179887));
#1813 = CARTESIAN_POINT('',(0.447535212389,17.902149560086));
#1814 = CARTESIAN_POINT('',(0.456360758607,17.856631054371));
#1815 = CARTESIAN_POINT('',(0.465416306184,17.816533370381));
#1816 = CARTESIAN_POINT('',(0.474684212315,17.782344110486));
#1817 = CARTESIAN_POINT('',(0.490493386051,17.735838304275));
#1818 = CARTESIAN_POINT('',(0.496922993294,17.720041930944));
#1819 = CARTESIAN_POINT('',(0.503418542985,17.707278366781));
#1820 = CARTESIAN_POINT('',(0.509964084932,17.697665295568));
#1821 = CARTESIAN_POINT('',(0.516543579627,17.691282137186));
#1822 = CARTESIAN_POINT('',(0.523140878041,17.688170023229));
#1823 = CARTESIAN_POINT('',(0.542018907563,17.688632758734));
#1824 = CARTESIAN_POINT('',(0.554253213138,17.700268767446));
#1825 = CARTESIAN_POINT('',(0.56636054791,17.723089613306));
#1826 = CARTESIAN_POINT('',(0.578260055794,17.756611473633));
#1827 = CARTESIAN_POINT('',(0.589872658078,17.800019758471));
#1828 = CARTESIAN_POINT('',(0.601121629894,17.852171990971));
#1829 = CARTESIAN_POINT('',(0.620503012912,17.958707082538));
#1830 = CARTESIAN_POINT('',(0.628821781046,18.010515872093));
#1831 = CARTESIAN_POINT('',(0.636888777057,18.066556498559));
#1832 = CARTESIAN_POINT('',(0.644704202768,18.126380861779));
#1833 = CARTESIAN_POINT('',(0.652269210159,18.189563341114));
#1834 = CARTESIAN_POINT('',(0.659585932444,18.255700806815));
#1835 = CARTESIAN_POINT('',(0.679055757843,18.444881543899));
#1836 = CARTESIAN_POINT('',(0.690720763523,18.573461153417));
#1837 = CARTESIAN_POINT('',(0.701696819295,18.708461881179));
#1838 = CARTESIAN_POINT('',(0.712032254607,18.848565650426));
#1839 = CARTESIAN_POINT('',(0.721777669951,18.992797821603));
#1840 = CARTESIAN_POINT('',(0.730984165573,19.140499127563));
#1841 = CARTESIAN_POINT('',(0.750820971682,19.483647158925));
#1842 = CARTESIAN_POINT('',(0.761149123229,19.681113098139));
#1843 = CARTESIAN_POINT('',(0.770752615628,19.882316852183));
#1844 = CARTESIAN_POINT('',(0.779696508381,20.08628930105));
#1845 = CARTESIAN_POINT('',(0.788043215134,20.292438223721));
#1846 = CARTESIAN_POINT('',(0.795851389103,20.500515742928));
#1847 = CARTESIAN_POINT('',(0.828251580221,21.429905233597));
#1848 = CARTESIAN_POINT('',(0.847887274849,22.179547650278));
#1849 = CARTESIAN_POINT('',(0.863144715667,22.937211772816));
#1850 = CARTESIAN_POINT('',(0.874915751648,23.692628486417));
#1851 = CARTESIAN_POINT('',(0.883893675151,24.443022342281));
#1852 = CARTESIAN_POINT('',(0.890567186876,25.193817749749));
#1853 = CARTESIAN_POINT('',(0.900759139462,26.877203054163));
#1854 = CARTESIAN_POINT('',(0.903250640265,27.801367233546));
#1855 = CARTESIAN_POINT('',(0.903107764705,28.723463077696));
#1856 = CARTESIAN_POINT('',(0.900656174914,29.641198577513));
#1857 = CARTESIAN_POINT('',(0.896102955582,30.554789757419));
#1858 = CARTESIAN_POINT('',(0.889536404369,31.465865745622));
#1859 = CARTESIAN_POINT('',(0.876202474662,32.874869117188));
#1860 = CARTESIAN_POINT('',(0.870874394241,33.372520768491));
#1861 = CARTESIAN_POINT('',(0.864940787851,33.869004725009));
#1862 = CARTESIAN_POINT('',(0.858389476365,34.364547788201));
#1863 = CARTESIAN_POINT('',(0.851199016331,34.859136081326));
#1864 = CARTESIAN_POINT('',(0.843340323307,35.352384978191));
#1865 = CARTESIAN_POINT('',(0.834778147689,35.843410088885));
#1866 = ( GEOMETRIC_REPRESENTATION_CONTEXT(2) 
PARAMETRIC_REPRESENTATION_CONTEXT() REPRESENTATION_CONTEXT('2D SPACE',''
  ) );
#1867 = PCURVE('',#714,#1868);
#1868 = DEFINITIONAL_REPRESENTATION('',(#1869),#1932);
#1869 = B_SPLINE_CURVE_WITH_KNOTS('',7,(#1870,#1871,#1872,#1873,#1874,
    #1875,#1876,#1877,#1878,#1879,#1880,#1881,#1882,#1883,#1884,#1885,
    #1886,#1887,#1888,#1889,#1890,#1891,#1892,#1893,#1894,#1895,#1896,
    #1897,#1898,#1899,#1900,#1901,#1902,#1903,#1904,#1905,#1906,#1907,
    #1908,#1909,#1910,#1911,#1912,#1913,#1914,#1915,#1916,#1917,#1918,
    #1919,#1920,#1921,#1922,#1923,#1924,#1925,#1926,#1927,#1928,#1929,
    #1930,#1931),.UNSPECIFIED.,.F.,.F.,(8,6,6,6,6,6,6,6,6,6,8),(0.,
    6.635904239328E-02,9.789232975532E-02,0.119048469274,0.158416184395,
    0.189621149226,0.244331211165,0.314116103679,0.553072761026,
    0.841670870211,1.),.UNSPECIFIED.);
#1870 = CARTESIAN_POINT('',(0.,24.570643863228));
#1871 = CARTESIAN_POINT('',(3.568712243146E-02,24.429758525345));
#1872 = CARTESIAN_POINT('',(7.294791772431E-02,24.29338120389));
#1873 = CARTESIAN_POINT('',(0.11201463801,24.162137625877));
#1874 = CARTESIAN_POINT('',(0.153106658644,24.037178016598));
#1875 = CARTESIAN_POINT('',(0.196433344616,23.920173132164));
#1876 = CARTESIAN_POINT('',(0.24219720286,23.813362409856));
#1877 = CARTESIAN_POINT('',(0.313596670079,23.675124860027));
#1878 = CARTESIAN_POINT('',(0.337217959627,23.633502565783));
#1879 = CARTESIAN_POINT('',(0.361423166729,23.595232042738));
#1880 = CARTESIAN_POINT('',(0.386176210364,23.56072519704));
#1881 = CARTESIAN_POINT('',(0.411442676859,23.530363124698));
#1882 = CARTESIAN_POINT('',(0.437189545875,23.504498084508));
#1883 = CARTESIAN_POINT('',(0.480959770155,23.46933767657));
#1884 = CARTESIAN_POINT('',(0.498721915651,23.457402370937));
#1885 = CARTESIAN_POINT('',(0.516633627392,23.447763277107));
#1886 = CARTESIAN_POINT('',(0.53465822618,23.440505900499));
#1887 = CARTESIAN_POINT('',(0.552759620796,23.435687759729));
#1888 = CARTESIAN_POINT('',(0.570901849667,23.433338617435));
#1889 = CARTESIAN_POINT('',(0.622816455499,23.433687905116));
#1890 = CARTESIAN_POINT('',(0.656462028555,23.442471175967));
#1891 = CARTESIAN_POINT('',(0.689814157812,23.459697237071));
#1892 = CARTESIAN_POINT('',(0.72270334144,23.485016414166));
#1893 = CARTESIAN_POINT('',(0.754956097668,23.517842243504));
#1894 = CARTESIAN_POINT('',(0.786390668611,23.557345924512));
#1895 = CARTESIAN_POINT('',(0.840929327242,23.638194072651));
#1896 = CARTESIAN_POINT('',(0.864476158501,23.677557591922));
#1897 = CARTESIAN_POINT('',(0.887461270384,23.720195651132));
#1898 = CARTESIAN_POINT('',(0.909890287994,23.765783869191));
#1899 = CARTESIAN_POINT('',(0.931768375815,23.814013369083));
#1900 = CARTESIAN_POINT('',(0.953100838658,23.864590129429));
#1901 = CARTESIAN_POINT('',(1.010348817985,24.009532719342));
#1902 = CARTESIAN_POINT('',(1.045205196635,24.10833733638));
#1903 = CARTESIAN_POINT('',(1.078578267193,24.21242078009));
#1904 = CARTESIAN_POINT('',(1.110584514009,24.320817580916));
#1905 = CARTESIAN_POINT('',(1.14134282447,24.432809333139));
#1906 = CARTESIAN_POINT('',(1.17097581632,24.547909821216));
#1907 = CARTESIAN_POINT('',(1.236136708147,24.816287791473));
#1908 = CARTESIAN_POINT('',(1.27105374187,24.971406683806));
#1909 = CARTESIAN_POINT('',(1.304505226457,25.13017575586));
#1910 = CARTESIAN_POINT('',(1.336631439028,25.291854984378));
#1911 = CARTESIAN_POINT('',(1.367572253131,25.455982673786));
#1912 = CARTESIAN_POINT('',(1.397469418362,25.622362739882));
#1913 = CARTESIAN_POINT('',(1.525768338838,26.368675870691));
#1914 = CARTESIAN_POINT('',(1.615501043946,26.978962298692));
#1915 = CARTESIAN_POINT('',(1.697569402618,27.604484482004));
#1916 = CARTESIAN_POINT('',(1.773418055784,28.235807023228));
#1917 = CARTESIAN_POINT('',(1.844457347922,28.869600639448));
#1918 = CARTESIAN_POINT('',(1.912167636224,29.509786694807));
#1919 = CARTESIAN_POINT('',(2.057845252772,30.958260184223));
#1920 = CARTESIAN_POINT('',(2.13382706659,31.761974923399));
#1921 = CARTESIAN_POINT('',(2.206946361785,32.571594271689));
#1922 = CARTESIAN_POINT('',(2.277943186243,33.384148246458));
#1923 = CARTESIAN_POINT('',(2.347565425437,34.199039502836));
#1924 = CARTESIAN_POINT('',(2.416571513097,35.017116434637));
#1925 = CARTESIAN_POINT('',(2.523753118684,36.289959926236));
#1926 = CARTESIAN_POINT('',(2.561698911596,36.741012567459));
#1927 = CARTESIAN_POINT('',(2.599764409198,37.192407102457));
#1928 = CARTESIAN_POINT('',(2.638091382165,37.64426841022));
#1929 = CARTESIAN_POINT('',(2.676818242898,38.096512254542));
#1930 = CARTESIAN_POINT('',(2.71608074407,38.548718186262));
#1931 = CARTESIAN_POINT('',(2.756014272747,39.0000006));
#1932 = ( GEOMETRIC_REPRESENTATION_CONTEXT(2) 
PARAMETRIC_REPRESENTATION_CONTEXT() REPRESENTATION_CONTEXT('2D SPACE',''
  ) );
#1933 = ORIENTED_EDGE('',*,*,#668,.T.);
#1934 = ORIENTED_EDGE('',*,*,#367,.T.);
#1935 = ORIENTED_EDGE('',*,*,#1936,.F.);
#1936 = EDGE_CURVE('',#1937,#240,#1939,.T.);
#1937 = VERTEX_POINT('',#1938);
#1938 = CARTESIAN_POINT('',(-11.52126537518,20.192359617067,
    11.811453949037));
#1939 = SURFACE_CURVE('',#1940,(#1945,#1957),.PCURVE_S1.);
#1940 = ELLIPSE('',#1941,27.235267573287,16.5);
#1941 = AXIS2_PLACEMENT_3D('',#1942,#1943,#1944);
#1942 = CARTESIAN_POINT('',(0.,0.,0.));
#1943 = DIRECTION('',(0.724280748327,0.60583212394,-0.329218521967));
#1944 = DIRECTION('',(-0.551529256605,0.795592507256,0.250695116639));
#1945 = PCURVE('',#493,#1946);
#1946 = DEFINITIONAL_REPRESENTATION('',(#1947),#1956);
#1947 = B_SPLINE_CURVE_WITH_KNOTS('',7,(#1948,#1949,#1950,#1951,#1952,
    #1953,#1954,#1955),.UNSPECIFIED.,.F.,.F.,(8,8),(0.,0.927902216373),
  .PIECEWISE_BEZIER_KNOTS.);
#1948 = CARTESIAN_POINT('',(4.712388980385,21.668174814426));
#1949 = CARTESIAN_POINT('',(4.579831520903,21.668174814426));
#1950 = CARTESIAN_POINT('',(4.447274061421,21.223975522003));
#1951 = CARTESIAN_POINT('',(4.314716601938,20.335580273648));
#1952 = CARTESIAN_POINT('',(4.182159142459,19.022098673755));
#1953 = CARTESIAN_POINT('',(4.049601682975,17.321812927225));
#1954 = CARTESIAN_POINT('',(3.917044223493,15.289248678313));
#1955 = CARTESIAN_POINT('',(3.784486764011,12.990380456766));
#1956 = ( GEOMETRIC_REPRESENTATION_CONTEXT(2) 
PARAMETRIC_REPRESENTATION_CONTEXT() REPRESENTATION_CONTEXT('2D SPACE',''
  ) );
#1957 = PCURVE('',#227,#1958);
#1958 = DEFINITIONAL_REPRESENTATION('',(#1959),#1968);
#1959 = B_SPLINE_CURVE_WITH_KNOTS('',7,(#1960,#1961,#1962,#1963,#1964,
    #1965,#1966,#1967),.UNSPECIFIED.,.F.,.F.,(8,8),(0.,0.927902216373),
  .PIECEWISE_BEZIER_KNOTS.);
#1960 = CARTESIAN_POINT('',(5.139016473512,21.668174814426));
#1961 = CARTESIAN_POINT('',(5.271573932993,21.668174814426));
#1962 = CARTESIAN_POINT('',(5.404131392475,21.223975522002));
#1963 = CARTESIAN_POINT('',(5.536688851958,20.335580273648));
#1964 = CARTESIAN_POINT('',(5.66924631144,19.022098673746));
#1965 = CARTESIAN_POINT('',(5.801803770921,17.321812927228));
#1966 = CARTESIAN_POINT('',(5.934361230403,15.289248678313));
#1967 = CARTESIAN_POINT('',(6.066918689885,12.990380456766));
#1968 = ( GEOMETRIC_REPRESENTATION_CONTEXT(2) 
PARAMETRIC_REPRESENTATION_CONTEXT() REPRESENTATION_CONTEXT('2D SPACE',''
  ) );
#1969 = ORIENTED_EDGE('',*,*,#1970,.F.);
#1970 = EDGE_CURVE('',#1971,#1937,#1973,.T.);
#1971 = VERTEX_POINT('',#1972);
#1972 = CARTESIAN_POINT('',(-24.63060641252,24.075524473245,
    8.474592295841));
#1973 = SURFACE_CURVE('',#1974,(#2075,#2179),.PCURVE_S1.);
#1974 = B_SPLINE_CURVE_WITH_KNOTS('',8,(#1975,#1976,#1977,#1978,#1979,
    #1980,#1981,#1982,#1983,#1984,#1985,#1986,#1987,#1988,#1989,#1990,
    #1991,#1992,#1993,#1994,#1995,#1996,#1997,#1998,#1999,#2000,#2001,
    #2002,#2003,#2004,#2005,#2006,#2007,#2008,#2009,#2010,#2011,#2012,
    #2013,#2014,#2015,#2016,#2017,#2018,#2019,#2020,#2021,#2022,#2023,
    #2024,#2025,#2026,#2027,#2028,#2029,#2030,#2031,#2032,#2033,#2034,
    #2035,#2036,#2037,#2038,#2039,#2040,#2041,#2042,#2043,#2044,#2045,
    #2046,#2047,#2048,#2049,#2050,#2051,#2052,#2053,#2054,#2055,#2056,
    #2057,#2058,#2059,#2060,#2061,#2062,#2063,#2064,#2065,#2066,#2067,
    #2068,#2069,#2070,#2071,#2072,#2073,#2074),.UNSPECIFIED.,.F.,.F.,(9,
    7,7,7,7,7,7,7,7,7,7,7,7,7,9),(0.,3.84529947632E-02,
    7.899208158837E-02,0.14388107644,0.281801148974,0.451745557014,
    0.496009648348,0.539997908081,0.582275130421,0.648432904483,
    0.74057571049,0.874581855876,0.929129860806,0.972770506481,1.),
  .UNSPECIFIED.);
#1975 = CARTESIAN_POINT('',(-8.504921855152,19.170619222467,
    1.07407574937));
#1976 = CARTESIAN_POINT('',(-8.728266637609,19.171370979854,
    0.919535618619));
#1977 = CARTESIAN_POINT('',(-8.954765252929,19.173153570117,
    0.782202483846));
#1978 = CARTESIAN_POINT('',(-9.183006726479,19.176193244661,
    0.660733742166));
#1979 = CARTESIAN_POINT('',(-9.411888944625,19.180660501388,
    0.553837998252));
#1980 = CARTESIAN_POINT('',(-9.640580705098,19.186673978027,
    0.460293164716));
#1981 = CARTESIAN_POINT('',(-9.868483949603,19.194308464794,
    0.378962549716));
#1982 = CARTESIAN_POINT('',(-10.09519617865,19.203607036402,
    0.308808931781));
#1983 = CARTESIAN_POINT('',(-10.55797128894,19.22618379727,
    0.185754585002));
#1984 = CARTESIAN_POINT('',(-10.79402134807,19.239657407221,
    0.133956651855));
#1985 = CARTESIAN_POINT('',(-11.02820522471,19.255047320804,
    9.248583631694E-02));
#1986 = CARTESIAN_POINT('',(-11.26024929115,19.272351598456,
    6.042062561841E-02));
#1987 = CARTESIAN_POINT('',(-11.49000725624,19.291549887978,
    3.694191131461E-02));
#1988 = CARTESIAN_POINT('',(-11.717443866,19.312614380049,
    2.133048242769E-02));
#1989 = CARTESIAN_POINT('',(-11.94261934178,19.335519004789,
    1.296508073347E-02));
#1990 = CARTESIAN_POINT('',(-12.52270846553,19.399827590141,
    8.689445214998E-03));
#1991 = CARTESIAN_POINT('',(-12.8744071859,19.444090332556,
    2.327722237646E-02));
#1992 = CARTESIAN_POINT('',(-13.2203428477,19.492858685129,
    5.295655741401E-02));
#1993 = CARTESIAN_POINT('',(-13.56036666277,19.545903617289,
    9.594879959326E-02));
#1994 = CARTESIAN_POINT('',(-13.8945674261,19.602992601691,
    0.150792844547));
#1995 = CARTESIAN_POINT('',(-14.22323367691,19.663926252606,
    0.216320240706));
#1996 = CARTESIAN_POINT('',(-14.5468195189,19.728562480361,
    0.291636997331));
#1997 = CARTESIAN_POINT('',(-15.54414232391,19.941925304497,
    0.555661977817));
#1998 = CARTESIAN_POINT('',(-16.20241248859,20.103490326898,
    0.77667180996));
#1999 = CARTESIAN_POINT('',(-16.84002456698,20.279499978273,
    1.031478260073));
#2000 = CARTESIAN_POINT('',(-17.45733193919,20.467901901335,
    1.314788535769));
#2001 = CARTESIAN_POINT('',(-18.05545228311,20.667075424572,
    1.623250628402));
#2002 = CARTESIAN_POINT('',(-18.63591321285,20.875944854683,
    1.955166114979));
#2003 = CARTESIAN_POINT('',(-19.20019830749,21.093855153956,
    2.310270583269));
#2004 = CARTESIAN_POINT('',(-20.42558594365,21.59936857364,
    3.156799608738));
#2005 = CARTESIAN_POINT('',(-21.05444106978,21.881379753497,
    3.643943309851));
#2006 = CARTESIAN_POINT('',(-21.65308186705,22.169099213268,
    4.156973881153));
#2007 = CARTESIAN_POINT('',(-22.2337221369,22.467192818898,
    4.707962898455));
#2008 = CARTESIAN_POINT('',(-22.79852507486,22.778165014274,5.3089224954
    ));
#2009 = CARTESIAN_POINT('',(-23.33684271634,23.099450190503,
    5.968366591949));
#2010 = CARTESIAN_POINT('',(-23.82315218086,23.420190610421,
    6.688593563867));
#2011 = CARTESIAN_POINT('',(-24.31547865214,23.796368190881,
    7.662772027608));
#2012 = CARTESIAN_POINT('',(-24.41069172026,23.872567853266,
    7.867592556481));
#2013 = CARTESIAN_POINT('',(-24.50004343556,23.947940541857,
    8.078606821066));
#2014 = CARTESIAN_POINT('',(-24.58325113771,24.022756634299,
    8.29802173031));
#2015 = CARTESIAN_POINT('',(-24.65907015313,24.096794195541,
    8.527470832495));
#2016 = CARTESIAN_POINT('',(-24.72528167882,24.169297689232,
    8.767943105695));
#2017 = CARTESIAN_POINT('',(-24.77868787377,24.23895130924,
    9.019743149877));
#2018 = CARTESIAN_POINT('',(-24.85131345203,24.368378031783,
    9.543585149884));
#2019 = CARTESIAN_POINT('',(-24.87620196858,24.437935456441,
    9.854851677884));
#2020 = CARTESIAN_POINT('',(-24.87287502928,24.501185607446,
    10.193160227524));
#2021 = CARTESIAN_POINT('',(-24.82861792811,24.549595194088,
    10.542435714765));
#2022 = CARTESIAN_POINT('',(-24.73635398294,24.577212153536,
    10.888873770471));
#2023 = CARTESIAN_POINT('',(-24.59408163149,24.581009908303,
    11.221799325789));
#2024 = CARTESIAN_POINT('',(-24.40522214409,24.56090897929,11.5328545146
    ));
#2025 = CARTESIAN_POINT('',(-23.96068593112,24.480065327654,
    12.088697065735));
#2026 = CARTESIAN_POINT('',(-23.7228647062,24.42365575859,12.31687104723
    ));
#2027 = CARTESIAN_POINT('',(-23.47638930458,24.356726278946,
    12.507933178231));
#2028 = CARTESIAN_POINT('',(-23.22890082169,24.283902536797,
    12.668509914894));
#2029 = CARTESIAN_POINT('',(-22.984634839,24.208151944962,
    12.804532635917));
#2030 = CARTESIAN_POINT('',(-22.7443737302,24.130806190238,
    12.921246681499));
#2031 = CARTESIAN_POINT('',(-22.50544109272,24.051641044658,
    13.023173259824));
#2032 = CARTESIAN_POINT('',(-21.88127808103,23.839765775468,
    13.255539627674));
#2033 = CARTESIAN_POINT('',(-21.49765420121,23.704788553463,
    13.366582663399));
#2034 = CARTESIAN_POINT('',(-21.11673267544,23.567591575893,
    13.452220885399));
#2035 = CARTESIAN_POINT('',(-20.74154162036,23.430366324554,
    13.516981178817));
#2036 = CARTESIAN_POINT('',(-20.37276149145,23.294108072439,
    13.56454847257));
#2037 = CARTESIAN_POINT('',(-20.00892093662,23.158770869995,
    13.597702742715));
#2038 = CARTESIAN_POINT('',(-19.64666648296,23.023463862411,
    13.61823731664));
#2039 = CARTESIAN_POINT('',(-18.77200492438,22.696163534428,
    13.638860347823));
#2040 = CARTESIAN_POINT('',(-18.26510554322,22.505996680519,
    13.627546898476));
#2041 = CARTESIAN_POINT('',(-17.76237107147,22.317784750282,
    13.595827193715));
#2042 = CARTESIAN_POINT('',(-17.26455114222,22.132464335312,
    13.545889053831));
#2043 = CARTESIAN_POINT('',(-16.77147645083,21.950488868135,
    13.479230999167));
#2044 = CARTESIAN_POINT('',(-16.28234292916,21.772007649505,
    13.39669614663));
#2045 = CARTESIAN_POINT('',(-15.79600297796,21.597035205949,
    13.298505778709));
#2046 = CARTESIAN_POINT('',(-14.60629244982,21.176303396537,
    13.018188789085));
#2047 = CARTESIAN_POINT('',(-13.91113337746,20.936773466708,
    12.819710237779));
#2048 = CARTESIAN_POINT('',(-13.22410861875,20.707634751998,
    12.589303463376));
#2049 = CARTESIAN_POINT('',(-12.5439039481,20.48960255947,
    12.325509972701));
#2050 = CARTESIAN_POINT('',(-11.87068511114,20.283990752356,
    12.025534864282));
#2051 = CARTESIAN_POINT('',(-11.20670122119,20.092903424837,
    11.685514877967));
#2052 = CARTESIAN_POINT('',(-10.55684486298,19.919034407521,
    11.30059578506));
#2053 = CARTESIAN_POINT('',(-9.674330374064,19.702281884767,
    10.687588261211));
#2054 = CARTESIAN_POINT('',(-9.422615523898,19.642821207067,
    10.501727659295));
#2055 = CARTESIAN_POINT('',(-9.174609149629,19.58667346671,
    10.306609835836));
#2056 = CARTESIAN_POINT('',(-8.930658942123,19.533959781445,
    10.101442829105));
#2057 = CARTESIAN_POINT('',(-8.691367395457,19.484844668097,
    9.885391863648));
#2058 = CARTESIAN_POINT('',(-8.45761941164,19.439517373399,
    9.657589965953));
#2059 = CARTESIAN_POINT('',(-8.230615186627,19.398164327085,
    9.417147433303));
#2060 = CARTESIAN_POINT('',(-7.836933942372,19.331145899263,
    8.959959895864));
#2061 = CARTESIAN_POINT('',(-7.667334076588,19.304007919698,
    8.748163934116));
#2062 = CARTESIAN_POINT('',(-7.503572598739,19.279535190552,8.526941244)
  );
#2063 = CARTESIAN_POINT('',(-7.346399586056,19.257770452588,
    8.295468397666));
#2064 = CARTESIAN_POINT('',(-7.196867262638,19.238761114103,
    8.052939020395));
#2065 = CARTESIAN_POINT('',(-7.056357157301,19.222533629172,
    7.798588545873));
#2066 = CARTESIAN_POINT('',(-6.926618531186,19.209063915369,
    7.531734272307));
#2067 = CARTESIAN_POINT('',(-6.736940664344,19.191492628453,
    7.077185457838));
#2068 = CARTESIAN_POINT('',(-6.669037592117,19.185767253169,
    6.897309592526));
#2069 = CARTESIAN_POINT('',(-6.606642684504,19.181043691876,
    6.712037825612));
#2070 = CARTESIAN_POINT('',(-6.550365133391,19.177286920939,
    6.521231757197));
#2071 = CARTESIAN_POINT('',(-6.500894444417,19.174446210363,
    6.324792965007));
#2072 = CARTESIAN_POINT('',(-6.45900486056,19.172451871841,
    6.122676294301));
#2073 = CARTESIAN_POINT('',(-6.42555926137,19.171213430804,
    5.914903358062));
#2074 = CARTESIAN_POINT('',(-6.401512537845,19.170619222467,
    5.701576247447));
#2075 = PCURVE('',#493,#2076);
#2076 = DEFINITIONAL_REPRESENTATION('',(#2077),#2178);
#2077 = B_SPLINE_CURVE_WITH_KNOTS('',8,(#2078,#2079,#2080,#2081,#2082,
    #2083,#2084,#2085,#2086,#2087,#2088,#2089,#2090,#2091,#2092,#2093,
    #2094,#2095,#2096,#2097,#2098,#2099,#2100,#2101,#2102,#2103,#2104,
    #2105,#2106,#2107,#2108,#2109,#2110,#2111,#2112,#2113,#2114,#2115,
    #2116,#2117,#2118,#2119,#2120,#2121,#2122,#2123,#2124,#2125,#2126,
    #2127,#2128,#2129,#2130,#2131,#2132,#2133,#2134,#2135,#2136,#2137,
    #2138,#2139,#2140,#2141,#2142,#2143,#2144,#2145,#2146,#2147,#2148,
    #2149,#2150,#2151,#2152,#2153,#2154,#2155,#2156,#2157,#2158,#2159,
    #2160,#2161,#2162,#2163,#2164,#2165,#2166,#2167,#2168,#2169,#2170,
    #2171,#2172,#2173,#2174,#2175,#2176,#2177),.UNSPECIFIED.,.F.,.F.,(9,
    7,7,7,7,7,7,7,7,7,7,7,7,7,9),(0.,3.84529947632E-02,
    7.899208158837E-02,0.14388107644,0.281801148974,0.451745557014,
    0.496009648348,0.539997908081,0.582275130421,0.648432904483,
    0.74057571049,0.874581855876,0.929129860806,0.972770506481,1.),
  .UNSPECIFIED.);
#2078 = CARTESIAN_POINT('',(4.867038577542,12.99038012725));
#2079 = CARTESIAN_POINT('',(4.881337032613,13.124937680785));
#2080 = CARTESIAN_POINT('',(4.894791123722,13.269401035915));
#2081 = CARTESIAN_POINT('',(4.907436926458,13.422056543087));
#2082 = CARTESIAN_POINT('',(4.919314429001,13.581467204563));
#2083 = CARTESIAN_POINT('',(4.930466296275,13.746447626054));
#2084 = CARTESIAN_POINT('',(4.94093650465,13.916039420839));
#2085 = CARTESIAN_POINT('',(4.9507688472,14.089487066392));
#2086 = CARTESIAN_POINT('',(4.969742854035,14.452528886919));
#2087 = CARTESIAN_POINT('',(4.978824177614,14.642603686325));
#2088 = CARTESIAN_POINT('',(4.987291850263,14.835669874871));
#2089 = CARTESIAN_POINT('',(4.995186673817,15.031119211586));
#2090 = CARTESIAN_POINT('',(5.002547500959,15.228491156929));
#2091 = CARTESIAN_POINT('',(5.009410974377,15.427460482136));
#2092 = CARTESIAN_POINT('',(5.015811186101,15.627825282343));
#2093 = CARTESIAN_POINT('',(5.031332065182,16.152299181885));
#2094 = CARTESIAN_POINT('',(5.039780332665,16.478534839343));
#2095 = CARTESIAN_POINT('',(5.047223853967,16.80693117875));
#2096 = CARTESIAN_POINT('',(5.053752463867,17.136587210728));
#2097 = CARTESIAN_POINT('',(5.059446269106,17.466936185404));
#2098 = CARTESIAN_POINT('',(5.064375600402,17.797712198834));
#2099 = CARTESIAN_POINT('',(5.06860068477,18.128919364084));
#2100 = CARTESIAN_POINT('',(5.079759742451,19.166215777218));
#2101 = CARTESIAN_POINT('',(5.084394466653,19.875030965));
#2102 = CARTESIAN_POINT('',(5.086475068684,20.583039803972));
#2103 = CARTESIAN_POINT('',(5.086313648828,21.28789531476));
#2104 = CARTESIAN_POINT('',(5.084140815216,21.988810237733));
#2105 = CARTESIAN_POINT('',(5.080107004583,22.686161615024));
#2106 = CARTESIAN_POINT('',(5.07428141275,23.38097174149));
#2107 = CARTESIAN_POINT('',(5.057249043753,24.928469692513));
#2108 = CARTESIAN_POINT('',(5.045444563721,25.749662930792));
#2109 = CARTESIAN_POINT('',(5.031378887021,26.556184887699));
#2110 = CARTESIAN_POINT('',(5.014706458848,27.364810409278));
#2111 = CARTESIAN_POINT('',(4.994834660674,28.182895570466));
#2112 = CARTESIAN_POINT('',(4.97106951981,29.003809813867));
#2113 = CARTESIAN_POINT('',(4.942730021795,29.803184016558));
#2114 = CARTESIAN_POINT('',(4.90051270475,30.723883166453));
#2115 = CARTESIAN_POINT('',(4.89144166304,30.90940826562));
#2116 = CARTESIAN_POINT('',(4.881891042286,31.092040303276));
#2117 = CARTESIAN_POINT('',(4.871732075644,31.272483464873));
#2118 = CARTESIAN_POINT('',(4.860844807372,31.450238049354));
#2119 = CARTESIAN_POINT('',(4.849121390898,31.623550450455));
#2120 = CARTESIAN_POINT('',(4.836467440028,31.789385877491));
#2121 = CARTESIAN_POINT('',(4.80922058622,32.096501866646));
#2122 = CARTESIAN_POINT('',(4.792593006245,32.2610063406));
#2123 = CARTESIAN_POINT('',(4.773790236581,32.409859152199));
#2124 = CARTESIAN_POINT('',(4.753388431069,32.523220377199));
#2125 = CARTESIAN_POINT('',(4.731964820819,32.58779016909));
#2126 = CARTESIAN_POINT('',(4.710040054098,32.596748804435));
#2127 = CARTESIAN_POINT('',(4.688142557978,32.549743630715));
#2128 = CARTESIAN_POINT('',(4.646282647521,32.359853011856));
#2129 = CARTESIAN_POINT('',(4.627687889875,32.227162508447));
#2130 = CARTESIAN_POINT('',(4.610897659993,32.069275614506));
#2131 = CARTESIAN_POINT('',(4.595740656096,31.896771471288));
#2132 = CARTESIAN_POINT('',(4.582000872163,31.716522341159));
#2133 = CARTESIAN_POINT('',(4.569412220274,31.531661343892));
#2134 = CARTESIAN_POINT('',(4.557658748261,31.341583598883));
#2135 = CARTESIAN_POINT('',(4.52878806357,30.830173905518));
#2136 = CARTESIAN_POINT('',(4.512761658004,30.501911482198));
#2137 = CARTESIAN_POINT('',(4.498176193206,30.165296255131));
#2138 = CARTESIAN_POINT('',(4.484867045794,29.825374230712));
#2139 = CARTESIAN_POINT('',(4.472654754942,29.484477170983));
#2140 = CARTESIAN_POINT('',(4.4613524296,29.142410558587));
#2141 = CARTESIAN_POINT('',(4.45077751058,28.796709888786));
#2142 = CARTESIAN_POINT('',(4.426825919531,27.950305950734));
#2143 = CARTESIAN_POINT('',(4.414215666481,27.450373652948));
#2144 = CARTESIAN_POINT('',(4.402837337622,26.946476197462));
#2145 = CARTESIAN_POINT('',(4.392599625819,26.440393250031));
#2146 = CARTESIAN_POINT('',(4.383424462056,25.932694578189));
#2147 = CARTESIAN_POINT('',(4.375252718587,25.423050569277));
#2148 = CARTESIAN_POINT('',(4.368050514482,24.910546240514));
#2149 = CARTESIAN_POINT('',(4.352749255116,23.642767665063));
#2150 = CARTESIAN_POINT('',(4.345811952859,22.889833514096));
#2151 = CARTESIAN_POINT('',(4.340960361046,22.13406505995));
#2152 = CARTESIAN_POINT('',(4.338264021797,21.373917386637));
#2153 = CARTESIAN_POINT('',(4.337905214183,20.608770459438));
#2154 = CARTESIAN_POINT('',(4.34017706618,19.839616555297));
#2155 = CARTESIAN_POINT('',(4.345484868119,19.069529354044));
#2156 = CARTESIAN_POINT('',(4.357965663269,17.992875624353));
#2157 = CARTESIAN_POINT('',(4.362168852977,17.682021533507));
#2158 = CARTESIAN_POINT('',(4.367007965395,17.371610244304));
#2159 = CARTESIAN_POINT('',(4.372534843673,17.061663179131));
#2160 = CARTESIAN_POINT('',(4.378809342792,16.752419834707));
#2161 = CARTESIAN_POINT('',(4.385899080121,16.444361277406));
#2162 = CARTESIAN_POINT('',(4.393879387851,16.138235455));
#2163 = CARTESIAN_POINT('',(4.409997098851,15.592550962237));
#2164 = CARTESIAN_POINT('',(4.41778141821,15.352009814875));
#2165 = CARTESIAN_POINT('',(4.426241615815,15.113540788994));
#2166 = CARTESIAN_POINT('',(4.435438975522,14.877485040171));
#2167 = CARTESIAN_POINT('',(4.445440387257,14.644456927364));
#2168 = CARTESIAN_POINT('',(4.456317529628,14.415370907452));
#2169 = CARTESIAN_POINT('',(4.468145722527,14.191483370247));
#2170 = CARTESIAN_POINT('',(4.48902437892,13.839031511381));
#2171 = CARTESIAN_POINT('',(4.497453641557,13.7061653121));
#2172 = CARTESIAN_POINT('',(4.506311067461,13.576246975598));
#2173 = CARTESIAN_POINT('',(4.515617774817,13.449746597544));
#2174 = CARTESIAN_POINT('',(4.52539460551,13.327216526056));
#2175 = CARTESIAN_POINT('',(4.535661600798,13.209299680346));
#2176 = CARTESIAN_POINT('',(4.546437517287,13.096737871765));
#2177 = CARTESIAN_POINT('',(4.557739383227,12.99038012725));
#2178 = ( GEOMETRIC_REPRESENTATION_CONTEXT(2) 
PARAMETRIC_REPRESENTATION_CONTEXT() REPRESENTATION_CONTEXT('2D SPACE',''
  ) );
#2179 = PCURVE('',#2180,#2185);
#2180 = CYLINDRICAL_SURFACE('',#2181,6.);
#2181 = AXIS2_PLACEMENT_3D('',#2182,#2183,#2184);
#2182 = CARTESIAN_POINT('',(0.,0.,0.));
#2183 = DIRECTION('',(-0.563464915829,0.785435943277,0.256120416286));
#2184 = DIRECTION('',(0.81253825063,0.582907875452,0.));
#2185 = DEFINITIONAL_REPRESENTATION('',(#2186),#2287);
#2186 = B_SPLINE_CURVE_WITH_KNOTS('',8,(#2187,#2188,#2189,#2190,#2191,
    #2192,#2193,#2194,#2195,#2196,#2197,#2198,#2199,#2200,#2201,#2202,
    #2203,#2204,#2205,#2206,#2207,#2208,#2209,#2210,#2211,#2212,#2213,
    #2214,#2215,#2216,#2217,#2218,#2219,#2220,#2221,#2222,#2223,#2224,
    #2225,#2226,#2227,#2228,#2229,#2230,#2231,#2232,#2233,#2234,#2235,
    #2236,#2237,#2238,#2239,#2240,#2241,#2242,#2243,#2244,#2245,#2246,
    #2247,#2248,#2249,#2250,#2251,#2252,#2253,#2254,#2255,#2256,#2257,
    #2258,#2259,#2260,#2261,#2262,#2263,#2264,#2265,#2266,#2267,#2268,
    #2269,#2270,#2271,#2272,#2273,#2274,#2275,#2276,#2277,#2278,#2279,
    #2280,#2281,#2282,#2283,#2284,#2285,#2286),.UNSPECIFIED.,.F.,.F.,(9,
    7,7,7,7,7,7,7,7,7,7,7,7,7,9),(0.,3.84529947632E-02,
    7.899208158837E-02,0.14388107644,0.281801148974,0.451745557014,
    0.496009648348,0.539997908081,0.582275130421,0.648432904483,
    0.74057571049,0.874581855876,0.929129860806,0.972770506481,1.),
  .UNSPECIFIED.);
#2187 = CARTESIAN_POINT('',(0.780320027738,20.124611197498));
#2188 = CARTESIAN_POINT('',(0.823209437624,20.211467721197));
#2189 = CARTESIAN_POINT('',(0.864439916303,20.305318035231));
#2190 = CARTESIAN_POINT('',(0.904116021241,20.405200942871));
#2191 = CARTESIAN_POINT('',(0.942335079708,20.510298604224));
#2192 = CARTESIAN_POINT('',(0.979191869181,20.619922846779));
#2193 = CARTESIAN_POINT('',(1.014781006142,20.733504298607));
#2194 = CARTESIAN_POINT('',(1.049197043232,20.850584344197));
#2195 = CARTESIAN_POINT('',(1.117675957481,21.097557751713));
#2196 = CARTESIAN_POINT('',(1.151640264865,21.227879827753));
#2197 = CARTESIAN_POINT('',(1.184511966727,21.361300494846));
#2198 = CARTESIAN_POINT('',(1.216372573909,21.497428031738));
#2199 = CARTESIAN_POINT('',(1.247300836216,21.635954232757));
#2200 = CARTESIAN_POINT('',(1.277374305011,21.776653186463));
#2201 = CARTESIAN_POINT('',(1.306669960503,21.919379232345));
#2202 = CARTESIAN_POINT('',(1.381032873397,22.295654298482));
#2203 = CARTESIAN_POINT('',(1.425016609145,22.532325964754));
#2204 = CARTESIAN_POINT('',(1.467397160528,22.773154473962));
#2205 = CARTESIAN_POINT('',(1.508339794985,23.017420551589));
#2206 = CARTESIAN_POINT('',(1.548000820692,23.264617376509));
#2207 = CARTESIAN_POINT('',(1.586532913334,23.514451661424));
#2208 = CARTESIAN_POINT('',(1.624087946828,23.766838706223));
#2209 = CARTESIAN_POINT('',(1.738884786461,24.564000135547));
#2210 = CARTESIAN_POINT('',(1.81326091938,25.118416384465));
#2211 = CARTESIAN_POINT('',(1.884668070972,25.681193861173));
#2212 = CARTESIAN_POINT('',(1.953721427961,26.249564095601));
#2213 = CARTESIAN_POINT('',(2.021011308962,26.822025408519));
#2214 = CARTESIAN_POINT('',(2.087128169365,27.398158667892));
#2215 = CARTESIAN_POINT('',(2.152673040873,27.978217606949));
#2216 = CARTESIAN_POINT('',(2.299156553326,29.282542324245));
#2217 = CARTESIAN_POINT('',(2.377230522535,29.983149289542));
#2218 = CARTESIAN_POINT('',(2.455251729875,30.677845184762));
#2219 = CARTESIAN_POINT('',(2.53565248706,31.380268574343));
#2220 = CARTESIAN_POINT('',(2.620458465867,32.096681975989));
#2221 = CARTESIAN_POINT('',(2.711274169211,32.821251102514));
#2222 = CARTESIAN_POINT('',(2.809484498747,33.531655310142));
#2223 = CARTESIAN_POINT('',(2.944537086669,34.35403439026));
#2224 = CARTESIAN_POINT('',(2.97304294361,34.519992286496));
#2225 = CARTESIAN_POINT('',(3.002565284061,34.683584323281));
#2226 = CARTESIAN_POINT('',(3.03347382534,34.845428830204));
#2227 = CARTESIAN_POINT('',(3.066085529573,35.00506854667));
#2228 = CARTESIAN_POINT('',(3.100668067526,35.160913127094));
#2229 = CARTESIAN_POINT('',(3.137451295805,35.310205233105));
#2230 = CARTESIAN_POINT('',(3.215597952642,35.586950229461));
#2231 = CARTESIAN_POINT('',(3.262803302507,35.735328649521));
#2232 = CARTESIAN_POINT('',(3.315484862744,35.869780704527));
#2233 = CARTESIAN_POINT('',(3.371950447732,35.972322593291));
#2234 = CARTESIAN_POINT('',(3.430790416099,36.03075630882));
#2235 = CARTESIAN_POINT('',(3.49086885167,36.038842755209));
#2236 = CARTESIAN_POINT('',(3.551064028439,35.996306652343));
#2237 = CARTESIAN_POINT('',(3.66697314294,35.824691208326));
#2238 = CARTESIAN_POINT('',(3.718866749555,35.704821203882));
#2239 = CARTESIAN_POINT('',(3.766290312076,35.562307056003));
#2240 = CARTESIAN_POINT('',(3.809696520928,35.406784574856));
#2241 = CARTESIAN_POINT('',(3.849614175833,35.244490221864));
#2242 = CARTESIAN_POINT('',(3.886723408275,35.078254230535));
#2243 = CARTESIAN_POINT('',(3.921897676618,34.907550398947));
#2244 = CARTESIAN_POINT('',(4.009798454017,34.448955759053));
#2245 = CARTESIAN_POINT('',(4.060088716636,34.155221588747));
#2246 = CARTESIAN_POINT('',(4.107389160691,33.85475993287));
#2247 = CARTESIAN_POINT('',(4.152065172857,33.552157725182));
#2248 = CARTESIAN_POINT('',(4.194544108057,33.249523887184));
#2249 = CARTESIAN_POINT('',(4.235335755711,32.946705281789));
#2250 = CARTESIAN_POINT('',(4.275035874341,32.641571943038));
#2251 = CARTESIAN_POINT('',(4.36903735199,31.896939379041));
#2252 = CARTESIAN_POINT('',(4.422025138833,31.459057874263));
#2253 = CARTESIAN_POINT('',(4.473576226882,31.019832158507));
#2254 = CARTESIAN_POINT('',(4.523982496794,30.580980601858));
#2255 = CARTESIAN_POINT('',(4.573545697834,30.143147750955));
#2256 = CARTESIAN_POINT('',(4.622582478047,29.706213747236));
#2257 = CARTESIAN_POINT('',(4.671425034614,29.269600043406));
#2258 = CARTESIAN_POINT('',(4.791668480777,28.19698711114));
#2259 = CARTESIAN_POINT('',(4.862587015765,27.566319537383));
#2260 = CARTESIAN_POINT('',(4.93401163742,26.94021952804));
#2261 = CARTESIAN_POINT('',(5.006717993503,26.318134841098));
#2262 = CARTESIAN_POINT('',(5.08145441176,25.70047499248));
#2263 = CARTESIAN_POINT('',(5.158964761944,25.089170450042));
#2264 = CARTESIAN_POINT('',(5.240034436868,24.487850577925));
#2265 = CARTESIAN_POINT('',(5.360423488592,23.663335661348));
#2266 = CARTESIAN_POINT('',(5.39601766827,23.427197926275));
#2267 = CARTESIAN_POINT('',(5.432506039397,23.193380923893));
#2268 = CARTESIAN_POINT('',(5.470017247251,22.961972858473));
#2269 = CARTESIAN_POINT('',(5.508680825658,22.733228628678));
#2270 = CARTESIAN_POINT('',(5.548629366796,22.507573437315));
#2271 = CARTESIAN_POINT('',(5.590002506921,22.285602110281));
#2272 = CARTESIAN_POINT('',(5.667314669978,21.894042796641));
#2273 = CARTESIAN_POINT('',(5.702673664058,21.722918808074));
#2274 = CARTESIAN_POINT('',(5.739170389222,21.554763552156));
#2275 = CARTESIAN_POINT('',(5.776944858672,21.389822344539));
#2276 = CARTESIAN_POINT('',(5.816137910035,21.228518783738));
#2277 = CARTESIAN_POINT('',(5.856893616452,21.071456269711));
#2278 = CARTESIAN_POINT('',(5.899362618567,20.919426680667));
#2279 = CARTESIAN_POINT('',(5.971374576978,20.682329505495));
#2280 = CARTESIAN_POINT('',(5.999796503296,20.593501709578));
#2281 = CARTESIAN_POINT('',(6.029016409455,20.507182431323));
#2282 = CARTESIAN_POINT('',(6.059079559104,20.423651973126));
#2283 = CARTESIAN_POINT('',(6.090031613177,20.343233794106));
#2284 = CARTESIAN_POINT('',(6.121918653945,20.266297852266));
#2285 = CARTESIAN_POINT('',(6.154787846405,20.193264823507));
#2286 = CARTESIAN_POINT('',(6.188688736984,20.124611197498));
#2287 = ( GEOMETRIC_REPRESENTATION_CONTEXT(2) 
PARAMETRIC_REPRESENTATION_CONTEXT() REPRESENTATION_CONTEXT('2D SPACE',''
  ) );
#2288 = ORIENTED_EDGE('',*,*,#2289,.F.);
#2289 = EDGE_CURVE('',#2290,#1971,#2292,.T.);
#2290 = VERTEX_POINT('',#2291);
#2291 = CARTESIAN_POINT('',(-24.73090941823,24.019539284216,
    8.19585332115));
#2292 = SURFACE_CURVE('',#2293,(#2422,#2554),.PCURVE_S1.);
#2293 = B_SPLINE_CURVE_WITH_KNOTS('',7,(#2294,#2295,#2296,#2297,#2298,
    #2299,#2300,#2301,#2302,#2303,#2304,#2305,#2306,#2307,#2308,#2309,
    #2310,#2311,#2312,#2313,#2314,#2315,#2316,#2317,#2318,#2319,#2320,
    #2321,#2322,#2323,#2324,#2325,#2326,#2327,#2328,#2329,#2330,#2331,
    #2332,#2333,#2334,#2335,#2336,#2337,#2338,#2339,#2340,#2341,#2342,
    #2343,#2344,#2345,#2346,#2347,#2348,#2349,#2350,#2351,#2352,#2353,
    #2354,#2355,#2356,#2357,#2358,#2359,#2360,#2361,#2362,#2363,#2364,
    #2365,#2366,#2367,#2368,#2369,#2370,#2371,#2372,#2373,#2374,#2375,
    #2376,#2377,#2378,#2379,#2380,#2381,#2382,#2383,#2384,#2385,#2386,
    #2387,#2388,#2389,#2390,#2391,#2392,#2393,#2394,#2395,#2396,#2397,
    #2398,#2399,#2400,#2401,#2402,#2403,#2404,#2405,#2406,#2407,#2408,
    #2409,#2410,#2411,#2412,#2413,#2414,#2415,#2416,#2417,#2418,#2419,
    #2420,#2421),.UNSPECIFIED.,.T.,.F.,(8,6,6,6,6,6,6,6,6,6,6,6,6,6,6,6,
    6,6,6,6,6,8),(0.,5.329754746255E-02,0.10113630671,0.145302380025,
    0.181738711515,0.276209786268,0.3639341646,0.416445342438,
    0.469043247097,0.515842198342,0.570554822131,0.599117061434,
    0.72218350714,0.826216396648,0.857673555863,0.893594359046,
    0.928998257434,0.944446251717,0.953448891756,0.972558684297,
    0.991297382944,1.),.UNSPECIFIED.);
#2294 = CARTESIAN_POINT('',(-24.73090941823,24.019539284216,
    8.19585332115));
#2295 = CARTESIAN_POINT('',(-24.67042413509,24.062930900381,
    8.392694767588));
#2296 = CARTESIAN_POINT('',(-24.59412061389,24.099125805164,
    8.585217856722));
#2297 = CARTESIAN_POINT('',(-24.50420882741,24.128003688305,
    8.771989253624));
#2298 = CARTESIAN_POINT('',(-24.40279455355,24.149692540816,
    8.951792061305));
#2299 = CARTESIAN_POINT('',(-24.29188842291,24.16453091472,
    9.123629772236));
#2300 = CARTESIAN_POINT('',(-24.17341661664,24.173022757952,
    9.286730762403));
#2301 = CARTESIAN_POINT('',(-23.93776880073,24.178263997243,
    9.578621232076));
#2302 = CARTESIAN_POINT('',(-23.82132862973,24.176135384362,
    9.709677424554));
#2303 = CARTESIAN_POINT('',(-23.70082986969,24.16979749607,
    9.833693169061));
#2304 = CARTESIAN_POINT('',(-23.57702185542,24.159646976076,
    9.950716058062));
#2305 = CARTESIAN_POINT('',(-23.45051324085,24.146060710524,
    10.060852182773));
#2306 = CARTESIAN_POINT('',(-23.32179764029,24.129386234198,
    10.164245770127));
#2307 = CARTESIAN_POINT('',(-23.0707781727,24.091987530098,
    10.350434448631));
#2308 = CARTESIAN_POINT('',(-22.94873275204,24.071671190908,
    10.434207620974));
#2309 = CARTESIAN_POINT('',(-22.8254644094,24.049241625453,
    10.512495382145));
#2310 = CARTESIAN_POINT('',(-22.70123935033,24.024927950323,
    10.585426472296));
#2311 = CARTESIAN_POINT('',(-22.57627581875,23.998938708999,
    10.653133790116));
#2312 = CARTESIAN_POINT('',(-22.45075284257,23.971462391299,
    10.715749389653));
#2313 = CARTESIAN_POINT('',(-22.22092547836,23.91891298374,
    10.82095991302));
#2314 = CARTESIAN_POINT('',(-22.11675826087,23.894262348263,
    10.865138172665));
#2315 = CARTESIAN_POINT('',(-22.01240655455,23.868812655813,
    10.906002864965));
#2316 = CARTESIAN_POINT('',(-21.90794987295,23.842653249418,
    10.94361976313));
#2317 = CARTESIAN_POINT('',(-21.80345812478,23.815866361004,
    10.978051669604));
#2318 = CARTESIAN_POINT('',(-21.69899172309,23.788527266698,
    11.009358280996));
#2319 = CARTESIAN_POINT('',(-21.32394222373,23.688566220976,
    11.110810137988));
#2320 = CARTESIAN_POINT('',(-21.05385690495,23.613192207306,
    11.163377413608));
#2321 = CARTESIAN_POINT('',(-20.78528434575,23.535792177328,
    11.196279205457));
#2322 = CARTESIAN_POINT('',(-20.51892964289,23.457318903161,
    11.210300727369));
#2323 = CARTESIAN_POINT('',(-20.25538876636,23.378539941716,
    11.206013893586));
#2324 = CARTESIAN_POINT('',(-19.99527208401,23.300097090505,
    11.183762706005));
#2325 = CARTESIAN_POINT('',(-19.50166040645,23.150547741702,
    11.106404307945));
#2326 = CARTESIAN_POINT('',(-19.2679740099,23.079433268171,
    11.053817176599));
#2327 = CARTESIAN_POINT('',(-19.03837756232,23.00951471853,
    10.985988663806));
#2328 = CARTESIAN_POINT('',(-18.81321143331,22.941066206553,
    10.902672714622));
#2329 = CARTESIAN_POINT('',(-18.59318028701,22.874395721213,
    10.803335486937));
#2330 = CARTESIAN_POINT('',(-18.37954154829,22.809877259961,
    10.687236541849));
#2331 = CARTESIAN_POINT('',(-18.05152172253,22.710881917705,
    10.473500810634));
#2332 = CARTESIAN_POINT('',(-17.93177740372,22.674758804747,
    10.387196611395));
#2333 = CARTESIAN_POINT('',(-17.81519565713,22.639566752699,
    10.29421976838));
#2334 = CARTESIAN_POINT('',(-17.70208639026,22.605338170694,
    10.194095966806));
#2335 = CARTESIAN_POINT('',(-17.59302976843,22.572155981293,
    10.086319153424));
#2336 = CARTESIAN_POINT('',(-17.48891716657,22.540149064021,
    9.970393994351));
#2337 = CARTESIAN_POINT('',(-17.29290669069,22.478759586137,
    9.721160287054));
#2338 = CARTESIAN_POINT('',(-17.20089333043,22.449338970119,
    9.587650289778));
#2339 = CARTESIAN_POINT('',(-17.11590672939,22.421284416963,
    9.444447958475));
#2340 = CARTESIAN_POINT('',(-17.03955156341,22.394775440955,
    9.290723214779));
#2341 = CARTESIAN_POINT('',(-16.97411924452,22.370073319908,
    9.125824693856));
#2342 = CARTESIAN_POINT('',(-16.92262445671,22.347484607325,
    8.949392201399));
#2343 = CARTESIAN_POINT('',(-16.8587843661,22.30937721998,8.594275507771
    ));
#2344 = CARTESIAN_POINT('',(-16.84228227147,22.293075440757,
    8.415392163313));
#2345 = CARTESIAN_POINT('',(-16.84368794039,22.279281627494,
    8.229384853601));
#2346 = CARTESIAN_POINT('',(-16.86529393093,22.268325617974,
    8.040641009976));
#2347 = CARTESIAN_POINT('',(-16.90733780414,22.260157986653,
    7.853397164722));
#2348 = CARTESIAN_POINT('',(-16.96802551043,22.254546475152,
    7.671618537985));
#2349 = CARTESIAN_POINT('',(-17.13181759122,22.247124537298,
    7.297106269797));
#2350 = CARTESIAN_POINT('',(-17.23900926,22.246178407047,7.110806147625)
  );
#2351 = CARTESIAN_POINT('',(-17.36029509325,22.247431351655,
    6.93973700512));
#2352 = CARTESIAN_POINT('',(-17.49172949244,22.250330803712,
    6.783175393483));
#2353 = CARTESIAN_POINT('',(-17.63012605967,22.254498299016,
    6.640184878621));
#2354 = CARTESIAN_POINT('',(-17.77299008072,22.259656597899,
    6.509730618124));
#2355 = CARTESIAN_POINT('',(-17.99445558191,22.268721454855,
    6.32859347994));
#2356 = CARTESIAN_POINT('',(-18.071397032,22.272058506822,6.269370670322
    ));
#2357 = CARTESIAN_POINT('',(-18.14912254127,22.275600814071,
    6.212893341003));
#2358 = CARTESIAN_POINT('',(-18.2274794374,22.279331305963,
    6.159005293377));
#2359 = CARTESIAN_POINT('',(-18.30635967692,22.283238055023,
    6.107554025021));
#2360 = CARTESIAN_POINT('',(-18.38569965989,22.287313826911,
    6.058391135437));
#2361 = CARTESIAN_POINT('',(-18.80923069671,22.309832337375,
    5.808784000666));
#2362 = CARTESIAN_POINT('',(-19.16450158539,22.331369528662,5.6440378265
    ));
#2363 = CARTESIAN_POINT('',(-19.52211447565,22.355630723005,
    5.511726999115));
#2364 = CARTESIAN_POINT('',(-19.87797998896,22.382718540208,
    5.40700696344));
#2365 = CARTESIAN_POINT('',(-20.23165070053,22.412957890168,
    5.326219975778));
#2366 = CARTESIAN_POINT('',(-20.58480182734,22.447088587301,
    5.267365101275));
#2367 = CARTESIAN_POINT('',(-21.23926482575,22.519760082766,
    5.19965475208));
#2368 = CARTESIAN_POINT('',(-21.53677955678,22.556428877123,
    5.184822933054));
#2369 = CARTESIAN_POINT('',(-21.8321237029,22.597029531971,
    5.185790113755));
#2370 = CARTESIAN_POINT('',(-22.12524930553,22.642258453964,
    5.202998232604));
#2371 = CARTESIAN_POINT('',(-22.41545136689,22.692950801185,
    5.237629242054));
#2372 = CARTESIAN_POINT('',(-22.70099211057,22.750077856288,
    5.291538145371));
#2373 = CARTESIAN_POINT('',(-23.06280737832,22.834068212532,
    5.390188105664));
#2374 = CARTESIAN_POINT('',(-23.14616547802,22.854255898769,
    5.415105184555));
#2375 = CARTESIAN_POINT('',(-23.22883475719,22.87516846697,
    5.442123585197));
#2376 = CARTESIAN_POINT('',(-23.31074976435,22.896843426184,
    5.471341258487));
#2377 = CARTESIAN_POINT('',(-23.39182258759,22.919317657464,
    5.502866207399));
#2378 = CARTESIAN_POINT('',(-23.47194273667,22.942626782972,
    5.536816708742));
#2379 = CARTESIAN_POINT('',(-23.64122596029,22.994413012654,
    5.615006248629));
#2380 = CARTESIAN_POINT('',(-23.73005641947,23.023153343087,
    5.660020208353));
#2381 = CARTESIAN_POINT('',(-23.81731485893,23.053089140452,
    5.708577038819));
#2382 = CARTESIAN_POINT('',(-23.90278721527,23.084279013465,
    5.760908797085));
#2383 = CARTESIAN_POINT('',(-23.98619832515,23.116772887782,
    5.817267376557));
#2384 = CARTESIAN_POINT('',(-24.06721134501,23.15060832829,
    5.877925911003));
#2385 = CARTESIAN_POINT('',(-24.22251746111,23.220498883278,
    6.007495429161));
#2386 = CARTESIAN_POINT('',(-24.29697437073,23.256552944555,
    6.076345550529));
#2387 = CARTESIAN_POINT('',(-24.36832321499,23.293957534845,
    6.149964582853));
#2388 = CARTESIAN_POINT('',(-24.43605058264,23.332682315009,
    6.228592782159));
#2389 = CARTESIAN_POINT('',(-24.49959883208,23.372668874946,
    6.312473039541));
#2390 = CARTESIAN_POINT('',(-24.55836058747,23.413821491373,
    6.401847300378));
#2391 = CARTESIAN_POINT('',(-24.63493546053,23.474400963429,
    6.538451013918));
#2392 = CARTESIAN_POINT('',(-24.6571517219,23.492992216565,
    6.581025064809));
#2393 = CARTESIAN_POINT('',(-24.67825521355,23.511749157852,
    6.624670130264));
#2394 = CARTESIAN_POINT('',(-24.69818186614,23.530647818315,
    6.669379166759));
#2395 = CARTESIAN_POINT('',(-24.71687034642,23.54966274718,
    6.715143093211));
#2396 = CARTESIAN_POINT('',(-24.73426205727,23.568767011867,
    6.761950790984));
#2397 = CARTESIAN_POINT('',(-24.75964824541,23.599101108913,
    6.837667875927));
#2398 = CARTESIAN_POINT('',(-24.76853461921,23.610289032222,
    6.865892400507));
#2399 = CARTESIAN_POINT('',(-24.77694843955,23.621489298481,
    6.894457422214));
#2400 = CARTESIAN_POINT('',(-24.78487845139,23.632694845883,
    6.92335652329));
#2401 = CARTESIAN_POINT('',(-24.79231396414,23.643898220255,
    6.952582123626));
#2402 = CARTESIAN_POINT('',(-24.79924485162,23.65509157506,
    6.982125480768));
#2403 = CARTESIAN_POINT('',(-24.81928220285,23.689987910022,
    7.075341481952));
#2404 = CARTESIAN_POINT('',(-24.83059081738,23.713634781344,
    7.140114253662));
#2405 = CARTESIAN_POINT('',(-24.83948975996,23.737119805132,
    7.206177206785));
#2406 = CARTESIAN_POINT('',(-24.84590598097,23.760355421596,
    7.273402852059));
#2407 = CARTESIAN_POINT('',(-24.8497910402,23.783255267207,
    7.341653648237));
#2408 = CARTESIAN_POINT('',(-24.85112113014,23.80573545052,
    7.410781641107));
#2409 = CARTESIAN_POINT('',(-24.84869683788,23.849269367563,
    7.549118212453));
#2410 = CARTESIAN_POINT('',(-24.84504112017,23.870334191817,
    7.618273275629));
#2411 = CARTESIAN_POINT('',(-24.83893440211,23.890836788905,
    7.687946821349));
#2412 = CARTESIAN_POINT('',(-24.83040279204,23.910708382659,
    7.757986653558));
#2413 = CARTESIAN_POINT('',(-24.81949400989,23.92988601701,7.82823464903
    ));
#2414 = CARTESIAN_POINT('',(-24.80627734643,23.948313640402,
    7.898526555556));
#2415 = CARTESIAN_POINT('',(-24.78367590014,23.974130696911,
    8.001277893288));
#2416 = CARTESIAN_POINT('',(-24.77602875108,23.982147416338,
    8.033842085411));
#2417 = CARTESIAN_POINT('',(-24.76791055865,23.989989143594,
    8.066369956528));
#2418 = CARTESIAN_POINT('',(-24.75933011753,23.997652166675,
    8.098847762088));
#2419 = CARTESIAN_POINT('',(-24.75029663368,24.005133266471,
    8.131262422955));
#2420 = CARTESIAN_POINT('',(-24.74081972438,24.012429716761,
    8.16360152541));
#2421 = CARTESIAN_POINT('',(-24.73090941823,24.019539284216,
    8.19585332115));
#2422 = PCURVE('',#493,#2423);
#2423 = DEFINITIONAL_REPRESENTATION('',(#2424),#2553);
#2424 = B_SPLINE_CURVE_WITH_KNOTS('',7,(#2425,#2426,#2427,#2428,#2429,
    #2430,#2431,#2432,#2433,#2434,#2435,#2436,#2437,#2438,#2439,#2440,
    #2441,#2442,#2443,#2444,#2445,#2446,#2447,#2448,#2449,#2450,#2451,
    #2452,#2453,#2454,#2455,#2456,#2457,#2458,#2459,#2460,#2461,#2462,
    #2463,#2464,#2465,#2466,#2467,#2468,#2469,#2470,#2471,#2472,#2473,
    #2474,#2475,#2476,#2477,#2478,#2479,#2480,#2481,#2482,#2483,#2484,
    #2485,#2486,#2487,#2488,#2489,#2490,#2491,#2492,#2493,#2494,#2495,
    #2496,#2497,#2498,#2499,#2500,#2501,#2502,#2503,#2504,#2505,#2506,
    #2507,#2508,#2509,#2510,#2511,#2512,#2513,#2514,#2515,#2516,#2517,
    #2518,#2519,#2520,#2521,#2522,#2523,#2524,#2525,#2526,#2527,#2528,
    #2529,#2530,#2531,#2532,#2533,#2534,#2535,#2536,#2537,#2538,#2539,
    #2540,#2541,#2542,#2543,#2544,#2545,#2546,#2547,#2548,#2549,#2550,
    #2551,#2552),.UNSPECIFIED.,.T.,.F.,(8,6,6,6,6,6,6,6,6,6,6,6,6,6,6,6,
    6,6,6,6,6,8),(0.,5.329754746255E-02,0.10113630671,0.145302380025,
    0.181738711515,0.276209786268,0.3639341646,0.416445342438,
    0.469043247097,0.515842198342,0.570554822131,0.599117061434,
    0.72218350714,0.826216396648,0.857673555863,0.893594359046,
    0.928998257434,0.944446251717,0.953448891756,0.972558684297,
    0.991297382944,1.),.UNSPECIFIED.);
#2425 = CARTESIAN_POINT('',(4.881219771964,31.360455349704));
#2426 = CARTESIAN_POINT('',(4.868663866486,31.397434219437));
#2427 = CARTESIAN_POINT('',(4.855978578558,31.416894780066));
#2428 = CARTESIAN_POINT('',(4.843298300429,31.420172715442));
#2429 = CARTESIAN_POINT('',(4.830740293958,31.408664639088));
#2430 = CARTESIAN_POINT('',(4.818406044126,31.383827574081));
#2431 = CARTESIAN_POINT('',(4.806382248363,31.347178123004));
#2432 = CARTESIAN_POINT('',(4.784292898089,31.258206725452));
#2433 = CARTESIAN_POINT('',(4.774117834754,31.207733113609));
#2434 = CARTESIAN_POINT('',(4.764238064004,31.14976990043));
#2435 = CARTESIAN_POINT('',(4.754667308372,31.085099157112));
#2436 = CARTESIAN_POINT('',(4.745412969011,31.014397576474));
#2437 = CARTESIAN_POINT('',(4.736477896576,30.938248301155));
#2438 = CARTESIAN_POINT('',(4.719907881135,30.782282834325));
#2439 = CARTESIAN_POINT('',(4.712225252519,30.703192082146));
#2440 = CARTESIAN_POINT('',(4.704814817127,30.6202779881));
#2441 = CARTESIAN_POINT('',(4.69767544554,30.533886455064));
#2442 = CARTESIAN_POINT('',(4.690804793336,30.444317483207));
#2443 = CARTESIAN_POINT('',(4.684199753898,30.351830987439));
#2444 = CARTESIAN_POINT('',(4.672624163542,30.178131920719));
#2445 = CARTESIAN_POINT('',(4.667570162082,30.097783670252));
#2446 = CARTESIAN_POINT('',(4.662693260561,30.015739228341));
#2447 = CARTESIAN_POINT('',(4.657991787058,29.932118371413));
#2448 = CARTESIAN_POINT('',(4.653464042574,29.847029370682));
#2449 = CARTESIAN_POINT('',(4.649108299575,29.760569075401));
#2450 = CARTESIAN_POINT('',(4.634070758763,29.445317479607));
#2451 = CARTESIAN_POINT('',(4.624365621441,29.209219260212));
#2452 = CARTESIAN_POINT('',(4.615778175084,28.966065220716));
#2453 = CARTESIAN_POINT('',(4.608285406443,28.717040742468));
#2454 = CARTESIAN_POINT('',(4.601873658798,28.463101097913));
#2455 = CARTESIAN_POINT('',(4.596541992336,28.205089836259));
#2456 = CARTESIAN_POINT('',(4.588372038202,27.701274757369));
#2457 = CARTESIAN_POINT('',(4.585389209887,27.456306113492));
#2458 = CARTESIAN_POINT('',(4.583356339214,27.209164963394));
#2459 = CARTESIAN_POINT('',(4.582297016643,26.960124754903));
#2460 = CARTESIAN_POINT('',(4.582259450269,26.709672844903));
#2461 = CARTESIAN_POINT('',(4.583316459102,26.458716826894));
#2462 = CARTESIAN_POINT('',(4.586911530841,26.059265527684));
#2463 = CARTESIAN_POINT('',(4.588684161107,25.91014635888));
#2464 = CARTESIAN_POINT('',(4.590907307219,25.761388484838));
#2465 = CARTESIAN_POINT('',(4.593614726131,25.613083289201));
#2466 = CARTESIAN_POINT('',(4.596848548154,25.465560102591));
#2467 = CARTESIAN_POINT('',(4.60065790243,25.319437866093));
#2468 = CARTESIAN_POINT('',(4.609544413888,25.03167648992));
#2469 = CARTESIAN_POINT('',(4.614629833413,24.889845522499));
#2470 = CARTESIAN_POINT('',(4.620426708372,24.750678123487));
#2471 = CARTESIAN_POINT('',(4.627020149532,24.615299151388));
#2472 = CARTESIAN_POINT('',(4.634502183287,24.485529167194));
#2473 = CARTESIAN_POINT('',(4.642966714049,24.36395165354));
#2474 = CARTESIAN_POINT('',(4.660991090896,24.156135588293));
#2475 = CARTESIAN_POINT('',(4.67045883668,24.065961404672));
#2476 = CARTESIAN_POINT('',(4.680764134649,23.9893279967));
#2477 = CARTESIAN_POINT('',(4.691722114431,23.930085151038));
#2478 = CARTESIAN_POINT('',(4.703106709529,23.890118166271));
#2479 = CARTESIAN_POINT('',(4.714657099672,23.869372581109));
#2480 = CARTESIAN_POINT('',(4.739430394107,23.861746506705));
#2481 = CARTESIAN_POINT('',(4.752401578517,23.881249158156));
#2482 = CARTESIAN_POINT('',(4.7648923065,23.919781121897));
#2483 = CARTESIAN_POINT('',(4.776845930183,23.973444267143));
#2484 = CARTESIAN_POINT('',(4.788235221879,24.038968066058));
#2485 = CARTESIAN_POINT('',(4.799054638653,24.113676665904));
#2486 = CARTESIAN_POINT('',(4.814676101737,24.238186125545));
#2487 = CARTESIAN_POINT('',(4.819901023787,24.282972117576));
#2488 = CARTESIAN_POINT('',(4.824996725657,24.329595951231));
#2489 = CARTESIAN_POINT('',(4.829967948063,24.377856795896));
#2490 = CARTESIAN_POINT('',(4.834820334849,24.427595828727));
#2491 = CARTESIAN_POINT('',(4.839560420156,24.478696114206));
#2492 = CARTESIAN_POINT('',(4.86416733496,24.756800230414));
#2493 = CARTESIAN_POINT('',(4.882386002826,25.00859052496));
#2494 = CARTESIAN_POINT('',(4.898913927496,25.276099067429));
#2495 = CARTESIAN_POINT('',(4.913904016101,25.553831866162));
#2496 = CARTESIAN_POINT('',(4.927537243681,25.840023590299));
#2497 = CARTESIAN_POINT('',(4.939958819751,26.135542950187));
#2498 = CARTESIAN_POINT('',(4.96069642615,26.702205988533));
#2499 = CARTESIAN_POINT('',(4.96924358098,26.967135544336));
#2500 = CARTESIAN_POINT('',(4.976855345544,27.237508103547));
#2501 = CARTESIAN_POINT('',(4.983497907482,27.513643067514));
#2502 = CARTESIAN_POINT('',(4.989078160553,27.795615321917));
#2503 = CARTESIAN_POINT('',(4.993436648343,28.082898083119));
#2504 = CARTESIAN_POINT('',(4.997219184086,28.462109428999));
#2505 = CARTESIAN_POINT('',(4.997965071068,28.550571344491));
#2506 = CARTESIAN_POINT('',(4.998572311095,28.639459754861));
#2507 = CARTESIAN_POINT('',(4.999033440257,28.728766268667));
#2508 = CARTESIAN_POINT('',(4.999339857647,28.818466626319));
#2509 = CARTESIAN_POINT('',(4.999481821798,28.908520517305));
#2510 = CARTESIAN_POINT('',(4.999410336691,29.10204270286));
#2511 = CARTESIAN_POINT('',(4.999143609208,29.205598218042));
#2512 = CARTESIAN_POINT('',(4.998631978439,29.309505327839));
#2513 = CARTESIAN_POINT('',(4.997856597653,29.413684327604));
#2514 = CARTESIAN_POINT('',(4.99679602669,29.518007495933));
#2515 = CARTESIAN_POINT('',(4.995426199035,29.622298167443));
#2516 = CARTESIAN_POINT('',(4.992039125587,29.828864415512));
#2517 = CARTESIAN_POINT('',(4.990029626182,29.931259194051));
#2518 = CARTESIAN_POINT('',(4.987666717689,30.033187863136));
#2519 = CARTESIAN_POINT('',(4.984924130604,30.134287631186));
#2520 = CARTESIAN_POINT('',(4.981774632635,30.234150476772));
#2521 = CARTESIAN_POINT('',(4.978190162406,30.332314432321));
#2522 = CARTESIAN_POINT('',(4.972375588239,30.470117130658));
#2523 = CARTESIAN_POINT('',(4.970521569298,30.5115407403));
#2524 = CARTESIAN_POINT('',(4.968578625049,30.552459092276));
#2525 = CARTESIAN_POINT('',(4.966545672404,30.592806776417));
#2526 = CARTESIAN_POINT('',(4.964421826492,30.632519576875));
#2527 = CARTESIAN_POINT('',(4.962206400656,30.671534472115));
#2528 = CARTESIAN_POINT('',(4.958554166198,30.732083626887));
#2529 = CARTESIAN_POINT('',(4.95717836482,30.754116263141));
#2530 = CARTESIAN_POINT('',(4.955771536563,30.775873301043));
#2531 = CARTESIAN_POINT('',(4.954333796373,30.797340425293));
#2532 = CARTESIAN_POINT('',(4.95286533989,30.818503247932));
#2533 = CARTESIAN_POINT('',(4.951366443449,30.83934730834));
#2534 = CARTESIAN_POINT('',(4.946591918513,30.903396019933));
#2535 = CARTESIAN_POINT('',(4.943209763533,30.945446827631));
#2536 = CARTESIAN_POINT('',(4.939695561903,30.985854558603));
#2537 = CARTESIAN_POINT('',(4.936055042685,31.024480964625));
#2538 = CARTESIAN_POINT('',(4.932295103918,31.061205702702));
#2539 = CARTESIAN_POINT('',(4.928423815278,31.095926550781));
#2540 = CARTESIAN_POINT('',(4.920554185753,31.160558993093));
#2541 = CARTESIAN_POINT('',(4.916561243528,31.190538775799));
#2542 = CARTESIAN_POINT('',(4.912480220265,31.218424905218));
#2543 = CARTESIAN_POINT('',(4.908320558335,31.244161292302));
#2544 = CARTESIAN_POINT('',(4.904092518957,31.26770999742));
#2545 = CARTESIAN_POINT('',(4.899807184876,31.289051402465));
#2546 = CARTESIAN_POINT('',(4.893465191351,31.317070112197));
#2547 = CARTESIAN_POINT('',(4.891443795224,31.325480945043));
#2548 = CARTESIAN_POINT('',(4.88941329928,31.333417372205));
#2549 = CARTESIAN_POINT('',(4.887374698493,31.340880641864));
#2550 = CARTESIAN_POINT('',(4.885328958181,31.347872759672));
#2551 = CARTESIAN_POINT('',(4.883277014004,31.354396488753));
#2552 = CARTESIAN_POINT('',(4.881219771964,31.360455349704));
#2553 = ( GEOMETRIC_REPRESENTATION_CONTEXT(2) 
PARAMETRIC_REPRESENTATION_CONTEXT() REPRESENTATION_CONTEXT('2D SPACE',''
  ) );
#2554 = PCURVE('',#2555,#2560);
#2555 = CYLINDRICAL_SURFACE('',#2556,3.);
#2556 = AXIS2_PLACEMENT_3D('',#2557,#2558,#2559);
#2557 = CARTESIAN_POINT('',(-24.53118331156,20.470687181247,
    8.19585332115));
#2558 = DIRECTION('',(0.81253825063,0.582907875452,-0.));
#2559 = DIRECTION('',(-0.582907875452,0.81253825063,0.));
#2560 = DEFINITIONAL_REPRESENTATION('',(#2561),#2690);
#2561 = B_SPLINE_CURVE_WITH_KNOTS('',7,(#2562,#2563,#2564,#2565,#2566,
    #2567,#2568,#2569,#2570,#2571,#2572,#2573,#2574,#2575,#2576,#2577,
    #2578,#2579,#2580,#2581,#2582,#2583,#2584,#2585,#2586,#2587,#2588,
    #2589,#2590,#2591,#2592,#2593,#2594,#2595,#2596,#2597,#2598,#2599,
    #2600,#2601,#2602,#2603,#2604,#2605,#2606,#2607,#2608,#2609,#2610,
    #2611,#2612,#2613,#2614,#2615,#2616,#2617,#2618,#2619,#2620,#2621,
    #2622,#2623,#2624,#2625,#2626,#2627,#2628,#2629,#2630,#2631,#2632,
    #2633,#2634,#2635,#2636,#2637,#2638,#2639,#2640,#2641,#2642,#2643,
    #2644,#2645,#2646,#2647,#2648,#2649,#2650,#2651,#2652,#2653,#2654,
    #2655,#2656,#2657,#2658,#2659,#2660,#2661,#2662,#2663,#2664,#2665,
    #2666,#2667,#2668,#2669,#2670,#2671,#2672,#2673,#2674,#2675,#2676,
    #2677,#2678,#2679,#2680,#2681,#2682,#2683,#2684,#2685,#2686,#2687,
    #2688,#2689),.UNSPECIFIED.,.F.,.F.,(8,6,6,6,6,6,6,6,6,6,6,6,6,6,6,6,
    6,6,6,6,6,8),(0.,5.329754746255E-02,0.10113630671,0.145302380025,
    0.181738711515,0.276209786268,0.3639341646,0.416445342438,
    0.469043247097,0.515842198342,0.570554822131,0.599117061434,
    0.72218350714,0.826216396648,0.857673555863,0.893594359046,
    0.928998257434,0.944446251717,0.953448891756,0.972558684297,
    0.991297382944,1.),.UNSPECIFIED.);
#2562 = CARTESIAN_POINT('',(8.881784197001E-16,1.906368738318));
#2563 = CARTESIAN_POINT('',(6.561381547939E-02,1.980808659259));
#2564 = CARTESIAN_POINT('',(0.129788208187,2.063906483943));
#2565 = CARTESIAN_POINT('',(0.192506620617,2.153796395148));
#2566 = CARTESIAN_POINT('',(0.253734071847,2.248841974761));
#2567 = CARTESIAN_POINT('',(0.313416159736,2.347606853144));
#2568 = CARTESIAN_POINT('',(0.37147939919,2.448819689651));
#2569 = CARTESIAN_POINT('',(0.478414612177,2.643347713419));
#2570 = CARTESIAN_POINT('',(0.527788681539,2.736719021049));
#2571 = CARTESIAN_POINT('',(0.576039001253,2.830934467737));
#2572 = CARTESIAN_POINT('',(0.623241112607,2.925616397025));
#2573 = CARTESIAN_POINT('',(0.669467995546,3.020489944212));
#2574 = CARTESIAN_POINT('',(0.714791899524,3.115356609546));
#2575 = CARTESIAN_POINT('',(0.800356904564,3.297519529461));
#2576 = CARTESIAN_POINT('',(0.840723935336,3.384843547947));
#2577 = CARTESIAN_POINT('',(0.880435309518,3.471929421094));
#2578 = CARTESIAN_POINT('',(0.919539799617,3.558694400554));
#2579 = CARTESIAN_POINT('',(0.958083789759,3.645082716453));
#2580 = CARTESIAN_POINT('',(0.996112120807,3.73105877396));
#2581 = CARTESIAN_POINT('',(1.064652730203,3.887170834902));
#2582 = CARTESIAN_POINT('',(1.095313802403,3.957441634019));
#2583 = CARTESIAN_POINT('',(1.125675022567,4.027396560769));
#2584 = CARTESIAN_POINT('',(1.15575762703,4.097023086097));
#2585 = CARTESIAN_POINT('',(1.18558190929,4.166312340144));
#2586 = CARTESIAN_POINT('',(1.215167911319,4.235259114045));
#2587 = CARTESIAN_POINT('',(1.320681150333,4.481733097367));
#2588 = CARTESIAN_POINT('',(1.395345087348,4.657251643638));
#2589 = CARTESIAN_POINT('',(1.468869639093,4.830360034024));
#2590 = CARTESIAN_POINT('',(1.541562136613,5.001040728808));
#2591 = CARTESIAN_POINT('',(1.613717492838,5.169256894543));
#2592 = CARTESIAN_POINT('',(1.685633469007,5.334886692838));
#2593 = CARTESIAN_POINT('',(1.824464119905,5.648791568628));
#2594 = CARTESIAN_POINT('',(1.891261783814,5.797217517792));
#2595 = CARTESIAN_POINT('',(1.958391111703,5.943017340436));
#2596 = CARTESIAN_POINT('',(2.026216132058,6.086074256305));
#2597 = CARTESIAN_POINT('',(2.09509265587,6.225995228041));
#2598 = CARTESIAN_POINT('',(2.165379277376,6.361976555892));
#2599 = CARTESIAN_POINT('',(2.280595401047,6.570800046651));
#2600 = CARTESIAN_POINT('',(2.324358622772,6.647040438954));
#2601 = CARTESIAN_POINT('',(2.368947164792,6.721253843088));
#2602 = CARTESIAN_POINT('',(2.414552981945,6.793207338903));
#2603 = CARTESIAN_POINT('',(2.461354717669,6.8624778561));
#2604 = CARTESIAN_POINT('',(2.50952103383,6.928416243334));
#2605 = CARTESIAN_POINT('',(2.608996608833,7.051897842387));
#2606 = CARTESIAN_POINT('',(2.66038009386,7.109512708389));
#2607 = CARTESIAN_POINT('',(2.713708342476,7.162214352544));
#2608 = CARTESIAN_POINT('',(2.769275420352,7.208803554657));
#2609 = CARTESIAN_POINT('',(2.827337672391,7.247570755683));
#2610 = CARTESIAN_POINT('',(2.888133823859,7.276245102022));
#2611 = CARTESIAN_POINT('',(3.008667781765,7.305904521368));
#2612 = CARTESIAN_POINT('',(3.068663207807,7.309810668978));
#2613 = CARTESIAN_POINT('',(3.130504761182,7.300627986832));
#2614 = CARTESIAN_POINT('',(3.193109397914,7.276685948844));
#2615 = CARTESIAN_POINT('',(3.255539154594,7.237762717033));
#2616 = CARTESIAN_POINT('',(3.31686057402,7.185180640085));
#2617 = CARTESIAN_POINT('',(3.445208998384,7.047767003262));
#2618 = CARTESIAN_POINT('',(3.510389382095,6.96011816546));
#2619 = CARTESIAN_POINT('',(3.571944866892,6.862299137964));
#2620 = CARTESIAN_POINT('',(3.630162961701,6.757193774611));
#2621 = CARTESIAN_POINT('',(3.685291086357,6.647170535811));
#2622 = CARTESIAN_POINT('',(3.737566775518,6.534094867117));
#2623 = CARTESIAN_POINT('',(3.813162091038,6.35942965271));
#2624 = CARTESIAN_POINT('',(3.838468849582,6.298856975328));
#2625 = CARTESIAN_POINT('',(3.863198180957,6.237766864789));
#2626 = CARTESIAN_POINT('',(3.887393489723,6.176273422585));
#2627 = CARTESIAN_POINT('',(3.911098810295,6.114457485554));
#2628 = CARTESIAN_POINT('',(3.934360096794,6.052366514119));
#2629 = CARTESIAN_POINT('',(4.055751300383,5.721357563469));
#2630 = CARTESIAN_POINT('',(4.147903360753,5.445240575496));
#2631 = CARTESIAN_POINT('',(4.235074288168,5.168808464491));
#2632 = CARTESIAN_POINT('',(4.318472625653,4.895443824825));
#2633 = CARTESIAN_POINT('',(4.399433612568,4.625699598784));
#2634 = CARTESIAN_POINT('',(4.479372362375,4.358645852148));
#2635 = CARTESIAN_POINT('',(4.627943403393,3.869230419349));
#2636 = CARTESIAN_POINT('',(4.695647699858,3.648862849274));
#2637 = CARTESIAN_POINT('',(4.76370284042,3.432550874914));
#2638 = CARTESIAN_POINT('',(4.832753547493,3.220739405364));
#2639 = CARTESIAN_POINT('',(4.90342048217,3.014488098518));
#2640 = CARTESIAN_POINT('',(4.976307375549,2.815775132488));
#2641 = CARTESIAN_POINT('',(5.074996973351,2.570745027893));
#2642 = CARTESIAN_POINT('',(5.098190880544,2.514780944682));
#2643 = CARTESIAN_POINT('',(5.121696778985,2.459799093904));
#2644 = CARTESIAN_POINT('',(5.145544897438,2.405874521711));
#2645 = CARTESIAN_POINT('',(5.169765267264,2.353100158153));
#2646 = CARTESIAN_POINT('',(5.194388460784,2.301586545207));
#2647 = CARTESIAN_POINT('',(5.248059808999,2.194224051945));
#2648 = CARTESIAN_POINT('',(5.277239154845,2.138798870993));
#2649 = CARTESIAN_POINT('',(5.307046506645,2.085347863285));
#2650 = CARTESIAN_POINT('',(5.337541684347,2.034079127004));
#2651 = CARTESIAN_POINT('',(5.36878492555,1.985245344941));
#2652 = CARTESIAN_POINT('',(5.400839622667,1.939142112246));
#2653 = CARTESIAN_POINT('',(5.46623655251,1.853689707283));
#2654 = CARTESIAN_POINT('',(5.499589007851,1.814206816447));
#2655 = CARTESIAN_POINT('',(5.53386877315,1.778036581613));
#2656 = CARTESIAN_POINT('',(5.569116715893,1.745578484112));
#2657 = CARTESIAN_POINT('',(5.605379623593,1.717251581379));
#2658 = CARTESIAN_POINT('',(5.642711603377,1.693493591664));
#2659 = CARTESIAN_POINT('',(5.697958655097,1.666585829617));
#2660 = CARTESIAN_POINT('',(5.714951215049,1.659371255336));
#2661 = CARTESIAN_POINT('',(5.732148715113,1.653157429941));
#2662 = CARTESIAN_POINT('',(5.749547080598,1.647982440526));
#2663 = CARTESIAN_POINT('',(5.767142608426,1.643881287235));
#2664 = CARTESIAN_POINT('',(5.784931967139,1.64088588327));
#2665 = CARTESIAN_POINT('',(5.81339054983,1.637940618432));
#2666 = CARTESIAN_POINT('',(5.823932129006,1.637241628419));
#2667 = CARTESIAN_POINT('',(5.834535374054,1.636933800966));
#2668 = CARTESIAN_POINT('',(5.84519847366,1.637022164844));
#2669 = CARTESIAN_POINT('',(5.855919365558,1.637511061481));
#2670 = CARTESIAN_POINT('',(5.866695736532,1.638404144959));
#2671 = CARTESIAN_POINT('',(5.900512213471,1.642464379116));
#2672 = CARTESIAN_POINT('',(5.923745423311,1.64705964477));
#2673 = CARTESIAN_POINT('',(5.947191538383,1.653518518854));
#2674 = CARTESIAN_POINT('',(5.970818344903,1.66184931769));
#2675 = CARTESIAN_POINT('',(5.994593784326,1.672041058813));
#2676 = CARTESIAN_POINT('',(6.018485208817,1.684064185753));
#2677 = CARTESIAN_POINT('',(6.065966523598,1.711410279041));
#2678 = CARTESIAN_POINT('',(6.089544373969,1.726659541464));
#2679 = CARTESIAN_POINT('',(6.11316142758,1.743572608784));
#2680 = CARTESIAN_POINT('',(6.136786995577,1.762088176805));
#2681 = CARTESIAN_POINT('',(6.160389664451,1.782130773665));
#2682 = CARTESIAN_POINT('',(6.183936499957,1.803611425071));
#2683 = CARTESIAN_POINT('',(6.218285559232,1.83702493026));
#2684 = CARTESIAN_POINT('',(6.229161022213,1.847911540274));
#2685 = CARTESIAN_POINT('',(6.240016013165,1.85907888672));
#2686 = CARTESIAN_POINT('',(6.250848093463,1.870517659845));
#2687 = CARTESIAN_POINT('',(6.261655012684,1.882218502998));
#2688 = CARTESIAN_POINT('',(6.2724347086,1.894172012636));
#2689 = CARTESIAN_POINT('',(6.28318530718,1.906368738318));
#2690 = ( GEOMETRIC_REPRESENTATION_CONTEXT(2) 
PARAMETRIC_REPRESENTATION_CONTEXT() REPRESENTATION_CONTEXT('2D SPACE',''
  ) );
#2691 = ORIENTED_EDGE('',*,*,#2692,.F.);
#2692 = EDGE_CURVE('',#2693,#2290,#2695,.T.);
#2693 = VERTEX_POINT('',#2694);
#2694 = CARTESIAN_POINT('',(-22.72152596431,22.758017535976,
    5.305507556072));
#2695 = SURFACE_CURVE('',#2696,(#2825,#2957),.PCURVE_S1.);
#2696 = B_SPLINE_CURVE_WITH_KNOTS('',7,(#2697,#2698,#2699,#2700,#2701,
    #2702,#2703,#2704,#2705,#2706,#2707,#2708,#2709,#2710,#2711,#2712,
    #2713,#2714,#2715,#2716,#2717,#2718,#2719,#2720,#2721,#2722,#2723,
    #2724,#2725,#2726,#2727,#2728,#2729,#2730,#2731,#2732,#2733,#2734,
    #2735,#2736,#2737,#2738,#2739,#2740,#2741,#2742,#2743,#2744,#2745,
    #2746,#2747,#2748,#2749,#2750,#2751,#2752,#2753,#2754,#2755,#2756,
    #2757,#2758,#2759,#2760,#2761,#2762,#2763,#2764,#2765,#2766,#2767,
    #2768,#2769,#2770,#2771,#2772,#2773,#2774,#2775,#2776,#2777,#2778,
    #2779,#2780,#2781,#2782,#2783,#2784,#2785,#2786,#2787,#2788,#2789,
    #2790,#2791,#2792,#2793,#2794,#2795,#2796,#2797,#2798,#2799,#2800,
    #2801,#2802,#2803,#2804,#2805,#2806,#2807,#2808,#2809,#2810,#2811,
    #2812,#2813,#2814,#2815,#2816,#2817,#2818,#2819,#2820,#2821,#2822,
    #2823,#2824),.UNSPECIFIED.,.T.,.F.,(8,6,6,6,6,6,6,6,6,6,6,6,6,6,6,6,
    6,6,6,6,6,8),(0.,5.329754746255E-02,0.10113630671,0.145302380025,
    0.181738711515,0.276209786268,0.3639341646,0.416445342438,
    0.469043247097,0.515842198342,0.570554822131,0.599117061434,
    0.72218350714,0.826216396648,0.857673555863,0.893594359046,
    0.928998257434,0.944446251717,0.953448891756,0.972558684297,
    0.991297382944,1.),.UNSPECIFIED.);
#2697 = CARTESIAN_POINT('',(-24.73090941823,24.019539284216,
    8.19585332115));
#2698 = CARTESIAN_POINT('',(-24.67042413509,24.062930900381,
    8.392694767588));
#2699 = CARTESIAN_POINT('',(-24.59412061389,24.099125805164,
    8.585217856722));
#2700 = CARTESIAN_POINT('',(-24.50420882741,24.128003688305,
    8.771989253624));
#2701 = CARTESIAN_POINT('',(-24.40279455355,24.149692540816,
    8.951792061305));
#2702 = CARTESIAN_POINT('',(-24.29188842291,24.16453091472,
    9.123629772236));
#2703 = CARTESIAN_POINT('',(-24.17341661664,24.173022757952,
    9.286730762403));
#2704 = CARTESIAN_POINT('',(-23.93776880073,24.178263997243,
    9.578621232076));
#2705 = CARTESIAN_POINT('',(-23.82132862973,24.176135384362,
    9.709677424554));
#2706 = CARTESIAN_POINT('',(-23.70082986969,24.16979749607,
    9.833693169061));
#2707 = CARTESIAN_POINT('',(-23.57702185542,24.159646976076,
    9.950716058062));
#2708 = CARTESIAN_POINT('',(-23.45051324085,24.146060710524,
    10.060852182773));
#2709 = CARTESIAN_POINT('',(-23.32179764029,24.129386234198,
    10.164245770127));
#2710 = CARTESIAN_POINT('',(-23.0707781727,24.091987530098,
    10.350434448631));
#2711 = CARTESIAN_POINT('',(-22.94873275204,24.071671190908,
    10.434207620974));
#2712 = CARTESIAN_POINT('',(-22.8254644094,24.049241625453,
    10.512495382145));
#2713 = CARTESIAN_POINT('',(-22.70123935033,24.024927950323,
    10.585426472296));
#2714 = CARTESIAN_POINT('',(-22.57627581875,23.998938708999,
    10.653133790116));
#2715 = CARTESIAN_POINT('',(-22.45075284257,23.971462391299,
    10.715749389653));
#2716 = CARTESIAN_POINT('',(-22.22092547836,23.91891298374,
    10.82095991302));
#2717 = CARTESIAN_POINT('',(-22.11675826087,23.894262348263,
    10.865138172665));
#2718 = CARTESIAN_POINT('',(-22.01240655455,23.868812655813,
    10.906002864965));
#2719 = CARTESIAN_POINT('',(-21.90794987295,23.842653249418,
    10.94361976313));
#2720 = CARTESIAN_POINT('',(-21.80345812478,23.815866361004,
    10.978051669604));
#2721 = CARTESIAN_POINT('',(-21.69899172309,23.788527266698,
    11.009358280996));
#2722 = CARTESIAN_POINT('',(-21.32394222373,23.688566220976,
    11.110810137988));
#2723 = CARTESIAN_POINT('',(-21.05385690495,23.613192207306,
    11.163377413608));
#2724 = CARTESIAN_POINT('',(-20.78528434575,23.535792177328,
    11.196279205457));
#2725 = CARTESIAN_POINT('',(-20.51892964289,23.457318903161,
    11.210300727369));
#2726 = CARTESIAN_POINT('',(-20.25538876636,23.378539941716,
    11.206013893586));
#2727 = CARTESIAN_POINT('',(-19.99527208401,23.300097090505,
    11.183762706005));
#2728 = CARTESIAN_POINT('',(-19.50166040645,23.150547741702,
    11.106404307945));
#2729 = CARTESIAN_POINT('',(-19.2679740099,23.079433268171,
    11.053817176599));
#2730 = CARTESIAN_POINT('',(-19.03837756232,23.00951471853,
    10.985988663806));
#2731 = CARTESIAN_POINT('',(-18.81321143331,22.941066206553,
    10.902672714622));
#2732 = CARTESIAN_POINT('',(-18.59318028701,22.874395721213,
    10.803335486937));
#2733 = CARTESIAN_POINT('',(-18.37954154829,22.809877259961,
    10.687236541849));
#2734 = CARTESIAN_POINT('',(-18.05152172253,22.710881917705,
    10.473500810634));
#2735 = CARTESIAN_POINT('',(-17.93177740372,22.674758804747,
    10.387196611395));
#2736 = CARTESIAN_POINT('',(-17.81519565713,22.639566752699,
    10.29421976838));
#2737 = CARTESIAN_POINT('',(-17.70208639026,22.605338170694,
    10.194095966806));
#2738 = CARTESIAN_POINT('',(-17.59302976843,22.572155981293,
    10.086319153424));
#2739 = CARTESIAN_POINT('',(-17.48891716657,22.540149064021,
    9.970393994351));
#2740 = CARTESIAN_POINT('',(-17.29290669069,22.478759586137,
    9.721160287054));
#2741 = CARTESIAN_POINT('',(-17.20089333043,22.449338970119,
    9.587650289778));
#2742 = CARTESIAN_POINT('',(-17.11590672939,22.421284416963,
    9.444447958475));
#2743 = CARTESIAN_POINT('',(-17.03955156341,22.394775440955,
    9.290723214779));
#2744 = CARTESIAN_POINT('',(-16.97411924452,22.370073319908,
    9.125824693856));
#2745 = CARTESIAN_POINT('',(-16.92262445671,22.347484607325,
    8.949392201399));
#2746 = CARTESIAN_POINT('',(-16.8587843661,22.30937721998,8.594275507771
    ));
#2747 = CARTESIAN_POINT('',(-16.84228227147,22.293075440757,
    8.415392163313));
#2748 = CARTESIAN_POINT('',(-16.84368794039,22.279281627494,
    8.229384853601));
#2749 = CARTESIAN_POINT('',(-16.86529393093,22.268325617974,
    8.040641009976));
#2750 = CARTESIAN_POINT('',(-16.90733780414,22.260157986653,
    7.853397164722));
#2751 = CARTESIAN_POINT('',(-16.96802551043,22.254546475152,
    7.671618537985));
#2752 = CARTESIAN_POINT('',(-17.13181759122,22.247124537298,
    7.297106269797));
#2753 = CARTESIAN_POINT('',(-17.23900926,22.246178407047,7.110806147625)
  );
#2754 = CARTESIAN_POINT('',(-17.36029509325,22.247431351655,
    6.93973700512));
#2755 = CARTESIAN_POINT('',(-17.49172949244,22.250330803712,
    6.783175393483));
#2756 = CARTESIAN_POINT('',(-17.63012605967,22.254498299016,
    6.640184878621));
#2757 = CARTESIAN_POINT('',(-17.77299008072,22.259656597899,
    6.509730618124));
#2758 = CARTESIAN_POINT('',(-17.99445558191,22.268721454855,
    6.32859347994));
#2759 = CARTESIAN_POINT('',(-18.071397032,22.272058506822,6.269370670322
    ));
#2760 = CARTESIAN_POINT('',(-18.14912254127,22.275600814071,
    6.212893341003));
#2761 = CARTESIAN_POINT('',(-18.2274794374,22.279331305963,
    6.159005293377));
#2762 = CARTESIAN_POINT('',(-18.30635967692,22.283238055023,
    6.107554025021));
#2763 = CARTESIAN_POINT('',(-18.38569965989,22.287313826911,
    6.058391135437));
#2764 = CARTESIAN_POINT('',(-18.80923069671,22.309832337375,
    5.808784000666));
#2765 = CARTESIAN_POINT('',(-19.16450158539,22.331369528662,5.6440378265
    ));
#2766 = CARTESIAN_POINT('',(-19.52211447565,22.355630723005,
    5.511726999115));
#2767 = CARTESIAN_POINT('',(-19.87797998896,22.382718540208,
    5.40700696344));
#2768 = CARTESIAN_POINT('',(-20.23165070053,22.412957890168,
    5.326219975778));
#2769 = CARTESIAN_POINT('',(-20.58480182734,22.447088587301,
    5.267365101275));
#2770 = CARTESIAN_POINT('',(-21.23926482575,22.519760082766,
    5.19965475208));
#2771 = CARTESIAN_POINT('',(-21.53677955678,22.556428877123,
    5.184822933054));
#2772 = CARTESIAN_POINT('',(-21.8321237029,22.597029531971,
    5.185790113755));
#2773 = CARTESIAN_POINT('',(-22.12524930553,22.642258453964,
    5.202998232604));
#2774 = CARTESIAN_POINT('',(-22.41545136689,22.692950801185,
    5.237629242054));
#2775 = CARTESIAN_POINT('',(-22.70099211057,22.750077856288,
    5.291538145371));
#2776 = CARTESIAN_POINT('',(-23.06280737832,22.834068212532,
    5.390188105664));
#2777 = CARTESIAN_POINT('',(-23.14616547802,22.854255898769,
    5.415105184555));
#2778 = CARTESIAN_POINT('',(-23.22883475719,22.87516846697,
    5.442123585197));
#2779 = CARTESIAN_POINT('',(-23.31074976435,22.896843426184,
    5.471341258487));
#2780 = CARTESIAN_POINT('',(-23.39182258759,22.919317657464,
    5.502866207399));
#2781 = CARTESIAN_POINT('',(-23.47194273667,22.942626782972,
    5.536816708742));
#2782 = CARTESIAN_POINT('',(-23.64122596029,22.994413012654,
    5.615006248629));
#2783 = CARTESIAN_POINT('',(-23.73005641947,23.023153343087,
    5.660020208353));
#2784 = CARTESIAN_POINT('',(-23.81731485893,23.053089140452,
    5.708577038819));
#2785 = CARTESIAN_POINT('',(-23.90278721527,23.084279013465,
    5.760908797085));
#2786 = CARTESIAN_POINT('',(-23.98619832515,23.116772887782,
    5.817267376557));
#2787 = CARTESIAN_POINT('',(-24.06721134501,23.15060832829,
    5.877925911003));
#2788 = CARTESIAN_POINT('',(-24.22251746111,23.220498883278,
    6.007495429161));
#2789 = CARTESIAN_POINT('',(-24.29697437073,23.256552944555,
    6.076345550529));
#2790 = CARTESIAN_POINT('',(-24.36832321499,23.293957534845,
    6.149964582853));
#2791 = CARTESIAN_POINT('',(-24.43605058264,23.332682315009,
    6.228592782159));
#2792 = CARTESIAN_POINT('',(-24.49959883208,23.372668874946,
    6.312473039541));
#2793 = CARTESIAN_POINT('',(-24.55836058747,23.413821491373,
    6.401847300378));
#2794 = CARTESIAN_POINT('',(-24.63493546053,23.474400963429,
    6.538451013918));
#2795 = CARTESIAN_POINT('',(-24.6571517219,23.492992216565,
    6.581025064809));
#2796 = CARTESIAN_POINT('',(-24.67825521355,23.511749157852,
    6.624670130264));
#2797 = CARTESIAN_POINT('',(-24.69818186614,23.530647818315,
    6.669379166759));
#2798 = CARTESIAN_POINT('',(-24.71687034642,23.54966274718,
    6.715143093211));
#2799 = CARTESIAN_POINT('',(-24.73426205727,23.568767011867,
    6.761950790984));
#2800 = CARTESIAN_POINT('',(-24.75964824541,23.599101108913,
    6.837667875927));
#2801 = CARTESIAN_POINT('',(-24.76853461921,23.610289032222,
    6.865892400507));
#2802 = CARTESIAN_POINT('',(-24.77694843955,23.621489298481,
    6.894457422214));
#2803 = CARTESIAN_POINT('',(-24.78487845139,23.632694845883,
    6.92335652329));
#2804 = CARTESIAN_POINT('',(-24.79231396414,23.643898220255,
    6.952582123626));
#2805 = CARTESIAN_POINT('',(-24.79924485162,23.65509157506,
    6.982125480768));
#2806 = CARTESIAN_POINT('',(-24.81928220285,23.689987910022,
    7.075341481952));
#2807 = CARTESIAN_POINT('',(-24.83059081738,23.713634781344,
    7.140114253662));
#2808 = CARTESIAN_POINT('',(-24.83948975996,23.737119805132,
    7.206177206785));
#2809 = CARTESIAN_POINT('',(-24.84590598097,23.760355421596,
    7.273402852059));
#2810 = CARTESIAN_POINT('',(-24.8497910402,23.783255267207,
    7.341653648237));
#2811 = CARTESIAN_POINT('',(-24.85112113014,23.80573545052,
    7.410781641107));
#2812 = CARTESIAN_POINT('',(-24.84869683788,23.849269367563,
    7.549118212453));
#2813 = CARTESIAN_POINT('',(-24.84504112017,23.870334191817,
    7.618273275629));
#2814 = CARTESIAN_POINT('',(-24.83893440211,23.890836788905,
    7.687946821349));
#2815 = CARTESIAN_POINT('',(-24.83040279204,23.910708382659,
    7.757986653558));
#2816 = CARTESIAN_POINT('',(-24.81949400989,23.92988601701,7.82823464903
    ));
#2817 = CARTESIAN_POINT('',(-24.80627734643,23.948313640402,
    7.898526555556));
#2818 = CARTESIAN_POINT('',(-24.78367590014,23.974130696911,
    8.001277893288));
#2819 = CARTESIAN_POINT('',(-24.77602875108,23.982147416338,
    8.033842085411));
#2820 = CARTESIAN_POINT('',(-24.76791055865,23.989989143594,
    8.066369956528));
#2821 = CARTESIAN_POINT('',(-24.75933011753,23.997652166675,
    8.098847762088));
#2822 = CARTESIAN_POINT('',(-24.75029663368,24.005133266471,
    8.131262422955));
#2823 = CARTESIAN_POINT('',(-24.74081972438,24.012429716761,
    8.16360152541));
#2824 = CARTESIAN_POINT('',(-24.73090941823,24.019539284216,
    8.19585332115));
#2825 = PCURVE('',#493,#2826);
#2826 = DEFINITIONAL_REPRESENTATION('',(#2827),#2956);
#2827 = B_SPLINE_CURVE_WITH_KNOTS('',7,(#2828,#2829,#2830,#2831,#2832,
    #2833,#2834,#2835,#2836,#2837,#2838,#2839,#2840,#2841,#2842,#2843,
    #2844,#2845,#2846,#2847,#2848,#2849,#2850,#2851,#2852,#2853,#2854,
    #2855,#2856,#2857,#2858,#2859,#2860,#2861,#2862,#2863,#2864,#2865,
    #2866,#2867,#2868,#2869,#2870,#2871,#2872,#2873,#2874,#2875,#2876,
    #2877,#2878,#2879,#2880,#2881,#2882,#2883,#2884,#2885,#2886,#2887,
    #2888,#2889,#2890,#2891,#2892,#2893,#2894,#2895,#2896,#2897,#2898,
    #2899,#2900,#2901,#2902,#2903,#2904,#2905,#2906,#2907,#2908,#2909,
    #2910,#2911,#2912,#2913,#2914,#2915,#2916,#2917,#2918,#2919,#2920,
    #2921,#2922,#2923,#2924,#2925,#2926,#2927,#2928,#2929,#2930,#2931,
    #2932,#2933,#2934,#2935,#2936,#2937,#2938,#2939,#2940,#2941,#2942,
    #2943,#2944,#2945,#2946,#2947,#2948,#2949,#2950,#2951,#2952,#2953,
    #2954,#2955),.UNSPECIFIED.,.T.,.F.,(8,6,6,6,6,6,6,6,6,6,6,6,6,6,6,6,
    6,6,6,6,6,8),(0.,5.329754746255E-02,0.10113630671,0.145302380025,
    0.181738711515,0.276209786268,0.3639341646,0.416445342438,
    0.469043247097,0.515842198342,0.570554822131,0.599117061434,
    0.72218350714,0.826216396648,0.857673555863,0.893594359046,
    0.928998257434,0.944446251717,0.953448891756,0.972558684297,
    0.991297382944,1.),.UNSPECIFIED.);
#2828 = CARTESIAN_POINT('',(4.881219771964,31.360455349704));
#2829 = CARTESIAN_POINT('',(4.868663866486,31.397434219437));
#2830 = CARTESIAN_POINT('',(4.855978578558,31.416894780066));
#2831 = CARTESIAN_POINT('',(4.843298300429,31.420172715442));
#2832 = CARTESIAN_POINT('',(4.830740293958,31.408664639088));
#2833 = CARTESIAN_POINT('',(4.818406044126,31.383827574081));
#2834 = CARTESIAN_POINT('',(4.806382248363,31.347178123004));
#2835 = CARTESIAN_POINT('',(4.784292898089,31.258206725452));
#2836 = CARTESIAN_POINT('',(4.774117834754,31.207733113609));
#2837 = CARTESIAN_POINT('',(4.764238064004,31.14976990043));
#2838 = CARTESIAN_POINT('',(4.754667308372,31.085099157112));
#2839 = CARTESIAN_POINT('',(4.745412969011,31.014397576474));
#2840 = CARTESIAN_POINT('',(4.736477896576,30.938248301155));
#2841 = CARTESIAN_POINT('',(4.719907881135,30.782282834325));
#2842 = CARTESIAN_POINT('',(4.712225252519,30.703192082146));
#2843 = CARTESIAN_POINT('',(4.704814817127,30.6202779881));
#2844 = CARTESIAN_POINT('',(4.69767544554,30.533886455064));
#2845 = CARTESIAN_POINT('',(4.690804793336,30.444317483207));
#2846 = CARTESIAN_POINT('',(4.684199753898,30.351830987439));
#2847 = CARTESIAN_POINT('',(4.672624163542,30.178131920719));
#2848 = CARTESIAN_POINT('',(4.667570162082,30.097783670252));
#2849 = CARTESIAN_POINT('',(4.662693260561,30.015739228341));
#2850 = CARTESIAN_POINT('',(4.657991787058,29.932118371413));
#2851 = CARTESIAN_POINT('',(4.653464042574,29.847029370682));
#2852 = CARTESIAN_POINT('',(4.649108299575,29.760569075401));
#2853 = CARTESIAN_POINT('',(4.634070758763,29.445317479607));
#2854 = CARTESIAN_POINT('',(4.624365621441,29.209219260212));
#2855 = CARTESIAN_POINT('',(4.615778175084,28.966065220716));
#2856 = CARTESIAN_POINT('',(4.608285406443,28.717040742468));
#2857 = CARTESIAN_POINT('',(4.601873658798,28.463101097913));
#2858 = CARTESIAN_POINT('',(4.596541992336,28.205089836259));
#2859 = CARTESIAN_POINT('',(4.588372038202,27.701274757369));
#2860 = CARTESIAN_POINT('',(4.585389209887,27.456306113492));
#2861 = CARTESIAN_POINT('',(4.583356339214,27.209164963394));
#2862 = CARTESIAN_POINT('',(4.582297016643,26.960124754903));
#2863 = CARTESIAN_POINT('',(4.582259450269,26.709672844903));
#2864 = CARTESIAN_POINT('',(4.583316459102,26.458716826894));
#2865 = CARTESIAN_POINT('',(4.586911530841,26.059265527684));
#2866 = CARTESIAN_POINT('',(4.588684161107,25.91014635888));
#2867 = CARTESIAN_POINT('',(4.590907307219,25.761388484838));
#2868 = CARTESIAN_POINT('',(4.593614726131,25.613083289201));
#2869 = CARTESIAN_POINT('',(4.596848548154,25.465560102591));
#2870 = CARTESIAN_POINT('',(4.60065790243,25.319437866093));
#2871 = CARTESIAN_POINT('',(4.609544413888,25.03167648992));
#2872 = CARTESIAN_POINT('',(4.614629833413,24.889845522499));
#2873 = CARTESIAN_POINT('',(4.620426708372,24.750678123487));
#2874 = CARTESIAN_POINT('',(4.627020149532,24.615299151388));
#2875 = CARTESIAN_POINT('',(4.634502183287,24.485529167194));
#2876 = CARTESIAN_POINT('',(4.642966714049,24.36395165354));
#2877 = CARTESIAN_POINT('',(4.660991090896,24.156135588293));
#2878 = CARTESIAN_POINT('',(4.67045883668,24.065961404672));
#2879 = CARTESIAN_POINT('',(4.680764134649,23.9893279967));
#2880 = CARTESIAN_POINT('',(4.691722114431,23.930085151038));
#2881 = CARTESIAN_POINT('',(4.703106709529,23.890118166271));
#2882 = CARTESIAN_POINT('',(4.714657099672,23.869372581109));
#2883 = CARTESIAN_POINT('',(4.739430394107,23.861746506705));
#2884 = CARTESIAN_POINT('',(4.752401578517,23.881249158156));
#2885 = CARTESIAN_POINT('',(4.7648923065,23.919781121897));
#2886 = CARTESIAN_POINT('',(4.776845930183,23.973444267143));
#2887 = CARTESIAN_POINT('',(4.788235221879,24.038968066058));
#2888 = CARTESIAN_POINT('',(4.799054638653,24.113676665904));
#2889 = CARTESIAN_POINT('',(4.814676101737,24.238186125545));
#2890 = CARTESIAN_POINT('',(4.819901023787,24.282972117576));
#2891 = CARTESIAN_POINT('',(4.824996725657,24.329595951231));
#2892 = CARTESIAN_POINT('',(4.829967948063,24.377856795896));
#2893 = CARTESIAN_POINT('',(4.834820334849,24.427595828727));
#2894 = CARTESIAN_POINT('',(4.839560420156,24.478696114206));
#2895 = CARTESIAN_POINT('',(4.86416733496,24.756800230414));
#2896 = CARTESIAN_POINT('',(4.882386002826,25.00859052496));
#2897 = CARTESIAN_POINT('',(4.898913927496,25.276099067429));
#2898 = CARTESIAN_POINT('',(4.913904016101,25.553831866162));
#2899 = CARTESIAN_POINT('',(4.927537243681,25.840023590299));
#2900 = CARTESIAN_POINT('',(4.939958819751,26.135542950187));
#2901 = CARTESIAN_POINT('',(4.96069642615,26.702205988533));
#2902 = CARTESIAN_POINT('',(4.96924358098,26.967135544336));
#2903 = CARTESIAN_POINT('',(4.976855345544,27.237508103547));
#2904 = CARTESIAN_POINT('',(4.983497907482,27.513643067514));
#2905 = CARTESIAN_POINT('',(4.989078160553,27.795615321917));
#2906 = CARTESIAN_POINT('',(4.993436648343,28.082898083119));
#2907 = CARTESIAN_POINT('',(4.997219184086,28.462109428999));
#2908 = CARTESIAN_POINT('',(4.997965071068,28.550571344491));
#2909 = CARTESIAN_POINT('',(4.998572311095,28.639459754861));
#2910 = CARTESIAN_POINT('',(4.999033440257,28.728766268667));
#2911 = CARTESIAN_POINT('',(4.999339857647,28.818466626319));
#2912 = CARTESIAN_POINT('',(4.999481821798,28.908520517305));
#2913 = CARTESIAN_POINT('',(4.999410336691,29.10204270286));
#2914 = CARTESIAN_POINT('',(4.999143609208,29.205598218042));
#2915 = CARTESIAN_POINT('',(4.998631978439,29.309505327839));
#2916 = CARTESIAN_POINT('',(4.997856597653,29.413684327604));
#2917 = CARTESIAN_POINT('',(4.99679602669,29.518007495933));
#2918 = CARTESIAN_POINT('',(4.995426199035,29.622298167443));
#2919 = CARTESIAN_POINT('',(4.992039125587,29.828864415512));
#2920 = CARTESIAN_POINT('',(4.990029626182,29.931259194051));
#2921 = CARTESIAN_POINT('',(4.987666717689,30.033187863136));
#2922 = CARTESIAN_POINT('',(4.984924130604,30.134287631186));
#2923 = CARTESIAN_POINT('',(4.981774632635,30.234150476772));
#2924 = CARTESIAN_POINT('',(4.978190162406,30.332314432321));
#2925 = CARTESIAN_POINT('',(4.972375588239,30.470117130658));
#2926 = CARTESIAN_POINT('',(4.970521569298,30.5115407403));
#2927 = CARTESIAN_POINT('',(4.968578625049,30.552459092276));
#2928 = CARTESIAN_POINT('',(4.966545672404,30.592806776417));
#2929 = CARTESIAN_POINT('',(4.964421826492,30.632519576875));
#2930 = CARTESIAN_POINT('',(4.962206400656,30.671534472115));
#2931 = CARTESIAN_POINT('',(4.958554166198,30.732083626887));
#2932 = CARTESIAN_POINT('',(4.95717836482,30.754116263141));
#2933 = CARTESIAN_POINT('',(4.955771536563,30.775873301043));
#2934 = CARTESIAN_POINT('',(4.954333796373,30.797340425293));
#2935 = CARTESIAN_POINT('',(4.95286533989,30.818503247932));
#2936 = CARTESIAN_POINT('',(4.951366443449,30.83934730834));
#2937 = CARTESIAN_POINT('',(4.946591918513,30.903396019933));
#2938 = CARTESIAN_POINT('',(4.943209763533,30.945446827631));
#2939 = CARTESIAN_POINT('',(4.939695561903,30.985854558603));
#2940 = CARTESIAN_POINT('',(4.936055042685,31.024480964625));
#2941 = CARTESIAN_POINT('',(4.932295103918,31.061205702702));
#2942 = CARTESIAN_POINT('',(4.928423815278,31.095926550781));
#2943 = CARTESIAN_POINT('',(4.920554185753,31.160558993093));
#2944 = CARTESIAN_POINT('',(4.916561243528,31.190538775799));
#2945 = CARTESIAN_POINT('',(4.912480220265,31.218424905218));
#2946 = CARTESIAN_POINT('',(4.908320558335,31.244161292302));
#2947 = CARTESIAN_POINT('',(4.904092518957,31.26770999742));
#2948 = CARTESIAN_POINT('',(4.899807184876,31.289051402465));
#2949 = CARTESIAN_POINT('',(4.893465191351,31.317070112197));
#2950 = CARTESIAN_POINT('',(4.891443795224,31.325480945043));
#2951 = CARTESIAN_POINT('',(4.88941329928,31.333417372205));
#2952 = CARTESIAN_POINT('',(4.887374698493,31.340880641864));
#2953 = CARTESIAN_POINT('',(4.885328958181,31.347872759672));
#2954 = CARTESIAN_POINT('',(4.883277014004,31.354396488753));
#2955 = CARTESIAN_POINT('',(4.881219771964,31.360455349704));
#2956 = ( GEOMETRIC_REPRESENTATION_CONTEXT(2) 
PARAMETRIC_REPRESENTATION_CONTEXT() REPRESENTATION_CONTEXT('2D SPACE',''
  ) );
#2957 = PCURVE('',#2555,#2958);
#2958 = DEFINITIONAL_REPRESENTATION('',(#2959),#3088);
#2959 = B_SPLINE_CURVE_WITH_KNOTS('',7,(#2960,#2961,#2962,#2963,#2964,
    #2965,#2966,#2967,#2968,#2969,#2970,#2971,#2972,#2973,#2974,#2975,
    #2976,#2977,#2978,#2979,#2980,#2981,#2982,#2983,#2984,#2985,#2986,
    #2987,#2988,#2989,#2990,#2991,#2992,#2993,#2994,#2995,#2996,#2997,
    #2998,#2999,#3000,#3001,#3002,#3003,#3004,#3005,#3006,#3007,#3008,
    #3009,#3010,#3011,#3012,#3013,#3014,#3015,#3016,#3017,#3018,#3019,
    #3020,#3021,#3022,#3023,#3024,#3025,#3026,#3027,#3028,#3029,#3030,
    #3031,#3032,#3033,#3034,#3035,#3036,#3037,#3038,#3039,#3040,#3041,
    #3042,#3043,#3044,#3045,#3046,#3047,#3048,#3049,#3050,#3051,#3052,
    #3053,#3054,#3055,#3056,#3057,#3058,#3059,#3060,#3061,#3062,#3063,
    #3064,#3065,#3066,#3067,#3068,#3069,#3070,#3071,#3072,#3073,#3074,
    #3075,#3076,#3077,#3078,#3079,#3080,#3081,#3082,#3083,#3084,#3085,
    #3086,#3087),.UNSPECIFIED.,.F.,.F.,(8,6,6,6,6,6,6,6,6,6,6,6,6,6,6,6,
    6,6,6,6,6,8),(0.,5.329754746255E-02,0.10113630671,0.145302380025,
    0.181738711515,0.276209786268,0.3639341646,0.416445342438,
    0.469043247097,0.515842198342,0.570554822131,0.599117061434,
    0.72218350714,0.826216396648,0.857673555863,0.893594359046,
    0.928998257434,0.944446251717,0.953448891756,0.972558684297,
    0.991297382944,1.),.UNSPECIFIED.);
#2960 = CARTESIAN_POINT('',(8.881784197001E-16,1.906368738318));
#2961 = CARTESIAN_POINT('',(6.561381547939E-02,1.980808659259));
#2962 = CARTESIAN_POINT('',(0.129788208187,2.063906483943));
#2963 = CARTESIAN_POINT('',(0.192506620617,2.153796395148));
#2964 = CARTESIAN_POINT('',(0.253734071847,2.248841974761));
#2965 = CARTESIAN_POINT('',(0.313416159736,2.347606853144));
#2966 = CARTESIAN_POINT('',(0.37147939919,2.448819689651));
#2967 = CARTESIAN_POINT('',(0.478414612177,2.643347713419));
#2968 = CARTESIAN_POINT('',(0.527788681539,2.736719021049));
#2969 = CARTESIAN_POINT('',(0.576039001253,2.830934467737));
#2970 = CARTESIAN_POINT('',(0.623241112607,2.925616397025));
#2971 = CARTESIAN_POINT('',(0.669467995546,3.020489944212));
#2972 = CARTESIAN_POINT('',(0.714791899524,3.115356609546));
#2973 = CARTESIAN_POINT('',(0.800356904564,3.297519529461));
#2974 = CARTESIAN_POINT('',(0.840723935336,3.384843547947));
#2975 = CARTESIAN_POINT('',(0.880435309518,3.471929421094));
#2976 = CARTESIAN_POINT('',(0.919539799617,3.558694400554));
#2977 = CARTESIAN_POINT('',(0.958083789759,3.645082716453));
#2978 = CARTESIAN_POINT('',(0.996112120807,3.73105877396));
#2979 = CARTESIAN_POINT('',(1.064652730203,3.887170834902));
#2980 = CARTESIAN_POINT('',(1.095313802403,3.957441634019));
#2981 = CARTESIAN_POINT('',(1.125675022567,4.027396560769));
#2982 = CARTESIAN_POINT('',(1.15575762703,4.097023086097));
#2983 = CARTESIAN_POINT('',(1.18558190929,4.166312340144));
#2984 = CARTESIAN_POINT('',(1.215167911319,4.235259114045));
#2985 = CARTESIAN_POINT('',(1.320681150333,4.481733097367));
#2986 = CARTESIAN_POINT('',(1.395345087348,4.657251643638));
#2987 = CARTESIAN_POINT('',(1.468869639093,4.830360034024));
#2988 = CARTESIAN_POINT('',(1.541562136613,5.001040728808));
#2989 = CARTESIAN_POINT('',(1.613717492838,5.169256894543));
#2990 = CARTESIAN_POINT('',(1.685633469007,5.334886692838));
#2991 = CARTESIAN_POINT('',(1.824464119905,5.648791568628));
#2992 = CARTESIAN_POINT('',(1.891261783814,5.797217517792));
#2993 = CARTESIAN_POINT('',(1.958391111703,5.943017340436));
#2994 = CARTESIAN_POINT('',(2.026216132058,6.086074256305));
#2995 = CARTESIAN_POINT('',(2.09509265587,6.225995228041));
#2996 = CARTESIAN_POINT('',(2.165379277376,6.361976555892));
#2997 = CARTESIAN_POINT('',(2.280595401047,6.570800046651));
#2998 = CARTESIAN_POINT('',(2.324358622772,6.647040438954));
#2999 = CARTESIAN_POINT('',(2.368947164792,6.721253843088));
#3000 = CARTESIAN_POINT('',(2.414552981945,6.793207338903));
#3001 = CARTESIAN_POINT('',(2.461354717669,6.8624778561));
#3002 = CARTESIAN_POINT('',(2.50952103383,6.928416243334));
#3003 = CARTESIAN_POINT('',(2.608996608833,7.051897842387));
#3004 = CARTESIAN_POINT('',(2.66038009386,7.109512708389));
#3005 = CARTESIAN_POINT('',(2.713708342476,7.162214352544));
#3006 = CARTESIAN_POINT('',(2.769275420352,7.208803554657));
#3007 = CARTESIAN_POINT('',(2.827337672391,7.247570755683));
#3008 = CARTESIAN_POINT('',(2.888133823859,7.276245102022));
#3009 = CARTESIAN_POINT('',(3.008667781765,7.305904521368));
#3010 = CARTESIAN_POINT('',(3.068663207807,7.309810668978));
#3011 = CARTESIAN_POINT('',(3.130504761182,7.300627986832));
#3012 = CARTESIAN_POINT('',(3.193109397914,7.276685948844));
#3013 = CARTESIAN_POINT('',(3.255539154594,7.237762717033));
#3014 = CARTESIAN_POINT('',(3.31686057402,7.185180640085));
#3015 = CARTESIAN_POINT('',(3.445208998384,7.047767003262));
#3016 = CARTESIAN_POINT('',(3.510389382095,6.96011816546));
#3017 = CARTESIAN_POINT('',(3.571944866892,6.862299137964));
#3018 = CARTESIAN_POINT('',(3.630162961701,6.757193774611));
#3019 = CARTESIAN_POINT('',(3.685291086357,6.647170535811));
#3020 = CARTESIAN_POINT('',(3.737566775518,6.534094867117));
#3021 = CARTESIAN_POINT('',(3.813162091038,6.35942965271));
#3022 = CARTESIAN_POINT('',(3.838468849582,6.298856975328));
#3023 = CARTESIAN_POINT('',(3.863198180957,6.237766864789));
#3024 = CARTESIAN_POINT('',(3.887393489723,6.176273422585));
#3025 = CARTESIAN_POINT('',(3.911098810295,6.114457485554));
#3026 = CARTESIAN_POINT('',(3.934360096794,6.052366514119));
#3027 = CARTESIAN_POINT('',(4.055751300383,5.721357563469));
#3028 = CARTESIAN_POINT('',(4.147903360753,5.445240575496));
#3029 = CARTESIAN_POINT('',(4.235074288168,5.168808464491));
#3030 = CARTESIAN_POINT('',(4.318472625653,4.895443824825));
#3031 = CARTESIAN_POINT('',(4.399433612568,4.625699598784));
#3032 = CARTESIAN_POINT('',(4.479372362375,4.358645852148));
#3033 = CARTESIAN_POINT('',(4.627943403393,3.869230419349));
#3034 = CARTESIAN_POINT('',(4.695647699858,3.648862849274));
#3035 = CARTESIAN_POINT('',(4.76370284042,3.432550874914));
#3036 = CARTESIAN_POINT('',(4.832753547493,3.220739405364));
#3037 = CARTESIAN_POINT('',(4.90342048217,3.014488098518));
#3038 = CARTESIAN_POINT('',(4.976307375549,2.815775132488));
#3039 = CARTESIAN_POINT('',(5.074996973351,2.570745027893));
#3040 = CARTESIAN_POINT('',(5.098190880544,2.514780944682));
#3041 = CARTESIAN_POINT('',(5.121696778985,2.459799093904));
#3042 = CARTESIAN_POINT('',(5.145544897438,2.405874521711));
#3043 = CARTESIAN_POINT('',(5.169765267264,2.353100158153));
#3044 = CARTESIAN_POINT('',(5.194388460784,2.301586545207));
#3045 = CARTESIAN_POINT('',(5.248059808999,2.194224051945));
#3046 = CARTESIAN_POINT('',(5.277239154845,2.138798870993));
#3047 = CARTESIAN_POINT('',(5.307046506645,2.085347863285));
#3048 = CARTESIAN_POINT('',(5.337541684347,2.034079127004));
#3049 = CARTESIAN_POINT('',(5.36878492555,1.985245344941));
#3050 = CARTESIAN_POINT('',(5.400839622667,1.939142112246));
#3051 = CARTESIAN_POINT('',(5.46623655251,1.853689707283));
#3052 = CARTESIAN_POINT('',(5.499589007851,1.814206816447));
#3053 = CARTESIAN_POINT('',(5.53386877315,1.778036581613));
#3054 = CARTESIAN_POINT('',(5.569116715893,1.745578484112));
#3055 = CARTESIAN_POINT('',(5.605379623593,1.717251581379));
#3056 = CARTESIAN_POINT('',(5.642711603377,1.693493591664));
#3057 = CARTESIAN_POINT('',(5.697958655097,1.666585829617));
#3058 = CARTESIAN_POINT('',(5.714951215049,1.659371255336));
#3059 = CARTESIAN_POINT('',(5.732148715113,1.653157429941));
#3060 = CARTESIAN_POINT('',(5.749547080598,1.647982440526));
#3061 = CARTESIAN_POINT('',(5.767142608426,1.643881287235));
#3062 = CARTESIAN_POINT('',(5.784931967139,1.64088588327));
#3063 = CARTESIAN_POINT('',(5.81339054983,1.637940618432));
#3064 = CARTESIAN_POINT('',(5.823932129006,1.637241628419));
#3065 = CARTESIAN_POINT('',(5.834535374054,1.636933800966));
#3066 = CARTESIAN_POINT('',(5.84519847366,1.637022164844));
#3067 = CARTESIAN_POINT('',(5.855919365558,1.637511061481));
#3068 = CARTESIAN_POINT('',(5.866695736532,1.638404144959));
#3069 = CARTESIAN_POINT('',(5.900512213471,1.642464379116));
#3070 = CARTESIAN_POINT('',(5.923745423311,1.64705964477));
#3071 = CARTESIAN_POINT('',(5.947191538383,1.653518518854));
#3072 = CARTESIAN_POINT('',(5.970818344903,1.66184931769));
#3073 = CARTESIAN_POINT('',(5.994593784326,1.672041058813));
#3074 = CARTESIAN_POINT('',(6.018485208817,1.684064185753));
#3075 = CARTESIAN_POINT('',(6.065966523598,1.711410279041));
#3076 = CARTESIAN_POINT('',(6.089544373969,1.726659541464));
#3077 = CARTESIAN_POINT('',(6.11316142758,1.743572608784));
#3078 = CARTESIAN_POINT('',(6.136786995577,1.762088176805));
#3079 = CARTESIAN_POINT('',(6.160389664451,1.782130773665));
#3080 = CARTESIAN_POINT('',(6.183936499957,1.803611425071));
#3081 = CARTESIAN_POINT('',(6.218285559232,1.83702493026));
#3082 = CARTESIAN_POINT('',(6.229161022213,1.847911540274));
#3083 = CARTESIAN_POINT('',(6.240016013165,1.85907888672));
#3084 = CARTESIAN_POINT('',(6.250848093463,1.870517659845));
#3085 = CARTESIAN_POINT('',(6.261655012684,1.882218502998));
#3086 = CARTESIAN_POINT('',(6.2724347086,1.894172012636));
#3087 = CARTESIAN_POINT('',(6.28318530718,1.906368738318));
#3088 = ( GEOMETRIC_REPRESENTATION_CONTEXT(2) 
PARAMETRIC_REPRESENTATION_CONTEXT() REPRESENTATION_CONTEXT('2D SPACE',''
  ) );
#3089 = ORIENTED_EDGE('',*,*,#3090,.F.);
#3090 = EDGE_CURVE('',#974,#2693,#3091,.T.);
#3091 = SURFACE_CURVE('',#3092,(#3193,#3297),.PCURVE_S1.);
#3092 = B_SPLINE_CURVE_WITH_KNOTS('',8,(#3093,#3094,#3095,#3096,#3097,
    #3098,#3099,#3100,#3101,#3102,#3103,#3104,#3105,#3106,#3107,#3108,
    #3109,#3110,#3111,#3112,#3113,#3114,#3115,#3116,#3117,#3118,#3119,
    #3120,#3121,#3122,#3123,#3124,#3125,#3126,#3127,#3128,#3129,#3130,
    #3131,#3132,#3133,#3134,#3135,#3136,#3137,#3138,#3139,#3140,#3141,
    #3142,#3143,#3144,#3145,#3146,#3147,#3148,#3149,#3150,#3151,#3152,
    #3153,#3154,#3155,#3156,#3157,#3158,#3159,#3160,#3161,#3162,#3163,
    #3164,#3165,#3166,#3167,#3168,#3169,#3170,#3171,#3172,#3173,#3174,
    #3175,#3176,#3177,#3178,#3179,#3180,#3181,#3182,#3183,#3184,#3185,
    #3186,#3187,#3188,#3189,#3190,#3191,#3192),.UNSPECIFIED.,.F.,.F.,(9,
    7,7,7,7,7,7,7,7,7,7,7,7,7,9),(0.,3.84529947632E-02,
    7.899208158837E-02,0.14388107644,0.281801148974,0.451745557014,
    0.496009648348,0.539997908081,0.582275130421,0.648432904483,
    0.74057571049,0.874581855876,0.929129860806,0.972770506481,1.),
  .UNSPECIFIED.);
#3093 = CARTESIAN_POINT('',(-8.504921855152,19.170619222467,
    1.07407574937));
#3094 = CARTESIAN_POINT('',(-8.728266637609,19.171370979854,
    0.919535618619));
#3095 = CARTESIAN_POINT('',(-8.954765252929,19.173153570117,
    0.782202483846));
#3096 = CARTESIAN_POINT('',(-9.183006726479,19.176193244661,
    0.660733742166));
#3097 = CARTESIAN_POINT('',(-9.411888944625,19.180660501388,
    0.553837998252));
#3098 = CARTESIAN_POINT('',(-9.640580705098,19.186673978027,
    0.460293164716));
#3099 = CARTESIAN_POINT('',(-9.868483949603,19.194308464794,
    0.378962549716));
#3100 = CARTESIAN_POINT('',(-10.09519617865,19.203607036402,
    0.308808931781));
#3101 = CARTESIAN_POINT('',(-10.55797128894,19.22618379727,
    0.185754585002));
#3102 = CARTESIAN_POINT('',(-10.79402134807,19.239657407221,
    0.133956651855));
#3103 = CARTESIAN_POINT('',(-11.02820522471,19.255047320804,
    9.248583631694E-02));
#3104 = CARTESIAN_POINT('',(-11.26024929115,19.272351598456,
    6.042062561841E-02));
#3105 = CARTESIAN_POINT('',(-11.49000725624,19.291549887978,
    3.694191131461E-02));
#3106 = CARTESIAN_POINT('',(-11.717443866,19.312614380049,
    2.133048242769E-02));
#3107 = CARTESIAN_POINT('',(-11.94261934178,19.335519004789,
    1.296508073347E-02));
#3108 = CARTESIAN_POINT('',(-12.52270846553,19.399827590141,
    8.689445214998E-03));
#3109 = CARTESIAN_POINT('',(-12.8744071859,19.444090332556,
    2.327722237646E-02));
#3110 = CARTESIAN_POINT('',(-13.2203428477,19.492858685129,
    5.295655741401E-02));
#3111 = CARTESIAN_POINT('',(-13.56036666277,19.545903617289,
    9.594879959326E-02));
#3112 = CARTESIAN_POINT('',(-13.8945674261,19.602992601691,
    0.150792844547));
#3113 = CARTESIAN_POINT('',(-14.22323367691,19.663926252606,
    0.216320240706));
#3114 = CARTESIAN_POINT('',(-14.5468195189,19.728562480361,
    0.291636997331));
#3115 = CARTESIAN_POINT('',(-15.54414232391,19.941925304497,
    0.555661977817));
#3116 = CARTESIAN_POINT('',(-16.20241248859,20.103490326898,
    0.77667180996));
#3117 = CARTESIAN_POINT('',(-16.84002456698,20.279499978273,
    1.031478260073));
#3118 = CARTESIAN_POINT('',(-17.45733193919,20.467901901335,
    1.314788535769));
#3119 = CARTESIAN_POINT('',(-18.05545228311,20.667075424572,
    1.623250628402));
#3120 = CARTESIAN_POINT('',(-18.63591321285,20.875944854683,
    1.955166114979));
#3121 = CARTESIAN_POINT('',(-19.20019830749,21.093855153956,
    2.310270583269));
#3122 = CARTESIAN_POINT('',(-20.42558594365,21.59936857364,
    3.156799608738));
#3123 = CARTESIAN_POINT('',(-21.05444106978,21.881379753497,
    3.643943309851));
#3124 = CARTESIAN_POINT('',(-21.65308186705,22.169099213268,
    4.156973881153));
#3125 = CARTESIAN_POINT('',(-22.2337221369,22.467192818898,
    4.707962898455));
#3126 = CARTESIAN_POINT('',(-22.79852507486,22.778165014274,5.3089224954
    ));
#3127 = CARTESIAN_POINT('',(-23.33684271634,23.099450190503,
    5.968366591949));
#3128 = CARTESIAN_POINT('',(-23.82315218086,23.420190610421,
    6.688593563867));
#3129 = CARTESIAN_POINT('',(-24.31547865214,23.796368190881,
    7.662772027608));
#3130 = CARTESIAN_POINT('',(-24.41069172026,23.872567853266,
    7.867592556481));
#3131 = CARTESIAN_POINT('',(-24.50004343556,23.947940541857,
    8.078606821066));
#3132 = CARTESIAN_POINT('',(-24.58325113771,24.022756634299,
    8.29802173031));
#3133 = CARTESIAN_POINT('',(-24.65907015313,24.096794195541,
    8.527470832495));
#3134 = CARTESIAN_POINT('',(-24.72528167882,24.169297689232,
    8.767943105695));
#3135 = CARTESIAN_POINT('',(-24.77868787377,24.23895130924,
    9.019743149877));
#3136 = CARTESIAN_POINT('',(-24.85131345203,24.368378031783,
    9.543585149884));
#3137 = CARTESIAN_POINT('',(-24.87620196858,24.437935456441,
    9.854851677884));
#3138 = CARTESIAN_POINT('',(-24.87287502928,24.501185607446,
    10.193160227524));
#3139 = CARTESIAN_POINT('',(-24.82861792811,24.549595194088,
    10.542435714765));
#3140 = CARTESIAN_POINT('',(-24.73635398294,24.577212153536,
    10.888873770471));
#3141 = CARTESIAN_POINT('',(-24.59408163149,24.581009908303,
    11.221799325789));
#3142 = CARTESIAN_POINT('',(-24.40522214409,24.56090897929,11.5328545146
    ));
#3143 = CARTESIAN_POINT('',(-23.96068593112,24.480065327654,
    12.088697065735));
#3144 = CARTESIAN_POINT('',(-23.7228647062,24.42365575859,12.31687104723
    ));
#3145 = CARTESIAN_POINT('',(-23.47638930458,24.356726278946,
    12.507933178231));
#3146 = CARTESIAN_POINT('',(-23.22890082169,24.283902536797,
    12.668509914894));
#3147 = CARTESIAN_POINT('',(-22.984634839,24.208151944962,
    12.804532635917));
#3148 = CARTESIAN_POINT('',(-22.7443737302,24.130806190238,
    12.921246681499));
#3149 = CARTESIAN_POINT('',(-22.50544109272,24.051641044658,
    13.023173259824));
#3150 = CARTESIAN_POINT('',(-21.88127808103,23.839765775468,
    13.255539627674));
#3151 = CARTESIAN_POINT('',(-21.49765420121,23.704788553463,
    13.366582663399));
#3152 = CARTESIAN_POINT('',(-21.11673267544,23.567591575893,
    13.452220885399));
#3153 = CARTESIAN_POINT('',(-20.74154162036,23.430366324554,
    13.516981178817));
#3154 = CARTESIAN_POINT('',(-20.37276149145,23.294108072439,
    13.56454847257));
#3155 = CARTESIAN_POINT('',(-20.00892093662,23.158770869995,
    13.597702742715));
#3156 = CARTESIAN_POINT('',(-19.64666648296,23.023463862411,
    13.61823731664));
#3157 = CARTESIAN_POINT('',(-18.77200492438,22.696163534428,
    13.638860347823));
#3158 = CARTESIAN_POINT('',(-18.26510554322,22.505996680519,
    13.627546898476));
#3159 = CARTESIAN_POINT('',(-17.76237107147,22.317784750282,
    13.595827193715));
#3160 = CARTESIAN_POINT('',(-17.26455114222,22.132464335312,
    13.545889053831));
#3161 = CARTESIAN_POINT('',(-16.77147645083,21.950488868135,
    13.479230999167));
#3162 = CARTESIAN_POINT('',(-16.28234292916,21.772007649505,
    13.39669614663));
#3163 = CARTESIAN_POINT('',(-15.79600297796,21.597035205949,
    13.298505778709));
#3164 = CARTESIAN_POINT('',(-14.60629244982,21.176303396537,
    13.018188789085));
#3165 = CARTESIAN_POINT('',(-13.91113337746,20.936773466708,
    12.819710237779));
#3166 = CARTESIAN_POINT('',(-13.22410861875,20.707634751998,
    12.589303463376));
#3167 = CARTESIAN_POINT('',(-12.5439039481,20.48960255947,
    12.325509972701));
#3168 = CARTESIAN_POINT('',(-11.87068511114,20.283990752356,
    12.025534864282));
#3169 = CARTESIAN_POINT('',(-11.20670122119,20.092903424837,
    11.685514877967));
#3170 = CARTESIAN_POINT('',(-10.55684486298,19.919034407521,
    11.30059578506));
#3171 = CARTESIAN_POINT('',(-9.674330374064,19.702281884767,
    10.687588261211));
#3172 = CARTESIAN_POINT('',(-9.422615523898,19.642821207067,
    10.501727659295));
#3173 = CARTESIAN_POINT('',(-9.174609149629,19.58667346671,
    10.306609835836));
#3174 = CARTESIAN_POINT('',(-8.930658942123,19.533959781445,
    10.101442829105));
#3175 = CARTESIAN_POINT('',(-8.691367395457,19.484844668097,
    9.885391863648));
#3176 = CARTESIAN_POINT('',(-8.45761941164,19.439517373399,
    9.657589965953));
#3177 = CARTESIAN_POINT('',(-8.230615186627,19.398164327085,
    9.417147433303));
#3178 = CARTESIAN_POINT('',(-7.836933942372,19.331145899263,
    8.959959895864));
#3179 = CARTESIAN_POINT('',(-7.667334076588,19.304007919698,
    8.748163934116));
#3180 = CARTESIAN_POINT('',(-7.503572598739,19.279535190552,8.526941244)
  );
#3181 = CARTESIAN_POINT('',(-7.346399586056,19.257770452588,
    8.295468397666));
#3182 = CARTESIAN_POINT('',(-7.196867262638,19.238761114103,
    8.052939020395));
#3183 = CARTESIAN_POINT('',(-7.056357157301,19.222533629172,
    7.798588545873));
#3184 = CARTESIAN_POINT('',(-6.926618531186,19.209063915369,
    7.531734272307));
#3185 = CARTESIAN_POINT('',(-6.736940664344,19.191492628453,
    7.077185457838));
#3186 = CARTESIAN_POINT('',(-6.669037592117,19.185767253169,
    6.897309592526));
#3187 = CARTESIAN_POINT('',(-6.606642684504,19.181043691876,
    6.712037825612));
#3188 = CARTESIAN_POINT('',(-6.550365133391,19.177286920939,
    6.521231757197));
#3189 = CARTESIAN_POINT('',(-6.500894444417,19.174446210363,
    6.324792965007));
#3190 = CARTESIAN_POINT('',(-6.45900486056,19.172451871841,
    6.122676294301));
#3191 = CARTESIAN_POINT('',(-6.42555926137,19.171213430804,
    5.914903358062));
#3192 = CARTESIAN_POINT('',(-6.401512537845,19.170619222467,
    5.701576247447));
#3193 = PCURVE('',#493,#3194);
#3194 = DEFINITIONAL_REPRESENTATION('',(#3195),#3296);
#3195 = B_SPLINE_CURVE_WITH_KNOTS('',8,(#3196,#3197,#3198,#3199,#3200,
    #3201,#3202,#3203,#3204,#3205,#3206,#3207,#3208,#3209,#3210,#3211,
    #3212,#3213,#3214,#3215,#3216,#3217,#3218,#3219,#3220,#3221,#3222,
    #3223,#3224,#3225,#3226,#3227,#3228,#3229,#3230,#3231,#3232,#3233,
    #3234,#3235,#3236,#3237,#3238,#3239,#3240,#3241,#3242,#3243,#3244,
    #3245,#3246,#3247,#3248,#3249,#3250,#3251,#3252,#3253,#3254,#3255,
    #3256,#3257,#3258,#3259,#3260,#3261,#3262,#3263,#3264,#3265,#3266,
    #3267,#3268,#3269,#3270,#3271,#3272,#3273,#3274,#3275,#3276,#3277,
    #3278,#3279,#3280,#3281,#3282,#3283,#3284,#3285,#3286,#3287,#3288,
    #3289,#3290,#3291,#3292,#3293,#3294,#3295),.UNSPECIFIED.,.F.,.F.,(9,
    7,7,7,7,7,7,7,7,7,7,7,7,7,9),(0.,3.84529947632E-02,
    7.899208158837E-02,0.14388107644,0.281801148974,0.451745557014,
    0.496009648348,0.539997908081,0.582275130421,0.648432904483,
    0.74057571049,0.874581855876,0.929129860806,0.972770506481,1.),
  .UNSPECIFIED.);
#3196 = CARTESIAN_POINT('',(4.867038577542,12.99038012725));
#3197 = CARTESIAN_POINT('',(4.881337032613,13.124937680785));
#3198 = CARTESIAN_POINT('',(4.894791123722,13.269401035915));
#3199 = CARTESIAN_POINT('',(4.907436926458,13.422056543087));
#3200 = CARTESIAN_POINT('',(4.919314429001,13.581467204563));
#3201 = CARTESIAN_POINT('',(4.930466296275,13.746447626054));
#3202 = CARTESIAN_POINT('',(4.94093650465,13.916039420839));
#3203 = CARTESIAN_POINT('',(4.9507688472,14.089487066392));
#3204 = CARTESIAN_POINT('',(4.969742854035,14.452528886919));
#3205 = CARTESIAN_POINT('',(4.978824177614,14.642603686325));
#3206 = CARTESIAN_POINT('',(4.987291850263,14.835669874871));
#3207 = CARTESIAN_POINT('',(4.995186673817,15.031119211586));
#3208 = CARTESIAN_POINT('',(5.002547500959,15.228491156929));
#3209 = CARTESIAN_POINT('',(5.009410974377,15.427460482136));
#3210 = CARTESIAN_POINT('',(5.015811186101,15.627825282343));
#3211 = CARTESIAN_POINT('',(5.031332065182,16.152299181885));
#3212 = CARTESIAN_POINT('',(5.039780332665,16.478534839343));
#3213 = CARTESIAN_POINT('',(5.047223853967,16.80693117875));
#3214 = CARTESIAN_POINT('',(5.053752463867,17.136587210728));
#3215 = CARTESIAN_POINT('',(5.059446269106,17.466936185404));
#3216 = CARTESIAN_POINT('',(5.064375600402,17.797712198834));
#3217 = CARTESIAN_POINT('',(5.06860068477,18.128919364084));
#3218 = CARTESIAN_POINT('',(5.079759742451,19.166215777218));
#3219 = CARTESIAN_POINT('',(5.084394466653,19.875030965));
#3220 = CARTESIAN_POINT('',(5.086475068684,20.583039803972));
#3221 = CARTESIAN_POINT('',(5.086313648828,21.28789531476));
#3222 = CARTESIAN_POINT('',(5.084140815216,21.988810237733));
#3223 = CARTESIAN_POINT('',(5.080107004583,22.686161615024));
#3224 = CARTESIAN_POINT('',(5.07428141275,23.38097174149));
#3225 = CARTESIAN_POINT('',(5.057249043753,24.928469692513));
#3226 = CARTESIAN_POINT('',(5.045444563721,25.749662930792));
#3227 = CARTESIAN_POINT('',(5.031378887021,26.556184887699));
#3228 = CARTESIAN_POINT('',(5.014706458848,27.364810409278));
#3229 = CARTESIAN_POINT('',(4.994834660674,28.182895570466));
#3230 = CARTESIAN_POINT('',(4.97106951981,29.003809813867));
#3231 = CARTESIAN_POINT('',(4.942730021795,29.803184016558));
#3232 = CARTESIAN_POINT('',(4.90051270475,30.723883166453));
#3233 = CARTESIAN_POINT('',(4.89144166304,30.90940826562));
#3234 = CARTESIAN_POINT('',(4.881891042286,31.092040303276));
#3235 = CARTESIAN_POINT('',(4.871732075644,31.272483464873));
#3236 = CARTESIAN_POINT('',(4.860844807372,31.450238049354));
#3237 = CARTESIAN_POINT('',(4.849121390898,31.623550450455));
#3238 = CARTESIAN_POINT('',(4.836467440028,31.789385877491));
#3239 = CARTESIAN_POINT('',(4.80922058622,32.096501866646));
#3240 = CARTESIAN_POINT('',(4.792593006245,32.2610063406));
#3241 = CARTESIAN_POINT('',(4.773790236581,32.409859152199));
#3242 = CARTESIAN_POINT('',(4.753388431069,32.523220377199));
#3243 = CARTESIAN_POINT('',(4.731964820819,32.58779016909));
#3244 = CARTESIAN_POINT('',(4.710040054098,32.596748804435));
#3245 = CARTESIAN_POINT('',(4.688142557978,32.549743630715));
#3246 = CARTESIAN_POINT('',(4.646282647521,32.359853011856));
#3247 = CARTESIAN_POINT('',(4.627687889875,32.227162508447));
#3248 = CARTESIAN_POINT('',(4.610897659993,32.069275614506));
#3249 = CARTESIAN_POINT('',(4.595740656096,31.896771471288));
#3250 = CARTESIAN_POINT('',(4.582000872163,31.716522341159));
#3251 = CARTESIAN_POINT('',(4.569412220274,31.531661343892));
#3252 = CARTESIAN_POINT('',(4.557658748261,31.341583598883));
#3253 = CARTESIAN_POINT('',(4.52878806357,30.830173905518));
#3254 = CARTESIAN_POINT('',(4.512761658004,30.501911482198));
#3255 = CARTESIAN_POINT('',(4.498176193206,30.165296255131));
#3256 = CARTESIAN_POINT('',(4.484867045794,29.825374230712));
#3257 = CARTESIAN_POINT('',(4.472654754942,29.484477170983));
#3258 = CARTESIAN_POINT('',(4.4613524296,29.142410558587));
#3259 = CARTESIAN_POINT('',(4.45077751058,28.796709888786));
#3260 = CARTESIAN_POINT('',(4.426825919531,27.950305950734));
#3261 = CARTESIAN_POINT('',(4.414215666481,27.450373652948));
#3262 = CARTESIAN_POINT('',(4.402837337622,26.946476197462));
#3263 = CARTESIAN_POINT('',(4.392599625819,26.440393250031));
#3264 = CARTESIAN_POINT('',(4.383424462056,25.932694578189));
#3265 = CARTESIAN_POINT('',(4.375252718587,25.423050569277));
#3266 = CARTESIAN_POINT('',(4.368050514482,24.910546240514));
#3267 = CARTESIAN_POINT('',(4.352749255116,23.642767665063));
#3268 = CARTESIAN_POINT('',(4.345811952859,22.889833514096));
#3269 = CARTESIAN_POINT('',(4.340960361046,22.13406505995));
#3270 = CARTESIAN_POINT('',(4.338264021797,21.373917386637));
#3271 = CARTESIAN_POINT('',(4.337905214183,20.608770459438));
#3272 = CARTESIAN_POINT('',(4.34017706618,19.839616555297));
#3273 = CARTESIAN_POINT('',(4.345484868119,19.069529354044));
#3274 = CARTESIAN_POINT('',(4.357965663269,17.992875624353));
#3275 = CARTESIAN_POINT('',(4.362168852977,17.682021533507));
#3276 = CARTESIAN_POINT('',(4.367007965395,17.371610244304));
#3277 = CARTESIAN_POINT('',(4.372534843673,17.061663179131));
#3278 = CARTESIAN_POINT('',(4.378809342792,16.752419834707));
#3279 = CARTESIAN_POINT('',(4.385899080121,16.444361277406));
#3280 = CARTESIAN_POINT('',(4.393879387851,16.138235455));
#3281 = CARTESIAN_POINT('',(4.409997098851,15.592550962237));
#3282 = CARTESIAN_POINT('',(4.41778141821,15.352009814875));
#3283 = CARTESIAN_POINT('',(4.426241615815,15.113540788994));
#3284 = CARTESIAN_POINT('',(4.435438975522,14.877485040171));
#3285 = CARTESIAN_POINT('',(4.445440387257,14.644456927364));
#3286 = CARTESIAN_POINT('',(4.456317529628,14.415370907452));
#3287 = CARTESIAN_POINT('',(4.468145722527,14.191483370247));
#3288 = CARTESIAN_POINT('',(4.48902437892,13.839031511381));
#3289 = CARTESIAN_POINT('',(4.497453641557,13.7061653121));
#3290 = CARTESIAN_POINT('',(4.506311067461,13.576246975598));
#3291 = CARTESIAN_POINT('',(4.515617774817,13.449746597544));
#3292 = CARTESIAN_POINT('',(4.52539460551,13.327216526056));
#3293 = CARTESIAN_POINT('',(4.535661600798,13.209299680346));
#3294 = CARTESIAN_POINT('',(4.546437517287,13.096737871765));
#3295 = CARTESIAN_POINT('',(4.557739383227,12.99038012725));
#3296 = ( GEOMETRIC_REPRESENTATION_CONTEXT(2) 
PARAMETRIC_REPRESENTATION_CONTEXT() REPRESENTATION_CONTEXT('2D SPACE',''
  ) );
#3297 = PCURVE('',#2180,#3298);
#3298 = DEFINITIONAL_REPRESENTATION('',(#3299),#3400);
#3299 = B_SPLINE_CURVE_WITH_KNOTS('',8,(#3300,#3301,#3302,#3303,#3304,
    #3305,#3306,#3307,#3308,#3309,#3310,#3311,#3312,#3313,#3314,#3315,
    #3316,#3317,#3318,#3319,#3320,#3321,#3322,#3323,#3324,#3325,#3326,
    #3327,#3328,#3329,#3330,#3331,#3332,#3333,#3334,#3335,#3336,#3337,
    #3338,#3339,#3340,#3341,#3342,#3343,#3344,#3345,#3346,#3347,#3348,
    #3349,#3350,#3351,#3352,#3353,#3354,#3355,#3356,#3357,#3358,#3359,
    #3360,#3361,#3362,#3363,#3364,#3365,#3366,#3367,#3368,#3369,#3370,
    #3371,#3372,#3373,#3374,#3375,#3376,#3377,#3378,#3379,#3380,#3381,
    #3382,#3383,#3384,#3385,#3386,#3387,#3388,#3389,#3390,#3391,#3392,
    #3393,#3394,#3395,#3396,#3397,#3398,#3399),.UNSPECIFIED.,.F.,.F.,(9,
    7,7,7,7,7,7,7,7,7,7,7,7,7,9),(0.,3.84529947632E-02,
    7.899208158837E-02,0.14388107644,0.281801148974,0.451745557014,
    0.496009648348,0.539997908081,0.582275130421,0.648432904483,
    0.74057571049,0.874581855876,0.929129860806,0.972770506481,1.),
  .UNSPECIFIED.);
#3300 = CARTESIAN_POINT('',(0.780320027738,20.124611197498));
#3301 = CARTESIAN_POINT('',(0.823209437624,20.211467721197));
#3302 = CARTESIAN_POINT('',(0.864439916303,20.305318035231));
#3303 = CARTESIAN_POINT('',(0.904116021241,20.405200942871));
#3304 = CARTESIAN_POINT('',(0.942335079708,20.510298604224));
#3305 = CARTESIAN_POINT('',(0.979191869181,20.619922846779));
#3306 = CARTESIAN_POINT('',(1.014781006142,20.733504298607));
#3307 = CARTESIAN_POINT('',(1.049197043232,20.850584344197));
#3308 = CARTESIAN_POINT('',(1.117675957481,21.097557751713));
#3309 = CARTESIAN_POINT('',(1.151640264865,21.227879827753));
#3310 = CARTESIAN_POINT('',(1.184511966727,21.361300494846));
#3311 = CARTESIAN_POINT('',(1.216372573909,21.497428031738));
#3312 = CARTESIAN_POINT('',(1.247300836216,21.635954232757));
#3313 = CARTESIAN_POINT('',(1.277374305011,21.776653186463));
#3314 = CARTESIAN_POINT('',(1.306669960503,21.919379232345));
#3315 = CARTESIAN_POINT('',(1.381032873397,22.295654298482));
#3316 = CARTESIAN_POINT('',(1.425016609145,22.532325964754));
#3317 = CARTESIAN_POINT('',(1.467397160528,22.773154473962));
#3318 = CARTESIAN_POINT('',(1.508339794985,23.017420551589));
#3319 = CARTESIAN_POINT('',(1.548000820692,23.264617376509));
#3320 = CARTESIAN_POINT('',(1.586532913334,23.514451661424));
#3321 = CARTESIAN_POINT('',(1.624087946828,23.766838706223));
#3322 = CARTESIAN_POINT('',(1.738884786461,24.564000135547));
#3323 = CARTESIAN_POINT('',(1.81326091938,25.118416384465));
#3324 = CARTESIAN_POINT('',(1.884668070972,25.681193861173));
#3325 = CARTESIAN_POINT('',(1.953721427961,26.249564095601));
#3326 = CARTESIAN_POINT('',(2.021011308962,26.822025408519));
#3327 = CARTESIAN_POINT('',(2.087128169365,27.398158667892));
#3328 = CARTESIAN_POINT('',(2.152673040873,27.978217606949));
#3329 = CARTESIAN_POINT('',(2.299156553326,29.282542324245));
#3330 = CARTESIAN_POINT('',(2.377230522535,29.983149289542));
#3331 = CARTESIAN_POINT('',(2.455251729875,30.677845184762));
#3332 = CARTESIAN_POINT('',(2.53565248706,31.380268574343));
#3333 = CARTESIAN_POINT('',(2.620458465867,32.096681975989));
#3334 = CARTESIAN_POINT('',(2.711274169211,32.821251102514));
#3335 = CARTESIAN_POINT('',(2.809484498747,33.531655310142));
#3336 = CARTESIAN_POINT('',(2.944537086669,34.35403439026));
#3337 = CARTESIAN_POINT('',(2.97304294361,34.519992286496));
#3338 = CARTESIAN_POINT('',(3.002565284061,34.683584323281));
#3339 = CARTESIAN_POINT('',(3.03347382534,34.845428830204));
#3340 = CARTESIAN_POINT('',(3.066085529573,35.00506854667));
#3341 = CARTESIAN_POINT('',(3.100668067526,35.160913127094));
#3342 = CARTESIAN_POINT('',(3.137451295805,35.310205233105));
#3343 = CARTESIAN_POINT('',(3.215597952642,35.586950229461));
#3344 = CARTESIAN_POINT('',(3.262803302507,35.735328649521));
#3345 = CARTESIAN_POINT('',(3.315484862744,35.869780704527));
#3346 = CARTESIAN_POINT('',(3.371950447732,35.972322593291));
#3347 = CARTESIAN_POINT('',(3.430790416099,36.03075630882));
#3348 = CARTESIAN_POINT('',(3.49086885167,36.038842755209));
#3349 = CARTESIAN_POINT('',(3.551064028439,35.996306652343));
#3350 = CARTESIAN_POINT('',(3.66697314294,35.824691208326));
#3351 = CARTESIAN_POINT('',(3.718866749555,35.704821203882));
#3352 = CARTESIAN_POINT('',(3.766290312076,35.562307056003));
#3353 = CARTESIAN_POINT('',(3.809696520928,35.406784574856));
#3354 = CARTESIAN_POINT('',(3.849614175833,35.244490221864));
#3355 = CARTESIAN_POINT('',(3.886723408275,35.078254230535));
#3356 = CARTESIAN_POINT('',(3.921897676618,34.907550398947));
#3357 = CARTESIAN_POINT('',(4.009798454017,34.448955759053));
#3358 = CARTESIAN_POINT('',(4.060088716636,34.155221588747));
#3359 = CARTESIAN_POINT('',(4.107389160691,33.85475993287));
#3360 = CARTESIAN_POINT('',(4.152065172857,33.552157725182));
#3361 = CARTESIAN_POINT('',(4.194544108057,33.249523887184));
#3362 = CARTESIAN_POINT('',(4.235335755711,32.946705281789));
#3363 = CARTESIAN_POINT('',(4.275035874341,32.641571943038));
#3364 = CARTESIAN_POINT('',(4.36903735199,31.896939379041));
#3365 = CARTESIAN_POINT('',(4.422025138833,31.459057874263));
#3366 = CARTESIAN_POINT('',(4.473576226882,31.019832158507));
#3367 = CARTESIAN_POINT('',(4.523982496794,30.580980601858));
#3368 = CARTESIAN_POINT('',(4.573545697834,30.143147750955));
#3369 = CARTESIAN_POINT('',(4.622582478047,29.706213747236));
#3370 = CARTESIAN_POINT('',(4.671425034614,29.269600043406));
#3371 = CARTESIAN_POINT('',(4.791668480777,28.19698711114));
#3372 = CARTESIAN_POINT('',(4.862587015765,27.566319537383));
#3373 = CARTESIAN_POINT('',(4.93401163742,26.94021952804));
#3374 = CARTESIAN_POINT('',(5.006717993503,26.318134841098));
#3375 = CARTESIAN_POINT('',(5.08145441176,25.70047499248));
#3376 = CARTESIAN_POINT('',(5.158964761944,25.089170450042));
#3377 = CARTESIAN_POINT('',(5.240034436868,24.487850577925));
#3378 = CARTESIAN_POINT('',(5.360423488592,23.663335661348));
#3379 = CARTESIAN_POINT('',(5.39601766827,23.427197926275));
#3380 = CARTESIAN_POINT('',(5.432506039397,23.193380923893));
#3381 = CARTESIAN_POINT('',(5.470017247251,22.961972858473));
#3382 = CARTESIAN_POINT('',(5.508680825658,22.733228628678));
#3383 = CARTESIAN_POINT('',(5.548629366796,22.507573437315));
#3384 = CARTESIAN_POINT('',(5.590002506921,22.285602110281));
#3385 = CARTESIAN_POINT('',(5.667314669978,21.894042796641));
#3386 = CARTESIAN_POINT('',(5.702673664058,21.722918808074));
#3387 = CARTESIAN_POINT('',(5.739170389222,21.554763552156));
#3388 = CARTESIAN_POINT('',(5.776944858672,21.389822344539));
#3389 = CARTESIAN_POINT('',(5.816137910035,21.228518783738));
#3390 = CARTESIAN_POINT('',(5.856893616452,21.071456269711));
#3391 = CARTESIAN_POINT('',(5.899362618567,20.919426680667));
#3392 = CARTESIAN_POINT('',(5.971374576978,20.682329505495));
#3393 = CARTESIAN_POINT('',(5.999796503296,20.593501709578));
#3394 = CARTESIAN_POINT('',(6.029016409455,20.507182431323));
#3395 = CARTESIAN_POINT('',(6.059079559104,20.423651973126));
#3396 = CARTESIAN_POINT('',(6.090031613177,20.343233794106));
#3397 = CARTESIAN_POINT('',(6.121918653945,20.266297852266));
#3398 = CARTESIAN_POINT('',(6.154787846405,20.193264823507));
#3399 = CARTESIAN_POINT('',(6.188688736984,20.124611197498));
#3400 = ( GEOMETRIC_REPRESENTATION_CONTEXT(2) 
PARAMETRIC_REPRESENTATION_CONTEXT() REPRESENTATION_CONTEXT('2D SPACE',''
  ) );
#3401 = FACE_BOUND('',#3402,.T.);
#3402 = EDGE_LOOP('',(#3403,#3437));
#3403 = ORIENTED_EDGE('',*,*,#3404,.F.);
#3404 = EDGE_CURVE('',#3405,#3407,#3409,.T.);
#3405 = VERTEX_POINT('',#3406);
#3406 = CARTESIAN_POINT('',(-23.00798541884,-9.593577545047E-03,
    26.029625567687));
#3407 = VERTEX_POINT('',#3408);
#3408 = CARTESIAN_POINT('',(-21.80622870999,-0.454688654897,
    25.435497293127));
#3409 = SURFACE_CURVE('',#3410,(#3415,#3425),.PCURVE_S1.);
#3410 = ELLIPSE('',#3411,297.73827222915,16.5);
#3411 = AXIS2_PLACEMENT_3D('',#3412,#3413,#3414);
#3412 = CARTESIAN_POINT('',(-126.6863844302,38.389813463701,
    57.584720195552));
#3413 = DIRECTION('',(0.347314355824,0.937748760724,0.));
#3414 = DIRECTION('',(-0.859658768788,0.318392136588,0.399516268262));
#3415 = PCURVE('',#493,#3416);
#3416 = DEFINITIONAL_REPRESENTATION('',(#3417),#3424);
#3417 = B_SPLINE_CURVE_WITH_KNOTS('',5,(#3418,#3419,#3420,#3421,#3422,
    #3423),.UNSPECIFIED.,.F.,.F.,(6,6),(1.957892088259,1.975681140258),
  .PIECEWISE_BEZIER_KNOTS.);
#3418 = CARTESIAN_POINT('',(2.61005424453,32.1342810254));
#3419 = CARTESIAN_POINT('',(2.606496434131,31.15487018719));
#3420 = CARTESIAN_POINT('',(2.602938623731,30.177235010067));
#3421 = CARTESIAN_POINT('',(2.599380813331,29.201401321941));
#3422 = CARTESIAN_POINT('',(2.595823002931,28.227394857069));
#3423 = CARTESIAN_POINT('',(2.592265192532,27.255241251982));
#3424 = ( GEOMETRIC_REPRESENTATION_CONTEXT(2) 
PARAMETRIC_REPRESENTATION_CONTEXT() REPRESENTATION_CONTEXT('2D SPACE',''
  ) );
#3425 = PCURVE('',#3426,#3431);
#3426 = PLANE('',#3427);
#3427 = AXIS2_PLACEMENT_3D('',#3428,#3429,#3430);
#3428 = CARTESIAN_POINT('',(-23.55711308112,0.193787038113,
    23.087331371706));
#3429 = DIRECTION('',(0.347314355824,0.937748760724,-0.));
#3430 = DIRECTION('',(0.937748760724,-0.347314355824,0.));
#3431 = DEFINITIONAL_REPRESENTATION('',(#3432),#3436);
#3432 = ELLIPSE('',#3433,297.73827222915,16.5);
#3433 = AXIS2_PLACEMENT_2D('',#3434,#3435);
#3434 = CARTESIAN_POINT('',(-109.9753747149,-34.49738882384));
#3435 = DIRECTION('',(-0.916726104894,-0.399516268262));
#3436 = ( GEOMETRIC_REPRESENTATION_CONTEXT(2) 
PARAMETRIC_REPRESENTATION_CONTEXT() REPRESENTATION_CONTEXT('2D SPACE',''
  ) );
#3437 = ORIENTED_EDGE('',*,*,#3438,.T.);
#3438 = EDGE_CURVE('',#3405,#3407,#3439,.T.);
#3439 = SURFACE_CURVE('',#3440,(#3463,#3489),.PCURVE_S1.);
#3440 = B_SPLINE_CURVE_WITH_KNOTS('',5,(#3441,#3442,#3443,#3444,#3445,
    #3446,#3447,#3448,#3449,#3450,#3451,#3452,#3453,#3454,#3455,#3456,
    #3457,#3458,#3459,#3460,#3461,#3462),.UNSPECIFIED.,.F.,.F.,(6,4,4,4,
    4,6),(0.,0.202982690105,0.308476137336,0.516241721178,0.81364547488,
    1.),.UNSPECIFIED.);
#3441 = CARTESIAN_POINT('',(-23.00798659726,-9.593780924888E-03,
    26.029625773559));
#3442 = CARTESIAN_POINT('',(-22.94900265937,5.86098315523E-04,
    26.019321139107));
#3443 = CARTESIAN_POINT('',(-22.8899448235,8.648633747669E-03,
    26.007672080198));
#3444 = CARTESIAN_POINT('',(-22.83098958191,1.433587549161E-02,
    25.994600360282));
#3445 = CARTESIAN_POINT('',(-22.77230681235,1.739028028584E-02,
    25.980026405458));
#3446 = CARTESIAN_POINT('',(-22.68378783494,1.764016909101E-02,
    25.955472192972));
#3447 = CARTESIAN_POINT('',(-22.65364596566,1.694524529898E-02,
    25.946650942031));
#3448 = CARTESIAN_POINT('',(-22.62366839758,1.543425829493E-02,
    25.937397489796));
#3449 = CARTESIAN_POINT('',(-22.59389394874,1.307627160941E-02,
    25.927707427983));
#3450 = CARTESIAN_POINT('',(-22.50621184007,3.481405234481E-03,
    25.897634397162));
#3451 = CARTESIAN_POINT('',(-22.4489555471,-6.274443929499E-03,
    25.875972580048));
#3452 = CARTESIAN_POINT('',(-22.39303636225,-1.961849466039E-02,
    25.852622225528));
#3453 = CARTESIAN_POINT('',(-22.3388032455,-3.660264792882E-02,
    25.82765657395));
#3454 = CARTESIAN_POINT('',(-22.21166733297,-8.652499291577E-02,
    25.763315488357));
#3455 = CARTESIAN_POINT('',(-22.14106838164,-0.123081555114,
    25.722502706208));
#3456 = CARTESIAN_POINT('',(-22.07531597591,-0.166475456272,
    25.679093168691));
#3457 = CARTESIAN_POINT('',(-22.01475608777,-0.215837664636,
    25.633597344717));
#3458 = CARTESIAN_POINT('',(-21.92495007015,-0.303493677539,
    25.557488550182));
#3459 = CARTESIAN_POINT('',(-21.89239797574,-0.339093797355,
    25.527613609042));
#3460 = CARTESIAN_POINT('',(-21.86181170908,-0.376310651174,
    25.497263774884));
#3461 = CARTESIAN_POINT('',(-21.83311409145,-0.41491996329,
    25.466526734763));
#3462 = CARTESIAN_POINT('',(-21.80622813296,-0.454689508444,
    25.435496627149));
#3463 = PCURVE('',#493,#3464);
#3464 = DEFINITIONAL_REPRESENTATION('',(#3465),#3488);
#3465 = B_SPLINE_CURVE_WITH_KNOTS('',5,(#3466,#3467,#3468,#3469,#3470,
    #3471,#3472,#3473,#3474,#3475,#3476,#3477,#3478,#3479,#3480,#3481,
    #3482,#3483,#3484,#3485,#3486,#3487),.UNSPECIFIED.,.F.,.F.,(6,4,4,4,
    4,6),(0.,0.202982690105,0.308476137336,0.516241721178,0.81364547488,
    1.),.UNSPECIFIED.);
#3466 = CARTESIAN_POINT('',(2.604373149282,30.572192548328));
#3467 = CARTESIAN_POINT('',(2.606152753824,30.519025766395));
#3468 = CARTESIAN_POINT('',(2.607797704403,30.464694763105));
#3469 = CARTESIAN_POINT('',(2.609288813663,30.409254618835));
#3470 = CARTESIAN_POINT('',(2.610607043982,30.352754183807));
#3471 = CARTESIAN_POINT('',(2.612318949111,30.265342971208));
#3472 = CARTESIAN_POINT('',(2.612852367758,30.235187294323));
#3473 = CARTESIAN_POINT('',(2.613330919369,30.204786379961));
#3474 = CARTESIAN_POINT('',(2.613751963372,30.174164308686));
#3475 = CARTESIAN_POINT('',(2.614824234884,30.082667986482));
#3476 = CARTESIAN_POINT('',(2.615303671041,30.021185348092));
#3477 = CARTESIAN_POINT('',(2.61553097031,29.959248346432));
#3478 = CARTESIAN_POINT('',(2.61549629505,29.897178637056));
#3479 = CARTESIAN_POINT('',(2.614776773336,29.74666415561));
#3480 = CARTESIAN_POINT('',(2.613819335298,29.658705590681));
#3481 = CARTESIAN_POINT('',(2.612336951128,29.572146143305));
#3482 = CARTESIAN_POINT('',(2.610375978124,29.487724166399));
#3483 = CARTESIAN_POINT('',(2.606547971913,29.355240979487));
#3484 = CARTESIAN_POINT('',(2.604916844125,29.305289250312));
#3485 = CARTESIAN_POINT('',(2.603143875189,29.25644332037));
#3486 = CARTESIAN_POINT('',(2.601244247159,29.208730080086));
#3487 = CARTESIAN_POINT('',(2.599233671234,29.162181273108));
#3488 = ( GEOMETRIC_REPRESENTATION_CONTEXT(2) 
PARAMETRIC_REPRESENTATION_CONTEXT() REPRESENTATION_CONTEXT('2D SPACE',''
  ) );
#3489 = PCURVE('',#3490,#3495);
#3490 = CYLINDRICAL_SURFACE('',#3491,3.);
#3491 = AXIS2_PLACEMENT_3D('',#3492,#3493,#3494);
#3492 = CARTESIAN_POINT('',(-23.55711308112,0.193787038113,
    23.087331371706));
#3493 = DIRECTION('',(0.347314355824,0.937748760724,-0.));
#3494 = DIRECTION('',(0.937748760724,-0.347314355824,0.));
#3495 = DEFINITIONAL_REPRESENTATION('',(#3496),#3519);
#3496 = B_SPLINE_CURVE_WITH_KNOTS('',5,(#3497,#3498,#3499,#3500,#3501,
    #3502,#3503,#3504,#3505,#3506,#3507,#3508,#3509,#3510,#3511,#3512,
    #3513,#3514,#3515,#3516,#3517,#3518),.UNSPECIFIED.,.F.,.F.,(6,4,4,4,
    4,6),(0.,0.202982690105,0.308476137336,0.516241721178,0.81364547488,
    1.),.UNSPECIFIED.);
#3497 = CARTESIAN_POINT('',(4.908843469467,-6.E-07));
#3498 = CARTESIAN_POINT('',(4.92644078958,3.003153753401E-02));
#3499 = CARTESIAN_POINT('',(4.944388670461,5.810380436668E-02));
#3500 = CARTESIAN_POINT('',(4.962678666584,8.391301001833E-02));
#3501 = CARTESIAN_POINT('',(4.981307266655,0.107158642637));
#3502 = CARTESIAN_POINT('',(5.010134201441,0.138136887172));
#3503 = CARTESIAN_POINT('',(5.020080289801,0.14795392716));
#3504 = CARTESIAN_POINT('',(5.03011063202,0.156948640716));
#3505 = CARTESIAN_POINT('',(5.040219640535,0.165078535143));
#3506 = CARTESIAN_POINT('',(5.070448865862,0.186534216179));
#3507 = CARTESIAN_POINT('',(5.09079325675,0.197271613225));
#3508 = CARTESIAN_POINT('',(5.111339346562,0.204179781854));
#3509 = CARTESIAN_POINT('',(5.132000231889,0.207088853182));
#3510 = CARTESIAN_POINT('',(5.182319753739,0.204430363601));
#3511 = CARTESIAN_POINT('',(5.211909890043,0.194669522008));
#3512 = CARTESIAN_POINT('',(5.241268586768,0.176813699411));
#3513 = CARTESIAN_POINT('',(5.270188447187,0.151557668231));
#3514 = CARTESIAN_POINT('',(5.31606193179,0.100549269922));
#3515 = CARTESIAN_POINT('',(5.333480639293,7.847111138243E-02));
#3516 = CARTESIAN_POINT('',(5.35064237638,5.419410233864E-02));
#3517 = CARTESIAN_POINT('',(5.367538967148,2.79553623277E-02));
#3518 = CARTESIAN_POINT('',(5.38415824389,-6.E-07));
#3519 = ( GEOMETRIC_REPRESENTATION_CONTEXT(2) 
PARAMETRIC_REPRESENTATION_CONTEXT() REPRESENTATION_CONTEXT('2D SPACE',''
  ) );
#3520 = FACE_BOUND('',#3521,.T.);
#3521 = EDGE_LOOP('',(#3522,#3675,#3708,#3817,#4047,#4079,#4180,#4410));
#3522 = ORIENTED_EDGE('',*,*,#3523,.F.);
#3523 = EDGE_CURVE('',#3524,#3526,#3528,.T.);
#3524 = VERTEX_POINT('',#3525);
#3525 = CARTESIAN_POINT('',(-26.622207257,3.571849944745,28.905016324803
    ));
#3526 = VERTEX_POINT('',#3527);
#3527 = CARTESIAN_POINT('',(-13.93167571445,6.81164466368,
    24.448722380774));
#3528 = SURFACE_CURVE('',#3529,(#3574,#3622),.PCURVE_S1.);
#3529 = B_SPLINE_CURVE_WITH_KNOTS('',8,(#3530,#3531,#3532,#3533,#3534,
    #3535,#3536,#3537,#3538,#3539,#3540,#3541,#3542,#3543,#3544,#3545,
    #3546,#3547,#3548,#3549,#3550,#3551,#3552,#3553,#3554,#3555,#3556,
    #3557,#3558,#3559,#3560,#3561,#3562,#3563,#3564,#3565,#3566,#3567,
    #3568,#3569,#3570,#3571,#3572,#3573),.UNSPECIFIED.,.F.,.F.,(9,7,7,7,
    7,7,9),(0.,0.540522724882,0.774108032057,0.895745482116,
    0.940159131808,0.96790643949,1.),.UNSPECIFIED.);
#3530 = CARTESIAN_POINT('',(-26.62220783438,3.571850107861,
    28.905016582415));
#3531 = CARTESIAN_POINT('',(-25.78544761206,3.335455401341,
    28.531676574473));
#3532 = CARTESIAN_POINT('',(-24.95098994329,3.12869014531,
    28.171165691042));
#3533 = CARTESIAN_POINT('',(-24.10767004536,2.949704594197,
    27.818900825708));
#3534 = CARTESIAN_POINT('',(-23.24680727475,2.800310888166,
    27.472290338067));
#3535 = CARTESIAN_POINT('',(-22.36396909653,2.686191233622,
    27.131280775798));
#3536 = CARTESIAN_POINT('',(-21.45938486566,2.617057568834,
    26.798080500429));
#3537 = CARTESIAN_POINT('',(-20.53858079713,2.606960571046,
    26.476510808658));
#3538 = CARTESIAN_POINT('',(-19.21595834001,2.704562286943,
    26.038636556814));
#3539 = CARTESIAN_POINT('',(-18.81876173939,2.748448763186,
    25.91026150297));
#3540 = CARTESIAN_POINT('',(-18.41906702092,2.808417653922,
    25.784095961272));
#3541 = CARTESIAN_POINT('',(-18.01412007297,2.887246848866,25.6592998416
    ));
#3542 = CARTESIAN_POINT('',(-17.60316148673,2.988777791104,
    25.535731594093));
#3543 = CARTESIAN_POINT('',(-17.18758588261,3.117917645517,
    25.413812416679));
#3544 = CARTESIAN_POINT('',(-16.77123419445,3.280608173081,
    25.294370479794));
#3545 = CARTESIAN_POINT('',(-16.14758952721,3.589395197769,
    25.118278026359));
#3546 = CARTESIAN_POINT('',(-15.93573424098,3.706076214664,
    25.05896849551));
#3547 = CARTESIAN_POINT('',(-15.72463449915,3.835622989469,
    25.000268446923));
#3548 = CARTESIAN_POINT('',(-15.51431213679,3.980251946268,
    24.942052417008));
#3549 = CARTESIAN_POINT('',(-15.30580637864,4.142438799029,
    24.884429665129));
#3550 = CARTESIAN_POINT('',(-15.10127045258,4.32485673734,
    24.827714179864));
#3551 = CARTESIAN_POINT('',(-14.90409851371,4.530279687117,
    24.772419783595));
#3552 = CARTESIAN_POINT('',(-14.65151153141,4.845846337764,
    24.699926171473));
#3553 = CARTESIAN_POINT('',(-14.58540224006,4.933893490875,
    24.680779873144));
#3554 = CARTESIAN_POINT('',(-14.52112873151,5.025573654551,
    24.661957095734));
#3555 = CARTESIAN_POINT('',(-14.45906584578,5.120866579577,
    24.643533461656));
#3556 = CARTESIAN_POINT('',(-14.39957714415,5.219741307276,
    24.625581139333));
#3557 = CARTESIAN_POINT('',(-14.34301448214,5.322156106638,
    24.608169736192));
#3558 = CARTESIAN_POINT('',(-14.28971758244,5.428058411436,
    24.591367191649));
#3559 = CARTESIAN_POINT('',(-14.20896118403,5.605686096668,
    24.565165669314));
#3560 = CARTESIAN_POINT('',(-14.17933617271,5.675268805088,
    24.555362680406));
#3561 = CARTESIAN_POINT('',(-14.15125624789,5.746021806363,
    24.545860874069));
#3562 = CARTESIAN_POINT('',(-14.12482285603,5.817829490863,
    24.536686256545));
#3563 = CARTESIAN_POINT('',(-14.10012117815,5.890571709543,
    24.527861752604));
#3564 = CARTESIAN_POINT('',(-14.0772200918,5.964123767894,24.51940728854
    ));
#3565 = CARTESIAN_POINT('',(-14.05617213314,6.038356419905,
    24.511339875159));
#3566 = CARTESIAN_POINT('',(-14.01485382894,6.199628525659,
    24.494806698869));
#3567 = CARTESIAN_POINT('',(-13.99524327331,6.286768470022,
    24.486485124618));
#3568 = CARTESIAN_POINT('',(-13.9782260223,6.374358435149,
    24.478727679316));
#3569 = CARTESIAN_POINT('',(-13.9638189208,6.462193874501,
    24.471548446036));
#3570 = CARTESIAN_POINT('',(-13.95201152292,6.550062959433,
    24.46495668452));
#3571 = CARTESIAN_POINT('',(-13.94276618643,6.637746583669,
    24.45895663607));
#3572 = CARTESIAN_POINT('',(-13.93601816736,6.725018367784,
    24.45354732845));
#3573 = CARTESIAN_POINT('',(-13.93167571445,6.811644663679,
    24.448722380771));
#3574 = PCURVE('',#493,#3575);
#3575 = DEFINITIONAL_REPRESENTATION('',(#3576),#3621);
#3576 = B_SPLINE_CURVE_WITH_KNOTS('',8,(#3577,#3578,#3579,#3580,#3581,
    #3582,#3583,#3584,#3585,#3586,#3587,#3588,#3589,#3590,#3591,#3592,
    #3593,#3594,#3595,#3596,#3597,#3598,#3599,#3600,#3601,#3602,#3603,
    #3604,#3605,#3606,#3607,#3608,#3609,#3610,#3611,#3612,#3613,#3614,
    #3615,#3616,#3617,#3618,#3619,#3620),.UNSPECIFIED.,.F.,.F.,(9,7,7,7,
    7,7,9),(0.,0.540522724882,0.774108032057,0.895745482116,
    0.940159131808,0.96790643949,1.),.UNSPECIFIED.);
#3577 = CARTESIAN_POINT('',(2.757503189661,35.843410088885));
#3578 = CARTESIAN_POINT('',(2.758534699116,34.897290005985));
#3579 = CARTESIAN_POINT('',(2.761304105382,33.966187681412));
#3580 = CARTESIAN_POINT('',(2.76590149391,33.037984944723));
#3581 = CARTESIAN_POINT('',(2.772587556056,32.104511892541));
#3582 = CARTESIAN_POINT('',(2.781770509139,31.163368372888));
#3583 = CARTESIAN_POINT('',(2.79400643966,30.218219327894));
#3584 = CARTESIAN_POINT('',(2.809986478732,29.279175370598));
#3585 = CARTESIAN_POINT('',(2.839428226564,27.9697482733));
#3586 = CARTESIAN_POINT('',(2.849113478971,27.581636298222));
#3587 = CARTESIAN_POINT('',(2.859771683096,27.196490266563));
#3588 = CARTESIAN_POINT('',(2.87160989382,26.812296834893));
#3589 = CARTESIAN_POINT('',(2.884860301363,26.429354666482));
#3590 = CARTESIAN_POINT('',(2.899776549377,26.050360662522));
#3591 = CARTESIAN_POINT('',(2.916627935919,25.680596049836));
#3592 = CARTESIAN_POINT('',(2.94560548138,25.145168341472));
#3593 = CARTESIAN_POINT('',(2.956125676094,24.966618144069));
#3594 = CARTESIAN_POINT('',(2.967371308359,24.792395578765));
#3595 = CARTESIAN_POINT('',(2.979470379373,24.623059184454));
#3596 = CARTESIAN_POINT('',(2.992548302622,24.460222931755));
#3597 = CARTESIAN_POINT('',(3.006723409068,24.306612606461));
#3598 = CARTESIAN_POINT('',(3.022100580683,24.166149517066));
#3599 = CARTESIAN_POINT('',(3.044846903413,23.999485256247));
#3600 = CARTESIAN_POINT('',(3.051117415302,23.957246033958));
#3601 = CARTESIAN_POINT('',(3.057567567496,23.917713064732));
#3602 = CARTESIAN_POINT('',(3.064190107941,23.881240083566));
#3603 = CARTESIAN_POINT('',(3.070977450543,23.848166701584));
#3604 = CARTESIAN_POINT('',(3.077921675328,23.818818370762));
#3605 = CARTESIAN_POINT('',(3.085014528615,23.793506348667));
#3606 = CARTESIAN_POINT('',(3.096766154527,23.759421286097));
#3607 = CARTESIAN_POINT('',(3.101335901385,23.748016851856));
#3608 = CARTESIAN_POINT('',(3.105948337418,23.738399726594));
#3609 = CARTESIAN_POINT('',(3.110595156119,23.73063856754));
#3610 = CARTESIAN_POINT('',(3.115268065065,23.724785321194));
#3611 = CARTESIAN_POINT('',(3.119958780163,23.720875221502));
#3612 = CARTESIAN_POINT('',(3.124659019907,23.71892678803));
#3613 = CARTESIAN_POINT('',(3.134798404649,23.718959215457));
#3614 = CARTESIAN_POINT('',(3.140232673125,23.721603339284));
#3615 = CARTESIAN_POINT('',(3.145651252444,23.726868017121));
#3616 = CARTESIAN_POINT('',(3.151042099588,23.734719253527));
#3617 = CARTESIAN_POINT('',(3.156393170892,23.745095242434));
#3618 = CARTESIAN_POINT('',(3.161692411798,23.757906373466));
#3619 = CARTESIAN_POINT('',(3.166927746607,23.773035238248));
#3620 = CARTESIAN_POINT('',(3.172087068238,23.790336636728));
#3621 = ( GEOMETRIC_REPRESENTATION_CONTEXT(2) 
PARAMETRIC_REPRESENTATION_CONTEXT() REPRESENTATION_CONTEXT('2D SPACE',''
  ) );
#3622 = PCURVE('',#3623,#3628);
#3623 = CYLINDRICAL_SURFACE('',#3624,6.);
#3624 = AXIS2_PLACEMENT_3D('',#3625,#3626,#3627);
#3625 = CARTESIAN_POINT('',(0.,0.,0.));
#3626 = DIRECTION('',(-0.649331194829,0.240493035122,0.721479105366));
#3627 = DIRECTION('',(0.743294146247,-1.387778780781E-17,0.668964731622)
  );
#3628 = DEFINITIONAL_REPRESENTATION('',(#3629),#3674);
#3629 = B_SPLINE_CURVE_WITH_KNOTS('',8,(#3630,#3631,#3632,#3633,#3634,
    #3635,#3636,#3637,#3638,#3639,#3640,#3641,#3642,#3643,#3644,#3645,
    #3646,#3647,#3648,#3649,#3650,#3651,#3652,#3653,#3654,#3655,#3656,
    #3657,#3658,#3659,#3660,#3661,#3662,#3663,#3664,#3665,#3666,#3667,
    #3668,#3669,#3670,#3671,#3672,#3673),.UNSPECIFIED.,.F.,.F.,(9,7,7,7,
    7,7,9),(0.,0.540522724882,0.774108032057,0.895745482116,
    0.940159131808,0.96790643949,1.),.UNSPECIFIED.);
#3630 = CARTESIAN_POINT('',(4.637035258105,39.0000006));
#3631 = CARTESIAN_POINT('',(4.699246410523,38.130457789666));
#3632 = CARTESIAN_POINT('',(4.762272188118,37.27879172094));
#3633 = CARTESIAN_POINT('',(4.82733752438,36.434001285668));
#3634 = CARTESIAN_POINT('',(4.895593134243,35.589015863922));
#3635 = CARTESIAN_POINT('',(4.968088727063,34.742285238815));
#3636 = CARTESIAN_POINT('',(5.045885949076,33.897887277911));
#3637 = CARTESIAN_POINT('',(5.130086096911,33.065546400714));
#3638 = CARTESIAN_POINT('',(5.261866629421,31.914281789729));
#3639 = CARTESIAN_POINT('',(5.302850635117,31.574304119341));
#3640 = CARTESIAN_POINT('',(5.345685881677,31.238166168623));
#3641 = CARTESIAN_POINT('',(5.390975663021,30.904141562641));
#3642 = CARTESIAN_POINT('',(5.439284615663,30.572558908606));
#3643 = CARTESIAN_POINT('',(5.491149259083,30.245807801539));
#3644 = CARTESIAN_POINT('',(5.54710242154,29.928408739393));
#3645 = CARTESIAN_POINT('',(5.639262717455,29.470670905467));
#3646 = CARTESIAN_POINT('',(5.672081535155,29.31837704397));
#3647 = CARTESIAN_POINT('',(5.706526520592,29.170107634899));
#3648 = CARTESIAN_POINT('',(5.742933541713,29.026319371658));
#3649 = CARTESIAN_POINT('',(5.781612202558,28.888361275592));
#3650 = CARTESIAN_POINT('',(5.822846169363,28.75850092441));
#3651 = CARTESIAN_POINT('',(5.866895999499,28.639980070887));
#3652 = CARTESIAN_POINT('',(5.931212710744,28.499556419047));
#3653 = CARTESIAN_POINT('',(5.948867022397,28.463990666801));
#3654 = CARTESIAN_POINT('',(5.966953261694,28.430724072914));
#3655 = CARTESIAN_POINT('',(5.985452673732,28.400049722901));
#3656 = CARTESIAN_POINT('',(6.004347334833,28.37224831111));
#3657 = CARTESIAN_POINT('',(6.023620130719,28.347588492583));
#3658 = CARTESIAN_POINT('',(6.043254734677,28.32632723492));
#3659 = CARTESIAN_POINT('',(6.075718568464,28.297703956503));
#3660 = CARTESIAN_POINT('',(6.088326627332,28.288129017576));
#3661 = CARTESIAN_POINT('',(6.101038787164,28.280056095725));
#3662 = CARTESIAN_POINT('',(6.113834492791,28.273542022956));
#3663 = CARTESIAN_POINT('',(6.126693504253,28.268629754687));
#3664 = CARTESIAN_POINT('',(6.139595791998,28.265348403509));
#3665 = CARTESIAN_POINT('',(6.152521432086,28.263713272956));
#3666 = CARTESIAN_POINT('',(6.180404740282,28.263740486079));
#3667 = CARTESIAN_POINT('',(6.195349001711,28.265959448317));
#3668 = CARTESIAN_POINT('',(6.21025456924,28.270377558244));
#3669 = CARTESIAN_POINT('',(6.225092717804,28.276966722412));
#3670 = CARTESIAN_POINT('',(6.239834517067,28.285675895363));
#3671 = CARTESIAN_POINT('',(6.254450634782,28.296431001313));
#3672 = CARTESIAN_POINT('',(6.26891114015,28.309134855844));
#3673 = CARTESIAN_POINT('',(6.28318530718,28.323667087593));
#3674 = ( GEOMETRIC_REPRESENTATION_CONTEXT(2) 
PARAMETRIC_REPRESENTATION_CONTEXT() REPRESENTATION_CONTEXT('2D SPACE',''
  ) );
#3675 = ORIENTED_EDGE('',*,*,#3676,.T.);
#3676 = EDGE_CURVE('',#3524,#3677,#3679,.T.);
#3677 = VERTEX_POINT('',#3678);
#3678 = CARTESIAN_POINT('',(-23.65898196654,15.128428577543,
    27.719726208618));
#3679 = SURFACE_CURVE('',#3680,(#3685,#3696),.PCURVE_S1.);
#3680 = ELLIPSE('',#3681,17.903674139555,16.5);
#3681 = AXIS2_PLACEMENT_3D('',#3682,#3683,#3684);
#3682 = CARTESIAN_POINT('',(-37.13744851444,11.253772277105,
    16.880658415657));
#3683 = DIRECTION('',(-0.649331194829,0.240493035122,0.721479105366));
#3684 = DIRECTION('',(-0.719222944923,0.114124632583,-0.685342194625));
#3685 = PCURVE('',#493,#3686);
#3686 = DEFINITIONAL_REPRESENTATION('',(#3687),#3695);
#3687 = B_SPLINE_CURVE_WITH_KNOTS('',6,(#3688,#3689,#3690,#3691,#3692,
    #3693,#3694),.UNSPECIFIED.,.F.,.F.,(7,7),(2.683724646201,
    3.593960775922),.PIECEWISE_BEZIER_KNOTS.);
#3688 = CARTESIAN_POINT('',(2.67145134518,36.084353221492));
#3689 = CARTESIAN_POINT('',(2.8231573668,35.618341617094));
#3690 = CARTESIAN_POINT('',(2.97486338842,35.324482726164));
#3691 = CARTESIAN_POINT('',(3.12656941004,35.222079949164));
#3692 = CARTESIAN_POINT('',(3.27827543166,35.31856241371));
#3693 = CARTESIAN_POINT('',(3.42998145328,35.606749369017));
#3694 = CARTESIAN_POINT('',(3.5816874749,36.067552998115));
#3695 = ( GEOMETRIC_REPRESENTATION_CONTEXT(2) 
PARAMETRIC_REPRESENTATION_CONTEXT() REPRESENTATION_CONTEXT('2D SPACE',''
  ) );
#3696 = PCURVE('',#3697,#3702);
#3697 = PLANE('',#3698);
#3698 = AXIS2_PLACEMENT_3D('',#3699,#3700,#3701);
#3699 = CARTESIAN_POINT('',(-25.32391659834,9.379228369756,
    28.137685109267));
#3700 = DIRECTION('',(-0.649331194829,0.240493035122,0.721479105366));
#3701 = DIRECTION('',(0.743294146247,-1.387778780781E-17,0.668964731622)
  );
#3702 = DEFINITIONAL_REPRESENTATION('',(#3703),#3707);
#3703 = ELLIPSE('',#3704,17.903674139555,16.5);
#3704 = AXIS2_PLACEMENT_2D('',#3705,#3706);
#3705 = CARTESIAN_POINT('',(-16.3114829607,1.931223652706));
#3706 = DIRECTION('',(-0.993063962105,0.117575368033));
#3707 = ( GEOMETRIC_REPRESENTATION_CONTEXT(2) 
PARAMETRIC_REPRESENTATION_CONTEXT() REPRESENTATION_CONTEXT('2D SPACE',''
  ) );
#3708 = ORIENTED_EDGE('',*,*,#3709,.F.);
#3709 = EDGE_CURVE('',#3710,#3677,#3712,.T.);
#3710 = VERTEX_POINT('',#3711);
#3711 = CARTESIAN_POINT('',(-19.46648506197,13.414438819865,
    25.99058055853));
#3712 = SURFACE_CURVE('',#3713,(#3744,#3778),.PCURVE_S1.);
#3713 = B_SPLINE_CURVE_WITH_KNOTS('',8,(#3714,#3715,#3716,#3717,#3718,
    #3719,#3720,#3721,#3722,#3723,#3724,#3725,#3726,#3727,#3728,#3729,
    #3730,#3731,#3732,#3733,#3734,#3735,#3736,#3737,#3738,#3739,#3740,
    #3741,#3742,#3743),.UNSPECIFIED.,.F.,.F.,(9,7,7,7,9),(0.,
    7.414378414301E-02,0.153004689635,0.375638708807,1.),.UNSPECIFIED.);
#3714 = CARTESIAN_POINT('',(-13.93167571445,6.811644663679,
    24.448722380771));
#3715 = CARTESIAN_POINT('',(-13.9222543421,6.999588806117,
    24.438254189278));
#3716 = CARTESIAN_POINT('',(-13.92419382811,7.183747844487,
    24.43057811766));
#3717 = CARTESIAN_POINT('',(-13.93630781182,7.363625635239,
    24.42548726852));
#3718 = CARTESIAN_POINT('',(-13.95745311636,7.538811746573,
    24.422787154878));
#3719 = CARTESIAN_POINT('',(-13.98653249591,7.708969351556,
    24.422288309684));
#3720 = CARTESIAN_POINT('',(-14.02249613105,7.873823324372,
    24.423801364743));
#3721 = CARTESIAN_POINT('',(-14.06434187219,8.033148539707,
    24.427134599059));
#3722 = CARTESIAN_POINT('',(-14.16086230665,8.350141062877,24.4373688347
    ));
#3723 = CARTESIAN_POINT('',(-14.21645271756,8.507941135394,
    24.444511656752));
#3724 = CARTESIAN_POINT('',(-14.27699623768,8.660321150841,
    24.453340516071));
#3725 = CARTESIAN_POINT('',(-14.341752461,8.807512938536,24.463695207334
    ));
#3726 = CARTESIAN_POINT('',(-14.41012468236,8.949808745052,
    24.47543938271));
#3727 = CARTESIAN_POINT('',(-14.48165477822,9.08755238019,
    24.488462708011));
#3728 = CARTESIAN_POINT('',(-14.55601808743,9.221130362945,
    24.502683018852));
#3729 = CARTESIAN_POINT('',(-14.85039932382,9.717496733945,
    24.561427051216));
#3730 = CARTESIAN_POINT('',(-15.09032855433,10.056765110751,
    24.614238607315));
#3731 = CARTESIAN_POINT('',(-15.34479231966,10.370567202484,
    24.674728887314));
#3732 = CARTESIAN_POINT('',(-15.6083891075,10.661487681753,
    24.741440962664));
#3733 = CARTESIAN_POINT('',(-15.87790895597,10.932491796912,
    24.813303726811));
#3734 = CARTESIAN_POINT('',(-16.15213818297,11.186797421668,
    24.889761703047));
#3735 = CARTESIAN_POINT('',(-16.43173523462,11.427819925455,
    24.970886795437));
#3736 = CARTESIAN_POINT('',(-17.52470280842,12.307273097558,
    25.300068113559));
#3737 = CARTESIAN_POINT('',(-18.38271074143,12.87147347634,
    25.58274297607));
#3738 = CARTESIAN_POINT('',(-19.26009548186,13.363909417569,
    25.895436907506));
#3739 = CARTESIAN_POINT('',(-20.13966757177,13.796777027879,
    26.229221555998));
#3740 = CARTESIAN_POINT('',(-21.01371072347,14.180620810703,
    26.578022010777));
#3741 = CARTESIAN_POINT('',(-21.88409834967,14.525229973246,
    26.940183223554));
#3742 = CARTESIAN_POINT('',(-22.76061472692,14.839098602965,
    27.31850655619));
#3743 = CARTESIAN_POINT('',(-23.65898253851,15.128428761753,
    27.719726464067));
#3744 = PCURVE('',#493,#3745);
#3745 = DEFINITIONAL_REPRESENTATION('',(#3746),#3777);
#3746 = B_SPLINE_CURVE_WITH_KNOTS('',8,(#3747,#3748,#3749,#3750,#3751,
    #3752,#3753,#3754,#3755,#3756,#3757,#3758,#3759,#3760,#3761,#3762,
    #3763,#3764,#3765,#3766,#3767,#3768,#3769,#3770,#3771,#3772,#3773,
    #3774,#3775,#3776),.UNSPECIFIED.,.F.,.F.,(9,7,7,7,9),(0.,
    7.414378414301E-02,0.153004689635,0.375638708807,1.),.UNSPECIFIED.);
#3747 = CARTESIAN_POINT('',(3.172087068238,23.790336636728));
#3748 = CARTESIAN_POINT('',(3.183280716422,23.827873697116));
#3749 = CARTESIAN_POINT('',(3.194072087785,23.875488069284));
#3750 = CARTESIAN_POINT('',(3.204452569733,23.931924147086));
#3751 = CARTESIAN_POINT('',(3.214417194054,23.995991966113));
#3752 = CARTESIAN_POINT('',(3.223964044074,24.066563446923));
#3753 = CARTESIAN_POINT('',(3.233093676288,24.142568578689));
#3754 = CARTESIAN_POINT('',(3.241808556458,24.222991543253));
#3755 = CARTESIAN_POINT('',(3.25894477198,24.396078264597));
#3756 = CARTESIAN_POINT('',(3.267359906839,24.489677411082));
#3757 = CARTESIAN_POINT('',(3.275381230034,24.586854514322));
#3758 = CARTESIAN_POINT('',(3.283033667594,24.686957550258));
#3759 = CARTESIAN_POINT('',(3.290343366738,24.789486188435));
#3760 = CARTESIAN_POINT('',(3.297337306299,24.894085804923));
#3761 = CARTESIAN_POINT('',(3.30404290714,25.000541495246));
#3762 = CARTESIAN_POINT('',(3.328681922045,25.414320337843));
#3763 = CARTESIAN_POINT('',(3.344925351213,25.736168598076));
#3764 = CARTESIAN_POINT('',(3.359440622813,26.067062836702));
#3765 = CARTESIAN_POINT('',(3.372456011263,26.402368949501));
#3766 = CARTESIAN_POINT('',(3.384190963463,26.739631217858));
#3767 = CARTESIAN_POINT('',(3.394850761236,27.078418696352));
#3768 = CARTESIAN_POINT('',(3.404623047805,27.420246176021));
#3769 = CARTESIAN_POINT('',(3.439037771026,28.74460667935));
#3770 = CARTESIAN_POINT('',(3.458437263443,29.760381860652));
#3771 = CARTESIAN_POINT('',(3.47304165452,30.786051848458));
#3772 = CARTESIAN_POINT('',(3.483831083334,31.806213260748));
#3773 = CARTESIAN_POINT('',(3.491582629675,32.814475253682));
#3774 = CARTESIAN_POINT('',(3.496862942456,33.814424995402));
#3775 = CARTESIAN_POINT('',(3.500017587575,34.818025364873));
#3776 = CARTESIAN_POINT('',(3.501135515476,35.843410088885));
#3777 = ( GEOMETRIC_REPRESENTATION_CONTEXT(2) 
PARAMETRIC_REPRESENTATION_CONTEXT() REPRESENTATION_CONTEXT('2D SPACE',''
  ) );
#3778 = PCURVE('',#3779,#3784);
#3779 = CYLINDRICAL_SURFACE('',#3780,6.);
#3780 = AXIS2_PLACEMENT_3D('',#3781,#3782,#3783);
#3781 = CARTESIAN_POINT('',(0.,0.,0.));
#3782 = DIRECTION('',(-0.649331194829,0.240493035122,0.721479105366));
#3783 = DIRECTION('',(0.743294146247,-1.387778780781E-17,0.668964731622)
  );
#3784 = DEFINITIONAL_REPRESENTATION('',(#3785),#3816);
#3785 = B_SPLINE_CURVE_WITH_KNOTS('',8,(#3786,#3787,#3788,#3789,#3790,
    #3791,#3792,#3793,#3794,#3795,#3796,#3797,#3798,#3799,#3800,#3801,
    #3802,#3803,#3804,#3805,#3806,#3807,#3808,#3809,#3810,#3811,#3812,
    #3813,#3814,#3815),.UNSPECIFIED.,.F.,.F.,(9,7,7,7,9),(0.,
    7.414378414301E-02,0.153004689635,0.375638708807,1.),.UNSPECIFIED.);
#3786 = CARTESIAN_POINT('',(0.,28.323667087593));
#3787 = CARTESIAN_POINT('',(3.09691884401E-02,28.355196172448));
#3788 = CARTESIAN_POINT('',(6.093822808269E-02,28.395206382016));
#3789 = CARTESIAN_POINT('',(8.991010356141E-02,28.442658784099));
#3790 = CARTESIAN_POINT('',(0.117887823413,28.496572054012));
#3791 = CARTESIAN_POINT('',(0.144874369346,28.556016014766));
#3792 = CARTESIAN_POINT('',(0.170872508828,28.620106194827));
#3793 = CARTESIAN_POINT('',(0.195884470973,28.68799940344));
#3794 = CARTESIAN_POINT('',(0.245467129607,28.834291413657));
#3795 = CARTESIAN_POINT('',(0.270046758723,28.913491216837));
#3796 = CARTESIAN_POINT('',(0.293710083346,28.995820183028));
#3797 = CARTESIAN_POINT('',(0.316519182248,29.080737712045));
#3798 = CARTESIAN_POINT('',(0.338538775386,29.16782825577));
#3799 = CARTESIAN_POINT('',(0.359836496558,29.256797420353));
#3800 = CARTESIAN_POINT('',(0.380483166057,29.347468068412));
#3801 = CARTESIAN_POINT('',(0.457212847633,29.700374235384));
#3802 = CARTESIAN_POINT('',(0.509674539655,29.975861885213));
#3803 = CARTESIAN_POINT('',(0.558418167084,30.260202836556));
#3804 = CARTESIAN_POINT('',(0.603910073348,30.549460171238));
#3805 = CARTESIAN_POINT('',(0.646625137881,30.84148990145));
#3806 = CARTESIAN_POINT('',(0.68706530431,31.135877056914));
#3807 = CARTESIAN_POINT('',(0.725767604807,31.433922437079));
#3808 = CARTESIAN_POINT('',(0.868537414938,32.592620183192));
#3809 = CARTESIAN_POINT('',(0.963472782246,33.489381767935));
#3810 = CARTESIAN_POINT('',(1.050116496025,34.40312460177));
#3811 = CARTESIAN_POINT('',(1.12996596337,35.319178492847));
#3812 = CARTESIAN_POINT('',(1.204424733952,36.23068597327));
#3813 = CARTESIAN_POINT('',(1.274923509988,37.140023661787));
#3814 = CARTESIAN_POINT('',(1.343031011344,38.057608687276));
#3815 = CARTESIAN_POINT('',(1.410454128668,39.0000006));
#3816 = ( GEOMETRIC_REPRESENTATION_CONTEXT(2) 
PARAMETRIC_REPRESENTATION_CONTEXT() REPRESENTATION_CONTEXT('2D SPACE',''
  ) );
#3817 = ORIENTED_EDGE('',*,*,#3818,.F.);
#3818 = EDGE_CURVE('',#3819,#3710,#3821,.T.);
#3819 = VERTEX_POINT('',#3820);
#3820 = CARTESIAN_POINT('',(-20.073406835,15.965664782677,25.11505502183
    ));
#3821 = SURFACE_CURVE('',#3822,(#3895,#3971),.PCURVE_S1.);
#3822 = B_SPLINE_CURVE_WITH_KNOTS('',8,(#3823,#3824,#3825,#3826,#3827,
    #3828,#3829,#3830,#3831,#3832,#3833,#3834,#3835,#3836,#3837,#3838,
    #3839,#3840,#3841,#3842,#3843,#3844,#3845,#3846,#3847,#3848,#3849,
    #3850,#3851,#3852,#3853,#3854,#3855,#3856,#3857,#3858,#3859,#3860,
    #3861,#3862,#3863,#3864,#3865,#3866,#3867,#3868,#3869,#3870,#3871,
    #3872,#3873,#3874,#3875,#3876,#3877,#3878,#3879,#3880,#3881,#3882,
    #3883,#3884,#3885,#3886,#3887,#3888,#3889,#3890,#3891,#3892,#3893,
    #3894),.UNSPECIFIED.,.F.,.F.,(9,7,7,7,7,7,7,7,7,7,9),(0.,
    0.115976431112,0.388544517746,0.436070988116,0.494377671508,
    0.528394183061,0.545875519038,0.581065334663,0.632899595874,
    0.888760539743,1.),.UNSPECIFIED.);
#3823 = CARTESIAN_POINT('',(-20.07340692641,15.965665456362,
    25.115054673243));
#3824 = CARTESIAN_POINT('',(-20.05413509809,15.823628825265,
    25.188549089006));
#3825 = CARTESIAN_POINT('',(-20.0327862252,15.680811767899,
    25.258857799689));
#3826 = CARTESIAN_POINT('',(-20.00944236555,15.537320812766,
    25.326023516817));
#3827 = CARTESIAN_POINT('',(-19.98416678099,15.393255053883,
    25.390083514899));
#3828 = CARTESIAN_POINT('',(-19.95700434874,15.248712108551,
    25.451067705163));
#3829 = CARTESIAN_POINT('',(-19.92798197272,15.103794075119,
    25.508996709289));
#3830 = CARTESIAN_POINT('',(-19.89710899479,14.95861349075,
    25.563879933146));
#3831 = CARTESIAN_POINT('',(-19.78745221801,14.471781504048,
    25.737533343977));
#3832 = CARTESIAN_POINT('',(-19.70246225816,14.139292249805,
    25.839026105977));
#3833 = CARTESIAN_POINT('',(-19.60857999586,13.809869876374,
    25.924586513107));
#3834 = CARTESIAN_POINT('',(-19.50339015621,13.478578891163,
    25.995669807925));
#3835 = CARTESIAN_POINT('',(-19.38365838284,13.144214734977,
    26.051034083936));
#3836 = CARTESIAN_POINT('',(-19.24605762036,12.811859507124,
    26.086904561028));
#3837 = CARTESIAN_POINT('',(-19.08637907248,12.494470308509,
    26.098797799228));
#3838 = CARTESIAN_POINT('',(-18.8665758343,12.162064228347,
    26.077954436739));
#3839 = CARTESIAN_POINT('',(-18.83294800431,12.113517134014,
    26.073943658633));
#3840 = CARTESIAN_POINT('',(-18.79829015169,12.065904739041,
    26.068972116868));
#3841 = CARTESIAN_POINT('',(-18.76256242767,12.019363467191,
    26.062993475348));
#3842 = CARTESIAN_POINT('',(-18.72572301046,11.974038773499,
    26.055959565913));
#3843 = CARTESIAN_POINT('',(-18.68772820657,11.930085105124,
    26.047820160525));
#3844 = CARTESIAN_POINT('',(-18.64853255216,11.887665862203,
    26.038522743436));
#3845 = CARTESIAN_POINT('',(-18.5584716302,11.79700622328,
    26.015117783468));
#3846 = CARTESIAN_POINT('',(-18.5068139233,11.749464633776,
    26.000355404122));
#3847 = CARTESIAN_POINT('',(-18.45326279009,11.704932898203,
    25.98366879512));
#3848 = CARTESIAN_POINT('',(-18.39796029411,11.66391618611,
    25.965031995093));
#3849 = CARTESIAN_POINT('',(-18.3410499269,11.626822677929,
    25.944445388188));
#3850 = CARTESIAN_POINT('',(-18.28268234913,11.593965822144,
    25.921933061352));
#3851 = CARTESIAN_POINT('',(-18.22302051192,11.565566700299,
    25.897541562256));
#3852 = CARTESIAN_POINT('',(-18.12678682466,11.527865468614,
    25.856053923768));
#3853 = CARTESIAN_POINT('',(-18.09103926024,11.515571166499,
    25.840190145739));
#3854 = CARTESIAN_POINT('',(-18.05505418884,11.504891526124,
    25.823773829065));
#3855 = CARTESIAN_POINT('',(-18.01888870806,11.495830663385,
    25.806834732735));
#3856 = CARTESIAN_POINT('',(-17.98260425222,11.488378887432,
    25.789407397075));
#3857 = CARTESIAN_POINT('',(-17.94626655523,11.482512710665,
    25.771531271422));
#3858 = CARTESIAN_POINT('',(-17.90994561349,11.478194858736,
    25.753250841801));
#3859 = CARTESIAN_POINT('',(-17.8550968028,11.473924764623,
    25.725039052013));
#3860 = CARTESIAN_POINT('',(-17.83649580307,11.472870338596,
    25.715365479144));
#3861 = CARTESIAN_POINT('',(-17.81791969028,11.472204070224,
    25.705600149604));
#3862 = CARTESIAN_POINT('',(-17.79937500528,11.471918627708,
    25.695747982433));
#3863 = CARTESIAN_POINT('',(-17.78086778897,11.472006279695,
    25.685813706101));
#3864 = CARTESIAN_POINT('',(-17.76240358236,11.472458895273,
    25.675801858512));
#3865 = CARTESIAN_POINT('',(-17.74398742653,11.473267943972,
    25.665716786998));
#3866 = CARTESIAN_POINT('',(-17.68865812795,11.476752627005,
    25.635122433215));
#3867 = CARTESIAN_POINT('',(-17.65192600657,11.480488086623,
    25.614413593486));
#3868 = CARTESIAN_POINT('',(-17.61544614729,11.485558332115,
    25.593460236776));
#3869 = CARTESIAN_POINT('',(-17.57923752133,11.491891696453,
    25.572286188424));
#3870 = CARTESIAN_POINT('',(-17.54331936001,11.499417398765,
    25.550915116616));
#3871 = CARTESIAN_POINT('',(-17.50771109238,11.508065555015,
    25.529370657529));
#3872 = CARTESIAN_POINT('',(-17.47243228294,11.517767188681,
    25.50767654048));
#3873 = CARTESIAN_POINT('',(-17.38605143575,11.544196167723,
    25.453716316378));
#3874 = CARTESIAN_POINT('',(-17.33532674562,11.562085666522,
    25.421283833006));
#3875 = CARTESIAN_POINT('',(-17.28534087451,11.581925460295,
    25.38860256788));
#3876 = CARTESIAN_POINT('',(-17.23609915124,11.603537461106,
    25.355708323241));
#3877 = CARTESIAN_POINT('',(-17.1875999106,11.626762777175,
    25.32262929472));
#3878 = CARTESIAN_POINT('',(-17.13983454606,11.651461719437,
    25.289385967407));
#3879 = CARTESIAN_POINT('',(-17.09278756255,11.677513808096,
    25.255991011925));
#3880 = CARTESIAN_POINT('',(-16.8176421353,11.839593883857,
    25.056882151136));
#3881 = CARTESIAN_POINT('',(-16.60131585085,12.007518044956,
    24.88448501175));
#3882 = CARTESIAN_POINT('',(-16.39967834132,12.196289371968,
    24.708270571308));
#3883 = CARTESIAN_POINT('',(-16.21353587398,12.397507704964,
    24.530136162586));
#3884 = CARTESIAN_POINT('',(-16.04189540407,12.606964022125,
    24.350709144406));
#3885 = CARTESIAN_POINT('',(-15.88283665969,12.823891700636,
    24.168841695474));
#3886 = CARTESIAN_POINT('',(-15.73454968508,13.04998411917,
    23.982099743383));
#3887 = CARTESIAN_POINT('',(-15.53633421703,13.392069266381,
    23.702593714853));
#3888 = CARTESIAN_POINT('',(-15.47869865717,13.497175760173,
    23.617094585546));
#3889 = CARTESIAN_POINT('',(-15.42353631779,13.603653863659,
    23.530794514431));
#3890 = CARTESIAN_POINT('',(-15.37090081028,13.711447465749,
    23.44369316658));
#3891 = CARTESIAN_POINT('',(-15.32085612018,13.820515841888,
    23.355790554723));
#3892 = CARTESIAN_POINT('',(-15.27347852347,13.930829557263,
    23.267089462794));
#3893 = CARTESIAN_POINT('',(-15.22885850288,14.042366370021,
    23.177597869467));
#3894 = CARTESIAN_POINT('',(-15.18710266419,14.155107134487,
    23.087331371706));
#3895 = PCURVE('',#493,#3896);
#3896 = DEFINITIONAL_REPRESENTATION('',(#3897),#3970);
#3897 = B_SPLINE_CURVE_WITH_KNOTS('',8,(#3898,#3899,#3900,#3901,#3902,
    #3903,#3904,#3905,#3906,#3907,#3908,#3909,#3910,#3911,#3912,#3913,
    #3914,#3915,#3916,#3917,#3918,#3919,#3920,#3921,#3922,#3923,#3924,
    #3925,#3926,#3927,#3928,#3929,#3930,#3931,#3932,#3933,#3934,#3935,
    #3936,#3937,#3938,#3939,#3940,#3941,#3942,#3943,#3944,#3945,#3946,
    #3947,#3948,#3949,#3950,#3951,#3952,#3953,#3954,#3955,#3956,#3957,
    #3958,#3959,#3960,#3961,#3962,#3963,#3964,#3965,#3966,#3967,#3968,
    #3969),.UNSPECIFIED.,.F.,.F.,(9,7,7,7,7,7,7,7,7,7,9),(0.,
    0.115976431112,0.388544517746,0.436070988116,0.494377671508,
    0.528394183061,0.545875519038,0.581065334663,0.632899595874,
    0.888760539743,1.),.UNSPECIFIED.);
#3898 = CARTESIAN_POINT('',(3.63172440269,31.880403233615));
#3899 = CARTESIAN_POINT('',(3.622083714107,31.855035163117));
#3900 = CARTESIAN_POINT('',(3.612506650124,31.826365981598));
#3901 = CARTESIAN_POINT('',(3.60299588535,31.794513069125));
#3902 = CARTESIAN_POINT('',(3.593553976804,31.759573164803));
#3903 = CARTESIAN_POINT('',(3.58418374163,31.721623543718));
#3904 = CARTESIAN_POINT('',(3.574888634802,31.680723193883));
#3905 = CARTESIAN_POINT('',(3.565673126839,31.636913993174));
#3906 = CARTESIAN_POINT('',(3.535085627084,31.480485984631));
#3907 = CARTESIAN_POINT('',(3.514713805779,31.357965272383));
#3908 = CARTESIAN_POINT('',(3.49497221687,31.222100945461));
#3909 = CARTESIAN_POINT('',(3.475554235308,31.070041374658));
#3910 = CARTESIAN_POINT('',(3.456433200701,30.898132403362));
#3911 = CARTESIAN_POINT('',(3.437984633045,30.703299996323));
#3912 = CARTESIAN_POINT('',(3.421052655138,30.4835078671));
#3913 = CARTESIAN_POINT('',(3.404414287037,30.193898987993));
#3914 = CARTESIAN_POINT('',(3.402016073123,30.149877431708));
#3915 = CARTESIAN_POINT('',(3.39969842759,30.104817261235));
#3916 = CARTESIAN_POINT('',(3.397470295691,30.058701302151));
#3917 = CARTESIAN_POINT('',(3.395341191643,30.011512319449));
#3918 = CARTESIAN_POINT('',(3.393321200526,29.963233005181));
#3919 = CARTESIAN_POINT('',(3.391420980173,29.913845966093));
#3920 = CARTESIAN_POINT('',(3.387481242499,29.801363991531));
#3921 = CARTESIAN_POINT('',(3.385500798628,29.737498244335));
#3922 = CARTESIAN_POINT('',(3.383744582165,29.672003699907));
#3923 = CARTESIAN_POINT('',(3.382240574675,29.605129017248));
#3924 = CARTESIAN_POINT('',(3.381010735817,29.537108825048));
#3925 = CARTESIAN_POINT('',(3.380071132788,29.46816830608));
#3926 = CARTESIAN_POINT('',(3.379432051991,29.398527825082));
#3927 = CARTESIAN_POINT('',(3.378903258948,29.287498988878));
#3928 = CARTESIAN_POINT('',(3.37881276228,29.246529877953));
#3929 = CARTESIAN_POINT('',(3.378826691867,29.205561320378));
#3930 = CARTESIAN_POINT('',(3.37894422483,29.164656389635));
#3931 = CARTESIAN_POINT('',(3.379163624946,29.123880200647));
#3932 = CARTESIAN_POINT('',(3.379482241127,29.083299930782));
#3933 = CARTESIAN_POINT('',(3.379896505904,29.042984840851));
#3934 = CARTESIAN_POINT('',(3.380661677088,28.982461027346));
#3935 = CARTESIAN_POINT('',(3.380945591174,28.961997848116));
#3936 = CARTESIAN_POINT('',(3.381253124264,28.941623132001));
#3937 = CARTESIAN_POINT('',(3.381583709693,28.921342631581));
#3938 = CARTESIAN_POINT('',(3.381936766031,28.90116147844));
#3939 = CARTESIAN_POINT('',(3.382311697086,28.881084183163));
#3940 = CARTESIAN_POINT('',(3.382707891904,28.861114635338));
#3941 = CARTESIAN_POINT('',(3.383963806612,28.801281008232));
#3942 = CARTESIAN_POINT('',(3.384886080883,28.761778031177));
#3943 = CARTESIAN_POINT('',(3.38588680515,28.722753863305));
#3944 = CARTESIAN_POINT('',(3.386961290416,28.684215598696));
#3945 = CARTESIAN_POINT('',(3.388104899854,28.646170732654));
#3946 = CARTESIAN_POINT('',(3.38931304755,28.608627159763));
#3947 = CARTESIAN_POINT('',(3.390581197243,28.571593171944));
#3948 = CARTESIAN_POINT('',(3.393854605186,28.4812901576));
#3949 = CARTESIAN_POINT('',(3.395925973654,28.428594974942));
#3950 = CARTESIAN_POINT('',(3.398106840458,28.376967580669));
#3951 = CARTESIAN_POINT('',(3.400386379386,28.326379573088));
#3952 = CARTESIAN_POINT('',(3.402755065714,28.276798483261));
#3953 = CARTESIAN_POINT('',(3.405204677892,28.228187781588));
#3954 = CARTESIAN_POINT('',(3.407728299227,28.180506884382));
#3955 = CARTESIAN_POINT('',(3.423114883565,27.902721119997));
#3956 = CARTESIAN_POINT('',(3.437827195521,27.688763671788));
#3957 = CARTESIAN_POINT('',(3.45368739416,27.491718131656));
#3958 = CARTESIAN_POINT('',(3.470183697723,27.310815022698));
#3959 = CARTESIAN_POINT('',(3.487082575969,27.144313792805));
#3960 = CARTESIAN_POINT('',(3.504387156474,26.989867499701));
#3961 = CARTESIAN_POINT('',(3.522269059668,26.845367124534));
#3962 = CARTESIAN_POINT('',(3.549142571308,26.650892955237));
#3963 = CARTESIAN_POINT('',(3.557376741124,26.594158529236));
#3964 = CARTESIAN_POINT('',(3.565698355861,26.539639825968));
#3965 = CARTESIAN_POINT('',(3.574105101059,26.487368838484));
#3966 = CARTESIAN_POINT('',(3.582595516676,26.437390894535));
#3967 = CARTESIAN_POINT('',(3.591168703507,26.389766215562));
#3968 = CARTESIAN_POINT('',(3.599824029598,26.344571475688));
#3969 = CARTESIAN_POINT('',(3.608560836668,26.301901360711));
#3970 = ( GEOMETRIC_REPRESENTATION_CONTEXT(2) 
PARAMETRIC_REPRESENTATION_CONTEXT() REPRESENTATION_CONTEXT('2D SPACE',''
  ) );
#3971 = PCURVE('',#3490,#3972);
#3972 = DEFINITIONAL_REPRESENTATION('',(#3973),#4046);
#3973 = B_SPLINE_CURVE_WITH_KNOTS('',8,(#3974,#3975,#3976,#3977,#3978,
    #3979,#3980,#3981,#3982,#3983,#3984,#3985,#3986,#3987,#3988,#3989,
    #3990,#3991,#3992,#3993,#3994,#3995,#3996,#3997,#3998,#3999,#4000,
    #4001,#4002,#4003,#4004,#4005,#4006,#4007,#4008,#4009,#4010,#4011,
    #4012,#4013,#4014,#4015,#4016,#4017,#4018,#4019,#4020,#4021,#4022,
    #4023,#4024,#4025,#4026,#4027,#4028,#4029,#4030,#4031,#4032,#4033,
    #4034,#4035,#4036,#4037,#4038,#4039,#4040,#4041,#4042,#4043,#4044,
    #4045),.UNSPECIFIED.,.F.,.F.,(9,7,7,7,7,7,7,7,7,7,9),(0.,
    0.115976431112,0.388544517746,0.436070988116,0.494377671508,
    0.528394183061,0.545875519038,0.581065334663,0.632899595874,
    0.888760539743,1.),.UNSPECIFIED.);
#3974 = CARTESIAN_POINT('',(3.883788390012,16.0000006));
#3975 = CARTESIAN_POINT('',(3.917029362343,15.873499307851));
#3976 = CARTESIAN_POINT('',(3.949987652117,15.74698755933));
#3977 = CARTESIAN_POINT('',(3.982703971336,15.620536751556));
#3978 = CARTESIAN_POINT('',(4.01521839753,15.49421783807));
#3979 = CARTESIAN_POINT('',(4.047570546089,15.368106772872));
#3980 = CARTESIAN_POINT('',(4.079799742599,15.242289954449));
#3981 = CARTESIAN_POINT('',(4.111945195175,15.116869669815));
#3982 = CARTESIAN_POINT('',(4.219489947304,14.698428950394));
#3983 = CARTESIAN_POINT('',(4.292530895088,14.416155797432));
#3984 = CARTESIAN_POINT('',(4.365408081825,14.139847032446));
#3985 = CARTESIAN_POINT('',(4.439993126212,13.865713263023));
#3986 = CARTESIAN_POINT('',(4.517721819287,13.593748253669));
#3987 = CARTESIAN_POINT('',(4.599429791044,13.329873270811));
#3988 = CARTESIAN_POINT('',(4.685649761403,13.087700595139));
#3989 = CARTESIAN_POINT('',(4.793064567365,12.852328025486));
#3990 = CARTESIAN_POINT('',(4.80924910905,12.81848247605));
#3991 = CARTESIAN_POINT('',(4.825673865695,12.785871181427));
#3992 = CARTESIAN_POINT('',(4.842343444462,12.75463591288));
#3993 = CARTESIAN_POINT('',(4.859262913258,12.724927595996));
#3994 = CARTESIAN_POINT('',(4.876437885547,12.696906238785));
#3995 = CARTESIAN_POINT('',(4.893874605165,12.670740859769));
#3996 = CARTESIAN_POINT('',(4.933301498299,12.617004346816));
#3997 = CARTESIAN_POINT('',(4.955498369885,12.590363743369));
#3998 = CARTESIAN_POINT('',(4.978076369108,12.567203240857));
#3999 = CARTESIAN_POINT('',(5.000954831031,12.547947220691));
#4000 = CARTESIAN_POINT('',(5.024063622278,12.53292861689));
#4001 = CARTESIAN_POINT('',(5.047340244244,12.52238903877));
#4002 = CARTESIAN_POINT('',(5.070727119786,12.516479210014));
#4003 = CARTESIAN_POINT('',(5.10784525109,12.514548267821));
#4004 = CARTESIAN_POINT('',(5.121505820312,12.51543494356));
#4005 = CARTESIAN_POINT('',(5.135134329011,12.517918255926));
#4006 = CARTESIAN_POINT('',(5.148713938365,12.521982233781));
#4007 = CARTESIAN_POINT('',(5.162227301887,12.527596452522));
#4008 = CARTESIAN_POINT('',(5.17565645452,12.53471605635));
#4009 = CARTESIAN_POINT('',(5.188982701738,12.543281780539));
#4010 = CARTESIAN_POINT('',(5.208972042324,12.558327284428));
#4011 = CARTESIAN_POINT('',(5.21572748025,12.563798891966));
#4012 = CARTESIAN_POINT('',(5.222451265559,12.569625850272));
#4013 = CARTESIAN_POINT('',(5.229142029603,12.575799012235));
#4014 = CARTESIAN_POINT('',(5.235798591955,12.582309029688));
#4015 = CARTESIAN_POINT('',(5.242419960402,12.589146353409));
#4016 = CARTESIAN_POINT('',(5.249005330952,12.596301233123));
#4017 = CARTESIAN_POINT('',(5.26873669284,12.618785650012));
#4018 = CARTESIAN_POINT('',(5.281763585456,12.635046165715));
#4019 = CARTESIAN_POINT('',(5.294636298252,12.652470760967));
#4020 = CARTESIAN_POINT('',(5.307355900863,12.670985641126));
#4021 = CARTESIAN_POINT('',(5.319923008875,12.690517752207));
#4022 = CARTESIAN_POINT('',(5.332337792714,12.710994812547));
#4023 = CARTESIAN_POINT('',(5.344599986533,12.732345344468));
#4024 = CARTESIAN_POINT('',(5.374545206343,12.787130395107));
#4025 = CARTESIAN_POINT('',(5.39205967252,12.821523663514));
#4026 = CARTESIAN_POINT('',(5.40926742739,12.857489216163));
#4027 = CARTESIAN_POINT('',(5.426183802998,12.894858200537));
#4028 = CARTESIAN_POINT('',(5.442824554089,12.93348219442));
#4029 = CARTESIAN_POINT('',(5.459206080521,12.973233193732));
#4030 = CARTESIAN_POINT('',(5.475345649665,13.014003600358));
#4031 = CARTESIAN_POINT('',(5.569825001338,13.261555947366));
#4032 = CARTESIAN_POINT('',(5.644482852835,13.494159845463));
#4033 = CARTESIAN_POINT('',(5.715786948088,13.741211525158));
#4034 = CARTESIAN_POINT('',(5.784241001324,13.994553718697));
#4035 = CARTESIAN_POINT('',(5.850535323804,14.250584319778));
#4036 = CARTESIAN_POINT('',(5.915678446604,14.509251366813));
#4037 = CARTESIAN_POINT('',(5.98091555887,14.772771447166));
#4038 = CARTESIAN_POINT('',(6.076728666681,15.162404447625));
#4039 = CARTESIAN_POINT('',(6.105806125301,15.28098558927));
#4040 = CARTESIAN_POINT('',(6.134963088201,15.399993971225));
#4041 = CARTESIAN_POINT('',(6.164235014566,15.519358355383));
#4042 = CARTESIAN_POINT('',(6.193657409879,15.639018329246));
#4043 = CARTESIAN_POINT('',(6.223265928225,15.75891979861));
#4044 = CARTESIAN_POINT('',(6.253096474593,15.879010480257));
#4045 = CARTESIAN_POINT('',(6.28318530718,15.999235394634));
#4046 = ( GEOMETRIC_REPRESENTATION_CONTEXT(2) 
PARAMETRIC_REPRESENTATION_CONTEXT() REPRESENTATION_CONTEXT('2D SPACE',''
  ) );
#4047 = ORIENTED_EDGE('',*,*,#4048,.T.);
#4048 = EDGE_CURVE('',#3819,#4049,#4051,.T.);
#4049 = VERTEX_POINT('',#4050);
#4050 = CARTESIAN_POINT('',(-15.18683715728,14.155824161299,
    23.086757283693));
#4051 = SURFACE_CURVE('',#4052,(#4057,#4067),.PCURVE_S1.);
#4052 = ELLIPSE('',#4053,297.73827222915,16.5);
#4053 = AXIS2_PLACEMENT_3D('',#4054,#4055,#4056);
#4054 = CARTESIAN_POINT('',(126.68638443021,-38.3898134637,
    -57.58472019555));
#4055 = DIRECTION('',(0.347314355824,0.937748760724,0.));
#4056 = DIRECTION('',(-0.859658768788,0.318392136588,0.399516268262));
#4057 = PCURVE('',#493,#4058);
#4058 = DEFINITIONAL_REPRESENTATION('',(#4059),#4066);
#4059 = B_SPLINE_CURVE_WITH_KNOTS('',5,(#4060,#4061,#4062,#4063,#4064,
    #4065),.UNSPECIFIED.,.F.,.F.,(6,6),(0.929999461559,0.961967613642),
  .PIECEWISE_BEZIER_KNOTS.);
#4060 = CARTESIAN_POINT('',(3.637946871231,33.366697115698));
#4061 = CARTESIAN_POINT('',(3.631553240814,31.843056238494));
#4062 = CARTESIAN_POINT('',(3.625159610398,30.310333962853));
#4063 = CARTESIAN_POINT('',(3.618765979981,28.768660047422));
#4064 = CARTESIAN_POINT('',(3.612372349565,27.218165797824));
#4065 = CARTESIAN_POINT('',(3.605978719148,25.658983999573));
#4066 = ( GEOMETRIC_REPRESENTATION_CONTEXT(2) 
PARAMETRIC_REPRESENTATION_CONTEXT() REPRESENTATION_CONTEXT('2D SPACE',''
  ) );
#4067 = PCURVE('',#4068,#4073);
#4068 = PLANE('',#4069);
#4069 = AXIS2_PLACEMENT_3D('',#4070,#4071,#4072);
#4070 = CARTESIAN_POINT('',(-18.00008338794,15.197767209692,
    23.087331371706));
#4071 = DIRECTION('',(0.347314355824,0.937748760724,-0.));
#4072 = DIRECTION('',(0.937748760724,-0.347314355824,0.));
#4073 = DEFINITIONAL_REPRESENTATION('',(#4074),#4078);
#4074 = ELLIPSE('',#4075,297.73827222915,16.5);
#4075 = AXIS2_PLACEMENT_2D('',#4076,#4077);
#4076 = CARTESIAN_POINT('',(154.29129195169,80.672051567258));
#4077 = DIRECTION('',(-0.916726104894,-0.399516268262));
#4078 = ( GEOMETRIC_REPRESENTATION_CONTEXT(2) 
PARAMETRIC_REPRESENTATION_CONTEXT() REPRESENTATION_CONTEXT('2D SPACE',''
  ) );
#4079 = ORIENTED_EDGE('',*,*,#4080,.F.);
#4080 = EDGE_CURVE('',#4081,#4049,#4083,.T.);
#4081 = VERTEX_POINT('',#4082);
#4082 = CARTESIAN_POINT('',(-15.18710266419,14.15510713449,
    23.087331371706));
#4083 = SURFACE_CURVE('',#4084,(#4114,#4147),.PCURVE_S1.);
#4084 = B_SPLINE_CURVE_WITH_KNOTS('',4,(#4085,#4086,#4087,#4088,#4089,
    #4090,#4091,#4092,#4093,#4094,#4095,#4096,#4097,#4098,#4099,#4100,
    #4101,#4102,#4103,#4104,#4105,#4106,#4107,#4108,#4109,#4110,#4111,
    #4112,#4113),.UNSPECIFIED.,.F.,.F.,(5,3,3,3,3,3,3,3,3,5),(0.,
    0.10937730847,0.222660351695,0.335942786827,0.445318353976,
    0.558599593594,0.67188022488,0.777347851962,0.890627308625,1.),
  .UNSPECIFIED.);
#4085 = CARTESIAN_POINT('',(-15.18710266419,14.155107134486,
    23.087331371706));
#4086 = CARTESIAN_POINT('',(-15.187095397,14.155126755909,
    23.087315661709));
#4087 = CARTESIAN_POINT('',(-15.18708812991,14.155146377374,
    23.087299951685));
#4088 = CARTESIAN_POINT('',(-15.18708086292,14.15516599888,
    23.087284241634));
#4089 = CARTESIAN_POINT('',(-15.18706606964,14.155205942641,
    23.087252260488));
#4090 = CARTESIAN_POINT('',(-15.18705854337,14.155226264898,
    23.087235989392));
#4091 = CARTESIAN_POINT('',(-15.18705101721,14.1552465872,
    23.087219718267));
#4092 = CARTESIAN_POINT('',(-15.18703596514,14.155287231786,
    23.087187176046));
#4093 = CARTESIAN_POINT('',(-15.18702843923,14.15530755407,
    23.08717090495));
#4094 = CARTESIAN_POINT('',(-15.18702091343,14.155327876399,
    23.087154633825));
#4095 = CARTESIAN_POINT('',(-15.1870061216,14.155367820273,
    23.087122652674));
#4096 = CARTESIAN_POINT('',(-15.18699885556,14.155387441814,
    23.087106942649));
#4097 = CARTESIAN_POINT('',(-15.18699158961,14.155407063398,
    23.087091232598));
#4098 = CARTESIAN_POINT('',(-15.18697679848,14.155447007315,
    23.087059251453));
#4099 = CARTESIAN_POINT('',(-15.18696927329,14.155467329652,
    23.087042980357));
#4100 = CARTESIAN_POINT('',(-15.18696174822,14.155487652033,
    23.087026709232));
#4101 = CARTESIAN_POINT('',(-15.18694669832,14.155528296779,
    23.086994167011));
#4102 = CARTESIAN_POINT('',(-15.1869391735,14.155548619142,
    23.086977895915));
#4103 = CARTESIAN_POINT('',(-15.18693164879,14.15556894155,
    23.08696162479));
#4104 = CARTESIAN_POINT('',(-15.18691711856,14.155608184812,
    23.086930204709));
#4105 = CARTESIAN_POINT('',(-15.18691011303,14.155627105658,
    23.086915055756));
#4106 = CARTESIAN_POINT('',(-15.18690310759,14.155646026544,
    23.086899906779));
#4107 = CARTESIAN_POINT('',(-15.18688857802,14.155685269839,
    23.086868486709));
#4108 = CARTESIAN_POINT('',(-15.18688105391,14.155705592254,
    23.086852215614));
#4109 = CARTESIAN_POINT('',(-15.18687352991,14.155725914715,
    23.086835944489));
#4110 = CARTESIAN_POINT('',(-15.1868587416,14.155765858846,
    23.086803963338));
#4111 = CARTESIAN_POINT('',(-15.18685147729,14.155785480515,
    23.086788253314));
#4112 = CARTESIAN_POINT('',(-15.18684421308,14.155805102225,
    23.086772543263));
#4113 = CARTESIAN_POINT('',(-15.18683694897,14.155824723978,
    23.086756833184));
#4114 = PCURVE('',#493,#4115);
#4115 = DEFINITIONAL_REPRESENTATION('',(#4116),#4146);
#4116 = B_SPLINE_CURVE_WITH_KNOTS('',4,(#4117,#4118,#4119,#4120,#4121,
    #4122,#4123,#4124,#4125,#4126,#4127,#4128,#4129,#4130,#4131,#4132,
    #4133,#4134,#4135,#4136,#4137,#4138,#4139,#4140,#4141,#4142,#4143,
    #4144,#4145),.UNSPECIFIED.,.F.,.F.,(5,3,3,3,3,3,3,3,3,5),(0.,
    0.10937730847,0.222660351695,0.335942786827,0.445318353976,
    0.558599593594,0.67188022488,0.777347851962,0.890627308625,1.),
  .UNSPECIFIED.);
#4117 = CARTESIAN_POINT('',(3.608560836668,26.301901360711));
#4118 = CARTESIAN_POINT('',(3.608562357223,26.301893934397));
#4119 = CARTESIAN_POINT('',(3.608563877781,26.301886508172));
#4120 = CARTESIAN_POINT('',(3.608565398343,26.301879082037));
#4121 = CARTESIAN_POINT('',(3.608568493768,26.301863964769));
#4122 = CARTESIAN_POINT('',(3.608570068633,26.301856273643));
#4123 = CARTESIAN_POINT('',(3.6085716435,26.301848582613));
#4124 = CARTESIAN_POINT('',(3.608574793233,26.301833200786));
#4125 = CARTESIAN_POINT('',(3.608576368099,26.301825509989));
#4126 = CARTESIAN_POINT('',(3.608577942967,26.301817819287));
#4127 = CARTESIAN_POINT('',(3.608581038396,26.301802703309));
#4128 = CARTESIAN_POINT('',(3.608582558957,26.301795278025));
#4129 = CARTESIAN_POINT('',(3.60858407952,26.301787852831));
#4130 = CARTESIAN_POINT('',(3.60858717495,26.30177273748));
#4131 = CARTESIAN_POINT('',(3.608588749817,26.301765047329));
#4132 = CARTESIAN_POINT('',(3.608590324686,26.301757357274));
#4133 = CARTESIAN_POINT('',(3.608593474424,26.301741977397));
#4134 = CARTESIAN_POINT('',(3.608595049291,26.301734287575));
#4135 = CARTESIAN_POINT('',(3.608596624162,26.301726597848));
#4136 = CARTESIAN_POINT('',(3.60859966529,26.301711748944));
#4137 = CARTESIAN_POINT('',(3.608601131546,26.301704589753));
#4138 = CARTESIAN_POINT('',(3.608602597806,26.301697430645));
#4139 = CARTESIAN_POINT('',(3.608605638934,26.301682582337));
#4140 = CARTESIAN_POINT('',(3.608607213803,26.30167489315));
#4141 = CARTESIAN_POINT('',(3.608608788675,26.301667204059));
#4142 = CARTESIAN_POINT('',(3.608611884111,26.301652091245));
#4143 = CARTESIAN_POINT('',(3.608613404675,26.301644667516));
#4144 = CARTESIAN_POINT('',(3.608614925241,26.301637243876));
#4145 = CARTESIAN_POINT('',(3.608616445811,26.301629820325));
#4146 = ( GEOMETRIC_REPRESENTATION_CONTEXT(2) 
PARAMETRIC_REPRESENTATION_CONTEXT() REPRESENTATION_CONTEXT('2D SPACE',''
  ) );
#4147 = PCURVE('',#3490,#4148);
#4148 = DEFINITIONAL_REPRESENTATION('',(#4149),#4179);
#4149 = B_SPLINE_CURVE_WITH_KNOTS('',4,(#4150,#4151,#4152,#4153,#4154,
    #4155,#4156,#4157,#4158,#4159,#4160,#4161,#4162,#4163,#4164,#4165,
    #4166,#4167,#4168,#4169,#4170,#4171,#4172,#4173,#4174,#4175,#4176,
    #4177,#4178),.UNSPECIFIED.,.F.,.F.,(5,3,3,3,3,3,3,3,3,5),(0.,
    0.10937730847,0.222660351695,0.335942786827,0.445318353976,
    0.558599593594,0.67188022488,0.777347851962,0.890627308625,1.),
  .UNSPECIFIED.);
#4150 = CARTESIAN_POINT('',(0.,15.999235394634));
#4151 = CARTESIAN_POINT('',(5.236665698005E-06,15.999256318599));
#4152 = CARTESIAN_POINT('',(1.04733404464E-05,15.999277242569));
#4153 = CARTESIAN_POINT('',(1.571002423338E-05,15.999298166543));
#4154 = CARTESIAN_POINT('',(2.637040604234E-05,15.99934076167));
#4155 = CARTESIAN_POINT('',(3.179410472455E-05,15.999362432824));
#4156 = CARTESIAN_POINT('',(3.721781309878E-05,15.999384103983));
#4157 = CARTESIAN_POINT('',(4.806522015259E-05,15.999427446193));
#4158 = CARTESIAN_POINT('',(5.348891882144E-05,15.999449117245));
#4159 = CARTESIAN_POINT('',(5.891262720988E-05,15.999470788301));
#4160 = CARTESIAN_POINT('',(6.957301099236E-05,15.999513383035));
#4161 = CARTESIAN_POINT('',(7.480968572885E-05,15.999534306712));
#4162 = CARTESIAN_POINT('',(8.004636952685E-05,15.999555230394));
#4163 = CARTESIAN_POINT('',(9.070675133626E-05,15.999597824926));
#4164 = CARTESIAN_POINT('',(9.613045000569E-05,15.999619495777));
#4165 = CARTESIAN_POINT('',(1.015541583923E-04,15.999641166633));
#4166 = CARTESIAN_POINT('',(1.124015654466E-04,15.999684508238));
#4167 = CARTESIAN_POINT('',(1.178252641114E-04,15.999706178986));
#4168 = CARTESIAN_POINT('',(1.232489725034E-04,15.99972784974));
#4169 = CARTESIAN_POINT('',(1.337223329792E-04,15.999769696617));
#4170 = CARTESIAN_POINT('',(1.387719837716E-04,15.99978987274));
#4171 = CARTESIAN_POINT('',(1.438216429944E-04,15.999810048867));
#4172 = CARTESIAN_POINT('',(1.54294999592E-04,15.999851895545));
#4173 = CARTESIAN_POINT('',(1.597186982658E-04,15.999873566096));
#4174 = CARTESIAN_POINT('',(1.651424066475E-04,15.999895236653));
#4175 = CARTESIAN_POINT('',(1.758027904304E-04,15.999937830404));
#4176 = CARTESIAN_POINT('',(1.810394651735E-04,15.999958753598));
#4177 = CARTESIAN_POINT('',(1.862761489664E-04,15.999979676797));
#4178 = CARTESIAN_POINT('',(1.915128418126E-04,16.0000006));
#4179 = ( GEOMETRIC_REPRESENTATION_CONTEXT(2) 
PARAMETRIC_REPRESENTATION_CONTEXT() REPRESENTATION_CONTEXT('2D SPACE',''
  ) );
#4180 = ORIENTED_EDGE('',*,*,#4181,.F.);
#4181 = EDGE_CURVE('',#4182,#4081,#4184,.T.);
#4182 = VERTEX_POINT('',#4183);
#4183 = CARTESIAN_POINT('',(-16.89750402482,11.799967330635,
    25.111681984968));
#4184 = SURFACE_CURVE('',#4185,(#4258,#4334),.PCURVE_S1.);
#4185 = B_SPLINE_CURVE_WITH_KNOTS('',8,(#4186,#4187,#4188,#4189,#4190,
    #4191,#4192,#4193,#4194,#4195,#4196,#4197,#4198,#4199,#4200,#4201,
    #4202,#4203,#4204,#4205,#4206,#4207,#4208,#4209,#4210,#4211,#4212,
    #4213,#4214,#4215,#4216,#4217,#4218,#4219,#4220,#4221,#4222,#4223,
    #4224,#4225,#4226,#4227,#4228,#4229,#4230,#4231,#4232,#4233,#4234,
    #4235,#4236,#4237,#4238,#4239,#4240,#4241,#4242,#4243,#4244,#4245,
    #4246,#4247,#4248,#4249,#4250,#4251,#4252,#4253,#4254,#4255,#4256,
    #4257),.UNSPECIFIED.,.F.,.F.,(9,7,7,7,7,7,7,7,7,7,9),(0.,
    0.115976431112,0.388544517746,0.436070988116,0.494377671508,
    0.528394183061,0.545875519038,0.581065334663,0.632899595874,
    0.888760539743,1.),.UNSPECIFIED.);
#4186 = CARTESIAN_POINT('',(-20.07340692641,15.965665456362,
    25.115054673243));
#4187 = CARTESIAN_POINT('',(-20.05413509809,15.823628825265,
    25.188549089006));
#4188 = CARTESIAN_POINT('',(-20.0327862252,15.680811767899,
    25.258857799689));
#4189 = CARTESIAN_POINT('',(-20.00944236555,15.537320812766,
    25.326023516817));
#4190 = CARTESIAN_POINT('',(-19.98416678099,15.393255053883,
    25.390083514899));
#4191 = CARTESIAN_POINT('',(-19.95700434874,15.248712108551,
    25.451067705163));
#4192 = CARTESIAN_POINT('',(-19.92798197272,15.103794075119,
    25.508996709289));
#4193 = CARTESIAN_POINT('',(-19.89710899479,14.95861349075,
    25.563879933146));
#4194 = CARTESIAN_POINT('',(-19.78745221801,14.471781504048,
    25.737533343977));
#4195 = CARTESIAN_POINT('',(-19.70246225816,14.139292249805,
    25.839026105977));
#4196 = CARTESIAN_POINT('',(-19.60857999586,13.809869876374,
    25.924586513107));
#4197 = CARTESIAN_POINT('',(-19.50339015621,13.478578891163,
    25.995669807925));
#4198 = CARTESIAN_POINT('',(-19.38365838284,13.144214734977,
    26.051034083936));
#4199 = CARTESIAN_POINT('',(-19.24605762036,12.811859507124,
    26.086904561028));
#4200 = CARTESIAN_POINT('',(-19.08637907248,12.494470308509,
    26.098797799228));
#4201 = CARTESIAN_POINT('',(-18.8665758343,12.162064228347,
    26.077954436739));
#4202 = CARTESIAN_POINT('',(-18.83294800431,12.113517134014,
    26.073943658633));
#4203 = CARTESIAN_POINT('',(-18.79829015169,12.065904739041,
    26.068972116868));
#4204 = CARTESIAN_POINT('',(-18.76256242767,12.019363467191,
    26.062993475348));
#4205 = CARTESIAN_POINT('',(-18.72572301046,11.974038773499,
    26.055959565913));
#4206 = CARTESIAN_POINT('',(-18.68772820657,11.930085105124,
    26.047820160525));
#4207 = CARTESIAN_POINT('',(-18.64853255216,11.887665862203,
    26.038522743436));
#4208 = CARTESIAN_POINT('',(-18.5584716302,11.79700622328,
    26.015117783468));
#4209 = CARTESIAN_POINT('',(-18.5068139233,11.749464633776,
    26.000355404122));
#4210 = CARTESIAN_POINT('',(-18.45326279009,11.704932898203,
    25.98366879512));
#4211 = CARTESIAN_POINT('',(-18.39796029411,11.66391618611,
    25.965031995093));
#4212 = CARTESIAN_POINT('',(-18.3410499269,11.626822677929,
    25.944445388188));
#4213 = CARTESIAN_POINT('',(-18.28268234913,11.593965822144,
    25.921933061352));
#4214 = CARTESIAN_POINT('',(-18.22302051192,11.565566700299,
    25.897541562256));
#4215 = CARTESIAN_POINT('',(-18.12678682466,11.527865468614,
    25.856053923768));
#4216 = CARTESIAN_POINT('',(-18.09103926024,11.515571166499,
    25.840190145739));
#4217 = CARTESIAN_POINT('',(-18.05505418884,11.504891526124,
    25.823773829065));
#4218 = CARTESIAN_POINT('',(-18.01888870806,11.495830663385,
    25.806834732735));
#4219 = CARTESIAN_POINT('',(-17.98260425222,11.488378887432,
    25.789407397075));
#4220 = CARTESIAN_POINT('',(-17.94626655523,11.482512710665,
    25.771531271422));
#4221 = CARTESIAN_POINT('',(-17.90994561349,11.478194858736,
    25.753250841801));
#4222 = CARTESIAN_POINT('',(-17.8550968028,11.473924764623,
    25.725039052013));
#4223 = CARTESIAN_POINT('',(-17.83649580307,11.472870338596,
    25.715365479144));
#4224 = CARTESIAN_POINT('',(-17.81791969028,11.472204070224,
    25.705600149604));
#4225 = CARTESIAN_POINT('',(-17.79937500528,11.471918627708,
    25.695747982433));
#4226 = CARTESIAN_POINT('',(-17.78086778897,11.472006279695,
    25.685813706101));
#4227 = CARTESIAN_POINT('',(-17.76240358236,11.472458895273,
    25.675801858512));
#4228 = CARTESIAN_POINT('',(-17.74398742653,11.473267943972,
    25.665716786998));
#4229 = CARTESIAN_POINT('',(-17.68865812795,11.476752627005,
    25.635122433215));
#4230 = CARTESIAN_POINT('',(-17.65192600657,11.480488086623,
    25.614413593486));
#4231 = CARTESIAN_POINT('',(-17.61544614729,11.485558332115,
    25.593460236776));
#4232 = CARTESIAN_POINT('',(-17.57923752133,11.491891696453,
    25.572286188424));
#4233 = CARTESIAN_POINT('',(-17.54331936001,11.499417398765,
    25.550915116616));
#4234 = CARTESIAN_POINT('',(-17.50771109238,11.508065555015,
    25.529370657529));
#4235 = CARTESIAN_POINT('',(-17.47243228294,11.517767188681,
    25.50767654048));
#4236 = CARTESIAN_POINT('',(-17.38605143575,11.544196167723,
    25.453716316378));
#4237 = CARTESIAN_POINT('',(-17.33532674562,11.562085666522,
    25.421283833006));
#4238 = CARTESIAN_POINT('',(-17.28534087451,11.581925460295,
    25.38860256788));
#4239 = CARTESIAN_POINT('',(-17.23609915124,11.603537461106,
    25.355708323241));
#4240 = CARTESIAN_POINT('',(-17.1875999106,11.626762777175,
    25.32262929472));
#4241 = CARTESIAN_POINT('',(-17.13983454606,11.651461719437,
    25.289385967407));
#4242 = CARTESIAN_POINT('',(-17.09278756255,11.677513808096,
    25.255991011925));
#4243 = CARTESIAN_POINT('',(-16.8176421353,11.839593883857,
    25.056882151136));
#4244 = CARTESIAN_POINT('',(-16.60131585085,12.007518044956,
    24.88448501175));
#4245 = CARTESIAN_POINT('',(-16.39967834132,12.196289371968,
    24.708270571308));
#4246 = CARTESIAN_POINT('',(-16.21353587398,12.397507704964,
    24.530136162586));
#4247 = CARTESIAN_POINT('',(-16.04189540407,12.606964022125,
    24.350709144406));
#4248 = CARTESIAN_POINT('',(-15.88283665969,12.823891700636,
    24.168841695474));
#4249 = CARTESIAN_POINT('',(-15.73454968508,13.04998411917,
    23.982099743383));
#4250 = CARTESIAN_POINT('',(-15.53633421703,13.392069266381,
    23.702593714853));
#4251 = CARTESIAN_POINT('',(-15.47869865717,13.497175760173,
    23.617094585546));
#4252 = CARTESIAN_POINT('',(-15.42353631779,13.603653863659,
    23.530794514431));
#4253 = CARTESIAN_POINT('',(-15.37090081028,13.711447465749,
    23.44369316658));
#4254 = CARTESIAN_POINT('',(-15.32085612018,13.820515841888,
    23.355790554723));
#4255 = CARTESIAN_POINT('',(-15.27347852347,13.930829557263,
    23.267089462794));
#4256 = CARTESIAN_POINT('',(-15.22885850288,14.042366370021,
    23.177597869467));
#4257 = CARTESIAN_POINT('',(-15.18710266419,14.155107134487,
    23.087331371706));
#4258 = PCURVE('',#493,#4259);
#4259 = DEFINITIONAL_REPRESENTATION('',(#4260),#4333);
#4260 = B_SPLINE_CURVE_WITH_KNOTS('',8,(#4261,#4262,#4263,#4264,#4265,
    #4266,#4267,#4268,#4269,#4270,#4271,#4272,#4273,#4274,#4275,#4276,
    #4277,#4278,#4279,#4280,#4281,#4282,#4283,#4284,#4285,#4286,#4287,
    #4288,#4289,#4290,#4291,#4292,#4293,#4294,#4295,#4296,#4297,#4298,
    #4299,#4300,#4301,#4302,#4303,#4304,#4305,#4306,#4307,#4308,#4309,
    #4310,#4311,#4312,#4313,#4314,#4315,#4316,#4317,#4318,#4319,#4320,
    #4321,#4322,#4323,#4324,#4325,#4326,#4327,#4328,#4329,#4330,#4331,
    #4332),.UNSPECIFIED.,.F.,.F.,(9,7,7,7,7,7,7,7,7,7,9),(0.,
    0.115976431112,0.388544517746,0.436070988116,0.494377671508,
    0.528394183061,0.545875519038,0.581065334663,0.632899595874,
    0.888760539743,1.),.UNSPECIFIED.);
#4261 = CARTESIAN_POINT('',(3.63172440269,31.880403233615));
#4262 = CARTESIAN_POINT('',(3.622083714107,31.855035163117));
#4263 = CARTESIAN_POINT('',(3.612506650124,31.826365981598));
#4264 = CARTESIAN_POINT('',(3.60299588535,31.794513069125));
#4265 = CARTESIAN_POINT('',(3.593553976804,31.759573164803));
#4266 = CARTESIAN_POINT('',(3.58418374163,31.721623543718));
#4267 = CARTESIAN_POINT('',(3.574888634802,31.680723193883));
#4268 = CARTESIAN_POINT('',(3.565673126839,31.636913993174));
#4269 = CARTESIAN_POINT('',(3.535085627084,31.480485984631));
#4270 = CARTESIAN_POINT('',(3.514713805779,31.357965272383));
#4271 = CARTESIAN_POINT('',(3.49497221687,31.222100945461));
#4272 = CARTESIAN_POINT('',(3.475554235308,31.070041374658));
#4273 = CARTESIAN_POINT('',(3.456433200701,30.898132403362));
#4274 = CARTESIAN_POINT('',(3.437984633045,30.703299996323));
#4275 = CARTESIAN_POINT('',(3.421052655138,30.4835078671));
#4276 = CARTESIAN_POINT('',(3.404414287037,30.193898987993));
#4277 = CARTESIAN_POINT('',(3.402016073123,30.149877431708));
#4278 = CARTESIAN_POINT('',(3.39969842759,30.104817261235));
#4279 = CARTESIAN_POINT('',(3.397470295691,30.058701302151));
#4280 = CARTESIAN_POINT('',(3.395341191643,30.011512319449));
#4281 = CARTESIAN_POINT('',(3.393321200526,29.963233005181));
#4282 = CARTESIAN_POINT('',(3.391420980173,29.913845966093));
#4283 = CARTESIAN_POINT('',(3.387481242499,29.801363991531));
#4284 = CARTESIAN_POINT('',(3.385500798628,29.737498244335));
#4285 = CARTESIAN_POINT('',(3.383744582165,29.672003699907));
#4286 = CARTESIAN_POINT('',(3.382240574675,29.605129017248));
#4287 = CARTESIAN_POINT('',(3.381010735817,29.537108825048));
#4288 = CARTESIAN_POINT('',(3.380071132788,29.46816830608));
#4289 = CARTESIAN_POINT('',(3.379432051991,29.398527825082));
#4290 = CARTESIAN_POINT('',(3.378903258948,29.287498988878));
#4291 = CARTESIAN_POINT('',(3.37881276228,29.246529877953));
#4292 = CARTESIAN_POINT('',(3.378826691867,29.205561320378));
#4293 = CARTESIAN_POINT('',(3.37894422483,29.164656389635));
#4294 = CARTESIAN_POINT('',(3.379163624946,29.123880200647));
#4295 = CARTESIAN_POINT('',(3.379482241127,29.083299930782));
#4296 = CARTESIAN_POINT('',(3.379896505904,29.042984840851));
#4297 = CARTESIAN_POINT('',(3.380661677088,28.982461027346));
#4298 = CARTESIAN_POINT('',(3.380945591174,28.961997848116));
#4299 = CARTESIAN_POINT('',(3.381253124264,28.941623132001));
#4300 = CARTESIAN_POINT('',(3.381583709693,28.921342631581));
#4301 = CARTESIAN_POINT('',(3.381936766031,28.90116147844));
#4302 = CARTESIAN_POINT('',(3.382311697086,28.881084183163));
#4303 = CARTESIAN_POINT('',(3.382707891904,28.861114635338));
#4304 = CARTESIAN_POINT('',(3.383963806612,28.801281008232));
#4305 = CARTESIAN_POINT('',(3.384886080883,28.761778031177));
#4306 = CARTESIAN_POINT('',(3.38588680515,28.722753863305));
#4307 = CARTESIAN_POINT('',(3.386961290416,28.684215598696));
#4308 = CARTESIAN_POINT('',(3.388104899854,28.646170732654));
#4309 = CARTESIAN_POINT('',(3.38931304755,28.608627159763));
#4310 = CARTESIAN_POINT('',(3.390581197243,28.571593171944));
#4311 = CARTESIAN_POINT('',(3.393854605186,28.4812901576));
#4312 = CARTESIAN_POINT('',(3.395925973654,28.428594974942));
#4313 = CARTESIAN_POINT('',(3.398106840458,28.376967580669));
#4314 = CARTESIAN_POINT('',(3.400386379386,28.326379573088));
#4315 = CARTESIAN_POINT('',(3.402755065714,28.276798483261));
#4316 = CARTESIAN_POINT('',(3.405204677892,28.228187781588));
#4317 = CARTESIAN_POINT('',(3.407728299227,28.180506884382));
#4318 = CARTESIAN_POINT('',(3.423114883565,27.902721119997));
#4319 = CARTESIAN_POINT('',(3.437827195521,27.688763671788));
#4320 = CARTESIAN_POINT('',(3.45368739416,27.491718131656));
#4321 = CARTESIAN_POINT('',(3.470183697723,27.310815022698));
#4322 = CARTESIAN_POINT('',(3.487082575969,27.144313792805));
#4323 = CARTESIAN_POINT('',(3.504387156474,26.989867499701));
#4324 = CARTESIAN_POINT('',(3.522269059668,26.845367124534));
#4325 = CARTESIAN_POINT('',(3.549142571308,26.650892955237));
#4326 = CARTESIAN_POINT('',(3.557376741124,26.594158529236));
#4327 = CARTESIAN_POINT('',(3.565698355861,26.539639825968));
#4328 = CARTESIAN_POINT('',(3.574105101059,26.487368838484));
#4329 = CARTESIAN_POINT('',(3.582595516676,26.437390894535));
#4330 = CARTESIAN_POINT('',(3.591168703507,26.389766215562));
#4331 = CARTESIAN_POINT('',(3.599824029598,26.344571475688));
#4332 = CARTESIAN_POINT('',(3.608560836668,26.301901360711));
#4333 = ( GEOMETRIC_REPRESENTATION_CONTEXT(2) 
PARAMETRIC_REPRESENTATION_CONTEXT() REPRESENTATION_CONTEXT('2D SPACE',''
  ) );
#4334 = PCURVE('',#3490,#4335);
#4335 = DEFINITIONAL_REPRESENTATION('',(#4336),#4409);
#4336 = B_SPLINE_CURVE_WITH_KNOTS('',8,(#4337,#4338,#4339,#4340,#4341,
    #4342,#4343,#4344,#4345,#4346,#4347,#4348,#4349,#4350,#4351,#4352,
    #4353,#4354,#4355,#4356,#4357,#4358,#4359,#4360,#4361,#4362,#4363,
    #4364,#4365,#4366,#4367,#4368,#4369,#4370,#4371,#4372,#4373,#4374,
    #4375,#4376,#4377,#4378,#4379,#4380,#4381,#4382,#4383,#4384,#4385,
    #4386,#4387,#4388,#4389,#4390,#4391,#4392,#4393,#4394,#4395,#4396,
    #4397,#4398,#4399,#4400,#4401,#4402,#4403,#4404,#4405,#4406,#4407,
    #4408),.UNSPECIFIED.,.F.,.F.,(9,7,7,7,7,7,7,7,7,7,9),(0.,
    0.115976431112,0.388544517746,0.436070988116,0.494377671508,
    0.528394183061,0.545875519038,0.581065334663,0.632899595874,
    0.888760539743,1.),.UNSPECIFIED.);
#4337 = CARTESIAN_POINT('',(3.883788390012,16.0000006));
#4338 = CARTESIAN_POINT('',(3.917029362343,15.873499307851));
#4339 = CARTESIAN_POINT('',(3.949987652117,15.74698755933));
#4340 = CARTESIAN_POINT('',(3.982703971336,15.620536751556));
#4341 = CARTESIAN_POINT('',(4.01521839753,15.49421783807));
#4342 = CARTESIAN_POINT('',(4.047570546089,15.368106772872));
#4343 = CARTESIAN_POINT('',(4.079799742599,15.242289954449));
#4344 = CARTESIAN_POINT('',(4.111945195175,15.116869669815));
#4345 = CARTESIAN_POINT('',(4.219489947304,14.698428950394));
#4346 = CARTESIAN_POINT('',(4.292530895088,14.416155797432));
#4347 = CARTESIAN_POINT('',(4.365408081825,14.139847032446));
#4348 = CARTESIAN_POINT('',(4.439993126212,13.865713263023));
#4349 = CARTESIAN_POINT('',(4.517721819287,13.593748253669));
#4350 = CARTESIAN_POINT('',(4.599429791044,13.329873270811));
#4351 = CARTESIAN_POINT('',(4.685649761403,13.087700595139));
#4352 = CARTESIAN_POINT('',(4.793064567365,12.852328025486));
#4353 = CARTESIAN_POINT('',(4.80924910905,12.81848247605));
#4354 = CARTESIAN_POINT('',(4.825673865695,12.785871181427));
#4355 = CARTESIAN_POINT('',(4.842343444462,12.75463591288));
#4356 = CARTESIAN_POINT('',(4.859262913258,12.724927595996));
#4357 = CARTESIAN_POINT('',(4.876437885547,12.696906238785));
#4358 = CARTESIAN_POINT('',(4.893874605165,12.670740859769));
#4359 = CARTESIAN_POINT('',(4.933301498299,12.617004346816));
#4360 = CARTESIAN_POINT('',(4.955498369885,12.590363743369));
#4361 = CARTESIAN_POINT('',(4.978076369108,12.567203240857));
#4362 = CARTESIAN_POINT('',(5.000954831031,12.547947220691));
#4363 = CARTESIAN_POINT('',(5.024063622278,12.53292861689));
#4364 = CARTESIAN_POINT('',(5.047340244244,12.52238903877));
#4365 = CARTESIAN_POINT('',(5.070727119786,12.516479210014));
#4366 = CARTESIAN_POINT('',(5.10784525109,12.514548267821));
#4367 = CARTESIAN_POINT('',(5.121505820312,12.51543494356));
#4368 = CARTESIAN_POINT('',(5.135134329011,12.517918255926));
#4369 = CARTESIAN_POINT('',(5.148713938365,12.521982233781));
#4370 = CARTESIAN_POINT('',(5.162227301887,12.527596452522));
#4371 = CARTESIAN_POINT('',(5.17565645452,12.53471605635));
#4372 = CARTESIAN_POINT('',(5.188982701738,12.543281780539));
#4373 = CARTESIAN_POINT('',(5.208972042324,12.558327284428));
#4374 = CARTESIAN_POINT('',(5.21572748025,12.563798891966));
#4375 = CARTESIAN_POINT('',(5.222451265559,12.569625850272));
#4376 = CARTESIAN_POINT('',(5.229142029603,12.575799012235));
#4377 = CARTESIAN_POINT('',(5.235798591955,12.582309029688));
#4378 = CARTESIAN_POINT('',(5.242419960402,12.589146353409));
#4379 = CARTESIAN_POINT('',(5.249005330952,12.596301233123));
#4380 = CARTESIAN_POINT('',(5.26873669284,12.618785650012));
#4381 = CARTESIAN_POINT('',(5.281763585456,12.635046165715));
#4382 = CARTESIAN_POINT('',(5.294636298252,12.652470760967));
#4383 = CARTESIAN_POINT('',(5.307355900863,12.670985641126));
#4384 = CARTESIAN_POINT('',(5.319923008875,12.690517752207));
#4385 = CARTESIAN_POINT('',(5.332337792714,12.710994812547));
#4386 = CARTESIAN_POINT('',(5.344599986533,12.732345344468));
#4387 = CARTESIAN_POINT('',(5.374545206343,12.787130395107));
#4388 = CARTESIAN_POINT('',(5.39205967252,12.821523663514));
#4389 = CARTESIAN_POINT('',(5.40926742739,12.857489216163));
#4390 = CARTESIAN_POINT('',(5.426183802998,12.894858200537));
#4391 = CARTESIAN_POINT('',(5.442824554089,12.93348219442));
#4392 = CARTESIAN_POINT('',(5.459206080521,12.973233193732));
#4393 = CARTESIAN_POINT('',(5.475345649665,13.014003600358));
#4394 = CARTESIAN_POINT('',(5.569825001338,13.261555947366));
#4395 = CARTESIAN_POINT('',(5.644482852835,13.494159845463));
#4396 = CARTESIAN_POINT('',(5.715786948088,13.741211525158));
#4397 = CARTESIAN_POINT('',(5.784241001324,13.994553718697));
#4398 = CARTESIAN_POINT('',(5.850535323804,14.250584319778));
#4399 = CARTESIAN_POINT('',(5.915678446604,14.509251366813));
#4400 = CARTESIAN_POINT('',(5.98091555887,14.772771447166));
#4401 = CARTESIAN_POINT('',(6.076728666681,15.162404447625));
#4402 = CARTESIAN_POINT('',(6.105806125301,15.28098558927));
#4403 = CARTESIAN_POINT('',(6.134963088201,15.399993971225));
#4404 = CARTESIAN_POINT('',(6.164235014566,15.519358355383));
#4405 = CARTESIAN_POINT('',(6.193657409879,15.639018329246));
#4406 = CARTESIAN_POINT('',(6.223265928225,15.75891979861));
#4407 = CARTESIAN_POINT('',(6.253096474593,15.879010480257));
#4408 = CARTESIAN_POINT('',(6.28318530718,15.999235394634));
#4409 = ( GEOMETRIC_REPRESENTATION_CONTEXT(2) 
PARAMETRIC_REPRESENTATION_CONTEXT() REPRESENTATION_CONTEXT('2D SPACE',''
  ) );
#4410 = ORIENTED_EDGE('',*,*,#4411,.F.);
#4411 = EDGE_CURVE('',#3526,#4182,#4412,.T.);
#4412 = SURFACE_CURVE('',#4413,(#4444,#4478),.PCURVE_S1.);
#4413 = B_SPLINE_CURVE_WITH_KNOTS('',8,(#4414,#4415,#4416,#4417,#4418,
    #4419,#4420,#4421,#4422,#4423,#4424,#4425,#4426,#4427,#4428,#4429,
    #4430,#4431,#4432,#4433,#4434,#4435,#4436,#4437,#4438,#4439,#4440,
    #4441,#4442,#4443),.UNSPECIFIED.,.F.,.F.,(9,7,7,7,9),(0.,
    7.414378414301E-02,0.153004689635,0.375638708807,1.),.UNSPECIFIED.);
#4414 = CARTESIAN_POINT('',(-13.93167571445,6.811644663679,
    24.448722380771));
#4415 = CARTESIAN_POINT('',(-13.9222543421,6.999588806117,
    24.438254189278));
#4416 = CARTESIAN_POINT('',(-13.92419382811,7.183747844487,
    24.43057811766));
#4417 = CARTESIAN_POINT('',(-13.93630781182,7.363625635239,
    24.42548726852));
#4418 = CARTESIAN_POINT('',(-13.95745311636,7.538811746573,
    24.422787154878));
#4419 = CARTESIAN_POINT('',(-13.98653249591,7.708969351556,
    24.422288309684));
#4420 = CARTESIAN_POINT('',(-14.02249613105,7.873823324372,
    24.423801364743));
#4421 = CARTESIAN_POINT('',(-14.06434187219,8.033148539707,
    24.427134599059));
#4422 = CARTESIAN_POINT('',(-14.16086230665,8.350141062877,24.4373688347
    ));
#4423 = CARTESIAN_POINT('',(-14.21645271756,8.507941135394,
    24.444511656752));
#4424 = CARTESIAN_POINT('',(-14.27699623768,8.660321150841,
    24.453340516071));
#4425 = CARTESIAN_POINT('',(-14.341752461,8.807512938536,24.463695207334
    ));
#4426 = CARTESIAN_POINT('',(-14.41012468236,8.949808745052,
    24.47543938271));
#4427 = CARTESIAN_POINT('',(-14.48165477822,9.08755238019,
    24.488462708011));
#4428 = CARTESIAN_POINT('',(-14.55601808743,9.221130362945,
    24.502683018852));
#4429 = CARTESIAN_POINT('',(-14.85039932382,9.717496733945,
    24.561427051216));
#4430 = CARTESIAN_POINT('',(-15.09032855433,10.056765110751,
    24.614238607315));
#4431 = CARTESIAN_POINT('',(-15.34479231966,10.370567202484,
    24.674728887314));
#4432 = CARTESIAN_POINT('',(-15.6083891075,10.661487681753,
    24.741440962664));
#4433 = CARTESIAN_POINT('',(-15.87790895597,10.932491796912,
    24.813303726811));
#4434 = CARTESIAN_POINT('',(-16.15213818297,11.186797421668,
    24.889761703047));
#4435 = CARTESIAN_POINT('',(-16.43173523462,11.427819925455,
    24.970886795437));
#4436 = CARTESIAN_POINT('',(-17.52470280842,12.307273097558,
    25.300068113559));
#4437 = CARTESIAN_POINT('',(-18.38271074143,12.87147347634,
    25.58274297607));
#4438 = CARTESIAN_POINT('',(-19.26009548186,13.363909417569,
    25.895436907506));
#4439 = CARTESIAN_POINT('',(-20.13966757177,13.796777027879,
    26.229221555998));
#4440 = CARTESIAN_POINT('',(-21.01371072347,14.180620810703,
    26.578022010777));
#4441 = CARTESIAN_POINT('',(-21.88409834967,14.525229973246,
    26.940183223554));
#4442 = CARTESIAN_POINT('',(-22.76061472692,14.839098602965,
    27.31850655619));
#4443 = CARTESIAN_POINT('',(-23.65898253851,15.128428761753,
    27.719726464067));
#4444 = PCURVE('',#493,#4445);
#4445 = DEFINITIONAL_REPRESENTATION('',(#4446),#4477);
#4446 = B_SPLINE_CURVE_WITH_KNOTS('',8,(#4447,#4448,#4449,#4450,#4451,
    #4452,#4453,#4454,#4455,#4456,#4457,#4458,#4459,#4460,#4461,#4462,
    #4463,#4464,#4465,#4466,#4467,#4468,#4469,#4470,#4471,#4472,#4473,
    #4474,#4475,#4476),.UNSPECIFIED.,.F.,.F.,(9,7,7,7,9),(0.,
    7.414378414301E-02,0.153004689635,0.375638708807,1.),.UNSPECIFIED.);
#4447 = CARTESIAN_POINT('',(3.172087068238,23.790336636728));
#4448 = CARTESIAN_POINT('',(3.183280716422,23.827873697116));
#4449 = CARTESIAN_POINT('',(3.194072087785,23.875488069284));
#4450 = CARTESIAN_POINT('',(3.204452569733,23.931924147086));
#4451 = CARTESIAN_POINT('',(3.214417194054,23.995991966113));
#4452 = CARTESIAN_POINT('',(3.223964044074,24.066563446923));
#4453 = CARTESIAN_POINT('',(3.233093676288,24.142568578689));
#4454 = CARTESIAN_POINT('',(3.241808556458,24.222991543253));
#4455 = CARTESIAN_POINT('',(3.25894477198,24.396078264597));
#4456 = CARTESIAN_POINT('',(3.267359906839,24.489677411082));
#4457 = CARTESIAN_POINT('',(3.275381230034,24.586854514322));
#4458 = CARTESIAN_POINT('',(3.283033667594,24.686957550258));
#4459 = CARTESIAN_POINT('',(3.290343366738,24.789486188435));
#4460 = CARTESIAN_POINT('',(3.297337306299,24.894085804923));
#4461 = CARTESIAN_POINT('',(3.30404290714,25.000541495246));
#4462 = CARTESIAN_POINT('',(3.328681922045,25.414320337843));
#4463 = CARTESIAN_POINT('',(3.344925351213,25.736168598076));
#4464 = CARTESIAN_POINT('',(3.359440622813,26.067062836702));
#4465 = CARTESIAN_POINT('',(3.372456011263,26.402368949501));
#4466 = CARTESIAN_POINT('',(3.384190963463,26.739631217858));
#4467 = CARTESIAN_POINT('',(3.394850761236,27.078418696352));
#4468 = CARTESIAN_POINT('',(3.404623047805,27.420246176021));
#4469 = CARTESIAN_POINT('',(3.439037771026,28.74460667935));
#4470 = CARTESIAN_POINT('',(3.458437263443,29.760381860652));
#4471 = CARTESIAN_POINT('',(3.47304165452,30.786051848458));
#4472 = CARTESIAN_POINT('',(3.483831083334,31.806213260748));
#4473 = CARTESIAN_POINT('',(3.491582629675,32.814475253682));
#4474 = CARTESIAN_POINT('',(3.496862942456,33.814424995402));
#4475 = CARTESIAN_POINT('',(3.500017587575,34.818025364873));
#4476 = CARTESIAN_POINT('',(3.501135515476,35.843410088885));
#4477 = ( GEOMETRIC_REPRESENTATION_CONTEXT(2) 
PARAMETRIC_REPRESENTATION_CONTEXT() REPRESENTATION_CONTEXT('2D SPACE',''
  ) );
#4478 = PCURVE('',#3779,#4479);
#4479 = DEFINITIONAL_REPRESENTATION('',(#4480),#4511);
#4480 = B_SPLINE_CURVE_WITH_KNOTS('',8,(#4481,#4482,#4483,#4484,#4485,
    #4486,#4487,#4488,#4489,#4490,#4491,#4492,#4493,#4494,#4495,#4496,
    #4497,#4498,#4499,#4500,#4501,#4502,#4503,#4504,#4505,#4506,#4507,
    #4508,#4509,#4510),.UNSPECIFIED.,.F.,.F.,(9,7,7,7,9),(0.,
    7.414378414301E-02,0.153004689635,0.375638708807,1.),.UNSPECIFIED.);
#4481 = CARTESIAN_POINT('',(0.,28.323667087593));
#4482 = CARTESIAN_POINT('',(3.09691884401E-02,28.355196172448));
#4483 = CARTESIAN_POINT('',(6.093822808269E-02,28.395206382016));
#4484 = CARTESIAN_POINT('',(8.991010356141E-02,28.442658784099));
#4485 = CARTESIAN_POINT('',(0.117887823413,28.496572054012));
#4486 = CARTESIAN_POINT('',(0.144874369346,28.556016014766));
#4487 = CARTESIAN_POINT('',(0.170872508828,28.620106194827));
#4488 = CARTESIAN_POINT('',(0.195884470973,28.68799940344));
#4489 = CARTESIAN_POINT('',(0.245467129607,28.834291413657));
#4490 = CARTESIAN_POINT('',(0.270046758723,28.913491216837));
#4491 = CARTESIAN_POINT('',(0.293710083346,28.995820183028));
#4492 = CARTESIAN_POINT('',(0.316519182248,29.080737712045));
#4493 = CARTESIAN_POINT('',(0.338538775386,29.16782825577));
#4494 = CARTESIAN_POINT('',(0.359836496558,29.256797420353));
#4495 = CARTESIAN_POINT('',(0.380483166057,29.347468068412));
#4496 = CARTESIAN_POINT('',(0.457212847633,29.700374235384));
#4497 = CARTESIAN_POINT('',(0.509674539655,29.975861885213));
#4498 = CARTESIAN_POINT('',(0.558418167084,30.260202836556));
#4499 = CARTESIAN_POINT('',(0.603910073348,30.549460171238));
#4500 = CARTESIAN_POINT('',(0.646625137881,30.84148990145));
#4501 = CARTESIAN_POINT('',(0.68706530431,31.135877056914));
#4502 = CARTESIAN_POINT('',(0.725767604807,31.433922437079));
#4503 = CARTESIAN_POINT('',(0.868537414938,32.592620183192));
#4504 = CARTESIAN_POINT('',(0.963472782246,33.489381767935));
#4505 = CARTESIAN_POINT('',(1.050116496025,34.40312460177));
#4506 = CARTESIAN_POINT('',(1.12996596337,35.319178492847));
#4507 = CARTESIAN_POINT('',(1.204424733952,36.23068597327));
#4508 = CARTESIAN_POINT('',(1.274923509988,37.140023661787));
#4509 = CARTESIAN_POINT('',(1.343031011344,38.057608687276));
#4510 = CARTESIAN_POINT('',(1.410454128668,39.0000006));
#4511 = ( GEOMETRIC_REPRESENTATION_CONTEXT(2) 
PARAMETRIC_REPRESENTATION_CONTEXT() REPRESENTATION_CONTEXT('2D SPACE',''
  ) );
#4512 = FACE_BOUND('',#4513,.T.);
#4513 = EDGE_LOOP('',(#4514));
#4514 = ORIENTED_EDGE('',*,*,#4515,.T.);
#4515 = EDGE_CURVE('',#4516,#4516,#4518,.T.);
#4516 = VERTEX_POINT('',#4517);
#4517 = CARTESIAN_POINT('',(-42.65631015586,-4.280691487748,
    18.349506389115));
#4518 = SURFACE_CURVE('',#4519,(#4578,#4640),.PCURVE_S1.);
#4519 = B_SPLINE_CURVE_WITH_KNOTS('',8,(#4520,#4521,#4522,#4523,#4524,
    #4525,#4526,#4527,#4528,#4529,#4530,#4531,#4532,#4533,#4534,#4535,
    #4536,#4537,#4538,#4539,#4540,#4541,#4542,#4543,#4544,#4545,#4546,
    #4547,#4548,#4549,#4550,#4551,#4552,#4553,#4554,#4555,#4556,#4557,
    #4558,#4559,#4560,#4561,#4562,#4563,#4564,#4565,#4566,#4567,#4568,
    #4569,#4570,#4571,#4572,#4573,#4574,#4575,#4576,#4577),
  .UNSPECIFIED.,.T.,.F.,(9,7,7,7,7,7,7,7,9),(0.,0.106533332559,
    0.237177774122,0.444096125891,0.563837346757,0.697370321217,
    0.887011454635,0.950263366953,1.),.UNSPECIFIED.);
#4520 = CARTESIAN_POINT('',(-42.65631015586,-4.280691487746,
    18.349506389115));
#4521 = CARTESIAN_POINT('',(-42.66037464818,-4.294104312402,
    18.106836776921));
#4522 = CARTESIAN_POINT('',(-42.68857574816,-4.297912331465,
    17.853627449046));
#4523 = CARTESIAN_POINT('',(-42.7442745215,-4.289631381295,
    17.597406951736));
#4524 = CARTESIAN_POINT('',(-42.82819610218,-4.267821358562,
    17.345742422442));
#4525 = CARTESIAN_POINT('',(-42.93879476839,-4.232422937309,
    17.105824892995));
#4526 = CARTESIAN_POINT('',(-43.07255586083,-4.184839782032,
    16.88391053275));
#4527 = CARTESIAN_POINT('',(-43.22417917036,-4.127763368441,
    16.684736336006));
#4528 = CARTESIAN_POINT('',(-43.58575487404,-3.987447382394,
    16.298006889902));
#4529 = CARTESIAN_POINT('',(-43.80133033608,-3.901138204015,
    16.123082534443));
#4530 = CARTESIAN_POINT('',(-44.02693490614,-3.809763921941,
    15.984344411306));
#4531 = CARTESIAN_POINT('',(-44.25797622963,-3.716520320736,
    15.87941658417));
#4532 = CARTESIAN_POINT('',(-44.49096615356,-3.623862217092,
    15.805835890984));
#4533 = CARTESIAN_POINT('',(-44.72321105457,-3.533604935288,
    15.761239244063));
#4534 = CARTESIAN_POINT('',(-44.95265843431,-3.447059670792,
    15.743467493758));
#4535 = CARTESIAN_POINT('',(-45.5340816429,-3.235425188169,
    15.76213579644));
#4536 = CARTESIAN_POINT('',(-45.88017288337,-3.117046622998,
    15.83630812071));
#4537 = CARTESIAN_POINT('',(-46.21132164814,-3.013095464551,
    15.966488460212));
#4538 = CARTESIAN_POINT('',(-46.52364359933,-2.925238947776,
    16.149654260493));
#4539 = CARTESIAN_POINT('',(-46.81198627744,-2.854839296925,
    16.384609906725));
#4540 = CARTESIAN_POINT('',(-47.06899788557,-2.803065183265,
    16.671219740294));
#4541 = CARTESIAN_POINT('',(-47.28394195854,-2.770617108377,
    17.00953270342));
#4542 = CARTESIAN_POINT('',(-47.52954473336,-2.750652632686,
    17.621234560628));
#4543 = CARTESIAN_POINT('',(-47.60215487067,-2.749765232827,
    17.868058946152));
#4544 = CARTESIAN_POINT('',(-47.649975096,-2.756212404558,
    18.133322622385));
#4545 = CARTESIAN_POINT('',(-47.66722682329,-2.769996023173,
    18.411743712986));
#4546 = CARTESIAN_POINT('',(-47.64972795206,-2.790502692859,
    18.697207493575));
#4547 = CARTESIAN_POINT('',(-47.59492461978,-2.816921311804,
    18.983078829195));
#4548 = CARTESIAN_POINT('',(-47.50191730496,-2.848603046347,
    19.26250945906));
#4549 = CARTESIAN_POINT('',(-47.22595069714,-2.925959617781,
    19.825578975554));
#4550 = CARTESIAN_POINT('',(-47.04212659769,-2.97050999049,
    20.08913764062));
#4551 = CARTESIAN_POINT('',(-46.82874399527,-3.017531073712,
    20.316340229611));
#4552 = CARTESIAN_POINT('',(-46.59403893361,-3.066608805639,
    20.505723446509));
#4553 = CARTESIAN_POINT('',(-46.34590218219,-3.117654724872,
    20.657108669787));
#4554 = CARTESIAN_POINT('',(-46.09181989447,-3.17050806677,
    20.771570859863));
#4555 = CARTESIAN_POINT('',(-45.83872561009,-3.224691105124,
    20.851529901294));
#4556 = CARTESIAN_POINT('',(-45.24383501281,-3.35688689425,
    20.970812550582));
#4557 = CARTESIAN_POINT('',(-44.89857117843,-3.437764872264,
    20.981127062924));
#4558 = CARTESIAN_POINT('',(-44.56470425573,-3.522182538544,
    20.938408438226));
#4559 = CARTESIAN_POINT('',(-44.24683483822,-3.610013861423,
    20.847275917766));
#4560 = CARTESIAN_POINT('',(-43.94866944836,-3.700597138713,
    20.710708722499));
#4561 = CARTESIAN_POINT('',(-43.67389920061,-3.792711651097,
    20.530300109049));
#4562 = CARTESIAN_POINT('',(-43.42692723567,-3.884325409648,
    20.306512259038));
#4563 = CARTESIAN_POINT('',(-43.14364091347,-4.000887869225,
    19.949865872034));
#4564 = CARTESIAN_POINT('',(-43.07665284293,-4.029564235974,
    19.85583636038));
#4565 = CARTESIAN_POINT('',(-43.01378645813,-4.057622111317,
    19.756987809623));
#4566 = CARTESIAN_POINT('',(-42.95533082016,-4.084897028142,
    19.653331773398));
#4567 = CARTESIAN_POINT('',(-42.90161158247,-4.111198000146,
    19.544891352413));
#4568 = CARTESIAN_POINT('',(-42.85299460377,-4.136304432137,
    19.431709658335));
#4569 = CARTESIAN_POINT('',(-42.80988956088,-4.159963030352,
    19.313858277672));
#4570 = CARTESIAN_POINT('',(-42.74355255398,-4.199122305019,
    19.095189552093));
#4571 = CARTESIAN_POINT('',(-42.7180217034,-4.215297998031,
    18.996045990549));
#4572 = CARTESIAN_POINT('',(-42.69641858487,-4.230253809063,
    18.894144879456));
#4573 = CARTESIAN_POINT('',(-42.67900001073,-4.243823261043,
    18.789639687459));
#4574 = CARTESIAN_POINT('',(-42.66602255647,-4.255832826355,
    18.682708085886));
#4575 = CARTESIAN_POINT('',(-42.65774308646,-4.266103370642,
    18.57355251122));
#4576 = CARTESIAN_POINT('',(-42.65441927976,-4.274451596594,
    18.462400727565));
#4577 = CARTESIAN_POINT('',(-42.65631015586,-4.280691487746,
    18.349506389115));
#4578 = PCURVE('',#493,#4579);
#4579 = DEFINITIONAL_REPRESENTATION('',(#4580),#4639);
#4580 = B_SPLINE_CURVE_WITH_KNOTS('',8,(#4581,#4582,#4583,#4584,#4585,
    #4586,#4587,#4588,#4589,#4590,#4591,#4592,#4593,#4594,#4595,#4596,
    #4597,#4598,#4599,#4600,#4601,#4602,#4603,#4604,#4605,#4606,#4607,
    #4608,#4609,#4610,#4611,#4612,#4613,#4614,#4615,#4616,#4617,#4618,
    #4619,#4620,#4621,#4622,#4623,#4624,#4625,#4626,#4627,#4628,#4629,
    #4630,#4631,#4632,#4633,#4634,#4635,#4636,#4637,#4638),
  .UNSPECIFIED.,.T.,.F.,(9,7,7,7,7,7,7,7,9),(0.,0.106533332559,
    0.237177774122,0.444096125891,0.563837346757,0.697370321217,
    0.887011454635,0.950263366953,1.),.UNSPECIFIED.);
#4581 = CARTESIAN_POINT('',(1.513399287241,43.615817090259));
#4582 = CARTESIAN_POINT('',(1.499886114382,43.519015620707));
#4583 = CARTESIAN_POINT('',(1.485172154098,43.441746013927));
#4584 = CARTESIAN_POINT('',(1.46958155291,43.390621671324));
#4585 = CARTESIAN_POINT('',(1.453505168643,43.369680481996));
#4586 = CARTESIAN_POINT('',(1.437370242244,43.38045023959));
#4587 = CARTESIAN_POINT('',(1.421607447516,43.421968848612));
#4588 = CARTESIAN_POINT('',(1.406617707919,43.490758765263));
#4589 = CARTESIAN_POINT('',(1.375724030021,43.691119854818));
#4590 = CARTESIAN_POINT('',(1.360364952409,43.833480556306));
#4591 = CARTESIAN_POINT('',(1.346732135048,44.000424412923));
#4592 = CARTESIAN_POINT('',(1.334827044957,44.186123605692));
#4593 = CARTESIAN_POINT('',(1.324617933717,44.385881601166));
#4594 = CARTESIAN_POINT('',(1.31605560684,44.595909116475));
#4595 = CARTESIAN_POINT('',(1.309082322805,44.813194927271));
#4596 = CARTESIAN_POINT('',(1.295032434142,45.387171083882));
#4597 = CARTESIAN_POINT('',(1.290253279355,45.751964096322));
#4598 = CARTESIAN_POINT('',(1.289078423675,46.122148791113));
#4599 = CARTESIAN_POINT('',(1.291448860943,46.492667251367));
#4600 = CARTESIAN_POINT('',(1.297423612601,46.858158559019));
#4601 = CARTESIAN_POINT('',(1.307160281714,47.211805981738));
#4602 = CARTESIAN_POINT('',(1.32088804709,47.544020593158));
#4603 = CARTESIAN_POINT('',(1.349237660737,48.008876461891));
#4604 = CARTESIAN_POINT('',(1.361330348315,48.171292844462));
#4605 = CARTESIAN_POINT('',(1.375063165622,48.317358927267));
#4606 = CARTESIAN_POINT('',(1.390269770247,48.439896057959));
#4607 = CARTESIAN_POINT('',(1.406700444666,48.532958033165));
#4608 = CARTESIAN_POINT('',(1.42404376736,48.591872550788));
#4609 = CARTESIAN_POINT('',(1.441944532734,48.613290964607));
#4610 = CARTESIAN_POINT('',(1.48016643335,48.575144706981));
#4611 = CARTESIAN_POINT('',(1.499384562957,48.507110081704));
#4612 = CARTESIAN_POINT('',(1.517299507182,48.397975784074));
#4613 = CARTESIAN_POINT('',(1.533642996333,48.254496044547));
#4614 = CARTESIAN_POINT('',(1.548219504565,48.083547957205));
#4615 = CARTESIAN_POINT('',(1.560906183153,47.892172815803));
#4616 = CARTESIAN_POINT('',(1.571664798613,47.687547732939));
#4617 = CARTESIAN_POINT('',(1.593166330624,47.177907269671));
#4618 = CARTESIAN_POINT('',(1.602396524043,46.857515084973));
#4619 = CARTESIAN_POINT('',(1.608417726962,46.525028292435));
#4620 = CARTESIAN_POINT('',(1.611365144322,46.186360446568));
#4621 = CARTESIAN_POINT('',(1.611307454137,45.846128724032));
#4622 = CARTESIAN_POINT('',(1.608240936522,45.508532577414));
#4623 = CARTESIAN_POINT('',(1.602083815463,45.178160879394));
#4624 = CARTESIAN_POINT('',(1.589507829782,44.756287935579));
#4625 = CARTESIAN_POINT('',(1.58599927473,44.6523655681));
#4626 = CARTESIAN_POINT('',(1.582121673084,44.550302483164));
#4627 = CARTESIAN_POINT('',(1.577868443128,44.45040070277));
#4628 = CARTESIAN_POINT('',(1.573232670142,44.353006020385));
#4629 = CARTESIAN_POINT('',(1.568207442381,44.258515369456));
#4630 = CARTESIAN_POINT('',(1.562786187062,44.167384191911));
#4631 = CARTESIAN_POINT('',(1.552384087034,44.011526546663));
#4632 = CARTESIAN_POINT('',(1.547553460223,43.945270776011));
#4633 = CARTESIAN_POINT('',(1.542471621779,43.881686340693));
#4634 = CARTESIAN_POINT('',(1.537140314928,43.821104106467));
#4635 = CARTESIAN_POINT('',(1.531562536713,43.763866260693));
#4636 = CARTESIAN_POINT('',(1.525742544455,43.710326614171));
#4637 = CARTESIAN_POINT('',(1.519685862212,43.660850902969));
#4638 = CARTESIAN_POINT('',(1.513399287241,43.615817090259));
#4639 = ( GEOMETRIC_REPRESENTATION_CONTEXT(2) 
PARAMETRIC_REPRESENTATION_CONTEXT() REPRESENTATION_CONTEXT('2D SPACE',''
  ) );
#4640 = PCURVE('',#4641,#4646);
#4641 = CYLINDRICAL_SURFACE('',#4642,2.6);
#4642 = AXIS2_PLACEMENT_3D('',#4643,#4644,#4645);
#4643 = CARTESIAN_POINT('',(-45.73405086878,-5.471947222609,
    18.349506389115));
#4644 = DIRECTION('',(0.290007395283,0.957024404433,-0.));
#4645 = DIRECTION('',(0.957024404433,-0.290007395283,0.));
#4646 = DEFINITIONAL_REPRESENTATION('',(#4647),#4706);
#4647 = B_SPLINE_CURVE_WITH_KNOTS('',8,(#4648,#4649,#4650,#4651,#4652,
    #4653,#4654,#4655,#4656,#4657,#4658,#4659,#4660,#4661,#4662,#4663,
    #4664,#4665,#4666,#4667,#4668,#4669,#4670,#4671,#4672,#4673,#4674,
    #4675,#4676,#4677,#4678,#4679,#4680,#4681,#4682,#4683,#4684,#4685,
    #4686,#4687,#4688,#4689,#4690,#4691,#4692,#4693,#4694,#4695,#4696,
    #4697,#4698,#4699,#4700,#4701,#4702,#4703,#4704,#4705),
  .UNSPECIFIED.,.F.,.F.,(9,7,7,7,7,7,7,7,9),(0.,0.106533332559,
    0.237177774122,0.444096125891,0.563837346757,0.697370321217,
    0.887011454635,0.950263366953,1.),.UNSPECIFIED.);
#4648 = CARTESIAN_POINT('',(-8.881784197001E-16,2.032628377695));
#4649 = CARTESIAN_POINT('',(9.333446622869E-02,2.018613244337));
#4650 = CARTESIAN_POINT('',(0.190722807047,2.006790349613));
#4651 = CARTESIAN_POINT('',(0.290507331279,1.998562364841));
#4652 = CARTESIAN_POINT('',(0.39147261251,1.995097209834));
#4653 = CARTESIAN_POINT('',(0.492574229577,1.996899931744));
#4654 = CARTESIAN_POINT('',(0.592779752761,2.003646466574));
#4655 = CARTESIAN_POINT('',(0.69091369699,2.014298106239));
#4656 = CARTESIAN_POINT('',(0.901266784547,2.043724301195));
#4657 = CARTESIAN_POINT('',(1.011757081485,2.063805812996));
#4658 = CARTESIAN_POINT('',(1.117782883856,2.085826237151));
#4659 = CARTESIAN_POINT('',(1.22000152988,2.108058946635));
#4660 = CARTESIAN_POINT('',(1.318957246978,2.129166212126));
#4661 = CARTESIAN_POINT('',(1.415137701465,2.148191894678));
#4662 = CARTESIAN_POINT('',(1.508997690373,2.164476387936));
#4663 = CARTESIAN_POINT('',(1.746726055345,2.198398722348));
#4664 = CARTESIAN_POINT('',(1.888120378602,2.211320878999));
#4665 = CARTESIAN_POINT('',(2.027765239721,2.21476908378));
#4666 = CARTESIAN_POINT('',(2.167591716624,2.208274238867));
#4667 = CARTESIAN_POINT('',(2.309369783577,2.192026913767));
#4668 = CARTESIAN_POINT('',(2.454964158937,2.167040737026));
#4669 = CARTESIAN_POINT('',(2.606350459844,2.135758965838));
#4670 = CARTESIAN_POINT('',(2.859198719118,2.083638835297));
#4671 = CARTESIAN_POINT('',(2.957359123793,2.063430621825));
#4672 = CARTESIAN_POINT('',(3.059687726739,2.04339230215));
#4673 = CARTESIAN_POINT('',(3.165336144976,2.025197914259));
#4674 = CARTESIAN_POINT('',(3.273744190911,2.01064733298));
#4675 = CARTESIAN_POINT('',(3.384532838734,2.001257441566));
#4676 = CARTESIAN_POINT('',(3.497446164037,1.997910057548));
#4677 = CARTESIAN_POINT('',(3.740440577192,2.00391028796));
#4678 = CARTESIAN_POINT('',(3.863726274917,2.014584842324));
#4679 = CARTESIAN_POINT('',(3.98281027803,2.031467050882));
#4680 = CARTESIAN_POINT('',(4.097996672232,2.052564667308));
#4681 = CARTESIAN_POINT('',(4.209382094478,2.075673969808));
#4682 = CARTESIAN_POINT('',(4.316873495279,2.098777774204));
#4683 = CARTESIAN_POINT('',(4.420143319382,2.120322498368));
#4684 = CARTESIAN_POINT('',(4.658319996859,2.166330574604));
#4685 = CARTESIAN_POINT('',(4.792643696578,2.189057441157));
#4686 = CARTESIAN_POINT('',(4.923466738993,2.205091550986));
#4687 = CARTESIAN_POINT('',(5.0522712065,2.21321931333));
#4688 = CARTESIAN_POINT('',(5.180440347629,2.212999074406));
#4689 = CARTESIAN_POINT('',(5.309353332391,2.204528641906));
#4690 = CARTESIAN_POINT('',(5.440490407543,2.188475735449));
#4691 = CARTESIAN_POINT('',(5.620960844266,2.159077745413));
#4692 = CARTESIAN_POINT('',(5.666550714154,2.151060798458));
#4693 = CARTESIAN_POINT('',(5.712659235819,2.142440443523));
#4694 = CARTESIAN_POINT('',(5.759353469776,2.1332902498));
#4695 = CARTESIAN_POINT('',(5.806702155371,2.123698553932));
#4696 = CARTESIAN_POINT('',(5.854777166121,2.113770369166));
#4697 = CARTESIAN_POINT('',(5.903654965045,2.103629294512));
#4698 = CARTESIAN_POINT('',(5.992548083154,2.085391135579));
#4699 = CARTESIAN_POINT('',(6.032252882901,2.077314738082));
#4700 = CARTESIAN_POINT('',(6.07254040075,2.069266726072));
#4701 = CARTESIAN_POINT('',(6.113420544165,2.061331944688));
#4702 = CARTESIAN_POINT('',(6.154906096852,2.053602055305));
#4703 = CARTESIAN_POINT('',(6.197013629043,2.046174001307));
#4704 = CARTESIAN_POINT('',(6.239764407776,2.039148473864));
#4705 = CARTESIAN_POINT('',(6.28318530718,2.032628377695));
#4706 = ( GEOMETRIC_REPRESENTATION_CONTEXT(2) 
PARAMETRIC_REPRESENTATION_CONTEXT() REPRESENTATION_CONTEXT('2D SPACE',''
  ) );
#4707 = FACE_BOUND('',#4708,.T.);
#4708 = EDGE_LOOP('',(#4709));
#4709 = ORIENTED_EDGE('',*,*,#4710,.F.);
#4710 = EDGE_CURVE('',#4711,#4711,#4713,.T.);
#4711 = VERTEX_POINT('',#4712);
#4712 = CARTESIAN_POINT('',(-33.10499105318,27.238661551097,
    18.349506389115));
#4713 = SURFACE_CURVE('',#4714,(#4773,#4835),.PCURVE_S1.);
#4714 = B_SPLINE_CURVE_WITH_KNOTS('',8,(#4715,#4716,#4717,#4718,#4719,
    #4720,#4721,#4722,#4723,#4724,#4725,#4726,#4727,#4728,#4729,#4730,
    #4731,#4732,#4733,#4734,#4735,#4736,#4737,#4738,#4739,#4740,#4741,
    #4742,#4743,#4744,#4745,#4746,#4747,#4748,#4749,#4750,#4751,#4752,
    #4753,#4754,#4755,#4756,#4757,#4758,#4759,#4760,#4761,#4762,#4763,
    #4764,#4765,#4766,#4767,#4768,#4769,#4770,#4771,#4772),
  .UNSPECIFIED.,.T.,.F.,(9,7,7,7,7,7,7,7,9),(0.,0.106533333055,
    0.237177775225,0.444096127939,0.563837349366,0.697370324452,
    0.887011458749,0.950263366657,1.),.UNSPECIFIED.);
#4715 = CARTESIAN_POINT('',(-33.10499105318,27.238661551096,
    18.349506389115));
#4716 = CARTESIAN_POINT('',(-33.10092656086,27.252074375751,
    18.106836776921));
#4717 = CARTESIAN_POINT('',(-33.12227020703,27.270895954252,
    17.853627449046));
#4718 = CARTESIAN_POINT('',(-33.17319662751,27.294925668874,
    17.597406951737));
#4719 = CARTESIAN_POINT('',(-33.25510836704,27.323368167419,
    17.345742422442));
#4720 = CARTESIAN_POINT('',(-33.36675263861,27.355316090949,
    17.105824892995));
#4721 = CARTESIAN_POINT('',(-33.50442682104,27.38998604927,
    16.88391053275));
#4722 = CARTESIAN_POINT('',(-33.66222823912,27.426674704649,
    16.684736336005));
#4723 = CARTESIAN_POINT('',(-34.04087157111,27.51066751729,
    16.298006889902));
#4724 = CARTESIAN_POINT('',(-34.26809460701,27.558539701925,
    16.123082534443));
#4725 = CARTESIAN_POINT('',(-34.50647134878,27.607765817375,
    15.984344411306));
#4726 = CARTESIAN_POINT('',(-34.7504079726,27.658454927474,
    15.87941658417));
#4727 = CARTESIAN_POINT('',(-34.9956404227,27.710712694747,
    15.805835890984));
#4728 = CARTESIAN_POINT('',(-35.23892050099,27.764553891524,
    15.761239244063));
#4729 = CARTESIAN_POINT('',(-35.47781312768,27.819929841097,
    15.743467493758));
#4730 = CARTESIAN_POINT('',(-36.07891179192,27.966635319936,
    15.762135796439));
#4731 = CARTESIAN_POINT('',(-36.43249807452,28.060280246597,
    15.836308120704));
#4732 = CARTESIAN_POINT('',(-36.76564684878,28.157631372729,
    15.966488460268));
#4733 = CARTESIAN_POINT('',(-37.07420169414,28.257919339714,
    16.149654260337));
#4734 = CARTESIAN_POINT('',(-37.35312068329,28.359417163839,
    16.384609906937));
#4735 = CARTESIAN_POINT('',(-37.5956399393,28.459016039275,
    16.671219740145));
#4736 = CARTESIAN_POINT('',(-37.79244012236,28.551338951082,
    17.009532703467));
#4737 = CARTESIAN_POINT('',(-38.00781245056,28.671063900543,
    17.621234560628));
#4738 = CARTESIAN_POINT('',(-38.06870152517,28.710630807327,
    17.868058946151));
#4739 = CARTESIAN_POINT('',(-38.10489922871,28.742537957503,
    18.133322622386));
#4740 = CARTESIAN_POINT('',(-38.11159794192,28.763579285359,
    18.411743712986));
#4741 = CARTESIAN_POINT('',(-38.08565951833,28.770923138437,
    18.697207493575));
#4742 = CARTESIAN_POINT('',(-38.02540991015,28.762477229969,
    18.983078829196));
#4743 = CARTESIAN_POINT('',(-37.93046106309,28.737202551819,
    19.26250945906));
#4744 = CARTESIAN_POINT('',(-37.65797467766,28.648361246511,
    19.825578975554));
#4745 = CARTESIAN_POINT('',(-37.48034197762,28.583379255738,
    20.08913764062));
#4746 = CARTESIAN_POINT('',(-37.27675130587,28.504044801332,
    20.316340229611));
#4747 = CARTESIAN_POINT('',(-37.05428317377,28.414585201817,
    20.505723446509));
#4748 = CARTESIAN_POINT('',(-36.8195501596,28.31930694966,
    20.657108669787));
#4749 = CARTESIAN_POINT('',(-36.57886842015,28.222231798477,
    20.771570859863));
#4750 = CARTESIAN_POINT('',(-36.33827039444,28.1268111065,
    20.851529901294));
#4751 = CARTESIAN_POINT('',(-35.77006516189,27.906553613861,
    20.970812550579));
#4752 = CARTESIAN_POINT('',(-35.43798324623,27.782175303982,
    20.981127062932));
#4753 = CARTESIAN_POINT('',(-35.11341634438,27.667067568883,
    20.938408438219));
#4754 = CARTESIAN_POINT('',(-34.80026114925,27.563679312177,
    20.847275917761));
#4755 = CARTESIAN_POINT('',(-34.50196801757,27.473517582938,
    20.710708722505));
#4756 = CARTESIAN_POINT('',(-34.22228479367,27.397615891789,
    20.530300109052));
#4757 = CARTESIAN_POINT('',(-33.96600190555,27.336728179719,
    20.306512259033));
#4758 = CARTESIAN_POINT('',(-33.66566431991,27.276434909077,
    19.949865878669));
#4759 = CARTESIAN_POINT('',(-33.59402629388,27.263103368798,
    19.855836355226));
#4760 = CARTESIAN_POINT('',(-33.52615997282,27.251545272861,
    19.75698780221));
#4761 = CARTESIAN_POINT('',(-33.46239709118,27.241784273907,
    19.653331774499));
#4762 = CARTESIAN_POINT('',(-33.40311453293,27.233842276786,
    19.544891361035));
#4763 = CARTESIAN_POINT('',(-33.34873905934,27.22773887515,
    19.431709662403));
#4764 = CARTESIAN_POINT('',(-33.29975203684,27.223490788048,
    19.313858268408));
#4765 = CARTESIAN_POINT('',(-33.22283663126,27.219240239942,
    19.095189552093));
#4766 = CARTESIAN_POINT('',(-33.19262135069,27.21852316594,
    18.996045990549));
#4767 = CARTESIAN_POINT('',(-33.16635026615,27.218971642709,
    18.894144879456));
#4768 = CARTESIAN_POINT('',(-33.14432940145,27.220589749587,
    18.789639687458));
#4769 = CARTESIAN_POINT('',(-33.12686849702,27.223375569841,
    18.682708085886));
#4770 = CARTESIAN_POINT('',(-33.11428064583,27.22732268346,
    18.57355251122));
#4771 = CARTESIAN_POINT('',(-33.10688192929,27.232421659943,
    18.462400727565));
#4772 = CARTESIAN_POINT('',(-33.10499105318,27.238661551096,
    18.349506389115));
#4773 = PCURVE('',#493,#4774);
#4774 = DEFINITIONAL_REPRESENTATION('',(#4775),#4834);
#4775 = B_SPLINE_CURVE_WITH_KNOTS('',8,(#4776,#4777,#4778,#4779,#4780,
    #4781,#4782,#4783,#4784,#4785,#4786,#4787,#4788,#4789,#4790,#4791,
    #4792,#4793,#4794,#4795,#4796,#4797,#4798,#4799,#4800,#4801,#4802,
    #4803,#4804,#4805,#4806,#4807,#4808,#4809,#4810,#4811,#4812,#4813,
    #4814,#4815,#4816,#4817,#4818,#4819,#4820,#4821,#4822,#4823,#4824,
    #4825,#4826,#4827,#4828,#4829,#4830,#4831,#4832,#4833),
  .UNSPECIFIED.,.T.,.F.,(9,7,7,7,7,7,7,7,9),(0.,0.106533333055,
    0.237177775225,0.444096127939,0.563837349366,0.697370324452,
    0.887011458749,0.950263366657,1.),.UNSPECIFIED.);
#4776 = CARTESIAN_POINT('',(4.529194340977,43.615817090259));
#4777 = CARTESIAN_POINT('',(4.542707513837,43.519015620707));
#4778 = CARTESIAN_POINT('',(4.55742147412,43.441746013927));
#4779 = CARTESIAN_POINT('',(4.573012075308,43.390621671324));
#4780 = CARTESIAN_POINT('',(4.589088459576,43.369680481996));
#4781 = CARTESIAN_POINT('',(4.605223385974,43.38045023959));
#4782 = CARTESIAN_POINT('',(4.620986180703,43.421968848612));
#4783 = CARTESIAN_POINT('',(4.635975920299,43.490758765263));
#4784 = CARTESIAN_POINT('',(4.666869598198,43.691119854818));
#4785 = CARTESIAN_POINT('',(4.682228675809,43.833480556306));
#4786 = CARTESIAN_POINT('',(4.695861493171,44.000424412923));
#4787 = CARTESIAN_POINT('',(4.707766583262,44.186123605692));
#4788 = CARTESIAN_POINT('',(4.717975694501,44.385881601166));
#4789 = CARTESIAN_POINT('',(4.726538021379,44.595909116475));
#4790 = CARTESIAN_POINT('',(4.733511305413,44.813194927271));
#4791 = CARTESIAN_POINT('',(4.747561194076,45.387171083851));
#4792 = CARTESIAN_POINT('',(4.752340348867,45.751964096428));
#4793 = CARTESIAN_POINT('',(4.753515204536,46.122148790975));
#4794 = CARTESIAN_POINT('',(4.751144767286,46.492667251402));
#4795 = CARTESIAN_POINT('',(4.745170015606,46.858158559114));
#4796 = CARTESIAN_POINT('',(4.735433346511,47.211805981636));
#4797 = CARTESIAN_POINT('',(4.721705581127,47.544020593194));
#4798 = CARTESIAN_POINT('',(4.693355967481,48.008876461892));
#4799 = CARTESIAN_POINT('',(4.681263279903,48.171292844461));
#4800 = CARTESIAN_POINT('',(4.667530462597,48.317358927267));
#4801 = CARTESIAN_POINT('',(4.652323857971,48.439896057959));
#4802 = CARTESIAN_POINT('',(4.635893183553,48.532958033165));
#4803 = CARTESIAN_POINT('',(4.618549860858,48.591872550788));
#4804 = CARTESIAN_POINT('',(4.600649095484,48.613290964607));
#4805 = CARTESIAN_POINT('',(4.562427194868,48.575144706981));
#4806 = CARTESIAN_POINT('',(4.543209065261,48.507110081705));
#4807 = CARTESIAN_POINT('',(4.525294121036,48.397975784073));
#4808 = CARTESIAN_POINT('',(4.508950631886,48.254496044547));
#4809 = CARTESIAN_POINT('',(4.494374123653,48.083547957206));
#4810 = CARTESIAN_POINT('',(4.481687445065,47.892172815802));
#4811 = CARTESIAN_POINT('',(4.470928829605,47.687547732939));
#4812 = CARTESIAN_POINT('',(4.449427297595,47.177907269686));
#4813 = CARTESIAN_POINT('',(4.440197104174,46.857515084967));
#4814 = CARTESIAN_POINT('',(4.434175901257,46.525028292418));
#4815 = CARTESIAN_POINT('',(4.431228483897,46.186360446568));
#4816 = CARTESIAN_POINT('',(4.431286174081,45.846128724044));
#4817 = CARTESIAN_POINT('',(4.434352691696,45.508532577415));
#4818 = CARTESIAN_POINT('',(4.440509812756,45.178160879388));
#4819 = CARTESIAN_POINT('',(4.453085798203,44.756287943427));
#4820 = CARTESIAN_POINT('',(4.456594353726,44.65236556416));
#4821 = CARTESIAN_POINT('',(4.460471955427,44.550302475588));
#4822 = CARTESIAN_POINT('',(4.464725185004,44.450400702257));
#4823 = CARTESIAN_POINT('',(4.469360957689,44.353006027403));
#4824 = CARTESIAN_POINT('',(4.474386185685,44.258515373917));
#4825 = CARTESIAN_POINT('',(4.479807441597,44.167384185308));
#4826 = CARTESIAN_POINT('',(4.490209541185,44.011526546663));
#4827 = CARTESIAN_POINT('',(4.495040167996,43.945270776011));
#4828 = CARTESIAN_POINT('',(4.50012200644,43.881686340693));
#4829 = CARTESIAN_POINT('',(4.505453313291,43.821104106467));
#4830 = CARTESIAN_POINT('',(4.511031091505,43.763866260693));
#4831 = CARTESIAN_POINT('',(4.516851083763,43.710326614171));
#4832 = CARTESIAN_POINT('',(4.522907766006,43.66085090297));
#4833 = CARTESIAN_POINT('',(4.529194340977,43.615817090259));
#4834 = ( GEOMETRIC_REPRESENTATION_CONTEXT(2) 
PARAMETRIC_REPRESENTATION_CONTEXT() REPRESENTATION_CONTEXT('2D SPACE',''
  ) );
#4835 = PCURVE('',#4836,#4841);
#4836 = CYLINDRICAL_SURFACE('',#4837,2.6);
#4837 = AXIS2_PLACEMENT_3D('',#4838,#4839,#4840);
#4838 = CARTESIAN_POINT('',(-45.73405086878,-5.471947222609,
    18.349506389115));
#4839 = DIRECTION('',(0.290007395283,0.957024404433,-0.));
#4840 = DIRECTION('',(0.957024404433,-0.290007395283,0.));
#4841 = DEFINITIONAL_REPRESENTATION('',(#4842),#4901);
#4842 = B_SPLINE_CURVE_WITH_KNOTS('',8,(#4843,#4844,#4845,#4846,#4847,
    #4848,#4849,#4850,#4851,#4852,#4853,#4854,#4855,#4856,#4857,#4858,
    #4859,#4860,#4861,#4862,#4863,#4864,#4865,#4866,#4867,#4868,#4869,
    #4870,#4871,#4872,#4873,#4874,#4875,#4876,#4877,#4878,#4879,#4880,
    #4881,#4882,#4883,#4884,#4885,#4886,#4887,#4888,#4889,#4890,#4891,
    #4892,#4893,#4894,#4895,#4896,#4897,#4898,#4899,#4900),
  .UNSPECIFIED.,.F.,.F.,(9,7,7,7,7,7,7,7,9),(0.,0.106533333055,
    0.237177775225,0.444096127939,0.563837349366,0.697370324452,
    0.887011458749,0.950263366657,1.),.UNSPECIFIED.);
#4843 = CARTESIAN_POINT('',(-8.881784197001E-16,34.967371622305));
#4844 = CARTESIAN_POINT('',(9.333446622865E-02,34.981386755663));
#4845 = CARTESIAN_POINT('',(0.190722807047,34.993209650387));
#4846 = CARTESIAN_POINT('',(0.290507331279,35.001437635159));
#4847 = CARTESIAN_POINT('',(0.39147261251,35.004902790166));
#4848 = CARTESIAN_POINT('',(0.492574229577,35.003100068256));
#4849 = CARTESIAN_POINT('',(0.592779752761,34.996353533426));
#4850 = CARTESIAN_POINT('',(0.69091369699,34.985701893761));
#4851 = CARTESIAN_POINT('',(0.901266784547,34.956275698805));
#4852 = CARTESIAN_POINT('',(1.011757081485,34.936194187004));
#4853 = CARTESIAN_POINT('',(1.117782883856,34.914173762849));
#4854 = CARTESIAN_POINT('',(1.22000152988,34.891941053365));
#4855 = CARTESIAN_POINT('',(1.318957246978,34.870833787874));
#4856 = CARTESIAN_POINT('',(1.415137701465,34.851808105322));
#4857 = CARTESIAN_POINT('',(1.508997690373,34.835523612064));
#4858 = CARTESIAN_POINT('',(1.746726055332,34.801601277654));
#4859 = CARTESIAN_POINT('',(1.888120378644,34.788679120994));
#4860 = CARTESIAN_POINT('',(2.027765239673,34.785230916236));
#4861 = CARTESIAN_POINT('',(2.167591716622,34.79172576111));
#4862 = CARTESIAN_POINT('',(2.309369783636,34.807973086256));
#4863 = CARTESIAN_POINT('',(2.454964158881,34.83295926296));
#4864 = CARTESIAN_POINT('',(2.606350459863,34.864241034166));
#4865 = CARTESIAN_POINT('',(2.859198719118,34.916361164703));
#4866 = CARTESIAN_POINT('',(2.957359123793,34.936569378175));
#4867 = CARTESIAN_POINT('',(3.05968772674,34.956607697851));
#4868 = CARTESIAN_POINT('',(3.165336144976,34.974802085741));
#4869 = CARTESIAN_POINT('',(3.273744190911,34.98935266702));
#4870 = CARTESIAN_POINT('',(3.384532838735,34.998742558434));
#4871 = CARTESIAN_POINT('',(3.497446164037,35.002089942452));
#4872 = CARTESIAN_POINT('',(3.740440577192,34.99608971204));
#4873 = CARTESIAN_POINT('',(3.863726274917,34.985415157676));
#4874 = CARTESIAN_POINT('',(3.98281027803,34.968532949118));
#4875 = CARTESIAN_POINT('',(4.097996672232,34.947435332693));
#4876 = CARTESIAN_POINT('',(4.209382094478,34.924326030192));
#4877 = CARTESIAN_POINT('',(4.316873495279,34.901222225796));
#4878 = CARTESIAN_POINT('',(4.420143319382,34.879677501632));
#4879 = CARTESIAN_POINT('',(4.658319996852,34.833669425397));
#4880 = CARTESIAN_POINT('',(4.792643696582,34.810942558841));
#4881 = CARTESIAN_POINT('',(4.923466738999,34.794908449014));
#4882 = CARTESIAN_POINT('',(5.0522712065,34.786780686671));
#4883 = CARTESIAN_POINT('',(5.180440347625,34.787000925594));
#4884 = CARTESIAN_POINT('',(5.30935333239,34.795471358094));
#4885 = CARTESIAN_POINT('',(5.440490407545,34.811524264551));
#4886 = CARTESIAN_POINT('',(5.620960840909,34.840922254041));
#4887 = CARTESIAN_POINT('',(5.666550716294,34.848939201979));
#4888 = CARTESIAN_POINT('',(5.712659239306,34.857559557097));
#4889 = CARTESIAN_POINT('',(5.759353469603,34.866709750105));
#4890 = CARTESIAN_POINT('',(5.806702151694,34.876301445344));
#4891 = CARTESIAN_POINT('',(5.854777164149,34.886229630491));
#4892 = CARTESIAN_POINT('',(5.903654968811,34.896370706261));
#4893 = CARTESIAN_POINT('',(5.992548083154,34.914608864421));
#4894 = CARTESIAN_POINT('',(6.032252882901,34.922685261918));
#4895 = CARTESIAN_POINT('',(6.07254040075,34.930733273928));
#4896 = CARTESIAN_POINT('',(6.113420544165,34.938668055312));
#4897 = CARTESIAN_POINT('',(6.154906096852,34.946397944695));
#4898 = CARTESIAN_POINT('',(6.197013629043,34.953825998693));
#4899 = CARTESIAN_POINT('',(6.239764407776,34.960851526136));
#4900 = CARTESIAN_POINT('',(6.28318530718,34.967371622305));
#4901 = ( GEOMETRIC_REPRESENTATION_CONTEXT(2) 
PARAMETRIC_REPRESENTATION_CONTEXT() REPRESENTATION_CONTEXT('2D SPACE',''
  ) );
#4902 = ADVANCED_FACE('',(#4903,#5926,#6097),#227,.T.);
#4903 = FACE_BOUND('',#4904,.T.);
#4904 = EDGE_LOOP('',(#4905,#5030,#5031,#5032,#5055,#5082,#5083,#5084,
    #5085,#5107,#5108,#5109,#5276,#5602));
#4905 = ORIENTED_EDGE('',*,*,#4906,.F.);
#4906 = EDGE_CURVE('',#1937,#4907,#4909,.T.);
#4907 = VERTEX_POINT('',#4908);
#4908 = CARTESIAN_POINT('',(-12.65424221987,26.764099416657,
    10.588680456109));
#4909 = SURFACE_CURVE('',#4910,(#4948,#4989),.PCURVE_S1.);
#4910 = B_SPLINE_CURVE_WITH_KNOTS('',8,(#4911,#4912,#4913,#4914,#4915,
    #4916,#4917,#4918,#4919,#4920,#4921,#4922,#4923,#4924,#4925,#4926,
    #4927,#4928,#4929,#4930,#4931,#4932,#4933,#4934,#4935,#4936,#4937,
    #4938,#4939,#4940,#4941,#4942,#4943,#4944,#4945,#4946,#4947),
  .UNSPECIFIED.,.F.,.F.,(9,7,7,7,7,9),(0.,9.440607509035E-02,
    0.286026642312,0.553027784324,0.913981576681,1.),.UNSPECIFIED.);
#4911 = CARTESIAN_POINT('',(-12.97449586039,12.990380456767,
    10.193745983136));
#4912 = CARTESIAN_POINT('',(-12.86523721836,13.175793487346,
    10.33280926772));
#4913 = CARTESIAN_POINT('',(-12.76177550881,13.36592452909,
    10.460987807665));
#4914 = CARTESIAN_POINT('',(-12.66406616855,13.559839912468,
    10.579180804313));
#4915 = CARTESIAN_POINT('',(-12.57198983444,13.756790586558,
    10.688217587748));
#4916 = CARTESIAN_POINT('',(-12.48537348676,13.956195757086,
    10.788859704291));
#4917 = CARTESIAN_POINT('',(-12.40400977394,14.157627029064,
    10.8818020754));
#4918 = CARTESIAN_POINT('',(-12.32767451853,14.360793054013,
    10.967673227949));
#4919 = CARTESIAN_POINT('',(-12.11095021971,14.981078348296,
    11.20811819495));
#4920 = CARTESIAN_POINT('',(-11.98534752125,15.403649134727,
    11.342603008678));
#4921 = CARTESIAN_POINT('',(-11.87815843552,15.830090522299,
    11.454374353111));
#4922 = CARTESIAN_POINT('',(-11.78796452701,16.258311649463,
    11.546574118542));
#4923 = CARTESIAN_POINT('',(-11.71332405079,16.687091004266,
    11.621747606514));
#4924 = CARTESIAN_POINT('',(-11.6529113343,17.115944423733,
    11.681931299303));
#4925 = CARTESIAN_POINT('',(-11.60560079064,17.545038863937,
    11.728702043079));
#4926 = CARTESIAN_POINT('',(-11.52163912436,18.574444435519,
    11.811288369356));
#4927 = CARTESIAN_POINT('',(-11.49661189372,19.174369841684,
    11.835449073073));
#4928 = CARTESIAN_POINT('',(-11.49322615431,19.772940814999,
    11.838652704328));
#4929 = CARTESIAN_POINT('',(-11.50948703094,20.369042106756,
    11.822972583157));
#4930 = CARTESIAN_POINT('',(-11.54376395579,20.962266602195,
    11.789775068467));
#4931 = CARTESIAN_POINT('',(-11.59484733947,21.55270767977,
    11.739800018282));
#4932 = CARTESIAN_POINT('',(-11.66194299501,22.140689756838,
    11.673172022572));
#4933 = CARTESIAN_POINT('',(-11.85641854715,23.518275093553,
    11.476091172125));
#4934 = CARTESIAN_POINT('',(-11.99316624835,24.280959453033,
    11.335014418215));
#4935 = CARTESIAN_POINT('',(-12.15279945638,25.030471391331,
    11.166192904872));
#4936 = CARTESIAN_POINT('',(-12.33782436498,25.780838295973,
    10.964519175655));
#4937 = CARTESIAN_POINT('',(-12.55243209555,26.537811014762,
    10.721712056708));
#4938 = CARTESIAN_POINT('',(-12.80037250373,27.29511164018,10.4272644995
    ));
#4939 = CARTESIAN_POINT('',(-13.08256294528,28.031347256874,
    10.068926209869));
#4940 = CARTESIAN_POINT('',(-13.46972833562,28.866394847155,
    9.530619190588));
#4941 = CARTESIAN_POINT('',(-13.54626136603,29.02421675243,
    9.422277734527));
#4942 = CARTESIAN_POINT('',(-13.62539788389,29.179864002275,
    9.308117419197));
#4943 = CARTESIAN_POINT('',(-13.70763572409,29.333494885766,
    9.187062680056));
#4944 = CARTESIAN_POINT('',(-13.79336969794,29.484703132395,
    9.058049048056));
#4945 = CARTESIAN_POINT('',(-13.88287187682,29.632500683032,
    8.920037484774));
#4946 = CARTESIAN_POINT('',(-13.97627377634,29.775300309851,
    8.772029320205));
#4947 = CARTESIAN_POINT('',(-14.07355044128,29.910898085225,
    8.613081793211));
#4948 = PCURVE('',#227,#4949);
#4949 = DEFINITIONAL_REPRESENTATION('',(#4950),#4988);
#4950 = B_SPLINE_CURVE_WITH_KNOTS('',8,(#4951,#4952,#4953,#4954,#4955,
    #4956,#4957,#4958,#4959,#4960,#4961,#4962,#4963,#4964,#4965,#4966,
    #4967,#4968,#4969,#4970,#4971,#4972,#4973,#4974,#4975,#4976,#4977,
    #4978,#4979,#4980,#4981,#4982,#4983,#4984,#4985,#4986,#4987),
  .UNSPECIFIED.,.F.,.F.,(9,7,7,7,7,9),(0.,9.440607509035E-02,
    0.286026642312,0.553027784324,0.913981576681,1.),.UNSPECIFIED.);
#4951 = CARTESIAN_POINT('',(5.378334353511,12.990380456767));
#4952 = CARTESIAN_POINT('',(5.38905255683,13.175793487346));
#4953 = CARTESIAN_POINT('',(5.399034980884,13.36592452909));
#4954 = CARTESIAN_POINT('',(5.408328012631,13.559839912468));
#4955 = CARTESIAN_POINT('',(5.416976457456,13.756790586558));
#4956 = CARTESIAN_POINT('',(5.425023281572,13.956195757086));
#4957 = CARTESIAN_POINT('',(5.432509246254,14.157627029064));
#4958 = CARTESIAN_POINT('',(5.439472433932,14.360793054013));
#4959 = CARTESIAN_POINT('',(5.459090757469,14.981078348296));
#4960 = CARTESIAN_POINT('',(5.470241552768,15.403649134727));
#4961 = CARTESIAN_POINT('',(5.479626095627,15.8300905223));
#4962 = CARTESIAN_POINT('',(5.487442548195,16.258311649463));
#4963 = CARTESIAN_POINT('',(5.493862616687,16.687091004266));
#4964 = CARTESIAN_POINT('',(5.499030736931,17.115944423733));
#4965 = CARTESIAN_POINT('',(5.503062634762,17.545038863938));
#4966 = CARTESIAN_POINT('',(5.510200285085,18.574444435519));
#4967 = CARTESIAN_POINT('',(5.512308471404,19.174369841684));
#4968 = CARTESIAN_POINT('',(5.512591000842,19.772940814999));
#4969 = CARTESIAN_POINT('',(5.511221934686,20.369042106756));
#4970 = CARTESIAN_POINT('',(5.508329914543,20.962266602196));
#4971 = CARTESIAN_POINT('',(5.503998938298,21.55270767977));
#4972 = CARTESIAN_POINT('',(5.498268472109,22.140689756838));
#4973 = CARTESIAN_POINT('',(5.481487968095,23.518275093553));
#4974 = CARTESIAN_POINT('',(5.469580851209,24.280959453033));
#4975 = CARTESIAN_POINT('',(5.455501213507,25.030471391332));
#4976 = CARTESIAN_POINT('',(5.438918213886,25.78083829597));
#4977 = CARTESIAN_POINT('',(5.419286434437,26.537811014765));
#4978 = CARTESIAN_POINT('',(5.395972938075,27.295111640179));
#4979 = CARTESIAN_POINT('',(5.368356040312,28.031347256874));
#4980 = CARTESIAN_POINT('',(5.328169538163,28.866394847155));
#4981 = CARTESIAN_POINT('',(5.320130627256,29.02421675243));
#4982 = CARTESIAN_POINT('',(5.311712585486,29.179864002275));
#4983 = CARTESIAN_POINT('',(5.302843929102,29.333494885766));
#4984 = CARTESIAN_POINT('',(5.293456965079,29.484703132395));
#4985 = CARTESIAN_POINT('',(5.283488924208,29.632500683032));
#4986 = CARTESIAN_POINT('',(5.272882941052,29.775300309851));
#4987 = CARTESIAN_POINT('',(5.261588880775,29.910898085225));
#4988 = ( GEOMETRIC_REPRESENTATION_CONTEXT(2) 
PARAMETRIC_REPRESENTATION_CONTEXT() REPRESENTATION_CONTEXT('2D SPACE',''
  ) );
#4989 = PCURVE('',#2180,#4990);
#4990 = DEFINITIONAL_REPRESENTATION('',(#4991),#5029);
#4991 = B_SPLINE_CURVE_WITH_KNOTS('',8,(#4992,#4993,#4994,#4995,#4996,
    #4997,#4998,#4999,#5000,#5001,#5002,#5003,#5004,#5005,#5006,#5007,
    #5008,#5009,#5010,#5011,#5012,#5013,#5014,#5015,#5016,#5017,#5018,
    #5019,#5020,#5021,#5022,#5023,#5024,#5025,#5026,#5027,#5028),
  .UNSPECIFIED.,.F.,.F.,(9,7,7,7,7,9),(0.,9.440607509035E-02,
    0.286026642312,0.553027784324,0.913981576681,1.),.UNSPECIFIED.);
#4992 = CARTESIAN_POINT('',(4.194538976922,20.1246114102));
#4993 = CARTESIAN_POINT('',(4.232299140146,20.244295003576));
#4994 = CARTESIAN_POINT('',(4.268755013186,20.368162855238));
#4995 = CARTESIAN_POINT('',(4.304003245,20.495686821618));
#4996 = CARTESIAN_POINT('',(4.338133568486,20.626423722612));
#4997 = CARTESIAN_POINT('',(4.371232045887,20.760014938551));
#4998 = CARTESIAN_POINT('',(4.403383036042,20.896185140849));
#4999 = CARTESIAN_POINT('',(4.434669883515,21.03474015637));
#5000 = CARTESIAN_POINT('',(4.527090676107,21.461400847833));
#5001 = CARTESIAN_POINT('',(4.585868399713,21.756974724638));
#5002 = CARTESIAN_POINT('',(4.641913898874,22.06014675223));
#5003 = CARTESIAN_POINT('',(4.695575461557,22.369280156412));
#5004 = CARTESIAN_POINT('',(4.747177907149,22.683255048792));
#5005 = CARTESIAN_POINT('',(4.797035072537,23.001465765076));
#5006 = CARTESIAN_POINT('',(4.845455808582,23.323813072337));
#5007 = CARTESIAN_POINT('',(4.958670903739,24.106187799513));
#5008 = CARTESIAN_POINT('',(5.022266097709,24.569476859884));
#5009 = CARTESIAN_POINT('',(5.083978658094,25.038528786929));
#5010 = CARTESIAN_POINT('',(5.144200198744,25.511874601631));
#5011 = CARTESIAN_POINT('',(5.203310956342,25.988625726071));
#5012 = CARTESIAN_POINT('',(5.261691421728,26.468363434616));
#5013 = CARTESIAN_POINT('',(5.319728861436,26.950926949852));
#5014 = CARTESIAN_POINT('',(5.456382698315,28.092035709399));
#5015 = CARTESIAN_POINT('',(5.532568336922,28.731995313713));
#5016 = CARTESIAN_POINT('',(5.608875314299,29.367398005817));
#5017 = CARTESIAN_POINT('',(5.687515220121,30.009365428442));
#5018 = CARTESIAN_POINT('',(5.770337942536,30.662655076318));
#5019 = CARTESIAN_POINT('',(5.858827226955,31.321757897683));
#5020 = CARTESIAN_POINT('',(5.954273333486,31.967250475241));
#5021 = CARTESIAN_POINT('',(6.082838682382,32.703409563209));
#5022 = CARTESIAN_POINT('',(6.108154097364,32.84274377896));
#5023 = CARTESIAN_POINT('',(6.134270097355,32.98034658735));
#5024 = CARTESIAN_POINT('',(6.161389172619,33.116347352763));
#5025 = CARTESIAN_POINT('',(6.189690377859,33.250376805813));
#5026 = CARTESIAN_POINT('',(6.219331770131,33.381546073057));
#5027 = CARTESIAN_POINT('',(6.250454035893,33.508426813376));
#5028 = CARTESIAN_POINT('',(6.28318530718,33.629032461026));
#5029 = ( GEOMETRIC_REPRESENTATION_CONTEXT(2) 
PARAMETRIC_REPRESENTATION_CONTEXT() REPRESENTATION_CONTEXT('2D SPACE',''
  ) );
#5030 = ORIENTED_EDGE('',*,*,#1936,.T.);
#5031 = ORIENTED_EDGE('',*,*,#239,.T.);
#5032 = ORIENTED_EDGE('',*,*,#5033,.T.);
#5033 = EDGE_CURVE('',#107,#5034,#5036,.T.);
#5034 = VERTEX_POINT('',#5035);
#5035 = CARTESIAN_POINT('',(0.,62.,16.5));
#5036 = SEAM_CURVE('',#5037,(#5041,#5048),.PCURVE_S1.);
#5037 = LINE('',#5038,#5039);
#5038 = CARTESIAN_POINT('',(0.,0.,16.5));
#5039 = VECTOR('',#5040,1.);
#5040 = DIRECTION('',(0.,1.,0.));
#5041 = PCURVE('',#227,#5042);
#5042 = DEFINITIONAL_REPRESENTATION('',(#5043),#5047);
#5043 = LINE('',#5044,#5045);
#5044 = CARTESIAN_POINT('',(0.,-0.));
#5045 = VECTOR('',#5046,1.);
#5046 = DIRECTION('',(0.,1.));
#5047 = ( GEOMETRIC_REPRESENTATION_CONTEXT(2) 
PARAMETRIC_REPRESENTATION_CONTEXT() REPRESENTATION_CONTEXT('2D SPACE',''
  ) );
#5048 = PCURVE('',#227,#5049);
#5049 = DEFINITIONAL_REPRESENTATION('',(#5050),#5054);
#5050 = LINE('',#5051,#5052);
#5051 = CARTESIAN_POINT('',(6.28318530718,-0.));
#5052 = VECTOR('',#5053,1.);
#5053 = DIRECTION('',(0.,1.));
#5054 = ( GEOMETRIC_REPRESENTATION_CONTEXT(2) 
PARAMETRIC_REPRESENTATION_CONTEXT() REPRESENTATION_CONTEXT('2D SPACE',''
  ) );
#5055 = ORIENTED_EDGE('',*,*,#5056,.F.);
#5056 = EDGE_CURVE('',#5034,#5034,#5057,.T.);
#5057 = SURFACE_CURVE('',#5058,(#5063,#5070),.PCURVE_S1.);
#5058 = CIRCLE('',#5059,16.5);
#5059 = AXIS2_PLACEMENT_3D('',#5060,#5061,#5062);
#5060 = CARTESIAN_POINT('',(0.,62.,0.));
#5061 = DIRECTION('',(0.,1.,0.));
#5062 = DIRECTION('',(0.,-0.,1.));
#5063 = PCURVE('',#227,#5064);
#5064 = DEFINITIONAL_REPRESENTATION('',(#5065),#5069);
#5065 = LINE('',#5066,#5067);
#5066 = CARTESIAN_POINT('',(0.,62.));
#5067 = VECTOR('',#5068,1.);
#5068 = DIRECTION('',(1.,0.));
#5069 = ( GEOMETRIC_REPRESENTATION_CONTEXT(2) 
PARAMETRIC_REPRESENTATION_CONTEXT() REPRESENTATION_CONTEXT('2D SPACE',''
  ) );
#5070 = PCURVE('',#5071,#5076);
#5071 = PLANE('',#5072);
#5072 = AXIS2_PLACEMENT_3D('',#5073,#5074,#5075);
#5073 = CARTESIAN_POINT('',(0.,62.,0.));
#5074 = DIRECTION('',(0.,1.,0.));
#5075 = DIRECTION('',(0.,-0.,1.));
#5076 = DEFINITIONAL_REPRESENTATION('',(#5077),#5081);
#5077 = CIRCLE('',#5078,16.5);
#5078 = AXIS2_PLACEMENT_2D('',#5079,#5080);
#5079 = CARTESIAN_POINT('',(0.,0.));
#5080 = DIRECTION('',(1.,0.));
#5081 = ( GEOMETRIC_REPRESENTATION_CONTEXT(2) 
PARAMETRIC_REPRESENTATION_CONTEXT() REPRESENTATION_CONTEXT('2D SPACE',''
  ) );
#5082 = ORIENTED_EDGE('',*,*,#5033,.F.);
#5083 = ORIENTED_EDGE('',*,*,#106,.T.);
#5084 = ORIENTED_EDGE('',*,*,#645,.T.);
#5085 = ORIENTED_EDGE('',*,*,#5086,.T.);
#5086 = EDGE_CURVE('',#623,#511,#5087,.T.);
#5087 = SURFACE_CURVE('',#5088,(#5093,#5100),.PCURVE_S1.);
#5088 = CIRCLE('',#5089,16.5);
#5089 = AXIS2_PLACEMENT_3D('',#5090,#5091,#5092);
#5090 = CARTESIAN_POINT('',(0.,22.,0.));
#5091 = DIRECTION('',(0.,1.,0.));
#5092 = DIRECTION('',(0.,-0.,1.));
#5093 = PCURVE('',#227,#5094);
#5094 = DEFINITIONAL_REPRESENTATION('',(#5095),#5099);
#5095 = LINE('',#5096,#5097);
#5096 = CARTESIAN_POINT('',(0.,22.));
#5097 = VECTOR('',#5098,1.);
#5098 = DIRECTION('',(1.,0.));
#5099 = ( GEOMETRIC_REPRESENTATION_CONTEXT(2) 
PARAMETRIC_REPRESENTATION_CONTEXT() REPRESENTATION_CONTEXT('2D SPACE',''
  ) );
#5100 = PCURVE('',#526,#5101);
#5101 = DEFINITIONAL_REPRESENTATION('',(#5102),#5106);
#5102 = CIRCLE('',#5103,16.5);
#5103 = AXIS2_PLACEMENT_2D('',#5104,#5105);
#5104 = CARTESIAN_POINT('',(34.,45.));
#5105 = DIRECTION('',(1.,0.));
#5106 = ( GEOMETRIC_REPRESENTATION_CONTEXT(2) 
PARAMETRIC_REPRESENTATION_CONTEXT() REPRESENTATION_CONTEXT('2D SPACE',''
  ) );
#5107 = ORIENTED_EDGE('',*,*,#949,.F.);
#5108 = ORIENTED_EDGE('',*,*,#973,.T.);
#5109 = ORIENTED_EDGE('',*,*,#5110,.F.);
#5110 = EDGE_CURVE('',#5111,#974,#5113,.T.);
#5111 = VERTEX_POINT('',#5112);
#5112 = CARTESIAN_POINT('',(-14.9955045383,30.631721564145,
    6.883664990774));
#5113 = SURFACE_CURVE('',#5114,(#5166,#5221),.PCURVE_S1.);
#5114 = B_SPLINE_CURVE_WITH_KNOTS('',8,(#5115,#5116,#5117,#5118,#5119,
    #5120,#5121,#5122,#5123,#5124,#5125,#5126,#5127,#5128,#5129,#5130,
    #5131,#5132,#5133,#5134,#5135,#5136,#5137,#5138,#5139,#5140,#5141,
    #5142,#5143,#5144,#5145,#5146,#5147,#5148,#5149,#5150,#5151,#5152,
    #5153,#5154,#5155,#5156,#5157,#5158,#5159,#5160,#5161,#5162,#5163,
    #5164,#5165),.UNSPECIFIED.,.F.,.F.,(9,7,7,7,7,7,7,9),(0.,
    9.428199230832E-02,0.158208338683,0.25574370474,0.522092826425,
    0.780525967977,0.920158160094,1.),.UNSPECIFIED.);
#5115 = CARTESIAN_POINT('',(-14.07355044128,29.910898085225,
    8.613081793211));
#5116 = CARTESIAN_POINT('',(-14.18858456326,30.071248679495,
    8.425119045734));
#5117 = CARTESIAN_POINT('',(-14.32068311803,30.237763121212,
    8.202830076817));
#5118 = CARTESIAN_POINT('',(-14.46439189926,30.392998803097,
    7.951215919365));
#5119 = CARTESIAN_POINT('',(-14.61525593955,30.522534933374,
    7.673869895023));
#5120 = CARTESIAN_POINT('',(-14.7691787337,30.614731061198,
    7.374376171465));
#5121 = CARTESIAN_POINT('',(-14.92253153981,30.6606451242,7.056499748353
    ));
#5122 = CARTESIAN_POINT('',(-15.07226226012,30.654033553755,
    6.724197815834));
#5123 = CARTESIAN_POINT('',(-15.31329559657,30.548801595876,
    6.149502952532));
#5124 = CARTESIAN_POINT('',(-15.4007527068,30.483606717644,5.92962343491
    ));
#5125 = CARTESIAN_POINT('',(-15.47926291611,30.400782050758,
    5.722124018916));
#5126 = CARTESIAN_POINT('',(-15.54979706501,30.304579501024,
    5.526782031384));
#5127 = CARTESIAN_POINT('',(-15.61328234769,30.198471830529,
    5.34312405965));
#5128 = CARTESIAN_POINT('',(-15.67058710256,30.085162670479,
    5.170444972048));
#5129 = CARTESIAN_POINT('',(-15.72251591763,29.966592987428,
    5.007828100899));
#5130 = CARTESIAN_POINT('',(-15.84198151309,29.656812807581,
    4.619718152234));
#5131 = CARTESIAN_POINT('',(-15.90463276454,29.456912162255,
    4.402013898509));
#5132 = CARTESIAN_POINT('',(-15.95926880536,29.249125705066,
    4.199984881171));
#5133 = CARTESIAN_POINT('',(-16.00721530942,29.036834137929,
    4.012218683502));
#5134 = CARTESIAN_POINT('',(-16.0496319337,28.821938457658,
    3.836993563364));
#5135 = CARTESIAN_POINT('',(-16.08752016537,28.604909128519,
    3.67234159727));
#5136 = CARTESIAN_POINT('',(-16.12173070653,28.384861196191,
    3.516140822875));
#5137 = CARTESIAN_POINT('',(-16.23827959635,27.544664252314,2.9568780277
    ));
#5138 = CARTESIAN_POINT('',(-16.30054678708,26.897589472683,
    2.598720942274));
#5139 = CARTESIAN_POINT('',(-16.34634110206,26.238304603358,
    2.287505023845));
#5140 = CARTESIAN_POINT('',(-16.38045281421,25.577101330801,
    2.017798760554));
#5141 = CARTESIAN_POINT('',(-16.40615752662,24.916807891258,
    1.784085951506));
#5142 = CARTESIAN_POINT('',(-16.42565321338,24.254539567277,
    1.581723690768));
#5143 = CARTESIAN_POINT('',(-16.44046059666,23.583615673405,
    1.407956529491));
#5144 = CARTESIAN_POINT('',(-16.46236370208,22.2291701793,1.122689986983
    ));
#5145 = CARTESIAN_POINT('',(-16.46946483932,21.559704873619,
    1.012250347782));
#5146 = CARTESIAN_POINT('',(-16.4739388929,20.887329525114,
    0.931524079374));
#5147 = CARTESIAN_POINT('',(-16.47642552408,20.211257182085,
    0.881414911301));
#5148 = CARTESIAN_POINT('',(-16.47724649574,19.53118158352,
    0.864085297545));
#5149 = CARTESIAN_POINT('',(-16.47640884847,18.847745342649,
    0.882975090932));
#5150 = CARTESIAN_POINT('',(-16.47338933519,18.162877653433,
    0.942817697472));
#5151 = CARTESIAN_POINT('',(-16.46289900462,17.111375671624,
    1.107385325427));
#5152 = CARTESIAN_POINT('',(-16.45811363076,16.743328925876,
    1.178808197522));
#5153 = CARTESIAN_POINT('',(-16.45196204448,16.375708840071,
    1.265009695781));
#5154 = CARTESIAN_POINT('',(-16.44407392459,16.008519594994,
    1.367339984411));
#5155 = CARTESIAN_POINT('',(-16.43394167082,15.642163646079,
    1.487407184791));
#5156 = CARTESIAN_POINT('',(-16.42086369893,15.277489337161,
    1.627058751704));
#5157 = CARTESIAN_POINT('',(-16.40385859468,14.915861414544,
    1.788354128109));
#5158 = CARTESIAN_POINT('',(-16.36879412043,14.355346184793,
    2.079411688526));
#5159 = CARTESIAN_POINT('',(-16.35429884691,14.152997181528,
    2.193145145827));
#5160 = CARTESIAN_POINT('',(-16.33779164082,13.952376331867,
    2.315262691209));
#5161 = CARTESIAN_POINT('',(-16.31894916013,13.753773148723,
    2.446340487785));
#5162 = CARTESIAN_POINT('',(-16.29738775738,13.557612362577,
    2.586985133246));
#5163 = CARTESIAN_POINT('',(-16.27265200022,13.364469019228,
    2.737820829259));
#5164 = CARTESIAN_POINT('',(-16.24420134114,13.175084070332,
    2.899475807951));
#5165 = CARTESIAN_POINT('',(-16.21139493659,12.990380456767,
    3.072568015493));
#5166 = PCURVE('',#227,#5167);
#5167 = DEFINITIONAL_REPRESENTATION('',(#5168),#5220);
#5168 = B_SPLINE_CURVE_WITH_KNOTS('',8,(#5169,#5170,#5171,#5172,#5173,
    #5174,#5175,#5176,#5177,#5178,#5179,#5180,#5181,#5182,#5183,#5184,
    #5185,#5186,#5187,#5188,#5189,#5190,#5191,#5192,#5193,#5194,#5195,
    #5196,#5197,#5198,#5199,#5200,#5201,#5202,#5203,#5204,#5205,#5206,
    #5207,#5208,#5209,#5210,#5211,#5212,#5213,#5214,#5215,#5216,#5217,
    #5218,#5219),.UNSPECIFIED.,.F.,.F.,(9,7,7,7,7,7,7,9),(0.,
    9.428199230832E-02,0.158208338683,0.25574370474,0.522092826425,
    0.780525967977,0.920158160094,1.),.UNSPECIFIED.);
#5169 = CARTESIAN_POINT('',(5.261588880775,29.910898085225));
#5170 = CARTESIAN_POINT('',(5.248233136021,30.071248679495));
#5171 = CARTESIAN_POINT('',(5.232563088052,30.237763121212));
#5172 = CARTESIAN_POINT('',(5.2150061775,30.392998803097));
#5173 = CARTESIAN_POINT('',(5.195880188884,30.522534933373));
#5174 = CARTESIAN_POINT('',(5.175484238677,30.614731061199));
#5175 = CARTESIAN_POINT('',(5.154106235218,30.6606451242));
#5176 = CARTESIAN_POINT('',(5.132024277795,30.654033553755));
#5177 = CARTESIAN_POINT('',(5.094254920462,30.548801595876));
#5178 = CARTESIAN_POINT('',(5.079915925965,30.483606717644));
#5179 = CARTESIAN_POINT('',(5.066473144764,30.400782050758));
#5180 = CARTESIAN_POINT('',(5.053888730276,30.304579501024));
#5181 = CARTESIAN_POINT('',(5.042113631654,30.198471830529));
#5182 = CARTESIAN_POINT('',(5.031088216227,30.085162670479));
#5183 = CARTESIAN_POINT('',(5.020742914372,29.966592987428));
#5184 = CARTESIAN_POINT('',(4.996131975854,29.656812807581));
#5185 = CARTESIAN_POINT('',(4.982404603624,29.456912162255));
#5186 = CARTESIAN_POINT('',(4.969723127847,29.249125705066));
#5187 = CARTESIAN_POINT('',(4.957980272836,29.036834137929));
#5188 = CARTESIAN_POINT('',(4.947055346735,28.821938457658));
#5189 = CARTESIAN_POINT('',(4.936816644084,28.604909128519));
#5190 = CARTESIAN_POINT('',(4.927126033676,28.384861196191));
#5191 = CARTESIAN_POINT('',(4.892503126468,27.544664252314));
#5192 = CARTESIAN_POINT('',(4.87048325805,26.897589472683));
#5193 = CARTESIAN_POINT('',(4.851427392418,26.238304603357));
#5194 = CARTESIAN_POINT('',(4.834956438382,25.577101330801));
#5195 = CARTESIAN_POINT('',(4.820709532525,24.916807891259));
#5196 = CARTESIAN_POINT('',(4.80838961491,24.254539567277));
#5197 = CARTESIAN_POINT('',(4.797820484184,23.583615673405));
#5198 = CARTESIAN_POINT('',(4.780480715692,22.2291701793));
#5199 = CARTESIAN_POINT('',(4.773774082166,21.559704873619));
#5200 = CARTESIAN_POINT('',(4.768874298335,20.887329525114));
#5201 = CARTESIAN_POINT('',(4.765833515363,20.211257182085));
#5202 = CARTESIAN_POINT('',(4.764782062213,19.53118158352));
#5203 = CARTESIAN_POINT('',(4.765928157088,18.847745342649));
#5204 = CARTESIAN_POINT('',(4.769559291172,18.162877653433));
#5205 = CARTESIAN_POINT('',(4.779553330021,17.111375671624));
#5206 = CARTESIAN_POINT('',(4.783891689552,16.743328925876));
#5207 = CARTESIAN_POINT('',(4.789129178516,16.375708840071));
#5208 = CARTESIAN_POINT('',(4.795349212474,16.008519594994));
#5209 = CARTESIAN_POINT('',(4.802651460728,15.642163646079));
#5210 = CARTESIAN_POINT('',(4.81115137633,15.277489337161));
#5211 = CARTESIAN_POINT('',(4.820979968318,14.915861414544));
#5212 = CARTESIAN_POINT('',(4.838747368726,14.355346184793));
#5213 = CARTESIAN_POINT('',(4.845695900299,14.152997181528));
#5214 = CARTESIAN_POINT('',(4.853163899417,13.952376331867));
#5215 = CARTESIAN_POINT('',(4.861189064158,13.753773148723));
#5216 = CARTESIAN_POINT('',(4.869811729844,13.557612362577));
#5217 = CARTESIAN_POINT('',(4.879074402713,13.364469019228));
#5218 = CARTESIAN_POINT('',(4.889021399586,13.175084070332));
#5219 = CARTESIAN_POINT('',(4.899698593512,12.990380456767));
#5220 = ( GEOMETRIC_REPRESENTATION_CONTEXT(2) 
PARAMETRIC_REPRESENTATION_CONTEXT() REPRESENTATION_CONTEXT('2D SPACE',''
  ) );
#5221 = PCURVE('',#2180,#5222);
#5222 = DEFINITIONAL_REPRESENTATION('',(#5223),#5275);
#5223 = B_SPLINE_CURVE_WITH_KNOTS('',8,(#5224,#5225,#5226,#5227,#5228,
    #5229,#5230,#5231,#5232,#5233,#5234,#5235,#5236,#5237,#5238,#5239,
    #5240,#5241,#5242,#5243,#5244,#5245,#5246,#5247,#5248,#5249,#5250,
    #5251,#5252,#5253,#5254,#5255,#5256,#5257,#5258,#5259,#5260,#5261,
    #5262,#5263,#5264,#5265,#5266,#5267,#5268,#5269,#5270,#5271,#5272,
    #5273,#5274),.UNSPECIFIED.,.F.,.F.,(9,7,7,7,7,7,7,9),(0.,
    9.428199230832E-02,0.158208338683,0.25574370474,0.522092826425,
    0.780525967977,0.920158160094,1.),.UNSPECIFIED.);
#5224 = CARTESIAN_POINT('',(8.881784197001E-16,33.629032461026));
#5225 = CARTESIAN_POINT('',(3.87062308915E-02,33.771654176018));
#5226 = CARTESIAN_POINT('',(8.358107153058E-02,33.919940761411));
#5227 = CARTESIAN_POINT('',(0.133166439984,34.058399779203));
#5228 = CARTESIAN_POINT('',(0.186479265982,34.174114726441));
#5229 = CARTESIAN_POINT('',(0.242772668708,34.256552516155));
#5230 = CARTESIAN_POINT('',(0.301451710214,34.297609355715));
#5231 = CARTESIAN_POINT('',(0.362040097217,34.291675089072));
#5232 = CARTESIAN_POINT('',(0.466203875533,34.197644867982));
#5233 = CARTESIAN_POINT('',(0.50589242809,34.139401846968));
#5234 = CARTESIAN_POINT('',(0.543322530167,34.065441288282));
#5235 = CARTESIAN_POINT('',(0.578627270442,33.979592794994));
#5236 = CARTESIAN_POINT('',(0.611944914373,33.884985190017));
#5237 = CARTESIAN_POINT('',(0.643429838845,33.78405068209));
#5238 = CARTESIAN_POINT('',(0.673260449109,33.678532355919));
#5239 = CARTESIAN_POINT('',(0.744950285729,33.403131658224));
#5240 = CARTESIAN_POINT('',(0.785646120161,33.225665784334));
#5241 = CARTESIAN_POINT('',(0.823969073428,33.04150456845));
#5242 = CARTESIAN_POINT('',(0.860173655177,32.853688557331));
#5243 = CARTESIAN_POINT('',(0.894554049799,32.663923314907));
#5244 = CARTESIAN_POINT('',(0.927457756082,32.472638638224));
#5245 = CARTESIAN_POINT('',(0.959290209284,32.279075315264));
#5246 = CARTESIAN_POINT('',(1.07576629724,31.541587026591));
#5247 = CARTESIAN_POINT('',(1.155572404816,30.976705272251));
#5248 = CARTESIAN_POINT('',(1.230845351743,30.404973978276));
#5249 = CARTESIAN_POINT('',(1.302472355357,29.835784634783));
#5250 = CARTESIAN_POINT('',(1.371436282225,29.271791515927));
#5251 = CARTESIAN_POINT('',(1.438865892311,28.710778199217));
#5252 = CARTESIAN_POINT('',(1.506033873069,28.147648581056));
#5253 = CARTESIAN_POINT('',(1.640587053624,27.023097452609));
#5254 = CARTESIAN_POINT('',(1.706606139255,26.472990734082));
#5255 = CARTESIAN_POINT('',(1.773013546051,25.926728294744));
#5256 = CARTESIAN_POINT('',(1.84040098476,25.384283924717));
#5257 = CARTESIAN_POINT('',(1.909343371863,24.846152226298));
#5258 = CARTESIAN_POINT('',(1.980414574301,24.313722914678));
#5259 = CARTESIAN_POINT('',(2.054215790029,23.78942873868));
#5260 = CARTESIAN_POINT('',(2.173158239157,22.999779483886));
#5261 = CARTESIAN_POINT('',(2.21586167349,22.726298806424));
#5262 = CARTESIAN_POINT('',(2.259759492543,22.456168538138));
#5263 = CARTESIAN_POINT('',(2.305063352884,22.189529104381));
#5264 = CARTESIAN_POINT('',(2.35198634646,21.926822465897));
#5265 = CARTESIAN_POINT('',(2.4007489869,21.668792795205));
#5266 = CARTESIAN_POINT('',(2.451588168921,21.416486486002));
#5267 = CARTESIAN_POINT('',(2.535178015735,21.031025860308));
#5268 = CARTESIAN_POINT('',(2.566364984532,20.893055562413));
#5269 = CARTESIAN_POINT('',(2.598410904393,20.757456301188));
#5270 = CARTESIAN_POINT('',(2.631398254252,20.624420845726));
#5271 = CARTESIAN_POINT('',(2.665410520146,20.494221984786));
#5272 = CARTESIAN_POINT('',(2.700532873219,20.367214630638));
#5273 = CARTESIAN_POINT('',(2.736854100411,20.243837076875));
#5274 = CARTESIAN_POINT('',(2.774469787801,20.1246114102));
#5275 = ( GEOMETRIC_REPRESENTATION_CONTEXT(2) 
PARAMETRIC_REPRESENTATION_CONTEXT() REPRESENTATION_CONTEXT('2D SPACE',''
  ) );
#5276 = ORIENTED_EDGE('',*,*,#5277,.T.);
#5277 = EDGE_CURVE('',#5111,#5278,#5280,.T.);
#5278 = VERTEX_POINT('',#5279);
#5279 = CARTESIAN_POINT('',(-14.3205442752,31.487844712909,8.19585332115
    ));
#5280 = SURFACE_CURVE('',#5281,(#5386,#5494),.PCURVE_S1.);
#5281 = B_SPLINE_CURVE_WITH_KNOTS('',7,(#5282,#5283,#5284,#5285,#5286,
    #5287,#5288,#5289,#5290,#5291,#5292,#5293,#5294,#5295,#5296,#5297,
    #5298,#5299,#5300,#5301,#5302,#5303,#5304,#5305,#5306,#5307,#5308,
    #5309,#5310,#5311,#5312,#5313,#5314,#5315,#5316,#5317,#5318,#5319,
    #5320,#5321,#5322,#5323,#5324,#5325,#5326,#5327,#5328,#5329,#5330,
    #5331,#5332,#5333,#5334,#5335,#5336,#5337,#5338,#5339,#5340,#5341,
    #5342,#5343,#5344,#5345,#5346,#5347,#5348,#5349,#5350,#5351,#5352,
    #5353,#5354,#5355,#5356,#5357,#5358,#5359,#5360,#5361,#5362,#5363,
    #5364,#5365,#5366,#5367,#5368,#5369,#5370,#5371,#5372,#5373,#5374,
    #5375,#5376,#5377,#5378,#5379,#5380,#5381,#5382,#5383,#5384,#5385),
  .UNSPECIFIED.,.T.,.F.,(8,6,6,6,6,6,6,6,6,6,6,6,6,6,6,6,6,8),(0.,
    5.166333963216E-02,7.814818076928E-02,9.637423470473E-02,
    0.118681424839,0.153075766317,0.187795501725,0.220235524446,
    0.343330961654,0.469231363264,0.539423722093,0.586798949828,
    0.638521342707,0.692859094839,0.793928445846,0.912297913708,
    0.953305965857,1.),.UNSPECIFIED.);
#5282 = CARTESIAN_POINT('',(-14.3205442752,31.487844712909,8.19585332115
    ));
#5283 = CARTESIAN_POINT('',(-14.23096564451,31.552107643623,
    8.352373294931));
#5284 = CARTESIAN_POINT('',(-14.13638941312,31.608230348216,
    8.512995925719));
#5285 = CARTESIAN_POINT('',(-14.03672171356,31.655175026093,
    8.677326896439));
#5286 = CARTESIAN_POINT('',(-13.93197016483,31.691725995934,
    8.844807603029));
#5287 = CARTESIAN_POINT('',(-13.82230817429,31.716477642788,
    9.014657496636));
#5288 = CARTESIAN_POINT('',(-13.70816046178,31.727822553012,
    9.185832803604));
#5289 = CARTESIAN_POINT('',(-13.5298945111,31.721949390495,
    9.444750093051));
#5290 = CARTESIAN_POINT('',(-13.46848339935,31.715956062976,
    9.532529907259));
#5291 = CARTESIAN_POINT('',(-13.40631561607,31.705714147349,
    9.619964962983));
#5292 = CARTESIAN_POINT('',(-13.34364587314,31.691013466322,
    9.706692548102));
#5293 = CARTESIAN_POINT('',(-13.2807434727,31.671679135,9.792363572596)
  );
#5294 = CARTESIAN_POINT('',(-13.21789133089,31.647571323464,
    9.876642799862));
#5295 = CARTESIAN_POINT('',(-13.11237006624,31.598637535426,
    10.016028653848));
#5296 = CARTESIAN_POINT('',(-13.06954287354,31.576390892186,
    10.072005295497));
#5297 = CARTESIAN_POINT('',(-13.0270533321,31.551841156959,
    10.126964556353));
#5298 = CARTESIAN_POINT('',(-12.98504576148,31.525006694769,
    10.180750483733));
#5299 = CARTESIAN_POINT('',(-12.94365777558,31.495927949019,
    10.233224796544));
#5300 = CARTESIAN_POINT('',(-12.90301916605,31.46466722219,
    10.284266062929));
#5301 = CARTESIAN_POINT('',(-12.81457756097,31.390480072584,
    10.394356249729));
#5302 = CARTESIAN_POINT('',(-12.7672527634,31.346546547625,
    10.452583137086));
#5303 = CARTESIAN_POINT('',(-12.72149295073,31.299672494785,
    10.508265131683));
#5304 = CARTESIAN_POINT('',(-12.67748852641,31.250066650704,
    10.561259824975));
#5305 = CARTESIAN_POINT('',(-12.63540109376,31.197981286796,
    10.611464398529));
#5306 = CARTESIAN_POINT('',(-12.59536081006,31.143711620519,
    10.658813214357));
#5307 = CARTESIAN_POINT('',(-12.49903214369,31.001072163798,
    10.771829435029));
#5308 = CARTESIAN_POINT('',(-12.44580805225,30.910325575449,
    10.833389170077));
#5309 = CARTESIAN_POINT('',(-12.39775712811,30.816102608897,
    10.888303406403));
#5310 = CARTESIAN_POINT('',(-12.35477653571,30.719131130205,
    10.936937371088));
#5311 = CARTESIAN_POINT('',(-12.31670203996,30.620129138595,
    10.979671126946));
#5312 = CARTESIAN_POINT('',(-12.28331510412,30.519814180856,
    11.016897977179));
#5313 = CARTESIAN_POINT('',(-12.22511084122,30.317056754434,
    11.08145168629));
#5314 = CARTESIAN_POINT('',(-12.20029581512,30.214317731777,
    11.108772792056));
#5315 = CARTESIAN_POINT('',(-12.17957171248,30.11107102596,
    11.131466511498));
#5316 = CARTESIAN_POINT('',(-12.16261994913,30.007610641941,
    11.149957985863));
#5317 = CARTESIAN_POINT('',(-12.14914203947,29.904156781517,
    11.16462079148));
#5318 = CARTESIAN_POINT('',(-12.13886508236,29.800863363369,
    11.175780557759));
#5319 = CARTESIAN_POINT('',(-12.12470990392,29.601553230262,
    11.191135398346));
#5320 = CARTESIAN_POINT('',(-12.12045387974,29.505478788595,
    11.195741612156));
#5321 = CARTESIAN_POINT('',(-12.11858616211,29.409710677715,
    11.197760641563));
#5322 = CARTESIAN_POINT('',(-12.11893145447,29.314324757072,
    11.197387570773));
#5323 = CARTESIAN_POINT('',(-12.12133321469,29.219364678107,
    11.194790319468));
#5324 = CARTESIAN_POINT('',(-12.12565469376,29.124842276378,
    11.190110809031));
#5325 = CARTESIAN_POINT('',(-12.1550226861,28.67365401176,11.1582525267)
  );
#5326 = CARTESIAN_POINT('',(-12.20438454253,28.320335793081,
    11.104582988853));
#5327 = CARTESIAN_POINT('',(-12.27381888656,27.974623437624,
    11.028514237779));
#5328 = CARTESIAN_POINT('',(-12.35888858744,27.637852314834,
    10.933725210218));
#5329 = CARTESIAN_POINT('',(-12.45699743223,27.309545148294,
    10.822097786343));
#5330 = CARTESIAN_POINT('',(-12.56703071292,26.98830627836,
    10.693741068321));
#5331 = CARTESIAN_POINT('',(-12.81358082415,26.350768441436,
    10.39712370491));
#5332 = CARTESIAN_POINT('',(-12.9484784882,26.040346525083,
    10.230624699103));
#5333 = CARTESIAN_POINT('',(-13.09321911144,25.739217337315,
    10.046583780615));
#5334 = CARTESIAN_POINT('',(-13.24855666955,25.446186561798,
    9.842297043478));
#5335 = CARTESIAN_POINT('',(-13.41518114869,25.162950927418,
    9.614386915231));
#5336 = CARTESIAN_POINT('',(-13.59275310814,24.895280422346,
    9.359614211453));
#5337 = CARTESIAN_POINT('',(-13.883683711,24.51973906618,8.917912886898)
  );
#5338 = CARTESIAN_POINT('',(-13.99035960819,24.39399186576,
    8.751346163882));
#5339 = CARTESIAN_POINT('',(-14.10100429347,24.276464250299,
    8.573405761673));
#5340 = CARTESIAN_POINT('',(-14.21645787029,24.16894706082,
    8.381548594252));
#5341 = CARTESIAN_POINT('',(-14.3367924628,24.075585369065,
    8.173926238201));
#5342 = CARTESIAN_POINT('',(-14.46117272905,24.002997825364,
    7.949722620472));
#5343 = CARTESIAN_POINT('',(-14.67350600267,23.931844219176,
    7.547963433436));
#5344 = CARTESIAN_POINT('',(-14.76264936686,23.916050798423,
    7.374220042231));
#5345 = CARTESIAN_POINT('',(-14.85168226022,23.918557482304,
    7.194399306752));
#5346 = CARTESIAN_POINT('',(-14.93781654637,23.942478924263,
    7.013577525501));
#5347 = CARTESIAN_POINT('',(-15.01902352997,23.988587101477,
    6.836473484099));
#5348 = CARTESIAN_POINT('',(-15.09391431999,24.055293323618,
    6.667324202432));
#5349 = CARTESIAN_POINT('',(-15.23556219414,24.229613782024,
    6.337409645003));
#5350 = CARTESIAN_POINT('',(-15.29930646075,24.338407603464,
    6.182647655345));
#5351 = CARTESIAN_POINT('',(-15.35420662432,24.460466333241,
    6.044615611828));
#5352 = CARTESIAN_POINT('',(-15.40145118665,24.591990652865,
    5.922330524635));
#5353 = CARTESIAN_POINT('',(-15.44207439954,24.729874857984,
    5.814625297957));
#5354 = CARTESIAN_POINT('',(-15.47696620759,24.87166112921,
    5.720243671729));
#5355 = CARTESIAN_POINT('',(-15.5383319204,25.166612792273,
    5.551459910449));
#5356 = CARTESIAN_POINT('',(-15.56460705059,25.321510461366,
    5.477439428874));
#5357 = CARTESIAN_POINT('',(-15.58649210019,25.478541455731,
    5.414664824631));
#5358 = CARTESIAN_POINT('',(-15.60460326883,25.636668298848,
    5.362001734614));
#5359 = CARTESIAN_POINT('',(-15.61942571462,25.795381365887,
    5.318454518064));
#5360 = CARTESIAN_POINT('',(-15.63132722067,25.954610220803,
    5.283223373185));
#5361 = CARTESIAN_POINT('',(-15.65772889597,26.412278237794,
    5.204654798446));
#5362 = CARTESIAN_POINT('',(-15.66564208047,26.712334939835,
    5.180461139452));
#5363 = CARTESIAN_POINT('',(-15.66566179854,27.01161379993,5.18033723597
    ));
#5364 = CARTESIAN_POINT('',(-15.65853538439,27.308517907202,
    5.202094060436));
#5365 = CARTESIAN_POINT('',(-15.64458884562,27.602397064553,
    5.244277191293));
#5366 = CARTESIAN_POINT('',(-15.62376375613,27.893053111814,
    5.306171832068));
#5367 = CARTESIAN_POINT('',(-15.562557323,28.516896750651,5.483341406711
    ));
#5368 = CARTESIAN_POINT('',(-15.51955256067,28.847688288547,
    5.605610191125));
#5369 = CARTESIAN_POINT('',(-15.46604812018,29.171136731588,
    5.753811795446));
#5370 = CARTESIAN_POINT('',(-15.40105654203,29.48558009167,
    5.927680432176));
#5371 = CARTESIAN_POINT('',(-15.3231621902,29.789028366942,
    6.127278151107));
#5372 = CARTESIAN_POINT('',(-15.2304971663,30.078792519324,
    6.352720576469));
#5373 = CARTESIAN_POINT('',(-15.08281465114,30.445293907072,
    6.69086811478));
#5374 = CARTESIAN_POINT('',(-15.04277677341,30.537478333533,
    6.780950069719));
#5375 = CARTESIAN_POINT('',(-15.00060085172,30.627399523376,
    6.874115647434));
#5376 = CARTESIAN_POINT('',(-14.95618496403,30.714882724012,
    6.97036089301));
#5377 = CARTESIAN_POINT('',(-14.90942477296,30.799724645153,
    7.069670241625));
#5378 = CARTESIAN_POINT('',(-14.86021395484,30.88169331497,
    7.172016351814));
#5379 = CARTESIAN_POINT('',(-14.74949721341,31.050293392196,
    7.39730996774));
#5380 = CARTESIAN_POINT('',(-14.68724490806,31.135976214847,
    7.521121361051));
#5381 = CARTESIAN_POINT('',(-14.62151073871,31.217223843505,
    7.648774338064));
#5382 = CARTESIAN_POINT('',(-14.5521188103,31.293606141573,
    7.780217335288));
#5383 = CARTESIAN_POINT('',(-14.47890643308,31.364603463527,
    7.915344692309));
#5384 = CARTESIAN_POINT('',(-14.40174138,31.429594615988,8.053978315738)
  );
#5385 = CARTESIAN_POINT('',(-14.3205442752,31.487844712909,8.19585332115
    ));
#5386 = PCURVE('',#227,#5387);
#5387 = DEFINITIONAL_REPRESENTATION('',(#5388),#5493);
#5388 = B_SPLINE_CURVE_WITH_KNOTS('',7,(#5389,#5390,#5391,#5392,#5393,
    #5394,#5395,#5396,#5397,#5398,#5399,#5400,#5401,#5402,#5403,#5404,
    #5405,#5406,#5407,#5408,#5409,#5410,#5411,#5412,#5413,#5414,#5415,
    #5416,#5417,#5418,#5419,#5420,#5421,#5422,#5423,#5424,#5425,#5426,
    #5427,#5428,#5429,#5430,#5431,#5432,#5433,#5434,#5435,#5436,#5437,
    #5438,#5439,#5440,#5441,#5442,#5443,#5444,#5445,#5446,#5447,#5448,
    #5449,#5450,#5451,#5452,#5453,#5454,#5455,#5456,#5457,#5458,#5459,
    #5460,#5461,#5462,#5463,#5464,#5465,#5466,#5467,#5468,#5469,#5470,
    #5471,#5472,#5473,#5474,#5475,#5476,#5477,#5478,#5479,#5480,#5481,
    #5482,#5483,#5484,#5485,#5486,#5487,#5488,#5489,#5490,#5491,#5492),
  .UNSPECIFIED.,.T.,.F.,(8,6,6,6,6,6,6,6,6,6,6,6,6,6,6,6,6,8),(0.,
    5.166333963216E-02,7.814818076928E-02,9.637423470473E-02,
    0.118681424839,0.153075766317,0.187795501725,0.220235524446,
    0.343330961654,0.469231363264,0.539423722093,0.586798949828,
    0.638521342707,0.692859094839,0.793928445846,0.912297913708,
    0.953305965857,1.),.UNSPECIFIED.);
#5389 = CARTESIAN_POINT('',(5.232202598108,31.487844712909));
#5390 = CARTESIAN_POINT('',(5.243132348457,31.552107643623));
#5391 = CARTESIAN_POINT('',(5.254428347298,31.608230348216));
#5392 = CARTESIAN_POINT('',(5.266074826655,31.655175026093));
#5393 = CARTESIAN_POINT('',(5.278044913894,31.691725995934));
#5394 = CARTESIAN_POINT('',(5.290295827497,31.716477642788));
#5395 = CARTESIAN_POINT('',(5.302763798094,31.727822553012));
#5396 = CARTESIAN_POINT('',(5.321815408627,31.721949390495));
#5397 = CARTESIAN_POINT('',(5.328307892171,31.715956062976));
#5398 = CARTESIAN_POINT('',(5.334809612576,31.705714147349));
#5399 = CARTESIAN_POINT('',(5.34129417019,31.691013466322));
#5400 = CARTESIAN_POINT('',(5.347735320613,31.671679135));
#5401 = CARTESIAN_POINT('',(5.354106976783,31.647571323465));
#5402 = CARTESIAN_POINT('',(5.364702322641,31.598637535426));
#5403 = CARTESIAN_POINT('',(5.36897383462,31.576390892186));
#5404 = CARTESIAN_POINT('',(5.37318396677,31.551841156959));
#5405 = CARTESIAN_POINT('',(5.377320020747,31.525006694769));
#5406 = CARTESIAN_POINT('',(5.381370376253,31.495927949019));
#5407 = CARTESIAN_POINT('',(5.385324487212,31.46466722219));
#5408 = CARTESIAN_POINT('',(5.393882991484,31.390480072584));
#5409 = CARTESIAN_POINT('',(5.398430394042,31.346546547625));
#5410 = CARTESIAN_POINT('',(5.40279832684,31.299672494785));
#5411 = CARTESIAN_POINT('',(5.406972947408,31.250066650703));
#5412 = CARTESIAN_POINT('',(5.410943323329,31.197981286796));
#5413 = CARTESIAN_POINT('',(5.414701425987,31.143711620519));
#5414 = CARTESIAN_POINT('',(5.423701350097,31.001072163798));
#5415 = CARTESIAN_POINT('',(5.428633241165,30.910325575449));
#5416 = CARTESIAN_POINT('',(5.433055485737,30.816102608897));
#5417 = CARTESIAN_POINT('',(5.436989027077,30.719131130205));
#5418 = CARTESIAN_POINT('',(5.440457788007,30.620129138595));
#5419 = CARTESIAN_POINT('',(5.443488395412,30.519814180856));
#5420 = CARTESIAN_POINT('',(5.448756215344,30.317056754434));
#5421 = CARTESIAN_POINT('',(5.450993073445,30.214317731777));
#5422 = CARTESIAN_POINT('',(5.452855645363,30.11107102596));
#5423 = CARTESIAN_POINT('',(5.45437599422,30.007610641941));
#5424 = CARTESIAN_POINT('',(5.455583033469,29.904156781517));
#5425 = CARTESIAN_POINT('',(5.45650248042,29.800863363369));
#5426 = CARTESIAN_POINT('',(5.457768175576,29.601553230262));
#5427 = CARTESIAN_POINT('',(5.458148262676,29.505478788595));
#5428 = CARTESIAN_POINT('',(5.458314955063,29.409710677715));
#5429 = CARTESIAN_POINT('',(5.458284146675,29.314324757072));
#5430 = CARTESIAN_POINT('',(5.458069750664,29.219364678107));
#5431 = CARTESIAN_POINT('',(5.457683708662,29.124842276378));
#5432 = CARTESIAN_POINT('',(5.455057689859,28.67365401176));
#5433 = CARTESIAN_POINT('',(5.450638432206,28.320335793081));
#5434 = CARTESIAN_POINT('',(5.444396467981,27.974623437624));
#5435 = CARTESIAN_POINT('',(5.436677939656,27.637852314834));
#5436 = CARTESIAN_POINT('',(5.427671950269,27.309545148294));
#5437 = CARTESIAN_POINT('',(5.417426806873,26.98830627836));
#5438 = CARTESIAN_POINT('',(5.394050709294,26.350768441436));
#5439 = CARTESIAN_POINT('',(5.381064580063,26.040346525083));
#5440 = CARTESIAN_POINT('',(5.366876892596,25.739217337315));
#5441 = CARTESIAN_POINT('',(5.351327134555,25.446186561798));
#5442 = CARTESIAN_POINT('',(5.334222731552,25.162950927418));
#5443 = CARTESIAN_POINT('',(5.315408052188,24.895280422346));
#5444 = CARTESIAN_POINT('',(5.283353193575,24.51973906618));
#5445 = CARTESIAN_POINT('',(5.271366389856,24.39399186576));
#5446 = CARTESIAN_POINT('',(5.258669173197,24.276464250299));
#5447 = CARTESIAN_POINT('',(5.245101260848,24.16894706082));
#5448 = CARTESIAN_POINT('',(5.230561211439,24.075585369065));
#5449 = CARTESIAN_POINT('',(5.215025406988,24.002997825364));
#5450 = CARTESIAN_POINT('',(5.187484912488,23.931844219176));
#5451 = CARTESIAN_POINT('',(5.17565078206,23.916050798424));
#5452 = CARTESIAN_POINT('',(5.163491919269,23.918557482304));
#5453 = CARTESIAN_POINT('',(5.151355663562,23.942478924263));
#5454 = CARTESIAN_POINT('',(5.139549179947,23.988587101477));
#5455 = CARTESIAN_POINT('',(5.128338572733,24.055293323618));
#5456 = CARTESIAN_POINT('',(5.106578740365,24.229613782024));
#5457 = CARTESIAN_POINT('',(5.096435875578,24.338407603464));
#5458 = CARTESIAN_POINT('',(5.087433789912,24.460466333241));
#5459 = CARTESIAN_POINT('',(5.079489195291,24.591990652865));
#5460 = CARTESIAN_POINT('',(5.072513003762,24.729874857984));
#5461 = CARTESIAN_POINT('',(5.066414623029,24.87166112921));
#5462 = CARTESIAN_POINT('',(5.055530188134,25.166612792273));
#5463 = CARTESIAN_POINT('',(5.050769983956,25.321510461366));
#5464 = CARTESIAN_POINT('',(5.046740964013,25.478541455731));
#5465 = CARTESIAN_POINT('',(5.043365819094,25.636668298848));
#5466 = CARTESIAN_POINT('',(5.040577915172,25.795381365887));
#5467 = CARTESIAN_POINT('',(5.038324153687,25.954610220803));
#5468 = CARTESIAN_POINT('',(5.033300766914,26.412278237794));
#5469 = CARTESIAN_POINT('',(5.031758094343,26.712334939835));
#5470 = CARTESIAN_POINT('',(5.031750548919,27.01161379993));
#5471 = CARTESIAN_POINT('',(5.033138106421,27.308517907203));
#5472 = CARTESIAN_POINT('',(5.035830751764,27.602397064553));
#5473 = CARTESIAN_POINT('',(5.039788450921,27.893053111814));
#5474 = CARTESIAN_POINT('',(5.0511486986,28.516896750651));
#5475 = CARTESIAN_POINT('',(5.059003801493,28.847688288547));
#5476 = CARTESIAN_POINT('',(5.068552600878,29.171136731588));
#5477 = CARTESIAN_POINT('',(5.079800748915,29.48558009167));
#5478 = CARTESIAN_POINT('',(5.092783381495,29.789028366942));
#5479 = CARTESIAN_POINT('',(5.107552232919,30.078792519324));
#5480 = CARTESIAN_POINT('',(5.129915284808,30.445293907072));
#5481 = CARTESIAN_POINT('',(5.13588963569,30.537478333533));
#5482 = CARTESIAN_POINT('',(5.142087424937,30.627399523376));
#5483 = CARTESIAN_POINT('',(5.148511322617,30.714882724012));
#5484 = CARTESIAN_POINT('',(5.15516354563,30.799724645153));
#5485 = CARTESIAN_POINT('',(5.162045865555,30.88169331497));
#5486 = CARTESIAN_POINT('',(5.177259726401,31.050293392196));
#5487 = CARTESIAN_POINT('',(5.185658207432,31.135976214847));
#5488 = CARTESIAN_POINT('',(5.194359585023,31.217223843505));
#5489 = CARTESIAN_POINT('',(5.203366905835,31.293606141573));
#5490 = CARTESIAN_POINT('',(5.212680287313,31.364603463527));
#5491 = CARTESIAN_POINT('',(5.222295502213,31.429594615988));
#5492 = CARTESIAN_POINT('',(5.232202598108,31.487844712909));
#5493 = ( GEOMETRIC_REPRESENTATION_CONTEXT(2) 
PARAMETRIC_REPRESENTATION_CONTEXT() REPRESENTATION_CONTEXT('2D SPACE',''
  ) );
#5494 = PCURVE('',#2555,#5495);
#5495 = DEFINITIONAL_REPRESENTATION('',(#5496),#5601);
#5496 = B_SPLINE_CURVE_WITH_KNOTS('',7,(#5497,#5498,#5499,#5500,#5501,
    #5502,#5503,#5504,#5505,#5506,#5507,#5508,#5509,#5510,#5511,#5512,
    #5513,#5514,#5515,#5516,#5517,#5518,#5519,#5520,#5521,#5522,#5523,
    #5524,#5525,#5526,#5527,#5528,#5529,#5530,#5531,#5532,#5533,#5534,
    #5535,#5536,#5537,#5538,#5539,#5540,#5541,#5542,#5543,#5544,#5545,
    #5546,#5547,#5548,#5549,#5550,#5551,#5552,#5553,#5554,#5555,#5556,
    #5557,#5558,#5559,#5560,#5561,#5562,#5563,#5564,#5565,#5566,#5567,
    #5568,#5569,#5570,#5571,#5572,#5573,#5574,#5575,#5576,#5577,#5578,
    #5579,#5580,#5581,#5582,#5583,#5584,#5585,#5586,#5587,#5588,#5589,
    #5590,#5591,#5592,#5593,#5594,#5595,#5596,#5597,#5598,#5599,#5600),
  .UNSPECIFIED.,.F.,.F.,(8,6,6,6,6,6,6,6,6,6,6,6,6,6,6,6,6,8),(0.,
    5.166333963216E-02,7.814818076928E-02,9.637423470473E-02,
    0.118681424839,0.153075766317,0.187795501725,0.220235524446,
    0.343330961654,0.469231363264,0.539423722093,0.586798949828,
    0.638521342707,0.692859094839,0.793928445846,0.912297913708,
    0.953305965857,1.),.UNSPECIFIED.);
#5497 = CARTESIAN_POINT('',(0.,14.718522670714));
#5498 = CARTESIAN_POINT('',(5.217332459375E-02,14.828768103003));
#5499 = CARTESIAN_POINT('',(0.105714217119,14.938329275104));
#5500 = CARTESIAN_POINT('',(0.160723128822,15.046677515794));
#5501 = CARTESIAN_POINT('',(0.217300655874,15.15309800413));
#5502 = CARTESIAN_POINT('',(0.275543860816,15.256630495967));
#5503 = CARTESIAN_POINT('',(0.335550257542,15.355992916114));
#5504 = CARTESIAN_POINT('',(0.429151389781,15.497417307144));
#5505 = CARTESIAN_POINT('',(0.461377471516,15.543822626641));
#5506 = CARTESIAN_POINT('',(0.494052012064,15.588366235236));
#5507 = CARTESIAN_POINT('',(0.527126004713,15.630718655781));
#5508 = CARTESIAN_POINT('',(0.560555396085,15.6705591282));
#5509 = CARTESIAN_POINT('',(0.594299353231,15.707576264347));
#5510 = CARTESIAN_POINT('',(0.65172948344,15.764792437709));
#5511 = CARTESIAN_POINT('',(0.675257696898,15.786623426398));
#5512 = CARTESIAN_POINT('',(0.698860614145,15.806837570062));
#5513 = CARTESIAN_POINT('',(0.722498643473,15.825328308663));
#5514 = CARTESIAN_POINT('',(0.746134214583,15.842007400423));
#5515 = CARTESIAN_POINT('',(0.769730834758,15.856805701253));
#5516 = CARTESIAN_POINT('',(0.822040293159,15.88542361457));
#5517 = CARTESIAN_POINT('',(0.85068905201,15.898267625102));
#5518 = CARTESIAN_POINT('',(0.879132629947,15.908125968679));
#5519 = CARTESIAN_POINT('',(0.907308186455,15.914965609452));
#5520 = CARTESIAN_POINT('',(0.935153884369,15.918802289539));
#5521 = CARTESIAN_POINT('',(0.962606942104,15.919702335738));
#5522 = CARTESIAN_POINT('',(1.031223532021,15.914827399122));
#5523 = CARTESIAN_POINT('',(1.071675896607,15.905177108254));
#5524 = CARTESIAN_POINT('',(1.110976340596,15.889297012842));
#5525 = CARTESIAN_POINT('',(1.149132247906,15.867694949583));
#5526 = CARTESIAN_POINT('',(1.186140021991,15.840922893156));
#5527 = CARTESIAN_POINT('',(1.221984282418,15.809576676708));
#5528 = CARTESIAN_POINT('',(1.291617679379,15.738680965994));
#5529 = CARTESIAN_POINT('',(1.325482226822,15.698956738464));
#5530 = CARTESIAN_POINT('',(1.358314413437,15.655612546637));
#5531 = CARTESIAN_POINT('',(1.390191781825,15.609078630132));
#5532 = CARTESIAN_POINT('',(1.421187833,15.559725877282));
#5533 = CARTESIAN_POINT('',(1.451374151856,15.507865751116));
#5534 = CARTESIAN_POINT('',(1.508337320151,15.403187928798));
#5535 = CARTESIAN_POINT('',(1.535215054285,15.350643562564));
#5536 = CARTESIAN_POINT('',(1.561504418763,15.296337168527));
#5537 = CARTESIAN_POINT('',(1.587251827341,15.240455400928));
#5538 = CARTESIAN_POINT('',(1.612502826818,15.183150900994));
#5539 = CARTESIAN_POINT('',(1.637303500039,15.124541681578));
#5540 = CARTESIAN_POINT('',(1.754282811524,14.8376778717));
#5541 = CARTESIAN_POINT('',(1.841655239685,14.591617503024));
#5542 = CARTESIAN_POINT('',(1.925064598196,14.333680987953));
#5543 = CARTESIAN_POINT('',(2.005545124328,14.068252062321));
#5544 = CARTESIAN_POINT('',(2.084203187197,13.797162040257));
#5545 = CARTESIAN_POINT('',(2.162210877549,13.520503123667));
#5546 = CARTESIAN_POINT('',(2.32140616196,12.948545901555));
#5547 = CARTESIAN_POINT('',(2.401227651921,12.657989009841));
#5548 = CARTESIAN_POINT('',(2.482062185855,12.364851141962));
#5549 = CARTESIAN_POINT('',(2.565392481161,12.067823487435));
#5550 = CARTESIAN_POINT('',(2.652605459174,11.767334442754));
#5551 = CARTESIAN_POINT('',(2.744939893612,11.467023188035));
#5552 = CARTESIAN_POINT('',(2.898951250697,11.011724930862));
#5553 = CARTESIAN_POINT('',(2.955941044692,10.851747650536));
#5554 = CARTESIAN_POINT('',(3.015950505091,10.693336838883));
#5555 = CARTESIAN_POINT('',(3.079952823082,10.536853775049));
#5556 = CARTESIAN_POINT('',(3.148805305985,10.384656050369));
#5557 = CARTESIAN_POINT('',(3.223283024537,10.241280475539));
#5558 = CARTESIAN_POINT('',(3.358995383813,10.027275571428));
#5559 = CARTESIAN_POINT('',(3.418257853304,9.945637068897));
#5560 = CARTESIAN_POINT('',(3.480585772056,9.874755603248));
#5561 = CARTESIAN_POINT('',(3.544827727198,9.818712197973));
#5562 = CARTESIAN_POINT('',(3.609962209998,9.779605237198));
#5563 = CARTESIAN_POINT('',(3.674929901206,9.757637187912));
#5564 = CARTESIAN_POINT('',(3.807893390572,9.744155640105));
#5565 = CARTESIAN_POINT('',(3.874084770627,9.755777760547));
#5566 = CARTESIAN_POINT('',(3.937262477474,9.782318272536));
#5567 = CARTESIAN_POINT('',(3.997570297243,9.820596820224));
#5568 = CARTESIAN_POINT('',(4.055137126187,9.867962694952));
#5569 = CARTESIAN_POINT('',(4.110099216727,9.922260100411));
#5570 = CARTESIAN_POINT('',(4.217776553201,10.044327758755));
#5571 = CARTESIAN_POINT('',(4.270792649553,10.113269281635));
#5572 = CARTESIAN_POINT('',(4.321889444051,10.187021445019));
#5573 = CARTESIAN_POINT('',(4.371305694246,10.264478809913));
#5574 = CARTESIAN_POINT('',(4.419302333823,10.344950102451));
#5575 = CARTESIAN_POINT('',(4.466169153487,10.428095427083));
#5576 = CARTESIAN_POINT('',(4.597886559727,10.673421347467));
#5577 = CARTESIAN_POINT('',(4.680643454175,10.841896997072));
#5578 = CARTESIAN_POINT('',(4.761122102179,11.016332979896));
#5579 = CARTESIAN_POINT('',(4.839899999076,11.195191206368));
#5580 = CARTESIAN_POINT('',(4.917570210322,11.377827777827));
#5581 = CARTESIAN_POINT('',(4.994730398981,11.564174658611));
#5582 = CARTESIAN_POINT('',(5.162538657632,11.977550596839));
#5583 = CARTESIAN_POINT('',(5.25292247861,12.205314603765));
#5584 = CARTESIAN_POINT('',(5.343789215688,12.437329652989));
#5585 = CARTESIAN_POINT('',(5.435700037851,12.673429307186));
#5586 = CARTESIAN_POINT('',(5.529247682873,12.913603837004));
#5587 = CARTESIAN_POINT('',(5.625034054038,13.157803519866));
#5588 = CARTESIAN_POINT('',(5.758019159945,13.491437757665));
#5589 = CARTESIAN_POINT('',(5.792590975119,13.577705092973));
#5590 = CARTESIAN_POINT('',(5.827553778702,13.664390412325));
#5591 = CARTESIAN_POINT('',(5.862942249245,13.751474666632));
#5592 = CARTESIAN_POINT('',(5.898791303976,13.838924134487));
#5593 = CARTESIAN_POINT('',(5.935138080338,13.926689989729));
#5594 = CARTESIAN_POINT('',(6.014024169957,14.114929889946));
#5595 = CARTESIAN_POINT('',(6.056714594794,14.215457461344));
#5596 = CARTESIAN_POINT('',(6.100170115229,14.316228870921));
#5597 = CARTESIAN_POINT('',(6.144467244617,14.417136310128));
#5598 = CARTESIAN_POINT('',(6.189682424328,14.518009065143));
#5599 = CARTESIAN_POINT('',(6.235893638709,14.618592476983));
#5600 = CARTESIAN_POINT('',(6.28318530718,14.718522670714));
#5601 = ( GEOMETRIC_REPRESENTATION_CONTEXT(2) 
PARAMETRIC_REPRESENTATION_CONTEXT() REPRESENTATION_CONTEXT('2D SPACE',''
  ) );
#5602 = ORIENTED_EDGE('',*,*,#5603,.T.);
#5603 = EDGE_CURVE('',#5278,#4907,#5604,.T.);
#5604 = SURFACE_CURVE('',#5605,(#5710,#5818),.PCURVE_S1.);
#5605 = B_SPLINE_CURVE_WITH_KNOTS('',7,(#5606,#5607,#5608,#5609,#5610,
    #5611,#5612,#5613,#5614,#5615,#5616,#5617,#5618,#5619,#5620,#5621,
    #5622,#5623,#5624,#5625,#5626,#5627,#5628,#5629,#5630,#5631,#5632,
    #5633,#5634,#5635,#5636,#5637,#5638,#5639,#5640,#5641,#5642,#5643,
    #5644,#5645,#5646,#5647,#5648,#5649,#5650,#5651,#5652,#5653,#5654,
    #5655,#5656,#5657,#5658,#5659,#5660,#5661,#5662,#5663,#5664,#5665,
    #5666,#5667,#5668,#5669,#5670,#5671,#5672,#5673,#5674,#5675,#5676,
    #5677,#5678,#5679,#5680,#5681,#5682,#5683,#5684,#5685,#5686,#5687,
    #5688,#5689,#5690,#5691,#5692,#5693,#5694,#5695,#5696,#5697,#5698,
    #5699,#5700,#5701,#5702,#5703,#5704,#5705,#5706,#5707,#5708,#5709),
  .UNSPECIFIED.,.T.,.F.,(8,6,6,6,6,6,6,6,6,6,6,6,6,6,6,6,6,8),(0.,
    5.166333963216E-02,7.814818076928E-02,9.637423470473E-02,
    0.118681424839,0.153075766317,0.187795501725,0.220235524446,
    0.343330961654,0.469231363264,0.539423722093,0.586798949828,
    0.638521342707,0.692859094839,0.793928445846,0.912297913708,
    0.953305965857,1.),.UNSPECIFIED.);
#5606 = CARTESIAN_POINT('',(-14.3205442752,31.487844712909,8.19585332115
    ));
#5607 = CARTESIAN_POINT('',(-14.23096564451,31.552107643623,
    8.352373294931));
#5608 = CARTESIAN_POINT('',(-14.13638941312,31.608230348216,
    8.512995925719));
#5609 = CARTESIAN_POINT('',(-14.03672171356,31.655175026093,
    8.677326896439));
#5610 = CARTESIAN_POINT('',(-13.93197016483,31.691725995934,
    8.844807603029));
#5611 = CARTESIAN_POINT('',(-13.82230817429,31.716477642788,
    9.014657496636));
#5612 = CARTESIAN_POINT('',(-13.70816046178,31.727822553012,
    9.185832803604));
#5613 = CARTESIAN_POINT('',(-13.5298945111,31.721949390495,
    9.444750093051));
#5614 = CARTESIAN_POINT('',(-13.46848339935,31.715956062976,
    9.532529907259));
#5615 = CARTESIAN_POINT('',(-13.40631561607,31.705714147349,
    9.619964962983));
#5616 = CARTESIAN_POINT('',(-13.34364587314,31.691013466322,
    9.706692548102));
#5617 = CARTESIAN_POINT('',(-13.2807434727,31.671679135,9.792363572596)
  );
#5618 = CARTESIAN_POINT('',(-13.21789133089,31.647571323464,
    9.876642799862));
#5619 = CARTESIAN_POINT('',(-13.11237006624,31.598637535426,
    10.016028653848));
#5620 = CARTESIAN_POINT('',(-13.06954287354,31.576390892186,
    10.072005295497));
#5621 = CARTESIAN_POINT('',(-13.0270533321,31.551841156959,
    10.126964556353));
#5622 = CARTESIAN_POINT('',(-12.98504576148,31.525006694769,
    10.180750483733));
#5623 = CARTESIAN_POINT('',(-12.94365777558,31.495927949019,
    10.233224796544));
#5624 = CARTESIAN_POINT('',(-12.90301916605,31.46466722219,
    10.284266062929));
#5625 = CARTESIAN_POINT('',(-12.81457756097,31.390480072584,
    10.394356249729));
#5626 = CARTESIAN_POINT('',(-12.7672527634,31.346546547625,
    10.452583137086));
#5627 = CARTESIAN_POINT('',(-12.72149295073,31.299672494785,
    10.508265131683));
#5628 = CARTESIAN_POINT('',(-12.67748852641,31.250066650704,
    10.561259824975));
#5629 = CARTESIAN_POINT('',(-12.63540109376,31.197981286796,
    10.611464398529));
#5630 = CARTESIAN_POINT('',(-12.59536081006,31.143711620519,
    10.658813214357));
#5631 = CARTESIAN_POINT('',(-12.49903214369,31.001072163798,
    10.771829435029));
#5632 = CARTESIAN_POINT('',(-12.44580805225,30.910325575449,
    10.833389170077));
#5633 = CARTESIAN_POINT('',(-12.39775712811,30.816102608897,
    10.888303406403));
#5634 = CARTESIAN_POINT('',(-12.35477653571,30.719131130205,
    10.936937371088));
#5635 = CARTESIAN_POINT('',(-12.31670203996,30.620129138595,
    10.979671126946));
#5636 = CARTESIAN_POINT('',(-12.28331510412,30.519814180856,
    11.016897977179));
#5637 = CARTESIAN_POINT('',(-12.22511084122,30.317056754434,
    11.08145168629));
#5638 = CARTESIAN_POINT('',(-12.20029581512,30.214317731777,
    11.108772792056));
#5639 = CARTESIAN_POINT('',(-12.17957171248,30.11107102596,
    11.131466511498));
#5640 = CARTESIAN_POINT('',(-12.16261994913,30.007610641941,
    11.149957985863));
#5641 = CARTESIAN_POINT('',(-12.14914203947,29.904156781517,
    11.16462079148));
#5642 = CARTESIAN_POINT('',(-12.13886508236,29.800863363369,
    11.175780557759));
#5643 = CARTESIAN_POINT('',(-12.12470990392,29.601553230262,
    11.191135398346));
#5644 = CARTESIAN_POINT('',(-12.12045387974,29.505478788595,
    11.195741612156));
#5645 = CARTESIAN_POINT('',(-12.11858616211,29.409710677715,
    11.197760641563));
#5646 = CARTESIAN_POINT('',(-12.11893145447,29.314324757072,
    11.197387570773));
#5647 = CARTESIAN_POINT('',(-12.12133321469,29.219364678107,
    11.194790319468));
#5648 = CARTESIAN_POINT('',(-12.12565469376,29.124842276378,
    11.190110809031));
#5649 = CARTESIAN_POINT('',(-12.1550226861,28.67365401176,11.1582525267)
  );
#5650 = CARTESIAN_POINT('',(-12.20438454253,28.320335793081,
    11.104582988853));
#5651 = CARTESIAN_POINT('',(-12.27381888656,27.974623437624,
    11.028514237779));
#5652 = CARTESIAN_POINT('',(-12.35888858744,27.637852314834,
    10.933725210218));
#5653 = CARTESIAN_POINT('',(-12.45699743223,27.309545148294,
    10.822097786343));
#5654 = CARTESIAN_POINT('',(-12.56703071292,26.98830627836,
    10.693741068321));
#5655 = CARTESIAN_POINT('',(-12.81358082415,26.350768441436,
    10.39712370491));
#5656 = CARTESIAN_POINT('',(-12.9484784882,26.040346525083,
    10.230624699103));
#5657 = CARTESIAN_POINT('',(-13.09321911144,25.739217337315,
    10.046583780615));
#5658 = CARTESIAN_POINT('',(-13.24855666955,25.446186561798,
    9.842297043478));
#5659 = CARTESIAN_POINT('',(-13.41518114869,25.162950927418,
    9.614386915231));
#5660 = CARTESIAN_POINT('',(-13.59275310814,24.895280422346,
    9.359614211453));
#5661 = CARTESIAN_POINT('',(-13.883683711,24.51973906618,8.917912886898)
  );
#5662 = CARTESIAN_POINT('',(-13.99035960819,24.39399186576,
    8.751346163882));
#5663 = CARTESIAN_POINT('',(-14.10100429347,24.276464250299,
    8.573405761673));
#5664 = CARTESIAN_POINT('',(-14.21645787029,24.16894706082,
    8.381548594252));
#5665 = CARTESIAN_POINT('',(-14.3367924628,24.075585369065,
    8.173926238201));
#5666 = CARTESIAN_POINT('',(-14.46117272905,24.002997825364,
    7.949722620472));
#5667 = CARTESIAN_POINT('',(-14.67350600267,23.931844219176,
    7.547963433436));
#5668 = CARTESIAN_POINT('',(-14.76264936686,23.916050798423,
    7.374220042231));
#5669 = CARTESIAN_POINT('',(-14.85168226022,23.918557482304,
    7.194399306752));
#5670 = CARTESIAN_POINT('',(-14.93781654637,23.942478924263,
    7.013577525501));
#5671 = CARTESIAN_POINT('',(-15.01902352997,23.988587101477,
    6.836473484099));
#5672 = CARTESIAN_POINT('',(-15.09391431999,24.055293323618,
    6.667324202432));
#5673 = CARTESIAN_POINT('',(-15.23556219414,24.229613782024,
    6.337409645003));
#5674 = CARTESIAN_POINT('',(-15.29930646075,24.338407603464,
    6.182647655345));
#5675 = CARTESIAN_POINT('',(-15.35420662432,24.460466333241,
    6.044615611828));
#5676 = CARTESIAN_POINT('',(-15.40145118665,24.591990652865,
    5.922330524635));
#5677 = CARTESIAN_POINT('',(-15.44207439954,24.729874857984,
    5.814625297957));
#5678 = CARTESIAN_POINT('',(-15.47696620759,24.87166112921,
    5.720243671729));
#5679 = CARTESIAN_POINT('',(-15.5383319204,25.166612792273,
    5.551459910449));
#5680 = CARTESIAN_POINT('',(-15.56460705059,25.321510461366,
    5.477439428874));
#5681 = CARTESIAN_POINT('',(-15.58649210019,25.478541455731,
    5.414664824631));
#5682 = CARTESIAN_POINT('',(-15.60460326883,25.636668298848,
    5.362001734614));
#5683 = CARTESIAN_POINT('',(-15.61942571462,25.795381365887,
    5.318454518064));
#5684 = CARTESIAN_POINT('',(-15.63132722067,25.954610220803,
    5.283223373185));
#5685 = CARTESIAN_POINT('',(-15.65772889597,26.412278237794,
    5.204654798446));
#5686 = CARTESIAN_POINT('',(-15.66564208047,26.712334939835,
    5.180461139452));
#5687 = CARTESIAN_POINT('',(-15.66566179854,27.01161379993,5.18033723597
    ));
#5688 = CARTESIAN_POINT('',(-15.65853538439,27.308517907202,
    5.202094060436));
#5689 = CARTESIAN_POINT('',(-15.64458884562,27.602397064553,
    5.244277191293));
#5690 = CARTESIAN_POINT('',(-15.62376375613,27.893053111814,
    5.306171832068));
#5691 = CARTESIAN_POINT('',(-15.562557323,28.516896750651,5.483341406711
    ));
#5692 = CARTESIAN_POINT('',(-15.51955256067,28.847688288547,
    5.605610191125));
#5693 = CARTESIAN_POINT('',(-15.46604812018,29.171136731588,
    5.753811795446));
#5694 = CARTESIAN_POINT('',(-15.40105654203,29.48558009167,
    5.927680432176));
#5695 = CARTESIAN_POINT('',(-15.3231621902,29.789028366942,
    6.127278151107));
#5696 = CARTESIAN_POINT('',(-15.2304971663,30.078792519324,
    6.352720576469));
#5697 = CARTESIAN_POINT('',(-15.08281465114,30.445293907072,
    6.69086811478));
#5698 = CARTESIAN_POINT('',(-15.04277677341,30.537478333533,
    6.780950069719));
#5699 = CARTESIAN_POINT('',(-15.00060085172,30.627399523376,
    6.874115647434));
#5700 = CARTESIAN_POINT('',(-14.95618496403,30.714882724012,
    6.97036089301));
#5701 = CARTESIAN_POINT('',(-14.90942477296,30.799724645153,
    7.069670241625));
#5702 = CARTESIAN_POINT('',(-14.86021395484,30.88169331497,
    7.172016351814));
#5703 = CARTESIAN_POINT('',(-14.74949721341,31.050293392196,
    7.39730996774));
#5704 = CARTESIAN_POINT('',(-14.68724490806,31.135976214847,
    7.521121361051));
#5705 = CARTESIAN_POINT('',(-14.62151073871,31.217223843505,
    7.648774338064));
#5706 = CARTESIAN_POINT('',(-14.5521188103,31.293606141573,
    7.780217335288));
#5707 = CARTESIAN_POINT('',(-14.47890643308,31.364603463527,
    7.915344692309));
#5708 = CARTESIAN_POINT('',(-14.40174138,31.429594615988,8.053978315738)
  );
#5709 = CARTESIAN_POINT('',(-14.3205442752,31.487844712909,8.19585332115
    ));
#5710 = PCURVE('',#227,#5711);
#5711 = DEFINITIONAL_REPRESENTATION('',(#5712),#5817);
#5712 = B_SPLINE_CURVE_WITH_KNOTS('',7,(#5713,#5714,#5715,#5716,#5717,
    #5718,#5719,#5720,#5721,#5722,#5723,#5724,#5725,#5726,#5727,#5728,
    #5729,#5730,#5731,#5732,#5733,#5734,#5735,#5736,#5737,#5738,#5739,
    #5740,#5741,#5742,#5743,#5744,#5745,#5746,#5747,#5748,#5749,#5750,
    #5751,#5752,#5753,#5754,#5755,#5756,#5757,#5758,#5759,#5760,#5761,
    #5762,#5763,#5764,#5765,#5766,#5767,#5768,#5769,#5770,#5771,#5772,
    #5773,#5774,#5775,#5776,#5777,#5778,#5779,#5780,#5781,#5782,#5783,
    #5784,#5785,#5786,#5787,#5788,#5789,#5790,#5791,#5792,#5793,#5794,
    #5795,#5796,#5797,#5798,#5799,#5800,#5801,#5802,#5803,#5804,#5805,
    #5806,#5807,#5808,#5809,#5810,#5811,#5812,#5813,#5814,#5815,#5816),
  .UNSPECIFIED.,.T.,.F.,(8,6,6,6,6,6,6,6,6,6,6,6,6,6,6,6,6,8),(0.,
    5.166333963216E-02,7.814818076928E-02,9.637423470473E-02,
    0.118681424839,0.153075766317,0.187795501725,0.220235524446,
    0.343330961654,0.469231363264,0.539423722093,0.586798949828,
    0.638521342707,0.692859094839,0.793928445846,0.912297913708,
    0.953305965857,1.),.UNSPECIFIED.);
#5713 = CARTESIAN_POINT('',(5.232202598108,31.487844712909));
#5714 = CARTESIAN_POINT('',(5.243132348457,31.552107643623));
#5715 = CARTESIAN_POINT('',(5.254428347298,31.608230348216));
#5716 = CARTESIAN_POINT('',(5.266074826655,31.655175026093));
#5717 = CARTESIAN_POINT('',(5.278044913894,31.691725995934));
#5718 = CARTESIAN_POINT('',(5.290295827497,31.716477642788));
#5719 = CARTESIAN_POINT('',(5.302763798094,31.727822553012));
#5720 = CARTESIAN_POINT('',(5.321815408627,31.721949390495));
#5721 = CARTESIAN_POINT('',(5.328307892171,31.715956062976));
#5722 = CARTESIAN_POINT('',(5.334809612576,31.705714147349));
#5723 = CARTESIAN_POINT('',(5.34129417019,31.691013466322));
#5724 = CARTESIAN_POINT('',(5.347735320613,31.671679135));
#5725 = CARTESIAN_POINT('',(5.354106976783,31.647571323465));
#5726 = CARTESIAN_POINT('',(5.364702322641,31.598637535426));
#5727 = CARTESIAN_POINT('',(5.36897383462,31.576390892186));
#5728 = CARTESIAN_POINT('',(5.37318396677,31.551841156959));
#5729 = CARTESIAN_POINT('',(5.377320020747,31.525006694769));
#5730 = CARTESIAN_POINT('',(5.381370376253,31.495927949019));
#5731 = CARTESIAN_POINT('',(5.385324487212,31.46466722219));
#5732 = CARTESIAN_POINT('',(5.393882991484,31.390480072584));
#5733 = CARTESIAN_POINT('',(5.398430394042,31.346546547625));
#5734 = CARTESIAN_POINT('',(5.40279832684,31.299672494785));
#5735 = CARTESIAN_POINT('',(5.406972947408,31.250066650703));
#5736 = CARTESIAN_POINT('',(5.410943323329,31.197981286796));
#5737 = CARTESIAN_POINT('',(5.414701425987,31.143711620519));
#5738 = CARTESIAN_POINT('',(5.423701350097,31.001072163798));
#5739 = CARTESIAN_POINT('',(5.428633241165,30.910325575449));
#5740 = CARTESIAN_POINT('',(5.433055485737,30.816102608897));
#5741 = CARTESIAN_POINT('',(5.436989027077,30.719131130205));
#5742 = CARTESIAN_POINT('',(5.440457788007,30.620129138595));
#5743 = CARTESIAN_POINT('',(5.443488395412,30.519814180856));
#5744 = CARTESIAN_POINT('',(5.448756215344,30.317056754434));
#5745 = CARTESIAN_POINT('',(5.450993073445,30.214317731777));
#5746 = CARTESIAN_POINT('',(5.452855645363,30.11107102596));
#5747 = CARTESIAN_POINT('',(5.45437599422,30.007610641941));
#5748 = CARTESIAN_POINT('',(5.455583033469,29.904156781517));
#5749 = CARTESIAN_POINT('',(5.45650248042,29.800863363369));
#5750 = CARTESIAN_POINT('',(5.457768175576,29.601553230262));
#5751 = CARTESIAN_POINT('',(5.458148262676,29.505478788595));
#5752 = CARTESIAN_POINT('',(5.458314955063,29.409710677715));
#5753 = CARTESIAN_POINT('',(5.458284146675,29.314324757072));
#5754 = CARTESIAN_POINT('',(5.458069750664,29.219364678107));
#5755 = CARTESIAN_POINT('',(5.457683708662,29.124842276378));
#5756 = CARTESIAN_POINT('',(5.455057689859,28.67365401176));
#5757 = CARTESIAN_POINT('',(5.450638432206,28.320335793081));
#5758 = CARTESIAN_POINT('',(5.444396467981,27.974623437624));
#5759 = CARTESIAN_POINT('',(5.436677939656,27.637852314834));
#5760 = CARTESIAN_POINT('',(5.427671950269,27.309545148294));
#5761 = CARTESIAN_POINT('',(5.417426806873,26.98830627836));
#5762 = CARTESIAN_POINT('',(5.394050709294,26.350768441436));
#5763 = CARTESIAN_POINT('',(5.381064580063,26.040346525083));
#5764 = CARTESIAN_POINT('',(5.366876892596,25.739217337315));
#5765 = CARTESIAN_POINT('',(5.351327134555,25.446186561798));
#5766 = CARTESIAN_POINT('',(5.334222731552,25.162950927418));
#5767 = CARTESIAN_POINT('',(5.315408052188,24.895280422346));
#5768 = CARTESIAN_POINT('',(5.283353193575,24.51973906618));
#5769 = CARTESIAN_POINT('',(5.271366389856,24.39399186576));
#5770 = CARTESIAN_POINT('',(5.258669173197,24.276464250299));
#5771 = CARTESIAN_POINT('',(5.245101260848,24.16894706082));
#5772 = CARTESIAN_POINT('',(5.230561211439,24.075585369065));
#5773 = CARTESIAN_POINT('',(5.215025406988,24.002997825364));
#5774 = CARTESIAN_POINT('',(5.187484912488,23.931844219176));
#5775 = CARTESIAN_POINT('',(5.17565078206,23.916050798424));
#5776 = CARTESIAN_POINT('',(5.163491919269,23.918557482304));
#5777 = CARTESIAN_POINT('',(5.151355663562,23.942478924263));
#5778 = CARTESIAN_POINT('',(5.139549179947,23.988587101477));
#5779 = CARTESIAN_POINT('',(5.128338572733,24.055293323618));
#5780 = CARTESIAN_POINT('',(5.106578740365,24.229613782024));
#5781 = CARTESIAN_POINT('',(5.096435875578,24.338407603464));
#5782 = CARTESIAN_POINT('',(5.087433789912,24.460466333241));
#5783 = CARTESIAN_POINT('',(5.079489195291,24.591990652865));
#5784 = CARTESIAN_POINT('',(5.072513003762,24.729874857984));
#5785 = CARTESIAN_POINT('',(5.066414623029,24.87166112921));
#5786 = CARTESIAN_POINT('',(5.055530188134,25.166612792273));
#5787 = CARTESIAN_POINT('',(5.050769983956,25.321510461366));
#5788 = CARTESIAN_POINT('',(5.046740964013,25.478541455731));
#5789 = CARTESIAN_POINT('',(5.043365819094,25.636668298848));
#5790 = CARTESIAN_POINT('',(5.040577915172,25.795381365887));
#5791 = CARTESIAN_POINT('',(5.038324153687,25.954610220803));
#5792 = CARTESIAN_POINT('',(5.033300766914,26.412278237794));
#5793 = CARTESIAN_POINT('',(5.031758094343,26.712334939835));
#5794 = CARTESIAN_POINT('',(5.031750548919,27.01161379993));
#5795 = CARTESIAN_POINT('',(5.033138106421,27.308517907203));
#5796 = CARTESIAN_POINT('',(5.035830751764,27.602397064553));
#5797 = CARTESIAN_POINT('',(5.039788450921,27.893053111814));
#5798 = CARTESIAN_POINT('',(5.0511486986,28.516896750651));
#5799 = CARTESIAN_POINT('',(5.059003801493,28.847688288547));
#5800 = CARTESIAN_POINT('',(5.068552600878,29.171136731588));
#5801 = CARTESIAN_POINT('',(5.079800748915,29.48558009167));
#5802 = CARTESIAN_POINT('',(5.092783381495,29.789028366942));
#5803 = CARTESIAN_POINT('',(5.107552232919,30.078792519324));
#5804 = CARTESIAN_POINT('',(5.129915284808,30.445293907072));
#5805 = CARTESIAN_POINT('',(5.13588963569,30.537478333533));
#5806 = CARTESIAN_POINT('',(5.142087424937,30.627399523376));
#5807 = CARTESIAN_POINT('',(5.148511322617,30.714882724012));
#5808 = CARTESIAN_POINT('',(5.15516354563,30.799724645153));
#5809 = CARTESIAN_POINT('',(5.162045865555,30.88169331497));
#5810 = CARTESIAN_POINT('',(5.177259726401,31.050293392196));
#5811 = CARTESIAN_POINT('',(5.185658207432,31.135976214847));
#5812 = CARTESIAN_POINT('',(5.194359585023,31.217223843505));
#5813 = CARTESIAN_POINT('',(5.203366905835,31.293606141573));
#5814 = CARTESIAN_POINT('',(5.212680287313,31.364603463527));
#5815 = CARTESIAN_POINT('',(5.222295502213,31.429594615988));
#5816 = CARTESIAN_POINT('',(5.232202598108,31.487844712909));
#5817 = ( GEOMETRIC_REPRESENTATION_CONTEXT(2) 
PARAMETRIC_REPRESENTATION_CONTEXT() REPRESENTATION_CONTEXT('2D SPACE',''
  ) );
#5818 = PCURVE('',#2555,#5819);
#5819 = DEFINITIONAL_REPRESENTATION('',(#5820),#5925);
#5820 = B_SPLINE_CURVE_WITH_KNOTS('',7,(#5821,#5822,#5823,#5824,#5825,
    #5826,#5827,#5828,#5829,#5830,#5831,#5832,#5833,#5834,#5835,#5836,
    #5837,#5838,#5839,#5840,#5841,#5842,#5843,#5844,#5845,#5846,#5847,
    #5848,#5849,#5850,#5851,#5852,#5853,#5854,#5855,#5856,#5857,#5858,
    #5859,#5860,#5861,#5862,#5863,#5864,#5865,#5866,#5867,#5868,#5869,
    #5870,#5871,#5872,#5873,#5874,#5875,#5876,#5877,#5878,#5879,#5880,
    #5881,#5882,#5883,#5884,#5885,#5886,#5887,#5888,#5889,#5890,#5891,
    #5892,#5893,#5894,#5895,#5896,#5897,#5898,#5899,#5900,#5901,#5902,
    #5903,#5904,#5905,#5906,#5907,#5908,#5909,#5910,#5911,#5912,#5913,
    #5914,#5915,#5916,#5917,#5918,#5919,#5920,#5921,#5922,#5923,#5924),
  .UNSPECIFIED.,.F.,.F.,(8,6,6,6,6,6,6,6,6,6,6,6,6,6,6,6,6,8),(0.,
    5.166333963216E-02,7.814818076928E-02,9.637423470473E-02,
    0.118681424839,0.153075766317,0.187795501725,0.220235524446,
    0.343330961654,0.469231363264,0.539423722093,0.586798949828,
    0.638521342707,0.692859094839,0.793928445846,0.912297913708,
    0.953305965857,1.),.UNSPECIFIED.);
#5821 = CARTESIAN_POINT('',(0.,14.718522670714));
#5822 = CARTESIAN_POINT('',(5.217332459375E-02,14.828768103003));
#5823 = CARTESIAN_POINT('',(0.105714217119,14.938329275104));
#5824 = CARTESIAN_POINT('',(0.160723128822,15.046677515794));
#5825 = CARTESIAN_POINT('',(0.217300655874,15.15309800413));
#5826 = CARTESIAN_POINT('',(0.275543860816,15.256630495967));
#5827 = CARTESIAN_POINT('',(0.335550257542,15.355992916114));
#5828 = CARTESIAN_POINT('',(0.429151389781,15.497417307144));
#5829 = CARTESIAN_POINT('',(0.461377471516,15.543822626641));
#5830 = CARTESIAN_POINT('',(0.494052012064,15.588366235236));
#5831 = CARTESIAN_POINT('',(0.527126004713,15.630718655781));
#5832 = CARTESIAN_POINT('',(0.560555396085,15.6705591282));
#5833 = CARTESIAN_POINT('',(0.594299353231,15.707576264347));
#5834 = CARTESIAN_POINT('',(0.65172948344,15.764792437709));
#5835 = CARTESIAN_POINT('',(0.675257696898,15.786623426398));
#5836 = CARTESIAN_POINT('',(0.698860614145,15.806837570062));
#5837 = CARTESIAN_POINT('',(0.722498643473,15.825328308663));
#5838 = CARTESIAN_POINT('',(0.746134214583,15.842007400423));
#5839 = CARTESIAN_POINT('',(0.769730834758,15.856805701253));
#5840 = CARTESIAN_POINT('',(0.822040293159,15.88542361457));
#5841 = CARTESIAN_POINT('',(0.85068905201,15.898267625102));
#5842 = CARTESIAN_POINT('',(0.879132629947,15.908125968679));
#5843 = CARTESIAN_POINT('',(0.907308186455,15.914965609452));
#5844 = CARTESIAN_POINT('',(0.935153884369,15.918802289539));
#5845 = CARTESIAN_POINT('',(0.962606942104,15.919702335738));
#5846 = CARTESIAN_POINT('',(1.031223532021,15.914827399122));
#5847 = CARTESIAN_POINT('',(1.071675896607,15.905177108254));
#5848 = CARTESIAN_POINT('',(1.110976340596,15.889297012842));
#5849 = CARTESIAN_POINT('',(1.149132247906,15.867694949583));
#5850 = CARTESIAN_POINT('',(1.186140021991,15.840922893156));
#5851 = CARTESIAN_POINT('',(1.221984282418,15.809576676708));
#5852 = CARTESIAN_POINT('',(1.291617679379,15.738680965994));
#5853 = CARTESIAN_POINT('',(1.325482226822,15.698956738464));
#5854 = CARTESIAN_POINT('',(1.358314413437,15.655612546637));
#5855 = CARTESIAN_POINT('',(1.390191781825,15.609078630132));
#5856 = CARTESIAN_POINT('',(1.421187833,15.559725877282));
#5857 = CARTESIAN_POINT('',(1.451374151856,15.507865751116));
#5858 = CARTESIAN_POINT('',(1.508337320151,15.403187928798));
#5859 = CARTESIAN_POINT('',(1.535215054285,15.350643562564));
#5860 = CARTESIAN_POINT('',(1.561504418763,15.296337168527));
#5861 = CARTESIAN_POINT('',(1.587251827341,15.240455400928));
#5862 = CARTESIAN_POINT('',(1.612502826818,15.183150900994));
#5863 = CARTESIAN_POINT('',(1.637303500039,15.124541681578));
#5864 = CARTESIAN_POINT('',(1.754282811524,14.8376778717));
#5865 = CARTESIAN_POINT('',(1.841655239685,14.591617503024));
#5866 = CARTESIAN_POINT('',(1.925064598196,14.333680987953));
#5867 = CARTESIAN_POINT('',(2.005545124328,14.068252062321));
#5868 = CARTESIAN_POINT('',(2.084203187197,13.797162040257));
#5869 = CARTESIAN_POINT('',(2.162210877549,13.520503123667));
#5870 = CARTESIAN_POINT('',(2.32140616196,12.948545901555));
#5871 = CARTESIAN_POINT('',(2.401227651921,12.657989009841));
#5872 = CARTESIAN_POINT('',(2.482062185855,12.364851141962));
#5873 = CARTESIAN_POINT('',(2.565392481161,12.067823487435));
#5874 = CARTESIAN_POINT('',(2.652605459174,11.767334442754));
#5875 = CARTESIAN_POINT('',(2.744939893612,11.467023188035));
#5876 = CARTESIAN_POINT('',(2.898951250697,11.011724930862));
#5877 = CARTESIAN_POINT('',(2.955941044692,10.851747650536));
#5878 = CARTESIAN_POINT('',(3.015950505091,10.693336838883));
#5879 = CARTESIAN_POINT('',(3.079952823082,10.536853775049));
#5880 = CARTESIAN_POINT('',(3.148805305985,10.384656050369));
#5881 = CARTESIAN_POINT('',(3.223283024537,10.241280475539));
#5882 = CARTESIAN_POINT('',(3.358995383813,10.027275571428));
#5883 = CARTESIAN_POINT('',(3.418257853304,9.945637068897));
#5884 = CARTESIAN_POINT('',(3.480585772056,9.874755603248));
#5885 = CARTESIAN_POINT('',(3.544827727198,9.818712197973));
#5886 = CARTESIAN_POINT('',(3.609962209998,9.779605237198));
#5887 = CARTESIAN_POINT('',(3.674929901206,9.757637187912));
#5888 = CARTESIAN_POINT('',(3.807893390572,9.744155640105));
#5889 = CARTESIAN_POINT('',(3.874084770627,9.755777760547));
#5890 = CARTESIAN_POINT('',(3.937262477474,9.782318272536));
#5891 = CARTESIAN_POINT('',(3.997570297243,9.820596820224));
#5892 = CARTESIAN_POINT('',(4.055137126187,9.867962694952));
#5893 = CARTESIAN_POINT('',(4.110099216727,9.922260100411));
#5894 = CARTESIAN_POINT('',(4.217776553201,10.044327758755));
#5895 = CARTESIAN_POINT('',(4.270792649553,10.113269281635));
#5896 = CARTESIAN_POINT('',(4.321889444051,10.187021445019));
#5897 = CARTESIAN_POINT('',(4.371305694246,10.264478809913));
#5898 = CARTESIAN_POINT('',(4.419302333823,10.344950102451));
#5899 = CARTESIAN_POINT('',(4.466169153487,10.428095427083));
#5900 = CARTESIAN_POINT('',(4.597886559727,10.673421347467));
#5901 = CARTESIAN_POINT('',(4.680643454175,10.841896997072));
#5902 = CARTESIAN_POINT('',(4.761122102179,11.016332979896));
#5903 = CARTESIAN_POINT('',(4.839899999076,11.195191206368));
#5904 = CARTESIAN_POINT('',(4.917570210322,11.377827777827));
#5905 = CARTESIAN_POINT('',(4.994730398981,11.564174658611));
#5906 = CARTESIAN_POINT('',(5.162538657632,11.977550596839));
#5907 = CARTESIAN_POINT('',(5.25292247861,12.205314603765));
#5908 = CARTESIAN_POINT('',(5.343789215688,12.437329652989));
#5909 = CARTESIAN_POINT('',(5.435700037851,12.673429307186));
#5910 = CARTESIAN_POINT('',(5.529247682873,12.913603837004));
#5911 = CARTESIAN_POINT('',(5.625034054038,13.157803519866));
#5912 = CARTESIAN_POINT('',(5.758019159945,13.491437757665));
#5913 = CARTESIAN_POINT('',(5.792590975119,13.577705092973));
#5914 = CARTESIAN_POINT('',(5.827553778702,13.664390412325));
#5915 = CARTESIAN_POINT('',(5.862942249245,13.751474666632));
#5916 = CARTESIAN_POINT('',(5.898791303976,13.838924134487));
#5917 = CARTESIAN_POINT('',(5.935138080338,13.926689989729));
#5918 = CARTESIAN_POINT('',(6.014024169957,14.114929889946));
#5919 = CARTESIAN_POINT('',(6.056714594794,14.215457461344));
#5920 = CARTESIAN_POINT('',(6.100170115229,14.316228870921));
#5921 = CARTESIAN_POINT('',(6.144467244617,14.417136310128));
#5922 = CARTESIAN_POINT('',(6.189682424328,14.518009065143));
#5923 = CARTESIAN_POINT('',(6.235893638709,14.618592476983));
#5924 = CARTESIAN_POINT('',(6.28318530718,14.718522670714));
#5925 = ( GEOMETRIC_REPRESENTATION_CONTEXT(2) 
PARAMETRIC_REPRESENTATION_CONTEXT() REPRESENTATION_CONTEXT('2D SPACE',''
  ) );
#5926 = FACE_BOUND('',#5927,.T.);
#5927 = EDGE_LOOP('',(#5928));
#5928 = ORIENTED_EDGE('',*,*,#5929,.T.);
#5929 = EDGE_CURVE('',#5930,#5930,#5932,.T.);
#5930 = VERTEX_POINT('',#5931);
#5931 = CARTESIAN_POINT('',(-16.2938638757,46.,2.6));
#5932 = SURFACE_CURVE('',#5933,(#5984,#6038),.PCURVE_S1.);
#5933 = B_SPLINE_CURVE_WITH_KNOTS('',7,(#5934,#5935,#5936,#5937,#5938,
    #5939,#5940,#5941,#5942,#5943,#5944,#5945,#5946,#5947,#5948,#5949,
    #5950,#5951,#5952,#5953,#5954,#5955,#5956,#5957,#5958,#5959,#5960,
    #5961,#5962,#5963,#5964,#5965,#5966,#5967,#5968,#5969,#5970,#5971,
    #5972,#5973,#5974,#5975,#5976,#5977,#5978,#5979,#5980,#5981,#5982,
    #5983),.UNSPECIFIED.,.T.,.F.,(8,6,6,6,6,6,6,6,8),(0.,0.13793254662,
    0.250000000012,0.362067453406,0.500000000026,0.637932546645,
    0.750000000006,0.862067453386,1.),.UNSPECIFIED.);
#5934 = CARTESIAN_POINT('',(-16.2938638757,46.,2.6));
#5935 = CARTESIAN_POINT('',(-16.2938638757,45.72042828702,2.6));
#5936 = CARTESIAN_POINT('',(-16.29945999462,45.441244425076,
    2.56492929773));
#5937 = CARTESIAN_POINT('',(-16.31062634285,45.164934642704,
    2.494954091512));
#5938 = CARTESIAN_POINT('',(-16.32701715426,44.894289025584,
    2.389171523298));
#5939 = CARTESIAN_POINT('',(-16.34794148385,44.632944484541,
    2.245909851405));
#5940 = CARTESIAN_POINT('',(-16.37207961468,44.386067644943,
    2.063022907113));
#5941 = CARTESIAN_POINT('',(-16.41771107353,43.979083793885,
    1.656039056055));
#5942 = CARTESIAN_POINT('',(-16.43934193041,43.807013593079,
    1.441727080352));
#5943 = CARTESIAN_POINT('',(-16.46054442061,43.655255782543,
    1.196515506658));
#5944 = CARTESIAN_POINT('',(-16.47914277471,43.532368684094,
    0.923763788003));
#5945 = CARTESIAN_POINT('',(-16.4928402988,43.445435302524,
    0.628752379618));
#5946 = CARTESIAN_POINT('',(-16.5,43.4,0.318208501568));
#5947 = CARTESIAN_POINT('',(-16.5,43.4,-0.318208501574));
#5948 = CARTESIAN_POINT('',(-16.4928402988,43.445435302526,
    -0.628752379612));
#5949 = CARTESIAN_POINT('',(-16.47914277471,43.532368684091,
    -0.923763787999));
#5950 = CARTESIAN_POINT('',(-16.46054442061,43.655255782542,
    -1.196515506663));
#5951 = CARTESIAN_POINT('',(-16.43934193041,43.807013593085,
    -1.441727080356));
#5952 = CARTESIAN_POINT('',(-16.41771107353,43.979083793881,
    -1.656039056051));
#5953 = CARTESIAN_POINT('',(-16.37207961468,44.386067644943,
    -2.063022907113));
#5954 = CARTESIAN_POINT('',(-16.34794148385,44.632944484541,
    -2.245909851404));
#5955 = CARTESIAN_POINT('',(-16.32701715426,44.894289025584,
    -2.389171523299));
#5956 = CARTESIAN_POINT('',(-16.31062634285,45.164934642703,
    -2.494954091511));
#5957 = CARTESIAN_POINT('',(-16.29945999462,45.441244425076,
    -2.56492929773));
#5958 = CARTESIAN_POINT('',(-16.2938638757,45.72042828702,-2.6));
#5959 = CARTESIAN_POINT('',(-16.2938638757,46.27957171298,-2.6));
#5960 = CARTESIAN_POINT('',(-16.29945999462,46.558755574925,
    -2.56492929773));
#5961 = CARTESIAN_POINT('',(-16.31062634285,46.835065357295,
    -2.494954091512));
#5962 = CARTESIAN_POINT('',(-16.32701715426,47.105710974417,
    -2.389171523298));
#5963 = CARTESIAN_POINT('',(-16.34794148385,47.367055515458,
    -2.245909851405));
#5964 = CARTESIAN_POINT('',(-16.37207961468,47.613932355057,
    -2.063022907113));
#5965 = CARTESIAN_POINT('',(-16.41771107352,48.020916206066,
    -1.656039056104));
#5966 = CARTESIAN_POINT('',(-16.43934193042,48.192986406989,
    -1.441727080306));
#5967 = CARTESIAN_POINT('',(-16.46054442062,48.344744217456,
    -1.196515506604));
#5968 = CARTESIAN_POINT('',(-16.4791427747,48.467631315863,
    -0.923763788052));
#5969 = CARTESIAN_POINT('',(-16.4928402988,48.554564697495,
    -0.628752379686));
#5970 = CARTESIAN_POINT('',(-16.5,48.6,-0.3182085015));
#5971 = CARTESIAN_POINT('',(-16.5,48.6,0.318208501552));
#5972 = CARTESIAN_POINT('',(-16.4928402988,48.55456469748,0.628752379634
    ));
#5973 = CARTESIAN_POINT('',(-16.47914277471,48.467631315896,
    0.923763788015));
#5974 = CARTESIAN_POINT('',(-16.46054442061,48.344744217456,
    1.196515506646));
#5975 = CARTESIAN_POINT('',(-16.43934193041,48.192986406938,
    1.441727080341));
#5976 = CARTESIAN_POINT('',(-16.41771107352,48.020916206103,
    1.656039056067));
#5977 = CARTESIAN_POINT('',(-16.37207961468,47.613932355057,
    2.063022907113));
#5978 = CARTESIAN_POINT('',(-16.34794148385,47.367055515459,
    2.245909851404));
#5979 = CARTESIAN_POINT('',(-16.32701715426,47.105710974415,
    2.389171523299));
#5980 = CARTESIAN_POINT('',(-16.31062634285,46.835065357297,
    2.494954091511));
#5981 = CARTESIAN_POINT('',(-16.29945999462,46.558755574923,
    2.56492929773));
#5982 = CARTESIAN_POINT('',(-16.2938638757,46.279571712981,2.6));
#5983 = CARTESIAN_POINT('',(-16.2938638757,46.,2.6));
#5984 = PCURVE('',#227,#5985);
#5985 = DEFINITIONAL_REPRESENTATION('',(#5986),#6037);
#5986 = B_SPLINE_CURVE_WITH_KNOTS('',7,(#5987,#5988,#5989,#5990,#5991,
    #5992,#5993,#5994,#5995,#5996,#5997,#5998,#5999,#6000,#6001,#6002,
    #6003,#6004,#6005,#6006,#6007,#6008,#6009,#6010,#6011,#6012,#6013,
    #6014,#6015,#6016,#6017,#6018,#6019,#6020,#6021,#6022,#6023,#6024,
    #6025,#6026,#6027,#6028,#6029,#6030,#6031,#6032,#6033,#6034,#6035,
    #6036),.UNSPECIFIED.,.T.,.F.,(8,6,6,6,6,6,6,6,8),(0.,0.13793254662,
    0.250000000012,0.362067453406,0.500000000026,0.637932546645,
    0.750000000006,0.862067453386,1.),.UNSPECIFIED.);
#5987 = CARTESIAN_POINT('',(4.870624237971,46.));
#5988 = CARTESIAN_POINT('',(4.870624237971,45.72042828702));
#5989 = CARTESIAN_POINT('',(4.868471852879,45.441244425076));
#5990 = CARTESIAN_POINT('',(4.864177267408,45.164934642704));
#5991 = CARTESIAN_POINT('',(4.857689787287,44.894289025584));
#5992 = CARTESIAN_POINT('',(4.848915835778,44.632944484541));
#5993 = CARTESIAN_POINT('',(4.837737794887,44.386067644943));
#5994 = CARTESIAN_POINT('',(4.812917553358,43.979083793885));
#5995 = CARTESIAN_POINT('',(4.799863766107,43.807013593079));
#5996 = CARTESIAN_POINT('',(4.784949521251,43.655255782543));
#5997 = CARTESIAN_POINT('',(4.768386330608,43.532368684094));
#5998 = CARTESIAN_POINT('',(4.750495196068,43.445435302524));
#5999 = CARTESIAN_POINT('',(4.731674344116,43.4));
#6000 = CARTESIAN_POINT('',(4.693103616653,43.4));
#6001 = CARTESIAN_POINT('',(4.674282764702,43.445435302526));
#6002 = CARTESIAN_POINT('',(4.656391630162,43.532368684091));
#6003 = CARTESIAN_POINT('',(4.639828439518,43.655255782542));
#6004 = CARTESIAN_POINT('',(4.624914194662,43.807013593085));
#6005 = CARTESIAN_POINT('',(4.611860407412,43.979083793881));
#6006 = CARTESIAN_POINT('',(4.587040165883,44.386067644943));
#6007 = CARTESIAN_POINT('',(4.575862124991,44.632944484541));
#6008 = CARTESIAN_POINT('',(4.567088173482,44.894289025584));
#6009 = CARTESIAN_POINT('',(4.560600693361,45.164934642704));
#6010 = CARTESIAN_POINT('',(4.55630610789,45.441244425076));
#6011 = CARTESIAN_POINT('',(4.554153722799,45.720428287019));
#6012 = CARTESIAN_POINT('',(4.554153722799,46.27957171298));
#6013 = CARTESIAN_POINT('',(4.55630610789,46.558755574925));
#6014 = CARTESIAN_POINT('',(4.560600693361,46.835065357295));
#6015 = CARTESIAN_POINT('',(4.567088173482,47.105710974417));
#6016 = CARTESIAN_POINT('',(4.575862124991,47.367055515458));
#6017 = CARTESIAN_POINT('',(4.587040165883,47.613932355057));
#6018 = CARTESIAN_POINT('',(4.611860407409,48.020916206066));
#6019 = CARTESIAN_POINT('',(4.624914194665,48.192986406989));
#6020 = CARTESIAN_POINT('',(4.639828439522,48.344744217457));
#6021 = CARTESIAN_POINT('',(4.656391630159,48.467631315862));
#6022 = CARTESIAN_POINT('',(4.674282764697,48.554564697495));
#6023 = CARTESIAN_POINT('',(4.693103616657,48.6));
#6024 = CARTESIAN_POINT('',(4.731674344115,48.6));
#6025 = CARTESIAN_POINT('',(4.750495196069,48.55456469748));
#6026 = CARTESIAN_POINT('',(4.768386330608,48.467631315896));
#6027 = CARTESIAN_POINT('',(4.78494952125,48.344744217456));
#6028 = CARTESIAN_POINT('',(4.799863766106,48.192986406938));
#6029 = CARTESIAN_POINT('',(4.812917553358,48.020916206103));
#6030 = CARTESIAN_POINT('',(4.837737794887,47.613932355057));
#6031 = CARTESIAN_POINT('',(4.848915835778,47.367055515459));
#6032 = CARTESIAN_POINT('',(4.857689787287,47.105710974416));
#6033 = CARTESIAN_POINT('',(4.864177267408,46.835065357297));
#6034 = CARTESIAN_POINT('',(4.86847185288,46.558755574923));
#6035 = CARTESIAN_POINT('',(4.870624237971,46.279571712981));
#6036 = CARTESIAN_POINT('',(4.870624237971,46.));
#6037 = ( GEOMETRIC_REPRESENTATION_CONTEXT(2) 
PARAMETRIC_REPRESENTATION_CONTEXT() REPRESENTATION_CONTEXT('2D SPACE',''
  ) );
#6038 = PCURVE('',#6039,#6044);
#6039 = CYLINDRICAL_SURFACE('',#6040,2.6);
#6040 = AXIS2_PLACEMENT_3D('',#6041,#6042,#6043);
#6041 = CARTESIAN_POINT('',(-18.5,46.,0.));
#6042 = DIRECTION('',(1.,0.,0.));
#6043 = DIRECTION('',(-0.,0.,1.));
#6044 = DEFINITIONAL_REPRESENTATION('',(#6045),#6096);
#6045 = B_SPLINE_CURVE_WITH_KNOTS('',7,(#6046,#6047,#6048,#6049,#6050,
    #6051,#6052,#6053,#6054,#6055,#6056,#6057,#6058,#6059,#6060,#6061,
    #6062,#6063,#6064,#6065,#6066,#6067,#6068,#6069,#6070,#6071,#6072,
    #6073,#6074,#6075,#6076,#6077,#6078,#6079,#6080,#6081,#6082,#6083,
    #6084,#6085,#6086,#6087,#6088,#6089,#6090,#6091,#6092,#6093,#6094,
    #6095),.UNSPECIFIED.,.F.,.F.,(8,6,6,6,6,6,6,6,8),(0.,0.13793254662,
    0.250000000012,0.362067453406,0.500000000026,0.637932546645,
    0.750000000006,0.862067453386,1.),.UNSPECIFIED.);
#6046 = CARTESIAN_POINT('',(0.,2.206136124295));
#6047 = CARTESIAN_POINT('',(0.107527581916,2.206136124295));
#6048 = CARTESIAN_POINT('',(0.214905605525,2.200540005373));
#6049 = CARTESIAN_POINT('',(0.323211009767,2.189373657141));
#6050 = CARTESIAN_POINT('',(0.433368672156,2.172982845739));
#6051 = CARTESIAN_POINT('',(0.546381016561,2.152058516147));
#6052 = CARTESIAN_POINT('',(0.663261634657,2.127920385319));
#6053 = CARTESIAN_POINT('',(0.884631666131,2.08228892647));
#6054 = CARTESIAN_POINT('',(0.989713869363,2.060658069587));
#6055 = CARTESIAN_POINT('',(1.099270669897,2.039455579383));
#6056 = CARTESIAN_POINT('',(1.212507853603,2.020857225284));
#6057 = CARTESIAN_POINT('',(1.328968615424,2.007159701196));
#6058 = CARTESIAN_POINT('',(1.448408441577,2.));
#6059 = CARTESIAN_POINT('',(1.693184212016,2.));
#6060 = CARTESIAN_POINT('',(1.812624038163,2.007159701197));
#6061 = CARTESIAN_POINT('',(1.929084799985,2.020857225284));
#6062 = CARTESIAN_POINT('',(2.042321983694,2.039455579383));
#6063 = CARTESIAN_POINT('',(2.151878784229,2.060658069587));
#6064 = CARTESIAN_POINT('',(2.256960987457,2.082288926469));
#6065 = CARTESIAN_POINT('',(2.478331018933,2.127920385319));
#6066 = CARTESIAN_POINT('',(2.595211637028,2.152058516147));
#6067 = CARTESIAN_POINT('',(2.708223981434,2.172982845739));
#6068 = CARTESIAN_POINT('',(2.818381643822,2.189373657141));
#6069 = CARTESIAN_POINT('',(2.926687048065,2.200540005373));
#6070 = CARTESIAN_POINT('',(3.034065071674,2.206136124295));
#6071 = CARTESIAN_POINT('',(3.249120235505,2.206136124295));
#6072 = CARTESIAN_POINT('',(3.356498259115,2.200540005373));
#6073 = CARTESIAN_POINT('',(3.464803663357,2.189373657141));
#6074 = CARTESIAN_POINT('',(3.574961325746,2.172982845739));
#6075 = CARTESIAN_POINT('',(3.687973670151,2.152058516147));
#6076 = CARTESIAN_POINT('',(3.804854288247,2.127920385319));
#6077 = CARTESIAN_POINT('',(4.026224319694,2.082288926475));
#6078 = CARTESIAN_POINT('',(4.131306522984,2.06065806958));
#6079 = CARTESIAN_POINT('',(4.2408633235,2.03945557938));
#6080 = CARTESIAN_POINT('',(4.354100507175,2.020857225292));
#6081 = CARTESIAN_POINT('',(4.470561268988,2.007159701193));
#6082 = CARTESIAN_POINT('',(4.590001095193,2.));
#6083 = CARTESIAN_POINT('',(4.834776865597,2.));
#6084 = CARTESIAN_POINT('',(4.954216691762,2.007159701196));
#6085 = CARTESIAN_POINT('',(5.070677453581,2.020857225286));
#6086 = CARTESIAN_POINT('',(5.18391463728,2.039455579382));
#6087 = CARTESIAN_POINT('',(5.293471437809,2.060658069585));
#6088 = CARTESIAN_POINT('',(5.398553641055,2.082288926471));
#6089 = CARTESIAN_POINT('',(5.619923672523,2.127920385319));
#6090 = CARTESIAN_POINT('',(5.736804290618,2.152058516147));
#6091 = CARTESIAN_POINT('',(5.849816635024,2.172982845739));
#6092 = CARTESIAN_POINT('',(5.959974297412,2.189373657141));
#6093 = CARTESIAN_POINT('',(6.068279701655,2.200540005373));
#6094 = CARTESIAN_POINT('',(6.175657725264,2.206136124295));
#6095 = CARTESIAN_POINT('',(6.28318530718,2.206136124295));
#6096 = ( GEOMETRIC_REPRESENTATION_CONTEXT(2) 
PARAMETRIC_REPRESENTATION_CONTEXT() REPRESENTATION_CONTEXT('2D SPACE',''
  ) );
#6097 = FACE_BOUND('',#6098,.T.);
#6098 = EDGE_LOOP('',(#6099));
#6099 = ORIENTED_EDGE('',*,*,#6100,.F.);
#6100 = EDGE_CURVE('',#6101,#6101,#6103,.T.);
#6101 = VERTEX_POINT('',#6102);
#6102 = CARTESIAN_POINT('',(16.293863875705,46.,2.6));
#6103 = SURFACE_CURVE('',#6104,(#6163,#6225),.PCURVE_S1.);
#6104 = B_SPLINE_CURVE_WITH_KNOTS('',8,(#6105,#6106,#6107,#6108,#6109,
    #6110,#6111,#6112,#6113,#6114,#6115,#6116,#6117,#6118,#6119,#6120,
    #6121,#6122,#6123,#6124,#6125,#6126,#6127,#6128,#6129,#6130,#6131,
    #6132,#6133,#6134,#6135,#6136,#6137,#6138,#6139,#6140,#6141,#6142,
    #6143,#6144,#6145,#6146,#6147,#6148,#6149,#6150,#6151,#6152,#6153,
    #6154,#6155,#6156,#6157,#6158,#6159,#6160,#6161,#6162),
  .UNSPECIFIED.,.T.,.F.,(9,7,7,7,7,7,7,7,9),(0.,0.14437151756,
    0.261670506882,0.378969496207,0.523341013766,0.677841771829,
    0.809263245411,0.900487413527,1.),.UNSPECIFIED.);
#6105 = CARTESIAN_POINT('',(16.293863875705,46.,2.6));
#6106 = CARTESIAN_POINT('',(16.293863875705,45.755374751142,2.6));
#6107 = CARTESIAN_POINT('',(16.298060964897,45.511040390562,
    2.573696973297));
#6108 = CARTESIAN_POINT('',(16.306438962272,45.268550811093,
    2.521194793843));
#6109 = CARTESIAN_POINT('',(16.31882174856,45.029611834144,
    2.442062807405));
#6110 = CARTESIAN_POINT('',(16.334863777858,44.796284822693,
    2.335448396338));
#6111 = CARTESIAN_POINT('',(16.35397601656,44.571225274642,
    2.200188115332));
#6112 = CARTESIAN_POINT('',(16.375226646343,44.357999485439,
    2.034954747609));
#6113 = CARTESIAN_POINT('',(16.415154172834,44.001888615785,
    1.678843877955));
#6114 = CARTESIAN_POINT('',(16.433934216194,43.850031143262,
    1.495305074267));
#6115 = CARTESIAN_POINT('',(16.452593486793,43.712164961482,
    1.288469846768));
#6116 = CARTESIAN_POINT('',(16.469843597665,43.593812233329,
    1.060139647329));
#6117 = CARTESIAN_POINT('',(16.484279346247,43.499768666015,
    0.813134509886));
#6118 = CARTESIAN_POINT('',(16.494630224104,43.434076476886,
    0.551116410122));
#6119 = CARTESIAN_POINT('',(16.5,43.4,0.278432438843));
#6120 = CARTESIAN_POINT('',(16.5,43.4,-0.278432438851));
#6121 = CARTESIAN_POINT('',(16.494630224104,43.434076476888,
    -0.551116410118));
#6122 = CARTESIAN_POINT('',(16.484279346247,43.499768666012,
    -0.813134509878));
#6123 = CARTESIAN_POINT('',(16.469843597666,43.593812233326,
    -1.06013964733));
#6124 = CARTESIAN_POINT('',(16.452593486792,43.712164961485,
    -1.288469846776));
#6125 = CARTESIAN_POINT('',(16.433934216194,43.850031143267,
    -1.49530507427));
#6126 = CARTESIAN_POINT('',(16.415154172835,44.001888615779,
    -1.678843877949));
#6127 = CARTESIAN_POINT('',(16.375226646343,44.35799948544,
    -2.03495474761));
#6128 = CARTESIAN_POINT('',(16.35397601656,44.571225274641,
    -2.200188115331));
#6129 = CARTESIAN_POINT('',(16.334863777858,44.796284822693,
    -2.335448396338));
#6130 = CARTESIAN_POINT('',(16.31882174856,45.029611834144,
    -2.442062807405));
#6131 = CARTESIAN_POINT('',(16.306438962272,45.268550811093,
    -2.521194793843));
#6132 = CARTESIAN_POINT('',(16.298060964897,45.511040390562,
    -2.573696973297));
#6133 = CARTESIAN_POINT('',(16.293863875705,45.755374751142,-2.6));
#6134 = CARTESIAN_POINT('',(16.293863875705,46.261788384779,-2.6));
#6135 = CARTESIAN_POINT('',(16.298670645203,46.523184811489,
    -2.569875284898));
#6136 = CARTESIAN_POINT('',(16.308259939263,46.782316827939,
    -2.509785418903));
#6137 = CARTESIAN_POINT('',(16.322404058269,47.037153147896,
    -2.419134627095));
#6138 = CARTESIAN_POINT('',(16.340654530864,47.285094304261,
    -2.296797397299));
#6139 = CARTESIAN_POINT('',(16.362226759126,47.522695666153,
    -2.141260699934));
#6140 = CARTESIAN_POINT('',(16.38585354312,47.74527139881,
    -1.950839084502));
#6141 = CARTESIAN_POINT('',(16.429936906934,48.11698059116,
    -1.531266140929));
#6142 = CARTESIAN_POINT('',(16.451083332102,48.278385886086,-1.305075472
    ));
#6143 = CARTESIAN_POINT('',(16.471287436163,48.418295729237,
    -1.047966165478));
#6144 = CARTESIAN_POINT('',(16.488272036707,48.52727094496,
    -0.764932235734));
#6145 = CARTESIAN_POINT('',(16.499789662015,48.598465477751,
    -0.463116312417));
#6146 = CARTESIAN_POINT('',(16.504452259529,48.627687122419,
    -0.150939114811));
#6147 = CARTESIAN_POINT('',(16.502039958161,48.613502107618,
    0.162587966774));
#6148 = CARTESIAN_POINT('',(16.487305709809,48.518477515902,
    0.681120381703));
#6149 = CARTESIAN_POINT('',(16.47824393049,48.459373466142,
    0.889872231893));
#6150 = CARTESIAN_POINT('',(16.466406624673,48.380513491428,
    1.092680048325));
#6151 = CARTESIAN_POINT('',(16.452220569214,48.282605787706,
    1.287378223208));
#6152 = CARTESIAN_POINT('',(16.436263647769,48.166637165959,
    1.471904032978));
#6153 = CARTESIAN_POINT('',(16.41922305184,48.033858619908,
    1.644332419942));
#6154 = CARTESIAN_POINT('',(16.401838135188,47.885772159677,
    1.802915664118));
#6155 = CARTESIAN_POINT('',(16.3662721991,47.547778220385,2.102352165251
    ));
#6156 = CARTESIAN_POINT('',(16.348154020705,47.355210887884,
    2.240358243772));
#6157 = CARTESIAN_POINT('',(16.33141033654,47.148666859293,
    2.358123309573));
#6158 = CARTESIAN_POINT('',(16.316948968956,46.930661219803,
    2.454013993364));
#6159 = CARTESIAN_POINT('',(16.305546426326,46.703909180819,
    2.526786413123));
#6160 = CARTESIAN_POINT('',(16.297758396963,46.471259079646,
    2.575593695952));
#6161 = CARTESIAN_POINT('',(16.293863875705,46.235634922396,2.6));
#6162 = CARTESIAN_POINT('',(16.293863875705,46.,2.6));
#6163 = PCURVE('',#227,#6164);
#6164 = DEFINITIONAL_REPRESENTATION('',(#6165),#6224);
#6165 = B_SPLINE_CURVE_WITH_KNOTS('',8,(#6166,#6167,#6168,#6169,#6170,
    #6171,#6172,#6173,#6174,#6175,#6176,#6177,#6178,#6179,#6180,#6181,
    #6182,#6183,#6184,#6185,#6186,#6187,#6188,#6189,#6190,#6191,#6192,
    #6193,#6194,#6195,#6196,#6197,#6198,#6199,#6200,#6201,#6202,#6203,
    #6204,#6205,#6206,#6207,#6208,#6209,#6210,#6211,#6212,#6213,#6214,
    #6215,#6216,#6217,#6218,#6219,#6220,#6221,#6222,#6223),
  .UNSPECIFIED.,.T.,.F.,(9,7,7,7,7,7,7,7,9),(0.,0.14437151756,
    0.261670506882,0.378969496207,0.523341013766,0.677841771829,
    0.809263245411,0.900487413527,1.),.UNSPECIFIED.);
#6166 = CARTESIAN_POINT('',(1.412561069209,46.));
#6167 = CARTESIAN_POINT('',(1.412561069209,45.755374751142));
#6168 = CARTESIAN_POINT('',(1.414175358027,45.511040390562));
#6169 = CARTESIAN_POINT('',(1.41739757022,45.268550811093));
#6170 = CARTESIAN_POINT('',(1.422251779832,45.029611834144));
#6171 = CARTESIAN_POINT('',(1.428785751708,44.796284822693));
#6172 = CARTESIAN_POINT('',(1.437063981624,44.571225274642));
#6173 = CARTESIAN_POINT('',(1.447159271854,44.357999485439));
#6174 = CARTESIAN_POINT('',(1.46887698319,44.001888615785));
#6175 = CARTESIAN_POINT('',(1.480058094261,43.850031143262));
#6176 = CARTESIAN_POINT('',(1.492642944109,43.712164961482));
#6177 = CARTESIAN_POINT('',(1.50651738125,43.593812233329));
#6178 = CARTESIAN_POINT('',(1.521508152023,43.499768666015));
#6179 = CARTESIAN_POINT('',(1.537395324099,43.434076476886));
#6180 = CARTESIAN_POINT('',(1.553921633532,43.4));
#6181 = CARTESIAN_POINT('',(1.587671020059,43.4));
#6182 = CARTESIAN_POINT('',(1.604197329491,43.434076476888));
#6183 = CARTESIAN_POINT('',(1.620084501567,43.499768666012));
#6184 = CARTESIAN_POINT('',(1.63507527234,43.593812233326));
#6185 = CARTESIAN_POINT('',(1.648949709481,43.712164961485));
#6186 = CARTESIAN_POINT('',(1.661534559329,43.850031143267));
#6187 = CARTESIAN_POINT('',(1.672715670399,44.001888615779));
#6188 = CARTESIAN_POINT('',(1.694433381736,44.35799948544));
#6189 = CARTESIAN_POINT('',(1.704528671966,44.571225274641));
#6190 = CARTESIAN_POINT('',(1.712806901881,44.796284822693));
#6191 = CARTESIAN_POINT('',(1.719340873758,45.029611834144));
#6192 = CARTESIAN_POINT('',(1.72419508337,45.268550811093));
#6193 = CARTESIAN_POINT('',(1.727417295562,45.511040390562));
#6194 = CARTESIAN_POINT('',(1.729031584381,45.755374751142));
#6195 = CARTESIAN_POINT('',(1.729031584381,46.261788384779));
#6196 = CARTESIAN_POINT('',(1.727182748987,46.523184811489));
#6197 = CARTESIAN_POINT('',(1.723494854505,46.782316827939));
#6198 = CARTESIAN_POINT('',(1.717934438062,47.037153147896));
#6199 = CARTESIAN_POINT('',(1.710438373192,47.285094304261));
#6200 = CARTESIAN_POINT('',(1.700922875859,47.522695666153));
#6201 = CARTESIAN_POINT('',(1.689295723965,47.74527139881));
#6202 = CARTESIAN_POINT('',(1.663727090896,48.11698059116));
#6203 = CARTESIAN_POINT('',(1.649959694343,48.278385886086));
#6204 = CARTESIAN_POINT('',(1.634332182621,48.418295729237));
#6205 = CARTESIAN_POINT('',(1.617153988992,48.52727094496));
#6206 = CARTESIAN_POINT('',(1.598858229072,48.598465477751));
#6207 = CARTESIAN_POINT('',(1.579944301855,48.627687122419));
#6208 = CARTESIAN_POINT('',(1.560946177373,48.613502107618));
#6209 = CARTESIAN_POINT('',(1.529507285757,48.518477515902));
#6210 = CARTESIAN_POINT('',(1.516845160469,48.459373466142));
#6211 = CARTESIAN_POINT('',(1.50453511247,48.380513491428));
#6212 = CARTESIAN_POINT('',(1.492706247419,48.282605787706));
#6213 = CARTESIAN_POINT('',(1.481482903657,48.166637165959));
#6214 = CARTESIAN_POINT('',(1.47098281796,48.033858619908));
#6215 = CARTESIAN_POINT('',(1.461314523705,47.885772159677));
#6216 = CARTESIAN_POINT('',(1.443039293562,47.547778220385));
#6217 = CARTESIAN_POINT('',(1.434604156933,47.355210887884));
#6218 = CARTESIAN_POINT('',(1.427395686739,47.148666859293));
#6219 = CARTESIAN_POINT('',(1.421518641487,46.930661219804));
#6220 = CARTESIAN_POINT('',(1.417054387337,46.703909180819));
#6221 = CARTESIAN_POINT('',(1.414058953628,46.471259079646));
#6222 = CARTESIAN_POINT('',(1.412561069209,46.235634922396));
#6223 = CARTESIAN_POINT('',(1.412561069209,46.));
#6224 = ( GEOMETRIC_REPRESENTATION_CONTEXT(2) 
PARAMETRIC_REPRESENTATION_CONTEXT() REPRESENTATION_CONTEXT('2D SPACE',''
  ) );
#6225 = PCURVE('',#6226,#6231);
#6226 = CYLINDRICAL_SURFACE('',#6227,2.6);
#6227 = AXIS2_PLACEMENT_3D('',#6228,#6229,#6230);
#6228 = CARTESIAN_POINT('',(-18.5,46.,0.));
#6229 = DIRECTION('',(1.,0.,0.));
#6230 = DIRECTION('',(-0.,0.,1.));
#6231 = DEFINITIONAL_REPRESENTATION('',(#6232),#6291);
#6232 = B_SPLINE_CURVE_WITH_KNOTS('',8,(#6233,#6234,#6235,#6236,#6237,
    #6238,#6239,#6240,#6241,#6242,#6243,#6244,#6245,#6246,#6247,#6248,
    #6249,#6250,#6251,#6252,#6253,#6254,#6255,#6256,#6257,#6258,#6259,
    #6260,#6261,#6262,#6263,#6264,#6265,#6266,#6267,#6268,#6269,#6270,
    #6271,#6272,#6273,#6274,#6275,#6276,#6277,#6278,#6279,#6280,#6281,
    #6282,#6283,#6284,#6285,#6286,#6287,#6288,#6289,#6290),
  .UNSPECIFIED.,.F.,.F.,(9,7,7,7,7,7,7,7,9),(0.,0.14437151756,
    0.261670506882,0.378969496207,0.523341013766,0.677841771829,
    0.809263245411,0.900487413527,1.),.UNSPECIFIED.);
#6233 = CARTESIAN_POINT('',(0.,34.793863875705));
#6234 = CARTESIAN_POINT('',(9.40866341761E-02,34.793863875705));
#6235 = CARTESIAN_POINT('',(0.188061099622,34.798060964897));
#6236 = CARTESIAN_POINT('',(0.282596483176,34.806438962272));
#6237 = CARTESIAN_POINT('',(0.378289840962,34.81882174856));
#6238 = CARTESIAN_POINT('',(0.475748301308,34.834863777858));
#6239 = CARTESIAN_POINT('',(0.575601171085,34.85397601656));
#6240 = CARTESIAN_POINT('',(0.678528700749,34.875226646343));
#6241 = CARTESIAN_POINT('',(0.872227478278,34.915154172834));
#6242 = CARTESIAN_POINT('',(0.963443318563,34.933934216194));
#6243 = CARTESIAN_POINT('',(1.058186869706,34.952593486793));
#6244 = CARTESIAN_POINT('',(1.155889261749,34.969843597665));
#6245 = CARTESIAN_POINT('',(1.256180639276,34.984279346247));
#6246 = CARTESIAN_POINT('',(1.358828571956,34.994630224104));
#6247 = CARTESIAN_POINT('',(1.46370692724,35.));
#6248 = CARTESIAN_POINT('',(1.677885726353,35.));
#6249 = CARTESIAN_POINT('',(1.782764081632,34.994630224104));
#6250 = CARTESIAN_POINT('',(1.885412014311,34.984279346247));
#6251 = CARTESIAN_POINT('',(1.985703391841,34.969843597666));
#6252 = CARTESIAN_POINT('',(2.083405783886,34.952593486792));
#6253 = CARTESIAN_POINT('',(2.178149335029,34.933934216194));
#6254 = CARTESIAN_POINT('',(2.269365175309,34.915154172835));
#6255 = CARTESIAN_POINT('',(2.46306395284,34.875226646343));
#6256 = CARTESIAN_POINT('',(2.565991482504,34.85397601656));
#6257 = CARTESIAN_POINT('',(2.665844352282,34.834863777858));
#6258 = CARTESIAN_POINT('',(2.763302812628,34.81882174856));
#6259 = CARTESIAN_POINT('',(2.858996170413,34.806438962272));
#6260 = CARTESIAN_POINT('',(2.953531553968,34.798060964897));
#6261 = CARTESIAN_POINT('',(3.047506019414,34.793863875705));
#6262 = CARTESIAN_POINT('',(3.242280493889,34.793863875705));
#6263 = CARTESIAN_POINT('',(3.342817247459,34.798670645203));
#6264 = CARTESIAN_POINT('',(3.444040102684,34.808259939263));
#6265 = CARTESIAN_POINT('',(3.546699337689,34.822404058269));
#6266 = CARTESIAN_POINT('',(3.651536390471,34.840654530865));
#6267 = CARTESIAN_POINT('',(3.759319861174,34.862226759126));
#6268 = CARTESIAN_POINT('',(3.87090797826,34.88585354312));
#6269 = CARTESIAN_POINT('',(4.086501688117,34.929936906934));
#6270 = CARTESIAN_POINT('',(4.192785527267,34.951083332102));
#6271 = CARTESIAN_POINT('',(4.303969983408,34.971287436163));
#6272 = CARTESIAN_POINT('',(4.41860151132,34.988272036707));
#6273 = CARTESIAN_POINT('',(4.535670582531,34.999789662015));
#6274 = CARTESIAN_POINT('',(4.65435739608,35.004452259529));
#6275 = CARTESIAN_POINT('',(4.773953110212,35.002039958161));
#6276 = CARTESIAN_POINT('',(4.976709828326,34.987305709809));
#6277 = CARTESIAN_POINT('',(5.059781341128,34.97824393049));
#6278 = CARTESIAN_POINT('',(5.142847931232,34.966406624673));
#6279 = CARTESIAN_POINT('',(5.225913517604,34.952220569214));
#6280 = CARTESIAN_POINT('',(5.308983345735,34.936263647769));
#6281 = CARTESIAN_POINT('',(5.392059858478,34.91922305184));
#6282 = CARTESIAN_POINT('',(5.475138347756,34.901838135188));
#6283 = CARTESIAN_POINT('',(5.648813434288,34.8662721991));
#6284 = CARTESIAN_POINT('',(5.739449480295,34.848154020705));
#6285 = CARTESIAN_POINT('',(5.830080421775,34.83141033654));
#6286 = CARTESIAN_POINT('',(5.92070195278,34.816948968956));
#6287 = CARTESIAN_POINT('',(6.011316734405,34.805546426326));
#6288 = CARTESIAN_POINT('',(6.101931796792,34.797758396963));
#6289 = CARTESIAN_POINT('',(6.192556490874,34.793863875705));
#6290 = CARTESIAN_POINT('',(6.28318530718,34.793863875705));
#6291 = ( GEOMETRIC_REPRESENTATION_CONTEXT(2) 
PARAMETRIC_REPRESENTATION_CONTEXT() REPRESENTATION_CONTEXT('2D SPACE',''
  ) );
#6292 = ADVANCED_FACE('',(#6293),#526,.T.);
#6293 = FACE_BOUND('',#6294,.T.);
#6294 = EDGE_LOOP('',(#6295,#6318,#6346,#6367,#6368,#6369));
#6295 = ORIENTED_EDGE('',*,*,#6296,.F.);
#6296 = EDGE_CURVE('',#6297,#595,#6299,.T.);
#6297 = VERTEX_POINT('',#6298);
#6298 = CARTESIAN_POINT('',(45.,22.,-34.));
#6299 = SURFACE_CURVE('',#6300,(#6304,#6311),.PCURVE_S1.);
#6300 = LINE('',#6301,#6302);
#6301 = CARTESIAN_POINT('',(45.,22.,-34.));
#6302 = VECTOR('',#6303,1.);
#6303 = DIRECTION('',(0.,0.,1.));
#6304 = PCURVE('',#526,#6305);
#6305 = DEFINITIONAL_REPRESENTATION('',(#6306),#6310);
#6306 = LINE('',#6307,#6308);
#6307 = CARTESIAN_POINT('',(0.,90.));
#6308 = VECTOR('',#6309,1.);
#6309 = DIRECTION('',(1.,0.));
#6310 = ( GEOMETRIC_REPRESENTATION_CONTEXT(2) 
PARAMETRIC_REPRESENTATION_CONTEXT() REPRESENTATION_CONTEXT('2D SPACE',''
  ) );
#6311 = PCURVE('',#610,#6312);
#6312 = DEFINITIONAL_REPRESENTATION('',(#6313),#6317);
#6313 = LINE('',#6314,#6315);
#6314 = CARTESIAN_POINT('',(0.,-44.));
#6315 = VECTOR('',#6316,1.);
#6316 = DIRECTION('',(1.,0.));
#6317 = ( GEOMETRIC_REPRESENTATION_CONTEXT(2) 
PARAMETRIC_REPRESENTATION_CONTEXT() REPRESENTATION_CONTEXT('2D SPACE',''
  ) );
#6318 = ORIENTED_EDGE('',*,*,#6319,.F.);
#6319 = EDGE_CURVE('',#6320,#6297,#6322,.T.);
#6320 = VERTEX_POINT('',#6321);
#6321 = CARTESIAN_POINT('',(-45.,22.,-34.));
#6322 = SURFACE_CURVE('',#6323,(#6327,#6334),.PCURVE_S1.);
#6323 = LINE('',#6324,#6325);
#6324 = CARTESIAN_POINT('',(-45.,22.,-34.));
#6325 = VECTOR('',#6326,1.);
#6326 = DIRECTION('',(1.,0.,-0.));
#6327 = PCURVE('',#526,#6328);
#6328 = DEFINITIONAL_REPRESENTATION('',(#6329),#6333);
#6329 = LINE('',#6330,#6331);
#6330 = CARTESIAN_POINT('',(0.,0.));
#6331 = VECTOR('',#6332,1.);
#6332 = DIRECTION('',(0.,1.));
#6333 = ( GEOMETRIC_REPRESENTATION_CONTEXT(2) 
PARAMETRIC_REPRESENTATION_CONTEXT() REPRESENTATION_CONTEXT('2D SPACE',''
  ) );
#6334 = PCURVE('',#6335,#6340);
#6335 = PLANE('',#6336);
#6336 = AXIS2_PLACEMENT_3D('',#6337,#6338,#6339);
#6337 = CARTESIAN_POINT('',(-45.,-22.,-34.));
#6338 = DIRECTION('',(0.,0.,1.));
#6339 = DIRECTION('',(1.,0.,-0.));
#6340 = DEFINITIONAL_REPRESENTATION('',(#6341),#6345);
#6341 = LINE('',#6342,#6343);
#6342 = CARTESIAN_POINT('',(0.,44.));
#6343 = VECTOR('',#6344,1.);
#6344 = DIRECTION('',(1.,0.));
#6345 = ( GEOMETRIC_REPRESENTATION_CONTEXT(2) 
PARAMETRIC_REPRESENTATION_CONTEXT() REPRESENTATION_CONTEXT('2D SPACE',''
  ) );
#6346 = ORIENTED_EDGE('',*,*,#6347,.T.);
#6347 = EDGE_CURVE('',#6320,#509,#6348,.T.);
#6348 = SURFACE_CURVE('',#6349,(#6353,#6360),.PCURVE_S1.);
#6349 = LINE('',#6350,#6351);
#6350 = CARTESIAN_POINT('',(-45.,22.,-34.));
#6351 = VECTOR('',#6352,1.);
#6352 = DIRECTION('',(0.,0.,1.));
#6353 = PCURVE('',#526,#6354);
#6354 = DEFINITIONAL_REPRESENTATION('',(#6355),#6359);
#6355 = LINE('',#6356,#6357);
#6356 = CARTESIAN_POINT('',(0.,0.));
#6357 = VECTOR('',#6358,1.);
#6358 = DIRECTION('',(1.,0.));
#6359 = ( GEOMETRIC_REPRESENTATION_CONTEXT(2) 
PARAMETRIC_REPRESENTATION_CONTEXT() REPRESENTATION_CONTEXT('2D SPACE',''
  ) );
#6360 = PCURVE('',#554,#6361);
#6361 = DEFINITIONAL_REPRESENTATION('',(#6362),#6366);
#6362 = LINE('',#6363,#6364);
#6363 = CARTESIAN_POINT('',(0.,-44.));
#6364 = VECTOR('',#6365,1.);
#6365 = DIRECTION('',(1.,0.));
#6366 = ( GEOMETRIC_REPRESENTATION_CONTEXT(2) 
PARAMETRIC_REPRESENTATION_CONTEXT() REPRESENTATION_CONTEXT('2D SPACE',''
  ) );
#6367 = ORIENTED_EDGE('',*,*,#508,.T.);
#6368 = ORIENTED_EDGE('',*,*,#5086,.F.);
#6369 = ORIENTED_EDGE('',*,*,#622,.T.);
#6370 = ADVANCED_FACE('',(#6371),#877,.T.);
#6371 = FACE_BOUND('',#6372,.T.);
#6372 = EDGE_LOOP('',(#6373,#6374,#6375));
#6373 = ORIENTED_EDGE('',*,*,#1060,.T.);
#6374 = ORIENTED_EDGE('',*,*,#861,.T.);
#6375 = ORIENTED_EDGE('',*,*,#6376,.F.);
#6376 = EDGE_CURVE('',#1061,#834,#6377,.T.);
#6377 = SURFACE_CURVE('',#6378,(#6383,#6390),.PCURVE_S1.);
#6378 = CIRCLE('',#6379,6.);
#6379 = AXIS2_PLACEMENT_3D('',#6380,#6381,#6382);
#6380 = CARTESIAN_POINT('',(-39.,0.,0.));
#6381 = DIRECTION('',(-1.,0.,0.));
#6382 = DIRECTION('',(0.,0.,-1.));
#6383 = PCURVE('',#877,#6384);
#6384 = DEFINITIONAL_REPRESENTATION('',(#6385),#6389);
#6385 = LINE('',#6386,#6387);
#6386 = CARTESIAN_POINT('',(0.,39.));
#6387 = VECTOR('',#6388,1.);
#6388 = DIRECTION('',(1.,0.));
#6389 = ( GEOMETRIC_REPRESENTATION_CONTEXT(2) 
PARAMETRIC_REPRESENTATION_CONTEXT() REPRESENTATION_CONTEXT('2D SPACE',''
  ) );
#6390 = PCURVE('',#849,#6391);
#6391 = DEFINITIONAL_REPRESENTATION('',(#6392),#6396);
#6392 = CIRCLE('',#6393,6.);
#6393 = AXIS2_PLACEMENT_2D('',#6394,#6395);
#6394 = CARTESIAN_POINT('',(0.,0.));
#6395 = DIRECTION('',(1.,0.));
#6396 = ( GEOMETRIC_REPRESENTATION_CONTEXT(2) 
PARAMETRIC_REPRESENTATION_CONTEXT() REPRESENTATION_CONTEXT('2D SPACE',''
  ) );
#6397 = ADVANCED_FACE('',(#6398),#849,.T.);
#6398 = FACE_BOUND('',#6399,.T.);
#6399 = EDGE_LOOP('',(#6400,#6401,#6402,#6403));
#6400 = ORIENTED_EDGE('',*,*,#1152,.F.);
#6401 = ORIENTED_EDGE('',*,*,#6376,.T.);
#6402 = ORIENTED_EDGE('',*,*,#833,.F.);
#6403 = ORIENTED_EDGE('',*,*,#6404,.T.);
#6404 = EDGE_CURVE('',#806,#1153,#6405,.T.);
#6405 = SURFACE_CURVE('',#6406,(#6411,#6418),.PCURVE_S1.);
#6406 = CIRCLE('',#6407,6.);
#6407 = AXIS2_PLACEMENT_3D('',#6408,#6409,#6410);
#6408 = CARTESIAN_POINT('',(-39.,0.,0.));
#6409 = DIRECTION('',(-1.,0.,0.));
#6410 = DIRECTION('',(0.,0.,-1.));
#6411 = PCURVE('',#849,#6412);
#6412 = DEFINITIONAL_REPRESENTATION('',(#6413),#6417);
#6413 = CIRCLE('',#6414,6.);
#6414 = AXIS2_PLACEMENT_2D('',#6415,#6416);
#6415 = CARTESIAN_POINT('',(0.,0.));
#6416 = DIRECTION('',(1.,0.));
#6417 = ( GEOMETRIC_REPRESENTATION_CONTEXT(2) 
PARAMETRIC_REPRESENTATION_CONTEXT() REPRESENTATION_CONTEXT('2D SPACE',''
  ) );
#6418 = PCURVE('',#821,#6419);
#6419 = DEFINITIONAL_REPRESENTATION('',(#6420),#6424);
#6420 = LINE('',#6421,#6422);
#6421 = CARTESIAN_POINT('',(0.,39.));
#6422 = VECTOR('',#6423,1.);
#6423 = DIRECTION('',(1.,0.));
#6424 = ( GEOMETRIC_REPRESENTATION_CONTEXT(2) 
PARAMETRIC_REPRESENTATION_CONTEXT() REPRESENTATION_CONTEXT('2D SPACE',''
  ) );
#6425 = ADVANCED_FACE('',(#6426),#821,.T.);
#6426 = FACE_BOUND('',#6427,.T.);
#6427 = EDGE_LOOP('',(#6428,#6429,#6430,#6525,#6618));
#6428 = ORIENTED_EDGE('',*,*,#6404,.F.);
#6429 = ORIENTED_EDGE('',*,*,#805,.F.);
#6430 = ORIENTED_EDGE('',*,*,#6431,.T.);
#6431 = EDGE_CURVE('',#783,#6432,#6434,.T.);
#6432 = VERTEX_POINT('',#6433);
#6433 = CARTESIAN_POINT('',(-32.,-5.196152422707,3.));
#6434 = SURFACE_CURVE('',#6435,(#6463,#6494),.PCURVE_S1.);
#6435 = B_SPLINE_CURVE_WITH_KNOTS('',6,(#6436,#6437,#6438,#6439,#6440,
    #6441,#6442,#6443,#6444,#6445,#6446,#6447,#6448,#6449,#6450,#6451,
    #6452,#6453,#6454,#6455,#6456,#6457,#6458,#6459,#6460,#6461,#6462),
  .UNSPECIFIED.,.F.,.F.,(7,5,5,5,5,7),(0.,0.238604495765,0.345521686727,
    0.490860242468,0.669822663689,1.),.UNSPECIFIED.);
#6436 = CARTESIAN_POINT('',(-35.,-6.,-8.227834769059E-08));
#6437 = CARTESIAN_POINT('',(-35.00000000628,-6.000000003142,
    0.229141000026));
#6438 = CARTESIAN_POINT('',(-34.97899760745,-5.989498742813,
    0.456394135287));
#6439 = CARTESIAN_POINT('',(-34.93764269173,-5.968821605598,
    0.678146296022));
#6440 = CARTESIAN_POINT('',(-34.87767717903,-5.939251457887,
    0.890903399938));
#6441 = CARTESIAN_POINT('',(-34.80192637735,-5.902947074809,
    1.091507309834));
#6442 = CARTESIAN_POINT('',(-34.67529754878,-5.844314398571,
    1.360607287549));
#6443 = CARTESIAN_POINT('',(-34.6335920359,-5.825250464368,
    1.441279703576));
#6444 = CARTESIAN_POINT('',(-34.58956481065,-5.80542149968,1.51934306935
    ));
#6445 = CARTESIAN_POINT('',(-34.54340217428,-5.784976838551,
    1.594794381172));
#6446 = CARTESIAN_POINT('',(-34.4952770776,-5.764058198677,1.66763916363
    ));
#6447 = CARTESIAN_POINT('',(-34.37748043083,-5.713899032317,
    1.833388328784));
#6448 = CARTESIAN_POINT('',(-34.30626652914,-5.684363223045,
    1.924114660578));
#6449 = CARTESIAN_POINT('',(-34.23205869878,-5.654504388499,
    2.010166363051));
#6450 = CARTESIAN_POINT('',(-34.1551543465,-5.624605249129,
    2.091641708497));
#6451 = CARTESIAN_POINT('',(-34.07579776361,-5.594920029799,
    2.168639821228));
#6452 = CARTESIAN_POINT('',(-33.89368093614,-5.529667620386,
    2.330679865203));
#6453 = CARTESIAN_POINT('',(-33.78973907596,-5.494323264289,
    2.413474766274));
#6454 = CARTESIAN_POINT('',(-33.68274683796,-5.460083552799,
    2.489787349573));
#6455 = CARTESIAN_POINT('',(-33.57303169169,-5.427345327331,
    2.559735679449));
#6456 = CARTESIAN_POINT('',(-33.46085794526,-5.396465104798,
    2.623412108859));
#6457 = CARTESIAN_POINT('',(-33.13531050741,-5.314806075256,
    2.786912831854));
#6458 = CARTESIAN_POINT('',(-32.91613361149,-5.269166094292,
    2.872007510202));
#6459 = CARTESIAN_POINT('',(-32.69116009559,-5.233158448585,
    2.935903992616));
#6460 = CARTESIAN_POINT('',(-32.46232984271,-5.208516100116,
    2.978585393572));
#6461 = CARTESIAN_POINT('',(-32.23138176539,-5.196152422707,3.));
#6462 = CARTESIAN_POINT('',(-32.,-5.196152422707,3.));
#6463 = PCURVE('',#821,#6464);
#6464 = DEFINITIONAL_REPRESENTATION('',(#6465),#6493);
#6465 = B_SPLINE_CURVE_WITH_KNOTS('',6,(#6466,#6467,#6468,#6469,#6470,
    #6471,#6472,#6473,#6474,#6475,#6476,#6477,#6478,#6479,#6480,#6481,
    #6482,#6483,#6484,#6485,#6486,#6487,#6488,#6489,#6490,#6491,#6492),
  .UNSPECIFIED.,.F.,.F.,(7,5,5,5,5,7),(0.,0.238604495765,0.345521686727,
    0.490860242468,0.669822663689,1.),.UNSPECIFIED.);
#6466 = CARTESIAN_POINT('',(1.570796313082,35.));
#6467 = CARTESIAN_POINT('',(1.608986493466,35.000000006284));
#6468 = CARTESIAN_POINT('',(1.646862079923,34.978997607451));
#6469 = CARTESIAN_POINT('',(1.683920716817,34.937642691731));
#6470 = CARTESIAN_POINT('',(1.719673626617,34.877677179037));
#6471 = CARTESIAN_POINT('',(1.753629372966,34.801926377354));
#6472 = CARTESIAN_POINT('',(1.799531620771,34.675297548781));
#6473 = CARTESIAN_POINT('',(1.813345223214,34.633592035907));
#6474 = CARTESIAN_POINT('',(1.826766255597,34.589564810652));
#6475 = CARTESIAN_POINT('',(1.839792668976,34.543402174287));
#6476 = CARTESIAN_POINT('',(1.852422869858,34.495277077608));
#6477 = CARTESIAN_POINT('',(1.881284959429,34.377480430839));
#6478 = CARTESIAN_POINT('',(1.89718366154,34.306266529144));
#6479 = CARTESIAN_POINT('',(1.912360505232,34.232058698789));
#6480 = CARTESIAN_POINT('',(1.926822217049,34.155154346504));
#6481 = CARTESIAN_POINT('',(1.940574402709,34.075797763613));
#6482 = CARTESIAN_POINT('',(1.969688571074,33.893680936143));
#6483 = CARTESIAN_POINT('',(1.984689290947,33.789739075966));
#6484 = CARTESIAN_POINT('',(1.998626480288,33.682746837965));
#6485 = CARTESIAN_POINT('',(2.011496312682,33.573031691699));
#6486 = CARTESIAN_POINT('',(2.02329036152,33.460857945262));
#6487 = CARTESIAN_POINT('',(2.053750117997,33.135310507419));
#6488 = CARTESIAN_POINT('',(2.069836830696,32.916133611499));
#6489 = CARTESIAN_POINT('',(2.08205965318,32.691160095599));
#6490 = CARTESIAN_POINT('',(2.09027390464,32.462329842711));
#6491 = CARTESIAN_POINT('',(2.094395102393,32.231381765397));
#6492 = CARTESIAN_POINT('',(2.094395102393,32.));
#6493 = ( GEOMETRIC_REPRESENTATION_CONTEXT(2) 
PARAMETRIC_REPRESENTATION_CONTEXT() REPRESENTATION_CONTEXT('2D SPACE',''
  ) );
#6494 = PCURVE('',#742,#6495);
#6495 = DEFINITIONAL_REPRESENTATION('',(#6496),#6524);
#6496 = B_SPLINE_CURVE_WITH_KNOTS('',6,(#6497,#6498,#6499,#6500,#6501,
    #6502,#6503,#6504,#6505,#6506,#6507,#6508,#6509,#6510,#6511,#6512,
    #6513,#6514,#6515,#6516,#6517,#6518,#6519,#6520,#6521,#6522,#6523),
  .UNSPECIFIED.,.F.,.F.,(7,5,5,5,5,7),(0.,0.238604495765,0.345521686727,
    0.490860242468,0.669822663689,1.),.UNSPECIFIED.);
#6497 = CARTESIAN_POINT('',(4.712388952959,2.));
#6498 = CARTESIAN_POINT('',(4.788769313727,1.999999996858));
#6499 = CARTESIAN_POINT('',(4.864520287095,2.010501257187));
#6500 = CARTESIAN_POINT('',(4.939240144964,2.031178394402));
#6501 = CARTESIAN_POINT('',(5.012498061722,2.060748542113));
#6502 = CARTESIAN_POINT('',(5.083752989865,2.097052925191));
#6503 = CARTESIAN_POINT('',(5.182887947391,2.155685601429));
#6504 = CARTESIAN_POINT('',(5.213138597401,2.174749535632));
#6505 = CARTESIAN_POINT('',(5.242983777613,2.19457850032));
#6506 = CARTESIAN_POINT('',(5.272440974109,2.215023161449));
#6507 = CARTESIAN_POINT('',(5.301526203813,2.235941801323));
#6508 = CARTESIAN_POINT('',(5.369307580917,2.286100967683));
#6509 = CARTESIAN_POINT('',(5.40770978621,2.315636776955));
#6510 = CARTESIAN_POINT('',(5.445527088017,2.345495611501));
#6511 = CARTESIAN_POINT('',(5.482818439217,2.375394750871));
#6512 = CARTESIAN_POINT('',(5.519641390331,2.405079970201));
#6513 = CARTESIAN_POINT('',(5.600897853116,2.470332379614));
#6514 = CARTESIAN_POINT('',(5.645127739953,2.505676735711));
#6515 = CARTESIAN_POINT('',(5.688843062143,2.539916447201));
#6516 = CARTESIAN_POINT('',(5.732129134986,2.572654672669));
#6517 = CARTESIAN_POINT('',(5.775069126986,2.603534895202));
#6518 = CARTESIAN_POINT('',(5.896502062618,2.685193924744));
#6519 = CARTESIAN_POINT('',(5.974519954818,2.730833905707));
#6520 = CARTESIAN_POINT('',(6.051972525059,2.766841551415));
#6521 = CARTESIAN_POINT('',(6.12907543191,2.791483899884));
#6522 = CARTESIAN_POINT('',(6.206058052047,2.803847577293));
#6523 = CARTESIAN_POINT('',(6.28318530718,2.803847577293));
#6524 = ( GEOMETRIC_REPRESENTATION_CONTEXT(2) 
PARAMETRIC_REPRESENTATION_CONTEXT() REPRESENTATION_CONTEXT('2D SPACE',''
  ) );
#6525 = ORIENTED_EDGE('',*,*,#6526,.T.);
#6526 = EDGE_CURVE('',#6432,#1181,#6527,.T.);
#6527 = SURFACE_CURVE('',#6528,(#6556,#6587),.PCURVE_S1.);
#6528 = B_SPLINE_CURVE_WITH_KNOTS('',6,(#6529,#6530,#6531,#6532,#6533,
    #6534,#6535,#6536,#6537,#6538,#6539,#6540,#6541,#6542,#6543,#6544,
    #6545,#6546,#6547,#6548,#6549,#6550,#6551,#6552,#6553,#6554,#6555),
  .UNSPECIFIED.,.F.,.F.,(7,5,5,5,5,7),(0.,0.330545568952,0.50792195585,
    0.65128400746,0.848613451823,1.),.UNSPECIFIED.);
#6529 = CARTESIAN_POINT('',(-32.,-5.196152422707,3.));
#6530 = CARTESIAN_POINT('',(-31.7682712589,-5.196152422707,3.));
#6531 = CARTESIAN_POINT('',(-31.53697931815,-5.208553206438,
    2.978521122304));
#6532 = CARTESIAN_POINT('',(-31.30781472678,-5.233269032552,
    2.935712459842));
#6533 = CARTESIAN_POINT('',(-31.08252320481,-5.269381198184,
    2.871625742977));
#6534 = CARTESIAN_POINT('',(-30.86305294524,-5.315146990127,
    2.786277224839));
#6535 = CARTESIAN_POINT('',(-30.5382494482,-5.396726827371,2.62286254039
    ));
#6536 = CARTESIAN_POINT('',(-30.427041683,-5.427352984182,2.559693049322
    ));
#6537 = CARTESIAN_POINT('',(-30.3182520593,-5.459804620591,
    2.490357314176));
#6538 = CARTESIAN_POINT('',(-30.21213829938,-5.49373417528,
    2.414765391328));
#6539 = CARTESIAN_POINT('',(-30.10901908087,-5.528755139065,
    2.332802481268));
#6540 = CARTESIAN_POINT('',(-29.92865888162,-5.593280506631,
    2.172822643206));
#6541 = CARTESIAN_POINT('',(-29.85023840674,-5.622558167201,
    2.097054940193));
#6542 = CARTESIAN_POINT('',(-29.77419703532,-5.652053802026,
    2.016931747373));
#6543 = CARTESIAN_POINT('',(-29.70076777438,-5.681524039126,
    1.932357859069));
#6544 = CARTESIAN_POINT('',(-29.63023380949,-5.710698611451,
    1.843238634991));
#6545 = CARTESIAN_POINT('',(-29.47028731532,-5.778616732068,1.6204291274
    ));
#6546 = CARTESIAN_POINT('',(-29.38355638388,-5.81691597559,
    1.482300325308));
#6547 = CARTESIAN_POINT('',(-29.30394452721,-5.853266710889,
    1.335173950647));
#6548 = CARTESIAN_POINT('',(-29.23270256136,-5.88667682497,
    1.179241619439));
#6549 = CARTESIAN_POINT('',(-29.17115138783,-5.916116786525,
    1.014831043619));
#6550 = CARTESIAN_POINT('',(-29.08201223122,-5.959321010392,
    0.710167701906));
#6551 = CARTESIAN_POINT('',(-29.04985500423,-5.975138501646,
    0.573208090824));
#6552 = CARTESIAN_POINT('',(-29.02511687172,-5.9874415616,0.432587064962
    ));
#6553 = CARTESIAN_POINT('',(-29.0083903493,-5.995804826098,
    0.289411828393));
#6554 = CARTESIAN_POINT('',(-28.99999999602,-6.000000001986,
    0.144830348937));
#6555 = CARTESIAN_POINT('',(-29.,-6.,-8.227834769059E-08));
#6556 = PCURVE('',#821,#6557);
#6557 = DEFINITIONAL_REPRESENTATION('',(#6558),#6586);
#6558 = B_SPLINE_CURVE_WITH_KNOTS('',6,(#6559,#6560,#6561,#6562,#6563,
    #6564,#6565,#6566,#6567,#6568,#6569,#6570,#6571,#6572,#6573,#6574,
    #6575,#6576,#6577,#6578,#6579,#6580,#6581,#6582,#6583,#6584,#6585),
  .UNSPECIFIED.,.F.,.F.,(7,5,5,5,5,7),(0.,0.330545568952,0.50792195585,
    0.65128400746,0.848613451823,1.),.UNSPECIFIED.);
#6559 = CARTESIAN_POINT('',(2.094395102393,32.));
#6560 = CARTESIAN_POINT('',(2.094395102393,31.768271258904));
#6561 = CARTESIAN_POINT('',(2.090261536132,31.536979318154));
#6562 = CARTESIAN_POINT('',(2.082022790859,31.307814726783));
#6563 = CARTESIAN_POINT('',(2.069763805468,31.082523204817));
#6564 = CARTESIAN_POINT('',(2.053629958866,30.863052945241));
#6565 = CARTESIAN_POINT('',(2.023188928013,30.538249448209));
#6566 = CARTESIAN_POINT('',(2.011489361154,30.427041683007));
#6567 = CARTESIAN_POINT('',(1.998732202254,30.3182520593));
#6568 = CARTESIAN_POINT('',(1.984925670838,30.212138299386));
#6569 = CARTESIAN_POINT('',(1.97007354302,30.109019080876));
#6570 = CARTESIAN_POINT('',(1.941323146093,29.928658881626));
#6571 = CARTESIAN_POINT('',(1.927786664931,29.850238406748));
#6572 = CARTESIAN_POINT('',(1.913559537534,29.774197035328));
#6573 = CARTESIAN_POINT('',(1.898636407692,29.700767774385));
#6574 = CARTESIAN_POINT('',(1.883010835939,29.630233809494));
#6575 = CARTESIAN_POINT('',(1.844188967896,29.470287315323));
#6576 = CARTESIAN_POINT('',(1.820306599496,29.383556383884));
#6577 = CARTESIAN_POINT('',(1.795064216516,29.303944527219));
#6578 = CARTESIAN_POINT('',(1.768506952244,29.232702561363));
#6579 = CARTESIAN_POINT('',(1.740687766208,29.171151387834));
#6580 = CARTESIAN_POINT('',(1.689402519048,29.082012231224));
#6581 = CARTESIAN_POINT('',(1.666431886598,29.049855004231));
#6582 = CARTESIAN_POINT('',(1.642919467154,29.02511687172));
#6583 = CARTESIAN_POINT('',(1.619031636603,29.008390349302));
#6584 = CARTESIAN_POINT('',(1.594934718284,28.999999996028));
#6585 = CARTESIAN_POINT('',(1.570796313082,29.));
#6586 = ( GEOMETRIC_REPRESENTATION_CONTEXT(2) 
PARAMETRIC_REPRESENTATION_CONTEXT() REPRESENTATION_CONTEXT('2D SPACE',''
  ) );
#6587 = PCURVE('',#742,#6588);
#6588 = DEFINITIONAL_REPRESENTATION('',(#6589),#6617);
#6589 = B_SPLINE_CURVE_WITH_KNOTS('',6,(#6590,#6591,#6592,#6593,#6594,
    #6595,#6596,#6597,#6598,#6599,#6600,#6601,#6602,#6603,#6604,#6605,
    #6606,#6607,#6608,#6609,#6610,#6611,#6612,#6613,#6614,#6615,#6616),
  .UNSPECIFIED.,.F.,.F.,(7,5,5,5,5,7),(0.,0.330545568952,0.50792195585,
    0.65128400746,0.848613451823,1.),.UNSPECIFIED.);
#6590 = CARTESIAN_POINT('',(0.,2.803847577293));
#6591 = CARTESIAN_POINT('',(7.724291369861E-02,2.803847577293));
#6592 = CARTESIAN_POINT('',(0.154340154598,2.791446793562));
#6593 = CARTESIAN_POINT('',(0.231558229787,2.766730967448));
#6594 = CARTESIAN_POINT('',(0.309127805498,2.730618801816));
#6595 = CARTESIAN_POINT('',(0.387265801626,2.684853009873));
#6596 = CARTESIAN_POINT('',(0.508464293906,2.603273172629));
#6597 = CARTESIAN_POINT('',(0.551042236478,2.572647015818));
#6598 = CARTESIAN_POINT('',(0.593960550848,2.540195379409));
#6599 = CARTESIAN_POINT('',(0.637300320216,2.50626582472));
#6600 = CARTESIAN_POINT('',(0.681144698655,2.471244860935));
#6601 = CARTESIAN_POINT('',(0.761507314383,2.406719493369));
#6602 = CARTESIAN_POINT('',(0.797822177694,2.377441832799));
#6603 = CARTESIAN_POINT('',(0.834590684183,2.347946197974));
#6604 = CARTESIAN_POINT('',(0.871868175432,2.318475960874));
#6605 = CARTESIAN_POINT('',(0.909711280231,2.289301388549));
#6606 = CARTESIAN_POINT('',(1.001136390853,2.221383267932));
#6607 = CARTESIAN_POINT('',(1.055398757253,2.18308402441));
#6608 = CARTESIAN_POINT('',(1.110982035499,2.146733289111));
#6609 = CARTESIAN_POINT('',(1.167921957653,2.11332317503));
#6610 = CARTESIAN_POINT('',(1.226282132681,2.083883213475));
#6611 = CARTESIAN_POINT('',(1.332094094316,2.040678989608));
#6612 = CARTESIAN_POINT('',(1.378920386108,2.024861498354));
#6613 = CARTESIAN_POINT('',(1.426398088192,2.0125584384));
#6614 = CARTESIAN_POINT('',(1.474325722326,2.004195173902));
#6615 = CARTESIAN_POINT('',(1.522519543816,1.999999998014));
#6616 = CARTESIAN_POINT('',(1.570796354221,2.));
#6617 = ( GEOMETRIC_REPRESENTATION_CONTEXT(2) 
PARAMETRIC_REPRESENTATION_CONTEXT() REPRESENTATION_CONTEXT('2D SPACE',''
  ) );
#6618 = ORIENTED_EDGE('',*,*,#1180,.T.);
#6619 = ADVANCED_FACE('',(#6620),#742,.F.);
#6620 = FACE_BOUND('',#6621,.F.);
#6621 = EDGE_LOOP('',(#6622,#6653,#6696,#6860,#6881,#6882,#6883,#6976,
    #6977,#6999,#7000,#7001,#7002));
#6622 = ORIENTED_EDGE('',*,*,#6623,.F.);
#6623 = EDGE_CURVE('',#6624,#6626,#6628,.T.);
#6624 = VERTEX_POINT('',#6625);
#6625 = CARTESIAN_POINT('',(-29.07270671945,8.,-0.656470905421));
#6626 = VERTEX_POINT('',#6627);
#6627 = CARTESIAN_POINT('',(-34.41677199831,8.,1.777417539056));
#6628 = SURFACE_CURVE('',#6629,(#6634,#6641),.PCURVE_S1.);
#6629 = CIRCLE('',#6630,3.);
#6630 = AXIS2_PLACEMENT_3D('',#6631,#6632,#6633);
#6631 = CARTESIAN_POINT('',(-32.,8.,0.));
#6632 = DIRECTION('',(0.,1.,-0.));
#6633 = DIRECTION('',(0.,0.,1.));
#6634 = PCURVE('',#742,#6635);
#6635 = DEFINITIONAL_REPRESENTATION('',(#6636),#6640);
#6636 = LINE('',#6637,#6638);
#6637 = CARTESIAN_POINT('',(0.,16.));
#6638 = VECTOR('',#6639,1.);
#6639 = DIRECTION('',(1.,0.));
#6640 = ( GEOMETRIC_REPRESENTATION_CONTEXT(2) 
PARAMETRIC_REPRESENTATION_CONTEXT() REPRESENTATION_CONTEXT('2D SPACE',''
  ) );
#6641 = PCURVE('',#6642,#6647);
#6642 = PLANE('',#6643);
#6643 = AXIS2_PLACEMENT_3D('',#6644,#6645,#6646);
#6644 = CARTESIAN_POINT('',(-32.,8.,0.));
#6645 = DIRECTION('',(0.,1.,-0.));
#6646 = DIRECTION('',(0.,0.,1.));
#6647 = DEFINITIONAL_REPRESENTATION('',(#6648),#6652);
#6648 = CIRCLE('',#6649,3.);
#6649 = AXIS2_PLACEMENT_2D('',#6650,#6651);
#6650 = CARTESIAN_POINT('',(0.,0.));
#6651 = DIRECTION('',(1.,0.));
#6652 = ( GEOMETRIC_REPRESENTATION_CONTEXT(2) 
PARAMETRIC_REPRESENTATION_CONTEXT() REPRESENTATION_CONTEXT('2D SPACE',''
  ) );
#6653 = ORIENTED_EDGE('',*,*,#6654,.T.);
#6654 = EDGE_CURVE('',#6624,#6655,#6657,.T.);
#6655 = VERTEX_POINT('',#6656);
#6656 = CARTESIAN_POINT('',(-29.07770284872,7.225180485854,
    -0.678365211122));
#6657 = SURFACE_CURVE('',#6658,(#6667,#6679),.PCURVE_S1.);
#6658 = B_SPLINE_CURVE_WITH_KNOTS('',4,(#6659,#6660,#6661,#6662,#6663,
    #6664,#6665,#6666),.UNSPECIFIED.,.F.,.F.,(5,3,5),(0.,0.308180775796,
    1.),.UNSPECIFIED.);
#6659 = CARTESIAN_POINT('',(-29.07270671184,8.0000006,-0.656470871486));
#6660 = CARTESIAN_POINT('',(-29.07346288912,7.94038555727,
    -0.659842769272));
#6661 = CARTESIAN_POINT('',(-29.07414682607,7.8807495845,-0.662868283553
    ));
#6662 = CARTESIAN_POINT('',(-29.07475609054,7.82109473488,
    -0.665547743661));
#6663 = CARTESIAN_POINT('',(-29.07648514148,7.627468842537,
    -0.673119411322));
#6664 = CARTESIAN_POINT('',(-29.07729630328,7.493429421531,
    -0.67661390478));
#6665 = CARTESIAN_POINT('',(-29.07770284872,7.359326744022,
    -0.678365211122));
#6666 = CARTESIAN_POINT('',(-29.07770284872,7.225180485854,
    -0.678365211122));
#6667 = PCURVE('',#742,#6668);
#6668 = DEFINITIONAL_REPRESENTATION('',(#6669),#6678);
#6669 = B_SPLINE_CURVE_WITH_KNOTS('',4,(#6670,#6671,#6672,#6673,#6674,
    #6675,#6676,#6677),.UNSPECIFIED.,.F.,.F.,(5,3,5),(0.,0.308180775796,
    1.),.UNSPECIFIED.);
#6670 = CARTESIAN_POINT('',(1.791405039539,16.0000006));
#6671 = CARTESIAN_POINT('',(1.792556921997,15.94038555727));
#6672 = CARTESIAN_POINT('',(1.793590872338,15.8807495845));
#6673 = CARTESIAN_POINT('',(1.794506823848,15.82109473488));
#6674 = CARTESIAN_POINT('',(1.797095683921,15.627468842537));
#6675 = CARTESIAN_POINT('',(1.798291479653,15.493429421531));
#6676 = CARTESIAN_POINT('',(1.798890772985,15.359326744022));
#6677 = CARTESIAN_POINT('',(1.798890772985,15.225180485854));
#6678 = ( GEOMETRIC_REPRESENTATION_CONTEXT(2) 
PARAMETRIC_REPRESENTATION_CONTEXT() REPRESENTATION_CONTEXT('2D SPACE',''
  ) );
#6679 = PCURVE('',#6680,#6685);
#6680 = CYLINDRICAL_SURFACE('',#6681,12.65);
#6681 = AXIS2_PLACEMENT_3D('',#6682,#6683,#6684);
#6682 = CARTESIAN_POINT('',(-7.020680705401,2.127479001637,
    3.191218502455));
#6683 = DIRECTION('',(-0.877585088175,0.265934875205,0.398902312807));
#6684 = DIRECTION('',(-0.413802944301,1.387778780781E-17,-0.910366477463
    ));
#6685 = DEFINITIONAL_REPRESENTATION('',(#6686),#6695);
#6686 = B_SPLINE_CURVE_WITH_KNOTS('',4,(#6687,#6688,#6689,#6690,#6691,
    #6692,#6693,#6694),.UNSPECIFIED.,.F.,.F.,(5,3,5),(0.,0.308180775796,
    1.),.UNSPECIFIED.);
#6687 = CARTESIAN_POINT('',(6.22420092744,19.379385295472));
#6688 = CARTESIAN_POINT('',(6.228736908684,19.362850128604));
#6689 = CARTESIAN_POINT('',(6.233274501192,19.34638417185));
#6690 = CARTESIAN_POINT('',(6.237813745021,19.329985705444));
#6691 = CARTESIAN_POINT('',(6.252548475983,19.276990861504));
#6692 = CARTESIAN_POINT('',(6.262750898983,19.240663006786));
#6693 = CARTESIAN_POINT('',(6.272962715468,19.204658606046));
#6694 = CARTESIAN_POINT('',(6.28318530718,19.168984437621));
#6695 = ( GEOMETRIC_REPRESENTATION_CONTEXT(2) 
PARAMETRIC_REPRESENTATION_CONTEXT() REPRESENTATION_CONTEXT('2D SPACE',''
  ) );
#6696 = ORIENTED_EDGE('',*,*,#6697,.F.);
#6697 = EDGE_CURVE('',#6698,#6655,#6700,.T.);
#6698 = VERTEX_POINT('',#6699);
#6699 = CARTESIAN_POINT('',(-32.,1.076884923522,3.));
#6700 = SURFACE_CURVE('',#6701,(#6752,#6806),.PCURVE_S1.);
#6701 = B_SPLINE_CURVE_WITH_KNOTS('',7,(#6702,#6703,#6704,#6705,#6706,
    #6707,#6708,#6709,#6710,#6711,#6712,#6713,#6714,#6715,#6716,#6717,
    #6718,#6719,#6720,#6721,#6722,#6723,#6724,#6725,#6726,#6727,#6728,
    #6729,#6730,#6731,#6732,#6733,#6734,#6735,#6736,#6737,#6738,#6739,
    #6740,#6741,#6742,#6743,#6744,#6745,#6746,#6747,#6748,#6749,#6750,
    #6751),.UNSPECIFIED.,.F.,.F.,(8,6,6,6,6,6,6,6,8),(0.,0.156728162828,
    0.201100526215,0.268015793965,0.320705051454,0.399098585206,
    0.482639647905,0.761585097962,1.),.UNSPECIFIED.);
#6702 = CARTESIAN_POINT('',(-32.,1.076884923524,3.));
#6703 = CARTESIAN_POINT('',(-31.83490464789,0.929604179381,3.));
#6704 = CARTESIAN_POINT('',(-31.66247968466,0.792112886512,
    2.989400179812));
#6705 = CARTESIAN_POINT('',(-31.48295287183,0.665748253557,
    2.966506974526));
#6706 = CARTESIAN_POINT('',(-31.29693050106,0.552441947849,
    2.929363446062));
#6707 = CARTESIAN_POINT('',(-31.10556489589,0.454811941567,
    2.875810056756));
#6708 = CARTESIAN_POINT('',(-30.91076532792,0.376321295705,
    2.803632556782));
#6709 = CARTESIAN_POINT('',(-30.65995768202,0.306084161543,
    2.684778735105));
#6710 = CARTESIAN_POINT('',(-30.60456816509,0.292491450893,
    2.656916590678));
#6711 = CARTESIAN_POINT('',(-30.54922960973,0.280918266379,
    2.627393952088));
#6712 = CARTESIAN_POINT('',(-30.49404354392,0.271477591833,
    2.596194677246));
#6713 = CARTESIAN_POINT('',(-30.43911225965,0.264281053492,
    2.563310188361));
#6714 = CARTESIAN_POINT('',(-30.38453840377,0.259439155051,
    2.528740009269));
#6715 = CARTESIAN_POINT('',(-30.24881877893,0.253475934667,
    2.437829336878));
#6716 = CARTESIAN_POINT('',(-30.16811840119,0.255488306236,
    2.379257113062));
#6717 = CARTESIAN_POINT('',(-30.08899116206,0.263522559825,
    2.316987270672));
#6718 = CARTESIAN_POINT('',(-30.01202855419,0.277873034315,2.25132542581
    ));
#6719 = CARTESIAN_POINT('',(-29.93773420826,0.298706625357,
    2.182660679429));
#6720 = CARTESIAN_POINT('',(-29.86651664399,0.326062428506,
    2.111448929955));
#6721 = CARTESIAN_POINT('',(-29.74527668886,0.38645241202,1.980505709116
    ));
#6722 = CARTESIAN_POINT('',(-29.69408699932,0.416983308732,
    1.921681670304));
#6723 = CARTESIAN_POINT('',(-29.64528190954,0.451349684952,1.86200434549
    ));
#6724 = CARTESIAN_POINT('',(-29.59897929062,0.48939741036,1.801777684181
    ));
#6725 = CARTESIAN_POINT('',(-29.55525384506,0.530908308588,1.7413175885)
  );
#6726 = CARTESIAN_POINT('',(-29.51414064474,0.575598361098,
    1.680946387796));
#6727 = CARTESIAN_POINT('',(-29.41835363406,0.693814737257,
    1.531777406773));
#6728 = CARTESIAN_POINT('',(-29.36695404019,0.770643326078,
    1.443642922535));
#6729 = CARTESIAN_POINT('',(-29.32103156259,0.852855937336,
    1.357071079691));
#6730 = CARTESIAN_POINT('',(-29.28016895062,0.939706251844,
    1.272480709669));
#6731 = CARTESIAN_POINT('',(-29.24394789537,1.030435978399,1.19023034));
#6732 = CARTESIAN_POINT('',(-29.21195689732,1.124263460752,
    1.110626278136));
#6733 = CARTESIAN_POINT('',(-29.15379245678,1.322791870667,
    0.952199075454));
#6734 = CARTESIAN_POINT('',(-29.12805087805,1.428101036502,
    0.873531885059));
#6735 = CARTESIAN_POINT('',(-29.1060226423,1.53574318942,0.797959989786)
  );
#6736 = CARTESIAN_POINT('',(-29.08722863853,1.645257958208,
    0.725457863305));
#6737 = CARTESIAN_POINT('',(-29.0712543241,1.756283292664,0.655953883581
    ));
#6738 = CARTESIAN_POINT('',(-29.05774164857,1.868557563146,
    0.589340629204));
#6739 = CARTESIAN_POINT('',(-29.00844744632,2.360446879096,0.31227040878
    ));
#6740 = CARTESIAN_POINT('',(-28.99411571233,2.755043418911,
    0.127595585396));
#6741 = CARTESIAN_POINT('',(-28.99325040603,3.155667710043,
    -2.975777945466E-02));
#6742 = CARTESIAN_POINT('',(-28.9997659817,3.556946050717,
    -0.163042395229));
#6743 = CARTESIAN_POINT('',(-29.0100240125,3.957118521504,
    -0.275617422997));
#6744 = CARTESIAN_POINT('',(-29.0219005245,4.358733828432,
    -0.370523893635));
#6745 = CARTESIAN_POINT('',(-29.04406548433,5.117279266067,
    -0.516817617272));
#6746 = CARTESIAN_POINT('',(-29.05421345659,5.46808848701,
    -0.571727758996));
#6747 = CARTESIAN_POINT('',(-29.06320963858,5.819418359265,
    -0.614846672862));
#6748 = CARTESIAN_POINT('',(-29.07036320549,6.170862403637,
    -0.646748029776));
#6749 = CARTESIAN_POINT('',(-29.07526034998,6.522268436128,
    -0.667842834924));
#6750 = CARTESIAN_POINT('',(-29.07770284872,6.873664794329,
    -0.678365211122));
#6751 = CARTESIAN_POINT('',(-29.07770284872,7.225180485854,
    -0.678365211122));
#6752 = PCURVE('',#742,#6753);
#6753 = DEFINITIONAL_REPRESENTATION('',(#6754),#6805);
#6754 = B_SPLINE_CURVE_WITH_KNOTS('',7,(#6755,#6756,#6757,#6758,#6759,
    #6760,#6761,#6762,#6763,#6764,#6765,#6766,#6767,#6768,#6769,#6770,
    #6771,#6772,#6773,#6774,#6775,#6776,#6777,#6778,#6779,#6780,#6781,
    #6782,#6783,#6784,#6785,#6786,#6787,#6788,#6789,#6790,#6791,#6792,
    #6793,#6794,#6795,#6796,#6797,#6798,#6799,#6800,#6801,#6802,#6803,
    #6804),.UNSPECIFIED.,.F.,.F.,(8,6,6,6,6,6,6,6,8),(0.,0.156728162828,
    0.201100526215,0.268015793965,0.320705051454,0.399098585206,
    0.482639647905,0.761585097962,1.),.UNSPECIFIED.);
#6755 = CARTESIAN_POINT('',(0.,9.076884923524));
#6756 = CARTESIAN_POINT('',(5.50317840355E-02,8.929604179381));
#6757 = CARTESIAN_POINT('',(0.112506821649,8.792112886512));
#6758 = CARTESIAN_POINT('',(0.172621050122,8.665748253557));
#6759 = CARTESIAN_POINT('',(0.235554613772,8.552441947849));
#6760 = CARTESIAN_POINT('',(0.301455201139,8.454811941567));
#6761 = CARTESIAN_POINT('',(0.370436147136,8.376321295705));
#6762 = CARTESIAN_POINT('',(0.462950834361,8.306084161543));
#6763 = CARTESIAN_POINT('',(0.483612587094,8.292491450893));
#6764 = CARTESIAN_POINT('',(0.504509896877,8.280918266379));
#6765 = CARTESIAN_POINT('',(0.525629920915,8.271477591833));
#6766 = CARTESIAN_POINT('',(0.546959858722,8.264281053492));
#6767 = CARTESIAN_POINT('',(0.568486792109,8.259439155051));
#6768 = CARTESIAN_POINT('',(0.62293816381,8.253475934667));
#6769 = CARTESIAN_POINT('',(0.656153267567,8.255488306236));
#6770 = CARTESIAN_POINT('',(0.689675902348,8.263522559825));
#6771 = CARTESIAN_POINT('',(0.723350547681,8.277873034315));
#6772 = CARTESIAN_POINT('',(0.757030549134,8.298706625357));
#6773 = CARTESIAN_POINT('',(0.790576599127,8.326062428506));
#6774 = CARTESIAN_POINT('',(0.850060727546,8.38645241202));
#6775 = CARTESIAN_POINT('',(0.876041166634,8.416983308732));
#6776 = CARTESIAN_POINT('',(0.901719833329,8.451349684952));
#6777 = CARTESIAN_POINT('',(0.927022557315,8.48939741036));
#6778 = CARTESIAN_POINT('',(0.951877841658,8.530908308588));
#6779 = CARTESIAN_POINT('',(0.976215976442,8.575598361098));
#6780 = CARTESIAN_POINT('',(1.035307747173,8.693814737257));
#6781 = CARTESIAN_POINT('',(1.069285729054,8.770643326078));
#6782 = CARTESIAN_POINT('',(1.101910872128,8.852855937336));
#6783 = CARTESIAN_POINT('',(1.133188190661,8.939706251844));
#6784 = CARTESIAN_POINT('',(1.163119430596,9.030435978399));
#6785 = CARTESIAN_POINT('',(1.191703561045,9.124263460752));
#6786 = CARTESIAN_POINT('',(1.247959208359,9.322791870667));
#6787 = CARTESIAN_POINT('',(1.275532466876,9.428101036502));
#6788 = CARTESIAN_POINT('',(1.301749947404,9.53574318942));
#6789 = CARTESIAN_POINT('',(1.326697660943,9.645257958208));
#6790 = CARTESIAN_POINT('',(1.350456981166,9.756283292664));
#6791 = CARTESIAN_POINT('',(1.373106902166,9.868557563146));
#6792 = CARTESIAN_POINT('',(1.466913929515,10.360446879096));
#6793 = CARTESIAN_POINT('',(1.528357834778,10.755043418911));
#6794 = CARTESIAN_POINT('',(1.580659697218,11.155667710042));
#6795 = CARTESIAN_POINT('',(1.625051892401,11.556946050718));
#6796 = CARTESIAN_POINT('',(1.662699229272,11.957118521504));
#6797 = CARTESIAN_POINT('',(1.694570220276,12.358733828432));
#6798 = CARTESIAN_POINT('',(1.743891321259,13.117279266068));
#6799 = CARTESIAN_POINT('',(1.762495001546,13.46808848701));
#6800 = CARTESIAN_POINT('',(1.777173777836,13.819418359265));
#6801 = CARTESIAN_POINT('',(1.788071670629,14.170862403637));
#6802 = CARTESIAN_POINT('',(1.795289970156,14.522268436128));
#6803 = CARTESIAN_POINT('',(1.798890772985,14.873664794329));
#6804 = CARTESIAN_POINT('',(1.798890772985,15.225180485854));
#6805 = ( GEOMETRIC_REPRESENTATION_CONTEXT(2) 
PARAMETRIC_REPRESENTATION_CONTEXT() REPRESENTATION_CONTEXT('2D SPACE',''
  ) );
#6806 = PCURVE('',#6680,#6807);
#6807 = DEFINITIONAL_REPRESENTATION('',(#6808),#6859);
#6808 = B_SPLINE_CURVE_WITH_KNOTS('',7,(#6809,#6810,#6811,#6812,#6813,
    #6814,#6815,#6816,#6817,#6818,#6819,#6820,#6821,#6822,#6823,#6824,
    #6825,#6826,#6827,#6828,#6829,#6830,#6831,#6832,#6833,#6834,#6835,
    #6836,#6837,#6838,#6839,#6840,#6841,#6842,#6843,#6844,#6845,#6846,
    #6847,#6848,#6849,#6850,#6851,#6852,#6853,#6854,#6855,#6856,#6857,
    #6858),.UNSPECIFIED.,.F.,.F.,(8,6,6,6,6,6,6,6,8),(0.,0.156728162828,
    0.201100526215,0.268015793965,0.320705051454,0.399098585206,
    0.482639647905,0.761585097962,1.),.UNSPECIFIED.);
#6809 = CARTESIAN_POINT('',(0.590114342204,21.56581101777));
#6810 = CARTESIAN_POINT('',(0.599819599292,21.381758712321));
#6811 = CARTESIAN_POINT('',(0.608420796088,21.189649113166));
#6812 = CARTESIAN_POINT('',(0.615754149302,20.989362143862));
#6813 = CARTESIAN_POINT('',(0.621603489139,20.781162947532));
#6814 = CARTESIAN_POINT('',(0.625696807089,20.565897551653));
#6815 = CARTESIAN_POINT('',(0.6277041172,20.345279183838));
#6816 = CARTESIAN_POINT('',(0.62710938034,20.059084565931));
#6817 = CARTESIAN_POINT('',(0.626780113391,19.995746502176));
#6818 = CARTESIAN_POINT('',(0.626244223172,19.932327848999));
#6819 = CARTESIAN_POINT('',(0.625493568065,19.868941313063));
#6820 = CARTESIAN_POINT('',(0.624520458959,19.805702927917));
#6821 = CARTESIAN_POINT('',(0.623317669756,19.74273197174));
#6822 = CARTESIAN_POINT('',(0.619708044725,19.585776147062));
#6823 = CARTESIAN_POINT('',(0.616996210473,19.492125263188));
#6824 = CARTESIAN_POINT('',(0.613724699261,19.399981382132));
#6825 = CARTESIAN_POINT('',(0.609888135385,19.31006377499));
#6826 = CARTESIAN_POINT('',(0.605493333033,19.223014017159));
#6827 = CARTESIAN_POINT('',(0.600558453293,19.139382875272));
#6828 = CARTESIAN_POINT('',(0.590823445587,18.996810747646));
#6829 = CARTESIAN_POINT('',(0.586227336237,18.936541624511));
#6830 = CARTESIAN_POINT('',(0.581342561242,18.879044800578));
#6831 = CARTESIAN_POINT('',(0.576192781627,18.824503975286));
#6832 = CARTESIAN_POINT('',(0.570806286555,18.773052699829));
#6833 = CARTESIAN_POINT('',(0.565215851292,18.724774800251));
#6834 = CARTESIAN_POINT('',(0.550892681132,18.612647553755));
#6835 = CARTESIAN_POINT('',(0.541973151164,18.552814388214));
#6836 = CARTESIAN_POINT('',(0.532769831192,18.499842998835));
#6837 = CARTESIAN_POINT('',(0.523349048492,18.453335813216));
#6838 = CARTESIAN_POINT('',(0.5137749424,18.412867091071));
#6839 = CARTESIAN_POINT('',(0.504110775,18.37799002365));
#6840 = CARTESIAN_POINT('',(0.484093402325,18.316544428323));
#6841 = CARTESIAN_POINT('',(0.473706501584,18.290578858364));
#6842 = CARTESIAN_POINT('',(0.463295604693,18.269727205848));
#6843 = CARTESIAN_POINT('',(0.452888036573,18.253436398827));
#6844 = CARTESIAN_POINT('',(0.442502709531,18.241217788893));
#6845 = CARTESIAN_POINT('',(0.432150450814,18.232644729218));
#6846 = CARTESIAN_POINT('',(0.387388575911,18.209671444504));
#6847 = CARTESIAN_POINT('',(0.352988927516,18.22836389588));
#6848 = CARTESIAN_POINT('',(0.319179974945,18.271375865673));
#6849 = CARTESIAN_POINT('',(0.28612346546,18.330640201676));
#6850 = CARTESIAN_POINT('',(0.253761581172,18.401155873675));
#6851 = CARTESIAN_POINT('',(0.22175698674,18.480523629401));
#6852 = CARTESIAN_POINT('',(0.162033968341,18.643342049215));
#6853 = CARTESIAN_POINT('',(0.134693958482,18.723636382208));
#6854 = CARTESIAN_POINT('',(0.10752697541,18.807761928635));
#6855 = CARTESIAN_POINT('',(8.051011024769E-02,18.894775495307));
#6856 = CARTESIAN_POINT('',(5.361007140647E-02,18.984109509127));
#6857 = CARTESIAN_POINT('',(2.678719066456E-02,19.075504156063));
#6858 = CARTESIAN_POINT('',(0.,19.168984437621));
#6859 = ( GEOMETRIC_REPRESENTATION_CONTEXT(2) 
PARAMETRIC_REPRESENTATION_CONTEXT() REPRESENTATION_CONTEXT('2D SPACE',''
  ) );
#6860 = ORIENTED_EDGE('',*,*,#6861,.F.);
#6861 = EDGE_CURVE('',#6432,#6698,#6862,.T.);
#6862 = SEAM_CURVE('',#6863,(#6867,#6874),.PCURVE_S1.);
#6863 = LINE('',#6864,#6865);
#6864 = CARTESIAN_POINT('',(-32.,-8.,3.));
#6865 = VECTOR('',#6866,1.);
#6866 = DIRECTION('',(0.,1.,0.));
#6867 = PCURVE('',#742,#6868);
#6868 = DEFINITIONAL_REPRESENTATION('',(#6869),#6873);
#6869 = LINE('',#6870,#6871);
#6870 = CARTESIAN_POINT('',(6.28318530718,-0.));
#6871 = VECTOR('',#6872,1.);
#6872 = DIRECTION('',(0.,1.));
#6873 = ( GEOMETRIC_REPRESENTATION_CONTEXT(2) 
PARAMETRIC_REPRESENTATION_CONTEXT() REPRESENTATION_CONTEXT('2D SPACE',''
  ) );
#6874 = PCURVE('',#742,#6875);
#6875 = DEFINITIONAL_REPRESENTATION('',(#6876),#6880);
#6876 = LINE('',#6877,#6878);
#6877 = CARTESIAN_POINT('',(0.,-0.));
#6878 = VECTOR('',#6879,1.);
#6879 = DIRECTION('',(0.,1.));
#6880 = ( GEOMETRIC_REPRESENTATION_CONTEXT(2) 
PARAMETRIC_REPRESENTATION_CONTEXT() REPRESENTATION_CONTEXT('2D SPACE',''
  ) );
#6881 = ORIENTED_EDGE('',*,*,#6526,.T.);
#6882 = ORIENTED_EDGE('',*,*,#1380,.T.);
#6883 = ORIENTED_EDGE('',*,*,#6884,.T.);
#6884 = EDGE_CURVE('',#1381,#699,#6885,.T.);
#6885 = SURFACE_CURVE('',#6886,(#6914,#6945),.PCURVE_S1.);
#6886 = B_SPLINE_CURVE_WITH_KNOTS('',6,(#6887,#6888,#6889,#6890,#6891,
    #6892,#6893,#6894,#6895,#6896,#6897,#6898,#6899,#6900,#6901,#6902,
    #6903,#6904,#6905,#6906,#6907,#6908,#6909,#6910,#6911,#6912,#6913),
  .UNSPECIFIED.,.F.,.F.,(7,5,5,5,5,7),(0.,0.330545568952,0.50792195585,
    0.65128400746,0.848613451823,1.),.UNSPECIFIED.);
#6887 = CARTESIAN_POINT('',(-32.,-5.196152422707,3.));
#6888 = CARTESIAN_POINT('',(-31.7682712589,-5.196152422707,3.));
#6889 = CARTESIAN_POINT('',(-31.53697931815,-5.208553206438,
    2.978521122304));
#6890 = CARTESIAN_POINT('',(-31.30781472678,-5.233269032552,
    2.935712459842));
#6891 = CARTESIAN_POINT('',(-31.08252320481,-5.269381198184,
    2.871625742977));
#6892 = CARTESIAN_POINT('',(-30.86305294524,-5.315146990127,
    2.786277224839));
#6893 = CARTESIAN_POINT('',(-30.5382494482,-5.396726827371,2.62286254039
    ));
#6894 = CARTESIAN_POINT('',(-30.427041683,-5.427352984182,2.559693049322
    ));
#6895 = CARTESIAN_POINT('',(-30.3182520593,-5.459804620591,
    2.490357314176));
#6896 = CARTESIAN_POINT('',(-30.21213829938,-5.49373417528,
    2.414765391328));
#6897 = CARTESIAN_POINT('',(-30.10901908087,-5.528755139065,
    2.332802481268));
#6898 = CARTESIAN_POINT('',(-29.92865888162,-5.593280506631,
    2.172822643206));
#6899 = CARTESIAN_POINT('',(-29.85023840674,-5.622558167201,
    2.097054940193));
#6900 = CARTESIAN_POINT('',(-29.77419703532,-5.652053802026,
    2.016931747373));
#6901 = CARTESIAN_POINT('',(-29.70076777438,-5.681524039126,
    1.932357859069));
#6902 = CARTESIAN_POINT('',(-29.63023380949,-5.710698611451,
    1.843238634991));
#6903 = CARTESIAN_POINT('',(-29.47028731532,-5.778616732068,1.6204291274
    ));
#6904 = CARTESIAN_POINT('',(-29.38355638388,-5.81691597559,
    1.482300325308));
#6905 = CARTESIAN_POINT('',(-29.30394452721,-5.853266710889,
    1.335173950647));
#6906 = CARTESIAN_POINT('',(-29.23270256136,-5.88667682497,
    1.179241619439));
#6907 = CARTESIAN_POINT('',(-29.17115138783,-5.916116786525,
    1.014831043619));
#6908 = CARTESIAN_POINT('',(-29.08201223122,-5.959321010392,
    0.710167701906));
#6909 = CARTESIAN_POINT('',(-29.04985500423,-5.975138501646,
    0.573208090824));
#6910 = CARTESIAN_POINT('',(-29.02511687172,-5.9874415616,0.432587064962
    ));
#6911 = CARTESIAN_POINT('',(-29.0083903493,-5.995804826098,
    0.289411828393));
#6912 = CARTESIAN_POINT('',(-28.99999999602,-6.000000001986,
    0.144830348937));
#6913 = CARTESIAN_POINT('',(-29.,-6.,-8.227834769059E-08));
#6914 = PCURVE('',#742,#6915);
#6915 = DEFINITIONAL_REPRESENTATION('',(#6916),#6944);
#6916 = B_SPLINE_CURVE_WITH_KNOTS('',6,(#6917,#6918,#6919,#6920,#6921,
    #6922,#6923,#6924,#6925,#6926,#6927,#6928,#6929,#6930,#6931,#6932,
    #6933,#6934,#6935,#6936,#6937,#6938,#6939,#6940,#6941,#6942,#6943),
  .UNSPECIFIED.,.F.,.F.,(7,5,5,5,5,7),(0.,0.330545568952,0.50792195585,
    0.65128400746,0.848613451823,1.),.UNSPECIFIED.);
#6917 = CARTESIAN_POINT('',(0.,2.803847577293));
#6918 = CARTESIAN_POINT('',(7.724291369861E-02,2.803847577293));
#6919 = CARTESIAN_POINT('',(0.154340154598,2.791446793562));
#6920 = CARTESIAN_POINT('',(0.231558229787,2.766730967448));
#6921 = CARTESIAN_POINT('',(0.309127805498,2.730618801816));
#6922 = CARTESIAN_POINT('',(0.387265801626,2.684853009873));
#6923 = CARTESIAN_POINT('',(0.508464293906,2.603273172629));
#6924 = CARTESIAN_POINT('',(0.551042236478,2.572647015818));
#6925 = CARTESIAN_POINT('',(0.593960550848,2.540195379409));
#6926 = CARTESIAN_POINT('',(0.637300320216,2.50626582472));
#6927 = CARTESIAN_POINT('',(0.681144698655,2.471244860935));
#6928 = CARTESIAN_POINT('',(0.761507314383,2.406719493369));
#6929 = CARTESIAN_POINT('',(0.797822177694,2.377441832799));
#6930 = CARTESIAN_POINT('',(0.834590684183,2.347946197974));
#6931 = CARTESIAN_POINT('',(0.871868175432,2.318475960874));
#6932 = CARTESIAN_POINT('',(0.909711280231,2.289301388549));
#6933 = CARTESIAN_POINT('',(1.001136390853,2.221383267932));
#6934 = CARTESIAN_POINT('',(1.055398757253,2.18308402441));
#6935 = CARTESIAN_POINT('',(1.110982035499,2.146733289111));
#6936 = CARTESIAN_POINT('',(1.167921957653,2.11332317503));
#6937 = CARTESIAN_POINT('',(1.226282132681,2.083883213475));
#6938 = CARTESIAN_POINT('',(1.332094094316,2.040678989608));
#6939 = CARTESIAN_POINT('',(1.378920386108,2.024861498354));
#6940 = CARTESIAN_POINT('',(1.426398088192,2.0125584384));
#6941 = CARTESIAN_POINT('',(1.474325722326,2.004195173902));
#6942 = CARTESIAN_POINT('',(1.522519543816,1.999999998014));
#6943 = CARTESIAN_POINT('',(1.570796354221,2.));
#6944 = ( GEOMETRIC_REPRESENTATION_CONTEXT(2) 
PARAMETRIC_REPRESENTATION_CONTEXT() REPRESENTATION_CONTEXT('2D SPACE',''
  ) );
#6945 = PCURVE('',#714,#6946);
#6946 = DEFINITIONAL_REPRESENTATION('',(#6947),#6975);
#6947 = B_SPLINE_CURVE_WITH_KNOTS('',6,(#6948,#6949,#6950,#6951,#6952,
    #6953,#6954,#6955,#6956,#6957,#6958,#6959,#6960,#6961,#6962,#6963,
    #6964,#6965,#6966,#6967,#6968,#6969,#6970,#6971,#6972,#6973,#6974),
  .UNSPECIFIED.,.F.,.F.,(7,5,5,5,5,7),(0.,0.330545568952,0.50792195585,
    0.65128400746,0.848613451823,1.),.UNSPECIFIED.);
#6948 = CARTESIAN_POINT('',(2.094395102393,32.));
#6949 = CARTESIAN_POINT('',(2.094395102393,31.768271258904));
#6950 = CARTESIAN_POINT('',(2.090261536132,31.536979318154));
#6951 = CARTESIAN_POINT('',(2.082022790859,31.307814726783));
#6952 = CARTESIAN_POINT('',(2.069763805468,31.082523204817));
#6953 = CARTESIAN_POINT('',(2.053629958866,30.863052945241));
#6954 = CARTESIAN_POINT('',(2.023188928013,30.538249448209));
#6955 = CARTESIAN_POINT('',(2.011489361154,30.427041683007));
#6956 = CARTESIAN_POINT('',(1.998732202254,30.3182520593));
#6957 = CARTESIAN_POINT('',(1.984925670838,30.212138299386));
#6958 = CARTESIAN_POINT('',(1.97007354302,30.109019080876));
#6959 = CARTESIAN_POINT('',(1.941323146093,29.928658881626));
#6960 = CARTESIAN_POINT('',(1.927786664931,29.850238406748));
#6961 = CARTESIAN_POINT('',(1.913559537534,29.774197035328));
#6962 = CARTESIAN_POINT('',(1.898636407692,29.700767774385));
#6963 = CARTESIAN_POINT('',(1.883010835939,29.630233809494));
#6964 = CARTESIAN_POINT('',(1.844188967896,29.470287315323));
#6965 = CARTESIAN_POINT('',(1.820306599496,29.383556383884));
#6966 = CARTESIAN_POINT('',(1.795064216516,29.303944527219));
#6967 = CARTESIAN_POINT('',(1.768506952244,29.232702561363));
#6968 = CARTESIAN_POINT('',(1.740687766208,29.171151387834));
#6969 = CARTESIAN_POINT('',(1.689402519048,29.082012231224));
#6970 = CARTESIAN_POINT('',(1.666431886598,29.049855004231));
#6971 = CARTESIAN_POINT('',(1.642919467154,29.02511687172));
#6972 = CARTESIAN_POINT('',(1.619031636603,29.008390349302));
#6973 = CARTESIAN_POINT('',(1.594934718284,28.999999996028));
#6974 = CARTESIAN_POINT('',(1.570796313082,29.));
#6975 = ( GEOMETRIC_REPRESENTATION_CONTEXT(2) 
PARAMETRIC_REPRESENTATION_CONTEXT() REPRESENTATION_CONTEXT('2D SPACE',''
  ) );
#6976 = ORIENTED_EDGE('',*,*,#726,.F.);
#6977 = ORIENTED_EDGE('',*,*,#6978,.T.);
#6978 = EDGE_CURVE('',#727,#755,#6979,.T.);
#6979 = SURFACE_CURVE('',#6980,(#6985,#6992),.PCURVE_S1.);
#6980 = CIRCLE('',#6981,3.);
#6981 = AXIS2_PLACEMENT_3D('',#6982,#6983,#6984);
#6982 = CARTESIAN_POINT('',(-32.,-8.,0.));
#6983 = DIRECTION('',(0.,1.,-0.));
#6984 = DIRECTION('',(0.,0.,1.));
#6985 = PCURVE('',#742,#6986);
#6986 = DEFINITIONAL_REPRESENTATION('',(#6987),#6991);
#6987 = LINE('',#6988,#6989);
#6988 = CARTESIAN_POINT('',(0.,0.));
#6989 = VECTOR('',#6990,1.);
#6990 = DIRECTION('',(1.,0.));
#6991 = ( GEOMETRIC_REPRESENTATION_CONTEXT(2) 
PARAMETRIC_REPRESENTATION_CONTEXT() REPRESENTATION_CONTEXT('2D SPACE',''
  ) );
#6992 = PCURVE('',#770,#6993);
#6993 = DEFINITIONAL_REPRESENTATION('',(#6994),#6998);
#6994 = CIRCLE('',#6995,3.);
#6995 = AXIS2_PLACEMENT_2D('',#6996,#6997);
#6996 = CARTESIAN_POINT('',(0.,0.));
#6997 = DIRECTION('',(1.,0.));
#6998 = ( GEOMETRIC_REPRESENTATION_CONTEXT(2) 
PARAMETRIC_REPRESENTATION_CONTEXT() REPRESENTATION_CONTEXT('2D SPACE',''
  ) );
#6999 = ORIENTED_EDGE('',*,*,#782,.T.);
#7000 = ORIENTED_EDGE('',*,*,#6431,.T.);
#7001 = ORIENTED_EDGE('',*,*,#6861,.T.);
#7002 = ORIENTED_EDGE('',*,*,#7003,.F.);
#7003 = EDGE_CURVE('',#6626,#6698,#7004,.T.);
#7004 = SURFACE_CURVE('',#7005,(#7026,#7050),.PCURVE_S1.);
#7005 = B_SPLINE_CURVE_WITH_KNOTS('',7,(#7006,#7007,#7008,#7009,#7010,
    #7011,#7012,#7013,#7014,#7015,#7016,#7017,#7018,#7019,#7020,#7021,
    #7022,#7023,#7024,#7025),.UNSPECIFIED.,.F.,.F.,(8,6,6,8),(0.,
    0.549118784115,0.782483083276,1.),.UNSPECIFIED.);
#7006 = CARTESIAN_POINT('',(-34.41677202087,8.0000006,1.777417508391));
#7007 = CARTESIAN_POINT('',(-34.39431583889,7.402563858671,
    1.807951399302));
#7008 = CARTESIAN_POINT('',(-34.3529161343,6.805306327501,1.863300977362
    ));
#7009 = CARTESIAN_POINT('',(-34.29116672794,6.211184806827,
    1.942576299253));
#7010 = CARTESIAN_POINT('',(-34.20610956448,5.622704342886,
    2.043551180413));
#7011 = CARTESIAN_POINT('',(-34.09324153189,5.0419282008,2.162515390948)
  );
#7012 = CARTESIAN_POINT('',(-33.94670193584,4.471050707022,
    2.294335105407));
#7013 = CARTESIAN_POINT('',(-33.67940966742,3.676744604796,
    2.487823891466));
#7014 = CARTESIAN_POINT('',(-33.59235490518,3.442502858386,
    2.546191955317));
#7015 = CARTESIAN_POINT('',(-33.49748834002,3.211375007159,
    2.604488800741));
#7016 = CARTESIAN_POINT('',(-33.39432681464,2.983859053373,
    2.661858216192));
#7017 = CARTESIAN_POINT('',(-33.28240119136,2.760523978133,
    2.717296006598));
#7018 = CARTESIAN_POINT('',(-33.16128370319,2.542047909533,
    2.769616968548));
#7019 = CARTESIAN_POINT('',(-32.90882671868,2.130914793263,
    2.861966477647));
#7020 = CARTESIAN_POINT('',(-32.7788076599,1.937622788913,2.902563850576
    ));
#7021 = CARTESIAN_POINT('',(-32.64028471981,1.750031716899,
    2.938075497137));
#7022 = CARTESIAN_POINT('',(-32.4930728808,1.568971878463,2.967196457356
    ));
#7023 = CARTESIAN_POINT('',(-32.33712037404,1.395472897226,
    2.988415418099));
#7024 = CARTESIAN_POINT('',(-32.17259282966,1.230854130187,3.));
#7025 = CARTESIAN_POINT('',(-32.,1.076884923524,3.));
#7026 = PCURVE('',#742,#7027);
#7027 = DEFINITIONAL_REPRESENTATION('',(#7028),#7049);
#7028 = B_SPLINE_CURVE_WITH_KNOTS('',7,(#7029,#7030,#7031,#7032,#7033,
    #7034,#7035,#7036,#7037,#7038,#7039,#7040,#7041,#7042,#7043,#7044,
    #7045,#7046,#7047,#7048),.UNSPECIFIED.,.F.,.F.,(8,6,6,8),(0.,
    0.549118784115,0.782483083276,1.),.UNSPECIFIED.);
#7029 = CARTESIAN_POINT('',(5.346513549845,16.0000006));
#7030 = CARTESIAN_POINT('',(5.359147712541,15.402563858671));
#7031 = CARTESIAN_POINT('',(5.382185859966,14.805306327501));
#7032 = CARTESIAN_POINT('',(5.415676525804,14.211184806826));
#7033 = CARTESIAN_POINT('',(5.459612413764,13.622704342886));
#7034 = CARTESIAN_POINT('',(5.514086674683,13.0419282008));
#7035 = CARTESIAN_POINT('',(5.579420456824,12.471050707022));
#7036 = CARTESIAN_POINT('',(5.689411904515,11.676744604796));
#7037 = CARTESIAN_POINT('',(5.724326416935,11.442502858386));
#7038 = CARTESIAN_POINT('',(5.761393737708,11.211375007159));
#7039 = CARTESIAN_POINT('',(5.800668601044,10.983859053373));
#7040 = CARTESIAN_POINT('',(5.842217572353,10.760523978133));
#7041 = CARTESIAN_POINT('',(5.88612441742,10.542047909533));
#7042 = CARTESIAN_POINT('',(5.975730320536,10.130914793263));
#7043 = CARTESIAN_POINT('',(6.021081228446,9.937622788913));
#7044 = CARTESIAN_POINT('',(6.068643715855,9.750031716899));
#7045 = CARTESIAN_POINT('',(6.118516774809,9.568971878463));
#7046 = CARTESIAN_POINT('',(6.170811806749,9.395472897226));
#7047 = CARTESIAN_POINT('',(6.225654363956,9.230854130187));
#7048 = CARTESIAN_POINT('',(6.28318530718,9.076884923524));
#7049 = ( GEOMETRIC_REPRESENTATION_CONTEXT(2) 
PARAMETRIC_REPRESENTATION_CONTEXT() REPRESENTATION_CONTEXT('2D SPACE',''
  ) );
#7050 = PCURVE('',#6680,#7051);
#7051 = DEFINITIONAL_REPRESENTATION('',(#7052),#7073);
#7052 = B_SPLINE_CURVE_WITH_KNOTS('',7,(#7053,#7054,#7055,#7056,#7057,
    #7058,#7059,#7060,#7061,#7062,#7063,#7064,#7065,#7066,#7067,#7068,
    #7069,#7070,#7071,#7072),.UNSPECIFIED.,.F.,.F.,(8,6,6,8),(0.,
    0.549118784115,0.782483083276,1.),.UNSPECIFIED.);
#7053 = CARTESIAN_POINT('',(6.454323099009E-02,25.040141024756));
#7054 = CARTESIAN_POINT('',(0.110001292827,24.873734588769));
#7055 = CARTESIAN_POINT('',(0.155454568423,24.700650293055));
#7056 = CARTESIAN_POINT('',(0.200795527585,24.520085411622));
#7057 = CARTESIAN_POINT('',(0.245908297808,24.329222148216));
#7058 = CARTESIAN_POINT('',(0.290649744788,24.123177313742));
#7059 = CARTESIAN_POINT('',(0.334811829665,23.895343303324));
#7060 = CARTESIAN_POINT('',(0.396244615696,23.526721024467));
#7061 = CARTESIAN_POINT('',(0.41435946839,23.411313169336));
#7062 = CARTESIAN_POINT('',(0.43221668574,23.289849476586));
#7063 = CARTESIAN_POINT('',(0.449757602548,23.161696825967));
#7064 = CARTESIAN_POINT('',(0.466911809091,23.026194245443));
#7065 = CARTESIAN_POINT('',(0.483592587539,22.882673890594));
#7066 = CARTESIAN_POINT('',(0.514697952888,22.588625204378));
#7067 = CARTESIAN_POINT('',(0.529190459585,22.439313718122));
#7068 = CARTESIAN_POINT('',(0.543083374767,22.282026721145));
#7069 = CARTESIAN_POINT('',(0.556269889396,22.116302099272));
#7070 = CARTESIAN_POINT('',(0.568618949581,21.941765367467));
#7071 = CARTESIAN_POINT('',(0.57996834014,21.758221693173));
#7072 = CARTESIAN_POINT('',(0.590114342204,21.56581101777));
#7073 = ( GEOMETRIC_REPRESENTATION_CONTEXT(2) 
PARAMETRIC_REPRESENTATION_CONTEXT() REPRESENTATION_CONTEXT('2D SPACE',''
  ) );
#7074 = ADVANCED_FACE('',(#7075),#770,.T.);
#7075 = FACE_BOUND('',#7076,.T.);
#7076 = EDGE_LOOP('',(#7077,#7078));
#7077 = ORIENTED_EDGE('',*,*,#754,.F.);
#7078 = ORIENTED_EDGE('',*,*,#6978,.T.);
#7079 = ADVANCED_FACE('',(#7080),#714,.T.);
#7080 = FACE_BOUND('',#7081,.T.);
#7081 = EDGE_LOOP('',(#7082,#7083,#7084));
#7082 = ORIENTED_EDGE('',*,*,#6884,.T.);
#7083 = ORIENTED_EDGE('',*,*,#698,.F.);
#7084 = ORIENTED_EDGE('',*,*,#1736,.T.);
#7085 = ADVANCED_FACE('',(#7086),#610,.T.);
#7086 = FACE_BOUND('',#7087,.T.);
#7087 = EDGE_LOOP('',(#7088,#7089,#7090,#7113,#7141,#7169,#7197,#7225,
    #7253,#7281,#7309,#7337));
#7088 = ORIENTED_EDGE('',*,*,#6296,.T.);
#7089 = ORIENTED_EDGE('',*,*,#594,.F.);
#7090 = ORIENTED_EDGE('',*,*,#7091,.F.);
#7091 = EDGE_CURVE('',#7092,#567,#7094,.T.);
#7092 = VERTEX_POINT('',#7093);
#7093 = CARTESIAN_POINT('',(45.,-22.,-34.));
#7094 = SURFACE_CURVE('',#7095,(#7099,#7106),.PCURVE_S1.);
#7095 = LINE('',#7096,#7097);
#7096 = CARTESIAN_POINT('',(45.,-22.,-34.));
#7097 = VECTOR('',#7098,1.);
#7098 = DIRECTION('',(0.,0.,1.));
#7099 = PCURVE('',#610,#7100);
#7100 = DEFINITIONAL_REPRESENTATION('',(#7101),#7105);
#7101 = LINE('',#7102,#7103);
#7102 = CARTESIAN_POINT('',(0.,0.));
#7103 = VECTOR('',#7104,1.);
#7104 = DIRECTION('',(1.,0.));
#7105 = ( GEOMETRIC_REPRESENTATION_CONTEXT(2) 
PARAMETRIC_REPRESENTATION_CONTEXT() REPRESENTATION_CONTEXT('2D SPACE',''
  ) );
#7106 = PCURVE('',#582,#7107);
#7107 = DEFINITIONAL_REPRESENTATION('',(#7108),#7112);
#7108 = LINE('',#7109,#7110);
#7109 = CARTESIAN_POINT('',(0.,90.));
#7110 = VECTOR('',#7111,1.);
#7111 = DIRECTION('',(1.,0.));
#7112 = ( GEOMETRIC_REPRESENTATION_CONTEXT(2) 
PARAMETRIC_REPRESENTATION_CONTEXT() REPRESENTATION_CONTEXT('2D SPACE',''
  ) );
#7113 = ORIENTED_EDGE('',*,*,#7114,.T.);
#7114 = EDGE_CURVE('',#7092,#7115,#7117,.T.);
#7115 = VERTEX_POINT('',#7116);
#7116 = CARTESIAN_POINT('',(45.,-12.3,-34.));
#7117 = SURFACE_CURVE('',#7118,(#7122,#7129),.PCURVE_S1.);
#7118 = LINE('',#7119,#7120);
#7119 = CARTESIAN_POINT('',(45.,-22.,-34.));
#7120 = VECTOR('',#7121,1.);
#7121 = DIRECTION('',(-0.,1.,0.));
#7122 = PCURVE('',#610,#7123);
#7123 = DEFINITIONAL_REPRESENTATION('',(#7124),#7128);
#7124 = LINE('',#7125,#7126);
#7125 = CARTESIAN_POINT('',(0.,0.));
#7126 = VECTOR('',#7127,1.);
#7127 = DIRECTION('',(0.,-1.));
#7128 = ( GEOMETRIC_REPRESENTATION_CONTEXT(2) 
PARAMETRIC_REPRESENTATION_CONTEXT() REPRESENTATION_CONTEXT('2D SPACE',''
  ) );
#7129 = PCURVE('',#7130,#7135);
#7130 = PLANE('',#7131);
#7131 = AXIS2_PLACEMENT_3D('',#7132,#7133,#7134);
#7132 = CARTESIAN_POINT('',(-45.,-22.,-34.));
#7133 = DIRECTION('',(0.,0.,1.));
#7134 = DIRECTION('',(1.,0.,-0.));
#7135 = DEFINITIONAL_REPRESENTATION('',(#7136),#7140);
#7136 = LINE('',#7137,#7138);
#7137 = CARTESIAN_POINT('',(90.,0.));
#7138 = VECTOR('',#7139,1.);
#7139 = DIRECTION('',(0.,1.));
#7140 = ( GEOMETRIC_REPRESENTATION_CONTEXT(2) 
PARAMETRIC_REPRESENTATION_CONTEXT() REPRESENTATION_CONTEXT('2D SPACE',''
  ) );
#7141 = ORIENTED_EDGE('',*,*,#7142,.T.);
#7142 = EDGE_CURVE('',#7115,#7143,#7145,.T.);
#7143 = VERTEX_POINT('',#7144);
#7144 = CARTESIAN_POINT('',(45.,-12.3,-25.4));
#7145 = SURFACE_CURVE('',#7146,(#7150,#7157),.PCURVE_S1.);
#7146 = LINE('',#7147,#7148);
#7147 = CARTESIAN_POINT('',(45.,-12.3,-34.));
#7148 = VECTOR('',#7149,1.);
#7149 = DIRECTION('',(0.,0.,1.));
#7150 = PCURVE('',#610,#7151);
#7151 = DEFINITIONAL_REPRESENTATION('',(#7152),#7156);
#7152 = LINE('',#7153,#7154);
#7153 = CARTESIAN_POINT('',(0.,-9.7));
#7154 = VECTOR('',#7155,1.);
#7155 = DIRECTION('',(1.,0.));
#7156 = ( GEOMETRIC_REPRESENTATION_CONTEXT(2) 
PARAMETRIC_REPRESENTATION_CONTEXT() REPRESENTATION_CONTEXT('2D SPACE',''
  ) );
#7157 = PCURVE('',#7158,#7163);
#7158 = PLANE('',#7159);
#7159 = AXIS2_PLACEMENT_3D('',#7160,#7161,#7162);
#7160 = CARTESIAN_POINT('',(-47.,-12.3,-34.));
#7161 = DIRECTION('',(-0.,1.,0.));
#7162 = DIRECTION('',(0.,0.,1.));
#7163 = DEFINITIONAL_REPRESENTATION('',(#7164),#7168);
#7164 = LINE('',#7165,#7166);
#7165 = CARTESIAN_POINT('',(0.,92.));
#7166 = VECTOR('',#7167,1.);
#7167 = DIRECTION('',(1.,0.));
#7168 = ( GEOMETRIC_REPRESENTATION_CONTEXT(2) 
PARAMETRIC_REPRESENTATION_CONTEXT() REPRESENTATION_CONTEXT('2D SPACE',''
  ) );
#7169 = ORIENTED_EDGE('',*,*,#7170,.F.);
#7170 = EDGE_CURVE('',#7171,#7143,#7173,.T.);
#7171 = VERTEX_POINT('',#7172);
#7172 = CARTESIAN_POINT('',(45.,-6.3,-25.4));
#7173 = SURFACE_CURVE('',#7174,(#7178,#7185),.PCURVE_S1.);
#7174 = LINE('',#7175,#7176);
#7175 = CARTESIAN_POINT('',(45.,-17.15,-25.4));
#7176 = VECTOR('',#7177,1.);
#7177 = DIRECTION('',(0.,-1.,0.));
#7178 = PCURVE('',#610,#7179);
#7179 = DEFINITIONAL_REPRESENTATION('',(#7180),#7184);
#7180 = LINE('',#7181,#7182);
#7181 = CARTESIAN_POINT('',(8.6,-4.85));
#7182 = VECTOR('',#7183,1.);
#7183 = DIRECTION('',(0.,1.));
#7184 = ( GEOMETRIC_REPRESENTATION_CONTEXT(2) 
PARAMETRIC_REPRESENTATION_CONTEXT() REPRESENTATION_CONTEXT('2D SPACE',''
  ) );
#7185 = PCURVE('',#7186,#7191);
#7186 = PLANE('',#7187);
#7187 = AXIS2_PLACEMENT_3D('',#7188,#7189,#7190);
#7188 = CARTESIAN_POINT('',(-47.,-12.3,-25.4));
#7189 = DIRECTION('',(0.,0.,1.));
#7190 = DIRECTION('',(1.,0.,-0.));
#7191 = DEFINITIONAL_REPRESENTATION('',(#7192),#7196);
#7192 = LINE('',#7193,#7194);
#7193 = CARTESIAN_POINT('',(92.,-4.85));
#7194 = VECTOR('',#7195,1.);
#7195 = DIRECTION('',(0.,-1.));
#7196 = ( GEOMETRIC_REPRESENTATION_CONTEXT(2) 
PARAMETRIC_REPRESENTATION_CONTEXT() REPRESENTATION_CONTEXT('2D SPACE',''
  ) );
#7197 = ORIENTED_EDGE('',*,*,#7198,.T.);
#7198 = EDGE_CURVE('',#7171,#7199,#7201,.T.);
#7199 = VERTEX_POINT('',#7200);
#7200 = CARTESIAN_POINT('',(45.,-6.3,-12.));
#7201 = SURFACE_CURVE('',#7202,(#7206,#7213),.PCURVE_S1.);
#7202 = LINE('',#7203,#7204);
#7203 = CARTESIAN_POINT('',(45.,-6.3,-30.));
#7204 = VECTOR('',#7205,1.);
#7205 = DIRECTION('',(0.,0.,1.));
#7206 = PCURVE('',#610,#7207);
#7207 = DEFINITIONAL_REPRESENTATION('',(#7208),#7212);
#7208 = LINE('',#7209,#7210);
#7209 = CARTESIAN_POINT('',(4.,-15.7));
#7210 = VECTOR('',#7211,1.);
#7211 = DIRECTION('',(1.,0.));
#7212 = ( GEOMETRIC_REPRESENTATION_CONTEXT(2) 
PARAMETRIC_REPRESENTATION_CONTEXT() REPRESENTATION_CONTEXT('2D SPACE',''
  ) );
#7213 = PCURVE('',#7214,#7219);
#7214 = PLANE('',#7215);
#7215 = AXIS2_PLACEMENT_3D('',#7216,#7217,#7218);
#7216 = CARTESIAN_POINT('',(-47.,-6.3,-26.));
#7217 = DIRECTION('',(-0.,1.,0.));
#7218 = DIRECTION('',(0.,0.,1.));
#7219 = DEFINITIONAL_REPRESENTATION('',(#7220),#7224);
#7220 = LINE('',#7221,#7222);
#7221 = CARTESIAN_POINT('',(-4.,92.));
#7222 = VECTOR('',#7223,1.);
#7223 = DIRECTION('',(1.,0.));
#7224 = ( GEOMETRIC_REPRESENTATION_CONTEXT(2) 
PARAMETRIC_REPRESENTATION_CONTEXT() REPRESENTATION_CONTEXT('2D SPACE',''
  ) );
#7225 = ORIENTED_EDGE('',*,*,#7226,.F.);
#7226 = EDGE_CURVE('',#7227,#7199,#7229,.T.);
#7227 = VERTEX_POINT('',#7228);
#7228 = CARTESIAN_POINT('',(45.,6.3,-12.));
#7229 = SURFACE_CURVE('',#7230,(#7234,#7241),.PCURVE_S1.);
#7230 = LINE('',#7231,#7232);
#7231 = CARTESIAN_POINT('',(45.,-14.15,-12.));
#7232 = VECTOR('',#7233,1.);
#7233 = DIRECTION('',(0.,-1.,0.));
#7234 = PCURVE('',#610,#7235);
#7235 = DEFINITIONAL_REPRESENTATION('',(#7236),#7240);
#7236 = LINE('',#7237,#7238);
#7237 = CARTESIAN_POINT('',(22.,-7.85));
#7238 = VECTOR('',#7239,1.);
#7239 = DIRECTION('',(0.,1.));
#7240 = ( GEOMETRIC_REPRESENTATION_CONTEXT(2) 
PARAMETRIC_REPRESENTATION_CONTEXT() REPRESENTATION_CONTEXT('2D SPACE',''
  ) );
#7241 = PCURVE('',#7242,#7247);
#7242 = PLANE('',#7243);
#7243 = AXIS2_PLACEMENT_3D('',#7244,#7245,#7246);
#7244 = CARTESIAN_POINT('',(-47.,-6.3,-12.));
#7245 = DIRECTION('',(0.,0.,1.));
#7246 = DIRECTION('',(1.,0.,-0.));
#7247 = DEFINITIONAL_REPRESENTATION('',(#7248),#7252);
#7248 = LINE('',#7249,#7250);
#7249 = CARTESIAN_POINT('',(92.,-7.85));
#7250 = VECTOR('',#7251,1.);
#7251 = DIRECTION('',(0.,-1.));
#7252 = ( GEOMETRIC_REPRESENTATION_CONTEXT(2) 
PARAMETRIC_REPRESENTATION_CONTEXT() REPRESENTATION_CONTEXT('2D SPACE',''
  ) );
#7253 = ORIENTED_EDGE('',*,*,#7254,.F.);
#7254 = EDGE_CURVE('',#7255,#7227,#7257,.T.);
#7255 = VERTEX_POINT('',#7256);
#7256 = CARTESIAN_POINT('',(45.,6.3,-25.4));
#7257 = SURFACE_CURVE('',#7258,(#7262,#7269),.PCURVE_S1.);
#7258 = LINE('',#7259,#7260);
#7259 = CARTESIAN_POINT('',(45.,6.3,-30.));
#7260 = VECTOR('',#7261,1.);
#7261 = DIRECTION('',(0.,0.,1.));
#7262 = PCURVE('',#610,#7263);
#7263 = DEFINITIONAL_REPRESENTATION('',(#7264),#7268);
#7264 = LINE('',#7265,#7266);
#7265 = CARTESIAN_POINT('',(4.,-28.3));
#7266 = VECTOR('',#7267,1.);
#7267 = DIRECTION('',(1.,0.));
#7268 = ( GEOMETRIC_REPRESENTATION_CONTEXT(2) 
PARAMETRIC_REPRESENTATION_CONTEXT() REPRESENTATION_CONTEXT('2D SPACE',''
  ) );
#7269 = PCURVE('',#7270,#7275);
#7270 = PLANE('',#7271);
#7271 = AXIS2_PLACEMENT_3D('',#7272,#7273,#7274);
#7272 = CARTESIAN_POINT('',(-47.,6.3,-26.));
#7273 = DIRECTION('',(-0.,1.,0.));
#7274 = DIRECTION('',(0.,0.,1.));
#7275 = DEFINITIONAL_REPRESENTATION('',(#7276),#7280);
#7276 = LINE('',#7277,#7278);
#7277 = CARTESIAN_POINT('',(-4.,92.));
#7278 = VECTOR('',#7279,1.);
#7279 = DIRECTION('',(1.,0.));
#7280 = ( GEOMETRIC_REPRESENTATION_CONTEXT(2) 
PARAMETRIC_REPRESENTATION_CONTEXT() REPRESENTATION_CONTEXT('2D SPACE',''
  ) );
#7281 = ORIENTED_EDGE('',*,*,#7282,.F.);
#7282 = EDGE_CURVE('',#7283,#7255,#7285,.T.);
#7283 = VERTEX_POINT('',#7284);
#7284 = CARTESIAN_POINT('',(45.,12.3,-25.4));
#7285 = SURFACE_CURVE('',#7286,(#7290,#7297),.PCURVE_S1.);
#7286 = LINE('',#7287,#7288);
#7287 = CARTESIAN_POINT('',(45.,-17.15,-25.4));
#7288 = VECTOR('',#7289,1.);
#7289 = DIRECTION('',(0.,-1.,0.));
#7290 = PCURVE('',#610,#7291);
#7291 = DEFINITIONAL_REPRESENTATION('',(#7292),#7296);
#7292 = LINE('',#7293,#7294);
#7293 = CARTESIAN_POINT('',(8.6,-4.85));
#7294 = VECTOR('',#7295,1.);
#7295 = DIRECTION('',(0.,1.));
#7296 = ( GEOMETRIC_REPRESENTATION_CONTEXT(2) 
PARAMETRIC_REPRESENTATION_CONTEXT() REPRESENTATION_CONTEXT('2D SPACE',''
  ) );
#7297 = PCURVE('',#7298,#7303);
#7298 = PLANE('',#7299);
#7299 = AXIS2_PLACEMENT_3D('',#7300,#7301,#7302);
#7300 = CARTESIAN_POINT('',(-47.,-12.3,-25.4));
#7301 = DIRECTION('',(0.,0.,1.));
#7302 = DIRECTION('',(1.,0.,-0.));
#7303 = DEFINITIONAL_REPRESENTATION('',(#7304),#7308);
#7304 = LINE('',#7305,#7306);
#7305 = CARTESIAN_POINT('',(92.,-4.85));
#7306 = VECTOR('',#7307,1.);
#7307 = DIRECTION('',(0.,-1.));
#7308 = ( GEOMETRIC_REPRESENTATION_CONTEXT(2) 
PARAMETRIC_REPRESENTATION_CONTEXT() REPRESENTATION_CONTEXT('2D SPACE',''
  ) );
#7309 = ORIENTED_EDGE('',*,*,#7310,.F.);
#7310 = EDGE_CURVE('',#7311,#7283,#7313,.T.);
#7311 = VERTEX_POINT('',#7312);
#7312 = CARTESIAN_POINT('',(45.,12.3,-34.));
#7313 = SURFACE_CURVE('',#7314,(#7318,#7325),.PCURVE_S1.);
#7314 = LINE('',#7315,#7316);
#7315 = CARTESIAN_POINT('',(45.,12.3,-34.));
#7316 = VECTOR('',#7317,1.);
#7317 = DIRECTION('',(0.,0.,1.));
#7318 = PCURVE('',#610,#7319);
#7319 = DEFINITIONAL_REPRESENTATION('',(#7320),#7324);
#7320 = LINE('',#7321,#7322);
#7321 = CARTESIAN_POINT('',(0.,-34.3));
#7322 = VECTOR('',#7323,1.);
#7323 = DIRECTION('',(1.,0.));
#7324 = ( GEOMETRIC_REPRESENTATION_CONTEXT(2) 
PARAMETRIC_REPRESENTATION_CONTEXT() REPRESENTATION_CONTEXT('2D SPACE',''
  ) );
#7325 = PCURVE('',#7326,#7331);
#7326 = PLANE('',#7327);
#7327 = AXIS2_PLACEMENT_3D('',#7328,#7329,#7330);
#7328 = CARTESIAN_POINT('',(-47.,12.3,-34.));
#7329 = DIRECTION('',(-0.,1.,0.));
#7330 = DIRECTION('',(0.,0.,1.));
#7331 = DEFINITIONAL_REPRESENTATION('',(#7332),#7336);
#7332 = LINE('',#7333,#7334);
#7333 = CARTESIAN_POINT('',(0.,92.));
#7334 = VECTOR('',#7335,1.);
#7335 = DIRECTION('',(1.,0.));
#7336 = ( GEOMETRIC_REPRESENTATION_CONTEXT(2) 
PARAMETRIC_REPRESENTATION_CONTEXT() REPRESENTATION_CONTEXT('2D SPACE',''
  ) );
#7337 = ORIENTED_EDGE('',*,*,#7338,.T.);
#7338 = EDGE_CURVE('',#7311,#6297,#7339,.T.);
#7339 = SURFACE_CURVE('',#7340,(#7344,#7351),.PCURVE_S1.);
#7340 = LINE('',#7341,#7342);
#7341 = CARTESIAN_POINT('',(45.,-22.,-34.));
#7342 = VECTOR('',#7343,1.);
#7343 = DIRECTION('',(-0.,1.,0.));
#7344 = PCURVE('',#610,#7345);
#7345 = DEFINITIONAL_REPRESENTATION('',(#7346),#7350);
#7346 = LINE('',#7347,#7348);
#7347 = CARTESIAN_POINT('',(0.,0.));
#7348 = VECTOR('',#7349,1.);
#7349 = DIRECTION('',(0.,-1.));
#7350 = ( GEOMETRIC_REPRESENTATION_CONTEXT(2) 
PARAMETRIC_REPRESENTATION_CONTEXT() REPRESENTATION_CONTEXT('2D SPACE',''
  ) );
#7351 = PCURVE('',#6335,#7352);
#7352 = DEFINITIONAL_REPRESENTATION('',(#7353),#7357);
#7353 = LINE('',#7354,#7355);
#7354 = CARTESIAN_POINT('',(90.,0.));
#7355 = VECTOR('',#7356,1.);
#7356 = DIRECTION('',(0.,1.));
#7357 = ( GEOMETRIC_REPRESENTATION_CONTEXT(2) 
PARAMETRIC_REPRESENTATION_CONTEXT() REPRESENTATION_CONTEXT('2D SPACE',''
  ) );
#7358 = ADVANCED_FACE('',(#7359),#582,.F.);
#7359 = FACE_BOUND('',#7360,.F.);
#7360 = EDGE_LOOP('',(#7361,#7384,#7405,#7406));
#7361 = ORIENTED_EDGE('',*,*,#7362,.F.);
#7362 = EDGE_CURVE('',#7363,#7092,#7365,.T.);
#7363 = VERTEX_POINT('',#7364);
#7364 = CARTESIAN_POINT('',(-45.,-22.,-34.));
#7365 = SURFACE_CURVE('',#7366,(#7370,#7377),.PCURVE_S1.);
#7366 = LINE('',#7367,#7368);
#7367 = CARTESIAN_POINT('',(-45.,-22.,-34.));
#7368 = VECTOR('',#7369,1.);
#7369 = DIRECTION('',(1.,0.,-0.));
#7370 = PCURVE('',#582,#7371);
#7371 = DEFINITIONAL_REPRESENTATION('',(#7372),#7376);
#7372 = LINE('',#7373,#7374);
#7373 = CARTESIAN_POINT('',(0.,0.));
#7374 = VECTOR('',#7375,1.);
#7375 = DIRECTION('',(0.,1.));
#7376 = ( GEOMETRIC_REPRESENTATION_CONTEXT(2) 
PARAMETRIC_REPRESENTATION_CONTEXT() REPRESENTATION_CONTEXT('2D SPACE',''
  ) );
#7377 = PCURVE('',#7130,#7378);
#7378 = DEFINITIONAL_REPRESENTATION('',(#7379),#7383);
#7379 = LINE('',#7380,#7381);
#7380 = CARTESIAN_POINT('',(0.,0.));
#7381 = VECTOR('',#7382,1.);
#7382 = DIRECTION('',(1.,0.));
#7383 = ( GEOMETRIC_REPRESENTATION_CONTEXT(2) 
PARAMETRIC_REPRESENTATION_CONTEXT() REPRESENTATION_CONTEXT('2D SPACE',''
  ) );
#7384 = ORIENTED_EDGE('',*,*,#7385,.T.);
#7385 = EDGE_CURVE('',#7363,#539,#7386,.T.);
#7386 = SURFACE_CURVE('',#7387,(#7391,#7398),.PCURVE_S1.);
#7387 = LINE('',#7388,#7389);
#7388 = CARTESIAN_POINT('',(-45.,-22.,-34.));
#7389 = VECTOR('',#7390,1.);
#7390 = DIRECTION('',(0.,0.,1.));
#7391 = PCURVE('',#582,#7392);
#7392 = DEFINITIONAL_REPRESENTATION('',(#7393),#7397);
#7393 = LINE('',#7394,#7395);
#7394 = CARTESIAN_POINT('',(0.,0.));
#7395 = VECTOR('',#7396,1.);
#7396 = DIRECTION('',(1.,0.));
#7397 = ( GEOMETRIC_REPRESENTATION_CONTEXT(2) 
PARAMETRIC_REPRESENTATION_CONTEXT() REPRESENTATION_CONTEXT('2D SPACE',''
  ) );
#7398 = PCURVE('',#554,#7399);
#7399 = DEFINITIONAL_REPRESENTATION('',(#7400),#7404);
#7400 = LINE('',#7401,#7402);
#7401 = CARTESIAN_POINT('',(0.,0.));
#7402 = VECTOR('',#7403,1.);
#7403 = DIRECTION('',(1.,0.));
#7404 = ( GEOMETRIC_REPRESENTATION_CONTEXT(2) 
PARAMETRIC_REPRESENTATION_CONTEXT() REPRESENTATION_CONTEXT('2D SPACE',''
  ) );
#7405 = ORIENTED_EDGE('',*,*,#566,.T.);
#7406 = ORIENTED_EDGE('',*,*,#7091,.F.);
#7407 = ADVANCED_FACE('',(#7408),#554,.F.);
#7408 = FACE_BOUND('',#7409,.F.);
#7409 = EDGE_LOOP('',(#7410,#7411,#7412,#7413,#7436,#7459,#7482,#7505,
    #7528,#7551,#7574,#7597));
#7410 = ORIENTED_EDGE('',*,*,#6347,.T.);
#7411 = ORIENTED_EDGE('',*,*,#538,.F.);
#7412 = ORIENTED_EDGE('',*,*,#7385,.F.);
#7413 = ORIENTED_EDGE('',*,*,#7414,.T.);
#7414 = EDGE_CURVE('',#7363,#7415,#7417,.T.);
#7415 = VERTEX_POINT('',#7416);
#7416 = CARTESIAN_POINT('',(-45.,-12.3,-34.));
#7417 = SURFACE_CURVE('',#7418,(#7422,#7429),.PCURVE_S1.);
#7418 = LINE('',#7419,#7420);
#7419 = CARTESIAN_POINT('',(-45.,-22.,-34.));
#7420 = VECTOR('',#7421,1.);
#7421 = DIRECTION('',(-0.,1.,0.));
#7422 = PCURVE('',#554,#7423);
#7423 = DEFINITIONAL_REPRESENTATION('',(#7424),#7428);
#7424 = LINE('',#7425,#7426);
#7425 = CARTESIAN_POINT('',(0.,0.));
#7426 = VECTOR('',#7427,1.);
#7427 = DIRECTION('',(0.,-1.));
#7428 = ( GEOMETRIC_REPRESENTATION_CONTEXT(2) 
PARAMETRIC_REPRESENTATION_CONTEXT() REPRESENTATION_CONTEXT('2D SPACE',''
  ) );
#7429 = PCURVE('',#7130,#7430);
#7430 = DEFINITIONAL_REPRESENTATION('',(#7431),#7435);
#7431 = LINE('',#7432,#7433);
#7432 = CARTESIAN_POINT('',(0.,0.));
#7433 = VECTOR('',#7434,1.);
#7434 = DIRECTION('',(0.,1.));
#7435 = ( GEOMETRIC_REPRESENTATION_CONTEXT(2) 
PARAMETRIC_REPRESENTATION_CONTEXT() REPRESENTATION_CONTEXT('2D SPACE',''
  ) );
#7436 = ORIENTED_EDGE('',*,*,#7437,.T.);
#7437 = EDGE_CURVE('',#7415,#7438,#7440,.T.);
#7438 = VERTEX_POINT('',#7439);
#7439 = CARTESIAN_POINT('',(-45.,-12.3,-25.4));
#7440 = SURFACE_CURVE('',#7441,(#7445,#7452),.PCURVE_S1.);
#7441 = LINE('',#7442,#7443);
#7442 = CARTESIAN_POINT('',(-45.,-12.3,-34.));
#7443 = VECTOR('',#7444,1.);
#7444 = DIRECTION('',(0.,0.,1.));
#7445 = PCURVE('',#554,#7446);
#7446 = DEFINITIONAL_REPRESENTATION('',(#7447),#7451);
#7447 = LINE('',#7448,#7449);
#7448 = CARTESIAN_POINT('',(0.,-9.7));
#7449 = VECTOR('',#7450,1.);
#7450 = DIRECTION('',(1.,0.));
#7451 = ( GEOMETRIC_REPRESENTATION_CONTEXT(2) 
PARAMETRIC_REPRESENTATION_CONTEXT() REPRESENTATION_CONTEXT('2D SPACE',''
  ) );
#7452 = PCURVE('',#7158,#7453);
#7453 = DEFINITIONAL_REPRESENTATION('',(#7454),#7458);
#7454 = LINE('',#7455,#7456);
#7455 = CARTESIAN_POINT('',(0.,2.));
#7456 = VECTOR('',#7457,1.);
#7457 = DIRECTION('',(1.,0.));
#7458 = ( GEOMETRIC_REPRESENTATION_CONTEXT(2) 
PARAMETRIC_REPRESENTATION_CONTEXT() REPRESENTATION_CONTEXT('2D SPACE',''
  ) );
#7459 = ORIENTED_EDGE('',*,*,#7460,.F.);
#7460 = EDGE_CURVE('',#7461,#7438,#7463,.T.);
#7461 = VERTEX_POINT('',#7462);
#7462 = CARTESIAN_POINT('',(-45.,-6.3,-25.4));
#7463 = SURFACE_CURVE('',#7464,(#7468,#7475),.PCURVE_S1.);
#7464 = LINE('',#7465,#7466);
#7465 = CARTESIAN_POINT('',(-45.,-17.15,-25.4));
#7466 = VECTOR('',#7467,1.);
#7467 = DIRECTION('',(0.,-1.,0.));
#7468 = PCURVE('',#554,#7469);
#7469 = DEFINITIONAL_REPRESENTATION('',(#7470),#7474);
#7470 = LINE('',#7471,#7472);
#7471 = CARTESIAN_POINT('',(8.6,-4.85));
#7472 = VECTOR('',#7473,1.);
#7473 = DIRECTION('',(0.,1.));
#7474 = ( GEOMETRIC_REPRESENTATION_CONTEXT(2) 
PARAMETRIC_REPRESENTATION_CONTEXT() REPRESENTATION_CONTEXT('2D SPACE',''
  ) );
#7475 = PCURVE('',#7186,#7476);
#7476 = DEFINITIONAL_REPRESENTATION('',(#7477),#7481);
#7477 = LINE('',#7478,#7479);
#7478 = CARTESIAN_POINT('',(2.,-4.85));
#7479 = VECTOR('',#7480,1.);
#7480 = DIRECTION('',(0.,-1.));
#7481 = ( GEOMETRIC_REPRESENTATION_CONTEXT(2) 
PARAMETRIC_REPRESENTATION_CONTEXT() REPRESENTATION_CONTEXT('2D SPACE',''
  ) );
#7482 = ORIENTED_EDGE('',*,*,#7483,.T.);
#7483 = EDGE_CURVE('',#7461,#7484,#7486,.T.);
#7484 = VERTEX_POINT('',#7485);
#7485 = CARTESIAN_POINT('',(-45.,-6.3,-12.));
#7486 = SURFACE_CURVE('',#7487,(#7491,#7498),.PCURVE_S1.);
#7487 = LINE('',#7488,#7489);
#7488 = CARTESIAN_POINT('',(-45.,-6.3,-30.));
#7489 = VECTOR('',#7490,1.);
#7490 = DIRECTION('',(0.,0.,1.));
#7491 = PCURVE('',#554,#7492);
#7492 = DEFINITIONAL_REPRESENTATION('',(#7493),#7497);
#7493 = LINE('',#7494,#7495);
#7494 = CARTESIAN_POINT('',(4.,-15.7));
#7495 = VECTOR('',#7496,1.);
#7496 = DIRECTION('',(1.,0.));
#7497 = ( GEOMETRIC_REPRESENTATION_CONTEXT(2) 
PARAMETRIC_REPRESENTATION_CONTEXT() REPRESENTATION_CONTEXT('2D SPACE',''
  ) );
#7498 = PCURVE('',#7214,#7499);
#7499 = DEFINITIONAL_REPRESENTATION('',(#7500),#7504);
#7500 = LINE('',#7501,#7502);
#7501 = CARTESIAN_POINT('',(-4.,2.));
#7502 = VECTOR('',#7503,1.);
#7503 = DIRECTION('',(1.,0.));
#7504 = ( GEOMETRIC_REPRESENTATION_CONTEXT(2) 
PARAMETRIC_REPRESENTATION_CONTEXT() REPRESENTATION_CONTEXT('2D SPACE',''
  ) );
#7505 = ORIENTED_EDGE('',*,*,#7506,.F.);
#7506 = EDGE_CURVE('',#7507,#7484,#7509,.T.);
#7507 = VERTEX_POINT('',#7508);
#7508 = CARTESIAN_POINT('',(-45.,6.3,-12.));
#7509 = SURFACE_CURVE('',#7510,(#7514,#7521),.PCURVE_S1.);
#7510 = LINE('',#7511,#7512);
#7511 = CARTESIAN_POINT('',(-45.,-14.15,-12.));
#7512 = VECTOR('',#7513,1.);
#7513 = DIRECTION('',(0.,-1.,0.));
#7514 = PCURVE('',#554,#7515);
#7515 = DEFINITIONAL_REPRESENTATION('',(#7516),#7520);
#7516 = LINE('',#7517,#7518);
#7517 = CARTESIAN_POINT('',(22.,-7.85));
#7518 = VECTOR('',#7519,1.);
#7519 = DIRECTION('',(0.,1.));
#7520 = ( GEOMETRIC_REPRESENTATION_CONTEXT(2) 
PARAMETRIC_REPRESENTATION_CONTEXT() REPRESENTATION_CONTEXT('2D SPACE',''
  ) );
#7521 = PCURVE('',#7242,#7522);
#7522 = DEFINITIONAL_REPRESENTATION('',(#7523),#7527);
#7523 = LINE('',#7524,#7525);
#7524 = CARTESIAN_POINT('',(2.,-7.85));
#7525 = VECTOR('',#7526,1.);
#7526 = DIRECTION('',(0.,-1.));
#7527 = ( GEOMETRIC_REPRESENTATION_CONTEXT(2) 
PARAMETRIC_REPRESENTATION_CONTEXT() REPRESENTATION_CONTEXT('2D SPACE',''
  ) );
#7528 = ORIENTED_EDGE('',*,*,#7529,.F.);
#7529 = EDGE_CURVE('',#7530,#7507,#7532,.T.);
#7530 = VERTEX_POINT('',#7531);
#7531 = CARTESIAN_POINT('',(-45.,6.3,-25.4));
#7532 = SURFACE_CURVE('',#7533,(#7537,#7544),.PCURVE_S1.);
#7533 = LINE('',#7534,#7535);
#7534 = CARTESIAN_POINT('',(-45.,6.3,-30.));
#7535 = VECTOR('',#7536,1.);
#7536 = DIRECTION('',(0.,0.,1.));
#7537 = PCURVE('',#554,#7538);
#7538 = DEFINITIONAL_REPRESENTATION('',(#7539),#7543);
#7539 = LINE('',#7540,#7541);
#7540 = CARTESIAN_POINT('',(4.,-28.3));
#7541 = VECTOR('',#7542,1.);
#7542 = DIRECTION('',(1.,0.));
#7543 = ( GEOMETRIC_REPRESENTATION_CONTEXT(2) 
PARAMETRIC_REPRESENTATION_CONTEXT() REPRESENTATION_CONTEXT('2D SPACE',''
  ) );
#7544 = PCURVE('',#7270,#7545);
#7545 = DEFINITIONAL_REPRESENTATION('',(#7546),#7550);
#7546 = LINE('',#7547,#7548);
#7547 = CARTESIAN_POINT('',(-4.,2.));
#7548 = VECTOR('',#7549,1.);
#7549 = DIRECTION('',(1.,0.));
#7550 = ( GEOMETRIC_REPRESENTATION_CONTEXT(2) 
PARAMETRIC_REPRESENTATION_CONTEXT() REPRESENTATION_CONTEXT('2D SPACE',''
  ) );
#7551 = ORIENTED_EDGE('',*,*,#7552,.F.);
#7552 = EDGE_CURVE('',#7553,#7530,#7555,.T.);
#7553 = VERTEX_POINT('',#7554);
#7554 = CARTESIAN_POINT('',(-45.,12.3,-25.4));
#7555 = SURFACE_CURVE('',#7556,(#7560,#7567),.PCURVE_S1.);
#7556 = LINE('',#7557,#7558);
#7557 = CARTESIAN_POINT('',(-45.,-17.15,-25.4));
#7558 = VECTOR('',#7559,1.);
#7559 = DIRECTION('',(0.,-1.,0.));
#7560 = PCURVE('',#554,#7561);
#7561 = DEFINITIONAL_REPRESENTATION('',(#7562),#7566);
#7562 = LINE('',#7563,#7564);
#7563 = CARTESIAN_POINT('',(8.6,-4.85));
#7564 = VECTOR('',#7565,1.);
#7565 = DIRECTION('',(0.,1.));
#7566 = ( GEOMETRIC_REPRESENTATION_CONTEXT(2) 
PARAMETRIC_REPRESENTATION_CONTEXT() REPRESENTATION_CONTEXT('2D SPACE',''
  ) );
#7567 = PCURVE('',#7298,#7568);
#7568 = DEFINITIONAL_REPRESENTATION('',(#7569),#7573);
#7569 = LINE('',#7570,#7571);
#7570 = CARTESIAN_POINT('',(2.,-4.85));
#7571 = VECTOR('',#7572,1.);
#7572 = DIRECTION('',(0.,-1.));
#7573 = ( GEOMETRIC_REPRESENTATION_CONTEXT(2) 
PARAMETRIC_REPRESENTATION_CONTEXT() REPRESENTATION_CONTEXT('2D SPACE',''
  ) );
#7574 = ORIENTED_EDGE('',*,*,#7575,.F.);
#7575 = EDGE_CURVE('',#7576,#7553,#7578,.T.);
#7576 = VERTEX_POINT('',#7577);
#7577 = CARTESIAN_POINT('',(-45.,12.3,-34.));
#7578 = SURFACE_CURVE('',#7579,(#7583,#7590),.PCURVE_S1.);
#7579 = LINE('',#7580,#7581);
#7580 = CARTESIAN_POINT('',(-45.,12.3,-34.));
#7581 = VECTOR('',#7582,1.);
#7582 = DIRECTION('',(0.,0.,1.));
#7583 = PCURVE('',#554,#7584);
#7584 = DEFINITIONAL_REPRESENTATION('',(#7585),#7589);
#7585 = LINE('',#7586,#7587);
#7586 = CARTESIAN_POINT('',(0.,-34.3));
#7587 = VECTOR('',#7588,1.);
#7588 = DIRECTION('',(1.,0.));
#7589 = ( GEOMETRIC_REPRESENTATION_CONTEXT(2) 
PARAMETRIC_REPRESENTATION_CONTEXT() REPRESENTATION_CONTEXT('2D SPACE',''
  ) );
#7590 = PCURVE('',#7326,#7591);
#7591 = DEFINITIONAL_REPRESENTATION('',(#7592),#7596);
#7592 = LINE('',#7593,#7594);
#7593 = CARTESIAN_POINT('',(0.,2.));
#7594 = VECTOR('',#7595,1.);
#7595 = DIRECTION('',(1.,0.));
#7596 = ( GEOMETRIC_REPRESENTATION_CONTEXT(2) 
PARAMETRIC_REPRESENTATION_CONTEXT() REPRESENTATION_CONTEXT('2D SPACE',''
  ) );
#7597 = ORIENTED_EDGE('',*,*,#7598,.T.);
#7598 = EDGE_CURVE('',#7576,#6320,#7599,.T.);
#7599 = SURFACE_CURVE('',#7600,(#7604,#7611),.PCURVE_S1.);
#7600 = LINE('',#7601,#7602);
#7601 = CARTESIAN_POINT('',(-45.,-22.,-34.));
#7602 = VECTOR('',#7603,1.);
#7603 = DIRECTION('',(-0.,1.,0.));
#7604 = PCURVE('',#554,#7605);
#7605 = DEFINITIONAL_REPRESENTATION('',(#7606),#7610);
#7606 = LINE('',#7607,#7608);
#7607 = CARTESIAN_POINT('',(0.,0.));
#7608 = VECTOR('',#7609,1.);
#7609 = DIRECTION('',(0.,-1.));
#7610 = ( GEOMETRIC_REPRESENTATION_CONTEXT(2) 
PARAMETRIC_REPRESENTATION_CONTEXT() REPRESENTATION_CONTEXT('2D SPACE',''
  ) );
#7611 = PCURVE('',#6335,#7612);
#7612 = DEFINITIONAL_REPRESENTATION('',(#7613),#7617);
#7613 = LINE('',#7614,#7615);
#7614 = CARTESIAN_POINT('',(0.,0.));
#7615 = VECTOR('',#7616,1.);
#7616 = DIRECTION('',(0.,1.));
#7617 = ( GEOMETRIC_REPRESENTATION_CONTEXT(2) 
PARAMETRIC_REPRESENTATION_CONTEXT() REPRESENTATION_CONTEXT('2D SPACE',''
  ) );
#7618 = ADVANCED_FACE('',(#7619),#2180,.T.);
#7619 = FACE_BOUND('',#7620,.T.);
#7620 = EDGE_LOOP('',(#7621,#7622,#7623,#7808,#7831,#7858,#7859,#7891,
    #8089,#8090,#8091,#8501));
#7621 = ORIENTED_EDGE('',*,*,#1970,.T.);
#7622 = ORIENTED_EDGE('',*,*,#4906,.T.);
#7623 = ORIENTED_EDGE('',*,*,#7624,.F.);
#7624 = EDGE_CURVE('',#7625,#4907,#7627,.T.);
#7625 = VERTEX_POINT('',#7626);
#7626 = CARTESIAN_POINT('',(-14.84604255023,30.987705267394,
    8.964214570005));
#7627 = SURFACE_CURVE('',#7628,(#7686,#7747),.PCURVE_S1.);
#7628 = B_SPLINE_CURVE_WITH_KNOTS('',6,(#7629,#7630,#7631,#7632,#7633,
    #7634,#7635,#7636,#7637,#7638,#7639,#7640,#7641,#7642,#7643,#7644,
    #7645,#7646,#7647,#7648,#7649,#7650,#7651,#7652,#7653,#7654,#7655,
    #7656,#7657,#7658,#7659,#7660,#7661,#7662,#7663,#7664,#7665,#7666,
    #7667,#7668,#7669,#7670,#7671,#7672,#7673,#7674,#7675,#7676,#7677,
    #7678,#7679,#7680,#7681,#7682,#7683,#7684,#7685),.UNSPECIFIED.,.F.,
  .F.,(7,5,5,5,5,5,5,5,5,5,5,7),(0.,0.119242023321,0.173667059912,
    0.244264243526,0.333772787117,0.413097914538,0.499681328692,
    0.665115477044,0.7538902611,0.825641272585,0.88124607177,1.),
  .UNSPECIFIED.);
#7629 = CARTESIAN_POINT('',(-14.84604255023,30.987705267401,
    8.964214570008));
#7630 = CARTESIAN_POINT('',(-14.81181893351,30.939999619842,
    9.185803845991));
#7631 = CARTESIAN_POINT('',(-14.77457516262,30.870053910235,
    9.400170692656));
#7632 = CARTESIAN_POINT('',(-14.7349527668,30.779325088297,
    9.603993486645));
#7633 = CARTESIAN_POINT('',(-14.69341187365,30.670658334131,
    9.794344587851));
#7634 = CARTESIAN_POINT('',(-14.65026084053,30.548188395584,
    9.968897644438));
#7635 = CARTESIAN_POINT('',(-14.58597782863,30.357353013363,
    10.197952634321));
#7636 = CARTESIAN_POINT('',(-14.56553657048,30.295496317947,
    10.26645720944));
#7637 = CARTESIAN_POINT('',(-14.54478667405,30.231853000454,
    10.331726116881));
#7638 = CARTESIAN_POINT('',(-14.52371106971,30.166669825847,
    10.393807430152));
#7639 = CARTESIAN_POINT('',(-14.50228987072,30.10017542175,
    10.452754296229));
#7640 = CARTESIAN_POINT('',(-14.45223943944,29.944899096557,
    10.581096501868));
#7641 = CARTESIAN_POINT('',(-14.42335360082,29.855346467605,
    10.648407885291));
#7642 = CARTESIAN_POINT('',(-14.39377847489,29.764322551555,
    10.710726504852));
#7643 = CARTESIAN_POINT('',(-14.36344329254,29.672173909892,
    10.768209572403));
#7644 = CARTESIAN_POINT('',(-14.33227109796,29.579194746939,
    10.821002899235));
#7645 = CARTESIAN_POINT('',(-14.25948688057,29.366997668472,
    10.930398799444));
#7646 = CARTESIAN_POINT('',(-14.21730907221,29.247405422208,
    10.984242708536));
#7647 = CARTESIAN_POINT('',(-14.17348544714,29.127390412155,
    11.031013178161));
#7648 = CARTESIAN_POINT('',(-14.1278596768,29.0074197767,11.070910561751
    ));
#7649 = CARTESIAN_POINT('',(-14.08027621438,28.887892021058,
    11.104093826777));
#7650 = CARTESIAN_POINT('',(-13.98653533853,28.663898524123,
    11.154241882923));
#7651 = CARTESIAN_POINT('',(-13.94083382513,28.559271711802,
    11.172620843312));
#7652 = CARTESIAN_POINT('',(-13.89339745551,28.45556825913,
    11.185880755107));
#7653 = CARTESIAN_POINT('',(-13.84416297549,28.353067956566,
    11.194078605064));
#7654 = CARTESIAN_POINT('',(-13.79308406232,28.25202085341,
    11.197261668246));
#7655 = CARTESIAN_POINT('',(-13.68234061151,28.04417908488,
    11.193502800015));
#7656 = CARTESIAN_POINT('',(-13.62232252121,27.937712474437,
    11.18560785614));
#7657 = CARTESIAN_POINT('',(-13.56009066481,27.833614917932,
    11.171827227123));
#7658 = CARTESIAN_POINT('',(-13.49570074555,27.732207532818,
    11.152219515354));
#7659 = CARTESIAN_POINT('',(-13.42925794986,27.633763177513,
    11.12685027682));
#7660 = CARTESIAN_POINT('',(-13.23034986823,27.356497366758,
    11.036437512443));
#7661 = CARTESIAN_POINT('',(-13.0931555438,27.186530796041,
    10.956436477049));
#7662 = CARTESIAN_POINT('',(-12.95033788497,27.029852548245,
    10.856361971936));
#7663 = CARTESIAN_POINT('',(-12.80361930187,26.887287490004,
    10.736711116534));
#7664 = CARTESIAN_POINT('',(-12.65551112754,26.759346578465,
    10.597998593849));
#7665 = CARTESIAN_POINT('',(-12.4306059454,26.585795610506,
    10.356845818234));
#7666 = CARTESIAN_POINT('',(-12.35249021185,26.529447315935,
    10.267300773731));
#7667 = CARTESIAN_POINT('',(-12.27517433118,26.477345645516,
    10.172414496341));
#7668 = CARTESIAN_POINT('',(-12.19909935584,26.429509145331,
    10.072166050461));
#7669 = CARTESIAN_POINT('',(-12.12477604192,26.385986707638,
    9.966526085577));
#7670 = CARTESIAN_POINT('',(-11.99460419531,26.315230695077,
    9.765688464209));
#7671 = CARTESIAN_POINT('',(-11.93793949943,26.286470451823,
    9.672362917025));
#7672 = CARTESIAN_POINT('',(-11.88308848361,26.260612311531,
    9.575436494867));
#7673 = CARTESIAN_POINT('',(-11.83039440185,26.237717235874,
    9.474876845511));
#7674 = CARTESIAN_POINT('',(-11.7802505509,26.217869803552,
    9.370665015013));
#7675 = CARTESIAN_POINT('',(-11.69656312597,26.188240678431,
    9.179201728682));
#7676 = CARTESIAN_POINT('',(-11.66181650822,26.17719661718,
    9.093395365897));
#7677 = CARTESIAN_POINT('',(-11.62908541246,26.168101735606,
    9.005407251008));
#7678 = CARTESIAN_POINT('',(-11.59860872573,26.161016785133,
    8.915280129341));
#7679 = CARTESIAN_POINT('',(-11.57063996453,26.156007569673,
    8.823070317953));
#7680 = CARTESIAN_POINT('',(-11.49164108031,26.14703498663,
    8.527620719862));
#7681 = CARTESIAN_POINT('',(-11.44997891492,26.15066164359,8.31529049608
    ));
#7682 = CARTESIAN_POINT('',(-11.42436889727,26.165178206449,
    8.095389714193));
#7683 = CARTESIAN_POINT('',(-11.4176277254,26.190879539812,
    7.871639856771));
#7684 = CARTESIAN_POINT('',(-11.43122636958,26.227658470123,
    7.647806269485));
#7685 = CARTESIAN_POINT('',(-11.46525305526,26.27508960774,
    7.427492072292));
#7686 = PCURVE('',#2180,#7687);
#7687 = DEFINITIONAL_REPRESENTATION('',(#7688),#7746);
#7688 = B_SPLINE_CURVE_WITH_KNOTS('',6,(#7689,#7690,#7691,#7692,#7693,
    #7694,#7695,#7696,#7697,#7698,#7699,#7700,#7701,#7702,#7703,#7704,
    #7705,#7706,#7707,#7708,#7709,#7710,#7711,#7712,#7713,#7714,#7715,
    #7716,#7717,#7718,#7719,#7720,#7721,#7722,#7723,#7724,#7725,#7726,
    #7727,#7728,#7729,#7730,#7731,#7732,#7733,#7734,#7735,#7736,#7737,
    #7738,#7739,#7740,#7741,#7742,#7743,#7744,#7745),.UNSPECIFIED.,.F.,
  .F.,(7,5,5,5,5,5,5,5,5,5,5,7),(0.,0.119242023321,0.173667059912,
    0.244264243526,0.333772787117,0.413097914538,0.499681328692,
    0.665115477044,0.7538902611,0.825641272585,0.88124607177,1.),
  .UNSPECIFIED.);
#7689 = CARTESIAN_POINT('',(6.28318530718,35.));
#7690 = CARTESIAN_POINT('',(6.244979398684,35.));
#7691 = CARTESIAN_POINT('',(6.207090476952,34.978980293373));
#7692 = CARTESIAN_POINT('',(6.170020237745,34.937595964453));
#7693 = CARTESIAN_POINT('',(6.134256855524,34.877591157307));
#7694 = CARTESIAN_POINT('',(6.100291270025,34.801791373879));
#7695 = CARTESIAN_POINT('',(6.054110908446,34.674346842903));
#7696 = CARTESIAN_POINT('',(6.04004400342,34.631789859486));
#7697 = CARTESIAN_POINT('',(6.026384860765,34.586826971478));
#7698 = CARTESIAN_POINT('',(6.013135532846,34.539654691417));
#7699 = CARTESIAN_POINT('',(6.000297588731,34.490454998202));
#7700 = CARTESIAN_POINT('',(5.971754000593,34.373164788345));
#7701 = CARTESIAN_POINT('',(5.956326197606,34.303790597668));
#7702 = CARTESIAN_POINT('',(5.941580763287,34.231593667246));
#7703 = CARTESIAN_POINT('',(5.927511512535,34.156846588178));
#7704 = CARTESIAN_POINT('',(5.914113253494,34.079774422468));
#7705 = CARTESIAN_POINT('',(5.885238584311,33.90011438056));
#7706 = CARTESIAN_POINT('',(5.870164491782,33.796207140983));
#7707 = CARTESIAN_POINT('',(5.8561565293,33.68922883529));
#7708 = CARTESIAN_POINT('',(5.843218291233,33.579509599716));
#7709 = CARTESIAN_POINT('',(5.83135802032,33.46731550422));
#7710 = CARTESIAN_POINT('',(5.811041857361,33.251407206961));
#7711 = CARTESIAN_POINT('',(5.802352702721,33.148185575523));
#7712 = CARTESIAN_POINT('',(5.794534940521,33.043400560466));
#7713 = CARTESIAN_POINT('',(5.787603397078,32.937250873239));
#7714 = CARTESIAN_POINT('',(5.781572184792,32.829918918411));
#7715 = CARTESIAN_POINT('',(5.770868178674,32.603309750808));
#7716 = CARTESIAN_POINT('',(5.766370582102,32.483846903699));
#7717 = CARTESIAN_POINT('',(5.762982659777,32.363489973043));
#7718 = CARTESIAN_POINT('',(5.760718791262,32.242537572123));
#7719 = CARTESIAN_POINT('',(5.759586531581,32.121280072835));
#7720 = CARTESIAN_POINT('',(5.759586531581,31.768271258904));
#7721 = CARTESIAN_POINT('',(5.763720097843,31.536979318153));
#7722 = CARTESIAN_POINT('',(5.771958843116,31.307814726784));
#7723 = CARTESIAN_POINT('',(5.784217828506,31.082523204816));
#7724 = CARTESIAN_POINT('',(5.800351675109,30.863052945241));
#7725 = CARTESIAN_POINT('',(5.830792705962,30.538249448209));
#7726 = CARTESIAN_POINT('',(5.84249227282,30.427041683007));
#7727 = CARTESIAN_POINT('',(5.855249431721,30.3182520593));
#7728 = CARTESIAN_POINT('',(5.869055963137,30.212138299386));
#7729 = CARTESIAN_POINT('',(5.883908090954,30.109019080876));
#7730 = CARTESIAN_POINT('',(5.912658487882,29.928658881626));
#7731 = CARTESIAN_POINT('',(5.926194969043,29.850238406748));
#7732 = CARTESIAN_POINT('',(5.94042209644,29.774197035328));
#7733 = CARTESIAN_POINT('',(5.955345226282,29.700767774385));
#7734 = CARTESIAN_POINT('',(5.970970798036,29.630233809494));
#7735 = CARTESIAN_POINT('',(5.999966930837,29.510769445212));
#7736 = CARTESIAN_POINT('',(6.013056027233,29.460539781148));
#7737 = CARTESIAN_POINT('',(6.026573267531,29.412417957527));
#7738 = CARTESIAN_POINT('',(6.040516945987,29.366597243123));
#7739 = CARTESIAN_POINT('',(6.054884831091,29.323286594301));
#7740 = CARTESIAN_POINT('',(6.101260119993,29.196055431372));
#7741 = CARTESIAN_POINT('',(6.135071373505,29.121046664285));
#7742 = CARTESIAN_POINT('',(6.170654054501,29.061697068288));
#7743 = CARTESIAN_POINT('',(6.207523886891,29.020778498837));
#7744 = CARTESIAN_POINT('',(6.245199244809,29.));
#7745 = CARTESIAN_POINT('',(6.28318530718,29.));
#7746 = ( GEOMETRIC_REPRESENTATION_CONTEXT(2) 
PARAMETRIC_REPRESENTATION_CONTEXT() REPRESENTATION_CONTEXT('2D SPACE',''
  ) );
#7747 = PCURVE('',#2555,#7748);
#7748 = DEFINITIONAL_REPRESENTATION('',(#7749),#7807);
#7749 = B_SPLINE_CURVE_WITH_KNOTS('',6,(#7750,#7751,#7752,#7753,#7754,
    #7755,#7756,#7757,#7758,#7759,#7760,#7761,#7762,#7763,#7764,#7765,
    #7766,#7767,#7768,#7769,#7770,#7771,#7772,#7773,#7774,#7775,#7776,
    #7777,#7778,#7779,#7780,#7781,#7782,#7783,#7784,#7785,#7786,#7787,
    #7788,#7789,#7790,#7791,#7792,#7793,#7794,#7795,#7796,#7797,#7798,
    #7799,#7800,#7801,#7802,#7803,#7804,#7805,#7806),.UNSPECIFIED.,.F.,
  .F.,(7,5,5,5,5,5,5,5,5,5,5,7),(0.,0.119242023321,0.173667059912,
    0.244264243526,0.333772787117,0.413097914538,0.499681328692,
    0.665115477044,0.7538902611,0.825641272585,0.88124607177,1.),
  .UNSPECIFIED.);
#7750 = CARTESIAN_POINT('',(0.259006602989,14.));
#7751 = CARTESIAN_POINT('',(0.335418419979,14.));
#7752 = CARTESIAN_POINT('',(0.411196063593,13.989490083462));
#7753 = CARTESIAN_POINT('',(0.485939870865,13.968798250806));
#7754 = CARTESIAN_POINT('',(0.559220547106,13.939209108657));
#7755 = CARTESIAN_POINT('',(0.630498476559,13.902882281929));
#7756 = CARTESIAN_POINT('',(0.73023970074,13.843875240757));
#7757 = CARTESIAN_POINT('',(0.761055285524,13.824427789984));
#7758 = CARTESIAN_POINT('',(0.791450124057,13.804189683543));
#7759 = CARTESIAN_POINT('',(0.821442897962,13.783318632398));
#7760 = CARTESIAN_POINT('',(0.851050726787,13.761964064135));
#7761 = CARTESIAN_POINT('',(0.918218088175,13.71212016118));
#7762 = CARTESIAN_POINT('',(0.955534554151,13.683390077277));
#7763 = CARTESIAN_POINT('',(0.992299583542,13.654362440843));
#7764 = CARTESIAN_POINT('',(1.028567442069,13.625296767908));
#7765 = CARTESIAN_POINT('',(1.06439117183,13.596427082024));
#7766 = CARTESIAN_POINT('',(1.144755428508,13.531875694506));
#7767 = CARTESIAN_POINT('',(1.189067030502,13.496435514932));
#7768 = CARTESIAN_POINT('',(1.23285886091,13.462086192055));
#7769 = CARTESIAN_POINT('',(1.276216907303,13.429227047441));
#7770 = CARTESIAN_POINT('',(1.319224978352,13.398216760658));
#7771 = CARTESIAN_POINT('',(1.399858551154,13.34381723452));
#7772 = CARTESIAN_POINT('',(1.437537739753,13.319963669378));
#7773 = CARTESIAN_POINT('',(1.47504618773,13.298057974891));
#7774 = CARTESIAN_POINT('',(1.512418257412,13.278314639556));
#7775 = CARTESIAN_POINT('',(1.549689322916,13.26091705809));
#7776 = CARTESIAN_POINT('',(1.627510282391,13.229747744155));
#7777 = CARTESIAN_POINT('',(1.66804512704,13.216454512552));
#7778 = CARTESIAN_POINT('',(1.708520705293,13.206340990783));
#7779 = CARTESIAN_POINT('',(1.748957058599,13.199549099726));
#7780 = CARTESIAN_POINT('',(1.789376238839,13.196152422707));
#7781 = CARTESIAN_POINT('',(1.907045843482,13.196152422707));
#7782 = CARTESIAN_POINT('',(1.984143084382,13.208553206438));
#7783 = CARTESIAN_POINT('',(2.061361159571,13.233269032551));
#7784 = CARTESIAN_POINT('',(2.138930735282,13.269381198184));
#7785 = CARTESIAN_POINT('',(2.21706873141,13.315146990127));
#7786 = CARTESIAN_POINT('',(2.33826722369,13.396726827371));
#7787 = CARTESIAN_POINT('',(2.380845166261,13.427352984182));
#7788 = CARTESIAN_POINT('',(2.423763480632,13.459804620591));
#7789 = CARTESIAN_POINT('',(2.467103249999,13.49373417528));
#7790 = CARTESIAN_POINT('',(2.510947628438,13.528755139065));
#7791 = CARTESIAN_POINT('',(2.591310244166,13.593280506631));
#7792 = CARTESIAN_POINT('',(2.627625107478,13.622558167201));
#7793 = CARTESIAN_POINT('',(2.664393613967,13.652053802026));
#7794 = CARTESIAN_POINT('',(2.701671105216,13.681524039126));
#7795 = CARTESIAN_POINT('',(2.739514210015,13.710698611451));
#7796 = CARTESIAN_POINT('',(2.8077998125,13.761426794927));
#7797 = CARTESIAN_POINT('',(2.837996853008,13.783222080643));
#7798 = CARTESIAN_POINT('',(2.868594298396,13.804515869841));
#7799 = CARTESIAN_POINT('',(2.89961022123,13.825149470136));
#7800 = CARTESIAN_POINT('',(2.931064392595,13.844955247291));
#7801 = CARTESIAN_POINT('',(3.031139687619,13.903914673158));
#7802 = CARTESIAN_POINT('',(3.102054080947,13.939880783043));
#7803 = CARTESIAN_POINT('',(3.174943982424,13.969151720798));
#7804 = CARTESIAN_POINT('',(3.249276610928,13.989610690421));
#7805 = CARTESIAN_POINT('',(3.324627131838,14.));
#7806 = CARTESIAN_POINT('',(3.400599256579,14.));
#7807 = ( GEOMETRIC_REPRESENTATION_CONTEXT(2) 
PARAMETRIC_REPRESENTATION_CONTEXT() REPRESENTATION_CONTEXT('2D SPACE',''
  ) );
#7808 = ORIENTED_EDGE('',*,*,#7809,.T.);
#7809 = EDGE_CURVE('',#7625,#7810,#7812,.T.);
#7810 = VERTEX_POINT('',#7811);
#7811 = CARTESIAN_POINT('',(-17.09990221355,34.129449040509,
    9.988696235152));
#7812 = SEAM_CURVE('',#7813,(#7817,#7824),.PCURVE_S1.);
#7813 = LINE('',#7814,#7815);
#7814 = CARTESIAN_POINT('',(4.875229503778,3.49744725271,0.));
#7815 = VECTOR('',#7816,1.);
#7816 = DIRECTION('',(-0.563464915829,0.785435943277,0.256120416286));
#7817 = PCURVE('',#2180,#7818);
#7818 = DEFINITIONAL_REPRESENTATION('',(#7819),#7823);
#7819 = LINE('',#7820,#7821);
#7820 = CARTESIAN_POINT('',(0.,-0.));
#7821 = VECTOR('',#7822,1.);
#7822 = DIRECTION('',(0.,1.));
#7823 = ( GEOMETRIC_REPRESENTATION_CONTEXT(2) 
PARAMETRIC_REPRESENTATION_CONTEXT() REPRESENTATION_CONTEXT('2D SPACE',''
  ) );
#7824 = PCURVE('',#2180,#7825);
#7825 = DEFINITIONAL_REPRESENTATION('',(#7826),#7830);
#7826 = LINE('',#7827,#7828);
#7827 = CARTESIAN_POINT('',(6.28318530718,-0.));
#7828 = VECTOR('',#7829,1.);
#7829 = DIRECTION('',(0.,1.));
#7830 = ( GEOMETRIC_REPRESENTATION_CONTEXT(2) 
PARAMETRIC_REPRESENTATION_CONTEXT() REPRESENTATION_CONTEXT('2D SPACE',''
  ) );
#7831 = ORIENTED_EDGE('',*,*,#7832,.F.);
#7832 = EDGE_CURVE('',#7810,#7810,#7833,.T.);
#7833 = SURFACE_CURVE('',#7834,(#7839,#7846),.PCURVE_S1.);
#7834 = CIRCLE('',#7835,6.);
#7835 = AXIS2_PLACEMENT_3D('',#7836,#7837,#7838);
#7836 = CARTESIAN_POINT('',(-21.97513171733,30.632001787799,
    9.988696235152));
#7837 = DIRECTION('',(-0.563464915829,0.785435943277,0.256120416286));
#7838 = DIRECTION('',(0.81253825063,0.582907875452,0.));
#7839 = PCURVE('',#2180,#7840);
#7840 = DEFINITIONAL_REPRESENTATION('',(#7841),#7845);
#7841 = LINE('',#7842,#7843);
#7842 = CARTESIAN_POINT('',(0.,39.));
#7843 = VECTOR('',#7844,1.);
#7844 = DIRECTION('',(1.,0.));
#7845 = ( GEOMETRIC_REPRESENTATION_CONTEXT(2) 
PARAMETRIC_REPRESENTATION_CONTEXT() REPRESENTATION_CONTEXT('2D SPACE',''
  ) );
#7846 = PCURVE('',#7847,#7852);
#7847 = PLANE('',#7848);
#7848 = AXIS2_PLACEMENT_3D('',#7849,#7850,#7851);
#7849 = CARTESIAN_POINT('',(-21.97513171733,30.632001787799,
    9.988696235152));
#7850 = DIRECTION('',(-0.563464915829,0.785435943277,0.256120416286));
#7851 = DIRECTION('',(0.81253825063,0.582907875452,0.));
#7852 = DEFINITIONAL_REPRESENTATION('',(#7853),#7857);
#7853 = CIRCLE('',#7854,6.);
#7854 = AXIS2_PLACEMENT_2D('',#7855,#7856);
#7855 = CARTESIAN_POINT('',(0.,0.));
#7856 = DIRECTION('',(1.,1.341489258996E-17));
#7857 = ( GEOMETRIC_REPRESENTATION_CONTEXT(2) 
PARAMETRIC_REPRESENTATION_CONTEXT() REPRESENTATION_CONTEXT('2D SPACE',''
  ) );
#7858 = ORIENTED_EDGE('',*,*,#7809,.F.);
#7859 = ORIENTED_EDGE('',*,*,#7860,.F.);
#7860 = EDGE_CURVE('',#7861,#7625,#7863,.T.);
#7861 = VERTEX_POINT('',#7862);
#7862 = CARTESIAN_POINT('',(-14.94451214106,31.04021559175,8.19585332115
    ));
#7863 = SURFACE_CURVE('',#7864,(#7871,#7881),.PCURVE_S1.);
#7864 = B_SPLINE_CURVE_WITH_KNOTS('',5,(#7865,#7866,#7867,#7868,#7869,
    #7870),.UNSPECIFIED.,.F.,.F.,(6,6),(0.,1.),
  .PIECEWISE_BEZIER_KNOTS.);
#7865 = CARTESIAN_POINT('',(-14.94451214106,31.040215591752,
    8.19585332115));
#7866 = CARTESIAN_POINT('',(-14.9291723065,31.051220255676,8.34710670152
    ));
#7867 = CARTESIAN_POINT('',(-14.91141580933,31.052226197121,
    8.501444847179));
#7868 = CARTESIAN_POINT('',(-14.8914581804,31.042127209164,
    8.656959074463));
#7869 = CARTESIAN_POINT('',(-14.86958220587,31.020518120715,
    8.81180124411));
#7870 = CARTESIAN_POINT('',(-14.84604255023,30.987705267401,
    8.964214570008));
#7871 = PCURVE('',#2180,#7872);
#7872 = DEFINITIONAL_REPRESENTATION('',(#7873),#7880);
#7873 = B_SPLINE_CURVE_WITH_KNOTS('',5,(#7874,#7875,#7876,#7877,#7878,
    #7879),.UNSPECIFIED.,.F.,.F.,(6,6),(0.,1.),
  .PIECEWISE_BEZIER_KNOTS.);
#7874 = CARTESIAN_POINT('',(0.12841283548,34.899934652928));
#7875 = CARTESIAN_POINT('',(0.103842481842,34.938673731673));
#7876 = CARTESIAN_POINT('',(7.845810967894E-02,34.968987821175));
#7877 = CARTESIAN_POINT('',(5.251877909135E-02,34.989640657967));
#7878 = CARTESIAN_POINT('',(2.627875178916E-02,35.));
#7879 = CARTESIAN_POINT('',(0.,35.));
#7880 = ( GEOMETRIC_REPRESENTATION_CONTEXT(2) 
PARAMETRIC_REPRESENTATION_CONTEXT() REPRESENTATION_CONTEXT('2D SPACE',''
  ) );
#7881 = PCURVE('',#2555,#7882);
#7882 = DEFINITIONAL_REPRESENTATION('',(#7883),#7890);
#7883 = B_SPLINE_CURVE_WITH_KNOTS('',5,(#7884,#7885,#7886,#7887,#7888,
    #7889),.UNSPECIFIED.,.F.,.F.,(6,6),(0.,1.),
  .PIECEWISE_BEZIER_KNOTS.);
#7884 = CARTESIAN_POINT('',(-8.881784197001E-16,13.950598372538));
#7885 = CARTESIAN_POINT('',(5.041779345668E-02,13.969477280144));
#7886 = CARTESIAN_POINT('',(0.101863844938,13.984491484481));
#7887 = CARTESIAN_POINT('',(0.153968939757,13.994821041764));
#7888 = CARTESIAN_POINT('',(0.206449099411,14.));
#7889 = CARTESIAN_POINT('',(0.259006602989,14.));
#7890 = ( GEOMETRIC_REPRESENTATION_CONTEXT(2) 
PARAMETRIC_REPRESENTATION_CONTEXT() REPRESENTATION_CONTEXT('2D SPACE',''
  ) );
#7891 = ORIENTED_EDGE('',*,*,#7892,.F.);
#7892 = EDGE_CURVE('',#5111,#7861,#7893,.T.);
#7893 = SURFACE_CURVE('',#7894,(#7957,#8023),.PCURVE_S1.);
#7894 = B_SPLINE_CURVE_WITH_KNOTS('',6,(#7895,#7896,#7897,#7898,#7899,
    #7900,#7901,#7902,#7903,#7904,#7905,#7906,#7907,#7908,#7909,#7910,
    #7911,#7912,#7913,#7914,#7915,#7916,#7917,#7918,#7919,#7920,#7921,
    #7922,#7923,#7924,#7925,#7926,#7927,#7928,#7929,#7930,#7931,#7932,
    #7933,#7934,#7935,#7936,#7937,#7938,#7939,#7940,#7941,#7942,#7943,
    #7944,#7945,#7946,#7947,#7948,#7949,#7950,#7951,#7952,#7953,#7954,
    #7955,#7956),.UNSPECIFIED.,.F.,.F.,(7,5,5,5,5,5,5,5,5,5,5,5,7),(0.,
    0.128014416576,0.186443392425,0.262234267264,0.358327772374,
    0.443488688096,0.536441867945,0.714046670149,0.799925666479,
    0.829908005731,0.869804205393,0.922394061872,1.),.UNSPECIFIED.);
#7895 = CARTESIAN_POINT('',(-11.46525305526,26.27508960774,
    7.427492072292));
#7896 = CARTESIAN_POINT('',(-11.49947667196,26.322795255265,
    7.20590279647));
#7897 = CARTESIAN_POINT('',(-11.55379986125,26.38048833866,
    6.991535949599));
#7898 = CARTESIAN_POINT('',(-11.62704806817,26.447094296228,
    6.787713155509));
#7899 = CARTESIAN_POINT('',(-11.71667358092,26.521265562409,
    6.597362054417));
#7900 = CARTESIAN_POINT('',(-11.81885848637,26.601385114073,
    6.422808997987));
#7901 = CARTESIAN_POINT('',(-11.97903245438,26.723429158347,
    6.193754007979));
#7902 = CARTESIAN_POINT('',(-12.03107730778,26.762613709338,
    6.12524943286));
#7903 = CARTESIAN_POINT('',(-12.08471567542,26.802663123573,
    6.059980525419));
#7904 = CARTESIAN_POINT('',(-12.13970833453,26.843514498017,
    5.997899212148));
#7905 = CARTESIAN_POINT('',(-12.19583234061,26.885113410079,
    5.938952346072));
#7906 = CARTESIAN_POINT('',(-12.3268829273,26.982280928121,
    5.810610140433));
#7907 = CARTESIAN_POINT('',(-12.40245735015,27.038339572734,
    5.743298757009));
#7908 = CARTESIAN_POINT('',(-12.47920460594,27.095522613017,
    5.680980137448));
#7909 = CARTESIAN_POINT('',(-12.55677373038,27.153786035363,
    5.623497069897));
#7910 = CARTESIAN_POINT('',(-12.63486137309,27.213108463788,
    5.570703743065));
#7911 = CARTESIAN_POINT('',(-12.81254653345,27.350050517944,
    5.461307842856));
#7912 = CARTESIAN_POINT('',(-12.91231734483,27.428326044646,
    5.407463933764));
#7913 = CARTESIAN_POINT('',(-13.01196124735,27.508296073057,
    5.360693464139));
#7914 = CARTESIAN_POINT('',(-13.11098564145,27.589959000159,
    5.320796080549));
#7915 = CARTESIAN_POINT('',(-13.20896319223,27.673334475028,
    5.287612815524));
#7916 = CARTESIAN_POINT('',(-13.39110745968,27.833908147551,
    5.237464759377));
#7917 = CARTESIAN_POINT('',(-13.47557284126,27.910726097914,
    5.219085798988));
#7918 = CARTESIAN_POINT('',(-13.55860764023,27.988891546919,
    5.205825887194));
#7919 = CARTESIAN_POINT('',(-13.63992655056,28.068374758174,
    5.197628037236));
#7920 = CARTESIAN_POINT('',(-13.71927786456,28.14913948683,
    5.194444974055));
#7921 = CARTESIAN_POINT('',(-13.880673835,28.32064357823,5.198203842286)
  );
#7922 = CARTESIAN_POINT('',(-13.9622944436,28.411612729888,5.20609878616
    ));
#7923 = CARTESIAN_POINT('',(-14.04096154657,28.503919783418,
    5.219879415177));
#7924 = CARTESIAN_POINT('',(-14.11638880839,28.59740907496,
    5.239487126946));
#7925 = CARTESIAN_POINT('',(-14.18835146409,28.691893530694,
    5.26485636548));
#7926 = CARTESIAN_POINT('',(-14.38725954572,28.969159341449,
    5.355269129857));
#7927 = CARTESIAN_POINT('',(-14.50430164791,29.153582941164,
    5.435270165251));
#7928 = CARTESIAN_POINT('',(-14.60695419851,29.33907528834,
    5.535344670364));
#7929 = CARTESIAN_POINT('',(-14.69498774983,29.523740478074,
    5.654995525766));
#7930 = CARTESIAN_POINT('',(-14.76872301111,29.705035870713,
    5.793708048451));
#7931 = CARTESIAN_POINT('',(-14.85786543179,29.964414019362,
    6.026531020981));
#7932 = CARTESIAN_POINT('',(-14.88375675855,30.047524462232,
    6.106748814834));
#7933 = CARTESIAN_POINT('',(-14.90657915432,30.128943899761,
    6.191304363246));
#7934 = CARTESIAN_POINT('',(-14.92642293007,30.208364699857,
    6.280209765748));
#7935 = CARTESIAN_POINT('',(-14.94337491188,30.285430969913,6.3734831254
    ));
#7936 = CARTESIAN_POINT('',(-14.96245724226,30.385679347965,
    6.505244962072));
#7937 = CARTESIAN_POINT('',(-14.96705336607,30.411286445623,
    6.539879208877));
#7938 = CARTESIAN_POINT('',(-14.97131112369,30.436541843915,
    6.575052575132));
#7939 = CARTESIAN_POINT('',(-14.97523397643,30.461427822635,
    6.610767016931));
#7940 = CARTESIAN_POINT('',(-14.97882525378,30.485925685634,
    6.647024538187));
#7941 = CARTESIAN_POINT('',(-14.98642995261,30.542071380017,
    6.732798885523));
#7942 = CARTESIAN_POINT('',(-14.99019029948,30.573404728653,
    6.782735492414));
#7943 = CARTESIAN_POINT('',(-14.99337671683,30.603969673764,
    6.833642282286));
#7944 = CARTESIAN_POINT('',(-14.99599626591,30.633716023209,
    6.885523427515));
#7945 = CARTESIAN_POINT('',(-14.99805554647,30.662589525673,
    6.938382001876));
#7946 = CARTESIAN_POINT('',(-15.00154473617,30.727364549602,
    7.063187430954));
#7947 = CARTESIAN_POINT('',(-15.00256609231,30.76258251334,
    7.135862763549));
#7948 = CARTESIAN_POINT('',(-15.0026384447,30.79604709329,7.210242710857
    ));
#7949 = CARTESIAN_POINT('',(-15.00177485267,30.8276078181,7.286317273523
    ));
#7950 = CARTESIAN_POINT('',(-14.99998775524,30.857102413658,
    7.364069720302));
#7951 = CARTESIAN_POINT('',(-14.9933064223,30.924575632387,
    7.560655924143));
#7952 = CARTESIAN_POINT('',(-14.98733318005,30.959968532656,
    7.681590651234));
#7953 = CARTESIAN_POINT('',(-14.97940585185,30.989861885714,
    7.805959264189));
#7954 = CARTESIAN_POINT('',(-14.96958395043,31.013607560145,
    7.933400999772));
#7955 = CARTESIAN_POINT('',(-14.95793374977,31.030587046376,
    8.063513974277));
#7956 = CARTESIAN_POINT('',(-14.94451214106,31.040215591752,
    8.19585332115));
#7957 = PCURVE('',#2180,#7958);
#7958 = DEFINITIONAL_REPRESENTATION('',(#7959),#8022);
#7959 = B_SPLINE_CURVE_WITH_KNOTS('',6,(#7960,#7961,#7962,#7963,#7964,
    #7965,#7966,#7967,#7968,#7969,#7970,#7971,#7972,#7973,#7974,#7975,
    #7976,#7977,#7978,#7979,#7980,#7981,#7982,#7983,#7984,#7985,#7986,
    #7987,#7988,#7989,#7990,#7991,#7992,#7993,#7994,#7995,#7996,#7997,
    #7998,#7999,#8000,#8001,#8002,#8003,#8004,#8005,#8006,#8007,#8008,
    #8009,#8010,#8011,#8012,#8013,#8014,#8015,#8016,#8017,#8018,#8019,
    #8020,#8021),.UNSPECIFIED.,.F.,.F.,(7,5,5,5,5,5,5,5,5,5,5,5,7),(0.,
    0.128014416576,0.186443392425,0.262234267264,0.358327772374,
    0.443488688096,0.536441867945,0.714046670149,0.799925666479,
    0.829908005731,0.869804205393,0.922394061872,1.),.UNSPECIFIED.);
#7960 = CARTESIAN_POINT('',(0.,29.));
#7961 = CARTESIAN_POINT('',(3.82059084674E-02,29.));
#7962 = CARTESIAN_POINT('',(7.609483023367E-02,29.021019706597));
#7963 = CARTESIAN_POINT('',(0.113165069461,29.062404035582));
#7964 = CARTESIAN_POINT('',(0.148928451664,29.122408842744));
#7965 = CARTESIAN_POINT('',(0.18289403713,29.198208626052));
#7966 = CARTESIAN_POINT('',(0.229074398734,29.325653157097));
#7967 = CARTESIAN_POINT('',(0.243141303759,29.368210140514));
#7968 = CARTESIAN_POINT('',(0.256800446415,29.413173028522));
#7969 = CARTESIAN_POINT('',(0.270049774333,29.460345308583));
#7970 = CARTESIAN_POINT('',(0.282887718448,29.509545001798));
#7971 = CARTESIAN_POINT('',(0.311431306586,29.626835211655));
#7972 = CARTESIAN_POINT('',(0.326859109573,29.696209402332));
#7973 = CARTESIAN_POINT('',(0.341604543892,29.768406332754));
#7974 = CARTESIAN_POINT('',(0.355673794645,29.843153411822));
#7975 = CARTESIAN_POINT('',(0.369072053686,29.920225577532));
#7976 = CARTESIAN_POINT('',(0.397946722868,30.09988561944));
#7977 = CARTESIAN_POINT('',(0.413020815397,30.203792859017));
#7978 = CARTESIAN_POINT('',(0.427028777879,30.31077116471));
#7979 = CARTESIAN_POINT('',(0.439967015947,30.420490400284));
#7980 = CARTESIAN_POINT('',(0.45182728686,30.53268449578));
#7981 = CARTESIAN_POINT('',(0.472143449819,30.748592793039));
#7982 = CARTESIAN_POINT('',(0.480832604459,30.851814424477));
#7983 = CARTESIAN_POINT('',(0.488650366659,30.956599439534));
#7984 = CARTESIAN_POINT('',(0.495581910101,31.062749126761));
#7985 = CARTESIAN_POINT('',(0.501613122387,31.17008108159));
#7986 = CARTESIAN_POINT('',(0.512317128506,31.396690249193));
#7987 = CARTESIAN_POINT('',(0.516814725077,31.516153096302));
#7988 = CARTESIAN_POINT('',(0.520202647402,31.636510026957));
#7989 = CARTESIAN_POINT('',(0.522466515918,31.757462427877));
#7990 = CARTESIAN_POINT('',(0.523598775598,31.878719927165));
#7991 = CARTESIAN_POINT('',(0.523598775598,32.231728741096));
#7992 = CARTESIAN_POINT('',(0.519465209337,32.463020681846));
#7993 = CARTESIAN_POINT('',(0.511226464064,32.692185273216));
#7994 = CARTESIAN_POINT('',(0.498967478673,32.917476795184));
#7995 = CARTESIAN_POINT('',(0.482833632071,33.136947054758));
#7996 = CARTESIAN_POINT('',(0.453444083176,33.450531318818));
#7997 = CARTESIAN_POINT('',(0.442996394826,33.550943516914));
#7998 = CARTESIAN_POINT('',(0.431688791343,33.649409291206));
#7999 = CARTESIAN_POINT('',(0.419527836526,33.745741002377));
#8000 = CARTESIAN_POINT('',(0.406517247607,33.839712679597));
#8001 = CARTESIAN_POINT('',(0.387818243617,33.962950479116));
#8002 = CARTESIAN_POINT('',(0.382875530536,33.994523506243));
#8003 = CARTESIAN_POINT('',(0.377828861692,34.025767718071));
#8004 = CARTESIAN_POINT('',(0.372678045577,34.056671647831));
#8005 = CARTESIAN_POINT('',(0.367422828606,34.087223000192));
#8006 = CARTESIAN_POINT('',(0.354930663872,34.157575389152));
#8007 = CARTESIAN_POINT('',(0.347613056133,34.197094335471));
#8008 = CARTESIAN_POINT('',(0.340109270982,34.235934844561));
#8009 = CARTESIAN_POINT('',(0.332418446891,34.274062541114));
#8010 = CARTESIAN_POINT('',(0.324539661724,34.311439320172));
#8011 = CARTESIAN_POINT('',(0.305837318071,34.396247206627));
#8012 = CARTESIAN_POINT('',(0.294873445863,34.443097795981));
#8013 = CARTESIAN_POINT('',(0.283579258125,34.488473071005));
#8014 = CARTESIAN_POINT('',(0.271953844185,34.532259643516));
#8015 = CARTESIAN_POINT('',(0.259996440684,34.574332781333));
#8016 = CARTESIAN_POINT('',(0.229570278509,34.673913716193));
#8017 = CARTESIAN_POINT('',(0.210686111,34.729320712402));
#8018 = CARTESIAN_POINT('',(0.191088979738,34.780186595967));
#8019 = CARTESIAN_POINT('',(0.170816968583,34.825943435677));
#8020 = CARTESIAN_POINT('',(0.149910699163,34.866039844316));
#8021 = CARTESIAN_POINT('',(0.12841283548,34.899934652928));
#8022 = ( GEOMETRIC_REPRESENTATION_CONTEXT(2) 
PARAMETRIC_REPRESENTATION_CONTEXT() REPRESENTATION_CONTEXT('2D SPACE',''
  ) );
#8023 = PCURVE('',#2555,#8024);
#8024 = DEFINITIONAL_REPRESENTATION('',(#8025),#8088);
#8025 = B_SPLINE_CURVE_WITH_KNOTS('',6,(#8026,#8027,#8028,#8029,#8030,
    #8031,#8032,#8033,#8034,#8035,#8036,#8037,#8038,#8039,#8040,#8041,
    #8042,#8043,#8044,#8045,#8046,#8047,#8048,#8049,#8050,#8051,#8052,
    #8053,#8054,#8055,#8056,#8057,#8058,#8059,#8060,#8061,#8062,#8063,
    #8064,#8065,#8066,#8067,#8068,#8069,#8070,#8071,#8072,#8073,#8074,
    #8075,#8076,#8077,#8078,#8079,#8080,#8081,#8082,#8083,#8084,#8085,
    #8086,#8087),.UNSPECIFIED.,.F.,.F.,(7,5,5,5,5,5,5,5,5,5,5,5,7),(0.,
    0.128014416576,0.186443392425,0.262234267264,0.358327772374,
    0.443488688096,0.536441867945,0.714046670149,0.799925666479,
    0.829908005731,0.869804205393,0.922394061872,1.),.UNSPECIFIED.);
#8026 = CARTESIAN_POINT('',(3.400599256579,14.));
#8027 = CARTESIAN_POINT('',(3.477011073514,14.));
#8028 = CARTESIAN_POINT('',(3.552788717196,13.989490083478));
#8029 = CARTESIAN_POINT('',(3.627532524506,13.968798250786));
#8030 = CARTESIAN_POINT('',(3.700813200717,13.939209108635));
#8031 = CARTESIAN_POINT('',(3.772091130095,13.902882281961));
#8032 = CARTESIAN_POINT('',(3.87183235433,13.843875240757));
#8033 = CARTESIAN_POINT('',(3.902647939114,13.824427789984));
#8034 = CARTESIAN_POINT('',(3.933042777647,13.804189683543));
#8035 = CARTESIAN_POINT('',(3.963035551552,13.783318632398));
#8036 = CARTESIAN_POINT('',(3.992643380377,13.761964064135));
#8037 = CARTESIAN_POINT('',(4.059810741765,13.71212016118));
#8038 = CARTESIAN_POINT('',(4.097127207741,13.683390077277));
#8039 = CARTESIAN_POINT('',(4.133892237131,13.654362440843));
#8040 = CARTESIAN_POINT('',(4.170160095659,13.625296767908));
#8041 = CARTESIAN_POINT('',(4.205983825419,13.596427082024));
#8042 = CARTESIAN_POINT('',(4.286348082097,13.531875694506));
#8043 = CARTESIAN_POINT('',(4.330659684092,13.496435514932));
#8044 = CARTESIAN_POINT('',(4.3744515145,13.462086192055));
#8045 = CARTESIAN_POINT('',(4.417809560893,13.42922704744));
#8046 = CARTESIAN_POINT('',(4.460817631942,13.398216760658));
#8047 = CARTESIAN_POINT('',(4.541451204744,13.34381723452));
#8048 = CARTESIAN_POINT('',(4.579130393343,13.319963669378));
#8049 = CARTESIAN_POINT('',(4.616638841319,13.298057974892));
#8050 = CARTESIAN_POINT('',(4.654010911002,13.278314639556));
#8051 = CARTESIAN_POINT('',(4.691281976506,13.26091705809));
#8052 = CARTESIAN_POINT('',(4.769102935981,13.229747744155));
#8053 = CARTESIAN_POINT('',(4.80963778063,13.216454512552));
#8054 = CARTESIAN_POINT('',(4.850113358883,13.206340990783));
#8055 = CARTESIAN_POINT('',(4.890549712189,13.199549099726));
#8056 = CARTESIAN_POINT('',(4.930968892429,13.196152422707));
#8057 = CARTESIAN_POINT('',(5.048638497072,13.196152422707));
#8058 = CARTESIAN_POINT('',(5.125735737972,13.208553206438));
#8059 = CARTESIAN_POINT('',(5.202953813161,13.233269032551));
#8060 = CARTESIAN_POINT('',(5.280523388872,13.269381198184));
#8061 = CARTESIAN_POINT('',(5.358661385,13.315146990127));
#8062 = CARTESIAN_POINT('',(5.475673487252,13.393908929139));
#8063 = CARTESIAN_POINT('',(5.514019813994,13.421316967474));
#8064 = CARTESIAN_POINT('',(5.552636026748,13.450232929282));
#8065 = CARTESIAN_POINT('',(5.591580723912,13.4804041123));
#8066 = CARTESIAN_POINT('',(5.63091379347,13.511552514406));
#8067 = CARTESIAN_POINT('',(5.684591878247,13.554482960126));
#8068 = CARTESIAN_POINT('',(5.698538746594,13.565675012621));
#8069 = CARTESIAN_POINT('',(5.712544903815,13.576936992254));
#8070 = CARTESIAN_POINT('',(5.726613544939,13.588255757335));
#8071 = CARTESIAN_POINT('',(5.740747943855,13.599617704392));
#8072 = CARTESIAN_POINT('',(5.773851447902,13.62616636314));
#8073 = CARTESIAN_POINT('',(5.792873739793,13.641375393156));
#8074 = CARTESIAN_POINT('',(5.812026325587,13.656602854396));
#8075 = CARTESIAN_POINT('',(5.831317257471,13.671813751924));
#8076 = CARTESIAN_POINT('',(5.850754643233,13.686971099683));
#8077 = CARTESIAN_POINT('',(5.896172179408,13.721893871163));
#8078 = CARTESIAN_POINT('',(5.922268825599,13.741592808658));
#8079 = CARTESIAN_POINT('',(5.948652112048,13.761040786771));
#8080 = CARTESIAN_POINT('',(5.975338209567,13.780139483373));
#8081 = CARTESIAN_POINT('',(6.002343932564,13.798784200427));
#8082 = CARTESIAN_POINT('',(6.07003604382,13.843543709583));
#8083 = CARTESIAN_POINT('',(6.111172279205,13.869027997699));
#8084 = CARTESIAN_POINT('',(6.153066202035,13.892894326005));
#8085 = CARTESIAN_POINT('',(6.195701147911,13.914716537234));
#8086 = CARTESIAN_POINT('',(6.239072191555,13.934080247151));
#8087 = CARTESIAN_POINT('',(6.28318530718,13.950598372538));
#8088 = ( GEOMETRIC_REPRESENTATION_CONTEXT(2) 
PARAMETRIC_REPRESENTATION_CONTEXT() REPRESENTATION_CONTEXT('2D SPACE',''
  ) );
#8089 = ORIENTED_EDGE('',*,*,#5110,.T.);
#8090 = ORIENTED_EDGE('',*,*,#3090,.T.);
#8091 = ORIENTED_EDGE('',*,*,#8092,.T.);
#8092 = EDGE_CURVE('',#2693,#8093,#8095,.T.);
#8093 = VERTEX_POINT('',#8094);
#8094 = CARTESIAN_POINT('',(-24.6146897247,24.102914281749,8.19585332115
    ));
#8095 = SURFACE_CURVE('',#8096,(#8229,#8365),.PCURVE_S1.);
#8096 = B_SPLINE_CURVE_WITH_KNOTS('',6,(#8097,#8098,#8099,#8100,#8101,
    #8102,#8103,#8104,#8105,#8106,#8107,#8108,#8109,#8110,#8111,#8112,
    #8113,#8114,#8115,#8116,#8117,#8118,#8119,#8120,#8121,#8122,#8123,
    #8124,#8125,#8126,#8127,#8128,#8129,#8130,#8131,#8132,#8133,#8134,
    #8135,#8136,#8137,#8138,#8139,#8140,#8141,#8142,#8143,#8144,#8145,
    #8146,#8147,#8148,#8149,#8150,#8151,#8152,#8153,#8154,#8155,#8156,
    #8157,#8158,#8159,#8160,#8161,#8162,#8163,#8164,#8165,#8166,#8167,
    #8168,#8169,#8170,#8171,#8172,#8173,#8174,#8175,#8176,#8177,#8178,
    #8179,#8180,#8181,#8182,#8183,#8184,#8185,#8186,#8187,#8188,#8189,
    #8190,#8191,#8192,#8193,#8194,#8195,#8196,#8197,#8198,#8199,#8200,
    #8201,#8202,#8203,#8204,#8205,#8206,#8207,#8208,#8209,#8210,#8211,
    #8212,#8213,#8214,#8215,#8216,#8217,#8218,#8219,#8220,#8221,#8222,
    #8223,#8224,#8225,#8226,#8227,#8228),.UNSPECIFIED.,.T.,.F.,(7,5,5,5,
    5,5,5,5,5,5,5,5,5,5,5,5,5,5,5,5,5,5,5,5,5,5,7),(0.,
    1.121126535148E-02,3.413868883641E-02,7.178686406086E-02,
    0.12108819269,0.156344815589,0.201045875972,0.24066128215,
    0.283901516758,0.366520242952,0.410854859776,0.446687710678,
    0.474457054097,0.510411509209,0.558798036242,0.59376120158,
    0.620981968585,0.656291260168,0.701059097962,0.740733684263,
    0.784038514004,0.866780661535,0.906789785703,0.920757894149,
    0.939344650798,0.963845103596,1.),.UNSPECIFIED.);
#8097 = CARTESIAN_POINT('',(-24.6146897247,24.102914281747,8.19585332115
    ));
#8098 = CARTESIAN_POINT('',(-24.61887515732,24.099911688783,
    8.237122399312));
#8099 = CARTESIAN_POINT('',(-24.62243657761,24.096518441275,
    8.278586725518));
#8100 = CARTESIAN_POINT('',(-24.62535665462,24.092731762822,
    8.320223691078));
#8101 = CARTESIAN_POINT('',(-24.62761966259,24.088549791886,
    8.362008300382));
#8102 = CARTESIAN_POINT('',(-24.62921148099,24.083971581795,
    8.403913170891));
#8103 = CARTESIAN_POINT('',(-24.63197671786,24.068824115786,
    8.531790494247));
#8104 = CARTESIAN_POINT('',(-24.63097570208,24.056989539318,
    8.618088368636));
#8105 = CARTESIAN_POINT('',(-24.62700638716,24.043497883217,
    8.70449621097));
#8106 = CARTESIAN_POINT('',(-24.62000790066,24.028373190737,
    8.790715139573));
#8107 = CARTESIAN_POINT('',(-24.60996928764,24.01165750975,8.87645409066
    ));
#8108 = CARTESIAN_POINT('',(-24.57551909577,23.963444842732,
    9.100966944007));
#8109 = CARTESIAN_POINT('',(-24.54606291194,23.929411871152,
    9.238151858259));
#8110 = CARTESIAN_POINT('',(-24.50878053563,23.89157431897,
    9.371887674416));
#8111 = CARTESIAN_POINT('',(-24.46420233768,23.850288643371,
    9.501153897896));
#8112 = CARTESIAN_POINT('',(-24.41316099209,23.805997766108,
    9.625036545256));
#8113 = CARTESIAN_POINT('',(-24.28290137482,23.698068359344,
    9.896926174545));
#8114 = CARTESIAN_POINT('',(-24.19986001405,23.632691893393,
    10.040513776078));
#8115 = CARTESIAN_POINT('',(-24.10934386878,23.563760709856,
    10.173407249752));
#8116 = CARTESIAN_POINT('',(-24.01299140327,23.491784761639,
    10.295620485868));
#8117 = CARTESIAN_POINT('',(-23.91235310018,23.417213118312,
    10.407283039738));
#8118 = CARTESIAN_POINT('',(-23.73487168575,23.2856194416,
    10.581096501868));
#8119 = CARTESIAN_POINT('',(-23.6592972629,23.229560796987,
    10.648407885291));
#8120 = CARTESIAN_POINT('',(-23.58255000711,23.172377756704,
    10.710726504852));
#8121 = CARTESIAN_POINT('',(-23.50498088268,23.114114334358,
    10.768209572403));
#8122 = CARTESIAN_POINT('',(-23.42689323997,23.054791905933,
    10.821002899235));
#8123 = CARTESIAN_POINT('',(-23.2492080796,22.917849851777,
    10.930398799444));
#8124 = CARTESIAN_POINT('',(-23.14943726822,22.839574325075,
    10.984242708536));
#8125 = CARTESIAN_POINT('',(-23.0497933657,22.759604296664,
    11.031013178161));
#8126 = CARTESIAN_POINT('',(-22.9507689716,22.677941369562,
    11.070910561751));
#8127 = CARTESIAN_POINT('',(-22.85279142083,22.594565894693,
    11.104093826777));
#8128 = CARTESIAN_POINT('',(-22.67064715337,22.43399222217,
    11.154241882923));
#8129 = CARTESIAN_POINT('',(-22.58618177179,22.357174271806,
    11.172620843312));
#8130 = CARTESIAN_POINT('',(-22.50314697282,22.279008822802,
    11.185880755107));
#8131 = CARTESIAN_POINT('',(-22.42182806249,22.199525611547,
    11.194078605064));
#8132 = CARTESIAN_POINT('',(-22.3424767485,22.118760882892,
    11.197261668246));
#8133 = CARTESIAN_POINT('',(-22.18108077805,21.947256791491,
    11.193502800015));
#8134 = CARTESIAN_POINT('',(-22.09946016945,21.856287639833,
    11.18560785614));
#8135 = CARTESIAN_POINT('',(-22.02079306648,21.763980586303,
    11.171827227123));
#8136 = CARTESIAN_POINT('',(-21.94536580466,21.670491294761,
    11.152219515354));
#8137 = CARTESIAN_POINT('',(-21.87340314896,21.576006839027,
    11.12685027682));
#8138 = CARTESIAN_POINT('',(-21.67449506733,21.298741028271,
    11.036437512443));
#8139 = CARTESIAN_POINT('',(-21.55745296514,21.114317428557,
    10.956436477049));
#8140 = CARTESIAN_POINT('',(-21.45480041454,20.928825081381,
    10.856361971935));
#8141 = CARTESIAN_POINT('',(-21.36676686322,20.744159891648,
    10.736711116535));
#8142 = CARTESIAN_POINT('',(-21.29303160194,20.562864499007,
    10.597998593849));
#8143 = CARTESIAN_POINT('',(-21.20069989627,20.294206471833,
    10.356845818234));
#8144 = CARTESIAN_POINT('',(-21.17235401048,20.202153721263,
    10.267300773731));
#8145 = CARTESIAN_POINT('',(-21.14777452157,20.112219421975,
    10.172414496341));
#8146 = CARTESIAN_POINT('',(-21.12683766826,20.024827312513,
    10.072166050462));
#8147 = CARTESIAN_POINT('',(-21.10942609963,19.940476883627,
    9.966526085577));
#8148 = CARTESIAN_POINT('',(-21.08411291159,19.794496181225,
    9.765688464209));
#8149 = CARTESIAN_POINT('',(-21.07502665392,19.731603580129,
    9.672362917025));
#8150 = CARTESIAN_POINT('',(-21.06810830113,19.671358964176,
    9.575436494867));
#8151 = CARTESIAN_POINT('',(-21.06330560917,19.614107021924,
    9.474876845511));
#8152 = CARTESIAN_POINT('',(-21.06057267014,19.560247413661,
    9.370665015013));
#8153 = CARTESIAN_POINT('',(-21.05932242413,19.471478573228,
    9.179201728682));
#8154 = CARTESIAN_POINT('',(-21.05999481304,19.435025224594,
    9.093395365897));
#8155 = CARTESIAN_POINT('',(-21.06186775372,19.401105708176,
    9.005407251008));
#8156 = CARTESIAN_POINT('',(-21.06492224597,19.369965781481,
    8.915280129341));
#8157 = CARTESIAN_POINT('',(-21.06913938781,19.341866679056,
    8.823070317954));
#8158 = CARTESIAN_POINT('',(-21.08144472675,19.284998063504,
    8.606854215656));
#8159 = CARTESIAN_POINT('',(-21.09031827996,19.258423685616,
    8.481301972531));
#8160 = CARTESIAN_POINT('',(-21.10107218988,19.238098188661,
    8.352726982624));
#8161 = CARTESIAN_POINT('',(-21.11362616682,19.224667438679,
    8.221693547887));
#8162 = CARTESIAN_POINT('',(-21.12789110899,19.218681902467,
    8.08879517209));
#8163 = CARTESIAN_POINT('',(-21.16518709929,19.223162651825,
    7.774132299417));
#8164 = CARTESIAN_POINT('',(-21.18951722086,19.240029779351,
    7.591581601449));
#8165 = CARTESIAN_POINT('',(-21.21640941902,19.272204177226,
    7.409957437825));
#8166 = CARTESIAN_POINT('',(-21.24540981547,19.319599901538,
    7.232094973751));
#8167 = CARTESIAN_POINT('',(-21.27613093733,19.381038730051,
    7.060599927733));
#8168 = CARTESIAN_POINT('',(-21.33125924559,19.507241069965,
    6.780005962559));
#8169 = CARTESIAN_POINT('',(-21.35504240893,19.566327812146,
    6.666853770565));
#8170 = CARTESIAN_POINT('',(-21.37941545956,19.630940253637,
    6.558583366121));
#8171 = CARTESIAN_POINT('',(-21.40433320864,19.700389811836,
    6.45547156331));
#8172 = CARTESIAN_POINT('',(-21.42975586207,19.7739261862,6.35773701985)
  );
#8173 = CARTESIAN_POINT('',(-21.47577678442,19.910547356358,
    6.193754007979));
#8174 = CARTESIAN_POINT('',(-21.49621804257,19.972404051774,
    6.12524943286));
#8175 = CARTESIAN_POINT('',(-21.516967939,20.036047369266,6.059980525419
    ));
#8176 = CARTESIAN_POINT('',(-21.53804354334,20.101230543874,
    5.997899212148));
#8177 = CARTESIAN_POINT('',(-21.55946474233,20.167724947971,
    5.938952346072));
#8178 = CARTESIAN_POINT('',(-21.60951517361,20.323001273164,
    5.810610140433));
#8179 = CARTESIAN_POINT('',(-21.63840101223,20.412553902116,
    5.743298757009));
#8180 = CARTESIAN_POINT('',(-21.66797613816,20.503577818166,
    5.680980137448));
#8181 = CARTESIAN_POINT('',(-21.69831132051,20.595726459829,
    5.623497069897));
#8182 = CARTESIAN_POINT('',(-21.7294835151,20.688705622781,
    5.570703743065));
#8183 = CARTESIAN_POINT('',(-21.80226773248,20.900902701249,
    5.461307842856));
#8184 = CARTESIAN_POINT('',(-21.84444554084,21.020494947513,
    5.407463933764));
#8185 = CARTESIAN_POINT('',(-21.88826916591,21.140509957566,
    5.360693464139));
#8186 = CARTESIAN_POINT('',(-21.93389493625,21.260480593021,
    5.320796080549));
#8187 = CARTESIAN_POINT('',(-21.98147839867,21.380008348663,
    5.287612815524));
#8188 = CARTESIAN_POINT('',(-22.07521927453,21.604001845598,
    5.237464759377));
#8189 = CARTESIAN_POINT('',(-22.12092078792,21.708628657919,
    5.219085798988));
#8190 = CARTESIAN_POINT('',(-22.16835715754,21.812332110591,
    5.205825887194));
#8191 = CARTESIAN_POINT('',(-22.21759163756,21.914832413155,
    5.197628037236));
#8192 = CARTESIAN_POINT('',(-22.26867055073,22.015879516311,
    5.194444974055));
#8193 = CARTESIAN_POINT('',(-22.37941400154,22.223721284842,
    5.198203842286));
#8194 = CARTESIAN_POINT('',(-22.43943209184,22.330187895283,
    5.20609878616));
#8195 = CARTESIAN_POINT('',(-22.50166394824,22.434285451789,
    5.219879415177));
#8196 = CARTESIAN_POINT('',(-22.5660538675,22.535692836903,
    5.239487126946));
#8197 = CARTESIAN_POINT('',(-22.6324966632,22.634137192208,5.26485636548
    ));
#8198 = CARTESIAN_POINT('',(-22.83140474482,22.911403002963,
    5.355269129857));
#8199 = CARTESIAN_POINT('',(-22.96859906925,23.08136957368,
    5.435270165251));
#8200 = CARTESIAN_POINT('',(-23.11141672808,23.238047821476,
    5.535344670364));
#8201 = CARTESIAN_POINT('',(-23.25813531118,23.380612879717,
    5.654995525766));
#8202 = CARTESIAN_POINT('',(-23.40624348551,23.508553791256,
    5.793708048451));
#8203 = CARTESIAN_POINT('',(-23.62338008247,23.676110030833,
    6.026531020981));
#8204 = CARTESIAN_POINT('',(-23.69381156827,23.727267750911,
    6.106748814834));
#8205 = CARTESIAN_POINT('',(-23.76362461409,23.774976504711,
    6.191304363246));
#8206 = CARTESIAN_POINT('',(-23.83249887038,23.819223264422,
    6.280209765748));
#8207 = CARTESIAN_POINT('',(-23.9000693885,23.859976236687,6.3734831254)
  );
#8208 = CARTESIAN_POINT('',(-23.98891697741,23.910175624925,
    6.505244962072));
#8209 = CARTESIAN_POINT('',(-24.01170104273,23.922734851499,
    6.539879208877));
#8210 = CARTESIAN_POINT('',(-24.03426037881,23.93486085655,
    6.575052575132));
#8211 = CARTESIAN_POINT('',(-24.0565770907,23.946551240657,
    6.610767016931));
#8212 = CARTESIAN_POINT('',(-24.07863240123,23.957803166817,
    6.647024538187));
#8213 = CARTESIAN_POINT('',(-24.12938070152,23.982998016666,
    6.732798885523));
#8214 = CARTESIAN_POINT('',(-24.15785688568,23.996600438553,
    6.782735492414));
#8215 = CARTESIAN_POINT('',(-24.18578909246,24.009412969503,
    6.833642282286));
#8216 = CARTESIAN_POINT('',(-24.21312751368,24.021426215025,
    6.885523427515));
#8217 = CARTESIAN_POINT('',(-24.2398186439,24.032629042729,
    6.938382001876));
#8218 = CARTESIAN_POINT('',(-24.30006001213,24.056690550891,
    7.063187437636));
#8219 = CARTESIAN_POINT('',(-24.33309364488,24.068943181737,
    7.135862761102));
#8220 = CARTESIAN_POINT('',(-24.36477044711,24.079735001508,
    7.210242703557));
#8221 = CARTESIAN_POINT('',(-24.39494370008,24.089030165433,
    7.286317272086));
#8222 = CARTESIAN_POINT('',(-24.4234556979,24.096788457329,
    7.364069728247));
#8223 = CARTESIAN_POINT('',(-24.4895119888,24.112080334656,
    7.560655924062));
#8224 = CARTESIAN_POINT('',(-24.52495266436,24.117763250452,
    7.681590651253));
#8225 = CARTESIAN_POINT('',(-24.55580994547,24.119832862048,
    7.805959264277));
#8226 = CARTESIAN_POINT('',(-24.5814508067,24.118137858902,
    7.933400999803));
#8227 = CARTESIAN_POINT('',(-24.60126811599,24.112542827129,
    8.063513974189));
#8228 = CARTESIAN_POINT('',(-24.6146897247,24.102914281747,8.19585332115
    ));
#8229 = PCURVE('',#2180,#8230);
#8230 = DEFINITIONAL_REPRESENTATION('',(#8231),#8364);
#8231 = B_SPLINE_CURVE_WITH_KNOTS('',6,(#8232,#8233,#8234,#8235,#8236,
    #8237,#8238,#8239,#8240,#8241,#8242,#8243,#8244,#8245,#8246,#8247,
    #8248,#8249,#8250,#8251,#8252,#8253,#8254,#8255,#8256,#8257,#8258,
    #8259,#8260,#8261,#8262,#8263,#8264,#8265,#8266,#8267,#8268,#8269,
    #8270,#8271,#8272,#8273,#8274,#8275,#8276,#8277,#8278,#8279,#8280,
    #8281,#8282,#8283,#8284,#8285,#8286,#8287,#8288,#8289,#8290,#8291,
    #8292,#8293,#8294,#8295,#8296,#8297,#8298,#8299,#8300,#8301,#8302,
    #8303,#8304,#8305,#8306,#8307,#8308,#8309,#8310,#8311,#8312,#8313,
    #8314,#8315,#8316,#8317,#8318,#8319,#8320,#8321,#8322,#8323,#8324,
    #8325,#8326,#8327,#8328,#8329,#8330,#8331,#8332,#8333,#8334,#8335,
    #8336,#8337,#8338,#8339,#8340,#8341,#8342,#8343,#8344,#8345,#8346,
    #8347,#8348,#8349,#8350,#8351,#8352,#8353,#8354,#8355,#8356,#8357,
    #8358,#8359,#8360,#8361,#8362,#8363),.UNSPECIFIED.,.T.,.F.,(7,5,5,5,
    5,5,5,5,5,5,5,5,5,5,5,5,5,5,5,5,5,5,5,5,5,5,7),(0.,
    1.121126535148E-02,3.413868883641E-02,7.178686406086E-02,
    0.12108819269,0.156344815589,0.201045875972,0.24066128215,
    0.283901516758,0.366520242952,0.410854859776,0.446687710678,
    0.474457054097,0.510411509209,0.558798036242,0.59376120158,
    0.620981968585,0.656291260168,0.701059097962,0.740733684263,
    0.784038514004,0.866780661535,0.906789785703,0.920757894149,
    0.939344650798,0.963845103596,1.),.UNSPECIFIED.);
#8232 = CARTESIAN_POINT('',(3.01317981811,34.899934652928));
#8233 = CARTESIAN_POINT('',(3.019883773038,34.910504506407));
#8234 = CARTESIAN_POINT('',(3.026641798848,34.920465923725));
#8235 = CARTESIAN_POINT('',(3.033451087483,34.929801168259));
#8236 = CARTESIAN_POINT('',(3.040308431149,34.938493515097));
#8237 = CARTESIAN_POINT('',(3.047210222305,34.946527251034));
#8238 = CARTESIAN_POINT('',(3.068349555733,34.968939994035));
#8239 = CARTESIAN_POINT('',(3.082721963167,34.981183302543));
#8240 = CARTESIAN_POINT('',(3.097226950658,34.990480713759));
#8241 = CARTESIAN_POINT('',(3.111822108234,34.996740262936));
#8242 = CARTESIAN_POINT('',(3.126464980225,34.999914255876));
#8243 = CARTESIAN_POINT('',(3.165165126872,35.000137145273));
#8244 = CARTESIAN_POINT('',(3.189179679157,34.991944757345));
#8245 = CARTESIAN_POINT('',(3.212989936734,34.97547094573));
#8246 = CARTESIAN_POINT('',(3.236430721552,34.951033160587));
#8247 = CARTESIAN_POINT('',(3.259336794924,34.91921438134));
#8248 = CARTESIAN_POINT('',(3.310626387332,34.830682506691));
#8249 = CARTESIAN_POINT('',(3.338507375513,34.769318303408));
#8250 = CARTESIAN_POINT('',(3.365126094671,34.698211333867));
#8251 = CARTESIAN_POINT('',(3.390428246774,34.618688908131));
#8252 = CARTESIAN_POINT('',(3.414367464823,34.53201056591));
#8253 = CARTESIAN_POINT('',(3.453023960176,34.373164788345));
#8254 = CARTESIAN_POINT('',(3.468451763163,34.303790597668));
#8255 = CARTESIAN_POINT('',(3.483197197482,34.231593667246));
#8256 = CARTESIAN_POINT('',(3.497266448234,34.156846588178));
#8257 = CARTESIAN_POINT('',(3.510664707276,34.079774422468));
#8258 = CARTESIAN_POINT('',(3.539539376458,33.90011438056));
#8259 = CARTESIAN_POINT('',(3.554613468987,33.796207140983));
#8260 = CARTESIAN_POINT('',(3.568621431469,33.68922883529));
#8261 = CARTESIAN_POINT('',(3.581559669537,33.579509599716));
#8262 = CARTESIAN_POINT('',(3.59341994045,33.46731550422));
#8263 = CARTESIAN_POINT('',(3.613736103408,33.251407206962));
#8264 = CARTESIAN_POINT('',(3.622425258049,33.148185575523));
#8265 = CARTESIAN_POINT('',(3.630243020249,33.043400560465));
#8266 = CARTESIAN_POINT('',(3.637174563691,32.937250873239));
#8267 = CARTESIAN_POINT('',(3.643205775977,32.829918918411));
#8268 = CARTESIAN_POINT('',(3.653909782096,32.603309750808));
#8269 = CARTESIAN_POINT('',(3.658407378667,32.483846903699));
#8270 = CARTESIAN_POINT('',(3.661795300992,32.363489973043));
#8271 = CARTESIAN_POINT('',(3.664059169508,32.242537572123));
#8272 = CARTESIAN_POINT('',(3.665191429188,32.121280072835));
#8273 = CARTESIAN_POINT('',(3.665191429188,31.768271258904));
#8274 = CARTESIAN_POINT('',(3.661057862927,31.536979318154));
#8275 = CARTESIAN_POINT('',(3.652819117654,31.307814726783));
#8276 = CARTESIAN_POINT('',(3.640560132263,31.082523204816));
#8277 = CARTESIAN_POINT('',(3.624426285661,30.863052945241));
#8278 = CARTESIAN_POINT('',(3.593985254808,30.538249448209));
#8279 = CARTESIAN_POINT('',(3.582285687949,30.427041683007));
#8280 = CARTESIAN_POINT('',(3.569528529049,30.3182520593));
#8281 = CARTESIAN_POINT('',(3.555721997633,30.212138299386));
#8282 = CARTESIAN_POINT('',(3.540869869815,30.109019080876));
#8283 = CARTESIAN_POINT('',(3.512119472888,29.928658881626));
#8284 = CARTESIAN_POINT('',(3.498582991726,29.850238406748));
#8285 = CARTESIAN_POINT('',(3.484355864329,29.774197035328));
#8286 = CARTESIAN_POINT('',(3.469432734487,29.700767774385));
#8287 = CARTESIAN_POINT('',(3.453807162734,29.630233809494));
#8288 = CARTESIAN_POINT('',(3.424811029933,29.510769445213));
#8289 = CARTESIAN_POINT('',(3.411721933537,29.460539781148));
#8290 = CARTESIAN_POINT('',(3.398204693238,29.412417957526));
#8291 = CARTESIAN_POINT('',(3.384261014783,29.366597243123));
#8292 = CARTESIAN_POINT('',(3.369893129678,29.323286594301));
#8293 = CARTESIAN_POINT('',(3.335954737905,29.230176208243));
#8294 = CARTESIAN_POINT('',(3.316069942918,29.18214717982));
#8295 = CARTESIAN_POINT('',(3.295513814807,29.139311574951));
#8296 = CARTESIAN_POINT('',(3.274353119892,29.102275968881));
#8297 = CARTESIAN_POINT('',(3.252656877292,29.071574520704));
#8298 = CARTESIAN_POINT('',(3.200673606803,29.015517258404));
#8299 = CARTESIAN_POINT('',(3.170046664769,28.995719515764));
#8300 = CARTESIAN_POINT('',(3.139029804902,28.989625598084));
#8301 = CARTESIAN_POINT('',(3.108035319186,28.997638401123));
#8302 = CARTESIAN_POINT('',(3.077475570476,29.019281557117));
#8303 = CARTESIAN_POINT('',(3.026295656496,29.077602435415));
#8304 = CARTESIAN_POINT('',(3.005280574731,29.108431678109));
#8305 = CARTESIAN_POINT('',(2.984782391122,29.145183709905));
#8306 = CARTESIAN_POINT('',(2.964862259966,29.187363128688));
#8307 = CARTESIAN_POINT('',(2.945579288737,29.234414201567));
#8308 = CARTESIAN_POINT('',(2.912518254856,29.325653157097));
#8309 = CARTESIAN_POINT('',(2.898451349831,29.368210140514));
#8310 = CARTESIAN_POINT('',(2.884792207175,29.413173028522));
#8311 = CARTESIAN_POINT('',(2.871542879257,29.460345308583));
#8312 = CARTESIAN_POINT('',(2.858704935142,29.509545001798));
#8313 = CARTESIAN_POINT('',(2.830161347004,29.626835211655));
#8314 = CARTESIAN_POINT('',(2.814733544016,29.696209402332));
#8315 = CARTESIAN_POINT('',(2.799988109697,29.768406332754));
#8316 = CARTESIAN_POINT('',(2.785918858945,29.843153411822));
#8317 = CARTESIAN_POINT('',(2.772520599904,29.920225577532));
#8318 = CARTESIAN_POINT('',(2.743645930721,30.09988561944));
#8319 = CARTESIAN_POINT('',(2.728571838193,30.203792859017));
#8320 = CARTESIAN_POINT('',(2.714563875711,30.31077116471));
#8321 = CARTESIAN_POINT('',(2.701625637643,30.420490400284));
#8322 = CARTESIAN_POINT('',(2.68976536673,30.532684495781));
#8323 = CARTESIAN_POINT('',(2.669449203771,30.748592793039));
#8324 = CARTESIAN_POINT('',(2.660760049131,30.851814424477));
#8325 = CARTESIAN_POINT('',(2.652942286931,30.956599439535));
#8326 = CARTESIAN_POINT('',(2.646010743489,31.062749126762));
#8327 = CARTESIAN_POINT('',(2.639979531203,31.17008108159));
#8328 = CARTESIAN_POINT('',(2.629275525084,31.396690249193));
#8329 = CARTESIAN_POINT('',(2.624777928513,31.516153096302));
#8330 = CARTESIAN_POINT('',(2.621390006187,31.636510026957));
#8331 = CARTESIAN_POINT('',(2.619126137672,31.757462427877));
#8332 = CARTESIAN_POINT('',(2.617993877991,31.878719927165));
#8333 = CARTESIAN_POINT('',(2.617993877991,32.231728741096));
#8334 = CARTESIAN_POINT('',(2.622127444253,32.463020681847));
#8335 = CARTESIAN_POINT('',(2.630366189526,32.692185273216));
#8336 = CARTESIAN_POINT('',(2.642625174917,32.917476795184));
#8337 = CARTESIAN_POINT('',(2.658759021519,33.136947054758));
#8338 = CARTESIAN_POINT('',(2.688148570414,33.450531318818));
#8339 = CARTESIAN_POINT('',(2.698596258764,33.550943516914));
#8340 = CARTESIAN_POINT('',(2.709903862247,33.649409291206));
#8341 = CARTESIAN_POINT('',(2.722064817064,33.745741002377));
#8342 = CARTESIAN_POINT('',(2.735075405983,33.839712679597));
#8343 = CARTESIAN_POINT('',(2.753774409973,33.962950479116));
#8344 = CARTESIAN_POINT('',(2.758717123054,33.994523506243));
#8345 = CARTESIAN_POINT('',(2.763763791898,34.025767718071));
#8346 = CARTESIAN_POINT('',(2.768914608013,34.056671647831));
#8347 = CARTESIAN_POINT('',(2.774169824984,34.087223000192));
#8348 = CARTESIAN_POINT('',(2.786661989718,34.157575389152));
#8349 = CARTESIAN_POINT('',(2.793979597457,34.197094335471));
#8350 = CARTESIAN_POINT('',(2.801483382608,34.235934844561));
#8351 = CARTESIAN_POINT('',(2.809174206699,34.274062541114));
#8352 = CARTESIAN_POINT('',(2.817052991866,34.311439320172));
#8353 = CARTESIAN_POINT('',(2.83575533652,34.396247211168));
#8354 = CARTESIAN_POINT('',(2.84671920734,34.443097795034));
#8355 = CARTESIAN_POINT('',(2.858013394352,34.488473066704));
#8356 = CARTESIAN_POINT('',(2.8696388092,34.532259642155));
#8357 = CARTESIAN_POINT('',(2.881596214136,34.574332785358));
#8358 = CARTESIAN_POINT('',(2.912022375068,34.673913716153));
#8359 = CARTESIAN_POINT('',(2.930906542593,34.729320712421));
#8360 = CARTESIAN_POINT('',(2.950503673866,34.780186596));
#8361 = CARTESIAN_POINT('',(2.970775685013,34.825943435677));
#8362 = CARTESIAN_POINT('',(2.991681954412,34.866039844294));
#8363 = CARTESIAN_POINT('',(3.01317981811,34.899934652928));
#8364 = ( GEOMETRIC_REPRESENTATION_CONTEXT(2) 
PARAMETRIC_REPRESENTATION_CONTEXT() REPRESENTATION_CONTEXT('2D SPACE',''
  ) );
#8365 = PCURVE('',#2555,#8366);
#8366 = DEFINITIONAL_REPRESENTATION('',(#8367),#8500);
#8367 = B_SPLINE_CURVE_WITH_KNOTS('',6,(#8368,#8369,#8370,#8371,#8372,
    #8373,#8374,#8375,#8376,#8377,#8378,#8379,#8380,#8381,#8382,#8383,
    #8384,#8385,#8386,#8387,#8388,#8389,#8390,#8391,#8392,#8393,#8394,
    #8395,#8396,#8397,#8398,#8399,#8400,#8401,#8402,#8403,#8404,#8405,
    #8406,#8407,#8408,#8409,#8410,#8411,#8412,#8413,#8414,#8415,#8416,
    #8417,#8418,#8419,#8420,#8421,#8422,#8423,#8424,#8425,#8426,#8427,
    #8428,#8429,#8430,#8431,#8432,#8433,#8434,#8435,#8436,#8437,#8438,
    #8439,#8440,#8441,#8442,#8443,#8444,#8445,#8446,#8447,#8448,#8449,
    #8450,#8451,#8452,#8453,#8454,#8455,#8456,#8457,#8458,#8459,#8460,
    #8461,#8462,#8463,#8464,#8465,#8466,#8467,#8468,#8469,#8470,#8471,
    #8472,#8473,#8474,#8475,#8476,#8477,#8478,#8479,#8480,#8481,#8482,
    #8483,#8484,#8485,#8486,#8487,#8488,#8489,#8490,#8491,#8492,#8493,
    #8494,#8495,#8496,#8497,#8498,#8499),.UNSPECIFIED.,.F.,.F.,(7,5,5,5,
    5,5,5,5,5,5,5,5,5,5,5,5,5,5,5,5,5,5,5,5,5,5,7),(0.,
    1.121126535148E-02,3.413868883641E-02,7.178686406086E-02,
    0.12108819269,0.156344815589,0.201045875972,0.24066128215,
    0.283901516758,0.366520242952,0.410854859776,0.446687710678,
    0.474457054097,0.510411509209,0.558798036242,0.59376120158,
    0.620981968585,0.656291260168,0.701059097962,0.740733684263,
    0.784038514004,0.866780661535,0.906789785703,0.920757894149,
    0.939344650798,0.963845103596,1.),.UNSPECIFIED.);
#8368 = CARTESIAN_POINT('',(-8.881784197001E-16,2.049401627462));
#8369 = CARTESIAN_POINT('',(1.375635938736E-02,2.044250568281));
#8370 = CARTESIAN_POINT('',(2.757779200816E-02,2.039378827369));
#8371 = CARTESIAN_POINT('',(4.146147468958E-02,2.034798868414));
#8372 = CARTESIAN_POINT('',(5.540396849159E-02,2.030522384084));
#8373 = CARTESIAN_POINT('',(6.940121870688E-02,2.026560296031));
#8374 = CARTESIAN_POINT('',(0.112175840742,2.015483858068));
#8375 = CARTESIAN_POINT('',(0.14112508243,2.009398753856));
#8376 = CARTESIAN_POINT('',(0.170239008064,2.004759581461));
#8377 = CARTESIAN_POINT('',(0.199464745762,2.001629817076));
#8378 = CARTESIAN_POINT('',(0.228751246026,2.000042872047));
#8379 = CARTESIAN_POINT('',(0.306151566065,1.999931427387));
#8380 = CARTESIAN_POINT('',(0.354178673214,2.004027616303));
#8381 = CARTESIAN_POINT('',(0.401945573436,2.01226516598));
#8382 = CARTESIAN_POINT('',(0.449269429076,2.024420911505));
#8383 = CARTESIAN_POINT('',(0.495950005925,2.040076455995));
#8384 = CARTESIAN_POINT('',(0.601726226902,2.083004476339));
#8385 = CARTESIAN_POINT('',(0.660185783079,2.112370301479));
#8386 = CARTESIAN_POINT('',(0.717223388808,2.145737602064));
#8387 = CARTESIAN_POINT('',(0.772901295376,2.182072318771));
#8388 = CARTESIAN_POINT('',(0.827253533165,2.220376391334));
#8389 = CARTESIAN_POINT('',(0.918218088175,2.28787983882));
#8390 = CARTESIAN_POINT('',(0.955534554151,2.316609922723));
#8391 = CARTESIAN_POINT('',(0.992299583542,2.345637559157));
#8392 = CARTESIAN_POINT('',(1.028567442069,2.374703232091));
#8393 = CARTESIAN_POINT('',(1.06439117183,2.403572917976));
#8394 = CARTESIAN_POINT('',(1.144755428508,2.468124305494));
#8395 = CARTESIAN_POINT('',(1.189067030502,2.503564485068));
#8396 = CARTESIAN_POINT('',(1.23285886091,2.537913807945));
#8397 = CARTESIAN_POINT('',(1.276216907303,2.570772952559));
#8398 = CARTESIAN_POINT('',(1.319224978352,2.601783239342));
#8399 = CARTESIAN_POINT('',(1.399858551154,2.656182765479));
#8400 = CARTESIAN_POINT('',(1.437537739753,2.680036330622));
#8401 = CARTESIAN_POINT('',(1.47504618773,2.701942025109));
#8402 = CARTESIAN_POINT('',(1.512418257412,2.721685360444));
#8403 = CARTESIAN_POINT('',(1.549689322916,2.73908294191));
#8404 = CARTESIAN_POINT('',(1.627510282391,2.770252255845));
#8405 = CARTESIAN_POINT('',(1.66804512704,2.783545487448));
#8406 = CARTESIAN_POINT('',(1.708520705293,2.793659009217));
#8407 = CARTESIAN_POINT('',(1.748957058599,2.800450900274));
#8408 = CARTESIAN_POINT('',(1.789376238839,2.803847577293));
#8409 = CARTESIAN_POINT('',(1.907045843483,2.803847577293));
#8410 = CARTESIAN_POINT('',(1.984143084382,2.791446793562));
#8411 = CARTESIAN_POINT('',(2.061361159571,2.766730967448));
#8412 = CARTESIAN_POINT('',(2.138930735282,2.730618801816));
#8413 = CARTESIAN_POINT('',(2.21706873141,2.684853009873));
#8414 = CARTESIAN_POINT('',(2.33826722369,2.603273172629));
#8415 = CARTESIAN_POINT('',(2.380845166261,2.572647015818));
#8416 = CARTESIAN_POINT('',(2.423763480632,2.540195379409));
#8417 = CARTESIAN_POINT('',(2.467103249999,2.50626582472));
#8418 = CARTESIAN_POINT('',(2.510947628438,2.471244860935));
#8419 = CARTESIAN_POINT('',(2.591310244166,2.406719493369));
#8420 = CARTESIAN_POINT('',(2.627625107478,2.377441832799));
#8421 = CARTESIAN_POINT('',(2.664393613967,2.347946197974));
#8422 = CARTESIAN_POINT('',(2.701671105216,2.318475960874));
#8423 = CARTESIAN_POINT('',(2.739514210015,2.289301388549));
#8424 = CARTESIAN_POINT('',(2.8077998125,2.238573205073));
#8425 = CARTESIAN_POINT('',(2.837996853008,2.216777919357));
#8426 = CARTESIAN_POINT('',(2.868594298396,2.195484130159));
#8427 = CARTESIAN_POINT('',(2.89961022123,2.174850529864));
#8428 = CARTESIAN_POINT('',(2.931064392595,2.155044752709));
#8429 = CARTESIAN_POINT('',(3.004301555096,2.111897030265));
#8430 = CARTESIAN_POINT('',(3.046458896589,2.089196514702));
#8431 = CARTESIAN_POINT('',(3.089369336695,2.068610659308));
#8432 = CARTESIAN_POINT('',(3.132971751055,2.050581182905));
#8433 = CARTESIAN_POINT('',(3.177220354224,2.035501355554));
#8434 = CARTESIAN_POINT('',(3.282448631931,2.007808800924));
#8435 = CARTESIAN_POINT('',(3.343849216443,1.997871627981));
#8436 = CARTESIAN_POINT('',(3.405711554278,1.994775398246));
#8437 = CARTESIAN_POINT('',(3.467547497724,1.998838807807));
#8438 = CARTESIAN_POINT('',(3.528867019919,2.009689898191));
#8439 = CARTESIAN_POINT('',(3.632614252181,2.038460376876));
#8440 = CARTESIAN_POINT('',(3.67554223827,2.053577774291));
#8441 = CARTESIAN_POINT('',(3.717848605989,2.071436839365));
#8442 = CARTESIAN_POINT('',(3.759494235782,2.091672909537));
#8443 = CARTESIAN_POINT('',(3.800426503895,2.113880962948));
#8444 = CARTESIAN_POINT('',(3.87183235433,2.156124759243));
#8445 = CARTESIAN_POINT('',(3.902647939114,2.175572210016));
#8446 = CARTESIAN_POINT('',(3.933042777647,2.195810316457));
#8447 = CARTESIAN_POINT('',(3.963035551552,2.216681367602));
#8448 = CARTESIAN_POINT('',(3.992643380377,2.238035935865));
#8449 = CARTESIAN_POINT('',(4.059810741765,2.28787983882));
#8450 = CARTESIAN_POINT('',(4.097127207741,2.316609922723));
#8451 = CARTESIAN_POINT('',(4.133892237131,2.345637559157));
#8452 = CARTESIAN_POINT('',(4.170160095659,2.374703232092));
#8453 = CARTESIAN_POINT('',(4.205983825419,2.403572917976));
#8454 = CARTESIAN_POINT('',(4.286348082097,2.468124305494));
#8455 = CARTESIAN_POINT('',(4.330659684092,2.503564485068));
#8456 = CARTESIAN_POINT('',(4.3744515145,2.537913807945));
#8457 = CARTESIAN_POINT('',(4.417809560893,2.57077295256));
#8458 = CARTESIAN_POINT('',(4.460817631942,2.601783239342));
#8459 = CARTESIAN_POINT('',(4.541451204744,2.65618276548));
#8460 = CARTESIAN_POINT('',(4.579130393343,2.680036330622));
#8461 = CARTESIAN_POINT('',(4.61663884132,2.701942025109));
#8462 = CARTESIAN_POINT('',(4.654010911002,2.721685360444));
#8463 = CARTESIAN_POINT('',(4.691281976506,2.73908294191));
#8464 = CARTESIAN_POINT('',(4.769102935981,2.770252255845));
#8465 = CARTESIAN_POINT('',(4.80963778063,2.783545487448));
#8466 = CARTESIAN_POINT('',(4.850113358883,2.793659009217));
#8467 = CARTESIAN_POINT('',(4.890549712189,2.800450900274));
#8468 = CARTESIAN_POINT('',(4.930968892429,2.803847577293));
#8469 = CARTESIAN_POINT('',(5.048638497072,2.803847577293));
#8470 = CARTESIAN_POINT('',(5.125735737972,2.791446793562));
#8471 = CARTESIAN_POINT('',(5.20295381316,2.766730967449));
#8472 = CARTESIAN_POINT('',(5.280523388872,2.730618801816));
#8473 = CARTESIAN_POINT('',(5.358661385,2.684853009873));
#8474 = CARTESIAN_POINT('',(5.475673487252,2.606091070861));
#8475 = CARTESIAN_POINT('',(5.514019813994,2.578683032526));
#8476 = CARTESIAN_POINT('',(5.552636026748,2.549767070718));
#8477 = CARTESIAN_POINT('',(5.591580723912,2.5195958877));
#8478 = CARTESIAN_POINT('',(5.63091379347,2.488447485594));
#8479 = CARTESIAN_POINT('',(5.684591878247,2.445517039874));
#8480 = CARTESIAN_POINT('',(5.698538746594,2.434324987379));
#8481 = CARTESIAN_POINT('',(5.712544903815,2.423063007746));
#8482 = CARTESIAN_POINT('',(5.726613544939,2.411744242665));
#8483 = CARTESIAN_POINT('',(5.740747943855,2.400382295608));
#8484 = CARTESIAN_POINT('',(5.773851447902,2.37383363686));
#8485 = CARTESIAN_POINT('',(5.792873739793,2.358624606844));
#8486 = CARTESIAN_POINT('',(5.812026325587,2.343397145604));
#8487 = CARTESIAN_POINT('',(5.831317257471,2.328186248076));
#8488 = CARTESIAN_POINT('',(5.850754643233,2.313028900317));
#8489 = CARTESIAN_POINT('',(5.896172181839,2.278106126967));
#8490 = CARTESIAN_POINT('',(5.92226882479,2.258407191812));
#8491 = CARTESIAN_POINT('',(5.948652109467,2.238959215075));
#8492 = CARTESIAN_POINT('',(5.975338209002,2.219860517146));
#8493 = CARTESIAN_POINT('',(6.0023439353,2.201215797765));
#8494 = CARTESIAN_POINT('',(6.070036043792,2.156456290435));
#8495 = CARTESIAN_POINT('',(6.111172279212,2.130972002293));
#8496 = CARTESIAN_POINT('',(6.153066202065,2.107105673979));
#8497 = CARTESIAN_POINT('',(6.195701147921,2.085283462766));
#8498 = CARTESIAN_POINT('',(6.239072191526,2.06591975286));
#8499 = CARTESIAN_POINT('',(6.28318530718,2.049401627462));
#8500 = ( GEOMETRIC_REPRESENTATION_CONTEXT(2) 
PARAMETRIC_REPRESENTATION_CONTEXT() REPRESENTATION_CONTEXT('2D SPACE',''
  ) );
#8501 = ORIENTED_EDGE('',*,*,#8502,.T.);
#8502 = EDGE_CURVE('',#8093,#1971,#8503,.T.);
#8503 = SURFACE_CURVE('',#8504,(#8637,#8773),.PCURVE_S1.);
#8504 = B_SPLINE_CURVE_WITH_KNOTS('',6,(#8505,#8506,#8507,#8508,#8509,
    #8510,#8511,#8512,#8513,#8514,#8515,#8516,#8517,#8518,#8519,#8520,
    #8521,#8522,#8523,#8524,#8525,#8526,#8527,#8528,#8529,#8530,#8531,
    #8532,#8533,#8534,#8535,#8536,#8537,#8538,#8539,#8540,#8541,#8542,
    #8543,#8544,#8545,#8546,#8547,#8548,#8549,#8550,#8551,#8552,#8553,
    #8554,#8555,#8556,#8557,#8558,#8559,#8560,#8561,#8562,#8563,#8564,
    #8565,#8566,#8567,#8568,#8569,#8570,#8571,#8572,#8573,#8574,#8575,
    #8576,#8577,#8578,#8579,#8580,#8581,#8582,#8583,#8584,#8585,#8586,
    #8587,#8588,#8589,#8590,#8591,#8592,#8593,#8594,#8595,#8596,#8597,
    #8598,#8599,#8600,#8601,#8602,#8603,#8604,#8605,#8606,#8607,#8608,
    #8609,#8610,#8611,#8612,#8613,#8614,#8615,#8616,#8617,#8618,#8619,
    #8620,#8621,#8622,#8623,#8624,#8625,#8626,#8627,#8628,#8629,#8630,
    #8631,#8632,#8633,#8634,#8635,#8636),.UNSPECIFIED.,.T.,.F.,(7,5,5,5,
    5,5,5,5,5,5,5,5,5,5,5,5,5,5,5,5,5,5,5,5,5,5,7),(0.,
    1.121126535148E-02,3.413868883641E-02,7.178686406086E-02,
    0.12108819269,0.156344815589,0.201045875972,0.24066128215,
    0.283901516758,0.366520242952,0.410854859776,0.446687710678,
    0.474457054097,0.510411509209,0.558798036242,0.59376120158,
    0.620981968585,0.656291260168,0.701059097962,0.740733684263,
    0.784038514004,0.866780661535,0.906789785703,0.920757894149,
    0.939344650798,0.963845103596,1.),.UNSPECIFIED.);
#8505 = CARTESIAN_POINT('',(-24.6146897247,24.102914281747,8.19585332115
    ));
#8506 = CARTESIAN_POINT('',(-24.61887515732,24.099911688783,
    8.237122399312));
#8507 = CARTESIAN_POINT('',(-24.62243657761,24.096518441275,
    8.278586725518));
#8508 = CARTESIAN_POINT('',(-24.62535665462,24.092731762822,
    8.320223691078));
#8509 = CARTESIAN_POINT('',(-24.62761966259,24.088549791886,
    8.362008300382));
#8510 = CARTESIAN_POINT('',(-24.62921148099,24.083971581795,
    8.403913170891));
#8511 = CARTESIAN_POINT('',(-24.63197671786,24.068824115786,
    8.531790494247));
#8512 = CARTESIAN_POINT('',(-24.63097570208,24.056989539318,
    8.618088368636));
#8513 = CARTESIAN_POINT('',(-24.62700638716,24.043497883217,
    8.70449621097));
#8514 = CARTESIAN_POINT('',(-24.62000790066,24.028373190737,
    8.790715139573));
#8515 = CARTESIAN_POINT('',(-24.60996928764,24.01165750975,8.87645409066
    ));
#8516 = CARTESIAN_POINT('',(-24.57551909577,23.963444842732,
    9.100966944007));
#8517 = CARTESIAN_POINT('',(-24.54606291194,23.929411871152,
    9.238151858259));
#8518 = CARTESIAN_POINT('',(-24.50878053563,23.89157431897,
    9.371887674416));
#8519 = CARTESIAN_POINT('',(-24.46420233768,23.850288643371,
    9.501153897896));
#8520 = CARTESIAN_POINT('',(-24.41316099209,23.805997766108,
    9.625036545256));
#8521 = CARTESIAN_POINT('',(-24.28290137482,23.698068359344,
    9.896926174545));
#8522 = CARTESIAN_POINT('',(-24.19986001405,23.632691893393,
    10.040513776078));
#8523 = CARTESIAN_POINT('',(-24.10934386878,23.563760709856,
    10.173407249752));
#8524 = CARTESIAN_POINT('',(-24.01299140327,23.491784761639,
    10.295620485868));
#8525 = CARTESIAN_POINT('',(-23.91235310018,23.417213118312,
    10.407283039738));
#8526 = CARTESIAN_POINT('',(-23.73487168575,23.2856194416,
    10.581096501868));
#8527 = CARTESIAN_POINT('',(-23.6592972629,23.229560796987,
    10.648407885291));
#8528 = CARTESIAN_POINT('',(-23.58255000711,23.172377756704,
    10.710726504852));
#8529 = CARTESIAN_POINT('',(-23.50498088268,23.114114334358,
    10.768209572403));
#8530 = CARTESIAN_POINT('',(-23.42689323997,23.054791905933,
    10.821002899235));
#8531 = CARTESIAN_POINT('',(-23.2492080796,22.917849851777,
    10.930398799444));
#8532 = CARTESIAN_POINT('',(-23.14943726822,22.839574325075,
    10.984242708536));
#8533 = CARTESIAN_POINT('',(-23.0497933657,22.759604296664,
    11.031013178161));
#8534 = CARTESIAN_POINT('',(-22.9507689716,22.677941369562,
    11.070910561751));
#8535 = CARTESIAN_POINT('',(-22.85279142083,22.594565894693,
    11.104093826777));
#8536 = CARTESIAN_POINT('',(-22.67064715337,22.43399222217,
    11.154241882923));
#8537 = CARTESIAN_POINT('',(-22.58618177179,22.357174271806,
    11.172620843312));
#8538 = CARTESIAN_POINT('',(-22.50314697282,22.279008822802,
    11.185880755107));
#8539 = CARTESIAN_POINT('',(-22.42182806249,22.199525611547,
    11.194078605064));
#8540 = CARTESIAN_POINT('',(-22.3424767485,22.118760882892,
    11.197261668246));
#8541 = CARTESIAN_POINT('',(-22.18108077805,21.947256791491,
    11.193502800015));
#8542 = CARTESIAN_POINT('',(-22.09946016945,21.856287639833,
    11.18560785614));
#8543 = CARTESIAN_POINT('',(-22.02079306648,21.763980586303,
    11.171827227123));
#8544 = CARTESIAN_POINT('',(-21.94536580466,21.670491294761,
    11.152219515354));
#8545 = CARTESIAN_POINT('',(-21.87340314896,21.576006839027,
    11.12685027682));
#8546 = CARTESIAN_POINT('',(-21.67449506733,21.298741028271,
    11.036437512443));
#8547 = CARTESIAN_POINT('',(-21.55745296514,21.114317428557,
    10.956436477049));
#8548 = CARTESIAN_POINT('',(-21.45480041454,20.928825081381,
    10.856361971935));
#8549 = CARTESIAN_POINT('',(-21.36676686322,20.744159891648,
    10.736711116535));
#8550 = CARTESIAN_POINT('',(-21.29303160194,20.562864499007,
    10.597998593849));
#8551 = CARTESIAN_POINT('',(-21.20069989627,20.294206471833,
    10.356845818234));
#8552 = CARTESIAN_POINT('',(-21.17235401048,20.202153721263,
    10.267300773731));
#8553 = CARTESIAN_POINT('',(-21.14777452157,20.112219421975,
    10.172414496341));
#8554 = CARTESIAN_POINT('',(-21.12683766826,20.024827312513,
    10.072166050462));
#8555 = CARTESIAN_POINT('',(-21.10942609963,19.940476883627,
    9.966526085577));
#8556 = CARTESIAN_POINT('',(-21.08411291159,19.794496181225,
    9.765688464209));
#8557 = CARTESIAN_POINT('',(-21.07502665392,19.731603580129,
    9.672362917025));
#8558 = CARTESIAN_POINT('',(-21.06810830113,19.671358964176,
    9.575436494867));
#8559 = CARTESIAN_POINT('',(-21.06330560917,19.614107021924,
    9.474876845511));
#8560 = CARTESIAN_POINT('',(-21.06057267014,19.560247413661,
    9.370665015013));
#8561 = CARTESIAN_POINT('',(-21.05932242413,19.471478573228,
    9.179201728682));
#8562 = CARTESIAN_POINT('',(-21.05999481304,19.435025224594,
    9.093395365897));
#8563 = CARTESIAN_POINT('',(-21.06186775372,19.401105708176,
    9.005407251008));
#8564 = CARTESIAN_POINT('',(-21.06492224597,19.369965781481,
    8.915280129341));
#8565 = CARTESIAN_POINT('',(-21.06913938781,19.341866679056,
    8.823070317954));
#8566 = CARTESIAN_POINT('',(-21.08144472675,19.284998063504,
    8.606854215656));
#8567 = CARTESIAN_POINT('',(-21.09031827996,19.258423685616,
    8.481301972531));
#8568 = CARTESIAN_POINT('',(-21.10107218988,19.238098188661,
    8.352726982624));
#8569 = CARTESIAN_POINT('',(-21.11362616682,19.224667438679,
    8.221693547887));
#8570 = CARTESIAN_POINT('',(-21.12789110899,19.218681902467,
    8.08879517209));
#8571 = CARTESIAN_POINT('',(-21.16518709929,19.223162651825,
    7.774132299417));
#8572 = CARTESIAN_POINT('',(-21.18951722086,19.240029779351,
    7.591581601449));
#8573 = CARTESIAN_POINT('',(-21.21640941902,19.272204177226,
    7.409957437825));
#8574 = CARTESIAN_POINT('',(-21.24540981547,19.319599901538,
    7.232094973751));
#8575 = CARTESIAN_POINT('',(-21.27613093733,19.381038730051,
    7.060599927733));
#8576 = CARTESIAN_POINT('',(-21.33125924559,19.507241069965,
    6.780005962559));
#8577 = CARTESIAN_POINT('',(-21.35504240893,19.566327812146,
    6.666853770565));
#8578 = CARTESIAN_POINT('',(-21.37941545956,19.630940253637,
    6.558583366121));
#8579 = CARTESIAN_POINT('',(-21.40433320864,19.700389811836,
    6.45547156331));
#8580 = CARTESIAN_POINT('',(-21.42975586207,19.7739261862,6.35773701985)
  );
#8581 = CARTESIAN_POINT('',(-21.47577678442,19.910547356358,
    6.193754007979));
#8582 = CARTESIAN_POINT('',(-21.49621804257,19.972404051774,
    6.12524943286));
#8583 = CARTESIAN_POINT('',(-21.516967939,20.036047369266,6.059980525419
    ));
#8584 = CARTESIAN_POINT('',(-21.53804354334,20.101230543874,
    5.997899212148));
#8585 = CARTESIAN_POINT('',(-21.55946474233,20.167724947971,
    5.938952346072));
#8586 = CARTESIAN_POINT('',(-21.60951517361,20.323001273164,
    5.810610140433));
#8587 = CARTESIAN_POINT('',(-21.63840101223,20.412553902116,
    5.743298757009));
#8588 = CARTESIAN_POINT('',(-21.66797613816,20.503577818166,
    5.680980137448));
#8589 = CARTESIAN_POINT('',(-21.69831132051,20.595726459829,
    5.623497069897));
#8590 = CARTESIAN_POINT('',(-21.7294835151,20.688705622781,
    5.570703743065));
#8591 = CARTESIAN_POINT('',(-21.80226773248,20.900902701249,
    5.461307842856));
#8592 = CARTESIAN_POINT('',(-21.84444554084,21.020494947513,
    5.407463933764));
#8593 = CARTESIAN_POINT('',(-21.88826916591,21.140509957566,
    5.360693464139));
#8594 = CARTESIAN_POINT('',(-21.93389493625,21.260480593021,
    5.320796080549));
#8595 = CARTESIAN_POINT('',(-21.98147839867,21.380008348663,
    5.287612815524));
#8596 = CARTESIAN_POINT('',(-22.07521927453,21.604001845598,
    5.237464759377));
#8597 = CARTESIAN_POINT('',(-22.12092078792,21.708628657919,
    5.219085798988));
#8598 = CARTESIAN_POINT('',(-22.16835715754,21.812332110591,
    5.205825887194));
#8599 = CARTESIAN_POINT('',(-22.21759163756,21.914832413155,
    5.197628037236));
#8600 = CARTESIAN_POINT('',(-22.26867055073,22.015879516311,
    5.194444974055));
#8601 = CARTESIAN_POINT('',(-22.37941400154,22.223721284842,
    5.198203842286));
#8602 = CARTESIAN_POINT('',(-22.43943209184,22.330187895283,
    5.20609878616));
#8603 = CARTESIAN_POINT('',(-22.50166394824,22.434285451789,
    5.219879415177));
#8604 = CARTESIAN_POINT('',(-22.5660538675,22.535692836903,
    5.239487126946));
#8605 = CARTESIAN_POINT('',(-22.6324966632,22.634137192208,5.26485636548
    ));
#8606 = CARTESIAN_POINT('',(-22.83140474482,22.911403002963,
    5.355269129857));
#8607 = CARTESIAN_POINT('',(-22.96859906925,23.08136957368,
    5.435270165251));
#8608 = CARTESIAN_POINT('',(-23.11141672808,23.238047821476,
    5.535344670364));
#8609 = CARTESIAN_POINT('',(-23.25813531118,23.380612879717,
    5.654995525766));
#8610 = CARTESIAN_POINT('',(-23.40624348551,23.508553791256,
    5.793708048451));
#8611 = CARTESIAN_POINT('',(-23.62338008247,23.676110030833,
    6.026531020981));
#8612 = CARTESIAN_POINT('',(-23.69381156827,23.727267750911,
    6.106748814834));
#8613 = CARTESIAN_POINT('',(-23.76362461409,23.774976504711,
    6.191304363246));
#8614 = CARTESIAN_POINT('',(-23.83249887038,23.819223264422,
    6.280209765748));
#8615 = CARTESIAN_POINT('',(-23.9000693885,23.859976236687,6.3734831254)
  );
#8616 = CARTESIAN_POINT('',(-23.98891697741,23.910175624925,
    6.505244962072));
#8617 = CARTESIAN_POINT('',(-24.01170104273,23.922734851499,
    6.539879208877));
#8618 = CARTESIAN_POINT('',(-24.03426037881,23.93486085655,
    6.575052575132));
#8619 = CARTESIAN_POINT('',(-24.0565770907,23.946551240657,
    6.610767016931));
#8620 = CARTESIAN_POINT('',(-24.07863240123,23.957803166817,
    6.647024538187));
#8621 = CARTESIAN_POINT('',(-24.12938070152,23.982998016666,
    6.732798885523));
#8622 = CARTESIAN_POINT('',(-24.15785688568,23.996600438553,
    6.782735492414));
#8623 = CARTESIAN_POINT('',(-24.18578909246,24.009412969503,
    6.833642282286));
#8624 = CARTESIAN_POINT('',(-24.21312751368,24.021426215025,
    6.885523427515));
#8625 = CARTESIAN_POINT('',(-24.2398186439,24.032629042729,
    6.938382001876));
#8626 = CARTESIAN_POINT('',(-24.30006001213,24.056690550891,
    7.063187437636));
#8627 = CARTESIAN_POINT('',(-24.33309364488,24.068943181737,
    7.135862761102));
#8628 = CARTESIAN_POINT('',(-24.36477044711,24.079735001508,
    7.210242703557));
#8629 = CARTESIAN_POINT('',(-24.39494370008,24.089030165433,
    7.286317272086));
#8630 = CARTESIAN_POINT('',(-24.4234556979,24.096788457329,
    7.364069728247));
#8631 = CARTESIAN_POINT('',(-24.4895119888,24.112080334656,
    7.560655924062));
#8632 = CARTESIAN_POINT('',(-24.52495266436,24.117763250452,
    7.681590651253));
#8633 = CARTESIAN_POINT('',(-24.55580994547,24.119832862048,
    7.805959264277));
#8634 = CARTESIAN_POINT('',(-24.5814508067,24.118137858902,
    7.933400999803));
#8635 = CARTESIAN_POINT('',(-24.60126811599,24.112542827129,
    8.063513974189));
#8636 = CARTESIAN_POINT('',(-24.6146897247,24.102914281747,8.19585332115
    ));
#8637 = PCURVE('',#2180,#8638);
#8638 = DEFINITIONAL_REPRESENTATION('',(#8639),#8772);
#8639 = B_SPLINE_CURVE_WITH_KNOTS('',6,(#8640,#8641,#8642,#8643,#8644,
    #8645,#8646,#8647,#8648,#8649,#8650,#8651,#8652,#8653,#8654,#8655,
    #8656,#8657,#8658,#8659,#8660,#8661,#8662,#8663,#8664,#8665,#8666,
    #8667,#8668,#8669,#8670,#8671,#8672,#8673,#8674,#8675,#8676,#8677,
    #8678,#8679,#8680,#8681,#8682,#8683,#8684,#8685,#8686,#8687,#8688,
    #8689,#8690,#8691,#8692,#8693,#8694,#8695,#8696,#8697,#8698,#8699,
    #8700,#8701,#8702,#8703,#8704,#8705,#8706,#8707,#8708,#8709,#8710,
    #8711,#8712,#8713,#8714,#8715,#8716,#8717,#8718,#8719,#8720,#8721,
    #8722,#8723,#8724,#8725,#8726,#8727,#8728,#8729,#8730,#8731,#8732,
    #8733,#8734,#8735,#8736,#8737,#8738,#8739,#8740,#8741,#8742,#8743,
    #8744,#8745,#8746,#8747,#8748,#8749,#8750,#8751,#8752,#8753,#8754,
    #8755,#8756,#8757,#8758,#8759,#8760,#8761,#8762,#8763,#8764,#8765,
    #8766,#8767,#8768,#8769,#8770,#8771),.UNSPECIFIED.,.T.,.F.,(7,5,5,5,
    5,5,5,5,5,5,5,5,5,5,5,5,5,5,5,5,5,5,5,5,5,5,7),(0.,
    1.121126535148E-02,3.413868883641E-02,7.178686406086E-02,
    0.12108819269,0.156344815589,0.201045875972,0.24066128215,
    0.283901516758,0.366520242952,0.410854859776,0.446687710678,
    0.474457054097,0.510411509209,0.558798036242,0.59376120158,
    0.620981968585,0.656291260168,0.701059097962,0.740733684263,
    0.784038514004,0.866780661535,0.906789785703,0.920757894149,
    0.939344650798,0.963845103596,1.),.UNSPECIFIED.);
#8640 = CARTESIAN_POINT('',(3.01317981811,34.899934652928));
#8641 = CARTESIAN_POINT('',(3.019883773038,34.910504506407));
#8642 = CARTESIAN_POINT('',(3.026641798848,34.920465923725));
#8643 = CARTESIAN_POINT('',(3.033451087483,34.929801168259));
#8644 = CARTESIAN_POINT('',(3.040308431149,34.938493515097));
#8645 = CARTESIAN_POINT('',(3.047210222305,34.946527251034));
#8646 = CARTESIAN_POINT('',(3.068349555733,34.968939994035));
#8647 = CARTESIAN_POINT('',(3.082721963167,34.981183302543));
#8648 = CARTESIAN_POINT('',(3.097226950658,34.990480713759));
#8649 = CARTESIAN_POINT('',(3.111822108234,34.996740262936));
#8650 = CARTESIAN_POINT('',(3.126464980225,34.999914255876));
#8651 = CARTESIAN_POINT('',(3.165165126872,35.000137145273));
#8652 = CARTESIAN_POINT('',(3.189179679157,34.991944757345));
#8653 = CARTESIAN_POINT('',(3.212989936734,34.97547094573));
#8654 = CARTESIAN_POINT('',(3.236430721552,34.951033160587));
#8655 = CARTESIAN_POINT('',(3.259336794924,34.91921438134));
#8656 = CARTESIAN_POINT('',(3.310626387332,34.830682506691));
#8657 = CARTESIAN_POINT('',(3.338507375513,34.769318303408));
#8658 = CARTESIAN_POINT('',(3.365126094671,34.698211333867));
#8659 = CARTESIAN_POINT('',(3.390428246774,34.618688908131));
#8660 = CARTESIAN_POINT('',(3.414367464823,34.53201056591));
#8661 = CARTESIAN_POINT('',(3.453023960176,34.373164788345));
#8662 = CARTESIAN_POINT('',(3.468451763163,34.303790597668));
#8663 = CARTESIAN_POINT('',(3.483197197482,34.231593667246));
#8664 = CARTESIAN_POINT('',(3.497266448234,34.156846588178));
#8665 = CARTESIAN_POINT('',(3.510664707276,34.079774422468));
#8666 = CARTESIAN_POINT('',(3.539539376458,33.90011438056));
#8667 = CARTESIAN_POINT('',(3.554613468987,33.796207140983));
#8668 = CARTESIAN_POINT('',(3.568621431469,33.68922883529));
#8669 = CARTESIAN_POINT('',(3.581559669537,33.579509599716));
#8670 = CARTESIAN_POINT('',(3.59341994045,33.46731550422));
#8671 = CARTESIAN_POINT('',(3.613736103408,33.251407206962));
#8672 = CARTESIAN_POINT('',(3.622425258049,33.148185575523));
#8673 = CARTESIAN_POINT('',(3.630243020249,33.043400560465));
#8674 = CARTESIAN_POINT('',(3.637174563691,32.937250873239));
#8675 = CARTESIAN_POINT('',(3.643205775977,32.829918918411));
#8676 = CARTESIAN_POINT('',(3.653909782096,32.603309750808));
#8677 = CARTESIAN_POINT('',(3.658407378667,32.483846903699));
#8678 = CARTESIAN_POINT('',(3.661795300992,32.363489973043));
#8679 = CARTESIAN_POINT('',(3.664059169508,32.242537572123));
#8680 = CARTESIAN_POINT('',(3.665191429188,32.121280072835));
#8681 = CARTESIAN_POINT('',(3.665191429188,31.768271258904));
#8682 = CARTESIAN_POINT('',(3.661057862927,31.536979318154));
#8683 = CARTESIAN_POINT('',(3.652819117654,31.307814726783));
#8684 = CARTESIAN_POINT('',(3.640560132263,31.082523204816));
#8685 = CARTESIAN_POINT('',(3.624426285661,30.863052945241));
#8686 = CARTESIAN_POINT('',(3.593985254808,30.538249448209));
#8687 = CARTESIAN_POINT('',(3.582285687949,30.427041683007));
#8688 = CARTESIAN_POINT('',(3.569528529049,30.3182520593));
#8689 = CARTESIAN_POINT('',(3.555721997633,30.212138299386));
#8690 = CARTESIAN_POINT('',(3.540869869815,30.109019080876));
#8691 = CARTESIAN_POINT('',(3.512119472888,29.928658881626));
#8692 = CARTESIAN_POINT('',(3.498582991726,29.850238406748));
#8693 = CARTESIAN_POINT('',(3.484355864329,29.774197035328));
#8694 = CARTESIAN_POINT('',(3.469432734487,29.700767774385));
#8695 = CARTESIAN_POINT('',(3.453807162734,29.630233809494));
#8696 = CARTESIAN_POINT('',(3.424811029933,29.510769445213));
#8697 = CARTESIAN_POINT('',(3.411721933537,29.460539781148));
#8698 = CARTESIAN_POINT('',(3.398204693238,29.412417957526));
#8699 = CARTESIAN_POINT('',(3.384261014783,29.366597243123));
#8700 = CARTESIAN_POINT('',(3.369893129678,29.323286594301));
#8701 = CARTESIAN_POINT('',(3.335954737905,29.230176208243));
#8702 = CARTESIAN_POINT('',(3.316069942918,29.18214717982));
#8703 = CARTESIAN_POINT('',(3.295513814807,29.139311574951));
#8704 = CARTESIAN_POINT('',(3.274353119892,29.102275968881));
#8705 = CARTESIAN_POINT('',(3.252656877292,29.071574520704));
#8706 = CARTESIAN_POINT('',(3.200673606803,29.015517258404));
#8707 = CARTESIAN_POINT('',(3.170046664769,28.995719515764));
#8708 = CARTESIAN_POINT('',(3.139029804902,28.989625598084));
#8709 = CARTESIAN_POINT('',(3.108035319186,28.997638401123));
#8710 = CARTESIAN_POINT('',(3.077475570476,29.019281557117));
#8711 = CARTESIAN_POINT('',(3.026295656496,29.077602435415));
#8712 = CARTESIAN_POINT('',(3.005280574731,29.108431678109));
#8713 = CARTESIAN_POINT('',(2.984782391122,29.145183709905));
#8714 = CARTESIAN_POINT('',(2.964862259966,29.187363128688));
#8715 = CARTESIAN_POINT('',(2.945579288737,29.234414201567));
#8716 = CARTESIAN_POINT('',(2.912518254856,29.325653157097));
#8717 = CARTESIAN_POINT('',(2.898451349831,29.368210140514));
#8718 = CARTESIAN_POINT('',(2.884792207175,29.413173028522));
#8719 = CARTESIAN_POINT('',(2.871542879257,29.460345308583));
#8720 = CARTESIAN_POINT('',(2.858704935142,29.509545001798));
#8721 = CARTESIAN_POINT('',(2.830161347004,29.626835211655));
#8722 = CARTESIAN_POINT('',(2.814733544016,29.696209402332));
#8723 = CARTESIAN_POINT('',(2.799988109697,29.768406332754));
#8724 = CARTESIAN_POINT('',(2.785918858945,29.843153411822));
#8725 = CARTESIAN_POINT('',(2.772520599904,29.920225577532));
#8726 = CARTESIAN_POINT('',(2.743645930721,30.09988561944));
#8727 = CARTESIAN_POINT('',(2.728571838193,30.203792859017));
#8728 = CARTESIAN_POINT('',(2.714563875711,30.31077116471));
#8729 = CARTESIAN_POINT('',(2.701625637643,30.420490400284));
#8730 = CARTESIAN_POINT('',(2.68976536673,30.532684495781));
#8731 = CARTESIAN_POINT('',(2.669449203771,30.748592793039));
#8732 = CARTESIAN_POINT('',(2.660760049131,30.851814424477));
#8733 = CARTESIAN_POINT('',(2.652942286931,30.956599439535));
#8734 = CARTESIAN_POINT('',(2.646010743489,31.062749126762));
#8735 = CARTESIAN_POINT('',(2.639979531203,31.17008108159));
#8736 = CARTESIAN_POINT('',(2.629275525084,31.396690249193));
#8737 = CARTESIAN_POINT('',(2.624777928513,31.516153096302));
#8738 = CARTESIAN_POINT('',(2.621390006187,31.636510026957));
#8739 = CARTESIAN_POINT('',(2.619126137672,31.757462427877));
#8740 = CARTESIAN_POINT('',(2.617993877991,31.878719927165));
#8741 = CARTESIAN_POINT('',(2.617993877991,32.231728741096));
#8742 = CARTESIAN_POINT('',(2.622127444253,32.463020681847));
#8743 = CARTESIAN_POINT('',(2.630366189526,32.692185273216));
#8744 = CARTESIAN_POINT('',(2.642625174917,32.917476795184));
#8745 = CARTESIAN_POINT('',(2.658759021519,33.136947054758));
#8746 = CARTESIAN_POINT('',(2.688148570414,33.450531318818));
#8747 = CARTESIAN_POINT('',(2.698596258764,33.550943516914));
#8748 = CARTESIAN_POINT('',(2.709903862247,33.649409291206));
#8749 = CARTESIAN_POINT('',(2.722064817064,33.745741002377));
#8750 = CARTESIAN_POINT('',(2.735075405983,33.839712679597));
#8751 = CARTESIAN_POINT('',(2.753774409973,33.962950479116));
#8752 = CARTESIAN_POINT('',(2.758717123054,33.994523506243));
#8753 = CARTESIAN_POINT('',(2.763763791898,34.025767718071));
#8754 = CARTESIAN_POINT('',(2.768914608013,34.056671647831));
#8755 = CARTESIAN_POINT('',(2.774169824984,34.087223000192));
#8756 = CARTESIAN_POINT('',(2.786661989718,34.157575389152));
#8757 = CARTESIAN_POINT('',(2.793979597457,34.197094335471));
#8758 = CARTESIAN_POINT('',(2.801483382608,34.235934844561));
#8759 = CARTESIAN_POINT('',(2.809174206699,34.274062541114));
#8760 = CARTESIAN_POINT('',(2.817052991866,34.311439320172));
#8761 = CARTESIAN_POINT('',(2.83575533652,34.396247211168));
#8762 = CARTESIAN_POINT('',(2.84671920734,34.443097795034));
#8763 = CARTESIAN_POINT('',(2.858013394352,34.488473066704));
#8764 = CARTESIAN_POINT('',(2.8696388092,34.532259642155));
#8765 = CARTESIAN_POINT('',(2.881596214136,34.574332785358));
#8766 = CARTESIAN_POINT('',(2.912022375068,34.673913716153));
#8767 = CARTESIAN_POINT('',(2.930906542593,34.729320712421));
#8768 = CARTESIAN_POINT('',(2.950503673866,34.780186596));
#8769 = CARTESIAN_POINT('',(2.970775685013,34.825943435677));
#8770 = CARTESIAN_POINT('',(2.991681954412,34.866039844294));
#8771 = CARTESIAN_POINT('',(3.01317981811,34.899934652928));
#8772 = ( GEOMETRIC_REPRESENTATION_CONTEXT(2) 
PARAMETRIC_REPRESENTATION_CONTEXT() REPRESENTATION_CONTEXT('2D SPACE',''
  ) );
#8773 = PCURVE('',#2555,#8774);
#8774 = DEFINITIONAL_REPRESENTATION('',(#8775),#8908);
#8775 = B_SPLINE_CURVE_WITH_KNOTS('',6,(#8776,#8777,#8778,#8779,#8780,
    #8781,#8782,#8783,#8784,#8785,#8786,#8787,#8788,#8789,#8790,#8791,
    #8792,#8793,#8794,#8795,#8796,#8797,#8798,#8799,#8800,#8801,#8802,
    #8803,#8804,#8805,#8806,#8807,#8808,#8809,#8810,#8811,#8812,#8813,
    #8814,#8815,#8816,#8817,#8818,#8819,#8820,#8821,#8822,#8823,#8824,
    #8825,#8826,#8827,#8828,#8829,#8830,#8831,#8832,#8833,#8834,#8835,
    #8836,#8837,#8838,#8839,#8840,#8841,#8842,#8843,#8844,#8845,#8846,
    #8847,#8848,#8849,#8850,#8851,#8852,#8853,#8854,#8855,#8856,#8857,
    #8858,#8859,#8860,#8861,#8862,#8863,#8864,#8865,#8866,#8867,#8868,
    #8869,#8870,#8871,#8872,#8873,#8874,#8875,#8876,#8877,#8878,#8879,
    #8880,#8881,#8882,#8883,#8884,#8885,#8886,#8887,#8888,#8889,#8890,
    #8891,#8892,#8893,#8894,#8895,#8896,#8897,#8898,#8899,#8900,#8901,
    #8902,#8903,#8904,#8905,#8906,#8907),.UNSPECIFIED.,.F.,.F.,(7,5,5,5,
    5,5,5,5,5,5,5,5,5,5,5,5,5,5,5,5,5,5,5,5,5,5,7),(0.,
    1.121126535148E-02,3.413868883641E-02,7.178686406086E-02,
    0.12108819269,0.156344815589,0.201045875972,0.24066128215,
    0.283901516758,0.366520242952,0.410854859776,0.446687710678,
    0.474457054097,0.510411509209,0.558798036242,0.59376120158,
    0.620981968585,0.656291260168,0.701059097962,0.740733684263,
    0.784038514004,0.866780661535,0.906789785703,0.920757894149,
    0.939344650798,0.963845103596,1.),.UNSPECIFIED.);
#8776 = CARTESIAN_POINT('',(-8.881784197001E-16,2.049401627462));
#8777 = CARTESIAN_POINT('',(1.375635938736E-02,2.044250568281));
#8778 = CARTESIAN_POINT('',(2.757779200816E-02,2.039378827369));
#8779 = CARTESIAN_POINT('',(4.146147468958E-02,2.034798868414));
#8780 = CARTESIAN_POINT('',(5.540396849159E-02,2.030522384084));
#8781 = CARTESIAN_POINT('',(6.940121870688E-02,2.026560296031));
#8782 = CARTESIAN_POINT('',(0.112175840742,2.015483858068));
#8783 = CARTESIAN_POINT('',(0.14112508243,2.009398753856));
#8784 = CARTESIAN_POINT('',(0.170239008064,2.004759581461));
#8785 = CARTESIAN_POINT('',(0.199464745762,2.001629817076));
#8786 = CARTESIAN_POINT('',(0.228751246026,2.000042872047));
#8787 = CARTESIAN_POINT('',(0.306151566065,1.999931427387));
#8788 = CARTESIAN_POINT('',(0.354178673214,2.004027616303));
#8789 = CARTESIAN_POINT('',(0.401945573436,2.01226516598));
#8790 = CARTESIAN_POINT('',(0.449269429076,2.024420911505));
#8791 = CARTESIAN_POINT('',(0.495950005925,2.040076455995));
#8792 = CARTESIAN_POINT('',(0.601726226902,2.083004476339));
#8793 = CARTESIAN_POINT('',(0.660185783079,2.112370301479));
#8794 = CARTESIAN_POINT('',(0.717223388808,2.145737602064));
#8795 = CARTESIAN_POINT('',(0.772901295376,2.182072318771));
#8796 = CARTESIAN_POINT('',(0.827253533165,2.220376391334));
#8797 = CARTESIAN_POINT('',(0.918218088175,2.28787983882));
#8798 = CARTESIAN_POINT('',(0.955534554151,2.316609922723));
#8799 = CARTESIAN_POINT('',(0.992299583542,2.345637559157));
#8800 = CARTESIAN_POINT('',(1.028567442069,2.374703232091));
#8801 = CARTESIAN_POINT('',(1.06439117183,2.403572917976));
#8802 = CARTESIAN_POINT('',(1.144755428508,2.468124305494));
#8803 = CARTESIAN_POINT('',(1.189067030502,2.503564485068));
#8804 = CARTESIAN_POINT('',(1.23285886091,2.537913807945));
#8805 = CARTESIAN_POINT('',(1.276216907303,2.570772952559));
#8806 = CARTESIAN_POINT('',(1.319224978352,2.601783239342));
#8807 = CARTESIAN_POINT('',(1.399858551154,2.656182765479));
#8808 = CARTESIAN_POINT('',(1.437537739753,2.680036330622));
#8809 = CARTESIAN_POINT('',(1.47504618773,2.701942025109));
#8810 = CARTESIAN_POINT('',(1.512418257412,2.721685360444));
#8811 = CARTESIAN_POINT('',(1.549689322916,2.73908294191));
#8812 = CARTESIAN_POINT('',(1.627510282391,2.770252255845));
#8813 = CARTESIAN_POINT('',(1.66804512704,2.783545487448));
#8814 = CARTESIAN_POINT('',(1.708520705293,2.793659009217));
#8815 = CARTESIAN_POINT('',(1.748957058599,2.800450900274));
#8816 = CARTESIAN_POINT('',(1.789376238839,2.803847577293));
#8817 = CARTESIAN_POINT('',(1.907045843483,2.803847577293));
#8818 = CARTESIAN_POINT('',(1.984143084382,2.791446793562));
#8819 = CARTESIAN_POINT('',(2.061361159571,2.766730967448));
#8820 = CARTESIAN_POINT('',(2.138930735282,2.730618801816));
#8821 = CARTESIAN_POINT('',(2.21706873141,2.684853009873));
#8822 = CARTESIAN_POINT('',(2.33826722369,2.603273172629));
#8823 = CARTESIAN_POINT('',(2.380845166261,2.572647015818));
#8824 = CARTESIAN_POINT('',(2.423763480632,2.540195379409));
#8825 = CARTESIAN_POINT('',(2.467103249999,2.50626582472));
#8826 = CARTESIAN_POINT('',(2.510947628438,2.471244860935));
#8827 = CARTESIAN_POINT('',(2.591310244166,2.406719493369));
#8828 = CARTESIAN_POINT('',(2.627625107478,2.377441832799));
#8829 = CARTESIAN_POINT('',(2.664393613967,2.347946197974));
#8830 = CARTESIAN_POINT('',(2.701671105216,2.318475960874));
#8831 = CARTESIAN_POINT('',(2.739514210015,2.289301388549));
#8832 = CARTESIAN_POINT('',(2.8077998125,2.238573205073));
#8833 = CARTESIAN_POINT('',(2.837996853008,2.216777919357));
#8834 = CARTESIAN_POINT('',(2.868594298396,2.195484130159));
#8835 = CARTESIAN_POINT('',(2.89961022123,2.174850529864));
#8836 = CARTESIAN_POINT('',(2.931064392595,2.155044752709));
#8837 = CARTESIAN_POINT('',(3.004301555096,2.111897030265));
#8838 = CARTESIAN_POINT('',(3.046458896589,2.089196514702));
#8839 = CARTESIAN_POINT('',(3.089369336695,2.068610659308));
#8840 = CARTESIAN_POINT('',(3.132971751055,2.050581182905));
#8841 = CARTESIAN_POINT('',(3.177220354224,2.035501355554));
#8842 = CARTESIAN_POINT('',(3.282448631931,2.007808800924));
#8843 = CARTESIAN_POINT('',(3.343849216443,1.997871627981));
#8844 = CARTESIAN_POINT('',(3.405711554278,1.994775398246));
#8845 = CARTESIAN_POINT('',(3.467547497724,1.998838807807));
#8846 = CARTESIAN_POINT('',(3.528867019919,2.009689898191));
#8847 = CARTESIAN_POINT('',(3.632614252181,2.038460376876));
#8848 = CARTESIAN_POINT('',(3.67554223827,2.053577774291));
#8849 = CARTESIAN_POINT('',(3.717848605989,2.071436839365));
#8850 = CARTESIAN_POINT('',(3.759494235782,2.091672909537));
#8851 = CARTESIAN_POINT('',(3.800426503895,2.113880962948));
#8852 = CARTESIAN_POINT('',(3.87183235433,2.156124759243));
#8853 = CARTESIAN_POINT('',(3.902647939114,2.175572210016));
#8854 = CARTESIAN_POINT('',(3.933042777647,2.195810316457));
#8855 = CARTESIAN_POINT('',(3.963035551552,2.216681367602));
#8856 = CARTESIAN_POINT('',(3.992643380377,2.238035935865));
#8857 = CARTESIAN_POINT('',(4.059810741765,2.28787983882));
#8858 = CARTESIAN_POINT('',(4.097127207741,2.316609922723));
#8859 = CARTESIAN_POINT('',(4.133892237131,2.345637559157));
#8860 = CARTESIAN_POINT('',(4.170160095659,2.374703232092));
#8861 = CARTESIAN_POINT('',(4.205983825419,2.403572917976));
#8862 = CARTESIAN_POINT('',(4.286348082097,2.468124305494));
#8863 = CARTESIAN_POINT('',(4.330659684092,2.503564485068));
#8864 = CARTESIAN_POINT('',(4.3744515145,2.537913807945));
#8865 = CARTESIAN_POINT('',(4.417809560893,2.57077295256));
#8866 = CARTESIAN_POINT('',(4.460817631942,2.601783239342));
#8867 = CARTESIAN_POINT('',(4.541451204744,2.65618276548));
#8868 = CARTESIAN_POINT('',(4.579130393343,2.680036330622));
#8869 = CARTESIAN_POINT('',(4.61663884132,2.701942025109));
#8870 = CARTESIAN_POINT('',(4.654010911002,2.721685360444));
#8871 = CARTESIAN_POINT('',(4.691281976506,2.73908294191));
#8872 = CARTESIAN_POINT('',(4.769102935981,2.770252255845));
#8873 = CARTESIAN_POINT('',(4.80963778063,2.783545487448));
#8874 = CARTESIAN_POINT('',(4.850113358883,2.793659009217));
#8875 = CARTESIAN_POINT('',(4.890549712189,2.800450900274));
#8876 = CARTESIAN_POINT('',(4.930968892429,2.803847577293));
#8877 = CARTESIAN_POINT('',(5.048638497072,2.803847577293));
#8878 = CARTESIAN_POINT('',(5.125735737972,2.791446793562));
#8879 = CARTESIAN_POINT('',(5.20295381316,2.766730967449));
#8880 = CARTESIAN_POINT('',(5.280523388872,2.730618801816));
#8881 = CARTESIAN_POINT('',(5.358661385,2.684853009873));
#8882 = CARTESIAN_POINT('',(5.475673487252,2.606091070861));
#8883 = CARTESIAN_POINT('',(5.514019813994,2.578683032526));
#8884 = CARTESIAN_POINT('',(5.552636026748,2.549767070718));
#8885 = CARTESIAN_POINT('',(5.591580723912,2.5195958877));
#8886 = CARTESIAN_POINT('',(5.63091379347,2.488447485594));
#8887 = CARTESIAN_POINT('',(5.684591878247,2.445517039874));
#8888 = CARTESIAN_POINT('',(5.698538746594,2.434324987379));
#8889 = CARTESIAN_POINT('',(5.712544903815,2.423063007746));
#8890 = CARTESIAN_POINT('',(5.726613544939,2.411744242665));
#8891 = CARTESIAN_POINT('',(5.740747943855,2.400382295608));
#8892 = CARTESIAN_POINT('',(5.773851447902,2.37383363686));
#8893 = CARTESIAN_POINT('',(5.792873739793,2.358624606844));
#8894 = CARTESIAN_POINT('',(5.812026325587,2.343397145604));
#8895 = CARTESIAN_POINT('',(5.831317257471,2.328186248076));
#8896 = CARTESIAN_POINT('',(5.850754643233,2.313028900317));
#8897 = CARTESIAN_POINT('',(5.896172181839,2.278106126967));
#8898 = CARTESIAN_POINT('',(5.92226882479,2.258407191812));
#8899 = CARTESIAN_POINT('',(5.948652109467,2.238959215075));
#8900 = CARTESIAN_POINT('',(5.975338209002,2.219860517146));
#8901 = CARTESIAN_POINT('',(6.0023439353,2.201215797765));
#8902 = CARTESIAN_POINT('',(6.070036043792,2.156456290435));
#8903 = CARTESIAN_POINT('',(6.111172279212,2.130972002293));
#8904 = CARTESIAN_POINT('',(6.153066202065,2.107105673979));
#8905 = CARTESIAN_POINT('',(6.195701147921,2.085283462766));
#8906 = CARTESIAN_POINT('',(6.239072191526,2.06591975286));
#8907 = CARTESIAN_POINT('',(6.28318530718,2.049401627462));
#8908 = ( GEOMETRIC_REPRESENTATION_CONTEXT(2) 
PARAMETRIC_REPRESENTATION_CONTEXT() REPRESENTATION_CONTEXT('2D SPACE',''
  ) );
#8909 = ADVANCED_FACE('',(#8910),#2555,.F.);
#8910 = FACE_BOUND('',#8911,.F.);
#8911 = EDGE_LOOP('',(#8912,#8913,#8936,#8965,#9200,#9222,#9223,#9224,
    #9225,#9226,#9247,#9248,#9249,#9272,#9301,#9429,#9451,#9452,#9453,
    #9454,#9455));
#8912 = ORIENTED_EDGE('',*,*,#5277,.T.);
#8913 = ORIENTED_EDGE('',*,*,#8914,.T.);
#8914 = EDGE_CURVE('',#5278,#8915,#8917,.T.);
#8915 = VERTEX_POINT('',#8916);
#8916 = CARTESIAN_POINT('',(-13.27929492784,32.234827940363,
    8.19585332115));
#8917 = SEAM_CURVE('',#8918,(#8922,#8929),.PCURVE_S1.);
#8918 = LINE('',#8919,#8920);
#8919 = CARTESIAN_POINT('',(-26.27990693792,22.908301933136,
    8.19585332115));
#8920 = VECTOR('',#8921,1.);
#8921 = DIRECTION('',(0.81253825063,0.582907875452,0.));
#8922 = PCURVE('',#2555,#8923);
#8923 = DEFINITIONAL_REPRESENTATION('',(#8924),#8928);
#8924 = LINE('',#8925,#8926);
#8925 = CARTESIAN_POINT('',(0.,-0.));
#8926 = VECTOR('',#8927,1.);
#8927 = DIRECTION('',(0.,1.));
#8928 = ( GEOMETRIC_REPRESENTATION_CONTEXT(2) 
PARAMETRIC_REPRESENTATION_CONTEXT() REPRESENTATION_CONTEXT('2D SPACE',''
  ) );
#8929 = PCURVE('',#2555,#8930);
#8930 = DEFINITIONAL_REPRESENTATION('',(#8931),#8935);
#8931 = LINE('',#8932,#8933);
#8932 = CARTESIAN_POINT('',(6.28318530718,-0.));
#8933 = VECTOR('',#8934,1.);
#8934 = DIRECTION('',(0.,1.));
#8935 = ( GEOMETRIC_REPRESENTATION_CONTEXT(2) 
PARAMETRIC_REPRESENTATION_CONTEXT() REPRESENTATION_CONTEXT('2D SPACE',''
  ) );
#8936 = ORIENTED_EDGE('',*,*,#8937,.F.);
#8937 = EDGE_CURVE('',#8938,#8915,#8940,.T.);
#8938 = VERTEX_POINT('',#8939);
#8939 = CARTESIAN_POINT('',(-11.53367067763,29.801533530978,
    5.195858033069));
#8940 = SURFACE_CURVE('',#8941,(#8946,#8953),.PCURVE_S1.);
#8941 = CIRCLE('',#8942,3.);
#8942 = AXIS2_PLACEMENT_3D('',#8943,#8944,#8945);
#8943 = CARTESIAN_POINT('',(-11.53057130149,29.797213188474,
    8.19585332115));
#8944 = DIRECTION('',(0.81253825063,0.582907875452,-0.));
#8945 = DIRECTION('',(-0.582907875452,0.81253825063,0.));
#8946 = PCURVE('',#2555,#8947);
#8947 = DEFINITIONAL_REPRESENTATION('',(#8948),#8952);
#8948 = LINE('',#8949,#8950);
#8949 = CARTESIAN_POINT('',(0.,16.));
#8950 = VECTOR('',#8951,1.);
#8951 = DIRECTION('',(1.,0.));
#8952 = ( GEOMETRIC_REPRESENTATION_CONTEXT(2) 
PARAMETRIC_REPRESENTATION_CONTEXT() REPRESENTATION_CONTEXT('2D SPACE',''
  ) );
#8953 = PCURVE('',#8954,#8959);
#8954 = PLANE('',#8955);
#8955 = AXIS2_PLACEMENT_3D('',#8956,#8957,#8958);
#8956 = CARTESIAN_POINT('',(-11.53057130149,29.797213188474,
    8.19585332115));
#8957 = DIRECTION('',(0.81253825063,0.582907875452,-0.));
#8958 = DIRECTION('',(-0.582907875452,0.81253825063,0.));
#8959 = DEFINITIONAL_REPRESENTATION('',(#8960),#8964);
#8960 = CIRCLE('',#8961,3.);
#8961 = AXIS2_PLACEMENT_2D('',#8962,#8963);
#8962 = CARTESIAN_POINT('',(0.,0.));
#8963 = DIRECTION('',(1.,0.));
#8964 = ( GEOMETRIC_REPRESENTATION_CONTEXT(2) 
PARAMETRIC_REPRESENTATION_CONTEXT() REPRESENTATION_CONTEXT('2D SPACE',''
  ) );
#8965 = ORIENTED_EDGE('',*,*,#8966,.F.);
#8966 = EDGE_CURVE('',#8967,#8938,#8969,.T.);
#8967 = VERTEX_POINT('',#8968);
#8968 = CARTESIAN_POINT('',(-9.784947282481,27.363919101368,
    8.017312933836));
#8969 = SURFACE_CURVE('',#8970,(#9043,#9119),.PCURVE_S1.);
#8970 = B_SPLINE_CURVE_WITH_KNOTS('',6,(#8971,#8972,#8973,#8974,#8975,
    #8976,#8977,#8978,#8979,#8980,#8981,#8982,#8983,#8984,#8985,#8986,
    #8987,#8988,#8989,#8990,#8991,#8992,#8993,#8994,#8995,#8996,#8997,
    #8998,#8999,#9000,#9001,#9002,#9003,#9004,#9005,#9006,#9007,#9008,
    #9009,#9010,#9011,#9012,#9013,#9014,#9015,#9016,#9017,#9018,#9019,
    #9020,#9021,#9022,#9023,#9024,#9025,#9026,#9027,#9028,#9029,#9030,
    #9031,#9032,#9033,#9034,#9035,#9036,#9037,#9038,#9039,#9040,#9041,
    #9042),.UNSPECIFIED.,.F.,.F.,(7,5,5,5,5,5,5,5,5,5,5,5,5,5,7),(0.,
    0.177368577283,0.264041485174,0.436394782061,0.623764559554,
    0.998480673448,0.998654095818,0.99882154889,0.998994993592,
    0.99916844965,0.999335935236,0.999497449211,0.999670938137,
    0.999844438402,1.),.UNSPECIFIED.);
#8971 = CARTESIAN_POINT('',(-9.784946773365,27.363919421012,
    8.017313555202));
#8972 = CARTESIAN_POINT('',(-9.873939360475,27.308046279109,
    7.908700149713));
#8973 = CARTESIAN_POINT('',(-9.964452722085,27.257273372241,
    7.795279648529));
#8974 = CARTESIAN_POINT('',(-10.05671229345,27.212511449449,
    7.676407409873));
#8975 = CARTESIAN_POINT('',(-10.15067851853,27.175246236981,
    7.551650725756));
#8976 = CARTESIAN_POINT('',(-10.24603594873,27.147558163906,
    7.420859105342));
#8977 = CARTESIAN_POINT('',(-10.38922640419,27.12463342051,
    7.217557587147));
#8978 = CARTESIAN_POINT('',(-10.4364797585,27.120034215235,
    7.149369735978));
#8979 = CARTESIAN_POINT('',(-10.48376109519,27.118715227889,
    7.079977321788));
#8980 = CARTESIAN_POINT('',(-10.53086699416,27.12099784033,
    7.009629720421));
#8981 = CARTESIAN_POINT('',(-10.57761302034,27.127170552124,
    6.938577112307));
#8982 = CARTESIAN_POINT('',(-10.71574584252,27.15800767779,
    6.724876067824));
#8983 = CARTESIAN_POINT('',(-10.80515070074,27.194824002217,
    6.581551886108));
#8984 = CARTESIAN_POINT('',(-10.88929297232,27.24933175496,
    6.441400472183));
#8985 = CARTESIAN_POINT('',(-10.96641240144,27.32064489175,
    6.308212059502));
#8986 = CARTESIAN_POINT('',(-11.03550748379,27.405507602543,
    6.185141505031));
#8987 = CARTESIAN_POINT('',(-11.16188837295,27.598957615779,
    5.954287554094));
#8988 = CARTESIAN_POINT('',(-11.21830175298,27.710009953323,
    5.847528510578));
#8989 = CARTESIAN_POINT('',(-11.26673263896,27.828171079745,
    5.753295405042));
#8990 = CARTESIAN_POINT('',(-11.30837100221,27.951020759073,
    5.670472559121));
#8991 = CARTESIAN_POINT('',(-11.34419978306,28.076850067698,
    5.597910053652));
#8992 = CARTESIAN_POINT('',(-11.43668752551,28.460120310592,
    5.407821992804));
#8993 = CARTESIAN_POINT('',(-11.47921251864,28.726916483239,
    5.316116513124));
#8994 = CARTESIAN_POINT('',(-11.50768174767,28.995588218477,
    5.253553003132));
#8995 = CARTESIAN_POINT('',(-11.52519346827,29.262473345396,
    5.214674296815));
#8996 = CARTESIAN_POINT('',(-11.53367415371,29.528034675341,
    5.195850316935));
#8997 = CARTESIAN_POINT('',(-11.53367279957,29.795162904257,
    5.195853322828));
#8998 = CARTESIAN_POINT('',(-11.53367279713,29.795286476369,
    5.195853328251));
#8999 = CARTESIAN_POINT('',(-11.53367279287,29.795410048165,
    5.195853337707));
#9000 = CARTESIAN_POINT('',(-11.53367278679,29.795533619643,
    5.195853351195));
#9001 = CARTESIAN_POINT('',(-11.5336727789,29.795657190804,
    5.195853368714));
#9002 = CARTESIAN_POINT('',(-11.53367275982,29.79590007911,
    5.195853411076));
#9003 = CARTESIAN_POINT('',(-11.53367274875,29.796019396278,
    5.195853435644));
#9004 = CARTESIAN_POINT('',(-11.53367273599,29.796138713149,
    5.195853463972));
#9005 = CARTESIAN_POINT('',(-11.53367272153,29.796258029725,
    5.195853496059));
#9006 = CARTESIAN_POINT('',(-11.53367270538,29.796377346004,
    5.195853531903));
#9007 = CARTESIAN_POINT('',(-11.53367266906,29.796620247211,
    5.195853612527));
#9008 = CARTESIAN_POINT('',(-11.53367264877,29.796743832116,
    5.195853657579));
#9009 = CARTESIAN_POINT('',(-11.53367262666,29.796867416704,
    5.195853706663));
#9010 = CARTESIAN_POINT('',(-11.53367260273,29.796991000973,
    5.195853759779));
#9011 = CARTESIAN_POINT('',(-11.53367257698,29.797114584925,
    5.195853816926));
#9012 = CARTESIAN_POINT('',(-11.53367252186,29.797361760283,
    5.195853939287));
#9013 = CARTESIAN_POINT('',(-11.53367249248,29.79748535169,
    5.195854004502));
#9014 = CARTESIAN_POINT('',(-11.53367246129,29.797608942779,
    5.195854073748));
#9015 = CARTESIAN_POINT('',(-11.53367242827,29.797732533549,
    5.195854147025));
#9016 = CARTESIAN_POINT('',(-11.53367239345,29.797856124001,
    5.195854224334));
#9017 = CARTESIAN_POINT('',(-11.53367232142,29.798099050214,
    5.195854384214));
#9018 = CARTESIAN_POINT('',(-11.53367228435,29.798218385996,
    5.195854466512));
#9019 = CARTESIAN_POINT('',(-11.53367224558,29.798337721481,
    5.195854552568));
#9020 = CARTESIAN_POINT('',(-11.53367220512,29.79845705667,
    5.195854642383));
#9021 = CARTESIAN_POINT('',(-11.53367216296,29.798576391561,
    5.195854735955));
#9022 = CARTESIAN_POINT('',(-11.53367207684,29.798810805938,
    5.195854927144));
#9023 = CARTESIAN_POINT('',(-11.53367203298,29.798925885444,
    5.195855024498));
#9024 = CARTESIAN_POINT('',(-11.53367198755,29.799040964673,
    5.195855125346));
#9025 = CARTESIAN_POINT('',(-11.53367194054,29.799156043627,
    5.195855229688));
#9026 = CARTESIAN_POINT('',(-11.53367189196,29.799271122303,
    5.195855337525));
#9027 = CARTESIAN_POINT('',(-11.53367178794,29.799509811232,
    5.195855568439));
#9028 = CARTESIAN_POINT('',(-11.53367173225,29.799633421442,
    5.195855692054));
#9029 = CARTESIAN_POINT('',(-11.53367167474,29.799757031333,5.1958558197
    ));
#9030 = CARTESIAN_POINT('',(-11.53367161542,29.799880640905,
    5.195855951377));
#9031 = CARTESIAN_POINT('',(-11.53367155429,29.800004250157,
    5.195856087084));
#9032 = CARTESIAN_POINT('',(-11.53367142838,29.800251476101,
    5.195856366568));
#9033 = CARTESIAN_POINT('',(-11.53367136361,29.800375092793,
    5.195856510345));
#9034 = CARTESIAN_POINT('',(-11.53367129703,29.800498709165,
    5.195856658153));
#9035 = CARTESIAN_POINT('',(-11.53367122862,29.800622325218,
    5.195856809992));
#9036 = CARTESIAN_POINT('',(-11.5336711584,29.800745940951,5.19585696586
    ));
#9037 = CARTESIAN_POINT('',(-11.53367102179,29.800980390841,
    5.195857269125));
#9038 = CARTESIAN_POINT('',(-11.53367095574,29.801091225062,
    5.195857415731));
#9039 = CARTESIAN_POINT('',(-11.53367088824,29.801202059025,
    5.195857565577));
#9040 = CARTESIAN_POINT('',(-11.53367081927,29.801312892731,
    5.195857718662));
#9041 = CARTESIAN_POINT('',(-11.53367074885,29.80142372618,
    5.195857874986));
#9042 = CARTESIAN_POINT('',(-11.53367067697,29.801534559371,
    5.19585803455));
#9043 = PCURVE('',#2555,#9044);
#9044 = DEFINITIONAL_REPRESENTATION('',(#9045),#9118);
#9045 = B_SPLINE_CURVE_WITH_KNOTS('',6,(#9046,#9047,#9048,#9049,#9050,
    #9051,#9052,#9053,#9054,#9055,#9056,#9057,#9058,#9059,#9060,#9061,
    #9062,#9063,#9064,#9065,#9066,#9067,#9068,#9069,#9070,#9071,#9072,
    #9073,#9074,#9075,#9076,#9077,#9078,#9079,#9080,#9081,#9082,#9083,
    #9084,#9085,#9086,#9087,#9088,#9089,#9090,#9091,#9092,#9093,#9094,
    #9095,#9096,#9097,#9098,#9099,#9100,#9101,#9102,#9103,#9104,#9105,
    #9106,#9107,#9108,#9109,#9110,#9111,#9112,#9113,#9114,#9115,#9116,
    #9117),.UNSPECIFIED.,.F.,.F.,(7,5,5,5,5,5,5,5,5,5,5,5,5,5,7),(0.,
    0.177368577283,0.264041485174,0.436394782061,0.623764559554,
    0.998480673448,0.998654095818,0.99882154889,0.998994993592,
    0.99916844965,0.999335935236,0.999497449211,0.999670938137,
    0.999844438402,1.),.UNSPECIFIED.);
#9046 = CARTESIAN_POINT('',(3.201141095965,16.0000006));
#9047 = CARTESIAN_POINT('',(3.23740985027,15.895121824509));
#9048 = CARTESIAN_POINT('',(3.275377987469,15.791980328735));
#9049 = CARTESIAN_POINT('',(3.315362764748,15.690923820696));
#9050 = CARTESIAN_POINT('',(3.3576590715,15.592850482719));
#9051 = CARTESIAN_POINT('',(3.402546199489,15.499229327347));
#9052 = CARTESIAN_POINT('',(3.473676504603,15.369518591699));
#9053 = CARTESIAN_POINT('',(3.497742405876,15.328442520876));
#9054 = CARTESIAN_POINT('',(3.522485411725,15.289255778161));
#9055 = CARTESIAN_POINT('',(3.547870682688,15.252310986187));
#9056 = CARTESIAN_POINT('',(3.573868466267,15.217926174169));
#9057 = CARTESIAN_POINT('',(3.653320917772,15.123663175886));
#9058 = CARTESIAN_POINT('',(3.708264910196,15.072478834246));
#9059 = CARTESIAN_POINT('',(3.764195134152,15.035883018438));
#9060 = CARTESIAN_POINT('',(3.820095434303,15.014789521465));
#9061 = CARTESIAN_POINT('',(3.874849457114,15.00811426658));
#9062 = CARTESIAN_POINT('',(3.983675053228,15.01818849621));
#9063 = CARTESIAN_POINT('',(4.037857775528,15.037083749235));
#9064 = CARTESIAN_POINT('',(4.089680014527,15.066608853024));
#9065 = CARTESIAN_POINT('',(4.139289588064,15.104386135767));
#9066 = CARTESIAN_POINT('',(4.186862241351,15.148620775818));
#9067 = CARTESIAN_POINT('',(4.324138153871,15.296882190368));
#9068 = CARTESIAN_POINT('',(4.40968053349,15.417846597018));
#9069 = CARTESIAN_POINT('',(4.490145091133,15.551325129844));
#9070 = CARTESIAN_POINT('',(4.566511677779,15.692665629346));
#9071 = CARTESIAN_POINT('',(4.640085926654,15.840572538678));
#9072 = CARTESIAN_POINT('',(4.712436298154,15.996284787357));
#9073 = CARTESIAN_POINT('',(4.712469766702,15.996356820499));
#9074 = CARTESIAN_POINT('',(4.712503234811,15.996428854933));
#9075 = CARTESIAN_POINT('',(4.712536702481,15.996500890658));
#9076 = CARTESIAN_POINT('',(4.712570169713,15.996572927674));
#9077 = CARTESIAN_POINT('',(4.712635951353,15.996714524687));
#9078 = CARTESIAN_POINT('',(4.712668265791,15.996784084597));
#9079 = CARTESIAN_POINT('',(4.71270057982,15.99685364571));
#9080 = CARTESIAN_POINT('',(4.712732893441,15.996923208027));
#9081 = CARTESIAN_POINT('',(4.712765206652,15.996992771546));
#9082 = CARTESIAN_POINT('',(4.712830988441,15.997134390084));
#9083 = CARTESIAN_POINT('',(4.712864456989,15.99720644519));
#9084 = CARTESIAN_POINT('',(4.712897925098,15.997278501586));
#9085 = CARTESIAN_POINT('',(4.712931392768,15.997350559273));
#9086 = CARTESIAN_POINT('',(4.712964860001,15.99742261825));
#9087 = CARTESIAN_POINT('',(4.71303179578,15.997566743503));
#9088 = CARTESIAN_POINT('',(4.713065264328,15.997638809778));
#9089 = CARTESIAN_POINT('',(4.713098732437,15.997710877344));
#9090 = CARTESIAN_POINT('',(4.713132200107,15.9977829462));
#9091 = CARTESIAN_POINT('',(4.71316566734,15.997855016346));
#9092 = CARTESIAN_POINT('',(4.71323144898,15.997996678472));
#9093 = CARTESIAN_POINT('',(4.713263763418,15.998066270364));
#9094 = CARTESIAN_POINT('',(4.713296077446,15.998135863459));
#9095 = CARTESIAN_POINT('',(4.713328391067,15.998205457756));
#9096 = CARTESIAN_POINT('',(4.713360704279,15.998275053256));
#9097 = CARTESIAN_POINT('',(4.713424177792,15.998411765225));
#9098 = CARTESIAN_POINT('',(4.713455338121,15.998478881612));
#9099 = CARTESIAN_POINT('',(4.71348649807,15.998545999116));
#9100 = CARTESIAN_POINT('',(4.71351765764,15.998613117738));
#9101 = CARTESIAN_POINT('',(4.71354881683,15.998680237477));
#9102 = CARTESIAN_POINT('',(4.713613444625,15.998819455659));
#9103 = CARTESIAN_POINT('',(4.713646913172,15.998891554272));
#9104 = CARTESIAN_POINT('',(4.71368038128,15.998963654175));
#9105 = CARTESIAN_POINT('',(4.713713848951,15.999035755367));
#9106 = CARTESIAN_POINT('',(4.713747316185,15.999107857849));
#9107 = CARTESIAN_POINT('',(4.713814251965,15.999252070102));
#9108 = CARTESIAN_POINT('',(4.713847720511,15.999324179874));
#9109 = CARTESIAN_POINT('',(4.713881188619,15.999396290935));
#9110 = CARTESIAN_POINT('',(4.71391465629,15.999468403285));
#9111 = CARTESIAN_POINT('',(4.713948123524,15.999540516924));
#9112 = CARTESIAN_POINT('',(4.714011596894,15.99967729062));
#9113 = CARTESIAN_POINT('',(4.714041603116,15.999741950425));
#9114 = CARTESIAN_POINT('',(4.714071608986,15.999806611265));
#9115 = CARTESIAN_POINT('',(4.714101614504,15.999871273141));
#9116 = CARTESIAN_POINT('',(4.714131619672,15.999935936053));
#9117 = CARTESIAN_POINT('',(4.714161624488,16.0000006));
#9118 = ( GEOMETRIC_REPRESENTATION_CONTEXT(2) 
PARAMETRIC_REPRESENTATION_CONTEXT() REPRESENTATION_CONTEXT('2D SPACE',''
  ) );
#9119 = PCURVE('',#9120,#9125);
#9120 = CYLINDRICAL_SURFACE('',#9121,12.65);
#9121 = AXIS2_PLACEMENT_3D('',#9122,#9123,#9124);
#9122 = CARTESIAN_POINT('',(0.,8.,0.));
#9123 = DIRECTION('',(0.,1.,0.));
#9124 = DIRECTION('',(0.,-0.,1.));
#9125 = DEFINITIONAL_REPRESENTATION('',(#9126),#9199);
#9126 = B_SPLINE_CURVE_WITH_KNOTS('',6,(#9127,#9128,#9129,#9130,#9131,
    #9132,#9133,#9134,#9135,#9136,#9137,#9138,#9139,#9140,#9141,#9142,
    #9143,#9144,#9145,#9146,#9147,#9148,#9149,#9150,#9151,#9152,#9153,
    #9154,#9155,#9156,#9157,#9158,#9159,#9160,#9161,#9162,#9163,#9164,
    #9165,#9166,#9167,#9168,#9169,#9170,#9171,#9172,#9173,#9174,#9175,
    #9176,#9177,#9178,#9179,#9180,#9181,#9182,#9183,#9184,#9185,#9186,
    #9187,#9188,#9189,#9190,#9191,#9192,#9193,#9194,#9195,#9196,#9197,
    #9198),.UNSPECIFIED.,.F.,.F.,(7,5,5,5,5,5,5,5,5,5,5,5,5,5,7),(0.,
    0.177368577283,0.264041485174,0.436394782061,0.623764559554,
    0.998480673448,0.998654095818,0.99882154889,0.998994993592,
    0.99916844965,0.999335935236,0.999497449211,0.999670938137,
    0.999844438402,1.),.UNSPECIFIED.);
#9127 = CARTESIAN_POINT('',(5.398818908226,19.363919421012));
#9128 = CARTESIAN_POINT('',(5.387718857505,19.308046279109));
#9129 = CARTESIAN_POINT('',(5.376248675284,19.257273372241));
#9130 = CARTESIAN_POINT('',(5.364355173325,19.212511449449));
#9131 = CARTESIAN_POINT('',(5.352010636906,19.175246236981));
#9132 = CARTESIAN_POINT('',(5.339216890503,19.147558163906));
#9133 = CARTESIAN_POINT('',(5.31955946196,19.12463342051));
#9134 = CARTESIAN_POINT('',(5.313001513587,19.120034215235));
#9135 = CARTESIAN_POINT('',(5.306363932857,19.118715227889));
#9136 = CARTESIAN_POINT('',(5.299671557707,19.120997840331));
#9137 = CARTESIAN_POINT('',(5.292948394976,19.127170552124));
#9138 = CARTESIAN_POINT('',(5.272833147501,19.15800767779));
#9139 = CARTESIAN_POINT('',(5.259481263893,19.194824002218));
#9140 = CARTESIAN_POINT('',(5.246561542887,19.24933175496));
#9141 = CARTESIAN_POINT('',(5.234396898967,19.32064489175));
#9142 = CARTESIAN_POINT('',(5.22324022616,19.405507602543));
#9143 = CARTESIAN_POINT('',(5.202435188205,19.598957615779));
#9144 = CARTESIAN_POINT('',(5.192890927911,19.710009953323));
#9145 = CARTESIAN_POINT('',(5.184516116331,19.828171079745));
#9146 = CARTESIAN_POINT('',(5.177188229471,19.951020759073));
#9147 = CARTESIAN_POINT('',(5.170791059411,20.076850067698));
#9148 = CARTESIAN_POINT('',(5.154080065633,20.460120310592));
#9149 = CARTESIAN_POINT('',(5.146090452307,20.726916483239));
#9150 = CARTESIAN_POINT('',(5.140656348114,20.995588218477));
#9151 = CARTESIAN_POINT('',(5.137285739399,21.262473345396));
#9152 = CARTESIAN_POINT('',(5.13565359184,21.528034675341));
#9153 = CARTESIAN_POINT('',(5.135653852459,21.795162904257));
#9154 = CARTESIAN_POINT('',(5.135653852929,21.795286476369));
#9155 = CARTESIAN_POINT('',(5.135653853749,21.795410048164));
#9156 = CARTESIAN_POINT('',(5.135653854918,21.795533619643));
#9157 = CARTESIAN_POINT('',(5.135653856437,21.795657190804));
#9158 = CARTESIAN_POINT('',(5.13565386011,21.79590007911));
#9159 = CARTESIAN_POINT('',(5.13565386224,21.796019396278));
#9160 = CARTESIAN_POINT('',(5.135653864696,21.796138713149));
#9161 = CARTESIAN_POINT('',(5.135653867478,21.796258029725));
#9162 = CARTESIAN_POINT('',(5.135653870586,21.796377346004));
#9163 = CARTESIAN_POINT('',(5.135653877576,21.796620247211));
#9164 = CARTESIAN_POINT('',(5.135653881483,21.796743832116));
#9165 = CARTESIAN_POINT('',(5.135653885738,21.796867416704));
#9166 = CARTESIAN_POINT('',(5.135653890344,21.796991000973));
#9167 = CARTESIAN_POINT('',(5.135653895298,21.797114584925));
#9168 = CARTESIAN_POINT('',(5.135653905907,21.797361760283));
#9169 = CARTESIAN_POINT('',(5.135653911562,21.79748535169));
#9170 = CARTESIAN_POINT('',(5.135653917565,21.797608942779));
#9171 = CARTESIAN_POINT('',(5.135653923919,21.797732533549));
#9172 = CARTESIAN_POINT('',(5.135653930622,21.797856124001));
#9173 = CARTESIAN_POINT('',(5.135653944484,21.798099050214));
#9174 = CARTESIAN_POINT('',(5.135653951619,21.798218385996));
#9175 = CARTESIAN_POINT('',(5.135653959081,21.798337721481));
#9176 = CARTESIAN_POINT('',(5.135653966868,21.79845705667));
#9177 = CARTESIAN_POINT('',(5.135653974981,21.798576391561));
#9178 = CARTESIAN_POINT('',(5.135653991557,21.798810805938));
#9179 = CARTESIAN_POINT('',(5.135653999998,21.798925885444));
#9180 = CARTESIAN_POINT('',(5.135654008742,21.799040964673));
#9181 = CARTESIAN_POINT('',(5.135654017789,21.799156043627));
#9182 = CARTESIAN_POINT('',(5.135654027138,21.799271122303));
#9183 = CARTESIAN_POINT('',(5.135654047159,21.799509811232));
#9184 = CARTESIAN_POINT('',(5.135654057877,21.799633421442));
#9185 = CARTESIAN_POINT('',(5.135654068944,21.799757031333));
#9186 = CARTESIAN_POINT('',(5.135654080361,21.799880640905));
#9187 = CARTESIAN_POINT('',(5.135654092127,21.800004250157));
#9188 = CARTESIAN_POINT('',(5.135654116359,21.800251476101));
#9189 = CARTESIAN_POINT('',(5.135654128825,21.800375092793));
#9190 = CARTESIAN_POINT('',(5.13565414164,21.800498709165));
#9191 = CARTESIAN_POINT('',(5.135654154805,21.800622325218));
#9192 = CARTESIAN_POINT('',(5.135654168319,21.800745940951));
#9193 = CARTESIAN_POINT('',(5.135654194613,21.800980390841));
#9194 = CARTESIAN_POINT('',(5.135654207324,21.801091225062));
#9195 = CARTESIAN_POINT('',(5.135654220316,21.801202059025));
#9196 = CARTESIAN_POINT('',(5.135654233589,21.801312892731));
#9197 = CARTESIAN_POINT('',(5.135654247143,21.80142372618));
#9198 = CARTESIAN_POINT('',(5.135654260978,21.801534559371));
#9199 = ( GEOMETRIC_REPRESENTATION_CONTEXT(2) 
PARAMETRIC_REPRESENTATION_CONTEXT() REPRESENTATION_CONTEXT('2D SPACE',''
  ) );
#9200 = ORIENTED_EDGE('',*,*,#9201,.F.);
#9201 = EDGE_CURVE('',#8915,#8967,#9202,.T.);
#9202 = SURFACE_CURVE('',#9203,(#9208,#9215),.PCURVE_S1.);
#9203 = CIRCLE('',#9204,3.);
#9204 = AXIS2_PLACEMENT_3D('',#9205,#9206,#9207);
#9205 = CARTESIAN_POINT('',(-11.53057130149,29.797213188474,
    8.19585332115));
#9206 = DIRECTION('',(0.81253825063,0.582907875452,-0.));
#9207 = DIRECTION('',(-0.582907875452,0.81253825063,0.));
#9208 = PCURVE('',#2555,#9209);
#9209 = DEFINITIONAL_REPRESENTATION('',(#9210),#9214);
#9210 = LINE('',#9211,#9212);
#9211 = CARTESIAN_POINT('',(0.,16.));
#9212 = VECTOR('',#9213,1.);
#9213 = DIRECTION('',(1.,0.));
#9214 = ( GEOMETRIC_REPRESENTATION_CONTEXT(2) 
PARAMETRIC_REPRESENTATION_CONTEXT() REPRESENTATION_CONTEXT('2D SPACE',''
  ) );
#9215 = PCURVE('',#8954,#9216);
#9216 = DEFINITIONAL_REPRESENTATION('',(#9217),#9221);
#9217 = CIRCLE('',#9218,3.);
#9218 = AXIS2_PLACEMENT_2D('',#9219,#9220);
#9219 = CARTESIAN_POINT('',(0.,0.));
#9220 = DIRECTION('',(1.,0.));
#9221 = ( GEOMETRIC_REPRESENTATION_CONTEXT(2) 
PARAMETRIC_REPRESENTATION_CONTEXT() REPRESENTATION_CONTEXT('2D SPACE',''
  ) );
#9222 = ORIENTED_EDGE('',*,*,#8914,.F.);
#9223 = ORIENTED_EDGE('',*,*,#5603,.T.);
#9224 = ORIENTED_EDGE('',*,*,#7624,.F.);
#9225 = ORIENTED_EDGE('',*,*,#7860,.F.);
#9226 = ORIENTED_EDGE('',*,*,#9227,.F.);
#9227 = EDGE_CURVE('',#8093,#7861,#9228,.T.);
#9228 = SEAM_CURVE('',#9229,(#9233,#9240),.PCURVE_S1.);
#9229 = LINE('',#9230,#9231);
#9230 = CARTESIAN_POINT('',(-26.27990693792,22.908301933136,
    8.19585332115));
#9231 = VECTOR('',#9232,1.);
#9232 = DIRECTION('',(0.81253825063,0.582907875452,0.));
#9233 = PCURVE('',#2555,#9234);
#9234 = DEFINITIONAL_REPRESENTATION('',(#9235),#9239);
#9235 = LINE('',#9236,#9237);
#9236 = CARTESIAN_POINT('',(6.28318530718,-0.));
#9237 = VECTOR('',#9238,1.);
#9238 = DIRECTION('',(0.,1.));
#9239 = ( GEOMETRIC_REPRESENTATION_CONTEXT(2) 
PARAMETRIC_REPRESENTATION_CONTEXT() REPRESENTATION_CONTEXT('2D SPACE',''
  ) );
#9240 = PCURVE('',#2555,#9241);
#9241 = DEFINITIONAL_REPRESENTATION('',(#9242),#9246);
#9242 = LINE('',#9243,#9244);
#9243 = CARTESIAN_POINT('',(0.,-0.));
#9244 = VECTOR('',#9245,1.);
#9245 = DIRECTION('',(0.,1.));
#9246 = ( GEOMETRIC_REPRESENTATION_CONTEXT(2) 
PARAMETRIC_REPRESENTATION_CONTEXT() REPRESENTATION_CONTEXT('2D SPACE',''
  ) );
#9247 = ORIENTED_EDGE('',*,*,#8502,.T.);
#9248 = ORIENTED_EDGE('',*,*,#2289,.F.);
#9249 = ORIENTED_EDGE('',*,*,#9250,.F.);
#9250 = EDGE_CURVE('',#9251,#2290,#9253,.T.);
#9251 = VERTEX_POINT('',#9252);
#9252 = CARTESIAN_POINT('',(-26.27990693792,22.908301933136,
    8.19585332115));
#9253 = SEAM_CURVE('',#9254,(#9258,#9265),.PCURVE_S1.);
#9254 = LINE('',#9255,#9256);
#9255 = CARTESIAN_POINT('',(-26.27990693792,22.908301933136,
    8.19585332115));
#9256 = VECTOR('',#9257,1.);
#9257 = DIRECTION('',(0.81253825063,0.582907875452,0.));
#9258 = PCURVE('',#2555,#9259);
#9259 = DEFINITIONAL_REPRESENTATION('',(#9260),#9264);
#9260 = LINE('',#9261,#9262);
#9261 = CARTESIAN_POINT('',(6.28318530718,-0.));
#9262 = VECTOR('',#9263,1.);
#9263 = DIRECTION('',(0.,1.));
#9264 = ( GEOMETRIC_REPRESENTATION_CONTEXT(2) 
PARAMETRIC_REPRESENTATION_CONTEXT() REPRESENTATION_CONTEXT('2D SPACE',''
  ) );
#9265 = PCURVE('',#2555,#9266);
#9266 = DEFINITIONAL_REPRESENTATION('',(#9267),#9271);
#9267 = LINE('',#9268,#9269);
#9268 = CARTESIAN_POINT('',(0.,-0.));
#9269 = VECTOR('',#9270,1.);
#9270 = DIRECTION('',(0.,1.));
#9271 = ( GEOMETRIC_REPRESENTATION_CONTEXT(2) 
PARAMETRIC_REPRESENTATION_CONTEXT() REPRESENTATION_CONTEXT('2D SPACE',''
  ) );
#9272 = ORIENTED_EDGE('',*,*,#9273,.T.);
#9273 = EDGE_CURVE('',#9251,#9274,#9276,.T.);
#9274 = VERTEX_POINT('',#9275);
#9275 = CARTESIAN_POINT('',(-24.61024834878,20.580899051301,
    11.192785429755));
#9276 = SURFACE_CURVE('',#9277,(#9282,#9289),.PCURVE_S1.);
#9277 = CIRCLE('',#9278,3.);
#9278 = AXIS2_PLACEMENT_3D('',#9279,#9280,#9281);
#9279 = CARTESIAN_POINT('',(-24.53118331156,20.470687181247,
    8.19585332115));
#9280 = DIRECTION('',(0.81253825063,0.582907875452,-0.));
#9281 = DIRECTION('',(-0.582907875452,0.81253825063,0.));
#9282 = PCURVE('',#2555,#9283);
#9283 = DEFINITIONAL_REPRESENTATION('',(#9284),#9288);
#9284 = LINE('',#9285,#9286);
#9285 = CARTESIAN_POINT('',(0.,0.));
#9286 = VECTOR('',#9287,1.);
#9287 = DIRECTION('',(1.,0.));
#9288 = ( GEOMETRIC_REPRESENTATION_CONTEXT(2) 
PARAMETRIC_REPRESENTATION_CONTEXT() REPRESENTATION_CONTEXT('2D SPACE',''
  ) );
#9289 = PCURVE('',#9290,#9295);
#9290 = PLANE('',#9291);
#9291 = AXIS2_PLACEMENT_3D('',#9292,#9293,#9294);
#9292 = CARTESIAN_POINT('',(-24.53118331156,20.470687181247,
    8.19585332115));
#9293 = DIRECTION('',(0.81253825063,0.582907875452,-0.));
#9294 = DIRECTION('',(-0.582907875452,0.81253825063,0.));
#9295 = DEFINITIONAL_REPRESENTATION('',(#9296),#9300);
#9296 = CIRCLE('',#9297,3.);
#9297 = AXIS2_PLACEMENT_2D('',#9298,#9299);
#9298 = CARTESIAN_POINT('',(0.,0.));
#9299 = DIRECTION('',(1.,0.));
#9300 = ( GEOMETRIC_REPRESENTATION_CONTEXT(2) 
PARAMETRIC_REPRESENTATION_CONTEXT() REPRESENTATION_CONTEXT('2D SPACE',''
  ) );
#9301 = ORIENTED_EDGE('',*,*,#9302,.T.);
#9302 = EDGE_CURVE('',#9274,#9303,#9305,.T.);
#9303 = VERTEX_POINT('',#9304);
#9304 = CARTESIAN_POINT('',(-23.39831858651,18.891542412997,
    5.910482603815));
#9305 = SURFACE_CURVE('',#9306,(#9345,#9387),.PCURVE_S1.);
#9306 = B_SPLINE_CURVE_WITH_KNOTS('',7,(#9307,#9308,#9309,#9310,#9311,
    #9312,#9313,#9314,#9315,#9316,#9317,#9318,#9319,#9320,#9321,#9322,
    #9323,#9324,#9325,#9326,#9327,#9328,#9329,#9330,#9331,#9332,#9333,
    #9334,#9335,#9336,#9337,#9338,#9339,#9340,#9341,#9342,#9343,#9344),
  .UNSPECIFIED.,.F.,.F.,(8,6,6,6,6,6,8),(0.,4.865704037182E-02,
    0.425311378535,0.559374006148,0.677479693605,0.739230866882,1.),
  .UNSPECIFIED.);
#9307 = CARTESIAN_POINT('',(-24.61024924646,20.5808992733,
    11.192785397909));
#9308 = CARTESIAN_POINT('',(-24.55537299991,20.567328279,11.194732224615
    ));
#9309 = CARTESIAN_POINT('',(-24.50060321805,20.553644774197,
    11.195958602859));
#9310 = CARTESIAN_POINT('',(-24.44594550154,20.53985604777,
    11.196464350992));
#9311 = CARTESIAN_POINT('',(-24.3914054799,20.525969152152,
    11.196249080386));
#9312 = CARTESIAN_POINT('',(-24.33698881157,20.511990903333,
    11.195312195429));
#9313 = CARTESIAN_POINT('',(-24.28270118384,20.497927880859,
    11.193652893531));
#9314 = CARTESIAN_POINT('',(-23.80935072895,20.37431738514,
    11.172825455258));
#9315 = CARTESIAN_POINT('',(-23.40466918492,20.261831258703,
    11.111312805896));
#9316 = CARTESIAN_POINT('',(-23.01076386363,20.147968256773,
    11.00838272483));
#9317 = CARTESIAN_POINT('',(-22.62626732951,20.03322084373,
    10.861133724682));
#9318 = CARTESIAN_POINT('',(-22.25499561815,19.918805296769,
    10.663467257007));
#9319 = CARTESIAN_POINT('',(-21.90885278303,19.807156684232,
    10.407859415248));
#9320 = CARTESIAN_POINT('',(-21.50871247533,19.661894074524,
    9.976243956295));
#9321 = CARTESIAN_POINT('',(-21.40944937528,19.624083603284,
    9.854254022092));
#9322 = CARTESIAN_POINT('',(-21.31669751265,19.586473796172,
    9.722538313275));
#9323 = CARTESIAN_POINT('',(-21.23195045937,19.549047097279,
    9.580093540557));
#9324 = CARTESIAN_POINT('',(-21.15749889247,19.511855115763,
    9.426065903097));
#9325 = CARTESIAN_POINT('',(-21.09647100421,19.474962140219,
    9.259877080422));
#9326 = CARTESIAN_POINT('',(-21.01446209354,19.406124966779,
    8.924087052369));
#9327 = CARTESIAN_POINT('',(-20.98881527733,19.373473914351,
    8.75412276246));
#9328 = CARTESIAN_POINT('',(-20.98092524543,19.341505112057,
    8.575914527313));
#9329 = CARTESIAN_POINT('',(-20.99354451648,19.31075968303,
    8.393795716108));
#9330 = CARTESIAN_POINT('',(-21.0271996223,19.28142747186,8.212015953244
    ));
#9331 = CARTESIAN_POINT('',(-21.0802268139,19.253626271672,
    8.034604695074));
#9332 = CARTESIAN_POINT('',(-21.18462167549,19.213887678768,
    7.776891811337));
#9333 = CARTESIAN_POINT('',(-21.2245691576,19.20076342513,7.690989453204
    ));
#9334 = CARTESIAN_POINT('',(-21.26818350824,19.188112669311,
    7.607761247864));
#9335 = CARTESIAN_POINT('',(-21.31502002293,19.175900189074,
    7.527289794404));
#9336 = CARTESIAN_POINT('',(-21.36462724488,19.164100249797,
    7.449646272017));
#9337 = CARTESIAN_POINT('',(-21.41654672373,19.152695412013,
    7.374891053219));
#9338 = CARTESIAN_POINT('',(-21.69736151999,19.095138653914,
    6.999799301581));
#9339 = CARTESIAN_POINT('',(-21.96280887992,19.054341706354,
    6.741624363692));
#9340 = CARTESIAN_POINT('',(-22.24453565853,19.017052973826,
    6.523445618172));
#9341 = CARTESIAN_POINT('',(-22.53009146268,18.982812468812,
    6.338019709702));
#9342 = CARTESIAN_POINT('',(-22.8146307695,18.9510433684,6.178336221035)
  );
#9343 = CARTESIAN_POINT('',(-23.10108780734,18.920915686427,
    6.037524366643));
#9344 = CARTESIAN_POINT('',(-23.39831927606,18.891542344854,
    5.910482309094));
#9345 = PCURVE('',#2555,#9346);
#9346 = DEFINITIONAL_REPRESENTATION('',(#9347),#9386);
#9347 = B_SPLINE_CURVE_WITH_KNOTS('',7,(#9348,#9349,#9350,#9351,#9352,
    #9353,#9354,#9355,#9356,#9357,#9358,#9359,#9360,#9361,#9362,#9363,
    #9364,#9365,#9366,#9367,#9368,#9369,#9370,#9371,#9372,#9373,#9374,
    #9375,#9376,#9377,#9378,#9379,#9380,#9381,#9382,#9383,#9384,#9385),
  .UNSPECIFIED.,.F.,.F.,(8,6,6,6,6,6,8),(0.,4.865704037182E-02,
    0.425311378535,0.559374006148,0.677479693605,0.739230866882,1.),
  .UNSPECIFIED.);
#9348 = CARTESIAN_POINT('',(1.525567675982,-6.E-07));
#9349 = CARTESIAN_POINT('',(1.539920603294,3.667780991778E-02));
#9350 = CARTESIAN_POINT('',(1.554272455404,7.320412994533E-02));
#9351 = CARTESIAN_POINT('',(1.568624985351,0.109578058079));
#9352 = CARTESIAN_POINT('',(1.582980015684,0.145799131025));
#9353 = CARTESIAN_POINT('',(1.597339438454,0.181866724194));
#9354 = CARTESIAN_POINT('',(1.61170521522,0.217780051707));
#9355 = CARTESIAN_POINT('',(1.737349819481,0.530341870818));
#9356 = CARTESIAN_POINT('',(1.847413348824,0.793592055683));
#9357 = CARTESIAN_POINT('',(1.958770500013,1.047283555812));
#9358 = CARTESIAN_POINT('',(2.073643480826,1.29281452627));
#9359 = CARTESIAN_POINT('',(2.194024121859,1.52779326973));
#9360 = CARTESIAN_POINT('',(2.321649629841,1.743966707915));
#9361 = CARTESIAN_POINT('',(2.507148053884,1.984421294332));
#9362 = CARTESIAN_POINT('',(2.557325282375,2.043036338541));
#9363 = CARTESIAN_POINT('',(2.609372404246,2.09647772198));
#9364 = CARTESIAN_POINT('',(2.663609489902,2.143521626864));
#9365 = CARTESIAN_POINT('',(2.72030213594,2.182336873858));
#9366 = CARTESIAN_POINT('',(2.779679785461,2.210419161434));
#9367 = CARTESIAN_POINT('',(2.89682935722,2.236928807723));
#9368 = CARTESIAN_POINT('',(2.955041144475,2.238735271296));
#9369 = CARTESIAN_POINT('',(3.015074837175,2.226511357389));
#9370 = CARTESIAN_POINT('',(3.07576948248,2.198335964253));
#9371 = CARTESIAN_POINT('',(3.136138190652,2.15389192655));
#9372 = CARTESIAN_POINT('',(3.195220800827,2.094599766518));
#9373 = CARTESIAN_POINT('',(3.281651120677,1.986611009541));
#9374 = CARTESIAN_POINT('',(3.310574458046,1.946501921507));
#9375 = CARTESIAN_POINT('',(3.338747074025,1.903689368141));
#9376 = CARTESIAN_POINT('',(3.366164097631,1.858514157515));
#9377 = CARTESIAN_POINT('',(3.392815797512,1.811328114643));
#9378 = CARTESIAN_POINT('',(3.41868809632,1.762493582358));
#9379 = CARTESIAN_POINT('',(3.549652297104,1.500770531469));
#9380 = CARTESIAN_POINT('',(3.64387339875,1.261303535974));
#9381 = CARTESIAN_POINT('',(3.728521516141,1.010653856268));
#9382 = CARTESIAN_POINT('',(3.805200702987,0.758669782678));
#9383 = CARTESIAN_POINT('',(3.875705473748,0.508952253254));
#9384 = CARTESIAN_POINT('',(3.942296272046,0.258633289754));
#9385 = CARTESIAN_POINT('',(4.007664914416,-6.E-07));
#9386 = ( GEOMETRIC_REPRESENTATION_CONTEXT(2) 
PARAMETRIC_REPRESENTATION_CONTEXT() REPRESENTATION_CONTEXT('2D SPACE',''
  ) );
#9387 = PCURVE('',#6680,#9388);
#9388 = DEFINITIONAL_REPRESENTATION('',(#9389),#9428);
#9389 = B_SPLINE_CURVE_WITH_KNOTS('',7,(#9390,#9391,#9392,#9393,#9394,
    #9395,#9396,#9397,#9398,#9399,#9400,#9401,#9402,#9403,#9404,#9405,
    #9406,#9407,#9408,#9409,#9410,#9411,#9412,#9413,#9414,#9415,#9416,
    #9417,#9418,#9419,#9420,#9421,#9422,#9423,#9424,#9425,#9426,#9427),
  .UNSPECIFIED.,.F.,.F.,(8,6,6,6,6,6,8),(0.,4.865704037182E-02,
    0.425311378535,0.559374006148,0.677479693605,0.739230866882,1.),
  .UNSPECIFIED.);
#9390 = CARTESIAN_POINT('',(4.71193498689,23.535594616791));
#9391 = CARTESIAN_POINT('',(4.709999786835,23.484603634124));
#9392 = CARTESIAN_POINT('',(4.708119914852,23.433388774256));
#9393 = CARTESIAN_POINT('',(4.706295556047,23.381956818147));
#9394 = CARTESIAN_POINT('',(4.704526913821,23.330314426657));
#9395 = CARTESIAN_POINT('',(4.70281420987,23.27846814055));
#9396 = CARTESIAN_POINT('',(4.701157684183,23.226424380491));
#9397 = CARTESIAN_POINT('',(4.687171298792,22.769838624746));
#9398 = CARTESIAN_POINT('',(4.678357174061,22.360244614156));
#9399 = CARTESIAN_POINT('',(4.672874009386,21.943219987435));
#9400 = CARTESIAN_POINT('',(4.67088956677,21.516538256949));
#9401 = CARTESIAN_POINT('',(4.672974494996,21.081439044074));
#9402 = CARTESIAN_POINT('',(4.680051929392,20.646015434504));
#9403 = CARTESIAN_POINT('',(4.698027454842,20.084055468485));
#9404 = CARTESIAN_POINT('',(4.70356000527,19.938226462228));
#9405 = CARTESIAN_POINT('',(4.710004966794,19.794285350449));
#9406 = CARTESIAN_POINT('',(4.717483521146,19.653137986436));
#9407 = CARTESIAN_POINT('',(4.726132293846,19.516467775755));
#9408 = CARTESIAN_POINT('',(4.736096676525,19.386806376476));
#9409 = CARTESIAN_POINT('',(4.757592667653,19.16258295544));
#9410 = CARTESIAN_POINT('',(4.768996509194,19.063593490086));
#9411 = CARTESIAN_POINT('',(4.781583048285,18.977080019133));
#9412 = CARTESIAN_POINT('',(4.79513587902,18.907330606403));
#9413 = CARTESIAN_POINT('',(4.809374330049,18.856552999667));
#9414 = CARTESIAN_POINT('',(4.823961304456,18.824925802375));
#9415 = CARTESIAN_POINT('',(4.846098529479,18.803171033084));
#9416 = CARTESIAN_POINT('',(4.853655794545,18.800471501604));
#9417 = CARTESIAN_POINT('',(4.861149071375,18.802182604582));
#9418 = CARTESIAN_POINT('',(4.868558065191,18.807937658153));
#9419 = CARTESIAN_POINT('',(4.875862876266,18.817362020365));
#9420 = CARTESIAN_POINT('',(4.883043922814,18.830072807007));
#9421 = CARTESIAN_POINT('',(4.919802397019,18.911580368222));
#9422 = CARTESIAN_POINT('',(4.947686559687,19.030697101997));
#9423 = CARTESIAN_POINT('',(4.973374387358,19.180987941224));
#9424 = CARTESIAN_POINT('',(4.99694844589,19.348514888613));
#9425 = CARTESIAN_POINT('',(5.018723954626,19.526075716576));
#9426 = CARTESIAN_POINT('',(5.039294255319,19.713283965657));
#9427 = CARTESIAN_POINT('',(5.059355342831,19.915641103832));
#9428 = ( GEOMETRIC_REPRESENTATION_CONTEXT(2) 
PARAMETRIC_REPRESENTATION_CONTEXT() REPRESENTATION_CONTEXT('2D SPACE',''
  ) );
#9429 = ORIENTED_EDGE('',*,*,#9430,.T.);
#9430 = EDGE_CURVE('',#9303,#9251,#9431,.T.);
#9431 = SURFACE_CURVE('',#9432,(#9437,#9444),.PCURVE_S1.);
#9432 = CIRCLE('',#9433,3.);
#9433 = AXIS2_PLACEMENT_3D('',#9434,#9435,#9436);
#9434 = CARTESIAN_POINT('',(-24.53118331156,20.470687181247,
    8.19585332115));
#9435 = DIRECTION('',(0.81253825063,0.582907875452,-0.));
#9436 = DIRECTION('',(-0.582907875452,0.81253825063,0.));
#9437 = PCURVE('',#2555,#9438);
#9438 = DEFINITIONAL_REPRESENTATION('',(#9439),#9443);
#9439 = LINE('',#9440,#9441);
#9440 = CARTESIAN_POINT('',(0.,0.));
#9441 = VECTOR('',#9442,1.);
#9442 = DIRECTION('',(1.,0.));
#9443 = ( GEOMETRIC_REPRESENTATION_CONTEXT(2) 
PARAMETRIC_REPRESENTATION_CONTEXT() REPRESENTATION_CONTEXT('2D SPACE',''
  ) );
#9444 = PCURVE('',#9290,#9445);
#9445 = DEFINITIONAL_REPRESENTATION('',(#9446),#9450);
#9446 = CIRCLE('',#9447,3.);
#9447 = AXIS2_PLACEMENT_2D('',#9448,#9449);
#9448 = CARTESIAN_POINT('',(0.,0.));
#9449 = DIRECTION('',(1.,0.));
#9450 = ( GEOMETRIC_REPRESENTATION_CONTEXT(2) 
PARAMETRIC_REPRESENTATION_CONTEXT() REPRESENTATION_CONTEXT('2D SPACE',''
  ) );
#9451 = ORIENTED_EDGE('',*,*,#9250,.T.);
#9452 = ORIENTED_EDGE('',*,*,#2692,.F.);
#9453 = ORIENTED_EDGE('',*,*,#8092,.T.);
#9454 = ORIENTED_EDGE('',*,*,#9227,.T.);
#9455 = ORIENTED_EDGE('',*,*,#7892,.F.);
#9456 = ADVANCED_FACE('',(#9457,#9460),#1046,.T.);
#9457 = FACE_BOUND('',#9458,.T.);
#9458 = EDGE_LOOP('',(#9459));
#9459 = ORIENTED_EDGE('',*,*,#1031,.T.);
#9460 = FACE_BOUND('',#9461,.T.);
#9461 = EDGE_LOOP('',(#9462));
#9462 = ORIENTED_EDGE('',*,*,#9463,.F.);
#9463 = EDGE_CURVE('',#9464,#9464,#9466,.T.);
#9464 = VERTEX_POINT('',#9465);
#9465 = CARTESIAN_POINT('',(-59.64488271226,16.487962262683,
    13.215807454123));
#9466 = SURFACE_CURVE('',#9467,(#9472,#9479),.PCURVE_S1.);
#9467 = CIRCLE('',#9468,12.65);
#9468 = AXIS2_PLACEMENT_3D('',#9469,#9470,#9471);
#9469 = CARTESIAN_POINT('',(-54.41027546685,16.487962262683,
    24.731943394025));
#9470 = DIRECTION('',(-0.877585088175,0.265934875205,0.398902312807));
#9471 = DIRECTION('',(-0.413802944301,2.775557561563E-17,-0.910366477463
    ));
#9472 = PCURVE('',#1046,#9473);
#9473 = DEFINITIONAL_REPRESENTATION('',(#9474),#9478);
#9474 = CIRCLE('',#9475,12.65);
#9475 = AXIS2_PLACEMENT_2D('',#9476,#9477);
#9476 = CARTESIAN_POINT('',(0.,0.));
#9477 = DIRECTION('',(1.,-2.775557561563E-17));
#9478 = ( GEOMETRIC_REPRESENTATION_CONTEXT(2) 
PARAMETRIC_REPRESENTATION_CONTEXT() REPRESENTATION_CONTEXT('2D SPACE',''
  ) );
#9479 = PCURVE('',#6680,#9480);
#9480 = DEFINITIONAL_REPRESENTATION('',(#9481),#9485);
#9481 = LINE('',#9482,#9483);
#9482 = CARTESIAN_POINT('',(0.,54.));
#9483 = VECTOR('',#9484,1.);
#9484 = DIRECTION('',(1.,0.));
#9485 = ( GEOMETRIC_REPRESENTATION_CONTEXT(2) 
PARAMETRIC_REPRESENTATION_CONTEXT() REPRESENTATION_CONTEXT('2D SPACE',''
  ) );
#9486 = ADVANCED_FACE('',(#9487),#3426,.T.);
#9487 = FACE_BOUND('',#9488,.T.);
#9488 = EDGE_LOOP('',(#9489,#9513,#9537,#9564,#9586));
#9489 = ORIENTED_EDGE('',*,*,#9490,.T.);
#9490 = EDGE_CURVE('',#3407,#9491,#9493,.T.);
#9491 = VERTEX_POINT('',#9492);
#9492 = CARTESIAN_POINT('',(-20.74386679895,-0.848156029358,
    23.087331371706));
#9493 = SURFACE_CURVE('',#9494,(#9499,#9506),.PCURVE_S1.);
#9494 = CIRCLE('',#9495,3.);
#9495 = AXIS2_PLACEMENT_3D('',#9496,#9497,#9498);
#9496 = CARTESIAN_POINT('',(-23.55711308112,0.193787038113,
    23.087331371706));
#9497 = DIRECTION('',(0.347314355824,0.937748760724,0.));
#9498 = DIRECTION('',(0.937748760724,-0.347314355824,0.));
#9499 = PCURVE('',#3426,#9500);
#9500 = DEFINITIONAL_REPRESENTATION('',(#9501),#9505);
#9501 = CIRCLE('',#9502,3.);
#9502 = AXIS2_PLACEMENT_2D('',#9503,#9504);
#9503 = CARTESIAN_POINT('',(0.,0.));
#9504 = DIRECTION('',(1.,0.));
#9505 = ( GEOMETRIC_REPRESENTATION_CONTEXT(2) 
PARAMETRIC_REPRESENTATION_CONTEXT() REPRESENTATION_CONTEXT('2D SPACE',''
  ) );
#9506 = PCURVE('',#3490,#9507);
#9507 = DEFINITIONAL_REPRESENTATION('',(#9508),#9512);
#9508 = LINE('',#9509,#9510);
#9509 = CARTESIAN_POINT('',(0.,0.));
#9510 = VECTOR('',#9511,1.);
#9511 = DIRECTION('',(1.,0.));
#9512 = ( GEOMETRIC_REPRESENTATION_CONTEXT(2) 
PARAMETRIC_REPRESENTATION_CONTEXT() REPRESENTATION_CONTEXT('2D SPACE',''
  ) );
#9513 = ORIENTED_EDGE('',*,*,#9514,.T.);
#9514 = EDGE_CURVE('',#9491,#9515,#9517,.T.);
#9515 = VERTEX_POINT('',#9516);
#9516 = CARTESIAN_POINT('',(-21.84916660818,-0.438785729643,
    20.703475138821));
#9517 = SURFACE_CURVE('',#9518,(#9523,#9530),.PCURVE_S1.);
#9518 = CIRCLE('',#9519,3.);
#9519 = AXIS2_PLACEMENT_3D('',#9520,#9521,#9522);
#9520 = CARTESIAN_POINT('',(-23.55711308112,0.193787038113,
    23.087331371706));
#9521 = DIRECTION('',(0.347314355824,0.937748760724,0.));
#9522 = DIRECTION('',(0.937748760724,-0.347314355824,0.));
#9523 = PCURVE('',#3426,#9524);
#9524 = DEFINITIONAL_REPRESENTATION('',(#9525),#9529);
#9525 = CIRCLE('',#9526,3.);
#9526 = AXIS2_PLACEMENT_2D('',#9527,#9528);
#9527 = CARTESIAN_POINT('',(0.,0.));
#9528 = DIRECTION('',(1.,0.));
#9529 = ( GEOMETRIC_REPRESENTATION_CONTEXT(2) 
PARAMETRIC_REPRESENTATION_CONTEXT() REPRESENTATION_CONTEXT('2D SPACE',''
  ) );
#9530 = PCURVE('',#3490,#9531);
#9531 = DEFINITIONAL_REPRESENTATION('',(#9532),#9536);
#9532 = LINE('',#9533,#9534);
#9533 = CARTESIAN_POINT('',(0.,0.));
#9534 = VECTOR('',#9535,1.);
#9535 = DIRECTION('',(1.,0.));
#9536 = ( GEOMETRIC_REPRESENTATION_CONTEXT(2) 
PARAMETRIC_REPRESENTATION_CONTEXT() REPRESENTATION_CONTEXT('2D SPACE',''
  ) );
#9537 = ORIENTED_EDGE('',*,*,#9538,.F.);
#9538 = EDGE_CURVE('',#9539,#9515,#9541,.T.);
#9539 = VERTEX_POINT('',#9540);
#9540 = CARTESIAN_POINT('',(-26.36890935979,1.235193067248,
    22.991023688917));
#9541 = SURFACE_CURVE('',#9542,(#9547,#9554),.PCURVE_S1.);
#9542 = ELLIPSE('',#9543,228.26600870901,12.65);
#9543 = AXIS2_PLACEMENT_3D('',#9544,#9545,#9546);
#9544 = CARTESIAN_POINT('',(-126.6863844302,38.389813463701,
    57.584720195552));
#9545 = DIRECTION('',(0.347314355824,0.937748760724,0.));
#9546 = DIRECTION('',(-0.859658768788,0.318392136588,0.399516268262));
#9547 = PCURVE('',#3426,#9548);
#9548 = DEFINITIONAL_REPRESENTATION('',(#9549),#9553);
#9549 = ELLIPSE('',#9550,228.26600870901,12.65);
#9550 = AXIS2_PLACEMENT_2D('',#9551,#9552);
#9551 = CARTESIAN_POINT('',(-109.9753747149,-34.49738882384));
#9552 = DIRECTION('',(-0.916726104894,-0.399516268262));
#9553 = ( GEOMETRIC_REPRESENTATION_CONTEXT(2) 
PARAMETRIC_REPRESENTATION_CONTEXT() REPRESENTATION_CONTEXT('2D SPACE',''
  ) );
#9554 = PCURVE('',#6680,#9555);
#9555 = DEFINITIONAL_REPRESENTATION('',(#9556),#9563);
#9556 = B_SPLINE_CURVE_WITH_KNOTS('',5,(#9557,#9558,#9559,#9560,#9561,
    #9562),.UNSPECIFIED.,.F.,.F.,(6,6),(2.079741611732,2.120174235965),
  .PIECEWISE_BEZIER_KNOTS.);
#9557 = CARTESIAN_POINT('',(2.488204721058,25.304781847864));
#9558 = CARTESIAN_POINT('',(2.480118196211,23.695328910489));
#9559 = CARTESIAN_POINT('',(2.472031671365,22.094953442988));
#9560 = CARTESIAN_POINT('',(2.463945146518,20.50387470621));
#9561 = CARTESIAN_POINT('',(2.455858621671,18.922309487257));
#9562 = CARTESIAN_POINT('',(2.447772096825,17.350471922319));
#9563 = ( GEOMETRIC_REPRESENTATION_CONTEXT(2) 
PARAMETRIC_REPRESENTATION_CONTEXT() REPRESENTATION_CONTEXT('2D SPACE',''
  ) );
#9564 = ORIENTED_EDGE('',*,*,#9565,.T.);
#9565 = EDGE_CURVE('',#9539,#3405,#9566,.T.);
#9566 = SURFACE_CURVE('',#9567,(#9572,#9579),.PCURVE_S1.);
#9567 = CIRCLE('',#9568,3.);
#9568 = AXIS2_PLACEMENT_3D('',#9569,#9570,#9571);
#9569 = CARTESIAN_POINT('',(-23.55711308112,0.193787038113,
    23.087331371706));
#9570 = DIRECTION('',(0.347314355824,0.937748760724,0.));
#9571 = DIRECTION('',(0.937748760724,-0.347314355824,0.));
#9572 = PCURVE('',#3426,#9573);
#9573 = DEFINITIONAL_REPRESENTATION('',(#9574),#9578);
#9574 = CIRCLE('',#9575,3.);
#9575 = AXIS2_PLACEMENT_2D('',#9576,#9577);
#9576 = CARTESIAN_POINT('',(0.,0.));
#9577 = DIRECTION('',(1.,0.));
#9578 = ( GEOMETRIC_REPRESENTATION_CONTEXT(2) 
PARAMETRIC_REPRESENTATION_CONTEXT() REPRESENTATION_CONTEXT('2D SPACE',''
  ) );
#9579 = PCURVE('',#3490,#9580);
#9580 = DEFINITIONAL_REPRESENTATION('',(#9581),#9585);
#9581 = LINE('',#9582,#9583);
#9582 = CARTESIAN_POINT('',(0.,0.));
#9583 = VECTOR('',#9584,1.);
#9584 = DIRECTION('',(1.,0.));
#9585 = ( GEOMETRIC_REPRESENTATION_CONTEXT(2) 
PARAMETRIC_REPRESENTATION_CONTEXT() REPRESENTATION_CONTEXT('2D SPACE',''
  ) );
#9586 = ORIENTED_EDGE('',*,*,#3404,.T.);
#9587 = ADVANCED_FACE('',(#9588),#3490,.F.);
#9588 = FACE_BOUND('',#9589,.F.);
#9589 = EDGE_LOOP('',(#9590,#9612,#9613,#9634,#9635,#10052,#10053,#10054
    ,#10055,#10056,#10057,#10225));
#9590 = ORIENTED_EDGE('',*,*,#9591,.F.);
#9591 = EDGE_CURVE('',#4049,#3819,#9592,.T.);
#9592 = SURFACE_CURVE('',#9593,(#9598,#9605),.PCURVE_S1.);
#9593 = CIRCLE('',#9594,3.);
#9594 = AXIS2_PLACEMENT_3D('',#9595,#9596,#9597);
#9595 = CARTESIAN_POINT('',(-18.00008338794,15.197767209692,
    23.087331371706));
#9596 = DIRECTION('',(0.347314355824,0.937748760724,0.));
#9597 = DIRECTION('',(0.937748760724,-0.347314355824,0.));
#9598 = PCURVE('',#3490,#9599);
#9599 = DEFINITIONAL_REPRESENTATION('',(#9600),#9604);
#9600 = LINE('',#9601,#9602);
#9601 = CARTESIAN_POINT('',(0.,16.));
#9602 = VECTOR('',#9603,1.);
#9603 = DIRECTION('',(1.,0.));
#9604 = ( GEOMETRIC_REPRESENTATION_CONTEXT(2) 
PARAMETRIC_REPRESENTATION_CONTEXT() REPRESENTATION_CONTEXT('2D SPACE',''
  ) );
#9605 = PCURVE('',#4068,#9606);
#9606 = DEFINITIONAL_REPRESENTATION('',(#9607),#9611);
#9607 = CIRCLE('',#9608,3.);
#9608 = AXIS2_PLACEMENT_2D('',#9609,#9610);
#9609 = CARTESIAN_POINT('',(0.,0.));
#9610 = DIRECTION('',(1.,0.));
#9611 = ( GEOMETRIC_REPRESENTATION_CONTEXT(2) 
PARAMETRIC_REPRESENTATION_CONTEXT() REPRESENTATION_CONTEXT('2D SPACE',''
  ) );
#9612 = ORIENTED_EDGE('',*,*,#4080,.F.);
#9613 = ORIENTED_EDGE('',*,*,#9614,.F.);
#9614 = EDGE_CURVE('',#9491,#4081,#9615,.T.);
#9615 = SEAM_CURVE('',#9616,(#9620,#9627),.PCURVE_S1.);
#9616 = LINE('',#9617,#9618);
#9617 = CARTESIAN_POINT('',(-20.74386679895,-0.848156029358,
    23.087331371706));
#9618 = VECTOR('',#9619,1.);
#9619 = DIRECTION('',(0.347314355824,0.937748760724,0.));
#9620 = PCURVE('',#3490,#9621);
#9621 = DEFINITIONAL_REPRESENTATION('',(#9622),#9626);
#9622 = LINE('',#9623,#9624);
#9623 = CARTESIAN_POINT('',(6.28318530718,-0.));
#9624 = VECTOR('',#9625,1.);
#9625 = DIRECTION('',(0.,1.));
#9626 = ( GEOMETRIC_REPRESENTATION_CONTEXT(2) 
PARAMETRIC_REPRESENTATION_CONTEXT() REPRESENTATION_CONTEXT('2D SPACE',''
  ) );
#9627 = PCURVE('',#3490,#9628);
#9628 = DEFINITIONAL_REPRESENTATION('',(#9629),#9633);
#9629 = LINE('',#9630,#9631);
#9630 = CARTESIAN_POINT('',(0.,-0.));
#9631 = VECTOR('',#9632,1.);
#9632 = DIRECTION('',(0.,1.));
#9633 = ( GEOMETRIC_REPRESENTATION_CONTEXT(2) 
PARAMETRIC_REPRESENTATION_CONTEXT() REPRESENTATION_CONTEXT('2D SPACE',''
  ) );
#9634 = ORIENTED_EDGE('',*,*,#9514,.T.);
#9635 = ORIENTED_EDGE('',*,*,#9636,.F.);
#9636 = EDGE_CURVE('',#9539,#9515,#9637,.T.);
#9637 = SURFACE_CURVE('',#9638,(#9774,#9913),.PCURVE_S1.);
#9638 = B_SPLINE_CURVE_WITH_KNOTS('',8,(#9639,#9640,#9641,#9642,#9643,
    #9644,#9645,#9646,#9647,#9648,#9649,#9650,#9651,#9652,#9653,#9654,
    #9655,#9656,#9657,#9658,#9659,#9660,#9661,#9662,#9663,#9664,#9665,
    #9666,#9667,#9668,#9669,#9670,#9671,#9672,#9673,#9674,#9675,#9676,
    #9677,#9678,#9679,#9680,#9681,#9682,#9683,#9684,#9685,#9686,#9687,
    #9688,#9689,#9690,#9691,#9692,#9693,#9694,#9695,#9696,#9697,#9698,
    #9699,#9700,#9701,#9702,#9703,#9704,#9705,#9706,#9707,#9708,#9709,
    #9710,#9711,#9712,#9713,#9714,#9715,#9716,#9717,#9718,#9719,#9720,
    #9721,#9722,#9723,#9724,#9725,#9726,#9727,#9728,#9729,#9730,#9731,
    #9732,#9733,#9734,#9735,#9736,#9737,#9738,#9739,#9740,#9741,#9742,
    #9743,#9744,#9745,#9746,#9747,#9748,#9749,#9750,#9751,#9752,#9753,
    #9754,#9755,#9756,#9757,#9758,#9759,#9760,#9761,#9762,#9763,#9764,
    #9765,#9766,#9767,#9768,#9769,#9770,#9771,#9772,#9773),
  .UNSPECIFIED.,.F.,.F.,(9,7,7,7,7,7,7,7,7,7,7,7,7,7,7,7,7,7,7,9),(0.,
    0.151304900767,0.225189428345,0.326684636869,0.388718425832,
    0.440142248341,0.470182724561,0.491120045154,0.503986998876,
    0.526970483528,0.542625302451,0.548846740835,0.557511924509,
    0.571213901991,0.596284388287,0.629953048486,0.770159161496,
    0.813720562428,0.929755965229,1.),.UNSPECIFIED.);
#9639 = CARTESIAN_POINT('',(-26.36890955678,1.235192500378,
    22.991023310598));
#9640 = CARTESIAN_POINT('',(-26.18187308888,1.773408702764,
    23.350216021879));
#9641 = CARTESIAN_POINT('',(-25.93600591205,2.323678572706,
    23.654690383613));
#9642 = CARTESIAN_POINT('',(-25.66212421457,2.880533036362,
    23.904828879379));
#9643 = CARTESIAN_POINT('',(-25.37820985353,3.441171879331,
    24.106619511554));
#9644 = CARTESIAN_POINT('',(-25.09612631095,4.004426715028,
    24.26591630417));
#9645 = CARTESIAN_POINT('',(-24.8219554374,4.571516661692,
    24.388222510618));
#9646 = CARTESIAN_POINT('',(-24.55851209133,5.147113617802,
    24.477143685285));
#9647 = CARTESIAN_POINT('',(-24.18374949448,6.026654763156,
    24.560685706921));
#9648 = CARTESIAN_POINT('',(-24.06431839961,6.31713001457,
    24.580109054795));
#9649 = CARTESIAN_POINT('',(-23.94879851757,6.609436078246,
    24.591706357672));
#9650 = CARTESIAN_POINT('',(-23.83744339078,6.903475897979,
    24.595573425223));
#9651 = CARTESIAN_POINT('',(-23.73037745103,7.199118072842,
    24.591738424457));
#9652 = CARTESIAN_POINT('',(-23.6275968135,7.496192327627,
    24.580160747445));
#9653 = CARTESIAN_POINT('',(-23.52897061209,7.794485215384,
    24.560731500605));
#9654 = CARTESIAN_POINT('',(-23.30411534272,8.504817060029,
    24.495559454046));
#9655 = CARTESIAN_POINT('',(-23.18050349623,8.920361829344,
    24.442452695725));
#9656 = CARTESIAN_POINT('',(-23.06331647875,9.338452966957,
    24.373277621918));
#9657 = CARTESIAN_POINT('',(-22.95178218291,9.757153748412,
    24.287333158394));
#9658 = CARTESIAN_POINT('',(-22.8444745931,10.174531293214,
    24.183851020009));
#9659 = CARTESIAN_POINT('',(-22.73942194931,10.588626086424,
    24.061963424919));
#9660 = CARTESIAN_POINT('',(-22.63412535935,10.997312914568,
    23.920709776467));
#9661 = CARTESIAN_POINT('',(-22.45881420171,11.642896855982,
    23.66033988212));
#9662 = CARTESIAN_POINT('',(-22.3908607898,11.885314911898,
    23.553764125179));
#9663 = CARTESIAN_POINT('',(-22.32071212536,12.124605618125,
    23.439117560444));
#9664 = CARTESIAN_POINT('',(-22.24752097023,12.359972261019,
    23.316163891889));
#9665 = CARTESIAN_POINT('',(-22.17032496468,12.590446495275,
    23.184726800187));
#9666 = CARTESIAN_POINT('',(-22.08802571667,12.814864865494,
    23.044731919522));
#9667 = CARTESIAN_POINT('',(-21.99935998802,13.031843600893,
    22.896259398108));
#9668 = CARTESIAN_POINT('',(-21.82287036087,13.412100148323,
    22.609747766164));
#9669 = CARTESIAN_POINT('',(-21.73729333907,13.578650948362,
    22.473938380571));
#9670 = CARTESIAN_POINT('',(-21.64553079226,13.737812774601,
    22.332757365665));
#9671 = CARTESIAN_POINT('',(-21.54691891373,13.88808522412,
    22.186912081698));
#9672 = CARTESIAN_POINT('',(-21.44076208523,14.028025840198,
    22.037267729975));
#9673 = CARTESIAN_POINT('',(-21.32636671407,14.156215902429,
    21.884875079829));
#9674 = CARTESIAN_POINT('',(-21.20307803242,14.271224966436,
    21.730996961711));
#9675 = CARTESIAN_POINT('',(-20.99276594382,14.43019557053,
    21.487250459664));
#9676 = CARTESIAN_POINT('',(-20.91207567282,14.483742340096,
    21.397482669761));
#9677 = CARTESIAN_POINT('',(-20.82824735514,14.531864087632,
    21.308244492542));
#9678 = CARTESIAN_POINT('',(-20.74130924629,14.574247681452,
    21.219970330233));
#9679 = CARTESIAN_POINT('',(-20.65132337543,14.610615668769,
    21.133108096023));
#9680 = CARTESIAN_POINT('',(-20.558389373,14.640724711995,
    21.048112658656));
#9681 = CARTESIAN_POINT('',(-20.4626482982,14.66436402503,
    20.965439287023));
#9682 = CARTESIAN_POINT('',(-20.29573118849,14.69319518529,
    20.829847637533));
#9683 = CARTESIAN_POINT('',(-20.22591494812,14.701804116917,
    20.775514215345));
#9684 = CARTESIAN_POINT('',(-20.15491506095,14.707119546208,
    20.72269889511));
#9685 = CARTESIAN_POINT('',(-20.08281891935,14.709090890148,
    20.671559188783));
#9686 = CARTESIAN_POINT('',(-20.00972448562,14.707677697899,
    20.622246895826));
#9687 = CARTESIAN_POINT('',(-19.93574078495,14.70284930774,
    20.574906945679));
#9688 = CARTESIAN_POINT('',(-19.86098839842,14.694584504018,
    20.529676240228));
#9689 = CARTESIAN_POINT('',(-19.73927026464,14.675672790065,
    20.46026084833));
#9690 = CARTESIAN_POINT('',(-19.69269973195,14.66717192747,
    20.434683599238));
#9691 = CARTESIAN_POINT('',(-19.64592091893,14.657366178822,
    20.409981529409));
#9692 = CARTESIAN_POINT('',(-19.59896748047,14.646254611154,
    20.386183401765));
#9693 = CARTESIAN_POINT('',(-19.55187416533,14.633837766018,
    20.363315961746));
#9694 = CARTESIAN_POINT('',(-19.50467681611,14.620117659484,
    20.341403937314));
#9695 = CARTESIAN_POINT('',(-19.45741236928,14.605097782139,
    20.320470038947));
#9696 = CARTESIAN_POINT('',(-19.32564122511,14.559641137783,
    20.264926096875));
#9697 = CARTESIAN_POINT('',(-19.24104706268,14.526359552285,
    20.23249368262));
#9698 = CARTESIAN_POINT('',(-19.15658182277,14.488972816177,
    20.203370908236));
#9699 = CARTESIAN_POINT('',(-19.07249700652,14.447536114977,
    20.177659472865));
#9700 = CARTESIAN_POINT('',(-18.98904617137,14.402123827298,
    20.155429530811));
#9701 = CARTESIAN_POINT('',(-18.90648094117,14.352828006002,
    20.136719638938));
#9702 = CARTESIAN_POINT('',(-18.82504701628,14.299756859362,
    20.121536704051));
#9703 = CARTESIAN_POINT('',(-18.69044399014,14.204396875503,
    20.101899765208));
#9704 = CARTESIAN_POINT('',(-18.63655078107,14.164072170892,
    20.095569782682));
#9705 = CARTESIAN_POINT('',(-18.58338397819,14.122105700369,
    20.090858750958));
#9706 = CARTESIAN_POINT('',(-18.53102322673,14.078547963772,
    20.08775125527));
#9707 = CARTESIAN_POINT('',(-18.4795441331,14.033453483357,
    20.086224155154));
#9708 = CARTESIAN_POINT('',(-18.42901800256,13.986880908368,
    20.086247041751));
#9709 = CARTESIAN_POINT('',(-18.37951157685,13.938893119598,
    20.08778269512));
#9710 = CARTESIAN_POINT('',(-18.31184209445,13.869950620394,
    20.091981708462));
#9711 = CARTESIAN_POINT('',(-18.2927682293,13.850130995615,
    20.093407923724));
#9712 = CARTESIAN_POINT('',(-18.27386902425,13.830102651457,
    20.095063435399));
#9713 = CARTESIAN_POINT('',(-18.2551481575,13.809869834883,
    20.096945354549));
#9714 = CARTESIAN_POINT('',(-18.23660913763,13.789436847983,
    20.099050655234));
#9715 = CARTESIAN_POINT('',(-18.2182553036,13.768808047972,
    20.101376174507));
#9716 = CARTESIAN_POINT('',(-18.20008982476,13.747987847193,
    20.103918612415));
#9717 = CARTESIAN_POINT('',(-18.1570814442,13.697722097333,
    20.110512960984));
#9718 = CARTESIAN_POINT('',(-18.13241835276,13.668100762369,
    20.114765598228));
#9719 = CARTESIAN_POINT('',(-18.1081345127,13.63812882244,
    20.119423093872));
#9720 = CARTESIAN_POINT('',(-18.08423728975,13.607818406529,
    20.124475775697));
#9721 = CARTESIAN_POINT('',(-18.06073332921,13.577181658381,
    20.129913649131));
#9722 = CARTESIAN_POINT('',(-18.03762855596,13.546230736506,
    20.135726397246));
#9723 = CARTESIAN_POINT('',(-18.01492817445,13.514977814179,
    20.141903380758));
#9724 = CARTESIAN_POINT('',(-17.95738782445,13.433557563006,
    20.158759724751));
#9725 = CARTESIAN_POINT('',(-17.92316618703,13.382962157693,
    20.169967862567));
#9726 = CARTESIAN_POINT('',(-17.88998488191,13.331691168724,
    20.18201597402));
#9727 = CARTESIAN_POINT('',(-17.85785457291,13.279787876329,
    20.194860908916));
#9728 = CARTESIAN_POINT('',(-17.82678339903,13.227296573104,
    20.208458608107));
#9729 = CARTESIAN_POINT('',(-17.79677691128,13.174262601373,
    20.222764267271));
#9730 = CARTESIAN_POINT('',(-17.76783800945,13.12073239055,
    20.237732500698));
#9731 = CARTESIAN_POINT('',(-17.68897111592,12.967988394674,
    20.281833362645));
#9732 = CARTESIAN_POINT('',(-17.64157460914,12.86776922495,
    20.312400111046));
#9733 = CARTESIAN_POINT('',(-17.59771681189,12.766280088441,
    20.344765633976));
#9734 = CARTESIAN_POINT('',(-17.55732620197,12.663704028129,
    20.37868757731));
#9735 = CARTESIAN_POINT('',(-17.52032027756,12.560223260045,
    20.413933714775));
#9736 = CARTESIAN_POINT('',(-17.48660555323,12.456019406445,
    20.450282313651));
#9737 = CARTESIAN_POINT('',(-17.45607755586,12.351273728994,
    20.487522500457));
#9738 = CARTESIAN_POINT('',(-17.39174752346,12.105013715572,
    20.576395954713));
#9739 = CARTESIAN_POINT('',(-17.36039858448,11.963151362417,
    20.628606118747));
#9740 = CARTESIAN_POINT('',(-17.33424609423,11.820796610826,
    20.681684155474));
#9741 = CARTESIAN_POINT('',(-17.31297085886,11.678136274314,
    20.735283258788));
#9742 = CARTESIAN_POINT('',(-17.29626410621,11.535330529175,
    20.789104777087));
#9743 = CARTESIAN_POINT('',(-17.28382919187,11.392515772094,
    20.842892210625));
#9744 = CARTESIAN_POINT('',(-17.2753833053,11.249807477757,
    20.896425208853));
#9745 = CARTESIAN_POINT('',(-17.2509865247,10.513873116638,
    21.170588965614));
#9746 = CARTESIAN_POINT('',(-17.2957132997,9.919809013527,
    21.385508968419));
#9747 = CARTESIAN_POINT('',(-17.3870502098,9.330241526882,
    21.581132931709));
#9748 = CARTESIAN_POINT('',(-17.51177687452,8.747042435851,
    21.75201380148));
#9749 = CARTESIAN_POINT('',(-17.66021198874,8.17029287609,
    21.895348475609));
#9750 = CARTESIAN_POINT('',(-17.82605941544,7.598415453434,
    22.010258188901));
#9751 = CARTESIAN_POINT('',(-18.00593359653,7.027808961693,
    22.095965398618));
#9752 = CARTESIAN_POINT('',(-18.25907824528,6.276069208424,
    22.168120132248));
#9753 = CARTESIAN_POINT('',(-18.32019735633,6.098088126041,
    22.182216849426));
#9754 = CARTESIAN_POINT('',(-18.38234756995,5.920334691321,
    22.19327862446));
#9755 = CARTESIAN_POINT('',(-18.44546523899,5.742825302244,
    22.201284297905));
#9756 = CARTESIAN_POINT('',(-18.50950418342,5.565581161172,
    22.206219183034));
#9757 = CARTESIAN_POINT('',(-18.57443578698,5.388628318214,
    22.208075048042));
#9758 = CARTESIAN_POINT('',(-18.6402490939,5.21199771459,22.206850098249
    ));
#9759 = CARTESIAN_POINT('',(-18.88462589788,4.566184559733,
    22.191091923083));
#9760 = CARTESIAN_POINT('',(-19.06866366583,4.099029005519,
    22.157803665071));
#9761 = CARTESIAN_POINT('',(-19.2591126097,3.635176611293,
    22.102754550819));
#9762 = CARTESIAN_POINT('',(-19.45687741094,3.175811360931,
    22.026387371159));
#9763 = CARTESIAN_POINT('',(-19.66375053395,2.722387345159,
    21.929546025769));
#9764 = CARTESIAN_POINT('',(-19.88230935407,2.276673637096,
    21.813412745545));
#9765 = CARTESIAN_POINT('',(-20.11589223962,1.840912120011,
    21.67960398579));
#9766 = CARTESIAN_POINT('',(-20.52200950551,1.162240530652,
    21.440518464576));
#9767 = CARTESIAN_POINT('',(-20.68222904822,0.911137760611,
    21.344838312414));
#9768 = CARTESIAN_POINT('',(-20.85048323562,0.665540148063,
    21.244210448488));
#9769 = CARTESIAN_POINT('',(-21.02778048568,0.42638330376,
    21.139388240964));
#9770 = CARTESIAN_POINT('',(-21.2151871218,0.194833452124,
    21.031365229104));
#9771 = CARTESIAN_POINT('',(-21.41381456093,-2.770640468282E-02,
    20.921449162173));
#9772 = CARTESIAN_POINT('',(-21.62478412835,-0.239570286599,
    20.811373813958));
#9773 = CARTESIAN_POINT('',(-21.84916711671,-0.43878618113,
    20.703474894285));
#9774 = PCURVE('',#3490,#9775);
#9775 = DEFINITIONAL_REPRESENTATION('',(#9776),#9912);
#9776 = B_SPLINE_CURVE_WITH_KNOTS('',8,(#9777,#9778,#9779,#9780,#9781,
    #9782,#9783,#9784,#9785,#9786,#9787,#9788,#9789,#9790,#9791,#9792,
    #9793,#9794,#9795,#9796,#9797,#9798,#9799,#9800,#9801,#9802,#9803,
    #9804,#9805,#9806,#9807,#9808,#9809,#9810,#9811,#9812,#9813,#9814,
    #9815,#9816,#9817,#9818,#9819,#9820,#9821,#9822,#9823,#9824,#9825,
    #9826,#9827,#9828,#9829,#9830,#9831,#9832,#9833,#9834,#9835,#9836,
    #9837,#9838,#9839,#9840,#9841,#9842,#9843,#9844,#9845,#9846,#9847,
    #9848,#9849,#9850,#9851,#9852,#9853,#9854,#9855,#9856,#9857,#9858,
    #9859,#9860,#9861,#9862,#9863,#9864,#9865,#9866,#9867,#9868,#9869,
    #9870,#9871,#9872,#9873,#9874,#9875,#9876,#9877,#9878,#9879,#9880,
    #9881,#9882,#9883,#9884,#9885,#9886,#9887,#9888,#9889,#9890,#9891,
    #9892,#9893,#9894,#9895,#9896,#9897,#9898,#9899,#9900,#9901,#9902,
    #9903,#9904,#9905,#9906,#9907,#9908,#9909,#9910,#9911),
  .UNSPECIFIED.,.F.,.F.,(9,7,7,7,7,7,7,7,7,7,7,7,7,7,7,7,7,7,7,9),(0.,
    0.151304900767,0.225189428345,0.326684636869,0.388718425832,
    0.440142248341,0.470182724561,0.491120045154,0.503986998876,
    0.526970483528,0.542625302451,0.548846740835,0.557511924509,
    0.571213901991,0.596284388287,0.629953048486,0.770159161496,
    0.813720562428,0.929755965229,1.),.UNSPECIFIED.);
#9777 = CARTESIAN_POINT('',(3.109484449917,-6.E-07));
#9778 = CARTESIAN_POINT('',(3.229277097694,0.569671427152));
#9779 = CARTESIAN_POINT('',(3.330296300868,1.171079515893));
#9780 = CARTESIAN_POINT('',(3.415559419581,1.788392144428));
#9781 = CARTESIAN_POINT('',(3.486484424248,2.412738058035));
#9782 = CARTESIAN_POINT('',(3.544219729241,3.038901246074));
#9783 = CARTESIAN_POINT('',(3.589608401063,3.665912621102));
#9784 = CARTESIAN_POINT('',(3.623152624587,4.297175609411));
#9785 = CARTESIAN_POINT('',(3.654935243199,5.252124658382));
#9786 = CARTESIAN_POINT('',(3.662392993056,5.565997599196));
#9787 = CARTESIAN_POINT('',(3.666875382657,5.880228961577));
#9788 = CARTESIAN_POINT('',(3.668375182331,6.194639672264));
#9789 = CARTESIAN_POINT('',(3.666887814062,6.509063293254));
#9790 = CARTESIAN_POINT('',(3.6624128909,6.823341498436));
#9791 = CARTESIAN_POINT('',(3.654952664889,7.137319579874));
#9792 = CARTESIAN_POINT('',(3.630158695826,7.881527849928));
#9793 = CARTESIAN_POINT('',(3.610084563263,8.314136611215));
#9794 = CARTESIAN_POINT('',(3.5842017262,8.746901790865));
#9795 = CARTESIAN_POINT('',(3.55251389133,9.178275391903));
#9796 = CARTESIAN_POINT('',(3.515053171636,9.606940133723));
#9797 = CARTESIAN_POINT('',(3.471817635083,10.031743304184));
#9798 = CARTESIAN_POINT('',(3.422703895906,10.451559888112));
#9799 = CARTESIAN_POINT('',(3.33365257282,11.117843510901));
#9800 = CARTESIAN_POINT('',(3.297501146554,11.368771937898));
#9801 = CARTESIAN_POINT('',(3.258904519293,11.617530139315));
#9802 = CARTESIAN_POINT('',(3.217771003483,11.863665255903));
#9803 = CARTESIAN_POINT('',(3.17399506672,12.106603464392));
#9804 = CARTESIAN_POINT('',(3.127453560511,12.345635223258));
#9805 = CARTESIAN_POINT('',(3.077995219415,12.579901643909));
#9806 = CARTESIAN_POINT('',(2.981843272289,12.997784131183));
#9807 = CARTESIAN_POINT('',(2.936012900021,13.183689065718));
#9808 = CARTESIAN_POINT('',(2.887954948036,13.364813320863));
#9809 = CARTESIAN_POINT('',(2.837678085277,13.539980445236));
#9810 = CARTESIAN_POINT('',(2.785178539725,13.708079375045));
#9811 = CARTESIAN_POINT('',(2.730438507573,13.868020601682));
#9812 = CARTESIAN_POINT('',(2.673421447161,14.018690137975));
#9813 = CARTESIAN_POINT('',(2.579389312277,14.24080903253));
#9814 = CARTESIAN_POINT('',(2.543958172097,14.319047338827));
#9815 = CARTESIAN_POINT('',(2.507806376931,14.393288226095));
#9816 = CARTESIAN_POINT('',(2.470969747901,14.463228241948));
#9817 = CARTESIAN_POINT('',(2.433484376387,14.528585661754));
#9818 = CARTESIAN_POINT('',(2.395386612947,14.589097692915));
#9819 = CARTESIAN_POINT('',(2.356713056237,14.644517679138));
#9820 = CARTESIAN_POINT('',(2.290170582923,14.729526772375));
#9821 = CARTESIAN_POINT('',(2.262583682197,14.761847969889));
#9822 = CARTESIAN_POINT('',(2.234758039776,14.791491787197));
#9823 = CARTESIAN_POINT('',(2.206711461336,14.818380437511));
#9824 = CARTESIAN_POINT('',(2.178461703528,14.842441964396));
#9825 = CARTESIAN_POINT('',(2.150026819315,14.863609748848));
#9826 = CARTESIAN_POINT('',(2.121425503301,14.881822016375));
#9827 = CARTESIAN_POINT('',(2.075010418207,14.906362035276));
#9828 = CARTESIAN_POINT('',(2.057287796416,14.914564976475));
#9829 = CARTESIAN_POINT('',(2.039514744098,14.921616601144));
#9830 = CARTESIAN_POINT('',(2.021696439831,14.927504345565));
#9831 = CARTESIAN_POINT('',(2.003838068363,14.932216648838));
#9832 = CARTESIAN_POINT('',(1.985944820614,14.935742952878));
#9833 = CARTESIAN_POINT('',(1.968021893676,14.938073702417));
#9834 = CARTESIAN_POINT('',(1.918016097882,14.941212800561));
#9835 = CARTESIAN_POINT('',(1.885870728764,14.939383802035));
#9836 = CARTESIAN_POINT('',(1.853679518034,14.933660426969));
#9837 = CARTESIAN_POINT('',(1.821482676525,14.924007075563));
#9838 = CARTESIAN_POINT('',(1.789319554702,14.910405432123));
#9839 = CARTESIAN_POINT('',(1.757228706044,14.892854426534));
#9840 = CARTESIAN_POINT('',(1.725247950413,14.871370195706));
#9841 = CARTESIAN_POINT('',(1.671731568679,14.828696052338));
#9842 = CARTESIAN_POINT('',(1.650120488552,14.809599495752));
#9843 = CARTESIAN_POINT('',(1.628596579676,14.788711083922));
#9844 = CARTESIAN_POINT('',(1.607174640587,14.766050511072));
#9845 = CARTESIAN_POINT('',(1.585869036236,14.741642646189));
#9846 = CARTESIAN_POINT('',(1.564693848489,14.715517722189));
#9847 = CARTESIAN_POINT('',(1.543663026629,14.687711525095));
#9848 = CARTESIAN_POINT('',(1.514495526362,14.646563364596));
#9849 = CARTESIAN_POINT('',(1.506225515447,14.63460216321));
#9850 = CARTESIAN_POINT('',(1.497981362406,14.622384573523));
#9851 = CARTESIAN_POINT('',(1.489763905392,14.609913300631));
#9852 = CARTESIAN_POINT('',(1.481573963408,14.597191160231));
#9853 = CARTESIAN_POINT('',(1.473412336312,14.584221078627));
#9854 = CARTESIAN_POINT('',(1.465279804815,14.571006092729));
#9855 = CARTESIAN_POINT('',(1.445891772171,14.538806876082));
#9856 = CARTESIAN_POINT('',(1.434664315224,14.519595351642));
#9857 = CARTESIAN_POINT('',(1.423496817267,14.499923328385));
#9858 = CARTESIAN_POINT('',(1.412391231747,14.479799622024));
#9859 = CARTESIAN_POINT('',(1.401349407934,14.45923331233));
#9860 = CARTESIAN_POINT('',(1.390373090913,14.438233743137));
#9861 = CARTESIAN_POINT('',(1.379463921593,14.416810522337));
#9862 = CARTESIAN_POINT('',(1.351481725054,14.360443372296));
#9863 = CARTESIAN_POINT('',(1.334514105924,14.324883259618));
#9864 = CARTESIAN_POINT('',(1.317724533237,14.288328296865));
#9865 = CARTESIAN_POINT('',(1.301117052027,14.250815366319));
#9866 = CARTESIAN_POINT('',(1.284695778962,14.21238317651));
#9867 = CARTESIAN_POINT('',(1.268464882873,14.173072319207));
#9868 = CARTESIAN_POINT('',(1.252428565282,14.132925326395));
#9869 = CARTESIAN_POINT('',(1.207613147935,14.017081437876));
#9870 = CARTESIAN_POINT('',(1.179314787659,13.939562522887));
#9871 = CARTESIAN_POINT('',(1.15168875898,13.859623653496));
#9872 = CARTESIAN_POINT('',(1.124730624105,13.777461318726));
#9873 = CARTESIAN_POINT('',(1.098438026116,13.693275045494));
#9874 = CARTESIAN_POINT('',(1.07281000652,13.607267618681));
#9875 = CARTESIAN_POINT('',(1.047846322793,13.519645301202));
#9876 = CARTESIAN_POINT('',(0.990913433118,13.311058022562));
#9877 = CARTESIAN_POINT('',(0.959464405577,13.188914713246));
#9878 = CARTESIAN_POINT('',(0.929150740827,13.064504856663));
#9879 = CARTESIAN_POINT('',(0.899928519074,12.93811449756));
#9880 = CARTESIAN_POINT('',(0.871758026042,12.810001082068));
#9881 = CARTESIAN_POINT('',(0.844602935805,12.680395544867));
#9882 = CARTESIAN_POINT('',(0.818429493623,12.549504396359));
#9883 = CARTESIAN_POINT('',(0.688166466145,11.867856213386));
#9884 = CARTESIAN_POINT('',(0.598858218016,11.295239085852));
#9885 = CARTESIAN_POINT('',(0.523057694119,10.710650285803));
#9886 = CARTESIAN_POINT('',(0.459663940002,10.120436699706));
#9887 = CARTESIAN_POINT('',(0.407814516789,9.52803686873));
#9888 = CARTESIAN_POINT('',(0.366935426717,8.934158332173));
#9889 = CARTESIAN_POINT('',(0.336723070268,8.336599916349));
#9890 = CARTESIAN_POINT('',(0.311406887993,7.543736123724));
#9891 = CARTESIAN_POINT('',(0.306474400251,7.355607039602));
#9892 = CARTESIAN_POINT('',(0.302611599477,7.167333315072));
#9893 = CARTESIAN_POINT('',(0.29981964325,6.978952432884));
#9894 = CARTESIAN_POINT('',(0.298099654636,6.790500314517));
#9895 = CARTESIAN_POINT('',(0.297452598629,6.602011327261));
#9896 = CARTESIAN_POINT('',(0.297879158579,6.413518291311));
#9897 = CARTESIAN_POINT('',(0.303376403034,5.723032233433));
#9898 = CARTESIAN_POINT('',(0.31499401312,5.221038732581));
#9899 = CARTESIAN_POINT('',(0.334249131368,4.719916072477));
#9900 = CARTESIAN_POINT('',(0.361118845003,4.220460323686));
#9901 = CARTESIAN_POINT('',(0.395573908369,3.723412509355));
#9902 = CARTESIAN_POINT('',(0.437636288955,3.229536416162));
#9903 = CARTESIAN_POINT('',(0.487474045041,2.739774904119));
#9904 = CARTESIAN_POINT('',(0.580701806185,1.962301105669));
#9905 = CARTESIAN_POINT('',(0.618868098235,1.671183246983));
#9906 = CARTESIAN_POINT('',(0.66014460992,1.382437295466));
#9907 = CARTESIAN_POINT('',(0.704649379364,1.09659038091));
#9908 = CARTESIAN_POINT('',(0.752526502867,0.814365779389));
#9909 = CARTESIAN_POINT('',(0.803950267169,0.536693143388));
#9910 = CARTESIAN_POINT('',(0.859137509967,0.264745291272));
#9911 = CARTESIAN_POINT('',(0.91837946959,-6.E-07));
#9912 = ( GEOMETRIC_REPRESENTATION_CONTEXT(2) 
PARAMETRIC_REPRESENTATION_CONTEXT() REPRESENTATION_CONTEXT('2D SPACE',''
  ) );
#9913 = PCURVE('',#6680,#9914);
#9914 = DEFINITIONAL_REPRESENTATION('',(#9915),#10051);
#9915 = B_SPLINE_CURVE_WITH_KNOTS('',8,(#9916,#9917,#9918,#9919,#9920,
    #9921,#9922,#9923,#9924,#9925,#9926,#9927,#9928,#9929,#9930,#9931,
    #9932,#9933,#9934,#9935,#9936,#9937,#9938,#9939,#9940,#9941,#9942,
    #9943,#9944,#9945,#9946,#9947,#9948,#9949,#9950,#9951,#9952,#9953,
    #9954,#9955,#9956,#9957,#9958,#9959,#9960,#9961,#9962,#9963,#9964,
    #9965,#9966,#9967,#9968,#9969,#9970,#9971,#9972,#9973,#9974,#9975,
    #9976,#9977,#9978,#9979,#9980,#9981,#9982,#9983,#9984,#9985,#9986,
    #9987,#9988,#9989,#9990,#9991,#9992,#9993,#9994,#9995,#9996,#9997,
    #9998,#9999,#10000,#10001,#10002,#10003,#10004,#10005,#10006,#10007,
    #10008,#10009,#10010,#10011,#10012,#10013,#10014,#10015,#10016,
    #10017,#10018,#10019,#10020,#10021,#10022,#10023,#10024,#10025,
    #10026,#10027,#10028,#10029,#10030,#10031,#10032,#10033,#10034,
    #10035,#10036,#10037,#10038,#10039,#10040,#10041,#10042,#10043,
    #10044,#10045,#10046,#10047,#10048,#10049,#10050),.UNSPECIFIED.,.F.,
  .F.,(9,7,7,7,7,7,7,7,7,7,7,7,7,7,7,7,7,7,7,9),(0.,0.151304900767,
    0.225189428345,0.326684636869,0.388718425832,0.440142248341,
    0.470182724561,0.491120045154,0.503986998876,0.526970483528,
    0.542625302451,0.548846740835,0.557511924509,0.571213901991,
    0.596284388287,0.629953048486,0.770159161496,0.813720562428,
    0.929755965229,1.),.UNSPECIFIED.);
#9916 = CARTESIAN_POINT('',(2.484864511979,24.640614954306));
#9917 = CARTESIAN_POINT('',(2.537225422266,24.762887801021));
#9918 = CARTESIAN_POINT('',(2.590353237001,24.814909909237));
#9919 = CARTESIAN_POINT('',(2.64306871034,24.822423262393));
#9920 = CARTESIAN_POINT('',(2.695036877644,24.802852423437));
#9921 = CARTESIAN_POINT('',(2.746160995273,24.768633076299));
#9922 = CARTESIAN_POINT('',(2.796647956632,24.727622028871));
#9923 = CARTESIAN_POINT('',(2.846980849156,24.6849702437));
#9924 = CARTESIAN_POINT('',(2.922689498848,24.623309947478));
#9925 = CARTESIAN_POINT('',(2.947505174127,24.603494517681));
#9926 = CARTESIAN_POINT('',(2.972306227031,24.584476559317));
#9927 = CARTESIAN_POINT('',(2.997102782235,24.566490985509));
#9928 = CARTESIAN_POINT('',(3.021905201122,24.549623287538));
#9929 = CARTESIAN_POINT('',(3.046723872501,24.533808575425));
#9930 = CARTESIAN_POINT('',(3.071569013332,24.51883180214));
#9931 = CARTESIAN_POINT('',(3.130630160596,24.4844069011));
#9932 = CARTESIAN_POINT('',(3.16509924761,24.465250425546));
#9933 = CARTESIAN_POINT('',(3.199778093261,24.445999764057));
#9934 = CARTESIAN_POINT('',(3.234604374463,24.425182623996));
#9935 = CARTESIAN_POINT('',(3.269530636624,24.400727064287));
#9936 = CARTESIAN_POINT('',(3.304519172844,24.370035434194));
#9937 = CARTESIAN_POINT('',(3.339529817064,24.329966390591));
#9938 = CARTESIAN_POINT('',(3.395867673475,24.243937064709));
#9939 = CARTESIAN_POINT('',(3.417266969823,24.206256263238));
#9940 = CARTESIAN_POINT('',(3.438675953208,24.162597805644));
#9941 = CARTESIAN_POINT('',(3.460065839489,24.111912035362));
#9942 = CARTESIAN_POINT('',(3.48139484958,24.053026548886));
#9943 = CARTESIAN_POINT('',(3.502604879211,23.984638345659));
#9944 = CARTESIAN_POINT('',(3.523617215306,23.905302805109));
#9945 = CARTESIAN_POINT('',(3.56149522764,23.737251464958));
#9946 = CARTESIAN_POINT('',(3.578498877703,23.652267334945));
#9947 = CARTESIAN_POINT('',(3.595216294985,23.557747139238));
#9948 = CARTESIAN_POINT('',(3.611526992082,23.452991489149));
#9949 = CARTESIAN_POINT('',(3.627307170174,23.337351451725));
#9950 = CARTESIAN_POINT('',(3.642425240265,23.210260207444));
#9951 = CARTESIAN_POINT('',(3.656737643821,23.07126648276));
#9952 = CARTESIAN_POINT('',(3.67788213955,22.831744514297));
#9953 = CARTESIAN_POINT('',(3.685340397425,22.739363310178));
#9954 = CARTESIAN_POINT('',(3.69241929605,22.642996764261));
#9955 = CARTESIAN_POINT('',(3.699079633657,22.542759684564));
#9956 = CARTESIAN_POINT('',(3.705283682689,22.438811396203));
#9957 = CARTESIAN_POINT('',(3.710995415405,22.33135606959));
#9958 = CARTESIAN_POINT('',(3.716180729491,22.220643048631));
#9959 = CARTESIAN_POINT('',(3.724032516457,22.027738470619));
#9960 = CARTESIAN_POINT('',(3.726985539013,21.947084466542));
#9961 = CARTESIAN_POINT('',(3.729655480385,21.865121428928));
#9962 = CARTESIAN_POINT('',(3.732031942905,21.78197543212));
#9963 = CARTESIAN_POINT('',(3.734105435994,21.697782242234));
#9964 = CARTESIAN_POINT('',(3.735867419983,21.612687196821));
#9965 = CARTESIAN_POINT('',(3.737310349922,21.526845084534));
#9966 = CARTESIAN_POINT('',(3.739114394723,21.387307820712));
#9967 = CARTESIAN_POINT('',(3.739678130304,21.333974716021));
#9968 = CARTESIAN_POINT('',(3.740117391027,21.280460923941));
#9969 = CARTESIAN_POINT('',(3.740430833641,21.226807204994));
#9970 = CARTESIAN_POINT('',(3.740617306759,21.173054867002));
#9971 = CARTESIAN_POINT('',(3.74067585086,21.119245765084));
#9972 = CARTESIAN_POINT('',(3.740605698289,21.065422301659));
#9973 = CARTESIAN_POINT('',(3.740050052017,20.915536796483));
#9974 = CARTESIAN_POINT('',(3.73928127967,20.819510121648));
#9975 = CARTESIAN_POINT('',(3.738096406238,20.723825107578));
#9976 = CARTESIAN_POINT('',(3.736494714738,20.628757711694));
#9977 = CARTESIAN_POINT('',(3.734478201453,20.534578216813));
#9978 = CARTESIAN_POINT('',(3.732051456224,20.441547304766));
#9979 = CARTESIAN_POINT('',(3.729221542726,20.349912130014));
#9980 = CARTESIAN_POINT('',(3.723802133561,20.198593755715));
#9981 = CARTESIAN_POINT('',(3.721424056824,20.138049089128));
#9982 = CARTESIAN_POINT('',(3.718867107105,20.078351106179));
#9983 = CARTESIAN_POINT('',(3.716135356316,20.019576983028));
#9984 = CARTESIAN_POINT('',(3.713233471513,19.96179833932));
#9985 = CARTESIAN_POINT('',(3.710166696693,19.905081218195));
#9986 = CARTESIAN_POINT('',(3.706940834599,19.849486066287));
#9987 = CARTESIAN_POINT('',(3.702219524412,19.773441118813));
#9988 = CARTESIAN_POINT('',(3.700852695181,19.752000370308));
#9989 = CARTESIAN_POINT('',(3.699462138013,19.730748862009));
#9990 = CARTESIAN_POINT('',(3.698048259119,19.709689798862));
#9991 = CARTESIAN_POINT('',(3.69661147373,19.688826196967));
#9992 = CARTESIAN_POINT('',(3.695152206092,19.668160883575));
#9993 = CARTESIAN_POINT('',(3.693670889475,19.647696497094));
#9994 = CARTESIAN_POINT('',(3.690074703202,19.599216068622));
#9995 = CARTESIAN_POINT('',(3.687939516312,19.571391148168));
#9996 = CARTESIAN_POINT('',(3.685763606082,19.543967313926));
#9997 = CARTESIAN_POINT('',(3.683548185656,19.516950397205));
#9998 = CARTESIAN_POINT('',(3.681294480728,19.490345472415));
#9999 = CARTESIAN_POINT('',(3.67900372955,19.464156857065));
#10000 = CARTESIAN_POINT('',(3.676677182925,19.438388111766));
#10001 = CARTESIAN_POINT('',(3.670582606044,19.372963108907));
#10002 = CARTESIAN_POINT('',(3.666763264112,19.33394657952));
#10003 = CARTESIAN_POINT('',(3.662862631632,19.295998436409));
#10004 = CARTESIAN_POINT('',(3.658885356589,19.259122335));
#10005 = CARTESIAN_POINT('',(3.654836178465,19.223319621618));
#10006 = CARTESIAN_POINT('',(3.650719924978,19.188589353293));
#10007 = CARTESIAN_POINT('',(3.646541508805,19.154928317572));
#10008 = CARTESIAN_POINT('',(3.634556082172,19.062687888207));
#10009 = CARTESIAN_POINT('',(3.626618623617,19.006634794865));
#10010 = CARTESIAN_POINT('',(3.618515850905,18.954067027104));
#10011 = CARTESIAN_POINT('',(3.610269442464,18.904873819983));
#10012 = CARTESIAN_POINT('',(3.601900492605,18.858938593154));
#10013 = CARTESIAN_POINT('',(3.59342955121,18.816139155187));
#10014 = CARTESIAN_POINT('',(3.58487666343,18.776347907905));
#10015 = CARTESIAN_POINT('',(3.564691467821,18.689855531263));
#10016 = CARTESIAN_POINT('',(3.55300428879,18.645444777885));
#10017 = CARTESIAN_POINT('',(3.541228931246,18.605809600933));
#10018 = CARTESIAN_POINT('',(3.529390153912,18.57058121912));
#10019 = CARTESIAN_POINT('',(3.517508907213,18.539412122237));
#10020 = CARTESIAN_POINT('',(3.505602825215,18.511975933872));
#10021 = CARTESIAN_POINT('',(3.493686717566,18.487967274125));
#10022 = CARTESIAN_POINT('',(3.43216112537,18.380210967444));
#10023 = CARTESIAN_POINT('',(3.382242976006,18.347212241294));
#10024 = CARTESIAN_POINT('',(3.332750907363,18.348616446995));
#10025 = CARTESIAN_POINT('',(3.283894504072,18.371146504748));
#10026 = CARTESIAN_POINT('',(3.235689358131,18.405209658346));
#10027 = CARTESIAN_POINT('',(3.187965203872,18.444510486306));
#10028 = CARTESIAN_POINT('',(3.14036580712,18.484810023385));
#10029 = CARTESIAN_POINT('',(3.077531262137,18.535834864932));
#10030 = CARTESIAN_POINT('',(3.062645456597,18.547763921549));
#10031 = CARTESIAN_POINT('',(3.047766210432,18.559447752413));
#10032 = CARTESIAN_POINT('',(3.032891189855,18.570826421984));
#10033 = CARTESIAN_POINT('',(3.018018043743,18.58185918323));
#10034 = CARTESIAN_POINT('',(3.003144391444,18.592524566906));
#10035 = CARTESIAN_POINT('',(2.988267810583,18.602820470823));
#10036 = CARTESIAN_POINT('',(2.933744372328,18.639251696626));
#10037 = CARTESIAN_POINT('',(2.894051392417,18.663248780319));
#10038 = CARTESIAN_POINT('',(2.854280159031,18.685070185957));
#10039 = CARTESIAN_POINT('',(2.814402787476,18.706001341369));
#10040 = CARTESIAN_POINT('',(2.774390455777,18.728338613575));
#10041 = CARTESIAN_POINT('',(2.734216341074,18.755285921595));
#10042 = CARTESIAN_POINT('',(2.69386796456,18.791013970399));
#10043 = CARTESIAN_POINT('',(2.628862909503,18.871562215198));
#10044 = CARTESIAN_POINT('',(2.60430217202,18.907224478913));
#10045 = CARTESIAN_POINT('',(2.579701420187,18.949428186706));
#10046 = CARTESIAN_POINT('',(2.555087910447,18.99960764297));
#10047 = CARTESIAN_POINT('',(2.530508705894,19.059405102095));
#10048 = CARTESIAN_POINT('',(2.506034394841,19.130690698413));
#10049 = CARTESIAN_POINT('',(2.481767296591,19.215583138855));
#10050 = CARTESIAN_POINT('',(2.457855467464,19.31647872082));
#10051 = ( GEOMETRIC_REPRESENTATION_CONTEXT(2) 
PARAMETRIC_REPRESENTATION_CONTEXT() REPRESENTATION_CONTEXT('2D SPACE',''
  ) );
#10052 = ORIENTED_EDGE('',*,*,#9565,.T.);
#10053 = ORIENTED_EDGE('',*,*,#3438,.T.);
#10054 = ORIENTED_EDGE('',*,*,#9490,.T.);
#10055 = ORIENTED_EDGE('',*,*,#9614,.T.);
#10056 = ORIENTED_EDGE('',*,*,#4181,.F.);
#10057 = ORIENTED_EDGE('',*,*,#10058,.F.);
#10058 = EDGE_CURVE('',#3710,#4182,#10059,.T.);
#10059 = SURFACE_CURVE('',#10060,(#10113,#10169),.PCURVE_S1.);
#10060 = B_SPLINE_CURVE_WITH_KNOTS('',6,(#10061,#10062,#10063,#10064,
    #10065,#10066,#10067,#10068,#10069,#10070,#10071,#10072,#10073,
    #10074,#10075,#10076,#10077,#10078,#10079,#10080,#10081,#10082,
    #10083,#10084,#10085,#10086,#10087,#10088,#10089,#10090,#10091,
    #10092,#10093,#10094,#10095,#10096,#10097,#10098,#10099,#10100,
    #10101,#10102,#10103,#10104,#10105,#10106,#10107,#10108,#10109,
    #10110,#10111,#10112),.UNSPECIFIED.,.F.,.F.,(7,5,5,5,5,5,5,5,5,5,7),
  (0.,0.12630289023,0.210218521793,0.277260623367,0.362922136417,
    0.472067142474,0.568771630642,0.674646190821,0.78098906092,
    0.876133761261,1.),.UNSPECIFIED.);
#10061 = CARTESIAN_POINT('',(-21.02182022519,14.151702006673,
    24.789546496009));
#10062 = CARTESIAN_POINT('',(-20.91256967276,14.131608685201,
    24.948352781034));
#10063 = CARTESIAN_POINT('',(-20.79196143549,14.100328492587,
    25.102033937366));
#10064 = CARTESIAN_POINT('',(-20.66142190969,14.057084212562,
    25.2469863433));
#10065 = CARTESIAN_POINT('',(-20.52305346839,14.002123107076,
    25.380366658236));
#10066 = CARTESIAN_POINT('',(-20.37938688162,13.936826732409,
    25.500150630565));
#10067 = CARTESIAN_POINT('',(-20.1363678017,13.814816776074,
    25.675198328134));
#10068 = CARTESIAN_POINT('',(-20.03836846454,13.762599198681,
    25.738592095442));
#10069 = CARTESIAN_POINT('',(-19.93985017551,13.707356926874,
    25.795503328252));
#10070 = CARTESIAN_POINT('',(-19.84127127978,13.649631660807,
    25.845996342517));
#10071 = CARTESIAN_POINT('',(-19.74308601863,13.590004520817,
    25.890205862946));
#10072 = CARTESIAN_POINT('',(-19.56799218702,13.48041027571,
    25.958811363436));
#10073 = CARTESIAN_POINT('',(-19.49069323278,13.430860250745,
    25.985436161082));
#10074 = CARTESIAN_POINT('',(-19.4139485626,13.380648058115,
    26.008366159596));
#10075 = CARTESIAN_POINT('',(-19.33783572019,13.329976373204,
    26.027745966887));
#10076 = CARTESIAN_POINT('',(-19.26241898539,13.279033799771,
    26.043715944841));
#10077 = CARTESIAN_POINT('',(-19.09234472837,13.162778810279,
    26.072634702078));
#10078 = CARTESIAN_POINT('',(-18.99813870894,13.09738985771,
    26.083516472281));
#10079 = CARTESIAN_POINT('',(-18.90518034567,13.032146614071,
    26.089346319803));
#10080 = CARTESIAN_POINT('',(-18.81349507021,12.967331732771,
    26.090380302424));
#10081 = CARTESIAN_POINT('',(-18.72308610756,12.903192904428,
    26.086841315254));
#10082 = CARTESIAN_POINT('',(-18.52034298593,12.759357731293,
    26.068823957617));
#10083 = CARTESIAN_POINT('',(-18.40877590073,12.680204774552,
    26.051611293322));
#10084 = CARTESIAN_POINT('',(-18.29923840406,12.602961430619,
    26.027667882545));
#10085 = CARTESIAN_POINT('',(-18.19172501754,12.528052530575,
    25.997316058654));
#10086 = CARTESIAN_POINT('',(-18.08622011259,12.455855672774,
    25.960813756508));
#10087 = CARTESIAN_POINT('',(-17.89097594275,12.325435543606,
    25.880735840496));
#10088 = CARTESIAN_POINT('',(-17.80081523292,12.266560735486,
    25.83844236908));
#10089 = CARTESIAN_POINT('',(-17.71226574948,12.210357374704,
    25.791636445798));
#10090 = CARTESIAN_POINT('',(-17.62537753517,12.157073178784,
    25.740465996503));
#10091 = CARTESIAN_POINT('',(-17.54020470752,12.106924245214,
    25.685063130025));
#10092 = CARTESIAN_POINT('',(-17.36550551706,12.008820689219,
    25.560377180445));
#10093 = CARTESIAN_POINT('',(-17.27633887539,11.961528674388,
    25.490280728845));
#10094 = CARTESIAN_POINT('',(-17.18946009388,11.918495715607,
    25.415454198287));
#10095 = CARTESIAN_POINT('',(-17.1050276824,11.879933829381,
    25.336102188029));
#10096 = CARTESIAN_POINT('',(-17.02321233561,11.845985741987,
    25.252429818141));
#10097 = CARTESIAN_POINT('',(-16.86484116396,11.787329752487,
    25.076461849641));
#10098 = CARTESIAN_POINT('',(-16.78834044985,11.762674584973,
    24.984163351098));
#10099 = CARTESIAN_POINT('',(-16.71488453919,11.74282391985,
    24.887955762163));
#10100 = CARTESIAN_POINT('',(-16.6446862595,11.727775664592,
    24.788059781606));
#10101 = CARTESIAN_POINT('',(-16.57798193704,11.717461363046,
    24.684708945285));
#10102 = CARTESIAN_POINT('',(-16.45870186229,11.706637935798,
    24.482817718808));
#10103 = CARTESIAN_POINT('',(-16.40538090451,11.70521103297,
    24.384921878578));
#10104 = CARTESIAN_POINT('',(-16.35521197459,11.707370511774,
    24.284585713461));
#10105 = CARTESIAN_POINT('',(-16.30836919536,11.712994178001,
    24.181934334421));
#10106 = CARTESIAN_POINT('',(-16.26505038868,11.721937523999,
    24.077100168381));
#10107 = CARTESIAN_POINT('',(-16.17395115838,11.749786553459,
    23.831088036691));
#10108 = CARTESIAN_POINT('',(-16.128778036,11.770882761123,
    23.688509860834));
#10109 = CARTESIAN_POINT('',(-16.09037579688,11.796976915503,
    23.54264649524));
#10110 = CARTESIAN_POINT('',(-16.05927922068,11.827706956714,
    23.393666373505));
#10111 = CARTESIAN_POINT('',(-16.03614852896,11.86268329961,
    23.241790354856));
#10112 = CARTESIAN_POINT('',(-16.02178096908,11.901475711275,
    23.087331371706));
#10113 = PCURVE('',#3490,#10114);
#10114 = DEFINITIONAL_REPRESENTATION('',(#10115),#10168);
#10115 = B_SPLINE_CURVE_WITH_KNOTS('',6,(#10116,#10117,#10118,#10119,
    #10120,#10121,#10122,#10123,#10124,#10125,#10126,#10127,#10128,
    #10129,#10130,#10131,#10132,#10133,#10134,#10135,#10136,#10137,
    #10138,#10139,#10140,#10141,#10142,#10143,#10144,#10145,#10146,
    #10147,#10148,#10149,#10150,#10151,#10152,#10153,#10154,#10155,
    #10156,#10157,#10158,#10159,#10160,#10161,#10162,#10163,#10164,
    #10165,#10166,#10167),.UNSPECIFIED.,.F.,.F.,(7,5,5,5,5,5,5,5,5,5,7),
  (0.,0.12630289023,0.210218521793,0.277260623367,0.362922136417,
    0.472067142474,0.568771630642,0.674646190821,0.78098906092,
    0.876133761261,1.),.UNSPECIFIED.);
#10116 = CARTESIAN_POINT('',(3.744943706792,13.969561069135));
#10117 = CARTESIAN_POINT('',(3.809229511562,13.988662867067));
#10118 = CARTESIAN_POINT('',(3.874857782931,14.001218877442));
#10119 = CARTESIAN_POINT('',(3.941116081317,14.006004858753));
#10120 = CARTESIAN_POINT('',(4.007411577813,14.002522496254));
#10121 = CARTESIAN_POINT('',(4.073154535605,13.991188369865));
#10122 = CARTESIAN_POINT('',(4.180488779262,13.961177699713));
#10123 = CARTESIAN_POINT('',(4.222761372783,13.946247307881));
#10124 = CARTESIAN_POINT('',(4.264430786605,13.928660752045));
#10125 = CARTESIAN_POINT('',(4.305458752307,13.908766820995));
#10126 = CARTESIAN_POINT('',(4.345794226039,13.886952695094));
#10127 = CARTESIAN_POINT('',(4.416986362861,13.844993428898));
#10128 = CARTESIAN_POINT('',(4.448151486294,13.82537499089));
#10129 = CARTESIAN_POINT('',(4.478886368759,13.804943095164));
#10130 = CARTESIAN_POINT('',(4.509210168171,13.783860868266));
#10131 = CARTESIAN_POINT('',(4.539140397488,13.762282847827));
#10132 = CARTESIAN_POINT('',(4.606455488452,13.712334106522));
#10133 = CARTESIAN_POINT('',(4.643610788648,13.683734800239));
#10134 = CARTESIAN_POINT('',(4.680219101186,13.654838803428));
#10135 = CARTESIAN_POINT('',(4.716334024608,13.625902341198));
#10136 = CARTESIAN_POINT('',(4.752007952907,13.597156565029));
#10137 = CARTESIAN_POINT('',(4.832259041114,13.53269090636));
#10138 = CARTESIAN_POINT('',(4.876602587256,13.497214169595));
#10139 = CARTESIAN_POINT('',(4.920424393021,13.462823264642));
#10140 = CARTESIAN_POINT('',(4.963810703924,13.429918479041));
#10141 = CARTESIAN_POINT('',(5.006845574501,13.398859333207));
#10142 = CARTESIAN_POINT('',(5.087518429251,13.344369121784));
#10143 = CARTESIAN_POINT('',(5.125210444782,13.320473452287));
#10144 = CARTESIAN_POINT('',(5.162731012094,13.298523327164));
#10145 = CARTESIAN_POINT('',(5.200114607386,13.278733662654));
#10146 = CARTESIAN_POINT('',(5.237396710998,13.261288308117));
#10147 = CARTESIAN_POINT('',(5.31536372602,13.22996735686));
#10148 = CARTESIAN_POINT('',(5.35603311712,13.216588183271));
#10149 = CARTESIAN_POINT('',(5.396642594647,13.206408327538));
#10150 = CARTESIAN_POINT('',(5.437212421851,13.199571555124));
#10151 = CARTESIAN_POINT('',(5.477764903309,13.196152422707));
#10152 = CARTESIAN_POINT('',(5.55906454049,13.196152422707));
#10153 = CARTESIAN_POINT('',(5.599796266466,13.199601866165));
#10154 = CARTESIAN_POINT('',(5.640545575006,13.206499221841));
#10155 = CARTESIAN_POINT('',(5.681335112223,13.216768609409));
#10156 = CARTESIAN_POINT('',(5.722185440697,13.230263754703));
#10157 = CARTESIAN_POINT('',(5.799735879607,13.26154178154));
#10158 = CARTESIAN_POINT('',(5.836418092831,13.278722839283));
#10159 = CARTESIAN_POINT('',(5.873198629223,13.298172277435));
#10160 = CARTESIAN_POINT('',(5.91011122446,13.319715033163));
#10161 = CARTESIAN_POINT('',(5.947188664815,13.343146888225));
#10162 = CARTESIAN_POINT('',(6.03299264918,13.400902351578));
#10163 = CARTESIAN_POINT('',(6.081850679283,13.436374568071));
#10164 = CARTESIAN_POINT('',(6.131168152787,13.474181977944));
#10165 = CARTESIAN_POINT('',(6.181073528559,13.513799323337));
#10166 = CARTESIAN_POINT('',(6.231698979463,13.554631966838));
#10167 = CARTESIAN_POINT('',(6.28318530718,13.595999562606));
#10168 = ( GEOMETRIC_REPRESENTATION_CONTEXT(2) 
PARAMETRIC_REPRESENTATION_CONTEXT() REPRESENTATION_CONTEXT('2D SPACE',''
  ) );
#10169 = PCURVE('',#3779,#10170);
#10170 = DEFINITIONAL_REPRESENTATION('',(#10171),#10224);
#10171 = B_SPLINE_CURVE_WITH_KNOTS('',6,(#10172,#10173,#10174,#10175,
    #10176,#10177,#10178,#10179,#10180,#10181,#10182,#10183,#10184,
    #10185,#10186,#10187,#10188,#10189,#10190,#10191,#10192,#10193,
    #10194,#10195,#10196,#10197,#10198,#10199,#10200,#10201,#10202,
    #10203,#10204,#10205,#10206,#10207,#10208,#10209,#10210,#10211,
    #10212,#10213,#10214,#10215,#10216,#10217,#10218,#10219,#10220,
    #10221,#10222,#10223),.UNSPECIFIED.,.F.,.F.,(7,5,5,5,5,5,5,5,5,5,7),
  (0.,0.12630289023,0.210218521793,0.277260623367,0.362922136417,
    0.472067142474,0.568771630642,0.674646190821,0.78098906092,
    0.876133761261,1.),.UNSPECIFIED.);
#10172 = CARTESIAN_POINT('',(1.410454085742,34.938649240405));
#10173 = CARTESIAN_POINT('',(1.378807968185,34.977452561236));
#10174 = CARTESIAN_POINT('',(1.346120969209,35.002492945147));
#10175 = CARTESIAN_POINT('',(1.31289852319,35.011909742886));
#10176 = CARTESIAN_POINT('',(1.279644209392,35.005076144788));
#10177 = CARTESIAN_POINT('',(1.246861398099,34.982507258213));
#10178 = CARTESIAN_POINT('',(1.193924386512,34.921658100205));
#10179 = CARTESIAN_POINT('',(1.173233903845,34.891203388365));
#10180 = CARTESIAN_POINT('',(1.153045294981,34.855007273755));
#10181 = CARTESIAN_POINT('',(1.133417389209,34.813544051928));
#10182 = CARTESIAN_POINT('',(1.114407088999,34.767345632363));
#10183 = CARTESIAN_POINT('',(1.081419044696,34.676792527954));
#10184 = CARTESIAN_POINT('',(1.067182520912,34.633892704931));
#10185 = CARTESIAN_POINT('',(1.053362360857,34.588527828756));
#10186 = CARTESIAN_POINT('',(1.039960777293,34.540901324581));
#10187 = CARTESIAN_POINT('',(1.026979473331,34.491201557367));
#10188 = CARTESIAN_POINT('',(0.998371121135,34.373672800676));
#10189 = CARTESIAN_POINT('',(0.983006855,34.304627275682));
#10190 = CARTESIAN_POINT('',(0.968318991186,34.232782078081));
#10191 = CARTESIAN_POINT('',(0.954301407145,34.158406437949));
#10192 = CARTESIAN_POINT('',(0.940948952883,34.081722831413));
#10193 = CARTESIAN_POINT('',(0.912085424753,33.902484893588));
#10194 = CARTESIAN_POINT('',(0.896983648422,33.798586592409));
#10195 = CARTESIAN_POINT('',(0.882949047966,33.691609322007));
#10196 = CARTESIAN_POINT('',(0.869985132367,33.581884250799));
#10197 = CARTESIAN_POINT('',(0.858100077267,33.469678135056));
#10198 = CARTESIAN_POINT('',(0.837741029568,33.25376032906));
#10199 = CARTESIAN_POINT('',(0.829033188833,33.150543330402));
#10200 = CARTESIAN_POINT('',(0.821196968356,33.045759376045));
#10201 = CARTESIAN_POINT('',(0.814247186497,32.939607260056));
#10202 = CARTESIAN_POINT('',(0.808197963944,32.832269406325));
#10203 = CARTESIAN_POINT('',(0.797439736366,32.605280242952));
#10204 = CARTESIAN_POINT('',(0.792912610999,32.485435035606));
#10205 = CARTESIAN_POINT('',(0.789502354659,32.364687027413));
#10206 = CARTESIAN_POINT('',(0.787223527463,32.243337746353));
#10207 = CARTESIAN_POINT('',(0.786083782017,32.121680344324));
#10208 = CARTESIAN_POINT('',(0.786083782017,31.87778143278));
#10209 = CARTESIAN_POINT('',(0.787233632018,31.755586298462));
#10210 = CARTESIAN_POINT('',(0.789532651199,31.633703372323));
#10211 = CARTESIAN_POINT('',(0.792973054423,31.51242957624));
#10212 = CARTESIAN_POINT('',(0.797540036086,31.392070392224));
#10213 = CARTESIAN_POINT('',(0.808286415251,31.166354858436));
#10214 = CARTESIAN_POINT('',(0.814245118384,31.060758933794));
#10215 = CARTESIAN_POINT('',(0.821075520764,30.956311575551));
#10216 = CARTESIAN_POINT('',(0.828764163724,30.853186725188));
#10217 = CARTESIAN_POINT('',(0.837296920915,30.751573624789));
#10218 = CARTESIAN_POINT('',(0.85884802841,30.521624937667));
#10219 = CARTESIAN_POINT('',(0.872441335875,30.394498936384));
#10220 = CARTESIAN_POINT('',(0.887420899521,30.270601256446));
#10221 = CARTESIAN_POINT('',(0.903777438105,30.150313595401));
#10222 = CARTESIAN_POINT('',(0.921509439478,30.034130308507));
#10223 = CARTESIAN_POINT('',(0.94062184133,29.922691379529));
#10224 = ( GEOMETRIC_REPRESENTATION_CONTEXT(2) 
PARAMETRIC_REPRESENTATION_CONTEXT() REPRESENTATION_CONTEXT('2D SPACE',''
  ) );
#10225 = ORIENTED_EDGE('',*,*,#3818,.F.);
#10226 = ADVANCED_FACE('',(#10227),#3623,.T.);
#10227 = FACE_BOUND('',#10228,.T.);
#10228 = EDGE_LOOP('',(#10229,#10252,#10274));
#10229 = ORIENTED_EDGE('',*,*,#10230,.T.);
#10230 = EDGE_CURVE('',#3526,#10231,#10233,.T.);
#10231 = VERTEX_POINT('',#10232);
#10232 = CARTESIAN_POINT('',(-20.86415172085,9.379228369756,
    32.151473499002));
#10233 = SURFACE_CURVE('',#10234,(#10238,#10245),.PCURVE_S1.);
#10234 = LINE('',#10235,#10236);
#10235 = CARTESIAN_POINT('',(4.459764877483,0.,4.013788389735));
#10236 = VECTOR('',#10237,1.);
#10237 = DIRECTION('',(-0.649331194829,0.240493035122,0.721479105366));
#10238 = PCURVE('',#3623,#10239);
#10239 = DEFINITIONAL_REPRESENTATION('',(#10240),#10244);
#10240 = LINE('',#10241,#10242);
#10241 = CARTESIAN_POINT('',(6.28318530718,-0.));
#10242 = VECTOR('',#10243,1.);
#10243 = DIRECTION('',(0.,1.));
#10244 = ( GEOMETRIC_REPRESENTATION_CONTEXT(2) 
PARAMETRIC_REPRESENTATION_CONTEXT() REPRESENTATION_CONTEXT('2D SPACE',''
  ) );
#10245 = PCURVE('',#3779,#10246);
#10246 = DEFINITIONAL_REPRESENTATION('',(#10247),#10251);
#10247 = LINE('',#10248,#10249);
#10248 = CARTESIAN_POINT('',(0.,-0.));
#10249 = VECTOR('',#10250,1.);
#10250 = DIRECTION('',(0.,1.));
#10251 = ( GEOMETRIC_REPRESENTATION_CONTEXT(2) 
PARAMETRIC_REPRESENTATION_CONTEXT() REPRESENTATION_CONTEXT('2D SPACE',''
  ) );
#10252 = ORIENTED_EDGE('',*,*,#10253,.F.);
#10253 = EDGE_CURVE('',#3524,#10231,#10254,.T.);
#10254 = SURFACE_CURVE('',#10255,(#10260,#10267),.PCURVE_S1.);
#10255 = CIRCLE('',#10256,6.);
#10256 = AXIS2_PLACEMENT_3D('',#10257,#10258,#10259);
#10257 = CARTESIAN_POINT('',(-25.32391659834,9.379228369756,
    28.137685109267));
#10258 = DIRECTION('',(-0.649331194829,0.240493035122,0.721479105366));
#10259 = DIRECTION('',(0.743294146247,0.,0.668964731622));
#10260 = PCURVE('',#3623,#10261);
#10261 = DEFINITIONAL_REPRESENTATION('',(#10262),#10266);
#10262 = LINE('',#10263,#10264);
#10263 = CARTESIAN_POINT('',(0.,39.));
#10264 = VECTOR('',#10265,1.);
#10265 = DIRECTION('',(1.,0.));
#10266 = ( GEOMETRIC_REPRESENTATION_CONTEXT(2) 
PARAMETRIC_REPRESENTATION_CONTEXT() REPRESENTATION_CONTEXT('2D SPACE',''
  ) );
#10267 = PCURVE('',#3697,#10268);
#10268 = DEFINITIONAL_REPRESENTATION('',(#10269),#10273);
#10269 = CIRCLE('',#10270,6.);
#10270 = AXIS2_PLACEMENT_2D('',#10271,#10272);
#10271 = CARTESIAN_POINT('',(0.,0.));
#10272 = DIRECTION('',(1.,0.));
#10273 = ( GEOMETRIC_REPRESENTATION_CONTEXT(2) 
PARAMETRIC_REPRESENTATION_CONTEXT() REPRESENTATION_CONTEXT('2D SPACE',''
  ) );
#10274 = ORIENTED_EDGE('',*,*,#3523,.T.);
#10275 = ADVANCED_FACE('',(#10276),#3779,.T.);
#10276 = FACE_BOUND('',#10277,.T.);
#10277 = EDGE_LOOP('',(#10278,#10300,#10301,#10302,#10303));
#10278 = ORIENTED_EDGE('',*,*,#10279,.F.);
#10279 = EDGE_CURVE('',#10231,#3677,#10280,.T.);
#10280 = SURFACE_CURVE('',#10281,(#10286,#10293),.PCURVE_S1.);
#10281 = CIRCLE('',#10282,6.);
#10282 = AXIS2_PLACEMENT_3D('',#10283,#10284,#10285);
#10283 = CARTESIAN_POINT('',(-25.32391659834,9.379228369756,
    28.137685109267));
#10284 = DIRECTION('',(-0.649331194829,0.240493035122,0.721479105366));
#10285 = DIRECTION('',(0.743294146247,0.,0.668964731622));
#10286 = PCURVE('',#3779,#10287);
#10287 = DEFINITIONAL_REPRESENTATION('',(#10288),#10292);
#10288 = LINE('',#10289,#10290);
#10289 = CARTESIAN_POINT('',(0.,39.));
#10290 = VECTOR('',#10291,1.);
#10291 = DIRECTION('',(1.,0.));
#10292 = ( GEOMETRIC_REPRESENTATION_CONTEXT(2) 
PARAMETRIC_REPRESENTATION_CONTEXT() REPRESENTATION_CONTEXT('2D SPACE',''
  ) );
#10293 = PCURVE('',#3697,#10294);
#10294 = DEFINITIONAL_REPRESENTATION('',(#10295),#10299);
#10295 = CIRCLE('',#10296,6.);
#10296 = AXIS2_PLACEMENT_2D('',#10297,#10298);
#10297 = CARTESIAN_POINT('',(0.,0.));
#10298 = DIRECTION('',(1.,0.));
#10299 = ( GEOMETRIC_REPRESENTATION_CONTEXT(2) 
PARAMETRIC_REPRESENTATION_CONTEXT() REPRESENTATION_CONTEXT('2D SPACE',''
  ) );
#10300 = ORIENTED_EDGE('',*,*,#10230,.F.);
#10301 = ORIENTED_EDGE('',*,*,#4411,.T.);
#10302 = ORIENTED_EDGE('',*,*,#10058,.F.);
#10303 = ORIENTED_EDGE('',*,*,#3709,.T.);
#10304 = ADVANCED_FACE('',(#10305),#4068,.F.);
#10305 = FACE_BOUND('',#10306,.F.);
#10306 = EDGE_LOOP('',(#10307,#10308));
#10307 = ORIENTED_EDGE('',*,*,#4048,.T.);
#10308 = ORIENTED_EDGE('',*,*,#9591,.T.);
#10309 = ADVANCED_FACE('',(#10310),#3697,.T.);
#10310 = FACE_BOUND('',#10311,.T.);
#10311 = EDGE_LOOP('',(#10312,#10313,#10314));
#10312 = ORIENTED_EDGE('',*,*,#10253,.T.);
#10313 = ORIENTED_EDGE('',*,*,#10279,.T.);
#10314 = ORIENTED_EDGE('',*,*,#3676,.F.);
#10315 = ADVANCED_FACE('',(#10316),#4641,.F.);
#10316 = FACE_BOUND('',#10317,.F.);
#10317 = EDGE_LOOP('',(#10318,#10500,#10521,#10522));
#10318 = ORIENTED_EDGE('',*,*,#10319,.F.);
#10319 = EDGE_CURVE('',#10320,#10320,#10322,.T.);
#10320 = VERTEX_POINT('',#10321);
#10321 = CARTESIAN_POINT('',(-41.53689321419,-0.586615580241,
    18.349506389115));
#10322 = SURFACE_CURVE('',#10323,(#10380,#10440),.PCURVE_S1.);
#10323 = B_SPLINE_CURVE_WITH_KNOTS('',7,(#10324,#10325,#10326,#10327,
    #10328,#10329,#10330,#10331,#10332,#10333,#10334,#10335,#10336,
    #10337,#10338,#10339,#10340,#10341,#10342,#10343,#10344,#10345,
    #10346,#10347,#10348,#10349,#10350,#10351,#10352,#10353,#10354,
    #10355,#10356,#10357,#10358,#10359,#10360,#10361,#10362,#10363,
    #10364,#10365,#10366,#10367,#10368,#10369,#10370,#10371,#10372,
    #10373,#10374,#10375,#10376,#10377,#10378,#10379),.UNSPECIFIED.,.T.,
  .F.,(8,6,6,6,6,6,6,6,6,8),(0.,0.102451938427,0.232248101361,
    0.302101244337,0.444449981431,0.56419616833,0.697727127576,
    0.865665002149,0.918158616251,1.),.UNSPECIFIED.);
#10324 = CARTESIAN_POINT('',(-41.53689321419,-0.586615580243,
    18.349506389115));
#10325 = CARTESIAN_POINT('',(-41.54271102519,-0.605814356515,
    18.083574546266));
#10326 = CARTESIAN_POINT('',(-41.57788537575,-0.612469000436,
    17.80427297359));
#10327 = CARTESIAN_POINT('',(-41.64715492388,-0.602400451666,
    17.522489556518));
#10328 = CARTESIAN_POINT('',(-41.75068753608,-0.573392219031,
    17.24910883532));
#10329 = CARTESIAN_POINT('',(-41.88500784245,-0.526139688596,
    16.994149619302));
#10330 = CARTESIAN_POINT('',(-42.04360486582,-0.464247028809,
    16.765421873547));
#10331 = CARTESIAN_POINT('',(-42.4362973502,-0.303020450969,
    16.316515342728));
#10332 = CARTESIAN_POINT('',(-42.67853071323,-0.198397232183,
    16.115729216946));
#10333 = CARTESIAN_POINT('',(-42.93344557392,-8.643302389697E-02,
    15.962363187371));
#10334 = CARTESIAN_POINT('',(-43.19447501355,2.718541387947E-02,
    15.852677845865));
#10335 = CARTESIAN_POINT('',(-43.4567346513,0.138419052689,
    15.782906356543));
#10336 = CARTESIAN_POINT('',(-43.71671759599,0.244501595226,
    15.749506389115));
#10337 = CARTESIAN_POINT('',(-44.1090183463,0.396949435501,
    15.749506389115));
#10338 = CARTESIAN_POINT('',(-44.24514183578,0.448382967819,
    15.759179902307));
#10339 = CARTESIAN_POINT('',(-44.37977009234,0.497637557853,
    15.778138919543));
#10340 = CARTESIAN_POINT('',(-44.51257753026,0.54449482503,
    15.806059249335));
#10341 = CARTESIAN_POINT('',(-44.64325529856,0.588782225742,
    15.842675839656));
#10342 = CARTESIAN_POINT('',(-44.77149275863,0.630363127381,
    15.88777809976));
#10343 = CARTESIAN_POINT('',(-45.15263758729,0.748120773477,
    16.050080543128));
#10344 = CARTESIAN_POINT('',(-45.39634376475,0.815273410641,
    16.193329750466));
#10345 = CARTESIAN_POINT('',(-45.62569146716,0.869836120245,
    16.369510534241));
#10346 = CARTESIAN_POINT('',(-45.83756219661,0.911362774567,
    16.578209821311));
#10347 = CARTESIAN_POINT('',(-46.02751919766,0.939565247054,
    16.819330176707));
#10348 = CARTESIAN_POINT('',(-46.18934201488,0.954546589016,
    17.092755232096));
#10349 = CARTESIAN_POINT('',(-46.41855721726,0.958662929323,
    17.652949635783));
#10350 = CARTESIAN_POINT('',(-46.50029020543,0.951586403843,
    17.939079975763));
#10351 = CARTESIAN_POINT('',(-46.54701757566,0.934703542247,
    18.248722676138));
#10352 = CARTESIAN_POINT('',(-46.54987455834,0.909201165263,
    18.573041847643));
#10353 = CARTESIAN_POINT('',(-46.50317616844,0.877268229809,
    18.901719257413));
#10354 = CARTESIAN_POINT('',(-46.40453096244,0.840516095759,
    19.223903274725));
#10355 = CARTESIAN_POINT('',(-46.08794532092,0.753944894161,
    19.868612580706));
#10356 = CARTESIAN_POINT('',(-45.8690664616,0.706249773104,
    20.163516118089));
#10357 = CARTESIAN_POINT('',(-45.61267426902,0.657971136219,
    20.408851928215));
#10358 = CARTESIAN_POINT('',(-45.33199533455,0.608423045563,
    20.603171287489));
#10359 = CARTESIAN_POINT('',(-45.03959746107,0.556610756402,
    20.747270283742));
#10360 = CARTESIAN_POINT('',(-44.74689641911,0.502284047666,
    20.844474345597));
#10361 = CARTESIAN_POINT('',(-44.10806695995,0.375972573346,
    20.971676434952));
#10362 = CARTESIAN_POINT('',(-43.75628596897,0.300805377883,
    20.980158541205));
#10363 = CARTESIAN_POINT('',(-43.4172807032,0.219726465406,
    20.933463663169));
#10364 = CARTESIAN_POINT('',(-43.09614940568,0.132507891894,
    20.836337549894));
#10365 = CARTESIAN_POINT('',(-42.79725262027,3.994539515645E-02,
    20.69178534022));
#10366 = CARTESIAN_POINT('',(-42.52483018123,-5.626784332657E-02,
    20.501238582315));
#10367 = CARTESIAN_POINT('',(-42.21005396617,-0.182618258307,
    20.191096908597));
#10368 = CARTESIAN_POINT('',(-42.13830658085,-0.21270097928,
    20.112798099868));
#10369 = CARTESIAN_POINT('',(-42.06995750695,-0.242666436985,
    20.030073303535));
#10370 = CARTESIAN_POINT('',(-42.00521446193,-0.272383658605,
    19.942932905518));
#10371 = CARTESIAN_POINT('',(-41.9443121556,-0.301697898159,
    19.851388184287));
#10372 = CARTESIAN_POINT('',(-41.88751636901,-0.330426973795,
    19.755457416889));
#10373 = CARTESIAN_POINT('',(-41.75345078654,-0.401903502074,
    19.498819661765));
#10374 = CARTESIAN_POINT('',(-41.68229847031,-0.443609336532,
    19.331520869447));
#10375 = CARTESIAN_POINT('',(-41.62304405075,-0.482572383907,
    19.153585761833));
#10376 = CARTESIAN_POINT('',(-41.57717886575,-0.51771575269,
    18.965499359811));
#10377 = CARTESIAN_POINT('',(-41.54632159265,-0.547765562343,
    18.767996228391));
#10378 = CARTESIAN_POINT('',(-41.53224110435,-0.571263617757,
    18.562154092154));
#10379 = CARTESIAN_POINT('',(-41.53689321419,-0.586615580243,
    18.349506389115));
#10380 = PCURVE('',#4641,#10381);
#10381 = DEFINITIONAL_REPRESENTATION('',(#10382),#10439);
#10382 = B_SPLINE_CURVE_WITH_KNOTS('',7,(#10383,#10384,#10385,#10386,
    #10387,#10388,#10389,#10390,#10391,#10392,#10393,#10394,#10395,
    #10396,#10397,#10398,#10399,#10400,#10401,#10402,#10403,#10404,
    #10405,#10406,#10407,#10408,#10409,#10410,#10411,#10412,#10413,
    #10414,#10415,#10416,#10417,#10418,#10419,#10420,#10421,#10422,
    #10423,#10424,#10425,#10426,#10427,#10428,#10429,#10430,#10431,
    #10432,#10433,#10434,#10435,#10436,#10437,#10438),.UNSPECIFIED.,.F.,
  .F.,(8,6,6,6,6,6,6,6,6,8),(0.,0.102451938427,0.232248101361,
    0.302101244337,0.444449981431,0.56419616833,0.697727127576,
    0.865665002149,0.918158616251,1.),.UNSPECIFIED.);
#10383 = CARTESIAN_POINT('',(-8.881784197001E-16,5.892588364494));
#10384 = CARTESIAN_POINT('',(0.102281478019,5.872527458855));
#10385 = CARTESIAN_POINT('',(0.209705346751,5.85595798043));
#10386 = CARTESIAN_POINT('',(0.319830008855,5.845505146097));
#10387 = CARTESIAN_POINT('',(0.43101547065,5.843241509466));
#10388 = CARTESIAN_POINT('',(0.541788188595,5.849509452078));
#10389 = CARTESIAN_POINT('',(0.650589713123,5.862747928305));
#10390 = CARTESIAN_POINT('',(0.887709129479,5.903161973399));
#10391 = CARTESIAN_POINT('',(1.013054375985,5.933039480383));
#10392 = CARTESIAN_POINT('',(1.132675577746,5.966264765368));
#10393 = CARTESIAN_POINT('',(1.247504090417,5.999299915234));
#10394 = CARTESIAN_POINT('',(1.358335583012,6.029695987739));
#10395 = CARTESIAN_POINT('',(1.465863733714,6.055822593223));
#10396 = CARTESIAN_POINT('',(1.627268500252,6.087948778004));
#10397 = CARTESIAN_POINT('',(1.683110815525,6.097695105017));
#10398 = CARTESIAN_POINT('',(1.73845337184,6.105789759695));
#10399 = CARTESIAN_POINT('',(1.793417577528,6.112118168762));
#10400 = CARTESIAN_POINT('',(1.848119863733,6.116604772845));
#10401 = CARTESIAN_POINT('',(1.902675398136,6.119208898702));
#10402 = CARTESIAN_POINT('',(2.068317260671,6.121371020839));
#10403 = CARTESIAN_POINT('',(2.179109454489,6.114961139687));
#10404 = CARTESIAN_POINT('',(2.290721059489,6.10066645456));
#10405 = CARTESIAN_POINT('',(2.404159394373,6.078964397796));
#10406 = CARTESIAN_POINT('',(2.52046433575,6.050865917142));
#10407 = CARTESIAN_POINT('',(2.640750668475,6.018273613291));
#10408 = CARTESIAN_POINT('',(2.872308212658,5.955738947621));
#10409 = CARTESIAN_POINT('',(2.985440234078,5.925263369029));
#10410 = CARTESIAN_POINT('',(3.103796698161,5.895554775536));
#10411 = CARTESIAN_POINT('',(3.226223863376,5.870319832287));
#10412 = CARTESIAN_POINT('',(3.352019418836,5.85330211217));
#10413 = CARTESIAN_POINT('',(3.480785544288,5.84673726222));
#10414 = CARTESIAN_POINT('',(3.75901186426,5.855698686849));
#10415 = CARTESIAN_POINT('',(3.899053540638,5.873529779898));
#10416 = CARTESIAN_POINT('',(4.03354543595,5.90168157813));
#10417 = CARTESIAN_POINT('',(4.162899447982,5.935661812876));
#10418 = CARTESIAN_POINT('',(4.287186560988,5.970873733372));
#10419 = CARTESIAN_POINT('',(4.406055194885,6.003767214076));
#10420 = CARTESIAN_POINT('',(4.660044951076,6.068149318071));
#10421 = CARTESIAN_POINT('',(4.795962158772,6.098231566505));
#10422 = CARTESIAN_POINT('',(4.928445590756,6.118951102693));
#10423 = CARTESIAN_POINT('',(5.059042109835,6.128611250459));
#10424 = CARTESIAN_POINT('',(5.189260586971,6.126708960341));
#10425 = CARTESIAN_POINT('',(5.320597822555,6.113635065047));
#10426 = CARTESIAN_POINT('',(5.4970010035,6.084002064625));
#10427 = CARTESIAN_POINT('',(5.539292868024,6.076019438837));
#10428 = CARTESIAN_POINT('',(5.581925928942,6.067163501415));
#10429 = CARTESIAN_POINT('',(5.624958581793,6.057499356941));
#10430 = CARTESIAN_POINT('',(5.668450776763,6.047107033518));
#10431 = CARTESIAN_POINT('',(5.712465210706,6.03608380515));
#10432 = CARTESIAN_POINT('',(5.826608339296,6.006559033611));
#10433 = CARTESIAN_POINT('',(5.897740671441,5.987280230124));
#10434 = CARTESIAN_POINT('',(5.970605951235,5.967175862793));
#10435 = CARTESIAN_POINT('',(6.045372042582,5.946844044048));
#10436 = CARTESIAN_POINT('',(6.122227439901,5.927034480259));
#10437 = CARTESIAN_POINT('',(6.201397729088,5.908629713507));
#10438 = CARTESIAN_POINT('',(6.28318530718,5.892588364494));
#10439 = ( GEOMETRIC_REPRESENTATION_CONTEXT(2) 
PARAMETRIC_REPRESENTATION_CONTEXT() REPRESENTATION_CONTEXT('2D SPACE',''
  ) );
#10440 = PCURVE('',#6680,#10441);
#10441 = DEFINITIONAL_REPRESENTATION('',(#10442),#10499);
#10442 = B_SPLINE_CURVE_WITH_KNOTS('',7,(#10443,#10444,#10445,#10446,
    #10447,#10448,#10449,#10450,#10451,#10452,#10453,#10454,#10455,
    #10456,#10457,#10458,#10459,#10460,#10461,#10462,#10463,#10464,
    #10465,#10466,#10467,#10468,#10469,#10470,#10471,#10472,#10473,
    #10474,#10475,#10476,#10477,#10478,#10479,#10480,#10481,#10482,
    #10483,#10484,#10485,#10486,#10487,#10488,#10489,#10490,#10491,
    #10492,#10493,#10494,#10495,#10496,#10497,#10498),.UNSPECIFIED.,.F.,
  .F.,(8,6,6,6,6,6,6,6,6,8),(0.,0.102451938427,0.232248101361,
    0.302101244337,0.444449981431,0.56419616833,0.697727127576,
    0.865665002149,0.918158616251,1.),.UNSPECIFIED.);
#10443 = CARTESIAN_POINT('',(1.532580447165,35.615817090259));
#10444 = CARTESIAN_POINT('',(1.513238035025,35.509736263098));
#10445 = CARTESIAN_POINT('',(1.491955068873,35.427421003429));
#10446 = CARTESIAN_POINT('',(1.469342661819,35.378484447408));
#10447 = CARTESIAN_POINT('',(1.446153214151,35.368005222779));
#10448 = CARTESIAN_POINT('',(1.423193078963,35.396744995537));
#10449 = CARTESIAN_POINT('',(1.401240737749,35.46114676824));
#10450 = CARTESIAN_POINT('',(1.355263222962,35.66957375325));
#10451 = CARTESIAN_POINT('',(1.332332342638,35.829883053185));
#10452 = CARTESIAN_POINT('',(1.312335596098,36.022189657536));
#10453 = CARTESIAN_POINT('',(1.295271465546,36.237726569995));
#10454 = CARTESIAN_POINT('',(1.281078771658,36.469630612706));
#10455 = CARTESIAN_POINT('',(1.269653674815,36.712675491604));
#10456 = CARTESIAN_POINT('',(1.256178959997,37.097493977536));
#10457 = CARTESIAN_POINT('',(1.252226078129,37.234490678839));
#10458 = CARTESIAN_POINT('',(1.249022579912,37.373299738317));
#10459 = CARTESIAN_POINT('',(1.246558742962,37.513448031064));
#10460 = CARTESIAN_POINT('',(1.244827647537,37.654512898831));
#10461 = CARTESIAN_POINT('',(1.243825444416,37.796101389284));
#10462 = CARTESIAN_POINT('',(1.242993621138,38.226647092303));
#10463 = CARTESIAN_POINT('',(1.24546145285,38.51552066784));
#10464 = CARTESIAN_POINT('',(1.250930389794,38.801581840971));
#10465 = CARTESIAN_POINT('',(1.259459381817,39.081810447688));
#10466 = CARTESIAN_POINT('',(1.271158686366,39.352197367633));
#10467 = CARTESIAN_POINT('',(1.286175883388,39.607264607232));
#10468 = CARTESIAN_POINT('',(1.320190257354,40.03297797252));
#10469 = CARTESIAN_POINT('',(1.338685227686,40.216961783615));
#10470 = CARTESIAN_POINT('',(1.359998024173,40.376996474574));
#10471 = CARTESIAN_POINT('',(1.383721786817,40.502093416126));
#10472 = CARTESIAN_POINT('',(1.409261977055,40.583729703229));
#10473 = CARTESIAN_POINT('',(1.43592159677,40.615906416892));
#10474 = CARTESIAN_POINT('',(1.493006518184,40.57222931032));
#10475 = CARTESIAN_POINT('',(1.521440893878,40.485098394318));
#10476 = CARTESIAN_POINT('',(1.54747438299,40.345118478177));
#10477 = CARTESIAN_POINT('',(1.57062718835,40.163136707252));
#10478 = CARTESIAN_POINT('',(1.590561000454,39.950235421902));
#10479 = CARTESIAN_POINT('',(1.607141276853,39.717692910761));
#10480 = CARTESIAN_POINT('',(1.637229773987,39.174216284996));
#10481 = CARTESIAN_POINT('',(1.649378833421,38.848892486064));
#10482 = CARTESIAN_POINT('',(1.657141382296,38.511198114693));
#10483 = CARTESIAN_POINT('',(1.660673550582,38.167439784966));
#10484 = CARTESIAN_POINT('',(1.660043082302,37.822854616407));
#10485 = CARTESIAN_POINT('',(1.655220585167,37.482184748223));
#10486 = CARTESIAN_POINT('',(1.643163767136,37.048624622993));
#10487 = CARTESIAN_POINT('',(1.639867313878,36.946426566984));
#10488 = CARTESIAN_POINT('',(1.636141024814,36.845476466098));
#10489 = CARTESIAN_POINT('',(1.631979233522,36.745995583297));
#10490 = CARTESIAN_POINT('',(1.627375454348,36.64823554776));
#10491 = CARTESIAN_POINT('',(1.622322633161,36.552485344247));
#10492 = CARTESIAN_POINT('',(1.608224097691,36.313449892539));
#10493 = CARTESIAN_POINT('',(1.5985055082,36.17318076976));
#10494 = CARTESIAN_POINT('',(1.587635823583,36.039839615642));
#10495 = CARTESIAN_POINT('',(1.575601263835,35.915215065059));
#10496 = CARTESIAN_POINT('',(1.56240005747,35.801359434032));
#10497 = CARTESIAN_POINT('',(1.548047265538,35.700642750815));
#10498 = CARTESIAN_POINT('',(1.532580447165,35.615817090259));
#10499 = ( GEOMETRIC_REPRESENTATION_CONTEXT(2) 
PARAMETRIC_REPRESENTATION_CONTEXT() REPRESENTATION_CONTEXT('2D SPACE',''
  ) );
#10500 = ORIENTED_EDGE('',*,*,#10501,.F.);
#10501 = EDGE_CURVE('',#4516,#10320,#10502,.T.);
#10502 = SEAM_CURVE('',#10503,(#10507,#10514),.PCURVE_S1.);
#10503 = LINE('',#10504,#10505);
#10504 = CARTESIAN_POINT('',(-43.24578741726,-6.225966450344,
    18.349506389115));
#10505 = VECTOR('',#10506,1.);
#10506 = DIRECTION('',(0.290007395283,0.957024404433,1.232595164408E-32)
  );
#10507 = PCURVE('',#4641,#10508);
#10508 = DEFINITIONAL_REPRESENTATION('',(#10509),#10513);
#10509 = LINE('',#10510,#10511);
#10510 = CARTESIAN_POINT('',(6.28318530718,-0.));
#10511 = VECTOR('',#10512,1.);
#10512 = DIRECTION('',(0.,1.));
#10513 = ( GEOMETRIC_REPRESENTATION_CONTEXT(2) 
PARAMETRIC_REPRESENTATION_CONTEXT() REPRESENTATION_CONTEXT('2D SPACE',''
  ) );
#10514 = PCURVE('',#4641,#10515);
#10515 = DEFINITIONAL_REPRESENTATION('',(#10516),#10520);
#10516 = LINE('',#10517,#10518);
#10517 = CARTESIAN_POINT('',(0.,-0.));
#10518 = VECTOR('',#10519,1.);
#10519 = DIRECTION('',(0.,1.));
#10520 = ( GEOMETRIC_REPRESENTATION_CONTEXT(2) 
PARAMETRIC_REPRESENTATION_CONTEXT() REPRESENTATION_CONTEXT('2D SPACE',''
  ) );
#10521 = ORIENTED_EDGE('',*,*,#4515,.T.);
#10522 = ORIENTED_EDGE('',*,*,#10501,.T.);
#10523 = ADVANCED_FACE('',(#10524),#4836,.F.);
#10524 = FACE_BOUND('',#10525,.F.);
#10525 = EDGE_LOOP('',(#10526,#10527,#10550,#10730));
#10526 = ORIENTED_EDGE('',*,*,#4710,.F.);
#10527 = ORIENTED_EDGE('',*,*,#10528,.F.);
#10528 = EDGE_CURVE('',#10529,#4711,#10531,.T.);
#10529 = VERTEX_POINT('',#10530);
#10530 = CARTESIAN_POINT('',(-34.22440799485,23.544585643591,
    18.349506389115));
#10531 = SEAM_CURVE('',#10532,(#10536,#10543),.PCURVE_S1.);
#10532 = LINE('',#10533,#10534);
#10533 = CARTESIAN_POINT('',(-43.24578741726,-6.225966450344,
    18.349506389115));
#10534 = VECTOR('',#10535,1.);
#10535 = DIRECTION('',(0.290007395283,0.957024404433,1.232595164408E-32)
  );
#10536 = PCURVE('',#4836,#10537);
#10537 = DEFINITIONAL_REPRESENTATION('',(#10538),#10542);
#10538 = LINE('',#10539,#10540);
#10539 = CARTESIAN_POINT('',(6.28318530718,-0.));
#10540 = VECTOR('',#10541,1.);
#10541 = DIRECTION('',(0.,1.));
#10542 = ( GEOMETRIC_REPRESENTATION_CONTEXT(2) 
PARAMETRIC_REPRESENTATION_CONTEXT() REPRESENTATION_CONTEXT('2D SPACE',''
  ) );
#10543 = PCURVE('',#4836,#10544);
#10544 = DEFINITIONAL_REPRESENTATION('',(#10545),#10549);
#10545 = LINE('',#10546,#10547);
#10546 = CARTESIAN_POINT('',(0.,-0.));
#10547 = VECTOR('',#10548,1.);
#10548 = DIRECTION('',(0.,1.));
#10549 = ( GEOMETRIC_REPRESENTATION_CONTEXT(2) 
PARAMETRIC_REPRESENTATION_CONTEXT() REPRESENTATION_CONTEXT('2D SPACE',''
  ) );
#10550 = ORIENTED_EDGE('',*,*,#10551,.T.);
#10551 = EDGE_CURVE('',#10529,#10529,#10552,.T.);
#10552 = SURFACE_CURVE('',#10553,(#10610,#10670),.PCURVE_S1.);
#10553 = B_SPLINE_CURVE_WITH_KNOTS('',7,(#10554,#10555,#10556,#10557,
    #10558,#10559,#10560,#10561,#10562,#10563,#10564,#10565,#10566,
    #10567,#10568,#10569,#10570,#10571,#10572,#10573,#10574,#10575,
    #10576,#10577,#10578,#10579,#10580,#10581,#10582,#10583,#10584,
    #10585,#10586,#10587,#10588,#10589,#10590,#10591,#10592,#10593,
    #10594,#10595,#10596,#10597,#10598,#10599,#10600,#10601,#10602,
    #10603,#10604,#10605,#10606,#10607,#10608,#10609),.UNSPECIFIED.,.T.,
  .F.,(8,6,6,6,6,6,6,6,6,8),(0.,0.102451937695,0.232248099702,
    0.302101246652,0.444449982944,0.564196169167,0.69772712766,
    0.865665001285,0.918158616706,1.),.UNSPECIFIED.);
#10554 = CARTESIAN_POINT('',(-34.22440799485,23.544585643593,
    18.349506389115));
#10555 = CARTESIAN_POINT('',(-34.21859018386,23.563784419864,
    18.083574546266));
#10556 = CARTESIAN_POINT('',(-34.24415399187,23.588844566385,
    17.80427297359));
#10557 = CARTESIAN_POINT('',(-34.30736074147,23.618920350259,
    17.522489556519));
#10558 = CARTESIAN_POINT('',(-34.40958041095,23.652261293892,
    17.249108835319));
#10559 = CARTESIAN_POINT('',(-34.54753621675,23.687516676236,
    16.994149619303));
#10560 = CARTESIAN_POINT('',(-34.71381175213,23.72407024637,
    16.765421873547));
#10561 = CARTESIAN_POINT('',(-35.12994498041,23.807942369336,
    16.316515342728));
#10562 = CARTESIAN_POINT('',(-35.3895077394,23.855378581467,
    16.115729216945));
#10563 = CARTESIAN_POINT('',(-35.6636937568,23.903747972604,
    15.962363187372));
#10564 = CARTESIAN_POINT('',(-35.94388407196,23.954135521128,
    15.852677845865));
#10565 = CARTESIAN_POINT('',(-36.22377388134,24.007189593566,
    15.782906356543));
#10566 = CARTESIAN_POINT('',(-36.49891064363,24.063264537996,
    15.749506389115));
#10567 = CARTESIAN_POINT('',(-36.90984506549,24.154221294595,
    15.749506389115));
#10568 = CARTESIAN_POINT('',(-37.05162155106,24.186999877035,
    15.759179900357));
#10569 = CARTESIAN_POINT('',(-37.19094482821,24.220760903503,
    15.778138919407));
#10570 = CARTESIAN_POINT('',(-37.32742285076,24.255505290367,
    15.806059251905));
#10571 = CARTESIAN_POINT('',(-37.46070291812,24.291205112191,
    15.842675841103));
#10572 = CARTESIAN_POINT('',(-37.5904507931,24.327801585313,
    15.887778096419));
#10573 = CARTESIAN_POINT('',(-37.97284969245,24.441420826446,
    16.050080543128));
#10574 = CARTESIAN_POINT('',(-38.21283804404,24.520842288994,
    16.193329750466));
#10575 = CARTESIAN_POINT('',(-38.43389461765,24.602765723638,
    16.369510534241));
#10576 = CARTESIAN_POINT('',(-38.63317783319,24.685831173861,
    16.578209821312));
#10577 = CARTESIAN_POINT('',(-38.80683729986,24.767815509774,
    16.819330176707));
#10578 = CARTESIAN_POINT('',(-38.94975609879,24.845180112099,
    17.092755232096));
#10579 = CARTESIAN_POINT('',(-39.14270027016,24.968990854745,
    17.652949635783));
#10580 = CARTESIAN_POINT('',(-39.206756972,25.020246074169,
    17.939079975762));
#10581 = CARTESIAN_POINT('',(-39.2362529186,25.060226910563,
    18.248722676139));
#10582 = CARTESIAN_POINT('',(-39.22447326095,25.083025446645,
    18.573041847643));
#10583 = CARTESIAN_POINT('',(-39.16790434168,25.08366525811,
    18.901719257413));
#10584 = CARTESIAN_POINT('',(-39.06545142561,25.059478567288,
    19.223903274725));
#10585 = CARTESIAN_POINT('',(-38.75406354292,24.955754761553,
    19.868612580706));
#10586 = CARTESIAN_POINT('',(-38.54552698131,24.873930058085,
    20.163516118089));
#10587 = CARTESIAN_POINT('',(-38.30546324808,24.771767505326,
    20.408851928215));
#10588 = CARTESIAN_POINT('',(-38.04449335234,24.657179586831,
    20.603171287488));
#10589 = CARTESIAN_POINT('',(-37.77251891356,24.537969963184,
    20.747270283743));
#10590 = CARTESIAN_POINT('',(-37.49889657692,24.420683526889,
    20.844474345597));
#10591 = CARTESIAN_POINT('',(-36.89740969033,24.171141563104,
    20.971676434952));
#10592 = CARTESIAN_POINT('',(-36.56307684837,24.038395475858,
    20.980158541205));
#10593 = CARTESIAN_POINT('',(-36.23608922004,23.91765835982,
    20.933463663169));
#10594 = CARTESIAN_POINT('',(-35.92056095111,23.811949791983,
    20.836337549894));
#10595 = CARTESIAN_POINT('',(-35.62056080929,23.72302837138,
    20.69178534022));
#10596 = CARTESIAN_POINT('',(-35.34055531761,23.651839206612,
    20.501238582316));
#10597 = CARTESIAN_POINT('',(-35.00859152159,23.582207800281,
    20.191096906324));
#10598 = CARTESIAN_POINT('',(-34.93221409978,23.567404215522,
    20.112798102639));
#10599 = CARTESIAN_POINT('',(-34.85872845102,23.554389454365,
    20.030073305391));
#10600 = CARTESIAN_POINT('',(-34.78838005584,23.54316987641,
    19.942932903046));
#10601 = CARTESIAN_POINT('',(-34.72145004751,23.533747050913,
    19.851388181642));
#10602 = CARTESIAN_POINT('',(-34.65826062946,23.526116972957,
    19.755457420005));
#10603 = CARTESIAN_POINT('',(-34.50707024094,23.51115229829,
    19.498819661707));
#10604 = CARTESIAN_POINT('',(-34.42473593359,23.506347034688,
    19.331520869442));
#10605 = CARTESIAN_POINT('',(-34.35382068363,23.505864727654,
    19.153585761883));
#10606 = CARTESIAN_POINT('',(-34.29616274303,23.509637452318,
    18.965499359861));
#10607 = CARTESIAN_POINT('',(-34.25381562991,23.517504114641,
    18.767996228382));
#10608 = CARTESIAN_POINT('',(-34.22906010469,23.529233681112,
    18.562154092088));
#10609 = CARTESIAN_POINT('',(-34.22440799485,23.544585643593,
    18.349506389115));
#10610 = PCURVE('',#4836,#10611);
#10611 = DEFINITIONAL_REPRESENTATION('',(#10612),#10669);
#10612 = B_SPLINE_CURVE_WITH_KNOTS('',7,(#10613,#10614,#10615,#10616,
    #10617,#10618,#10619,#10620,#10621,#10622,#10623,#10624,#10625,
    #10626,#10627,#10628,#10629,#10630,#10631,#10632,#10633,#10634,
    #10635,#10636,#10637,#10638,#10639,#10640,#10641,#10642,#10643,
    #10644,#10645,#10646,#10647,#10648,#10649,#10650,#10651,#10652,
    #10653,#10654,#10655,#10656,#10657,#10658,#10659,#10660,#10661,
    #10662,#10663,#10664,#10665,#10666,#10667,#10668),.UNSPECIFIED.,.F.,
  .F.,(8,6,6,6,6,6,6,6,6,8),(0.,0.102451937695,0.232248099702,
    0.302101246652,0.444449982944,0.564196169167,0.69772712766,
    0.865665001285,0.918158616706,1.),.UNSPECIFIED.);
#10613 = CARTESIAN_POINT('',(-8.881784197001E-16,31.107411635506));
#10614 = CARTESIAN_POINT('',(0.102281478019,31.127472541145));
#10615 = CARTESIAN_POINT('',(0.209705346751,31.14404201957));
#10616 = CARTESIAN_POINT('',(0.319830008855,31.154494853903));
#10617 = CARTESIAN_POINT('',(0.431015470651,31.156758490534));
#10618 = CARTESIAN_POINT('',(0.541788188595,31.150490547922));
#10619 = CARTESIAN_POINT('',(0.650589713124,31.137252071695));
#10620 = CARTESIAN_POINT('',(0.887709129479,31.096838026601));
#10621 = CARTESIAN_POINT('',(1.013054375986,31.066960519617));
#10622 = CARTESIAN_POINT('',(1.132675577745,31.033735234632));
#10623 = CARTESIAN_POINT('',(1.247504090418,31.000700084766));
#10624 = CARTESIAN_POINT('',(1.358335583012,30.970304012261));
#10625 = CARTESIAN_POINT('',(1.465863733714,30.944177406777));
#10626 = CARTESIAN_POINT('',(1.627268503869,30.912051221276));
#10627 = CARTESIAN_POINT('',(1.683110812005,30.902304895321));
#10628 = CARTESIAN_POINT('',(1.738453368941,30.894210240861));
#10629 = CARTESIAN_POINT('',(1.793417580276,30.887881831175));
#10630 = CARTESIAN_POINT('',(1.848119867284,30.883395226715));
#10631 = CARTESIAN_POINT('',(1.902675394727,30.880791101343));
#10632 = CARTESIAN_POINT('',(2.068317260671,30.878628979161));
#10633 = CARTESIAN_POINT('',(2.17910945449,30.885038860313));
#10634 = CARTESIAN_POINT('',(2.290721059488,30.89933354544));
#10635 = CARTESIAN_POINT('',(2.404159394373,30.921035602204));
#10636 = CARTESIAN_POINT('',(2.52046433575,30.949134082858));
#10637 = CARTESIAN_POINT('',(2.640750668475,30.981726386709));
#10638 = CARTESIAN_POINT('',(2.872308212658,31.044261052379));
#10639 = CARTESIAN_POINT('',(2.985440234078,31.074736630971));
#10640 = CARTESIAN_POINT('',(3.103796698162,31.104445224465));
#10641 = CARTESIAN_POINT('',(3.226223863376,31.129680167713));
#10642 = CARTESIAN_POINT('',(3.352019418836,31.14669788783));
#10643 = CARTESIAN_POINT('',(3.480785544288,31.15326273778));
#10644 = CARTESIAN_POINT('',(3.75901186426,31.144301313151));
#10645 = CARTESIAN_POINT('',(3.899053540637,31.126470220102));
#10646 = CARTESIAN_POINT('',(4.03354543595,31.09831842187));
#10647 = CARTESIAN_POINT('',(4.162899447981,31.064338187125));
#10648 = CARTESIAN_POINT('',(4.287186560989,31.029126266628));
#10649 = CARTESIAN_POINT('',(4.406055194884,30.996232785924));
#10650 = CARTESIAN_POINT('',(4.660044951076,30.931850681929));
#10651 = CARTESIAN_POINT('',(4.795962158772,30.901768433495));
#10652 = CARTESIAN_POINT('',(4.928445590757,30.881048897307));
#10653 = CARTESIAN_POINT('',(5.059042109835,30.871388749541));
#10654 = CARTESIAN_POINT('',(5.189260586971,30.873291039659));
#10655 = CARTESIAN_POINT('',(5.320597822555,30.886364934953));
#10656 = CARTESIAN_POINT('',(5.497001004793,30.915997935592));
#10657 = CARTESIAN_POINT('',(5.539292866674,30.923980560861));
#10658 = CARTESIAN_POINT('',(5.581925927902,30.932836498404));
#10659 = CARTESIAN_POINT('',(5.624958582901,30.942500643343));
#10660 = CARTESIAN_POINT('',(5.6684507781,30.952892966763));
#10661 = CARTESIAN_POINT('',(5.71246520932,30.963916194492));
#10662 = CARTESIAN_POINT('',(5.826608339322,30.993440966396));
#10663 = CARTESIAN_POINT('',(5.897740671441,31.012719769877));
#10664 = CARTESIAN_POINT('',(5.970605951214,31.032824137201));
#10665 = CARTESIAN_POINT('',(6.045372042563,31.053155955948));
#10666 = CARTESIAN_POINT('',(6.122227439905,31.072965519743));
#10667 = CARTESIAN_POINT('',(6.201397729113,31.091370286498));
#10668 = CARTESIAN_POINT('',(6.28318530718,31.107411635506));
#10669 = ( GEOMETRIC_REPRESENTATION_CONTEXT(2) 
PARAMETRIC_REPRESENTATION_CONTEXT() REPRESENTATION_CONTEXT('2D SPACE',''
  ) );
#10670 = PCURVE('',#6680,#10671);
#10671 = DEFINITIONAL_REPRESENTATION('',(#10672),#10729);
#10672 = B_SPLINE_CURVE_WITH_KNOTS('',7,(#10673,#10674,#10675,#10676,
    #10677,#10678,#10679,#10680,#10681,#10682,#10683,#10684,#10685,
    #10686,#10687,#10688,#10689,#10690,#10691,#10692,#10693,#10694,
    #10695,#10696,#10697,#10698,#10699,#10700,#10701,#10702,#10703,
    #10704,#10705,#10706,#10707,#10708,#10709,#10710,#10711,#10712,
    #10713,#10714,#10715,#10716,#10717,#10718,#10719,#10720,#10721,
    #10722,#10723,#10724,#10725,#10726,#10727,#10728),.UNSPECIFIED.,.F.,
  .F.,(8,6,6,6,6,6,6,6,6,8),(0.,0.102451937695,0.232248099702,
    0.302101246652,0.444449982944,0.564196169167,0.69772712766,
    0.865665001285,0.918158616706,1.),.UNSPECIFIED.);
#10673 = CARTESIAN_POINT('',(4.510013181053,35.615817090259));
#10674 = CARTESIAN_POINT('',(4.529355593193,35.509736263098));
#10675 = CARTESIAN_POINT('',(4.550638559345,35.427421003429));
#10676 = CARTESIAN_POINT('',(4.573250966399,35.378484447408));
#10677 = CARTESIAN_POINT('',(4.596440414067,35.368005222779));
#10678 = CARTESIAN_POINT('',(4.619400549255,35.396744995537));
#10679 = CARTESIAN_POINT('',(4.641352890469,35.46114676824));
#10680 = CARTESIAN_POINT('',(4.687330405256,35.669573753249));
#10681 = CARTESIAN_POINT('',(4.710261285581,35.829883053185));
#10682 = CARTESIAN_POINT('',(4.73025803212,36.022189657536));
#10683 = CARTESIAN_POINT('',(4.747322162673,36.237726569995));
#10684 = CARTESIAN_POINT('',(4.76151485656,36.469630612706));
#10685 = CARTESIAN_POINT('',(4.772939953404,36.712675491604));
#10686 = CARTESIAN_POINT('',(4.786414668523,37.097493986157));
#10687 = CARTESIAN_POINT('',(4.79036754995,37.234490669985));
#10688 = CARTESIAN_POINT('',(4.793571048074,37.373299731355));
#10689 = CARTESIAN_POINT('',(4.796034885281,37.513448038201));
#10690 = CARTESIAN_POINT('',(4.797765980863,37.654512907647));
#10691 = CARTESIAN_POINT('',(4.798768183786,37.796101380422));
#10692 = CARTESIAN_POINT('',(4.79960000708,38.226647092303));
#10693 = CARTESIAN_POINT('',(4.797132175369,38.515520667841));
#10694 = CARTESIAN_POINT('',(4.791663238425,38.80158184097));
#10695 = CARTESIAN_POINT('',(4.783134246401,39.081810447689));
#10696 = CARTESIAN_POINT('',(4.771434941852,39.352197367633));
#10697 = CARTESIAN_POINT('',(4.75641774483,39.607264607231));
#10698 = CARTESIAN_POINT('',(4.722403370865,40.03297797252));
#10699 = CARTESIAN_POINT('',(4.703908400532,40.216961783615));
#10700 = CARTESIAN_POINT('',(4.682595604045,40.376996474575));
#10701 = CARTESIAN_POINT('',(4.658871841401,40.502093416126));
#10702 = CARTESIAN_POINT('',(4.633331651163,40.583729703229));
#10703 = CARTESIAN_POINT('',(4.606672031448,40.615906416892));
#10704 = CARTESIAN_POINT('',(4.549587110034,40.57222931032));
#10705 = CARTESIAN_POINT('',(4.52115273434,40.485098394318));
#10706 = CARTESIAN_POINT('',(4.495119245228,40.345118478177));
#10707 = CARTESIAN_POINT('',(4.471966439868,40.163136707253));
#10708 = CARTESIAN_POINT('',(4.452032627764,39.950235421901));
#10709 = CARTESIAN_POINT('',(4.435452351366,39.717692910761));
#10710 = CARTESIAN_POINT('',(4.405363854231,39.174216284996));
#10711 = CARTESIAN_POINT('',(4.393214794798,38.848892486064));
#10712 = CARTESIAN_POINT('',(4.385452245922,38.511198114692));
#10713 = CARTESIAN_POINT('',(4.381920077636,38.167439784967));
#10714 = CARTESIAN_POINT('',(4.382550545916,37.822854616407));
#10715 = CARTESIAN_POINT('',(4.387373043051,37.482184748223));
#10716 = CARTESIAN_POINT('',(4.39942986117,37.048624619816));
#10717 = CARTESIAN_POINT('',(4.402726314204,36.94642657002));
#10718 = CARTESIAN_POINT('',(4.406452603331,36.84547646864));
#10719 = CARTESIAN_POINT('',(4.410614394831,36.745995580953));
#10720 = CARTESIAN_POINT('',(4.415218173994,36.648235544681));
#10721 = CARTESIAN_POINT('',(4.420270994887,36.552485347149));
#10722 = CARTESIAN_POINT('',(4.43436953053,36.313449892485));
#10723 = CARTESIAN_POINT('',(4.444088120019,36.173180769766));
#10724 = CARTESIAN_POINT('',(4.454957804632,36.039839615684));
#10725 = CARTESIAN_POINT('',(4.46699236438,35.915215065082));
#10726 = CARTESIAN_POINT('',(4.480193570749,35.801359434017));
#10727 = CARTESIAN_POINT('',(4.494546362685,35.700642750788));
#10728 = CARTESIAN_POINT('',(4.510013181053,35.615817090259));
#10729 = ( GEOMETRIC_REPRESENTATION_CONTEXT(2) 
PARAMETRIC_REPRESENTATION_CONTEXT() REPRESENTATION_CONTEXT('2D SPACE',''
  ) );
#10730 = ORIENTED_EDGE('',*,*,#10528,.T.);
#10731 = ADVANCED_FACE('',(#10732,#10735),#5071,.T.);
#10732 = FACE_BOUND('',#10733,.T.);
#10733 = EDGE_LOOP('',(#10734));
#10734 = ORIENTED_EDGE('',*,*,#5056,.T.);
#10735 = FACE_BOUND('',#10736,.T.);
#10736 = EDGE_LOOP('',(#10737));
#10737 = ORIENTED_EDGE('',*,*,#10738,.F.);
#10738 = EDGE_CURVE('',#10739,#10739,#10741,.T.);
#10739 = VERTEX_POINT('',#10740);
#10740 = CARTESIAN_POINT('',(0.,62.,12.65));
#10741 = SURFACE_CURVE('',#10742,(#10747,#10754),.PCURVE_S1.);
#10742 = CIRCLE('',#10743,12.65);
#10743 = AXIS2_PLACEMENT_3D('',#10744,#10745,#10746);
#10744 = CARTESIAN_POINT('',(0.,62.,0.));
#10745 = DIRECTION('',(0.,1.,0.));
#10746 = DIRECTION('',(0.,-0.,1.));
#10747 = PCURVE('',#5071,#10748);
#10748 = DEFINITIONAL_REPRESENTATION('',(#10749),#10753);
#10749 = CIRCLE('',#10750,12.65);
#10750 = AXIS2_PLACEMENT_2D('',#10751,#10752);
#10751 = CARTESIAN_POINT('',(0.,0.));
#10752 = DIRECTION('',(1.,0.));
#10753 = ( GEOMETRIC_REPRESENTATION_CONTEXT(2) 
PARAMETRIC_REPRESENTATION_CONTEXT() REPRESENTATION_CONTEXT('2D SPACE',''
  ) );
#10754 = PCURVE('',#9120,#10755);
#10755 = DEFINITIONAL_REPRESENTATION('',(#10756),#10760);
#10756 = LINE('',#10757,#10758);
#10757 = CARTESIAN_POINT('',(0.,54.));
#10758 = VECTOR('',#10759,1.);
#10759 = DIRECTION('',(1.,0.));
#10760 = ( GEOMETRIC_REPRESENTATION_CONTEXT(2) 
PARAMETRIC_REPRESENTATION_CONTEXT() REPRESENTATION_CONTEXT('2D SPACE',''
  ) );
#10761 = ADVANCED_FACE('',(#10762),#6039,.F.);
#10762 = FACE_BOUND('',#10763,.F.);
#10763 = EDGE_LOOP('',(#10764,#10952,#10973,#10974));
#10764 = ORIENTED_EDGE('',*,*,#10765,.F.);
#10765 = EDGE_CURVE('',#10766,#10766,#10768,.T.);
#10766 = VERTEX_POINT('',#10767);
#10767 = CARTESIAN_POINT('',(-12.37992326308,46.,2.6));
#10768 = SURFACE_CURVE('',#10769,(#10828,#10890),.PCURVE_S1.);
#10769 = B_SPLINE_CURVE_WITH_KNOTS('',8,(#10770,#10771,#10772,#10773,
    #10774,#10775,#10776,#10777,#10778,#10779,#10780,#10781,#10782,
    #10783,#10784,#10785,#10786,#10787,#10788,#10789,#10790,#10791,
    #10792,#10793,#10794,#10795,#10796,#10797,#10798,#10799,#10800,
    #10801,#10802,#10803,#10804,#10805,#10806,#10807,#10808,#10809,
    #10810,#10811,#10812,#10813,#10814,#10815,#10816,#10817,#10818,
    #10819,#10820,#10821,#10822,#10823,#10824,#10825,#10826,#10827),
  .UNSPECIFIED.,.T.,.F.,(9,7,7,7,7,7,7,7,9),(0.,0.144369299158,
    0.261777842474,0.37918638579,0.523555684947,0.678078044206,
    0.809521568655,0.90062552746,1.),.UNSPECIFIED.);
#10770 = CARTESIAN_POINT('',(-12.37992326309,46.,2.6));
#10771 = CARTESIAN_POINT('',(-12.37992326309,45.755030462843,2.6));
#10772 = CARTESIAN_POINT('',(-12.38546285887,45.510380220937,
    2.573622850186));
#10773 = CARTESIAN_POINT('',(-12.39651831572,45.267660357,2.520983458047
    ));
#10774 = CARTESIAN_POINT('',(-12.41284252513,45.028623544057,
    2.44168896606));
#10775 = CARTESIAN_POINT('',(-12.43395335044,44.795356650426,
    2.334945806424));
#10776 = CARTESIAN_POINT('',(-12.45904740075,44.570511865319,
    2.199660307027));
#10777 = CARTESIAN_POINT('',(-12.48688475429,44.357619093688,
    2.034574355858));
#10778 = CARTESIAN_POINT('',(-12.53911618512,44.002046421197,
    1.679001683367));
#10779 = CARTESIAN_POINT('',(-12.56367822972,43.850303495702,
    1.495640084729));
#10780 = CARTESIAN_POINT('',(-12.58806377576,43.712500008665,
    1.288989819501));
#10781 = CARTESIAN_POINT('',(-12.61059175259,43.594144543317,
    1.060826720236));
#10782 = CARTESIAN_POINT('',(-12.62944216433,43.50002569503,
    0.813923354602));
#10783 = CARTESIAN_POINT('',(-12.64296995929,43.434202589133,
    0.551873555786));
#10784 = CARTESIAN_POINT('',(-12.65,43.4,0.278947345666));
#10785 = CARTESIAN_POINT('',(-12.65,43.4,-0.278947345666));
#10786 = CARTESIAN_POINT('',(-12.64296995929,43.434202589133,
    -0.551873555786));
#10787 = CARTESIAN_POINT('',(-12.62944216433,43.50002569503,
    -0.813923354602));
#10788 = CARTESIAN_POINT('',(-12.61059175259,43.594144543317,
    -1.060826720236));
#10789 = CARTESIAN_POINT('',(-12.58806377576,43.712500008665,
    -1.288989819501));
#10790 = CARTESIAN_POINT('',(-12.56367822972,43.850303495702,
    -1.495640084729));
#10791 = CARTESIAN_POINT('',(-12.53911618512,44.002046421197,
    -1.679001683367));
#10792 = CARTESIAN_POINT('',(-12.48688475429,44.357619093688,
    -2.034574355858));
#10793 = CARTESIAN_POINT('',(-12.45904740075,44.570511865319,
    -2.199660307027));
#10794 = CARTESIAN_POINT('',(-12.43395335044,44.795356650426,
    -2.334945806424));
#10795 = CARTESIAN_POINT('',(-12.41284252513,45.028623544057,
    -2.44168896606));
#10796 = CARTESIAN_POINT('',(-12.39651831572,45.267660357,
    -2.520983458047));
#10797 = CARTESIAN_POINT('',(-12.38546285887,45.510380220937,
    -2.573622850186));
#10798 = CARTESIAN_POINT('',(-12.37992326309,45.755030462843,-2.6));
#10799 = CARTESIAN_POINT('',(-12.37992326309,46.262197510474,-2.6));
#10800 = CARTESIAN_POINT('',(-12.38626953519,46.523960178086,
    -2.569781047513));
#10801 = CARTESIAN_POINT('',(-12.39892624161,46.783348965938,
    -2.509520274704));
#10802 = CARTESIAN_POINT('',(-12.41757343775,47.038279683539,
    -2.418672002932));
#10803 = CARTESIAN_POINT('',(-12.44158546286,47.28613046195,
    -2.296184218589));
#10804 = CARTESIAN_POINT('',(-12.4698958091,47.523471355292,
    -2.14062627363));
#10805 = CARTESIAN_POINT('',(-12.50082596288,47.745670085253,
    -1.950389060537));
#10806 = CARTESIAN_POINT('',(-12.55843604852,48.116646229766,
    -1.531643556923));
#10807 = CARTESIAN_POINT('',(-12.58607814998,48.27798338362,
    -1.305701967142));
#10808 = CARTESIAN_POINT('',(-12.61247886536,48.417937137882,
    -1.048745797649));
#10809 = CARTESIAN_POINT('',(-12.63465511572,48.527006353166,
    -0.765792489985));
#10810 = CARTESIAN_POINT('',(-12.64969565396,48.59833164542,
    -0.463979459998));
#10811 = CARTESIAN_POINT('',(-12.65580737693,48.627692543974,
    -0.151685603601));
#10812 = CARTESIAN_POINT('',(-12.65268000681,48.613587166507,
    0.162123815435));
#10813 = CARTESIAN_POINT('',(-12.63343854242,48.518476389293,
    0.68112652941));
#10814 = CARTESIAN_POINT('',(-12.6216129304,48.459371621208,
    0.889875671064));
#10815 = CARTESIAN_POINT('',(-12.60616049312,48.380513195409,
    1.092678225661));
#10816 = CARTESIAN_POINT('',(-12.58763056929,48.282608003202,
    1.287373588999));
#10817 = CARTESIAN_POINT('',(-12.56676990957,48.166640202879,
    1.47190084972));
#10818 = CARTESIAN_POINT('',(-12.54447129376,48.03385907656,
    1.644333205239));
#10819 = CARTESIAN_POINT('',(-12.52170075722,47.88576862658,
    1.802918794169));
#10820 = CARTESIAN_POINT('',(-12.4750819207,47.547794464163,
    2.102337774519));
#10821 = CARTESIAN_POINT('',(-12.45130724675,47.355217248281,
    2.240358562157));
#10822 = CARTESIAN_POINT('',(-12.42931310023,47.148655356327,
    2.358132866046));
#10823 = CARTESIAN_POINT('',(-12.4103003592,46.930642034933,
    2.454020244535));
#10824 = CARTESIAN_POINT('',(-12.39529961603,46.703900075277,
    2.52678472352));
#10825 = CARTESIAN_POINT('',(-12.3850499585,46.471270012908,
    2.575589371743));
#10826 = CARTESIAN_POINT('',(-12.37992326309,46.235655598365,2.6));
#10827 = CARTESIAN_POINT('',(-12.37992326309,46.,2.6));
#10828 = PCURVE('',#6039,#10829);
#10829 = DEFINITIONAL_REPRESENTATION('',(#10830),#10889);
#10830 = B_SPLINE_CURVE_WITH_KNOTS('',8,(#10831,#10832,#10833,#10834,
    #10835,#10836,#10837,#10838,#10839,#10840,#10841,#10842,#10843,
    #10844,#10845,#10846,#10847,#10848,#10849,#10850,#10851,#10852,
    #10853,#10854,#10855,#10856,#10857,#10858,#10859,#10860,#10861,
    #10862,#10863,#10864,#10865,#10866,#10867,#10868,#10869,#10870,
    #10871,#10872,#10873,#10874,#10875,#10876,#10877,#10878,#10879,
    #10880,#10881,#10882,#10883,#10884,#10885,#10886,#10887,#10888),
  .UNSPECIFIED.,.F.,.F.,(9,7,7,7,7,7,7,7,9),(0.,0.144369299158,
    0.261777842474,0.37918638579,0.523555684947,0.678078044206,
    0.809521568655,0.90062552746,1.),.UNSPECIFIED.);
#10831 = CARTESIAN_POINT('',(0.,6.12007673691));
#10832 = CARTESIAN_POINT('',(9.421905275258E-02,6.12007673691));
#10833 = CARTESIAN_POINT('',(0.188315023167,6.114537141126));
#10834 = CARTESIAN_POINT('',(0.282944299345,6.103481684276));
#10835 = CARTESIAN_POINT('',(0.378690165752,6.087157474866));
#10836 = CARTESIAN_POINT('',(0.476148165429,6.066046649552));
#10837 = CARTESIAN_POINT('',(0.575938745976,6.040952599249));
#10838 = CARTESIAN_POINT('',(0.678735606586,6.013115245709));
#10839 = CARTESIAN_POINT('',(0.87214164345,5.960883814872));
#10840 = CARTESIAN_POINT('',(0.963278128426,5.936321770278));
#10841 = CARTESIAN_POINT('',(1.057951402183,5.91193622424));
#10842 = CARTESIAN_POINT('',(1.155599983813,5.889408247407));
#10843 = CARTESIAN_POINT('',(1.255866860447,5.870557835661));
#10844 = CARTESIAN_POINT('',(1.358537356823,5.85703004071));
#10845 = CARTESIAN_POINT('',(1.463508886154,5.85));
#10846 = CARTESIAN_POINT('',(1.678083767436,5.85));
#10847 = CARTESIAN_POINT('',(1.783055296767,5.85703004071));
#10848 = CARTESIAN_POINT('',(1.885725793143,5.870557835661));
#10849 = CARTESIAN_POINT('',(1.985992669776,5.889408247407));
#10850 = CARTESIAN_POINT('',(2.083641251406,5.91193622424));
#10851 = CARTESIAN_POINT('',(2.178314525163,5.936321770278));
#10852 = CARTESIAN_POINT('',(2.26945101014,5.960883814872));
#10853 = CARTESIAN_POINT('',(2.462857047004,6.013115245709));
#10854 = CARTESIAN_POINT('',(2.565653907614,6.04095259925));
#10855 = CARTESIAN_POINT('',(2.66544448816,6.066046649552));
#10856 = CARTESIAN_POINT('',(2.762902487838,6.087157474866));
#10857 = CARTESIAN_POINT('',(2.858648354245,6.103481684276));
#10858 = CARTESIAN_POINT('',(2.953277630422,6.114537141126));
#10859 = CARTESIAN_POINT('',(3.047373600837,6.12007673691));
#10860 = CARTESIAN_POINT('',(3.242437849926,6.12007673691));
#10861 = CARTESIAN_POINT('',(3.343115482485,6.113730464807));
#10862 = CARTESIAN_POINT('',(3.444444334864,6.101073758385));
#10863 = CARTESIAN_POINT('',(3.547159677683,6.082426562246));
#10864 = CARTESIAN_POINT('',(3.651991436994,6.058414537134));
#10865 = CARTESIAN_POINT('',(3.759700361206,6.030104190897));
#10866 = CARTESIAN_POINT('',(3.871139218947,5.99917403712));
#10867 = CARTESIAN_POINT('',(4.086307756369,5.941563951478));
#10868 = CARTESIAN_POINT('',(4.192502519888,5.913921850019));
#10869 = CARTESIAN_POINT('',(4.303645325984,5.887521134633));
#10870 = CARTESIAN_POINT('',(4.418261436848,5.865344884273));
#10871 = CARTESIAN_POINT('',(4.535341493308,5.850304346034));
#10872 = CARTESIAN_POINT('',(4.654074594677,5.844192623069));
#10873 = CARTESIAN_POINT('',(4.773771617601,5.847319993186));
#10874 = CARTESIAN_POINT('',(4.976712232204,5.866561457573));
#10875 = CARTESIAN_POINT('',(5.059782757247,5.878387069591));
#10876 = CARTESIAN_POINT('',(5.142847357472,5.89383950688));
#10877 = CARTESIAN_POINT('',(5.22591161767,5.912369430708));
#10878 = CARTESIAN_POINT('',(5.308981691713,5.933230090421));
#10879 = CARTESIAN_POINT('',(5.392059942152,5.955528706233));
#10880 = CARTESIAN_POINT('',(5.475140163206,5.978299242773));
#10881 = CARTESIAN_POINT('',(5.648805087572,6.024918079297));
#10882 = CARTESIAN_POINT('',(5.739447733964,6.048692753246));
#10883 = CARTESIAN_POINT('',(5.830085850628,6.070686899766));
#10884 = CARTESIAN_POINT('',(5.920709380047,6.089699640793));
#10885 = CARTESIAN_POINT('',(6.011319941125,6.104700383964));
#10886 = CARTESIAN_POINT('',(6.101927589243,6.114950041495));
#10887 = CARTESIAN_POINT('',(6.192548538578,6.12007673691));
#10888 = CARTESIAN_POINT('',(6.28318530718,6.12007673691));
#10889 = ( GEOMETRIC_REPRESENTATION_CONTEXT(2) 
PARAMETRIC_REPRESENTATION_CONTEXT() REPRESENTATION_CONTEXT('2D SPACE',''
  ) );
#10890 = PCURVE('',#9120,#10891);
#10891 = DEFINITIONAL_REPRESENTATION('',(#10892),#10951);
#10892 = B_SPLINE_CURVE_WITH_KNOTS('',8,(#10893,#10894,#10895,#10896,
    #10897,#10898,#10899,#10900,#10901,#10902,#10903,#10904,#10905,
    #10906,#10907,#10908,#10909,#10910,#10911,#10912,#10913,#10914,
    #10915,#10916,#10917,#10918,#10919,#10920,#10921,#10922,#10923,
    #10924,#10925,#10926,#10927,#10928,#10929,#10930,#10931,#10932,
    #10933,#10934,#10935,#10936,#10937,#10938,#10939,#10940,#10941,
    #10942,#10943,#10944,#10945,#10946,#10947,#10948,#10949,#10950),
  .UNSPECIFIED.,.T.,.F.,(9,7,7,7,7,7,7,7,9),(0.,0.144369299158,
    0.261777842474,0.37918638579,0.523555684947,0.678078044206,
    0.809521568655,0.90062552746,1.),.UNSPECIFIED.);
#10893 = CARTESIAN_POINT('',(4.919397894087,38.));
#10894 = CARTESIAN_POINT('',(4.919397894087,37.755030462843));
#10895 = CARTESIAN_POINT('',(4.917267257591,37.510380220937));
#10896 = CARTESIAN_POINT('',(4.913015248957,37.267660357));
#10897 = CARTESIAN_POINT('',(4.906615524697,37.028623544057));
#10898 = CARTESIAN_POINT('',(4.898014454702,36.795356650426));
#10899 = CARTESIAN_POINT('',(4.887139336038,36.570511865319));
#10900 = CARTESIAN_POINT('',(4.873907802236,36.357619093688));
#10901 = CARTESIAN_POINT('',(4.845497649208,36.002046421197));
#10902 = CARTESIAN_POINT('',(4.8308743837,35.850303495702));
#10903 = CARTESIAN_POINT('',(4.814428468455,35.712500008665));
#10904 = CARTESIAN_POINT('',(4.79631126947,35.594144543317));
#10905 = CARTESIAN_POINT('',(4.776747033436,35.50002569503));
#10906 = CARTESIAN_POINT('',(4.756015364761,35.434202589133));
#10907 = CARTESIAN_POINT('',(4.734440153955,35.4));
#10908 = CARTESIAN_POINT('',(4.690337806814,35.4));
#10909 = CARTESIAN_POINT('',(4.668762596009,35.434202589133));
#10910 = CARTESIAN_POINT('',(4.648030927334,35.50002569503));
#10911 = CARTESIAN_POINT('',(4.628466691299,35.594144543317));
#10912 = CARTESIAN_POINT('',(4.610349492314,35.712500008665));
#10913 = CARTESIAN_POINT('',(4.593903577069,35.850303495702));
#10914 = CARTESIAN_POINT('',(4.579280311561,36.002046421197));
#10915 = CARTESIAN_POINT('',(4.550870158533,36.357619093688));
#10916 = CARTESIAN_POINT('',(4.537638624731,36.570511865319));
#10917 = CARTESIAN_POINT('',(4.526763506068,36.795356650426));
#10918 = CARTESIAN_POINT('',(4.518162436073,37.028623544057));
#10919 = CARTESIAN_POINT('',(4.511762711812,37.267660357));
#10920 = CARTESIAN_POINT('',(4.507510703179,37.510380220937));
#10921 = CARTESIAN_POINT('',(4.505380066682,37.755030462843));
#10922 = CARTESIAN_POINT('',(4.505380066682,38.262197510474));
#10923 = CARTESIAN_POINT('',(4.50782102627,38.523960178086));
#10924 = CARTESIAN_POINT('',(4.512688668118,38.783348965938));
#10925 = CARTESIAN_POINT('',(4.520019975083,39.038279683539));
#10926 = CARTESIAN_POINT('',(4.529886261891,39.28613046195));
#10927 = CARTESIAN_POINT('',(4.542382576873,39.523471355292));
#10928 = CARTESIAN_POINT('',(4.557614007211,39.745670085253));
#10929 = CARTESIAN_POINT('',(4.591028225488,40.116646229766));
#10930 = CARTESIAN_POINT('',(4.609020367825,40.27798338362));
#10931 = CARTESIAN_POINT('',(4.629433549121,40.417937137882));
#10932 = CARTESIAN_POINT('',(4.651856065602,40.527006353166));
#10933 = CARTESIAN_POINT('',(4.6757235501,40.59833164542));
#10934 = CARTESIAN_POINT('',(4.700397735094,40.627692543974));
#10935 = CARTESIAN_POINT('',(4.725196925232,40.613587166507));
#10936 = CARTESIAN_POINT('',(4.766252993986,40.518476389293));
#10937 = CARTESIAN_POINT('',(4.782778215893,40.459371621208));
#10938 = CARTESIAN_POINT('',(4.798851497604,40.380513195409));
#10939 = CARTESIAN_POINT('',(4.814306846733,40.282608003202));
#10940 = CARTESIAN_POINT('',(4.828982923901,40.166640202879));
#10941 = CARTESIAN_POINT('',(4.842725129582,40.03385907656));
#10942 = CARTESIAN_POINT('',(4.855389227802,39.88576862658));
#10943 = CARTESIAN_POINT('',(4.879343889487,39.547794464163));
#10944 = CARTESIAN_POINT('',(4.890413869115,39.355217248281));
#10945 = CARTESIAN_POINT('',(4.899883717569,39.148655356326));
#10946 = CARTESIAN_POINT('',(4.907610796035,38.930642034933));
#10947 = CARTESIAN_POINT('',(4.913483871331,38.703900075277));
#10948 = CARTESIAN_POINT('',(4.917426099589,38.471270012907));
#10949 = CARTESIAN_POINT('',(4.919397894087,38.235655598365));
#10950 = CARTESIAN_POINT('',(4.919397894087,38.));
#10951 = ( GEOMETRIC_REPRESENTATION_CONTEXT(2) 
PARAMETRIC_REPRESENTATION_CONTEXT() REPRESENTATION_CONTEXT('2D SPACE',''
  ) );
#10952 = ORIENTED_EDGE('',*,*,#10953,.F.);
#10953 = EDGE_CURVE('',#5930,#10766,#10954,.T.);
#10954 = SEAM_CURVE('',#10955,(#10959,#10966),.PCURVE_S1.);
#10955 = LINE('',#10956,#10957);
#10956 = CARTESIAN_POINT('',(-18.5,46.,2.6));
#10957 = VECTOR('',#10958,1.);
#10958 = DIRECTION('',(1.,0.,0.));
#10959 = PCURVE('',#6039,#10960);
#10960 = DEFINITIONAL_REPRESENTATION('',(#10961),#10965);
#10961 = LINE('',#10962,#10963);
#10962 = CARTESIAN_POINT('',(6.28318530718,-0.));
#10963 = VECTOR('',#10964,1.);
#10964 = DIRECTION('',(0.,1.));
#10965 = ( GEOMETRIC_REPRESENTATION_CONTEXT(2) 
PARAMETRIC_REPRESENTATION_CONTEXT() REPRESENTATION_CONTEXT('2D SPACE',''
  ) );
#10966 = PCURVE('',#6039,#10967);
#10967 = DEFINITIONAL_REPRESENTATION('',(#10968),#10972);
#10968 = LINE('',#10969,#10970);
#10969 = CARTESIAN_POINT('',(0.,-0.));
#10970 = VECTOR('',#10971,1.);
#10971 = DIRECTION('',(0.,1.));
#10972 = ( GEOMETRIC_REPRESENTATION_CONTEXT(2) 
PARAMETRIC_REPRESENTATION_CONTEXT() REPRESENTATION_CONTEXT('2D SPACE',''
  ) );
#10973 = ORIENTED_EDGE('',*,*,#5929,.T.);
#10974 = ORIENTED_EDGE('',*,*,#10953,.T.);
#10975 = ADVANCED_FACE('',(#10976),#6226,.F.);
#10976 = FACE_BOUND('',#10977,.F.);
#10977 = EDGE_LOOP('',(#10978,#10979,#11002,#11164));
#10978 = ORIENTED_EDGE('',*,*,#6100,.F.);
#10979 = ORIENTED_EDGE('',*,*,#10980,.F.);
#10980 = EDGE_CURVE('',#10981,#6101,#10983,.T.);
#10981 = VERTEX_POINT('',#10982);
#10982 = CARTESIAN_POINT('',(12.379923263088,46.,2.6));
#10983 = SEAM_CURVE('',#10984,(#10988,#10995),.PCURVE_S1.);
#10984 = LINE('',#10985,#10986);
#10985 = CARTESIAN_POINT('',(-18.5,46.,2.6));
#10986 = VECTOR('',#10987,1.);
#10987 = DIRECTION('',(1.,0.,0.));
#10988 = PCURVE('',#6226,#10989);
#10989 = DEFINITIONAL_REPRESENTATION('',(#10990),#10994);
#10990 = LINE('',#10991,#10992);
#10991 = CARTESIAN_POINT('',(6.28318530718,-0.));
#10992 = VECTOR('',#10993,1.);
#10993 = DIRECTION('',(0.,1.));
#10994 = ( GEOMETRIC_REPRESENTATION_CONTEXT(2) 
PARAMETRIC_REPRESENTATION_CONTEXT() REPRESENTATION_CONTEXT('2D SPACE',''
  ) );
#10995 = PCURVE('',#6226,#10996);
#10996 = DEFINITIONAL_REPRESENTATION('',(#10997),#11001);
#10997 = LINE('',#10998,#10999);
#10998 = CARTESIAN_POINT('',(0.,-0.));
#10999 = VECTOR('',#11000,1.);
#11000 = DIRECTION('',(0.,1.));
#11001 = ( GEOMETRIC_REPRESENTATION_CONTEXT(2) 
PARAMETRIC_REPRESENTATION_CONTEXT() REPRESENTATION_CONTEXT('2D SPACE',''
  ) );
#11002 = ORIENTED_EDGE('',*,*,#11003,.T.);
#11003 = EDGE_CURVE('',#10981,#10981,#11004,.T.);
#11004 = SURFACE_CURVE('',#11005,(#11056,#11110),.PCURVE_S1.);
#11005 = B_SPLINE_CURVE_WITH_KNOTS('',7,(#11006,#11007,#11008,#11009,
    #11010,#11011,#11012,#11013,#11014,#11015,#11016,#11017,#11018,
    #11019,#11020,#11021,#11022,#11023,#11024,#11025,#11026,#11027,
    #11028,#11029,#11030,#11031,#11032,#11033,#11034,#11035,#11036,
    #11037,#11038,#11039,#11040,#11041,#11042,#11043,#11044,#11045,
    #11046,#11047,#11048,#11049,#11050,#11051,#11052,#11053,#11054,
    #11055),.UNSPECIFIED.,.T.,.F.,(8,6,6,6,6,6,6,6,8),(0.,0.137873872166
    ,0.249999999999,0.362126127831,0.499999999998,0.637873872164,
    0.749999999996,0.862126127836,1.),.UNSPECIFIED.);
#11006 = CARTESIAN_POINT('',(12.37992326309,46.,2.6));
#11007 = CARTESIAN_POINT('',(12.37992326309,45.720034814678,2.6));
#11008 = CARTESIAN_POINT('',(12.387309390802,45.440495356357,
    2.564830466914));
#11009 = CARTESIAN_POINT('',(12.402043670678,45.163959357385,
    2.494675252727));
#11010 = CARTESIAN_POINT('',(12.423641379589,44.89328773073,
    2.388702679394));
#11011 = CARTESIAN_POINT('',(12.451139968545,44.632138183254,
    2.245351018141));
#11012 = CARTESIAN_POINT('',(12.482769697366,44.385632911512,
    2.062588173682));
#11013 = CARTESIAN_POINT('',(12.54246276118,43.979264142951,
    1.656219405121));
#11014 = CARTESIAN_POINT('',(12.57075005257,43.807316613286,
    1.442113644598));
#11015 = CARTESIAN_POINT('',(12.598452009675,43.655610045892,
    1.197115524443));
#11016 = CARTESIAN_POINT('',(12.622731495511,43.532679040742,
    0.924537916029));
#11017 = CARTESIAN_POINT('',(12.640626612387,43.445603452177,
    0.629565752223));
#11018 = CARTESIAN_POINT('',(12.65,43.4,0.318796966476));
#11019 = CARTESIAN_POINT('',(12.65,43.4,-0.318796966476));
#11020 = CARTESIAN_POINT('',(12.640626612387,43.445603452177,
    -0.629565752223));
#11021 = CARTESIAN_POINT('',(12.622731495511,43.532679040742,
    -0.92453791603));
#11022 = CARTESIAN_POINT('',(12.598452009675,43.655610045892,
    -1.197115524443));
#11023 = CARTESIAN_POINT('',(12.57075005257,43.807316613286,
    -1.442113644598));
#11024 = CARTESIAN_POINT('',(12.54246276118,43.979264142951,
    -1.656219405121));
#11025 = CARTESIAN_POINT('',(12.482769697366,44.385632911512,
    -2.062588173682));
#11026 = CARTESIAN_POINT('',(12.451139968545,44.632138183254,
    -2.245351018141));
#11027 = CARTESIAN_POINT('',(12.423641379589,44.893287730729,
    -2.388702679393));
#11028 = CARTESIAN_POINT('',(12.402043670678,45.163959357385,
    -2.494675252727));
#11029 = CARTESIAN_POINT('',(12.387309390802,45.440495356356,
    -2.564830466914));
#11030 = CARTESIAN_POINT('',(12.37992326309,45.720034814678,-2.6));
#11031 = CARTESIAN_POINT('',(12.37992326309,46.279965185322,-2.6));
#11032 = CARTESIAN_POINT('',(12.387309390802,46.559504643644,
    -2.564830466914));
#11033 = CARTESIAN_POINT('',(12.402043670678,46.836040642613,
    -2.494675252728));
#11034 = CARTESIAN_POINT('',(12.423641379589,47.106712269272,
    -2.388702679393));
#11035 = CARTESIAN_POINT('',(12.451139968545,47.367861816745,
    -2.245351018142));
#11036 = CARTESIAN_POINT('',(12.482769697366,47.614367088488,
    -2.062588173682));
#11037 = CARTESIAN_POINT('',(12.54246276118,48.020735857049,
    -1.656219405121));
#11038 = CARTESIAN_POINT('',(12.57075005257,48.192683386714,
    -1.442113644597));
#11039 = CARTESIAN_POINT('',(12.598452009675,48.344389954107,
    -1.197115524443));
#11040 = CARTESIAN_POINT('',(12.622731495511,48.467320959259,
    -0.924537916029));
#11041 = CARTESIAN_POINT('',(12.640626612387,48.554396547823,
    -0.629565752223));
#11042 = CARTESIAN_POINT('',(12.65,48.6,-0.318796966476));
#11043 = CARTESIAN_POINT('',(12.65,48.6,0.318796966499));
#11044 = CARTESIAN_POINT('',(12.640626612386,48.554396547816,
    0.6295657522));
#11045 = CARTESIAN_POINT('',(12.622731495514,48.467320959273,
    0.924537916013));
#11046 = CARTESIAN_POINT('',(12.598452009673,48.344389954108,
    1.197115524461));
#11047 = CARTESIAN_POINT('',(12.570750052567,48.192683386691,
    1.442113644614));
#11048 = CARTESIAN_POINT('',(12.542462761183,48.020735857065,
    1.656219405105));
#11049 = CARTESIAN_POINT('',(12.482769697366,47.614367088488,
    2.062588173682));
#11050 = CARTESIAN_POINT('',(12.451139968545,47.367861816745,
    2.245351018142));
#11051 = CARTESIAN_POINT('',(12.423641379589,47.106712269271,
    2.388702679393));
#11052 = CARTESIAN_POINT('',(12.402043670678,46.836040642614,
    2.494675252728));
#11053 = CARTESIAN_POINT('',(12.387309390802,46.559504643644,
    2.564830466914));
#11054 = CARTESIAN_POINT('',(12.37992326309,46.279965185322,2.6));
#11055 = CARTESIAN_POINT('',(12.37992326309,46.,2.6));
#11056 = PCURVE('',#6226,#11057);
#11057 = DEFINITIONAL_REPRESENTATION('',(#11058),#11109);
#11058 = B_SPLINE_CURVE_WITH_KNOTS('',7,(#11059,#11060,#11061,#11062,
    #11063,#11064,#11065,#11066,#11067,#11068,#11069,#11070,#11071,
    #11072,#11073,#11074,#11075,#11076,#11077,#11078,#11079,#11080,
    #11081,#11082,#11083,#11084,#11085,#11086,#11087,#11088,#11089,
    #11090,#11091,#11092,#11093,#11094,#11095,#11096,#11097,#11098,
    #11099,#11100,#11101,#11102,#11103,#11104,#11105,#11106,#11107,
    #11108),.UNSPECIFIED.,.F.,.F.,(8,6,6,6,6,6,6,6,8),(0.,0.137873872166
    ,0.249999999999,0.362126127831,0.499999999998,0.637873872164,
    0.749999999996,0.862126127836,1.),.UNSPECIFIED.);
#11059 = CARTESIAN_POINT('',(0.,30.87992326309));
#11060 = CARTESIAN_POINT('',(0.107678917431,30.87992326309));
#11061 = CARTESIAN_POINT('',(0.215193725079,30.887309390802));
#11062 = CARTESIAN_POINT('',(0.323594643904,30.902043670678));
#11063 = CARTESIAN_POINT('',(0.4337856876,30.923641379589));
#11064 = CARTESIAN_POINT('',(0.546752295144,30.951139968545));
#11065 = CARTESIAN_POINT('',(0.66349809847,30.982769697366));
#11066 = CARTESIAN_POINT('',(0.884533569171,31.04246276118));
#11067 = CARTESIAN_POINT('',(0.989526314845,31.07075005257));
#11068 = CARTESIAN_POINT('',(1.099006454586,31.098452009675));
#11069 = CARTESIAN_POINT('',(1.212193513041,31.122731495511));
#11070 = CARTESIAN_POINT('',(1.32865577279,31.140626612387));
#11071 = CARTESIAN_POINT('',(1.44818210892,31.15));
#11072 = CARTESIAN_POINT('',(1.69341054467,31.15));
#11073 = CARTESIAN_POINT('',(1.812936880799,31.140626612387));
#11074 = CARTESIAN_POINT('',(1.92939914055,31.122731495511));
#11075 = CARTESIAN_POINT('',(2.042586199003,31.098452009675));
#11076 = CARTESIAN_POINT('',(2.152066338745,31.07075005257));
#11077 = CARTESIAN_POINT('',(2.257059084418,31.04246276118));
#11078 = CARTESIAN_POINT('',(2.47809455512,30.982769697366));
#11079 = CARTESIAN_POINT('',(2.594840358445,30.951139968545));
#11080 = CARTESIAN_POINT('',(2.707806965989,30.923641379589));
#11081 = CARTESIAN_POINT('',(2.817998009686,30.902043670678));
#11082 = CARTESIAN_POINT('',(2.926398928511,30.887309390802));
#11083 = CARTESIAN_POINT('',(3.033913736158,30.87992326309));
#11084 = CARTESIAN_POINT('',(3.249271571021,30.87992326309));
#11085 = CARTESIAN_POINT('',(3.356786378669,30.887309390802));
#11086 = CARTESIAN_POINT('',(3.465187297493,30.902043670678));
#11087 = CARTESIAN_POINT('',(3.575378341191,30.923641379589));
#11088 = CARTESIAN_POINT('',(3.688344948734,30.951139968545));
#11089 = CARTESIAN_POINT('',(3.80509075206,30.982769697366));
#11090 = CARTESIAN_POINT('',(4.026126222761,31.04246276118));
#11091 = CARTESIAN_POINT('',(4.131118968435,31.07075005257));
#11092 = CARTESIAN_POINT('',(4.240599108176,31.098452009675));
#11093 = CARTESIAN_POINT('',(4.35378616663,31.122731495511));
#11094 = CARTESIAN_POINT('',(4.47024842638,31.140626612387));
#11095 = CARTESIAN_POINT('',(4.589774762509,31.15));
#11096 = CARTESIAN_POINT('',(4.835003198269,31.15));
#11097 = CARTESIAN_POINT('',(4.95452953438,31.140626612386));
#11098 = CARTESIAN_POINT('',(5.070991794134,31.122731495514));
#11099 = CARTESIAN_POINT('',(5.184178852597,31.098452009674));
#11100 = CARTESIAN_POINT('',(5.293658992346,31.070750052567));
#11101 = CARTESIAN_POINT('',(5.398651737999,31.042462761183));
#11102 = CARTESIAN_POINT('',(5.61968720871,30.982769697366));
#11103 = CARTESIAN_POINT('',(5.736433012035,30.951139968545));
#11104 = CARTESIAN_POINT('',(5.849399619579,30.923641379589));
#11105 = CARTESIAN_POINT('',(5.959590663276,30.902043670678));
#11106 = CARTESIAN_POINT('',(6.0679915821,30.887309390802));
#11107 = CARTESIAN_POINT('',(6.175506389748,30.87992326309));
#11108 = CARTESIAN_POINT('',(6.28318530718,30.87992326309));
#11109 = ( GEOMETRIC_REPRESENTATION_CONTEXT(2) 
PARAMETRIC_REPRESENTATION_CONTEXT() REPRESENTATION_CONTEXT('2D SPACE',''
  ) );
#11110 = PCURVE('',#9120,#11111);
#11111 = DEFINITIONAL_REPRESENTATION('',(#11112),#11163);
#11112 = B_SPLINE_CURVE_WITH_KNOTS('',7,(#11113,#11114,#11115,#11116,
    #11117,#11118,#11119,#11120,#11121,#11122,#11123,#11124,#11125,
    #11126,#11127,#11128,#11129,#11130,#11131,#11132,#11133,#11134,
    #11135,#11136,#11137,#11138,#11139,#11140,#11141,#11142,#11143,
    #11144,#11145,#11146,#11147,#11148,#11149,#11150,#11151,#11152,
    #11153,#11154,#11155,#11156,#11157,#11158,#11159,#11160,#11161,
    #11162),.UNSPECIFIED.,.T.,.F.,(8,6,6,6,6,6,6,6,8),(0.,0.137873872166
    ,0.249999999999,0.362126127831,0.499999999998,0.637873872164,
    0.749999999996,0.862126127836,1.),.UNSPECIFIED.);
#11113 = CARTESIAN_POINT('',(1.363787413092,38.));
#11114 = CARTESIAN_POINT('',(1.363787413092,37.720034814678));
#11115 = CARTESIAN_POINT('',(1.366628261755,37.440495356357));
#11116 = CARTESIAN_POINT('',(1.372295136103,37.163959357385));
#11117 = CARTESIAN_POINT('',(1.380844428863,36.893287730729));
#11118 = CARTESIAN_POINT('',(1.392381558504,36.632138183254));
#11119 = CARTESIAN_POINT('',(1.407039209054,36.385632911512));
#11120 = CARTESIAN_POINT('',(1.439507955372,35.979264142951));
#11121 = CARTESIAN_POINT('',(1.456578579516,35.807316613286));
#11122 = CARTESIAN_POINT('',(1.47606379425,35.655610045892));
#11123 = CARTESIAN_POINT('',(1.497684281169,35.532679040742));
#11124 = CARTESIAN_POINT('',(1.521028261368,35.445603452177));
#11125 = CARTESIAN_POINT('',(1.545594985572,35.4));
#11126 = CARTESIAN_POINT('',(1.595997668018,35.4));
#11127 = CARTESIAN_POINT('',(1.620564392222,35.445603452177));
#11128 = CARTESIAN_POINT('',(1.643908372421,35.532679040742));
#11129 = CARTESIAN_POINT('',(1.66552885934,35.655610045892));
#11130 = CARTESIAN_POINT('',(1.685014074074,35.807316613286));
#11131 = CARTESIAN_POINT('',(1.702084698218,35.979264142951));
#11132 = CARTESIAN_POINT('',(1.734553444536,36.385632911512));
#11133 = CARTESIAN_POINT('',(1.749211095086,36.632138183254));
#11134 = CARTESIAN_POINT('',(1.760748224727,36.893287730729));
#11135 = CARTESIAN_POINT('',(1.769297517486,37.163959357386));
#11136 = CARTESIAN_POINT('',(1.774964391835,37.440495356356));
#11137 = CARTESIAN_POINT('',(1.777805240497,37.720034814678));
#11138 = CARTESIAN_POINT('',(1.777805240497,38.279965185322));
#11139 = CARTESIAN_POINT('',(1.774964391835,38.559504643644));
#11140 = CARTESIAN_POINT('',(1.769297517487,38.836040642613));
#11141 = CARTESIAN_POINT('',(1.760748224727,39.106712269272));
#11142 = CARTESIAN_POINT('',(1.749211095086,39.367861816745));
#11143 = CARTESIAN_POINT('',(1.734553444536,39.614367088488));
#11144 = CARTESIAN_POINT('',(1.702084698218,40.020735857049));
#11145 = CARTESIAN_POINT('',(1.685014074074,40.192683386714));
#11146 = CARTESIAN_POINT('',(1.66552885934,40.344389954107));
#11147 = CARTESIAN_POINT('',(1.643908372421,40.467320959259));
#11148 = CARTESIAN_POINT('',(1.620564392222,40.554396547822));
#11149 = CARTESIAN_POINT('',(1.595997668018,40.6));
#11150 = CARTESIAN_POINT('',(1.54559498557,40.6));
#11151 = CARTESIAN_POINT('',(1.52102826137,40.554396547816));
#11152 = CARTESIAN_POINT('',(1.49768428117,40.467320959273));
#11153 = CARTESIAN_POINT('',(1.476063794248,40.344389954108));
#11154 = CARTESIAN_POINT('',(1.456578579514,40.192683386691));
#11155 = CARTESIAN_POINT('',(1.439507955373,40.020735857065));
#11156 = CARTESIAN_POINT('',(1.407039209054,39.614367088488));
#11157 = CARTESIAN_POINT('',(1.392381558503,39.367861816745));
#11158 = CARTESIAN_POINT('',(1.380844428863,39.106712269271));
#11159 = CARTESIAN_POINT('',(1.372295136103,38.836040642614));
#11160 = CARTESIAN_POINT('',(1.366628261755,38.559504643644));
#11161 = CARTESIAN_POINT('',(1.363787413092,38.279965185322));
#11162 = CARTESIAN_POINT('',(1.363787413092,38.));
#11163 = ( GEOMETRIC_REPRESENTATION_CONTEXT(2) 
PARAMETRIC_REPRESENTATION_CONTEXT() REPRESENTATION_CONTEXT('2D SPACE',''
  ) );
#11164 = ORIENTED_EDGE('',*,*,#10980,.T.);
#11165 = ADVANCED_FACE('',(#11166),#6335,.F.);
#11166 = FACE_BOUND('',#11167,.F.);
#11167 = EDGE_LOOP('',(#11168,#11169,#11190,#11191));
#11168 = ORIENTED_EDGE('',*,*,#7598,.F.);
#11169 = ORIENTED_EDGE('',*,*,#11170,.T.);
#11170 = EDGE_CURVE('',#7576,#7311,#11171,.T.);
#11171 = SURFACE_CURVE('',#11172,(#11176,#11183),.PCURVE_S1.);
#11172 = LINE('',#11173,#11174);
#11173 = CARTESIAN_POINT('',(-47.,12.3,-34.));
#11174 = VECTOR('',#11175,1.);
#11175 = DIRECTION('',(1.,0.,-0.));
#11176 = PCURVE('',#6335,#11177);
#11177 = DEFINITIONAL_REPRESENTATION('',(#11178),#11182);
#11178 = LINE('',#11179,#11180);
#11179 = CARTESIAN_POINT('',(-2.,34.3));
#11180 = VECTOR('',#11181,1.);
#11181 = DIRECTION('',(1.,0.));
#11182 = ( GEOMETRIC_REPRESENTATION_CONTEXT(2) 
PARAMETRIC_REPRESENTATION_CONTEXT() REPRESENTATION_CONTEXT('2D SPACE',''
  ) );
#11183 = PCURVE('',#7326,#11184);
#11184 = DEFINITIONAL_REPRESENTATION('',(#11185),#11189);
#11185 = LINE('',#11186,#11187);
#11186 = CARTESIAN_POINT('',(0.,0.));
#11187 = VECTOR('',#11188,1.);
#11188 = DIRECTION('',(0.,1.));
#11189 = ( GEOMETRIC_REPRESENTATION_CONTEXT(2) 
PARAMETRIC_REPRESENTATION_CONTEXT() REPRESENTATION_CONTEXT('2D SPACE',''
  ) );
#11190 = ORIENTED_EDGE('',*,*,#7338,.T.);
#11191 = ORIENTED_EDGE('',*,*,#6319,.F.);
#11192 = ADVANCED_FACE('',(#11193),#6642,.F.);
#11193 = FACE_BOUND('',#11194,.F.);
#11194 = EDGE_LOOP('',(#11195,#11222,#11223));
#11195 = ORIENTED_EDGE('',*,*,#11196,.F.);
#11196 = EDGE_CURVE('',#6624,#11197,#11199,.T.);
#11197 = VERTEX_POINT('',#11198);
#11198 = CARTESIAN_POINT('',(-31.63460724541,8.,0.483864060098));
#11199 = SURFACE_CURVE('',#11200,(#11205,#11212),.PCURVE_S1.);
#11200 = ELLIPSE('',#11201,47.568037062717,12.65);
#11201 = AXIS2_PLACEMENT_3D('',#11202,#11203,#11204);
#11202 = CARTESIAN_POINT('',(-26.4,8.,12.));
#11203 = DIRECTION('',(0.,1.,-0.));
#11204 = DIRECTION('',(-0.910366477463,0.,0.413802944301));
#11205 = PCURVE('',#6642,#11206);
#11206 = DEFINITIONAL_REPRESENTATION('',(#11207),#11211);
#11207 = ELLIPSE('',#11208,47.568037062717,12.65);
#11208 = AXIS2_PLACEMENT_2D('',#11209,#11210);
#11209 = CARTESIAN_POINT('',(12.,5.6));
#11210 = DIRECTION('',(0.413802944301,-0.910366477463));
#11211 = ( GEOMETRIC_REPRESENTATION_CONTEXT(2) 
PARAMETRIC_REPRESENTATION_CONTEXT() REPRESENTATION_CONTEXT('2D SPACE',''
  ) );
#11212 = PCURVE('',#6680,#11213);
#11213 = DEFINITIONAL_REPRESENTATION('',(#11214),#11221);
#11214 = B_SPLINE_CURVE_WITH_KNOTS('',5,(#11215,#11216,#11217,#11218,
    #11219,#11220),.UNSPECIFIED.,.F.,.F.,(6,6),(4.637960193213,
    4.712388980385),.PIECEWISE_BEZIER_KNOTS.);
#11215 = CARTESIAN_POINT('',(6.208756520008,18.672759388128));
#11216 = CARTESIAN_POINT('',(6.223642277442,19.353458392197));
#11217 = CARTESIAN_POINT('',(6.238528034876,20.035101848477));
#11218 = CARTESIAN_POINT('',(6.253413792311,20.717375521169));
#11219 = CARTESIAN_POINT('',(6.268299549745,21.399964302159));
#11220 = CARTESIAN_POINT('',(6.28318530718,22.082553083141));
#11221 = ( GEOMETRIC_REPRESENTATION_CONTEXT(2) 
PARAMETRIC_REPRESENTATION_CONTEXT() REPRESENTATION_CONTEXT('2D SPACE',''
  ) );
#11222 = ORIENTED_EDGE('',*,*,#6623,.T.);
#11223 = ORIENTED_EDGE('',*,*,#11224,.F.);
#11224 = EDGE_CURVE('',#11197,#6626,#11225,.T.);
#11225 = SURFACE_CURVE('',#11226,(#11231,#11238),.PCURVE_S1.);
#11226 = ELLIPSE('',#11227,47.568037062717,12.65);
#11227 = AXIS2_PLACEMENT_3D('',#11228,#11229,#11230);
#11228 = CARTESIAN_POINT('',(-26.4,8.,12.));
#11229 = DIRECTION('',(0.,1.,-0.));
#11230 = DIRECTION('',(-0.910366477463,0.,0.413802944301));
#11231 = PCURVE('',#6642,#11232);
#11232 = DEFINITIONAL_REPRESENTATION('',(#11233),#11237);
#11233 = ELLIPSE('',#11234,47.568037062717,12.65);
#11234 = AXIS2_PLACEMENT_2D('',#11235,#11236);
#11235 = CARTESIAN_POINT('',(12.,5.6));
#11236 = DIRECTION('',(0.413802944301,-0.910366477463));
#11237 = ( GEOMETRIC_REPRESENTATION_CONTEXT(2) 
PARAMETRIC_REPRESENTATION_CONTEXT() REPRESENTATION_CONTEXT('2D SPACE',''
  ) );
#11238 = PCURVE('',#6680,#11239);
#11239 = DEFINITIONAL_REPRESENTATION('',(#11240),#11247);
#11240 = B_SPLINE_CURVE_WITH_KNOTS('',5,(#11241,#11242,#11243,#11244,
    #11245,#11246),.UNSPECIFIED.,.F.,.F.,(6,6),(4.712388980385,
    4.804603520535),.PIECEWISE_BEZIER_KNOTS.);
#11241 = CARTESIAN_POINT('',(0.,22.082553083141));
#11242 = CARTESIAN_POINT('',(1.844290803005E-02,22.928255571946));
#11243 = CARTESIAN_POINT('',(3.688581606009E-02,23.773958060786));
#11244 = CARTESIAN_POINT('',(5.532872409017E-02,24.619061262009));
#11245 = CARTESIAN_POINT('',(7.377163212021E-02,25.462965888825));
#11246 = CARTESIAN_POINT('',(9.221454015027E-02,26.305075200322));
#11247 = ( GEOMETRIC_REPRESENTATION_CONTEXT(2) 
PARAMETRIC_REPRESENTATION_CONTEXT() REPRESENTATION_CONTEXT('2D SPACE',''
  ) );
#11248 = ADVANCED_FACE('',(#11249,#11597,#11601,#11630,#11633),#6680,.F.
  );
#11249 = FACE_BOUND('',#11250,.F.);
#11250 = EDGE_LOOP('',(#11251,#11287,#11316,#11337,#11338,#11339,#11360,
    #11361,#11362,#11363,#11364,#11365,#11366,#11390,#11541,#11565));
#11251 = ORIENTED_EDGE('',*,*,#11252,.F.);
#11252 = EDGE_CURVE('',#11253,#11255,#11257,.T.);
#11253 = VERTEX_POINT('',#11254);
#11254 = CARTESIAN_POINT('',(-10.13349113308,8.,-7.571978437353));
#11255 = VERTEX_POINT('',#11256);
#11256 = CARTESIAN_POINT('',(-11.5161359399,16.612267357727,
    5.23460724541));
#11257 = SURFACE_CURVE('',#11258,(#11263,#11275),.PCURVE_S1.);
#11258 = ELLIPSE('',#11259,20.880371806187,12.65);
#11259 = AXIS2_PLACEMENT_3D('',#11260,#11261,#11262);
#11260 = CARTESIAN_POINT('',(0.,0.,0.));
#11261 = DIRECTION('',(0.724280748327,0.60583212394,-0.329218521967));
#11262 = DIRECTION('',(-0.551529256605,0.795592507256,0.250695116639));
#11263 = PCURVE('',#6680,#11264);
#11264 = DEFINITIONAL_REPRESENTATION('',(#11265),#11274);
#11265 = B_SPLINE_CURVE_WITH_KNOTS('',7,(#11266,#11267,#11268,#11269,
    #11270,#11271,#11272,#11273),.UNSPECIFIED.,.F.,.F.,(8,8),(
    5.214836264194,6.28318530718),.PIECEWISE_BEZIER_KNOTS.);
#11266 = CARTESIAN_POINT('',(5.78073802337,-6.000030339237E-07));
#11267 = CARTESIAN_POINT('',(5.628116731515,2.222028278533));
#11268 = CARTESIAN_POINT('',(5.475495439661,4.226652538271));
#11269 = CARTESIAN_POINT('',(5.322874147804,5.929340797452));
#11270 = CARTESIAN_POINT('',(5.17025285595,7.257933763641));
#11271 = CARTESIAN_POINT('',(5.017631564095,8.160820278446));
#11272 = CARTESIAN_POINT('',(4.86501027224,8.612267357727));
#11273 = CARTESIAN_POINT('',(4.712388980385,8.612267357727));
#11274 = ( GEOMETRIC_REPRESENTATION_CONTEXT(2) 
PARAMETRIC_REPRESENTATION_CONTEXT() REPRESENTATION_CONTEXT('2D SPACE',''
  ) );
#11275 = PCURVE('',#9120,#11276);
#11276 = DEFINITIONAL_REPRESENTATION('',(#11277),#11286);
#11277 = B_SPLINE_CURVE_WITH_KNOTS('',7,(#11278,#11279,#11280,#11281,
    #11282,#11283,#11284,#11285),.UNSPECIFIED.,.F.,.F.,(8,8),(
    5.214836264194,6.28318530718),.PIECEWISE_BEZIER_KNOTS.);
#11278 = CARTESIAN_POINT('',(4.070667430526,-6.000031476106E-07));
#11279 = CARTESIAN_POINT('',(4.223288722381,2.222028278533));
#11280 = CARTESIAN_POINT('',(4.375910014235,4.226652538271));
#11281 = CARTESIAN_POINT('',(4.528531306093,5.929340797454));
#11282 = CARTESIAN_POINT('',(4.681152597944,7.257933763639));
#11283 = CARTESIAN_POINT('',(4.833773889802,8.160820278447));
#11284 = CARTESIAN_POINT('',(4.986395181656,8.612267357727));
#11285 = CARTESIAN_POINT('',(5.139016473512,8.612267357727));
#11286 = ( GEOMETRIC_REPRESENTATION_CONTEXT(2) 
PARAMETRIC_REPRESENTATION_CONTEXT() REPRESENTATION_CONTEXT('2D SPACE',''
  ) );
#11287 = ORIENTED_EDGE('',*,*,#11288,.T.);
#11288 = EDGE_CURVE('',#11253,#11289,#11291,.T.);
#11289 = VERTEX_POINT('',#11290);
#11290 = CARTESIAN_POINT('',(-12.25528795081,2.127479001637,
    -8.324917437447));
#11291 = SURFACE_CURVE('',#11292,(#11297,#11304),.PCURVE_S1.);
#11292 = CIRCLE('',#11293,12.65);
#11293 = AXIS2_PLACEMENT_3D('',#11294,#11295,#11296);
#11294 = CARTESIAN_POINT('',(-7.020680705401,2.127479001637,
    3.191218502455));
#11295 = DIRECTION('',(-0.877585088175,0.265934875205,0.398902312807));
#11296 = DIRECTION('',(-0.413802944301,2.775557561563E-17,
    -0.910366477463));
#11297 = PCURVE('',#6680,#11298);
#11298 = DEFINITIONAL_REPRESENTATION('',(#11299),#11303);
#11299 = LINE('',#11300,#11301);
#11300 = CARTESIAN_POINT('',(0.,0.));
#11301 = VECTOR('',#11302,1.);
#11302 = DIRECTION('',(1.,0.));
#11303 = ( GEOMETRIC_REPRESENTATION_CONTEXT(2) 
PARAMETRIC_REPRESENTATION_CONTEXT() REPRESENTATION_CONTEXT('2D SPACE',''
  ) );
#11304 = PCURVE('',#11305,#11310);
#11305 = PLANE('',#11306);
#11306 = AXIS2_PLACEMENT_3D('',#11307,#11308,#11309);
#11307 = CARTESIAN_POINT('',(-7.020680705401,2.127479001637,
    3.191218502455));
#11308 = DIRECTION('',(-0.877585088175,0.265934875205,0.398902312807));
#11309 = DIRECTION('',(-0.413802944301,1.387778780781E-17,
    -0.910366477463));
#11310 = DEFINITIONAL_REPRESENTATION('',(#11311),#11315);
#11311 = CIRCLE('',#11312,12.65);
#11312 = AXIS2_PLACEMENT_2D('',#11313,#11314);
#11313 = CARTESIAN_POINT('',(0.,0.));
#11314 = DIRECTION('',(1.,-2.775557561563E-17));
#11315 = ( GEOMETRIC_REPRESENTATION_CONTEXT(2) 
PARAMETRIC_REPRESENTATION_CONTEXT() REPRESENTATION_CONTEXT('2D SPACE',''
  ) );
#11316 = ORIENTED_EDGE('',*,*,#11317,.T.);
#11317 = EDGE_CURVE('',#11289,#6655,#11318,.T.);
#11318 = SEAM_CURVE('',#11319,(#11323,#11330),.PCURVE_S1.);
#11319 = LINE('',#11320,#11321);
#11320 = CARTESIAN_POINT('',(-12.25528795081,2.127479001637,
    -8.324917437447));
#11321 = VECTOR('',#11322,1.);
#11322 = DIRECTION('',(-0.877585088175,0.265934875205,0.398902312807));
#11323 = PCURVE('',#6680,#11324);
#11324 = DEFINITIONAL_REPRESENTATION('',(#11325),#11329);
#11325 = LINE('',#11326,#11327);
#11326 = CARTESIAN_POINT('',(0.,-0.));
#11327 = VECTOR('',#11328,1.);
#11328 = DIRECTION('',(0.,1.));
#11329 = ( GEOMETRIC_REPRESENTATION_CONTEXT(2) 
PARAMETRIC_REPRESENTATION_CONTEXT() REPRESENTATION_CONTEXT('2D SPACE',''
  ) );
#11330 = PCURVE('',#6680,#11331);
#11331 = DEFINITIONAL_REPRESENTATION('',(#11332),#11336);
#11332 = LINE('',#11333,#11334);
#11333 = CARTESIAN_POINT('',(6.28318530718,-0.));
#11334 = VECTOR('',#11335,1.);
#11335 = DIRECTION('',(0.,1.));
#11336 = ( GEOMETRIC_REPRESENTATION_CONTEXT(2) 
PARAMETRIC_REPRESENTATION_CONTEXT() REPRESENTATION_CONTEXT('2D SPACE',''
  ) );
#11337 = ORIENTED_EDGE('',*,*,#6654,.F.);
#11338 = ORIENTED_EDGE('',*,*,#11196,.T.);
#11339 = ORIENTED_EDGE('',*,*,#11340,.T.);
#11340 = EDGE_CURVE('',#11197,#9464,#11341,.T.);
#11341 = SEAM_CURVE('',#11342,(#11346,#11353),.PCURVE_S1.);
#11342 = LINE('',#11343,#11344);
#11343 = CARTESIAN_POINT('',(-12.25528795081,2.127479001637,
    -8.324917437447));
#11344 = VECTOR('',#11345,1.);
#11345 = DIRECTION('',(-0.877585088175,0.265934875205,0.398902312807));
#11346 = PCURVE('',#6680,#11347);
#11347 = DEFINITIONAL_REPRESENTATION('',(#11348),#11352);
#11348 = LINE('',#11349,#11350);
#11349 = CARTESIAN_POINT('',(0.,-0.));
#11350 = VECTOR('',#11351,1.);
#11351 = DIRECTION('',(0.,1.));
#11352 = ( GEOMETRIC_REPRESENTATION_CONTEXT(2) 
PARAMETRIC_REPRESENTATION_CONTEXT() REPRESENTATION_CONTEXT('2D SPACE',''
  ) );
#11353 = PCURVE('',#6680,#11354);
#11354 = DEFINITIONAL_REPRESENTATION('',(#11355),#11359);
#11355 = LINE('',#11356,#11357);
#11356 = CARTESIAN_POINT('',(6.28318530718,-0.));
#11357 = VECTOR('',#11358,1.);
#11358 = DIRECTION('',(0.,1.));
#11359 = ( GEOMETRIC_REPRESENTATION_CONTEXT(2) 
PARAMETRIC_REPRESENTATION_CONTEXT() REPRESENTATION_CONTEXT('2D SPACE',''
  ) );
#11360 = ORIENTED_EDGE('',*,*,#9463,.F.);
#11361 = ORIENTED_EDGE('',*,*,#11340,.F.);
#11362 = ORIENTED_EDGE('',*,*,#11224,.T.);
#11363 = ORIENTED_EDGE('',*,*,#7003,.T.);
#11364 = ORIENTED_EDGE('',*,*,#6697,.T.);
#11365 = ORIENTED_EDGE('',*,*,#11317,.F.);
#11366 = ORIENTED_EDGE('',*,*,#11367,.T.);
#11367 = EDGE_CURVE('',#11289,#11368,#11370,.T.);
#11368 = VERTEX_POINT('',#11369);
#11369 = CARTESIAN_POINT('',(-3.307154141278,-2.423371924776,
    14.394877561134));
#11370 = SURFACE_CURVE('',#11371,(#11376,#11383),.PCURVE_S1.);
#11371 = CIRCLE('',#11372,12.65);
#11372 = AXIS2_PLACEMENT_3D('',#11373,#11374,#11375);
#11373 = CARTESIAN_POINT('',(-7.020680705401,2.127479001637,
    3.191218502455));
#11374 = DIRECTION('',(-0.877585088175,0.265934875205,0.398902312807));
#11375 = DIRECTION('',(-0.413802944301,2.775557561563E-17,
    -0.910366477463));
#11376 = PCURVE('',#6680,#11377);
#11377 = DEFINITIONAL_REPRESENTATION('',(#11378),#11382);
#11378 = LINE('',#11379,#11380);
#11379 = CARTESIAN_POINT('',(0.,0.));
#11380 = VECTOR('',#11381,1.);
#11381 = DIRECTION('',(1.,0.));
#11382 = ( GEOMETRIC_REPRESENTATION_CONTEXT(2) 
PARAMETRIC_REPRESENTATION_CONTEXT() REPRESENTATION_CONTEXT('2D SPACE',''
  ) );
#11383 = PCURVE('',#11305,#11384);
#11384 = DEFINITIONAL_REPRESENTATION('',(#11385),#11389);
#11385 = CIRCLE('',#11386,12.65);
#11386 = AXIS2_PLACEMENT_2D('',#11387,#11388);
#11387 = CARTESIAN_POINT('',(0.,0.));
#11388 = DIRECTION('',(1.,-2.775557561563E-17));
#11389 = ( GEOMETRIC_REPRESENTATION_CONTEXT(2) 
PARAMETRIC_REPRESENTATION_CONTEXT() REPRESENTATION_CONTEXT('2D SPACE',''
  ) );
#11390 = ORIENTED_EDGE('',*,*,#11391,.F.);
#11391 = EDGE_CURVE('',#11392,#11368,#11394,.T.);
#11392 = VERTEX_POINT('',#11393);
#11393 = CARTESIAN_POINT('',(-1.405677018815,3.85150257935,
    14.394877561134));
#11394 = SURFACE_CURVE('',#11395,(#11440,#11488),.PCURVE_S1.);
#11395 = B_SPLINE_CURVE_WITH_KNOTS('',7,(#11396,#11397,#11398,#11399,
    #11400,#11401,#11402,#11403,#11404,#11405,#11406,#11407,#11408,
    #11409,#11410,#11411,#11412,#11413,#11414,#11415,#11416,#11417,
    #11418,#11419,#11420,#11421,#11422,#11423,#11424,#11425,#11426,
    #11427,#11428,#11429,#11430,#11431,#11432,#11433,#11434,#11435,
    #11436,#11437,#11438,#11439),.UNSPECIFIED.,.F.,.F.,(8,6,6,6,6,6,6,8)
  ,(0.,0.324454397753,0.394867372844,0.43097598,0.570796825176,
    0.605886210068,0.674568431738,1.),.UNSPECIFIED.);
#11396 = CARTESIAN_POINT('',(-1.405676420519,3.851502797714,
    14.394877227681));
#11397 = CARTESIAN_POINT('',(-1.673504269569,3.75375412351,
    14.544147697287));
#11398 = CARTESIAN_POINT('',(-1.937865961323,3.632648647859,
    14.692002414902));
#11399 = CARTESIAN_POINT('',(-2.20067887771,3.486003136748,
    14.838322447696));
#11400 = CARTESIAN_POINT('',(-2.462092330889,3.31007404388,
    14.981809739952));
#11401 = CARTESIAN_POINT('',(-2.720041988821,3.100188700254,
    15.119356750252));
#11402 = CARTESIAN_POINT('',(-2.969882393711,2.851322176731,
    15.245399934314));
#11403 = CARTESIAN_POINT('',(-3.254309226849,2.495210691133,
    15.374744934943));
#11404 = CARTESIAN_POINT('',(-3.304311580738,2.429594582545,
    15.396898585694));
#11405 = CARTESIAN_POINT('',(-3.353476338609,2.361854868797,
    15.41803719252));
#11406 = CARTESIAN_POINT('',(-3.401682108529,2.291985744708,
    15.438056243114));
#11407 = CARTESIAN_POINT('',(-3.448806634672,2.219985029714,
    15.45685082946));
#11408 = CARTESIAN_POINT('',(-3.494726530537,2.145854097916,
    15.474315944024));
#11409 = CARTESIAN_POINT('',(-3.562183538994,2.03049268002,
    15.49856757631));
#11410 = CARTESIAN_POINT('',(-3.584696310047,1.990835712243,
    15.506409714425));
#11411 = CARTESIAN_POINT('',(-3.606832188409,1.950639137369,
    15.513856923157));
#11412 = CARTESIAN_POINT('',(-3.628568955256,1.90991566289,
    15.520893797017));
#11413 = CARTESIAN_POINT('',(-3.649885309846,1.868678471211,
    15.527505792149));
#11414 = CARTESIAN_POINT('',(-3.670760869527,1.82694121966,
    15.533679226334));
#11415 = CARTESIAN_POINT('',(-3.770228915157,1.621220163812,
    15.561558385029));
#11416 = CARTESIAN_POINT('',(-3.842525750586,1.45013550787,
    15.576988307271));
#11417 = CARTESIAN_POINT('',(-3.906424050653,1.273198262969,
    15.584772508187));
#11418 = CARTESIAN_POINT('',(-3.960804605319,1.092321337495,
    15.584446488071));
#11419 = CARTESIAN_POINT('',(-4.005053928549,0.909577194319,
    15.576022780258));
#11420 = CARTESIAN_POINT('',(-4.039068232081,0.727185328858,
    15.559990546591));
#11421 = CARTESIAN_POINT('',(-4.069355005314,0.502414231881,
    15.531595297763));
#11422 = CARTESIAN_POINT('',(-4.074816743036,0.457469021011,
    15.525475927827));
#11423 = CARTESIAN_POINT('',(-4.079672224402,0.412691104337,
    15.518945582119));
#11424 = CARTESIAN_POINT('',(-4.083930284603,0.368100920635,
    15.512016921462));
#11425 = CARTESIAN_POINT('',(-4.087600647074,0.323718999274,
    15.504703348703));
#11426 = CARTESIAN_POINT('',(-4.090693923493,0.27956596021,
    15.497019008705));
#11427 = CARTESIAN_POINT('',(-4.098169189377,0.149728085833,
    15.473241259798));
#11428 = CARTESIAN_POINT('',(-4.10094826009,6.477866458596E-02,
    15.45614551289));
#11429 = CARTESIAN_POINT('',(-4.101652762376,-1.911805923174E-02,
    15.437788841345));
#11430 = CARTESIAN_POINT('',(-4.100377314104,-0.101897721692,
    15.418268685282));
#11431 = CARTESIAN_POINT('',(-4.097217444215,-0.183499209872,
    15.397682369376));
#11432 = CARTESIAN_POINT('',(-4.092269822398,-0.263864586276,
    15.376126841002));
#11433 = CARTESIAN_POINT('',(-4.054183332872,-0.717611150462,
    15.247427530401));
#11434 = CARTESIAN_POINT('',(-3.984689943123,-1.064609505812,
    15.121188197716));
#11435 = CARTESIAN_POINT('',(-3.886612488539,-1.383460105178,
    14.983353335638));
#11436 = CARTESIAN_POINT('',(-3.766676315777,-1.675818953872,
    14.839537127895));
#11437 = CARTESIAN_POINT('',(-3.629217977236,-1.944485908287,
    14.69285543329));
#11438 = CARTESIAN_POINT('',(-3.476180773468,-2.19270285629,
    14.544598781168));
#11439 = CARTESIAN_POINT('',(-3.307153764832,-2.423372438516,
    14.394877227681));
#11440 = PCURVE('',#6680,#11441);
#11441 = DEFINITIONAL_REPRESENTATION('',(#11442),#11487);
#11442 = B_SPLINE_CURVE_WITH_KNOTS('',7,(#11443,#11444,#11445,#11446,
    #11447,#11448,#11449,#11450,#11451,#11452,#11453,#11454,#11455,
    #11456,#11457,#11458,#11459,#11460,#11461,#11462,#11463,#11464,
    #11465,#11466,#11467,#11468,#11469,#11470,#11471,#11472,#11473,
    #11474,#11475,#11476,#11477,#11478,#11479,#11480,#11481,#11482,
    #11483,#11484,#11485,#11486),.UNSPECIFIED.,.F.,.F.,(8,6,6,6,6,6,6,8)
  ,(0.,0.324454397753,0.394867372844,0.43097598,0.570796825176,
    0.605886210068,0.674568431738,1.),.UNSPECIFIED.);
#11443 = CARTESIAN_POINT('',(3.283445240796,-6.000002261409E-07));
#11444 = CARTESIAN_POINT('',(3.269431288303,0.268590680608));
#11445 = CARTESIAN_POINT('',(3.253731539839,0.527363978438));
#11446 = CARTESIAN_POINT('',(3.236151638814,0.777373918633));
#11447 = CARTESIAN_POINT('',(3.216421831639,1.017238198375));
#11448 = CARTESIAN_POINT('',(3.194259370673,1.24266295954));
#11449 = CARTESIAN_POINT('',(3.169416470244,1.446015803054));
#11450 = CARTESIAN_POINT('',(3.135710445272,1.652518106913));
#11451 = CARTESIAN_POINT('',(3.129560513061,1.687786957932));
#11452 = CARTESIAN_POINT('',(3.123273263714,1.721351103135));
#11453 = CARTESIAN_POINT('',(3.116851058234,1.753060776767));
#11454 = CARTESIAN_POINT('',(3.110296475026,1.782766261002));
#11455 = CARTESIAN_POINT('',(3.103612303786,1.810317751361));
#11456 = CARTESIAN_POINT('',(3.093308898774,1.848512424012));
#11457 = CARTESIAN_POINT('',(3.089783599936,1.860851372436));
#11458 = CARTESIAN_POINT('',(3.086227069088,1.872558526865));
#11459 = CARTESIAN_POINT('',(3.082640739899,1.883611622469));
#11460 = CARTESIAN_POINT('',(3.079026053489,1.89398967012));
#11461 = CARTESIAN_POINT('',(3.075384458429,1.903672956394));
#11462 = CARTESIAN_POINT('',(3.05751775731,1.947377287557));
#11463 = CARTESIAN_POINT('',(3.04291034555,1.971481567294));
#11464 = CARTESIAN_POINT('',(3.028060839431,1.9836091142));
#11465 = CARTESIAN_POINT('',(3.013134291614,1.983101145279));
#11466 = CARTESIAN_POINT('',(2.998295546033,1.969975414069));
#11467 = CARTESIAN_POINT('',(2.983709635026,1.944926206564));
#11468 = CARTESIAN_POINT('',(2.965986709776,1.900404023069));
#11469 = CARTESIAN_POINT('',(2.962455716499,1.890803632785));
#11470 = CARTESIAN_POINT('',(2.958950495324,1.880551751138));
#11471 = CARTESIAN_POINT('',(2.95547234349,1.869666617577));
#11472 = CARTESIAN_POINT('',(2.952022551342,1.858167571142));
#11473 = CARTESIAN_POINT('',(2.948602402338,1.84607505047));
#11474 = CARTESIAN_POINT('',(2.938579263718,1.808621814388));
#11475 = CARTESIAN_POINT('',(2.932066034853,1.781650138686));
#11476 = CARTESIAN_POINT('',(2.925676241537,1.752634815874));
#11477 = CARTESIAN_POINT('',(2.919412453236,1.721714866884));
#11478 = CARTESIAN_POINT('',(2.913277048099,1.689029201586));
#11479 = CARTESIAN_POINT('',(2.907272207253,1.65471673599));
#11480 = CARTESIAN_POINT('',(2.873575660731,1.449287112145));
#11481 = CARTESIAN_POINT('',(2.848629869236,1.245664623473));
#11482 = CARTESIAN_POINT('',(2.826385476883,1.019817172224));
#11483 = CARTESIAN_POINT('',(2.806589145387,0.779445943645));
#11484 = CARTESIAN_POINT('',(2.788953176009,0.528854975278));
#11485 = CARTESIAN_POINT('',(2.773204689002,0.269402342804));
#11486 = CARTESIAN_POINT('',(2.759148387422,-6.000002261409E-07));
#11487 = ( GEOMETRIC_REPRESENTATION_CONTEXT(2) 
PARAMETRIC_REPRESENTATION_CONTEXT() REPRESENTATION_CONTEXT('2D SPACE',''
  ) );
#11488 = PCURVE('',#11489,#11494);
#11489 = CYLINDRICAL_SURFACE('',#11490,4.1);
#11490 = AXIS2_PLACEMENT_3D('',#11491,#11492,#11493);
#11491 = CARTESIAN_POINT('',(0.,0.,-40.));
#11492 = DIRECTION('',(0.,0.,1.));
#11493 = DIRECTION('',(1.,0.,-0.));
#11494 = DEFINITIONAL_REPRESENTATION('',(#11495),#11540);
#11495 = B_SPLINE_CURVE_WITH_KNOTS('',7,(#11496,#11497,#11498,#11499,
    #11500,#11501,#11502,#11503,#11504,#11505,#11506,#11507,#11508,
    #11509,#11510,#11511,#11512,#11513,#11514,#11515,#11516,#11517,
    #11518,#11519,#11520,#11521,#11522,#11523,#11524,#11525,#11526,
    #11527,#11528,#11529,#11530,#11531,#11532,#11533,#11534,#11535,
    #11536,#11537,#11538,#11539),.UNSPECIFIED.,.F.,.F.,(8,6,6,6,6,6,6,8)
  ,(0.,0.324454397753,0.394867372844,0.43097598,0.570796825176,
    0.605886210068,0.674568431738,1.),.UNSPECIFIED.);
#11496 = CARTESIAN_POINT('',(1.920743206742,54.394877227681));
#11497 = CARTESIAN_POINT('',(1.990281738353,54.544147697287));
#11498 = CARTESIAN_POINT('',(2.060979077622,54.692002414902));
#11499 = CARTESIAN_POINT('',(2.134007403598,54.838322447696));
#11500 = CARTESIAN_POINT('',(2.210342188075,54.981809739952));
#11501 = CARTESIAN_POINT('',(2.290848503487,55.119356750251));
#11502 = CARTESIAN_POINT('',(2.376305894909,55.245399934314));
#11503 = CARTESIAN_POINT('',(2.487466023895,55.374744934943));
#11504 = CARTESIAN_POINT('',(2.507581950784,55.396898585694));
#11505 = CARTESIAN_POINT('',(2.527987820846,55.41803719252));
#11506 = CARTESIAN_POINT('',(2.54868067115,55.438056243114));
#11507 = CARTESIAN_POINT('',(2.569658464381,55.45685082946));
#11508 = CARTESIAN_POINT('',(2.590920131249,55.474315944023));
#11509 = CARTESIAN_POINT('',(2.62351439096,55.49856757631));
#11510 = CARTESIAN_POINT('',(2.634635798225,55.506409714425));
#11511 = CARTESIAN_POINT('',(2.645826628915,55.513856923157));
#11512 = CARTESIAN_POINT('',(2.657083801409,55.520893797017));
#11513 = CARTESIAN_POINT('',(2.668404358255,55.527505792149));
#11514 = CARTESIAN_POINT('',(2.679785466171,55.533679226334));
#11515 = CARTESIAN_POINT('',(2.735518665127,55.561558385029));
#11516 = CARTESIAN_POINT('',(2.780761568929,55.576988307271));
#11517 = CARTESIAN_POINT('',(2.826539827312,55.584772508187));
#11518 = CARTESIAN_POINT('',(2.872484012291,55.584446488071));
#11519 = CARTESIAN_POINT('',(2.91823896869,55.576022780258));
#11520 = CARTESIAN_POINT('',(2.963434223776,55.559990546591));
#11521 = CARTESIAN_POINT('',(3.018751885551,55.531595297763));
#11522 = CARTESIAN_POINT('',(3.029793835432,55.525475927827));
#11523 = CARTESIAN_POINT('',(3.040777841276,55.518945582119));
#11524 = CARTESIAN_POINT('',(3.051701379001,55.512016921462));
#11525 = CARTESIAN_POINT('',(3.062561814674,55.504703348703));
#11526 = CARTESIAN_POINT('',(3.073356404507,55.497019008705));
#11527 = CARTESIAN_POINT('',(3.105076620666,55.473241259798));
#11528 = CARTESIAN_POINT('',(3.125800699285,55.45614551289));
#11529 = CARTESIAN_POINT('',(3.146254471534,55.437788841345));
#11530 = CARTESIAN_POINT('',(3.166436964534,55.418268685282));
#11531 = CARTESIAN_POINT('',(3.186346330856,55.397682369376));
#11532 = CARTESIAN_POINT('',(3.205979887665,55.376126841002));
#11533 = CARTESIAN_POINT('',(3.317038962467,55.247427530401));
#11534 = CARTESIAN_POINT('',(3.402794012103,55.121188197716));
#11535 = CARTESIAN_POINT('',(3.483549466555,54.983353335638));
#11536 = CARTESIAN_POINT('',(3.560100481588,54.839537127895));
#11537 = CARTESIAN_POINT('',(3.633328726403,54.69285543329));
#11538 = CARTESIAN_POINT('',(3.704224298508,54.544598781168));
#11539 = CARTESIAN_POINT('',(3.773972970215,54.394877227681));
#11540 = ( GEOMETRIC_REPRESENTATION_CONTEXT(2) 
PARAMETRIC_REPRESENTATION_CONTEXT() REPRESENTATION_CONTEXT('2D SPACE',''
  ) );
#11541 = ORIENTED_EDGE('',*,*,#11542,.T.);
#11542 = EDGE_CURVE('',#11392,#11543,#11545,.T.);
#11543 = VERTEX_POINT('',#11544);
#11544 = CARTESIAN_POINT('',(-0.958202196349,8.,12.613657223459));
#11545 = SURFACE_CURVE('',#11546,(#11551,#11558),.PCURVE_S1.);
#11546 = CIRCLE('',#11547,12.65);
#11547 = AXIS2_PLACEMENT_3D('',#11548,#11549,#11550);
#11548 = CARTESIAN_POINT('',(-7.020680705401,2.127479001637,
    3.191218502455));
#11549 = DIRECTION('',(-0.877585088175,0.265934875205,0.398902312807));
#11550 = DIRECTION('',(-0.413802944301,2.775557561563E-17,
    -0.910366477463));
#11551 = PCURVE('',#6680,#11552);
#11552 = DEFINITIONAL_REPRESENTATION('',(#11553),#11557);
#11553 = LINE('',#11554,#11555);
#11554 = CARTESIAN_POINT('',(0.,0.));
#11555 = VECTOR('',#11556,1.);
#11556 = DIRECTION('',(1.,0.));
#11557 = ( GEOMETRIC_REPRESENTATION_CONTEXT(2) 
PARAMETRIC_REPRESENTATION_CONTEXT() REPRESENTATION_CONTEXT('2D SPACE',''
  ) );
#11558 = PCURVE('',#11305,#11559);
#11559 = DEFINITIONAL_REPRESENTATION('',(#11560),#11564);
#11560 = CIRCLE('',#11561,12.65);
#11561 = AXIS2_PLACEMENT_2D('',#11562,#11563);
#11562 = CARTESIAN_POINT('',(0.,0.));
#11563 = DIRECTION('',(1.,-2.775557561563E-17));
#11564 = ( GEOMETRIC_REPRESENTATION_CONTEXT(2) 
PARAMETRIC_REPRESENTATION_CONTEXT() REPRESENTATION_CONTEXT('2D SPACE',''
  ) );
#11565 = ORIENTED_EDGE('',*,*,#11566,.F.);
#11566 = EDGE_CURVE('',#11255,#11543,#11567,.T.);
#11567 = SURFACE_CURVE('',#11568,(#11573,#11585),.PCURVE_S1.);
#11568 = ELLIPSE('',#11569,20.880371806187,12.65);
#11569 = AXIS2_PLACEMENT_3D('',#11570,#11571,#11572);
#11570 = CARTESIAN_POINT('',(0.,0.,0.));
#11571 = DIRECTION('',(0.724280748327,0.60583212394,-0.329218521967));
#11572 = DIRECTION('',(-0.551529256605,0.795592507256,0.250695116639));
#11573 = PCURVE('',#6680,#11574);
#11574 = DEFINITIONAL_REPRESENTATION('',(#11575),#11584);
#11575 = B_SPLINE_CURVE_WITH_KNOTS('',7,(#11576,#11577,#11578,#11579,
    #11580,#11581,#11582,#11583),.UNSPECIFIED.,.F.,.F.,(8,8),(0.,
    1.068349042986),.PIECEWISE_BEZIER_KNOTS.);
#11576 = CARTESIAN_POINT('',(4.712388980385,8.612267357727));
#11577 = CARTESIAN_POINT('',(4.55976768853,8.612267357727));
#11578 = CARTESIAN_POINT('',(4.407146396674,8.160820278444));
#11579 = CARTESIAN_POINT('',(4.25452510482,7.257933763643));
#11580 = CARTESIAN_POINT('',(4.101903812963,5.929340797446));
#11581 = CARTESIAN_POINT('',(3.94928252111,4.226652538273));
#11582 = CARTESIAN_POINT('',(3.796661229254,2.222028278533));
#11583 = CARTESIAN_POINT('',(3.644039937399,-6.00003005502E-07));
#11584 = ( GEOMETRIC_REPRESENTATION_CONTEXT(2) 
PARAMETRIC_REPRESENTATION_CONTEXT() REPRESENTATION_CONTEXT('2D SPACE',''
  ) );
#11585 = PCURVE('',#9120,#11586);
#11586 = DEFINITIONAL_REPRESENTATION('',(#11587),#11596);
#11587 = B_SPLINE_CURVE_WITH_KNOTS('',7,(#11588,#11589,#11590,#11591,
    #11592,#11593,#11594,#11595),.UNSPECIFIED.,.F.,.F.,(8,8),(0.,
    1.068349042986),.PIECEWISE_BEZIER_KNOTS.);
#11588 = CARTESIAN_POINT('',(5.139016473512,8.612267357727));
#11589 = CARTESIAN_POINT('',(5.291637765367,8.612267357727));
#11590 = CARTESIAN_POINT('',(5.444259057222,8.160820278445));
#11591 = CARTESIAN_POINT('',(5.596880349075,7.257933763641));
#11592 = CARTESIAN_POINT('',(5.749501640933,5.929340797449));
#11593 = CARTESIAN_POINT('',(5.902122932788,4.226652538272));
#11594 = CARTESIAN_POINT('',(6.054744224642,2.222028278533));
#11595 = CARTESIAN_POINT('',(6.207365516497,-6.000030339237E-07));
#11596 = ( GEOMETRIC_REPRESENTATION_CONTEXT(2) 
PARAMETRIC_REPRESENTATION_CONTEXT() REPRESENTATION_CONTEXT('2D SPACE',''
  ) );
#11597 = FACE_BOUND('',#11598,.F.);
#11598 = EDGE_LOOP('',(#11599,#11600));
#11599 = ORIENTED_EDGE('',*,*,#9538,.F.);
#11600 = ORIENTED_EDGE('',*,*,#9636,.T.);
#11601 = FACE_BOUND('',#11602,.F.);
#11602 = EDGE_LOOP('',(#11603,#11604));
#11603 = ORIENTED_EDGE('',*,*,#9302,.F.);
#11604 = ORIENTED_EDGE('',*,*,#11605,.F.);
#11605 = EDGE_CURVE('',#9303,#9274,#11606,.T.);
#11606 = SURFACE_CURVE('',#11607,(#11612,#11623),.PCURVE_S1.);
#11607 = ELLIPSE('',#11608,22.667979255371,12.65);
#11608 = AXIS2_PLACEMENT_3D('',#11609,#11610,#11611);
#11609 = CARTESIAN_POINT('',(-12.5806043153,3.812304337971,
    5.718456506957));
#11610 = DIRECTION('',(0.81253825063,0.582907875452,0.));
#11611 = DIRECTION('',(-0.511137139283,0.712494194152,0.480719094842));
#11612 = PCURVE('',#6680,#11613);
#11613 = DEFINITIONAL_REPRESENTATION('',(#11614),#11622);
#11614 = B_SPLINE_CURVE_WITH_KNOTS('',6,(#11615,#11616,#11617,#11618,
    #11619,#11620,#11621),.UNSPECIFIED.,.F.,.F.,(7,7),(5.434420619069,
    5.908226174125),.PIECEWISE_BEZIER_KNOTS.);
#11615 = CARTESIAN_POINT('',(5.143963459608,18.767188235856));
#11616 = CARTESIAN_POINT('',(5.064995867099,19.881911502503));
#11617 = CARTESIAN_POINT('',(4.98602827459,20.903607528949));
#11618 = CARTESIAN_POINT('',(4.90706068208,21.819764515544));
#11619 = CARTESIAN_POINT('',(4.828093089571,22.619608603414));
#11620 = CARTESIAN_POINT('',(4.749125497062,23.294581754863));
#11621 = CARTESIAN_POINT('',(4.670157904552,23.838578299082));
#11622 = ( GEOMETRIC_REPRESENTATION_CONTEXT(2) 
PARAMETRIC_REPRESENTATION_CONTEXT() REPRESENTATION_CONTEXT('2D SPACE',''
  ) );
#11623 = PCURVE('',#9290,#11624);
#11624 = DEFINITIONAL_REPRESENTATION('',(#11625),#11629);
#11625 = ELLIPSE('',#11626,22.667979255371,12.65);
#11626 = AXIS2_PLACEMENT_2D('',#11627,#11628);
#11627 = CARTESIAN_POINT('',(-20.50165986692,-2.477396814193));
#11628 = DIRECTION('',(0.876874650024,0.480719094842));
#11629 = ( GEOMETRIC_REPRESENTATION_CONTEXT(2) 
PARAMETRIC_REPRESENTATION_CONTEXT() REPRESENTATION_CONTEXT('2D SPACE',''
  ) );
#11630 = FACE_BOUND('',#11631,.F.);
#11631 = EDGE_LOOP('',(#11632));
#11632 = ORIENTED_EDGE('',*,*,#10319,.T.);
#11633 = FACE_BOUND('',#11634,.F.);
#11634 = EDGE_LOOP('',(#11635));
#11635 = ORIENTED_EDGE('',*,*,#10551,.F.);
#11636 = ADVANCED_FACE('',(#11637),#7326,.F.);
#11637 = FACE_BOUND('',#11638,.F.);
#11638 = EDGE_LOOP('',(#11639,#11640,#11641,#11662));
#11639 = ORIENTED_EDGE('',*,*,#11170,.F.);
#11640 = ORIENTED_EDGE('',*,*,#7575,.T.);
#11641 = ORIENTED_EDGE('',*,*,#11642,.T.);
#11642 = EDGE_CURVE('',#7553,#7283,#11643,.T.);
#11643 = SURFACE_CURVE('',#11644,(#11648,#11655),.PCURVE_S1.);
#11644 = LINE('',#11645,#11646);
#11645 = CARTESIAN_POINT('',(-47.,12.3,-25.4));
#11646 = VECTOR('',#11647,1.);
#11647 = DIRECTION('',(1.,0.,-0.));
#11648 = PCURVE('',#7326,#11649);
#11649 = DEFINITIONAL_REPRESENTATION('',(#11650),#11654);
#11650 = LINE('',#11651,#11652);
#11651 = CARTESIAN_POINT('',(8.6,0.));
#11652 = VECTOR('',#11653,1.);
#11653 = DIRECTION('',(0.,1.));
#11654 = ( GEOMETRIC_REPRESENTATION_CONTEXT(2) 
PARAMETRIC_REPRESENTATION_CONTEXT() REPRESENTATION_CONTEXT('2D SPACE',''
  ) );
#11655 = PCURVE('',#7298,#11656);
#11656 = DEFINITIONAL_REPRESENTATION('',(#11657),#11661);
#11657 = LINE('',#11658,#11659);
#11658 = CARTESIAN_POINT('',(0.,24.6));
#11659 = VECTOR('',#11660,1.);
#11660 = DIRECTION('',(1.,0.));
#11661 = ( GEOMETRIC_REPRESENTATION_CONTEXT(2) 
PARAMETRIC_REPRESENTATION_CONTEXT() REPRESENTATION_CONTEXT('2D SPACE',''
  ) );
#11662 = ORIENTED_EDGE('',*,*,#7310,.F.);
#11663 = ADVANCED_FACE('',(#11664),#7298,.F.);
#11664 = FACE_BOUND('',#11665,.F.);
#11665 = EDGE_LOOP('',(#11666,#11667,#11668,#11689));
#11666 = ORIENTED_EDGE('',*,*,#11642,.F.);
#11667 = ORIENTED_EDGE('',*,*,#7552,.T.);
#11668 = ORIENTED_EDGE('',*,*,#11669,.F.);
#11669 = EDGE_CURVE('',#7255,#7530,#11670,.T.);
#11670 = SURFACE_CURVE('',#11671,(#11675,#11682),.PCURVE_S1.);
#11671 = LINE('',#11672,#11673);
#11672 = CARTESIAN_POINT('',(-47.,6.3,-25.4));
#11673 = VECTOR('',#11674,1.);
#11674 = DIRECTION('',(-1.,-0.,0.));
#11675 = PCURVE('',#7298,#11676);
#11676 = DEFINITIONAL_REPRESENTATION('',(#11677),#11681);
#11677 = LINE('',#11678,#11679);
#11678 = CARTESIAN_POINT('',(0.,18.6));
#11679 = VECTOR('',#11680,1.);
#11680 = DIRECTION('',(-1.,0.));
#11681 = ( GEOMETRIC_REPRESENTATION_CONTEXT(2) 
PARAMETRIC_REPRESENTATION_CONTEXT() REPRESENTATION_CONTEXT('2D SPACE',''
  ) );
#11682 = PCURVE('',#7270,#11683);
#11683 = DEFINITIONAL_REPRESENTATION('',(#11684),#11688);
#11684 = LINE('',#11685,#11686);
#11685 = CARTESIAN_POINT('',(0.6,0.));
#11686 = VECTOR('',#11687,1.);
#11687 = DIRECTION('',(0.,-1.));
#11688 = ( GEOMETRIC_REPRESENTATION_CONTEXT(2) 
PARAMETRIC_REPRESENTATION_CONTEXT() REPRESENTATION_CONTEXT('2D SPACE',''
  ) );
#11689 = ORIENTED_EDGE('',*,*,#7282,.F.);
#11690 = ADVANCED_FACE('',(#11691),#7270,.F.);
#11691 = FACE_BOUND('',#11692,.F.);
#11692 = EDGE_LOOP('',(#11693,#11714,#11715,#11716));
#11693 = ORIENTED_EDGE('',*,*,#11694,.T.);
#11694 = EDGE_CURVE('',#7507,#7227,#11695,.T.);
#11695 = SURFACE_CURVE('',#11696,(#11700,#11707),.PCURVE_S1.);
#11696 = LINE('',#11697,#11698);
#11697 = CARTESIAN_POINT('',(-47.,6.3,-12.));
#11698 = VECTOR('',#11699,1.);
#11699 = DIRECTION('',(1.,0.,-0.));
#11700 = PCURVE('',#7270,#11701);
#11701 = DEFINITIONAL_REPRESENTATION('',(#11702),#11706);
#11702 = LINE('',#11703,#11704);
#11703 = CARTESIAN_POINT('',(14.,0.));
#11704 = VECTOR('',#11705,1.);
#11705 = DIRECTION('',(0.,1.));
#11706 = ( GEOMETRIC_REPRESENTATION_CONTEXT(2) 
PARAMETRIC_REPRESENTATION_CONTEXT() REPRESENTATION_CONTEXT('2D SPACE',''
  ) );
#11707 = PCURVE('',#7242,#11708);
#11708 = DEFINITIONAL_REPRESENTATION('',(#11709),#11713);
#11709 = LINE('',#11710,#11711);
#11710 = CARTESIAN_POINT('',(0.,12.6));
#11711 = VECTOR('',#11712,1.);
#11712 = DIRECTION('',(1.,0.));
#11713 = ( GEOMETRIC_REPRESENTATION_CONTEXT(2) 
PARAMETRIC_REPRESENTATION_CONTEXT() REPRESENTATION_CONTEXT('2D SPACE',''
  ) );
#11714 = ORIENTED_EDGE('',*,*,#7254,.F.);
#11715 = ORIENTED_EDGE('',*,*,#11669,.T.);
#11716 = ORIENTED_EDGE('',*,*,#7529,.T.);
#11717 = ADVANCED_FACE('',(#11718,#11744),#7242,.F.);
#11718 = FACE_BOUND('',#11719,.F.);
#11719 = EDGE_LOOP('',(#11720,#11721,#11722,#11743));
#11720 = ORIENTED_EDGE('',*,*,#11694,.F.);
#11721 = ORIENTED_EDGE('',*,*,#7506,.T.);
#11722 = ORIENTED_EDGE('',*,*,#11723,.T.);
#11723 = EDGE_CURVE('',#7484,#7199,#11724,.T.);
#11724 = SURFACE_CURVE('',#11725,(#11729,#11736),.PCURVE_S1.);
#11725 = LINE('',#11726,#11727);
#11726 = CARTESIAN_POINT('',(-47.,-6.3,-12.));
#11727 = VECTOR('',#11728,1.);
#11728 = DIRECTION('',(1.,0.,-0.));
#11729 = PCURVE('',#7242,#11730);
#11730 = DEFINITIONAL_REPRESENTATION('',(#11731),#11735);
#11731 = LINE('',#11732,#11733);
#11732 = CARTESIAN_POINT('',(0.,0.));
#11733 = VECTOR('',#11734,1.);
#11734 = DIRECTION('',(1.,0.));
#11735 = ( GEOMETRIC_REPRESENTATION_CONTEXT(2) 
PARAMETRIC_REPRESENTATION_CONTEXT() REPRESENTATION_CONTEXT('2D SPACE',''
  ) );
#11736 = PCURVE('',#7214,#11737);
#11737 = DEFINITIONAL_REPRESENTATION('',(#11738),#11742);
#11738 = LINE('',#11739,#11740);
#11739 = CARTESIAN_POINT('',(14.,0.));
#11740 = VECTOR('',#11741,1.);
#11741 = DIRECTION('',(0.,1.));
#11742 = ( GEOMETRIC_REPRESENTATION_CONTEXT(2) 
PARAMETRIC_REPRESENTATION_CONTEXT() REPRESENTATION_CONTEXT('2D SPACE',''
  ) );
#11743 = ORIENTED_EDGE('',*,*,#7226,.F.);
#11744 = FACE_BOUND('',#11745,.F.);
#11745 = EDGE_LOOP('',(#11746));
#11746 = ORIENTED_EDGE('',*,*,#11747,.F.);
#11747 = EDGE_CURVE('',#11748,#11748,#11750,.T.);
#11748 = VERTEX_POINT('',#11749);
#11749 = CARTESIAN_POINT('',(4.1,0.,-12.));
#11750 = SURFACE_CURVE('',#11751,(#11756,#11763),.PCURVE_S1.);
#11751 = CIRCLE('',#11752,4.1);
#11752 = AXIS2_PLACEMENT_3D('',#11753,#11754,#11755);
#11753 = CARTESIAN_POINT('',(0.,0.,-12.));
#11754 = DIRECTION('',(0.,0.,1.));
#11755 = DIRECTION('',(1.,0.,-0.));
#11756 = PCURVE('',#7242,#11757);
#11757 = DEFINITIONAL_REPRESENTATION('',(#11758),#11762);
#11758 = CIRCLE('',#11759,4.1);
#11759 = AXIS2_PLACEMENT_2D('',#11760,#11761);
#11760 = CARTESIAN_POINT('',(47.,6.3));
#11761 = DIRECTION('',(1.,0.));
#11762 = ( GEOMETRIC_REPRESENTATION_CONTEXT(2) 
PARAMETRIC_REPRESENTATION_CONTEXT() REPRESENTATION_CONTEXT('2D SPACE',''
  ) );
#11763 = PCURVE('',#11489,#11764);
#11764 = DEFINITIONAL_REPRESENTATION('',(#11765),#11769);
#11765 = LINE('',#11766,#11767);
#11766 = CARTESIAN_POINT('',(0.,28.));
#11767 = VECTOR('',#11768,1.);
#11768 = DIRECTION('',(1.,0.));
#11769 = ( GEOMETRIC_REPRESENTATION_CONTEXT(2) 
PARAMETRIC_REPRESENTATION_CONTEXT() REPRESENTATION_CONTEXT('2D SPACE',''
  ) );
#11770 = ADVANCED_FACE('',(#11771),#7214,.T.);
#11771 = FACE_BOUND('',#11772,.T.);
#11772 = EDGE_LOOP('',(#11773,#11774,#11775,#11796));
#11773 = ORIENTED_EDGE('',*,*,#11723,.T.);
#11774 = ORIENTED_EDGE('',*,*,#7198,.F.);
#11775 = ORIENTED_EDGE('',*,*,#11776,.T.);
#11776 = EDGE_CURVE('',#7171,#7461,#11777,.T.);
#11777 = SURFACE_CURVE('',#11778,(#11782,#11789),.PCURVE_S1.);
#11778 = LINE('',#11779,#11780);
#11779 = CARTESIAN_POINT('',(-47.,-6.3,-25.4));
#11780 = VECTOR('',#11781,1.);
#11781 = DIRECTION('',(-1.,-0.,0.));
#11782 = PCURVE('',#7214,#11783);
#11783 = DEFINITIONAL_REPRESENTATION('',(#11784),#11788);
#11784 = LINE('',#11785,#11786);
#11785 = CARTESIAN_POINT('',(0.6,0.));
#11786 = VECTOR('',#11787,1.);
#11787 = DIRECTION('',(0.,-1.));
#11788 = ( GEOMETRIC_REPRESENTATION_CONTEXT(2) 
PARAMETRIC_REPRESENTATION_CONTEXT() REPRESENTATION_CONTEXT('2D SPACE',''
  ) );
#11789 = PCURVE('',#7186,#11790);
#11790 = DEFINITIONAL_REPRESENTATION('',(#11791),#11795);
#11791 = LINE('',#11792,#11793);
#11792 = CARTESIAN_POINT('',(0.,6.));
#11793 = VECTOR('',#11794,1.);
#11794 = DIRECTION('',(-1.,0.));
#11795 = ( GEOMETRIC_REPRESENTATION_CONTEXT(2) 
PARAMETRIC_REPRESENTATION_CONTEXT() REPRESENTATION_CONTEXT('2D SPACE',''
  ) );
#11796 = ORIENTED_EDGE('',*,*,#7483,.T.);
#11797 = ADVANCED_FACE('',(#11798),#7186,.F.);
#11798 = FACE_BOUND('',#11799,.F.);
#11799 = EDGE_LOOP('',(#11800,#11801,#11802,#11823));
#11800 = ORIENTED_EDGE('',*,*,#11776,.T.);
#11801 = ORIENTED_EDGE('',*,*,#7460,.T.);
#11802 = ORIENTED_EDGE('',*,*,#11803,.T.);
#11803 = EDGE_CURVE('',#7438,#7143,#11804,.T.);
#11804 = SURFACE_CURVE('',#11805,(#11809,#11816),.PCURVE_S1.);
#11805 = LINE('',#11806,#11807);
#11806 = CARTESIAN_POINT('',(-47.,-12.3,-25.4));
#11807 = VECTOR('',#11808,1.);
#11808 = DIRECTION('',(1.,0.,-0.));
#11809 = PCURVE('',#7186,#11810);
#11810 = DEFINITIONAL_REPRESENTATION('',(#11811),#11815);
#11811 = LINE('',#11812,#11813);
#11812 = CARTESIAN_POINT('',(0.,0.));
#11813 = VECTOR('',#11814,1.);
#11814 = DIRECTION('',(1.,0.));
#11815 = ( GEOMETRIC_REPRESENTATION_CONTEXT(2) 
PARAMETRIC_REPRESENTATION_CONTEXT() REPRESENTATION_CONTEXT('2D SPACE',''
  ) );
#11816 = PCURVE('',#7158,#11817);
#11817 = DEFINITIONAL_REPRESENTATION('',(#11818),#11822);
#11818 = LINE('',#11819,#11820);
#11819 = CARTESIAN_POINT('',(8.6,0.));
#11820 = VECTOR('',#11821,1.);
#11821 = DIRECTION('',(0.,1.));
#11822 = ( GEOMETRIC_REPRESENTATION_CONTEXT(2) 
PARAMETRIC_REPRESENTATION_CONTEXT() REPRESENTATION_CONTEXT('2D SPACE',''
  ) );
#11823 = ORIENTED_EDGE('',*,*,#7170,.F.);
#11824 = ADVANCED_FACE('',(#11825),#7158,.T.);
#11825 = FACE_BOUND('',#11826,.T.);
#11826 = EDGE_LOOP('',(#11827,#11848,#11849,#11850));
#11827 = ORIENTED_EDGE('',*,*,#11828,.F.);
#11828 = EDGE_CURVE('',#7415,#7115,#11829,.T.);
#11829 = SURFACE_CURVE('',#11830,(#11834,#11841),.PCURVE_S1.);
#11830 = LINE('',#11831,#11832);
#11831 = CARTESIAN_POINT('',(-47.,-12.3,-34.));
#11832 = VECTOR('',#11833,1.);
#11833 = DIRECTION('',(1.,0.,-0.));
#11834 = PCURVE('',#7158,#11835);
#11835 = DEFINITIONAL_REPRESENTATION('',(#11836),#11840);
#11836 = LINE('',#11837,#11838);
#11837 = CARTESIAN_POINT('',(0.,0.));
#11838 = VECTOR('',#11839,1.);
#11839 = DIRECTION('',(0.,1.));
#11840 = ( GEOMETRIC_REPRESENTATION_CONTEXT(2) 
PARAMETRIC_REPRESENTATION_CONTEXT() REPRESENTATION_CONTEXT('2D SPACE',''
  ) );
#11841 = PCURVE('',#7130,#11842);
#11842 = DEFINITIONAL_REPRESENTATION('',(#11843),#11847);
#11843 = LINE('',#11844,#11845);
#11844 = CARTESIAN_POINT('',(-2.,9.7));
#11845 = VECTOR('',#11846,1.);
#11846 = DIRECTION('',(1.,0.));
#11847 = ( GEOMETRIC_REPRESENTATION_CONTEXT(2) 
PARAMETRIC_REPRESENTATION_CONTEXT() REPRESENTATION_CONTEXT('2D SPACE',''
  ) );
#11848 = ORIENTED_EDGE('',*,*,#7437,.T.);
#11849 = ORIENTED_EDGE('',*,*,#11803,.T.);
#11850 = ORIENTED_EDGE('',*,*,#7142,.F.);
#11851 = ADVANCED_FACE('',(#11852),#7130,.F.);
#11852 = FACE_BOUND('',#11853,.F.);
#11853 = EDGE_LOOP('',(#11854,#11855,#11856,#11857));
#11854 = ORIENTED_EDGE('',*,*,#7414,.F.);
#11855 = ORIENTED_EDGE('',*,*,#7362,.T.);
#11856 = ORIENTED_EDGE('',*,*,#7114,.T.);
#11857 = ORIENTED_EDGE('',*,*,#11828,.F.);
#11858 = ADVANCED_FACE('',(#11859),#7847,.T.);
#11859 = FACE_BOUND('',#11860,.T.);
#11860 = EDGE_LOOP('',(#11861));
#11861 = ORIENTED_EDGE('',*,*,#7832,.T.);
#11862 = ADVANCED_FACE('',(#11863),#9290,.T.);
#11863 = FACE_BOUND('',#11864,.T.);
#11864 = EDGE_LOOP('',(#11865,#11866,#11867));
#11865 = ORIENTED_EDGE('',*,*,#9430,.T.);
#11866 = ORIENTED_EDGE('',*,*,#9273,.T.);
#11867 = ORIENTED_EDGE('',*,*,#11605,.F.);
#11868 = ADVANCED_FACE('',(#11869),#8954,.F.);
#11869 = FACE_BOUND('',#11870,.F.);
#11870 = EDGE_LOOP('',(#11871,#11872,#11873));
#11871 = ORIENTED_EDGE('',*,*,#8937,.T.);
#11872 = ORIENTED_EDGE('',*,*,#9201,.T.);
#11873 = ORIENTED_EDGE('',*,*,#11874,.F.);
#11874 = EDGE_CURVE('',#8938,#8967,#11875,.T.);
#11875 = SURFACE_CURVE('',#11876,(#11881,#11888),.PCURVE_S1.);
#11876 = ELLIPSE('',#11877,21.701542443901,12.65);
#11877 = AXIS2_PLACEMENT_3D('',#11878,#11879,#11880);
#11878 = CARTESIAN_POINT('',(0.,13.724295616696,0.));
#11879 = DIRECTION('',(0.81253825063,0.582907875452,-0.));
#11880 = DIRECTION('',(-0.582907875452,0.81253825063,0.));
#11881 = PCURVE('',#8954,#11882);
#11882 = DEFINITIONAL_REPRESENTATION('',(#11883),#11887);
#11883 = ELLIPSE('',#11884,21.701542443901,12.65);
#11884 = AXIS2_PLACEMENT_2D('',#11885,#11886);
#11885 = CARTESIAN_POINT('',(-19.78112114638,-8.19585332115));
#11886 = DIRECTION('',(1.,0.));
#11887 = ( GEOMETRIC_REPRESENTATION_CONTEXT(2) 
PARAMETRIC_REPRESENTATION_CONTEXT() REPRESENTATION_CONTEXT('2D SPACE',''
  ) );
#11888 = PCURVE('',#9120,#11889);
#11889 = DEFINITIONAL_REPRESENTATION('',(#11890),#11897);
#11890 = B_SPLINE_CURVE_WITH_KNOTS('',5,(#11891,#11892,#11893,#11894,
    #11895,#11896),.UNSPECIFIED.,.F.,.F.,(6,6),(0.371816667319,
    0.72933037691),.PIECEWISE_BEZIER_KNOTS.);
#11891 = CARTESIAN_POINT('',(5.084205647704,22.152723402834));
#11892 = CARTESIAN_POINT('',(5.155708389622,21.694652456163));
#11893 = CARTESIAN_POINT('',(5.22721113154,21.131591634168));
#11894 = CARTESIAN_POINT('',(5.298713873458,20.468413636907));
#11895 = CARTESIAN_POINT('',(5.370216615377,19.712256524311));
#11896 = CARTESIAN_POINT('',(5.441719357295,18.872075486208));
#11897 = ( GEOMETRIC_REPRESENTATION_CONTEXT(2) 
PARAMETRIC_REPRESENTATION_CONTEXT() REPRESENTATION_CONTEXT('2D SPACE',''
  ) );
#11898 = ADVANCED_FACE('',(#11899,#11977,#11981,#11984),#9120,.F.);
#11899 = FACE_BOUND('',#11900,.F.);
#11900 = EDGE_LOOP('',(#11901,#11924,#11951,#11952,#11953,#11975,#11976)
  );
#11901 = ORIENTED_EDGE('',*,*,#11902,.F.);
#11902 = EDGE_CURVE('',#11903,#10739,#11905,.T.);
#11903 = VERTEX_POINT('',#11904);
#11904 = CARTESIAN_POINT('',(0.,8.,12.65));
#11905 = SEAM_CURVE('',#11906,(#11910,#11917),.PCURVE_S1.);
#11906 = LINE('',#11907,#11908);
#11907 = CARTESIAN_POINT('',(0.,8.,12.65));
#11908 = VECTOR('',#11909,1.);
#11909 = DIRECTION('',(0.,1.,0.));
#11910 = PCURVE('',#9120,#11911);
#11911 = DEFINITIONAL_REPRESENTATION('',(#11912),#11916);
#11912 = LINE('',#11913,#11914);
#11913 = CARTESIAN_POINT('',(0.,-0.));
#11914 = VECTOR('',#11915,1.);
#11915 = DIRECTION('',(0.,1.));
#11916 = ( GEOMETRIC_REPRESENTATION_CONTEXT(2) 
PARAMETRIC_REPRESENTATION_CONTEXT() REPRESENTATION_CONTEXT('2D SPACE',''
  ) );
#11917 = PCURVE('',#9120,#11918);
#11918 = DEFINITIONAL_REPRESENTATION('',(#11919),#11923);
#11919 = LINE('',#11920,#11921);
#11920 = CARTESIAN_POINT('',(6.28318530718,-0.));
#11921 = VECTOR('',#11922,1.);
#11922 = DIRECTION('',(0.,1.));
#11923 = ( GEOMETRIC_REPRESENTATION_CONTEXT(2) 
PARAMETRIC_REPRESENTATION_CONTEXT() REPRESENTATION_CONTEXT('2D SPACE',''
  ) );
#11924 = ORIENTED_EDGE('',*,*,#11925,.T.);
#11925 = EDGE_CURVE('',#11903,#11253,#11926,.T.);
#11926 = SURFACE_CURVE('',#11927,(#11932,#11939),.PCURVE_S1.);
#11927 = CIRCLE('',#11928,12.65);
#11928 = AXIS2_PLACEMENT_3D('',#11929,#11930,#11931);
#11929 = CARTESIAN_POINT('',(0.,8.,0.));
#11930 = DIRECTION('',(0.,1.,0.));
#11931 = DIRECTION('',(0.,-0.,1.));
#11932 = PCURVE('',#9120,#11933);
#11933 = DEFINITIONAL_REPRESENTATION('',(#11934),#11938);
#11934 = LINE('',#11935,#11936);
#11935 = CARTESIAN_POINT('',(0.,0.));
#11936 = VECTOR('',#11937,1.);
#11937 = DIRECTION('',(1.,0.));
#11938 = ( GEOMETRIC_REPRESENTATION_CONTEXT(2) 
PARAMETRIC_REPRESENTATION_CONTEXT() REPRESENTATION_CONTEXT('2D SPACE',''
  ) );
#11939 = PCURVE('',#11940,#11945);
#11940 = PLANE('',#11941);
#11941 = AXIS2_PLACEMENT_3D('',#11942,#11943,#11944);
#11942 = CARTESIAN_POINT('',(0.,8.,0.));
#11943 = DIRECTION('',(0.,1.,0.));
#11944 = DIRECTION('',(0.,-0.,1.));
#11945 = DEFINITIONAL_REPRESENTATION('',(#11946),#11950);
#11946 = CIRCLE('',#11947,12.65);
#11947 = AXIS2_PLACEMENT_2D('',#11948,#11949);
#11948 = CARTESIAN_POINT('',(0.,0.));
#11949 = DIRECTION('',(1.,0.));
#11950 = ( GEOMETRIC_REPRESENTATION_CONTEXT(2) 
PARAMETRIC_REPRESENTATION_CONTEXT() REPRESENTATION_CONTEXT('2D SPACE',''
  ) );
#11951 = ORIENTED_EDGE('',*,*,#11252,.T.);
#11952 = ORIENTED_EDGE('',*,*,#11566,.T.);
#11953 = ORIENTED_EDGE('',*,*,#11954,.T.);
#11954 = EDGE_CURVE('',#11543,#11903,#11955,.T.);
#11955 = SURFACE_CURVE('',#11956,(#11961,#11968),.PCURVE_S1.);
#11956 = CIRCLE('',#11957,12.65);
#11957 = AXIS2_PLACEMENT_3D('',#11958,#11959,#11960);
#11958 = CARTESIAN_POINT('',(0.,8.,0.));
#11959 = DIRECTION('',(0.,1.,0.));
#11960 = DIRECTION('',(0.,-0.,1.));
#11961 = PCURVE('',#9120,#11962);
#11962 = DEFINITIONAL_REPRESENTATION('',(#11963),#11967);
#11963 = LINE('',#11964,#11965);
#11964 = CARTESIAN_POINT('',(0.,0.));
#11965 = VECTOR('',#11966,1.);
#11966 = DIRECTION('',(1.,0.));
#11967 = ( GEOMETRIC_REPRESENTATION_CONTEXT(2) 
PARAMETRIC_REPRESENTATION_CONTEXT() REPRESENTATION_CONTEXT('2D SPACE',''
  ) );
#11968 = PCURVE('',#11940,#11969);
#11969 = DEFINITIONAL_REPRESENTATION('',(#11970),#11974);
#11970 = CIRCLE('',#11971,12.65);
#11971 = AXIS2_PLACEMENT_2D('',#11972,#11973);
#11972 = CARTESIAN_POINT('',(0.,0.));
#11973 = DIRECTION('',(1.,0.));
#11974 = ( GEOMETRIC_REPRESENTATION_CONTEXT(2) 
PARAMETRIC_REPRESENTATION_CONTEXT() REPRESENTATION_CONTEXT('2D SPACE',''
  ) );
#11975 = ORIENTED_EDGE('',*,*,#11902,.T.);
#11976 = ORIENTED_EDGE('',*,*,#10738,.F.);
#11977 = FACE_BOUND('',#11978,.F.);
#11978 = EDGE_LOOP('',(#11979,#11980));
#11979 = ORIENTED_EDGE('',*,*,#11874,.T.);
#11980 = ORIENTED_EDGE('',*,*,#8966,.T.);
#11981 = FACE_BOUND('',#11982,.F.);
#11982 = EDGE_LOOP('',(#11983));
#11983 = ORIENTED_EDGE('',*,*,#11003,.F.);
#11984 = FACE_BOUND('',#11985,.F.);
#11985 = EDGE_LOOP('',(#11986));
#11986 = ORIENTED_EDGE('',*,*,#10765,.T.);
#11987 = ADVANCED_FACE('',(#11988),#11305,.T.);
#11988 = FACE_BOUND('',#11989,.T.);
#11989 = EDGE_LOOP('',(#11990,#12011,#12012,#12013,#12048));
#11990 = ORIENTED_EDGE('',*,*,#11991,.F.);
#11991 = EDGE_CURVE('',#11253,#11543,#11992,.T.);
#11992 = SURFACE_CURVE('',#11993,(#11997,#12004),.PCURVE_S1.);
#11993 = LINE('',#11994,#11995);
#11994 = CARTESIAN_POINT('',(-5.545846664716,8.,2.520839393053));
#11995 = VECTOR('',#11996,1.);
#11996 = DIRECTION('',(0.413802944301,-0.,0.910366477463));
#11997 = PCURVE('',#11305,#11998);
#11998 = DEFINITIONAL_REPRESENTATION('',(#11999),#12003);
#11999 = LINE('',#12000,#12001);
#12000 = CARTESIAN_POINT('',(1.909583602355E-14,-6.091883655661));
#12001 = VECTOR('',#12002,1.);
#12002 = DIRECTION('',(-1.,-1.387778780781E-17));
#12003 = ( GEOMETRIC_REPRESENTATION_CONTEXT(2) 
PARAMETRIC_REPRESENTATION_CONTEXT() REPRESENTATION_CONTEXT('2D SPACE',''
  ) );
#12004 = PCURVE('',#11940,#12005);
#12005 = DEFINITIONAL_REPRESENTATION('',(#12006),#12010);
#12006 = LINE('',#12007,#12008);
#12007 = CARTESIAN_POINT('',(2.520839393053,-5.545846664716));
#12008 = VECTOR('',#12009,1.);
#12009 = DIRECTION('',(0.910366477463,0.413802944301));
#12010 = ( GEOMETRIC_REPRESENTATION_CONTEXT(2) 
PARAMETRIC_REPRESENTATION_CONTEXT() REPRESENTATION_CONTEXT('2D SPACE',''
  ) );
#12011 = ORIENTED_EDGE('',*,*,#11288,.T.);
#12012 = ORIENTED_EDGE('',*,*,#11367,.T.);
#12013 = ORIENTED_EDGE('',*,*,#12014,.F.);
#12014 = EDGE_CURVE('',#11392,#11368,#12015,.T.);
#12015 = SURFACE_CURVE('',#12016,(#12021,#12028),.PCURVE_S1.);
#12016 = ELLIPSE('',#12017,10.27820563674,4.1);
#12017 = AXIS2_PLACEMENT_3D('',#12018,#12019,#12020);
#12018 = CARTESIAN_POINT('',(0.,0.,20.055035388761));
#12019 = DIRECTION('',(-0.877585088175,0.265934875205,0.398902312807));
#12020 = DIRECTION('',(0.381759248341,-0.115684620709,0.916993426823));
#12021 = PCURVE('',#11305,#12022);
#12022 = DEFINITIONAL_REPRESENTATION('',(#12023),#12027);
#12023 = ELLIPSE('',#12024,10.27820563674,4.1);
#12024 = AXIS2_PLACEMENT_2D('',#12025,#12026);
#12025 = CARTESIAN_POINT('',(-18.25743192225,2.206949036273));
#12026 = DIRECTION('',(-0.992773176811,0.120005914037));
#12027 = ( GEOMETRIC_REPRESENTATION_CONTEXT(2) 
PARAMETRIC_REPRESENTATION_CONTEXT() REPRESENTATION_CONTEXT('2D SPACE',''
  ) );
#12028 = PCURVE('',#11489,#12029);
#12029 = DEFINITIONAL_REPRESENTATION('',(#12030),#12047);
#12030 = B_SPLINE_CURVE_WITH_KNOTS('',8,(#12031,#12032,#12033,#12034,
    #12035,#12036,#12037,#12038,#12039,#12040,#12041,#12042,#12043,
    #12044,#12045,#12046),.UNSPECIFIED.,.F.,.F.,(9,7,9),(1.924973948788,
    3.189774442131,4.454574935474),.UNSPECIFIED.);
#12031 = CARTESIAN_POINT('',(1.630739383677,56.786248616063));
#12032 = CARTESIAN_POINT('',(1.788839445345,55.388635628099));
#12033 = CARTESIAN_POINT('',(1.946939507013,54.084400171145));
#12034 = CARTESIAN_POINT('',(2.10503956868,52.926775794243));
#12035 = CARTESIAN_POINT('',(2.263139630355,51.964014297497));
#12036 = CARTESIAN_POINT('',(2.421239692017,51.235138368473));
#12037 = CARTESIAN_POINT('',(2.579339753684,50.766318017522));
#12038 = CARTESIAN_POINT('',(2.737439815352,50.569158383214));
#12039 = CARTESIAN_POINT('',(3.053639938688,50.712694247785));
#12040 = CARTESIAN_POINT('',(3.211740000357,51.053389753382));
#12041 = CARTESIAN_POINT('',(3.36984006202,51.660278843599));
#12042 = CARTESIAN_POINT('',(3.527940123702,52.516289573017));
#12043 = CARTESIAN_POINT('',(3.686040185356,53.590221356455));
#12044 = CARTESIAN_POINT('',(3.844140247027,54.838898227266));
#12045 = CARTESIAN_POINT('',(4.002240308695,56.211102998777));
#12046 = CARTESIAN_POINT('',(4.160340370363,57.651955146675));
#12047 = ( GEOMETRIC_REPRESENTATION_CONTEXT(2) 
PARAMETRIC_REPRESENTATION_CONTEXT() REPRESENTATION_CONTEXT('2D SPACE',''
  ) );
#12048 = ORIENTED_EDGE('',*,*,#11542,.T.);
#12049 = ADVANCED_FACE('',(#12050,#12104),#11489,.F.);
#12050 = FACE_BOUND('',#12051,.F.);
#12051 = EDGE_LOOP('',(#12052,#12075,#12102,#12103));
#12052 = ORIENTED_EDGE('',*,*,#12053,.T.);
#12053 = EDGE_CURVE('',#11748,#12054,#12056,.T.);
#12054 = VERTEX_POINT('',#12055);
#12055 = CARTESIAN_POINT('',(4.1,0.,20.));
#12056 = SEAM_CURVE('',#12057,(#12061,#12068),.PCURVE_S1.);
#12057 = LINE('',#12058,#12059);
#12058 = CARTESIAN_POINT('',(4.1,0.,-40.));
#12059 = VECTOR('',#12060,1.);
#12060 = DIRECTION('',(0.,0.,1.));
#12061 = PCURVE('',#11489,#12062);
#12062 = DEFINITIONAL_REPRESENTATION('',(#12063),#12067);
#12063 = LINE('',#12064,#12065);
#12064 = CARTESIAN_POINT('',(6.28318530718,-0.));
#12065 = VECTOR('',#12066,1.);
#12066 = DIRECTION('',(0.,1.));
#12067 = ( GEOMETRIC_REPRESENTATION_CONTEXT(2) 
PARAMETRIC_REPRESENTATION_CONTEXT() REPRESENTATION_CONTEXT('2D SPACE',''
  ) );
#12068 = PCURVE('',#11489,#12069);
#12069 = DEFINITIONAL_REPRESENTATION('',(#12070),#12074);
#12070 = LINE('',#12071,#12072);
#12071 = CARTESIAN_POINT('',(0.,-0.));
#12072 = VECTOR('',#12073,1.);
#12073 = DIRECTION('',(0.,1.));
#12074 = ( GEOMETRIC_REPRESENTATION_CONTEXT(2) 
PARAMETRIC_REPRESENTATION_CONTEXT() REPRESENTATION_CONTEXT('2D SPACE',''
  ) );
#12075 = ORIENTED_EDGE('',*,*,#12076,.F.);
#12076 = EDGE_CURVE('',#12054,#12054,#12077,.T.);
#12077 = SURFACE_CURVE('',#12078,(#12083,#12090),.PCURVE_S1.);
#12078 = CIRCLE('',#12079,4.1);
#12079 = AXIS2_PLACEMENT_3D('',#12080,#12081,#12082);
#12080 = CARTESIAN_POINT('',(0.,0.,20.));
#12081 = DIRECTION('',(0.,0.,1.));
#12082 = DIRECTION('',(1.,0.,-0.));
#12083 = PCURVE('',#11489,#12084);
#12084 = DEFINITIONAL_REPRESENTATION('',(#12085),#12089);
#12085 = LINE('',#12086,#12087);
#12086 = CARTESIAN_POINT('',(0.,60.));
#12087 = VECTOR('',#12088,1.);
#12088 = DIRECTION('',(1.,0.));
#12089 = ( GEOMETRIC_REPRESENTATION_CONTEXT(2) 
PARAMETRIC_REPRESENTATION_CONTEXT() REPRESENTATION_CONTEXT('2D SPACE',''
  ) );
#12090 = PCURVE('',#12091,#12096);
#12091 = PLANE('',#12092);
#12092 = AXIS2_PLACEMENT_3D('',#12093,#12094,#12095);
#12093 = CARTESIAN_POINT('',(0.,0.,20.));
#12094 = DIRECTION('',(0.,0.,1.));
#12095 = DIRECTION('',(1.,0.,-0.));
#12096 = DEFINITIONAL_REPRESENTATION('',(#12097),#12101);
#12097 = CIRCLE('',#12098,4.1);
#12098 = AXIS2_PLACEMENT_2D('',#12099,#12100);
#12099 = CARTESIAN_POINT('',(0.,0.));
#12100 = DIRECTION('',(1.,0.));
#12101 = ( GEOMETRIC_REPRESENTATION_CONTEXT(2) 
PARAMETRIC_REPRESENTATION_CONTEXT() REPRESENTATION_CONTEXT('2D SPACE',''
  ) );
#12102 = ORIENTED_EDGE('',*,*,#12053,.F.);
#12103 = ORIENTED_EDGE('',*,*,#11747,.T.);
#12104 = FACE_BOUND('',#12105,.F.);
#12105 = EDGE_LOOP('',(#12106,#12107));
#12106 = ORIENTED_EDGE('',*,*,#12014,.F.);
#12107 = ORIENTED_EDGE('',*,*,#11391,.T.);
#12108 = ADVANCED_FACE('',(#12109),#11940,.T.);
#12109 = FACE_BOUND('',#12110,.T.);
#12110 = EDGE_LOOP('',(#12111,#12112,#12113));
#12111 = ORIENTED_EDGE('',*,*,#11954,.T.);
#12112 = ORIENTED_EDGE('',*,*,#11925,.T.);
#12113 = ORIENTED_EDGE('',*,*,#11991,.T.);
#12114 = ADVANCED_FACE('',(#12115),#12091,.F.);
#12115 = FACE_BOUND('',#12116,.F.);
#12116 = EDGE_LOOP('',(#12117));
#12117 = ORIENTED_EDGE('',*,*,#12076,.T.);
#12118 = ( GEOMETRIC_REPRESENTATION_CONTEXT(3) 
GLOBAL_UNCERTAINTY_ASSIGNED_CONTEXT((#12122)) 
GLOBAL_UNIT_ASSIGNED_CONTEXT((#12119,#12120,#12121)) 
REPRESENTATION_CONTEXT('Context #1',
  '3D Context with UNIT and UNCERTAINTY') );
#12119 = ( LENGTH_UNIT() NAMED_UNIT(*) SI_UNIT(.MILLI.,.METRE.) );
#12120 = ( NAMED_UNIT(*) PLANE_ANGLE_UNIT() SI_UNIT($,.RADIAN.) );
#12121 = ( NAMED_UNIT(*) SI_UNIT($,.STERADIAN.) SOLID_ANGLE_UNIT() );
#12122 = UNCERTAINTY_MEASURE_WITH_UNIT(LENGTH_MEASURE(1.E-07),#12119,
  'distance_accuracy_value','confusion accuracy');
#12123 = PRODUCT_RELATED_PRODUCT_CATEGORY('part',$,(#7));
ENDSEC;
END-ISO-10303-21;
