ISO-10303-21;
HEADER;
FILE_DESCRIPTION(('Open CASCADE Model'),'2;1');
FILE_NAME('Open CASCADE Shape Model','2026-09-09T07:51:04',('Author'),(
    'Open CASCADE'),'Open CASCADE STEP processor 7.9','Open CASCADE 7.9'
  ,'Unknown');
FILE_SCHEMA(('AUTOMOTIVE_DESIGN { 1 0 10303 214 1 1 1 1 }'));
ENDSEC;
DATA;
#1 = APPLICATION_PROTOCOL_DEFINITION('international standard',
  'automotive_design',2000,#2);
#2 = APPLICATION_CONTEXT(
  'core data for automotive mechanical design processes');
#3 = SHAPE_DEFINITION_REPRESENTATION(#4,#10);
#4 = PRODUCT_DEFINITION_SHAPE('','',#5);
#5 = PRODUCT_DEFINITION('design','',#6,#9);
#6 = PRODUCT_DEFINITION_FORMATION('','',#7);
#7 = PRODUCT('Open CASCADE STEP translator 7.9 6',
  'Open CASCADE STEP translator 7.9 6','',(#8));
#8 = PRODUCT_CONTEXT('',#2,'mechanical');
#9 = PRODUCT_DEFINITION_CONTEXT('part definition',#2,'design');
#10 = ADVANCED_BREP_SHAPE_REPRESENTATION('',(#11,#15),#13771);
#11 = AXIS2_PLACEMENT_3D('',#12,#13,#14);
#12 = CARTESIAN_POINT('',(0.,0.,0.));
#13 = DIRECTION('',(0.,0.,1.));
#14 = DIRECTION('',(1.,0.,-0.));
#15 = MANIFOLD_SOLID_BREP('',#16);
#16 = CLOSED_SHELL('',(#17,#1104,#1885,#3782,#6485,#7508,#8201,#8895,
    #9380,#9387,#9422,#9648,#9874,#10258,#10262,#10292,#10299,#10677,
    #10867,#11081,#11085,#11120,#11346,#11572,#11607,#11815,#12023,
    #12058,#12293,#12528,#12803,#12833,#13176,#13182,#13335,#13498,
    #13589,#13636,#13709,#13736,#13763));
#17 = ADVANCED_FACE('',(#18),#33,.T.);
#18 = FACE_BOUND('',#19,.T.);
#19 = EDGE_LOOP('',(#20,#51,#52,#157,#255,#423,#584,#740,#824,#957,#1041
    ));
#20 = ORIENTED_EDGE('',*,*,#21,.F.);
#21 = EDGE_CURVE('',#22,#24,#26,.T.);
#22 = VERTEX_POINT('',#23);
#23 = CARTESIAN_POINT('',(1.285879139105E-15,0.,-21.));
#24 = VERTEX_POINT('',#25);
#25 = CARTESIAN_POINT('',(5.602991711466,0.,-20.23873721063));
#26 = SEAM_CURVE('',#27,(#32,#44),.PCURVE_S1.);
#27 = CIRCLE('',#28,21.);
#28 = AXIS2_PLACEMENT_3D('',#29,#30,#31);
#29 = CARTESIAN_POINT('',(0.,0.,0.));
#30 = DIRECTION('',(-2.449293598295E-16,-1.,0.));
#31 = DIRECTION('',(1.,-2.449293598295E-16,0.));
#32 = PCURVE('',#33,#38);
#33 = SPHERICAL_SURFACE('',#34,21.);
#34 = AXIS2_PLACEMENT_3D('',#35,#36,#37);
#35 = CARTESIAN_POINT('',(0.,0.,0.));
#36 = DIRECTION('',(0.,0.,1.));
#37 = DIRECTION('',(1.,0.,-0.));
#38 = DEFINITIONAL_REPRESENTATION('',(#39),#43);
#39 = LINE('',#40,#41);
#40 = CARTESIAN_POINT('',(0.,-6.28318530718));
#41 = VECTOR('',#42,1.);
#42 = DIRECTION('',(0.,1.));
#43 = ( GEOMETRIC_REPRESENTATION_CONTEXT(2) 
PARAMETRIC_REPRESENTATION_CONTEXT() REPRESENTATION_CONTEXT('2D SPACE',''
  ) );
#44 = PCURVE('',#33,#45);
#45 = DEFINITIONAL_REPRESENTATION('',(#46),#50);
#46 = LINE('',#47,#48);
#47 = CARTESIAN_POINT('',(6.28318530718,-6.28318530718));
#48 = VECTOR('',#49,1.);
#49 = DIRECTION('',(0.,1.));
#50 = ( GEOMETRIC_REPRESENTATION_CONTEXT(2) 
PARAMETRIC_REPRESENTATION_CONTEXT() REPRESENTATION_CONTEXT('2D SPACE',''
  ) );
#51 = ORIENTED_EDGE('',*,*,#21,.T.);
#52 = ORIENTED_EDGE('',*,*,#53,.F.);
#53 = EDGE_CURVE('',#54,#24,#56,.T.);
#54 = VERTEX_POINT('',#55);
#55 = CARTESIAN_POINT('',(14.663362760714,-12.64746656646,8.125723475348
    ));
#56 = SURFACE_CURVE('',#57,(#62,#145),.PCURVE_S1.);
#57 = CIRCLE('',#58,16.5);
#58 = AXIS2_PLACEMENT_3D('',#59,#60,#61);
#59 = CARTESIAN_POINT('',(11.40016470513,-3.454595365191,-5.181893047787
    ));
#60 = DIRECTION('',(0.877585088175,-0.265934875205,-0.398902312807));
#61 = DIRECTION('',(0.413802944301,-1.387778780781E-17,0.910366477463));
#62 = PCURVE('',#33,#63);
#63 = DEFINITIONAL_REPRESENTATION('',(#64),#144);
#64 = B_SPLINE_CURVE_WITH_KNOTS('',8,(#65,#66,#67,#68,#69,#70,#71,#72,
    #73,#74,#75,#76,#77,#78,#79,#80,#81,#82,#83,#84,#85,#86,#87,#88,#89,
    #90,#91,#92,#93,#94,#95,#96,#97,#98,#99,#100,#101,#102,#103,#104,
    #105,#106,#107,#108,#109,#110,#111,#112,#113,#114,#115,#116,#117,
    #118,#119,#120,#121,#122,#123,#124,#125,#126,#127,#128,#129,#130,
    #131,#132,#133,#134,#135,#136,#137,#138,#139,#140,#141,#142,#143),
  .UNSPECIFIED.,.F.,.F.,(9,7,7,7,7,7,7,7,7,7,7,9),(0.,0.42006596318,
    1.155181398746,1.70651797542,2.120020407926,2.430147232305,
    2.66274235059,2.837188689303,2.968023443338,3.164275574391,
    3.262401639917,3.360527705443),.UNSPECIFIED.);
#65 = CARTESIAN_POINT('',(6.095884493185,0.487627391187));
#66 = CARTESIAN_POINT('',(6.049548762327,0.492766413867));
#67 = CARTESIAN_POINT('',(6.002708464173,0.495370213794));
#68 = CARTESIAN_POINT('',(5.955644652628,0.495389858209));
#69 = CARTESIAN_POINT('',(5.908664412725,0.492808436294));
#70 = CARTESIAN_POINT('',(5.862079898225,0.487646887974));
#71 = CARTESIAN_POINT('',(5.816180774433,0.479962244767));
#72 = CARTESIAN_POINT('',(5.771212611679,0.469840850814));
#73 = CARTESIAN_POINT('',(5.650655810486,0.435598624646));
#74 = CARTESIAN_POINT('',(5.577396383063,0.406671594342));
#75 = CARTESIAN_POINT('',(5.508656911734,0.37117825352));
#76 = CARTESIAN_POINT('',(5.445052800707,0.329882639657));
#77 = CARTESIAN_POINT('',(5.386639804241,0.283591950304));
#78 = CARTESIAN_POINT('',(5.333245637531,0.233018605777));
#79 = CARTESIAN_POINT('',(5.284596172786,0.178790109781));
#80 = CARTESIAN_POINT('',(5.207264429043,7.843386231505E-02));
#81 = CARTESIAN_POINT('',(5.176630944207,3.367023204495E-02));
#82 = CARTESIAN_POINT('',(5.148385991836,-1.262028759271E-02));
#83 = CARTESIAN_POINT('',(5.122405796251,-6.023866866746E-02));
#84 = CARTESIAN_POINT('',(5.098583737292,-0.109011748688));
#85 = CARTESIAN_POINT('',(5.07684013078,-0.15878780324));
#86 = CARTESIAN_POINT('',(5.057129881805,-0.209431198112));
#87 = CARTESIAN_POINT('',(5.026202121312,-0.299357402354));
#88 = CARTESIAN_POINT('',(5.014093309138,-0.338315143385));
#89 = CARTESIAN_POINT('',(5.003132142786,-0.377638340845));
#90 = CARTESIAN_POINT('',(4.993335643058,-0.417278066063));
#91 = CARTESIAN_POINT('',(4.984740235518,-0.457187574934));
#92 = CARTESIAN_POINT('',(4.97740591084,-0.497321044992));
#93 = CARTESIAN_POINT('',(4.971424610564,-0.537631793341));
#94 = CARTESIAN_POINT('',(4.963571276011,-0.608397516928));
#95 = CARTESIAN_POINT('',(4.961045755763,-0.6387970141));
#96 = CARTESIAN_POINT('',(4.95941984183,-0.669246534566));
#97 = CARTESIAN_POINT('',(4.958768288416,-0.699723592824));
#98 = CARTESIAN_POINT('',(4.959185858003,-0.730203691658));
#99 = CARTESIAN_POINT('',(4.960792855655,-0.760659434003));
#100 = CARTESIAN_POINT('',(4.963745106823,-0.791058906737));
#101 = CARTESIAN_POINT('',(4.971632088788,-0.844090481313));
#102 = CARTESIAN_POINT('',(4.975886720208,-0.866764445577));
#103 = CARTESIAN_POINT('',(4.981104028216,-0.889367968684));
#104 = CARTESIAN_POINT('',(4.987389623652,-0.911881908551));
#105 = CARTESIAN_POINT('',(4.994870113018,-0.934284107433));
#106 = CARTESIAN_POINT('',(5.003699617631,-0.956548226504));
#107 = CARTESIAN_POINT('',(5.014069246809,-0.978641876315));
#108 = CARTESIAN_POINT('',(5.035332233793,-1.016935668293));
#109 = CARTESIAN_POINT('',(5.045446532027,-1.033228322587));
#110 = CARTESIAN_POINT('',(5.056664149355,-1.04938469188));
#111 = CARTESIAN_POINT('',(5.06910207153,-1.06538461748));
#112 = CARTESIAN_POINT('',(5.08289651216,-1.081204484655));
#113 = CARTESIAN_POINT('',(5.098206579069,-1.096816202265));
#114 = CARTESIAN_POINT('',(5.11521763538,-1.112185773522));
#115 = CARTESIAN_POINT('',(5.148339395252,-1.138585721159));
#116 = CARTESIAN_POINT('',(5.163611966886,-1.149740295647));
#117 = CARTESIAN_POINT('',(5.180052487467,-1.160717568596));
#118 = CARTESIAN_POINT('',(5.197760449246,-1.171497451433));
#119 = CARTESIAN_POINT('',(5.216844389164,-1.182056962182));
#120 = CARTESIAN_POINT('',(5.237421696498,-1.192369643427));
#121 = CARTESIAN_POINT('',(5.259615918426,-1.202404985056));
#122 = CARTESIAN_POINT('',(5.319449180842,-1.226712574971));
#123 = CARTESIAN_POINT('',(5.359262136915,-1.240594428901));
#124 = CARTESIAN_POINT('',(5.403399681691,-1.253655704877));
#125 = CARTESIAN_POINT('',(5.452269628273,-1.265755441314));
#126 = CARTESIAN_POINT('',(5.506201213888,-1.276729269991));
#127 = CARTESIAN_POINT('',(5.565368245455,-1.286384801406));
#128 = CARTESIAN_POINT('',(5.629436085062,-1.294524891139));
#129 = CARTESIAN_POINT('',(5.731626771483,-1.30421859175));
#130 = CARTESIAN_POINT('',(5.766705177809,-1.307030415271));
#131 = CARTESIAN_POINT('',(5.80269316116,-1.309402540236));
#132 = CARTESIAN_POINT('',(5.839454208903,-1.311316806459));
#133 = CARTESIAN_POINT('',(5.876819375167,-1.312758337796));
#134 = CARTESIAN_POINT('',(5.914594044728,-1.313716751588));
#135 = CARTESIAN_POINT('',(5.952569884668,-1.314186958866));
#136 = CARTESIAN_POINT('',(6.028508555215,-1.314151225691));
#137 = CARTESIAN_POINT('',(6.066471356368,-1.313645285269));
#138 = CARTESIAN_POINT('',(6.104219949167,-1.312651412197));
#139 = CARTESIAN_POINT('',(6.141546553607,-1.31117497007));
#140 = CARTESIAN_POINT('',(6.178257673279,-1.309226592796));
#141 = CARTESIAN_POINT('',(6.214185868179,-1.306821365497));
#142 = CARTESIAN_POINT('',(6.249196283538,-1.303977605805));
#143 = CARTESIAN_POINT('',(6.283185307179,-1.300715712931));
#144 = ( GEOMETRIC_REPRESENTATION_CONTEXT(2) 
PARAMETRIC_REPRESENTATION_CONTEXT() REPRESENTATION_CONTEXT('2D SPACE',''
  ) );
#145 = PCURVE('',#146,#151);
#146 = CYLINDRICAL_SURFACE('',#147,16.5);
#147 = AXIS2_PLACEMENT_3D('',#148,#149,#150);
#148 = CARTESIAN_POINT('',(0.,0.,0.));
#149 = DIRECTION('',(0.877585088175,-0.265934875205,-0.398902312807));
#150 = DIRECTION('',(0.413802944301,-1.387778780781E-17,0.910366477463)
  );
#151 = DEFINITIONAL_REPRESENTATION('',(#152),#156);
#152 = LINE('',#153,#154);
#153 = CARTESIAN_POINT('',(0.,12.990381056767));
#154 = VECTOR('',#155,1.);
#155 = DIRECTION('',(1.,0.));
#156 = ( GEOMETRIC_REPRESENTATION_CONTEXT(2) 
PARAMETRIC_REPRESENTATION_CONTEXT() REPRESENTATION_CONTEXT('2D SPACE',''
  ) );
#157 = ORIENTED_EDGE('',*,*,#158,.F.);
#158 = EDGE_CURVE('',#159,#54,#161,.T.);
#159 = VERTEX_POINT('',#160);
#160 = CARTESIAN_POINT('',(-1.507947111636,-15.02444799742,
    14.594247424287));
#161 = SURFACE_CURVE('',#162,(#167,#243),.PCURVE_S1.);
#162 = CIRCLE('',#163,16.5);
#163 = AXIS2_PLACEMENT_3D('',#164,#165,#166);
#164 = CARTESIAN_POINT('',(4.82450640677,0.,12.061266016925));
#165 = DIRECTION('',(0.371390676354,0.,0.928476690885));
#166 = DIRECTION('',(-0.928476690885,0.,0.371390676354));
#167 = PCURVE('',#33,#168);
#168 = DEFINITIONAL_REPRESENTATION('',(#169),#242);
#169 = B_SPLINE_CURVE_WITH_KNOTS('',8,(#170,#171,#172,#173,#174,#175,
    #176,#177,#178,#179,#180,#181,#182,#183,#184,#185,#186,#187,#188,
    #189,#190,#191,#192,#193,#194,#195,#196,#197,#198,#199,#200,#201,
    #202,#203,#204,#205,#206,#207,#208,#209,#210,#211,#212,#213,#214,
    #215,#216,#217,#218,#219,#220,#221,#222,#223,#224,#225,#226,#227,
    #228,#229,#230,#231,#232,#233,#234,#235,#236,#237,#238,#239,#240,
    #241),.UNSPECIFIED.,.F.,.F.,(9,7,7,7,7,7,7,7,7,7,9),(3.14159265359,
    3.926990816987,4.61421420996,5.215534678811,5.741690089056,
    6.20207607302,6.604913808989,6.957396827961,7.574242111163,
    8.499510035966,9.424777960769),.UNSPECIFIED.);
#170 = CARTESIAN_POINT('',(0.,0.286439967391));
#171 = CARTESIAN_POINT('',(8.041371195772E-02,0.286439967391));
#172 = CARTESIAN_POINT('',(0.160827405925,0.289790807889));
#173 = CARTESIAN_POINT('',(0.241169989333,0.296492444479));
#174 = CARTESIAN_POINT('',(0.321369903876,0.306494639891));
#175 = CARTESIAN_POINT('',(0.401376519995,0.319696362686));
#176 = CARTESIAN_POINT('',(0.481178464935,0.335951845691));
#177 = CARTESIAN_POINT('',(0.560817867349,0.355078894362));
#178 = CARTESIAN_POINT('',(0.710033431259,0.395927908558));
#179 = CARTESIAN_POINT('',(0.779623151059,0.417026645561));
#180 = CARTESIAN_POINT('',(0.849238906573,0.440018889691));
#181 = CARTESIAN_POINT('',(0.918988060862,0.464744464308));
#182 = CARTESIAN_POINT('',(0.989020264177,0.491028440975));
#183 = CARTESIAN_POINT('',(1.059532418737,0.518682911967));
#184 = CARTESIAN_POINT('',(1.130775399133,0.547506000028));
#185 = CARTESIAN_POINT('',(1.266317442729,0.60332594692));
#186 = CARTESIAN_POINT('',(1.330371360884,0.630100718149));
#187 = CARTESIAN_POINT('',(1.395437149406,0.657452891606));
#188 = CARTESIAN_POINT('',(1.461764398313,0.685223025903));
#189 = CARTESIAN_POINT('',(1.529643430393,0.713237982591));
#190 = CARTESIAN_POINT('',(1.599414704314,0.741305956269));
#191 = CARTESIAN_POINT('',(1.671471889164,0.769209407985));
#192 = CARTESIAN_POINT('',(1.811671335738,0.820747628571));
#193 = CARTESIAN_POINT('',(1.879177051088,0.84447999627));
#194 = CARTESIAN_POINT('',(1.949049696279,0.86772486758));
#195 = CARTESIAN_POINT('',(2.021598214069,0.890293520379));
#196 = CARTESIAN_POINT('',(2.097138437637,0.911973304174));
#197 = CARTESIAN_POINT('',(2.175975947137,0.932523820839));
#198 = CARTESIAN_POINT('',(2.258333023965,0.951676363119));
#199 = CARTESIAN_POINT('',(2.419434254988,0.984445553859));
#200 = CARTESIAN_POINT('',(2.497343170097,0.998454931691));
#201 = CARTESIAN_POINT('',(2.578010439867,1.010995351155));
#202 = CARTESIAN_POINT('',(2.661360258127,1.021875543755));
#203 = CARTESIAN_POINT('',(2.747172914987,1.030908389852));
#204 = CARTESIAN_POINT('',(2.835017400968,1.037928868389));
#205 = CARTESIAN_POINT('',(2.924285436216,1.042823051292));
#206 = CARTESIAN_POINT('',(3.093056316166,1.047910568253));
#207 = CARTESIAN_POINT('',(3.172384974883,1.048615037466));
#208 = CARTESIAN_POINT('',(3.251826336682,1.047613312926));
#209 = CARTESIAN_POINT('',(3.330881323345,1.044903735686));
#210 = CARTESIAN_POINT('',(3.409055107491,1.040524769118));
#211 = CARTESIAN_POINT('',(3.48593517584,1.034551472561));
#212 = CARTESIAN_POINT('',(3.561213500998,1.027082410523));
#213 = CARTESIAN_POINT('',(3.698966047359,1.01048448009));
#214 = CARTESIAN_POINT('',(3.761864576794,1.001679793174));
#215 = CARTESIAN_POINT('',(3.823237336284,0.991891506633));
#216 = CARTESIAN_POINT('',(3.883003337146,0.981203258082));
#217 = CARTESIAN_POINT('',(3.941137178541,0.969701425237));
#218 = CARTESIAN_POINT('',(3.997656033982,0.957471178024));
#219 = CARTESIAN_POINT('',(4.052604821633,0.944594115029));
#220 = CARTESIAN_POINT('',(4.1995723369,0.907615938775));
#221 = CARTESIAN_POINT('',(4.288484774296,0.882340069906));
#222 = CARTESIAN_POINT('',(4.373127300313,0.855734283764));
#223 = CARTESIAN_POINT('',(4.454018176161,0.828170064628));
#224 = CARTESIAN_POINT('',(4.531683707668,0.799964554518));
#225 = CARTESIAN_POINT('',(4.606602691974,0.77138976164));
#226 = CARTESIAN_POINT('',(4.679204964943,0.742686949019));
#227 = CARTESIAN_POINT('',(4.855857353532,0.671146410116));
#228 = CARTESIAN_POINT('',(4.957480881059,0.628417036809));
#229 = CARTESIAN_POINT('',(5.056005275819,0.586608098422));
#230 = CARTESIAN_POINT('',(5.152429060126,0.546316208058));
#231 = CARTESIAN_POINT('',(5.247493593939,0.508068283255));
#232 = CARTESIAN_POINT('',(5.341767008219,0.472347219961));
#233 = CARTESIAN_POINT('',(5.435652490096,0.439593430392));
#234 = CARTESIAN_POINT('',(5.62318605012,0.380798234411));
#235 = CARTESIAN_POINT('',(5.716834151269,0.354756834589));
#236 = CARTESIAN_POINT('',(5.81063197995,0.33246048108));
#237 = CARTESIAN_POINT('',(5.904713789635,0.31424661307));
#238 = CARTESIAN_POINT('',(5.999098274252,0.300391671973));
#239 = CARTESIAN_POINT('',(6.093716562837,0.291090575079));
#240 = CARTESIAN_POINT('',(6.188450901299,0.286439967391));
#241 = CARTESIAN_POINT('',(6.28318530718,0.286439967391));
#242 = ( GEOMETRIC_REPRESENTATION_CONTEXT(2) 
PARAMETRIC_REPRESENTATION_CONTEXT() REPRESENTATION_CONTEXT('2D SPACE',''
  ) );
#243 = PCURVE('',#244,#249);
#244 = CYLINDRICAL_SURFACE('',#245,16.5);
#245 = AXIS2_PLACEMENT_3D('',#246,#247,#248);
#246 = CARTESIAN_POINT('',(0.,0.,0.));
#247 = DIRECTION('',(0.371390676354,0.,0.928476690885));
#248 = DIRECTION('',(0.928476690885,0.,-0.371390676354));
#249 = DEFINITIONAL_REPRESENTATION('',(#250),#254);
#250 = LINE('',#251,#252);
#251 = CARTESIAN_POINT('',(-3.14159265359,12.990381056767));
#252 = VECTOR('',#253,1.);
#253 = DIRECTION('',(1.,0.));
#254 = ( GEOMETRIC_REPRESENTATION_CONTEXT(2) 
PARAMETRIC_REPRESENTATION_CONTEXT() REPRESENTATION_CONTEXT('2D SPACE',''
  ) );
#255 = ORIENTED_EDGE('',*,*,#256,.F.);
#256 = EDGE_CURVE('',#257,#159,#259,.T.);
#257 = VERTEX_POINT('',#258);
#258 = CARTESIAN_POINT('',(-11.70397130579,-16.86481591218,
    4.426628504997));
#259 = SURFACE_CURVE('',#260,(#265,#411),.PCURVE_S1.);
#260 = CIRCLE('',#261,16.5);
#261 = AXIS2_PLACEMENT_3D('',#262,#263,#264);
#262 = CARTESIAN_POINT('',(-9.004363032217,-1.32417103415,9.269197239047
    ));
#263 = DIRECTION('',(-0.693156189404,-0.101934733736,0.713543136151));
#264 = DIRECTION('',(-0.717279380859,-6.938893903907E-18,-0.696785684263
    ));
#265 = PCURVE('',#33,#266);
#266 = DEFINITIONAL_REPRESENTATION('',(#267),#410);
#267 = B_SPLINE_CURVE_WITH_KNOTS('',8,(#268,#269,#270,#271,#272,#273,
    #274,#275,#276,#277,#278,#279,#280,#281,#282,#283,#284,#285,#286,
    #287,#288,#289,#290,#291,#292,#293,#294,#295,#296,#297,#298,#299,
    #300,#301,#302,#303,#304,#305,#306,#307,#308,#309,#310,#311,#312,
    #313,#314,#315,#316,#317,#318,#319,#320,#321,#322,#323,#324,#325,
    #326,#327,#328,#329,#330,#331,#332,#333,#334,#335,#336,#337,#338,
    #339,#340,#341,#342,#343,#344,#345,#346,#347,#348,#349,#350,#351,
    #352,#353,#354,#355,#356,#357,#358,#359,#360,#361,#362,#363,#364,
    #365,#366,#367,#368,#369,#370,#371,#372,#373,#374,#375,#376,#377,
    #378,#379,#380,#381,#382,#383,#384,#385,#386,#387,#388,#389,#390,
    #391,#392,#393,#394,#395,#396,#397,#398,#399,#400,#401,#402,#403,
    #404,#405,#406,#407,#408,#409),.UNSPECIFIED.,.F.,.F.,(9,7,7,7,7,7,7,
    7,7,7,7,7,7,7,7,7,7,7,7,7,9),(3.222353424487,3.319266307866,
    3.414664927443,3.508572943589,3.693454350375,3.8725582132,
    4.219571947423,4.870222699092,5.439542106801,5.937696588547,
    6.373581760075,7.136380810249,7.708480097879,8.137554563601,
    8.459360412893,8.700714799862,8.881730590089,9.153254275429,
    9.289016118099,9.356897039434,9.424777960769),.UNSPECIFIED.);
#268 = CARTESIAN_POINT('',(0.,1.441981919712));
#269 = CARTESIAN_POINT('',(7.34695703389E-02,1.443216768333));
#270 = CARTESIAN_POINT('',(0.148457820641,1.443746557112));
#271 = CARTESIAN_POINT('',(0.22401050166,1.443544182769));
#272 = CARTESIAN_POINT('',(0.298995937727,1.442602305341));
#273 = CARTESIAN_POINT('',(0.372230861788,1.440940507345));
#274 = CARTESIAN_POINT('',(0.442843284143,1.438602643571));
#275 = CARTESIAN_POINT('',(0.510278242071,1.435642605856));
#276 = CARTESIAN_POINT('',(0.637202028745,1.428648832618));
#277 = CARTESIAN_POINT('',(0.696798605775,1.424632591064));
#278 = CARTESIAN_POINT('',(0.75274737118,1.420124509856));
#279 = CARTESIAN_POINT('',(0.805010916668,1.415183064988));
#280 = CARTESIAN_POINT('',(0.85373997093,1.409862910117));
#281 = CARTESIAN_POINT('',(0.89915506061,1.404211967717));
#282 = CARTESIAN_POINT('',(0.941509288107,1.398271861967));
#283 = CARTESIAN_POINT('',(1.019988562377,1.38598155047));
#284 = CARTESIAN_POINT('',(1.056200601949,1.37963920253));
#285 = CARTESIAN_POINT('',(1.089937817153,1.373085372919));
#286 = CARTESIAN_POINT('',(1.121446526193,1.366348631153));
#287 = CARTESIAN_POINT('',(1.150953196442,1.359452708202));
#288 = CARTESIAN_POINT('',(1.178659411081,1.352417416714));
#289 = CARTESIAN_POINT('',(1.204744510318,1.345259514123));
#290 = CARTESIAN_POINT('',(1.277840287334,1.32368770598));
#291 = CARTESIAN_POINT('',(1.320642384968,1.308962075316));
#292 = CARTESIAN_POINT('',(1.358977807488,1.29392490619));
#293 = CARTESIAN_POINT('',(1.393732008408,1.278647054488));
#294 = CARTESIAN_POINT('',(1.42554582206,1.263179535489));
#295 = CARTESIAN_POINT('',(1.454916232451,1.247560593657));
#296 = CARTESIAN_POINT('',(1.482227179042,1.231819897211));
#297 = CARTESIAN_POINT('',(1.532545260131,1.200637194036));
#298 = CARTESIAN_POINT('',(1.55566019092,1.185201226166));
#299 = CARTESIAN_POINT('',(1.577409011759,1.169694622927));
#300 = CARTESIAN_POINT('',(1.598001300043,1.154133552704));
#301 = CARTESIAN_POINT('',(1.617601923693,1.138530935444));
#302 = CARTESIAN_POINT('',(1.636344401038,1.122897479844));
#303 = CARTESIAN_POINT('',(1.654338200812,1.107242199953));
#304 = CARTESIAN_POINT('',(1.705264829799,1.061213629299));
#305 = CARTESIAN_POINT('',(1.736388126144,1.030801724703));
#306 = CARTESIAN_POINT('',(1.765710417653,1.000393872574));
#307 = CARTESIAN_POINT('',(1.793643585896,0.970029432759));
#308 = CARTESIAN_POINT('',(1.820491748346,0.939741140059));
#309 = CARTESIAN_POINT('',(1.846480465147,0.909556987539));
#310 = CARTESIAN_POINT('',(1.871788626689,0.879502595672));
#311 = CARTESIAN_POINT('',(1.943005843921,0.793538437718));
#312 = CARTESIAN_POINT('',(1.987564291682,0.738015625791));
#313 = CARTESIAN_POINT('',(2.031181799009,0.683192164483));
#314 = CARTESIAN_POINT('',(2.074384784484,0.629208540425));
#315 = CARTESIAN_POINT('',(2.117591013127,0.576210208964));
#316 = CARTESIAN_POINT('',(2.16111521152,0.52435004672));
#317 = CARTESIAN_POINT('',(2.20522916698,0.47379505514));
#318 = CARTESIAN_POINT('',(2.289475259376,0.381793776481));
#319 = CARTESIAN_POINT('',(2.329415905226,0.339998828026));
#320 = CARTESIAN_POINT('',(2.370135222421,0.299465128232));
#321 = CARTESIAN_POINT('',(2.411762240079,0.260324176492));
#322 = CARTESIAN_POINT('',(2.454407918975,0.222717766467));
#323 = CARTESIAN_POINT('',(2.498164080355,0.186798223799));
#324 = CARTESIAN_POINT('',(2.543098225232,0.152726834427));
#325 = CARTESIAN_POINT('',(2.629627134679,9.261929177699E-02));
#326 = CARTESIAN_POINT('',(2.670937224876,6.611109648644E-02));
#327 = CARTESIAN_POINT('',(2.71320178749,4.125603502752E-02));
#328 = CARTESIAN_POINT('',(2.756427244393,1.81678707633E-02));
#329 = CARTESIAN_POINT('',(2.800598667108,-3.039057079236E-03));
#330 = CARTESIAN_POINT('',(2.845675817707,-2.225357730353E-02));
#331 = CARTESIAN_POINT('',(2.891590974307,-3.937244383032E-02));
#332 = CARTESIAN_POINT('',(2.979078621205,-6.73717745652E-02));
#333 = CARTESIAN_POINT('',(3.020476501275,-7.87645375769E-02));
#334 = CARTESIAN_POINT('',(3.062382418681,-8.842332987676E-02));
#335 = CARTESIAN_POINT('',(3.104719010349,-9.629511715742E-02));
#336 = CARTESIAN_POINT('',(3.147395210568,-0.102337188164));
#337 = CARTESIAN_POINT('',(3.190309179005,-0.106519299072));
#338 = CARTESIAN_POINT('',(3.233352770462,-0.108824984273));
#339 = CARTESIAN_POINT('',(3.351780904229,-0.109999369784));
#340 = CARTESIAN_POINT('',(3.427209053088,-0.104993320018));
#341 = CARTESIAN_POINT('',(3.502120204177,-9.422179124607E-02));
#342 = CARTESIAN_POINT('',(3.575925986988,-7.780378218473E-02));
#343 = CARTESIAN_POINT('',(3.648117069744,-5.599464465712E-02));
#344 = CARTESIAN_POINT('',(3.718353312548,-2.914346739545E-02));
#345 = CARTESIAN_POINT('',(3.78644428847,2.3593898316E-03));
#346 = CARTESIAN_POINT('',(3.901742248778,6.492523985052E-02));
#347 = CARTESIAN_POINT('',(3.949914542021,9.412927577091E-02));
#348 = CARTESIAN_POINT('',(3.996819803979,0.125553625484));
#349 = CARTESIAN_POINT('',(4.042472917074,0.159024752053));
#350 = CARTESIAN_POINT('',(4.086923232782,0.19437308811));
#351 = CARTESIAN_POINT('',(4.130246720069,0.231437347779));
#352 = CARTESIAN_POINT('',(4.172540214528,0.2700662869));
#353 = CARTESIAN_POINT('',(4.244957278875,0.340158128907));
#354 = CARTESIAN_POINT('',(4.275480008045,0.370998233922));
#355 = CARTESIAN_POINT('',(4.305539097169,0.402579540396));
#356 = CARTESIAN_POINT('',(4.335190918476,0.434845729933));
#357 = CARTESIAN_POINT('',(4.364498062053,0.46774370853));
#358 = CARTESIAN_POINT('',(4.393530295515,0.501223405121));
#359 = CARTESIAN_POINT('',(4.422367122203,0.535237368565));
#360 = CARTESIAN_POINT('',(4.472653049678,0.595617258965));
#361 = CARTESIAN_POINT('',(4.494146824187,0.621769320726));
#362 = CARTESIAN_POINT('',(4.515622599757,0.648177188556));
#363 = CARTESIAN_POINT('',(4.537124589286,0.674822318475));
#364 = CARTESIAN_POINT('',(4.558702489764,0.701686674703));
#365 = CARTESIAN_POINT('',(4.58041349389,0.728752528691));
#366 = CARTESIAN_POINT('',(4.602325703786,0.756002164824));
#367 = CARTESIAN_POINT('',(4.64117087906,0.803978988736));
#368 = CARTESIAN_POINT('',(4.657979185388,0.824633683399));
#369 = CARTESIAN_POINT('',(4.674983183183,0.845373948601));
#370 = CARTESIAN_POINT('',(4.692223626985,0.866192005695));
#371 = CARTESIAN_POINT('',(4.709747534516,0.887079856907));
#372 = CARTESIAN_POINT('',(4.727610341242,0.908029125344));
#373 = CARTESIAN_POINT('',(4.745879383457,0.929030803631));
#374 = CARTESIAN_POINT('',(4.7787082047,0.965857991865));
#375 = CARTESIAN_POINT('',(4.793053519618,0.981664936387));
#376 = CARTESIAN_POINT('',(4.807710085679,0.997491536608));
#377 = CARTESIAN_POINT('',(4.822718995379,1.013333248536));
#378 = CARTESIAN_POINT('',(4.838127926756,1.029185128604));
#379 = CARTESIAN_POINT('',(4.853993180695,1.045041688312));
#380 = CARTESIAN_POINT('',(4.870382831434,1.060896667244));
#381 = CARTESIAN_POINT('',(4.91287822855,1.100511810258));
#382 = CARTESIAN_POINT('',(4.939744674362,1.124260813236));
#383 = CARTESIAN_POINT('',(4.968264431665,1.14796497406));
#384 = CARTESIAN_POINT('',(4.998805179621,1.171593705943));
#385 = CARTESIAN_POINT('',(5.031852483928,1.195108747738));
#386 = CARTESIAN_POINT('',(5.068082664883,1.218457232958));
#387 = CARTESIAN_POINT('',(5.108461727894,1.241566801712));
#388 = CARTESIAN_POINT('',(5.177689339376,1.275682003499));
#389 = CARTESIAN_POINT('',(5.202208434438,1.286962210669));
#390 = CARTESIAN_POINT('',(5.228373391102,1.298134985033));
#391 = CARTESIAN_POINT('',(5.256429243051,1.309180977996));
#392 = CARTESIAN_POINT('',(5.286671437697,1.320076230181));
#393 = CARTESIAN_POINT('',(5.319465323341,1.330790511686));
#394 = CARTESIAN_POINT('',(5.355266283444,1.341284516418));
#395 = CARTESIAN_POINT('',(5.41431140091,1.356615626031));
#396 = CARTESIAN_POINT('',(5.434883674561,1.361657680667));
#397 = CARTESIAN_POINT('',(5.45641600685,1.366624792815));
#398 = CARTESIAN_POINT('',(5.478983654213,1.371509492192));
#399 = CARTESIAN_POINT('',(5.502668392231,1.376303304992));
#400 = CARTESIAN_POINT('',(5.527557910759,1.380996592843));
#401 = CARTESIAN_POINT('',(5.553743850681,1.385578391211));
#402 = CARTESIAN_POINT('',(5.608893113872,1.394494103288));
#403 = CARTESIAN_POINT('',(5.637856399808,1.398828023211));
#404 = CARTESIAN_POINT('',(5.668300504785,1.403025535592));
#405 = CARTESIAN_POINT('',(5.700317612211,1.407072763821));
#406 = CARTESIAN_POINT('',(5.733996201128,1.410954176632));
#407 = CARTESIAN_POINT('',(5.769413435821,1.414652578588));
#408 = CARTESIAN_POINT('',(5.8066236681,1.418149340516));
#409 = CARTESIAN_POINT('',(5.845643052245,1.421424869906));
#410 = ( GEOMETRIC_REPRESENTATION_CONTEXT(2) 
PARAMETRIC_REPRESENTATION_CONTEXT() REPRESENTATION_CONTEXT('2D SPACE',''
  ) );
#411 = PCURVE('',#412,#417);
#412 = CYLINDRICAL_SURFACE('',#413,16.5);
#413 = AXIS2_PLACEMENT_3D('',#414,#415,#416);
#414 = CARTESIAN_POINT('',(0.,0.,0.));
#415 = DIRECTION('',(-0.693156189404,-0.101934733736,0.713543136151));
#416 = DIRECTION('',(0.717279380859,6.938893903907E-18,0.696785684263));
#417 = DEFINITIONAL_REPRESENTATION('',(#418),#422);
#418 = LINE('',#419,#420);
#419 = CARTESIAN_POINT('',(-3.14159265359,12.990381056767));
#420 = VECTOR('',#421,1.);
#421 = DIRECTION('',(1.,0.));
#422 = ( GEOMETRIC_REPRESENTATION_CONTEXT(2) 
PARAMETRIC_REPRESENTATION_CONTEXT() REPRESENTATION_CONTEXT('2D SPACE',''
  ) );
#423 = ORIENTED_EDGE('',*,*,#424,.F.);
#424 = EDGE_CURVE('',#425,#257,#427,.T.);
#425 = VERTEX_POINT('',#426);
#426 = CARTESIAN_POINT('',(-4.572416124161,-3.454595365191,
    -20.20293992592));
#427 = SURFACE_CURVE('',#428,(#433,#572),.PCURVE_S1.);
#428 = CIRCLE('',#429,16.5);
#429 = AXIS2_PLACEMENT_3D('',#430,#431,#432);
#430 = CARTESIAN_POINT('',(-11.40016470513,-3.454595365191,
    -5.181893047787));
#431 = DIRECTION('',(-0.877585088175,-0.265934875205,-0.398902312807));
#432 = DIRECTION('',(0.413802944301,1.387778780781E-17,-0.910366477463)
  );
#433 = PCURVE('',#33,#434);
#434 = DEFINITIONAL_REPRESENTATION('',(#435),#571);
#435 = B_SPLINE_CURVE_WITH_KNOTS('',8,(#436,#437,#438,#439,#440,#441,
    #442,#443,#444,#445,#446,#447,#448,#449,#450,#451,#452,#453,#454,
    #455,#456,#457,#458,#459,#460,#461,#462,#463,#464,#465,#466,#467,
    #468,#469,#470,#471,#472,#473,#474,#475,#476,#477,#478,#479,#480,
    #481,#482,#483,#484,#485,#486,#487,#488,#489,#490,#491,#492,#493,
    #494,#495,#496,#497,#498,#499,#500,#501,#502,#503,#504,#505,#506,
    #507,#508,#509,#510,#511,#512,#513,#514,#515,#516,#517,#518,#519,
    #520,#521,#522,#523,#524,#525,#526,#527,#528,#529,#530,#531,#532,
    #533,#534,#535,#536,#537,#538,#539,#540,#541,#542,#543,#544,#545,
    #546,#547,#548,#549,#550,#551,#552,#553,#554,#555,#556,#557,#558,
    #559,#560,#561,#562,#563,#564,#565,#566,#567,#568,#569,#570),
  .UNSPECIFIED.,.F.,.F.,(9,7,7,7,7,7,7,7,7,7,7,7,7,7,7,7,7,7,7,9),(0.,
    0.196349540849,0.386563158547,0.755102042837,1.100607246858,
    1.748429504398,2.315273979746,2.811262895675,3.245253197113,
    3.624994710871,4.289542359949,4.787953096756,5.161761149362,
    5.442117188816,5.652384218407,5.8100844906,5.928359694745,
    6.105772500962,6.194478904071,6.28318530718),.UNSPECIFIED.);
#436 = CARTESIAN_POINT('',(3.788623273358,-1.294398780186));
#437 = CARTESIAN_POINT('',(3.853289444681,-1.286622299659));
#438 = CARTESIAN_POINT('',(3.913409082524,-1.277284956261));
#439 = CARTESIAN_POINT('',(3.968427246,-1.266564228184));
#440 = CARTESIAN_POINT('',(4.018276502145,-1.254656216257));
#441 = CARTESIAN_POINT('',(4.063266870902,-1.24173987373));
#442 = CARTESIAN_POINT('',(4.103789074594,-1.227965642401));
#443 = CARTESIAN_POINT('',(4.140272331388,-1.213460383688));
#444 = CARTESIAN_POINT('',(4.20495276499,-1.183671533646));
#445 = CARTESIAN_POINT('',(4.233373289514,-1.168426433414));
#446 = CARTESIAN_POINT('',(4.258760676431,-1.152690207876));
#447 = CARTESIAN_POINT('',(4.281473058518,-1.136540136544));
#448 = CARTESIAN_POINT('',(4.301823908989,-1.120038401128));
#449 = CARTESIAN_POINT('',(4.320080991425,-1.103235671209));
#450 = CARTESIAN_POINT('',(4.336475909839,-1.086174044132));
#451 = CARTESIAN_POINT('',(4.379746532731,-1.035398344885));
#452 = CARTESIAN_POINT('',(4.402038495122,-1.001068193412));
#453 = CARTESIAN_POINT('',(4.419522800754,-0.96615429361));
#454 = CARTESIAN_POINT('',(4.433175337519,-0.930816682389));
#455 = CARTESIAN_POINT('',(4.443677228908,-0.895171723117));
#456 = CARTESIAN_POINT('',(4.451537638228,-0.859307209564));
#457 = CARTESIAN_POINT('',(4.457137264025,-0.823293425921));
#458 = CARTESIAN_POINT('',(4.464175990875,-0.753340300139));
#459 = CARTESIAN_POINT('',(4.465853228531,-0.719411988948));
#460 = CARTESIAN_POINT('',(4.466043785908,-0.685451619902));
#461 = CARTESIAN_POINT('',(4.464921691761,-0.651498001421));
#462 = CARTESIAN_POINT('',(4.46261763903,-0.617584826371));
#463 = CARTESIAN_POINT('',(4.459231806505,-0.583742755762));
#464 = CARTESIAN_POINT('',(4.454840452954,-0.550000525721));
#465 = CARTESIAN_POINT('',(4.439491790159,-0.453358936746));
#466 = CARTESIAN_POINT('',(4.426151380906,-0.390780979368));
#467 = CARTESIAN_POINT('',(4.409863599245,-0.328836138306));
#468 = CARTESIAN_POINT('',(4.390785999789,-0.267697764155));
#469 = CARTESIAN_POINT('',(4.368963889823,-0.207550223637));
#470 = CARTESIAN_POINT('',(4.344351842881,-0.148597878615));
#471 = CARTESIAN_POINT('',(4.316837266457,-9.107780278388E-02));
#472 = CARTESIAN_POINT('',(4.259511209193,1.356316815788E-02));
#473 = CARTESIAN_POINT('',(4.230416799933,6.108519704791E-02));
#474 = CARTESIAN_POINT('',(4.198874996957,0.107109771445));
#475 = CARTESIAN_POINT('',(4.164755894868,0.15142476485));
#476 = CARTESIAN_POINT('',(4.127916107485,0.193788930133));
#477 = CARTESIAN_POINT('',(4.088217957333,0.233926662872));
#478 = CARTESIAN_POINT('',(4.045561508071,0.271528977138));
#479 = CARTESIAN_POINT('',(3.960010630527,0.336664867063));
#480 = CARTESIAN_POINT('',(3.917812419087,0.364869536247));
#481 = CARTESIAN_POINT('',(3.873331244095,0.39066239838));
#482 = CARTESIAN_POINT('',(3.82660923276,0.413813640217));
#483 = CARTESIAN_POINT('',(3.777761817693,0.434088903653));
#484 = CARTESIAN_POINT('',(3.727005923365,0.451266698946));
#485 = CARTESIAN_POINT('',(3.674669212292,0.465160260821));
#486 = CARTESIAN_POINT('',(3.574331840736,0.48480305533));
#487 = CARTESIAN_POINT('',(3.526606951352,0.491353200414));
#488 = CARTESIAN_POINT('',(3.478252281362,0.495197632609));
#489 = CARTESIAN_POINT('',(3.429584067516,0.496277593221));
#490 = CARTESIAN_POINT('',(3.380949134937,0.494574774758));
#491 = CARTESIAN_POINT('',(3.332692236474,0.490114289643));
#492 = CARTESIAN_POINT('',(3.285123981424,0.482960883025));
#493 = CARTESIAN_POINT('',(3.197718936219,0.464675454398));
#494 = CARTESIAN_POINT('',(3.157658966077,0.45415254911));
#495 = CARTESIAN_POINT('',(3.118504536353,0.441703039574));
#496 = CARTESIAN_POINT('',(3.080404542776,0.427407608989));
#497 = CARTESIAN_POINT('',(3.043472333603,0.411359724722));
#498 = CARTESIAN_POINT('',(3.007786068506,0.393659962697));
#499 = CARTESIAN_POINT('',(2.973393788123,0.374410967056));
#500 = CARTESIAN_POINT('',(2.882439749781,0.317495841979));
#501 = CARTESIAN_POINT('',(2.828596498222,0.276844419414));
#502 = CARTESIAN_POINT('',(2.778919168893,0.232305770808));
#503 = CARTESIAN_POINT('',(2.733310283669,0.184417188696));
#504 = CARTESIAN_POINT('',(2.691550677315,0.133653490019));
#505 = CARTESIAN_POINT('',(2.653407151599,8.042258483687E-02));
#506 = CARTESIAN_POINT('',(2.618660569416,2.507489742999E-02));
#507 = CARTESIAN_POINT('',(2.563500308387,-7.495752774318E-02));
#508 = CARTESIAN_POINT('',(2.541675042658,-0.118848772115));
#509 = CARTESIAN_POINT('',(2.521592625263,-0.163632320069));
#510 = CARTESIAN_POINT('',(2.503195880585,-0.209195250789));
#511 = CARTESIAN_POINT('',(2.486449869489,-0.255436804761));
#512 = CARTESIAN_POINT('',(2.47134651761,-0.302265551908));
#513 = CARTESIAN_POINT('',(2.457912076248,-0.349596227267));
#514 = CARTESIAN_POINT('',(2.437456253124,-0.433158179598));
#515 = CARTESIAN_POINT('',(2.429671254523,-0.469206139044));
#516 = CARTESIAN_POINT('',(2.422900395546,-0.505454793089));
#517 = CARTESIAN_POINT('',(2.417191774804,-0.541869902503));
#518 = CARTESIAN_POINT('',(2.412613878238,-0.57841690876));
#519 = CARTESIAN_POINT('',(2.409260652725,-0.615059893442));
#520 = CARTESIAN_POINT('',(2.407261547008,-0.651759832499));
#521 = CARTESIAN_POINT('',(2.406455693481,-0.716005077764));
#522 = CARTESIAN_POINT('',(2.406975801736,-0.743545296372));
#523 = CARTESIAN_POINT('',(2.408439283796,-0.771072919832));
#524 = CARTESIAN_POINT('',(2.410941432988,-0.798566837004));
#525 = CARTESIAN_POINT('',(2.414600175233,-0.826003053177));
#526 = CARTESIAN_POINT('',(2.419562625847,-0.853353677536));
#527 = CARTESIAN_POINT('',(2.426016288583,-0.880585054873));
#528 = CARTESIAN_POINT('',(2.440352170948,-0.927956214015));
#529 = CARTESIAN_POINT('',(2.447473896326,-0.948166921631));
#530 = CARTESIAN_POINT('',(2.455677649886,-0.968268362094));
#531 = CARTESIAN_POINT('',(2.465086569933,-0.988239404767));
#532 = CARTESIAN_POINT('',(2.475847234384,-1.008055243675));
#533 = CARTESIAN_POINT('',(2.488136124687,-1.027686080688));
#534 = CARTESIAN_POINT('',(2.502167999965,-1.047095085997));
#535 = CARTESIAN_POINT('',(2.53023481743,-1.080591048298));
#536 = CARTESIAN_POINT('',(2.543392000544,-1.09479544714));
#537 = CARTESIAN_POINT('',(2.557788721756,-1.108829141834));
#538 = CARTESIAN_POINT('',(2.573551454164,-1.122669274476));
#539 = CARTESIAN_POINT('',(2.590823736107,-1.136289122629));
#540 = CARTESIAN_POINT('',(2.609769101775,-1.149657087628));
#541 = CARTESIAN_POINT('',(2.630571731148,-1.162735434997));
#542 = CARTESIAN_POINT('',(2.670575786116,-1.185036417465));
#543 = CARTESIAN_POINT('',(2.688877304019,-1.194405590202));
#544 = CARTESIAN_POINT('',(2.708420096832,-1.203567230806));
#545 = CARTESIAN_POINT('',(2.729292774827,-1.212499881564));
#546 = CARTESIAN_POINT('',(2.751587781339,-1.221179308991));
#547 = CARTESIAN_POINT('',(2.775398022028,-1.22957822312));
#548 = CARTESIAN_POINT('',(2.800810548633,-1.237666175107));
#549 = CARTESIAN_POINT('',(2.868527420065,-1.257024820187));
#550 = CARTESIAN_POINT('',(2.912924383396,-1.267864904754));
#551 = CARTESIAN_POINT('',(2.961331008568,-1.277816888365));
#552 = CARTESIAN_POINT('',(3.013908137273,-1.286752344583));
#553 = CARTESIAN_POINT('',(3.070668577271,-1.29453086872));
#554 = CARTESIAN_POINT('',(3.131335119239,-1.301004633331));
#555 = CARTESIAN_POINT('',(3.195194769742,-1.306048683307));
#556 = CARTESIAN_POINT('',(3.29429885808,-1.311346499637));
#557 = CARTESIAN_POINT('',(3.32788596446,-1.3127343936));
#558 = CARTESIAN_POINT('',(3.361902402533,-1.313733934731));
#559 = CARTESIAN_POINT('',(3.396207914596,-1.314337445499));
#560 = CARTESIAN_POINT('',(3.430649074813,-1.314540518157));
#561 = CARTESIAN_POINT('',(3.465067416711,-1.314342375119));
#562 = CARTESIAN_POINT('',(3.499308498795,-1.313745872517));
#563 = CARTESIAN_POINT('',(3.567148961054,-1.311768265552));
#564 = CARTESIAN_POINT('',(3.600748342926,-1.310387167894));
#565 = CARTESIAN_POINT('',(3.633883267772,-1.308619809173));
#566 = CARTESIAN_POINT('',(3.666420905334,-1.306475524239));
#567 = CARTESIAN_POINT('',(3.698246209236,-1.303966404864));
#568 = CARTESIAN_POINT('',(3.729265770721,-1.301106680272));
#569 = CARTESIAN_POINT('',(3.75940851973,-1.297912023015));
#570 = CARTESIAN_POINT('',(3.788623273358,-1.294398780186));
#571 = ( GEOMETRIC_REPRESENTATION_CONTEXT(2) 
PARAMETRIC_REPRESENTATION_CONTEXT() REPRESENTATION_CONTEXT('2D SPACE',''
  ) );
#572 = PCURVE('',#573,#578);
#573 = CYLINDRICAL_SURFACE('',#574,16.5);
#574 = AXIS2_PLACEMENT_3D('',#575,#576,#577);
#575 = CARTESIAN_POINT('',(0.,0.,0.));
#576 = DIRECTION('',(-0.877585088175,-0.265934875205,-0.398902312807));
#577 = DIRECTION('',(0.413802944301,1.387778780781E-17,-0.910366477463)
  );
#578 = DEFINITIONAL_REPRESENTATION('',(#579),#583);
#579 = LINE('',#580,#581);
#580 = CARTESIAN_POINT('',(0.,12.990381056767));
#581 = VECTOR('',#582,1.);
#582 = DIRECTION('',(1.,0.));
#583 = ( GEOMETRIC_REPRESENTATION_CONTEXT(2) 
PARAMETRIC_REPRESENTATION_CONTEXT() REPRESENTATION_CONTEXT('2D SPACE',''
  ) );
#584 = ORIENTED_EDGE('',*,*,#585,.F.);
#585 = EDGE_CURVE('',#586,#425,#588,.T.);
#586 = VERTEX_POINT('',#587);
#587 = CARTESIAN_POINT('',(-14.50076340187,12.323969503496,
    -8.879619160732));
#588 = SURFACE_CURVE('',#589,(#594,#733),.PCURVE_S1.);
#589 = CIRCLE('',#590,16.5);
#590 = AXIS2_PLACEMENT_3D('',#591,#592,#593);
#591 = CARTESIAN_POINT('',(-11.40016470513,-3.454595365191,
    -5.181893047787));
#592 = DIRECTION('',(-0.877585088175,-0.265934875205,-0.398902312807));
#593 = DIRECTION('',(0.413802944301,1.387778780781E-17,-0.910366477463)
  );
#594 = PCURVE('',#33,#595);
#595 = DEFINITIONAL_REPRESENTATION('',(#596),#732);
#596 = B_SPLINE_CURVE_WITH_KNOTS('',8,(#597,#598,#599,#600,#601,#602,
    #603,#604,#605,#606,#607,#608,#609,#610,#611,#612,#613,#614,#615,
    #616,#617,#618,#619,#620,#621,#622,#623,#624,#625,#626,#627,#628,
    #629,#630,#631,#632,#633,#634,#635,#636,#637,#638,#639,#640,#641,
    #642,#643,#644,#645,#646,#647,#648,#649,#650,#651,#652,#653,#654,
    #655,#656,#657,#658,#659,#660,#661,#662,#663,#664,#665,#666,#667,
    #668,#669,#670,#671,#672,#673,#674,#675,#676,#677,#678,#679,#680,
    #681,#682,#683,#684,#685,#686,#687,#688,#689,#690,#691,#692,#693,
    #694,#695,#696,#697,#698,#699,#700,#701,#702,#703,#704,#705,#706,
    #707,#708,#709,#710,#711,#712,#713,#714,#715,#716,#717,#718,#719,
    #720,#721,#722,#723,#724,#725,#726,#727,#728,#729,#730,#731),
  .UNSPECIFIED.,.F.,.F.,(9,7,7,7,7,7,7,7,7,7,7,7,7,7,7,7,7,7,7,9),(0.,
    0.196349540849,0.386563158547,0.755102042837,1.100607246858,
    1.748429504398,2.315273979746,2.811262895675,3.245253197113,
    3.624994710871,4.289542359949,4.787953096756,5.161761149362,
    5.442117188816,5.652384218407,5.8100844906,5.928359694745,
    6.105772500962,6.194478904071,6.28318530718),.UNSPECIFIED.);
#597 = CARTESIAN_POINT('',(3.788623273358,-1.294398780186));
#598 = CARTESIAN_POINT('',(3.853289444681,-1.286622299659));
#599 = CARTESIAN_POINT('',(3.913409082524,-1.277284956261));
#600 = CARTESIAN_POINT('',(3.968427246,-1.266564228184));
#601 = CARTESIAN_POINT('',(4.018276502145,-1.254656216257));
#602 = CARTESIAN_POINT('',(4.063266870902,-1.24173987373));
#603 = CARTESIAN_POINT('',(4.103789074594,-1.227965642401));
#604 = CARTESIAN_POINT('',(4.140272331388,-1.213460383688));
#605 = CARTESIAN_POINT('',(4.20495276499,-1.183671533646));
#606 = CARTESIAN_POINT('',(4.233373289514,-1.168426433414));
#607 = CARTESIAN_POINT('',(4.258760676431,-1.152690207876));
#608 = CARTESIAN_POINT('',(4.281473058518,-1.136540136544));
#609 = CARTESIAN_POINT('',(4.301823908989,-1.120038401128));
#610 = CARTESIAN_POINT('',(4.320080991425,-1.103235671209));
#611 = CARTESIAN_POINT('',(4.336475909839,-1.086174044132));
#612 = CARTESIAN_POINT('',(4.379746532731,-1.035398344885));
#613 = CARTESIAN_POINT('',(4.402038495122,-1.001068193412));
#614 = CARTESIAN_POINT('',(4.419522800754,-0.96615429361));
#615 = CARTESIAN_POINT('',(4.433175337519,-0.930816682389));
#616 = CARTESIAN_POINT('',(4.443677228908,-0.895171723117));
#617 = CARTESIAN_POINT('',(4.451537638228,-0.859307209564));
#618 = CARTESIAN_POINT('',(4.457137264025,-0.823293425921));
#619 = CARTESIAN_POINT('',(4.464175990875,-0.753340300139));
#620 = CARTESIAN_POINT('',(4.465853228531,-0.719411988948));
#621 = CARTESIAN_POINT('',(4.466043785908,-0.685451619902));
#622 = CARTESIAN_POINT('',(4.464921691761,-0.651498001421));
#623 = CARTESIAN_POINT('',(4.46261763903,-0.617584826371));
#624 = CARTESIAN_POINT('',(4.459231806505,-0.583742755762));
#625 = CARTESIAN_POINT('',(4.454840452954,-0.550000525721));
#626 = CARTESIAN_POINT('',(4.439491790159,-0.453358936746));
#627 = CARTESIAN_POINT('',(4.426151380906,-0.390780979368));
#628 = CARTESIAN_POINT('',(4.409863599245,-0.328836138306));
#629 = CARTESIAN_POINT('',(4.390785999789,-0.267697764155));
#630 = CARTESIAN_POINT('',(4.368963889823,-0.207550223637));
#631 = CARTESIAN_POINT('',(4.344351842881,-0.148597878615));
#632 = CARTESIAN_POINT('',(4.316837266457,-9.107780278388E-02));
#633 = CARTESIAN_POINT('',(4.259511209193,1.356316815788E-02));
#634 = CARTESIAN_POINT('',(4.230416799933,6.108519704791E-02));
#635 = CARTESIAN_POINT('',(4.198874996957,0.107109771445));
#636 = CARTESIAN_POINT('',(4.164755894868,0.15142476485));
#637 = CARTESIAN_POINT('',(4.127916107485,0.193788930133));
#638 = CARTESIAN_POINT('',(4.088217957333,0.233926662872));
#639 = CARTESIAN_POINT('',(4.045561508071,0.271528977138));
#640 = CARTESIAN_POINT('',(3.960010630527,0.336664867063));
#641 = CARTESIAN_POINT('',(3.917812419087,0.364869536247));
#642 = CARTESIAN_POINT('',(3.873331244095,0.39066239838));
#643 = CARTESIAN_POINT('',(3.82660923276,0.413813640217));
#644 = CARTESIAN_POINT('',(3.777761817693,0.434088903653));
#645 = CARTESIAN_POINT('',(3.727005923365,0.451266698946));
#646 = CARTESIAN_POINT('',(3.674669212292,0.465160260821));
#647 = CARTESIAN_POINT('',(3.574331840736,0.48480305533));
#648 = CARTESIAN_POINT('',(3.526606951352,0.491353200414));
#649 = CARTESIAN_POINT('',(3.478252281362,0.495197632609));
#650 = CARTESIAN_POINT('',(3.429584067516,0.496277593221));
#651 = CARTESIAN_POINT('',(3.380949134937,0.494574774758));
#652 = CARTESIAN_POINT('',(3.332692236474,0.490114289643));
#653 = CARTESIAN_POINT('',(3.285123981424,0.482960883025));
#654 = CARTESIAN_POINT('',(3.197718936219,0.464675454398));
#655 = CARTESIAN_POINT('',(3.157658966077,0.45415254911));
#656 = CARTESIAN_POINT('',(3.118504536353,0.441703039574));
#657 = CARTESIAN_POINT('',(3.080404542776,0.427407608989));
#658 = CARTESIAN_POINT('',(3.043472333603,0.411359724722));
#659 = CARTESIAN_POINT('',(3.007786068506,0.393659962697));
#660 = CARTESIAN_POINT('',(2.973393788123,0.374410967056));
#661 = CARTESIAN_POINT('',(2.882439749781,0.317495841979));
#662 = CARTESIAN_POINT('',(2.828596498222,0.276844419414));
#663 = CARTESIAN_POINT('',(2.778919168893,0.232305770808));
#664 = CARTESIAN_POINT('',(2.733310283669,0.184417188696));
#665 = CARTESIAN_POINT('',(2.691550677315,0.133653490019));
#666 = CARTESIAN_POINT('',(2.653407151599,8.042258483687E-02));
#667 = CARTESIAN_POINT('',(2.618660569416,2.507489742999E-02));
#668 = CARTESIAN_POINT('',(2.563500308387,-7.495752774318E-02));
#669 = CARTESIAN_POINT('',(2.541675042658,-0.118848772115));
#670 = CARTESIAN_POINT('',(2.521592625263,-0.163632320069));
#671 = CARTESIAN_POINT('',(2.503195880585,-0.209195250789));
#672 = CARTESIAN_POINT('',(2.486449869489,-0.255436804761));
#673 = CARTESIAN_POINT('',(2.47134651761,-0.302265551908));
#674 = CARTESIAN_POINT('',(2.457912076248,-0.349596227267));
#675 = CARTESIAN_POINT('',(2.437456253124,-0.433158179598));
#676 = CARTESIAN_POINT('',(2.429671254523,-0.469206139044));
#677 = CARTESIAN_POINT('',(2.422900395546,-0.505454793089));
#678 = CARTESIAN_POINT('',(2.417191774804,-0.541869902503));
#679 = CARTESIAN_POINT('',(2.412613878238,-0.57841690876));
#680 = CARTESIAN_POINT('',(2.409260652725,-0.615059893442));
#681 = CARTESIAN_POINT('',(2.407261547008,-0.651759832499));
#682 = CARTESIAN_POINT('',(2.406455693481,-0.716005077764));
#683 = CARTESIAN_POINT('',(2.406975801736,-0.743545296372));
#684 = CARTESIAN_POINT('',(2.408439283796,-0.771072919832));
#685 = CARTESIAN_POINT('',(2.410941432988,-0.798566837004));
#686 = CARTESIAN_POINT('',(2.414600175233,-0.826003053177));
#687 = CARTESIAN_POINT('',(2.419562625847,-0.853353677536));
#688 = CARTESIAN_POINT('',(2.426016288583,-0.880585054873));
#689 = CARTESIAN_POINT('',(2.440352170948,-0.927956214015));
#690 = CARTESIAN_POINT('',(2.447473896326,-0.948166921631));
#691 = CARTESIAN_POINT('',(2.455677649886,-0.968268362094));
#692 = CARTESIAN_POINT('',(2.465086569933,-0.988239404767));
#693 = CARTESIAN_POINT('',(2.475847234384,-1.008055243675));
#694 = CARTESIAN_POINT('',(2.488136124687,-1.027686080688));
#695 = CARTESIAN_POINT('',(2.502167999965,-1.047095085997));
#696 = CARTESIAN_POINT('',(2.53023481743,-1.080591048298));
#697 = CARTESIAN_POINT('',(2.543392000544,-1.09479544714));
#698 = CARTESIAN_POINT('',(2.557788721756,-1.108829141834));
#699 = CARTESIAN_POINT('',(2.573551454164,-1.122669274476));
#700 = CARTESIAN_POINT('',(2.590823736107,-1.136289122629));
#701 = CARTESIAN_POINT('',(2.609769101775,-1.149657087628));
#702 = CARTESIAN_POINT('',(2.630571731148,-1.162735434997));
#703 = CARTESIAN_POINT('',(2.670575786116,-1.185036417465));
#704 = CARTESIAN_POINT('',(2.688877304019,-1.194405590202));
#705 = CARTESIAN_POINT('',(2.708420096832,-1.203567230806));
#706 = CARTESIAN_POINT('',(2.729292774827,-1.212499881564));
#707 = CARTESIAN_POINT('',(2.751587781339,-1.221179308991));
#708 = CARTESIAN_POINT('',(2.775398022028,-1.22957822312));
#709 = CARTESIAN_POINT('',(2.800810548633,-1.237666175107));
#710 = CARTESIAN_POINT('',(2.868527420065,-1.257024820187));
#711 = CARTESIAN_POINT('',(2.912924383396,-1.267864904754));
#712 = CARTESIAN_POINT('',(2.961331008568,-1.277816888365));
#713 = CARTESIAN_POINT('',(3.013908137273,-1.286752344583));
#714 = CARTESIAN_POINT('',(3.070668577271,-1.29453086872));
#715 = CARTESIAN_POINT('',(3.131335119239,-1.301004633331));
#716 = CARTESIAN_POINT('',(3.195194769742,-1.306048683307));
#717 = CARTESIAN_POINT('',(3.29429885808,-1.311346499637));
#718 = CARTESIAN_POINT('',(3.32788596446,-1.3127343936));
#719 = CARTESIAN_POINT('',(3.361902402533,-1.313733934731));
#720 = CARTESIAN_POINT('',(3.396207914596,-1.314337445499));
#721 = CARTESIAN_POINT('',(3.430649074813,-1.314540518157));
#722 = CARTESIAN_POINT('',(3.465067416711,-1.314342375119));
#723 = CARTESIAN_POINT('',(3.499308498795,-1.313745872517));
#724 = CARTESIAN_POINT('',(3.567148961054,-1.311768265552));
#725 = CARTESIAN_POINT('',(3.600748342926,-1.310387167894));
#726 = CARTESIAN_POINT('',(3.633883267772,-1.308619809173));
#727 = CARTESIAN_POINT('',(3.666420905334,-1.306475524239));
#728 = CARTESIAN_POINT('',(3.698246209236,-1.303966404864));
#729 = CARTESIAN_POINT('',(3.729265770721,-1.301106680272));
#730 = CARTESIAN_POINT('',(3.75940851973,-1.297912023015));
#731 = CARTESIAN_POINT('',(3.788623273358,-1.294398780186));
#732 = ( GEOMETRIC_REPRESENTATION_CONTEXT(2) 
PARAMETRIC_REPRESENTATION_CONTEXT() REPRESENTATION_CONTEXT('2D SPACE',''
  ) );
#733 = PCURVE('',#573,#734);
#734 = DEFINITIONAL_REPRESENTATION('',(#735),#739);
#735 = LINE('',#736,#737);
#736 = CARTESIAN_POINT('',(0.,12.990381056767));
#737 = VECTOR('',#738,1.);
#738 = DIRECTION('',(1.,0.));
#739 = ( GEOMETRIC_REPRESENTATION_CONTEXT(2) 
PARAMETRIC_REPRESENTATION_CONTEXT() REPRESENTATION_CONTEXT('2D SPACE',''
  ) );
#740 = ORIENTED_EDGE('',*,*,#741,.F.);
#741 = EDGE_CURVE('',#742,#586,#744,.T.);
#742 = VERTEX_POINT('',#743);
#743 = CARTESIAN_POINT('',(-12.97449550683,12.990381056767,
    -10.19374643314));
#744 = SURFACE_CURVE('',#745,(#750,#812),.PCURVE_S1.);
#745 = CIRCLE('',#746,6.);
#746 = AXIS2_PLACEMENT_3D('',#747,#748,#749);
#747 = CARTESIAN_POINT('',(-11.33951269257,15.806593450249,
    -5.154323951168));
#748 = DIRECTION('',(-0.563464915829,0.785435943277,-0.256120416286));
#749 = DIRECTION('',(-0.81253825063,-0.582907875452,0.));
#750 = PCURVE('',#33,#751);
#751 = DEFINITIONAL_REPRESENTATION('',(#752),#811);
#752 = B_SPLINE_CURVE_WITH_KNOTS('',8,(#753,#754,#755,#756,#757,#758,
    #759,#760,#761,#762,#763,#764,#765,#766,#767,#768,#769,#770,#771,
    #772,#773,#774,#775,#776,#777,#778,#779,#780,#781,#782,#783,#784,
    #785,#786,#787,#788,#789,#790,#791,#792,#793,#794,#795,#796,#797,
    #798,#799,#800,#801,#802,#803,#804,#805,#806,#807,#808,#809,#810),
  .UNSPECIFIED.,.F.,.F.,(9,7,7,7,7,7,7,7,9),(3.14159265359,
    3.926990816987,4.61421420996,5.215534678811,6.267845499301,
    7.057078614668,7.649003451193,8.536890705981,9.424777960769),
  .UNSPECIFIED.);
#753 = CARTESIAN_POINT('',(1.893926405361,-0.247977673776));
#754 = CARTESIAN_POINT('',(1.891742205765,-0.27594757714));
#755 = CARTESIAN_POINT('',(1.892624883392,-0.304143854909));
#756 = CARTESIAN_POINT('',(1.896685485138,-0.332195444368));
#757 = CARTESIAN_POINT('',(1.904008640368,-0.359716506965));
#758 = CARTESIAN_POINT('',(1.914651013451,-0.386307973271));
#759 = CARTESIAN_POINT('',(1.928618037973,-0.411559471779));
#760 = CARTESIAN_POINT('',(1.945829562261,-0.435059058835));
#761 = CARTESIAN_POINT('',(1.983808575179,-0.47510738661));
#762 = CARTESIAN_POINT('',(2.003862687003,-0.492157797123));
#763 = CARTESIAN_POINT('',(2.026113427583,-0.507309015721));
#764 = CARTESIAN_POINT('',(2.050357113696,-0.520314281383));
#765 = CARTESIAN_POINT('',(2.07630726306,-0.530952190338));
#766 = CARTESIAN_POINT('',(2.103582879782,-0.539044976048));
#767 = CARTESIAN_POINT('',(2.131737333946,-0.544477202693));
#768 = CARTESIAN_POINT('',(2.185292529557,-0.549582959685));
#769 = CARTESIAN_POINT('',(2.210597539527,-0.549891441825));
#770 = CARTESIAN_POINT('',(2.235900069036,-0.548093247139));
#771 = CARTESIAN_POINT('',(2.260870219289,-0.544194912142));
#772 = CARTESIAN_POINT('',(2.285186023451,-0.538245475946));
#773 = CARTESIAN_POINT('',(2.30855696922,-0.530332529646));
#774 = CARTESIAN_POINT('',(2.330739718673,-0.520574208794));
#775 = CARTESIAN_POINT('',(2.387933521045,-0.489049054638));
#776 = CARTESIAN_POINT('',(2.420088092911,-0.463764968548));
#777 = CARTESIAN_POINT('',(2.446947720684,-0.434008328542));
#778 = CARTESIAN_POINT('',(2.467902125387,-0.400738445838));
#779 = CARTESIAN_POINT('',(2.482824788913,-0.364977450981));
#780 = CARTESIAN_POINT('',(2.491778706597,-0.327703909845));
#781 = CARTESIAN_POINT('',(2.494943967314,-0.289863013508));
#782 = CARTESIAN_POINT('',(2.490807842508,-0.224215649557));
#783 = CARTESIAN_POINT('',(2.485925310677,-0.196265647182));
#784 = CARTESIAN_POINT('',(2.478042613629,-0.168878268737));
#785 = CARTESIAN_POINT('',(2.467295438842,-0.14241623786));
#786 = CARTESIAN_POINT('',(2.453838169653,-0.117226108154));
#787 = CARTESIAN_POINT('',(2.437850139581,-9.363590006253E-02));
#788 = CARTESIAN_POINT('',(2.419545573161,-7.194948108761E-02));
#789 = CARTESIAN_POINT('',(2.383901262377,-3.780079097381E-02));
#790 = CARTESIAN_POINT('',(2.367464340508,-2.438791228381E-02));
#791 = CARTESIAN_POINT('',(2.349973358015,-1.231076254642E-02));
#792 = CARTESIAN_POINT('',(2.33154714928,-1.672180222885E-03));
#793 = CARTESIAN_POINT('',(2.312317831555,7.438443894157E-03));
#794 = CARTESIAN_POINT('',(2.292430187845,1.494768427934E-02));
#795 = CARTESIAN_POINT('',(2.27203925613,2.080028447876E-02));
#796 = CARTESIAN_POINT('',(2.220206428125,3.120219108091E-02));
#797 = CARTESIAN_POINT('',(2.188336776784,3.363664747351E-02));
#798 = CARTESIAN_POINT('',(2.156240960016,3.214530266966E-02));
#799 = CARTESIAN_POINT('',(2.124493292207,2.670893508989E-02));
#800 = CARTESIAN_POINT('',(2.093670148063,1.741890561944E-02));
#801 = CARTESIAN_POINT('',(2.064300947909,4.472851608529E-03));
#802 = CARTESIAN_POINT('',(2.036849947351,-1.184903500413E-02));
#803 = CARTESIAN_POINT('',(1.986585655503,-5.055461571941E-02));
#804 = CARTESIAN_POINT('',(1.963772355113,-7.293828226079E-02));
#805 = CARTESIAN_POINT('',(1.943678523056,-9.800815998742E-02));
#806 = CARTESIAN_POINT('',(1.926640921179,-0.125354204836));
#807 = CARTESIAN_POINT('',(1.912933059995,-0.154522416347));
#808 = CARTESIAN_POINT('',(1.902784438821,-0.185027377619));
#809 = CARTESIAN_POINT('',(1.896395628075,-0.216357889225));
#810 = CARTESIAN_POINT('',(1.893926405361,-0.247977673776));
#811 = ( GEOMETRIC_REPRESENTATION_CONTEXT(2) 
PARAMETRIC_REPRESENTATION_CONTEXT() REPRESENTATION_CONTEXT('2D SPACE',''
  ) );
#812 = PCURVE('',#813,#818);
#813 = CYLINDRICAL_SURFACE('',#814,6.);
#814 = AXIS2_PLACEMENT_3D('',#815,#816,#817);
#815 = CARTESIAN_POINT('',(0.,0.,0.));
#816 = DIRECTION('',(-0.563464915829,0.785435943277,-0.256120416286));
#817 = DIRECTION('',(0.81253825063,0.582907875452,0.));
#818 = DEFINITIONAL_REPRESENTATION('',(#819),#823);
#819 = LINE('',#820,#821);
#820 = CARTESIAN_POINT('',(-3.14159265359,20.124611797498));
#821 = VECTOR('',#822,1.);
#822 = DIRECTION('',(1.,0.));
#823 = ( GEOMETRIC_REPRESENTATION_CONTEXT(2) 
PARAMETRIC_REPRESENTATION_CONTEXT() REPRESENTATION_CONTEXT('2D SPACE',''
  ) );
#824 = ORIENTED_EDGE('',*,*,#825,.F.);
#825 = EDGE_CURVE('',#826,#742,#828,.T.);
#826 = VERTEX_POINT('',#827);
#827 = CARTESIAN_POINT('',(12.974495506834,12.990381056767,
    -10.19374643314));
#828 = SURFACE_CURVE('',#829,(#834,#945),.PCURVE_S1.);
#829 = CIRCLE('',#830,16.5);
#830 = AXIS2_PLACEMENT_3D('',#831,#832,#833);
#831 = CARTESIAN_POINT('',(0.,12.990381056767,0.));
#832 = DIRECTION('',(0.,1.,0.));
#833 = DIRECTION('',(0.,-0.,1.));
#834 = PCURVE('',#33,#835);
#835 = DEFINITIONAL_REPRESENTATION('',(#836),#944);
#836 = B_SPLINE_CURVE_WITH_KNOTS('',8,(#837,#838,#839,#840,#841,#842,
    #843,#844,#845,#846,#847,#848,#849,#850,#851,#852,#853,#854,#855,
    #856,#857,#858,#859,#860,#861,#862,#863,#864,#865,#866,#867,#868,
    #869,#870,#871,#872,#873,#874,#875,#876,#877,#878,#879,#880,#881,
    #882,#883,#884,#885,#886,#887,#888,#889,#890,#891,#892,#893,#894,
    #895,#896,#897,#898,#899,#900,#901,#902,#903,#904,#905,#906,#907,
    #908,#909,#910,#911,#912,#913,#914,#915,#916,#917,#918,#919,#920,
    #921,#922,#923,#924,#925,#926,#927,#928,#929,#930,#931,#932,#933,
    #934,#935,#936,#937,#938,#939,#940,#941,#942,#943),.UNSPECIFIED.,.F.
  ,.F.,(9,7,7,7,7,7,7,7,7,7,7,7,7,7,7,9),(0.,0.392699081699,
    0.760854470791,1.106000148066,1.753148292955,2.319402919733,
    2.567139318948,2.799392193213,3.234866332459,3.615906204299,
    3.949316092159,4.532783395914,4.97038387373,5.626784590455,
    5.954984948817,6.28318530718),.UNSPECIFIED.);
#837 = CARTESIAN_POINT('',(1.570796326795,0.903849982291));
#838 = CARTESIAN_POINT('',(1.508446973649,0.903849982291));
#839 = CARTESIAN_POINT('',(1.446097684452,0.900352170511));
#840 = CARTESIAN_POINT('',(1.384715529036,0.893356744437));
#841 = CARTESIAN_POINT('',(1.325270155137,0.882967825694));
#842 = CARTESIAN_POINT('',(1.268555967009,0.869398058427));
#843 = CARTESIAN_POINT('',(1.215035871957,0.85291745627));
#844 = CARTESIAN_POINT('',(1.164946600488,0.833809080357));
#845 = CARTESIAN_POINT('',(1.07466969507,0.792231697264));
#846 = CARTESIAN_POINT('',(1.034058858756,0.770047354398));
#847 = CARTESIAN_POINT('',(0.996573451893,0.746024776263));
#848 = CARTESIAN_POINT('',(0.962134567004,0.72038662057));
#849 = CARTESIAN_POINT('',(0.930589631791,0.693334287255));
#850 = CARTESIAN_POINT('',(0.901756612213,0.665044514791));
#851 = CARTESIAN_POINT('',(0.875451099814,0.635672010577));
#852 = CARTESIAN_POINT('',(0.82903441131,0.576926324947));
#853 = CARTESIAN_POINT('',(0.808638907926,0.547667925249));
#854 = CARTESIAN_POINT('',(0.790160398448,0.517687645967));
#855 = CARTESIAN_POINT('',(0.773457227096,0.487081437413));
#856 = CARTESIAN_POINT('',(0.758401329719,0.455932206518));
#857 = CARTESIAN_POINT('',(0.744880211971,0.424312243238));
#858 = CARTESIAN_POINT('',(0.732796164269,0.392285455117));
#859 = CARTESIAN_POINT('',(0.701947025065,0.299203107656));
#860 = CARTESIAN_POINT('',(0.686587931679,0.237267889071));
#861 = CARTESIAN_POINT('',(0.675439714368,0.1744800931));
#862 = CARTESIAN_POINT('',(0.668133834318,0.111133388129));
#863 = CARTESIAN_POINT('',(0.664457443865,4.74788795993E-02));
#864 = CARTESIAN_POINT('',(0.664332700109,-1.625053441895E-02));
#865 = CARTESIAN_POINT('',(0.667810383067,-7.982070423547E-02));
#866 = CARTESIAN_POINT('',(0.681455924081,-0.198226359831));
#867 = CARTESIAN_POINT('',(0.690733105935,-0.253160402622));
#868 = CARTESIAN_POINT('',(0.703051749463,-0.307597465298));
#869 = CARTESIAN_POINT('',(0.718628354837,-0.361346839814));
#870 = CARTESIAN_POINT('',(0.737773997802,-0.414188114688));
#871 = CARTESIAN_POINT('',(0.760899999587,-0.465856991197));
#872 = CARTESIAN_POINT('',(0.788550227939,-0.516018274753));
#873 = CARTESIAN_POINT('',(0.835690357329,-0.585333517661));
#874 = CARTESIAN_POINT('',(0.851021718924,-0.606057760513));
#875 = CARTESIAN_POINT('',(0.867389311597,-0.626373902745));
#876 = CARTESIAN_POINT('',(0.884847506161,-0.646241999107));
#877 = CARTESIAN_POINT('',(0.903452586067,-0.665617985283));
#878 = CARTESIAN_POINT('',(0.92326083667,-0.684453323558));
#879 = CARTESIAN_POINT('',(0.944325316561,-0.702694867956));
#880 = CARTESIAN_POINT('',(0.987659430695,-0.736775649672));
#881 = CARTESIAN_POINT('',(1.009771477094,-0.752693786839));
#882 = CARTESIAN_POINT('',(1.033064570576,-0.767991841925));
#883 = CARTESIAN_POINT('',(1.057570040676,-0.782618958444));
#884 = CARTESIAN_POINT('',(1.08330927988,-0.796520985178));
#885 = CARTESIAN_POINT('',(1.110289092174,-0.809641160853));
#886 = CARTESIAN_POINT('',(1.138496536281,-0.821921440163));
#887 = CARTESIAN_POINT('',(1.223012127361,-0.854647625487));
#888 = CARTESIAN_POINT('',(1.282312180236,-0.872836446143));
#889 = CARTESIAN_POINT('',(1.345542186511,-0.887492378845));
#890 = CARTESIAN_POINT('',(1.412141508715,-0.898248950611));
#891 = CARTESIAN_POINT('',(1.481151704073,-0.904787621032));
#892 = CARTESIAN_POINT('',(1.551129071034,-0.906943806904));
#893 = CARTESIAN_POINT('',(1.62066067916,-0.904743031024));
#894 = CARTESIAN_POINT('',(1.747954651643,-0.892752264877));
#895 = CARTESIAN_POINT('',(1.806101742849,-0.883945358827));
#896 = CARTESIAN_POINT('',(1.862192308308,-0.872036613411));
#897 = CARTESIAN_POINT('',(1.915554248106,-0.857217278375));
#898 = CARTESIAN_POINT('',(1.965768559383,-0.839740115558));
#899 = CARTESIAN_POINT('',(2.012660676065,-0.81987049982));
#900 = CARTESIAN_POINT('',(2.05620385801,-0.797865907301));
#901 = CARTESIAN_POINT('',(2.131705970233,-0.753052290403));
#902 = CARTESIAN_POINT('',(2.164432542188,-0.730687638388));
#903 = CARTESIAN_POINT('',(2.194700154293,-0.7070314807));
#904 = CARTESIAN_POINT('',(2.222615370918,-0.682233043573));
#905 = CARTESIAN_POINT('',(2.248310918061,-0.656425694502));
#906 = CARTESIAN_POINT('',(2.271926281852,-0.629726859113));
#907 = CARTESIAN_POINT('',(2.293597423279,-0.602240103714));
#908 = CARTESIAN_POINT('',(2.348198915401,-0.52473566792));
#909 = CARTESIAN_POINT('',(2.377383592767,-0.473281097862));
#910 = CARTESIAN_POINT('',(2.401693272878,-0.420182206393));
#911 = CARTESIAN_POINT('',(2.421737760576,-0.365813267684));
#912 = CARTESIAN_POINT('',(2.43797376753,-0.310466275152));
#913 = CARTESIAN_POINT('',(2.450745485981,-0.254383380705));
#914 = CARTESIAN_POINT('',(2.460290032622,-0.197772992503));
#915 = CARTESIAN_POINT('',(2.471594647851,-9.811611973087E-02));
#916 = CARTESIAN_POINT('',(2.474704290307,-5.521682268731E-02));
#917 = CARTESIAN_POINT('',(2.476138725172,-1.220882499569E-02));
#918 = CARTESIAN_POINT('',(2.475927630529,3.083269279239E-02));
#919 = CARTESIAN_POINT('',(2.47407234525,7.383472358926E-02));
#920 = CARTESIAN_POINT('',(2.470546238483,0.116723150843));
#921 = CARTESIAN_POINT('',(2.46529348084,0.159419336728));
#922 = CARTESIAN_POINT('',(2.447625322019,0.265462448565));
#923 = CARTESIAN_POINT('',(2.432941872094,0.328460696929));
#924 = CARTESIAN_POINT('',(2.413878795604,0.390538076073));
#925 = CARTESIAN_POINT('',(2.389980887352,0.451361037673));
#926 = CARTESIAN_POINT('',(2.360600822086,0.510518386795));
#927 = CARTESIAN_POINT('',(2.324905587606,0.567496656618));
#928 = CARTESIAN_POINT('',(2.281770708985,0.62158642505));
#929 = CARTESIAN_POINT('',(2.204411376097,0.69698765867));
#930 = CARTESIAN_POINT('',(2.176515494543,0.721165848456));
#931 = CARTESIAN_POINT('',(2.146385101269,0.744271800776));
#932 = CARTESIAN_POINT('',(2.113904418088,0.766175022544));
#933 = CARTESIAN_POINT('',(2.078976598334,0.786730548262));
#934 = CARTESIAN_POINT('',(2.04154965588,0.805780043164));
#935 = CARTESIAN_POINT('',(2.001648476802,0.823157427633));
#936 = CARTESIAN_POINT('',(1.917156928329,0.854246130327));
#937 = CARTESIAN_POINT('',(1.872566513382,0.867957447703));
#938 = CARTESIAN_POINT('',(1.825760585715,0.879674726557));
#939 = CARTESIAN_POINT('',(1.776972079777,0.889242148592));
#940 = CARTESIAN_POINT('',(1.726557918506,0.896520530626));
#941 = CARTESIAN_POINT('',(1.675013930993,0.901406815843));
#942 = CARTESIAN_POINT('',(1.622905132238,0.903849982291));
#943 = CARTESIAN_POINT('',(1.570796326795,0.903849982291));
#944 = ( GEOMETRIC_REPRESENTATION_CONTEXT(2) 
PARAMETRIC_REPRESENTATION_CONTEXT() REPRESENTATION_CONTEXT('2D SPACE',''
  ) );
#945 = PCURVE('',#946,#951);
#946 = CYLINDRICAL_SURFACE('',#947,16.5);
#947 = AXIS2_PLACEMENT_3D('',#948,#949,#950);
#948 = CARTESIAN_POINT('',(0.,0.,0.));
#949 = DIRECTION('',(0.,1.,0.));
#950 = DIRECTION('',(0.,-0.,1.));
#951 = DEFINITIONAL_REPRESENTATION('',(#952),#956);
#952 = LINE('',#953,#954);
#953 = CARTESIAN_POINT('',(0.,12.990381056767));
#954 = VECTOR('',#955,1.);
#955 = DIRECTION('',(1.,0.));
#956 = ( GEOMETRIC_REPRESENTATION_CONTEXT(2) 
PARAMETRIC_REPRESENTATION_CONTEXT() REPRESENTATION_CONTEXT('2D SPACE',''
  ) );
#957 = ORIENTED_EDGE('',*,*,#958,.F.);
#958 = EDGE_CURVE('',#959,#826,#961,.T.);
#959 = VERTEX_POINT('',#960);
#960 = CARTESIAN_POINT('',(14.500763401878,12.323969503496,
    -8.879619160732));
#961 = SURFACE_CURVE('',#962,(#967,#1029),.PCURVE_S1.);
#962 = CIRCLE('',#963,6.);
#963 = AXIS2_PLACEMENT_3D('',#964,#965,#966);
#964 = CARTESIAN_POINT('',(11.33951269257,15.806593450249,
    -5.154323951168));
#965 = DIRECTION('',(0.563464915829,0.785435943277,-0.256120416286));
#966 = DIRECTION('',(-0.81253825063,0.582907875452,0.));
#967 = PCURVE('',#33,#968);
#968 = DEFINITIONAL_REPRESENTATION('',(#969),#1028);
#969 = B_SPLINE_CURVE_WITH_KNOTS('',8,(#970,#971,#972,#973,#974,#975,
    #976,#977,#978,#979,#980,#981,#982,#983,#984,#985,#986,#987,#988,
    #989,#990,#991,#992,#993,#994,#995,#996,#997,#998,#999,#1000,#1001,
    #1002,#1003,#1004,#1005,#1006,#1007,#1008,#1009,#1010,#1011,#1012,
    #1013,#1014,#1015,#1016,#1017,#1018,#1019,#1020,#1021,#1022,#1023,
    #1024,#1025,#1026,#1027),.UNSPECIFIED.,.T.,.F.,(9,7,7,7,7,7,7,7,9),(
    3.14159265359,3.926990816987,4.61421420996,5.215534678811,
    6.267845499301,7.057078614668,7.649003451193,8.536890705981,
    9.424777960769),.UNSPECIFIED.);
#970 = CARTESIAN_POINT('',(0.649320662987,-0.247977673776));
#971 = CARTESIAN_POINT('',(0.64713646339,-0.27594757714));
#972 = CARTESIAN_POINT('',(0.648019141017,-0.304143854909));
#973 = CARTESIAN_POINT('',(0.652079742763,-0.332195444368));
#974 = CARTESIAN_POINT('',(0.659402897993,-0.359716506965));
#975 = CARTESIAN_POINT('',(0.670045271076,-0.386307973271));
#976 = CARTESIAN_POINT('',(0.684012295599,-0.411559471779));
#977 = CARTESIAN_POINT('',(0.701223819886,-0.435059058835));
#978 = CARTESIAN_POINT('',(0.739202832805,-0.47510738661));
#979 = CARTESIAN_POINT('',(0.759256944624,-0.492157797122));
#980 = CARTESIAN_POINT('',(0.781507685225,-0.50730901572));
#981 = CARTESIAN_POINT('',(0.805751371304,-0.520314281383));
#982 = CARTESIAN_POINT('',(0.831701520699,-0.530952190339));
#983 = CARTESIAN_POINT('',(0.858977137405,-0.539044976048));
#984 = CARTESIAN_POINT('',(0.887131591572,-0.544477202693));
#985 = CARTESIAN_POINT('',(0.940686787183,-0.549582959685));
#986 = CARTESIAN_POINT('',(0.965991797152,-0.549891441825));
#987 = CARTESIAN_POINT('',(0.991294326662,-0.548093247138));
#988 = CARTESIAN_POINT('',(1.016264476915,-0.544194912142));
#989 = CARTESIAN_POINT('',(1.040580281076,-0.538245475946));
#990 = CARTESIAN_POINT('',(1.063951226846,-0.530332529646));
#991 = CARTESIAN_POINT('',(1.086133976298,-0.520574208794));
#992 = CARTESIAN_POINT('',(1.143327778671,-0.489049054638));
#993 = CARTESIAN_POINT('',(1.175482350537,-0.463764968549));
#994 = CARTESIAN_POINT('',(1.202341978325,-0.434008328541));
#995 = CARTESIAN_POINT('',(1.223296383007,-0.40073844584));
#996 = CARTESIAN_POINT('',(1.238219046551,-0.36497745098));
#997 = CARTESIAN_POINT('',(1.247172964221,-0.327703909846));
#998 = CARTESIAN_POINT('',(1.25033822494,-0.289863013508));
#999 = CARTESIAN_POINT('',(1.246202100134,-0.224215649557));
#1000 = CARTESIAN_POINT('',(1.241319568303,-0.196265647182));
#1001 = CARTESIAN_POINT('',(1.233436871255,-0.168878268737));
#1002 = CARTESIAN_POINT('',(1.222689696467,-0.14241623786));
#1003 = CARTESIAN_POINT('',(1.209232427278,-0.117226108154));
#1004 = CARTESIAN_POINT('',(1.193244397206,-9.363590006254E-02));
#1005 = CARTESIAN_POINT('',(1.174939830786,-7.194948108761E-02));
#1006 = CARTESIAN_POINT('',(1.139295520002,-3.780079097381E-02));
#1007 = CARTESIAN_POINT('',(1.122858598133,-2.438791228381E-02));
#1008 = CARTESIAN_POINT('',(1.105367615641,-1.231076254642E-02));
#1009 = CARTESIAN_POINT('',(1.086941406906,-1.672180222885E-03));
#1010 = CARTESIAN_POINT('',(1.067712089181,7.438443894157E-03));
#1011 = CARTESIAN_POINT('',(1.047824445471,1.494768427934E-02));
#1012 = CARTESIAN_POINT('',(1.027433513756,2.080028447876E-02));
#1013 = CARTESIAN_POINT('',(0.97560068575,3.120219108091E-02));
#1014 = CARTESIAN_POINT('',(0.94373103441,3.363664747349E-02));
#1015 = CARTESIAN_POINT('',(0.911635217641,3.214530266976E-02));
#1016 = CARTESIAN_POINT('',(0.879887549828,2.670893508964E-02));
#1017 = CARTESIAN_POINT('',(0.849064405693,1.741890561944E-02));
#1018 = CARTESIAN_POINT('',(0.819695205535,4.472851608504E-03));
#1019 = CARTESIAN_POINT('',(0.792244204977,-1.184903500413E-02));
#1020 = CARTESIAN_POINT('',(0.741979913128,-5.055461571941E-02));
#1021 = CARTESIAN_POINT('',(0.719166612739,-7.29382822608E-02));
#1022 = CARTESIAN_POINT('',(0.699072780681,-9.800815998742E-02));
#1023 = CARTESIAN_POINT('',(0.682035178804,-0.125354204836));
#1024 = CARTESIAN_POINT('',(0.668327317621,-0.154522416347));
#1025 = CARTESIAN_POINT('',(0.658178696447,-0.185027377619));
#1026 = CARTESIAN_POINT('',(0.6517898857,-0.216357889225));
#1027 = CARTESIAN_POINT('',(0.649320662987,-0.247977673776));
#1028 = ( GEOMETRIC_REPRESENTATION_CONTEXT(2) 
PARAMETRIC_REPRESENTATION_CONTEXT() REPRESENTATION_CONTEXT('2D SPACE',''
  ) );
#1029 = PCURVE('',#1030,#1035);
#1030 = CYLINDRICAL_SURFACE('',#1031,6.);
#1031 = AXIS2_PLACEMENT_3D('',#1032,#1033,#1034);
#1032 = CARTESIAN_POINT('',(0.,0.,0.));
#1033 = DIRECTION('',(0.563464915829,0.785435943277,-0.256120416286));
#1034 = DIRECTION('',(0.81253825063,-0.582907875452,0.));
#1035 = DEFINITIONAL_REPRESENTATION('',(#1036),#1040);
#1036 = LINE('',#1037,#1038);
#1037 = CARTESIAN_POINT('',(-3.14159265359,20.124611797498));
#1038 = VECTOR('',#1039,1.);
#1039 = DIRECTION('',(1.,0.));
#1040 = ( GEOMETRIC_REPRESENTATION_CONTEXT(2) 
PARAMETRIC_REPRESENTATION_CONTEXT() REPRESENTATION_CONTEXT('2D SPACE',''
  ) );
#1041 = ORIENTED_EDGE('',*,*,#1042,.F.);
#1042 = EDGE_CURVE('',#24,#959,#1043,.T.);
#1043 = SURFACE_CURVE('',#1044,(#1049,#1097),.PCURVE_S1.);
#1044 = CIRCLE('',#1045,16.5);
#1045 = AXIS2_PLACEMENT_3D('',#1046,#1047,#1048);
#1046 = CARTESIAN_POINT('',(11.40016470513,-3.454595365191,
    -5.181893047787));
#1047 = DIRECTION('',(0.877585088175,-0.265934875205,-0.398902312807));
#1048 = DIRECTION('',(0.413802944301,-1.387778780781E-17,0.910366477463)
  );
#1049 = PCURVE('',#33,#1050);
#1050 = DEFINITIONAL_REPRESENTATION('',(#1051),#1096);
#1051 = B_SPLINE_CURVE_WITH_KNOTS('',8,(#1052,#1053,#1054,#1055,#1056,
    #1057,#1058,#1059,#1060,#1061,#1062,#1063,#1064,#1065,#1066,#1067,
    #1068,#1069,#1070,#1071,#1072,#1073,#1074,#1075,#1076,#1077,#1078,
    #1079,#1080,#1081,#1082,#1083,#1084,#1085,#1086,#1087,#1088,#1089,
    #1090,#1091,#1092,#1093,#1094,#1095),.UNSPECIFIED.,.F.,.F.,(9,7,7,7,
    7,7,9),(3.360527705443,3.529510364811,3.687931607968,3.984971438888,
    4.504791142997,5.284520699162,6.064250255326),.UNSPECIFIED.);
#1052 = CARTESIAN_POINT('',(-1.723066134218E-13,-1.300715712931));
#1053 = CARTESIAN_POINT('',(5.853241514832E-02,-1.295098415128));
#1054 = CARTESIAN_POINT('',(0.114035812698,-1.288241098844));
#1055 = CARTESIAN_POINT('',(0.165981609095,-1.2802479133));
#1056 = CARTESIAN_POINT('',(0.214119107452,-1.271241599835));
#1057 = CARTESIAN_POINT('',(0.258475864547,-1.261345361624));
#1058 = CARTESIAN_POINT('',(0.299210548754,-1.250670068087));
#1059 = CARTESIAN_POINT('',(0.336550572466,-1.239313927276));
#1060 = CARTESIAN_POINT('',(0.402808273301,-1.216157195339));
#1061 = CARTESIAN_POINT('',(0.432106483407,-1.204428742892));
#1062 = CARTESIAN_POINT('',(0.458850670435,-1.192246903256));
#1063 = CARTESIAN_POINT('',(0.483268060708,-1.179671828437));
#1064 = CARTESIAN_POINT('',(0.505576280666,-1.166754160681));
#1065 = CARTESIAN_POINT('',(0.525973838787,-1.15353656008));
#1066 = CARTESIAN_POINT('',(0.544640064433,-1.14005538179));
#1067 = CARTESIAN_POINT('',(0.593786845834,-1.100628425989));
#1068 = CARTESIAN_POINT('',(0.62031361499,-1.074097658604));
#1069 = CARTESIAN_POINT('',(0.642368317182,-1.046954052656));
#1070 = CARTESIAN_POINT('',(0.660763326047,-1.019337225907));
#1071 = CARTESIAN_POINT('',(0.676096445434,-0.991349493463));
#1072 = CARTESIAN_POINT('',(0.68883654466,-0.963069424022));
#1073 = CARTESIAN_POINT('',(0.699347724242,-0.934559117545));
#1074 = CARTESIAN_POINT('',(0.722924976669,-0.855661750476));
#1075 = CARTESIAN_POINT('',(0.731994611168,-0.804904184044));
#1076 = CARTESIAN_POINT('',(0.736689234462,-0.753867399593));
#1077 = CARTESIAN_POINT('',(0.737871978072,-0.702714780206));
#1078 = CARTESIAN_POINT('',(0.736126238019,-0.651576900569));
#1079 = CARTESIAN_POINT('',(0.731837640097,-0.600560179577));
#1080 = CARTESIAN_POINT('',(0.725274018412,-0.549762548253));
#1081 = CARTESIAN_POINT('',(0.703623536196,-0.423551505615));
#1082 = CARTESIAN_POINT('',(0.685916119378,-0.348529645359));
#1083 = CARTESIAN_POINT('',(0.664094357668,-0.274530550724));
#1084 = CARTESIAN_POINT('',(0.638321426461,-0.201856126937));
#1085 = CARTESIAN_POINT('',(0.608574749146,-0.130843083857));
#1086 = CARTESIAN_POINT('',(0.57466809333,-6.188049271071E-02));
#1087 = CARTESIAN_POINT('',(0.536298882848,4.553718860491E-03));
#1088 = CARTESIAN_POINT('',(0.449964305236,0.131198774767));
#1089 = CARTESIAN_POINT('',(0.401998912552,0.191409530775));
#1090 = CARTESIAN_POINT('',(0.348901131708,0.247925973814));
#1091 = CARTESIAN_POINT('',(0.290301676884,0.300056254963));
#1092 = CARTESIAN_POINT('',(0.22590831015,0.346998122333));
#1093 = CARTESIAN_POINT('',(0.155606316928,0.387808017183));
#1094 = CARTESIAN_POINT('',(7.992999703465E-02,0.421541066401));
#1095 = CARTESIAN_POINT('',(-5.062616992291E-14,0.447460726678));
#1096 = ( GEOMETRIC_REPRESENTATION_CONTEXT(2) 
PARAMETRIC_REPRESENTATION_CONTEXT() REPRESENTATION_CONTEXT('2D SPACE',''
  ) );
#1097 = PCURVE('',#146,#1098);
#1098 = DEFINITIONAL_REPRESENTATION('',(#1099),#1103);
#1099 = LINE('',#1100,#1101);
#1100 = CARTESIAN_POINT('',(0.,12.990381056767));
#1101 = VECTOR('',#1102,1.);
#1102 = DIRECTION('',(1.,0.));
#1103 = ( GEOMETRIC_REPRESENTATION_CONTEXT(2) 
PARAMETRIC_REPRESENTATION_CONTEXT() REPRESENTATION_CONTEXT('2D SPACE',''
  ) );
#1104 = ADVANCED_FACE('',(#1105,#1471,#1678),#146,.T.);
#1105 = FACE_BOUND('',#1106,.T.);
#1106 = EDGE_LOOP('',(#1107,#1139,#1169,#1192,#1219,#1220,#1250,#1280,
    #1281,#1282,#1374,#1403));
#1107 = ORIENTED_EDGE('',*,*,#1108,.T.);
#1108 = EDGE_CURVE('',#1109,#1111,#1113,.T.);
#1109 = VERTEX_POINT('',#1110);
#1110 = CARTESIAN_POINT('',(19.295256009174,5.416917102528,
    6.272966175963));
#1111 = VERTEX_POINT('',#1112);
#1112 = CARTESIAN_POINT('',(20.969761327573,0.,7.996793660072));
#1113 = SURFACE_CURVE('',#1114,(#1119,#1129),.PCURVE_S1.);
#1114 = ELLIPSE('',#1115,22.832645917833,16.5);
#1115 = AXIS2_PLACEMENT_3D('',#1116,#1117,#1118);
#1116 = CARTESIAN_POINT('',(0.,0.,0.));
#1117 = DIRECTION('',(0.35023508396,-0.183999904326,-0.918411357275));
#1118 = DIRECTION('',(0.903464460311,-0.192367790736,0.383075191107));
#1119 = PCURVE('',#146,#1120);
#1120 = DEFINITIONAL_REPRESENTATION('',(#1121),#1128);
#1121 = B_SPLINE_CURVE_WITH_KNOTS('',5,(#1122,#1123,#1124,#1125,#1126,
    #1127),.UNSPECIFIED.,.F.,.F.,(6,6),(5.67923762565,6.013738838689),
  .PIECEWISE_BEZIER_KNOTS.);
#1122 = CARTESIAN_POINT('',(5.691510926672,12.990380456766));
#1123 = CARTESIAN_POINT('',(5.758411169279,13.589986305411));
#1124 = CARTESIAN_POINT('',(5.825311411887,14.116917383931));
#1125 = CARTESIAN_POINT('',(5.892211654495,14.565578873559));
#1126 = CARTESIAN_POINT('',(5.959111897103,14.931748746335));
#1127 = CARTESIAN_POINT('',(6.02601213971,15.212810357626));
#1128 = ( GEOMETRIC_REPRESENTATION_CONTEXT(2) 
PARAMETRIC_REPRESENTATION_CONTEXT() REPRESENTATION_CONTEXT('2D SPACE',''
  ) );
#1129 = PCURVE('',#244,#1130);
#1130 = DEFINITIONAL_REPRESENTATION('',(#1131),#1138);
#1131 = B_SPLINE_CURVE_WITH_KNOTS('',5,(#1132,#1133,#1134,#1135,#1136,
    #1137),.UNSPECIFIED.,.F.,.F.,(6,6),(5.67923762565,6.013738838689),
  .PIECEWISE_BEZIER_KNOTS.);
#1132 = CARTESIAN_POINT('',(0.334501213038,12.990380456766));
#1133 = CARTESIAN_POINT('',(0.267600970431,13.589986305411));
#1134 = CARTESIAN_POINT('',(0.200700727823,14.116917383931));
#1135 = CARTESIAN_POINT('',(0.133800485215,14.565578873558));
#1136 = CARTESIAN_POINT('',(6.690024260768E-02,14.931748746335));
#1137 = CARTESIAN_POINT('',(-5.329070518201E-15,15.212810357626));
#1138 = ( GEOMETRIC_REPRESENTATION_CONTEXT(2) 
PARAMETRIC_REPRESENTATION_CONTEXT() REPRESENTATION_CONTEXT('2D SPACE',''
  ) );
#1139 = ORIENTED_EDGE('',*,*,#1140,.T.);
#1140 = EDGE_CURVE('',#1111,#1141,#1143,.T.);
#1141 = VERTEX_POINT('',#1142);
#1142 = CARTESIAN_POINT('',(20.676981158549,-4.196737144721,
    8.725941161052));
#1143 = SURFACE_CURVE('',#1144,(#1149,#1159),.PCURVE_S1.);
#1144 = ELLIPSE('',#1145,22.832645917833,16.5);
#1145 = AXIS2_PLACEMENT_3D('',#1146,#1147,#1148);
#1146 = CARTESIAN_POINT('',(0.,0.,0.));
#1147 = DIRECTION('',(0.35023508396,-0.183999904326,-0.918411357275));
#1148 = DIRECTION('',(0.903464460311,-0.192367790736,0.383075191107));
#1149 = PCURVE('',#146,#1150);
#1150 = DEFINITIONAL_REPRESENTATION('',(#1151),#1158);
#1151 = B_SPLINE_CURVE_WITH_KNOTS('',5,(#1152,#1153,#1154,#1155,#1156,
    #1157),.UNSPECIFIED.,.F.,.F.,(6,6),(6.013738838689,6.270912006158),
  .PIECEWISE_BEZIER_KNOTS.);
#1152 = CARTESIAN_POINT('',(6.02601213971,15.212810357626));
#1153 = CARTESIAN_POINT('',(6.077446773204,15.428897779772));
#1154 = CARTESIAN_POINT('',(6.128881406698,15.59467806743));
#1155 = CARTESIAN_POINT('',(6.180316040192,15.708959355081));
#1156 = CARTESIAN_POINT('',(6.231750673686,15.771108331342));
#1157 = CARTESIAN_POINT('',(6.28318530718,15.781070991507));
#1158 = ( GEOMETRIC_REPRESENTATION_CONTEXT(2) 
PARAMETRIC_REPRESENTATION_CONTEXT() REPRESENTATION_CONTEXT('2D SPACE',''
  ) );
#1159 = PCURVE('',#244,#1160);
#1160 = DEFINITIONAL_REPRESENTATION('',(#1161),#1168);
#1161 = B_SPLINE_CURVE_WITH_KNOTS('',5,(#1162,#1163,#1164,#1165,#1166,
    #1167),.UNSPECIFIED.,.F.,.F.,(6,6),(6.013738838689,6.270912006158),
  .PIECEWISE_BEZIER_KNOTS.);
#1162 = CARTESIAN_POINT('',(6.28318530718,15.212810357626));
#1163 = CARTESIAN_POINT('',(6.231750673686,15.428897779772));
#1164 = CARTESIAN_POINT('',(6.180316040192,15.59467806743));
#1165 = CARTESIAN_POINT('',(6.128881406698,15.708959355082));
#1166 = CARTESIAN_POINT('',(6.077446773204,15.771108331342));
#1167 = CARTESIAN_POINT('',(6.02601213971,15.781070991507));
#1168 = ( GEOMETRIC_REPRESENTATION_CONTEXT(2) 
PARAMETRIC_REPRESENTATION_CONTEXT() REPRESENTATION_CONTEXT('2D SPACE',''
  ) );
#1169 = ORIENTED_EDGE('',*,*,#1170,.T.);
#1170 = EDGE_CURVE('',#1141,#1171,#1173,.T.);
#1171 = VERTEX_POINT('',#1172);
#1172 = CARTESIAN_POINT('',(61.238024047825,-16.48796226268,
    -9.710896515892));
#1173 = SEAM_CURVE('',#1174,(#1178,#1185),.PCURVE_S1.);
#1174 = LINE('',#1175,#1176);
#1175 = CARTESIAN_POINT('',(6.82774858097,2.84217094304E-14,
    15.021046878133));
#1176 = VECTOR('',#1177,1.);
#1177 = DIRECTION('',(0.877585088175,-0.265934875205,-0.398902312807));
#1178 = PCURVE('',#146,#1179);
#1179 = DEFINITIONAL_REPRESENTATION('',(#1180),#1184);
#1180 = LINE('',#1181,#1182);
#1181 = CARTESIAN_POINT('',(0.,-0.));
#1182 = VECTOR('',#1183,1.);
#1183 = DIRECTION('',(0.,1.));
#1184 = ( GEOMETRIC_REPRESENTATION_CONTEXT(2) 
PARAMETRIC_REPRESENTATION_CONTEXT() REPRESENTATION_CONTEXT('2D SPACE',''
  ) );
#1185 = PCURVE('',#146,#1186);
#1186 = DEFINITIONAL_REPRESENTATION('',(#1187),#1191);
#1187 = LINE('',#1188,#1189);
#1188 = CARTESIAN_POINT('',(6.28318530718,-0.));
#1189 = VECTOR('',#1190,1.);
#1190 = DIRECTION('',(0.,1.));
#1191 = ( GEOMETRIC_REPRESENTATION_CONTEXT(2) 
PARAMETRIC_REPRESENTATION_CONTEXT() REPRESENTATION_CONTEXT('2D SPACE',''
  ) );
#1192 = ORIENTED_EDGE('',*,*,#1193,.F.);
#1193 = EDGE_CURVE('',#1171,#1171,#1194,.T.);
#1194 = SURFACE_CURVE('',#1195,(#1200,#1207),.PCURVE_S1.);
#1195 = CIRCLE('',#1196,16.5);
#1196 = AXIS2_PLACEMENT_3D('',#1197,#1198,#1199);
#1197 = CARTESIAN_POINT('',(54.410275466855,-16.48796226268,
    -24.73194339402));
#1198 = DIRECTION('',(0.877585088175,-0.265934875205,-0.398902312807));
#1199 = DIRECTION('',(0.413802944301,-2.775557561563E-17,0.910366477463)
  );
#1200 = PCURVE('',#146,#1201);
#1201 = DEFINITIONAL_REPRESENTATION('',(#1202),#1206);
#1202 = LINE('',#1203,#1204);
#1203 = CARTESIAN_POINT('',(0.,62.));
#1204 = VECTOR('',#1205,1.);
#1205 = DIRECTION('',(1.,0.));
#1206 = ( GEOMETRIC_REPRESENTATION_CONTEXT(2) 
PARAMETRIC_REPRESENTATION_CONTEXT() REPRESENTATION_CONTEXT('2D SPACE',''
  ) );
#1207 = PCURVE('',#1208,#1213);
#1208 = PLANE('',#1209);
#1209 = AXIS2_PLACEMENT_3D('',#1210,#1211,#1212);
#1210 = CARTESIAN_POINT('',(54.410275466855,-16.48796226268,
    -24.73194339402));
#1211 = DIRECTION('',(0.877585088175,-0.265934875205,-0.398902312807));
#1212 = DIRECTION('',(0.413802944301,-1.387778780781E-17,0.910366477463)
  );
#1213 = DEFINITIONAL_REPRESENTATION('',(#1214),#1218);
#1214 = CIRCLE('',#1215,16.5);
#1215 = AXIS2_PLACEMENT_2D('',#1216,#1217);
#1216 = CARTESIAN_POINT('',(0.,0.));
#1217 = DIRECTION('',(1.,2.775557561563E-17));
#1218 = ( GEOMETRIC_REPRESENTATION_CONTEXT(2) 
PARAMETRIC_REPRESENTATION_CONTEXT() REPRESENTATION_CONTEXT('2D SPACE',''
  ) );
#1219 = ORIENTED_EDGE('',*,*,#1170,.F.);
#1220 = ORIENTED_EDGE('',*,*,#1221,.T.);
#1221 = EDGE_CURVE('',#1141,#1222,#1224,.T.);
#1222 = VERTEX_POINT('',#1223);
#1223 = CARTESIAN_POINT('',(20.628484121636,-4.39226565186,
    8.746620198458));
#1224 = SURFACE_CURVE('',#1225,(#1230,#1240),.PCURVE_S1.);
#1225 = ELLIPSE('',#1226,22.832645917833,16.5);
#1226 = AXIS2_PLACEMENT_3D('',#1227,#1228,#1229);
#1227 = CARTESIAN_POINT('',(0.,0.,0.));
#1228 = DIRECTION('',(0.35023508396,-0.183999904326,-0.918411357275));
#1229 = DIRECTION('',(0.903464460311,-0.192367790736,0.383075191107));
#1230 = PCURVE('',#146,#1231);
#1231 = DEFINITIONAL_REPRESENTATION('',(#1232),#1239);
#1232 = B_SPLINE_CURVE_WITH_KNOTS('',5,(#1233,#1234,#1235,#1236,#1237,
    #1238),.UNSPECIFIED.,.F.,.F.,(6,6),(6.270912006158,6.28318530718),
  .PIECEWISE_BEZIER_KNOTS.);
#1233 = CARTESIAN_POINT('',(0.,15.781070991507));
#1234 = CARTESIAN_POINT('',(2.454660204305E-03,15.781546448291));
#1235 = CARTESIAN_POINT('',(4.909320408614E-03,15.781903046848));
#1236 = CARTESIAN_POINT('',(7.363980612915E-03,15.782140781208));
#1237 = CARTESIAN_POINT('',(9.818640817221E-03,15.782259648389));
#1238 = CARTESIAN_POINT('',(1.227330102153E-02,15.782259648389));
#1239 = ( GEOMETRIC_REPRESENTATION_CONTEXT(2) 
PARAMETRIC_REPRESENTATION_CONTEXT() REPRESENTATION_CONTEXT('2D SPACE',''
  ) );
#1240 = PCURVE('',#244,#1241);
#1241 = DEFINITIONAL_REPRESENTATION('',(#1242),#1249);
#1242 = B_SPLINE_CURVE_WITH_KNOTS('',5,(#1243,#1244,#1245,#1246,#1247,
    #1248),.UNSPECIFIED.,.F.,.F.,(6,6),(6.270912006158,6.28318530718),
  .PIECEWISE_BEZIER_KNOTS.);
#1243 = CARTESIAN_POINT('',(6.02601213971,15.781070991507));
#1244 = CARTESIAN_POINT('',(6.023557479506,15.781546448291));
#1245 = CARTESIAN_POINT('',(6.021102819302,15.781903046848));
#1246 = CARTESIAN_POINT('',(6.018648159097,15.782140781208));
#1247 = CARTESIAN_POINT('',(6.016193498893,15.782259648389));
#1248 = CARTESIAN_POINT('',(6.013738838689,15.782259648389));
#1249 = ( GEOMETRIC_REPRESENTATION_CONTEXT(2) 
PARAMETRIC_REPRESENTATION_CONTEXT() REPRESENTATION_CONTEXT('2D SPACE',''
  ) );
#1250 = ORIENTED_EDGE('',*,*,#1251,.T.);
#1251 = EDGE_CURVE('',#1222,#54,#1252,.T.);
#1252 = SURFACE_CURVE('',#1253,(#1258,#1269),.PCURVE_S1.);
#1253 = ELLIPSE('',#1254,22.832645917833,16.5);
#1254 = AXIS2_PLACEMENT_3D('',#1255,#1256,#1257);
#1255 = CARTESIAN_POINT('',(0.,0.,0.));
#1256 = DIRECTION('',(0.35023508396,-0.183999904326,-0.918411357275));
#1257 = DIRECTION('',(0.903464460311,-0.192367790736,0.383075191107));
#1258 = PCURVE('',#146,#1259);
#1259 = DEFINITIONAL_REPRESENTATION('',(#1260),#1268);
#1260 = B_SPLINE_CURVE_WITH_KNOTS('',6,(#1261,#1262,#1263,#1264,#1265,
    #1266,#1267),.UNSPECIFIED.,.F.,.F.,(7,7),(0.,0.603947681529),
  .PIECEWISE_BEZIER_KNOTS.);
#1261 = CARTESIAN_POINT('',(1.227330102153E-02,15.782259648389));
#1262 = CARTESIAN_POINT('',(0.112931247943,15.782259648389));
#1263 = CARTESIAN_POINT('',(0.213589194865,15.590372344413));
#1264 = CARTESIAN_POINT('',(0.314247141786,15.206596727503));
#1265 = CARTESIAN_POINT('',(0.414905088708,14.636768781922));
#1266 = CARTESIAN_POINT('',(0.515563035629,13.892545999583));
#1267 = CARTESIAN_POINT('',(0.616220982551,12.990380456766));
#1268 = ( GEOMETRIC_REPRESENTATION_CONTEXT(2) 
PARAMETRIC_REPRESENTATION_CONTEXT() REPRESENTATION_CONTEXT('2D SPACE',''
  ) );
#1269 = PCURVE('',#244,#1270);
#1270 = DEFINITIONAL_REPRESENTATION('',(#1271),#1279);
#1271 = B_SPLINE_CURVE_WITH_KNOTS('',6,(#1272,#1273,#1274,#1275,#1276,
    #1277,#1278),.UNSPECIFIED.,.F.,.F.,(7,7),(0.,0.603947681529),
  .PIECEWISE_BEZIER_KNOTS.);
#1272 = CARTESIAN_POINT('',(6.013738838689,15.782259648389));
#1273 = CARTESIAN_POINT('',(5.913080891767,15.782259648389));
#1274 = CARTESIAN_POINT('',(5.812422944846,15.590372344412));
#1275 = CARTESIAN_POINT('',(5.711764997924,15.206596727503));
#1276 = CARTESIAN_POINT('',(5.611107051003,14.636768781922));
#1277 = CARTESIAN_POINT('',(5.510449104081,13.892545999583));
#1278 = CARTESIAN_POINT('',(5.409791157159,12.990380456766));
#1279 = ( GEOMETRIC_REPRESENTATION_CONTEXT(2) 
PARAMETRIC_REPRESENTATION_CONTEXT() REPRESENTATION_CONTEXT('2D SPACE',''
  ) );
#1280 = ORIENTED_EDGE('',*,*,#53,.T.);
#1281 = ORIENTED_EDGE('',*,*,#1042,.T.);
#1282 = ORIENTED_EDGE('',*,*,#1283,.F.);
#1283 = EDGE_CURVE('',#1284,#959,#1286,.T.);
#1284 = VERTEX_POINT('',#1285);
#1285 = CARTESIAN_POINT('',(16.225461617519,12.32408842099,
    -5.159196415337));
#1286 = SURFACE_CURVE('',#1287,(#1314,#1344),.PCURVE_S1.);
#1287 = B_SPLINE_CURVE_WITH_KNOTS('',5,(#1288,#1289,#1290,#1291,#1292,
    #1293,#1294,#1295,#1296,#1297,#1298,#1299,#1300,#1301,#1302,#1303,
    #1304,#1305,#1306,#1307,#1308,#1309,#1310,#1311,#1312,#1313),
  .UNSPECIFIED.,.F.,.F.,(6,4,4,4,4,4,6),(0.,0.189844804623,
    0.289470864505,0.484433401093,0.697099050644,0.800220400239,1.),
  .UNSPECIFIED.);
#1288 = CARTESIAN_POINT('',(16.225461617519,12.324088420989,
    -5.159196415337));
#1289 = CARTESIAN_POINT('',(16.225656157519,12.324359597959,
    -5.310584840939));
#1290 = CARTESIAN_POINT('',(16.220453007524,12.32475158554,
    -5.464179515292));
#1291 = CARTESIAN_POINT('',(16.2093869047,12.325225077163,
    -5.619616374198));
#1292 = CARTESIAN_POINT('',(16.192013917132,12.325736418114,
    -5.77651792544));
#1293 = CARTESIAN_POINT('',(16.155262084819,12.326512130443,
    -6.017394595955));
#1294 = CARTESIAN_POINT('',(16.140763017171,12.326778347063,
    -6.100571646837));
#1295 = CARTESIAN_POINT('',(16.124361556709,12.327037715637,
    -6.18391950176));
#1296 = CARTESIAN_POINT('',(16.106015082127,12.327284676974,
    -6.267336651708));
#1297 = CARTESIAN_POINT('',(16.045916184686,12.327963373765,
    -6.513910489347));
#1298 = CARTESIAN_POINT('',(15.998544709027,12.32834616395,
    -6.677073053437));
#1299 = CARTESIAN_POINT('',(15.943408320531,12.328623973341,
    -6.839075651885));
#1300 = CARTESIAN_POINT('',(15.880606247108,12.328772170668,
    -6.998898404077));
#1301 = CARTESIAN_POINT('',(15.734034350956,12.328808159609,
    -7.326612558801));
#1302 = CARTESIAN_POINT('',(15.648990310503,12.328671087273,
    -7.493668645897));
#1303 = CARTESIAN_POINT('',(15.555896327077,12.32837609261,
    -7.655656260896));
#1304 = CARTESIAN_POINT('',(15.455652015927,12.327954563087,
    -7.811597636368));
#1305 = CARTESIAN_POINT('',(15.298073675678,12.327216534933,
    -8.032987094075));
#1306 = CARTESIAN_POINT('',(15.245216660927,12.326957645827,
    -8.103697302655));
#1307 = CARTESIAN_POINT('',(15.191066310284,12.32668652975,
    -8.172781294512));
#1308 = CARTESIAN_POINT('',(15.135737861263,12.326409413993,
    -8.240203736461));
#1309 = CARTESIAN_POINT('',(14.970125607165,12.325597780172,
    -8.43327750315));
#1310 = CARTESIAN_POINT('',(14.856997230839,12.325065625306,
    -8.554206971833));
#1311 = CARTESIAN_POINT('',(14.740626837551,12.324584024207,
    -8.668820425209));
#1312 = CARTESIAN_POINT('',(14.621665835854,12.324203678077,
    -8.777241494226));
#1313 = CARTESIAN_POINT('',(14.50076167827,12.323969500158,
    -8.879620620248));
#1314 = PCURVE('',#146,#1315);
#1315 = DEFINITIONAL_REPRESENTATION('',(#1316),#1343);
#1316 = B_SPLINE_CURVE_WITH_KNOTS('',5,(#1317,#1318,#1319,#1320,#1321,
    #1322,#1323,#1324,#1325,#1326,#1327,#1328,#1329,#1330,#1331,#1332,
    #1333,#1334,#1335,#1336,#1337,#1338,#1339,#1340,#1341,#1342),
  .UNSPECIFIED.,.F.,.F.,(6,4,4,4,4,4,6),(0.,0.189844804623,
    0.289470864505,0.484433401093,0.697099050644,0.800220400239,1.),
  .UNSPECIFIED.);
#1317 = CARTESIAN_POINT('',(4.834961387648,13.019833630349));
#1318 = CARTESIAN_POINT('',(4.826550499505,13.080321433443));
#1319 = CARTESIAN_POINT('',(4.817891465736,13.136920254262));
#1320 = CARTESIAN_POINT('',(4.808992816015,13.189087012016));
#1321 = CARTESIAN_POINT('',(4.799863903795,13.236293145471));
#1322 = CARTESIAN_POINT('',(4.785608660058,13.299920257478));
#1323 = CARTESIAN_POINT('',(4.780643052844,13.320304813604));
#1324 = CARTESIAN_POINT('',(4.775622359254,13.339089813425));
#1325 = CARTESIAN_POINT('',(4.770550945287,13.356198839321));
#1326 = CARTESIAN_POINT('',(4.755418045086,13.401635328077));
#1327 = CARTESIAN_POINT('',(4.745220033969,13.425046954352));
#1328 = CARTESIAN_POINT('',(4.734896156871,13.441209413988));
#1329 = CARTESIAN_POINT('',(4.724502883426,13.449809505497));
#1330 = CARTESIAN_POINT('',(4.702745769103,13.451896558632));
#1331 = CARTESIAN_POINT('',(4.691396105288,13.443938688718));
#1332 = CARTESIAN_POINT('',(4.68012142658,13.426936480703));
#1333 = CARTESIAN_POINT('',(4.668995202883,13.401281042802));
#1334 = CARTESIAN_POINT('',(4.652804558989,13.351501675316));
#1335 = CARTESIAN_POINT('',(4.647568000889,13.333390460748));
#1336 = CARTESIAN_POINT('',(4.642386680366,13.313498783855));
#1337 = CARTESIAN_POINT('',(4.637265259588,13.291912024815));
#1338 = CARTESIAN_POINT('',(4.622411555232,13.223806594012));
#1339 = CARTESIAN_POINT('',(4.612861994031,13.172907381182));
#1340 = CARTESIAN_POINT('',(4.603569838093,13.116630105486));
#1341 = CARTESIAN_POINT('',(4.594544282864,13.055582266811));
#1342 = CARTESIAN_POINT('',(4.585793465171,12.990380127246));
#1343 = ( GEOMETRIC_REPRESENTATION_CONTEXT(2) 
PARAMETRIC_REPRESENTATION_CONTEXT() REPRESENTATION_CONTEXT('2D SPACE',''
  ) );
#1344 = PCURVE('',#1030,#1345);
#1345 = DEFINITIONAL_REPRESENTATION('',(#1346),#1373);
#1346 = B_SPLINE_CURVE_WITH_KNOTS('',5,(#1347,#1348,#1349,#1350,#1351,
    #1352,#1353,#1354,#1355,#1356,#1357,#1358,#1359,#1360,#1361,#1362,
    #1363,#1364,#1365,#1366,#1367,#1368,#1369,#1370,#1371,#1372),
  .UNSPECIFIED.,.F.,.F.,(6,4,4,4,4,4,6),(0.,0.189844804623,
    0.289470864505,0.484433401093,0.697099050644,0.800220400239,1.),
  .UNSPECIFIED.);
#1347 = CARTESIAN_POINT('',(0.,20.143635912167));
#1348 = CARTESIAN_POINT('',(2.437556156354E-02,20.182732187358));
#1349 = CARTESIAN_POINT('',(4.923668177659E-02,20.219447007954));
#1350 = CARTESIAN_POINT('',(7.456783285245E-02,20.253394097606));
#1351 = CARTESIAN_POINT('',(0.100358103953,20.28419234481));
#1352 = CARTESIAN_POINT('',(0.140372955503,20.325786682181));
#1353 = CARTESIAN_POINT('',(0.154266054653,20.339129403248));
#1354 = CARTESIAN_POINT('',(0.168271557039,20.351438560409));
#1355 = CARTESIAN_POINT('',(0.182381107984,20.362659773134));
#1356 = CARTESIAN_POINT('',(0.224386941258,20.392481819741));
#1357 = CARTESIAN_POINT('',(0.252570634693,20.407879576203));
#1358 = CARTESIAN_POINT('',(0.281012257843,20.418522530136));
#1359 = CARTESIAN_POINT('',(0.309598206558,20.424186034451));
#1360 = CARTESIAN_POINT('',(0.36943084355,20.425560466061));
#1361 = CARTESIAN_POINT('',(0.400637755698,20.420319945996));
#1362 = CARTESIAN_POINT('',(0.431688478746,20.409121388436));
#1363 = CARTESIAN_POINT('',(0.462435995122,20.392245921656));
#1364 = CARTESIAN_POINT('',(0.5073982093,20.359578741661));
#1365 = CARTESIAN_POINT('',(0.521975778131,20.347702655541));
#1366 = CARTESIAN_POINT('',(0.536440153097,20.334671709215));
#1367 = CARTESIAN_POINT('',(0.550782475116,20.320546676568));
#1368 = CARTESIAN_POINT('',(0.592524056629,20.276042628874));
#1369 = CARTESIAN_POINT('',(0.619546890627,20.242853290132));
#1370 = CARTESIAN_POINT('',(0.646058110124,20.20625923485));
#1371 = CARTESIAN_POINT('',(0.672048683032,20.16669899585));
#1372 = CARTESIAN_POINT('',(0.697504512334,20.124611197495));
#1373 = ( GEOMETRIC_REPRESENTATION_CONTEXT(2) 
PARAMETRIC_REPRESENTATION_CONTEXT() REPRESENTATION_CONTEXT('2D SPACE',''
  ) );
#1374 = ORIENTED_EDGE('',*,*,#1375,.F.);
#1375 = EDGE_CURVE('',#1376,#1284,#1378,.T.);
#1376 = VERTEX_POINT('',#1377);
#1377 = CARTESIAN_POINT('',(16.224872563431,12.323969503496,
    -5.086579005317));
#1378 = SURFACE_CURVE('',#1379,(#1385,#1394),.PCURVE_S1.);
#1379 = B_SPLINE_CURVE_WITH_KNOTS('',4,(#1380,#1381,#1382,#1383,#1384),
  .UNSPECIFIED.,.F.,.F.,(5,5),(0.,1.),.PIECEWISE_BEZIER_KNOTS.);
#1380 = CARTESIAN_POINT('',(16.224872529735,12.323969500158,
    -5.086576747026));
#1381 = CARTESIAN_POINT('',(16.225142681594,12.323996265189,
    -5.104681987028));
#1382 = CARTESIAN_POINT('',(16.225331577766,12.324025064702,
    -5.122820628857));
#1383 = CARTESIAN_POINT('',(16.225438224475,12.324055812503,
    -5.140992261228));
#1384 = CARTESIAN_POINT('',(16.225461617519,12.324088420989,
    -5.159196415337));
#1385 = PCURVE('',#146,#1386);
#1386 = DEFINITIONAL_REPRESENTATION('',(#1387),#1393);
#1387 = B_SPLINE_CURVE_WITH_KNOTS('',4,(#1388,#1389,#1390,#1391,#1392),
  .UNSPECIFIED.,.F.,.F.,(5,5),(0.,1.),.PIECEWISE_BEZIER_KNOTS.);
#1388 = CARTESIAN_POINT('',(4.838984495598,12.990380127246));
#1389 = CARTESIAN_POINT('',(4.837984333364,12.997832312844));
#1390 = CARTESIAN_POINT('',(4.836980428868,13.00522597269));
#1391 = CARTESIAN_POINT('',(4.835972780054,13.012560093519));
#1392 = CARTESIAN_POINT('',(4.834961387648,13.019833630349));
#1393 = ( GEOMETRIC_REPRESENTATION_CONTEXT(2) 
PARAMETRIC_REPRESENTATION_CONTEXT() REPRESENTATION_CONTEXT('2D SPACE',''
  ) );
#1394 = PCURVE('',#1030,#1395);
#1395 = DEFINITIONAL_REPRESENTATION('',(#1396),#1402);
#1396 = B_SPLINE_CURVE_WITH_KNOTS('',4,(#1397,#1398,#1399,#1400,#1401),
  .UNSPECIFIED.,.F.,.F.,(5,5),(0.,1.),.PIECEWISE_BEZIER_KNOTS.);
#1397 = CARTESIAN_POINT('',(6.271504252389,20.124611197495));
#1398 = CARTESIAN_POINT('',(6.274413690113,20.129421562413));
#1399 = CARTESIAN_POINT('',(6.277330329053,20.134196295449));
#1400 = CARTESIAN_POINT('',(6.280254194861,20.138934663602));
#1401 = CARTESIAN_POINT('',(6.28318530718,20.143635912167));
#1402 = ( GEOMETRIC_REPRESENTATION_CONTEXT(2) 
PARAMETRIC_REPRESENTATION_CONTEXT() REPRESENTATION_CONTEXT('2D SPACE',''
  ) );
#1403 = ORIENTED_EDGE('',*,*,#1404,.T.);
#1404 = EDGE_CURVE('',#1376,#1109,#1405,.T.);
#1405 = SURFACE_CURVE('',#1406,(#1411,#1418),.PCURVE_S1.);
#1406 = CIRCLE('',#1407,16.5);
#1407 = AXIS2_PLACEMENT_3D('',#1408,#1409,#1410);
#1408 = CARTESIAN_POINT('',(11.40016470513,-3.454595365191,
    -5.181893047787));
#1409 = DIRECTION('',(0.877585088175,-0.265934875205,-0.398902312807));
#1410 = DIRECTION('',(0.413802944301,-1.387778780781E-17,0.910366477463)
  );
#1411 = PCURVE('',#146,#1412);
#1412 = DEFINITIONAL_REPRESENTATION('',(#1413),#1417);
#1413 = LINE('',#1414,#1415);
#1414 = CARTESIAN_POINT('',(0.,12.990381056767));
#1415 = VECTOR('',#1416,1.);
#1416 = DIRECTION('',(1.,0.));
#1417 = ( GEOMETRIC_REPRESENTATION_CONTEXT(2) 
PARAMETRIC_REPRESENTATION_CONTEXT() REPRESENTATION_CONTEXT('2D SPACE',''
  ) );
#1418 = PCURVE('',#1419,#1424);
#1419 = SPHERICAL_SURFACE('',#1420,21.);
#1420 = AXIS2_PLACEMENT_3D('',#1421,#1422,#1423);
#1421 = CARTESIAN_POINT('',(0.,0.,0.));
#1422 = DIRECTION('',(0.,0.,1.));
#1423 = DIRECTION('',(1.,0.,-0.));
#1424 = DEFINITIONAL_REPRESENTATION('',(#1425),#1470);
#1425 = B_SPLINE_CURVE_WITH_KNOTS('',8,(#1426,#1427,#1428,#1429,#1430,
    #1431,#1432,#1433,#1434,#1435,#1436,#1437,#1438,#1439,#1440,#1441,
    #1442,#1443,#1444,#1445,#1446,#1447,#1448,#1449,#1450,#1451,#1452,
    #1453,#1454,#1455,#1456,#1457,#1458,#1459,#1460,#1461,#1462,#1463,
    #1464,#1465,#1466,#1467,#1468,#1469),.UNSPECIFIED.,.F.,.F.,(9,7,7,7,
    7,7,9),(3.360527705443,3.529510364811,3.687931607968,3.984971438888,
    4.504791142997,5.284520699162,6.064250255326),.UNSPECIFIED.);
#1426 = CARTESIAN_POINT('',(-1.723066134218E-13,-1.300715712931));
#1427 = CARTESIAN_POINT('',(5.853241514832E-02,-1.295098415128));
#1428 = CARTESIAN_POINT('',(0.114035812698,-1.288241098844));
#1429 = CARTESIAN_POINT('',(0.165981609095,-1.2802479133));
#1430 = CARTESIAN_POINT('',(0.214119107452,-1.271241599835));
#1431 = CARTESIAN_POINT('',(0.258475864547,-1.261345361624));
#1432 = CARTESIAN_POINT('',(0.299210548754,-1.250670068087));
#1433 = CARTESIAN_POINT('',(0.336550572466,-1.239313927276));
#1434 = CARTESIAN_POINT('',(0.402808273301,-1.216157195339));
#1435 = CARTESIAN_POINT('',(0.432106483407,-1.204428742892));
#1436 = CARTESIAN_POINT('',(0.458850670435,-1.192246903256));
#1437 = CARTESIAN_POINT('',(0.483268060708,-1.179671828437));
#1438 = CARTESIAN_POINT('',(0.505576280666,-1.166754160681));
#1439 = CARTESIAN_POINT('',(0.525973838787,-1.15353656008));
#1440 = CARTESIAN_POINT('',(0.544640064433,-1.14005538179));
#1441 = CARTESIAN_POINT('',(0.593786845834,-1.100628425989));
#1442 = CARTESIAN_POINT('',(0.62031361499,-1.074097658604));
#1443 = CARTESIAN_POINT('',(0.642368317182,-1.046954052656));
#1444 = CARTESIAN_POINT('',(0.660763326047,-1.019337225907));
#1445 = CARTESIAN_POINT('',(0.676096445434,-0.991349493463));
#1446 = CARTESIAN_POINT('',(0.68883654466,-0.963069424022));
#1447 = CARTESIAN_POINT('',(0.699347724242,-0.934559117545));
#1448 = CARTESIAN_POINT('',(0.722924976669,-0.855661750476));
#1449 = CARTESIAN_POINT('',(0.731994611168,-0.804904184044));
#1450 = CARTESIAN_POINT('',(0.736689234462,-0.753867399593));
#1451 = CARTESIAN_POINT('',(0.737871978072,-0.702714780206));
#1452 = CARTESIAN_POINT('',(0.736126238019,-0.651576900569));
#1453 = CARTESIAN_POINT('',(0.731837640097,-0.600560179577));
#1454 = CARTESIAN_POINT('',(0.725274018412,-0.549762548253));
#1455 = CARTESIAN_POINT('',(0.703623536196,-0.423551505615));
#1456 = CARTESIAN_POINT('',(0.685916119378,-0.348529645359));
#1457 = CARTESIAN_POINT('',(0.664094357668,-0.274530550724));
#1458 = CARTESIAN_POINT('',(0.638321426461,-0.201856126937));
#1459 = CARTESIAN_POINT('',(0.608574749146,-0.130843083857));
#1460 = CARTESIAN_POINT('',(0.57466809333,-6.188049271071E-02));
#1461 = CARTESIAN_POINT('',(0.536298882848,4.553718860491E-03));
#1462 = CARTESIAN_POINT('',(0.449964305236,0.131198774767));
#1463 = CARTESIAN_POINT('',(0.401998912552,0.191409530775));
#1464 = CARTESIAN_POINT('',(0.348901131708,0.247925973814));
#1465 = CARTESIAN_POINT('',(0.290301676884,0.300056254963));
#1466 = CARTESIAN_POINT('',(0.22590831015,0.346998122333));
#1467 = CARTESIAN_POINT('',(0.155606316928,0.387808017183));
#1468 = CARTESIAN_POINT('',(7.992999703465E-02,0.421541066401));
#1469 = CARTESIAN_POINT('',(-5.062616992291E-14,0.447460726678));
#1470 = ( GEOMETRIC_REPRESENTATION_CONTEXT(2) 
PARAMETRIC_REPRESENTATION_CONTEXT() REPRESENTATION_CONTEXT('2D SPACE',''
  ) );
#1471 = FACE_BOUND('',#1472,.T.);
#1472 = EDGE_LOOP('',(#1473));
#1473 = ORIENTED_EDGE('',*,*,#1474,.F.);
#1474 = EDGE_CURVE('',#1475,#1475,#1477,.T.);
#1475 = VERTEX_POINT('',#1476);
#1476 = CARTESIAN_POINT('',(33.104991053187,-27.23866155109,
    -18.34950638911));
#1477 = SURFACE_CURVE('',#1478,(#1541,#1607),.PCURVE_S1.);
#1478 = B_SPLINE_CURVE_WITH_KNOTS('',7,(#1479,#1480,#1481,#1482,#1483,
    #1484,#1485,#1486,#1487,#1488,#1489,#1490,#1491,#1492,#1493,#1494,
    #1495,#1496,#1497,#1498,#1499,#1500,#1501,#1502,#1503,#1504,#1505,
    #1506,#1507,#1508,#1509,#1510,#1511,#1512,#1513,#1514,#1515,#1516,
    #1517,#1518,#1519,#1520,#1521,#1522,#1523,#1524,#1525,#1526,#1527,
    #1528,#1529,#1530,#1531,#1532,#1533,#1534,#1535,#1536,#1537,#1538,
    #1539,#1540),.UNSPECIFIED.,.T.,.F.,(8,6,6,6,6,6,6,6,6,6,8),(0.,
    4.785369569312E-02,0.113696233554,0.191851566002,0.323492247325,
    0.445213982821,0.556908899564,0.694382928363,0.822039824351,
    0.916041174638,1.),.UNSPECIFIED.);
#1479 = CARTESIAN_POINT('',(33.104991053187,-27.23866155109,
    -18.34950638911));
#1480 = CARTESIAN_POINT('',(33.107065189195,-27.23181690227,
    -18.47334221928));
#1481 = CARTESIAN_POINT('',(33.115904845589,-27.22637298551,
    -18.59505004192));
#1482 = CARTESIAN_POINT('',(33.131061322073,-27.22234598442,
    -18.71426496607));
#1483 = CARTESIAN_POINT('',(33.152088543779,-27.21974932664,
    -18.8306661806));
#1484 = CARTESIAN_POINT('',(33.178543891087,-27.21859027351,
    -18.94397580303));
#1485 = CARTESIAN_POINT('',(33.209989029446,-27.21886650988,
    -19.05395772835));
#1486 = CARTESIAN_POINT('',(33.295525971581,-27.22289659075,
    -19.30689449047));
#1487 = CARTESIAN_POINT('',(33.353736876053,-27.22792109301,
    -19.44684802692));
#1488 = CARTESIAN_POINT('',(33.419637828653,-27.23561352118,
    -19.5800696797));
#1489 = CARTESIAN_POINT('',(33.492382157451,-27.24594295042,
    -19.70644129506));
#1490 = CARTESIAN_POINT('',(33.57124707683,-27.25887203576,
    -19.82590647924));
#1491 = CARTESIAN_POINT('',(33.655618621773,-27.2743587976,
    -19.93844310464));
#1492 = CARTESIAN_POINT('',(33.851044806842,-27.31372400912,
    -20.1693747495));
#1493 = CARTESIAN_POINT('',(33.964156836485,-27.33863391885,
    -20.28495170971));
#1494 = CARTESIAN_POINT('',(34.083438895325,-27.3670144691,
    -20.3907265264));
#1495 = CARTESIAN_POINT('',(34.208172537694,-27.39877990913,
    -20.48665482566));
#1496 = CARTESIAN_POINT('',(34.337759272845,-27.4338337869,
    -20.57266486702));
#1497 = CARTESIAN_POINT('',(34.47168778496,-27.47206628238,
    -20.64863399988));
#1498 = CARTESIAN_POINT('',(34.841633620311,-27.58287936282,
    -20.82507809822));
#1499 = CARTESIAN_POINT('',(35.084477608091,-27.66096601221,
    -20.90659590979));
#1500 = CARTESIAN_POINT('',(35.336016125277,-27.74700680584,
    -20.9582089042));
#1501 = CARTESIAN_POINT('',(35.594473738359,-27.84019449014,
    -20.97835881558));
#1502 = CARTESIAN_POINT('',(35.857873762336,-27.93936658922,
    -20.96465772432));
#1503 = CARTESIAN_POINT('',(36.123547951111,-28.04265841529,
    -20.91385810388));
#1504 = CARTESIAN_POINT('',(36.631181566529,-28.24357720147,
    -20.73677062416));
#1505 = CARTESIAN_POINT('',(36.880187097946,-28.34372302274,
    -20.61409840873));
#1506 = CARTESIAN_POINT('',(37.124336534736,-28.44262530983,
    -20.44931342696));
#1507 = CARTESIAN_POINT('',(37.353941022516,-28.53461412486,
    -20.2412570318));
#1508 = CARTESIAN_POINT('',(37.559793816994,-28.6138106568,
    -19.99165206898));
#1509 = CARTESIAN_POINT('',(37.733129088417,-28.67522119151,
    -19.70464186453));
#1510 = CARTESIAN_POINT('',(37.98699230149,-28.75214943789,
    -19.09485729817));
#1511 = CARTESIAN_POINT('',(38.067748321342,-28.76913974838,
    -18.79196635588));
#1512 = CARTESIAN_POINT('',(38.108052598753,-28.76704054843,
    -18.48676490658));
#1513 = CARTESIAN_POINT('',(38.109727864946,-28.74811468361,
    -18.18763342575));
#1514 = CARTESIAN_POINT('',(38.076308138483,-28.71583289656,
    -17.9022394829));
#1515 = CARTESIAN_POINT('',(38.013390583291,-28.67416477085,
    -17.63707760869));
#1516 = CARTESIAN_POINT('',(37.824830934088,-28.56934492394,
    -17.10152929305));
#1517 = CARTESIAN_POINT('',(37.684994519873,-28.50174818891,
    -16.83534342499));
#1518 = CARTESIAN_POINT('',(37.51640212628,-28.42879563911,
    -16.59972247168));
#1519 = CARTESIAN_POINT('',(37.324024498765,-28.35337254046,
    -16.39475938934));
#1520 = CARTESIAN_POINT('',(37.111491159732,-28.27730072039,
    -16.22037197396));
#1521 = CARTESIAN_POINT('',(36.881495046441,-28.20175751342,
    -16.07684528227));
#1522 = CARTESIAN_POINT('',(36.408319612572,-28.05837101831,
    -15.86176553961));
#1523 = CARTESIAN_POINT('',(36.167784916804,-27.99052391689,
    -15.78604617274));
#1524 = CARTESIAN_POINT('',(35.916388498194,-27.92440981491,
    -15.73888413471));
#1525 = CARTESIAN_POINT('',(35.655931049114,-27.86030328392,
    -15.72177436342));
#1526 = CARTESIAN_POINT('',(35.388570116349,-27.79831458137,
    -15.73696862821));
#1527 = CARTESIAN_POINT('',(35.117359302277,-27.73837558024,
    -15.78749682674));
#1528 = CARTESIAN_POINT('',(34.648064395376,-27.63756704988,
    -15.9431927109));
#1529 = CARTESIAN_POINT('',(34.447833476718,-27.59546715184,
    -16.03101354404));
#1530 = CARTESIAN_POINT('',(34.249912794094,-27.5543259246,
    -16.14228199368));
#1531 = CARTESIAN_POINT('',(34.058184126754,-27.51431094601,
    -16.2780814787));
#1532 = CARTESIAN_POINT('',(33.876845551669,-27.47550395374,
    -16.43895116201));
#1533 = CARTESIAN_POINT('',(33.710422220963,-27.43804495749,
    -16.62485114613));
#1534 = CARTESIAN_POINT('',(33.432902444582,-27.37049957854,
    -17.02282256554));
#1535 = CARTESIAN_POINT('',(33.319359232174,-27.34043377085,
    -17.22773259619));
#1536 = CARTESIAN_POINT('',(33.227634311212,-27.31280933289,
    -17.44614867418));
#1537 = CARTESIAN_POINT('',(33.160474116758,-27.28821199817,
    -17.67321587919));
#1538 = CARTESIAN_POINT('',(33.118749013237,-27.26732658465,
    -17.90335805433));
#1539 = CARTESIAN_POINT('',(33.101326491923,-27.25075460326,
    -18.13071457185));
#1540 = CARTESIAN_POINT('',(33.104991053187,-27.23866155109,
    -18.34950638911));
#1541 = PCURVE('',#146,#1542);
#1542 = DEFINITIONAL_REPRESENTATION('',(#1543),#1606);
#1543 = B_SPLINE_CURVE_WITH_KNOTS('',7,(#1544,#1545,#1546,#1547,#1548,
    #1549,#1550,#1551,#1552,#1553,#1554,#1555,#1556,#1557,#1558,#1559,
    #1560,#1561,#1562,#1563,#1564,#1565,#1566,#1567,#1568,#1569,#1570,
    #1571,#1572,#1573,#1574,#1575,#1576,#1577,#1578,#1579,#1580,#1581,
    #1582,#1583,#1584,#1585,#1586,#1587,#1588,#1589,#1590,#1591,#1592,
    #1593,#1594,#1595,#1596,#1597,#1598,#1599,#1600,#1601,#1602,#1603,
    #1604,#1605),.UNSPECIFIED.,.F.,.F.,(8,6,6,6,6,6,6,6,6,6,8),(0.,
    4.785369569312E-02,0.113696233554,0.191851566002,0.323492247325,
    0.445213982821,0.556908899564,0.694382928363,0.822039824351,
    0.916041174638,1.),.UNSPECIFIED.);
#1544 = CARTESIAN_POINT('',(1.753990966202,43.615817090259));
#1545 = CARTESIAN_POINT('',(1.760886823348,43.665215489323));
#1546 = CARTESIAN_POINT('',(1.767500991249,43.720074844574));
#1547 = CARTESIAN_POINT('',(1.773823463164,43.779860131259));
#1548 = CARTESIAN_POINT('',(1.779846443552,43.844055479298));
#1549 = CARTESIAN_POINT('',(1.78556433831,43.912163535401));
#1550 = CARTESIAN_POINT('',(1.790973745011,43.98370482518));
#1551 = CARTESIAN_POINT('',(1.803090185784,44.160739568546));
#1552 = CARTESIAN_POINT('',(1.809527570746,44.268988570035));
#1553 = CARTESIAN_POINT('',(1.815395840038,44.382010373667));
#1554 = CARTESIAN_POINT('',(1.82070695738,44.499006596985));
#1555 = CARTESIAN_POINT('',(1.825473512272,44.619310507179));
#1556 = CARTESIAN_POINT('',(1.829707624067,44.742363307113));
#1557 = CARTESIAN_POINT('',(1.837826267058,45.016454162816));
#1558 = CARTESIAN_POINT('',(1.841498127233,45.168447923791));
#1559 = CARTESIAN_POINT('',(1.844452305435,45.322869277019));
#1560 = CARTESIAN_POINT('',(1.846702259465,45.479047220328));
#1561 = CARTESIAN_POINT('',(1.848257621839,45.636402259757));
#1562 = CARTESIAN_POINT('',(1.849123695519,45.794407541581));
#1563 = CARTESIAN_POINT('',(1.849599238482,46.218919511743));
#1564 = CARTESIAN_POINT('',(1.84794280781,46.485319381107));
#1565 = CARTESIAN_POINT('',(1.844342821128,46.749535623445));
#1566 = CARTESIAN_POINT('',(1.838762406137,47.009173872058));
#1567 = CARTESIAN_POINT('',(1.831128847003,47.261237728129));
#1568 = CARTESIAN_POINT('',(1.821346352975,47.501594247302));
#1569 = CARTESIAN_POINT('',(1.798189253144,47.92987664555));
#1570 = CARTESIAN_POINT('',(1.784832147546,48.126098222824));
#1571 = CARTESIAN_POINT('',(1.769267292107,48.300928584869));
#1572 = CARTESIAN_POINT('',(1.751705514676,48.443894916339));
#1573 = CARTESIAN_POINT('',(1.732500487065,48.546041382019));
#1574 = CARTESIAN_POINT('',(1.712108771247,48.6));
#1575 = CARTESIAN_POINT('',(1.671806802548,48.6));
#1576 = CARTESIAN_POINT('',(1.652985950588,48.554564697495));
#1577 = CARTESIAN_POINT('',(1.63509481605,48.467631315863));
#1578 = CARTESIAN_POINT('',(1.618531625412,48.344744217456));
#1579 = CARTESIAN_POINT('',(1.603617380556,48.192986406989));
#1580 = CARTESIAN_POINT('',(1.5905635933,48.020916206066));
#1581 = CARTESIAN_POINT('',(1.565743351773,47.613932355057));
#1582 = CARTESIAN_POINT('',(1.554565310882,47.367055515458));
#1583 = CARTESIAN_POINT('',(1.545791359373,47.105710974417));
#1584 = CARTESIAN_POINT('',(1.539303879252,46.835065357295));
#1585 = CARTESIAN_POINT('',(1.535009293781,46.558755574924));
#1586 = CARTESIAN_POINT('',(1.53285690869,46.279571712981));
#1587 = CARTESIAN_POINT('',(1.53285690869,45.740392731654));
#1588 = CARTESIAN_POINT('',(1.534712885238,45.481055528444));
#1589 = CARTESIAN_POINT('',(1.538418214155,45.224038688746));
#1590 = CARTESIAN_POINT('',(1.544009391089,44.971591825673));
#1591 = CARTESIAN_POINT('',(1.551555049943,44.726535927405));
#1592 = CARTESIAN_POINT('',(1.561144254514,44.492741305694));
#1593 = CARTESIAN_POINT('',(1.581504051483,44.116194037788));
#1594 = CARTESIAN_POINT('',(1.591371224943,43.964310471702));
#1595 = CARTESIAN_POINT('',(1.602475546362,43.82406258676));
#1596 = CARTESIAN_POINT('',(1.614781769003,43.69933371764));
#1597 = CARTESIAN_POINT('',(1.628219434839,43.594044844324));
#1598 = CARTESIAN_POINT('',(1.642681016518,43.512188491092));
#1599 = CARTESIAN_POINT('',(1.671708827743,43.409430321382));
#1600 = CARTESIAN_POINT('',(1.685935161727,43.383530029634));
#1601 = CARTESIAN_POINT('',(1.700386231854,43.382813983987));
#1602 = CARTESIAN_POINT('',(1.714729993169,43.407911542919));
#1603 = CARTESIAN_POINT('',(1.728637571934,43.457544300365));
#1604 = CARTESIAN_POINT('',(1.741807439719,43.52854052833));
#1605 = CARTESIAN_POINT('',(1.753990966202,43.615817090259));
#1606 = ( GEOMETRIC_REPRESENTATION_CONTEXT(2) 
PARAMETRIC_REPRESENTATION_CONTEXT() REPRESENTATION_CONTEXT('2D SPACE',''
  ) );
#1607 = PCURVE('',#1608,#1613);
#1608 = CYLINDRICAL_SURFACE('',#1609,2.6);
#1609 = AXIS2_PLACEMENT_3D('',#1610,#1611,#1612);
#1610 = CARTESIAN_POINT('',(45.734050868787,5.471947222609,
    -18.34950638911));
#1611 = DIRECTION('',(-0.290007395283,-0.957024404433,0.));
#1612 = DIRECTION('',(-0.957024404433,0.290007395283,0.));
#1613 = DEFINITIONAL_REPRESENTATION('',(#1614),#1677);
#1614 = B_SPLINE_CURVE_WITH_KNOTS('',7,(#1615,#1616,#1617,#1618,#1619,
    #1620,#1621,#1622,#1623,#1624,#1625,#1626,#1627,#1628,#1629,#1630,
    #1631,#1632,#1633,#1634,#1635,#1636,#1637,#1638,#1639,#1640,#1641,
    #1642,#1643,#1644,#1645,#1646,#1647,#1648,#1649,#1650,#1651,#1652,
    #1653,#1654,#1655,#1656,#1657,#1658,#1659,#1660,#1661,#1662,#1663,
    #1664,#1665,#1666,#1667,#1668,#1669,#1670,#1671,#1672,#1673,#1674,
    #1675,#1676),.UNSPECIFIED.,.F.,.F.,(8,6,6,6,6,6,6,6,6,6,8),(0.,
    4.785369569312E-02,0.113696233554,0.191851566002,0.323492247325,
    0.445213982821,0.556908899564,0.694382928363,0.822039824351,
    0.916041174638,1.),.UNSPECIFIED.);
#1615 = CARTESIAN_POINT('',(0.,34.967371622305));
#1616 = CARTESIAN_POINT('',(4.76291654503E-02,34.960219611558));
#1617 = CARTESIAN_POINT('',(9.443996204423E-02,34.95244608464));
#1618 = CARTESIAN_POINT('',(0.14046813882,34.944196656057));
#1619 = CARTESIAN_POINT('',(0.185740046201,34.935613541388));
#1620 = CARTESIAN_POINT('',(0.230274509833,34.926832052901));
#1621 = CARTESIAN_POINT('',(0.274084704413,34.917977095178));
#1622 = CARTESIAN_POINT('',(0.376475457119,34.897027635133));
#1623 = CARTESIAN_POINT('',(0.434476666466,34.884954613628));
#1624 = CARTESIAN_POINT('',(0.491332694456,34.873204691509));
#1625 = CARTESIAN_POINT('',(0.547178129191,34.861993814056));
#1626 = CARTESIAN_POINT('',(0.602137827801,34.85149585441));
#1627 = CARTESIAN_POINT('',(0.656331636265,34.841848691445));
#1628 = CARTESIAN_POINT('',(0.773440154816,34.822847120661));
#1629 = CARTESIAN_POINT('',(0.836101059495,34.813883187085));
#1630 = CARTESIAN_POINT('',(0.898054228678,34.806451387098));
#1631 = CARTESIAN_POINT('',(0.959474916052,34.800678009695));
#1632 = CARTESIAN_POINT('',(1.020531420909,34.796644314676));
#1633 = CARTESIAN_POINT('',(1.081391676201,34.794393486935));
#1634 = CARTESIAN_POINT('',(1.244692706683,34.79315728114));
#1635 = CARTESIAN_POINT('',(1.3469474513,34.797461557915));
#1636 = CARTESIAN_POINT('',(1.44989874281,34.806856667008));
#1637 = CARTESIAN_POINT('',(1.554341361047,34.821084935917));
#1638 = CARTESIAN_POINT('',(1.66112514057,34.839607100104));
#1639 = CARTESIAN_POINT('',(1.771117504875,34.861412418956));
#1640 = CARTESIAN_POINT('',(1.991186488158,34.906479098068));
#1641 = CARTESIAN_POINT('',(2.10356629875,34.930107647445));
#1642 = CARTESIAN_POINT('',(2.221057344631,34.953954407621));
#1643 = CARTESIAN_POINT('',(2.34283204627,34.975402949094));
#1644 = CARTESIAN_POINT('',(2.468489760171,34.991497130177));
#1645 = CARTESIAN_POINT('',(2.597898561397,35.));
#1646 = CARTESIAN_POINT('',(2.853661055064,35.));
#1647 = CARTESIAN_POINT('',(2.973100881269,34.992840298807));
#1648 = CARTESIAN_POINT('',(3.089561643081,34.979142774708));
#1649 = CARTESIAN_POINT('',(3.202798826757,34.96054442062));
#1650 = CARTESIAN_POINT('',(3.312355627272,34.93934193042));
#1651 = CARTESIAN_POINT('',(3.417437830562,34.917711073525));
#1652 = CARTESIAN_POINT('',(3.63880786201,34.872079614681));
#1653 = CARTESIAN_POINT('',(3.755688480105,34.847941483853));
#1654 = CARTESIAN_POINT('',(3.868700824511,34.827017154261));
#1655 = CARTESIAN_POINT('',(3.978858486899,34.810626342858));
#1656 = CARTESIAN_POINT('',(4.087163891142,34.799459994628));
#1657 = CARTESIAN_POINT('',(4.194541914751,34.793863875705));
#1658 = CARTESIAN_POINT('',(4.40191844603,34.793863875705));
#1659 = CARTESIAN_POINT('',(4.50166332643,34.798689384474));
#1660 = CARTESIAN_POINT('',(4.602142809169,34.808323395944));
#1661 = CARTESIAN_POINT('',(4.704098603528,34.822506467696));
#1662 = CARTESIAN_POINT('',(4.808321060697,34.84071841427));
#1663 = CARTESIAN_POINT('',(4.915620782619,34.86200846917));
#1664 = CARTESIAN_POINT('',(5.109106143551,34.901631239013));
#1665 = CARTESIAN_POINT('',(5.194109349398,34.919409056337));
#1666 = CARTESIAN_POINT('',(5.281893874938,34.937434359477));
#1667 = CARTESIAN_POINT('',(5.372411507943,34.954741779839));
#1668 = CARTESIAN_POINT('',(5.465710745328,34.970192069004));
#1669 = CARTESIAN_POINT('',(5.561945031325,34.982606892074));
#1670 = CARTESIAN_POINT('',(5.750253423919,34.998447103501));
#1671 = CARTESIAN_POINT('',(5.84061236381,35.002601763086));
#1672 = CARTESIAN_POINT('',(5.931502855635,35.002765407214));
#1673 = CARTESIAN_POINT('',(6.022100571679,34.998702110664));
#1674 = CARTESIAN_POINT('',(6.111589739003,34.990814848817));
#1675 = CARTESIAN_POINT('',(6.199034608233,34.980007718225));
#1676 = CARTESIAN_POINT('',(6.28318530718,34.967371622305));
#1677 = ( GEOMETRIC_REPRESENTATION_CONTEXT(2) 
PARAMETRIC_REPRESENTATION_CONTEXT() REPRESENTATION_CONTEXT('2D SPACE',''
  ) );
#1678 = FACE_BOUND('',#1679,.T.);
#1679 = EDGE_LOOP('',(#1680));
#1680 = ORIENTED_EDGE('',*,*,#1681,.T.);
#1681 = EDGE_CURVE('',#1682,#1682,#1684,.T.);
#1682 = VERTEX_POINT('',#1683);
#1683 = CARTESIAN_POINT('',(42.656310155866,4.280691487746,
    -18.34950638911));
#1684 = SURFACE_CURVE('',#1685,(#1748,#1814),.PCURVE_S1.);
#1685 = B_SPLINE_CURVE_WITH_KNOTS('',7,(#1686,#1687,#1688,#1689,#1690,
    #1691,#1692,#1693,#1694,#1695,#1696,#1697,#1698,#1699,#1700,#1701,
    #1702,#1703,#1704,#1705,#1706,#1707,#1708,#1709,#1710,#1711,#1712,
    #1713,#1714,#1715,#1716,#1717,#1718,#1719,#1720,#1721,#1722,#1723,
    #1724,#1725,#1726,#1727,#1728,#1729,#1730,#1731,#1732,#1733,#1734,
    #1735,#1736,#1737,#1738,#1739,#1740,#1741,#1742,#1743,#1744,#1745,
    #1746,#1747),.UNSPECIFIED.,.T.,.F.,(8,6,6,6,6,6,6,6,6,6,8),(0.,
    4.785369574765E-02,0.113696233669,0.1918515662,0.323492247644,
    0.44521398325,0.556908900095,0.69438292902,0.822039825125,
    0.916041175498,1.),.UNSPECIFIED.);
#1686 = CARTESIAN_POINT('',(42.656310155867,4.280691487746,
    -18.34950638911));
#1687 = CARTESIAN_POINT('',(42.654236019859,4.273846838922,
    -18.47334221925));
#1688 = CARTESIAN_POINT('',(42.658566915663,4.26441184574,
    -18.59505004192));
#1689 = CARTESIAN_POINT('',(42.668938601558,4.252649037871,
    -18.7142649661));
#1690 = CARTESIAN_POINT('',(42.684987489811,4.238817195248,
    -18.83066618062));
#1691 = CARTESIAN_POINT('',(42.706349443911,4.223168050793,
    -18.94397580303));
#1692 = CARTESIAN_POINT('',(42.732658575811,4.205942993146,
    -19.05395772832));
#1693 = CARTESIAN_POINT('',(42.806044521274,4.161814623227,
    -19.30689449047));
#1694 = CARTESIAN_POINT('',(42.857252894706,4.133681768541,
    -19.44684802692));
#1695 = CARTESIAN_POINT('',(42.916338718689,4.103499415932,
    -19.5800696797));
#1696 = CARTESIAN_POINT('',(42.982580572749,4.07171182006,
    -19.70644129506));
#1697 = CARTESIAN_POINT('',(43.055356520262,4.038689127558,
    -19.82590647924));
#1698 = CARTESIAN_POINT('',(43.134132567999,4.004737224943,
    -19.93844310464));
#1699 = CARTESIAN_POINT('',(43.318537560983,3.929002079484,
    -20.16937474952));
#1700 = CARTESIAN_POINT('',(43.426450376543,3.88693476339,
    -20.28495170969));
#1701 = CARTESIAN_POINT('',(43.541421881468,3.844329385225,
    -20.39072652639));
#1702 = CARTESIAN_POINT('',(43.662806879579,3.801513419046,
    -20.48665482568));
#1703 = CARTESIAN_POINT('',(43.790054011967,3.758738852118,
    -20.57266486703));
#1704 = CARTESIAN_POINT('',(43.92267701066,3.7161981625,-20.64863399987)
  );
#1705 = CARTESIAN_POINT('',(44.291905828386,3.603018923825,
    -20.82507809822));
#1706 = CARTESIAN_POINT('',(44.537246360358,3.533170870263,
    -20.90659590979));
#1707 = CARTESIAN_POINT('',(44.794234179777,3.465112774009,
    -20.9582089042));
#1708 = CARTESIAN_POINT('',(45.06094439927,3.399158690863,
    -20.97835881558));
#1709 = CARTESIAN_POINT('',(45.33508755243,3.335438918084,
    -20.96465772432));
#1710 = CARTESIAN_POINT('',(45.613409148651,3.273883536583,
    -20.91385810388));
#1711 = CARTESIAN_POINT('',(46.147182104515,3.159224573884,
    -20.73677062416));
#1712 = CARTESIAN_POINT('',(46.409892544052,3.104304949408,
    -20.61409840873));
#1713 = CARTESIAN_POINT('',(46.66787345445,3.051046525228,
    -20.44931342696));
#1714 = CARTESIAN_POINT('',(46.909918413521,3.000111265456,
    -20.2412570318));
#1715 = CARTESIAN_POINT('',(47.125106071069,2.951719781639,
    -19.99165206898));
#1716 = CARTESIAN_POINT('',(47.303373132751,2.906584154794,
    -19.70464186453));
#1717 = CARTESIAN_POINT('',(47.557236345825,2.829655908408,
    -19.09485729817));
#1718 = CARTESIAN_POINT('',(47.633839633089,2.798961580378,
    -18.79196635588));
#1719 = CARTESIAN_POINT('',(47.666199143928,2.774843050647,
    -18.48676490658));
#1720 = CARTESIAN_POINT('',(47.65708708967,2.758170757975,
    -18.18763342575));
#1721 = CARTESIAN_POINT('',(47.611369605294,2.749869943908,
    -17.9022394829));
#1722 = CARTESIAN_POINT('',(47.53590583317,2.750135553746,
    -17.63707760869));
#1723 = CARTESIAN_POINT('',(47.320879262923,2.767614561212,
    -17.10152929305));
#1724 = CARTESIAN_POINT('',(47.167042375811,2.789009735679,
    -16.83534342499));
#1725 = CARTESIAN_POINT('',(46.986313561572,2.821912097345,
    -16.59972247168));
#1726 = CARTESIAN_POINT('',(46.784429021013,2.865962382957,
    -16.39475938934));
#1727 = CARTESIAN_POINT('',(46.565419034851,2.920661267494,
    -16.22037197396));
#1728 = CARTESIAN_POINT('',(46.332177089815,2.98549322971,
    -16.07684528227));
#1729 = CARTESIAN_POINT('',(45.859001655945,3.128879724822,
    -15.86176553961));
#1730 = CARTESIAN_POINT('',(45.621265826637,3.20596308555,
    -15.78604617274));
#1731 = CARTESIAN_POINT('',(45.37545727717,3.290517155711,
    -15.73888413471));
#1732 = CARTESIAN_POINT('',(45.123226219483,3.38177077829,
    -15.72177436342));
#1733 = CARTESIAN_POINT('',(44.866428485096,3.478618035486,
    -15.73696862821));
#1734 = CARTESIAN_POINT('',(44.607566217758,3.579307240841,
    -15.78749682674));
#1735 = CARTESIAN_POINT('',(44.161253103409,3.755955686619,
    -15.9431927109));
#1736 = CARTESIAN_POINT('',(43.971333581742,3.832083194735,
    -16.03101354404));
#1737 = CARTESIAN_POINT('',(43.783867841544,3.907725731984,
    -16.14228199368));
#1738 = CARTESIAN_POINT('',(43.602177734001,3.980867957903,
    -16.2780814787));
#1739 = CARTESIAN_POINT('',(43.42980055515,4.049247557741,
    -16.43895116201));
#1740 = CARTESIAN_POINT('',(43.270578005447,4.110469131306,
    -16.62485114613));
#1741 = CARTESIAN_POINT('',(43.002245787391,4.208333447554,
    -17.02282256345));
#1742 = CARTESIAN_POINT('',(42.891112333844,4.246351478398,
    -17.22773260095));
#1743 = CARTESIAN_POINT('',(42.799482336749,4.274289136053,
    -17.44614867188));
#1744 = CARTESIAN_POINT('',(42.729965364007,4.291109125796,
    -17.67321587515));
#1745 = CARTESIAN_POINT('',(42.683665534372,4.296897933451,
    -17.90335806002));
#1746 = CARTESIAN_POINT('',(42.659974717169,4.292784540045,
    -18.13071456956));
#1747 = CARTESIAN_POINT('',(42.656310155867,4.280691487746,
    -18.34950638911));
#1748 = PCURVE('',#146,#1749);
#1749 = DEFINITIONAL_REPRESENTATION('',(#1750),#1813);
#1750 = B_SPLINE_CURVE_WITH_KNOTS('',7,(#1751,#1752,#1753,#1754,#1755,
    #1756,#1757,#1758,#1759,#1760,#1761,#1762,#1763,#1764,#1765,#1766,
    #1767,#1768,#1769,#1770,#1771,#1772,#1773,#1774,#1775,#1776,#1777,
    #1778,#1779,#1780,#1781,#1782,#1783,#1784,#1785,#1786,#1787,#1788,
    #1789,#1790,#1791,#1792,#1793,#1794,#1795,#1796,#1797,#1798,#1799,
    #1800,#1801,#1802,#1803,#1804,#1805,#1806,#1807,#1808,#1809,#1810,
    #1811,#1812),.UNSPECIFIED.,.F.,.F.,(8,6,6,6,6,6,6,6,6,6,8),(0.,
    4.785369574765E-02,0.113696233669,0.1918515662,0.323492247644,
    0.44521398325,0.556908900095,0.69438292902,0.822039825125,
    0.916041175498,1.),.UNSPECIFIED.);
#1751 = CARTESIAN_POINT('',(4.769786019938,43.615817090259));
#1752 = CARTESIAN_POINT('',(4.762890162794,43.665215489312));
#1753 = CARTESIAN_POINT('',(4.756275994892,43.720074844571));
#1754 = CARTESIAN_POINT('',(4.749953522975,43.779860131268));
#1755 = CARTESIAN_POINT('',(4.743930542588,43.844055479311));
#1756 = CARTESIAN_POINT('',(4.738212647831,43.912163535401));
#1757 = CARTESIAN_POINT('',(4.732803241131,43.983704825164));
#1758 = CARTESIAN_POINT('',(4.720686800357,44.160739568546));
#1759 = CARTESIAN_POINT('',(4.714249415395,44.268988570035));
#1760 = CARTESIAN_POINT('',(4.708381146103,44.382010373667));
#1761 = CARTESIAN_POINT('',(4.70307002876,44.499006596985));
#1762 = CARTESIAN_POINT('',(4.698303473869,44.619310507179));
#1763 = CARTESIAN_POINT('',(4.694069362074,44.742363307113));
#1764 = CARTESIAN_POINT('',(4.685950719082,45.016454162837));
#1765 = CARTESIAN_POINT('',(4.682278858909,45.16844792377));
#1766 = CARTESIAN_POINT('',(4.679324680706,45.322869277001));
#1767 = CARTESIAN_POINT('',(4.677074726675,45.479047220345));
#1768 = CARTESIAN_POINT('',(4.675519364302,45.63640225978));
#1769 = CARTESIAN_POINT('',(4.674653290622,45.794407541558));
#1770 = CARTESIAN_POINT('',(4.674177747659,46.218919511743));
#1771 = CARTESIAN_POINT('',(4.675834178331,46.485319381108));
#1772 = CARTESIAN_POINT('',(4.679434165013,46.749535623443));
#1773 = CARTESIAN_POINT('',(4.685014580004,47.009173872058));
#1774 = CARTESIAN_POINT('',(4.692648139138,47.261237728128));
#1775 = CARTESIAN_POINT('',(4.702430633166,47.501594247302));
#1776 = CARTESIAN_POINT('',(4.725587732997,47.92987664555));
#1777 = CARTESIAN_POINT('',(4.738944838595,48.126098222824));
#1778 = CARTESIAN_POINT('',(4.754509694034,48.300928584868));
#1779 = CARTESIAN_POINT('',(4.772071471465,48.44389491634));
#1780 = CARTESIAN_POINT('',(4.791276499076,48.546041382018));
#1781 = CARTESIAN_POINT('',(4.811668214894,48.6));
#1782 = CARTESIAN_POINT('',(4.851970183593,48.6));
#1783 = CARTESIAN_POINT('',(4.870791035553,48.554564697495));
#1784 = CARTESIAN_POINT('',(4.888682170091,48.467631315862));
#1785 = CARTESIAN_POINT('',(4.905245360728,48.344744217457));
#1786 = CARTESIAN_POINT('',(4.920159605585,48.192986406989));
#1787 = CARTESIAN_POINT('',(4.933213392841,48.020916206066));
#1788 = CARTESIAN_POINT('',(4.958033634367,47.613932355057));
#1789 = CARTESIAN_POINT('',(4.969211675259,47.367055515458));
#1790 = CARTESIAN_POINT('',(4.977985626768,47.105710974418));
#1791 = CARTESIAN_POINT('',(4.984473106889,46.835065357295));
#1792 = CARTESIAN_POINT('',(4.98876769236,46.558755574924));
#1793 = CARTESIAN_POINT('',(4.990920077451,46.279571712981));
#1794 = CARTESIAN_POINT('',(4.990920077451,45.740392731654));
#1795 = CARTESIAN_POINT('',(4.989064100903,45.481055528445));
#1796 = CARTESIAN_POINT('',(4.985358771986,45.224038688745));
#1797 = CARTESIAN_POINT('',(4.979767595052,44.971591825674));
#1798 = CARTESIAN_POINT('',(4.972221936197,44.726535927405));
#1799 = CARTESIAN_POINT('',(4.962632731627,44.492741305694));
#1800 = CARTESIAN_POINT('',(4.942272934657,44.116194037788));
#1801 = CARTESIAN_POINT('',(4.932405761198,43.964310471701));
#1802 = CARTESIAN_POINT('',(4.921301439778,43.82406258676));
#1803 = CARTESIAN_POINT('',(4.908995217138,43.69933371764));
#1804 = CARTESIAN_POINT('',(4.895557551302,43.594044844324));
#1805 = CARTESIAN_POINT('',(4.881095969623,43.512188491092));
#1806 = CARTESIAN_POINT('',(4.85206815855,43.409430321922));
#1807 = CARTESIAN_POINT('',(4.837841824053,43.383530027879));
#1808 = CARTESIAN_POINT('',(4.823390754521,43.382813987148));
#1809 = CARTESIAN_POINT('',(4.80904699314,43.407911539166));
#1810 = CARTESIAN_POINT('',(4.795139413902,43.457544303071));
#1811 = CARTESIAN_POINT('',(4.781969546549,43.528540527419));
#1812 = CARTESIAN_POINT('',(4.769786019938,43.615817090259));
#1813 = ( GEOMETRIC_REPRESENTATION_CONTEXT(2) 
PARAMETRIC_REPRESENTATION_CONTEXT() REPRESENTATION_CONTEXT('2D SPACE',''
  ) );
#1814 = PCURVE('',#1815,#1820);
#1815 = CYLINDRICAL_SURFACE('',#1816,2.6);
#1816 = AXIS2_PLACEMENT_3D('',#1817,#1818,#1819);
#1817 = CARTESIAN_POINT('',(45.734050868787,5.471947222609,
    -18.34950638911));
#1818 = DIRECTION('',(-0.290007395283,-0.957024404433,0.));
#1819 = DIRECTION('',(-0.957024404433,0.290007395283,0.));
#1820 = DEFINITIONAL_REPRESENTATION('',(#1821),#1884);
#1821 = B_SPLINE_CURVE_WITH_KNOTS('',7,(#1822,#1823,#1824,#1825,#1826,
    #1827,#1828,#1829,#1830,#1831,#1832,#1833,#1834,#1835,#1836,#1837,
    #1838,#1839,#1840,#1841,#1842,#1843,#1844,#1845,#1846,#1847,#1848,
    #1849,#1850,#1851,#1852,#1853,#1854,#1855,#1856,#1857,#1858,#1859,
    #1860,#1861,#1862,#1863,#1864,#1865,#1866,#1867,#1868,#1869,#1870,
    #1871,#1872,#1873,#1874,#1875,#1876,#1877,#1878,#1879,#1880,#1881,
    #1882,#1883),.UNSPECIFIED.,.F.,.F.,(8,6,6,6,6,6,6,6,6,6,8),(0.,
    4.785369574765E-02,0.113696233669,0.1918515662,0.323492247644,
    0.44521398325,0.556908900095,0.69438292902,0.822039825125,
    0.916041175498,1.),.UNSPECIFIED.);
#1822 = CARTESIAN_POINT('',(0.,2.032628377695));
#1823 = CARTESIAN_POINT('',(4.762916543979E-02,2.03978038844));
#1824 = CARTESIAN_POINT('',(9.443996204328E-02,2.04755391536));
#1825 = CARTESIAN_POINT('',(0.140468138828,2.055803343944));
#1826 = CARTESIAN_POINT('',(0.185740046209,2.064386458614));
#1827 = CARTESIAN_POINT('',(0.230274509831,2.073167947099));
#1828 = CARTESIAN_POINT('',(0.274084704403,2.08202290482));
#1829 = CARTESIAN_POINT('',(0.376475457119,2.102972364867));
#1830 = CARTESIAN_POINT('',(0.434476666466,2.115045386372));
#1831 = CARTESIAN_POINT('',(0.491332694456,2.126795308491));
#1832 = CARTESIAN_POINT('',(0.547178129191,2.138006185944));
#1833 = CARTESIAN_POINT('',(0.602137827801,2.14850414559));
#1834 = CARTESIAN_POINT('',(0.656331636265,2.158151308555));
#1835 = CARTESIAN_POINT('',(0.773440154825,2.17715287934));
#1836 = CARTESIAN_POINT('',(0.836101059486,2.186116812913));
#1837 = CARTESIAN_POINT('',(0.898054228671,2.193548612902));
#1838 = CARTESIAN_POINT('',(0.95947491606,2.199321990306));
#1839 = CARTESIAN_POINT('',(1.020531420918,2.203355685324));
#1840 = CARTESIAN_POINT('',(1.081391676192,2.205606513065));
#1841 = CARTESIAN_POINT('',(1.244692706683,2.20684271886));
#1842 = CARTESIAN_POINT('',(1.3469474513,2.202538442085));
#1843 = CARTESIAN_POINT('',(1.44989874281,2.193143332992));
#1844 = CARTESIAN_POINT('',(1.554341361047,2.178915064083));
#1845 = CARTESIAN_POINT('',(1.66112514057,2.160392899896));
#1846 = CARTESIAN_POINT('',(1.771117504875,2.138587581044));
#1847 = CARTESIAN_POINT('',(1.991186488157,2.093520901932));
#1848 = CARTESIAN_POINT('',(2.10356629875,2.069892352555));
#1849 = CARTESIAN_POINT('',(2.22105734463,2.046045592379));
#1850 = CARTESIAN_POINT('',(2.342832046271,2.024597050906));
#1851 = CARTESIAN_POINT('',(2.46848976017,2.008502869823));
#1852 = CARTESIAN_POINT('',(2.597898561398,2.));
#1853 = CARTESIAN_POINT('',(2.853661055064,2.));
#1854 = CARTESIAN_POINT('',(2.973100881269,2.007159701193));
#1855 = CARTESIAN_POINT('',(3.089561643081,2.020857225293));
#1856 = CARTESIAN_POINT('',(3.202798826757,2.03945557938));
#1857 = CARTESIAN_POINT('',(3.312355627272,2.06065806958));
#1858 = CARTESIAN_POINT('',(3.417437830562,2.082288926475));
#1859 = CARTESIAN_POINT('',(3.63880786201,2.127920385319));
#1860 = CARTESIAN_POINT('',(3.755688480105,2.152058516147));
#1861 = CARTESIAN_POINT('',(3.86870082451,2.172982845739));
#1862 = CARTESIAN_POINT('',(3.9788584869,2.189373657141));
#1863 = CARTESIAN_POINT('',(4.087163891142,2.200540005373));
#1864 = CARTESIAN_POINT('',(4.194541914751,2.206136124295));
#1865 = CARTESIAN_POINT('',(4.401918446031,2.206136124295));
#1866 = CARTESIAN_POINT('',(4.50166332643,2.201310615526));
#1867 = CARTESIAN_POINT('',(4.60214280917,2.191676604056));
#1868 = CARTESIAN_POINT('',(4.704098603527,2.177493532304));
#1869 = CARTESIAN_POINT('',(4.808321060697,2.15928158573));
#1870 = CARTESIAN_POINT('',(4.915620782619,2.13799153083));
#1871 = CARTESIAN_POINT('',(5.109106143551,2.098368760987));
#1872 = CARTESIAN_POINT('',(5.194109349398,2.080590943663));
#1873 = CARTESIAN_POINT('',(5.281893874938,2.062565640523));
#1874 = CARTESIAN_POINT('',(5.372411507943,2.045258220161));
#1875 = CARTESIAN_POINT('',(5.465710745328,2.029807930996));
#1876 = CARTESIAN_POINT('',(5.561945031325,2.017393107926));
#1877 = CARTESIAN_POINT('',(5.750253422928,2.001552896582));
#1878 = CARTESIAN_POINT('',(5.840612366118,1.997398236648));
#1879 = CARTESIAN_POINT('',(5.931502854213,1.997234593256));
#1880 = CARTESIAN_POINT('',(6.022100570436,2.001297888783));
#1881 = CARTESIAN_POINT('',(6.111589741114,2.009185151579));
#1882 = CARTESIAN_POINT('',(6.199034607354,2.019992281643));
#1883 = CARTESIAN_POINT('',(6.28318530718,2.032628377695));
#1884 = ( GEOMETRIC_REPRESENTATION_CONTEXT(2) 
PARAMETRIC_REPRESENTATION_CONTEXT() REPRESENTATION_CONTEXT('2D SPACE',''
  ) );
#1885 = ADVANCED_FACE('',(#1886),#1030,.T.);
#1886 = FACE_BOUND('',#1887,.T.);
#1887 = EDGE_LOOP('',(#1888,#1967,#1968,#1991,#2181,#2213,#2236,#2263,
    #2264,#2447,#2448,#2449,#2450,#2722,#3117,#3512));
#1888 = ORIENTED_EDGE('',*,*,#1889,.T.);
#1889 = EDGE_CURVE('',#1890,#1376,#1892,.T.);
#1890 = VERTEX_POINT('',#1891);
#1891 = CARTESIAN_POINT('',(16.21139504316,12.990381056767,
    -3.072567453221));
#1892 = SURFACE_CURVE('',#1893,(#1898,#1905),.PCURVE_S1.);
#1893 = CIRCLE('',#1894,6.);
#1894 = AXIS2_PLACEMENT_3D('',#1895,#1896,#1897);
#1895 = CARTESIAN_POINT('',(11.33951269257,15.806593450249,
    -5.154323951168));
#1896 = DIRECTION('',(0.563464915829,0.785435943277,-0.256120416286));
#1897 = DIRECTION('',(-0.81253825063,0.582907875452,0.));
#1898 = PCURVE('',#1030,#1899);
#1899 = DEFINITIONAL_REPRESENTATION('',(#1900),#1904);
#1900 = LINE('',#1901,#1902);
#1901 = CARTESIAN_POINT('',(-3.14159265359,20.124611797498));
#1902 = VECTOR('',#1903,1.);
#1903 = DIRECTION('',(1.,0.));
#1904 = ( GEOMETRIC_REPRESENTATION_CONTEXT(2) 
PARAMETRIC_REPRESENTATION_CONTEXT() REPRESENTATION_CONTEXT('2D SPACE',''
  ) );
#1905 = PCURVE('',#1419,#1906);
#1906 = DEFINITIONAL_REPRESENTATION('',(#1907),#1966);
#1907 = B_SPLINE_CURVE_WITH_KNOTS('',8,(#1908,#1909,#1910,#1911,#1912,
    #1913,#1914,#1915,#1916,#1917,#1918,#1919,#1920,#1921,#1922,#1923,
    #1924,#1925,#1926,#1927,#1928,#1929,#1930,#1931,#1932,#1933,#1934,
    #1935,#1936,#1937,#1938,#1939,#1940,#1941,#1942,#1943,#1944,#1945,
    #1946,#1947,#1948,#1949,#1950,#1951,#1952,#1953,#1954,#1955,#1956,
    #1957,#1958,#1959,#1960,#1961,#1962,#1963,#1964,#1965),
  .UNSPECIFIED.,.T.,.F.,(9,7,7,7,7,7,7,7,9),(3.14159265359,
    3.926990816987,4.61421420996,5.215534678811,6.267845499301,
    7.057078614668,7.649003451193,8.536890705981,9.424777960769),
  .UNSPECIFIED.);
#1908 = CARTESIAN_POINT('',(0.649320662987,-0.247977673776));
#1909 = CARTESIAN_POINT('',(0.64713646339,-0.27594757714));
#1910 = CARTESIAN_POINT('',(0.648019141017,-0.304143854909));
#1911 = CARTESIAN_POINT('',(0.652079742763,-0.332195444368));
#1912 = CARTESIAN_POINT('',(0.659402897993,-0.359716506965));
#1913 = CARTESIAN_POINT('',(0.670045271076,-0.386307973271));
#1914 = CARTESIAN_POINT('',(0.684012295599,-0.411559471779));
#1915 = CARTESIAN_POINT('',(0.701223819886,-0.435059058835));
#1916 = CARTESIAN_POINT('',(0.739202832805,-0.47510738661));
#1917 = CARTESIAN_POINT('',(0.759256944624,-0.492157797122));
#1918 = CARTESIAN_POINT('',(0.781507685225,-0.50730901572));
#1919 = CARTESIAN_POINT('',(0.805751371304,-0.520314281383));
#1920 = CARTESIAN_POINT('',(0.831701520699,-0.530952190339));
#1921 = CARTESIAN_POINT('',(0.858977137405,-0.539044976048));
#1922 = CARTESIAN_POINT('',(0.887131591572,-0.544477202693));
#1923 = CARTESIAN_POINT('',(0.940686787183,-0.549582959685));
#1924 = CARTESIAN_POINT('',(0.965991797152,-0.549891441825));
#1925 = CARTESIAN_POINT('',(0.991294326662,-0.548093247138));
#1926 = CARTESIAN_POINT('',(1.016264476915,-0.544194912142));
#1927 = CARTESIAN_POINT('',(1.040580281076,-0.538245475946));
#1928 = CARTESIAN_POINT('',(1.063951226846,-0.530332529646));
#1929 = CARTESIAN_POINT('',(1.086133976298,-0.520574208794));
#1930 = CARTESIAN_POINT('',(1.143327778671,-0.489049054638));
#1931 = CARTESIAN_POINT('',(1.175482350537,-0.463764968549));
#1932 = CARTESIAN_POINT('',(1.202341978325,-0.434008328541));
#1933 = CARTESIAN_POINT('',(1.223296383007,-0.40073844584));
#1934 = CARTESIAN_POINT('',(1.238219046551,-0.36497745098));
#1935 = CARTESIAN_POINT('',(1.247172964221,-0.327703909846));
#1936 = CARTESIAN_POINT('',(1.25033822494,-0.289863013508));
#1937 = CARTESIAN_POINT('',(1.246202100134,-0.224215649557));
#1938 = CARTESIAN_POINT('',(1.241319568303,-0.196265647182));
#1939 = CARTESIAN_POINT('',(1.233436871255,-0.168878268737));
#1940 = CARTESIAN_POINT('',(1.222689696467,-0.14241623786));
#1941 = CARTESIAN_POINT('',(1.209232427278,-0.117226108154));
#1942 = CARTESIAN_POINT('',(1.193244397206,-9.363590006254E-02));
#1943 = CARTESIAN_POINT('',(1.174939830786,-7.194948108761E-02));
#1944 = CARTESIAN_POINT('',(1.139295520002,-3.780079097381E-02));
#1945 = CARTESIAN_POINT('',(1.122858598133,-2.438791228381E-02));
#1946 = CARTESIAN_POINT('',(1.105367615641,-1.231076254642E-02));
#1947 = CARTESIAN_POINT('',(1.086941406906,-1.672180222885E-03));
#1948 = CARTESIAN_POINT('',(1.067712089181,7.438443894157E-03));
#1949 = CARTESIAN_POINT('',(1.047824445471,1.494768427934E-02));
#1950 = CARTESIAN_POINT('',(1.027433513756,2.080028447876E-02));
#1951 = CARTESIAN_POINT('',(0.97560068575,3.120219108091E-02));
#1952 = CARTESIAN_POINT('',(0.94373103441,3.363664747349E-02));
#1953 = CARTESIAN_POINT('',(0.911635217641,3.214530266976E-02));
#1954 = CARTESIAN_POINT('',(0.879887549828,2.670893508964E-02));
#1955 = CARTESIAN_POINT('',(0.849064405693,1.741890561944E-02));
#1956 = CARTESIAN_POINT('',(0.819695205535,4.472851608504E-03));
#1957 = CARTESIAN_POINT('',(0.792244204977,-1.184903500413E-02));
#1958 = CARTESIAN_POINT('',(0.741979913128,-5.055461571941E-02));
#1959 = CARTESIAN_POINT('',(0.719166612739,-7.29382822608E-02));
#1960 = CARTESIAN_POINT('',(0.699072780681,-9.800815998742E-02));
#1961 = CARTESIAN_POINT('',(0.682035178804,-0.125354204836));
#1962 = CARTESIAN_POINT('',(0.668327317621,-0.154522416347));
#1963 = CARTESIAN_POINT('',(0.658178696447,-0.185027377619));
#1964 = CARTESIAN_POINT('',(0.6517898857,-0.216357889225));
#1965 = CARTESIAN_POINT('',(0.649320662987,-0.247977673776));
#1966 = ( GEOMETRIC_REPRESENTATION_CONTEXT(2) 
PARAMETRIC_REPRESENTATION_CONTEXT() REPRESENTATION_CONTEXT('2D SPACE',''
  ) );
#1967 = ORIENTED_EDGE('',*,*,#1375,.T.);
#1968 = ORIENTED_EDGE('',*,*,#1969,.T.);
#1969 = EDGE_CURVE('',#1284,#1970,#1972,.T.);
#1970 = VERTEX_POINT('',#1971);
#1971 = CARTESIAN_POINT('',(21.215712062821,19.280195102319,
    -7.427492072292));
#1972 = SEAM_CURVE('',#1973,(#1977,#1984),.PCURVE_S1.);
#1973 = LINE('',#1974,#1975);
#1974 = CARTESIAN_POINT('',(4.875229503778,-3.49744725271,0.));
#1975 = VECTOR('',#1976,1.);
#1976 = DIRECTION('',(0.563464915829,0.785435943277,-0.256120416286));
#1977 = PCURVE('',#1030,#1978);
#1978 = DEFINITIONAL_REPRESENTATION('',(#1979),#1983);
#1979 = LINE('',#1980,#1981);
#1980 = CARTESIAN_POINT('',(0.,-0.));
#1981 = VECTOR('',#1982,1.);
#1982 = DIRECTION('',(0.,1.));
#1983 = ( GEOMETRIC_REPRESENTATION_CONTEXT(2) 
PARAMETRIC_REPRESENTATION_CONTEXT() REPRESENTATION_CONTEXT('2D SPACE',''
  ) );
#1984 = PCURVE('',#1030,#1985);
#1985 = DEFINITIONAL_REPRESENTATION('',(#1986),#1990);
#1986 = LINE('',#1987,#1988);
#1987 = CARTESIAN_POINT('',(6.28318530718,-0.));
#1988 = VECTOR('',#1989,1.);
#1989 = DIRECTION('',(0.,1.));
#1990 = ( GEOMETRIC_REPRESENTATION_CONTEXT(2) 
PARAMETRIC_REPRESENTATION_CONTEXT() REPRESENTATION_CONTEXT('2D SPACE',''
  ) );
#1991 = ORIENTED_EDGE('',*,*,#1992,.F.);
#1992 = EDGE_CURVE('',#1993,#1970,#1995,.T.);
#1993 = VERTEX_POINT('',#1994);
#1994 = CARTESIAN_POINT('',(24.614689724704,24.102914281749,
    -8.19585332115));
#1995 = SURFACE_CURVE('',#1996,(#2054,#2115),.PCURVE_S1.);
#1996 = B_SPLINE_CURVE_WITH_KNOTS('',6,(#1997,#1998,#1999,#2000,#2001,
    #2002,#2003,#2004,#2005,#2006,#2007,#2008,#2009,#2010,#2011,#2012,
    #2013,#2014,#2015,#2016,#2017,#2018,#2019,#2020,#2021,#2022,#2023,
    #2024,#2025,#2026,#2027,#2028,#2029,#2030,#2031,#2032,#2033,#2034,
    #2035,#2036,#2037,#2038,#2039,#2040,#2041,#2042,#2043,#2044,#2045,
    #2046,#2047,#2048,#2049,#2050,#2051,#2052,#2053),.UNSPECIFIED.,.F.,
  .F.,(7,5,5,5,5,5,5,5,5,5,5,7),(0.,7.760230555377E-02,0.130120584587,
    0.169405236175,0.199788418546,0.286316099119,0.463452767217,
    0.55808630496,0.640894124578,0.813002982294,0.872638262798,1.),
  .UNSPECIFIED.);
#1997 = CARTESIAN_POINT('',(24.614689724707,24.102914281747,
    -8.19585332115));
#1998 = CARTESIAN_POINT('',(24.601265309925,24.112544840178,
    -8.063486305883));
#1999 = CARTESIAN_POINT('',(24.581443416812,24.118139560608,
    -7.933355418707));
#2000 = CARTESIAN_POINT('',(24.555797780019,24.11983325877,
    -7.805901665582));
#2001 = CARTESIAN_POINT('',(24.524935605795,24.117761958192,
    -7.68152280484));
#2002 = CARTESIAN_POINT('',(24.48948860132,24.112076720763,
    -7.560575283035));
#2003 = CARTESIAN_POINT('',(24.423450011534,24.096785921309,
    -7.364060284029));
#2004 = CARTESIAN_POINT('',(24.394970323445,24.089036495575,
    -7.286395105463));
#2005 = CARTESIAN_POINT('',(24.364833058896,24.079753635172,
    -7.210404038691));
#2006 = CARTESIAN_POINT('',(24.333195399265,24.06897742352,
    -7.136103771022));
#2007 = CARTESIAN_POINT('',(24.300203588171,24.056743592374,
    -7.06350427347));
#2008 = CARTESIAN_POINT('',(24.240402722629,24.032865534446,
    -6.93957766577));
#2009 = CARTESIAN_POINT('',(24.21412885161,24.021848862425,
    -6.887496584763));
#2010 = CARTESIAN_POINT('',(24.187225994471,24.010045811591,
    -6.83636369647));
#2011 = CARTESIAN_POINT('',(24.159745339149,23.997467049716,
    -6.786176089583));
#2012 = CARTESIAN_POINT('',(24.131734585477,23.984121606515,
    -6.736929802752));
#2013 = CARTESIAN_POINT('',(24.081198329595,23.959108117834,
    -6.651256355195));
#2014 = CARTESIAN_POINT('',(24.058868201172,23.947745233593,
    -6.614453151349));
#2015 = CARTESIAN_POINT('',(24.036268082859,23.935931654854,
    -6.578208054337));
#2016 = CARTESIAN_POINT('',(24.013417575295,23.923670358886,
    -6.54251897154));
#2017 = CARTESIAN_POINT('',(23.990335356799,23.910963866285,
    -6.507383876424));
#2018 = CARTESIAN_POINT('',(23.900694459259,23.860365676038,
    -6.374312354822));
#2019 = CARTESIAN_POINT('',(23.832603432673,23.819316971459,
    -6.280284275625));
#2020 = CARTESIAN_POINT('',(23.763187195118,23.774719769554,
    -6.190692551381));
#2021 = CARTESIAN_POINT('',(23.692819374851,23.726606663623,
    -6.105518705662));
#2022 = CARTESIAN_POINT('',(23.621827615529,23.674990916578,
    -6.02475045826));
#2023 = CARTESIAN_POINT('',(23.404465344542,23.507016601473,
    -5.792044115743));
#2024 = CARTESIAN_POINT('',(23.256726965292,23.379243700713,
    -5.653847568525));
#2025 = CARTESIAN_POINT('',(23.110387980755,23.23691913205,
    -5.534623899202));
#2026 = CARTESIAN_POINT('',(22.967939241968,23.080552250106,
    -5.434885304621));
#2027 = CARTESIAN_POINT('',(22.831089993732,22.910964259008,
    -5.355126061176));
#2028 = CARTESIAN_POINT('',(22.63124559,22.632393271988,-5.264287695844)
  );
#2029 = CARTESIAN_POINT('',(22.563622400604,22.532088230779,
    -5.238560461556));
#2030 = CARTESIAN_POINT('',(22.498131109168,22.428715306444,
    -5.218808816845));
#2031 = CARTESIAN_POINT('',(22.434881316733,22.322562981437,
    -5.205101785179));
#2032 = CARTESIAN_POINT('',(22.373929650125,22.213971599915,
    -5.19750107285));
#2033 = CARTESIAN_POINT('',(22.263967156028,22.00651876923,
    -5.194792595358));
#2034 = CARTESIAN_POINT('',(22.214418100235,21.908140946121,
    -5.198242365463));
#2035 = CARTESIAN_POINT('',(22.166611655957,21.808401931669,
    -5.206438140288));
#2036 = CARTESIAN_POINT('',(22.120504468946,21.707532233333,
    -5.219423596842));
#2037 = CARTESIAN_POINT('',(22.076038136602,21.605788954607,
    -5.237251196051));
#2038 = CARTESIAN_POINT('',(21.943986730361,21.290762854056,
    -5.30721842744));
#2039 = CARTESIAN_POINT('',(21.861714762478,21.075755262784,
    -5.375575685429));
#2040 = CARTESIAN_POINT('',(21.78533541248,20.860202489408,
    -5.465662589842));
#2041 = CARTESIAN_POINT('',(21.713879352874,20.646376369543,
    -5.578714839254));
#2042 = CARTESIAN_POINT('',(21.646432910673,20.437530088408,
    -5.716395457409));
#2043 = CARTESIAN_POINT('',(21.560003317025,20.169397393624,
    -5.93741938177));
#2044 = CARTESIAN_POINT('',(21.5381446279,20.101537087725,
    -5.997496059616));
#2045 = CARTESIAN_POINT('',(21.516645805072,20.035038749442,
    -6.060834211507));
#2046 = CARTESIAN_POINT('',(21.495485761836,19.970145227838,
    -6.127490092279));
#2047 = CARTESIAN_POINT('',(21.474646460848,19.907118962675,
    -6.197514420855));
#2048 = CARTESIAN_POINT('',(21.410264752047,19.716227688779,
    -6.427791022119));
#2049 = CARTESIAN_POINT('',(21.367397300168,19.594771868355,
    -6.601698692597));
#2050 = CARTESIAN_POINT('',(21.326124487592,19.487024693668,
    -6.791198188019));
#2051 = CARTESIAN_POINT('',(21.286753302876,19.397045529915,
    -6.993987883357));
#2052 = CARTESIAN_POINT('',(21.249738748503,19.327626239937,
    -7.207177875099));
#2053 = CARTESIAN_POINT('',(21.215712062821,19.280195102319,
    -7.427492072292));
#2054 = PCURVE('',#1030,#2055);
#2055 = DEFINITIONAL_REPRESENTATION('',(#2056),#2114);
#2056 = B_SPLINE_CURVE_WITH_KNOTS('',6,(#2057,#2058,#2059,#2060,#2061,
    #2062,#2063,#2064,#2065,#2066,#2067,#2068,#2069,#2070,#2071,#2072,
    #2073,#2074,#2075,#2076,#2077,#2078,#2079,#2080,#2081,#2082,#2083,
    #2084,#2085,#2086,#2087,#2088,#2089,#2090,#2091,#2092,#2093,#2094,
    #2095,#2096,#2097,#2098,#2099,#2100,#2101,#2102,#2103,#2104,#2105,
    #2106,#2107,#2108,#2109,#2110,#2111,#2112,#2113),.UNSPECIFIED.,.F.,
  .F.,(7,5,5,5,5,5,5,5,5,5,5,7),(0.,7.760230555377E-02,0.130120584587,
    0.169405236175,0.199788418546,0.286316099119,0.463452767217,
    0.55808630496,0.640894124578,0.813002982294,0.872638262798,1.),
  .UNSPECIFIED.);
#2057 = CARTESIAN_POINT('',(6.1547724717,34.899934652928));
#2058 = CARTESIAN_POINT('',(6.133270113424,34.866032757875));
#2059 = CARTESIAN_POINT('',(6.112361030434,34.825928934064));
#2060 = CARTESIAN_POINT('',(6.0920871843,34.780165300593));
#2061 = CARTESIAN_POINT('',(6.072488511731,34.729292708679));
#2062 = CARTESIAN_POINT('',(6.053602428573,34.673877045829));
#2063 = CARTESIAN_POINT('',(6.023187486681,34.57432517055));
#2064 = CARTESIAN_POINT('',(6.011243495029,34.532299550121));
#2065 = CARTESIAN_POINT('',(5.999630748344,34.488564303016));
#2066 = CARTESIAN_POINT('',(5.988348487304,34.443243752346));
#2067 = CARTESIAN_POINT('',(5.977395803785,34.396450920043));
#2068 = CARTESIAN_POINT('',(5.95882456896,34.312260411068));
#2069 = CARTESIAN_POINT('',(5.951060782543,34.275464088218));
#2070 = CARTESIAN_POINT('',(5.943479345182,34.237938555083));
#2071 = CARTESIAN_POINT('',(5.936079375528,34.199720287479));
#2072 = CARTESIAN_POINT('',(5.928860047306,34.160842240265));
#2073 = CARTESIAN_POINT('',(5.916376194943,34.09077762097));
#2074 = CARTESIAN_POINT('',(5.911039417221,34.059844507445));
#2075 = CARTESIAN_POINT('',(5.905809920184,34.028548214987));
#2076 = CARTESIAN_POINT('',(5.900687435821,33.996901590358));
#2077 = CARTESIAN_POINT('',(5.895671764079,33.964916618867));
#2078 = CARTESIAN_POINT('',(5.8767825512,33.840583147287));
#2079 = CARTESIAN_POINT('',(5.863665143413,33.745892603935));
#2080 = CARTESIAN_POINT('',(5.851410636043,33.648804474429));
#2081 = CARTESIAN_POINT('',(5.840022843779,33.549550152942));
#2082 = CARTESIAN_POINT('',(5.829508515089,33.448321527135));
#2083 = CARTESIAN_POINT('',(5.800158265674,33.134311603461));
#2084 = CARTESIAN_POINT('',(5.784100290189,32.915313823996));
#2085 = CARTESIAN_POINT('',(5.771899516625,32.690534492734));
#2086 = CARTESIAN_POINT('',(5.763700194748,32.461908366342));
#2087 = CARTESIAN_POINT('',(5.759586531581,32.231170141814));
#2088 = CARTESIAN_POINT('',(5.759586531581,31.876499605783));
#2089 = CARTESIAN_POINT('',(5.76076062605,31.753023856448));
#2090 = CARTESIAN_POINT('',(5.763108091474,31.629870201632));
#2091 = CARTESIAN_POINT('',(5.766620820197,31.507344660481));
#2092 = CARTESIAN_POINT('',(5.77128341031,31.385762263004));
#2093 = CARTESIAN_POINT('',(5.782139582677,31.160167649385));
#2094 = CARTESIAN_POINT('',(5.788068845397,31.055862573098));
#2095 = CARTESIAN_POINT('',(5.794848994924,30.952685817359));
#2096 = CARTESIAN_POINT('',(5.802467038199,30.850805188988));
#2097 = CARTESIAN_POINT('',(5.810909368537,30.750403154809));
#2098 = CARTESIAN_POINT('',(5.839393086874,30.446484034293));
#2099 = CARTESIAN_POINT('',(5.862103623858,30.248759665945));
#2100 = CARTESIAN_POINT('',(5.888224887533,30.059492781505));
#2101 = CARTESIAN_POINT('',(5.917765213004,29.880238067921));
#2102 = CARTESIAN_POINT('',(5.950769878387,29.713461805457));
#2103 = CARTESIAN_POINT('',(5.999966930836,29.510769445213));
#2104 = CARTESIAN_POINT('',(6.013056027232,29.460539781149));
#2105 = CARTESIAN_POINT('',(6.026573267531,29.412417957527));
#2106 = CARTESIAN_POINT('',(6.040516945987,29.366597243124));
#2107 = CARTESIAN_POINT('',(6.054884831091,29.323286594302));
#2108 = CARTESIAN_POINT('',(6.101260119993,29.196055431373));
#2109 = CARTESIAN_POINT('',(6.135071373505,29.121046664285));
#2110 = CARTESIAN_POINT('',(6.170654054501,29.061697068288));
#2111 = CARTESIAN_POINT('',(6.207523886891,29.020778498837));
#2112 = CARTESIAN_POINT('',(6.245199244809,29.));
#2113 = CARTESIAN_POINT('',(6.28318530718,29.));
#2114 = ( GEOMETRIC_REPRESENTATION_CONTEXT(2) 
PARAMETRIC_REPRESENTATION_CONTEXT() REPRESENTATION_CONTEXT('2D SPACE',''
  ) );
#2115 = PCURVE('',#2116,#2121);
#2116 = CYLINDRICAL_SURFACE('',#2117,3.);
#2117 = AXIS2_PLACEMENT_3D('',#2118,#2119,#2120);
#2118 = CARTESIAN_POINT('',(11.530571301493,29.797213188474,
    -8.19585332115));
#2119 = DIRECTION('',(0.81253825063,-0.582907875452,0.));
#2120 = DIRECTION('',(0.582907875452,0.81253825063,0.));
#2121 = DEFINITIONAL_REPRESENTATION('',(#2122),#2180);
#2122 = B_SPLINE_CURVE_WITH_KNOTS('',6,(#2123,#2124,#2125,#2126,#2127,
    #2128,#2129,#2130,#2131,#2132,#2133,#2134,#2135,#2136,#2137,#2138,
    #2139,#2140,#2141,#2142,#2143,#2144,#2145,#2146,#2147,#2148,#2149,
    #2150,#2151,#2152,#2153,#2154,#2155,#2156,#2157,#2158,#2159,#2160,
    #2161,#2162,#2163,#2164,#2165,#2166,#2167,#2168,#2169,#2170,#2171,
    #2172,#2173,#2174,#2175,#2176,#2177,#2178,#2179),.UNSPECIFIED.,.F.,
  .F.,(7,5,5,5,5,5,5,5,5,5,5,7),(0.,7.760230555377E-02,0.130120584587,
    0.169405236175,0.199788418546,0.286316099119,0.463452767217,
    0.55808630496,0.640894124578,0.813002982294,0.872638262798,1.),
  .UNSPECIFIED.);
#2123 = CARTESIAN_POINT('',(8.881784197001E-16,13.950598372538));
#2124 = CARTESIAN_POINT('',(4.412233842251E-02,13.93407679368));
#2125 = CARTESIAN_POINT('',(8.749935516772E-02,13.914709540727));
#2126 = CARTESIAN_POINT('',(0.130138400974,13.892884209873));
#2127 = CARTESIAN_POINT('',(0.172035906358,13.869014890238));
#2128 = CARTESIAN_POINT('',(0.213176669776,13.843526812903));
#2129 = CARTESIAN_POINT('',(0.280844868716,13.798781060108));
#2130 = CARTESIAN_POINT('',(0.307820285699,13.78015742546));
#2131 = CARTESIAN_POINT('',(0.334476787629,13.761080797681));
#2132 = CARTESIAN_POINT('',(0.360831129331,13.741655527709));
#2133 = CARTESIAN_POINT('',(0.386899429562,13.721979615759));
#2134 = CARTESIAN_POINT('',(0.431994362455,13.687307833103));
#2135 = CARTESIAN_POINT('',(0.451141534567,13.672381012791));
#2136 = CARTESIAN_POINT('',(0.470146482694,13.657401503599));
#2137 = CARTESIAN_POINT('',(0.489016952718,13.642404679358));
#2138 = CARTESIAN_POINT('',(0.507760641051,13.627424034514));
#2139 = CARTESIAN_POINT('',(0.54078962959,13.600941953111));
#2140 = CARTESIAN_POINT('',(0.555122754755,13.589421384337));
#2141 = CARTESIAN_POINT('',(0.569388076212,13.577944151824));
#2142 = CARTESIAN_POINT('',(0.583589009478,13.566524446364));
#2143 = CARTESIAN_POINT('',(0.597728879515,13.555175975534));
#2144 = CARTESIAN_POINT('',(0.651914894999,13.51183340104));
#2145 = CARTESIAN_POINT('',(0.691556709716,13.48043445059));
#2146 = CARTESIAN_POINT('',(0.730803895547,13.450027162575));
#2147 = CARTESIAN_POINT('',(0.76971770112,13.420896125355));
#2148 = CARTESIAN_POINT('',(0.808358045935,13.393299830876));
#2149 = CARTESIAN_POINT('',(0.925462000743,13.314598222604));
#2150 = CARTESIAN_POINT('',(1.003406597806,13.2690349685));
#2151 = CARTESIAN_POINT('',(1.080787740522,13.233091057949));
#2152 = CARTESIAN_POINT('',(1.157820340422,13.208493495876));
#2153 = CARTESIAN_POINT('',(1.234733009868,13.196152422707));
#2154 = CARTESIAN_POINT('',(1.352956521878,13.196152422707));
#2155 = CARTESIAN_POINT('',(1.394115120563,13.199674593161));
#2156 = CARTESIAN_POINT('',(1.435291872059,13.20671730549));
#2157 = CARTESIAN_POINT('',(1.476510253014,13.217201456036));
#2158 = CARTESIAN_POINT('',(1.5177915536,13.230974666973));
#2159 = CARTESIAN_POINT('',(1.595350596431,13.262551823175));
#2160 = CARTESIAN_POINT('',(1.631607515662,13.27963652792));
#2161 = CARTESIAN_POINT('',(1.667961436734,13.298930620332));
#2162 = CARTESIAN_POINT('',(1.704445043327,13.320264508812));
#2163 = CARTESIAN_POINT('',(1.741090124446,13.34344087136));
#2164 = CARTESIAN_POINT('',(1.854495735894,13.419775247724));
#2165 = CARTESIAN_POINT('',(1.931815185793,13.478255745098));
#2166 = CARTESIAN_POINT('',(2.010454510986,13.541842010844));
#2167 = CARTESIAN_POINT('',(2.090974562145,13.608422158421));
#2168 = CARTESIAN_POINT('',(2.173928040482,13.675357486296));
#2169 = CARTESIAN_POINT('',(2.289786606522,13.761426794927));
#2170 = CARTESIAN_POINT('',(2.31998364703,13.783222080643));
#2171 = CARTESIAN_POINT('',(2.350581092418,13.804515869841));
#2172 = CARTESIAN_POINT('',(2.381597015252,13.825149470136));
#2173 = CARTESIAN_POINT('',(2.413051186616,13.844955247291));
#2174 = CARTESIAN_POINT('',(2.513126481641,13.903914673158));
#2175 = CARTESIAN_POINT('',(2.584040874969,13.939880783043));
#2176 = CARTESIAN_POINT('',(2.656930776446,13.969151720798));
#2177 = CARTESIAN_POINT('',(2.73126340495,13.989610690421));
#2178 = CARTESIAN_POINT('',(2.80661392586,14.));
#2179 = CARTESIAN_POINT('',(2.882586050601,14.));
#2180 = ( GEOMETRIC_REPRESENTATION_CONTEXT(2) 
PARAMETRIC_REPRESENTATION_CONTEXT() REPRESENTATION_CONTEXT('2D SPACE',''
  ) );
#2181 = ORIENTED_EDGE('',*,*,#2182,.F.);
#2182 = EDGE_CURVE('',#2183,#1993,#2185,.T.);
#2183 = VERTEX_POINT('',#2184);
#2184 = CARTESIAN_POINT('',(24.596501557796,23.992810761981,
    -8.964214570008));
#2185 = SURFACE_CURVE('',#2186,(#2193,#2203),.PCURVE_S1.);
#2186 = B_SPLINE_CURVE_WITH_KNOTS('',5,(#2187,#2188,#2189,#2190,#2191,
    #2192),.UNSPECIFIED.,.F.,.F.,(6,6),(0.,1.),
  .PIECEWISE_BEZIER_KNOTS.);
#2187 = CARTESIAN_POINT('',(24.596501557796,23.992810761981,
    -8.964214570008));
#2188 = CARTESIAN_POINT('',(24.620041214516,24.025623616803,
    -8.811801237103));
#2189 = CARTESIAN_POINT('',(24.63350098423,24.05327041509,
    -8.656959070839));
#2190 = CARTESIAN_POINT('',(24.636672292221,24.075411762577,
    -8.501444850849));
#2191 = CARTESIAN_POINT('',(24.630029560038,24.091909617271,
    -8.347106709117));
#2192 = CARTESIAN_POINT('',(24.614689724707,24.102914281747,
    -8.19585332115));
#2193 = PCURVE('',#1030,#2194);
#2194 = DEFINITIONAL_REPRESENTATION('',(#2195),#2202);
#2195 = B_SPLINE_CURVE_WITH_KNOTS('',5,(#2196,#2197,#2198,#2199,#2200,
    #2201),.UNSPECIFIED.,.F.,.F.,(6,6),(0.,1.),
  .PIECEWISE_BEZIER_KNOTS.);
#2196 = CARTESIAN_POINT('',(6.28318530718,35.));
#2197 = CARTESIAN_POINT('',(6.256906554182,35.));
#2198 = CARTESIAN_POINT('',(6.230666527505,34.989640657018));
#2199 = CARTESIAN_POINT('',(6.204727198128,34.968987821195));
#2200 = CARTESIAN_POINT('',(6.179342826572,34.938673733619));
#2201 = CARTESIAN_POINT('',(6.1547724717,34.899934652928));
#2202 = ( GEOMETRIC_REPRESENTATION_CONTEXT(2) 
PARAMETRIC_REPRESENTATION_CONTEXT() REPRESENTATION_CONTEXT('2D SPACE',''
  ) );
#2203 = PCURVE('',#2116,#2204);
#2204 = DEFINITIONAL_REPRESENTATION('',(#2205),#2212);
#2205 = B_SPLINE_CURVE_WITH_KNOTS('',5,(#2206,#2207,#2208,#2209,#2210,
    #2211),.UNSPECIFIED.,.F.,.F.,(6,6),(0.,1.),
  .PIECEWISE_BEZIER_KNOTS.);
#2206 = CARTESIAN_POINT('',(6.024178704191,14.));
#2207 = CARTESIAN_POINT('',(6.076736210185,14.));
#2208 = CARTESIAN_POINT('',(6.129216368589,13.994821041285));
#2209 = CARTESIAN_POINT('',(6.181321461019,13.984491484509));
#2210 = CARTESIAN_POINT('',(6.232767511191,13.969477281092));
#2211 = CARTESIAN_POINT('',(6.28318530718,13.950598372538));
#2212 = ( GEOMETRIC_REPRESENTATION_CONTEXT(2) 
PARAMETRIC_REPRESENTATION_CONTEXT() REPRESENTATION_CONTEXT('2D SPACE',''
  ) );
#2213 = ORIENTED_EDGE('',*,*,#2214,.T.);
#2214 = EDGE_CURVE('',#2183,#2215,#2217,.T.);
#2215 = VERTEX_POINT('',#2216);
#2216 = CARTESIAN_POINT('',(26.850361221112,27.134554535088,
    -9.988696235152));
#2217 = SEAM_CURVE('',#2218,(#2222,#2229),.PCURVE_S1.);
#2218 = LINE('',#2219,#2220);
#2219 = CARTESIAN_POINT('',(4.875229503778,-3.49744725271,0.));
#2220 = VECTOR('',#2221,1.);
#2221 = DIRECTION('',(0.563464915829,0.785435943277,-0.256120416286));
#2222 = PCURVE('',#1030,#2223);
#2223 = DEFINITIONAL_REPRESENTATION('',(#2224),#2228);
#2224 = LINE('',#2225,#2226);
#2225 = CARTESIAN_POINT('',(0.,-0.));
#2226 = VECTOR('',#2227,1.);
#2227 = DIRECTION('',(0.,1.));
#2228 = ( GEOMETRIC_REPRESENTATION_CONTEXT(2) 
PARAMETRIC_REPRESENTATION_CONTEXT() REPRESENTATION_CONTEXT('2D SPACE',''
  ) );
#2229 = PCURVE('',#1030,#2230);
#2230 = DEFINITIONAL_REPRESENTATION('',(#2231),#2235);
#2231 = LINE('',#2232,#2233);
#2232 = CARTESIAN_POINT('',(6.28318530718,-0.));
#2233 = VECTOR('',#2234,1.);
#2234 = DIRECTION('',(0.,1.));
#2235 = ( GEOMETRIC_REPRESENTATION_CONTEXT(2) 
PARAMETRIC_REPRESENTATION_CONTEXT() REPRESENTATION_CONTEXT('2D SPACE',''
  ) );
#2236 = ORIENTED_EDGE('',*,*,#2237,.F.);
#2237 = EDGE_CURVE('',#2215,#2215,#2238,.T.);
#2238 = SURFACE_CURVE('',#2239,(#2244,#2251),.PCURVE_S1.);
#2239 = CIRCLE('',#2240,6.);
#2240 = AXIS2_PLACEMENT_3D('',#2241,#2242,#2243);
#2241 = CARTESIAN_POINT('',(21.975131717334,30.632001787799,
    -9.988696235152));
#2242 = DIRECTION('',(0.563464915829,0.785435943277,-0.256120416286));
#2243 = DIRECTION('',(0.81253825063,-0.582907875452,0.));
#2244 = PCURVE('',#1030,#2245);
#2245 = DEFINITIONAL_REPRESENTATION('',(#2246),#2250);
#2246 = LINE('',#2247,#2248);
#2247 = CARTESIAN_POINT('',(0.,39.));
#2248 = VECTOR('',#2249,1.);
#2249 = DIRECTION('',(1.,0.));
#2250 = ( GEOMETRIC_REPRESENTATION_CONTEXT(2) 
PARAMETRIC_REPRESENTATION_CONTEXT() REPRESENTATION_CONTEXT('2D SPACE',''
  ) );
#2251 = PCURVE('',#2252,#2257);
#2252 = PLANE('',#2253);
#2253 = AXIS2_PLACEMENT_3D('',#2254,#2255,#2256);
#2254 = CARTESIAN_POINT('',(21.975131717334,30.632001787799,
    -9.988696235152));
#2255 = DIRECTION('',(0.563464915829,0.785435943277,-0.256120416286));
#2256 = DIRECTION('',(0.81253825063,-0.582907875452,0.));
#2257 = DEFINITIONAL_REPRESENTATION('',(#2258),#2262);
#2258 = CIRCLE('',#2259,6.);
#2259 = AXIS2_PLACEMENT_2D('',#2260,#2261);
#2260 = CARTESIAN_POINT('',(0.,0.));
#2261 = DIRECTION('',(1.,1.341489258996E-17));
#2262 = ( GEOMETRIC_REPRESENTATION_CONTEXT(2) 
PARAMETRIC_REPRESENTATION_CONTEXT() REPRESENTATION_CONTEXT('2D SPACE',''
  ) );
#2263 = ORIENTED_EDGE('',*,*,#2214,.F.);
#2264 = ORIENTED_EDGE('',*,*,#2265,.F.);
#2265 = EDGE_CURVE('',#1970,#2183,#2266,.T.);
#2266 = SURFACE_CURVE('',#2267,(#2325,#2386),.PCURVE_S1.);
#2267 = B_SPLINE_CURVE_WITH_KNOTS('',6,(#2268,#2269,#2270,#2271,#2272,
    #2273,#2274,#2275,#2276,#2277,#2278,#2279,#2280,#2281,#2282,#2283,
    #2284,#2285,#2286,#2287,#2288,#2289,#2290,#2291,#2292,#2293,#2294,
    #2295,#2296,#2297,#2298,#2299,#2300,#2301,#2302,#2303,#2304,#2305,
    #2306,#2307,#2308,#2309,#2310,#2311,#2312,#2313,#2314,#2315,#2316,
    #2317,#2318,#2319,#2320,#2321,#2322,#2323,#2324),.UNSPECIFIED.,.F.,
  .F.,(7,5,5,5,5,5,5,5,5,5,5,7),(0.,0.119242023415,0.173667060002,
    0.244264243607,0.333772787186,0.413097914597,0.499681328739,
    0.665115477069,0.753890261113,0.825641272589,0.88124607177,1.),
  .UNSPECIFIED.);
#2268 = CARTESIAN_POINT('',(21.215712062821,19.280195102319,
    -7.427492072292));
#2269 = CARTESIAN_POINT('',(21.181488446119,19.232489454794,
    -7.649081348115));
#2270 = CARTESIAN_POINT('',(21.150852991249,19.207815637557,
    -7.874215346993));
#2271 = CARTESIAN_POINT('',(21.124242019227,19.206219158934,
    -8.099236884218));
#2272 = CARTESIAN_POINT('',(21.102237713713,19.226307757383,
    -8.320324897689));
#2273 = CARTESIAN_POINT('',(21.085473845305,19.265259954324,
    -8.53370569823));
#2274 = CARTESIAN_POINT('',(21.068920921211,19.343414940963,
    -8.828042980921));
#2275 = CARTESIAN_POINT('',(21.064834801962,19.371081958799,
    -8.918346980665));
#2276 = CARTESIAN_POINT('',(21.061866454139,19.401663481277,
    -9.006647715298));
#2277 = CARTESIAN_POINT('',(21.060033644655,19.434913715402,
    -9.092892596577));
#2278 = CARTESIAN_POINT('',(21.059354240573,19.470601218236,
    -9.177041554462));
#2279 = CARTESIAN_POINT('',(21.060481490325,19.557681593429,
    -9.365464594855));
#2280 = CARTESIAN_POINT('',(21.063086912496,19.610600914603,
    -9.46831227147));
#2281 = CARTESIAN_POINT('',(21.067700531355,19.666830002616,
    -9.56761310678));
#2282 = CARTESIAN_POINT('',(21.074366120153,19.72598466538,
    -9.663384680345));
#2283 = CARTESIAN_POINT('',(21.083133400171,19.787732735304,
    -9.755657517508));
#2284 = CARTESIAN_POINT('',(21.107912500588,19.933013590119,
    -9.957082627165));
#2285 = CARTESIAN_POINT('',(21.125237857211,20.017963024877,
    -10.06415206716));
#2286 = CARTESIAN_POINT('',(21.14615099872,20.106042209351,
    -10.16572119316));
#2287 = CARTESIAN_POINT('',(21.170772484291,20.196734144827,
    -10.26182124933));
#2288 = CARTESIAN_POINT('',(21.199229806671,20.28960122041,
    -10.35247491125));
#2289 = CARTESIAN_POINT('',(21.260399040298,20.468191822123,
    -10.51322001334));
#2290 = CARTESIAN_POINT('',(21.292257194463,20.553521830672,
    -10.58447330816));
#2291 = CARTESIAN_POINT('',(21.327307754867,20.639960215952,
    -10.6514083833));
#2292 = CARTESIAN_POINT('',(21.365612093695,20.727224564128,
    -10.71398043742));
#2293 = CARTESIAN_POINT('',(21.407216361487,20.815064585842,
    -10.77214331051));
#2294 = CARTESIAN_POINT('',(21.50119302214,20.999534465064,
    -10.88446291096));
#2295 = CARTESIAN_POINT('',(21.554198659721,21.096226141417,
    -10.93776171535));
#2296 = CARTESIAN_POINT('',(21.611165372352,21.192984406606,
    -10.9856328207));
#2297 = CARTESIAN_POINT('',(21.672042979342,21.289495841281,
    -11.02798186748));
#2298 = CARTESIAN_POINT('',(21.736729016899,21.38549138221,
    -11.06472567133));
#2299 = CARTESIAN_POINT('',(21.935637098527,21.662757192966,
    -11.15513843571));
#2300 = CARTESIAN_POINT('',(22.079244784193,21.841663600562,
    -11.19361457661));
#2301 = CARTESIAN_POINT('',(22.234844647963,22.016159467363,
    -11.21092753258));
#2302 = CARTESIAN_POINT('',(22.400698833569,22.185398395767,
    -11.20668019396));
#2303 = CARTESIAN_POINT('',(22.574291154967,22.348862663828,
    -11.18038929976));
#2304 = CARTESIAN_POINT('',(22.847990199533,22.590429318796,
    -11.10561413789));
#2305 = CARTESIAN_POINT('',(22.94496766186,22.673069720148,
    -11.07303425162));
#2306 = CARTESIAN_POINT('',(23.042986445283,22.754029982291,
    -11.03387446166));
#2307 = CARTESIAN_POINT('',(23.141632353561,22.833328995054,
    -10.9879818165));
#2308 = CARTESIAN_POINT('',(23.240428908492,22.910965647488,
    -10.93516372596));
#2309 = CARTESIAN_POINT('',(23.418369009431,23.048307711542,
    -10.82671396322));
#2310 = CARTESIAN_POINT('',(23.497657124309,23.108603629762,
    -10.77355858538));
#2311 = CARTESIAN_POINT('',(23.576432061418,23.167810266387,
    -10.71558365863));
#2312 = CARTESIAN_POINT('',(23.654378994131,23.2259062858,
    -10.65263747503));
#2313 = CARTESIAN_POINT('',(23.73113288428,23.282846500033,
    -10.58455602143));
#2314 = CARTESIAN_POINT('',(23.864510594201,23.381740870897,
    -10.45428726052));
#2315 = CARTESIAN_POINT('',(23.921788289977,23.424191889409,
    -10.39421058268));
#2316 = CARTESIAN_POINT('',(23.977891149252,23.465865592846,
    -10.33087243079));
#2317 = CARTESIAN_POINT('',(24.032582371466,23.506704138231,
    -10.26421655002));
#2318 = CARTESIAN_POINT('',(24.085607575501,23.546640516432,
    -10.19419222144));
#2319 = CARTESIAN_POINT('',(24.245802861803,23.668795962984,
    -9.963915620181));
#2320 = CARTESIAN_POINT('',(24.347117993699,23.748321926005,
    -9.790007949703));
#2321 = CARTESIAN_POINT('',(24.435958319389,23.821944580414,
    -9.600508454281));
#2322 = CARTESIAN_POINT('',(24.50857689488,23.888072355133,
    -9.397718758943));
#2323 = CARTESIAN_POINT('',(24.562474872114,23.945379624364,
    -9.184528767201));
#2324 = CARTESIAN_POINT('',(24.596501557796,23.992810761981,
    -8.964214570008));
#2325 = PCURVE('',#1030,#2326);
#2326 = DEFINITIONAL_REPRESENTATION('',(#2327),#2385);
#2327 = B_SPLINE_CURVE_WITH_KNOTS('',6,(#2328,#2329,#2330,#2331,#2332,
    #2333,#2334,#2335,#2336,#2337,#2338,#2339,#2340,#2341,#2342,#2343,
    #2344,#2345,#2346,#2347,#2348,#2349,#2350,#2351,#2352,#2353,#2354,
    #2355,#2356,#2357,#2358,#2359,#2360,#2361,#2362,#2363,#2364,#2365,
    #2366,#2367,#2368,#2369,#2370,#2371,#2372,#2373,#2374,#2375,#2376,
    #2377,#2378,#2379,#2380,#2381,#2382,#2383,#2384),.UNSPECIFIED.,.F.,
  .F.,(7,5,5,5,5,5,5,5,5,5,5,7),(0.,0.119242023415,0.173667060002,
    0.244264243607,0.333772787186,0.413097914597,0.499681328739,
    0.665115477069,0.753890261113,0.825641272589,0.88124607177,1.),
  .UNSPECIFIED.);
#2328 = CARTESIAN_POINT('',(0.,29.));
#2329 = CARTESIAN_POINT('',(3.820590846739E-02,29.));
#2330 = CARTESIAN_POINT('',(7.609483023364E-02,29.021019706597));
#2331 = CARTESIAN_POINT('',(0.113165069461,29.062404035582));
#2332 = CARTESIAN_POINT('',(0.148928451664,29.122408842744));
#2333 = CARTESIAN_POINT('',(0.18289403713,29.198208626052));
#2334 = CARTESIAN_POINT('',(0.229074398733,29.325653157095));
#2335 = CARTESIAN_POINT('',(0.243141303759,29.368210140515));
#2336 = CARTESIAN_POINT('',(0.256800446416,29.413173028525));
#2337 = CARTESIAN_POINT('',(0.270049774333,29.460345308584));
#2338 = CARTESIAN_POINT('',(0.282887718448,29.509545001795));
#2339 = CARTESIAN_POINT('',(0.311431306586,29.626835211655));
#2340 = CARTESIAN_POINT('',(0.326859109573,29.696209402332));
#2341 = CARTESIAN_POINT('',(0.341604543892,29.768406332754));
#2342 = CARTESIAN_POINT('',(0.355673794645,29.843153411822));
#2343 = CARTESIAN_POINT('',(0.369072053686,29.920225577532));
#2344 = CARTESIAN_POINT('',(0.397946722869,30.099885619441));
#2345 = CARTESIAN_POINT('',(0.413020815397,30.203792859017));
#2346 = CARTESIAN_POINT('',(0.427028777879,30.31077116471));
#2347 = CARTESIAN_POINT('',(0.439967015947,30.420490400284));
#2348 = CARTESIAN_POINT('',(0.45182728686,30.532684495781));
#2349 = CARTESIAN_POINT('',(0.472143449819,30.748592793039));
#2350 = CARTESIAN_POINT('',(0.480832604459,30.851814424478));
#2351 = CARTESIAN_POINT('',(0.488650366659,30.956599439535));
#2352 = CARTESIAN_POINT('',(0.495581910101,31.062749126762));
#2353 = CARTESIAN_POINT('',(0.501613122387,31.17008108159));
#2354 = CARTESIAN_POINT('',(0.512317128506,31.396690249193));
#2355 = CARTESIAN_POINT('',(0.516814725077,31.516153096302));
#2356 = CARTESIAN_POINT('',(0.520202647402,31.636510026957));
#2357 = CARTESIAN_POINT('',(0.522466515918,31.757462427877));
#2358 = CARTESIAN_POINT('',(0.523598775598,31.878719927165));
#2359 = CARTESIAN_POINT('',(0.523598775598,32.231728741096));
#2360 = CARTESIAN_POINT('',(0.519465209337,32.463020681846));
#2361 = CARTESIAN_POINT('',(0.511226464064,32.692185273217));
#2362 = CARTESIAN_POINT('',(0.498967478673,32.917476795183));
#2363 = CARTESIAN_POINT('',(0.482833632071,33.136947054759));
#2364 = CARTESIAN_POINT('',(0.452392601218,33.461750551791));
#2365 = CARTESIAN_POINT('',(0.440693034359,33.572958316993));
#2366 = CARTESIAN_POINT('',(0.427935875459,33.6817479407));
#2367 = CARTESIAN_POINT('',(0.414129344043,33.787861700614));
#2368 = CARTESIAN_POINT('',(0.399277216225,33.890980919123));
#2369 = CARTESIAN_POINT('',(0.370526819298,34.071341118374));
#2370 = CARTESIAN_POINT('',(0.356990338136,34.149761593252));
#2371 = CARTESIAN_POINT('',(0.342763210739,34.225802964672));
#2372 = CARTESIAN_POINT('',(0.327840080897,34.299232225615));
#2373 = CARTESIAN_POINT('',(0.312214509144,34.369766190506));
#2374 = CARTESIAN_POINT('',(0.283218376342,34.489230554791));
#2375 = CARTESIAN_POINT('',(0.270129279947,34.539460218851));
#2376 = CARTESIAN_POINT('',(0.25661203965,34.58758204247));
#2377 = CARTESIAN_POINT('',(0.242668361193,34.633402756876));
#2378 = CARTESIAN_POINT('',(0.228300476087,34.676713405701));
#2379 = CARTESIAN_POINT('',(0.181925187186,34.803944568628));
#2380 = CARTESIAN_POINT('',(0.148113933674,34.878953335715));
#2381 = CARTESIAN_POINT('',(0.112531252678,34.938302931712));
#2382 = CARTESIAN_POINT('',(7.566142028875E-02,34.979221501163));
#2383 = CARTESIAN_POINT('',(3.798606237047E-02,35.));
#2384 = CARTESIAN_POINT('',(0.,35.));
#2385 = ( GEOMETRIC_REPRESENTATION_CONTEXT(2) 
PARAMETRIC_REPRESENTATION_CONTEXT() REPRESENTATION_CONTEXT('2D SPACE',''
  ) );
#2386 = PCURVE('',#2116,#2387);
#2387 = DEFINITIONAL_REPRESENTATION('',(#2388),#2446);
#2388 = B_SPLINE_CURVE_WITH_KNOTS('',6,(#2389,#2390,#2391,#2392,#2393,
    #2394,#2395,#2396,#2397,#2398,#2399,#2400,#2401,#2402,#2403,#2404,
    #2405,#2406,#2407,#2408,#2409,#2410,#2411,#2412,#2413,#2414,#2415,
    #2416,#2417,#2418,#2419,#2420,#2421,#2422,#2423,#2424,#2425,#2426,
    #2427,#2428,#2429,#2430,#2431,#2432,#2433,#2434,#2435,#2436,#2437,
    #2438,#2439,#2440,#2441,#2442,#2443,#2444,#2445),.UNSPECIFIED.,.F.,
  .F.,(7,5,5,5,5,5,5,5,5,5,5,7),(0.,0.119242023415,0.173667060002,
    0.244264243607,0.333772787186,0.413097914597,0.499681328739,
    0.665115477069,0.753890261113,0.825641272589,0.88124607177,1.),
  .UNSPECIFIED.);
#2389 = CARTESIAN_POINT('',(2.882586050601,14.));
#2390 = CARTESIAN_POINT('',(2.958997867536,14.));
#2391 = CARTESIAN_POINT('',(3.034775511218,13.989490083478));
#2392 = CARTESIAN_POINT('',(3.109519318528,13.968798250786));
#2393 = CARTESIAN_POINT('',(3.182799994739,13.939209108635));
#2394 = CARTESIAN_POINT('',(3.254077924117,13.902882281961));
#2395 = CARTESIAN_POINT('',(3.35381914835,13.843875240758));
#2396 = CARTESIAN_POINT('',(3.384634733136,13.824427789984));
#2397 = CARTESIAN_POINT('',(3.415029571671,13.804189683542));
#2398 = CARTESIAN_POINT('',(3.445022345574,13.783318632398));
#2399 = CARTESIAN_POINT('',(3.474630174397,13.761964064136));
#2400 = CARTESIAN_POINT('',(3.541797535787,13.71212016118));
#2401 = CARTESIAN_POINT('',(3.579114001763,13.683390077277));
#2402 = CARTESIAN_POINT('',(3.615879031153,13.654362440843));
#2403 = CARTESIAN_POINT('',(3.652146889681,13.625296767908));
#2404 = CARTESIAN_POINT('',(3.687970619441,13.596427082024));
#2405 = CARTESIAN_POINT('',(3.76833487612,13.531875694506));
#2406 = CARTESIAN_POINT('',(3.812646478114,13.496435514932));
#2407 = CARTESIAN_POINT('',(3.856438308522,13.462086192055));
#2408 = CARTESIAN_POINT('',(3.899796354915,13.42922704744));
#2409 = CARTESIAN_POINT('',(3.942804425964,13.398216760658));
#2410 = CARTESIAN_POINT('',(4.023437998766,13.34381723452));
#2411 = CARTESIAN_POINT('',(4.061117187365,13.319963669378));
#2412 = CARTESIAN_POINT('',(4.098625635342,13.298057974891));
#2413 = CARTESIAN_POINT('',(4.135997705024,13.278314639556));
#2414 = CARTESIAN_POINT('',(4.173268770528,13.26091705809));
#2415 = CARTESIAN_POINT('',(4.251089730003,13.229747744155));
#2416 = CARTESIAN_POINT('',(4.291624574652,13.216454512552));
#2417 = CARTESIAN_POINT('',(4.332100152905,13.206340990783));
#2418 = CARTESIAN_POINT('',(4.372536506211,13.199549099726));
#2419 = CARTESIAN_POINT('',(4.412955686451,13.196152422707));
#2420 = CARTESIAN_POINT('',(4.530625291094,13.196152422707));
#2421 = CARTESIAN_POINT('',(4.607722531994,13.208553206438));
#2422 = CARTESIAN_POINT('',(4.684940607183,13.233269032552));
#2423 = CARTESIAN_POINT('',(4.762510182893,13.269381198184));
#2424 = CARTESIAN_POINT('',(4.840648179022,13.315146990127));
#2425 = CARTESIAN_POINT('',(4.961846671302,13.396726827371));
#2426 = CARTESIAN_POINT('',(5.004424613873,13.427352984182));
#2427 = CARTESIAN_POINT('',(5.047342928244,13.459804620591));
#2428 = CARTESIAN_POINT('',(5.090682697611,13.49373417528));
#2429 = CARTESIAN_POINT('',(5.13452707605,13.528755139065));
#2430 = CARTESIAN_POINT('',(5.214889691778,13.593280506631));
#2431 = CARTESIAN_POINT('',(5.251204555089,13.622558167201));
#2432 = CARTESIAN_POINT('',(5.287973061579,13.652053802026));
#2433 = CARTESIAN_POINT('',(5.325250552828,13.681524039126));
#2434 = CARTESIAN_POINT('',(5.363093657627,13.710698611451));
#2435 = CARTESIAN_POINT('',(5.431379260114,13.761426794929));
#2436 = CARTESIAN_POINT('',(5.46157630062,13.783222080643));
#2437 = CARTESIAN_POINT('',(5.492173746006,13.80451586984));
#2438 = CARTESIAN_POINT('',(5.523189668842,13.825149470136));
#2439 = CARTESIAN_POINT('',(5.554643840209,13.844955247292));
#2440 = CARTESIAN_POINT('',(5.654719135231,13.903914673158));
#2441 = CARTESIAN_POINT('',(5.725633528559,13.939880783043));
#2442 = CARTESIAN_POINT('',(5.798523430036,13.969151720798));
#2443 = CARTESIAN_POINT('',(5.872856058539,13.989610690421));
#2444 = CARTESIAN_POINT('',(5.94820657945,14.));
#2445 = CARTESIAN_POINT('',(6.024178704191,14.));
#2446 = ( GEOMETRIC_REPRESENTATION_CONTEXT(2) 
PARAMETRIC_REPRESENTATION_CONTEXT() REPRESENTATION_CONTEXT('2D SPACE',''
  ) );
#2447 = ORIENTED_EDGE('',*,*,#1969,.F.);
#2448 = ORIENTED_EDGE('',*,*,#1283,.T.);
#2449 = ORIENTED_EDGE('',*,*,#958,.T.);
#2450 = ORIENTED_EDGE('',*,*,#2451,.T.);
#2451 = EDGE_CURVE('',#826,#2452,#2454,.T.);
#2452 = VERTEX_POINT('',#2453);
#2453 = CARTESIAN_POINT('',(12.654242220869,26.764099416971,
    -10.58868045673));
#2454 = SURFACE_CURVE('',#2455,(#2542,#2632),.PCURVE_S1.);
#2455 = B_SPLINE_CURVE_WITH_KNOTS('',8,(#2456,#2457,#2458,#2459,#2460,
    #2461,#2462,#2463,#2464,#2465,#2466,#2467,#2468,#2469,#2470,#2471,
    #2472,#2473,#2474,#2475,#2476,#2477,#2478,#2479,#2480,#2481,#2482,
    #2483,#2484,#2485,#2486,#2487,#2488,#2489,#2490,#2491,#2492,#2493,
    #2494,#2495,#2496,#2497,#2498,#2499,#2500,#2501,#2502,#2503,#2504,
    #2505,#2506,#2507,#2508,#2509,#2510,#2511,#2512,#2513,#2514,#2515,
    #2516,#2517,#2518,#2519,#2520,#2521,#2522,#2523,#2524,#2525,#2526,
    #2527,#2528,#2529,#2530,#2531,#2532,#2533,#2534,#2535,#2536,#2537,
    #2538,#2539,#2540,#2541),.UNSPECIFIED.,.F.,.F.,(9,7,7,7,7,7,7,7,7,7,
    7,7,9),(0.,4.491645989126E-02,0.121329473828,0.258757390868,
    0.43927799591,0.487078976556,0.533358024386,0.582701776445,
    0.663855611335,0.752491755633,0.886024986581,0.95833976599,1.),
  .UNSPECIFIED.);
#2456 = CARTESIAN_POINT('',(12.974495860391,12.990380456767,
    -10.19374598313));
#2457 = CARTESIAN_POINT('',(12.865864559318,13.174728883353,
    -10.33201079456));
#2458 = CARTESIAN_POINT('',(12.762964373231,13.36374035182,
    -10.45951478426));
#2459 = CARTESIAN_POINT('',(12.665751277079,13.55649728064,
    -10.57714210322));
#2460 = CARTESIAN_POINT('',(12.57410810585,13.752262755693,
    -10.68570861713));
#2461 = CARTESIAN_POINT('',(12.487865133046,13.950464586466,
    -10.78596390631));
#2462 = CARTESIAN_POINT('',(12.406818894235,14.150679846594,
    -10.8785923686));
#2463 = CARTESIAN_POINT('',(12.330749255685,14.352619898758,
    -10.96421342519));
#2464 = CARTESIAN_POINT('',(12.138112655841,14.902308438138,
    -11.17806241387));
#2465 = CARTESIAN_POINT('',(12.030477994561,15.253216638211,
    -11.29414939192));
#2466 = CARTESIAN_POINT('',(11.935812093432,15.607034615792,
    -11.3939460844));
#2467 = CARTESIAN_POINT('',(11.85328318824,15.962505230355,
    -11.47938732543));
#2468 = CARTESIAN_POINT('',(11.782036541275,16.31883787483,
    -11.55209284104));
#2469 = CARTESIAN_POINT('',(11.721262396199,16.675646276918,
    -11.61340794963));
#2470 = CARTESIAN_POINT('',(11.670241747871,17.032906316071,
    -11.66443058451));
#2471 = CARTESIAN_POINT('',(11.553063944363,18.034842223817,
    -11.78083106106));
#2472 = CARTESIAN_POINT('',(11.507399914627,18.680815127334,
    -11.82509250772));
#2473 = CARTESIAN_POINT('',(11.488381297021,19.325730875208,
    -11.84332694136));
#2474 = CARTESIAN_POINT('',(11.49322611478,19.967838970017,
    -11.83867342252));
#2475 = CARTESIAN_POINT('',(11.519644579471,20.606521422504,
    -11.81323236791));
#2476 = CARTESIAN_POINT('',(11.565951271228,21.241993492316,
    -11.76821086252));
#2477 = CARTESIAN_POINT('',(11.631070735334,21.874923656809,
    -11.70394064994));
#2478 = CARTESIAN_POINT('',(11.824079079262,23.334850629178,
    -11.50935999789));
#2479 = CARTESIAN_POINT('',(11.961382864703,24.131227345383,
    -11.36855717304));
#2480 = CARTESIAN_POINT('',(12.123453938303,24.912836757992,
    -11.19819737272));
#2481 = CARTESIAN_POINT('',(12.312909155584,25.695853252344,
    -10.99289147441));
#2482 = CARTESIAN_POINT('',(12.53445862855,26.487152127806,
    -10.74354083566));
#2483 = CARTESIAN_POINT('',(12.792371531294,27.279826737455,
    -10.43845915225));
#2484 = CARTESIAN_POINT('',(13.087584256732,28.049515989594,
    -10.06391356702));
#2485 = CARTESIAN_POINT('',(13.502306063976,28.934419919298,
    -9.484723146135));
#2486 = CARTESIAN_POINT('',(13.591435999934,29.114797635572,
    -9.357600612897));
#2487 = CARTESIAN_POINT('',(13.683990065732,29.291983590973,
    -9.222668924112));
#2488 = CARTESIAN_POINT('',(13.780931488212,29.466523646533,
    -9.077961470502));
#2489 = CARTESIAN_POINT('',(13.882994245792,29.637749935452,
    -8.92155287455));
#2490 = CARTESIAN_POINT('',(13.990629342241,29.803733459513,
    -8.751603734676));
#2491 = CARTESIAN_POINT('',(14.103970252805,29.961256514334,
    -8.56638711937));
#2492 = CARTESIAN_POINT('',(14.33788086018,30.245751102953,
    -8.16864084553));
#2493 = CARTESIAN_POINT('',(14.472617915169,30.391187200343,
    -7.932491961986));
#2494 = CARTESIAN_POINT('',(14.618180030189,30.519319835387,
    -7.666022407592));
#2495 = CARTESIAN_POINT('',(14.768141760232,30.613860832423,
    -7.376248796383));
#2496 = CARTESIAN_POINT('',(14.916822140961,30.664377559295,
    -7.070662242626));
#2497 = CARTESIAN_POINT('',(15.059855762713,30.666231764578,
    -6.75670205467));
#2498 = CARTESIAN_POINT('',(15.193911877261,30.620538303811,
    -6.442353214364));
#2499 = CARTESIAN_POINT('',(15.447449751339,30.442100015969,
    -5.809480729839));
#2500 = CARTESIAN_POINT('',(15.558256227895,30.308802217667,
    -5.509835863468));
#2501 = CARTESIAN_POINT('',(15.652212027204,30.148899447221,
    -5.236648027558));
#2502 = CARTESIAN_POINT('',(15.732347868389,29.973168646294,
    -4.988150111964));
#2503 = CARTESIAN_POINT('',(15.801355007398,29.788711940948,
    -4.761549854636));
#2504 = CARTESIAN_POINT('',(15.861614439171,29.598945742627,
    -4.553054831196));
#2505 = CARTESIAN_POINT('',(15.915260175583,29.403609040183,
    -4.357958089232));
#2506 = CARTESIAN_POINT('',(16.04438804387,28.862443296199,
    -3.863744249579));
#2507 = CARTESIAN_POINT('',(16.110252030315,28.506651035234,
    -3.584013215659));
#2508 = CARTESIAN_POINT('',(16.164616547607,28.141082897195,
    -3.329897177382));
#2509 = CARTESIAN_POINT('',(16.209905396331,27.771735324239,
    -3.098759262126));
#2510 = CARTESIAN_POINT('',(16.248056323834,27.401330440648,
    -2.887503384439));
#2511 = CARTESIAN_POINT('',(16.28058410009,27.029589357435,
    -2.692821037187));
#2512 = CARTESIAN_POINT('',(16.308650042069,26.653590249579,
    -2.511505536195));
#2513 = CARTESIAN_POINT('',(16.359825319771,25.847336045287,
    -2.154431692909));
#2514 = CARTESIAN_POINT('',(16.381820474445,25.421868362983,
    -1.983647827335));
#2515 = CARTESIAN_POINT('',(16.399958892399,24.993472384003,
    -1.827655078122));
#2516 = CARTESIAN_POINT('',(16.414933199474,24.563068800779,
    -1.685683728044));
#2517 = CARTESIAN_POINT('',(16.427298400713,24.130996278524,
    -1.557079820571));
#2518 = CARTESIAN_POINT('',(16.437498869426,23.697157454566,
    -1.441360068728));
#2519 = CARTESIAN_POINT('',(16.445889227743,23.261166389229,
    -1.338265904499));
#2520 = CARTESIAN_POINT('',(16.463083767153,22.161628487628,
    -1.111551956697));
#2521 = CARTESIAN_POINT('',(16.469886503855,21.498430553902,
    -1.004758455309));
#2522 = CARTESIAN_POINT('',(16.474159898868,20.832372708787,
    -0.92717067804));
#2523 = CARTESIAN_POINT('',(16.476507254302,20.162717425353,
    -0.87972677754));
#2524 = CARTESIAN_POINT('',(16.477225261906,19.489160510747,
    -0.864582994378));
#2525 = CARTESIAN_POINT('',(16.476302472411,18.812327934528,
    -0.885129517051));
#2526 = CARTESIAN_POINT('',(16.473208285326,18.134155939094,
    -0.946007806806));
#2527 = CARTESIAN_POINT('',(16.462646952539,17.092107163791,
    -1.111141047895));
#2528 = CARTESIAN_POINT('',(16.457835980027,16.726821501753,
    -1.182691968872));
#2529 = CARTESIAN_POINT('',(16.451665587653,16.361968598074,
    -1.268849166984));
#2530 = CARTESIAN_POINT('',(16.443769670528,15.997557918877,
    -1.370940072259));
#2531 = CARTESIAN_POINT('',(16.433647641053,15.633987603878,
    -1.490542934401));
#2532 = CARTESIAN_POINT('',(16.420609396108,15.272090613434,
    -1.629468719026));
#2533 = CARTESIAN_POINT('',(16.403692291939,14.913203019625,
    -1.789734547228));
#2534 = CARTESIAN_POINT('',(16.368794120433,14.35534618478,
    -2.079411688532));
#2535 = CARTESIAN_POINT('',(16.354298846914,14.152997181536,
    -2.193145145824));
#2536 = CARTESIAN_POINT('',(16.337791640826,13.95237633188,-2.3152626912
    ));
#2537 = CARTESIAN_POINT('',(16.318949160135,13.753773148721,
    -2.446340487783));
#2538 = CARTESIAN_POINT('',(16.297387757385,13.557612362564,
    -2.586985133256));
#2539 = CARTESIAN_POINT('',(16.272652000218,13.364469019221,
    -2.737820829267));
#2540 = CARTESIAN_POINT('',(16.244201341145,13.175084070345,
    -2.899475807939));
#2541 = CARTESIAN_POINT('',(16.211394936592,12.990380456767,
    -3.072568015493));
#2542 = PCURVE('',#1030,#2543);
#2543 = DEFINITIONAL_REPRESENTATION('',(#2544),#2631);
#2544 = B_SPLINE_CURVE_WITH_KNOTS('',8,(#2545,#2546,#2547,#2548,#2549,
    #2550,#2551,#2552,#2553,#2554,#2555,#2556,#2557,#2558,#2559,#2560,
    #2561,#2562,#2563,#2564,#2565,#2566,#2567,#2568,#2569,#2570,#2571,
    #2572,#2573,#2574,#2575,#2576,#2577,#2578,#2579,#2580,#2581,#2582,
    #2583,#2584,#2585,#2586,#2587,#2588,#2589,#2590,#2591,#2592,#2593,
    #2594,#2595,#2596,#2597,#2598,#2599,#2600,#2601,#2602,#2603,#2604,
    #2605,#2606,#2607,#2608,#2609,#2610,#2611,#2612,#2613,#2614,#2615,
    #2616,#2617,#2618,#2619,#2620,#2621,#2622,#2623,#2624,#2625,#2626,
    #2627,#2628,#2629,#2630),.UNSPECIFIED.,.F.,.F.,(9,7,7,7,7,7,7,7,7,7,
    7,7,9),(0.,4.491645989126E-02,0.121329473828,0.258757390868,
    0.43927799591,0.487078976556,0.533358024386,0.582701776445,
    0.663855611335,0.752491755633,0.886024986581,0.95833976599,1.),
  .UNSPECIFIED.);
#2545 = CARTESIAN_POINT('',(1.052946323332,20.1246114102));
#2546 = CARTESIAN_POINT('',(1.090489675362,20.243607804672));
#2547 = CARTESIAN_POINT('',(1.126743478121,20.366739935926));
#2548 = CARTESIAN_POINT('',(1.161802791194,20.493488744994));
#2549 = CARTESIAN_POINT('',(1.195755929773,20.623418374528));
#2550 = CARTESIAN_POINT('',(1.228687618226,20.756175753429));
#2551 = CARTESIAN_POINT('',(1.260680903132,20.891489343316));
#2552 = CARTESIAN_POINT('',(1.2918178258,21.029167046848));
#2553 = CARTESIAN_POINT('',(1.373829801271,21.407139309771));
#2554 = CARTESIAN_POINT('',(1.423267197861,21.651839112684));
#2555 = CARTESIAN_POINT('',(1.470735539849,21.901959526064));
#2556 = CARTESIAN_POINT('',(1.516454222026,22.156540027123));
#2557 = CARTESIAN_POINT('',(1.560627940083,22.414892874847));
#2558 = CARTESIAN_POINT('',(1.603454543117,22.676602971307));
#2559 = CARTESIAN_POINT('',(1.645130336699,22.941527440323));
#2560 = CARTESIAN_POINT('',(1.759091778878,23.692270872446));
#2561 = CARTESIAN_POINT('',(1.829200215807,24.185247390723));
#2562 = CARTESIAN_POINT('',(1.896773578603,24.685741286455));
#2563 = CARTESIAN_POINT('',(1.962329583312,25.191614087235));
#2564 = CARTESIAN_POINT('',(2.026365758969,25.701628146246));
#2565 = CARTESIAN_POINT('',(2.08937837251,26.215312020295));
#2566 = CARTESIAN_POINT('',(2.151871531035,26.732669740832));
#2567 = CARTESIAN_POINT('',(2.296501111916,27.938266212151));
#2568 = CARTESIAN_POINT('',(2.37575581192,28.605072497238));
#2569 = CARTESIAN_POINT('',(2.454940988707,29.26666536438));
#2570 = CARTESIAN_POINT('',(2.536534441873,29.935842999127));
#2571 = CARTESIAN_POINT('',(2.622597005623,30.618329143543));
#2572 = CARTESIAN_POINT('',(2.714762276241,31.308111497555));
#2573 = CARTESIAN_POINT('',(2.814443732561,31.983066343624));
#2574 = CARTESIAN_POINT('',(2.952034816446,32.763440392865));
#2575 = CARTESIAN_POINT('',(2.981483283628,32.922778450323));
#2576 = CARTESIAN_POINT('',(3.012003509262,33.079538876931));
#2577 = CARTESIAN_POINT('',(3.043973971472,33.23418946731));
#2578 = CARTESIAN_POINT('',(3.077718682642,33.386126097463));
#2579 = CARTESIAN_POINT('',(3.113511525206,33.533616679362));
#2580 = CARTESIAN_POINT('',(3.151588763547,33.673766818529));
#2581 = CARTESIAN_POINT('',(3.231458645189,33.927148573562));
#2582 = CARTESIAN_POINT('',(3.278049807111,34.056816364894));
#2583 = CARTESIAN_POINT('',(3.329440251799,34.171227193645));
#2584 = CARTESIAN_POINT('',(3.384051945805,34.255764326509));
#2585 = CARTESIAN_POINT('',(3.440557649798,34.30095120237));
#2586 = CARTESIAN_POINT('',(3.497844535579,34.302590375458));
#2587 = CARTESIAN_POINT('',(3.554795402763,34.261725850459));
#2588 = CARTESIAN_POINT('',(3.669207679943,34.102342138216));
#2589 = CARTESIAN_POINT('',(3.723239507869,33.983335650343));
#2590 = CARTESIAN_POINT('',(3.772720955747,33.840714081296));
#2591 = CARTESIAN_POINT('',(3.818110644188,33.684197139328));
#2592 = CARTESIAN_POINT('',(3.859936999634,33.520164362507));
#2593 = CARTESIAN_POINT('',(3.898872808138,33.351669412981));
#2594 = CARTESIAN_POINT('',(3.935778347864,33.178504177425));
#2595 = CARTESIAN_POINT('',(4.030714724895,32.699633919918));
#2596 = CARTESIAN_POINT('',(4.085996313968,32.385649106539));
#2597 = CARTESIAN_POINT('',(4.137936386203,32.064066943859));
#2598 = CARTESIAN_POINT('',(4.186961182683,31.740287622756));
#2599 = CARTESIAN_POINT('',(4.233568715107,31.416748079436));
#2600 = CARTESIAN_POINT('',(4.278354801263,31.093235407977));
#2601 = CARTESIAN_POINT('',(4.322017217072,30.767287766069));
#2602 = CARTESIAN_POINT('',(4.412681165967,30.071408306756));
#2603 = CARTESIAN_POINT('',(4.458877950561,29.705882959602));
#2604 = CARTESIAN_POINT('',(4.504134782556,29.339672794036));
#2605 = CARTESIAN_POINT('',(4.548644241426,28.973694085049));
#2606 = CARTESIAN_POINT('',(4.592602898421,28.608358066725));
#2607 = CARTESIAN_POINT('',(4.636213662039,28.24371487603));
#2608 = CARTESIAN_POINT('',(4.679686128738,27.879594974651));
#2609 = CARTESIAN_POINT('',(4.788842636174,26.96760083475));
#2610 = CARTESIAN_POINT('',(4.854251488448,26.423182447526));
#2611 = CARTESIAN_POINT('',(4.92007941734,25.88257277002));
#2612 = CARTESIAN_POINT('',(4.986899153104,25.345772741691));
#2613 = CARTESIAN_POINT('',(5.055273421721,24.813262871163));
#2614 = CARTESIAN_POINT('',(5.125764563961,24.286396662656));
#2615 = CARTESIAN_POINT('',(5.198956020156,23.767584708768));
#2616 = CARTESIAN_POINT('',(5.316987942993,22.985465199957));
#2617 = CARTESIAN_POINT('',(5.359426673043,22.714171548874));
#2618 = CARTESIAN_POINT('',(5.403048401062,22.446192782142));
#2619 = CARTESIAN_POINT('',(5.448060741048,22.181670029466));
#2620 = CARTESIAN_POINT('',(5.494672774404,21.921038162513));
#2621 = CARTESIAN_POINT('',(5.543100855079,21.665026394655));
#2622 = CARTESIAN_POINT('',(5.593577269944,21.41465833484));
#2623 = CARTESIAN_POINT('',(5.676770669326,21.031025860299));
#2624 = CARTESIAN_POINT('',(5.707957638121,20.893055562418));
#2625 = CARTESIAN_POINT('',(5.74000355798,20.757456301197));
#2626 = CARTESIAN_POINT('',(5.772990907842,20.624420845725));
#2627 = CARTESIAN_POINT('',(5.807003173738,20.494221984777));
#2628 = CARTESIAN_POINT('',(5.84212552681,20.367214630634));
#2629 = CARTESIAN_POINT('',(5.878446753998,20.243837076883));
#2630 = CARTESIAN_POINT('',(5.916062441391,20.1246114102));
#2631 = ( GEOMETRIC_REPRESENTATION_CONTEXT(2) 
PARAMETRIC_REPRESENTATION_CONTEXT() REPRESENTATION_CONTEXT('2D SPACE',''
  ) );
#2632 = PCURVE('',#946,#2633);
#2633 = DEFINITIONAL_REPRESENTATION('',(#2634),#2721);
#2634 = B_SPLINE_CURVE_WITH_KNOTS('',8,(#2635,#2636,#2637,#2638,#2639,
    #2640,#2641,#2642,#2643,#2644,#2645,#2646,#2647,#2648,#2649,#2650,
    #2651,#2652,#2653,#2654,#2655,#2656,#2657,#2658,#2659,#2660,#2661,
    #2662,#2663,#2664,#2665,#2666,#2667,#2668,#2669,#2670,#2671,#2672,
    #2673,#2674,#2675,#2676,#2677,#2678,#2679,#2680,#2681,#2682,#2683,
    #2684,#2685,#2686,#2687,#2688,#2689,#2690,#2691,#2692,#2693,#2694,
    #2695,#2696,#2697,#2698,#2699,#2700,#2701,#2702,#2703,#2704,#2705,
    #2706,#2707,#2708,#2709,#2710,#2711,#2712,#2713,#2714,#2715,#2716,
    #2717,#2718,#2719,#2720),.UNSPECIFIED.,.F.,.F.,(9,7,7,7,7,7,7,7,7,7,
    7,7,9),(0.,4.491645989126E-02,0.121329473828,0.258757390868,
    0.43927799591,0.487078976556,0.533358024386,0.582701776445,
    0.663855611335,0.752491755633,0.886024986581,0.95833976599,1.),
  .UNSPECIFIED.);
#2635 = CARTESIAN_POINT('',(2.236741699922,12.990380456767));
#2636 = CARTESIAN_POINT('',(2.247398361492,13.174728883353));
#2637 = CARTESIAN_POINT('',(2.257327613828,13.36374035182));
#2638 = CARTESIAN_POINT('',(2.266575074754,13.55649728064));
#2639 = CARTESIAN_POINT('',(2.275184817407,13.752262755693));
#2640 = CARTESIAN_POINT('',(2.283199117965,13.950464586466));
#2641 = CARTESIAN_POINT('',(2.290658098328,14.150679846594));
#2642 = CARTESIAN_POINT('',(2.29759926375,14.352619898758));
#2643 = CARTESIAN_POINT('',(2.315042889286,14.902308438138));
#2644 = CARTESIAN_POINT('',(2.32463633711,15.253216638211));
#2645 = CARTESIAN_POINT('',(2.332972128545,15.607034615792));
#2646 = CARTESIAN_POINT('',(2.340171154958,15.962505230355));
#2647 = CARTESIAN_POINT('',(2.346340332853,16.31883787483));
#2648 = CARTESIAN_POINT('',(2.351572387872,16.675646276919));
#2649 = CARTESIAN_POINT('',(2.355945439375,17.032906316071));
#2650 = CARTESIAN_POINT('',(2.365955481822,18.034842223817));
#2651 = CARTESIAN_POINT('',(2.369809422976,18.680815127334));
#2652 = CARTESIAN_POINT('',(2.371406360921,19.325730875207));
#2653 = CARTESIAN_POINT('',(2.370999245656,19.967838970017));
#2654 = CARTESIAN_POINT('',(2.368776310101,20.606521422505));
#2655 = CARTESIAN_POINT('',(2.364862183337,21.241993492316));
#2656 = CARTESIAN_POINT('',(2.359317375156,21.874923656809));
#2657 = CARTESIAN_POINT('',(2.342707128948,23.334850629178));
#2658 = CARTESIAN_POINT('',(2.330788383968,24.131227345383));
#2659 = CARTESIAN_POINT('',(2.316539405737,24.912836757992));
#2660 = CARTESIAN_POINT('',(2.29961282454,25.695853252344));
#2661 = CARTESIAN_POINT('',(2.279405669249,26.487152127806));
#2662 = CARTESIAN_POINT('',(2.255211546127,27.279826737455));
#2663 = CARTESIAN_POINT('',(2.226339138212,28.049515989594));
#2664 = CARTESIAN_POINT('',(2.183165849483,28.934419919298));
#2665 = CARTESIAN_POINT('',(2.173756881774,29.114797635571));
#2666 = CARTESIAN_POINT('',(2.163841180659,29.291983590973));
#2667 = CARTESIAN_POINT('',(2.153286308252,29.466523646533));
#2668 = CARTESIAN_POINT('',(2.141969186992,29.637749935452));
#2669 = CARTESIAN_POINT('',(2.129779526801,29.803733459513));
#2670 = CARTESIAN_POINT('',(2.116621326006,29.961256514334));
#2671 = CARTESIAN_POINT('',(2.088655961714,30.245751102953));
#2672 = CARTESIAN_POINT('',(2.072179623795,30.391187200344));
#2673 = CARTESIAN_POINT('',(2.05378273236,30.519319835384));
#2674 = CARTESIAN_POINT('',(2.034018718695,30.613860832428));
#2675 = CARTESIAN_POINT('',(2.013435446224,30.664377559291));
#2676 = CARTESIAN_POINT('',(1.992536304447,30.666231764579));
#2677 = CARTESIAN_POINT('',(1.971829833126,30.620538303811));
#2678 = CARTESIAN_POINT('',(1.930510496864,30.442100015969));
#2679 = CARTESIAN_POINT('',(1.91115527476,30.308802217667));
#2680 = CARTESIAN_POINT('',(1.893653488304,30.148899447222));
#2681 = CARTESIAN_POINT('',(1.877834216823,29.973168646294));
#2682 = CARTESIAN_POINT('',(1.86348132614,29.788711940948));
#2683 = CARTESIAN_POINT('',(1.850330040241,29.598945742628));
#2684 = CARTESIAN_POINT('',(1.838068133584,29.403609040183));
#2685 = CARTESIAN_POINT('',(1.807110279852,28.862443296199));
#2686 = CARTESIAN_POINT('',(1.789698435686,28.506651035235));
#2687 = CARTESIAN_POINT('',(1.773953899124,28.141082897195));
#2688 = CARTESIAN_POINT('',(1.759682782309,27.771735324239));
#2689 = CARTESIAN_POINT('',(1.746674720771,27.401330440648));
#2690 = CARTESIAN_POINT('',(1.734713715165,27.029589357434));
#2691 = CARTESIAN_POINT('',(1.723594729545,26.653590249579));
#2692 = CARTESIAN_POINT('',(1.701732766854,25.847336045287));
#2693 = CARTESIAN_POINT('',(1.691297797634,25.421868362983));
#2694 = CARTESIAN_POINT('',(1.681781110161,24.993472384003));
#2695 = CARTESIAN_POINT('',(1.673129887692,24.563068800778));
#2696 = CARTESIAN_POINT('',(1.665300292658,24.130996278524));
#2697 = CARTESIAN_POINT('',(1.658260065898,23.697157454566));
#2698 = CARTESIAN_POINT('',(1.651991366368,23.261166389229));
#2699 = CARTESIAN_POINT('',(1.638211666321,22.161628487628));
#2700 = CARTESIAN_POINT('',(1.631726671769,21.498430553902));
#2701 = CARTESIAN_POINT('',(1.627017459095,20.832372708787));
#2702 = CARTESIAN_POINT('',(1.624138430007,20.162717425353));
#2703 = CARTESIAN_POINT('',(1.623219601625,19.489160510746));
#2704 = CARTESIAN_POINT('',(1.62446623113,18.812327934528));
#2705 = CARTESIAN_POINT('',(1.62816028382,18.134155939094));
#2706 = CARTESIAN_POINT('',(1.63818880679,17.092107163791));
#2707 = CARTESIAN_POINT('',(1.642535012136,16.726821501753));
#2708 = CARTESIAN_POINT('',(1.647769905619,16.361968598073));
#2709 = CARTESIAN_POINT('',(1.653975510452,15.997557918877));
#2710 = CARTESIAN_POINT('',(1.661249666858,15.633987603878));
#2711 = CARTESIAN_POINT('',(1.66970557721,15.272090613434));
#2712 = CARTESIAN_POINT('',(1.679471581425,14.913203019625));
#2713 = CARTESIAN_POINT('',(1.697154715137,14.35534618478));
#2714 = CARTESIAN_POINT('',(1.704103246709,14.152997181536));
#2715 = CARTESIAN_POINT('',(1.711571245827,13.95237633188));
#2716 = CARTESIAN_POINT('',(1.719596410569,13.753773148721));
#2717 = CARTESIAN_POINT('',(1.728219076255,13.557612362564));
#2718 = CARTESIAN_POINT('',(1.737481749124,13.364469019221));
#2719 = CARTESIAN_POINT('',(1.747428745996,13.175084070345));
#2720 = CARTESIAN_POINT('',(1.758105939922,12.990380456767));
#2721 = ( GEOMETRIC_REPRESENTATION_CONTEXT(2) 
PARAMETRIC_REPRESENTATION_CONTEXT() REPRESENTATION_CONTEXT('2D SPACE',''
  ) );
#2722 = ORIENTED_EDGE('',*,*,#2723,.T.);
#2723 = EDGE_CURVE('',#2452,#2724,#2726,.T.);
#2724 = VERTEX_POINT('',#2725);
#2725 = CARTESIAN_POINT('',(14.944512141066,31.04021559175,
    -8.19585332115));
#2726 = SURFACE_CURVE('',#2727,(#2855,#2986),.PCURVE_S1.);
#2727 = B_SPLINE_CURVE_WITH_KNOTS('',6,(#2728,#2729,#2730,#2731,#2732,
    #2733,#2734,#2735,#2736,#2737,#2738,#2739,#2740,#2741,#2742,#2743,
    #2744,#2745,#2746,#2747,#2748,#2749,#2750,#2751,#2752,#2753,#2754,
    #2755,#2756,#2757,#2758,#2759,#2760,#2761,#2762,#2763,#2764,#2765,
    #2766,#2767,#2768,#2769,#2770,#2771,#2772,#2773,#2774,#2775,#2776,
    #2777,#2778,#2779,#2780,#2781,#2782,#2783,#2784,#2785,#2786,#2787,
    #2788,#2789,#2790,#2791,#2792,#2793,#2794,#2795,#2796,#2797,#2798,
    #2799,#2800,#2801,#2802,#2803,#2804,#2805,#2806,#2807,#2808,#2809,
    #2810,#2811,#2812,#2813,#2814,#2815,#2816,#2817,#2818,#2819,#2820,
    #2821,#2822,#2823,#2824,#2825,#2826,#2827,#2828,#2829,#2830,#2831,
    #2832,#2833,#2834,#2835,#2836,#2837,#2838,#2839,#2840,#2841,#2842,
    #2843,#2844,#2845,#2846,#2847,#2848,#2849,#2850,#2851,#2852,#2853,
    #2854),.UNSPECIFIED.,.T.,.F.,(7,5,5,5,5,5,5,5,5,5,5,5,5,5,5,5,5,5,5,
    5,5,5,5,5,5,7),(0.,3.610771433024E-02,6.054403747606E-02,
    7.882286264986E-02,9.295990743275E-02,0.133220525306,0.215640759599,
    0.259672966124,0.2982027633,0.378283598788,0.406031404163,
    0.441957972806,0.490306970971,0.525243018679,0.552442673099,
    0.587724578588,0.632457694186,0.672101508646,0.715372750907,
    0.798050723144,0.842417132404,0.878275679111,0.90606493598,
    0.942045174094,0.988762757085,1.),.UNSPECIFIED.);
#2728 = CARTESIAN_POINT('',(14.944512141063,31.040215591752,
    -8.19585332115));
#2729 = CARTESIAN_POINT('',(14.957936555838,31.030585033327,
    -8.063486305967));
#2730 = CARTESIAN_POINT('',(14.969587930407,31.013601105213,
    -7.933355418686));
#2731 = CARTESIAN_POINT('',(14.979410125917,30.989850488876,
    -7.805901665506));
#2732 = CARTESIAN_POINT('',(14.987337422127,30.959951959504,
    -7.68152280482));
#2733 = CARTESIAN_POINT('',(14.993310493189,30.924552320095,
    -7.560575283102));
#2734 = CARTESIAN_POINT('',(14.999987174805,30.857096217224,
    -7.364060284029));
#2735 = CARTESIAN_POINT('',(15.001772317749,30.827635064878,
    -7.286395105463));
#2736 = CARTESIAN_POINT('',(15.002636032729,30.796112371336,
    -7.210404038691));
#2737 = CARTESIAN_POINT('',(15.002565922859,30.762689873986,
    -7.136103771022));
#2738 = CARTESIAN_POINT('',(15.001548973915,30.727517554775,
    -7.06350427347));
#2739 = CARTESIAN_POINT('',(14.998092407625,30.663218586514,
    -6.93957766577));
#2740 = CARTESIAN_POINT('',(14.996075761535,30.634799992262,
    -6.887496584763));
#2741 = CARTESIAN_POINT('',(14.993515752783,30.605533593671,
    -6.83636369647));
#2742 = CARTESIAN_POINT('',(14.990406084129,30.575471297883,
    -6.786176089583));
#2743 = CARTESIAN_POINT('',(14.986740024366,30.544661182964,
    -6.736929802752));
#2744 = CARTESIAN_POINT('',(14.979239176677,30.488774466666,
    -6.651256355195));
#2745 = CARTESIAN_POINT('',(14.975630853848,30.46398072189,
    -6.614453151349));
#2746 = CARTESIAN_POINT('',(14.971682116394,30.43878680471,
    -6.578208054337));
#2747 = CARTESIAN_POINT('',(14.967389503822,30.413212236247,
    -6.54251897154));
#2748 = CARTESIAN_POINT('',(14.962749418598,30.387275517603,
    -6.507383876424));
#2749 = CARTESIAN_POINT('',(14.943543520372,30.286147871326,
    -6.374312354822));
#2750 = CARTESIAN_POINT('',(14.926478190326,30.208493775752,
    -6.280284275625));
#2751 = CARTESIAN_POINT('',(14.906476121991,30.128447278536,
    -6.190692551381));
#2752 = CARTESIAN_POINT('',(14.883448465769,30.046372750573,
    -6.105518705662));
#2753 = CARTESIAN_POINT('',(14.857302796125,29.962584808758,
    -6.02475045826));
#2754 = CARTESIAN_POINT('',(14.767836659354,29.702858919109,
    -5.792044115744));
#2755 = CARTESIAN_POINT('',(14.694142053669,29.521967659051,
    -5.653847568524));
#2756 = CARTESIAN_POINT('',(14.606214673532,29.33773911332,
    -5.534623899203));
#2757 = CARTESIAN_POINT('',(14.503738854857,29.152696006075,
    -5.434885304621));
#2758 = CARTESIAN_POINT('',(14.386944794629,28.968720597495,
    -5.355126061176));
#2759 = CARTESIAN_POINT('',(14.187100390898,28.690149610475,
    -5.264287695844));
#2760 = CARTESIAN_POINT('',(14.113753405063,28.593950771059,
    -5.238560461556));
#2761 = CARTESIAN_POINT('',(14.036817167316,28.498788351686,
    -5.218808816845));
#2762 = CARTESIAN_POINT('',(13.956529828192,28.40485861452,
    -5.205101785179));
#2763 = CARTESIAN_POINT('',(13.873195640145,28.312324259249,
    -5.19750107285));
#2764 = CARTESIAN_POINT('',(13.711917851527,28.141684574633,
    -5.194792595358));
#2765 = CARTESIAN_POINT('',(13.634604843521,28.063224369416,
    -5.198242365463));
#2766 = CARTESIAN_POINT('',(13.555444023052,27.985978711797,
    -5.206438140288));
#2767 = CARTESIAN_POINT('',(13.474667635192,27.909980396678,
    -5.219423596842));
#2768 = CARTESIAN_POINT('',(13.392537940686,27.83525648646,
    -5.237251196051));
#2769 = CARTESIAN_POINT('',(13.136437333177,27.60922220421,
    -5.307218427439));
#2770 = CARTESIAN_POINT('',(12.959130083229,27.462392097897,
    -5.37557568543));
#2771 = CARTESIAN_POINT('',(12.779418186966,27.320969194668,
    -5.465662589842));
#2772 = CARTESIAN_POINT('',(12.599764294081,27.184763259546,
    -5.578714839255));
#2773 = CARTESIAN_POINT('',(12.423542823447,27.05395123794,
    -5.716395457409));
#2774 = CARTESIAN_POINT('',(12.197244018863,26.886159498827,
    -5.93741938177));
#2775 = CARTESIAN_POINT('',(12.139966323083,26.843708480311,
    -5.997496059616));
#2776 = CARTESIAN_POINT('',(12.083863463806,26.802034776872,
    -6.060834211507));
#2777 = CARTESIAN_POINT('',(12.029172241594,26.761196231489,
    -6.127490092279));
#2778 = CARTESIAN_POINT('',(11.976147037563,26.721259853292,
    -6.197514420855));
#2779 = CARTESIAN_POINT('',(11.85891282696,26.631863981053,
    -6.366035581447));
#2780 = CARTESIAN_POINT('',(11.7959139288,26.582990908432,
    -6.466985395101));
#2781 = CARTESIAN_POINT('',(11.736887297896,26.536027157946,
    -6.573618239135));
#2782 = CARTESIAN_POINT('',(11.682596791654,26.491279715564,
    -6.685680524161));
#2783 = CARTESIAN_POINT('',(11.633733471677,26.449037209974,
    -6.80285236453));
#2784 = CARTESIAN_POINT('',(11.533264880188,26.356497683217,
    -7.08880041853));
#2785 = CARTESIAN_POINT('',(11.486624091843,26.308530838362,
    -7.261209904326));
#2786 = CARTESIAN_POINT('',(11.452864476062,26.266783676524,
    -7.439712514484));
#2787 = CARTESIAN_POINT('',(11.432893946387,26.231975039238,
    -7.621679463458));
#2788 = CARTESIAN_POINT('',(11.426563142666,26.204534836012,
    -7.804261017722));
#2789 = CARTESIAN_POINT('',(11.437158371972,26.169947124216,
    -8.114729318152));
#2790 = CARTESIAN_POINT('',(11.448117601909,26.159289172667,
    -8.243673507092));
#2791 = CARTESIAN_POINT('',(11.465161512281,26.152409464698,
    -8.370769802901));
#2792 = CARTESIAN_POINT('',(11.487777008508,26.149218369656,
    -8.495487626307));
#2793 = CARTESIAN_POINT('',(11.515377612723,26.149593202909,
    -8.617323650511));
#2794 = CARTESIAN_POINT('',(11.572176591164,26.156296742954,
    -8.828042980921));
#2795 = CARTESIAN_POINT('',(11.599694067176,26.161291616363,
    -8.918346980665));
#2796 = CARTESIAN_POINT('',(11.629614190563,26.168279235582,
    -9.006647715298));
#2797 = CARTESIAN_POINT('',(11.66169843585,26.177197669545,
    -9.092892596577));
#2798 = CARTESIAN_POINT('',(11.695721838844,26.187989680346,
    -9.177041554462));
#2799 = CARTESIAN_POINT('',(11.777849244021,26.216961248386,
    -9.365464594855));
#2800 = CARTESIAN_POINT('',(11.827143250422,26.236386585222,
    -9.46831227147));
#2801 = CARTESIAN_POINT('',(11.878928999139,26.258774797467,
    -9.56761310678));
#2802 = CARTESIAN_POINT('',(11.932828530015,26.284044240914,
    -9.663384680345));
#2803 = CARTESIAN_POINT('',(11.988511258161,26.31213557631,
    -9.755657517508));
#2804 = CARTESIAN_POINT('',(12.118191301559,26.382161406814,
    -9.957082627165));
#2805 = CARTESIAN_POINT('',(12.193109661208,26.42579412201,
    -10.06415206716));
#2806 = CARTESIAN_POINT('',(12.269843080157,26.473828324841,
    -10.16572119316));
#2807 = CARTESIAN_POINT('',(12.347863189494,26.526212551964,
    -10.26182124933));
#2808 = CARTESIAN_POINT('',(12.426714600222,26.582927346775,
    -10.35247491125));
#2809 = CARTESIAN_POINT('',(12.576287225454,26.698098124077,
    -10.51322001334));
#2810 = CARTESIAN_POINT('',(12.646909247802,26.755619270667,
    -10.58447330816));
#2811 = CARTESIAN_POINT('',(12.717558237561,26.81651965228,
    -10.6514083833));
#2812 = CARTESIAN_POINT('',(12.787947006699,26.880766909147,
    -10.71398043742));
#2813 = CARTESIAN_POINT('',(12.85782367531,26.94832455636,
    -10.77214331051));
#2814 = CARTESIAN_POINT('',(13.0024528556,27.096456758452,
    -10.88446291096));
#2815 = CARTESIAN_POINT('',(13.077061011484,27.177650976022,
    -10.93776171535));
#2816 = CARTESIAN_POINT('',(13.150462970687,27.262618738235,
    -10.9856328207));
#2817 = CARTESIAN_POINT('',(13.222377920232,27.351212079338,
    -11.02798186748));
#2818 = CARTESIAN_POINT('',(13.292583817796,27.443247720697,
    -11.06472567133));
#2819 = CARTESIAN_POINT('',(13.491491899425,27.720513531452,
    -11.15513843571));
#2820 = CARTESIAN_POINT('',(13.614947362852,27.913876968047,
    -11.19361457661));
#2821 = CARTESIAN_POINT('',(13.730382118395,28.117186934227,
    -11.21092753258));
#2822 = CARTESIAN_POINT('',(13.837551272223,28.328525994124,
    -11.20668019396));
#2823 = CARTESIAN_POINT('',(13.936770680571,28.545344743285,
    -11.18038929976));
#2824 = CARTESIAN_POINT('',(14.077896248657,28.882018457468,
    -11.10561413789));
#2825 = CARTESIAN_POINT('',(14.125103863226,29.00036331482,
    -11.07303425162));
#2826 = CARTESIAN_POINT('',(14.170386254892,29.119156205832,
    -11.03387446166));
#2827 = CARTESIAN_POINT('',(14.213894041147,29.238010827872,
    -10.9879818165));
#2828 = CARTESIAN_POINT('',(14.25577885078,29.356475471498,
    -10.93516372596));
#2829 = CARTESIAN_POINT('',(14.328860293153,29.569042225393,
    -10.82671396322));
#2830 = CARTESIAN_POINT('',(14.360569969826,29.663470501456,
    -10.77355858538));
#2831 = CARTESIAN_POINT('',(14.391412243892,29.757063613743,
    -10.71558365863));
#2832 = CARTESIAN_POINT('',(14.421467786807,29.84951649975,
    -10.65263747503));
#2833 = CARTESIAN_POINT('',(14.450810765037,29.940468889925,
    -10.58455602143));
#2834 = CARTESIAN_POINT('',(14.501751296037,30.098502976102,
    -10.45428726052));
#2835 = CARTESIAN_POINT('',(14.52360998516,30.166363281995,
    -10.39421058268));
#2836 = CARTESIAN_POINT('',(14.545108807988,30.232861620275,
    -10.33087243079));
#2837 = CARTESIAN_POINT('',(14.566268851224,30.297755141883,
    -10.26421655002));
#2838 = CARTESIAN_POINT('',(14.587108152214,30.360781407051,
    -10.19419222144));
#2839 = CARTESIAN_POINT('',(14.634224013002,30.500479573721,
    -10.02567106084));
#2840 = CARTESIAN_POINT('',(14.660332836735,30.575817264947,
    -9.924721247199));
#2841 = CARTESIAN_POINT('',(14.685905877776,30.646780329899,
    -9.818088403169));
#2842 = CARTESIAN_POINT('',(14.710897105596,30.712546819847,
    -9.70602611814));
#2843 = CARTESIAN_POINT('',(14.73525455251,30.772369625682,
    -9.588854277764));
#2844 = CARTESIAN_POINT('',(14.789601042494,30.894673999657,
    -9.308678080344));
#2845 = CARTESIAN_POINT('',(14.81906440848,30.952537552791,
    -9.142623771524));
#2846 = CARTESIAN_POINT('',(14.846899205745,30.99725694397,
    -8.970828464246));
#2847 = CARTESIAN_POINT('',(14.87275388026,31.027821215799,
    -8.795642122081));
#2848 = CARTESIAN_POINT('',(14.896223806557,31.04416602121,
    -8.619611033383));
#2849 = CARTESIAN_POINT('',(14.92196523852,31.047901220441,
    -8.40347864985));
#2850 = CARTESIAN_POINT('',(14.926800737641,31.047854135628,
    -8.361661680468));
#2851 = CARTESIAN_POINT('',(14.931476606769,31.047047528809,
    -8.319964643874));
#2852 = CARTESIAN_POINT('',(14.935989241919,31.045495002742,
    -8.278414743012));
#2853 = CARTESIAN_POINT('',(14.940335388451,31.043211957757,
    -8.237036813004));
#2854 = CARTESIAN_POINT('',(14.944512141063,31.040215591752,
    -8.19585332115));
#2855 = PCURVE('',#1030,#2856);
#2856 = DEFINITIONAL_REPRESENTATION('',(#2857),#2985);
#2857 = B_SPLINE_CURVE_WITH_KNOTS('',6,(#2858,#2859,#2860,#2861,#2862,
    #2863,#2864,#2865,#2866,#2867,#2868,#2869,#2870,#2871,#2872,#2873,
    #2874,#2875,#2876,#2877,#2878,#2879,#2880,#2881,#2882,#2883,#2884,
    #2885,#2886,#2887,#2888,#2889,#2890,#2891,#2892,#2893,#2894,#2895,
    #2896,#2897,#2898,#2899,#2900,#2901,#2902,#2903,#2904,#2905,#2906,
    #2907,#2908,#2909,#2910,#2911,#2912,#2913,#2914,#2915,#2916,#2917,
    #2918,#2919,#2920,#2921,#2922,#2923,#2924,#2925,#2926,#2927,#2928,
    #2929,#2930,#2931,#2932,#2933,#2934,#2935,#2936,#2937,#2938,#2939,
    #2940,#2941,#2942,#2943,#2944,#2945,#2946,#2947,#2948,#2949,#2950,
    #2951,#2952,#2953,#2954,#2955,#2956,#2957,#2958,#2959,#2960,#2961,
    #2962,#2963,#2964,#2965,#2966,#2967,#2968,#2969,#2970,#2971,#2972,
    #2973,#2974,#2975,#2976,#2977,#2978,#2979,#2980,#2981,#2982,#2983,
    #2984),.UNSPECIFIED.,.T.,.F.,(7,5,5,5,5,5,5,5,5,5,5,5,5,5,5,5,5,5,5,
    5,5,5,5,5,5,7),(0.,3.610771433024E-02,6.054403747606E-02,
    7.882286264986E-02,9.295990743275E-02,0.133220525306,0.215640759599,
    0.259672966124,0.2982027633,0.378283598788,0.406031404163,
    0.441957972806,0.490306970971,0.525243018679,0.552442673099,
    0.587724578588,0.632457694186,0.672101508646,0.715372750907,
    0.798050723144,0.842417132404,0.878275679111,0.90606493598,
    0.942045174094,0.988762757085,1.),.UNSPECIFIED.);
#2858 = CARTESIAN_POINT('',(3.270005489069,34.899934652928));
#2859 = CARTESIAN_POINT('',(3.291507847331,34.866032757897));
#2860 = CARTESIAN_POINT('',(3.312416930339,34.825928934066));
#2861 = CARTESIAN_POINT('',(3.332690776482,34.780165300565));
#2862 = CARTESIAN_POINT('',(3.352289449042,34.729292708661));
#2863 = CARTESIAN_POINT('',(3.371175532186,34.673877045863));
#2864 = CARTESIAN_POINT('',(3.401590474089,34.57432517055));
#2865 = CARTESIAN_POINT('',(3.41353446574,34.53229955012));
#2866 = CARTESIAN_POINT('',(3.425147212425,34.488564303016));
#2867 = CARTESIAN_POINT('',(3.436429473465,34.443243752346));
#2868 = CARTESIAN_POINT('',(3.447382156985,34.396450920043));
#2869 = CARTESIAN_POINT('',(3.465953391809,34.312260411068));
#2870 = CARTESIAN_POINT('',(3.473717178226,34.275464088218));
#2871 = CARTESIAN_POINT('',(3.481298615588,34.237938555083));
#2872 = CARTESIAN_POINT('',(3.488698585242,34.199720287479));
#2873 = CARTESIAN_POINT('',(3.495917913464,34.160842240265));
#2874 = CARTESIAN_POINT('',(3.508401765827,34.09077762097));
#2875 = CARTESIAN_POINT('',(3.513738543548,34.059844507445));
#2876 = CARTESIAN_POINT('',(3.518968040585,34.028548214987));
#2877 = CARTESIAN_POINT('',(3.524090524948,33.996901590358));
#2878 = CARTESIAN_POINT('',(3.529106196691,33.964916618867));
#2879 = CARTESIAN_POINT('',(3.54799540957,33.840583147287));
#2880 = CARTESIAN_POINT('',(3.561112817356,33.745892603935));
#2881 = CARTESIAN_POINT('',(3.573367324726,33.648804474429));
#2882 = CARTESIAN_POINT('',(3.58475511699,33.549550152942));
#2883 = CARTESIAN_POINT('',(3.595269445681,33.448321527135));
#2884 = CARTESIAN_POINT('',(3.624619695095,33.134311603462));
#2885 = CARTESIAN_POINT('',(3.640677670581,32.915313823995));
#2886 = CARTESIAN_POINT('',(3.652878444145,32.690534492735));
#2887 = CARTESIAN_POINT('',(3.661077766021,32.461908366341));
#2888 = CARTESIAN_POINT('',(3.665191429188,32.231170141814));
#2889 = CARTESIAN_POINT('',(3.665191429188,31.876499605783));
#2890 = CARTESIAN_POINT('',(3.664017334719,31.753023856448));
#2891 = CARTESIAN_POINT('',(3.661669869295,31.629870201632));
#2892 = CARTESIAN_POINT('',(3.658157140572,31.507344660481));
#2893 = CARTESIAN_POINT('',(3.653494550459,31.385762263004));
#2894 = CARTESIAN_POINT('',(3.642638378093,31.160167649385));
#2895 = CARTESIAN_POINT('',(3.636709115372,31.055862573098));
#2896 = CARTESIAN_POINT('',(3.629928965846,30.952685817359));
#2897 = CARTESIAN_POINT('',(3.622310922571,30.850805188988));
#2898 = CARTESIAN_POINT('',(3.613868592232,30.750403154809));
#2899 = CARTESIAN_POINT('',(3.585384873895,30.446484034294));
#2900 = CARTESIAN_POINT('',(3.562674336911,30.248759665945));
#2901 = CARTESIAN_POINT('',(3.536553073237,30.059492781505));
#2902 = CARTESIAN_POINT('',(3.507012747766,29.880238067921));
#2903 = CARTESIAN_POINT('',(3.474008082382,29.713461805457));
#2904 = CARTESIAN_POINT('',(3.424811029933,29.510769445213));
#2905 = CARTESIAN_POINT('',(3.411721933537,29.460539781149));
#2906 = CARTESIAN_POINT('',(3.398204693239,29.412417957527));
#2907 = CARTESIAN_POINT('',(3.384261014783,29.366597243124));
#2908 = CARTESIAN_POINT('',(3.369893129678,29.323286594302));
#2909 = CARTESIAN_POINT('',(3.335954737911,29.230176208259));
#2910 = CARTESIAN_POINT('',(3.316069942917,29.182147179812));
#2911 = CARTESIAN_POINT('',(3.2955138148,29.139311574939));
#2912 = CARTESIAN_POINT('',(3.27435311989,29.102275968883));
#2913 = CARTESIAN_POINT('',(3.2526568773,29.071574520713));
#2914 = CARTESIAN_POINT('',(3.200673606803,29.015517258404));
#2915 = CARTESIAN_POINT('',(3.170046664769,28.995719515764));
#2916 = CARTESIAN_POINT('',(3.139029804903,28.989625598084));
#2917 = CARTESIAN_POINT('',(3.108035319186,28.997638401123));
#2918 = CARTESIAN_POINT('',(3.077475570476,29.019281557117));
#2919 = CARTESIAN_POINT('',(3.026295656496,29.077602435415));
#2920 = CARTESIAN_POINT('',(3.005280574731,29.108431678109));
#2921 = CARTESIAN_POINT('',(2.984782391122,29.145183709905));
#2922 = CARTESIAN_POINT('',(2.964862259966,29.187363128688));
#2923 = CARTESIAN_POINT('',(2.945579288737,29.234414201567));
#2924 = CARTESIAN_POINT('',(2.912518254857,29.325653157095));
#2925 = CARTESIAN_POINT('',(2.89845134983,29.368210140515));
#2926 = CARTESIAN_POINT('',(2.884792207174,29.413173028525));
#2927 = CARTESIAN_POINT('',(2.871542879256,29.460345308584));
#2928 = CARTESIAN_POINT('',(2.858704935142,29.509545001795));
#2929 = CARTESIAN_POINT('',(2.830161347004,29.626835211655));
#2930 = CARTESIAN_POINT('',(2.814733544016,29.696209402332));
#2931 = CARTESIAN_POINT('',(2.799988109697,29.768406332754));
#2932 = CARTESIAN_POINT('',(2.785918858945,29.843153411822));
#2933 = CARTESIAN_POINT('',(2.772520599904,29.920225577532));
#2934 = CARTESIAN_POINT('',(2.743645930721,30.099885619441));
#2935 = CARTESIAN_POINT('',(2.728571838193,30.203792859017));
#2936 = CARTESIAN_POINT('',(2.714563875711,30.31077116471));
#2937 = CARTESIAN_POINT('',(2.701625637643,30.420490400284));
#2938 = CARTESIAN_POINT('',(2.68976536673,30.532684495781));
#2939 = CARTESIAN_POINT('',(2.669449203771,30.748592793039));
#2940 = CARTESIAN_POINT('',(2.660760049131,30.851814424478));
#2941 = CARTESIAN_POINT('',(2.652942286931,30.956599439535));
#2942 = CARTESIAN_POINT('',(2.646010743489,31.062749126762));
#2943 = CARTESIAN_POINT('',(2.639979531203,31.17008108159));
#2944 = CARTESIAN_POINT('',(2.629275525084,31.396690249193));
#2945 = CARTESIAN_POINT('',(2.624777928513,31.516153096302));
#2946 = CARTESIAN_POINT('',(2.621390006187,31.636510026957));
#2947 = CARTESIAN_POINT('',(2.619126137672,31.757462427877));
#2948 = CARTESIAN_POINT('',(2.617993877991,31.878719927165));
#2949 = CARTESIAN_POINT('',(2.617993877991,32.231728741096));
#2950 = CARTESIAN_POINT('',(2.622127444253,32.463020681847));
#2951 = CARTESIAN_POINT('',(2.630366189526,32.692185273216));
#2952 = CARTESIAN_POINT('',(2.642625174917,32.917476795184));
#2953 = CARTESIAN_POINT('',(2.658759021519,33.136947054759));
#2954 = CARTESIAN_POINT('',(2.689200052372,33.461750551791));
#2955 = CARTESIAN_POINT('',(2.70089961923,33.572958316993));
#2956 = CARTESIAN_POINT('',(2.713656778131,33.6817479407));
#2957 = CARTESIAN_POINT('',(2.727463309547,33.787861700614));
#2958 = CARTESIAN_POINT('',(2.742315437364,33.890980919123));
#2959 = CARTESIAN_POINT('',(2.771065834292,34.071341118374));
#2960 = CARTESIAN_POINT('',(2.784602315454,34.149761593252));
#2961 = CARTESIAN_POINT('',(2.798829442851,34.225802964672));
#2962 = CARTESIAN_POINT('',(2.813752572692,34.299232225615));
#2963 = CARTESIAN_POINT('',(2.829378144446,34.369766190506));
#2964 = CARTESIAN_POINT('',(2.858374277248,34.489230554791));
#2965 = CARTESIAN_POINT('',(2.871463373643,34.53946021885));
#2966 = CARTESIAN_POINT('',(2.88498061394,34.58758204247));
#2967 = CARTESIAN_POINT('',(2.898924292397,34.633402756876));
#2968 = CARTESIAN_POINT('',(2.913292177502,34.676713405701));
#2969 = CARTESIAN_POINT('',(2.94723056927,34.769823791743));
#2970 = CARTESIAN_POINT('',(2.967115364263,34.817852820187));
#2971 = CARTESIAN_POINT('',(2.987671492378,34.86068842506));
#2972 = CARTESIAN_POINT('',(3.00883218729,34.897724031118));
#2973 = CARTESIAN_POINT('',(3.030528429881,34.928425479289));
#2974 = CARTESIAN_POINT('',(3.081462418952,34.983351226716));
#2975 = CARTESIAN_POINT('',(3.110983530796,35.002871015488));
#2976 = CARTESIAN_POINT('',(3.140880287708,35.009678878764));
#2977 = CARTESIAN_POINT('',(3.170782367615,35.003384559554));
#2978 = CARTESIAN_POINT('',(3.200319278257,34.984361681539));
#2979 = CARTESIAN_POINT('',(3.23604665009,34.946443919022));
#2980 = CARTESIAN_POINT('',(3.242933759812,34.938421391417));
#2981 = CARTESIAN_POINT('',(3.249776583822,34.929743079263));
#2982 = CARTESIAN_POINT('',(3.256571538622,34.920424603167));
#2983 = CARTESIAN_POINT('',(3.263315437208,34.910482586006));
#2984 = CARTESIAN_POINT('',(3.270005489069,34.899934652928));
#2985 = ( GEOMETRIC_REPRESENTATION_CONTEXT(2) 
PARAMETRIC_REPRESENTATION_CONTEXT() REPRESENTATION_CONTEXT('2D SPACE',''
  ) );
#2986 = PCURVE('',#2116,#2987);
#2987 = DEFINITIONAL_REPRESENTATION('',(#2988),#3116);
#2988 = B_SPLINE_CURVE_WITH_KNOTS('',6,(#2989,#2990,#2991,#2992,#2993,
    #2994,#2995,#2996,#2997,#2998,#2999,#3000,#3001,#3002,#3003,#3004,
    #3005,#3006,#3007,#3008,#3009,#3010,#3011,#3012,#3013,#3014,#3015,
    #3016,#3017,#3018,#3019,#3020,#3021,#3022,#3023,#3024,#3025,#3026,
    #3027,#3028,#3029,#3030,#3031,#3032,#3033,#3034,#3035,#3036,#3037,
    #3038,#3039,#3040,#3041,#3042,#3043,#3044,#3045,#3046,#3047,#3048,
    #3049,#3050,#3051,#3052,#3053,#3054,#3055,#3056,#3057,#3058,#3059,
    #3060,#3061,#3062,#3063,#3064,#3065,#3066,#3067,#3068,#3069,#3070,
    #3071,#3072,#3073,#3074,#3075,#3076,#3077,#3078,#3079,#3080,#3081,
    #3082,#3083,#3084,#3085,#3086,#3087,#3088,#3089,#3090,#3091,#3092,
    #3093,#3094,#3095,#3096,#3097,#3098,#3099,#3100,#3101,#3102,#3103,
    #3104,#3105,#3106,#3107,#3108,#3109,#3110,#3111,#3112,#3113,#3114,
    #3115),.UNSPECIFIED.,.F.,.F.,(7,5,5,5,5,5,5,5,5,5,5,5,5,5,5,5,5,5,5,
    5,5,5,5,5,5,7),(0.,3.610771433024E-02,6.054403747606E-02,
    7.882286264986E-02,9.295990743275E-02,0.133220525306,0.215640759599,
    0.259672966124,0.2982027633,0.378283598788,0.406031404163,
    0.441957972806,0.490306970971,0.525243018679,0.552442673099,
    0.587724578588,0.632457694186,0.672101508646,0.715372750907,
    0.798050723144,0.842417132404,0.878275679111,0.90606493598,
    0.942045174094,0.988762757085,1.),.UNSPECIFIED.);
#2989 = CARTESIAN_POINT('',(8.881784197001E-16,2.049401627462));
#2990 = CARTESIAN_POINT('',(4.412233839429E-02,2.065923206309));
#2991 = CARTESIAN_POINT('',(8.74993551744E-02,2.085290459273));
#2992 = CARTESIAN_POINT('',(0.130138401,2.10711579014));
#2993 = CARTESIAN_POINT('',(0.172035906365,2.130985109769));
#2994 = CARTESIAN_POINT('',(0.213176669753,2.156473187081));
#2995 = CARTESIAN_POINT('',(0.280844868716,2.201218939892));
#2996 = CARTESIAN_POINT('',(0.307820285699,2.21984257454));
#2997 = CARTESIAN_POINT('',(0.334476787629,2.238919202319));
#2998 = CARTESIAN_POINT('',(0.360831129331,2.258344472291));
#2999 = CARTESIAN_POINT('',(0.386899429562,2.27802038424));
#3000 = CARTESIAN_POINT('',(0.431994362455,2.312692166897));
#3001 = CARTESIAN_POINT('',(0.451141534567,2.327618987209));
#3002 = CARTESIAN_POINT('',(0.470146482694,2.342598496401));
#3003 = CARTESIAN_POINT('',(0.489016952718,2.357595320642));
#3004 = CARTESIAN_POINT('',(0.507760641051,2.372575965486));
#3005 = CARTESIAN_POINT('',(0.54078962959,2.399058046889));
#3006 = CARTESIAN_POINT('',(0.555122754755,2.410578615663));
#3007 = CARTESIAN_POINT('',(0.569388076212,2.422055848176));
#3008 = CARTESIAN_POINT('',(0.583589009478,2.433475553636));
#3009 = CARTESIAN_POINT('',(0.597728879515,2.444824024466));
#3010 = CARTESIAN_POINT('',(0.651914894999,2.48816659896));
#3011 = CARTESIAN_POINT('',(0.691556709716,2.51956554941));
#3012 = CARTESIAN_POINT('',(0.730803895547,2.549972837425));
#3013 = CARTESIAN_POINT('',(0.76971770112,2.579103874645));
#3014 = CARTESIAN_POINT('',(0.808358045935,2.606700169124));
#3015 = CARTESIAN_POINT('',(0.925462000743,2.685401777396));
#3016 = CARTESIAN_POINT('',(1.003406597806,2.7309650315));
#3017 = CARTESIAN_POINT('',(1.080787740522,2.766908942051));
#3018 = CARTESIAN_POINT('',(1.157820340423,2.791506504124));
#3019 = CARTESIAN_POINT('',(1.234733009868,2.803847577293));
#3020 = CARTESIAN_POINT('',(1.352956521878,2.803847577293));
#3021 = CARTESIAN_POINT('',(1.394115120563,2.800325406839));
#3022 = CARTESIAN_POINT('',(1.435291872059,2.79328269451));
#3023 = CARTESIAN_POINT('',(1.476510253014,2.782798543964));
#3024 = CARTESIAN_POINT('',(1.5177915536,2.769025333027));
#3025 = CARTESIAN_POINT('',(1.595350596431,2.737448176825));
#3026 = CARTESIAN_POINT('',(1.631607515663,2.72036347208));
#3027 = CARTESIAN_POINT('',(1.667961436734,2.701069379668));
#3028 = CARTESIAN_POINT('',(1.704445043327,2.679735491188));
#3029 = CARTESIAN_POINT('',(1.741090124446,2.65655912864));
#3030 = CARTESIAN_POINT('',(1.854495735894,2.580224752276));
#3031 = CARTESIAN_POINT('',(1.931815185794,2.521744254901));
#3032 = CARTESIAN_POINT('',(2.010454510986,2.458157989156));
#3033 = CARTESIAN_POINT('',(2.090974562145,2.391577841579));
#3034 = CARTESIAN_POINT('',(2.173928040482,2.324642513704));
#3035 = CARTESIAN_POINT('',(2.289786606522,2.238573205073));
#3036 = CARTESIAN_POINT('',(2.31998364703,2.216777919357));
#3037 = CARTESIAN_POINT('',(2.350581092418,2.195484130159));
#3038 = CARTESIAN_POINT('',(2.381597015252,2.174850529864));
#3039 = CARTESIAN_POINT('',(2.413051186616,2.15504475271));
#3040 = CARTESIAN_POINT('',(2.486288349105,2.111897030273));
#3041 = CARTESIAN_POINT('',(2.528445690614,2.089196514698));
#3042 = CARTESIAN_POINT('',(2.571356130731,2.068610659302));
#3043 = CARTESIAN_POINT('',(2.61495854508,2.050581182906));
#3044 = CARTESIAN_POINT('',(2.65920714823,2.035501355559));
#3045 = CARTESIAN_POINT('',(2.764435425953,2.007808800924));
#3046 = CARTESIAN_POINT('',(2.825836010464,1.997871627981));
#3047 = CARTESIAN_POINT('',(2.8876983483,1.994775398246));
#3048 = CARTESIAN_POINT('',(2.949534291746,1.998838807807));
#3049 = CARTESIAN_POINT('',(3.01085381394,2.009689898191));
#3050 = CARTESIAN_POINT('',(3.114601046203,2.038460376877));
#3051 = CARTESIAN_POINT('',(3.157529032292,2.053577774291));
#3052 = CARTESIAN_POINT('',(3.199835400011,2.071436839365));
#3053 = CARTESIAN_POINT('',(3.241481029804,2.091672909537));
#3054 = CARTESIAN_POINT('',(3.282413297917,2.113880962948));
#3055 = CARTESIAN_POINT('',(3.35381914835,2.156124759242));
#3056 = CARTESIAN_POINT('',(3.384634733136,2.175572210016));
#3057 = CARTESIAN_POINT('',(3.415029571671,2.195810316458));
#3058 = CARTESIAN_POINT('',(3.445022345574,2.216681367602));
#3059 = CARTESIAN_POINT('',(3.474630174397,2.238035935864));
#3060 = CARTESIAN_POINT('',(3.541797535787,2.28787983882));
#3061 = CARTESIAN_POINT('',(3.579114001763,2.316609922723));
#3062 = CARTESIAN_POINT('',(3.615879031153,2.345637559157));
#3063 = CARTESIAN_POINT('',(3.652146889681,2.374703232092));
#3064 = CARTESIAN_POINT('',(3.687970619441,2.403572917976));
#3065 = CARTESIAN_POINT('',(3.76833487612,2.468124305494));
#3066 = CARTESIAN_POINT('',(3.812646478114,2.503564485068));
#3067 = CARTESIAN_POINT('',(3.856438308522,2.537913807945));
#3068 = CARTESIAN_POINT('',(3.899796354915,2.57077295256));
#3069 = CARTESIAN_POINT('',(3.942804425964,2.601783239342));
#3070 = CARTESIAN_POINT('',(4.023437998766,2.65618276548));
#3071 = CARTESIAN_POINT('',(4.061117187365,2.680036330622));
#3072 = CARTESIAN_POINT('',(4.098625635342,2.701942025109));
#3073 = CARTESIAN_POINT('',(4.135997705024,2.721685360444));
#3074 = CARTESIAN_POINT('',(4.173268770528,2.73908294191));
#3075 = CARTESIAN_POINT('',(4.251089730003,2.770252255845));
#3076 = CARTESIAN_POINT('',(4.291624574652,2.783545487448));
#3077 = CARTESIAN_POINT('',(4.332100152905,2.793659009217));
#3078 = CARTESIAN_POINT('',(4.372536506211,2.800450900274));
#3079 = CARTESIAN_POINT('',(4.412955686451,2.803847577293));
#3080 = CARTESIAN_POINT('',(4.530625291094,2.803847577293));
#3081 = CARTESIAN_POINT('',(4.607722531994,2.791446793562));
#3082 = CARTESIAN_POINT('',(4.684940607183,2.766730967448));
#3083 = CARTESIAN_POINT('',(4.762510182894,2.730618801816));
#3084 = CARTESIAN_POINT('',(4.840648179022,2.684853009873));
#3085 = CARTESIAN_POINT('',(4.961846671302,2.603273172629));
#3086 = CARTESIAN_POINT('',(5.004424613873,2.572647015818));
#3087 = CARTESIAN_POINT('',(5.047342928244,2.540195379409));
#3088 = CARTESIAN_POINT('',(5.090682697611,2.50626582472));
#3089 = CARTESIAN_POINT('',(5.13452707605,2.471244860935));
#3090 = CARTESIAN_POINT('',(5.214889691778,2.406719493369));
#3091 = CARTESIAN_POINT('',(5.251204555089,2.377441832799));
#3092 = CARTESIAN_POINT('',(5.287973061579,2.347946197974));
#3093 = CARTESIAN_POINT('',(5.325250552828,2.318475960874));
#3094 = CARTESIAN_POINT('',(5.363093657627,2.289301388549));
#3095 = CARTESIAN_POINT('',(5.431379260114,2.238573205071));
#3096 = CARTESIAN_POINT('',(5.46157630062,2.216777919357));
#3097 = CARTESIAN_POINT('',(5.492173746006,2.19548413016));
#3098 = CARTESIAN_POINT('',(5.523189668842,2.174850529864));
#3099 = CARTESIAN_POINT('',(5.554643840209,2.155044752708));
#3100 = CARTESIAN_POINT('',(5.627881002697,2.111897030272));
#3101 = CARTESIAN_POINT('',(5.670038344204,2.089196514699));
#3102 = CARTESIAN_POINT('',(5.712948784319,2.068610659303));
#3103 = CARTESIAN_POINT('',(5.75655119867,2.050581182905));
#3104 = CARTESIAN_POINT('',(5.800799801822,2.035501355558));
#3105 = CARTESIAN_POINT('',(5.903904048559,2.008367774665));
#3106 = CARTESIAN_POINT('',(5.963107355384,1.998578765697));
#3107 = CARTESIAN_POINT('',(6.022757495057,1.995128317871));
#3108 = CARTESIAN_POINT('',(6.082413369669,1.998320075115));
#3109 = CARTESIAN_POINT('',(6.14163458124,2.007862772174));
#3110 = CARTESIAN_POINT('',(6.213929228596,2.026601393221));
#3111 = CARTESIAN_POINT('',(6.227896996982,2.030557867327));
#3112 = CARTESIAN_POINT('',(6.241810210637,2.034827367315));
#3113 = CARTESIAN_POINT('',(6.255664842569,2.039399035657));
#3114 = CARTESIAN_POINT('',(6.269457476562,2.044261250859));
#3115 = CARTESIAN_POINT('',(6.28318530718,2.049401627462));
#3116 = ( GEOMETRIC_REPRESENTATION_CONTEXT(2) 
PARAMETRIC_REPRESENTATION_CONTEXT() REPRESENTATION_CONTEXT('2D SPACE',''
  ) );
#3117 = ORIENTED_EDGE('',*,*,#3118,.T.);
#3118 = EDGE_CURVE('',#2724,#3119,#3121,.T.);
#3119 = VERTEX_POINT('',#3120);
#3120 = CARTESIAN_POINT('',(14.995504540116,30.631721558875,
    -6.883664984147));
#3121 = SURFACE_CURVE('',#3122,(#3250,#3381),.PCURVE_S1.);
#3122 = B_SPLINE_CURVE_WITH_KNOTS('',6,(#3123,#3124,#3125,#3126,#3127,
    #3128,#3129,#3130,#3131,#3132,#3133,#3134,#3135,#3136,#3137,#3138,
    #3139,#3140,#3141,#3142,#3143,#3144,#3145,#3146,#3147,#3148,#3149,
    #3150,#3151,#3152,#3153,#3154,#3155,#3156,#3157,#3158,#3159,#3160,
    #3161,#3162,#3163,#3164,#3165,#3166,#3167,#3168,#3169,#3170,#3171,
    #3172,#3173,#3174,#3175,#3176,#3177,#3178,#3179,#3180,#3181,#3182,
    #3183,#3184,#3185,#3186,#3187,#3188,#3189,#3190,#3191,#3192,#3193,
    #3194,#3195,#3196,#3197,#3198,#3199,#3200,#3201,#3202,#3203,#3204,
    #3205,#3206,#3207,#3208,#3209,#3210,#3211,#3212,#3213,#3214,#3215,
    #3216,#3217,#3218,#3219,#3220,#3221,#3222,#3223,#3224,#3225,#3226,
    #3227,#3228,#3229,#3230,#3231,#3232,#3233,#3234,#3235,#3236,#3237,
    #3238,#3239,#3240,#3241,#3242,#3243,#3244,#3245,#3246,#3247,#3248,
    #3249),.UNSPECIFIED.,.T.,.F.,(7,5,5,5,5,5,5,5,5,5,5,5,5,5,5,5,5,5,5,
    5,5,5,5,5,5,7),(0.,3.610771433024E-02,6.054403747606E-02,
    7.882286264986E-02,9.295990743275E-02,0.133220525306,0.215640759599,
    0.259672966124,0.2982027633,0.378283598788,0.406031404163,
    0.441957972806,0.490306970971,0.525243018679,0.552442673099,
    0.587724578588,0.632457694186,0.672101508646,0.715372750907,
    0.798050723144,0.842417132404,0.878275679111,0.90606493598,
    0.942045174094,0.988762757085,1.),.UNSPECIFIED.);
#3123 = CARTESIAN_POINT('',(14.944512141063,31.040215591752,
    -8.19585332115));
#3124 = CARTESIAN_POINT('',(14.957936555838,31.030585033327,
    -8.063486305967));
#3125 = CARTESIAN_POINT('',(14.969587930407,31.013601105213,
    -7.933355418686));
#3126 = CARTESIAN_POINT('',(14.979410125917,30.989850488876,
    -7.805901665506));
#3127 = CARTESIAN_POINT('',(14.987337422127,30.959951959504,
    -7.68152280482));
#3128 = CARTESIAN_POINT('',(14.993310493189,30.924552320095,
    -7.560575283102));
#3129 = CARTESIAN_POINT('',(14.999987174805,30.857096217224,
    -7.364060284029));
#3130 = CARTESIAN_POINT('',(15.001772317749,30.827635064878,
    -7.286395105463));
#3131 = CARTESIAN_POINT('',(15.002636032729,30.796112371336,
    -7.210404038691));
#3132 = CARTESIAN_POINT('',(15.002565922859,30.762689873986,
    -7.136103771022));
#3133 = CARTESIAN_POINT('',(15.001548973915,30.727517554775,
    -7.06350427347));
#3134 = CARTESIAN_POINT('',(14.998092407625,30.663218586514,
    -6.93957766577));
#3135 = CARTESIAN_POINT('',(14.996075761535,30.634799992262,
    -6.887496584763));
#3136 = CARTESIAN_POINT('',(14.993515752783,30.605533593671,
    -6.83636369647));
#3137 = CARTESIAN_POINT('',(14.990406084129,30.575471297883,
    -6.786176089583));
#3138 = CARTESIAN_POINT('',(14.986740024366,30.544661182964,
    -6.736929802752));
#3139 = CARTESIAN_POINT('',(14.979239176677,30.488774466666,
    -6.651256355195));
#3140 = CARTESIAN_POINT('',(14.975630853848,30.46398072189,
    -6.614453151349));
#3141 = CARTESIAN_POINT('',(14.971682116394,30.43878680471,
    -6.578208054337));
#3142 = CARTESIAN_POINT('',(14.967389503822,30.413212236247,
    -6.54251897154));
#3143 = CARTESIAN_POINT('',(14.962749418598,30.387275517603,
    -6.507383876424));
#3144 = CARTESIAN_POINT('',(14.943543520372,30.286147871326,
    -6.374312354822));
#3145 = CARTESIAN_POINT('',(14.926478190326,30.208493775752,
    -6.280284275625));
#3146 = CARTESIAN_POINT('',(14.906476121991,30.128447278536,
    -6.190692551381));
#3147 = CARTESIAN_POINT('',(14.883448465769,30.046372750573,
    -6.105518705662));
#3148 = CARTESIAN_POINT('',(14.857302796125,29.962584808758,
    -6.02475045826));
#3149 = CARTESIAN_POINT('',(14.767836659354,29.702858919109,
    -5.792044115744));
#3150 = CARTESIAN_POINT('',(14.694142053669,29.521967659051,
    -5.653847568524));
#3151 = CARTESIAN_POINT('',(14.606214673532,29.33773911332,
    -5.534623899203));
#3152 = CARTESIAN_POINT('',(14.503738854857,29.152696006075,
    -5.434885304621));
#3153 = CARTESIAN_POINT('',(14.386944794629,28.968720597495,
    -5.355126061176));
#3154 = CARTESIAN_POINT('',(14.187100390898,28.690149610475,
    -5.264287695844));
#3155 = CARTESIAN_POINT('',(14.113753405063,28.593950771059,
    -5.238560461556));
#3156 = CARTESIAN_POINT('',(14.036817167316,28.498788351686,
    -5.218808816845));
#3157 = CARTESIAN_POINT('',(13.956529828192,28.40485861452,
    -5.205101785179));
#3158 = CARTESIAN_POINT('',(13.873195640145,28.312324259249,
    -5.19750107285));
#3159 = CARTESIAN_POINT('',(13.711917851527,28.141684574633,
    -5.194792595358));
#3160 = CARTESIAN_POINT('',(13.634604843521,28.063224369416,
    -5.198242365463));
#3161 = CARTESIAN_POINT('',(13.555444023052,27.985978711797,
    -5.206438140288));
#3162 = CARTESIAN_POINT('',(13.474667635192,27.909980396678,
    -5.219423596842));
#3163 = CARTESIAN_POINT('',(13.392537940686,27.83525648646,
    -5.237251196051));
#3164 = CARTESIAN_POINT('',(13.136437333177,27.60922220421,
    -5.307218427439));
#3165 = CARTESIAN_POINT('',(12.959130083229,27.462392097897,
    -5.37557568543));
#3166 = CARTESIAN_POINT('',(12.779418186966,27.320969194668,
    -5.465662589842));
#3167 = CARTESIAN_POINT('',(12.599764294081,27.184763259546,
    -5.578714839255));
#3168 = CARTESIAN_POINT('',(12.423542823447,27.05395123794,
    -5.716395457409));
#3169 = CARTESIAN_POINT('',(12.197244018863,26.886159498827,
    -5.93741938177));
#3170 = CARTESIAN_POINT('',(12.139966323083,26.843708480311,
    -5.997496059616));
#3171 = CARTESIAN_POINT('',(12.083863463806,26.802034776872,
    -6.060834211507));
#3172 = CARTESIAN_POINT('',(12.029172241594,26.761196231489,
    -6.127490092279));
#3173 = CARTESIAN_POINT('',(11.976147037563,26.721259853292,
    -6.197514420855));
#3174 = CARTESIAN_POINT('',(11.85891282696,26.631863981053,
    -6.366035581447));
#3175 = CARTESIAN_POINT('',(11.7959139288,26.582990908432,
    -6.466985395101));
#3176 = CARTESIAN_POINT('',(11.736887297896,26.536027157946,
    -6.573618239135));
#3177 = CARTESIAN_POINT('',(11.682596791654,26.491279715564,
    -6.685680524161));
#3178 = CARTESIAN_POINT('',(11.633733471677,26.449037209974,
    -6.80285236453));
#3179 = CARTESIAN_POINT('',(11.533264880188,26.356497683217,
    -7.08880041853));
#3180 = CARTESIAN_POINT('',(11.486624091843,26.308530838362,
    -7.261209904326));
#3181 = CARTESIAN_POINT('',(11.452864476062,26.266783676524,
    -7.439712514484));
#3182 = CARTESIAN_POINT('',(11.432893946387,26.231975039238,
    -7.621679463458));
#3183 = CARTESIAN_POINT('',(11.426563142666,26.204534836012,
    -7.804261017722));
#3184 = CARTESIAN_POINT('',(11.437158371972,26.169947124216,
    -8.114729318152));
#3185 = CARTESIAN_POINT('',(11.448117601909,26.159289172667,
    -8.243673507092));
#3186 = CARTESIAN_POINT('',(11.465161512281,26.152409464698,
    -8.370769802901));
#3187 = CARTESIAN_POINT('',(11.487777008508,26.149218369656,
    -8.495487626307));
#3188 = CARTESIAN_POINT('',(11.515377612723,26.149593202909,
    -8.617323650511));
#3189 = CARTESIAN_POINT('',(11.572176591164,26.156296742954,
    -8.828042980921));
#3190 = CARTESIAN_POINT('',(11.599694067176,26.161291616363,
    -8.918346980665));
#3191 = CARTESIAN_POINT('',(11.629614190563,26.168279235582,
    -9.006647715298));
#3192 = CARTESIAN_POINT('',(11.66169843585,26.177197669545,
    -9.092892596577));
#3193 = CARTESIAN_POINT('',(11.695721838844,26.187989680346,
    -9.177041554462));
#3194 = CARTESIAN_POINT('',(11.777849244021,26.216961248386,
    -9.365464594855));
#3195 = CARTESIAN_POINT('',(11.827143250422,26.236386585222,
    -9.46831227147));
#3196 = CARTESIAN_POINT('',(11.878928999139,26.258774797467,
    -9.56761310678));
#3197 = CARTESIAN_POINT('',(11.932828530015,26.284044240914,
    -9.663384680345));
#3198 = CARTESIAN_POINT('',(11.988511258161,26.31213557631,
    -9.755657517508));
#3199 = CARTESIAN_POINT('',(12.118191301559,26.382161406814,
    -9.957082627165));
#3200 = CARTESIAN_POINT('',(12.193109661208,26.42579412201,
    -10.06415206716));
#3201 = CARTESIAN_POINT('',(12.269843080157,26.473828324841,
    -10.16572119316));
#3202 = CARTESIAN_POINT('',(12.347863189494,26.526212551964,
    -10.26182124933));
#3203 = CARTESIAN_POINT('',(12.426714600222,26.582927346775,
    -10.35247491125));
#3204 = CARTESIAN_POINT('',(12.576287225454,26.698098124077,
    -10.51322001334));
#3205 = CARTESIAN_POINT('',(12.646909247802,26.755619270667,
    -10.58447330816));
#3206 = CARTESIAN_POINT('',(12.717558237561,26.81651965228,
    -10.6514083833));
#3207 = CARTESIAN_POINT('',(12.787947006699,26.880766909147,
    -10.71398043742));
#3208 = CARTESIAN_POINT('',(12.85782367531,26.94832455636,
    -10.77214331051));
#3209 = CARTESIAN_POINT('',(13.0024528556,27.096456758452,
    -10.88446291096));
#3210 = CARTESIAN_POINT('',(13.077061011484,27.177650976022,
    -10.93776171535));
#3211 = CARTESIAN_POINT('',(13.150462970687,27.262618738235,
    -10.9856328207));
#3212 = CARTESIAN_POINT('',(13.222377920232,27.351212079338,
    -11.02798186748));
#3213 = CARTESIAN_POINT('',(13.292583817796,27.443247720697,
    -11.06472567133));
#3214 = CARTESIAN_POINT('',(13.491491899425,27.720513531452,
    -11.15513843571));
#3215 = CARTESIAN_POINT('',(13.614947362852,27.913876968047,
    -11.19361457661));
#3216 = CARTESIAN_POINT('',(13.730382118395,28.117186934227,
    -11.21092753258));
#3217 = CARTESIAN_POINT('',(13.837551272223,28.328525994124,
    -11.20668019396));
#3218 = CARTESIAN_POINT('',(13.936770680571,28.545344743285,
    -11.18038929976));
#3219 = CARTESIAN_POINT('',(14.077896248657,28.882018457468,
    -11.10561413789));
#3220 = CARTESIAN_POINT('',(14.125103863226,29.00036331482,
    -11.07303425162));
#3221 = CARTESIAN_POINT('',(14.170386254892,29.119156205832,
    -11.03387446166));
#3222 = CARTESIAN_POINT('',(14.213894041147,29.238010827872,
    -10.9879818165));
#3223 = CARTESIAN_POINT('',(14.25577885078,29.356475471498,
    -10.93516372596));
#3224 = CARTESIAN_POINT('',(14.328860293153,29.569042225393,
    -10.82671396322));
#3225 = CARTESIAN_POINT('',(14.360569969826,29.663470501456,
    -10.77355858538));
#3226 = CARTESIAN_POINT('',(14.391412243892,29.757063613743,
    -10.71558365863));
#3227 = CARTESIAN_POINT('',(14.421467786807,29.84951649975,
    -10.65263747503));
#3228 = CARTESIAN_POINT('',(14.450810765037,29.940468889925,
    -10.58455602143));
#3229 = CARTESIAN_POINT('',(14.501751296037,30.098502976102,
    -10.45428726052));
#3230 = CARTESIAN_POINT('',(14.52360998516,30.166363281995,
    -10.39421058268));
#3231 = CARTESIAN_POINT('',(14.545108807988,30.232861620275,
    -10.33087243079));
#3232 = CARTESIAN_POINT('',(14.566268851224,30.297755141883,
    -10.26421655002));
#3233 = CARTESIAN_POINT('',(14.587108152214,30.360781407051,
    -10.19419222144));
#3234 = CARTESIAN_POINT('',(14.634224013002,30.500479573721,
    -10.02567106084));
#3235 = CARTESIAN_POINT('',(14.660332836735,30.575817264947,
    -9.924721247199));
#3236 = CARTESIAN_POINT('',(14.685905877776,30.646780329899,
    -9.818088403169));
#3237 = CARTESIAN_POINT('',(14.710897105596,30.712546819847,
    -9.70602611814));
#3238 = CARTESIAN_POINT('',(14.73525455251,30.772369625682,
    -9.588854277764));
#3239 = CARTESIAN_POINT('',(14.789601042494,30.894673999657,
    -9.308678080344));
#3240 = CARTESIAN_POINT('',(14.81906440848,30.952537552791,
    -9.142623771524));
#3241 = CARTESIAN_POINT('',(14.846899205745,30.99725694397,
    -8.970828464246));
#3242 = CARTESIAN_POINT('',(14.87275388026,31.027821215799,
    -8.795642122081));
#3243 = CARTESIAN_POINT('',(14.896223806557,31.04416602121,
    -8.619611033383));
#3244 = CARTESIAN_POINT('',(14.92196523852,31.047901220441,
    -8.40347864985));
#3245 = CARTESIAN_POINT('',(14.926800737641,31.047854135628,
    -8.361661680468));
#3246 = CARTESIAN_POINT('',(14.931476606769,31.047047528809,
    -8.319964643874));
#3247 = CARTESIAN_POINT('',(14.935989241919,31.045495002742,
    -8.278414743012));
#3248 = CARTESIAN_POINT('',(14.940335388451,31.043211957757,
    -8.237036813004));
#3249 = CARTESIAN_POINT('',(14.944512141063,31.040215591752,
    -8.19585332115));
#3250 = PCURVE('',#1030,#3251);
#3251 = DEFINITIONAL_REPRESENTATION('',(#3252),#3380);
#3252 = B_SPLINE_CURVE_WITH_KNOTS('',6,(#3253,#3254,#3255,#3256,#3257,
    #3258,#3259,#3260,#3261,#3262,#3263,#3264,#3265,#3266,#3267,#3268,
    #3269,#3270,#3271,#3272,#3273,#3274,#3275,#3276,#3277,#3278,#3279,
    #3280,#3281,#3282,#3283,#3284,#3285,#3286,#3287,#3288,#3289,#3290,
    #3291,#3292,#3293,#3294,#3295,#3296,#3297,#3298,#3299,#3300,#3301,
    #3302,#3303,#3304,#3305,#3306,#3307,#3308,#3309,#3310,#3311,#3312,
    #3313,#3314,#3315,#3316,#3317,#3318,#3319,#3320,#3321,#3322,#3323,
    #3324,#3325,#3326,#3327,#3328,#3329,#3330,#3331,#3332,#3333,#3334,
    #3335,#3336,#3337,#3338,#3339,#3340,#3341,#3342,#3343,#3344,#3345,
    #3346,#3347,#3348,#3349,#3350,#3351,#3352,#3353,#3354,#3355,#3356,
    #3357,#3358,#3359,#3360,#3361,#3362,#3363,#3364,#3365,#3366,#3367,
    #3368,#3369,#3370,#3371,#3372,#3373,#3374,#3375,#3376,#3377,#3378,
    #3379),.UNSPECIFIED.,.T.,.F.,(7,5,5,5,5,5,5,5,5,5,5,5,5,5,5,5,5,5,5,
    5,5,5,5,5,5,7),(0.,3.610771433024E-02,6.054403747606E-02,
    7.882286264986E-02,9.295990743275E-02,0.133220525306,0.215640759599,
    0.259672966124,0.2982027633,0.378283598788,0.406031404163,
    0.441957972806,0.490306970971,0.525243018679,0.552442673099,
    0.587724578588,0.632457694186,0.672101508646,0.715372750907,
    0.798050723144,0.842417132404,0.878275679111,0.90606493598,
    0.942045174094,0.988762757085,1.),.UNSPECIFIED.);
#3253 = CARTESIAN_POINT('',(3.270005489069,34.899934652928));
#3254 = CARTESIAN_POINT('',(3.291507847331,34.866032757897));
#3255 = CARTESIAN_POINT('',(3.312416930339,34.825928934066));
#3256 = CARTESIAN_POINT('',(3.332690776482,34.780165300565));
#3257 = CARTESIAN_POINT('',(3.352289449042,34.729292708661));
#3258 = CARTESIAN_POINT('',(3.371175532186,34.673877045863));
#3259 = CARTESIAN_POINT('',(3.401590474089,34.57432517055));
#3260 = CARTESIAN_POINT('',(3.41353446574,34.53229955012));
#3261 = CARTESIAN_POINT('',(3.425147212425,34.488564303016));
#3262 = CARTESIAN_POINT('',(3.436429473465,34.443243752346));
#3263 = CARTESIAN_POINT('',(3.447382156985,34.396450920043));
#3264 = CARTESIAN_POINT('',(3.465953391809,34.312260411068));
#3265 = CARTESIAN_POINT('',(3.473717178226,34.275464088218));
#3266 = CARTESIAN_POINT('',(3.481298615588,34.237938555083));
#3267 = CARTESIAN_POINT('',(3.488698585242,34.199720287479));
#3268 = CARTESIAN_POINT('',(3.495917913464,34.160842240265));
#3269 = CARTESIAN_POINT('',(3.508401765827,34.09077762097));
#3270 = CARTESIAN_POINT('',(3.513738543548,34.059844507445));
#3271 = CARTESIAN_POINT('',(3.518968040585,34.028548214987));
#3272 = CARTESIAN_POINT('',(3.524090524948,33.996901590358));
#3273 = CARTESIAN_POINT('',(3.529106196691,33.964916618867));
#3274 = CARTESIAN_POINT('',(3.54799540957,33.840583147287));
#3275 = CARTESIAN_POINT('',(3.561112817356,33.745892603935));
#3276 = CARTESIAN_POINT('',(3.573367324726,33.648804474429));
#3277 = CARTESIAN_POINT('',(3.58475511699,33.549550152942));
#3278 = CARTESIAN_POINT('',(3.595269445681,33.448321527135));
#3279 = CARTESIAN_POINT('',(3.624619695095,33.134311603462));
#3280 = CARTESIAN_POINT('',(3.640677670581,32.915313823995));
#3281 = CARTESIAN_POINT('',(3.652878444145,32.690534492735));
#3282 = CARTESIAN_POINT('',(3.661077766021,32.461908366341));
#3283 = CARTESIAN_POINT('',(3.665191429188,32.231170141814));
#3284 = CARTESIAN_POINT('',(3.665191429188,31.876499605783));
#3285 = CARTESIAN_POINT('',(3.664017334719,31.753023856448));
#3286 = CARTESIAN_POINT('',(3.661669869295,31.629870201632));
#3287 = CARTESIAN_POINT('',(3.658157140572,31.507344660481));
#3288 = CARTESIAN_POINT('',(3.653494550459,31.385762263004));
#3289 = CARTESIAN_POINT('',(3.642638378093,31.160167649385));
#3290 = CARTESIAN_POINT('',(3.636709115372,31.055862573098));
#3291 = CARTESIAN_POINT('',(3.629928965846,30.952685817359));
#3292 = CARTESIAN_POINT('',(3.622310922571,30.850805188988));
#3293 = CARTESIAN_POINT('',(3.613868592232,30.750403154809));
#3294 = CARTESIAN_POINT('',(3.585384873895,30.446484034294));
#3295 = CARTESIAN_POINT('',(3.562674336911,30.248759665945));
#3296 = CARTESIAN_POINT('',(3.536553073237,30.059492781505));
#3297 = CARTESIAN_POINT('',(3.507012747766,29.880238067921));
#3298 = CARTESIAN_POINT('',(3.474008082382,29.713461805457));
#3299 = CARTESIAN_POINT('',(3.424811029933,29.510769445213));
#3300 = CARTESIAN_POINT('',(3.411721933537,29.460539781149));
#3301 = CARTESIAN_POINT('',(3.398204693239,29.412417957527));
#3302 = CARTESIAN_POINT('',(3.384261014783,29.366597243124));
#3303 = CARTESIAN_POINT('',(3.369893129678,29.323286594302));
#3304 = CARTESIAN_POINT('',(3.335954737911,29.230176208259));
#3305 = CARTESIAN_POINT('',(3.316069942917,29.182147179812));
#3306 = CARTESIAN_POINT('',(3.2955138148,29.139311574939));
#3307 = CARTESIAN_POINT('',(3.27435311989,29.102275968883));
#3308 = CARTESIAN_POINT('',(3.2526568773,29.071574520713));
#3309 = CARTESIAN_POINT('',(3.200673606803,29.015517258404));
#3310 = CARTESIAN_POINT('',(3.170046664769,28.995719515764));
#3311 = CARTESIAN_POINT('',(3.139029804903,28.989625598084));
#3312 = CARTESIAN_POINT('',(3.108035319186,28.997638401123));
#3313 = CARTESIAN_POINT('',(3.077475570476,29.019281557117));
#3314 = CARTESIAN_POINT('',(3.026295656496,29.077602435415));
#3315 = CARTESIAN_POINT('',(3.005280574731,29.108431678109));
#3316 = CARTESIAN_POINT('',(2.984782391122,29.145183709905));
#3317 = CARTESIAN_POINT('',(2.964862259966,29.187363128688));
#3318 = CARTESIAN_POINT('',(2.945579288737,29.234414201567));
#3319 = CARTESIAN_POINT('',(2.912518254857,29.325653157095));
#3320 = CARTESIAN_POINT('',(2.89845134983,29.368210140515));
#3321 = CARTESIAN_POINT('',(2.884792207174,29.413173028525));
#3322 = CARTESIAN_POINT('',(2.871542879256,29.460345308584));
#3323 = CARTESIAN_POINT('',(2.858704935142,29.509545001795));
#3324 = CARTESIAN_POINT('',(2.830161347004,29.626835211655));
#3325 = CARTESIAN_POINT('',(2.814733544016,29.696209402332));
#3326 = CARTESIAN_POINT('',(2.799988109697,29.768406332754));
#3327 = CARTESIAN_POINT('',(2.785918858945,29.843153411822));
#3328 = CARTESIAN_POINT('',(2.772520599904,29.920225577532));
#3329 = CARTESIAN_POINT('',(2.743645930721,30.099885619441));
#3330 = CARTESIAN_POINT('',(2.728571838193,30.203792859017));
#3331 = CARTESIAN_POINT('',(2.714563875711,30.31077116471));
#3332 = CARTESIAN_POINT('',(2.701625637643,30.420490400284));
#3333 = CARTESIAN_POINT('',(2.68976536673,30.532684495781));
#3334 = CARTESIAN_POINT('',(2.669449203771,30.748592793039));
#3335 = CARTESIAN_POINT('',(2.660760049131,30.851814424478));
#3336 = CARTESIAN_POINT('',(2.652942286931,30.956599439535));
#3337 = CARTESIAN_POINT('',(2.646010743489,31.062749126762));
#3338 = CARTESIAN_POINT('',(2.639979531203,31.17008108159));
#3339 = CARTESIAN_POINT('',(2.629275525084,31.396690249193));
#3340 = CARTESIAN_POINT('',(2.624777928513,31.516153096302));
#3341 = CARTESIAN_POINT('',(2.621390006187,31.636510026957));
#3342 = CARTESIAN_POINT('',(2.619126137672,31.757462427877));
#3343 = CARTESIAN_POINT('',(2.617993877991,31.878719927165));
#3344 = CARTESIAN_POINT('',(2.617993877991,32.231728741096));
#3345 = CARTESIAN_POINT('',(2.622127444253,32.463020681847));
#3346 = CARTESIAN_POINT('',(2.630366189526,32.692185273216));
#3347 = CARTESIAN_POINT('',(2.642625174917,32.917476795184));
#3348 = CARTESIAN_POINT('',(2.658759021519,33.136947054759));
#3349 = CARTESIAN_POINT('',(2.689200052372,33.461750551791));
#3350 = CARTESIAN_POINT('',(2.70089961923,33.572958316993));
#3351 = CARTESIAN_POINT('',(2.713656778131,33.6817479407));
#3352 = CARTESIAN_POINT('',(2.727463309547,33.787861700614));
#3353 = CARTESIAN_POINT('',(2.742315437364,33.890980919123));
#3354 = CARTESIAN_POINT('',(2.771065834292,34.071341118374));
#3355 = CARTESIAN_POINT('',(2.784602315454,34.149761593252));
#3356 = CARTESIAN_POINT('',(2.798829442851,34.225802964672));
#3357 = CARTESIAN_POINT('',(2.813752572692,34.299232225615));
#3358 = CARTESIAN_POINT('',(2.829378144446,34.369766190506));
#3359 = CARTESIAN_POINT('',(2.858374277248,34.489230554791));
#3360 = CARTESIAN_POINT('',(2.871463373643,34.53946021885));
#3361 = CARTESIAN_POINT('',(2.88498061394,34.58758204247));
#3362 = CARTESIAN_POINT('',(2.898924292397,34.633402756876));
#3363 = CARTESIAN_POINT('',(2.913292177502,34.676713405701));
#3364 = CARTESIAN_POINT('',(2.94723056927,34.769823791743));
#3365 = CARTESIAN_POINT('',(2.967115364263,34.817852820187));
#3366 = CARTESIAN_POINT('',(2.987671492378,34.86068842506));
#3367 = CARTESIAN_POINT('',(3.00883218729,34.897724031118));
#3368 = CARTESIAN_POINT('',(3.030528429881,34.928425479289));
#3369 = CARTESIAN_POINT('',(3.081462418952,34.983351226716));
#3370 = CARTESIAN_POINT('',(3.110983530796,35.002871015488));
#3371 = CARTESIAN_POINT('',(3.140880287708,35.009678878764));
#3372 = CARTESIAN_POINT('',(3.170782367615,35.003384559554));
#3373 = CARTESIAN_POINT('',(3.200319278257,34.984361681539));
#3374 = CARTESIAN_POINT('',(3.23604665009,34.946443919022));
#3375 = CARTESIAN_POINT('',(3.242933759812,34.938421391417));
#3376 = CARTESIAN_POINT('',(3.249776583822,34.929743079263));
#3377 = CARTESIAN_POINT('',(3.256571538622,34.920424603167));
#3378 = CARTESIAN_POINT('',(3.263315437208,34.910482586006));
#3379 = CARTESIAN_POINT('',(3.270005489069,34.899934652928));
#3380 = ( GEOMETRIC_REPRESENTATION_CONTEXT(2) 
PARAMETRIC_REPRESENTATION_CONTEXT() REPRESENTATION_CONTEXT('2D SPACE',''
  ) );
#3381 = PCURVE('',#2116,#3382);
#3382 = DEFINITIONAL_REPRESENTATION('',(#3383),#3511);
#3383 = B_SPLINE_CURVE_WITH_KNOTS('',6,(#3384,#3385,#3386,#3387,#3388,
    #3389,#3390,#3391,#3392,#3393,#3394,#3395,#3396,#3397,#3398,#3399,
    #3400,#3401,#3402,#3403,#3404,#3405,#3406,#3407,#3408,#3409,#3410,
    #3411,#3412,#3413,#3414,#3415,#3416,#3417,#3418,#3419,#3420,#3421,
    #3422,#3423,#3424,#3425,#3426,#3427,#3428,#3429,#3430,#3431,#3432,
    #3433,#3434,#3435,#3436,#3437,#3438,#3439,#3440,#3441,#3442,#3443,
    #3444,#3445,#3446,#3447,#3448,#3449,#3450,#3451,#3452,#3453,#3454,
    #3455,#3456,#3457,#3458,#3459,#3460,#3461,#3462,#3463,#3464,#3465,
    #3466,#3467,#3468,#3469,#3470,#3471,#3472,#3473,#3474,#3475,#3476,
    #3477,#3478,#3479,#3480,#3481,#3482,#3483,#3484,#3485,#3486,#3487,
    #3488,#3489,#3490,#3491,#3492,#3493,#3494,#3495,#3496,#3497,#3498,
    #3499,#3500,#3501,#3502,#3503,#3504,#3505,#3506,#3507,#3508,#3509,
    #3510),.UNSPECIFIED.,.F.,.F.,(7,5,5,5,5,5,5,5,5,5,5,5,5,5,5,5,5,5,5,
    5,5,5,5,5,5,7),(0.,3.610771433024E-02,6.054403747606E-02,
    7.882286264986E-02,9.295990743275E-02,0.133220525306,0.215640759599,
    0.259672966124,0.2982027633,0.378283598788,0.406031404163,
    0.441957972806,0.490306970971,0.525243018679,0.552442673099,
    0.587724578588,0.632457694186,0.672101508646,0.715372750907,
    0.798050723144,0.842417132404,0.878275679111,0.90606493598,
    0.942045174094,0.988762757085,1.),.UNSPECIFIED.);
#3384 = CARTESIAN_POINT('',(8.881784197001E-16,2.049401627462));
#3385 = CARTESIAN_POINT('',(4.412233839429E-02,2.065923206309));
#3386 = CARTESIAN_POINT('',(8.74993551744E-02,2.085290459273));
#3387 = CARTESIAN_POINT('',(0.130138401,2.10711579014));
#3388 = CARTESIAN_POINT('',(0.172035906365,2.130985109769));
#3389 = CARTESIAN_POINT('',(0.213176669753,2.156473187081));
#3390 = CARTESIAN_POINT('',(0.280844868716,2.201218939892));
#3391 = CARTESIAN_POINT('',(0.307820285699,2.21984257454));
#3392 = CARTESIAN_POINT('',(0.334476787629,2.238919202319));
#3393 = CARTESIAN_POINT('',(0.360831129331,2.258344472291));
#3394 = CARTESIAN_POINT('',(0.386899429562,2.27802038424));
#3395 = CARTESIAN_POINT('',(0.431994362455,2.312692166897));
#3396 = CARTESIAN_POINT('',(0.451141534567,2.327618987209));
#3397 = CARTESIAN_POINT('',(0.470146482694,2.342598496401));
#3398 = CARTESIAN_POINT('',(0.489016952718,2.357595320642));
#3399 = CARTESIAN_POINT('',(0.507760641051,2.372575965486));
#3400 = CARTESIAN_POINT('',(0.54078962959,2.399058046889));
#3401 = CARTESIAN_POINT('',(0.555122754755,2.410578615663));
#3402 = CARTESIAN_POINT('',(0.569388076212,2.422055848176));
#3403 = CARTESIAN_POINT('',(0.583589009478,2.433475553636));
#3404 = CARTESIAN_POINT('',(0.597728879515,2.444824024466));
#3405 = CARTESIAN_POINT('',(0.651914894999,2.48816659896));
#3406 = CARTESIAN_POINT('',(0.691556709716,2.51956554941));
#3407 = CARTESIAN_POINT('',(0.730803895547,2.549972837425));
#3408 = CARTESIAN_POINT('',(0.76971770112,2.579103874645));
#3409 = CARTESIAN_POINT('',(0.808358045935,2.606700169124));
#3410 = CARTESIAN_POINT('',(0.925462000743,2.685401777396));
#3411 = CARTESIAN_POINT('',(1.003406597806,2.7309650315));
#3412 = CARTESIAN_POINT('',(1.080787740522,2.766908942051));
#3413 = CARTESIAN_POINT('',(1.157820340423,2.791506504124));
#3414 = CARTESIAN_POINT('',(1.234733009868,2.803847577293));
#3415 = CARTESIAN_POINT('',(1.352956521878,2.803847577293));
#3416 = CARTESIAN_POINT('',(1.394115120563,2.800325406839));
#3417 = CARTESIAN_POINT('',(1.435291872059,2.79328269451));
#3418 = CARTESIAN_POINT('',(1.476510253014,2.782798543964));
#3419 = CARTESIAN_POINT('',(1.5177915536,2.769025333027));
#3420 = CARTESIAN_POINT('',(1.595350596431,2.737448176825));
#3421 = CARTESIAN_POINT('',(1.631607515663,2.72036347208));
#3422 = CARTESIAN_POINT('',(1.667961436734,2.701069379668));
#3423 = CARTESIAN_POINT('',(1.704445043327,2.679735491188));
#3424 = CARTESIAN_POINT('',(1.741090124446,2.65655912864));
#3425 = CARTESIAN_POINT('',(1.854495735894,2.580224752276));
#3426 = CARTESIAN_POINT('',(1.931815185794,2.521744254901));
#3427 = CARTESIAN_POINT('',(2.010454510986,2.458157989156));
#3428 = CARTESIAN_POINT('',(2.090974562145,2.391577841579));
#3429 = CARTESIAN_POINT('',(2.173928040482,2.324642513704));
#3430 = CARTESIAN_POINT('',(2.289786606522,2.238573205073));
#3431 = CARTESIAN_POINT('',(2.31998364703,2.216777919357));
#3432 = CARTESIAN_POINT('',(2.350581092418,2.195484130159));
#3433 = CARTESIAN_POINT('',(2.381597015252,2.174850529864));
#3434 = CARTESIAN_POINT('',(2.413051186616,2.15504475271));
#3435 = CARTESIAN_POINT('',(2.486288349105,2.111897030273));
#3436 = CARTESIAN_POINT('',(2.528445690614,2.089196514698));
#3437 = CARTESIAN_POINT('',(2.571356130731,2.068610659302));
#3438 = CARTESIAN_POINT('',(2.61495854508,2.050581182906));
#3439 = CARTESIAN_POINT('',(2.65920714823,2.035501355559));
#3440 = CARTESIAN_POINT('',(2.764435425953,2.007808800924));
#3441 = CARTESIAN_POINT('',(2.825836010464,1.997871627981));
#3442 = CARTESIAN_POINT('',(2.8876983483,1.994775398246));
#3443 = CARTESIAN_POINT('',(2.949534291746,1.998838807807));
#3444 = CARTESIAN_POINT('',(3.01085381394,2.009689898191));
#3445 = CARTESIAN_POINT('',(3.114601046203,2.038460376877));
#3446 = CARTESIAN_POINT('',(3.157529032292,2.053577774291));
#3447 = CARTESIAN_POINT('',(3.199835400011,2.071436839365));
#3448 = CARTESIAN_POINT('',(3.241481029804,2.091672909537));
#3449 = CARTESIAN_POINT('',(3.282413297917,2.113880962948));
#3450 = CARTESIAN_POINT('',(3.35381914835,2.156124759242));
#3451 = CARTESIAN_POINT('',(3.384634733136,2.175572210016));
#3452 = CARTESIAN_POINT('',(3.415029571671,2.195810316458));
#3453 = CARTESIAN_POINT('',(3.445022345574,2.216681367602));
#3454 = CARTESIAN_POINT('',(3.474630174397,2.238035935864));
#3455 = CARTESIAN_POINT('',(3.541797535787,2.28787983882));
#3456 = CARTESIAN_POINT('',(3.579114001763,2.316609922723));
#3457 = CARTESIAN_POINT('',(3.615879031153,2.345637559157));
#3458 = CARTESIAN_POINT('',(3.652146889681,2.374703232092));
#3459 = CARTESIAN_POINT('',(3.687970619441,2.403572917976));
#3460 = CARTESIAN_POINT('',(3.76833487612,2.468124305494));
#3461 = CARTESIAN_POINT('',(3.812646478114,2.503564485068));
#3462 = CARTESIAN_POINT('',(3.856438308522,2.537913807945));
#3463 = CARTESIAN_POINT('',(3.899796354915,2.57077295256));
#3464 = CARTESIAN_POINT('',(3.942804425964,2.601783239342));
#3465 = CARTESIAN_POINT('',(4.023437998766,2.65618276548));
#3466 = CARTESIAN_POINT('',(4.061117187365,2.680036330622));
#3467 = CARTESIAN_POINT('',(4.098625635342,2.701942025109));
#3468 = CARTESIAN_POINT('',(4.135997705024,2.721685360444));
#3469 = CARTESIAN_POINT('',(4.173268770528,2.73908294191));
#3470 = CARTESIAN_POINT('',(4.251089730003,2.770252255845));
#3471 = CARTESIAN_POINT('',(4.291624574652,2.783545487448));
#3472 = CARTESIAN_POINT('',(4.332100152905,2.793659009217));
#3473 = CARTESIAN_POINT('',(4.372536506211,2.800450900274));
#3474 = CARTESIAN_POINT('',(4.412955686451,2.803847577293));
#3475 = CARTESIAN_POINT('',(4.530625291094,2.803847577293));
#3476 = CARTESIAN_POINT('',(4.607722531994,2.791446793562));
#3477 = CARTESIAN_POINT('',(4.684940607183,2.766730967448));
#3478 = CARTESIAN_POINT('',(4.762510182894,2.730618801816));
#3479 = CARTESIAN_POINT('',(4.840648179022,2.684853009873));
#3480 = CARTESIAN_POINT('',(4.961846671302,2.603273172629));
#3481 = CARTESIAN_POINT('',(5.004424613873,2.572647015818));
#3482 = CARTESIAN_POINT('',(5.047342928244,2.540195379409));
#3483 = CARTESIAN_POINT('',(5.090682697611,2.50626582472));
#3484 = CARTESIAN_POINT('',(5.13452707605,2.471244860935));
#3485 = CARTESIAN_POINT('',(5.214889691778,2.406719493369));
#3486 = CARTESIAN_POINT('',(5.251204555089,2.377441832799));
#3487 = CARTESIAN_POINT('',(5.287973061579,2.347946197974));
#3488 = CARTESIAN_POINT('',(5.325250552828,2.318475960874));
#3489 = CARTESIAN_POINT('',(5.363093657627,2.289301388549));
#3490 = CARTESIAN_POINT('',(5.431379260114,2.238573205071));
#3491 = CARTESIAN_POINT('',(5.46157630062,2.216777919357));
#3492 = CARTESIAN_POINT('',(5.492173746006,2.19548413016));
#3493 = CARTESIAN_POINT('',(5.523189668842,2.174850529864));
#3494 = CARTESIAN_POINT('',(5.554643840209,2.155044752708));
#3495 = CARTESIAN_POINT('',(5.627881002697,2.111897030272));
#3496 = CARTESIAN_POINT('',(5.670038344204,2.089196514699));
#3497 = CARTESIAN_POINT('',(5.712948784319,2.068610659303));
#3498 = CARTESIAN_POINT('',(5.75655119867,2.050581182905));
#3499 = CARTESIAN_POINT('',(5.800799801822,2.035501355558));
#3500 = CARTESIAN_POINT('',(5.903904048559,2.008367774665));
#3501 = CARTESIAN_POINT('',(5.963107355384,1.998578765697));
#3502 = CARTESIAN_POINT('',(6.022757495057,1.995128317871));
#3503 = CARTESIAN_POINT('',(6.082413369669,1.998320075115));
#3504 = CARTESIAN_POINT('',(6.14163458124,2.007862772174));
#3505 = CARTESIAN_POINT('',(6.213929228596,2.026601393221));
#3506 = CARTESIAN_POINT('',(6.227896996982,2.030557867327));
#3507 = CARTESIAN_POINT('',(6.241810210637,2.034827367315));
#3508 = CARTESIAN_POINT('',(6.255664842569,2.039399035657));
#3509 = CARTESIAN_POINT('',(6.269457476562,2.044261250859));
#3510 = CARTESIAN_POINT('',(6.28318530718,2.049401627462));
#3511 = ( GEOMETRIC_REPRESENTATION_CONTEXT(2) 
PARAMETRIC_REPRESENTATION_CONTEXT() REPRESENTATION_CONTEXT('2D SPACE',''
  ) );
#3512 = ORIENTED_EDGE('',*,*,#3513,.T.);
#3513 = EDGE_CURVE('',#3119,#1890,#3514,.T.);
#3514 = SURFACE_CURVE('',#3515,(#3602,#3692),.PCURVE_S1.);
#3515 = B_SPLINE_CURVE_WITH_KNOTS('',8,(#3516,#3517,#3518,#3519,#3520,
    #3521,#3522,#3523,#3524,#3525,#3526,#3527,#3528,#3529,#3530,#3531,
    #3532,#3533,#3534,#3535,#3536,#3537,#3538,#3539,#3540,#3541,#3542,
    #3543,#3544,#3545,#3546,#3547,#3548,#3549,#3550,#3551,#3552,#3553,
    #3554,#3555,#3556,#3557,#3558,#3559,#3560,#3561,#3562,#3563,#3564,
    #3565,#3566,#3567,#3568,#3569,#3570,#3571,#3572,#3573,#3574,#3575,
    #3576,#3577,#3578,#3579,#3580,#3581,#3582,#3583,#3584,#3585,#3586,
    #3587,#3588,#3589,#3590,#3591,#3592,#3593,#3594,#3595,#3596,#3597,
    #3598,#3599,#3600,#3601),.UNSPECIFIED.,.F.,.F.,(9,7,7,7,7,7,7,7,7,7,
    7,7,9),(0.,4.491645989126E-02,0.121329473828,0.258757390868,
    0.43927799591,0.487078976556,0.533358024386,0.582701776445,
    0.663855611335,0.752491755633,0.886024986581,0.95833976599,1.),
  .UNSPECIFIED.);
#3516 = CARTESIAN_POINT('',(12.974495860391,12.990380456767,
    -10.19374598313));
#3517 = CARTESIAN_POINT('',(12.865864559318,13.174728883353,
    -10.33201079456));
#3518 = CARTESIAN_POINT('',(12.762964373231,13.36374035182,
    -10.45951478426));
#3519 = CARTESIAN_POINT('',(12.665751277079,13.55649728064,
    -10.57714210322));
#3520 = CARTESIAN_POINT('',(12.57410810585,13.752262755693,
    -10.68570861713));
#3521 = CARTESIAN_POINT('',(12.487865133046,13.950464586466,
    -10.78596390631));
#3522 = CARTESIAN_POINT('',(12.406818894235,14.150679846594,
    -10.8785923686));
#3523 = CARTESIAN_POINT('',(12.330749255685,14.352619898758,
    -10.96421342519));
#3524 = CARTESIAN_POINT('',(12.138112655841,14.902308438138,
    -11.17806241387));
#3525 = CARTESIAN_POINT('',(12.030477994561,15.253216638211,
    -11.29414939192));
#3526 = CARTESIAN_POINT('',(11.935812093432,15.607034615792,
    -11.3939460844));
#3527 = CARTESIAN_POINT('',(11.85328318824,15.962505230355,
    -11.47938732543));
#3528 = CARTESIAN_POINT('',(11.782036541275,16.31883787483,
    -11.55209284104));
#3529 = CARTESIAN_POINT('',(11.721262396199,16.675646276918,
    -11.61340794963));
#3530 = CARTESIAN_POINT('',(11.670241747871,17.032906316071,
    -11.66443058451));
#3531 = CARTESIAN_POINT('',(11.553063944363,18.034842223817,
    -11.78083106106));
#3532 = CARTESIAN_POINT('',(11.507399914627,18.680815127334,
    -11.82509250772));
#3533 = CARTESIAN_POINT('',(11.488381297021,19.325730875208,
    -11.84332694136));
#3534 = CARTESIAN_POINT('',(11.49322611478,19.967838970017,
    -11.83867342252));
#3535 = CARTESIAN_POINT('',(11.519644579471,20.606521422504,
    -11.81323236791));
#3536 = CARTESIAN_POINT('',(11.565951271228,21.241993492316,
    -11.76821086252));
#3537 = CARTESIAN_POINT('',(11.631070735334,21.874923656809,
    -11.70394064994));
#3538 = CARTESIAN_POINT('',(11.824079079262,23.334850629178,
    -11.50935999789));
#3539 = CARTESIAN_POINT('',(11.961382864703,24.131227345383,
    -11.36855717304));
#3540 = CARTESIAN_POINT('',(12.123453938303,24.912836757992,
    -11.19819737272));
#3541 = CARTESIAN_POINT('',(12.312909155584,25.695853252344,
    -10.99289147441));
#3542 = CARTESIAN_POINT('',(12.53445862855,26.487152127806,
    -10.74354083566));
#3543 = CARTESIAN_POINT('',(12.792371531294,27.279826737455,
    -10.43845915225));
#3544 = CARTESIAN_POINT('',(13.087584256732,28.049515989594,
    -10.06391356702));
#3545 = CARTESIAN_POINT('',(13.502306063976,28.934419919298,
    -9.484723146135));
#3546 = CARTESIAN_POINT('',(13.591435999934,29.114797635572,
    -9.357600612897));
#3547 = CARTESIAN_POINT('',(13.683990065732,29.291983590973,
    -9.222668924112));
#3548 = CARTESIAN_POINT('',(13.780931488212,29.466523646533,
    -9.077961470502));
#3549 = CARTESIAN_POINT('',(13.882994245792,29.637749935452,
    -8.92155287455));
#3550 = CARTESIAN_POINT('',(13.990629342241,29.803733459513,
    -8.751603734676));
#3551 = CARTESIAN_POINT('',(14.103970252805,29.961256514334,
    -8.56638711937));
#3552 = CARTESIAN_POINT('',(14.33788086018,30.245751102953,
    -8.16864084553));
#3553 = CARTESIAN_POINT('',(14.472617915169,30.391187200343,
    -7.932491961986));
#3554 = CARTESIAN_POINT('',(14.618180030189,30.519319835387,
    -7.666022407592));
#3555 = CARTESIAN_POINT('',(14.768141760232,30.613860832423,
    -7.376248796383));
#3556 = CARTESIAN_POINT('',(14.916822140961,30.664377559295,
    -7.070662242626));
#3557 = CARTESIAN_POINT('',(15.059855762713,30.666231764578,
    -6.75670205467));
#3558 = CARTESIAN_POINT('',(15.193911877261,30.620538303811,
    -6.442353214364));
#3559 = CARTESIAN_POINT('',(15.447449751339,30.442100015969,
    -5.809480729839));
#3560 = CARTESIAN_POINT('',(15.558256227895,30.308802217667,
    -5.509835863468));
#3561 = CARTESIAN_POINT('',(15.652212027204,30.148899447221,
    -5.236648027558));
#3562 = CARTESIAN_POINT('',(15.732347868389,29.973168646294,
    -4.988150111964));
#3563 = CARTESIAN_POINT('',(15.801355007398,29.788711940948,
    -4.761549854636));
#3564 = CARTESIAN_POINT('',(15.861614439171,29.598945742627,
    -4.553054831196));
#3565 = CARTESIAN_POINT('',(15.915260175583,29.403609040183,
    -4.357958089232));
#3566 = CARTESIAN_POINT('',(16.04438804387,28.862443296199,
    -3.863744249579));
#3567 = CARTESIAN_POINT('',(16.110252030315,28.506651035234,
    -3.584013215659));
#3568 = CARTESIAN_POINT('',(16.164616547607,28.141082897195,
    -3.329897177382));
#3569 = CARTESIAN_POINT('',(16.209905396331,27.771735324239,
    -3.098759262126));
#3570 = CARTESIAN_POINT('',(16.248056323834,27.401330440648,
    -2.887503384439));
#3571 = CARTESIAN_POINT('',(16.28058410009,27.029589357435,
    -2.692821037187));
#3572 = CARTESIAN_POINT('',(16.308650042069,26.653590249579,
    -2.511505536195));
#3573 = CARTESIAN_POINT('',(16.359825319771,25.847336045287,
    -2.154431692909));
#3574 = CARTESIAN_POINT('',(16.381820474445,25.421868362983,
    -1.983647827335));
#3575 = CARTESIAN_POINT('',(16.399958892399,24.993472384003,
    -1.827655078122));
#3576 = CARTESIAN_POINT('',(16.414933199474,24.563068800779,
    -1.685683728044));
#3577 = CARTESIAN_POINT('',(16.427298400713,24.130996278524,
    -1.557079820571));
#3578 = CARTESIAN_POINT('',(16.437498869426,23.697157454566,
    -1.441360068728));
#3579 = CARTESIAN_POINT('',(16.445889227743,23.261166389229,
    -1.338265904499));
#3580 = CARTESIAN_POINT('',(16.463083767153,22.161628487628,
    -1.111551956697));
#3581 = CARTESIAN_POINT('',(16.469886503855,21.498430553902,
    -1.004758455309));
#3582 = CARTESIAN_POINT('',(16.474159898868,20.832372708787,
    -0.92717067804));
#3583 = CARTESIAN_POINT('',(16.476507254302,20.162717425353,
    -0.87972677754));
#3584 = CARTESIAN_POINT('',(16.477225261906,19.489160510747,
    -0.864582994378));
#3585 = CARTESIAN_POINT('',(16.476302472411,18.812327934528,
    -0.885129517051));
#3586 = CARTESIAN_POINT('',(16.473208285326,18.134155939094,
    -0.946007806806));
#3587 = CARTESIAN_POINT('',(16.462646952539,17.092107163791,
    -1.111141047895));
#3588 = CARTESIAN_POINT('',(16.457835980027,16.726821501753,
    -1.182691968872));
#3589 = CARTESIAN_POINT('',(16.451665587653,16.361968598074,
    -1.268849166984));
#3590 = CARTESIAN_POINT('',(16.443769670528,15.997557918877,
    -1.370940072259));
#3591 = CARTESIAN_POINT('',(16.433647641053,15.633987603878,
    -1.490542934401));
#3592 = CARTESIAN_POINT('',(16.420609396108,15.272090613434,
    -1.629468719026));
#3593 = CARTESIAN_POINT('',(16.403692291939,14.913203019625,
    -1.789734547228));
#3594 = CARTESIAN_POINT('',(16.368794120433,14.35534618478,
    -2.079411688532));
#3595 = CARTESIAN_POINT('',(16.354298846914,14.152997181536,
    -2.193145145824));
#3596 = CARTESIAN_POINT('',(16.337791640826,13.95237633188,-2.3152626912
    ));
#3597 = CARTESIAN_POINT('',(16.318949160135,13.753773148721,
    -2.446340487783));
#3598 = CARTESIAN_POINT('',(16.297387757385,13.557612362564,
    -2.586985133256));
#3599 = CARTESIAN_POINT('',(16.272652000218,13.364469019221,
    -2.737820829267));
#3600 = CARTESIAN_POINT('',(16.244201341145,13.175084070345,
    -2.899475807939));
#3601 = CARTESIAN_POINT('',(16.211394936592,12.990380456767,
    -3.072568015493));
#3602 = PCURVE('',#1030,#3603);
#3603 = DEFINITIONAL_REPRESENTATION('',(#3604),#3691);
#3604 = B_SPLINE_CURVE_WITH_KNOTS('',8,(#3605,#3606,#3607,#3608,#3609,
    #3610,#3611,#3612,#3613,#3614,#3615,#3616,#3617,#3618,#3619,#3620,
    #3621,#3622,#3623,#3624,#3625,#3626,#3627,#3628,#3629,#3630,#3631,
    #3632,#3633,#3634,#3635,#3636,#3637,#3638,#3639,#3640,#3641,#3642,
    #3643,#3644,#3645,#3646,#3647,#3648,#3649,#3650,#3651,#3652,#3653,
    #3654,#3655,#3656,#3657,#3658,#3659,#3660,#3661,#3662,#3663,#3664,
    #3665,#3666,#3667,#3668,#3669,#3670,#3671,#3672,#3673,#3674,#3675,
    #3676,#3677,#3678,#3679,#3680,#3681,#3682,#3683,#3684,#3685,#3686,
    #3687,#3688,#3689,#3690),.UNSPECIFIED.,.F.,.F.,(9,7,7,7,7,7,7,7,7,7,
    7,7,9),(0.,4.491645989126E-02,0.121329473828,0.258757390868,
    0.43927799591,0.487078976556,0.533358024386,0.582701776445,
    0.663855611335,0.752491755633,0.886024986581,0.95833976599,1.),
  .UNSPECIFIED.);
#3605 = CARTESIAN_POINT('',(1.052946323332,20.1246114102));
#3606 = CARTESIAN_POINT('',(1.090489675362,20.243607804672));
#3607 = CARTESIAN_POINT('',(1.126743478121,20.366739935926));
#3608 = CARTESIAN_POINT('',(1.161802791194,20.493488744994));
#3609 = CARTESIAN_POINT('',(1.195755929773,20.623418374528));
#3610 = CARTESIAN_POINT('',(1.228687618226,20.756175753429));
#3611 = CARTESIAN_POINT('',(1.260680903132,20.891489343316));
#3612 = CARTESIAN_POINT('',(1.2918178258,21.029167046848));
#3613 = CARTESIAN_POINT('',(1.373829801271,21.407139309771));
#3614 = CARTESIAN_POINT('',(1.423267197861,21.651839112684));
#3615 = CARTESIAN_POINT('',(1.470735539849,21.901959526064));
#3616 = CARTESIAN_POINT('',(1.516454222026,22.156540027123));
#3617 = CARTESIAN_POINT('',(1.560627940083,22.414892874847));
#3618 = CARTESIAN_POINT('',(1.603454543117,22.676602971307));
#3619 = CARTESIAN_POINT('',(1.645130336699,22.941527440323));
#3620 = CARTESIAN_POINT('',(1.759091778878,23.692270872446));
#3621 = CARTESIAN_POINT('',(1.829200215807,24.185247390723));
#3622 = CARTESIAN_POINT('',(1.896773578603,24.685741286455));
#3623 = CARTESIAN_POINT('',(1.962329583312,25.191614087235));
#3624 = CARTESIAN_POINT('',(2.026365758969,25.701628146246));
#3625 = CARTESIAN_POINT('',(2.08937837251,26.215312020295));
#3626 = CARTESIAN_POINT('',(2.151871531035,26.732669740832));
#3627 = CARTESIAN_POINT('',(2.296501111916,27.938266212151));
#3628 = CARTESIAN_POINT('',(2.37575581192,28.605072497238));
#3629 = CARTESIAN_POINT('',(2.454940988707,29.26666536438));
#3630 = CARTESIAN_POINT('',(2.536534441873,29.935842999127));
#3631 = CARTESIAN_POINT('',(2.622597005623,30.618329143543));
#3632 = CARTESIAN_POINT('',(2.714762276241,31.308111497555));
#3633 = CARTESIAN_POINT('',(2.814443732561,31.983066343624));
#3634 = CARTESIAN_POINT('',(2.952034816446,32.763440392865));
#3635 = CARTESIAN_POINT('',(2.981483283628,32.922778450323));
#3636 = CARTESIAN_POINT('',(3.012003509262,33.079538876931));
#3637 = CARTESIAN_POINT('',(3.043973971472,33.23418946731));
#3638 = CARTESIAN_POINT('',(3.077718682642,33.386126097463));
#3639 = CARTESIAN_POINT('',(3.113511525206,33.533616679362));
#3640 = CARTESIAN_POINT('',(3.151588763547,33.673766818529));
#3641 = CARTESIAN_POINT('',(3.231458645189,33.927148573562));
#3642 = CARTESIAN_POINT('',(3.278049807111,34.056816364894));
#3643 = CARTESIAN_POINT('',(3.329440251799,34.171227193645));
#3644 = CARTESIAN_POINT('',(3.384051945805,34.255764326509));
#3645 = CARTESIAN_POINT('',(3.440557649798,34.30095120237));
#3646 = CARTESIAN_POINT('',(3.497844535579,34.302590375458));
#3647 = CARTESIAN_POINT('',(3.554795402763,34.261725850459));
#3648 = CARTESIAN_POINT('',(3.669207679943,34.102342138216));
#3649 = CARTESIAN_POINT('',(3.723239507869,33.983335650343));
#3650 = CARTESIAN_POINT('',(3.772720955747,33.840714081296));
#3651 = CARTESIAN_POINT('',(3.818110644188,33.684197139328));
#3652 = CARTESIAN_POINT('',(3.859936999634,33.520164362507));
#3653 = CARTESIAN_POINT('',(3.898872808138,33.351669412981));
#3654 = CARTESIAN_POINT('',(3.935778347864,33.178504177425));
#3655 = CARTESIAN_POINT('',(4.030714724895,32.699633919918));
#3656 = CARTESIAN_POINT('',(4.085996313968,32.385649106539));
#3657 = CARTESIAN_POINT('',(4.137936386203,32.064066943859));
#3658 = CARTESIAN_POINT('',(4.186961182683,31.740287622756));
#3659 = CARTESIAN_POINT('',(4.233568715107,31.416748079436));
#3660 = CARTESIAN_POINT('',(4.278354801263,31.093235407977));
#3661 = CARTESIAN_POINT('',(4.322017217072,30.767287766069));
#3662 = CARTESIAN_POINT('',(4.412681165967,30.071408306756));
#3663 = CARTESIAN_POINT('',(4.458877950561,29.705882959602));
#3664 = CARTESIAN_POINT('',(4.504134782556,29.339672794036));
#3665 = CARTESIAN_POINT('',(4.548644241426,28.973694085049));
#3666 = CARTESIAN_POINT('',(4.592602898421,28.608358066725));
#3667 = CARTESIAN_POINT('',(4.636213662039,28.24371487603));
#3668 = CARTESIAN_POINT('',(4.679686128738,27.879594974651));
#3669 = CARTESIAN_POINT('',(4.788842636174,26.96760083475));
#3670 = CARTESIAN_POINT('',(4.854251488448,26.423182447526));
#3671 = CARTESIAN_POINT('',(4.92007941734,25.88257277002));
#3672 = CARTESIAN_POINT('',(4.986899153104,25.345772741691));
#3673 = CARTESIAN_POINT('',(5.055273421721,24.813262871163));
#3674 = CARTESIAN_POINT('',(5.125764563961,24.286396662656));
#3675 = CARTESIAN_POINT('',(5.198956020156,23.767584708768));
#3676 = CARTESIAN_POINT('',(5.316987942993,22.985465199957));
#3677 = CARTESIAN_POINT('',(5.359426673043,22.714171548874));
#3678 = CARTESIAN_POINT('',(5.403048401062,22.446192782142));
#3679 = CARTESIAN_POINT('',(5.448060741048,22.181670029466));
#3680 = CARTESIAN_POINT('',(5.494672774404,21.921038162513));
#3681 = CARTESIAN_POINT('',(5.543100855079,21.665026394655));
#3682 = CARTESIAN_POINT('',(5.593577269944,21.41465833484));
#3683 = CARTESIAN_POINT('',(5.676770669326,21.031025860299));
#3684 = CARTESIAN_POINT('',(5.707957638121,20.893055562418));
#3685 = CARTESIAN_POINT('',(5.74000355798,20.757456301197));
#3686 = CARTESIAN_POINT('',(5.772990907842,20.624420845725));
#3687 = CARTESIAN_POINT('',(5.807003173738,20.494221984777));
#3688 = CARTESIAN_POINT('',(5.84212552681,20.367214630634));
#3689 = CARTESIAN_POINT('',(5.878446753998,20.243837076883));
#3690 = CARTESIAN_POINT('',(5.916062441391,20.1246114102));
#3691 = ( GEOMETRIC_REPRESENTATION_CONTEXT(2) 
PARAMETRIC_REPRESENTATION_CONTEXT() REPRESENTATION_CONTEXT('2D SPACE',''
  ) );
#3692 = PCURVE('',#946,#3693);
#3693 = DEFINITIONAL_REPRESENTATION('',(#3694),#3781);
#3694 = B_SPLINE_CURVE_WITH_KNOTS('',8,(#3695,#3696,#3697,#3698,#3699,
    #3700,#3701,#3702,#3703,#3704,#3705,#3706,#3707,#3708,#3709,#3710,
    #3711,#3712,#3713,#3714,#3715,#3716,#3717,#3718,#3719,#3720,#3721,
    #3722,#3723,#3724,#3725,#3726,#3727,#3728,#3729,#3730,#3731,#3732,
    #3733,#3734,#3735,#3736,#3737,#3738,#3739,#3740,#3741,#3742,#3743,
    #3744,#3745,#3746,#3747,#3748,#3749,#3750,#3751,#3752,#3753,#3754,
    #3755,#3756,#3757,#3758,#3759,#3760,#3761,#3762,#3763,#3764,#3765,
    #3766,#3767,#3768,#3769,#3770,#3771,#3772,#3773,#3774,#3775,#3776,
    #3777,#3778,#3779,#3780),.UNSPECIFIED.,.F.,.F.,(9,7,7,7,7,7,7,7,7,7,
    7,7,9),(0.,4.491645989126E-02,0.121329473828,0.258757390868,
    0.43927799591,0.487078976556,0.533358024386,0.582701776445,
    0.663855611335,0.752491755633,0.886024986581,0.95833976599,1.),
  .UNSPECIFIED.);
#3695 = CARTESIAN_POINT('',(2.236741699922,12.990380456767));
#3696 = CARTESIAN_POINT('',(2.247398361492,13.174728883353));
#3697 = CARTESIAN_POINT('',(2.257327613828,13.36374035182));
#3698 = CARTESIAN_POINT('',(2.266575074754,13.55649728064));
#3699 = CARTESIAN_POINT('',(2.275184817407,13.752262755693));
#3700 = CARTESIAN_POINT('',(2.283199117965,13.950464586466));
#3701 = CARTESIAN_POINT('',(2.290658098328,14.150679846594));
#3702 = CARTESIAN_POINT('',(2.29759926375,14.352619898758));
#3703 = CARTESIAN_POINT('',(2.315042889286,14.902308438138));
#3704 = CARTESIAN_POINT('',(2.32463633711,15.253216638211));
#3705 = CARTESIAN_POINT('',(2.332972128545,15.607034615792));
#3706 = CARTESIAN_POINT('',(2.340171154958,15.962505230355));
#3707 = CARTESIAN_POINT('',(2.346340332853,16.31883787483));
#3708 = CARTESIAN_POINT('',(2.351572387872,16.675646276919));
#3709 = CARTESIAN_POINT('',(2.355945439375,17.032906316071));
#3710 = CARTESIAN_POINT('',(2.365955481822,18.034842223817));
#3711 = CARTESIAN_POINT('',(2.369809422976,18.680815127334));
#3712 = CARTESIAN_POINT('',(2.371406360921,19.325730875207));
#3713 = CARTESIAN_POINT('',(2.370999245656,19.967838970017));
#3714 = CARTESIAN_POINT('',(2.368776310101,20.606521422505));
#3715 = CARTESIAN_POINT('',(2.364862183337,21.241993492316));
#3716 = CARTESIAN_POINT('',(2.359317375156,21.874923656809));
#3717 = CARTESIAN_POINT('',(2.342707128948,23.334850629178));
#3718 = CARTESIAN_POINT('',(2.330788383968,24.131227345383));
#3719 = CARTESIAN_POINT('',(2.316539405737,24.912836757992));
#3720 = CARTESIAN_POINT('',(2.29961282454,25.695853252344));
#3721 = CARTESIAN_POINT('',(2.279405669249,26.487152127806));
#3722 = CARTESIAN_POINT('',(2.255211546127,27.279826737455));
#3723 = CARTESIAN_POINT('',(2.226339138212,28.049515989594));
#3724 = CARTESIAN_POINT('',(2.183165849483,28.934419919298));
#3725 = CARTESIAN_POINT('',(2.173756881774,29.114797635571));
#3726 = CARTESIAN_POINT('',(2.163841180659,29.291983590973));
#3727 = CARTESIAN_POINT('',(2.153286308252,29.466523646533));
#3728 = CARTESIAN_POINT('',(2.141969186992,29.637749935452));
#3729 = CARTESIAN_POINT('',(2.129779526801,29.803733459513));
#3730 = CARTESIAN_POINT('',(2.116621326006,29.961256514334));
#3731 = CARTESIAN_POINT('',(2.088655961714,30.245751102953));
#3732 = CARTESIAN_POINT('',(2.072179623795,30.391187200344));
#3733 = CARTESIAN_POINT('',(2.05378273236,30.519319835384));
#3734 = CARTESIAN_POINT('',(2.034018718695,30.613860832428));
#3735 = CARTESIAN_POINT('',(2.013435446224,30.664377559291));
#3736 = CARTESIAN_POINT('',(1.992536304447,30.666231764579));
#3737 = CARTESIAN_POINT('',(1.971829833126,30.620538303811));
#3738 = CARTESIAN_POINT('',(1.930510496864,30.442100015969));
#3739 = CARTESIAN_POINT('',(1.91115527476,30.308802217667));
#3740 = CARTESIAN_POINT('',(1.893653488304,30.148899447222));
#3741 = CARTESIAN_POINT('',(1.877834216823,29.973168646294));
#3742 = CARTESIAN_POINT('',(1.86348132614,29.788711940948));
#3743 = CARTESIAN_POINT('',(1.850330040241,29.598945742628));
#3744 = CARTESIAN_POINT('',(1.838068133584,29.403609040183));
#3745 = CARTESIAN_POINT('',(1.807110279852,28.862443296199));
#3746 = CARTESIAN_POINT('',(1.789698435686,28.506651035235));
#3747 = CARTESIAN_POINT('',(1.773953899124,28.141082897195));
#3748 = CARTESIAN_POINT('',(1.759682782309,27.771735324239));
#3749 = CARTESIAN_POINT('',(1.746674720771,27.401330440648));
#3750 = CARTESIAN_POINT('',(1.734713715165,27.029589357434));
#3751 = CARTESIAN_POINT('',(1.723594729545,26.653590249579));
#3752 = CARTESIAN_POINT('',(1.701732766854,25.847336045287));
#3753 = CARTESIAN_POINT('',(1.691297797634,25.421868362983));
#3754 = CARTESIAN_POINT('',(1.681781110161,24.993472384003));
#3755 = CARTESIAN_POINT('',(1.673129887692,24.563068800778));
#3756 = CARTESIAN_POINT('',(1.665300292658,24.130996278524));
#3757 = CARTESIAN_POINT('',(1.658260065898,23.697157454566));
#3758 = CARTESIAN_POINT('',(1.651991366368,23.261166389229));
#3759 = CARTESIAN_POINT('',(1.638211666321,22.161628487628));
#3760 = CARTESIAN_POINT('',(1.631726671769,21.498430553902));
#3761 = CARTESIAN_POINT('',(1.627017459095,20.832372708787));
#3762 = CARTESIAN_POINT('',(1.624138430007,20.162717425353));
#3763 = CARTESIAN_POINT('',(1.623219601625,19.489160510746));
#3764 = CARTESIAN_POINT('',(1.62446623113,18.812327934528));
#3765 = CARTESIAN_POINT('',(1.62816028382,18.134155939094));
#3766 = CARTESIAN_POINT('',(1.63818880679,17.092107163791));
#3767 = CARTESIAN_POINT('',(1.642535012136,16.726821501753));
#3768 = CARTESIAN_POINT('',(1.647769905619,16.361968598073));
#3769 = CARTESIAN_POINT('',(1.653975510452,15.997557918877));
#3770 = CARTESIAN_POINT('',(1.661249666858,15.633987603878));
#3771 = CARTESIAN_POINT('',(1.66970557721,15.272090613434));
#3772 = CARTESIAN_POINT('',(1.679471581425,14.913203019625));
#3773 = CARTESIAN_POINT('',(1.697154715137,14.35534618478));
#3774 = CARTESIAN_POINT('',(1.704103246709,14.152997181536));
#3775 = CARTESIAN_POINT('',(1.711571245827,13.95237633188));
#3776 = CARTESIAN_POINT('',(1.719596410569,13.753773148721));
#3777 = CARTESIAN_POINT('',(1.728219076255,13.557612362564));
#3778 = CARTESIAN_POINT('',(1.737481749124,13.364469019221));
#3779 = CARTESIAN_POINT('',(1.747428745996,13.175084070345));
#3780 = CARTESIAN_POINT('',(1.758105939922,12.990380456767));
#3781 = ( GEOMETRIC_REPRESENTATION_CONTEXT(2) 
PARAMETRIC_REPRESENTATION_CONTEXT() REPRESENTATION_CONTEXT('2D SPACE',''
  ) );
#3782 = ADVANCED_FACE('',(#3783,#6143,#6314),#946,.T.);
#3783 = FACE_BOUND('',#3784,.T.);
#3784 = EDGE_LOOP('',(#3785,#3786,#3787,#3912,#4315,#4713,#4880,#5013,
    #5045,#5077,#5107,#5130,#5157,#5158,#5190,#5222,#5348,#5349,#5747));
#3785 = ORIENTED_EDGE('',*,*,#2451,.F.);
#3786 = ORIENTED_EDGE('',*,*,#825,.T.);
#3787 = ORIENTED_EDGE('',*,*,#3788,.F.);
#3788 = EDGE_CURVE('',#3789,#742,#3791,.T.);
#3789 = VERTEX_POINT('',#3790);
#3790 = CARTESIAN_POINT('',(-12.65424221664,26.76409942339,
    -10.58868045881));
#3791 = SURFACE_CURVE('',#3792,(#3830,#3871),.PCURVE_S1.);
#3792 = B_SPLINE_CURVE_WITH_KNOTS('',8,(#3793,#3794,#3795,#3796,#3797,
    #3798,#3799,#3800,#3801,#3802,#3803,#3804,#3805,#3806,#3807,#3808,
    #3809,#3810,#3811,#3812,#3813,#3814,#3815,#3816,#3817,#3818,#3819,
    #3820,#3821,#3822,#3823,#3824,#3825,#3826,#3827,#3828,#3829),
  .UNSPECIFIED.,.F.,.F.,(9,7,7,7,7,9),(0.,0.232610125888,0.438736866518,
    0.718526393474,0.905637081012,1.),.UNSPECIFIED.);
#3793 = CARTESIAN_POINT('',(-14.07355044128,29.910898085225,
    -8.613081793211));
#3794 = CARTESIAN_POINT('',(-13.81492947373,29.550396130457,
    -9.03566169195));
#3795 = CARTESIAN_POINT('',(-13.57481427825,29.126609638285,
    -9.395434114067));
#3796 = CARTESIAN_POINT('',(-13.35709996014,28.675013100814,
    -9.700583385056));
#3797 = CARTESIAN_POINT('',(-13.1620966846,28.217738169791,
    -9.960540266084));
#3798 = CARTESIAN_POINT('',(-12.98717371738,27.76508723027,
    -10.18469623957));
#3799 = CARTESIAN_POINT('',(-12.82776874952,27.315808832622,
    -10.3823748538));
#3800 = CARTESIAN_POINT('',(-12.67811552802,26.857835660624,
    -10.5624231752));
#3801 = CARTESIAN_POINT('',(-12.40547481656,25.940085473263,
    -10.88085399342));
#3802 = CARTESIAN_POINT('',(-12.28655910778,25.503846638366,
    -11.01561049113));
#3803 = CARTESIAN_POINT('',(-12.17675925293,25.064446946065,
    -11.13685594122));
#3804 = CARTESIAN_POINT('',(-12.07592995347,24.62294426026,
    -11.24574185709));
#3805 = CARTESIAN_POINT('',(-11.9839158498,24.179720638509,
    -11.34321964999));
#3806 = CARTESIAN_POINT('',(-11.90062130371,23.734652268384,
    -11.4300215804));
#3807 = CARTESIAN_POINT('',(-11.8260748404,23.287281141589,
    -11.50663710026));
#3808 = CARTESIAN_POINT('',(-11.6714632119,22.225776284676,
    -11.66374964916));
#3809 = CARTESIAN_POINT('',(-11.59937792587,21.612148758901,
    -11.73541044646));
#3810 = CARTESIAN_POINT('',(-11.54465671991,20.9958656977,
    -11.78894319776));
#3811 = CARTESIAN_POINT('',(-11.50816823869,20.376519403005,
    -11.82425618532));
#3812 = CARTESIAN_POINT('',(-11.49127764515,19.753966013517,
    -11.84052600298));
#3813 = CARTESIAN_POINT('',(-11.49585591196,19.128662733033,
    -11.83618725407));
#3814 = CARTESIAN_POINT('',(-11.52420832387,18.501924114892,
    -11.80883197191));
#3815 = CARTESIAN_POINT('',(-11.61544915951,17.457594545172,
    -11.7189579333));
#3816 = CARTESIAN_POINT('',(-11.66373823722,17.040047024962,
    -11.6711361814));
#3817 = CARTESIAN_POINT('',(-11.72458158403,16.62278669957,
    -11.61040127209));
#3818 = CARTESIAN_POINT('',(-11.79903563386,16.205687279743,
    -11.53525282965));
#3819 = CARTESIAN_POINT('',(-11.88833443531,15.789221372834,
    -11.44376973321));
#3820 = CARTESIAN_POINT('',(-11.99381307656,15.374537978797,
    -11.33356536552));
#3821 = CARTESIAN_POINT('',(-12.11678256214,14.963580785876,
    -11.20170972051));
#3822 = CARTESIAN_POINT('',(-12.32972274863,14.355346184779,
    -10.96536870649));
#3823 = CARTESIAN_POINT('',(-12.40588120099,14.152997181534,
    -10.87966396685));
#3824 = CARTESIAN_POINT('',(-12.48703351747,13.952376331877,
    -10.78693056257));
#3825 = CARTESIAN_POINT('',(-12.57340118513,13.753773148718,
    -10.68654603279));
#3826 = CARTESIAN_POINT('',(-12.66518896827,13.557612362561,
    -10.57782246931));
#3827 = CARTESIAN_POINT('',(-12.76256769342,13.364469019218,
    -10.4600063042));
#3828 = CARTESIAN_POINT('',(-12.86565525769,13.17508407034,
    -10.33227719153));
#3829 = CARTESIAN_POINT('',(-12.97449586039,12.990380456762,
    -10.19374598313));
#3830 = PCURVE('',#946,#3831);
#3831 = DEFINITIONAL_REPRESENTATION('',(#3832),#3870);
#3832 = B_SPLINE_CURVE_WITH_KNOTS('',8,(#3833,#3834,#3835,#3836,#3837,
    #3838,#3839,#3840,#3841,#3842,#3843,#3844,#3845,#3846,#3847,#3848,
    #3849,#3850,#3851,#3852,#3853,#3854,#3855,#3856,#3857,#3858,#3859,
    #3860,#3861,#3862,#3863,#3864,#3865,#3866,#3867,#3868,#3869),
  .UNSPECIFIED.,.F.,.F.,(9,7,7,7,7,9),(0.,0.232610125888,0.438736866518,
    0.718526393474,0.905637081012,1.),.UNSPECIFIED.);
#3833 = CARTESIAN_POINT('',(4.163189079995,29.910898085225));
#3834 = CARTESIAN_POINT('',(4.133162548985,29.550396130457));
#3835 = CARTESIAN_POINT('',(4.106968228946,29.126609638285));
#3836 = CARTESIAN_POINT('',(4.084264915246,28.675013100815));
#3837 = CARTESIAN_POINT('',(4.064578308698,28.21773816979));
#3838 = CARTESIAN_POINT('',(4.04735125423,27.765087230271));
#3839 = CARTESIAN_POINT('',(4.031963699453,27.315808832622));
#3840 = CARTESIAN_POINT('',(4.017775963882,26.857835660624));
#3841 = CARTESIAN_POINT('',(3.992369722301,25.940085473263));
#3842 = CARTESIAN_POINT('',(3.981478645471,25.503846638367));
#3843 = CARTESIAN_POINT('',(3.971566330806,25.064446946065));
#3844 = CARTESIAN_POINT('',(3.962573293241,24.62294426026));
#3845 = CARTESIAN_POINT('',(3.954449834877,24.179720638509));
#3846 = CARTESIAN_POINT('',(3.947159125299,23.734652268384));
#3847 = CARTESIAN_POINT('',(3.940680575862,23.287281141589));
#3848 = CARTESIAN_POINT('',(3.927321219893,22.225776284676));
#3849 = CARTESIAN_POINT('',(3.921161324872,21.612148758901));
#3850 = CARTESIAN_POINT('',(3.916521998443,20.995865697699));
#3851 = CARTESIAN_POINT('',(3.913444487183,20.376519403005));
#3852 = CARTESIAN_POINT('',(3.912023140292,19.753966013518));
#3853 = CARTESIAN_POINT('',(3.912405466685,19.128662733032));
#3854 = CARTESIAN_POINT('',(3.914793078881,18.501924114892));
#3855 = CARTESIAN_POINT('',(3.922554969941,17.457594545172));
#3856 = CARTESIAN_POINT('',(3.926673824852,17.040047024962));
#3857 = CARTESIAN_POINT('',(3.931884005995,16.62278669957));
#3858 = CARTESIAN_POINT('',(3.93829503971,16.205687279743));
#3859 = CARTESIAN_POINT('',(3.946042513242,15.789221372834));
#3860 = CARTESIAN_POINT('',(3.955286807329,15.374537978797));
#3861 = CARTESIAN_POINT('',(3.96621235737,14.963580785876));
#3862 = CARTESIAN_POINT('',(3.985492382473,14.355346184779));
#3863 = CARTESIAN_POINT('',(3.992440914045,14.152997181534));
#3864 = CARTESIAN_POINT('',(3.999908913163,13.952376331877));
#3865 = CARTESIAN_POINT('',(4.007934077905,13.753773148718));
#3866 = CARTESIAN_POINT('',(4.016556743591,13.557612362561));
#3867 = CARTESIAN_POINT('',(4.02581941646,13.364469019217));
#3868 = CARTESIAN_POINT('',(4.035766413332,13.17508407034));
#3869 = CARTESIAN_POINT('',(4.046443607258,12.990380456762));
#3870 = ( GEOMETRIC_REPRESENTATION_CONTEXT(2) 
PARAMETRIC_REPRESENTATION_CONTEXT() REPRESENTATION_CONTEXT('2D SPACE',''
  ) );
#3871 = PCURVE('',#813,#3872);
#3872 = DEFINITIONAL_REPRESENTATION('',(#3873),#3911);
#3873 = B_SPLINE_CURVE_WITH_KNOTS('',8,(#3874,#3875,#3876,#3877,#3878,
    #3879,#3880,#3881,#3882,#3883,#3884,#3885,#3886,#3887,#3888,#3889,
    #3890,#3891,#3892,#3893,#3894,#3895,#3896,#3897,#3898,#3899,#3900,
    #3901,#3902,#3903,#3904,#3905,#3906,#3907,#3908,#3909,#3910),
  .UNSPECIFIED.,.F.,.F.,(9,7,7,7,7,9),(0.,0.232610125888,0.438736866518,
    0.718526393474,0.905637081012,1.),.UNSPECIFIED.);
#3874 = CARTESIAN_POINT('',(0.,33.629032461026));
#3875 = CARTESIAN_POINT('',(8.701977040756E-02,33.308388765996));
#3876 = CARTESIAN_POINT('',(0.165655542238,32.932380196874));
#3877 = CARTESIAN_POINT('',(0.236900848904,32.533160622887));
#3878 = CARTESIAN_POINT('',(0.301698352536,32.130703216422));
#3879 = CARTESIAN_POINT('',(0.361187346246,31.73402286503));
#3880 = CARTESIAN_POINT('',(0.416965148484,31.341953885136));
#3881 = CARTESIAN_POINT('',(0.471171460314,30.944035005972));
#3882 = CARTESIAN_POINT('',(0.575161955365,30.151134180051));
#3883 = CARTESIAN_POINT('',(0.622775992894,29.776005579724));
#3884 = CARTESIAN_POINT('',(0.669358372632,29.400070337106));
#3885 = CARTESIAN_POINT('',(0.715119770275,29.024372391986));
#3886 = CARTESIAN_POINT('',(0.7602757017,28.649367962274));
#3887 = CARTESIAN_POINT('',(0.805049296193,28.275093459307));
#3888 = CARTESIAN_POINT('',(0.849671704889,27.901330578509));
#3889 = CARTESIAN_POINT('',(0.955065881311,27.02070801311));
#3890 = CARTESIAN_POINT('',(1.015615588127,26.516479162198));
#3891 = CARTESIAN_POINT('',(1.076499953921,26.015305645533));
#3892 = CARTESIAN_POINT('',(1.138161098765,25.517333202419));
#3893 = CARTESIAN_POINT('',(1.201032789161,25.023007169309));
#3894 = CARTESIAN_POINT('',(1.265547929888,24.533339947918));
#3895 = CARTESIAN_POINT('',(1.332152701405,24.050046253326));
#3896 = CARTESIAN_POINT('',(1.447620562895,23.258184706232));
#3897 = CARTESIAN_POINT('',(1.494991031103,22.945188949933));
#3898 = CARTESIAN_POINT('',(1.543755794472,22.6361853337));
#3899 = CARTESIAN_POINT('',(1.594203877229,22.331285652009));
#3900 = CARTESIAN_POINT('',(1.64662902469,22.031064412475));
#3901 = CARTESIAN_POINT('',(1.701335291891,21.736565094902));
#3902 = CARTESIAN_POINT('',(1.758648303602,21.449302612585));
#3903 = CARTESIAN_POINT('',(1.849354558194,21.031025860298));
#3904 = CARTESIAN_POINT('',(1.880541526988,20.893055562417));
#3905 = CARTESIAN_POINT('',(1.912587446848,20.757456301195));
#3906 = CARTESIAN_POINT('',(1.94557479671,20.624420845723));
#3907 = CARTESIAN_POINT('',(1.979587062606,20.494221984775));
#3908 = CARTESIAN_POINT('',(2.014709415678,20.367214630631));
#3909 = CARTESIAN_POINT('',(2.051030642866,20.24383707688));
#3910 = CARTESIAN_POINT('',(2.088646330259,20.124611410197));
#3911 = ( GEOMETRIC_REPRESENTATION_CONTEXT(2) 
PARAMETRIC_REPRESENTATION_CONTEXT() REPRESENTATION_CONTEXT('2D SPACE',''
  ) );
#3912 = ORIENTED_EDGE('',*,*,#3913,.T.);
#3913 = EDGE_CURVE('',#3789,#3914,#3916,.T.);
#3914 = VERTEX_POINT('',#3915);
#3915 = CARTESIAN_POINT('',(-14.3205442752,31.487844712909,
    -8.19585332115));
#3916 = SURFACE_CURVE('',#3917,(#4046,#4178),.PCURVE_S1.);
#3917 = B_SPLINE_CURVE_WITH_KNOTS('',8,(#3918,#3919,#3920,#3921,#3922,
    #3923,#3924,#3925,#3926,#3927,#3928,#3929,#3930,#3931,#3932,#3933,
    #3934,#3935,#3936,#3937,#3938,#3939,#3940,#3941,#3942,#3943,#3944,
    #3945,#3946,#3947,#3948,#3949,#3950,#3951,#3952,#3953,#3954,#3955,
    #3956,#3957,#3958,#3959,#3960,#3961,#3962,#3963,#3964,#3965,#3966,
    #3967,#3968,#3969,#3970,#3971,#3972,#3973,#3974,#3975,#3976,#3977,
    #3978,#3979,#3980,#3981,#3982,#3983,#3984,#3985,#3986,#3987,#3988,
    #3989,#3990,#3991,#3992,#3993,#3994,#3995,#3996,#3997,#3998,#3999,
    #4000,#4001,#4002,#4003,#4004,#4005,#4006,#4007,#4008,#4009,#4010,
    #4011,#4012,#4013,#4014,#4015,#4016,#4017,#4018,#4019,#4020,#4021,
    #4022,#4023,#4024,#4025,#4026,#4027,#4028,#4029,#4030,#4031,#4032,
    #4033,#4034,#4035,#4036,#4037,#4038,#4039,#4040,#4041,#4042,#4043,
    #4044,#4045),.UNSPECIFIED.,.T.,.F.,(9,7,7,7,7,7,7,7,7,7,7,7,7,7,7,7,
    7,7,9),(0.,4.60539808323E-02,8.768420068286E-02,0.207679989494,
    0.296990842906,0.34792710819,0.402767952621,0.446622021275,
    0.473258517371,0.500713315072,0.619868822135,0.657345853347,
    0.821532060544,0.860385237082,0.884607327542,0.903296200423,
    0.921584234091,0.948521158326,1.),.UNSPECIFIED.);
#3918 = CARTESIAN_POINT('',(-14.3205442752,31.487844712909,
    -8.19585332115));
#3919 = CARTESIAN_POINT('',(-14.38999727132,31.438019737435,
    -8.074498696202));
#3920 = CARTESIAN_POINT('',(-14.45655922061,31.383364215458,
    -7.955469347019));
#3921 = CARTESIAN_POINT('',(-14.52027703579,31.324307263636,
    -7.838919092371));
#3922 = CARTESIAN_POINT('',(-14.58122175496,31.261225746879,
    -7.72496203119));
#3923 = CARTESIAN_POINT('',(-14.63948098593,31.194448441471,
    -7.613677430333));
#3924 = CARTESIAN_POINT('',(-14.69515248039,31.124260182534,
    -7.50511550912));
#3925 = CARTESIAN_POINT('',(-14.74833883782,31.050905995815,
    -7.399304120618));
#3926 = CARTESIAN_POINT('',(-14.84506776344,30.905614539937,
    -7.203106896917));
#3927 = CARTESIAN_POINT('',(-14.88903883435,30.834228935953,
    -7.112230007498));
#3928 = CARTESIAN_POINT('',(-14.93112528838,30.760606667603,
    -7.02365155601));
#3929 = CARTESIAN_POINT('',(-14.97139517804,30.684900950504,
    -6.93739113248));
#3930 = CARTESIAN_POINT('',(-15.00991569309,30.607250007243,
    -6.853462082564));
#3931 = CARTESIAN_POINT('',(-15.04675298183,30.527777124472,
    -6.771871567717));
#3932 = CARTESIAN_POINT('',(-15.08197197241,30.446590710014,
    -6.692620625368));
#3933 = CARTESIAN_POINT('',(-15.21267062856,30.125101620693,
    -6.393998850731));
#3934 = CARTESIAN_POINT('',(-15.29677789448,29.872982052177,
    -6.191711834138));
#3935 = CARTESIAN_POINT('',(-15.3693710946,29.609925755214,
    -6.008976184128));
#3936 = CARTESIAN_POINT('',(-15.43168355028,29.337824902417,
    -5.845769945371));
#3937 = CARTESIAN_POINT('',(-15.48473419794,29.058141148225,
    -5.702038953307));
#3938 = CARTESIAN_POINT('',(-15.52932039428,28.77205557228,
    -5.577813576894));
#3939 = CARTESIAN_POINT('',(-15.56601498591,28.48059590252,
    -5.473310882019));
#3940 = CARTESIAN_POINT('',(-15.61682510685,27.964549485021,
    -5.326272624111));
#3941 = CARTESIAN_POINT('',(-15.63428019247,27.742272928638,
    -5.274824985864));
#3942 = CARTESIAN_POINT('',(-15.64769783352,27.518028947404,
    -5.234721610046));
#3943 = CARTESIAN_POINT('',(-15.65714789966,27.291959871955,
    -5.206200130254));
#3944 = CARTESIAN_POINT('',(-15.66259092332,27.064301362645,
    -5.189692656582));
#3945 = CARTESIAN_POINT('',(-15.663874875,26.835460790523,
    -5.185828302735));
#3946 = CARTESIAN_POINT('',(-15.66071984281,26.606110157997,
    -5.195430517019));
#3947 = CARTESIAN_POINT('',(-15.64811134303,26.246793597156,
    -5.233241916129));
#3948 = CARTESIAN_POINT('',(-15.64194784101,26.116503356772,
    -5.25167962794));
#3949 = CARTESIAN_POINT('',(-15.63411137085,25.986346770516,
    -5.275033476378));
#3950 = CARTESIAN_POINT('',(-15.62447984107,25.856333573834,
    -5.303583888705));
#3951 = CARTESIAN_POINT('',(-15.61289759729,25.726577760034,
    -5.337673454268));
#3952 = CARTESIAN_POINT('',(-15.59917358629,25.59731578497,
    -5.377698717086));
#3953 = CARTESIAN_POINT('',(-15.58307789539,25.468924521505,
    -5.424100902474));
#3954 = CARTESIAN_POINT('',(-15.54415880722,25.205219179131,
    -5.53469255248));
#3955 = CARTESIAN_POINT('',(-15.52092082831,25.070172873295,
    -5.599954505076));
#3956 = CARTESIAN_POINT('',(-15.4941970957,24.936878005367,
    -5.673972653056));
#3957 = CARTESIAN_POINT('',(-15.46346113902,24.805867846734,
    -5.757728538747));
#3958 = CARTESIAN_POINT('',(-15.42808145495,24.678172281879,
    -5.852300513744));
#3959 = CARTESIAN_POINT('',(-15.38731401943,24.555358954772,
    -5.958806399171));
#3960 = CARTESIAN_POINT('',(-15.34029150879,24.439574260817,
    -6.078342321676));
#3961 = CARTESIAN_POINT('',(-15.2426018241,24.248828084412,
    -6.318732727326));
#3962 = CARTESIAN_POINT('',(-15.1938748657,24.169012267795,
    -6.436192102876));
#3963 = CARTESIAN_POINT('',(-15.14002343224,24.097776314153,
    -6.562935012042));
#3964 = CARTESIAN_POINT('',(-15.08137378695,24.037795804298,
    -6.697308632555));
#3965 = CARTESIAN_POINT('',(-15.01843516641,23.990805272596,
    -6.83736978312));
#3966 = CARTESIAN_POINT('',(-14.95194839922,23.957612314606,
    -6.980927582636));
#3967 = CARTESIAN_POINT('',(-14.88292208315,23.938104733242,
    -7.125593148586));
#3968 = CARTESIAN_POINT('',(-14.76996273723,23.927090697692,
    -7.355786080524));
#3969 = CARTESIAN_POINT('',(-14.72703074926,23.92761838353,
    -7.441798518512));
#3970 = CARTESIAN_POINT('',(-14.6839698267,23.932507028098,
    -7.526638210541));
#3971 = CARTESIAN_POINT('',(-14.64090313754,23.941421476911,
    -7.610114068962));
#3972 = CARTESIAN_POINT('',(-14.59795763552,23.954019856247,
    -7.692044726593));
#3973 = CARTESIAN_POINT('',(-14.55526342046,23.969953372302,
    -7.772257903394));
#3974 = CARTESIAN_POINT('',(-14.51295309855,23.988866110342,
    -7.850589773139));
#3975 = CARTESIAN_POINT('',(-14.42808529329,24.032584942747,
    -8.005522737296));
#3976 = CARTESIAN_POINT('',(-14.38543574234,24.057618291334,
    -8.082223726338));
#3977 = CARTESIAN_POINT('',(-14.3432503553,24.085185646639,
    -8.15700457151));
#3978 = CARTESIAN_POINT('',(-14.3015561353,24.115013986551,
    -8.22989935899));
#3979 = CARTESIAN_POINT('',(-14.26036872365,24.146866319525,
    -8.300958249575));
#3980 = CARTESIAN_POINT('',(-14.21969190047,24.180541504284,
    -8.370246741417));
#3981 = CARTESIAN_POINT('',(-14.17951708516,24.21587406952,
    -8.437844932767));
#3982 = CARTESIAN_POINT('',(-13.96754736382,24.412708539937,
    -8.790298873013));
#3983 = CARTESIAN_POINT('',(-13.80136891935,24.604200173617,
    -9.051595244851));
#3984 = CARTESIAN_POINT('',(-13.64336835045,24.815311378395,
    -9.28816983092));
#3985 = CARTESIAN_POINT('',(-13.49437699736,25.038336456522,
    -9.502229858046));
#3986 = CARTESIAN_POINT('',(-13.35412076531,25.269075493578,
    -9.696775761589));
#3987 = CARTESIAN_POINT('',(-13.22147155877,25.506455916489,
    -9.875130424559));
#3988 = CARTESIAN_POINT('',(-13.0949071853,25.75212221532,
    -10.04052546137));
#3989 = CARTESIAN_POINT('',(-12.93502667042,26.090653890588,
    -10.24396983216));
#3990 = CARTESIAN_POINT('',(-12.89749025376,26.17234188294,
    -10.29130443623));
#3991 = CARTESIAN_POINT('',(-12.86068021081,26.254690183713,
    -10.33732149329));
#3992 = CARTESIAN_POINT('',(-12.82460654419,26.337675332938,
    -10.38204287518));
#3993 = CARTESIAN_POINT('',(-12.7892807563,26.421278569494,
    -10.42548699048));
#3994 = CARTESIAN_POINT('',(-12.75471597134,26.505485837116,
    -10.46766886637));
#3995 = CARTESIAN_POINT('',(-12.72092705736,26.590287790419,
    -10.50860023043));
#3996 = CARTESIAN_POINT('',(-12.54337450473,27.049780680109,
    -10.72216798207));
#3997 = CARTESIAN_POINT('',(-12.41744277003,27.426378716775,
    -10.86810387642));
#3998 = CARTESIAN_POINT('',(-12.30805290084,27.809954303469,
    -10.99146906359));
#3999 = CARTESIAN_POINT('',(-12.21562487224,28.206116141331,
    -11.09326118324));
#4000 = CARTESIAN_POINT('',(-12.14412018496,28.617691261642,
    -11.17047901715));
#4001 = CARTESIAN_POINT('',(-12.10129485437,29.043278616689,
    -11.21607827172));
#4002 = CARTESIAN_POINT('',(-12.09901605035,29.476492601621,
    -11.2191705449));
#4003 = CARTESIAN_POINT('',(-12.16369398973,30.004033832807,
    -11.14876151127));
#4004 = CARTESIAN_POINT('',(-12.17919027085,30.105126899223,
    -11.13185782386));
#4005 = CARTESIAN_POINT('',(-12.19804749421,30.206174645763,
    -11.1112307665));
#4006 = CARTESIAN_POINT('',(-12.22052256978,30.306944660569,
    -11.08655539348));
#4007 = CARTESIAN_POINT('',(-12.24688460364,30.407155918853,
    -11.05747391487));
#4008 = CARTESIAN_POINT('',(-12.2774104268,30.506472907317,
    -11.02359377537));
#4009 = CARTESIAN_POINT('',(-12.31237907546,30.60449931339,
    -10.98448471347));
#4010 = CARTESIAN_POINT('',(-12.37680660846,30.760789750745,
    -10.91173912421));
#4011 = CARTESIAN_POINT('',(-12.4033905527,30.820148447752,
    -10.88157746721));
#4012 = CARTESIAN_POINT('',(-12.43184720312,30.878639249702,
    -10.84911656726));
#4013 = CARTESIAN_POINT('',(-12.46219442766,30.936060923712,
    -10.81429079705));
#4014 = CARTESIAN_POINT('',(-12.49443792222,30.99221912376,
    -10.77704232107));
#4015 = CARTESIAN_POINT('',(-12.52857131867,31.046926389817,
    -10.73732125243));
#4016 = CARTESIAN_POINT('',(-12.56457629289,31.100002146974,
    -10.69508580964));
#4017 = CARTESIAN_POINT('',(-12.63162354566,31.190831178497,
    -10.6157493006));
#4018 = CARTESIAN_POINT('',(-12.66190517719,31.229293985344,
    -10.57969763241));
#4019 = CARTESIAN_POINT('',(-12.69322316,31.266544567629,-10.54216879733
    ));
#4020 = CARTESIAN_POINT('',(-12.72552483433,31.302477347562,
    -10.50319316868));
#4021 = CARTESIAN_POINT('',(-12.75874972322,31.336997821324,
    -10.46281055965));
#4022 = CARTESIAN_POINT('',(-12.79282996753,31.370022653332,
    -10.42107061844));
#4023 = CARTESIAN_POINT('',(-12.8276907611,31.401479770507,
    -10.37803322336));
#4024 = CARTESIAN_POINT('',(-12.89804811852,31.460497376484,
    -10.2904539148));
#4025 = CARTESIAN_POINT('',(-12.9334981232,31.488112767312,
    -10.24598511314));
#4026 = CARTESIAN_POINT('',(-12.96952526677,31.514102165112,
    -10.20042835103));
#4027 = CARTESIAN_POINT('',(-13.00604954679,31.538423925863,
    -10.15385752004));
#4028 = CARTESIAN_POINT('',(-13.04298691014,31.561047307669,
    -10.10635483353));
#4029 = CARTESIAN_POINT('',(-13.08024967172,31.581952552996,
    -10.05801113508));
#4030 = CARTESIAN_POINT('',(-13.11774693316,31.601130970915,
    -10.00892620687));
#4031 = CARTESIAN_POINT('',(-13.21082309931,31.644293544837,
    -9.885979415554));
#4032 = CARTESIAN_POINT('',(-13.26652633577,31.666242208458,
    -9.811431568587));
#4033 = CARTESIAN_POINT('',(-13.32230278943,31.684499917083,
    -9.7357740467));
#4034 = CARTESIAN_POINT('',(-13.37796730324,31.699153760142,
    -9.659222642635));
#4035 = CARTESIAN_POINT('',(-13.43334186424,31.710309103203,
    -9.582000329339));
#4036 = CARTESIAN_POINT('',(-13.48825598326,31.718089681566,
    -9.504337156991));
#4037 = CARTESIAN_POINT('',(-13.54254707455,31.722637693847,
    -9.426470150035));
#4038 = CARTESIAN_POINT('',(-13.69833035952,31.726935047485,
    -9.199909035944));
#4039 = CARTESIAN_POINT('',(-13.79783810436,31.718540082959,
    -9.051208502965));
#4040 = CARTESIAN_POINT('',(-13.89411205907,31.700040944107,-8.903350814
    ));
#4041 = CARTESIAN_POINT('',(-13.98685313641,31.672445327776,
    -8.757005320195));
#4042 = CARTESIAN_POINT('',(-14.07589666402,31.636660971052,
    -8.612710508336));
#4043 = CARTESIAN_POINT('',(-14.16117892969,31.593499982633,
    -8.470887008237));
#4044 = CARTESIAN_POINT('',(-14.24270878037,31.543683220076,
    -8.331854614285));
#4045 = CARTESIAN_POINT('',(-14.3205442752,31.487844712909,
    -8.19585332115));
#4046 = PCURVE('',#946,#4047);
#4047 = DEFINITIONAL_REPRESENTATION('',(#4048),#4177);
#4048 = B_SPLINE_CURVE_WITH_KNOTS('',8,(#4049,#4050,#4051,#4052,#4053,
    #4054,#4055,#4056,#4057,#4058,#4059,#4060,#4061,#4062,#4063,#4064,
    #4065,#4066,#4067,#4068,#4069,#4070,#4071,#4072,#4073,#4074,#4075,
    #4076,#4077,#4078,#4079,#4080,#4081,#4082,#4083,#4084,#4085,#4086,
    #4087,#4088,#4089,#4090,#4091,#4092,#4093,#4094,#4095,#4096,#4097,
    #4098,#4099,#4100,#4101,#4102,#4103,#4104,#4105,#4106,#4107,#4108,
    #4109,#4110,#4111,#4112,#4113,#4114,#4115,#4116,#4117,#4118,#4119,
    #4120,#4121,#4122,#4123,#4124,#4125,#4126,#4127,#4128,#4129,#4130,
    #4131,#4132,#4133,#4134,#4135,#4136,#4137,#4138,#4139,#4140,#4141,
    #4142,#4143,#4144,#4145,#4146,#4147,#4148,#4149,#4150,#4151,#4152,
    #4153,#4154,#4155,#4156,#4157,#4158,#4159,#4160,#4161,#4162,#4163,
    #4164,#4165,#4166,#4167,#4168,#4169,#4170,#4171,#4172,#4173,#4174,
    #4175,#4176),.UNSPECIFIED.,.T.,.F.,(9,7,7,7,7,7,7,7,7,7,7,7,7,7,7,7,
    7,7,9),(0.,4.60539808323E-02,8.768420068286E-02,0.207679989494,
    0.296990842906,0.34792710819,0.402767952621,0.446622021275,
    0.473258517371,0.500713315072,0.619868822135,0.657345853347,
    0.821532060544,0.860385237082,0.884607327542,0.903296200423,
    0.921584234091,0.948521158326,1.),.UNSPECIFIED.);
#4049 = CARTESIAN_POINT('',(4.192575362661,31.487844712909));
#4050 = CARTESIAN_POINT('',(4.201049525557,31.438019737435));
#4051 = CARTESIAN_POINT('',(4.209314344479,31.383364215458));
#4052 = CARTESIAN_POINT('',(4.217364069529,31.324307263636));
#4053 = CARTESIAN_POINT('',(4.225195569735,31.261225746879));
#4054 = CARTESIAN_POINT('',(4.232807864559,31.194448441471));
#4055 = CARTESIAN_POINT('',(4.240201646801,31.124260182535));
#4056 = CARTESIAN_POINT('',(4.247378796876,31.050905995815));
#4057 = CARTESIAN_POINT('',(4.260636133412,30.905614539937));
#4058 = CARTESIAN_POINT('',(4.266754496523,30.834228935953));
#4059 = CARTESIAN_POINT('',(4.272697791882,30.760606667603));
#4060 = CARTESIAN_POINT('',(4.278467069509,30.684900950504));
#4061 = CARTESIAN_POINT('',(4.284063618403,30.607250007243));
#4062 = CARTESIAN_POINT('',(4.289488969569,30.527777124472));
#4063 = CARTESIAN_POINT('',(4.294744899039,30.446590710014));
#4064 = CARTESIAN_POINT('',(4.314500718166,30.125101620693));
#4065 = CARTESIAN_POINT('',(4.327775743301,29.872982052177));
#4066 = CARTESIAN_POINT('',(4.339690272137,29.609925755214));
#4067 = CARTESIAN_POINT('',(4.350276456387,29.337824902417));
#4068 = CARTESIAN_POINT('',(4.359561034681,29.058141148226));
#4069 = CARTESIAN_POINT('',(4.367559761663,28.77205557228));
#4070 = CARTESIAN_POINT('',(4.374272277339,28.48059590252));
#4071 = CARTESIAN_POINT('',(4.383700741302,27.964549485021));
#4072 = CARTESIAN_POINT('',(4.38699329953,27.742272928638));
#4073 = CARTESIAN_POINT('',(4.389556211824,27.518028947404));
#4074 = CARTESIAN_POINT('',(4.391377197325,27.291959871955));
#4075 = CARTESIAN_POINT('',(4.392430634576,27.064301362645));
#4076 = CARTESIAN_POINT('',(4.392677424529,26.835460790523));
#4077 = CARTESIAN_POINT('',(4.392064867963,26.606110157997));
#4078 = CARTESIAN_POINT('',(4.389649219431,26.246793597156));
#4079 = CARTESIAN_POINT('',(4.388470999581,26.116503356772));
#4080 = CARTESIAN_POINT('',(4.386978058842,25.986346770516));
#4081 = CARTESIAN_POINT('',(4.385151926937,25.856333573834));
#4082 = CARTESIAN_POINT('',(4.382969912258,25.726577760034));
#4083 = CARTESIAN_POINT('',(4.380405525796,25.59731578497));
#4084 = CARTESIAN_POINT('',(4.377428919016,25.468924521505));
#4085 = CARTESIAN_POINT('',(4.370323466829,25.205219179131));
#4086 = CARTESIAN_POINT('',(4.36612496199,25.070172873295));
#4087 = CARTESIAN_POINT('',(4.361355682348,24.936878005367));
#4088 = CARTESIAN_POINT('',(4.355948723105,24.805867846734));
#4089 = CARTESIAN_POINT('',(4.349829409906,24.678172281879));
#4090 = CARTESIAN_POINT('',(4.342918236282,24.555358954772));
#4091 = CARTESIAN_POINT('',(4.335133742082,24.439574260817));
#4092 = CARTESIAN_POINT('',(4.319407570388,24.248828084412));
#4093 = CARTESIAN_POINT('',(4.311700783909,24.169012267795));
#4094 = CARTESIAN_POINT('',(4.303355304061,24.097776314153));
#4095 = CARTESIAN_POINT('',(4.294470427082,24.037795804298));
#4096 = CARTESIAN_POINT('',(4.285165350157,23.990805272596));
#4097 = CARTESIAN_POINT('',(4.275578119375,23.957612314606));
#4098 = CARTESIAN_POINT('',(4.265864183757,23.938104733242));
#4099 = CARTESIAN_POINT('',(4.250323886929,23.927090697692));
#4100 = CARTESIAN_POINT('',(4.244497860125,23.92761838353));
#4101 = CARTESIAN_POINT('',(4.238731887607,23.932507028098));
#4102 = CARTESIAN_POINT('',(4.233039368371,23.941421476911));
#4103 = CARTESIAN_POINT('',(4.227433308083,23.954019856247));
#4104 = CARTESIAN_POINT('',(4.221926345974,23.969953372302));
#4105 = CARTESIAN_POINT('',(4.216530781727,23.988866110342));
#4106 = CARTESIAN_POINT('',(4.205824456048,24.032584942747));
#4107 = CARTESIAN_POINT('',(4.200505703627,24.057618291334));
#4108 = CARTESIAN_POINT('',(4.195302283869,24.085185646639));
#4109 = CARTESIAN_POINT('',(4.190212971223,24.115013986551));
#4110 = CARTESIAN_POINT('',(4.185235393738,24.146866319525));
#4111 = CARTESIAN_POINT('',(4.180366050974,24.180541504284));
#4112 = CARTESIAN_POINT('',(4.175600331906,24.21587406952));
#4113 = CARTESIAN_POINT('',(4.150673998365,24.412708539937));
#4114 = CARTESIAN_POINT('',(4.131912431977,24.604200173617));
#4115 = CARTESIAN_POINT('',(4.114677525931,24.815311378395));
#4116 = CARTESIAN_POINT('',(4.098876106041,25.038336456522));
#4117 = CARTESIAN_POINT('',(4.084344109774,25.269075493578));
#4118 = CARTESIAN_POINT('',(4.070875134326,25.506455916489));
#4119 = CARTESIAN_POINT('',(4.058254081116,25.75212221532));
#4120 = CARTESIAN_POINT('',(4.042572283014,26.090653890588));
#4121 = CARTESIAN_POINT('',(4.038911016264,26.17234188294));
#4122 = CARTESIAN_POINT('',(4.035339654513,26.254690183713));
#4123 = CARTESIAN_POINT('',(4.031857465756,26.337675332938));
#4124 = CARTESIAN_POINT('',(4.028463953518,26.421278569494));
#4125 = CARTESIAN_POINT('',(4.025158855977,26.505485837116));
#4126 = CARTESIAN_POINT('',(4.021942145088,26.590287790419));
#4127 = CARTESIAN_POINT('',(4.005109790318,27.049780680109));
#4128 = CARTESIAN_POINT('',(3.993429403681,27.426378716775));
#4129 = CARTESIAN_POINT('',(3.983437808031,27.809954303468));
#4130 = CARTESIAN_POINT('',(3.975106047009,28.206116141332));
#4131 = CARTESIAN_POINT('',(3.968727526435,28.617691261641));
#4132 = CARTESIAN_POINT('',(3.964936477895,29.043278616689));
#4133 = CARTESIAN_POINT('',(3.964705049552,29.476492601621));
#4134 = CARTESIAN_POINT('',(3.970499403493,30.004033832807));
#4135 = CARTESIAN_POINT('',(3.97188921182,30.105126899222));
#4136 = CARTESIAN_POINT('',(3.973583004144,30.206174645763));
#4137 = CARTESIAN_POINT('',(3.975605826492,30.306944660569));
#4138 = CARTESIAN_POINT('',(3.977984697089,30.407155918853));
#4139 = CARTESIAN_POINT('',(3.980748523534,30.506472907317));
#4140 = CARTESIAN_POINT('',(3.983928040324,30.60449931339));
#4141 = CARTESIAN_POINT('',(3.989817386596,30.760789750745));
#4142 = CARTESIAN_POINT('',(3.992254038231,30.820148447752));
#4143 = CARTESIAN_POINT('',(3.994870275221,30.878639249702));
#4144 = CARTESIAN_POINT('',(3.997669821625,30.936060923712));
#4145 = CARTESIAN_POINT('',(4.000655575272,30.99221912376));
#4146 = CARTESIAN_POINT('',(4.003829611076,31.046926389817));
#4147 = CARTESIAN_POINT('',(4.007193184351,31.100002146974));
#4148 = CARTESIAN_POINT('',(4.013488522247,31.190831178497));
#4149 = CARTESIAN_POINT('',(4.016341954613,31.229293985344));
#4150 = CARTESIAN_POINT('',(4.019304337382,31.266544567629));
#4151 = CARTESIAN_POINT('',(4.022372247227,31.302477347562));
#4152 = CARTESIAN_POINT('',(4.025541529979,31.336997821324));
#4153 = CARTESIAN_POINT('',(4.028807299268,31.370022653332));
#4154 = CARTESIAN_POINT('',(4.032163935167,31.401479770507));
#4155 = CARTESIAN_POINT('',(4.038972424717,31.460497376484));
#4156 = CARTESIAN_POINT('',(4.042419056777,31.488112767312));
#4157 = CARTESIAN_POINT('',(4.045939056708,31.514102165112));
#4158 = CARTESIAN_POINT('',(4.049525967011,31.538423925863));
#4159 = CARTESIAN_POINT('',(4.053172793555,31.561047307669));
#4160 = CARTESIAN_POINT('',(4.056872004144,31.581952552996));
#4161 = CARTESIAN_POINT('',(4.060615527077,31.601130970915));
#4162 = CARTESIAN_POINT('',(4.069961265823,31.644293544837));
#4163 = CARTESIAN_POINT('',(4.075601177206,31.666242208458));
#4164 = CARTESIAN_POINT('',(4.081297649715,31.684499917083));
#4165 = CARTESIAN_POINT('',(4.087033775713,31.699153760142));
#4166 = CARTESIAN_POINT('',(4.09279257504,31.710309103203));
#4167 = CARTESIAN_POINT('',(4.098556995972,31.718089681566));
#4168 = CARTESIAN_POINT('',(4.104309916188,31.722637693847));
#4169 = CARTESIAN_POINT('',(4.120973648194,31.726935047485));
#4170 = CARTESIAN_POINT('',(4.131816635586,31.718540082959));
#4171 = CARTESIAN_POINT('',(4.142508490607,31.700040944107));
#4172 = CARTESIAN_POINT('',(4.153007347654,31.672445327776));
#4173 = CARTESIAN_POINT('',(4.163282161739,31.636660971052));
#4174 = CARTESIAN_POINT('',(4.173310838974,31.593499982633));
#4175 = CARTESIAN_POINT('',(4.183078426615,31.543683220076));
#4176 = CARTESIAN_POINT('',(4.192575362661,31.487844712909));
#4177 = ( GEOMETRIC_REPRESENTATION_CONTEXT(2) 
PARAMETRIC_REPRESENTATION_CONTEXT() REPRESENTATION_CONTEXT('2D SPACE',''
  ) );
#4178 = PCURVE('',#4179,#4184);
#4179 = CYLINDRICAL_SURFACE('',#4180,3.);
#4180 = AXIS2_PLACEMENT_3D('',#4181,#4182,#4183);
#4181 = CARTESIAN_POINT('',(-24.53118331156,20.470687181247,
    -8.19585332115));
#4182 = DIRECTION('',(0.81253825063,0.582907875452,-0.));
#4183 = DIRECTION('',(-0.582907875452,0.81253825063,0.));
#4184 = DEFINITIONAL_REPRESENTATION('',(#4185),#4314);
#4185 = B_SPLINE_CURVE_WITH_KNOTS('',8,(#4186,#4187,#4188,#4189,#4190,
    #4191,#4192,#4193,#4194,#4195,#4196,#4197,#4198,#4199,#4200,#4201,
    #4202,#4203,#4204,#4205,#4206,#4207,#4208,#4209,#4210,#4211,#4212,
    #4213,#4214,#4215,#4216,#4217,#4218,#4219,#4220,#4221,#4222,#4223,
    #4224,#4225,#4226,#4227,#4228,#4229,#4230,#4231,#4232,#4233,#4234,
    #4235,#4236,#4237,#4238,#4239,#4240,#4241,#4242,#4243,#4244,#4245,
    #4246,#4247,#4248,#4249,#4250,#4251,#4252,#4253,#4254,#4255,#4256,
    #4257,#4258,#4259,#4260,#4261,#4262,#4263,#4264,#4265,#4266,#4267,
    #4268,#4269,#4270,#4271,#4272,#4273,#4274,#4275,#4276,#4277,#4278,
    #4279,#4280,#4281,#4282,#4283,#4284,#4285,#4286,#4287,#4288,#4289,
    #4290,#4291,#4292,#4293,#4294,#4295,#4296,#4297,#4298,#4299,#4300,
    #4301,#4302,#4303,#4304,#4305,#4306,#4307,#4308,#4309,#4310,#4311,
    #4312,#4313),.UNSPECIFIED.,.F.,.F.,(9,7,7,7,7,7,7,7,7,7,7,7,7,7,7,7,
    7,7,9),(0.,4.60539808323E-02,8.768420068286E-02,0.207679989494,
    0.296990842906,0.34792710819,0.402767952621,0.446622021275,
    0.473258517371,0.500713315072,0.619868822135,0.657345853347,
    0.821532060544,0.860385237082,0.884607327542,0.903296200423,
    0.921584234091,0.948521158326,1.),.UNSPECIFIED.);
#4186 = CARTESIAN_POINT('',(0.,14.718522670714));
#4187 = CARTESIAN_POINT('',(4.045154164928E-02,14.633046084151));
#4188 = CARTESIAN_POINT('',(8.012799535829E-02,14.547102820118));
#4189 = CARTESIAN_POINT('',(0.119078931446,14.460904895719));
#4190 = CARTESIAN_POINT('',(0.157350991536,14.37461426731));
#4191 = CARTESIAN_POINT('',(0.194989525168,14.28835139647));
#4192 = CARTESIAN_POINT('',(0.232039490131,14.202202888848));
#4193 = CARTESIAN_POINT('',(0.268545616526,14.116228205895));
#4194 = CARTESIAN_POINT('',(0.337099439458,13.952940720019));
#4195 = CARTESIAN_POINT('',(0.369233544837,13.875601312224));
#4196 = CARTESIAN_POINT('',(0.400980708986,13.798489458458));
#4197 = CARTESIAN_POINT('',(0.43236530824,13.721639174049));
#4198 = CARTESIAN_POINT('',(0.463410318987,13.645076435779));
#4199 = CARTESIAN_POINT('',(0.494138099676,13.568819360377));
#4200 = CARTESIAN_POINT('',(0.524571172834,13.49287838301));
#4201 = CARTESIAN_POINT('',(0.641672088935,13.199282203548));
#4202 = CARTESIAN_POINT('',(0.726348947867,12.983979350783));
#4203 = CARTESIAN_POINT('',(0.809225706384,12.771657011767));
#4204 = CARTESIAN_POINT('',(0.890695863755,12.562416028027));
#4205 = CARTESIAN_POINT('',(0.971135190686,12.356280484628));
#4206 = CARTESIAN_POINT('',(1.050912851206,12.153290959377));
#4207 = CARTESIAN_POINT('',(1.130397379133,11.953581063211));
#4208 = CARTESIAN_POINT('',(1.269233179732,11.611488375566));
#4209 = CARTESIAN_POINT('',(1.328440706886,11.467738695586));
#4210 = CARTESIAN_POINT('',(1.387862203272,11.326122766316));
#4211 = CARTESIAN_POINT('',(1.447737193046,11.186666781635));
#4212 = CARTESIAN_POINT('',(1.508299798175,11.049540178718));
#4213 = CARTESIAN_POINT('',(1.569782468896,10.915103947152));
#4214 = CARTESIAN_POINT('',(1.632420885718,10.783977241551));
#4215 = CARTESIAN_POINT('',(1.732983197445,10.58477367681));
#4216 = CARTESIAN_POINT('',(1.769951977203,10.513834550743));
#4217 = CARTESIAN_POINT('',(1.807486922145,10.444332683333));
#4218 = CARTESIAN_POINT('',(1.845702610364,10.376372953428));
#4219 = CARTESIAN_POINT('',(1.884707376648,10.310148283783));
#4220 = CARTESIAN_POINT('',(1.924603900894,10.245951744405));
#4221 = CARTESIAN_POINT('',(1.965490656411,10.184189830323));
#4222 = CARTESIAN_POINT('',(2.052655312383,10.06209715727));
#4223 = CARTESIAN_POINT('',(2.099091822031,10.002259348783));
#4224 = CARTESIAN_POINT('',(2.14708681239,9.94627477545));
#4225 = CARTESIAN_POINT('',(2.196914528688,9.894882062694));
#4226 = CARTESIAN_POINT('',(2.248814286268,9.849194658885));
#4227 = CARTESIAN_POINT('',(2.302998990704,9.810730904044));
#4228 = CARTESIAN_POINT('',(2.359668287766,9.781446682614));
#4229 = CARTESIAN_POINT('',(2.466492648132,9.749635839676));
#4230 = CARTESIAN_POINT('',(2.516419139044,9.742703089121));
#4231 = CARTESIAN_POINT('',(2.567951295323,9.744935440269));
#4232 = CARTESIAN_POINT('',(2.620389461382,9.757627408884));
#4233 = CARTESIAN_POINT('',(2.673127899259,9.781376294512));
#4234 = CARTESIAN_POINT('',(2.725601468752,9.816050899389));
#4235 = CARTESIAN_POINT('',(2.777240370611,9.860766298689));
#4236 = CARTESIAN_POINT('',(2.857920094684,9.946129919951));
#4237 = CARTESIAN_POINT('',(2.887721276648,9.981321394587));
#4238 = CARTESIAN_POINT('',(2.9168365357,10.019159670697));
#4239 = CARTESIAN_POINT('',(2.945261061756,10.059349305385));
#4240 = CARTESIAN_POINT('',(2.97298589284,10.101587862997));
#4241 = CARTESIAN_POINT('',(2.999998174849,10.145566317805));
#4242 = CARTESIAN_POINT('',(3.026281421325,10.190969456704));
#4243 = CARTESIAN_POINT('',(3.078134567678,10.285411846442));
#4244 = CARTESIAN_POINT('',(3.103733736918,10.334658373998));
#4245 = CARTESIAN_POINT('',(3.128653481683,10.385004843096));
#4246 = CARTESIAN_POINT('',(3.152932825744,10.436270165928));
#4247 = CARTESIAN_POINT('',(3.176610560069,10.488303489077));
#4248 = CARTESIAN_POINT('',(3.199726186973,10.540984494233));
#4249 = CARTESIAN_POINT('',(3.222320864277,10.59422369892));
#4250 = CARTESIAN_POINT('',(3.340429592662,10.881193568449));
#4251 = CARTESIAN_POINT('',(3.429078416724,11.127841892367));
#4252 = CARTESIAN_POINT('',(3.511583631485,11.379281782082));
#4253 = CARTESIAN_POINT('',(3.588972867965,11.630346029942));
#4254 = CARTESIAN_POINT('',(3.662312322312,11.878809185242));
#4255 = CARTESIAN_POINT('',(3.732813393482,12.124962657465));
#4256 = CARTESIAN_POINT('',(3.801871133064,12.371001872402));
#4257 = CARTESIAN_POINT('',(3.892833812664,12.698243685875));
#4258 = CARTESIAN_POINT('',(3.914481687969,12.776360034278));
#4259 = CARTESIAN_POINT('',(3.936031107503,12.854271075232));
#4260 = CARTESIAN_POINT('',(3.957499578476,12.931955006231));
#4261 = CARTESIAN_POINT('',(3.978904337893,13.009391545126));
#4262 = CARTESIAN_POINT('',(4.0002626311,13.086561834492));
#4263 = CARTESIAN_POINT('',(4.021591990308,13.163448345985));
#4264 = CARTESIAN_POINT('',(4.1363065825,13.57555861061));
#4265 = CARTESIAN_POINT('',(4.227291881844,13.897404923471));
#4266 = CARTESIAN_POINT('',(4.318842732097,14.209877606736));
#4267 = CARTESIAN_POINT('',(4.413431867494,14.51590477065));
#4268 = CARTESIAN_POINT('',(4.513077086826,14.813915443132));
#4269 = CARTESIAN_POINT('',(4.619680048824,15.096790883278));
#4270 = CARTESIAN_POINT('',(4.735108917105,15.351166342286));
#4271 = CARTESIAN_POINT('',(4.892320222444,15.606120980847));
#4272 = CARTESIAN_POINT('',(4.923212469684,15.652457604266));
#4273 = CARTESIAN_POINT('',(4.954965000301,15.696036916241));
#4274 = CARTESIAN_POINT('',(4.987632100197,15.736514692891));
#4275 = CARTESIAN_POINT('',(5.021270673344,15.773508463683));
#4276 = CARTESIAN_POINT('',(5.055941182687,15.806597719467));
#4277 = CARTESIAN_POINT('',(5.091709548901,15.835324718961));
#4278 = CARTESIAN_POINT('',(5.151679658537,15.874077810799));
#4279 = CARTESIAN_POINT('',(5.175173336385,15.887077991215));
#4280 = CARTESIAN_POINT('',(5.199113323153,15.898050623361));
#4281 = CARTESIAN_POINT('',(5.223483559382,15.906863888621));
#4282 = CARTESIAN_POINT('',(5.248269566942,15.913399873038));
#4283 = CARTESIAN_POINT('',(5.273458372441,15.917554479028));
#4284 = CARTESIAN_POINT('',(5.299038430635,15.919237337102));
#4285 = CARTESIAN_POINT('',(5.345030189698,15.917703837423));
#4286 = CARTESIAN_POINT('',(5.36527707032,15.915519126534));
#4287 = CARTESIAN_POINT('',(5.385715430457,15.911785725353));
#4288 = CARTESIAN_POINT('',(5.406321061438,15.906484879808));
#4289 = CARTESIAN_POINT('',(5.427069979665,15.899610642737));
#4290 = CARTESIAN_POINT('',(5.447938101094,15.891169575303));
#4291 = CARTESIAN_POINT('',(5.468900915737,15.881180448424));
#4292 = CARTESIAN_POINT('',(5.510514308638,15.858414231619));
#4293 = CARTESIAN_POINT('',(5.531151937553,15.84570697563));
#4294 = CARTESIAN_POINT('',(5.55182332454,15.831582968073));
#4295 = CARTESIAN_POINT('',(5.572505678371,15.816082939363));
#4296 = CARTESIAN_POINT('',(5.593175787002,15.799257266188));
#4297 = CARTESIAN_POINT('',(5.613809663646,15.781165679226));
#4298 = CARTESIAN_POINT('',(5.63438219283,15.761876970852));
#4299 = CARTESIAN_POINT('',(5.685039056724,15.711408829896));
#4300 = CARTESIAN_POINT('',(5.714998530539,15.678941868468));
#4301 = CARTESIAN_POINT('',(5.744719870244,15.644263928528));
#4302 = CARTESIAN_POINT('',(5.774176974453,15.607576222385));
#4303 = CARTESIAN_POINT('',(5.803342283415,15.569084810784));
#4304 = CARTESIAN_POINT('',(5.832186094367,15.529000348979));
#4305 = CARTESIAN_POINT('',(5.860675876898,15.487537832815));
#4306 = CARTESIAN_POINT('',(5.942476618963,15.363462916247));
#4307 = CARTESIAN_POINT('',(5.994793767046,15.277715576393));
#4308 = CARTESIAN_POINT('',(6.045794449308,15.188706011925));
#4309 = CARTESIAN_POINT('',(6.095540202891,15.097264637101));
#4310 = CARTESIAN_POINT('',(6.144090952313,15.004054381592));
#4311 = CARTESIAN_POINT('',(6.191507400348,14.909600398577));
#4312 = CARTESIAN_POINT('',(6.237851542801,14.814315693107));
#4313 = CARTESIAN_POINT('',(6.28318530718,14.718522670714));
#4314 = ( GEOMETRIC_REPRESENTATION_CONTEXT(2) 
PARAMETRIC_REPRESENTATION_CONTEXT() REPRESENTATION_CONTEXT('2D SPACE',''
  ) );
#4315 = ORIENTED_EDGE('',*,*,#4316,.T.);
#4316 = EDGE_CURVE('',#3914,#4317,#4319,.T.);
#4317 = VERTEX_POINT('',#4318);
#4318 = CARTESIAN_POINT('',(-14.99550454474,30.631721544488,
    -6.883664965655));
#4319 = SURFACE_CURVE('',#4320,(#4449,#4581),.PCURVE_S1.);
#4320 = B_SPLINE_CURVE_WITH_KNOTS('',8,(#4321,#4322,#4323,#4324,#4325,
    #4326,#4327,#4328,#4329,#4330,#4331,#4332,#4333,#4334,#4335,#4336,
    #4337,#4338,#4339,#4340,#4341,#4342,#4343,#4344,#4345,#4346,#4347,
    #4348,#4349,#4350,#4351,#4352,#4353,#4354,#4355,#4356,#4357,#4358,
    #4359,#4360,#4361,#4362,#4363,#4364,#4365,#4366,#4367,#4368,#4369,
    #4370,#4371,#4372,#4373,#4374,#4375,#4376,#4377,#4378,#4379,#4380,
    #4381,#4382,#4383,#4384,#4385,#4386,#4387,#4388,#4389,#4390,#4391,
    #4392,#4393,#4394,#4395,#4396,#4397,#4398,#4399,#4400,#4401,#4402,
    #4403,#4404,#4405,#4406,#4407,#4408,#4409,#4410,#4411,#4412,#4413,
    #4414,#4415,#4416,#4417,#4418,#4419,#4420,#4421,#4422,#4423,#4424,
    #4425,#4426,#4427,#4428,#4429,#4430,#4431,#4432,#4433,#4434,#4435,
    #4436,#4437,#4438,#4439,#4440,#4441,#4442,#4443,#4444,#4445,#4446,
    #4447,#4448),.UNSPECIFIED.,.T.,.F.,(9,7,7,7,7,7,7,7,7,7,7,7,7,7,7,7,
    7,7,9),(0.,4.60539808323E-02,8.768420068286E-02,0.207679989494,
    0.296990842906,0.34792710819,0.402767952621,0.446622021275,
    0.473258517371,0.500713315072,0.619868822135,0.657345853347,
    0.821532060544,0.860385237082,0.884607327542,0.903296200423,
    0.921584234091,0.948521158326,1.),.UNSPECIFIED.);
#4321 = CARTESIAN_POINT('',(-14.3205442752,31.487844712909,
    -8.19585332115));
#4322 = CARTESIAN_POINT('',(-14.38999727132,31.438019737435,
    -8.074498696202));
#4323 = CARTESIAN_POINT('',(-14.45655922061,31.383364215458,
    -7.955469347019));
#4324 = CARTESIAN_POINT('',(-14.52027703579,31.324307263636,
    -7.838919092371));
#4325 = CARTESIAN_POINT('',(-14.58122175496,31.261225746879,
    -7.72496203119));
#4326 = CARTESIAN_POINT('',(-14.63948098593,31.194448441471,
    -7.613677430333));
#4327 = CARTESIAN_POINT('',(-14.69515248039,31.124260182534,
    -7.50511550912));
#4328 = CARTESIAN_POINT('',(-14.74833883782,31.050905995815,
    -7.399304120618));
#4329 = CARTESIAN_POINT('',(-14.84506776344,30.905614539937,
    -7.203106896917));
#4330 = CARTESIAN_POINT('',(-14.88903883435,30.834228935953,
    -7.112230007498));
#4331 = CARTESIAN_POINT('',(-14.93112528838,30.760606667603,
    -7.02365155601));
#4332 = CARTESIAN_POINT('',(-14.97139517804,30.684900950504,
    -6.93739113248));
#4333 = CARTESIAN_POINT('',(-15.00991569309,30.607250007243,
    -6.853462082564));
#4334 = CARTESIAN_POINT('',(-15.04675298183,30.527777124472,
    -6.771871567717));
#4335 = CARTESIAN_POINT('',(-15.08197197241,30.446590710014,
    -6.692620625368));
#4336 = CARTESIAN_POINT('',(-15.21267062856,30.125101620693,
    -6.393998850731));
#4337 = CARTESIAN_POINT('',(-15.29677789448,29.872982052177,
    -6.191711834138));
#4338 = CARTESIAN_POINT('',(-15.3693710946,29.609925755214,
    -6.008976184128));
#4339 = CARTESIAN_POINT('',(-15.43168355028,29.337824902417,
    -5.845769945371));
#4340 = CARTESIAN_POINT('',(-15.48473419794,29.058141148225,
    -5.702038953307));
#4341 = CARTESIAN_POINT('',(-15.52932039428,28.77205557228,
    -5.577813576894));
#4342 = CARTESIAN_POINT('',(-15.56601498591,28.48059590252,
    -5.473310882019));
#4343 = CARTESIAN_POINT('',(-15.61682510685,27.964549485021,
    -5.326272624111));
#4344 = CARTESIAN_POINT('',(-15.63428019247,27.742272928638,
    -5.274824985864));
#4345 = CARTESIAN_POINT('',(-15.64769783352,27.518028947404,
    -5.234721610046));
#4346 = CARTESIAN_POINT('',(-15.65714789966,27.291959871955,
    -5.206200130254));
#4347 = CARTESIAN_POINT('',(-15.66259092332,27.064301362645,
    -5.189692656582));
#4348 = CARTESIAN_POINT('',(-15.663874875,26.835460790523,
    -5.185828302735));
#4349 = CARTESIAN_POINT('',(-15.66071984281,26.606110157997,
    -5.195430517019));
#4350 = CARTESIAN_POINT('',(-15.64811134303,26.246793597156,
    -5.233241916129));
#4351 = CARTESIAN_POINT('',(-15.64194784101,26.116503356772,
    -5.25167962794));
#4352 = CARTESIAN_POINT('',(-15.63411137085,25.986346770516,
    -5.275033476378));
#4353 = CARTESIAN_POINT('',(-15.62447984107,25.856333573834,
    -5.303583888705));
#4354 = CARTESIAN_POINT('',(-15.61289759729,25.726577760034,
    -5.337673454268));
#4355 = CARTESIAN_POINT('',(-15.59917358629,25.59731578497,
    -5.377698717086));
#4356 = CARTESIAN_POINT('',(-15.58307789539,25.468924521505,
    -5.424100902474));
#4357 = CARTESIAN_POINT('',(-15.54415880722,25.205219179131,
    -5.53469255248));
#4358 = CARTESIAN_POINT('',(-15.52092082831,25.070172873295,
    -5.599954505076));
#4359 = CARTESIAN_POINT('',(-15.4941970957,24.936878005367,
    -5.673972653056));
#4360 = CARTESIAN_POINT('',(-15.46346113902,24.805867846734,
    -5.757728538747));
#4361 = CARTESIAN_POINT('',(-15.42808145495,24.678172281879,
    -5.852300513744));
#4362 = CARTESIAN_POINT('',(-15.38731401943,24.555358954772,
    -5.958806399171));
#4363 = CARTESIAN_POINT('',(-15.34029150879,24.439574260817,
    -6.078342321676));
#4364 = CARTESIAN_POINT('',(-15.2426018241,24.248828084412,
    -6.318732727326));
#4365 = CARTESIAN_POINT('',(-15.1938748657,24.169012267795,
    -6.436192102876));
#4366 = CARTESIAN_POINT('',(-15.14002343224,24.097776314153,
    -6.562935012042));
#4367 = CARTESIAN_POINT('',(-15.08137378695,24.037795804298,
    -6.697308632555));
#4368 = CARTESIAN_POINT('',(-15.01843516641,23.990805272596,
    -6.83736978312));
#4369 = CARTESIAN_POINT('',(-14.95194839922,23.957612314606,
    -6.980927582636));
#4370 = CARTESIAN_POINT('',(-14.88292208315,23.938104733242,
    -7.125593148586));
#4371 = CARTESIAN_POINT('',(-14.76996273723,23.927090697692,
    -7.355786080524));
#4372 = CARTESIAN_POINT('',(-14.72703074926,23.92761838353,
    -7.441798518512));
#4373 = CARTESIAN_POINT('',(-14.6839698267,23.932507028098,
    -7.526638210541));
#4374 = CARTESIAN_POINT('',(-14.64090313754,23.941421476911,
    -7.610114068962));
#4375 = CARTESIAN_POINT('',(-14.59795763552,23.954019856247,
    -7.692044726593));
#4376 = CARTESIAN_POINT('',(-14.55526342046,23.969953372302,
    -7.772257903394));
#4377 = CARTESIAN_POINT('',(-14.51295309855,23.988866110342,
    -7.850589773139));
#4378 = CARTESIAN_POINT('',(-14.42808529329,24.032584942747,
    -8.005522737296));
#4379 = CARTESIAN_POINT('',(-14.38543574234,24.057618291334,
    -8.082223726338));
#4380 = CARTESIAN_POINT('',(-14.3432503553,24.085185646639,
    -8.15700457151));
#4381 = CARTESIAN_POINT('',(-14.3015561353,24.115013986551,
    -8.22989935899));
#4382 = CARTESIAN_POINT('',(-14.26036872365,24.146866319525,
    -8.300958249575));
#4383 = CARTESIAN_POINT('',(-14.21969190047,24.180541504284,
    -8.370246741417));
#4384 = CARTESIAN_POINT('',(-14.17951708516,24.21587406952,
    -8.437844932767));
#4385 = CARTESIAN_POINT('',(-13.96754736382,24.412708539937,
    -8.790298873013));
#4386 = CARTESIAN_POINT('',(-13.80136891935,24.604200173617,
    -9.051595244851));
#4387 = CARTESIAN_POINT('',(-13.64336835045,24.815311378395,
    -9.28816983092));
#4388 = CARTESIAN_POINT('',(-13.49437699736,25.038336456522,
    -9.502229858046));
#4389 = CARTESIAN_POINT('',(-13.35412076531,25.269075493578,
    -9.696775761589));
#4390 = CARTESIAN_POINT('',(-13.22147155877,25.506455916489,
    -9.875130424559));
#4391 = CARTESIAN_POINT('',(-13.0949071853,25.75212221532,
    -10.04052546137));
#4392 = CARTESIAN_POINT('',(-12.93502667042,26.090653890588,
    -10.24396983216));
#4393 = CARTESIAN_POINT('',(-12.89749025376,26.17234188294,
    -10.29130443623));
#4394 = CARTESIAN_POINT('',(-12.86068021081,26.254690183713,
    -10.33732149329));
#4395 = CARTESIAN_POINT('',(-12.82460654419,26.337675332938,
    -10.38204287518));
#4396 = CARTESIAN_POINT('',(-12.7892807563,26.421278569494,
    -10.42548699048));
#4397 = CARTESIAN_POINT('',(-12.75471597134,26.505485837116,
    -10.46766886637));
#4398 = CARTESIAN_POINT('',(-12.72092705736,26.590287790419,
    -10.50860023043));
#4399 = CARTESIAN_POINT('',(-12.54337450473,27.049780680109,
    -10.72216798207));
#4400 = CARTESIAN_POINT('',(-12.41744277003,27.426378716775,
    -10.86810387642));
#4401 = CARTESIAN_POINT('',(-12.30805290084,27.809954303469,
    -10.99146906359));
#4402 = CARTESIAN_POINT('',(-12.21562487224,28.206116141331,
    -11.09326118324));
#4403 = CARTESIAN_POINT('',(-12.14412018496,28.617691261642,
    -11.17047901715));
#4404 = CARTESIAN_POINT('',(-12.10129485437,29.043278616689,
    -11.21607827172));
#4405 = CARTESIAN_POINT('',(-12.09901605035,29.476492601621,
    -11.2191705449));
#4406 = CARTESIAN_POINT('',(-12.16369398973,30.004033832807,
    -11.14876151127));
#4407 = CARTESIAN_POINT('',(-12.17919027085,30.105126899223,
    -11.13185782386));
#4408 = CARTESIAN_POINT('',(-12.19804749421,30.206174645763,
    -11.1112307665));
#4409 = CARTESIAN_POINT('',(-12.22052256978,30.306944660569,
    -11.08655539348));
#4410 = CARTESIAN_POINT('',(-12.24688460364,30.407155918853,
    -11.05747391487));
#4411 = CARTESIAN_POINT('',(-12.2774104268,30.506472907317,
    -11.02359377537));
#4412 = CARTESIAN_POINT('',(-12.31237907546,30.60449931339,
    -10.98448471347));
#4413 = CARTESIAN_POINT('',(-12.37680660846,30.760789750745,
    -10.91173912421));
#4414 = CARTESIAN_POINT('',(-12.4033905527,30.820148447752,
    -10.88157746721));
#4415 = CARTESIAN_POINT('',(-12.43184720312,30.878639249702,
    -10.84911656726));
#4416 = CARTESIAN_POINT('',(-12.46219442766,30.936060923712,
    -10.81429079705));
#4417 = CARTESIAN_POINT('',(-12.49443792222,30.99221912376,
    -10.77704232107));
#4418 = CARTESIAN_POINT('',(-12.52857131867,31.046926389817,
    -10.73732125243));
#4419 = CARTESIAN_POINT('',(-12.56457629289,31.100002146974,
    -10.69508580964));
#4420 = CARTESIAN_POINT('',(-12.63162354566,31.190831178497,
    -10.6157493006));
#4421 = CARTESIAN_POINT('',(-12.66190517719,31.229293985344,
    -10.57969763241));
#4422 = CARTESIAN_POINT('',(-12.69322316,31.266544567629,-10.54216879733
    ));
#4423 = CARTESIAN_POINT('',(-12.72552483433,31.302477347562,
    -10.50319316868));
#4424 = CARTESIAN_POINT('',(-12.75874972322,31.336997821324,
    -10.46281055965));
#4425 = CARTESIAN_POINT('',(-12.79282996753,31.370022653332,
    -10.42107061844));
#4426 = CARTESIAN_POINT('',(-12.8276907611,31.401479770507,
    -10.37803322336));
#4427 = CARTESIAN_POINT('',(-12.89804811852,31.460497376484,
    -10.2904539148));
#4428 = CARTESIAN_POINT('',(-12.9334981232,31.488112767312,
    -10.24598511314));
#4429 = CARTESIAN_POINT('',(-12.96952526677,31.514102165112,
    -10.20042835103));
#4430 = CARTESIAN_POINT('',(-13.00604954679,31.538423925863,
    -10.15385752004));
#4431 = CARTESIAN_POINT('',(-13.04298691014,31.561047307669,
    -10.10635483353));
#4432 = CARTESIAN_POINT('',(-13.08024967172,31.581952552996,
    -10.05801113508));
#4433 = CARTESIAN_POINT('',(-13.11774693316,31.601130970915,
    -10.00892620687));
#4434 = CARTESIAN_POINT('',(-13.21082309931,31.644293544837,
    -9.885979415554));
#4435 = CARTESIAN_POINT('',(-13.26652633577,31.666242208458,
    -9.811431568587));
#4436 = CARTESIAN_POINT('',(-13.32230278943,31.684499917083,
    -9.7357740467));
#4437 = CARTESIAN_POINT('',(-13.37796730324,31.699153760142,
    -9.659222642635));
#4438 = CARTESIAN_POINT('',(-13.43334186424,31.710309103203,
    -9.582000329339));
#4439 = CARTESIAN_POINT('',(-13.48825598326,31.718089681566,
    -9.504337156991));
#4440 = CARTESIAN_POINT('',(-13.54254707455,31.722637693847,
    -9.426470150035));
#4441 = CARTESIAN_POINT('',(-13.69833035952,31.726935047485,
    -9.199909035944));
#4442 = CARTESIAN_POINT('',(-13.79783810436,31.718540082959,
    -9.051208502965));
#4443 = CARTESIAN_POINT('',(-13.89411205907,31.700040944107,-8.903350814
    ));
#4444 = CARTESIAN_POINT('',(-13.98685313641,31.672445327776,
    -8.757005320195));
#4445 = CARTESIAN_POINT('',(-14.07589666402,31.636660971052,
    -8.612710508336));
#4446 = CARTESIAN_POINT('',(-14.16117892969,31.593499982633,
    -8.470887008237));
#4447 = CARTESIAN_POINT('',(-14.24270878037,31.543683220076,
    -8.331854614285));
#4448 = CARTESIAN_POINT('',(-14.3205442752,31.487844712909,
    -8.19585332115));
#4449 = PCURVE('',#946,#4450);
#4450 = DEFINITIONAL_REPRESENTATION('',(#4451),#4580);
#4451 = B_SPLINE_CURVE_WITH_KNOTS('',8,(#4452,#4453,#4454,#4455,#4456,
    #4457,#4458,#4459,#4460,#4461,#4462,#4463,#4464,#4465,#4466,#4467,
    #4468,#4469,#4470,#4471,#4472,#4473,#4474,#4475,#4476,#4477,#4478,
    #4479,#4480,#4481,#4482,#4483,#4484,#4485,#4486,#4487,#4488,#4489,
    #4490,#4491,#4492,#4493,#4494,#4495,#4496,#4497,#4498,#4499,#4500,
    #4501,#4502,#4503,#4504,#4505,#4506,#4507,#4508,#4509,#4510,#4511,
    #4512,#4513,#4514,#4515,#4516,#4517,#4518,#4519,#4520,#4521,#4522,
    #4523,#4524,#4525,#4526,#4527,#4528,#4529,#4530,#4531,#4532,#4533,
    #4534,#4535,#4536,#4537,#4538,#4539,#4540,#4541,#4542,#4543,#4544,
    #4545,#4546,#4547,#4548,#4549,#4550,#4551,#4552,#4553,#4554,#4555,
    #4556,#4557,#4558,#4559,#4560,#4561,#4562,#4563,#4564,#4565,#4566,
    #4567,#4568,#4569,#4570,#4571,#4572,#4573,#4574,#4575,#4576,#4577,
    #4578,#4579),.UNSPECIFIED.,.T.,.F.,(9,7,7,7,7,7,7,7,7,7,7,7,7,7,7,7,
    7,7,9),(0.,4.60539808323E-02,8.768420068286E-02,0.207679989494,
    0.296990842906,0.34792710819,0.402767952621,0.446622021275,
    0.473258517371,0.500713315072,0.619868822135,0.657345853347,
    0.821532060544,0.860385237082,0.884607327542,0.903296200423,
    0.921584234091,0.948521158326,1.),.UNSPECIFIED.);
#4452 = CARTESIAN_POINT('',(4.192575362661,31.487844712909));
#4453 = CARTESIAN_POINT('',(4.201049525557,31.438019737435));
#4454 = CARTESIAN_POINT('',(4.209314344479,31.383364215458));
#4455 = CARTESIAN_POINT('',(4.217364069529,31.324307263636));
#4456 = CARTESIAN_POINT('',(4.225195569735,31.261225746879));
#4457 = CARTESIAN_POINT('',(4.232807864559,31.194448441471));
#4458 = CARTESIAN_POINT('',(4.240201646801,31.124260182535));
#4459 = CARTESIAN_POINT('',(4.247378796876,31.050905995815));
#4460 = CARTESIAN_POINT('',(4.260636133412,30.905614539937));
#4461 = CARTESIAN_POINT('',(4.266754496523,30.834228935953));
#4462 = CARTESIAN_POINT('',(4.272697791882,30.760606667603));
#4463 = CARTESIAN_POINT('',(4.278467069509,30.684900950504));
#4464 = CARTESIAN_POINT('',(4.284063618403,30.607250007243));
#4465 = CARTESIAN_POINT('',(4.289488969569,30.527777124472));
#4466 = CARTESIAN_POINT('',(4.294744899039,30.446590710014));
#4467 = CARTESIAN_POINT('',(4.314500718166,30.125101620693));
#4468 = CARTESIAN_POINT('',(4.327775743301,29.872982052177));
#4469 = CARTESIAN_POINT('',(4.339690272137,29.609925755214));
#4470 = CARTESIAN_POINT('',(4.350276456387,29.337824902417));
#4471 = CARTESIAN_POINT('',(4.359561034681,29.058141148226));
#4472 = CARTESIAN_POINT('',(4.367559761663,28.77205557228));
#4473 = CARTESIAN_POINT('',(4.374272277339,28.48059590252));
#4474 = CARTESIAN_POINT('',(4.383700741302,27.964549485021));
#4475 = CARTESIAN_POINT('',(4.38699329953,27.742272928638));
#4476 = CARTESIAN_POINT('',(4.389556211824,27.518028947404));
#4477 = CARTESIAN_POINT('',(4.391377197325,27.291959871955));
#4478 = CARTESIAN_POINT('',(4.392430634576,27.064301362645));
#4479 = CARTESIAN_POINT('',(4.392677424529,26.835460790523));
#4480 = CARTESIAN_POINT('',(4.392064867963,26.606110157997));
#4481 = CARTESIAN_POINT('',(4.389649219431,26.246793597156));
#4482 = CARTESIAN_POINT('',(4.388470999581,26.116503356772));
#4483 = CARTESIAN_POINT('',(4.386978058842,25.986346770516));
#4484 = CARTESIAN_POINT('',(4.385151926937,25.856333573834));
#4485 = CARTESIAN_POINT('',(4.382969912258,25.726577760034));
#4486 = CARTESIAN_POINT('',(4.380405525796,25.59731578497));
#4487 = CARTESIAN_POINT('',(4.377428919016,25.468924521505));
#4488 = CARTESIAN_POINT('',(4.370323466829,25.205219179131));
#4489 = CARTESIAN_POINT('',(4.36612496199,25.070172873295));
#4490 = CARTESIAN_POINT('',(4.361355682348,24.936878005367));
#4491 = CARTESIAN_POINT('',(4.355948723105,24.805867846734));
#4492 = CARTESIAN_POINT('',(4.349829409906,24.678172281879));
#4493 = CARTESIAN_POINT('',(4.342918236282,24.555358954772));
#4494 = CARTESIAN_POINT('',(4.335133742082,24.439574260817));
#4495 = CARTESIAN_POINT('',(4.319407570388,24.248828084412));
#4496 = CARTESIAN_POINT('',(4.311700783909,24.169012267795));
#4497 = CARTESIAN_POINT('',(4.303355304061,24.097776314153));
#4498 = CARTESIAN_POINT('',(4.294470427082,24.037795804298));
#4499 = CARTESIAN_POINT('',(4.285165350157,23.990805272596));
#4500 = CARTESIAN_POINT('',(4.275578119375,23.957612314606));
#4501 = CARTESIAN_POINT('',(4.265864183757,23.938104733242));
#4502 = CARTESIAN_POINT('',(4.250323886929,23.927090697692));
#4503 = CARTESIAN_POINT('',(4.244497860125,23.92761838353));
#4504 = CARTESIAN_POINT('',(4.238731887607,23.932507028098));
#4505 = CARTESIAN_POINT('',(4.233039368371,23.941421476911));
#4506 = CARTESIAN_POINT('',(4.227433308083,23.954019856247));
#4507 = CARTESIAN_POINT('',(4.221926345974,23.969953372302));
#4508 = CARTESIAN_POINT('',(4.216530781727,23.988866110342));
#4509 = CARTESIAN_POINT('',(4.205824456048,24.032584942747));
#4510 = CARTESIAN_POINT('',(4.200505703627,24.057618291334));
#4511 = CARTESIAN_POINT('',(4.195302283869,24.085185646639));
#4512 = CARTESIAN_POINT('',(4.190212971223,24.115013986551));
#4513 = CARTESIAN_POINT('',(4.185235393738,24.146866319525));
#4514 = CARTESIAN_POINT('',(4.180366050974,24.180541504284));
#4515 = CARTESIAN_POINT('',(4.175600331906,24.21587406952));
#4516 = CARTESIAN_POINT('',(4.150673998365,24.412708539937));
#4517 = CARTESIAN_POINT('',(4.131912431977,24.604200173617));
#4518 = CARTESIAN_POINT('',(4.114677525931,24.815311378395));
#4519 = CARTESIAN_POINT('',(4.098876106041,25.038336456522));
#4520 = CARTESIAN_POINT('',(4.084344109774,25.269075493578));
#4521 = CARTESIAN_POINT('',(4.070875134326,25.506455916489));
#4522 = CARTESIAN_POINT('',(4.058254081116,25.75212221532));
#4523 = CARTESIAN_POINT('',(4.042572283014,26.090653890588));
#4524 = CARTESIAN_POINT('',(4.038911016264,26.17234188294));
#4525 = CARTESIAN_POINT('',(4.035339654513,26.254690183713));
#4526 = CARTESIAN_POINT('',(4.031857465756,26.337675332938));
#4527 = CARTESIAN_POINT('',(4.028463953518,26.421278569494));
#4528 = CARTESIAN_POINT('',(4.025158855977,26.505485837116));
#4529 = CARTESIAN_POINT('',(4.021942145088,26.590287790419));
#4530 = CARTESIAN_POINT('',(4.005109790318,27.049780680109));
#4531 = CARTESIAN_POINT('',(3.993429403681,27.426378716775));
#4532 = CARTESIAN_POINT('',(3.983437808031,27.809954303468));
#4533 = CARTESIAN_POINT('',(3.975106047009,28.206116141332));
#4534 = CARTESIAN_POINT('',(3.968727526435,28.617691261641));
#4535 = CARTESIAN_POINT('',(3.964936477895,29.043278616689));
#4536 = CARTESIAN_POINT('',(3.964705049552,29.476492601621));
#4537 = CARTESIAN_POINT('',(3.970499403493,30.004033832807));
#4538 = CARTESIAN_POINT('',(3.97188921182,30.105126899222));
#4539 = CARTESIAN_POINT('',(3.973583004144,30.206174645763));
#4540 = CARTESIAN_POINT('',(3.975605826492,30.306944660569));
#4541 = CARTESIAN_POINT('',(3.977984697089,30.407155918853));
#4542 = CARTESIAN_POINT('',(3.980748523534,30.506472907317));
#4543 = CARTESIAN_POINT('',(3.983928040324,30.60449931339));
#4544 = CARTESIAN_POINT('',(3.989817386596,30.760789750745));
#4545 = CARTESIAN_POINT('',(3.992254038231,30.820148447752));
#4546 = CARTESIAN_POINT('',(3.994870275221,30.878639249702));
#4547 = CARTESIAN_POINT('',(3.997669821625,30.936060923712));
#4548 = CARTESIAN_POINT('',(4.000655575272,30.99221912376));
#4549 = CARTESIAN_POINT('',(4.003829611076,31.046926389817));
#4550 = CARTESIAN_POINT('',(4.007193184351,31.100002146974));
#4551 = CARTESIAN_POINT('',(4.013488522247,31.190831178497));
#4552 = CARTESIAN_POINT('',(4.016341954613,31.229293985344));
#4553 = CARTESIAN_POINT('',(4.019304337382,31.266544567629));
#4554 = CARTESIAN_POINT('',(4.022372247227,31.302477347562));
#4555 = CARTESIAN_POINT('',(4.025541529979,31.336997821324));
#4556 = CARTESIAN_POINT('',(4.028807299268,31.370022653332));
#4557 = CARTESIAN_POINT('',(4.032163935167,31.401479770507));
#4558 = CARTESIAN_POINT('',(4.038972424717,31.460497376484));
#4559 = CARTESIAN_POINT('',(4.042419056777,31.488112767312));
#4560 = CARTESIAN_POINT('',(4.045939056708,31.514102165112));
#4561 = CARTESIAN_POINT('',(4.049525967011,31.538423925863));
#4562 = CARTESIAN_POINT('',(4.053172793555,31.561047307669));
#4563 = CARTESIAN_POINT('',(4.056872004144,31.581952552996));
#4564 = CARTESIAN_POINT('',(4.060615527077,31.601130970915));
#4565 = CARTESIAN_POINT('',(4.069961265823,31.644293544837));
#4566 = CARTESIAN_POINT('',(4.075601177206,31.666242208458));
#4567 = CARTESIAN_POINT('',(4.081297649715,31.684499917083));
#4568 = CARTESIAN_POINT('',(4.087033775713,31.699153760142));
#4569 = CARTESIAN_POINT('',(4.09279257504,31.710309103203));
#4570 = CARTESIAN_POINT('',(4.098556995972,31.718089681566));
#4571 = CARTESIAN_POINT('',(4.104309916188,31.722637693847));
#4572 = CARTESIAN_POINT('',(4.120973648194,31.726935047485));
#4573 = CARTESIAN_POINT('',(4.131816635586,31.718540082959));
#4574 = CARTESIAN_POINT('',(4.142508490607,31.700040944107));
#4575 = CARTESIAN_POINT('',(4.153007347654,31.672445327776));
#4576 = CARTESIAN_POINT('',(4.163282161739,31.636660971052));
#4577 = CARTESIAN_POINT('',(4.173310838974,31.593499982633));
#4578 = CARTESIAN_POINT('',(4.183078426615,31.543683220076));
#4579 = CARTESIAN_POINT('',(4.192575362661,31.487844712909));
#4580 = ( GEOMETRIC_REPRESENTATION_CONTEXT(2) 
PARAMETRIC_REPRESENTATION_CONTEXT() REPRESENTATION_CONTEXT('2D SPACE',''
  ) );
#4581 = PCURVE('',#4179,#4582);
#4582 = DEFINITIONAL_REPRESENTATION('',(#4583),#4712);
#4583 = B_SPLINE_CURVE_WITH_KNOTS('',8,(#4584,#4585,#4586,#4587,#4588,
    #4589,#4590,#4591,#4592,#4593,#4594,#4595,#4596,#4597,#4598,#4599,
    #4600,#4601,#4602,#4603,#4604,#4605,#4606,#4607,#4608,#4609,#4610,
    #4611,#4612,#4613,#4614,#4615,#4616,#4617,#4618,#4619,#4620,#4621,
    #4622,#4623,#4624,#4625,#4626,#4627,#4628,#4629,#4630,#4631,#4632,
    #4633,#4634,#4635,#4636,#4637,#4638,#4639,#4640,#4641,#4642,#4643,
    #4644,#4645,#4646,#4647,#4648,#4649,#4650,#4651,#4652,#4653,#4654,
    #4655,#4656,#4657,#4658,#4659,#4660,#4661,#4662,#4663,#4664,#4665,
    #4666,#4667,#4668,#4669,#4670,#4671,#4672,#4673,#4674,#4675,#4676,
    #4677,#4678,#4679,#4680,#4681,#4682,#4683,#4684,#4685,#4686,#4687,
    #4688,#4689,#4690,#4691,#4692,#4693,#4694,#4695,#4696,#4697,#4698,
    #4699,#4700,#4701,#4702,#4703,#4704,#4705,#4706,#4707,#4708,#4709,
    #4710,#4711),.UNSPECIFIED.,.F.,.F.,(9,7,7,7,7,7,7,7,7,7,7,7,7,7,7,7,
    7,7,9),(0.,4.60539808323E-02,8.768420068286E-02,0.207679989494,
    0.296990842906,0.34792710819,0.402767952621,0.446622021275,
    0.473258517371,0.500713315072,0.619868822135,0.657345853347,
    0.821532060544,0.860385237082,0.884607327542,0.903296200423,
    0.921584234091,0.948521158326,1.),.UNSPECIFIED.);
#4584 = CARTESIAN_POINT('',(0.,14.718522670714));
#4585 = CARTESIAN_POINT('',(4.045154164928E-02,14.633046084151));
#4586 = CARTESIAN_POINT('',(8.012799535829E-02,14.547102820118));
#4587 = CARTESIAN_POINT('',(0.119078931446,14.460904895719));
#4588 = CARTESIAN_POINT('',(0.157350991536,14.37461426731));
#4589 = CARTESIAN_POINT('',(0.194989525168,14.28835139647));
#4590 = CARTESIAN_POINT('',(0.232039490131,14.202202888848));
#4591 = CARTESIAN_POINT('',(0.268545616526,14.116228205895));
#4592 = CARTESIAN_POINT('',(0.337099439458,13.952940720019));
#4593 = CARTESIAN_POINT('',(0.369233544837,13.875601312224));
#4594 = CARTESIAN_POINT('',(0.400980708986,13.798489458458));
#4595 = CARTESIAN_POINT('',(0.43236530824,13.721639174049));
#4596 = CARTESIAN_POINT('',(0.463410318987,13.645076435779));
#4597 = CARTESIAN_POINT('',(0.494138099676,13.568819360377));
#4598 = CARTESIAN_POINT('',(0.524571172834,13.49287838301));
#4599 = CARTESIAN_POINT('',(0.641672088935,13.199282203548));
#4600 = CARTESIAN_POINT('',(0.726348947867,12.983979350783));
#4601 = CARTESIAN_POINT('',(0.809225706384,12.771657011767));
#4602 = CARTESIAN_POINT('',(0.890695863755,12.562416028027));
#4603 = CARTESIAN_POINT('',(0.971135190686,12.356280484628));
#4604 = CARTESIAN_POINT('',(1.050912851206,12.153290959377));
#4605 = CARTESIAN_POINT('',(1.130397379133,11.953581063211));
#4606 = CARTESIAN_POINT('',(1.269233179732,11.611488375566));
#4607 = CARTESIAN_POINT('',(1.328440706886,11.467738695586));
#4608 = CARTESIAN_POINT('',(1.387862203272,11.326122766316));
#4609 = CARTESIAN_POINT('',(1.447737193046,11.186666781635));
#4610 = CARTESIAN_POINT('',(1.508299798175,11.049540178718));
#4611 = CARTESIAN_POINT('',(1.569782468896,10.915103947152));
#4612 = CARTESIAN_POINT('',(1.632420885718,10.783977241551));
#4613 = CARTESIAN_POINT('',(1.732983197445,10.58477367681));
#4614 = CARTESIAN_POINT('',(1.769951977203,10.513834550743));
#4615 = CARTESIAN_POINT('',(1.807486922145,10.444332683333));
#4616 = CARTESIAN_POINT('',(1.845702610364,10.376372953428));
#4617 = CARTESIAN_POINT('',(1.884707376648,10.310148283783));
#4618 = CARTESIAN_POINT('',(1.924603900894,10.245951744405));
#4619 = CARTESIAN_POINT('',(1.965490656411,10.184189830323));
#4620 = CARTESIAN_POINT('',(2.052655312383,10.06209715727));
#4621 = CARTESIAN_POINT('',(2.099091822031,10.002259348783));
#4622 = CARTESIAN_POINT('',(2.14708681239,9.94627477545));
#4623 = CARTESIAN_POINT('',(2.196914528688,9.894882062694));
#4624 = CARTESIAN_POINT('',(2.248814286268,9.849194658885));
#4625 = CARTESIAN_POINT('',(2.302998990704,9.810730904044));
#4626 = CARTESIAN_POINT('',(2.359668287766,9.781446682614));
#4627 = CARTESIAN_POINT('',(2.466492648132,9.749635839676));
#4628 = CARTESIAN_POINT('',(2.516419139044,9.742703089121));
#4629 = CARTESIAN_POINT('',(2.567951295323,9.744935440269));
#4630 = CARTESIAN_POINT('',(2.620389461382,9.757627408884));
#4631 = CARTESIAN_POINT('',(2.673127899259,9.781376294512));
#4632 = CARTESIAN_POINT('',(2.725601468752,9.816050899389));
#4633 = CARTESIAN_POINT('',(2.777240370611,9.860766298689));
#4634 = CARTESIAN_POINT('',(2.857920094684,9.946129919951));
#4635 = CARTESIAN_POINT('',(2.887721276648,9.981321394587));
#4636 = CARTESIAN_POINT('',(2.9168365357,10.019159670697));
#4637 = CARTESIAN_POINT('',(2.945261061756,10.059349305385));
#4638 = CARTESIAN_POINT('',(2.97298589284,10.101587862997));
#4639 = CARTESIAN_POINT('',(2.999998174849,10.145566317805));
#4640 = CARTESIAN_POINT('',(3.026281421325,10.190969456704));
#4641 = CARTESIAN_POINT('',(3.078134567678,10.285411846442));
#4642 = CARTESIAN_POINT('',(3.103733736918,10.334658373998));
#4643 = CARTESIAN_POINT('',(3.128653481683,10.385004843096));
#4644 = CARTESIAN_POINT('',(3.152932825744,10.436270165928));
#4645 = CARTESIAN_POINT('',(3.176610560069,10.488303489077));
#4646 = CARTESIAN_POINT('',(3.199726186973,10.540984494233));
#4647 = CARTESIAN_POINT('',(3.222320864277,10.59422369892));
#4648 = CARTESIAN_POINT('',(3.340429592662,10.881193568449));
#4649 = CARTESIAN_POINT('',(3.429078416724,11.127841892367));
#4650 = CARTESIAN_POINT('',(3.511583631485,11.379281782082));
#4651 = CARTESIAN_POINT('',(3.588972867965,11.630346029942));
#4652 = CARTESIAN_POINT('',(3.662312322312,11.878809185242));
#4653 = CARTESIAN_POINT('',(3.732813393482,12.124962657465));
#4654 = CARTESIAN_POINT('',(3.801871133064,12.371001872402));
#4655 = CARTESIAN_POINT('',(3.892833812664,12.698243685875));
#4656 = CARTESIAN_POINT('',(3.914481687969,12.776360034278));
#4657 = CARTESIAN_POINT('',(3.936031107503,12.854271075232));
#4658 = CARTESIAN_POINT('',(3.957499578476,12.931955006231));
#4659 = CARTESIAN_POINT('',(3.978904337893,13.009391545126));
#4660 = CARTESIAN_POINT('',(4.0002626311,13.086561834492));
#4661 = CARTESIAN_POINT('',(4.021591990308,13.163448345985));
#4662 = CARTESIAN_POINT('',(4.1363065825,13.57555861061));
#4663 = CARTESIAN_POINT('',(4.227291881844,13.897404923471));
#4664 = CARTESIAN_POINT('',(4.318842732097,14.209877606736));
#4665 = CARTESIAN_POINT('',(4.413431867494,14.51590477065));
#4666 = CARTESIAN_POINT('',(4.513077086826,14.813915443132));
#4667 = CARTESIAN_POINT('',(4.619680048824,15.096790883278));
#4668 = CARTESIAN_POINT('',(4.735108917105,15.351166342286));
#4669 = CARTESIAN_POINT('',(4.892320222444,15.606120980847));
#4670 = CARTESIAN_POINT('',(4.923212469684,15.652457604266));
#4671 = CARTESIAN_POINT('',(4.954965000301,15.696036916241));
#4672 = CARTESIAN_POINT('',(4.987632100197,15.736514692891));
#4673 = CARTESIAN_POINT('',(5.021270673344,15.773508463683));
#4674 = CARTESIAN_POINT('',(5.055941182687,15.806597719467));
#4675 = CARTESIAN_POINT('',(5.091709548901,15.835324718961));
#4676 = CARTESIAN_POINT('',(5.151679658537,15.874077810799));
#4677 = CARTESIAN_POINT('',(5.175173336385,15.887077991215));
#4678 = CARTESIAN_POINT('',(5.199113323153,15.898050623361));
#4679 = CARTESIAN_POINT('',(5.223483559382,15.906863888621));
#4680 = CARTESIAN_POINT('',(5.248269566942,15.913399873038));
#4681 = CARTESIAN_POINT('',(5.273458372441,15.917554479028));
#4682 = CARTESIAN_POINT('',(5.299038430635,15.919237337102));
#4683 = CARTESIAN_POINT('',(5.345030189698,15.917703837423));
#4684 = CARTESIAN_POINT('',(5.36527707032,15.915519126534));
#4685 = CARTESIAN_POINT('',(5.385715430457,15.911785725353));
#4686 = CARTESIAN_POINT('',(5.406321061438,15.906484879808));
#4687 = CARTESIAN_POINT('',(5.427069979665,15.899610642737));
#4688 = CARTESIAN_POINT('',(5.447938101094,15.891169575303));
#4689 = CARTESIAN_POINT('',(5.468900915737,15.881180448424));
#4690 = CARTESIAN_POINT('',(5.510514308638,15.858414231619));
#4691 = CARTESIAN_POINT('',(5.531151937553,15.84570697563));
#4692 = CARTESIAN_POINT('',(5.55182332454,15.831582968073));
#4693 = CARTESIAN_POINT('',(5.572505678371,15.816082939363));
#4694 = CARTESIAN_POINT('',(5.593175787002,15.799257266188));
#4695 = CARTESIAN_POINT('',(5.613809663646,15.781165679226));
#4696 = CARTESIAN_POINT('',(5.63438219283,15.761876970852));
#4697 = CARTESIAN_POINT('',(5.685039056724,15.711408829896));
#4698 = CARTESIAN_POINT('',(5.714998530539,15.678941868468));
#4699 = CARTESIAN_POINT('',(5.744719870244,15.644263928528));
#4700 = CARTESIAN_POINT('',(5.774176974453,15.607576222385));
#4701 = CARTESIAN_POINT('',(5.803342283415,15.569084810784));
#4702 = CARTESIAN_POINT('',(5.832186094367,15.529000348979));
#4703 = CARTESIAN_POINT('',(5.860675876898,15.487537832815));
#4704 = CARTESIAN_POINT('',(5.942476618963,15.363462916247));
#4705 = CARTESIAN_POINT('',(5.994793767046,15.277715576393));
#4706 = CARTESIAN_POINT('',(6.045794449308,15.188706011925));
#4707 = CARTESIAN_POINT('',(6.095540202891,15.097264637101));
#4708 = CARTESIAN_POINT('',(6.144090952313,15.004054381592));
#4709 = CARTESIAN_POINT('',(6.191507400348,14.909600398577));
#4710 = CARTESIAN_POINT('',(6.237851542801,14.814315693107));
#4711 = CARTESIAN_POINT('',(6.28318530718,14.718522670714));
#4712 = ( GEOMETRIC_REPRESENTATION_CONTEXT(2) 
PARAMETRIC_REPRESENTATION_CONTEXT() REPRESENTATION_CONTEXT('2D SPACE',''
  ) );
#4713 = ORIENTED_EDGE('',*,*,#4714,.F.);
#4714 = EDGE_CURVE('',#4715,#4317,#4717,.T.);
#4715 = VERTEX_POINT('',#4716);
#4716 = CARTESIAN_POINT('',(-16.21139504316,12.990381056767,
    -3.072567453221));
#4717 = SURFACE_CURVE('',#4718,(#4770,#4825),.PCURVE_S1.);
#4718 = B_SPLINE_CURVE_WITH_KNOTS('',8,(#4719,#4720,#4721,#4722,#4723,
    #4724,#4725,#4726,#4727,#4728,#4729,#4730,#4731,#4732,#4733,#4734,
    #4735,#4736,#4737,#4738,#4739,#4740,#4741,#4742,#4743,#4744,#4745,
    #4746,#4747,#4748,#4749,#4750,#4751,#4752,#4753,#4754,#4755,#4756,
    #4757,#4758,#4759,#4760,#4761,#4762,#4763,#4764,#4765,#4766,#4767,
    #4768,#4769),.UNSPECIFIED.,.F.,.F.,(9,7,7,7,7,7,7,9),(0.,
    8.07970409536E-02,0.225867311404,0.475620431359,0.783058448887,
    0.867539093056,0.949862859194,1.),.UNSPECIFIED.);
#4719 = CARTESIAN_POINT('',(-16.21139493659,12.990380456762,
    -3.072568015497));
#4720 = CARTESIAN_POINT('',(-16.24432734529,13.175793487342,
    -2.898810988492));
#4721 = CARTESIAN_POINT('',(-16.27287060061,13.365924529087,
    -2.736578605713));
#4722 = CARTESIAN_POINT('',(-16.2976728812,13.559839912465,
    -2.58524603649));
#4723 = CARTESIAN_POINT('',(-16.31928053944,13.756790586556,
    -2.444178036747));
#4724 = CARTESIAN_POINT('',(-16.33815357672,13.956195757086,
    -2.312743506383));
#4725 = CARTESIAN_POINT('',(-16.35467922324,14.157627029064,
    -2.190329286959));
#4726 = CARTESIAN_POINT('',(-16.36918362228,14.360793054015,
    -2.076353199698));
#4727 = CARTESIAN_POINT('',(-16.40484847312,14.933118250345,
    -1.779816365182));
#4728 = CARTESIAN_POINT('',(-16.42214430204,15.306055393084,
    -1.61466743214));
#4729 = CARTESIAN_POINT('',(-16.43532798887,15.682176746205,
    -1.472398073168));
#4730 = CARTESIAN_POINT('',(-16.44545629767,16.060000777262,
    -1.350773484899));
#4731 = CARTESIAN_POINT('',(-16.45327588338,16.438617638421,
    -1.247795888564));
#4732 = CARTESIAN_POINT('',(-16.45932115159,16.817609211274,
    -1.161735078423));
#4733 = CARTESIAN_POINT('',(-16.46397796816,17.19699534323,
    -1.091149142159));
#4734 = CARTESIAN_POINT('',(-16.47359950946,18.231777789493,
    -0.938048775044));
#4735 = CARTESIAN_POINT('',(-16.4763560286,18.888049010899,
    -0.883791629451));
#4736 = CARTESIAN_POINT('',(-16.47711591042,19.542982523501,
    -0.866905167788));
#4737 = CARTESIAN_POINT('',(-16.47632886304,20.194905088415,
    -0.883283000967));
#4738 = CARTESIAN_POINT('',(-16.4739956736,20.843257729717,
    -0.929911236683));
#4739 = CARTESIAN_POINT('',(-16.46984232806,21.488270824931,
    -1.004850436505));
#4740 = CARTESIAN_POINT('',(-16.4633244139,22.130544057834,
    -1.107219133015));
#4741 = CARTESIAN_POINT('',(-16.44152353051,23.558289822249,
    -1.397154608197));
#4742 = CARTESIAN_POINT('',(-16.4249757851,24.315588160255,
    -1.59345968239));
#4743 = CARTESIAN_POINT('',(-16.40260258024,25.058702278646,
    -1.824445064127));
#4744 = CARTESIAN_POINT('',(-16.37224115224,25.802161967201,
    -2.095379345442));
#4745 = CARTESIAN_POINT('',(-16.33044591854,26.55231068554,
    -2.414956191943));
#4746 = CARTESIAN_POINT('',(-16.27182210985,27.303466004303,
    -2.793071389205));
#4747 = CARTESIAN_POINT('',(-16.18779382427,28.034757290271,
    -3.238698320836));
#4748 = CARTESIAN_POINT('',(-16.03313218424,28.890058263742,
    -3.900013402723));
#4749 = CARTESIAN_POINT('',(-15.99695600296,29.069988059872,
    -4.048180561423));
#4750 = CARTESIAN_POINT('',(-15.95726581169,29.246964368202,
    -4.203898619793));
#4751 = CARTESIAN_POINT('',(-15.91327678973,29.421432719897,
    -4.369009466262));
#4752 = CARTESIAN_POINT('',(-15.86409416309,29.592742515905,
    -4.5451788822));
#4753 = CARTESIAN_POINT('',(-15.80871108275,29.759104618996,
    -4.733835248295));
#4754 = CARTESIAN_POINT('',(-15.74600567589,29.917565735189,
    -4.936130398155));
#4755 = CARTESIAN_POINT('',(-15.60528841991,30.206694826691,
    -5.364179910975));
#4756 = CARTESIAN_POINT('',(-15.51943075193,30.354977830222,
    -5.614383596465));
#4757 = CARTESIAN_POINT('',(-15.41851728823,30.488145328295,
    -5.892143520185));
#4758 = CARTESIAN_POINT('',(-15.3032580264,30.590830260166,
    -6.189210906824));
#4759 = CARTESIAN_POINT('',(-15.17499769017,30.652498983006,
    -6.497624925683));
#4760 = CARTESIAN_POINT('',(-15.03574205949,30.667371830932,
    -6.810256707682));
#4761 = CARTESIAN_POINT('',(-14.88839448889,30.634375625457,
    -7.120361420921));
#4762 = CARTESIAN_POINT('',(-14.64420657842,30.51012892765,
    -7.605224327022));
#4763 = CARTESIAN_POINT('',(-14.55411896926,30.448721452192,
    -7.777601475938));
#4764 = CARTESIAN_POINT('',(-14.4667138323,30.375852755688,
    -7.939369835415));
#4765 = CARTESIAN_POINT('',(-14.38221379781,30.293996581228,
    -8.091149731952));
#4766 = CARTESIAN_POINT('',(-14.30072019695,30.205187849401,
    -8.233632429659));
#4767 = CARTESIAN_POINT('',(-14.22221580977,30.111027107891,
    -8.367570214316));
#4768 = CARTESIAN_POINT('',(-14.14657060062,30.012683761877,
    -8.493768762134));
#4769 = CARTESIAN_POINT('',(-14.07355044128,29.910898085225,
    -8.613081793212));
#4770 = PCURVE('',#946,#4771);
#4771 = DEFINITIONAL_REPRESENTATION('',(#4772),#4824);
#4772 = B_SPLINE_CURVE_WITH_KNOTS('',8,(#4773,#4774,#4775,#4776,#4777,
    #4778,#4779,#4780,#4781,#4782,#4783,#4784,#4785,#4786,#4787,#4788,
    #4789,#4790,#4791,#4792,#4793,#4794,#4795,#4796,#4797,#4798,#4799,
    #4800,#4801,#4802,#4803,#4804,#4805,#4806,#4807,#4808,#4809,#4810,
    #4811,#4812,#4813,#4814,#4815,#4816,#4817,#4818,#4819,#4820,#4821,
    #4822,#4823),.UNSPECIFIED.,.F.,.F.,(9,7,7,7,7,7,7,9),(0.,
    8.07970409536E-02,0.225867311404,0.475620431359,0.783058448887,
    0.867539093056,0.949862859194,1.),.UNSPECIFIED.);
#4773 = CARTESIAN_POINT('',(4.525079367257,12.990380456762));
#4774 = CARTESIAN_POINT('',(4.535797570576,13.175793487342));
#4775 = CARTESIAN_POINT('',(4.54577999463,13.365924529087));
#4776 = CARTESIAN_POINT('',(4.555073026377,13.559839912465));
#4777 = CARTESIAN_POINT('',(4.563721471202,13.756790586556));
#4778 = CARTESIAN_POINT('',(4.571768295318,13.956195757086));
#4779 = CARTESIAN_POINT('',(4.57925426,14.157627029064));
#4780 = CARTESIAN_POINT('',(4.586217447679,14.360793054015));
#4781 = CARTESIAN_POINT('',(4.604318893857,14.933118250345));
#4782 = CARTESIAN_POINT('',(4.614381500549,15.306055393084));
#4783 = CARTESIAN_POINT('',(4.623039926942,15.682176746205));
#4784 = CARTESIAN_POINT('',(4.630436208663,16.060000777262));
#4785 = CARTESIAN_POINT('',(4.636695046871,16.438617638421));
#4786 = CARTESIAN_POINT('',(4.641923571004,16.817609211274));
#4787 = CARTESIAN_POINT('',(4.646210807399,17.19699534323));
#4788 = CARTESIAN_POINT('',(4.655507922579,18.231777789493));
#4789 = CARTESIAN_POINT('',(4.658800248356,18.888049010898));
#4790 = CARTESIAN_POINT('',(4.659824805325,19.542982523501));
#4791 = CARTESIAN_POINT('',(4.658831065363,20.194905088415));
#4792 = CARTESIAN_POINT('',(4.656001481266,20.843257729716));
#4793 = CARTESIAN_POINT('',(4.651452919202,21.488270824931));
#4794 = CARTESIAN_POINT('',(4.645236588906,22.130544057834));
#4795 = CARTESIAN_POINT('',(4.627615137511,23.558289822249));
#4796 = CARTESIAN_POINT('',(4.615676163491,24.315588160257));
#4797 = CARTESIAN_POINT('',(4.601613333723,25.05870227864));
#4798 = CARTESIAN_POINT('',(4.585094576167,25.802161967209));
#4799 = CARTESIAN_POINT('',(4.565569154917,26.552310685535));
#4800 = CARTESIAN_POINT('',(4.542394733898,27.303466004305));
#4801 = CARTESIAN_POINT('',(4.514936946867,28.034757290271));
#4802 = CARTESIAN_POINT('',(4.473775754609,28.890058263742));
#4803 = CARTESIAN_POINT('',(4.464532578229,29.069988059872));
#4804 = CARTESIAN_POINT('',(4.454794244093,29.246964368202));
#4805 = CARTESIAN_POINT('',(4.444439759756,29.421432719897));
#4806 = CARTESIAN_POINT('',(4.433356297002,29.592742515905));
#4807 = CARTESIAN_POINT('',(4.42144217788,29.759104618996));
#4808 = CARTESIAN_POINT('',(4.408608237062,29.917565735189));
#4809 = CARTESIAN_POINT('',(4.381299995434,30.206694826691));
#4810 = CARTESIAN_POINT('',(4.365269527586,30.354977830221));
#4811 = CARTESIAN_POINT('',(4.347363819052,30.488145328299));
#4812 = CARTESIAN_POINT('',(4.328061569712,30.59083026016));
#4813 = CARTESIAN_POINT('',(4.307829996027,30.652498983011));
#4814 = CARTESIAN_POINT('',(4.287098307168,30.66737183093));
#4815 = CARTESIAN_POINT('',(4.266295850905,30.634375625457));
#4816 = CARTESIAN_POINT('',(4.233393972498,30.51012892765));
#4817 = CARTESIAN_POINT('',(4.221607519048,30.448721452192));
#4818 = CARTESIAN_POINT('',(4.21046548981,30.375852755688));
#4819 = CARTESIAN_POINT('',(4.199938762966,30.293996581229));
#4820 = CARTESIAN_POINT('',(4.189991961216,30.205187849401));
#4821 = CARTESIAN_POINT('',(4.180583704082,30.111027107891));
#4822 = CARTESIAN_POINT('',(4.171666900256,30.012683761877));
#4823 = CARTESIAN_POINT('',(4.163189079995,29.910898085225));
#4824 = ( GEOMETRIC_REPRESENTATION_CONTEXT(2) 
PARAMETRIC_REPRESENTATION_CONTEXT() REPRESENTATION_CONTEXT('2D SPACE',''
  ) );
#4825 = PCURVE('',#813,#4826);
#4826 = DEFINITIONAL_REPRESENTATION('',(#4827),#4879);
#4827 = B_SPLINE_CURVE_WITH_KNOTS('',8,(#4828,#4829,#4830,#4831,#4832,
    #4833,#4834,#4835,#4836,#4837,#4838,#4839,#4840,#4841,#4842,#4843,
    #4844,#4845,#4846,#4847,#4848,#4849,#4850,#4851,#4852,#4853,#4854,
    #4855,#4856,#4857,#4858,#4859,#4860,#4861,#4862,#4863,#4864,#4865,
    #4866,#4867,#4868,#4869,#4870,#4871,#4872,#4873,#4874,#4875,#4876,
    #4877,#4878),.UNSPECIFIED.,.F.,.F.,(9,7,7,7,7,7,7,9),(0.,
    8.07970409536E-02,0.225867311404,0.475620431359,0.783058448887,
    0.867539093056,0.949862859194,1.),.UNSPECIFIED.);
#4828 = CARTESIAN_POINT('',(3.508715519378,20.124611410197));
#4829 = CARTESIAN_POINT('',(3.546475682602,20.244295003573));
#4830 = CARTESIAN_POINT('',(3.582931555643,20.368162855236));
#4831 = CARTESIAN_POINT('',(3.618179787456,20.495686821616));
#4832 = CARTESIAN_POINT('',(3.652310110943,20.626423722611));
#4833 = CARTESIAN_POINT('',(3.685408588344,20.76001493855));
#4834 = CARTESIAN_POINT('',(3.717559578499,20.896185140849));
#4835 = CARTESIAN_POINT('',(3.748846425972,21.034740156371));
#4836 = CARTESIAN_POINT('',(3.834121296669,21.428411691483));
#4837 = CARTESIAN_POINT('',(3.886414009575,21.688777507282));
#4838 = CARTESIAN_POINT('',(3.936516814103,21.955187194604));
#4839 = CARTESIAN_POINT('',(3.984685560368,22.226500175317));
#4840 = CARTESIAN_POINT('',(4.031157834914,22.501910864161));
#4841 = CARTESIAN_POINT('',(4.07616318711,22.780948833703));
#4842 = CARTESIAN_POINT('',(4.119929892295,23.063477791504));
#4843 = CARTESIAN_POINT('',(4.236301085117,23.842442389469));
#4844 = CARTESIAN_POINT('',(4.306842142944,24.345558234406));
#4845 = CARTESIAN_POINT('',(4.374914778518,24.856069754815));
#4846 = CARTESIAN_POINT('',(4.441046025385,25.371864393402));
#4847 = CARTESIAN_POINT('',(4.505743911005,25.891731634545));
#4848 = CARTESIAN_POINT('',(4.56951595779,26.415201297973));
#4849 = CARTESIAN_POINT('',(4.632878096066,26.942211877714));
#4850 = CARTESIAN_POINT('',(4.774555960499,28.125589080617));
#4851 = CARTESIAN_POINT('',(4.85026764466,28.761352078416));
#4852 = CARTESIAN_POINT('',(4.926016652637,29.391574173092));
#4853 = CARTESIAN_POINT('',(5.004044721442,30.027798336307));
#4854 = CARTESIAN_POINT('',(5.08623709379,30.675292109616));
#4855 = CARTESIAN_POINT('',(5.174109407414,31.329087058254));
#4856 = CARTESIAN_POINT('',(5.268974890491,31.970256683635));
#4857 = CARTESIAN_POINT('',(5.40065848475,32.724270696605));
#4858 = CARTESIAN_POINT('',(5.429699269214,32.883158651177));
#4859 = CARTESIAN_POINT('',(5.459786034037,33.039680748499));
#4860 = CARTESIAN_POINT('',(5.491263618689,33.19421645106));
#4861 = CARTESIAN_POINT('',(5.524428449292,33.346177221846));
#4862 = CARTESIAN_POINT('',(5.559532633083,33.493956321531));
#4863 = CARTESIAN_POINT('',(5.596794939768,33.634896998993));
#4864 = CARTESIAN_POINT('',(5.675030765039,33.892332362328));
#4865 = CARTESIAN_POINT('',(5.720487606516,34.024503651503));
#4866 = CARTESIAN_POINT('',(5.770635824927,34.143376981912));
#4867 = CARTESIAN_POINT('',(5.824088325456,34.235169890723));
#4868 = CARTESIAN_POINT('',(5.879703234463,34.290327649538));
#4869 = CARTESIAN_POINT('',(5.936541672791,34.303615038818));
#4870 = CARTESIAN_POINT('',(5.993699770652,34.274097594824));
#4871 = CARTESIAN_POINT('',(6.084657168462,34.163101741468));
#4872 = CARTESIAN_POINT('',(6.117370877165,34.108258203084));
#4873 = CARTESIAN_POINT('',(6.148464623606,34.043206961139));
#4874 = CARTESIAN_POINT('',(6.178031684321,33.970175305002));
#4875 = CARTESIAN_POINT('',(6.206170750284,33.890995677855));
#4876 = CARTESIAN_POINT('',(6.232990976901,33.807108180271));
#4877 = CARTESIAN_POINT('',(6.258615769911,33.719564384726));
#4878 = CARTESIAN_POINT('',(6.28318530718,33.629032461026));
#4879 = ( GEOMETRIC_REPRESENTATION_CONTEXT(2) 
PARAMETRIC_REPRESENTATION_CONTEXT() REPRESENTATION_CONTEXT('2D SPACE',''
  ) );
#4880 = ORIENTED_EDGE('',*,*,#4881,.T.);
#4881 = EDGE_CURVE('',#4715,#4882,#4884,.T.);
#4882 = VERTEX_POINT('',#4883);
#4883 = CARTESIAN_POINT('',(-15.81783296341,12.990381056767,
    4.695333890296));
#4884 = SURFACE_CURVE('',#4885,(#4890,#4897),.PCURVE_S1.);
#4885 = CIRCLE('',#4886,16.5);
#4886 = AXIS2_PLACEMENT_3D('',#4887,#4888,#4889);
#4887 = CARTESIAN_POINT('',(0.,12.990381056767,0.));
#4888 = DIRECTION('',(0.,1.,0.));
#4889 = DIRECTION('',(0.,-0.,1.));
#4890 = PCURVE('',#946,#4891);
#4891 = DEFINITIONAL_REPRESENTATION('',(#4892),#4896);
#4892 = LINE('',#4893,#4894);
#4893 = CARTESIAN_POINT('',(0.,12.990381056767));
#4894 = VECTOR('',#4895,1.);
#4895 = DIRECTION('',(1.,0.));
#4896 = ( GEOMETRIC_REPRESENTATION_CONTEXT(2) 
PARAMETRIC_REPRESENTATION_CONTEXT() REPRESENTATION_CONTEXT('2D SPACE',''
  ) );
#4897 = PCURVE('',#4898,#4903);
#4898 = SPHERICAL_SURFACE('',#4899,21.);
#4899 = AXIS2_PLACEMENT_3D('',#4900,#4901,#4902);
#4900 = CARTESIAN_POINT('',(0.,0.,0.));
#4901 = DIRECTION('',(0.,0.,1.));
#4902 = DIRECTION('',(1.,0.,-0.));
#4903 = DEFINITIONAL_REPRESENTATION('',(#4904),#5012);
#4904 = B_SPLINE_CURVE_WITH_KNOTS('',8,(#4905,#4906,#4907,#4908,#4909,
    #4910,#4911,#4912,#4913,#4914,#4915,#4916,#4917,#4918,#4919,#4920,
    #4921,#4922,#4923,#4924,#4925,#4926,#4927,#4928,#4929,#4930,#4931,
    #4932,#4933,#4934,#4935,#4936,#4937,#4938,#4939,#4940,#4941,#4942,
    #4943,#4944,#4945,#4946,#4947,#4948,#4949,#4950,#4951,#4952,#4953,
    #4954,#4955,#4956,#4957,#4958,#4959,#4960,#4961,#4962,#4963,#4964,
    #4965,#4966,#4967,#4968,#4969,#4970,#4971,#4972,#4973,#4974,#4975,
    #4976,#4977,#4978,#4979,#4980,#4981,#4982,#4983,#4984,#4985,#4986,
    #4987,#4988,#4989,#4990,#4991,#4992,#4993,#4994,#4995,#4996,#4997,
    #4998,#4999,#5000,#5001,#5002,#5003,#5004,#5005,#5006,#5007,#5008,
    #5009,#5010,#5011),.UNSPECIFIED.,.F.,.F.,(9,7,7,7,7,7,7,7,7,7,7,7,7,
    7,7,9),(0.,0.392699081699,0.760854470791,1.106000148066,
    1.753148292955,2.319402919733,2.567139318948,2.799392193213,
    3.234866332459,3.615906204299,3.949316092159,4.532783395914,
    4.97038387373,5.626784590455,5.954984948817,6.28318530718),
  .UNSPECIFIED.);
#4905 = CARTESIAN_POINT('',(1.570796326795,0.903849982291));
#4906 = CARTESIAN_POINT('',(1.508446973649,0.903849982291));
#4907 = CARTESIAN_POINT('',(1.446097684452,0.900352170511));
#4908 = CARTESIAN_POINT('',(1.384715529036,0.893356744437));
#4909 = CARTESIAN_POINT('',(1.325270155137,0.882967825694));
#4910 = CARTESIAN_POINT('',(1.268555967009,0.869398058427));
#4911 = CARTESIAN_POINT('',(1.215035871957,0.85291745627));
#4912 = CARTESIAN_POINT('',(1.164946600488,0.833809080357));
#4913 = CARTESIAN_POINT('',(1.07466969507,0.792231697264));
#4914 = CARTESIAN_POINT('',(1.034058858756,0.770047354398));
#4915 = CARTESIAN_POINT('',(0.996573451893,0.746024776263));
#4916 = CARTESIAN_POINT('',(0.962134567004,0.72038662057));
#4917 = CARTESIAN_POINT('',(0.930589631791,0.693334287255));
#4918 = CARTESIAN_POINT('',(0.901756612213,0.665044514791));
#4919 = CARTESIAN_POINT('',(0.875451099814,0.635672010577));
#4920 = CARTESIAN_POINT('',(0.82903441131,0.576926324947));
#4921 = CARTESIAN_POINT('',(0.808638907926,0.547667925249));
#4922 = CARTESIAN_POINT('',(0.790160398448,0.517687645967));
#4923 = CARTESIAN_POINT('',(0.773457227096,0.487081437413));
#4924 = CARTESIAN_POINT('',(0.758401329719,0.455932206518));
#4925 = CARTESIAN_POINT('',(0.744880211971,0.424312243238));
#4926 = CARTESIAN_POINT('',(0.732796164269,0.392285455117));
#4927 = CARTESIAN_POINT('',(0.701947025065,0.299203107656));
#4928 = CARTESIAN_POINT('',(0.686587931679,0.237267889071));
#4929 = CARTESIAN_POINT('',(0.675439714368,0.1744800931));
#4930 = CARTESIAN_POINT('',(0.668133834318,0.111133388129));
#4931 = CARTESIAN_POINT('',(0.664457443865,4.74788795993E-02));
#4932 = CARTESIAN_POINT('',(0.664332700109,-1.625053441895E-02));
#4933 = CARTESIAN_POINT('',(0.667810383067,-7.982070423547E-02));
#4934 = CARTESIAN_POINT('',(0.681455924081,-0.198226359831));
#4935 = CARTESIAN_POINT('',(0.690733105935,-0.253160402622));
#4936 = CARTESIAN_POINT('',(0.703051749463,-0.307597465298));
#4937 = CARTESIAN_POINT('',(0.718628354837,-0.361346839814));
#4938 = CARTESIAN_POINT('',(0.737773997802,-0.414188114688));
#4939 = CARTESIAN_POINT('',(0.760899999587,-0.465856991197));
#4940 = CARTESIAN_POINT('',(0.788550227939,-0.516018274753));
#4941 = CARTESIAN_POINT('',(0.835690357329,-0.585333517661));
#4942 = CARTESIAN_POINT('',(0.851021718924,-0.606057760513));
#4943 = CARTESIAN_POINT('',(0.867389311597,-0.626373902745));
#4944 = CARTESIAN_POINT('',(0.884847506161,-0.646241999107));
#4945 = CARTESIAN_POINT('',(0.903452586067,-0.665617985283));
#4946 = CARTESIAN_POINT('',(0.92326083667,-0.684453323558));
#4947 = CARTESIAN_POINT('',(0.944325316561,-0.702694867956));
#4948 = CARTESIAN_POINT('',(0.987659430695,-0.736775649672));
#4949 = CARTESIAN_POINT('',(1.009771477094,-0.752693786839));
#4950 = CARTESIAN_POINT('',(1.033064570576,-0.767991841925));
#4951 = CARTESIAN_POINT('',(1.057570040676,-0.782618958444));
#4952 = CARTESIAN_POINT('',(1.08330927988,-0.796520985178));
#4953 = CARTESIAN_POINT('',(1.110289092174,-0.809641160853));
#4954 = CARTESIAN_POINT('',(1.138496536281,-0.821921440163));
#4955 = CARTESIAN_POINT('',(1.223012127361,-0.854647625487));
#4956 = CARTESIAN_POINT('',(1.282312180236,-0.872836446143));
#4957 = CARTESIAN_POINT('',(1.345542186511,-0.887492378845));
#4958 = CARTESIAN_POINT('',(1.412141508715,-0.898248950611));
#4959 = CARTESIAN_POINT('',(1.481151704073,-0.904787621032));
#4960 = CARTESIAN_POINT('',(1.551129071034,-0.906943806904));
#4961 = CARTESIAN_POINT('',(1.62066067916,-0.904743031024));
#4962 = CARTESIAN_POINT('',(1.747954651643,-0.892752264877));
#4963 = CARTESIAN_POINT('',(1.806101742849,-0.883945358827));
#4964 = CARTESIAN_POINT('',(1.862192308308,-0.872036613411));
#4965 = CARTESIAN_POINT('',(1.915554248106,-0.857217278375));
#4966 = CARTESIAN_POINT('',(1.965768559383,-0.839740115558));
#4967 = CARTESIAN_POINT('',(2.012660676065,-0.81987049982));
#4968 = CARTESIAN_POINT('',(2.05620385801,-0.797865907301));
#4969 = CARTESIAN_POINT('',(2.131705970233,-0.753052290403));
#4970 = CARTESIAN_POINT('',(2.164432542188,-0.730687638388));
#4971 = CARTESIAN_POINT('',(2.194700154293,-0.7070314807));
#4972 = CARTESIAN_POINT('',(2.222615370918,-0.682233043573));
#4973 = CARTESIAN_POINT('',(2.248310918061,-0.656425694502));
#4974 = CARTESIAN_POINT('',(2.271926281852,-0.629726859113));
#4975 = CARTESIAN_POINT('',(2.293597423279,-0.602240103714));
#4976 = CARTESIAN_POINT('',(2.348198915401,-0.52473566792));
#4977 = CARTESIAN_POINT('',(2.377383592767,-0.473281097862));
#4978 = CARTESIAN_POINT('',(2.401693272878,-0.420182206393));
#4979 = CARTESIAN_POINT('',(2.421737760576,-0.365813267684));
#4980 = CARTESIAN_POINT('',(2.43797376753,-0.310466275152));
#4981 = CARTESIAN_POINT('',(2.450745485981,-0.254383380705));
#4982 = CARTESIAN_POINT('',(2.460290032622,-0.197772992503));
#4983 = CARTESIAN_POINT('',(2.471594647851,-9.811611973087E-02));
#4984 = CARTESIAN_POINT('',(2.474704290307,-5.521682268731E-02));
#4985 = CARTESIAN_POINT('',(2.476138725172,-1.220882499569E-02));
#4986 = CARTESIAN_POINT('',(2.475927630529,3.083269279239E-02));
#4987 = CARTESIAN_POINT('',(2.47407234525,7.383472358926E-02));
#4988 = CARTESIAN_POINT('',(2.470546238483,0.116723150843));
#4989 = CARTESIAN_POINT('',(2.46529348084,0.159419336728));
#4990 = CARTESIAN_POINT('',(2.447625322019,0.265462448565));
#4991 = CARTESIAN_POINT('',(2.432941872094,0.328460696929));
#4992 = CARTESIAN_POINT('',(2.413878795604,0.390538076073));
#4993 = CARTESIAN_POINT('',(2.389980887352,0.451361037673));
#4994 = CARTESIAN_POINT('',(2.360600822086,0.510518386795));
#4995 = CARTESIAN_POINT('',(2.324905587606,0.567496656618));
#4996 = CARTESIAN_POINT('',(2.281770708985,0.62158642505));
#4997 = CARTESIAN_POINT('',(2.204411376097,0.69698765867));
#4998 = CARTESIAN_POINT('',(2.176515494543,0.721165848456));
#4999 = CARTESIAN_POINT('',(2.146385101269,0.744271800776));
#5000 = CARTESIAN_POINT('',(2.113904418088,0.766175022544));
#5001 = CARTESIAN_POINT('',(2.078976598334,0.786730548262));
#5002 = CARTESIAN_POINT('',(2.04154965588,0.805780043164));
#5003 = CARTESIAN_POINT('',(2.001648476802,0.823157427633));
#5004 = CARTESIAN_POINT('',(1.917156928329,0.854246130327));
#5005 = CARTESIAN_POINT('',(1.872566513382,0.867957447703));
#5006 = CARTESIAN_POINT('',(1.825760585715,0.879674726557));
#5007 = CARTESIAN_POINT('',(1.776972079777,0.889242148592));
#5008 = CARTESIAN_POINT('',(1.726557918506,0.896520530626));
#5009 = CARTESIAN_POINT('',(1.675013930993,0.901406815843));
#5010 = CARTESIAN_POINT('',(1.622905132238,0.903849982291));
#5011 = CARTESIAN_POINT('',(1.570796326795,0.903849982291));
#5012 = ( GEOMETRIC_REPRESENTATION_CONTEXT(2) 
PARAMETRIC_REPRESENTATION_CONTEXT() REPRESENTATION_CONTEXT('2D SPACE',''
  ) );
#5013 = ORIENTED_EDGE('',*,*,#5014,.T.);
#5014 = EDGE_CURVE('',#4882,#5015,#5017,.T.);
#5015 = VERTEX_POINT('',#5016);
#5016 = CARTESIAN_POINT('',(-11.49696379034,14.895667102789,
    11.835109784177));
#5017 = SURFACE_CURVE('',#5018,(#5023,#5034),.PCURVE_S1.);
#5018 = ELLIPSE('',#5019,22.229055275408,16.5);
#5019 = AXIS2_PLACEMENT_3D('',#5020,#5021,#5022);
#5020 = CARTESIAN_POINT('',(0.,0.,0.));
#5021 = DIRECTION('',(0.466915371174,0.742271760791,-0.480648176209));
#5022 = DIRECTION('',(-0.517204336752,0.670098972639,0.53241622901));
#5023 = PCURVE('',#946,#5024);
#5024 = DEFINITIONAL_REPRESENTATION('',(#5025),#5033);
#5025 = B_SPLINE_CURVE_WITH_KNOTS('',6,(#5026,#5027,#5028,#5029,#5030,
    #5031,#5032),.UNSPECIFIED.,.F.,.F.,(7,7),(5.771848680178,
    6.28318530718),.PIECEWISE_BEZIER_KNOTS.);
#5026 = CARTESIAN_POINT('',(5.000942255846,12.990380456761));
#5027 = CARTESIAN_POINT('',(5.086165027013,13.611577379352));
#5028 = CARTESIAN_POINT('',(5.17138779818,14.119556534811));
#5029 = CARTESIAN_POINT('',(5.256610569347,14.506197180593));
#5030 = CARTESIAN_POINT('',(5.341833340514,14.765843879572));
#5031 = CARTESIAN_POINT('',(5.427056111681,14.895667102789));
#5032 = CARTESIAN_POINT('',(5.512278882848,14.895667102789));
#5033 = ( GEOMETRIC_REPRESENTATION_CONTEXT(2) 
PARAMETRIC_REPRESENTATION_CONTEXT() REPRESENTATION_CONTEXT('2D SPACE',''
  ) );
#5034 = PCURVE('',#412,#5035);
#5035 = DEFINITIONAL_REPRESENTATION('',(#5036),#5044);
#5036 = B_SPLINE_CURVE_WITH_KNOTS('',6,(#5037,#5038,#5039,#5040,#5041,
    #5042,#5043),.UNSPECIFIED.,.F.,.F.,(7,7),(5.771848680178,
    6.28318530718),.PIECEWISE_BEZIER_KNOTS.);
#5037 = CARTESIAN_POINT('',(2.082132953797,12.990380456761));
#5038 = CARTESIAN_POINT('',(1.99691018263,13.611577379352));
#5039 = CARTESIAN_POINT('',(1.911687411463,14.119556534812));
#5040 = CARTESIAN_POINT('',(1.826464640296,14.506197180592));
#5041 = CARTESIAN_POINT('',(1.741241869129,14.765843879573));
#5042 = CARTESIAN_POINT('',(1.656019097962,14.895667102789));
#5043 = CARTESIAN_POINT('',(1.570796326795,14.895667102789));
#5044 = ( GEOMETRIC_REPRESENTATION_CONTEXT(2) 
PARAMETRIC_REPRESENTATION_CONTEXT() REPRESENTATION_CONTEXT('2D SPACE',''
  ) );
#5045 = ORIENTED_EDGE('',*,*,#5046,.T.);
#5046 = EDGE_CURVE('',#5015,#5047,#5049,.T.);
#5047 = VERTEX_POINT('',#5048);
#5048 = CARTESIAN_POINT('',(-4.4609763392,13.092568398819,
    15.885518250945));
#5049 = SURFACE_CURVE('',#5050,(#5055,#5066),.PCURVE_S1.);
#5050 = ELLIPSE('',#5051,22.229055275408,16.5);
#5051 = AXIS2_PLACEMENT_3D('',#5052,#5053,#5054);
#5052 = CARTESIAN_POINT('',(0.,0.,0.));
#5053 = DIRECTION('',(0.466915371174,0.742271760791,-0.480648176209));
#5054 = DIRECTION('',(-0.517204336752,0.670098972639,0.53241622901));
#5055 = PCURVE('',#946,#5056);
#5056 = DEFINITIONAL_REPRESENTATION('',(#5057),#5065);
#5057 = B_SPLINE_CURVE_WITH_KNOTS('',6,(#5058,#5059,#5060,#5061,#5062,
    #5063,#5064),.UNSPECIFIED.,.F.,.F.,(7,7),(0.,0.511336627002),
  .PIECEWISE_BEZIER_KNOTS.);
#5058 = CARTESIAN_POINT('',(5.512278882848,14.895667102789));
#5059 = CARTESIAN_POINT('',(5.597501654015,14.895667102789));
#5060 = CARTESIAN_POINT('',(5.682724425182,14.765843879573));
#5061 = CARTESIAN_POINT('',(5.767947196348,14.506197180592));
#5062 = CARTESIAN_POINT('',(5.853169967516,14.119556534812));
#5063 = CARTESIAN_POINT('',(5.938392738683,13.611577379352));
#5064 = CARTESIAN_POINT('',(6.02361550985,12.990380456761));
#5065 = ( GEOMETRIC_REPRESENTATION_CONTEXT(2) 
PARAMETRIC_REPRESENTATION_CONTEXT() REPRESENTATION_CONTEXT('2D SPACE',''
  ) );
#5066 = PCURVE('',#412,#5067);
#5067 = DEFINITIONAL_REPRESENTATION('',(#5068),#5076);
#5068 = B_SPLINE_CURVE_WITH_KNOTS('',6,(#5069,#5070,#5071,#5072,#5073,
    #5074,#5075),.UNSPECIFIED.,.F.,.F.,(7,7),(0.,0.511336627002),
  .PIECEWISE_BEZIER_KNOTS.);
#5069 = CARTESIAN_POINT('',(1.570796326795,14.895667102789));
#5070 = CARTESIAN_POINT('',(1.485573555628,14.895667102789));
#5071 = CARTESIAN_POINT('',(1.400350784461,14.765843879574));
#5072 = CARTESIAN_POINT('',(1.315128013294,14.506197180591));
#5073 = CARTESIAN_POINT('',(1.229905242127,14.119556534813));
#5074 = CARTESIAN_POINT('',(1.14468247096,13.611577379352));
#5075 = CARTESIAN_POINT('',(1.059459699793,12.990380456761));
#5076 = ( GEOMETRIC_REPRESENTATION_CONTEXT(2) 
PARAMETRIC_REPRESENTATION_CONTEXT() REPRESENTATION_CONTEXT('2D SPACE',''
  ) );
#5077 = ORIENTED_EDGE('',*,*,#5078,.T.);
#5078 = EDGE_CURVE('',#5047,#5079,#5081,.T.);
#5079 = VERTEX_POINT('',#5080);
#5080 = CARTESIAN_POINT('',(-4.041334437186E-15,15.319865399606,16.5));
#5081 = SURFACE_CURVE('',#5082,(#5087,#5097),.PCURVE_S1.);
#5082 = ELLIPSE('',#5083,23.334523779156,16.5);
#5083 = AXIS2_PLACEMENT_3D('',#5084,#5085,#5086);
#5084 = CARTESIAN_POINT('',(0.,0.,0.));
#5085 = DIRECTION('',(-0.262612865719,0.707106781187,-0.656532164299));
#5086 = DIRECTION('',(0.262612865719,0.707106781187,0.656532164299));
#5087 = PCURVE('',#946,#5088);
#5088 = DEFINITIONAL_REPRESENTATION('',(#5089),#5096);
#5089 = B_SPLINE_CURVE_WITH_KNOTS('',5,(#5090,#5091,#5092,#5093,#5094,
    #5095),.UNSPECIFIED.,.F.,.F.,(6,6),(5.618799751859,5.902678930067),
  .PIECEWISE_BEZIER_KNOTS.);
#5090 = CARTESIAN_POINT('',(5.999306128971,12.990380456762));
#5091 = CARTESIAN_POINT('',(6.056081964613,13.567989178845));
#5092 = CARTESIAN_POINT('',(6.112857800255,14.093255084724));
#5093 = CARTESIAN_POINT('',(6.169633635896,14.562297704272));
#5094 = CARTESIAN_POINT('',(6.226409471538,14.971946135615));
#5095 = CARTESIAN_POINT('',(6.28318530718,15.319865399607));
#5096 = ( GEOMETRIC_REPRESENTATION_CONTEXT(2) 
PARAMETRIC_REPRESENTATION_CONTEXT() REPRESENTATION_CONTEXT('2D SPACE',''
  ) );
#5097 = PCURVE('',#244,#5098);
#5098 = DEFINITIONAL_REPRESENTATION('',(#5099),#5106);
#5099 = B_SPLINE_CURVE_WITH_KNOTS('',5,(#5100,#5101,#5102,#5103,#5104,
    #5105),.UNSPECIFIED.,.F.,.F.,(6,6),(5.618799751859,5.902678930067),
  .PIECEWISE_BEZIER_KNOTS.);
#5100 = CARTESIAN_POINT('',(2.235181882116,12.990380456762));
#5101 = CARTESIAN_POINT('',(2.178406046474,13.567989178845));
#5102 = CARTESIAN_POINT('',(2.121630210832,14.093255084724));
#5103 = CARTESIAN_POINT('',(2.064854375191,14.562297704272));
#5104 = CARTESIAN_POINT('',(2.008078539549,14.971946135615));
#5105 = CARTESIAN_POINT('',(1.951302703907,15.319865399607));
#5106 = ( GEOMETRIC_REPRESENTATION_CONTEXT(2) 
PARAMETRIC_REPRESENTATION_CONTEXT() REPRESENTATION_CONTEXT('2D SPACE',''
  ) );
#5107 = ORIENTED_EDGE('',*,*,#5108,.T.);
#5108 = EDGE_CURVE('',#5079,#5109,#5111,.T.);
#5109 = VERTEX_POINT('',#5110);
#5110 = CARTESIAN_POINT('',(-4.041334437186E-15,62.,16.5));
#5111 = SEAM_CURVE('',#5112,(#5116,#5123),.PCURVE_S1.);
#5112 = LINE('',#5113,#5114);
#5113 = CARTESIAN_POINT('',(-4.041334437186E-15,0.,16.5));
#5114 = VECTOR('',#5115,1.);
#5115 = DIRECTION('',(0.,1.,0.));
#5116 = PCURVE('',#946,#5117);
#5117 = DEFINITIONAL_REPRESENTATION('',(#5118),#5122);
#5118 = LINE('',#5119,#5120);
#5119 = CARTESIAN_POINT('',(0.,-0.));
#5120 = VECTOR('',#5121,1.);
#5121 = DIRECTION('',(0.,1.));
#5122 = ( GEOMETRIC_REPRESENTATION_CONTEXT(2) 
PARAMETRIC_REPRESENTATION_CONTEXT() REPRESENTATION_CONTEXT('2D SPACE',''
  ) );
#5123 = PCURVE('',#946,#5124);
#5124 = DEFINITIONAL_REPRESENTATION('',(#5125),#5129);
#5125 = LINE('',#5126,#5127);
#5126 = CARTESIAN_POINT('',(6.28318530718,-0.));
#5127 = VECTOR('',#5128,1.);
#5128 = DIRECTION('',(0.,1.));
#5129 = ( GEOMETRIC_REPRESENTATION_CONTEXT(2) 
PARAMETRIC_REPRESENTATION_CONTEXT() REPRESENTATION_CONTEXT('2D SPACE',''
  ) );
#5130 = ORIENTED_EDGE('',*,*,#5131,.F.);
#5131 = EDGE_CURVE('',#5109,#5109,#5132,.T.);
#5132 = SURFACE_CURVE('',#5133,(#5138,#5145),.PCURVE_S1.);
#5133 = CIRCLE('',#5134,16.5);
#5134 = AXIS2_PLACEMENT_3D('',#5135,#5136,#5137);
#5135 = CARTESIAN_POINT('',(0.,62.,0.));
#5136 = DIRECTION('',(0.,1.,0.));
#5137 = DIRECTION('',(0.,-0.,1.));
#5138 = PCURVE('',#946,#5139);
#5139 = DEFINITIONAL_REPRESENTATION('',(#5140),#5144);
#5140 = LINE('',#5141,#5142);
#5141 = CARTESIAN_POINT('',(0.,62.));
#5142 = VECTOR('',#5143,1.);
#5143 = DIRECTION('',(1.,0.));
#5144 = ( GEOMETRIC_REPRESENTATION_CONTEXT(2) 
PARAMETRIC_REPRESENTATION_CONTEXT() REPRESENTATION_CONTEXT('2D SPACE',''
  ) );
#5145 = PCURVE('',#5146,#5151);
#5146 = PLANE('',#5147);
#5147 = AXIS2_PLACEMENT_3D('',#5148,#5149,#5150);
#5148 = CARTESIAN_POINT('',(0.,62.,0.));
#5149 = DIRECTION('',(0.,1.,0.));
#5150 = DIRECTION('',(0.,-0.,1.));
#5151 = DEFINITIONAL_REPRESENTATION('',(#5152),#5156);
#5152 = CIRCLE('',#5153,16.5);
#5153 = AXIS2_PLACEMENT_2D('',#5154,#5155);
#5154 = CARTESIAN_POINT('',(0.,0.));
#5155 = DIRECTION('',(1.,0.));
#5156 = ( GEOMETRIC_REPRESENTATION_CONTEXT(2) 
PARAMETRIC_REPRESENTATION_CONTEXT() REPRESENTATION_CONTEXT('2D SPACE',''
  ) );
#5157 = ORIENTED_EDGE('',*,*,#5108,.F.);
#5158 = ORIENTED_EDGE('',*,*,#5159,.T.);
#5159 = EDGE_CURVE('',#5079,#5160,#5162,.T.);
#5160 = VERTEX_POINT('',#5161);
#5161 = CARTESIAN_POINT('',(6.127946159843,16.5,15.319865399607));
#5162 = SURFACE_CURVE('',#5163,(#5168,#5179),.PCURVE_S1.);
#5163 = ELLIPSE('',#5164,23.334523779156,16.5);
#5164 = AXIS2_PLACEMENT_3D('',#5165,#5166,#5167);
#5165 = CARTESIAN_POINT('',(0.,0.,0.));
#5166 = DIRECTION('',(-0.262612865719,0.707106781187,-0.656532164299));
#5167 = DIRECTION('',(0.262612865719,0.707106781187,0.656532164299));
#5168 = PCURVE('',#946,#5169);
#5169 = DEFINITIONAL_REPRESENTATION('',(#5170),#5178);
#5170 = B_SPLINE_CURVE_WITH_KNOTS('',6,(#5171,#5172,#5173,#5174,#5175,
    #5176,#5177),.UNSPECIFIED.,.F.,.F.,(7,7),(5.902678930067,
    6.28318530718),.PIECEWISE_BEZIER_KNOTS.);
#5171 = CARTESIAN_POINT('',(-4.440892098501E-15,15.319865399607));
#5172 = CARTESIAN_POINT('',(6.341772951872E-02,15.708485831677));
#5173 = CARTESIAN_POINT('',(0.126835459037,16.023169982899));
#5174 = CARTESIAN_POINT('',(0.190253188556,16.261104564873));
#5175 = CARTESIAN_POINT('',(0.253670918075,16.420368197103));
#5176 = CARTESIAN_POINT('',(0.317088647594,16.5));
#5177 = CARTESIAN_POINT('',(0.380506377112,16.5));
#5178 = ( GEOMETRIC_REPRESENTATION_CONTEXT(2) 
PARAMETRIC_REPRESENTATION_CONTEXT() REPRESENTATION_CONTEXT('2D SPACE',''
  ) );
#5179 = PCURVE('',#244,#5180);
#5180 = DEFINITIONAL_REPRESENTATION('',(#5181),#5189);
#5181 = B_SPLINE_CURVE_WITH_KNOTS('',6,(#5182,#5183,#5184,#5185,#5186,
    #5187,#5188),.UNSPECIFIED.,.F.,.F.,(7,7),(5.902678930067,
    6.28318530718),.PIECEWISE_BEZIER_KNOTS.);
#5182 = CARTESIAN_POINT('',(1.951302703907,15.319865399607));
#5183 = CARTESIAN_POINT('',(1.887884974389,15.708485831677));
#5184 = CARTESIAN_POINT('',(1.82446724487,16.023169982899));
#5185 = CARTESIAN_POINT('',(1.761049515351,16.261104564874));
#5186 = CARTESIAN_POINT('',(1.697631785832,16.420368197103));
#5187 = CARTESIAN_POINT('',(1.634214056314,16.5));
#5188 = CARTESIAN_POINT('',(1.570796326795,16.5));
#5189 = ( GEOMETRIC_REPRESENTATION_CONTEXT(2) 
PARAMETRIC_REPRESENTATION_CONTEXT() REPRESENTATION_CONTEXT('2D SPACE',''
  ) );
#5190 = ORIENTED_EDGE('',*,*,#5191,.T.);
#5191 = EDGE_CURVE('',#5160,#5192,#5194,.T.);
#5192 = VERTEX_POINT('',#5193);
#5193 = CARTESIAN_POINT('',(14.270359355606,12.990381056767,
    8.282924837391));
#5194 = SURFACE_CURVE('',#5195,(#5200,#5211),.PCURVE_S1.);
#5195 = ELLIPSE('',#5196,23.334523779156,16.5);
#5196 = AXIS2_PLACEMENT_3D('',#5197,#5198,#5199);
#5197 = CARTESIAN_POINT('',(0.,0.,0.));
#5198 = DIRECTION('',(-0.262612865719,0.707106781187,-0.656532164299));
#5199 = DIRECTION('',(0.262612865719,0.707106781187,0.656532164299));
#5200 = PCURVE('',#946,#5201);
#5201 = DEFINITIONAL_REPRESENTATION('',(#5202),#5210);
#5202 = B_SPLINE_CURVE_WITH_KNOTS('',6,(#5203,#5204,#5205,#5206,#5207,
    #5208,#5209),.UNSPECIFIED.,.F.,.F.,(7,7),(0.,0.664385555321),
  .PIECEWISE_BEZIER_KNOTS.);
#5203 = CARTESIAN_POINT('',(0.380506377112,16.5));
#5204 = CARTESIAN_POINT('',(0.491237302999,16.5));
#5205 = CARTESIAN_POINT('',(0.601968228886,16.257225829641));
#5206 = CARTESIAN_POINT('',(0.712699154773,15.771675234015));
#5207 = CARTESIAN_POINT('',(0.823430080659,15.052285946065));
#5208 = CARTESIAN_POINT('',(0.934161006546,14.116901059649));
#5209 = CARTESIAN_POINT('',(1.044891932433,12.990380456762));
#5210 = ( GEOMETRIC_REPRESENTATION_CONTEXT(2) 
PARAMETRIC_REPRESENTATION_CONTEXT() REPRESENTATION_CONTEXT('2D SPACE',''
  ) );
#5211 = PCURVE('',#244,#5212);
#5212 = DEFINITIONAL_REPRESENTATION('',(#5213),#5221);
#5213 = B_SPLINE_CURVE_WITH_KNOTS('',6,(#5214,#5215,#5216,#5217,#5218,
    #5219,#5220),.UNSPECIFIED.,.F.,.F.,(7,7),(0.,0.664385555321),
  .PIECEWISE_BEZIER_KNOTS.);
#5214 = CARTESIAN_POINT('',(1.570796326795,16.5));
#5215 = CARTESIAN_POINT('',(1.460065400908,16.5));
#5216 = CARTESIAN_POINT('',(1.349334475021,16.257225829641));
#5217 = CARTESIAN_POINT('',(1.238603549134,15.771675234015));
#5218 = CARTESIAN_POINT('',(1.127872623248,15.052285946065));
#5219 = CARTESIAN_POINT('',(1.017141697361,14.116901059649));
#5220 = CARTESIAN_POINT('',(0.906410771474,12.990380456762));
#5221 = ( GEOMETRIC_REPRESENTATION_CONTEXT(2) 
PARAMETRIC_REPRESENTATION_CONTEXT() REPRESENTATION_CONTEXT('2D SPACE',''
  ) );
#5222 = ORIENTED_EDGE('',*,*,#5223,.T.);
#5223 = EDGE_CURVE('',#5192,#1890,#5224,.T.);
#5224 = SURFACE_CURVE('',#5225,(#5230,#5237),.PCURVE_S1.);
#5225 = CIRCLE('',#5226,16.5);
#5226 = AXIS2_PLACEMENT_3D('',#5227,#5228,#5229);
#5227 = CARTESIAN_POINT('',(0.,12.990381056767,0.));
#5228 = DIRECTION('',(0.,1.,0.));
#5229 = DIRECTION('',(0.,-0.,1.));
#5230 = PCURVE('',#946,#5231);
#5231 = DEFINITIONAL_REPRESENTATION('',(#5232),#5236);
#5232 = LINE('',#5233,#5234);
#5233 = CARTESIAN_POINT('',(0.,12.990381056767));
#5234 = VECTOR('',#5235,1.);
#5235 = DIRECTION('',(1.,0.));
#5236 = ( GEOMETRIC_REPRESENTATION_CONTEXT(2) 
PARAMETRIC_REPRESENTATION_CONTEXT() REPRESENTATION_CONTEXT('2D SPACE',''
  ) );
#5237 = PCURVE('',#1419,#5238);
#5238 = DEFINITIONAL_REPRESENTATION('',(#5239),#5347);
#5239 = B_SPLINE_CURVE_WITH_KNOTS('',8,(#5240,#5241,#5242,#5243,#5244,
    #5245,#5246,#5247,#5248,#5249,#5250,#5251,#5252,#5253,#5254,#5255,
    #5256,#5257,#5258,#5259,#5260,#5261,#5262,#5263,#5264,#5265,#5266,
    #5267,#5268,#5269,#5270,#5271,#5272,#5273,#5274,#5275,#5276,#5277,
    #5278,#5279,#5280,#5281,#5282,#5283,#5284,#5285,#5286,#5287,#5288,
    #5289,#5290,#5291,#5292,#5293,#5294,#5295,#5296,#5297,#5298,#5299,
    #5300,#5301,#5302,#5303,#5304,#5305,#5306,#5307,#5308,#5309,#5310,
    #5311,#5312,#5313,#5314,#5315,#5316,#5317,#5318,#5319,#5320,#5321,
    #5322,#5323,#5324,#5325,#5326,#5327,#5328,#5329,#5330,#5331,#5332,
    #5333,#5334,#5335,#5336,#5337,#5338,#5339,#5340,#5341,#5342,#5343,
    #5344,#5345,#5346),.UNSPECIFIED.,.F.,.F.,(9,7,7,7,7,7,7,7,7,7,7,7,7,
    7,7,9),(0.,0.392699081699,0.760854470791,1.106000148066,
    1.753148292955,2.319402919733,2.567139318948,2.799392193213,
    3.234866332459,3.615906204299,3.949316092159,4.532783395914,
    4.97038387373,5.626784590455,5.954984948817,6.28318530718),
  .UNSPECIFIED.);
#5240 = CARTESIAN_POINT('',(1.570796326795,0.903849982291));
#5241 = CARTESIAN_POINT('',(1.508446973649,0.903849982291));
#5242 = CARTESIAN_POINT('',(1.446097684452,0.900352170511));
#5243 = CARTESIAN_POINT('',(1.384715529036,0.893356744437));
#5244 = CARTESIAN_POINT('',(1.325270155137,0.882967825694));
#5245 = CARTESIAN_POINT('',(1.268555967009,0.869398058427));
#5246 = CARTESIAN_POINT('',(1.215035871957,0.85291745627));
#5247 = CARTESIAN_POINT('',(1.164946600488,0.833809080357));
#5248 = CARTESIAN_POINT('',(1.07466969507,0.792231697264));
#5249 = CARTESIAN_POINT('',(1.034058858756,0.770047354398));
#5250 = CARTESIAN_POINT('',(0.996573451893,0.746024776263));
#5251 = CARTESIAN_POINT('',(0.962134567004,0.72038662057));
#5252 = CARTESIAN_POINT('',(0.930589631791,0.693334287255));
#5253 = CARTESIAN_POINT('',(0.901756612213,0.665044514791));
#5254 = CARTESIAN_POINT('',(0.875451099814,0.635672010577));
#5255 = CARTESIAN_POINT('',(0.82903441131,0.576926324947));
#5256 = CARTESIAN_POINT('',(0.808638907926,0.547667925249));
#5257 = CARTESIAN_POINT('',(0.790160398448,0.517687645967));
#5258 = CARTESIAN_POINT('',(0.773457227096,0.487081437413));
#5259 = CARTESIAN_POINT('',(0.758401329719,0.455932206518));
#5260 = CARTESIAN_POINT('',(0.744880211971,0.424312243238));
#5261 = CARTESIAN_POINT('',(0.732796164269,0.392285455117));
#5262 = CARTESIAN_POINT('',(0.701947025065,0.299203107656));
#5263 = CARTESIAN_POINT('',(0.686587931679,0.237267889071));
#5264 = CARTESIAN_POINT('',(0.675439714368,0.1744800931));
#5265 = CARTESIAN_POINT('',(0.668133834318,0.111133388129));
#5266 = CARTESIAN_POINT('',(0.664457443865,4.74788795993E-02));
#5267 = CARTESIAN_POINT('',(0.664332700109,-1.625053441895E-02));
#5268 = CARTESIAN_POINT('',(0.667810383067,-7.982070423547E-02));
#5269 = CARTESIAN_POINT('',(0.681455924081,-0.198226359831));
#5270 = CARTESIAN_POINT('',(0.690733105935,-0.253160402622));
#5271 = CARTESIAN_POINT('',(0.703051749463,-0.307597465298));
#5272 = CARTESIAN_POINT('',(0.718628354837,-0.361346839814));
#5273 = CARTESIAN_POINT('',(0.737773997802,-0.414188114688));
#5274 = CARTESIAN_POINT('',(0.760899999587,-0.465856991197));
#5275 = CARTESIAN_POINT('',(0.788550227939,-0.516018274753));
#5276 = CARTESIAN_POINT('',(0.835690357329,-0.585333517661));
#5277 = CARTESIAN_POINT('',(0.851021718924,-0.606057760513));
#5278 = CARTESIAN_POINT('',(0.867389311597,-0.626373902745));
#5279 = CARTESIAN_POINT('',(0.884847506161,-0.646241999107));
#5280 = CARTESIAN_POINT('',(0.903452586067,-0.665617985283));
#5281 = CARTESIAN_POINT('',(0.92326083667,-0.684453323558));
#5282 = CARTESIAN_POINT('',(0.944325316561,-0.702694867956));
#5283 = CARTESIAN_POINT('',(0.987659430695,-0.736775649672));
#5284 = CARTESIAN_POINT('',(1.009771477094,-0.752693786839));
#5285 = CARTESIAN_POINT('',(1.033064570576,-0.767991841925));
#5286 = CARTESIAN_POINT('',(1.057570040676,-0.782618958444));
#5287 = CARTESIAN_POINT('',(1.08330927988,-0.796520985178));
#5288 = CARTESIAN_POINT('',(1.110289092174,-0.809641160853));
#5289 = CARTESIAN_POINT('',(1.138496536281,-0.821921440163));
#5290 = CARTESIAN_POINT('',(1.223012127361,-0.854647625487));
#5291 = CARTESIAN_POINT('',(1.282312180236,-0.872836446143));
#5292 = CARTESIAN_POINT('',(1.345542186511,-0.887492378845));
#5293 = CARTESIAN_POINT('',(1.412141508715,-0.898248950611));
#5294 = CARTESIAN_POINT('',(1.481151704073,-0.904787621032));
#5295 = CARTESIAN_POINT('',(1.551129071034,-0.906943806904));
#5296 = CARTESIAN_POINT('',(1.62066067916,-0.904743031024));
#5297 = CARTESIAN_POINT('',(1.747954651643,-0.892752264877));
#5298 = CARTESIAN_POINT('',(1.806101742849,-0.883945358827));
#5299 = CARTESIAN_POINT('',(1.862192308308,-0.872036613411));
#5300 = CARTESIAN_POINT('',(1.915554248106,-0.857217278375));
#5301 = CARTESIAN_POINT('',(1.965768559383,-0.839740115558));
#5302 = CARTESIAN_POINT('',(2.012660676065,-0.81987049982));
#5303 = CARTESIAN_POINT('',(2.05620385801,-0.797865907301));
#5304 = CARTESIAN_POINT('',(2.131705970233,-0.753052290403));
#5305 = CARTESIAN_POINT('',(2.164432542188,-0.730687638388));
#5306 = CARTESIAN_POINT('',(2.194700154293,-0.7070314807));
#5307 = CARTESIAN_POINT('',(2.222615370918,-0.682233043573));
#5308 = CARTESIAN_POINT('',(2.248310918061,-0.656425694502));
#5309 = CARTESIAN_POINT('',(2.271926281852,-0.629726859113));
#5310 = CARTESIAN_POINT('',(2.293597423279,-0.602240103714));
#5311 = CARTESIAN_POINT('',(2.348198915401,-0.52473566792));
#5312 = CARTESIAN_POINT('',(2.377383592767,-0.473281097862));
#5313 = CARTESIAN_POINT('',(2.401693272878,-0.420182206393));
#5314 = CARTESIAN_POINT('',(2.421737760576,-0.365813267684));
#5315 = CARTESIAN_POINT('',(2.43797376753,-0.310466275152));
#5316 = CARTESIAN_POINT('',(2.450745485981,-0.254383380705));
#5317 = CARTESIAN_POINT('',(2.460290032622,-0.197772992503));
#5318 = CARTESIAN_POINT('',(2.471594647851,-9.811611973087E-02));
#5319 = CARTESIAN_POINT('',(2.474704290307,-5.521682268731E-02));
#5320 = CARTESIAN_POINT('',(2.476138725172,-1.220882499569E-02));
#5321 = CARTESIAN_POINT('',(2.475927630529,3.083269279239E-02));
#5322 = CARTESIAN_POINT('',(2.47407234525,7.383472358926E-02));
#5323 = CARTESIAN_POINT('',(2.470546238483,0.116723150843));
#5324 = CARTESIAN_POINT('',(2.46529348084,0.159419336728));
#5325 = CARTESIAN_POINT('',(2.447625322019,0.265462448565));
#5326 = CARTESIAN_POINT('',(2.432941872094,0.328460696929));
#5327 = CARTESIAN_POINT('',(2.413878795604,0.390538076073));
#5328 = CARTESIAN_POINT('',(2.389980887352,0.451361037673));
#5329 = CARTESIAN_POINT('',(2.360600822086,0.510518386795));
#5330 = CARTESIAN_POINT('',(2.324905587606,0.567496656618));
#5331 = CARTESIAN_POINT('',(2.281770708985,0.62158642505));
#5332 = CARTESIAN_POINT('',(2.204411376097,0.69698765867));
#5333 = CARTESIAN_POINT('',(2.176515494543,0.721165848456));
#5334 = CARTESIAN_POINT('',(2.146385101269,0.744271800776));
#5335 = CARTESIAN_POINT('',(2.113904418088,0.766175022544));
#5336 = CARTESIAN_POINT('',(2.078976598334,0.786730548262));
#5337 = CARTESIAN_POINT('',(2.04154965588,0.805780043164));
#5338 = CARTESIAN_POINT('',(2.001648476802,0.823157427633));
#5339 = CARTESIAN_POINT('',(1.917156928329,0.854246130327));
#5340 = CARTESIAN_POINT('',(1.872566513382,0.867957447703));
#5341 = CARTESIAN_POINT('',(1.825760585715,0.879674726557));
#5342 = CARTESIAN_POINT('',(1.776972079777,0.889242148592));
#5343 = CARTESIAN_POINT('',(1.726557918506,0.896520530626));
#5344 = CARTESIAN_POINT('',(1.675013930993,0.901406815843));
#5345 = CARTESIAN_POINT('',(1.622905132238,0.903849982291));
#5346 = CARTESIAN_POINT('',(1.570796326795,0.903849982291));
#5347 = ( GEOMETRIC_REPRESENTATION_CONTEXT(2) 
PARAMETRIC_REPRESENTATION_CONTEXT() REPRESENTATION_CONTEXT('2D SPACE',''
  ) );
#5348 = ORIENTED_EDGE('',*,*,#3513,.F.);
#5349 = ORIENTED_EDGE('',*,*,#5350,.F.);
#5350 = EDGE_CURVE('',#5351,#3119,#5353,.T.);
#5351 = VERTEX_POINT('',#5352);
#5352 = CARTESIAN_POINT('',(14.320544275208,31.48784471291,
    -8.19585332115));
#5353 = SURFACE_CURVE('',#5354,(#5483,#5615),.PCURVE_S1.);
#5354 = B_SPLINE_CURVE_WITH_KNOTS('',8,(#5355,#5356,#5357,#5358,#5359,
    #5360,#5361,#5362,#5363,#5364,#5365,#5366,#5367,#5368,#5369,#5370,
    #5371,#5372,#5373,#5374,#5375,#5376,#5377,#5378,#5379,#5380,#5381,
    #5382,#5383,#5384,#5385,#5386,#5387,#5388,#5389,#5390,#5391,#5392,
    #5393,#5394,#5395,#5396,#5397,#5398,#5399,#5400,#5401,#5402,#5403,
    #5404,#5405,#5406,#5407,#5408,#5409,#5410,#5411,#5412,#5413,#5414,
    #5415,#5416,#5417,#5418,#5419,#5420,#5421,#5422,#5423,#5424,#5425,
    #5426,#5427,#5428,#5429,#5430,#5431,#5432,#5433,#5434,#5435,#5436,
    #5437,#5438,#5439,#5440,#5441,#5442,#5443,#5444,#5445,#5446,#5447,
    #5448,#5449,#5450,#5451,#5452,#5453,#5454,#5455,#5456,#5457,#5458,
    #5459,#5460,#5461,#5462,#5463,#5464,#5465,#5466,#5467,#5468,#5469,
    #5470,#5471,#5472,#5473,#5474,#5475,#5476,#5477,#5478,#5479,#5480,
    #5481,#5482),.UNSPECIFIED.,.T.,.F.,(9,7,7,7,7,7,7,7,7,7,7,7,7,7,7,7,
    7,7,9),(0.,4.605397982816E-02,8.768419877108E-02,0.207679984964,
    0.296990836429,0.347927100603,0.402767943838,0.446622012389,
    0.473258508935,0.500713307101,0.619868816125,0.65734584793,
    0.821532057722,0.860385234875,0.884607325718,0.903296198894,
    0.921584232851,0.948521157512,1.),.UNSPECIFIED.);
#5355 = CARTESIAN_POINT('',(14.320544275208,31.487844712909,
    -8.19585332115));
#5356 = CARTESIAN_POINT('',(14.389997271323,31.438019737435,
    -8.074498696202));
#5357 = CARTESIAN_POINT('',(14.456559220614,31.383364215458,
    -7.955469347019));
#5358 = CARTESIAN_POINT('',(14.520277035797,31.324307263636,
    -7.838919092371));
#5359 = CARTESIAN_POINT('',(14.581221754962,31.261225746878,
    -7.72496203119));
#5360 = CARTESIAN_POINT('',(14.639480985933,31.194448441471,
    -7.613677430333));
#5361 = CARTESIAN_POINT('',(14.695152480399,31.124260182535,
    -7.505115509121));
#5362 = CARTESIAN_POINT('',(14.748338837821,31.050905995815,
    -7.399304120618));
#5363 = CARTESIAN_POINT('',(14.845067763441,30.905614539937,
    -7.203106896917));
#5364 = CARTESIAN_POINT('',(14.889038834356,30.834228935953,
    -7.112230007498));
#5365 = CARTESIAN_POINT('',(14.931125288389,30.760606667603,
    -7.02365155601));
#5366 = CARTESIAN_POINT('',(14.971395178047,30.684900950504,
    -6.93739113248));
#5367 = CARTESIAN_POINT('',(15.00991569309,30.607250007243,
    -6.853462082564));
#5368 = CARTESIAN_POINT('',(15.04675298183,30.527777124472,
    -6.771871567717));
#5369 = CARTESIAN_POINT('',(15.081971972416,30.446590710014,
    -6.692620625368));
#5370 = CARTESIAN_POINT('',(15.212670628561,30.125101620695,
    -6.393998850733));
#5371 = CARTESIAN_POINT('',(15.296777894488,29.872982052177,
    -6.191711834138));
#5372 = CARTESIAN_POINT('',(15.369371094604,29.609925755217,
    -6.00897618413));
#5373 = CARTESIAN_POINT('',(15.431683550281,29.337824902417,
    -5.84576994537));
#5374 = CARTESIAN_POINT('',(15.484734197941,29.058141148222,
    -5.702038953304));
#5375 = CARTESIAN_POINT('',(15.529320394286,28.77205557228,
    -5.577813576894));
#5376 = CARTESIAN_POINT('',(15.56601498591,28.480595902517,
    -5.473310882018));
#5377 = CARTESIAN_POINT('',(15.616825106853,27.964549485021,
    -5.326272624111));
#5378 = CARTESIAN_POINT('',(15.634280192475,27.742272928638,
    -5.274824985863));
#5379 = CARTESIAN_POINT('',(15.647697833525,27.518028947403,
    -5.234721610046));
#5380 = CARTESIAN_POINT('',(15.65714789966,27.291959871955,
    -5.206200130254));
#5381 = CARTESIAN_POINT('',(15.662590923325,27.064301362646,
    -5.189692656582));
#5382 = CARTESIAN_POINT('',(15.663874875007,26.835460790524,
    -5.185828302735));
#5383 = CARTESIAN_POINT('',(15.660719842814,26.606110157997,
    -5.195430517019));
#5384 = CARTESIAN_POINT('',(15.648111343035,26.246793597156,
    -5.233241916129));
#5385 = CARTESIAN_POINT('',(15.641947841017,26.116503356772,
    -5.25167962794));
#5386 = CARTESIAN_POINT('',(15.63411137085,25.986346770516,
    -5.275033476378));
#5387 = CARTESIAN_POINT('',(15.624479841077,25.856333573834,
    -5.303583888705));
#5388 = CARTESIAN_POINT('',(15.61289759729,25.726577760033,
    -5.337673454268));
#5389 = CARTESIAN_POINT('',(15.599173586297,25.597315784969,
    -5.377698717086));
#5390 = CARTESIAN_POINT('',(15.583077895392,25.468924521505,
    -5.424100902474));
#5391 = CARTESIAN_POINT('',(15.544158807225,25.205219179131,
    -5.53469255248));
#5392 = CARTESIAN_POINT('',(15.52092082831,25.070172873295,
    -5.599954505076));
#5393 = CARTESIAN_POINT('',(15.494197095707,24.936878005367,
    -5.673972653056));
#5394 = CARTESIAN_POINT('',(15.463461139023,24.805867846734,
    -5.757728538747));
#5395 = CARTESIAN_POINT('',(15.42808145495,24.678172281879,
    -5.852300513744));
#5396 = CARTESIAN_POINT('',(15.38731401943,24.555358954772,
    -5.958806399171));
#5397 = CARTESIAN_POINT('',(15.340291508793,24.439574260817,
    -6.078342321676));
#5398 = CARTESIAN_POINT('',(15.24260182326,24.248828082765,
    -6.318732729402));
#5399 = CARTESIAN_POINT('',(15.193874867028,24.169012271113,
    -6.436192099441));
#5400 = CARTESIAN_POINT('',(15.140023432725,24.097776312587,
    -6.562935011425));
#5401 = CARTESIAN_POINT('',(15.081373785179,24.037795802836,
    -6.697308636475));
#5402 = CARTESIAN_POINT('',(15.018435165923,23.990805274145,
    -6.837369783758));
#5403 = CARTESIAN_POINT('',(14.951948401697,23.957612314404,
    -6.980927577694));
#5404 = CARTESIAN_POINT('',(14.882922081801,23.93810473311,
    -7.125593151348));
#5405 = CARTESIAN_POINT('',(14.769962737239,23.927090697692,
    -7.355786080524));
#5406 = CARTESIAN_POINT('',(14.727030749263,23.92761838353,
    -7.441798518512));
#5407 = CARTESIAN_POINT('',(14.6839698267,23.932507028098,
    -7.526638210541));
#5408 = CARTESIAN_POINT('',(14.64090313754,23.941421476911,
    -7.610114068962));
#5409 = CARTESIAN_POINT('',(14.597957635526,23.954019856247,
    -7.692044726593));
#5410 = CARTESIAN_POINT('',(14.555263420467,23.969953372302,
    -7.772257903394));
#5411 = CARTESIAN_POINT('',(14.512953098556,23.988866110342,
    -7.850589773139));
#5412 = CARTESIAN_POINT('',(14.428085293293,24.032584942747,
    -8.005522737296));
#5413 = CARTESIAN_POINT('',(14.385435742347,24.057618291334,
    -8.082223726338));
#5414 = CARTESIAN_POINT('',(14.343250355309,24.085185646639,
    -8.15700457151));
#5415 = CARTESIAN_POINT('',(14.301556135302,24.115013986551,
    -8.22989935899));
#5416 = CARTESIAN_POINT('',(14.260368723657,24.146866319525,
    -8.300958249575));
#5417 = CARTESIAN_POINT('',(14.219691900471,24.180541504284,
    -8.370246741417));
#5418 = CARTESIAN_POINT('',(14.179517085161,24.21587406952,
    -8.437844932768));
#5419 = CARTESIAN_POINT('',(13.967547363903,24.412708539863,
    -8.790298872881));
#5420 = CARTESIAN_POINT('',(13.8013689194,24.604200173539,
    -9.051595244786));
#5421 = CARTESIAN_POINT('',(13.643368350421,24.815311378413,
    -9.288169830973));
#5422 = CARTESIAN_POINT('',(13.494376997284,25.03833645664,
    -9.502229858158));
#5423 = CARTESIAN_POINT('',(13.354120765263,25.269075493692,
    -9.696775761658));
#5424 = CARTESIAN_POINT('',(13.221471558803,25.506455916465,
    -9.875130424522));
#5425 = CARTESIAN_POINT('',(13.094907185381,25.752122215152,
    -10.04052546127));
#5426 = CARTESIAN_POINT('',(12.935026670423,26.090653890588,
    -10.24396983216));
#5427 = CARTESIAN_POINT('',(12.89749025376,26.17234188294,
    -10.29130443623));
#5428 = CARTESIAN_POINT('',(12.86068021081,26.254690183713,
    -10.33732149329));
#5429 = CARTESIAN_POINT('',(12.82460654419,26.337675332938,
    -10.38204287518));
#5430 = CARTESIAN_POINT('',(12.7892807563,26.421278569493,
    -10.42548699048));
#5431 = CARTESIAN_POINT('',(12.754715971348,26.505485837116,
    -10.46766886637));
#5432 = CARTESIAN_POINT('',(12.720927057364,26.590287790418,
    -10.50860023043));
#5433 = CARTESIAN_POINT('',(12.543374504733,27.049780680107,
    -10.72216798207));
#5434 = CARTESIAN_POINT('',(12.417442770034,27.426378716779,
    -10.86810387642));
#5435 = CARTESIAN_POINT('',(12.308052900843,27.809954303462,
    -10.99146906359));
#5436 = CARTESIAN_POINT('',(12.21562487224,28.206116141342,
    -11.09326118324));
#5437 = CARTESIAN_POINT('',(12.144120184961,28.617691261631,
    -11.17047901715));
#5438 = CARTESIAN_POINT('',(12.101294854377,29.043278616693,
    -11.21607827172));
#5439 = CARTESIAN_POINT('',(12.099016050352,29.476492601621,
    -11.2191705449));
#5440 = CARTESIAN_POINT('',(12.163693989737,30.004033832807,
    -11.14876151127));
#5441 = CARTESIAN_POINT('',(12.179190270853,30.105126899222,
    -11.13185782386));
#5442 = CARTESIAN_POINT('',(12.198047494212,30.206174645763,
    -11.1112307665));
#5443 = CARTESIAN_POINT('',(12.220522569786,30.306944660568,
    -11.08655539348));
#5444 = CARTESIAN_POINT('',(12.24688460364,30.407155918853,
    -11.05747391487));
#5445 = CARTESIAN_POINT('',(12.277410426809,30.506472907317,
    -11.02359377537));
#5446 = CARTESIAN_POINT('',(12.312379075469,30.60449931339,
    -10.98448471347));
#5447 = CARTESIAN_POINT('',(12.376806608467,30.760789750745,
    -10.91173912421));
#5448 = CARTESIAN_POINT('',(12.403390552704,30.820148447752,
    -10.88157746721));
#5449 = CARTESIAN_POINT('',(12.431847203125,30.878639249702,
    -10.84911656726));
#5450 = CARTESIAN_POINT('',(12.462194427669,30.936060923712,
    -10.81429079705));
#5451 = CARTESIAN_POINT('',(12.494437922228,30.99221912376,
    -10.77704232107));
#5452 = CARTESIAN_POINT('',(12.528571318676,31.046926389817,
    -10.73732125243));
#5453 = CARTESIAN_POINT('',(12.564576292899,31.100002146974,
    -10.69508580964));
#5454 = CARTESIAN_POINT('',(12.631623545666,31.190831178497,
    -10.6157493006));
#5455 = CARTESIAN_POINT('',(12.661905177199,31.229293985344,
    -10.57969763241));
#5456 = CARTESIAN_POINT('',(12.693223160003,31.266544567629,
    -10.54216879733));
#5457 = CARTESIAN_POINT('',(12.725524834335,31.302477347562,
    -10.50319316868));
#5458 = CARTESIAN_POINT('',(12.75874972322,31.336997821324,
    -10.46281055965));
#5459 = CARTESIAN_POINT('',(12.792829967534,31.370022653332,
    -10.42107061844));
#5460 = CARTESIAN_POINT('',(12.8276907611,31.401479770507,
    -10.37803322336));
#5461 = CARTESIAN_POINT('',(12.898048118522,31.460497376484,
    -10.2904539148));
#5462 = CARTESIAN_POINT('',(12.933498123201,31.488112767312,
    -10.24598511314));
#5463 = CARTESIAN_POINT('',(12.969525266773,31.514102165112,
    -10.20042835103));
#5464 = CARTESIAN_POINT('',(13.006049546798,31.538423925863,
    -10.15385752004));
#5465 = CARTESIAN_POINT('',(13.042986910147,31.561047307669,
    -10.10635483353));
#5466 = CARTESIAN_POINT('',(13.08024967172,31.581952552996,
    -10.05801113508));
#5467 = CARTESIAN_POINT('',(13.117746933164,31.601130970915,
    -10.00892620687));
#5468 = CARTESIAN_POINT('',(13.210823099315,31.644293544837,
    -9.885979415554));
#5469 = CARTESIAN_POINT('',(13.266526335776,31.666242208458,
    -9.811431568587));
#5470 = CARTESIAN_POINT('',(13.322302789439,31.684499917083,
    -9.7357740467));
#5471 = CARTESIAN_POINT('',(13.377967303242,31.699153760142,
    -9.659222642635));
#5472 = CARTESIAN_POINT('',(13.433341864243,31.710309103203,
    -9.582000329339));
#5473 = CARTESIAN_POINT('',(13.488255983267,31.718089681566,
    -9.504337156991));
#5474 = CARTESIAN_POINT('',(13.542547074557,31.722637693847,
    -9.426470150035));
#5475 = CARTESIAN_POINT('',(13.698330359527,31.726935047485,
    -9.199909035944));
#5476 = CARTESIAN_POINT('',(13.797838104369,31.718540082959,
    -9.051208502965));
#5477 = CARTESIAN_POINT('',(13.894112059079,31.700040944107,-8.903350814
    ));
#5478 = CARTESIAN_POINT('',(13.986853136411,31.672445327776,
    -8.757005320194));
#5479 = CARTESIAN_POINT('',(14.075896664025,31.636660971052,
    -8.612710508336));
#5480 = CARTESIAN_POINT('',(14.16117892969,31.593499982633,
    -8.470887008237));
#5481 = CARTESIAN_POINT('',(14.24270878037,31.543683220076,
    -8.331854614285));
#5482 = CARTESIAN_POINT('',(14.320544275208,31.487844712909,
    -8.19585332115));
#5483 = PCURVE('',#946,#5484);
#5484 = DEFINITIONAL_REPRESENTATION('',(#5485),#5614);
#5485 = B_SPLINE_CURVE_WITH_KNOTS('',8,(#5486,#5487,#5488,#5489,#5490,
    #5491,#5492,#5493,#5494,#5495,#5496,#5497,#5498,#5499,#5500,#5501,
    #5502,#5503,#5504,#5505,#5506,#5507,#5508,#5509,#5510,#5511,#5512,
    #5513,#5514,#5515,#5516,#5517,#5518,#5519,#5520,#5521,#5522,#5523,
    #5524,#5525,#5526,#5527,#5528,#5529,#5530,#5531,#5532,#5533,#5534,
    #5535,#5536,#5537,#5538,#5539,#5540,#5541,#5542,#5543,#5544,#5545,
    #5546,#5547,#5548,#5549,#5550,#5551,#5552,#5553,#5554,#5555,#5556,
    #5557,#5558,#5559,#5560,#5561,#5562,#5563,#5564,#5565,#5566,#5567,
    #5568,#5569,#5570,#5571,#5572,#5573,#5574,#5575,#5576,#5577,#5578,
    #5579,#5580,#5581,#5582,#5583,#5584,#5585,#5586,#5587,#5588,#5589,
    #5590,#5591,#5592,#5593,#5594,#5595,#5596,#5597,#5598,#5599,#5600,
    #5601,#5602,#5603,#5604,#5605,#5606,#5607,#5608,#5609,#5610,#5611,
    #5612,#5613),.UNSPECIFIED.,.T.,.F.,(9,7,7,7,7,7,7,7,7,7,7,7,7,7,7,7,
    7,7,9),(0.,4.605397982816E-02,8.768419877108E-02,0.207679984964,
    0.296990836429,0.347927100603,0.402767943838,0.446622012389,
    0.473258508935,0.500713307101,0.619868816125,0.65734584793,
    0.821532057722,0.860385234875,0.884607325718,0.903296198894,
    0.921584232851,0.948521157512,1.),.UNSPECIFIED.);
#5486 = CARTESIAN_POINT('',(2.090609944518,31.487844712909));
#5487 = CARTESIAN_POINT('',(2.082135781622,31.438019737435));
#5488 = CARTESIAN_POINT('',(2.0738709627,31.383364215458));
#5489 = CARTESIAN_POINT('',(2.06582123765,31.324307263636));
#5490 = CARTESIAN_POINT('',(2.057989737445,31.261225746878));
#5491 = CARTESIAN_POINT('',(2.050377442621,31.194448441471));
#5492 = CARTESIAN_POINT('',(2.042983660379,31.124260182535));
#5493 = CARTESIAN_POINT('',(2.035806510304,31.050905995815));
#5494 = CARTESIAN_POINT('',(2.022549173767,30.905614539937));
#5495 = CARTESIAN_POINT('',(2.016430810657,30.834228935953));
#5496 = CARTESIAN_POINT('',(2.010487515297,30.760606667603));
#5497 = CARTESIAN_POINT('',(2.004718237671,30.684900950504));
#5498 = CARTESIAN_POINT('',(1.999121688777,30.607250007243));
#5499 = CARTESIAN_POINT('',(1.993696337611,30.527777124472));
#5500 = CARTESIAN_POINT('',(1.98844040814,30.446590710014));
#5501 = CARTESIAN_POINT('',(1.968684589014,30.125101620695));
#5502 = CARTESIAN_POINT('',(1.955409563878,29.872982052177));
#5503 = CARTESIAN_POINT('',(1.943495035043,29.609925755217));
#5504 = CARTESIAN_POINT('',(1.932908850792,29.337824902417));
#5505 = CARTESIAN_POINT('',(1.923624272499,29.058141148222));
#5506 = CARTESIAN_POINT('',(1.915625545517,28.77205557228));
#5507 = CARTESIAN_POINT('',(1.908913029841,28.480595902517));
#5508 = CARTESIAN_POINT('',(1.899484565877,27.964549485021));
#5509 = CARTESIAN_POINT('',(1.89619200765,27.742272928638));
#5510 = CARTESIAN_POINT('',(1.893629095355,27.518028947403));
#5511 = CARTESIAN_POINT('',(1.891808109855,27.291959871955));
#5512 = CARTESIAN_POINT('',(1.890754672603,27.064301362646));
#5513 = CARTESIAN_POINT('',(1.890507882651,26.835460790524));
#5514 = CARTESIAN_POINT('',(1.891120439217,26.606110157997));
#5515 = CARTESIAN_POINT('',(1.893536087749,26.246793597156));
#5516 = CARTESIAN_POINT('',(1.894714307599,26.116503356772));
#5517 = CARTESIAN_POINT('',(1.896207248337,25.986346770516));
#5518 = CARTESIAN_POINT('',(1.898033380242,25.856333573834));
#5519 = CARTESIAN_POINT('',(1.900215394922,25.726577760033));
#5520 = CARTESIAN_POINT('',(1.902779781384,25.597315784969));
#5521 = CARTESIAN_POINT('',(1.905756388163,25.468924521505));
#5522 = CARTESIAN_POINT('',(1.91286184035,25.205219179131));
#5523 = CARTESIAN_POINT('',(1.91706034519,25.070172873295));
#5524 = CARTESIAN_POINT('',(1.921829624832,24.936878005367));
#5525 = CARTESIAN_POINT('',(1.927236584075,24.805867846734));
#5526 = CARTESIAN_POINT('',(1.933355897274,24.678172281879));
#5527 = CARTESIAN_POINT('',(1.940267070897,24.555358954772));
#5528 = CARTESIAN_POINT('',(1.948051565098,24.439574260817));
#5529 = CARTESIAN_POINT('',(1.963777736927,24.248828082765));
#5530 = CARTESIAN_POINT('',(1.971484523047,24.169012271113));
#5531 = CARTESIAN_POINT('',(1.979830003072,24.097776312587));
#5532 = CARTESIAN_POINT('',(1.988714880359,24.037795802836));
#5533 = CARTESIAN_POINT('',(1.99801995707,23.990805274145));
#5534 = CARTESIAN_POINT('',(2.007607187469,23.957612314404));
#5535 = CARTESIAN_POINT('',(2.017321123609,23.93810473311));
#5536 = CARTESIAN_POINT('',(2.032861420251,23.927090697692));
#5537 = CARTESIAN_POINT('',(2.038687447055,23.92761838353));
#5538 = CARTESIAN_POINT('',(2.044453419573,23.932507028098));
#5539 = CARTESIAN_POINT('',(2.050145938809,23.941421476911));
#5540 = CARTESIAN_POINT('',(2.055751999097,23.954019856247));
#5541 = CARTESIAN_POINT('',(2.061258961206,23.969953372302));
#5542 = CARTESIAN_POINT('',(2.066654525452,23.988866110342));
#5543 = CARTESIAN_POINT('',(2.077360851132,24.032584942747));
#5544 = CARTESIAN_POINT('',(2.082679603553,24.057618291334));
#5545 = CARTESIAN_POINT('',(2.08788302331,24.085185646639));
#5546 = CARTESIAN_POINT('',(2.092972335956,24.115013986551));
#5547 = CARTESIAN_POINT('',(2.097949913441,24.146866319525));
#5548 = CARTESIAN_POINT('',(2.102819256205,24.180541504284));
#5549 = CARTESIAN_POINT('',(2.107584975274,24.21587406952));
#5550 = CARTESIAN_POINT('',(2.132511308805,24.412708539863));
#5551 = CARTESIAN_POINT('',(2.151272875198,24.604200173539));
#5552 = CARTESIAN_POINT('',(2.168507781252,24.815311378413));
#5553 = CARTESIAN_POINT('',(2.184309201147,25.03833645664));
#5554 = CARTESIAN_POINT('',(2.198841197411,25.269075493692));
#5555 = CARTESIAN_POINT('',(2.212310172851,25.506455916465));
#5556 = CARTESIAN_POINT('',(2.224931226055,25.752122215152));
#5557 = CARTESIAN_POINT('',(2.240613024165,26.090653890588));
#5558 = CARTESIAN_POINT('',(2.244274290915,26.17234188294));
#5559 = CARTESIAN_POINT('',(2.247845652667,26.254690183713));
#5560 = CARTESIAN_POINT('',(2.251327841424,26.337675332938));
#5561 = CARTESIAN_POINT('',(2.254721353661,26.421278569493));
#5562 = CARTESIAN_POINT('',(2.258026451202,26.505485837116));
#5563 = CARTESIAN_POINT('',(2.261243162092,26.590287790418));
#5564 = CARTESIAN_POINT('',(2.278075516861,27.049780680107));
#5565 = CARTESIAN_POINT('',(2.289755903498,27.426378716778));
#5566 = CARTESIAN_POINT('',(2.299747499149,27.809954303462));
#5567 = CARTESIAN_POINT('',(2.30807926017,28.206116141341));
#5568 = CARTESIAN_POINT('',(2.314457780744,28.617691261632));
#5569 = CARTESIAN_POINT('',(2.318248829284,29.043278616693));
#5570 = CARTESIAN_POINT('',(2.318480257628,29.476492601621));
#5571 = CARTESIAN_POINT('',(2.312685903687,30.004033832807));
#5572 = CARTESIAN_POINT('',(2.311296095359,30.105126899222));
#5573 = CARTESIAN_POINT('',(2.309602303036,30.206174645763));
#5574 = CARTESIAN_POINT('',(2.307579480687,30.306944660569));
#5575 = CARTESIAN_POINT('',(2.305200610091,30.407155918853));
#5576 = CARTESIAN_POINT('',(2.302436783646,30.506472907317));
#5577 = CARTESIAN_POINT('',(2.299257266855,30.60449931339));
#5578 = CARTESIAN_POINT('',(2.293367920584,30.760789750745));
#5579 = CARTESIAN_POINT('',(2.290931268948,30.820148447752));
#5580 = CARTESIAN_POINT('',(2.288315031958,30.878639249702));
#5581 = CARTESIAN_POINT('',(2.285515485555,30.936060923712));
#5582 = CARTESIAN_POINT('',(2.282529731908,30.99221912376));
#5583 = CARTESIAN_POINT('',(2.279355696103,31.046926389817));
#5584 = CARTESIAN_POINT('',(2.275992122829,31.100002146974));
#5585 = CARTESIAN_POINT('',(2.269696784932,31.190831178497));
#5586 = CARTESIAN_POINT('',(2.266843352566,31.229293985344));
#5587 = CARTESIAN_POINT('',(2.263880969798,31.266544567629));
#5588 = CARTESIAN_POINT('',(2.260813059953,31.302477347562));
#5589 = CARTESIAN_POINT('',(2.257643777201,31.336997821324));
#5590 = CARTESIAN_POINT('',(2.254378007912,31.370022653332));
#5591 = CARTESIAN_POINT('',(2.251021372013,31.401479770507));
#5592 = CARTESIAN_POINT('',(2.244212882462,31.460497376484));
#5593 = CARTESIAN_POINT('',(2.240766250403,31.488112767312));
#5594 = CARTESIAN_POINT('',(2.237246250472,31.514102165112));
#5595 = CARTESIAN_POINT('',(2.233659340169,31.538423925863));
#5596 = CARTESIAN_POINT('',(2.230012513624,31.561047307669));
#5597 = CARTESIAN_POINT('',(2.226313303036,31.581952552996));
#5598 = CARTESIAN_POINT('',(2.222569780102,31.601130970915));
#5599 = CARTESIAN_POINT('',(2.213224041357,31.644293544837));
#5600 = CARTESIAN_POINT('',(2.207584129974,31.666242208458));
#5601 = CARTESIAN_POINT('',(2.201887657464,31.684499917083));
#5602 = CARTESIAN_POINT('',(2.196151531466,31.699153760142));
#5603 = CARTESIAN_POINT('',(2.19039273214,31.710309103203));
#5604 = CARTESIAN_POINT('',(2.184628311207,31.718089681566));
#5605 = CARTESIAN_POINT('',(2.178875390992,31.722637693847));
#5606 = CARTESIAN_POINT('',(2.162211658986,31.726935047485));
#5607 = CARTESIAN_POINT('',(2.151368671593,31.718540082959));
#5608 = CARTESIAN_POINT('',(2.140676816572,31.700040944107));
#5609 = CARTESIAN_POINT('',(2.130177959526,31.672445327776));
#5610 = CARTESIAN_POINT('',(2.119903145441,31.636660971052));
#5611 = CARTESIAN_POINT('',(2.109874468205,31.593499982634));
#5612 = CARTESIAN_POINT('',(2.100106880565,31.543683220076));
#5613 = CARTESIAN_POINT('',(2.090609944518,31.487844712909));
#5614 = ( GEOMETRIC_REPRESENTATION_CONTEXT(2) 
PARAMETRIC_REPRESENTATION_CONTEXT() REPRESENTATION_CONTEXT('2D SPACE',''
  ) );
#5615 = PCURVE('',#2116,#5616);
#5616 = DEFINITIONAL_REPRESENTATION('',(#5617),#5746);
#5617 = B_SPLINE_CURVE_WITH_KNOTS('',8,(#5618,#5619,#5620,#5621,#5622,
    #5623,#5624,#5625,#5626,#5627,#5628,#5629,#5630,#5631,#5632,#5633,
    #5634,#5635,#5636,#5637,#5638,#5639,#5640,#5641,#5642,#5643,#5644,
    #5645,#5646,#5647,#5648,#5649,#5650,#5651,#5652,#5653,#5654,#5655,
    #5656,#5657,#5658,#5659,#5660,#5661,#5662,#5663,#5664,#5665,#5666,
    #5667,#5668,#5669,#5670,#5671,#5672,#5673,#5674,#5675,#5676,#5677,
    #5678,#5679,#5680,#5681,#5682,#5683,#5684,#5685,#5686,#5687,#5688,
    #5689,#5690,#5691,#5692,#5693,#5694,#5695,#5696,#5697,#5698,#5699,
    #5700,#5701,#5702,#5703,#5704,#5705,#5706,#5707,#5708,#5709,#5710,
    #5711,#5712,#5713,#5714,#5715,#5716,#5717,#5718,#5719,#5720,#5721,
    #5722,#5723,#5724,#5725,#5726,#5727,#5728,#5729,#5730,#5731,#5732,
    #5733,#5734,#5735,#5736,#5737,#5738,#5739,#5740,#5741,#5742,#5743,
    #5744,#5745),.UNSPECIFIED.,.F.,.F.,(9,7,7,7,7,7,7,7,7,7,7,7,7,7,7,7,
    7,7,9),(0.,4.605397982816E-02,8.768419877108E-02,0.207679984964,
    0.296990836429,0.347927100603,0.402767943838,0.446622012389,
    0.473258508935,0.500713307101,0.619868816125,0.65734584793,
    0.821532057722,0.860385234875,0.884607325718,0.903296198894,
    0.921584232851,0.948521157512,1.),.UNSPECIFIED.);
#5618 = CARTESIAN_POINT('',(0.,1.281477329286));
#5619 = CARTESIAN_POINT('',(4.045154164929E-02,1.366953915849));
#5620 = CARTESIAN_POINT('',(8.012799535821E-02,1.452897179881));
#5621 = CARTESIAN_POINT('',(0.119078931446,1.539095104281));
#5622 = CARTESIAN_POINT('',(0.157350991537,1.62538573269));
#5623 = CARTESIAN_POINT('',(0.194989525168,1.71164860353));
#5624 = CARTESIAN_POINT('',(0.232039490131,1.797797111152));
#5625 = CARTESIAN_POINT('',(0.268545616526,1.883771794105));
#5626 = CARTESIAN_POINT('',(0.337099439458,2.047059279981));
#5627 = CARTESIAN_POINT('',(0.369233544837,2.124398687776));
#5628 = CARTESIAN_POINT('',(0.400980708986,2.201510541542));
#5629 = CARTESIAN_POINT('',(0.43236530824,2.278360825951));
#5630 = CARTESIAN_POINT('',(0.463410318987,2.354923564221));
#5631 = CARTESIAN_POINT('',(0.494138099676,2.431180639623));
#5632 = CARTESIAN_POINT('',(0.524571172834,2.50712161699));
#5633 = CARTESIAN_POINT('',(0.641672088934,2.80071779645));
#5634 = CARTESIAN_POINT('',(0.726348947867,3.016020649216));
#5635 = CARTESIAN_POINT('',(0.809225706383,3.228342988231));
#5636 = CARTESIAN_POINT('',(0.890695863755,3.437583971973));
#5637 = CARTESIAN_POINT('',(0.971135190687,3.643719515374));
#5638 = CARTESIAN_POINT('',(1.050912851206,3.846709040624));
#5639 = CARTESIAN_POINT('',(1.130397379133,4.046418936791));
#5640 = CARTESIAN_POINT('',(1.269233179732,4.388511624434));
#5641 = CARTESIAN_POINT('',(1.328440706886,4.532261304414));
#5642 = CARTESIAN_POINT('',(1.387862203272,4.673877233684));
#5643 = CARTESIAN_POINT('',(1.447737193046,4.813333218365));
#5644 = CARTESIAN_POINT('',(1.508299798175,4.950459821281));
#5645 = CARTESIAN_POINT('',(1.569782468896,5.084896052848));
#5646 = CARTESIAN_POINT('',(1.632420885718,5.216022758449));
#5647 = CARTESIAN_POINT('',(1.732983197445,5.41522632319));
#5648 = CARTESIAN_POINT('',(1.769951977203,5.486165449257));
#5649 = CARTESIAN_POINT('',(1.807486922145,5.555667316667));
#5650 = CARTESIAN_POINT('',(1.845702610364,5.623627046572));
#5651 = CARTESIAN_POINT('',(1.884707376648,5.689851716217));
#5652 = CARTESIAN_POINT('',(1.924603900894,5.754048255595));
#5653 = CARTESIAN_POINT('',(1.965490656411,5.815810169677));
#5654 = CARTESIAN_POINT('',(2.052655312383,5.93790284273));
#5655 = CARTESIAN_POINT('',(2.099091822031,5.997740651217));
#5656 = CARTESIAN_POINT('',(2.14708681239,6.05372522455));
#5657 = CARTESIAN_POINT('',(2.196914528688,6.105117937306));
#5658 = CARTESIAN_POINT('',(2.248814286268,6.150805341115));
#5659 = CARTESIAN_POINT('',(2.302998990704,6.189269095956));
#5660 = CARTESIAN_POINT('',(2.359668287766,6.218553317386));
#5661 = CARTESIAN_POINT('',(2.466492649054,6.250364160598));
#5662 = CARTESIAN_POINT('',(2.51641913745,6.25729691002));
#5663 = CARTESIAN_POINT('',(2.567951295305,6.255064561038));
#5664 = CARTESIAN_POINT('',(2.620389462909,6.242372590528));
#5665 = CARTESIAN_POINT('',(2.673127899283,6.218623704186));
#5666 = CARTESIAN_POINT('',(2.725601467081,6.183949102735));
#5667 = CARTESIAN_POINT('',(2.777240371579,6.139233700287));
#5668 = CARTESIAN_POINT('',(2.857920094684,6.053870080049));
#5669 = CARTESIAN_POINT('',(2.887721276648,6.018678605413));
#5670 = CARTESIAN_POINT('',(2.9168365357,5.980840329303));
#5671 = CARTESIAN_POINT('',(2.945261061756,5.940650694615));
#5672 = CARTESIAN_POINT('',(2.97298589284,5.898412137003));
#5673 = CARTESIAN_POINT('',(2.999998174849,5.854433682195));
#5674 = CARTESIAN_POINT('',(3.026281421325,5.809030543296));
#5675 = CARTESIAN_POINT('',(3.078134567678,5.714588153558));
#5676 = CARTESIAN_POINT('',(3.103733736918,5.665341626002));
#5677 = CARTESIAN_POINT('',(3.128653481683,5.614995156904));
#5678 = CARTESIAN_POINT('',(3.152932825744,5.563729834072));
#5679 = CARTESIAN_POINT('',(3.176610560069,5.511696510923));
#5680 = CARTESIAN_POINT('',(3.199726186973,5.459015505767));
#5681 = CARTESIAN_POINT('',(3.222320864277,5.40577630108));
#5682 = CARTESIAN_POINT('',(3.340429592618,5.118806431659));
#5683 = CARTESIAN_POINT('',(3.429078416701,4.872158107718));
#5684 = CARTESIAN_POINT('',(3.511583631501,4.620718217884));
#5685 = CARTESIAN_POINT('',(3.588972868005,4.369653969925));
#5686 = CARTESIAN_POINT('',(3.662312322342,4.121190814647));
#5687 = CARTESIAN_POINT('',(3.732813393472,3.87503734257));
#5688 = CARTESIAN_POINT('',(3.801871133019,3.62899812776));
#5689 = CARTESIAN_POINT('',(3.892833812664,3.301756314125));
#5690 = CARTESIAN_POINT('',(3.914481687969,3.223639965722));
#5691 = CARTESIAN_POINT('',(3.936031107503,3.145728924768));
#5692 = CARTESIAN_POINT('',(3.957499578476,3.068044993769));
#5693 = CARTESIAN_POINT('',(3.978904337893,2.990608454874));
#5694 = CARTESIAN_POINT('',(4.0002626311,2.913438165508));
#5695 = CARTESIAN_POINT('',(4.021591990308,2.836551654016));
#5696 = CARTESIAN_POINT('',(4.136306582499,2.424441389392));
#5697 = CARTESIAN_POINT('',(4.227291881843,2.102595076526));
#5698 = CARTESIAN_POINT('',(4.318842732098,1.790122393268));
#5699 = CARTESIAN_POINT('',(4.413431867493,1.484095229344));
#5700 = CARTESIAN_POINT('',(4.513077086826,1.186084556873));
#5701 = CARTESIAN_POINT('',(4.619680048824,0.90320911672));
#5702 = CARTESIAN_POINT('',(4.735108917105,0.648833657715));
#5703 = CARTESIAN_POINT('',(4.892320222444,0.393879019153));
#5704 = CARTESIAN_POINT('',(4.923212469684,0.347542395734));
#5705 = CARTESIAN_POINT('',(4.954965000301,0.303963083759));
#5706 = CARTESIAN_POINT('',(4.987632100197,0.263485307109));
#5707 = CARTESIAN_POINT('',(5.021270673344,0.226491536317));
#5708 = CARTESIAN_POINT('',(5.055941182687,0.193402280533));
#5709 = CARTESIAN_POINT('',(5.091709548902,0.164675281039));
#5710 = CARTESIAN_POINT('',(5.151679658537,0.125922189201));
#5711 = CARTESIAN_POINT('',(5.175173336385,0.112922008785));
#5712 = CARTESIAN_POINT('',(5.199113323153,0.101949376639));
#5713 = CARTESIAN_POINT('',(5.223483559382,9.313611137881E-02));
#5714 = CARTESIAN_POINT('',(5.248269566942,8.660012696249E-02));
#5715 = CARTESIAN_POINT('',(5.273458372441,8.24455209716E-02));
#5716 = CARTESIAN_POINT('',(5.299038430635,8.076266289808E-02));
#5717 = CARTESIAN_POINT('',(5.345030189698,8.229616257719E-02));
#5718 = CARTESIAN_POINT('',(5.36527707032,8.448087346557E-02));
#5719 = CARTESIAN_POINT('',(5.385715430457,8.821427464724E-02));
#5720 = CARTESIAN_POINT('',(5.406321061438,9.351512019196E-02));
#5721 = CARTESIAN_POINT('',(5.427069979665,0.100389357263));
#5722 = CARTESIAN_POINT('',(5.447938101094,0.108830424697));
#5723 = CARTESIAN_POINT('',(5.468900915737,0.118819551576));
#5724 = CARTESIAN_POINT('',(5.510514308638,0.141585768381));
#5725 = CARTESIAN_POINT('',(5.531151937553,0.15429302437));
#5726 = CARTESIAN_POINT('',(5.55182332454,0.168417031927));
#5727 = CARTESIAN_POINT('',(5.572505678371,0.183917060637));
#5728 = CARTESIAN_POINT('',(5.593175787002,0.200742733812));
#5729 = CARTESIAN_POINT('',(5.613809663646,0.218834320774));
#5730 = CARTESIAN_POINT('',(5.63438219283,0.238123029148));
#5731 = CARTESIAN_POINT('',(5.685039056724,0.288591170104));
#5732 = CARTESIAN_POINT('',(5.714998530539,0.321058131532));
#5733 = CARTESIAN_POINT('',(5.744719870244,0.355736071472));
#5734 = CARTESIAN_POINT('',(5.774176974453,0.392423777615));
#5735 = CARTESIAN_POINT('',(5.803342283415,0.430915189216));
#5736 = CARTESIAN_POINT('',(5.832186094367,0.470999651021));
#5737 = CARTESIAN_POINT('',(5.860675876898,0.512462167185));
#5738 = CARTESIAN_POINT('',(5.942476618963,0.636537083753));
#5739 = CARTESIAN_POINT('',(5.994793767046,0.722284423607));
#5740 = CARTESIAN_POINT('',(6.045794449308,0.811293988075));
#5741 = CARTESIAN_POINT('',(6.095540202891,0.902735362899));
#5742 = CARTESIAN_POINT('',(6.144090952313,0.995945618408));
#5743 = CARTESIAN_POINT('',(6.191507400348,1.090399601423));
#5744 = CARTESIAN_POINT('',(6.237851542801,1.185684306893));
#5745 = CARTESIAN_POINT('',(6.28318530718,1.281477329286));
#5746 = ( GEOMETRIC_REPRESENTATION_CONTEXT(2) 
PARAMETRIC_REPRESENTATION_CONTEXT() REPRESENTATION_CONTEXT('2D SPACE',''
  ) );
#5747 = ORIENTED_EDGE('',*,*,#5748,.F.);
#5748 = EDGE_CURVE('',#2452,#5351,#5749,.T.);
#5749 = SURFACE_CURVE('',#5750,(#5879,#6011),.PCURVE_S1.);
#5750 = B_SPLINE_CURVE_WITH_KNOTS('',8,(#5751,#5752,#5753,#5754,#5755,
    #5756,#5757,#5758,#5759,#5760,#5761,#5762,#5763,#5764,#5765,#5766,
    #5767,#5768,#5769,#5770,#5771,#5772,#5773,#5774,#5775,#5776,#5777,
    #5778,#5779,#5780,#5781,#5782,#5783,#5784,#5785,#5786,#5787,#5788,
    #5789,#5790,#5791,#5792,#5793,#5794,#5795,#5796,#5797,#5798,#5799,
    #5800,#5801,#5802,#5803,#5804,#5805,#5806,#5807,#5808,#5809,#5810,
    #5811,#5812,#5813,#5814,#5815,#5816,#5817,#5818,#5819,#5820,#5821,
    #5822,#5823,#5824,#5825,#5826,#5827,#5828,#5829,#5830,#5831,#5832,
    #5833,#5834,#5835,#5836,#5837,#5838,#5839,#5840,#5841,#5842,#5843,
    #5844,#5845,#5846,#5847,#5848,#5849,#5850,#5851,#5852,#5853,#5854,
    #5855,#5856,#5857,#5858,#5859,#5860,#5861,#5862,#5863,#5864,#5865,
    #5866,#5867,#5868,#5869,#5870,#5871,#5872,#5873,#5874,#5875,#5876,
    #5877,#5878),.UNSPECIFIED.,.T.,.F.,(9,7,7,7,7,7,7,7,7,7,7,7,7,7,7,7,
    7,7,9),(0.,4.605397982816E-02,8.768419877108E-02,0.207679984964,
    0.296990836429,0.347927100603,0.402767943838,0.446622012389,
    0.473258508935,0.500713307101,0.619868816125,0.65734584793,
    0.821532057722,0.860385234875,0.884607325718,0.903296198894,
    0.921584232851,0.948521157512,1.),.UNSPECIFIED.);
#5751 = CARTESIAN_POINT('',(14.320544275208,31.487844712909,
    -8.19585332115));
#5752 = CARTESIAN_POINT('',(14.389997271323,31.438019737435,
    -8.074498696202));
#5753 = CARTESIAN_POINT('',(14.456559220614,31.383364215458,
    -7.955469347019));
#5754 = CARTESIAN_POINT('',(14.520277035797,31.324307263636,
    -7.838919092371));
#5755 = CARTESIAN_POINT('',(14.581221754962,31.261225746878,
    -7.72496203119));
#5756 = CARTESIAN_POINT('',(14.639480985933,31.194448441471,
    -7.613677430333));
#5757 = CARTESIAN_POINT('',(14.695152480399,31.124260182535,
    -7.505115509121));
#5758 = CARTESIAN_POINT('',(14.748338837821,31.050905995815,
    -7.399304120618));
#5759 = CARTESIAN_POINT('',(14.845067763441,30.905614539937,
    -7.203106896917));
#5760 = CARTESIAN_POINT('',(14.889038834356,30.834228935953,
    -7.112230007498));
#5761 = CARTESIAN_POINT('',(14.931125288389,30.760606667603,
    -7.02365155601));
#5762 = CARTESIAN_POINT('',(14.971395178047,30.684900950504,
    -6.93739113248));
#5763 = CARTESIAN_POINT('',(15.00991569309,30.607250007243,
    -6.853462082564));
#5764 = CARTESIAN_POINT('',(15.04675298183,30.527777124472,
    -6.771871567717));
#5765 = CARTESIAN_POINT('',(15.081971972416,30.446590710014,
    -6.692620625368));
#5766 = CARTESIAN_POINT('',(15.212670628561,30.125101620695,
    -6.393998850733));
#5767 = CARTESIAN_POINT('',(15.296777894488,29.872982052177,
    -6.191711834138));
#5768 = CARTESIAN_POINT('',(15.369371094604,29.609925755217,
    -6.00897618413));
#5769 = CARTESIAN_POINT('',(15.431683550281,29.337824902417,
    -5.84576994537));
#5770 = CARTESIAN_POINT('',(15.484734197941,29.058141148222,
    -5.702038953304));
#5771 = CARTESIAN_POINT('',(15.529320394286,28.77205557228,
    -5.577813576894));
#5772 = CARTESIAN_POINT('',(15.56601498591,28.480595902517,
    -5.473310882018));
#5773 = CARTESIAN_POINT('',(15.616825106853,27.964549485021,
    -5.326272624111));
#5774 = CARTESIAN_POINT('',(15.634280192475,27.742272928638,
    -5.274824985863));
#5775 = CARTESIAN_POINT('',(15.647697833525,27.518028947403,
    -5.234721610046));
#5776 = CARTESIAN_POINT('',(15.65714789966,27.291959871955,
    -5.206200130254));
#5777 = CARTESIAN_POINT('',(15.662590923325,27.064301362646,
    -5.189692656582));
#5778 = CARTESIAN_POINT('',(15.663874875007,26.835460790524,
    -5.185828302735));
#5779 = CARTESIAN_POINT('',(15.660719842814,26.606110157997,
    -5.195430517019));
#5780 = CARTESIAN_POINT('',(15.648111343035,26.246793597156,
    -5.233241916129));
#5781 = CARTESIAN_POINT('',(15.641947841017,26.116503356772,
    -5.25167962794));
#5782 = CARTESIAN_POINT('',(15.63411137085,25.986346770516,
    -5.275033476378));
#5783 = CARTESIAN_POINT('',(15.624479841077,25.856333573834,
    -5.303583888705));
#5784 = CARTESIAN_POINT('',(15.61289759729,25.726577760033,
    -5.337673454268));
#5785 = CARTESIAN_POINT('',(15.599173586297,25.597315784969,
    -5.377698717086));
#5786 = CARTESIAN_POINT('',(15.583077895392,25.468924521505,
    -5.424100902474));
#5787 = CARTESIAN_POINT('',(15.544158807225,25.205219179131,
    -5.53469255248));
#5788 = CARTESIAN_POINT('',(15.52092082831,25.070172873295,
    -5.599954505076));
#5789 = CARTESIAN_POINT('',(15.494197095707,24.936878005367,
    -5.673972653056));
#5790 = CARTESIAN_POINT('',(15.463461139023,24.805867846734,
    -5.757728538747));
#5791 = CARTESIAN_POINT('',(15.42808145495,24.678172281879,
    -5.852300513744));
#5792 = CARTESIAN_POINT('',(15.38731401943,24.555358954772,
    -5.958806399171));
#5793 = CARTESIAN_POINT('',(15.340291508793,24.439574260817,
    -6.078342321676));
#5794 = CARTESIAN_POINT('',(15.24260182326,24.248828082765,
    -6.318732729402));
#5795 = CARTESIAN_POINT('',(15.193874867028,24.169012271113,
    -6.436192099441));
#5796 = CARTESIAN_POINT('',(15.140023432725,24.097776312587,
    -6.562935011425));
#5797 = CARTESIAN_POINT('',(15.081373785179,24.037795802836,
    -6.697308636475));
#5798 = CARTESIAN_POINT('',(15.018435165923,23.990805274145,
    -6.837369783758));
#5799 = CARTESIAN_POINT('',(14.951948401697,23.957612314404,
    -6.980927577694));
#5800 = CARTESIAN_POINT('',(14.882922081801,23.93810473311,
    -7.125593151348));
#5801 = CARTESIAN_POINT('',(14.769962737239,23.927090697692,
    -7.355786080524));
#5802 = CARTESIAN_POINT('',(14.727030749263,23.92761838353,
    -7.441798518512));
#5803 = CARTESIAN_POINT('',(14.6839698267,23.932507028098,
    -7.526638210541));
#5804 = CARTESIAN_POINT('',(14.64090313754,23.941421476911,
    -7.610114068962));
#5805 = CARTESIAN_POINT('',(14.597957635526,23.954019856247,
    -7.692044726593));
#5806 = CARTESIAN_POINT('',(14.555263420467,23.969953372302,
    -7.772257903394));
#5807 = CARTESIAN_POINT('',(14.512953098556,23.988866110342,
    -7.850589773139));
#5808 = CARTESIAN_POINT('',(14.428085293293,24.032584942747,
    -8.005522737296));
#5809 = CARTESIAN_POINT('',(14.385435742347,24.057618291334,
    -8.082223726338));
#5810 = CARTESIAN_POINT('',(14.343250355309,24.085185646639,
    -8.15700457151));
#5811 = CARTESIAN_POINT('',(14.301556135302,24.115013986551,
    -8.22989935899));
#5812 = CARTESIAN_POINT('',(14.260368723657,24.146866319525,
    -8.300958249575));
#5813 = CARTESIAN_POINT('',(14.219691900471,24.180541504284,
    -8.370246741417));
#5814 = CARTESIAN_POINT('',(14.179517085161,24.21587406952,
    -8.437844932768));
#5815 = CARTESIAN_POINT('',(13.967547363903,24.412708539863,
    -8.790298872881));
#5816 = CARTESIAN_POINT('',(13.8013689194,24.604200173539,
    -9.051595244786));
#5817 = CARTESIAN_POINT('',(13.643368350421,24.815311378413,
    -9.288169830973));
#5818 = CARTESIAN_POINT('',(13.494376997284,25.03833645664,
    -9.502229858158));
#5819 = CARTESIAN_POINT('',(13.354120765263,25.269075493692,
    -9.696775761658));
#5820 = CARTESIAN_POINT('',(13.221471558803,25.506455916465,
    -9.875130424522));
#5821 = CARTESIAN_POINT('',(13.094907185381,25.752122215152,
    -10.04052546127));
#5822 = CARTESIAN_POINT('',(12.935026670423,26.090653890588,
    -10.24396983216));
#5823 = CARTESIAN_POINT('',(12.89749025376,26.17234188294,
    -10.29130443623));
#5824 = CARTESIAN_POINT('',(12.86068021081,26.254690183713,
    -10.33732149329));
#5825 = CARTESIAN_POINT('',(12.82460654419,26.337675332938,
    -10.38204287518));
#5826 = CARTESIAN_POINT('',(12.7892807563,26.421278569493,
    -10.42548699048));
#5827 = CARTESIAN_POINT('',(12.754715971348,26.505485837116,
    -10.46766886637));
#5828 = CARTESIAN_POINT('',(12.720927057364,26.590287790418,
    -10.50860023043));
#5829 = CARTESIAN_POINT('',(12.543374504733,27.049780680107,
    -10.72216798207));
#5830 = CARTESIAN_POINT('',(12.417442770034,27.426378716779,
    -10.86810387642));
#5831 = CARTESIAN_POINT('',(12.308052900843,27.809954303462,
    -10.99146906359));
#5832 = CARTESIAN_POINT('',(12.21562487224,28.206116141342,
    -11.09326118324));
#5833 = CARTESIAN_POINT('',(12.144120184961,28.617691261631,
    -11.17047901715));
#5834 = CARTESIAN_POINT('',(12.101294854377,29.043278616693,
    -11.21607827172));
#5835 = CARTESIAN_POINT('',(12.099016050352,29.476492601621,
    -11.2191705449));
#5836 = CARTESIAN_POINT('',(12.163693989737,30.004033832807,
    -11.14876151127));
#5837 = CARTESIAN_POINT('',(12.179190270853,30.105126899222,
    -11.13185782386));
#5838 = CARTESIAN_POINT('',(12.198047494212,30.206174645763,
    -11.1112307665));
#5839 = CARTESIAN_POINT('',(12.220522569786,30.306944660568,
    -11.08655539348));
#5840 = CARTESIAN_POINT('',(12.24688460364,30.407155918853,
    -11.05747391487));
#5841 = CARTESIAN_POINT('',(12.277410426809,30.506472907317,
    -11.02359377537));
#5842 = CARTESIAN_POINT('',(12.312379075469,30.60449931339,
    -10.98448471347));
#5843 = CARTESIAN_POINT('',(12.376806608467,30.760789750745,
    -10.91173912421));
#5844 = CARTESIAN_POINT('',(12.403390552704,30.820148447752,
    -10.88157746721));
#5845 = CARTESIAN_POINT('',(12.431847203125,30.878639249702,
    -10.84911656726));
#5846 = CARTESIAN_POINT('',(12.462194427669,30.936060923712,
    -10.81429079705));
#5847 = CARTESIAN_POINT('',(12.494437922228,30.99221912376,
    -10.77704232107));
#5848 = CARTESIAN_POINT('',(12.528571318676,31.046926389817,
    -10.73732125243));
#5849 = CARTESIAN_POINT('',(12.564576292899,31.100002146974,
    -10.69508580964));
#5850 = CARTESIAN_POINT('',(12.631623545666,31.190831178497,
    -10.6157493006));
#5851 = CARTESIAN_POINT('',(12.661905177199,31.229293985344,
    -10.57969763241));
#5852 = CARTESIAN_POINT('',(12.693223160003,31.266544567629,
    -10.54216879733));
#5853 = CARTESIAN_POINT('',(12.725524834335,31.302477347562,
    -10.50319316868));
#5854 = CARTESIAN_POINT('',(12.75874972322,31.336997821324,
    -10.46281055965));
#5855 = CARTESIAN_POINT('',(12.792829967534,31.370022653332,
    -10.42107061844));
#5856 = CARTESIAN_POINT('',(12.8276907611,31.401479770507,
    -10.37803322336));
#5857 = CARTESIAN_POINT('',(12.898048118522,31.460497376484,
    -10.2904539148));
#5858 = CARTESIAN_POINT('',(12.933498123201,31.488112767312,
    -10.24598511314));
#5859 = CARTESIAN_POINT('',(12.969525266773,31.514102165112,
    -10.20042835103));
#5860 = CARTESIAN_POINT('',(13.006049546798,31.538423925863,
    -10.15385752004));
#5861 = CARTESIAN_POINT('',(13.042986910147,31.561047307669,
    -10.10635483353));
#5862 = CARTESIAN_POINT('',(13.08024967172,31.581952552996,
    -10.05801113508));
#5863 = CARTESIAN_POINT('',(13.117746933164,31.601130970915,
    -10.00892620687));
#5864 = CARTESIAN_POINT('',(13.210823099315,31.644293544837,
    -9.885979415554));
#5865 = CARTESIAN_POINT('',(13.266526335776,31.666242208458,
    -9.811431568587));
#5866 = CARTESIAN_POINT('',(13.322302789439,31.684499917083,
    -9.7357740467));
#5867 = CARTESIAN_POINT('',(13.377967303242,31.699153760142,
    -9.659222642635));
#5868 = CARTESIAN_POINT('',(13.433341864243,31.710309103203,
    -9.582000329339));
#5869 = CARTESIAN_POINT('',(13.488255983267,31.718089681566,
    -9.504337156991));
#5870 = CARTESIAN_POINT('',(13.542547074557,31.722637693847,
    -9.426470150035));
#5871 = CARTESIAN_POINT('',(13.698330359527,31.726935047485,
    -9.199909035944));
#5872 = CARTESIAN_POINT('',(13.797838104369,31.718540082959,
    -9.051208502965));
#5873 = CARTESIAN_POINT('',(13.894112059079,31.700040944107,-8.903350814
    ));
#5874 = CARTESIAN_POINT('',(13.986853136411,31.672445327776,
    -8.757005320194));
#5875 = CARTESIAN_POINT('',(14.075896664025,31.636660971052,
    -8.612710508336));
#5876 = CARTESIAN_POINT('',(14.16117892969,31.593499982633,
    -8.470887008237));
#5877 = CARTESIAN_POINT('',(14.24270878037,31.543683220076,
    -8.331854614285));
#5878 = CARTESIAN_POINT('',(14.320544275208,31.487844712909,
    -8.19585332115));
#5879 = PCURVE('',#946,#5880);
#5880 = DEFINITIONAL_REPRESENTATION('',(#5881),#6010);
#5881 = B_SPLINE_CURVE_WITH_KNOTS('',8,(#5882,#5883,#5884,#5885,#5886,
    #5887,#5888,#5889,#5890,#5891,#5892,#5893,#5894,#5895,#5896,#5897,
    #5898,#5899,#5900,#5901,#5902,#5903,#5904,#5905,#5906,#5907,#5908,
    #5909,#5910,#5911,#5912,#5913,#5914,#5915,#5916,#5917,#5918,#5919,
    #5920,#5921,#5922,#5923,#5924,#5925,#5926,#5927,#5928,#5929,#5930,
    #5931,#5932,#5933,#5934,#5935,#5936,#5937,#5938,#5939,#5940,#5941,
    #5942,#5943,#5944,#5945,#5946,#5947,#5948,#5949,#5950,#5951,#5952,
    #5953,#5954,#5955,#5956,#5957,#5958,#5959,#5960,#5961,#5962,#5963,
    #5964,#5965,#5966,#5967,#5968,#5969,#5970,#5971,#5972,#5973,#5974,
    #5975,#5976,#5977,#5978,#5979,#5980,#5981,#5982,#5983,#5984,#5985,
    #5986,#5987,#5988,#5989,#5990,#5991,#5992,#5993,#5994,#5995,#5996,
    #5997,#5998,#5999,#6000,#6001,#6002,#6003,#6004,#6005,#6006,#6007,
    #6008,#6009),.UNSPECIFIED.,.T.,.F.,(9,7,7,7,7,7,7,7,7,7,7,7,7,7,7,7,
    7,7,9),(0.,4.605397982816E-02,8.768419877108E-02,0.207679984964,
    0.296990836429,0.347927100603,0.402767943838,0.446622012389,
    0.473258508935,0.500713307101,0.619868816125,0.65734584793,
    0.821532057722,0.860385234875,0.884607325718,0.903296198894,
    0.921584232851,0.948521157512,1.),.UNSPECIFIED.);
#5882 = CARTESIAN_POINT('',(2.090609944518,31.487844712909));
#5883 = CARTESIAN_POINT('',(2.082135781622,31.438019737435));
#5884 = CARTESIAN_POINT('',(2.0738709627,31.383364215458));
#5885 = CARTESIAN_POINT('',(2.06582123765,31.324307263636));
#5886 = CARTESIAN_POINT('',(2.057989737445,31.261225746878));
#5887 = CARTESIAN_POINT('',(2.050377442621,31.194448441471));
#5888 = CARTESIAN_POINT('',(2.042983660379,31.124260182535));
#5889 = CARTESIAN_POINT('',(2.035806510304,31.050905995815));
#5890 = CARTESIAN_POINT('',(2.022549173767,30.905614539937));
#5891 = CARTESIAN_POINT('',(2.016430810657,30.834228935953));
#5892 = CARTESIAN_POINT('',(2.010487515297,30.760606667603));
#5893 = CARTESIAN_POINT('',(2.004718237671,30.684900950504));
#5894 = CARTESIAN_POINT('',(1.999121688777,30.607250007243));
#5895 = CARTESIAN_POINT('',(1.993696337611,30.527777124472));
#5896 = CARTESIAN_POINT('',(1.98844040814,30.446590710014));
#5897 = CARTESIAN_POINT('',(1.968684589014,30.125101620695));
#5898 = CARTESIAN_POINT('',(1.955409563878,29.872982052177));
#5899 = CARTESIAN_POINT('',(1.943495035043,29.609925755217));
#5900 = CARTESIAN_POINT('',(1.932908850792,29.337824902417));
#5901 = CARTESIAN_POINT('',(1.923624272499,29.058141148222));
#5902 = CARTESIAN_POINT('',(1.915625545517,28.77205557228));
#5903 = CARTESIAN_POINT('',(1.908913029841,28.480595902517));
#5904 = CARTESIAN_POINT('',(1.899484565877,27.964549485021));
#5905 = CARTESIAN_POINT('',(1.89619200765,27.742272928638));
#5906 = CARTESIAN_POINT('',(1.893629095355,27.518028947403));
#5907 = CARTESIAN_POINT('',(1.891808109855,27.291959871955));
#5908 = CARTESIAN_POINT('',(1.890754672603,27.064301362646));
#5909 = CARTESIAN_POINT('',(1.890507882651,26.835460790524));
#5910 = CARTESIAN_POINT('',(1.891120439217,26.606110157997));
#5911 = CARTESIAN_POINT('',(1.893536087749,26.246793597156));
#5912 = CARTESIAN_POINT('',(1.894714307599,26.116503356772));
#5913 = CARTESIAN_POINT('',(1.896207248337,25.986346770516));
#5914 = CARTESIAN_POINT('',(1.898033380242,25.856333573834));
#5915 = CARTESIAN_POINT('',(1.900215394922,25.726577760033));
#5916 = CARTESIAN_POINT('',(1.902779781384,25.597315784969));
#5917 = CARTESIAN_POINT('',(1.905756388163,25.468924521505));
#5918 = CARTESIAN_POINT('',(1.91286184035,25.205219179131));
#5919 = CARTESIAN_POINT('',(1.91706034519,25.070172873295));
#5920 = CARTESIAN_POINT('',(1.921829624832,24.936878005367));
#5921 = CARTESIAN_POINT('',(1.927236584075,24.805867846734));
#5922 = CARTESIAN_POINT('',(1.933355897274,24.678172281879));
#5923 = CARTESIAN_POINT('',(1.940267070897,24.555358954772));
#5924 = CARTESIAN_POINT('',(1.948051565098,24.439574260817));
#5925 = CARTESIAN_POINT('',(1.963777736927,24.248828082765));
#5926 = CARTESIAN_POINT('',(1.971484523047,24.169012271113));
#5927 = CARTESIAN_POINT('',(1.979830003072,24.097776312587));
#5928 = CARTESIAN_POINT('',(1.988714880359,24.037795802836));
#5929 = CARTESIAN_POINT('',(1.99801995707,23.990805274145));
#5930 = CARTESIAN_POINT('',(2.007607187469,23.957612314404));
#5931 = CARTESIAN_POINT('',(2.017321123609,23.93810473311));
#5932 = CARTESIAN_POINT('',(2.032861420251,23.927090697692));
#5933 = CARTESIAN_POINT('',(2.038687447055,23.92761838353));
#5934 = CARTESIAN_POINT('',(2.044453419573,23.932507028098));
#5935 = CARTESIAN_POINT('',(2.050145938809,23.941421476911));
#5936 = CARTESIAN_POINT('',(2.055751999097,23.954019856247));
#5937 = CARTESIAN_POINT('',(2.061258961206,23.969953372302));
#5938 = CARTESIAN_POINT('',(2.066654525452,23.988866110342));
#5939 = CARTESIAN_POINT('',(2.077360851132,24.032584942747));
#5940 = CARTESIAN_POINT('',(2.082679603553,24.057618291334));
#5941 = CARTESIAN_POINT('',(2.08788302331,24.085185646639));
#5942 = CARTESIAN_POINT('',(2.092972335956,24.115013986551));
#5943 = CARTESIAN_POINT('',(2.097949913441,24.146866319525));
#5944 = CARTESIAN_POINT('',(2.102819256205,24.180541504284));
#5945 = CARTESIAN_POINT('',(2.107584975274,24.21587406952));
#5946 = CARTESIAN_POINT('',(2.132511308805,24.412708539863));
#5947 = CARTESIAN_POINT('',(2.151272875198,24.604200173539));
#5948 = CARTESIAN_POINT('',(2.168507781252,24.815311378413));
#5949 = CARTESIAN_POINT('',(2.184309201147,25.03833645664));
#5950 = CARTESIAN_POINT('',(2.198841197411,25.269075493692));
#5951 = CARTESIAN_POINT('',(2.212310172851,25.506455916465));
#5952 = CARTESIAN_POINT('',(2.224931226055,25.752122215152));
#5953 = CARTESIAN_POINT('',(2.240613024165,26.090653890588));
#5954 = CARTESIAN_POINT('',(2.244274290915,26.17234188294));
#5955 = CARTESIAN_POINT('',(2.247845652667,26.254690183713));
#5956 = CARTESIAN_POINT('',(2.251327841424,26.337675332938));
#5957 = CARTESIAN_POINT('',(2.254721353661,26.421278569493));
#5958 = CARTESIAN_POINT('',(2.258026451202,26.505485837116));
#5959 = CARTESIAN_POINT('',(2.261243162092,26.590287790418));
#5960 = CARTESIAN_POINT('',(2.278075516861,27.049780680107));
#5961 = CARTESIAN_POINT('',(2.289755903498,27.426378716778));
#5962 = CARTESIAN_POINT('',(2.299747499149,27.809954303462));
#5963 = CARTESIAN_POINT('',(2.30807926017,28.206116141341));
#5964 = CARTESIAN_POINT('',(2.314457780744,28.617691261632));
#5965 = CARTESIAN_POINT('',(2.318248829284,29.043278616693));
#5966 = CARTESIAN_POINT('',(2.318480257628,29.476492601621));
#5967 = CARTESIAN_POINT('',(2.312685903687,30.004033832807));
#5968 = CARTESIAN_POINT('',(2.311296095359,30.105126899222));
#5969 = CARTESIAN_POINT('',(2.309602303036,30.206174645763));
#5970 = CARTESIAN_POINT('',(2.307579480687,30.306944660569));
#5971 = CARTESIAN_POINT('',(2.305200610091,30.407155918853));
#5972 = CARTESIAN_POINT('',(2.302436783646,30.506472907317));
#5973 = CARTESIAN_POINT('',(2.299257266855,30.60449931339));
#5974 = CARTESIAN_POINT('',(2.293367920584,30.760789750745));
#5975 = CARTESIAN_POINT('',(2.290931268948,30.820148447752));
#5976 = CARTESIAN_POINT('',(2.288315031958,30.878639249702));
#5977 = CARTESIAN_POINT('',(2.285515485555,30.936060923712));
#5978 = CARTESIAN_POINT('',(2.282529731908,30.99221912376));
#5979 = CARTESIAN_POINT('',(2.279355696103,31.046926389817));
#5980 = CARTESIAN_POINT('',(2.275992122829,31.100002146974));
#5981 = CARTESIAN_POINT('',(2.269696784932,31.190831178497));
#5982 = CARTESIAN_POINT('',(2.266843352566,31.229293985344));
#5983 = CARTESIAN_POINT('',(2.263880969798,31.266544567629));
#5984 = CARTESIAN_POINT('',(2.260813059953,31.302477347562));
#5985 = CARTESIAN_POINT('',(2.257643777201,31.336997821324));
#5986 = CARTESIAN_POINT('',(2.254378007912,31.370022653332));
#5987 = CARTESIAN_POINT('',(2.251021372013,31.401479770507));
#5988 = CARTESIAN_POINT('',(2.244212882462,31.460497376484));
#5989 = CARTESIAN_POINT('',(2.240766250403,31.488112767312));
#5990 = CARTESIAN_POINT('',(2.237246250472,31.514102165112));
#5991 = CARTESIAN_POINT('',(2.233659340169,31.538423925863));
#5992 = CARTESIAN_POINT('',(2.230012513624,31.561047307669));
#5993 = CARTESIAN_POINT('',(2.226313303036,31.581952552996));
#5994 = CARTESIAN_POINT('',(2.222569780102,31.601130970915));
#5995 = CARTESIAN_POINT('',(2.213224041357,31.644293544837));
#5996 = CARTESIAN_POINT('',(2.207584129974,31.666242208458));
#5997 = CARTESIAN_POINT('',(2.201887657464,31.684499917083));
#5998 = CARTESIAN_POINT('',(2.196151531466,31.699153760142));
#5999 = CARTESIAN_POINT('',(2.19039273214,31.710309103203));
#6000 = CARTESIAN_POINT('',(2.184628311207,31.718089681566));
#6001 = CARTESIAN_POINT('',(2.178875390992,31.722637693847));
#6002 = CARTESIAN_POINT('',(2.162211658986,31.726935047485));
#6003 = CARTESIAN_POINT('',(2.151368671593,31.718540082959));
#6004 = CARTESIAN_POINT('',(2.140676816572,31.700040944107));
#6005 = CARTESIAN_POINT('',(2.130177959526,31.672445327776));
#6006 = CARTESIAN_POINT('',(2.119903145441,31.636660971052));
#6007 = CARTESIAN_POINT('',(2.109874468205,31.593499982634));
#6008 = CARTESIAN_POINT('',(2.100106880565,31.543683220076));
#6009 = CARTESIAN_POINT('',(2.090609944518,31.487844712909));
#6010 = ( GEOMETRIC_REPRESENTATION_CONTEXT(2) 
PARAMETRIC_REPRESENTATION_CONTEXT() REPRESENTATION_CONTEXT('2D SPACE',''
  ) );
#6011 = PCURVE('',#2116,#6012);
#6012 = DEFINITIONAL_REPRESENTATION('',(#6013),#6142);
#6013 = B_SPLINE_CURVE_WITH_KNOTS('',8,(#6014,#6015,#6016,#6017,#6018,
    #6019,#6020,#6021,#6022,#6023,#6024,#6025,#6026,#6027,#6028,#6029,
    #6030,#6031,#6032,#6033,#6034,#6035,#6036,#6037,#6038,#6039,#6040,
    #6041,#6042,#6043,#6044,#6045,#6046,#6047,#6048,#6049,#6050,#6051,
    #6052,#6053,#6054,#6055,#6056,#6057,#6058,#6059,#6060,#6061,#6062,
    #6063,#6064,#6065,#6066,#6067,#6068,#6069,#6070,#6071,#6072,#6073,
    #6074,#6075,#6076,#6077,#6078,#6079,#6080,#6081,#6082,#6083,#6084,
    #6085,#6086,#6087,#6088,#6089,#6090,#6091,#6092,#6093,#6094,#6095,
    #6096,#6097,#6098,#6099,#6100,#6101,#6102,#6103,#6104,#6105,#6106,
    #6107,#6108,#6109,#6110,#6111,#6112,#6113,#6114,#6115,#6116,#6117,
    #6118,#6119,#6120,#6121,#6122,#6123,#6124,#6125,#6126,#6127,#6128,
    #6129,#6130,#6131,#6132,#6133,#6134,#6135,#6136,#6137,#6138,#6139,
    #6140,#6141),.UNSPECIFIED.,.F.,.F.,(9,7,7,7,7,7,7,7,7,7,7,7,7,7,7,7,
    7,7,9),(0.,4.605397982816E-02,8.768419877108E-02,0.207679984964,
    0.296990836429,0.347927100603,0.402767943838,0.446622012389,
    0.473258508935,0.500713307101,0.619868816125,0.65734584793,
    0.821532057722,0.860385234875,0.884607325718,0.903296198894,
    0.921584232851,0.948521157512,1.),.UNSPECIFIED.);
#6014 = CARTESIAN_POINT('',(0.,1.281477329286));
#6015 = CARTESIAN_POINT('',(4.045154164929E-02,1.366953915849));
#6016 = CARTESIAN_POINT('',(8.012799535821E-02,1.452897179881));
#6017 = CARTESIAN_POINT('',(0.119078931446,1.539095104281));
#6018 = CARTESIAN_POINT('',(0.157350991537,1.62538573269));
#6019 = CARTESIAN_POINT('',(0.194989525168,1.71164860353));
#6020 = CARTESIAN_POINT('',(0.232039490131,1.797797111152));
#6021 = CARTESIAN_POINT('',(0.268545616526,1.883771794105));
#6022 = CARTESIAN_POINT('',(0.337099439458,2.047059279981));
#6023 = CARTESIAN_POINT('',(0.369233544837,2.124398687776));
#6024 = CARTESIAN_POINT('',(0.400980708986,2.201510541542));
#6025 = CARTESIAN_POINT('',(0.43236530824,2.278360825951));
#6026 = CARTESIAN_POINT('',(0.463410318987,2.354923564221));
#6027 = CARTESIAN_POINT('',(0.494138099676,2.431180639623));
#6028 = CARTESIAN_POINT('',(0.524571172834,2.50712161699));
#6029 = CARTESIAN_POINT('',(0.641672088934,2.80071779645));
#6030 = CARTESIAN_POINT('',(0.726348947867,3.016020649216));
#6031 = CARTESIAN_POINT('',(0.809225706383,3.228342988231));
#6032 = CARTESIAN_POINT('',(0.890695863755,3.437583971973));
#6033 = CARTESIAN_POINT('',(0.971135190687,3.643719515374));
#6034 = CARTESIAN_POINT('',(1.050912851206,3.846709040624));
#6035 = CARTESIAN_POINT('',(1.130397379133,4.046418936791));
#6036 = CARTESIAN_POINT('',(1.269233179732,4.388511624434));
#6037 = CARTESIAN_POINT('',(1.328440706886,4.532261304414));
#6038 = CARTESIAN_POINT('',(1.387862203272,4.673877233684));
#6039 = CARTESIAN_POINT('',(1.447737193046,4.813333218365));
#6040 = CARTESIAN_POINT('',(1.508299798175,4.950459821281));
#6041 = CARTESIAN_POINT('',(1.569782468896,5.084896052848));
#6042 = CARTESIAN_POINT('',(1.632420885718,5.216022758449));
#6043 = CARTESIAN_POINT('',(1.732983197445,5.41522632319));
#6044 = CARTESIAN_POINT('',(1.769951977203,5.486165449257));
#6045 = CARTESIAN_POINT('',(1.807486922145,5.555667316667));
#6046 = CARTESIAN_POINT('',(1.845702610364,5.623627046572));
#6047 = CARTESIAN_POINT('',(1.884707376648,5.689851716217));
#6048 = CARTESIAN_POINT('',(1.924603900894,5.754048255595));
#6049 = CARTESIAN_POINT('',(1.965490656411,5.815810169677));
#6050 = CARTESIAN_POINT('',(2.052655312383,5.93790284273));
#6051 = CARTESIAN_POINT('',(2.099091822031,5.997740651217));
#6052 = CARTESIAN_POINT('',(2.14708681239,6.05372522455));
#6053 = CARTESIAN_POINT('',(2.196914528688,6.105117937306));
#6054 = CARTESIAN_POINT('',(2.248814286268,6.150805341115));
#6055 = CARTESIAN_POINT('',(2.302998990704,6.189269095956));
#6056 = CARTESIAN_POINT('',(2.359668287766,6.218553317386));
#6057 = CARTESIAN_POINT('',(2.466492649054,6.250364160598));
#6058 = CARTESIAN_POINT('',(2.51641913745,6.25729691002));
#6059 = CARTESIAN_POINT('',(2.567951295305,6.255064561038));
#6060 = CARTESIAN_POINT('',(2.620389462909,6.242372590528));
#6061 = CARTESIAN_POINT('',(2.673127899283,6.218623704186));
#6062 = CARTESIAN_POINT('',(2.725601467081,6.183949102735));
#6063 = CARTESIAN_POINT('',(2.777240371579,6.139233700287));
#6064 = CARTESIAN_POINT('',(2.857920094684,6.053870080049));
#6065 = CARTESIAN_POINT('',(2.887721276648,6.018678605413));
#6066 = CARTESIAN_POINT('',(2.9168365357,5.980840329303));
#6067 = CARTESIAN_POINT('',(2.945261061756,5.940650694615));
#6068 = CARTESIAN_POINT('',(2.97298589284,5.898412137003));
#6069 = CARTESIAN_POINT('',(2.999998174849,5.854433682195));
#6070 = CARTESIAN_POINT('',(3.026281421325,5.809030543296));
#6071 = CARTESIAN_POINT('',(3.078134567678,5.714588153558));
#6072 = CARTESIAN_POINT('',(3.103733736918,5.665341626002));
#6073 = CARTESIAN_POINT('',(3.128653481683,5.614995156904));
#6074 = CARTESIAN_POINT('',(3.152932825744,5.563729834072));
#6075 = CARTESIAN_POINT('',(3.176610560069,5.511696510923));
#6076 = CARTESIAN_POINT('',(3.199726186973,5.459015505767));
#6077 = CARTESIAN_POINT('',(3.222320864277,5.40577630108));
#6078 = CARTESIAN_POINT('',(3.340429592618,5.118806431659));
#6079 = CARTESIAN_POINT('',(3.429078416701,4.872158107718));
#6080 = CARTESIAN_POINT('',(3.511583631501,4.620718217884));
#6081 = CARTESIAN_POINT('',(3.588972868005,4.369653969925));
#6082 = CARTESIAN_POINT('',(3.662312322342,4.121190814647));
#6083 = CARTESIAN_POINT('',(3.732813393472,3.87503734257));
#6084 = CARTESIAN_POINT('',(3.801871133019,3.62899812776));
#6085 = CARTESIAN_POINT('',(3.892833812664,3.301756314125));
#6086 = CARTESIAN_POINT('',(3.914481687969,3.223639965722));
#6087 = CARTESIAN_POINT('',(3.936031107503,3.145728924768));
#6088 = CARTESIAN_POINT('',(3.957499578476,3.068044993769));
#6089 = CARTESIAN_POINT('',(3.978904337893,2.990608454874));
#6090 = CARTESIAN_POINT('',(4.0002626311,2.913438165508));
#6091 = CARTESIAN_POINT('',(4.021591990308,2.836551654016));
#6092 = CARTESIAN_POINT('',(4.136306582499,2.424441389392));
#6093 = CARTESIAN_POINT('',(4.227291881843,2.102595076526));
#6094 = CARTESIAN_POINT('',(4.318842732098,1.790122393268));
#6095 = CARTESIAN_POINT('',(4.413431867493,1.484095229344));
#6096 = CARTESIAN_POINT('',(4.513077086826,1.186084556873));
#6097 = CARTESIAN_POINT('',(4.619680048824,0.90320911672));
#6098 = CARTESIAN_POINT('',(4.735108917105,0.648833657715));
#6099 = CARTESIAN_POINT('',(4.892320222444,0.393879019153));
#6100 = CARTESIAN_POINT('',(4.923212469684,0.347542395734));
#6101 = CARTESIAN_POINT('',(4.954965000301,0.303963083759));
#6102 = CARTESIAN_POINT('',(4.987632100197,0.263485307109));
#6103 = CARTESIAN_POINT('',(5.021270673344,0.226491536317));
#6104 = CARTESIAN_POINT('',(5.055941182687,0.193402280533));
#6105 = CARTESIAN_POINT('',(5.091709548902,0.164675281039));
#6106 = CARTESIAN_POINT('',(5.151679658537,0.125922189201));
#6107 = CARTESIAN_POINT('',(5.175173336385,0.112922008785));
#6108 = CARTESIAN_POINT('',(5.199113323153,0.101949376639));
#6109 = CARTESIAN_POINT('',(5.223483559382,9.313611137881E-02));
#6110 = CARTESIAN_POINT('',(5.248269566942,8.660012696249E-02));
#6111 = CARTESIAN_POINT('',(5.273458372441,8.24455209716E-02));
#6112 = CARTESIAN_POINT('',(5.299038430635,8.076266289808E-02));
#6113 = CARTESIAN_POINT('',(5.345030189698,8.229616257719E-02));
#6114 = CARTESIAN_POINT('',(5.36527707032,8.448087346557E-02));
#6115 = CARTESIAN_POINT('',(5.385715430457,8.821427464724E-02));
#6116 = CARTESIAN_POINT('',(5.406321061438,9.351512019196E-02));
#6117 = CARTESIAN_POINT('',(5.427069979665,0.100389357263));
#6118 = CARTESIAN_POINT('',(5.447938101094,0.108830424697));
#6119 = CARTESIAN_POINT('',(5.468900915737,0.118819551576));
#6120 = CARTESIAN_POINT('',(5.510514308638,0.141585768381));
#6121 = CARTESIAN_POINT('',(5.531151937553,0.15429302437));
#6122 = CARTESIAN_POINT('',(5.55182332454,0.168417031927));
#6123 = CARTESIAN_POINT('',(5.572505678371,0.183917060637));
#6124 = CARTESIAN_POINT('',(5.593175787002,0.200742733812));
#6125 = CARTESIAN_POINT('',(5.613809663646,0.218834320774));
#6126 = CARTESIAN_POINT('',(5.63438219283,0.238123029148));
#6127 = CARTESIAN_POINT('',(5.685039056724,0.288591170104));
#6128 = CARTESIAN_POINT('',(5.714998530539,0.321058131532));
#6129 = CARTESIAN_POINT('',(5.744719870244,0.355736071472));
#6130 = CARTESIAN_POINT('',(5.774176974453,0.392423777615));
#6131 = CARTESIAN_POINT('',(5.803342283415,0.430915189216));
#6132 = CARTESIAN_POINT('',(5.832186094367,0.470999651021));
#6133 = CARTESIAN_POINT('',(5.860675876898,0.512462167185));
#6134 = CARTESIAN_POINT('',(5.942476618963,0.636537083753));
#6135 = CARTESIAN_POINT('',(5.994793767046,0.722284423607));
#6136 = CARTESIAN_POINT('',(6.045794449308,0.811293988075));
#6137 = CARTESIAN_POINT('',(6.095540202891,0.902735362899));
#6138 = CARTESIAN_POINT('',(6.144090952313,0.995945618408));
#6139 = CARTESIAN_POINT('',(6.191507400348,1.090399601423));
#6140 = CARTESIAN_POINT('',(6.237851542801,1.185684306893));
#6141 = CARTESIAN_POINT('',(6.28318530718,1.281477329286));
#6142 = ( GEOMETRIC_REPRESENTATION_CONTEXT(2) 
PARAMETRIC_REPRESENTATION_CONTEXT() REPRESENTATION_CONTEXT('2D SPACE',''
  ) );
#6143 = FACE_BOUND('',#6144,.T.);
#6144 = EDGE_LOOP('',(#6145));
#6145 = ORIENTED_EDGE('',*,*,#6146,.F.);
#6146 = EDGE_CURVE('',#6147,#6147,#6149,.T.);
#6147 = VERTEX_POINT('',#6148);
#6148 = CARTESIAN_POINT('',(16.293863875705,46.,2.6));
#6149 = SURFACE_CURVE('',#6150,(#6201,#6255),.PCURVE_S1.);
#6150 = B_SPLINE_CURVE_WITH_KNOTS('',7,(#6151,#6152,#6153,#6154,#6155,
    #6156,#6157,#6158,#6159,#6160,#6161,#6162,#6163,#6164,#6165,#6166,
    #6167,#6168,#6169,#6170,#6171,#6172,#6173,#6174,#6175,#6176,#6177,
    #6178,#6179,#6180,#6181,#6182,#6183,#6184,#6185,#6186,#6187,#6188,
    #6189,#6190,#6191,#6192,#6193,#6194,#6195,#6196,#6197,#6198,#6199,
    #6200),.UNSPECIFIED.,.T.,.F.,(8,6,6,6,6,6,6,6,8),(0.,0.137932546631,
    0.250000000002,0.362067453391,0.500000000017,0.637932546642,
    0.750000000004,0.862067453378,1.),.UNSPECIFIED.);
#6151 = CARTESIAN_POINT('',(16.293863875705,46.,2.6));
#6152 = CARTESIAN_POINT('',(16.293863875705,45.72042828702,2.6));
#6153 = CARTESIAN_POINT('',(16.299459994627,45.441244425076,
    2.56492929773));
#6154 = CARTESIAN_POINT('',(16.310626342859,45.164934642704,
    2.494954091511));
#6155 = CARTESIAN_POINT('',(16.327017154261,44.894289025584,
    2.389171523299));
#6156 = CARTESIAN_POINT('',(16.347941483853,44.632944484541,
    2.245909851404));
#6157 = CARTESIAN_POINT('',(16.372079614681,44.386067644943,
    2.063022907113));
#6158 = CARTESIAN_POINT('',(16.417711073525,43.979083793934,
    1.656039056104));
#6159 = CARTESIAN_POINT('',(16.43934193042,43.807013593011,
    1.441727080305));
#6160 = CARTESIAN_POINT('',(16.46054442062,43.655255782544,
    1.196515506605));
#6161 = CARTESIAN_POINT('',(16.479142774708,43.532368684137,
    0.923763788051));
#6162 = CARTESIAN_POINT('',(16.492840298807,43.445435302505,
    0.628752379687));
#6163 = CARTESIAN_POINT('',(16.5,43.4,0.318208501499));
#6164 = CARTESIAN_POINT('',(16.5,43.4,-0.318208501554));
#6165 = CARTESIAN_POINT('',(16.492840298804,43.44543530252,
    -0.628752379632));
#6166 = CARTESIAN_POINT('',(16.479142774714,43.532368684103,
    -0.923763788013));
#6167 = CARTESIAN_POINT('',(16.460544420618,43.655255782543,
    -1.196515506647));
#6168 = CARTESIAN_POINT('',(16.439341930414,43.807013593066,
    -1.441727080343));
#6169 = CARTESIAN_POINT('',(16.417711073529,43.979083793895,
    -1.656039056065));
#6170 = CARTESIAN_POINT('',(16.372079614681,44.386067644943,
    -2.063022907113));
#6171 = CARTESIAN_POINT('',(16.347941483853,44.632944484541,
    -2.245909851404));
#6172 = CARTESIAN_POINT('',(16.327017154261,44.894289025584,
    -2.389171523299));
#6173 = CARTESIAN_POINT('',(16.310626342859,45.164934642704,
    -2.494954091511));
#6174 = CARTESIAN_POINT('',(16.299459994627,45.441244425076,
    -2.56492929773));
#6175 = CARTESIAN_POINT('',(16.293863875705,45.720428287019,-2.6));
#6176 = CARTESIAN_POINT('',(16.293863875705,46.279571712981,-2.6));
#6177 = CARTESIAN_POINT('',(16.299459994627,46.558755574923,
    -2.56492929773));
#6178 = CARTESIAN_POINT('',(16.310626342859,46.835065357297,
    -2.494954091511));
#6179 = CARTESIAN_POINT('',(16.327017154261,47.105710974415,
    -2.389171523299));
#6180 = CARTESIAN_POINT('',(16.347941483853,47.367055515459,
    -2.245909851404));
#6181 = CARTESIAN_POINT('',(16.372079614681,47.613932355057,
    -2.063022907113));
#6182 = CARTESIAN_POINT('',(16.417711073524,48.02091620606,
    -1.65603905611));
#6183 = CARTESIAN_POINT('',(16.43934193042,48.192986406997,-1.4417270803
    ));
#6184 = CARTESIAN_POINT('',(16.460544420621,48.344744217457,
    -1.196515506596));
#6185 = CARTESIAN_POINT('',(16.479142774706,48.467631315857,
    -0.923763788059));
#6186 = CARTESIAN_POINT('',(16.492840298807,48.554564697497,
    -0.628752379693));
#6187 = CARTESIAN_POINT('',(16.5,48.6,-0.318208501492));
#6188 = CARTESIAN_POINT('',(16.5,48.6,0.318208501525));
#6189 = CARTESIAN_POINT('',(16.492840298806,48.554564697488,
    0.62875237966));
#6190 = CARTESIAN_POINT('',(16.47914277471,48.467631315878,
    0.923763788037));
#6191 = CARTESIAN_POINT('',(16.460544420619,48.344744217457,
    1.196515506621));
#6192 = CARTESIAN_POINT('',(16.439341930417,48.192986406963,
    1.441727080324));
#6193 = CARTESIAN_POINT('',(16.417711073527,48.020916206084,
    1.656039056086));
#6194 = CARTESIAN_POINT('',(16.372079614681,47.613932355057,
    2.063022907113));
#6195 = CARTESIAN_POINT('',(16.347941483853,47.367055515459,
    2.245909851405));
#6196 = CARTESIAN_POINT('',(16.327017154261,47.105710974416,
    2.389171523298));
#6197 = CARTESIAN_POINT('',(16.310626342859,46.835065357295,
    2.494954091512));
#6198 = CARTESIAN_POINT('',(16.299459994627,46.558755574924,
    2.564929297729));
#6199 = CARTESIAN_POINT('',(16.293863875705,46.27957171298,2.6));
#6200 = CARTESIAN_POINT('',(16.293863875705,46.,2.6));
#6201 = PCURVE('',#946,#6202);
#6202 = DEFINITIONAL_REPRESENTATION('',(#6203),#6254);
#6203 = B_SPLINE_CURVE_WITH_KNOTS('',7,(#6204,#6205,#6206,#6207,#6208,
    #6209,#6210,#6211,#6212,#6213,#6214,#6215,#6216,#6217,#6218,#6219,
    #6220,#6221,#6222,#6223,#6224,#6225,#6226,#6227,#6228,#6229,#6230,
    #6231,#6232,#6233,#6234,#6235,#6236,#6237,#6238,#6239,#6240,#6241,
    #6242,#6243,#6244,#6245,#6246,#6247,#6248,#6249,#6250,#6251,#6252,
    #6253),.UNSPECIFIED.,.T.,.F.,(8,6,6,6,6,6,6,6,8),(0.,0.137932546631,
    0.250000000002,0.362067453391,0.500000000017,0.637932546642,
    0.750000000004,0.862067453378,1.),.UNSPECIFIED.);
#6204 = CARTESIAN_POINT('',(1.412561069209,46.));
#6205 = CARTESIAN_POINT('',(1.412561069209,45.72042828702));
#6206 = CARTESIAN_POINT('',(1.4147134543,45.441244425076));
#6207 = CARTESIAN_POINT('',(1.419008039772,45.164934642704));
#6208 = CARTESIAN_POINT('',(1.425495519893,44.894289025584));
#6209 = CARTESIAN_POINT('',(1.434269471401,44.632944484541));
#6210 = CARTESIAN_POINT('',(1.445447512293,44.386067644943));
#6211 = CARTESIAN_POINT('',(1.470267753819,43.979083793934));
#6212 = CARTESIAN_POINT('',(1.483321541076,43.807013593011));
#6213 = CARTESIAN_POINT('',(1.498235785932,43.655255782544));
#6214 = CARTESIAN_POINT('',(1.514798976569,43.532368684137));
#6215 = CARTESIAN_POINT('',(1.532690111108,43.445435302505));
#6216 = CARTESIAN_POINT('',(1.551510963068,43.4));
#6217 = CARTESIAN_POINT('',(1.590081690525,43.4));
#6218 = CARTESIAN_POINT('',(1.608902542479,43.44543530252));
#6219 = CARTESIAN_POINT('',(1.626793677018,43.532368684103));
#6220 = CARTESIAN_POINT('',(1.643356867661,43.655255782543));
#6221 = CARTESIAN_POINT('',(1.658271112517,43.807013593065));
#6222 = CARTESIAN_POINT('',(1.671324899769,43.979083793895));
#6223 = CARTESIAN_POINT('',(1.696145141297,44.386067644943));
#6224 = CARTESIAN_POINT('',(1.707323182188,44.632944484541));
#6225 = CARTESIAN_POINT('',(1.716097133697,44.894289025584));
#6226 = CARTESIAN_POINT('',(1.722584613818,45.164934642704));
#6227 = CARTESIAN_POINT('',(1.72687919929,45.441244425076));
#6228 = CARTESIAN_POINT('',(1.729031584381,45.720428287019));
#6229 = CARTESIAN_POINT('',(1.729031584381,46.279571712981));
#6230 = CARTESIAN_POINT('',(1.72687919929,46.558755574924));
#6231 = CARTESIAN_POINT('',(1.722584613818,46.835065357297));
#6232 = CARTESIAN_POINT('',(1.716097133697,47.105710974415));
#6233 = CARTESIAN_POINT('',(1.707323182188,47.367055515459));
#6234 = CARTESIAN_POINT('',(1.696145141297,47.613932355057));
#6235 = CARTESIAN_POINT('',(1.671324899771,48.02091620606));
#6236 = CARTESIAN_POINT('',(1.658271112514,48.192986406997));
#6237 = CARTESIAN_POINT('',(1.643356867658,48.344744217457));
#6238 = CARTESIAN_POINT('',(1.626793677021,48.467631315857));
#6239 = CARTESIAN_POINT('',(1.608902542483,48.554564697497));
#6240 = CARTESIAN_POINT('',(1.590081690522,48.6));
#6241 = CARTESIAN_POINT('',(1.551510963066,48.6));
#6242 = CARTESIAN_POINT('',(1.532690111109,48.554564697488));
#6243 = CARTESIAN_POINT('',(1.51479897657,48.467631315878));
#6244 = CARTESIAN_POINT('',(1.498235785931,48.344744217458));
#6245 = CARTESIAN_POINT('',(1.483321541074,48.192986406963));
#6246 = CARTESIAN_POINT('',(1.47026775382,48.020916206084));
#6247 = CARTESIAN_POINT('',(1.445447512293,47.613932355057));
#6248 = CARTESIAN_POINT('',(1.434269471401,47.367055515459));
#6249 = CARTESIAN_POINT('',(1.425495519893,47.105710974416));
#6250 = CARTESIAN_POINT('',(1.419008039772,46.835065357295));
#6251 = CARTESIAN_POINT('',(1.4147134543,46.558755574925));
#6252 = CARTESIAN_POINT('',(1.412561069209,46.27957171298));
#6253 = CARTESIAN_POINT('',(1.412561069209,46.));
#6254 = ( GEOMETRIC_REPRESENTATION_CONTEXT(2) 
PARAMETRIC_REPRESENTATION_CONTEXT() REPRESENTATION_CONTEXT('2D SPACE',''
  ) );
#6255 = PCURVE('',#6256,#6261);
#6256 = CYLINDRICAL_SURFACE('',#6257,2.6);
#6257 = AXIS2_PLACEMENT_3D('',#6258,#6259,#6260);
#6258 = CARTESIAN_POINT('',(-18.5,46.,0.));
#6259 = DIRECTION('',(1.,0.,0.));
#6260 = DIRECTION('',(-0.,0.,1.));
#6261 = DEFINITIONAL_REPRESENTATION('',(#6262),#6313);
#6262 = B_SPLINE_CURVE_WITH_KNOTS('',7,(#6263,#6264,#6265,#6266,#6267,
    #6268,#6269,#6270,#6271,#6272,#6273,#6274,#6275,#6276,#6277,#6278,
    #6279,#6280,#6281,#6282,#6283,#6284,#6285,#6286,#6287,#6288,#6289,
    #6290,#6291,#6292,#6293,#6294,#6295,#6296,#6297,#6298,#6299,#6300,
    #6301,#6302,#6303,#6304,#6305,#6306,#6307,#6308,#6309,#6310,#6311,
    #6312),.UNSPECIFIED.,.F.,.F.,(8,6,6,6,6,6,6,6,8),(0.,0.137932546631,
    0.250000000002,0.362067453391,0.500000000017,0.637932546642,
    0.750000000004,0.862067453378,1.),.UNSPECIFIED.);
#6263 = CARTESIAN_POINT('',(0.,34.793863875705));
#6264 = CARTESIAN_POINT('',(0.107527581916,34.793863875705));
#6265 = CARTESIAN_POINT('',(0.214905605525,34.799459994627));
#6266 = CARTESIAN_POINT('',(0.323211009768,34.810626342859));
#6267 = CARTESIAN_POINT('',(0.433368672155,34.827017154261));
#6268 = CARTESIAN_POINT('',(0.546381016561,34.847941483853));
#6269 = CARTESIAN_POINT('',(0.663261634657,34.872079614681));
#6270 = CARTESIAN_POINT('',(0.884631666104,34.917711073525));
#6271 = CARTESIAN_POINT('',(0.989713869395,34.93934193042));
#6272 = CARTESIAN_POINT('',(1.099270669909,34.96054442062));
#6273 = CARTESIAN_POINT('',(1.212507853586,34.979142774708));
#6274 = CARTESIAN_POINT('',(1.328968615398,34.992840298807));
#6275 = CARTESIAN_POINT('',(1.448408441603,35.));
#6276 = CARTESIAN_POINT('',(1.693184212008,35.));
#6277 = CARTESIAN_POINT('',(1.812624038171,34.992840298804));
#6278 = CARTESIAN_POINT('',(1.929084799991,34.979142774714));
#6279 = CARTESIAN_POINT('',(2.04232198369,34.960544420618));
#6280 = CARTESIAN_POINT('',(2.15187878422,34.939341930414));
#6281 = CARTESIAN_POINT('',(2.256960987464,34.917711073529));
#6282 = CARTESIAN_POINT('',(2.478331018933,34.872079614681));
#6283 = CARTESIAN_POINT('',(2.595211637028,34.847941483853));
#6284 = CARTESIAN_POINT('',(2.708223981434,34.827017154261));
#6285 = CARTESIAN_POINT('',(2.818381643822,34.810626342859));
#6286 = CARTESIAN_POINT('',(2.926687048065,34.799459994627));
#6287 = CARTESIAN_POINT('',(3.034065071674,34.793863875705));
#6288 = CARTESIAN_POINT('',(3.249120235505,34.793863875705));
#6289 = CARTESIAN_POINT('',(3.356498259114,34.799459994627));
#6290 = CARTESIAN_POINT('',(3.464803663357,34.810626342859));
#6291 = CARTESIAN_POINT('',(3.574961325745,34.827017154261));
#6292 = CARTESIAN_POINT('',(3.687973670151,34.847941483853));
#6293 = CARTESIAN_POINT('',(3.804854288247,34.872079614681));
#6294 = CARTESIAN_POINT('',(4.026224319691,34.917711073524));
#6295 = CARTESIAN_POINT('',(4.131306522988,34.93934193042));
#6296 = CARTESIAN_POINT('',(4.240863323502,34.960544420621));
#6297 = CARTESIAN_POINT('',(4.354100507173,34.979142774706));
#6298 = CARTESIAN_POINT('',(4.470561268985,34.992840298807));
#6299 = CARTESIAN_POINT('',(4.590001095196,35.));
#6300 = CARTESIAN_POINT('',(4.834776865587,35.));
#6301 = CARTESIAN_POINT('',(4.954216691772,34.992840298806));
#6302 = CARTESIAN_POINT('',(5.070677453589,34.97914277471));
#6303 = CARTESIAN_POINT('',(5.183914637274,34.960544420619));
#6304 = CARTESIAN_POINT('',(5.293471437797,34.939341930417));
#6305 = CARTESIAN_POINT('',(5.398553641065,34.917711073527));
#6306 = CARTESIAN_POINT('',(5.619923672523,34.872079614681));
#6307 = CARTESIAN_POINT('',(5.736804290618,34.847941483853));
#6308 = CARTESIAN_POINT('',(5.849816635024,34.827017154261));
#6309 = CARTESIAN_POINT('',(5.959974297412,34.810626342859));
#6310 = CARTESIAN_POINT('',(6.068279701655,34.799459994627));
#6311 = CARTESIAN_POINT('',(6.175657725264,34.793863875705));
#6312 = CARTESIAN_POINT('',(6.28318530718,34.793863875705));
#6313 = ( GEOMETRIC_REPRESENTATION_CONTEXT(2) 
PARAMETRIC_REPRESENTATION_CONTEXT() REPRESENTATION_CONTEXT('2D SPACE',''
  ) );
#6314 = FACE_BOUND('',#6315,.T.);
#6315 = EDGE_LOOP('',(#6316));
#6316 = ORIENTED_EDGE('',*,*,#6317,.T.);
#6317 = EDGE_CURVE('',#6318,#6318,#6320,.T.);
#6318 = VERTEX_POINT('',#6319);
#6319 = CARTESIAN_POINT('',(-16.2938638757,46.,2.6));
#6320 = SURFACE_CURVE('',#6321,(#6372,#6426),.PCURVE_S1.);
#6321 = B_SPLINE_CURVE_WITH_KNOTS('',7,(#6322,#6323,#6324,#6325,#6326,
    #6327,#6328,#6329,#6330,#6331,#6332,#6333,#6334,#6335,#6336,#6337,
    #6338,#6339,#6340,#6341,#6342,#6343,#6344,#6345,#6346,#6347,#6348,
    #6349,#6350,#6351,#6352,#6353,#6354,#6355,#6356,#6357,#6358,#6359,
    #6360,#6361,#6362,#6363,#6364,#6365,#6366,#6367,#6368,#6369,#6370,
    #6371),.UNSPECIFIED.,.T.,.F.,(8,6,6,6,6,6,6,6,8),(0.,0.137932546627,
    0.249999999994,0.362067453361,0.499999999988,0.637932546615,
    0.749999999999,0.862067453369,1.),.UNSPECIFIED.);
#6322 = CARTESIAN_POINT('',(-16.2938638757,46.,2.6));
#6323 = CARTESIAN_POINT('',(-16.2938638757,45.72042828702,2.6));
#6324 = CARTESIAN_POINT('',(-16.29945999462,45.441244425076,
    2.56492929773));
#6325 = CARTESIAN_POINT('',(-16.31062634285,45.164934642705,
    2.494954091512));
#6326 = CARTESIAN_POINT('',(-16.32701715426,44.894289025583,
    2.389171523298));
#6327 = CARTESIAN_POINT('',(-16.34794148385,44.632944484541,
    2.245909851405));
#6328 = CARTESIAN_POINT('',(-16.37207961468,44.386067644943,
    2.063022907113));
#6329 = CARTESIAN_POINT('',(-16.41771107352,43.979083793934,
    1.656039056104));
#6330 = CARTESIAN_POINT('',(-16.43934193042,43.807013593011,
    1.441727080306));
#6331 = CARTESIAN_POINT('',(-16.46054442062,43.655255782544,
    1.196515506604));
#6332 = CARTESIAN_POINT('',(-16.4791427747,43.532368684137,
    0.923763788052));
#6333 = CARTESIAN_POINT('',(-16.4928402988,43.445435302505,
    0.628752379686));
#6334 = CARTESIAN_POINT('',(-16.5,43.4,0.3182085015));
#6335 = CARTESIAN_POINT('',(-16.5,43.4,-0.3182085015));
#6336 = CARTESIAN_POINT('',(-16.4928402988,43.445435302505,
    -0.628752379686));
#6337 = CARTESIAN_POINT('',(-16.4791427747,43.532368684137,
    -0.923763788052));
#6338 = CARTESIAN_POINT('',(-16.46054442062,43.655255782544,
    -1.196515506604));
#6339 = CARTESIAN_POINT('',(-16.43934193042,43.807013593011,
    -1.441727080305));
#6340 = CARTESIAN_POINT('',(-16.41771107352,43.979083793934,
    -1.656039056104));
#6341 = CARTESIAN_POINT('',(-16.37207961468,44.386067644943,
    -2.063022907113));
#6342 = CARTESIAN_POINT('',(-16.34794148385,44.632944484541,
    -2.245909851405));
#6343 = CARTESIAN_POINT('',(-16.32701715426,44.894289025584,
    -2.389171523298));
#6344 = CARTESIAN_POINT('',(-16.31062634285,45.164934642704,
    -2.494954091512));
#6345 = CARTESIAN_POINT('',(-16.29945999462,45.441244425076,
    -2.56492929773));
#6346 = CARTESIAN_POINT('',(-16.2938638757,45.72042828702,-2.6));
#6347 = CARTESIAN_POINT('',(-16.2938638757,46.279571712981,-2.6));
#6348 = CARTESIAN_POINT('',(-16.29945999462,46.558755574924,
    -2.56492929773));
#6349 = CARTESIAN_POINT('',(-16.31062634285,46.835065357296,
    -2.494954091512));
#6350 = CARTESIAN_POINT('',(-16.32701715426,47.105710974416,
    -2.389171523298));
#6351 = CARTESIAN_POINT('',(-16.34794148385,47.367055515459,
    -2.245909851405));
#6352 = CARTESIAN_POINT('',(-16.37207961468,47.613932355057,
    -2.063022907113));
#6353 = CARTESIAN_POINT('',(-16.41771107352,48.020916206092,
    -1.656039056078));
#6354 = CARTESIAN_POINT('',(-16.43934193041,48.192986406952,
    -1.441727080331));
#6355 = CARTESIAN_POINT('',(-16.46054442061,48.344744217458,
    -1.196515506632));
#6356 = CARTESIAN_POINT('',(-16.47914277471,48.467631315885,
    -0.923763788027));
#6357 = CARTESIAN_POINT('',(-16.4928402988,48.554564697485,
    -0.628752379649));
#6358 = CARTESIAN_POINT('',(-16.5,48.6,-0.318208501536));
#6359 = CARTESIAN_POINT('',(-16.5,48.6,0.3182085015));
#6360 = CARTESIAN_POINT('',(-16.4928402988,48.554564697495,
    0.628752379686));
#6361 = CARTESIAN_POINT('',(-16.4791427747,48.467631315862,
    0.923763788053));
#6362 = CARTESIAN_POINT('',(-16.46054442062,48.344744217457,
    1.196515506603));
#6363 = CARTESIAN_POINT('',(-16.43934193042,48.192986406989,
    1.441727080306));
#6364 = CARTESIAN_POINT('',(-16.41771107352,48.020916206066,
    1.656039056104));
#6365 = CARTESIAN_POINT('',(-16.37207961468,47.613932355057,
    2.063022907113));
#6366 = CARTESIAN_POINT('',(-16.34794148385,47.367055515459,
    2.245909851405));
#6367 = CARTESIAN_POINT('',(-16.32701715426,47.105710974416,
    2.389171523298));
#6368 = CARTESIAN_POINT('',(-16.31062634285,46.835065357296,
    2.494954091512));
#6369 = CARTESIAN_POINT('',(-16.29945999462,46.558755574924,
    2.56492929773));
#6370 = CARTESIAN_POINT('',(-16.2938638757,46.27957171298,2.6));
#6371 = CARTESIAN_POINT('',(-16.2938638757,46.,2.6));
#6372 = PCURVE('',#946,#6373);
#6373 = DEFINITIONAL_REPRESENTATION('',(#6374),#6425);
#6374 = B_SPLINE_CURVE_WITH_KNOTS('',7,(#6375,#6376,#6377,#6378,#6379,
    #6380,#6381,#6382,#6383,#6384,#6385,#6386,#6387,#6388,#6389,#6390,
    #6391,#6392,#6393,#6394,#6395,#6396,#6397,#6398,#6399,#6400,#6401,
    #6402,#6403,#6404,#6405,#6406,#6407,#6408,#6409,#6410,#6411,#6412,
    #6413,#6414,#6415,#6416,#6417,#6418,#6419,#6420,#6421,#6422,#6423,
    #6424),.UNSPECIFIED.,.T.,.F.,(8,6,6,6,6,6,6,6,8),(0.,0.137932546627,
    0.249999999994,0.362067453361,0.499999999988,0.637932546615,
    0.749999999999,0.862067453369,1.),.UNSPECIFIED.);
#6375 = CARTESIAN_POINT('',(4.870624237971,46.));
#6376 = CARTESIAN_POINT('',(4.870624237971,45.72042828702));
#6377 = CARTESIAN_POINT('',(4.868471852879,45.441244425076));
#6378 = CARTESIAN_POINT('',(4.864177267408,45.164934642705));
#6379 = CARTESIAN_POINT('',(4.857689787287,44.894289025583));
#6380 = CARTESIAN_POINT('',(4.848915835778,44.632944484541));
#6381 = CARTESIAN_POINT('',(4.837737794887,44.386067644943));
#6382 = CARTESIAN_POINT('',(4.812917553361,43.979083793934));
#6383 = CARTESIAN_POINT('',(4.799863766104,43.807013593011));
#6384 = CARTESIAN_POINT('',(4.784949521248,43.655255782544));
#6385 = CARTESIAN_POINT('',(4.768386330611,43.532368684137));
#6386 = CARTESIAN_POINT('',(4.750495196072,43.445435302505));
#6387 = CARTESIAN_POINT('',(4.731674344112,43.4));
#6388 = CARTESIAN_POINT('',(4.693103616657,43.4));
#6389 = CARTESIAN_POINT('',(4.674282764697,43.445435302505));
#6390 = CARTESIAN_POINT('',(4.656391630159,43.532368684137));
#6391 = CARTESIAN_POINT('',(4.639828439522,43.655255782544));
#6392 = CARTESIAN_POINT('',(4.624914194665,43.807013593011));
#6393 = CARTESIAN_POINT('',(4.611860407409,43.979083793934));
#6394 = CARTESIAN_POINT('',(4.587040165883,44.386067644943));
#6395 = CARTESIAN_POINT('',(4.575862124991,44.632944484541));
#6396 = CARTESIAN_POINT('',(4.567088173482,44.894289025584));
#6397 = CARTESIAN_POINT('',(4.560600693361,45.164934642704));
#6398 = CARTESIAN_POINT('',(4.55630610789,45.441244425076));
#6399 = CARTESIAN_POINT('',(4.554153722799,45.72042828702));
#6400 = CARTESIAN_POINT('',(4.554153722799,46.279571712981));
#6401 = CARTESIAN_POINT('',(4.55630610789,46.558755574924));
#6402 = CARTESIAN_POINT('',(4.560600693361,46.835065357296));
#6403 = CARTESIAN_POINT('',(4.567088173482,47.105710974416));
#6404 = CARTESIAN_POINT('',(4.575862124991,47.367055515459));
#6405 = CARTESIAN_POINT('',(4.587040165883,47.613932355057));
#6406 = CARTESIAN_POINT('',(4.61186040741,48.020916206092));
#6407 = CARTESIAN_POINT('',(4.624914194664,48.192986406952));
#6408 = CARTESIAN_POINT('',(4.63982843952,48.344744217457));
#6409 = CARTESIAN_POINT('',(4.65639163016,48.467631315886));
#6410 = CARTESIAN_POINT('',(4.6742827647,48.554564697485));
#6411 = CARTESIAN_POINT('',(4.693103616655,48.6));
#6412 = CARTESIAN_POINT('',(4.731674344112,48.6));
#6413 = CARTESIAN_POINT('',(4.750495196072,48.554564697495));
#6414 = CARTESIAN_POINT('',(4.768386330611,48.467631315862));
#6415 = CARTESIAN_POINT('',(4.784949521248,48.344744217457));
#6416 = CARTESIAN_POINT('',(4.799863766104,48.192986406989));
#6417 = CARTESIAN_POINT('',(4.812917553361,48.020916206066));
#6418 = CARTESIAN_POINT('',(4.837737794887,47.613932355057));
#6419 = CARTESIAN_POINT('',(4.848915835778,47.367055515459));
#6420 = CARTESIAN_POINT('',(4.857689787287,47.105710974416));
#6421 = CARTESIAN_POINT('',(4.864177267408,46.835065357296));
#6422 = CARTESIAN_POINT('',(4.868471852879,46.558755574924));
#6423 = CARTESIAN_POINT('',(4.870624237971,46.27957171298));
#6424 = CARTESIAN_POINT('',(4.870624237971,46.));
#6425 = ( GEOMETRIC_REPRESENTATION_CONTEXT(2) 
PARAMETRIC_REPRESENTATION_CONTEXT() REPRESENTATION_CONTEXT('2D SPACE',''
  ) );
#6426 = PCURVE('',#6427,#6432);
#6427 = CYLINDRICAL_SURFACE('',#6428,2.6);
#6428 = AXIS2_PLACEMENT_3D('',#6429,#6430,#6431);
#6429 = CARTESIAN_POINT('',(-18.5,46.,0.));
#6430 = DIRECTION('',(1.,0.,0.));
#6431 = DIRECTION('',(-0.,0.,1.));
#6432 = DEFINITIONAL_REPRESENTATION('',(#6433),#6484);
#6433 = B_SPLINE_CURVE_WITH_KNOTS('',7,(#6434,#6435,#6436,#6437,#6438,
    #6439,#6440,#6441,#6442,#6443,#6444,#6445,#6446,#6447,#6448,#6449,
    #6450,#6451,#6452,#6453,#6454,#6455,#6456,#6457,#6458,#6459,#6460,
    #6461,#6462,#6463,#6464,#6465,#6466,#6467,#6468,#6469,#6470,#6471,
    #6472,#6473,#6474,#6475,#6476,#6477,#6478,#6479,#6480,#6481,#6482,
    #6483),.UNSPECIFIED.,.F.,.F.,(8,6,6,6,6,6,6,6,8),(0.,0.137932546627,
    0.249999999994,0.362067453361,0.499999999988,0.637932546615,
    0.749999999999,0.862067453369,1.),.UNSPECIFIED.);
#6434 = CARTESIAN_POINT('',(0.,2.206136124295));
#6435 = CARTESIAN_POINT('',(0.107527581915,2.206136124295));
#6436 = CARTESIAN_POINT('',(0.214905605525,2.200540005373));
#6437 = CARTESIAN_POINT('',(0.323211009767,2.189373657141));
#6438 = CARTESIAN_POINT('',(0.433368672156,2.172982845739));
#6439 = CARTESIAN_POINT('',(0.546381016561,2.152058516147));
#6440 = CARTESIAN_POINT('',(0.663261634657,2.127920385319));
#6441 = CARTESIAN_POINT('',(0.884631666104,2.082288926475));
#6442 = CARTESIAN_POINT('',(0.989713869395,2.06065806958));
#6443 = CARTESIAN_POINT('',(1.099270669909,2.03945557938));
#6444 = CARTESIAN_POINT('',(1.212507853586,2.020857225292));
#6445 = CARTESIAN_POINT('',(1.328968615398,2.007159701193));
#6446 = CARTESIAN_POINT('',(1.448408441603,2.));
#6447 = CARTESIAN_POINT('',(1.693184211987,2.));
#6448 = CARTESIAN_POINT('',(1.812624038192,2.007159701193));
#6449 = CARTESIAN_POINT('',(1.929084800004,2.020857225292));
#6450 = CARTESIAN_POINT('',(2.04232198368,2.03945557938));
#6451 = CARTESIAN_POINT('',(2.151878784195,2.06065806958));
#6452 = CARTESIAN_POINT('',(2.256960987486,2.082288926475));
#6453 = CARTESIAN_POINT('',(2.478331018933,2.127920385319));
#6454 = CARTESIAN_POINT('',(2.595211637028,2.152058516147));
#6455 = CARTESIAN_POINT('',(2.708223981434,2.172982845739));
#6456 = CARTESIAN_POINT('',(2.818381643822,2.189373657141));
#6457 = CARTESIAN_POINT('',(2.926687048065,2.200540005373));
#6458 = CARTESIAN_POINT('',(3.034065071674,2.206136124295));
#6459 = CARTESIAN_POINT('',(3.249120235505,2.206136124295));
#6460 = CARTESIAN_POINT('',(3.356498259114,2.200540005373));
#6461 = CARTESIAN_POINT('',(3.464803663357,2.189373657141));
#6462 = CARTESIAN_POINT('',(3.574961325745,2.172982845739));
#6463 = CARTESIAN_POINT('',(3.687973670151,2.152058516147));
#6464 = CARTESIAN_POINT('',(3.804854288247,2.127920385319));
#6465 = CARTESIAN_POINT('',(4.026224319708,2.082288926472));
#6466 = CARTESIAN_POINT('',(4.131306522967,2.060658069584));
#6467 = CARTESIAN_POINT('',(4.240863323493,2.039455579381));
#6468 = CARTESIAN_POINT('',(4.354100507184,2.020857225288));
#6469 = CARTESIAN_POINT('',(4.470561269002,2.007159701195));
#6470 = CARTESIAN_POINT('',(4.590001095178,2.));
#6471 = CARTESIAN_POINT('',(4.834776865577,2.));
#6472 = CARTESIAN_POINT('',(4.954216691782,2.007159701193));
#6473 = CARTESIAN_POINT('',(5.070677453594,2.020857225293));
#6474 = CARTESIAN_POINT('',(5.18391463727,2.03945557938));
#6475 = CARTESIAN_POINT('',(5.293471437785,2.06065806958));
#6476 = CARTESIAN_POINT('',(5.398553641075,2.082288926475));
#6477 = CARTESIAN_POINT('',(5.619923672523,2.127920385319));
#6478 = CARTESIAN_POINT('',(5.736804290618,2.152058516147));
#6479 = CARTESIAN_POINT('',(5.849816635024,2.172982845739));
#6480 = CARTESIAN_POINT('',(5.959974297412,2.189373657141));
#6481 = CARTESIAN_POINT('',(6.068279701655,2.200540005373));
#6482 = CARTESIAN_POINT('',(6.175657725264,2.206136124295));
#6483 = CARTESIAN_POINT('',(6.28318530718,2.206136124295));
#6484 = ( GEOMETRIC_REPRESENTATION_CONTEXT(2) 
PARAMETRIC_REPRESENTATION_CONTEXT() REPRESENTATION_CONTEXT('2D SPACE',''
  ) );
#6485 = ADVANCED_FACE('',(#6486,#7111),#813,.T.);
#6486 = FACE_BOUND('',#6487,.T.);
#6487 = EDGE_LOOP('',(#6488,#6567,#6568,#6753,#6785,#6808,#6835,#6836,
    #7019,#7020,#7021));
#6488 = ORIENTED_EDGE('',*,*,#6489,.T.);
#6489 = EDGE_CURVE('',#6490,#4715,#6492,.T.);
#6490 = VERTEX_POINT('',#6491);
#6491 = CARTESIAN_POINT('',(-16.22487256343,12.323969503496,
    -5.086579005317));
#6492 = SURFACE_CURVE('',#6493,(#6498,#6505),.PCURVE_S1.);
#6493 = CIRCLE('',#6494,6.);
#6494 = AXIS2_PLACEMENT_3D('',#6495,#6496,#6497);
#6495 = CARTESIAN_POINT('',(-11.33951269257,15.806593450249,
    -5.154323951168));
#6496 = DIRECTION('',(-0.563464915829,0.785435943277,-0.256120416286));
#6497 = DIRECTION('',(-0.81253825063,-0.582907875452,0.));
#6498 = PCURVE('',#813,#6499);
#6499 = DEFINITIONAL_REPRESENTATION('',(#6500),#6504);
#6500 = LINE('',#6501,#6502);
#6501 = CARTESIAN_POINT('',(-3.14159265359,20.124611797498));
#6502 = VECTOR('',#6503,1.);
#6503 = DIRECTION('',(1.,0.));
#6504 = ( GEOMETRIC_REPRESENTATION_CONTEXT(2) 
PARAMETRIC_REPRESENTATION_CONTEXT() REPRESENTATION_CONTEXT('2D SPACE',''
  ) );
#6505 = PCURVE('',#4898,#6506);
#6506 = DEFINITIONAL_REPRESENTATION('',(#6507),#6566);
#6507 = B_SPLINE_CURVE_WITH_KNOTS('',8,(#6508,#6509,#6510,#6511,#6512,
    #6513,#6514,#6515,#6516,#6517,#6518,#6519,#6520,#6521,#6522,#6523,
    #6524,#6525,#6526,#6527,#6528,#6529,#6530,#6531,#6532,#6533,#6534,
    #6535,#6536,#6537,#6538,#6539,#6540,#6541,#6542,#6543,#6544,#6545,
    #6546,#6547,#6548,#6549,#6550,#6551,#6552,#6553,#6554,#6555,#6556,
    #6557,#6558,#6559,#6560,#6561,#6562,#6563,#6564,#6565),
  .UNSPECIFIED.,.F.,.F.,(9,7,7,7,7,7,7,7,9),(3.14159265359,
    3.926990816987,4.61421420996,5.215534678811,6.267845499301,
    7.057078614668,7.649003451193,8.536890705981,9.424777960769),
  .UNSPECIFIED.);
#6508 = CARTESIAN_POINT('',(1.893926405361,-0.247977673776));
#6509 = CARTESIAN_POINT('',(1.891742205765,-0.27594757714));
#6510 = CARTESIAN_POINT('',(1.892624883392,-0.304143854909));
#6511 = CARTESIAN_POINT('',(1.896685485138,-0.332195444368));
#6512 = CARTESIAN_POINT('',(1.904008640368,-0.359716506965));
#6513 = CARTESIAN_POINT('',(1.914651013451,-0.386307973271));
#6514 = CARTESIAN_POINT('',(1.928618037973,-0.411559471779));
#6515 = CARTESIAN_POINT('',(1.945829562261,-0.435059058835));
#6516 = CARTESIAN_POINT('',(1.983808575179,-0.47510738661));
#6517 = CARTESIAN_POINT('',(2.003862687003,-0.492157797123));
#6518 = CARTESIAN_POINT('',(2.026113427583,-0.507309015721));
#6519 = CARTESIAN_POINT('',(2.050357113696,-0.520314281383));
#6520 = CARTESIAN_POINT('',(2.07630726306,-0.530952190338));
#6521 = CARTESIAN_POINT('',(2.103582879782,-0.539044976048));
#6522 = CARTESIAN_POINT('',(2.131737333946,-0.544477202693));
#6523 = CARTESIAN_POINT('',(2.185292529557,-0.549582959685));
#6524 = CARTESIAN_POINT('',(2.210597539527,-0.549891441825));
#6525 = CARTESIAN_POINT('',(2.235900069036,-0.548093247139));
#6526 = CARTESIAN_POINT('',(2.260870219289,-0.544194912142));
#6527 = CARTESIAN_POINT('',(2.285186023451,-0.538245475946));
#6528 = CARTESIAN_POINT('',(2.30855696922,-0.530332529646));
#6529 = CARTESIAN_POINT('',(2.330739718673,-0.520574208794));
#6530 = CARTESIAN_POINT('',(2.387933521045,-0.489049054638));
#6531 = CARTESIAN_POINT('',(2.420088092911,-0.463764968548));
#6532 = CARTESIAN_POINT('',(2.446947720684,-0.434008328542));
#6533 = CARTESIAN_POINT('',(2.467902125387,-0.400738445838));
#6534 = CARTESIAN_POINT('',(2.482824788913,-0.364977450981));
#6535 = CARTESIAN_POINT('',(2.491778706597,-0.327703909845));
#6536 = CARTESIAN_POINT('',(2.494943967314,-0.289863013508));
#6537 = CARTESIAN_POINT('',(2.490807842508,-0.224215649557));
#6538 = CARTESIAN_POINT('',(2.485925310677,-0.196265647182));
#6539 = CARTESIAN_POINT('',(2.478042613629,-0.168878268737));
#6540 = CARTESIAN_POINT('',(2.467295438842,-0.14241623786));
#6541 = CARTESIAN_POINT('',(2.453838169653,-0.117226108154));
#6542 = CARTESIAN_POINT('',(2.437850139581,-9.363590006253E-02));
#6543 = CARTESIAN_POINT('',(2.419545573161,-7.194948108761E-02));
#6544 = CARTESIAN_POINT('',(2.383901262377,-3.780079097381E-02));
#6545 = CARTESIAN_POINT('',(2.367464340508,-2.438791228381E-02));
#6546 = CARTESIAN_POINT('',(2.349973358015,-1.231076254642E-02));
#6547 = CARTESIAN_POINT('',(2.33154714928,-1.672180222885E-03));
#6548 = CARTESIAN_POINT('',(2.312317831555,7.438443894157E-03));
#6549 = CARTESIAN_POINT('',(2.292430187845,1.494768427934E-02));
#6550 = CARTESIAN_POINT('',(2.27203925613,2.080028447876E-02));
#6551 = CARTESIAN_POINT('',(2.220206428125,3.120219108091E-02));
#6552 = CARTESIAN_POINT('',(2.188336776784,3.363664747351E-02));
#6553 = CARTESIAN_POINT('',(2.156240960016,3.214530266966E-02));
#6554 = CARTESIAN_POINT('',(2.124493292207,2.670893508989E-02));
#6555 = CARTESIAN_POINT('',(2.093670148063,1.741890561944E-02));
#6556 = CARTESIAN_POINT('',(2.064300947909,4.472851608529E-03));
#6557 = CARTESIAN_POINT('',(2.036849947351,-1.184903500413E-02));
#6558 = CARTESIAN_POINT('',(1.986585655503,-5.055461571941E-02));
#6559 = CARTESIAN_POINT('',(1.963772355113,-7.293828226079E-02));
#6560 = CARTESIAN_POINT('',(1.943678523056,-9.800815998742E-02));
#6561 = CARTESIAN_POINT('',(1.926640921179,-0.125354204836));
#6562 = CARTESIAN_POINT('',(1.912933059995,-0.154522416347));
#6563 = CARTESIAN_POINT('',(1.902784438821,-0.185027377619));
#6564 = CARTESIAN_POINT('',(1.896395628075,-0.216357889225));
#6565 = CARTESIAN_POINT('',(1.893926405361,-0.247977673776));
#6566 = ( GEOMETRIC_REPRESENTATION_CONTEXT(2) 
PARAMETRIC_REPRESENTATION_CONTEXT() REPRESENTATION_CONTEXT('2D SPACE',''
  ) );
#6567 = ORIENTED_EDGE('',*,*,#4714,.T.);
#6568 = ORIENTED_EDGE('',*,*,#6569,.F.);
#6569 = EDGE_CURVE('',#6570,#4317,#6572,.T.);
#6570 = VERTEX_POINT('',#6571);
#6571 = CARTESIAN_POINT('',(-14.94451214106,31.04021559175,
    -8.19585332115));
#6572 = SURFACE_CURVE('',#6573,(#6631,#6692),.PCURVE_S1.);
#6573 = B_SPLINE_CURVE_WITH_KNOTS('',6,(#6574,#6575,#6576,#6577,#6578,
    #6579,#6580,#6581,#6582,#6583,#6584,#6585,#6586,#6587,#6588,#6589,
    #6590,#6591,#6592,#6593,#6594,#6595,#6596,#6597,#6598,#6599,#6600,
    #6601,#6602,#6603,#6604,#6605,#6606,#6607,#6608,#6609,#6610,#6611,
    #6612,#6613,#6614,#6615,#6616,#6617,#6618,#6619,#6620,#6621,#6622,
    #6623,#6624,#6625,#6626,#6627,#6628,#6629,#6630),.UNSPECIFIED.,.F.,
  .F.,(7,5,5,5,5,5,5,5,5,5,5,7),(0.,7.760230555999E-02,0.130120584593,
    0.169405236181,0.199788418552,0.286316099124,0.463452767221,
    0.558086304963,0.64089412458,0.813002982295,0.872638262799,1.),
  .UNSPECIFIED.);
#6574 = CARTESIAN_POINT('',(-14.94451214106,31.040215591752,
    -8.19585332115));
#6575 = CARTESIAN_POINT('',(-14.95793655584,31.030585033322,
    -8.063486305895));
#6576 = CARTESIAN_POINT('',(-14.9695879304,31.013601105207,
    -7.933355418704));
#6577 = CARTESIAN_POINT('',(-14.97941012591,30.989850488888,
    -7.80590166557));
#6578 = CARTESIAN_POINT('',(-14.98733742212,30.959951959517,
    -7.681522804837));
#6579 = CARTESIAN_POINT('',(-14.99331049319,30.924552320075,
    -7.560575283045));
#6580 = CARTESIAN_POINT('',(-14.9999871748,30.857096217223,
    -7.364060284029));
#6581 = CARTESIAN_POINT('',(-15.00177231774,30.827635064878,
    -7.286395105463));
#6582 = CARTESIAN_POINT('',(-15.00263603272,30.796112371336,
    -7.210404038691));
#6583 = CARTESIAN_POINT('',(-15.00256592285,30.762689873986,
    -7.136103771022));
#6584 = CARTESIAN_POINT('',(-15.00154897391,30.727517554775,
    -7.06350427347));
#6585 = CARTESIAN_POINT('',(-14.99809240762,30.663218586514,
    -6.93957766577));
#6586 = CARTESIAN_POINT('',(-14.99607576153,30.634799992262,
    -6.887496584763));
#6587 = CARTESIAN_POINT('',(-14.99351575278,30.605533593671,
    -6.83636369647));
#6588 = CARTESIAN_POINT('',(-14.99040608412,30.575471297883,
    -6.786176089583));
#6589 = CARTESIAN_POINT('',(-14.98674002436,30.544661182964,
    -6.736929802752));
#6590 = CARTESIAN_POINT('',(-14.97923917667,30.488774466666,
    -6.651256355195));
#6591 = CARTESIAN_POINT('',(-14.97563085384,30.46398072189,
    -6.614453151349));
#6592 = CARTESIAN_POINT('',(-14.97168211639,30.43878680471,
    -6.578208054337));
#6593 = CARTESIAN_POINT('',(-14.96738950382,30.413212236247,
    -6.54251897154));
#6594 = CARTESIAN_POINT('',(-14.96274941859,30.387275517603,
    -6.507383876424));
#6595 = CARTESIAN_POINT('',(-14.94354352037,30.286147871326,
    -6.374312354822));
#6596 = CARTESIAN_POINT('',(-14.92647819032,30.208493775751,
    -6.280284275625));
#6597 = CARTESIAN_POINT('',(-14.90647612199,30.128447278536,
    -6.190692551381));
#6598 = CARTESIAN_POINT('',(-14.88344846576,30.046372750573,
    -6.105518705662));
#6599 = CARTESIAN_POINT('',(-14.85730279612,29.962584808758,
    -6.02475045826));
#6600 = CARTESIAN_POINT('',(-14.76783665935,29.702858919109,
    -5.792044115743));
#6601 = CARTESIAN_POINT('',(-14.69414205366,29.521967659051,
    -5.653847568524));
#6602 = CARTESIAN_POINT('',(-14.60621467353,29.337739113319,
    -5.534623899202));
#6603 = CARTESIAN_POINT('',(-14.50373885485,29.152696006076,
    -5.434885304621));
#6604 = CARTESIAN_POINT('',(-14.38694479462,28.968720597495,
    -5.355126061176));
#6605 = CARTESIAN_POINT('',(-14.18710039089,28.690149610475,
    -5.264287695844));
#6606 = CARTESIAN_POINT('',(-14.11375340506,28.593950771059,
    -5.238560461556));
#6607 = CARTESIAN_POINT('',(-14.03681716731,28.498788351686,
    -5.218808816845));
#6608 = CARTESIAN_POINT('',(-13.95652982819,28.40485861452,
    -5.205101785179));
#6609 = CARTESIAN_POINT('',(-13.87319564014,28.312324259249,
    -5.19750107285));
#6610 = CARTESIAN_POINT('',(-13.71191785152,28.141684574633,
    -5.194792595358));
#6611 = CARTESIAN_POINT('',(-13.63460484352,28.063224369416,
    -5.198242365463));
#6612 = CARTESIAN_POINT('',(-13.55544402305,27.985978711797,
    -5.206438140288));
#6613 = CARTESIAN_POINT('',(-13.47466763519,27.909980396678,
    -5.219423596842));
#6614 = CARTESIAN_POINT('',(-13.39253794068,27.83525648646,
    -5.237251196051));
#6615 = CARTESIAN_POINT('',(-13.13643733317,27.60922220421,
    -5.30721842744));
#6616 = CARTESIAN_POINT('',(-12.95913008322,27.462392097897,
    -5.375575685429));
#6617 = CARTESIAN_POINT('',(-12.77941818696,27.320969194668,
    -5.465662589842));
#6618 = CARTESIAN_POINT('',(-12.59976429408,27.184763259546,
    -5.578714839255));
#6619 = CARTESIAN_POINT('',(-12.42354282344,27.05395123794,
    -5.716395457409));
#6620 = CARTESIAN_POINT('',(-12.19724401886,26.886159498827,
    -5.93741938177));
#6621 = CARTESIAN_POINT('',(-12.13996632308,26.843708480311,
    -5.997496059616));
#6622 = CARTESIAN_POINT('',(-12.0838634638,26.802034776872,
    -6.060834211507));
#6623 = CARTESIAN_POINT('',(-12.02917224159,26.761196231489,
    -6.127490092279));
#6624 = CARTESIAN_POINT('',(-11.97614703756,26.721259853292,
    -6.197514420855));
#6625 = CARTESIAN_POINT('',(-11.81595175125,26.599104406737,
    -6.427791022119));
#6626 = CARTESIAN_POINT('',(-11.71463661936,26.519578443716,
    -6.601698692597));
#6627 = CARTESIAN_POINT('',(-11.62579629367,26.445955789306,
    -6.791198188019));
#6628 = CARTESIAN_POINT('',(-11.55317771818,26.379828014588,
    -6.993987883357));
#6629 = CARTESIAN_POINT('',(-11.49927974094,26.322520745357,
    -7.207177875099));
#6630 = CARTESIAN_POINT('',(-11.46525305526,26.27508960774,
    -7.427492072292));
#6631 = PCURVE('',#813,#6632);
#6632 = DEFINITIONAL_REPRESENTATION('',(#6633),#6691);
#6633 = B_SPLINE_CURVE_WITH_KNOTS('',6,(#6634,#6635,#6636,#6637,#6638,
    #6639,#6640,#6641,#6642,#6643,#6644,#6645,#6646,#6647,#6648,#6649,
    #6650,#6651,#6652,#6653,#6654,#6655,#6656,#6657,#6658,#6659,#6660,
    #6661,#6662,#6663,#6664,#6665,#6666,#6667,#6668,#6669,#6670,#6671,
    #6672,#6673,#6674,#6675,#6676,#6677,#6678,#6679,#6680,#6681,#6682,
    #6683,#6684,#6685,#6686,#6687,#6688,#6689,#6690),.UNSPECIFIED.,.F.,
  .F.,(7,5,5,5,5,5,5,5,5,5,5,7),(0.,7.760230555999E-02,0.130120584593,
    0.169405236181,0.199788418552,0.286316099124,0.463452767221,
    0.558086304963,0.64089412458,0.813002982295,0.872638262799,1.),
  .UNSPECIFIED.);
#6634 = CARTESIAN_POINT('',(6.1547724717,34.899934652928));
#6635 = CARTESIAN_POINT('',(6.133270113426,34.866032757879));
#6636 = CARTESIAN_POINT('',(6.112361030433,34.825928934065));
#6637 = CARTESIAN_POINT('',(6.092087184298,34.780165300589));
#6638 = CARTESIAN_POINT('',(6.07248851173,34.729292708676));
#6639 = CARTESIAN_POINT('',(6.053602428575,34.673877045834));
#6640 = CARTESIAN_POINT('',(6.023187486681,34.57432517055));
#6641 = CARTESIAN_POINT('',(6.011243495029,34.53229955012));
#6642 = CARTESIAN_POINT('',(5.999630748344,34.488564303016));
#6643 = CARTESIAN_POINT('',(5.988348487304,34.443243752346));
#6644 = CARTESIAN_POINT('',(5.977395803785,34.396450920043));
#6645 = CARTESIAN_POINT('',(5.95882456896,34.312260411068));
#6646 = CARTESIAN_POINT('',(5.951060782543,34.275464088218));
#6647 = CARTESIAN_POINT('',(5.943479345182,34.237938555083));
#6648 = CARTESIAN_POINT('',(5.936079375528,34.199720287479));
#6649 = CARTESIAN_POINT('',(5.928860047306,34.160842240265));
#6650 = CARTESIAN_POINT('',(5.916376194943,34.09077762097));
#6651 = CARTESIAN_POINT('',(5.911039417221,34.059844507445));
#6652 = CARTESIAN_POINT('',(5.905809920184,34.028548214987));
#6653 = CARTESIAN_POINT('',(5.900687435821,33.996901590358));
#6654 = CARTESIAN_POINT('',(5.895671764079,33.964916618867));
#6655 = CARTESIAN_POINT('',(5.8767825512,33.840583147287));
#6656 = CARTESIAN_POINT('',(5.863665143413,33.745892603935));
#6657 = CARTESIAN_POINT('',(5.851410636043,33.648804474429));
#6658 = CARTESIAN_POINT('',(5.840022843779,33.549550152942));
#6659 = CARTESIAN_POINT('',(5.829508515089,33.448321527135));
#6660 = CARTESIAN_POINT('',(5.800158265674,33.134311603461));
#6661 = CARTESIAN_POINT('',(5.784100290189,32.915313823996));
#6662 = CARTESIAN_POINT('',(5.771899516625,32.690534492734));
#6663 = CARTESIAN_POINT('',(5.763700194748,32.461908366341));
#6664 = CARTESIAN_POINT('',(5.759586531581,32.231170141814));
#6665 = CARTESIAN_POINT('',(5.759586531581,31.876499605783));
#6666 = CARTESIAN_POINT('',(5.76076062605,31.753023856448));
#6667 = CARTESIAN_POINT('',(5.763108091474,31.629870201631));
#6668 = CARTESIAN_POINT('',(5.766620820197,31.507344660481));
#6669 = CARTESIAN_POINT('',(5.77128341031,31.385762263004));
#6670 = CARTESIAN_POINT('',(5.782139582677,31.160167649385));
#6671 = CARTESIAN_POINT('',(5.788068845397,31.055862573098));
#6672 = CARTESIAN_POINT('',(5.794848994924,30.952685817359));
#6673 = CARTESIAN_POINT('',(5.802467038199,30.850805188989));
#6674 = CARTESIAN_POINT('',(5.810909368537,30.750403154809));
#6675 = CARTESIAN_POINT('',(5.839393086874,30.446484034293));
#6676 = CARTESIAN_POINT('',(5.862103623858,30.248759665945));
#6677 = CARTESIAN_POINT('',(5.888224887533,30.059492781505));
#6678 = CARTESIAN_POINT('',(5.917765213004,29.880238067921));
#6679 = CARTESIAN_POINT('',(5.950769878387,29.713461805457));
#6680 = CARTESIAN_POINT('',(5.999966930836,29.510769445213));
#6681 = CARTESIAN_POINT('',(6.013056027232,29.460539781149));
#6682 = CARTESIAN_POINT('',(6.026573267531,29.412417957527));
#6683 = CARTESIAN_POINT('',(6.040516945987,29.366597243124));
#6684 = CARTESIAN_POINT('',(6.054884831091,29.323286594302));
#6685 = CARTESIAN_POINT('',(6.101260119993,29.196055431373));
#6686 = CARTESIAN_POINT('',(6.135071373505,29.121046664285));
#6687 = CARTESIAN_POINT('',(6.170654054501,29.061697068288));
#6688 = CARTESIAN_POINT('',(6.207523886891,29.020778498837));
#6689 = CARTESIAN_POINT('',(6.245199244809,29.));
#6690 = CARTESIAN_POINT('',(6.28318530718,29.));
#6691 = ( GEOMETRIC_REPRESENTATION_CONTEXT(2) 
PARAMETRIC_REPRESENTATION_CONTEXT() REPRESENTATION_CONTEXT('2D SPACE',''
  ) );
#6692 = PCURVE('',#4179,#6693);
#6693 = DEFINITIONAL_REPRESENTATION('',(#6694),#6752);
#6694 = B_SPLINE_CURVE_WITH_KNOTS('',6,(#6695,#6696,#6697,#6698,#6699,
    #6700,#6701,#6702,#6703,#6704,#6705,#6706,#6707,#6708,#6709,#6710,
    #6711,#6712,#6713,#6714,#6715,#6716,#6717,#6718,#6719,#6720,#6721,
    #6722,#6723,#6724,#6725,#6726,#6727,#6728,#6729,#6730,#6731,#6732,
    #6733,#6734,#6735,#6736,#6737,#6738,#6739,#6740,#6741,#6742,#6743,
    #6744,#6745,#6746,#6747,#6748,#6749,#6750,#6751),.UNSPECIFIED.,.F.,
  .F.,(7,5,5,5,5,5,5,5,5,5,5,7),(0.,7.760230555999E-02,0.130120584593,
    0.169405236181,0.199788418552,0.286316099124,0.463452767221,
    0.558086304963,0.64089412458,0.813002982295,0.872638262799,1.),
  .UNSPECIFIED.);
#6695 = CARTESIAN_POINT('',(8.881784197001E-16,13.950598372538));
#6696 = CARTESIAN_POINT('',(4.412233841836E-02,13.934076793682));
#6697 = CARTESIAN_POINT('',(8.74993551687E-02,13.914709540727));
#6698 = CARTESIAN_POINT('',(0.130138400978,13.892884209871));
#6699 = CARTESIAN_POINT('',(0.172035906359,13.869014890237));
#6700 = CARTESIAN_POINT('',(0.213176669772,13.843526812906));
#6701 = CARTESIAN_POINT('',(0.280844868716,13.798781060108));
#6702 = CARTESIAN_POINT('',(0.307820285699,13.78015742546));
#6703 = CARTESIAN_POINT('',(0.334476787629,13.761080797681));
#6704 = CARTESIAN_POINT('',(0.360831129331,13.741655527709));
#6705 = CARTESIAN_POINT('',(0.386899429562,13.721979615759));
#6706 = CARTESIAN_POINT('',(0.431994362455,13.687307833103));
#6707 = CARTESIAN_POINT('',(0.451141534567,13.672381012791));
#6708 = CARTESIAN_POINT('',(0.470146482694,13.657401503599));
#6709 = CARTESIAN_POINT('',(0.489016952718,13.642404679358));
#6710 = CARTESIAN_POINT('',(0.507760641051,13.627424034514));
#6711 = CARTESIAN_POINT('',(0.54078962959,13.600941953111));
#6712 = CARTESIAN_POINT('',(0.555122754755,13.589421384337));
#6713 = CARTESIAN_POINT('',(0.569388076212,13.577944151824));
#6714 = CARTESIAN_POINT('',(0.583589009478,13.566524446364));
#6715 = CARTESIAN_POINT('',(0.597728879515,13.555175975534));
#6716 = CARTESIAN_POINT('',(0.651914894999,13.51183340104));
#6717 = CARTESIAN_POINT('',(0.691556709716,13.48043445059));
#6718 = CARTESIAN_POINT('',(0.730803895547,13.450027162575));
#6719 = CARTESIAN_POINT('',(0.76971770112,13.420896125355));
#6720 = CARTESIAN_POINT('',(0.808358045935,13.393299830876));
#6721 = CARTESIAN_POINT('',(0.925462000743,13.314598222604));
#6722 = CARTESIAN_POINT('',(1.003406597806,13.2690349685));
#6723 = CARTESIAN_POINT('',(1.080787740522,13.233091057949));
#6724 = CARTESIAN_POINT('',(1.157820340422,13.208493495876));
#6725 = CARTESIAN_POINT('',(1.234733009868,13.196152422707));
#6726 = CARTESIAN_POINT('',(1.352956521878,13.196152422707));
#6727 = CARTESIAN_POINT('',(1.394115120563,13.199674593161));
#6728 = CARTESIAN_POINT('',(1.435291872059,13.20671730549));
#6729 = CARTESIAN_POINT('',(1.476510253014,13.217201456036));
#6730 = CARTESIAN_POINT('',(1.5177915536,13.230974666973));
#6731 = CARTESIAN_POINT('',(1.595350596431,13.262551823175));
#6732 = CARTESIAN_POINT('',(1.631607515662,13.27963652792));
#6733 = CARTESIAN_POINT('',(1.667961436734,13.298930620332));
#6734 = CARTESIAN_POINT('',(1.704445043327,13.320264508812));
#6735 = CARTESIAN_POINT('',(1.741090124446,13.34344087136));
#6736 = CARTESIAN_POINT('',(1.854495735894,13.419775247724));
#6737 = CARTESIAN_POINT('',(1.931815185794,13.478255745098));
#6738 = CARTESIAN_POINT('',(2.010454510986,13.541842010844));
#6739 = CARTESIAN_POINT('',(2.090974562145,13.608422158421));
#6740 = CARTESIAN_POINT('',(2.173928040482,13.675357486296));
#6741 = CARTESIAN_POINT('',(2.289786606522,13.761426794927));
#6742 = CARTESIAN_POINT('',(2.31998364703,13.783222080643));
#6743 = CARTESIAN_POINT('',(2.350581092418,13.804515869841));
#6744 = CARTESIAN_POINT('',(2.381597015252,13.825149470136));
#6745 = CARTESIAN_POINT('',(2.413051186617,13.844955247291));
#6746 = CARTESIAN_POINT('',(2.513126481641,13.903914673158));
#6747 = CARTESIAN_POINT('',(2.584040874969,13.939880783043));
#6748 = CARTESIAN_POINT('',(2.656930776446,13.969151720798));
#6749 = CARTESIAN_POINT('',(2.731263404949,13.989610690421));
#6750 = CARTESIAN_POINT('',(2.80661392586,14.));
#6751 = CARTESIAN_POINT('',(2.882586050601,14.));
#6752 = ( GEOMETRIC_REPRESENTATION_CONTEXT(2) 
PARAMETRIC_REPRESENTATION_CONTEXT() REPRESENTATION_CONTEXT('2D SPACE',''
  ) );
#6753 = ORIENTED_EDGE('',*,*,#6754,.F.);
#6754 = EDGE_CURVE('',#6755,#6570,#6757,.T.);
#6755 = VERTEX_POINT('',#6756);
#6756 = CARTESIAN_POINT('',(-14.84604255023,30.987705267402,
    -8.964214570008));
#6757 = SURFACE_CURVE('',#6758,(#6765,#6775),.PCURVE_S1.);
#6758 = B_SPLINE_CURVE_WITH_KNOTS('',5,(#6759,#6760,#6761,#6762,#6763,
    #6764),.UNSPECIFIED.,.F.,.F.,(6,6),(0.,1.),
  .PIECEWISE_BEZIER_KNOTS.);
#6759 = CARTESIAN_POINT('',(-14.84604255023,30.987705267401,
    -8.964214570008));
#6760 = CARTESIAN_POINT('',(-14.86958220696,31.020518122228,
    -8.811801237082));
#6761 = CARTESIAN_POINT('',(-14.89145818077,31.04212720886,
    -8.656959070856));
#6762 = CARTESIAN_POINT('',(-14.91141580875,31.052226196369,
    -8.501444850867));
#6763 = CARTESIAN_POINT('',(-14.92917230573,31.051220256227,
    -8.347106709096));
#6764 = CARTESIAN_POINT('',(-14.94451214106,31.040215591752,
    -8.19585332115));
#6765 = PCURVE('',#813,#6766);
#6766 = DEFINITIONAL_REPRESENTATION('',(#6767),#6774);
#6767 = B_SPLINE_CURVE_WITH_KNOTS('',5,(#6768,#6769,#6770,#6771,#6772,
    #6773),.UNSPECIFIED.,.F.,.F.,(6,6),(0.,1.),
  .PIECEWISE_BEZIER_KNOTS.);
#6768 = CARTESIAN_POINT('',(6.28318530718,35.));
#6769 = CARTESIAN_POINT('',(6.256906554179,35.));
#6770 = CARTESIAN_POINT('',(6.230666527508,34.989640657015));
#6771 = CARTESIAN_POINT('',(6.20472719813,34.968987821202));
#6772 = CARTESIAN_POINT('',(6.179342826568,34.938673733613));
#6773 = CARTESIAN_POINT('',(6.1547724717,34.899934652928));
#6774 = ( GEOMETRIC_REPRESENTATION_CONTEXT(2) 
PARAMETRIC_REPRESENTATION_CONTEXT() REPRESENTATION_CONTEXT('2D SPACE',''
  ) );
#6775 = PCURVE('',#4179,#6776);
#6776 = DEFINITIONAL_REPRESENTATION('',(#6777),#6784);
#6777 = B_SPLINE_CURVE_WITH_KNOTS('',5,(#6778,#6779,#6780,#6781,#6782,
    #6783),.UNSPECIFIED.,.F.,.F.,(6,6),(0.,1.),
  .PIECEWISE_BEZIER_KNOTS.);
#6778 = CARTESIAN_POINT('',(6.024178704191,14.));
#6779 = CARTESIAN_POINT('',(6.076736210192,14.));
#6780 = CARTESIAN_POINT('',(6.129216368583,13.994821041283));
#6781 = CARTESIAN_POINT('',(6.181321461013,13.984491484512));
#6782 = CARTESIAN_POINT('',(6.232767511198,13.96947728109));
#6783 = CARTESIAN_POINT('',(6.28318530718,13.950598372538));
#6784 = ( GEOMETRIC_REPRESENTATION_CONTEXT(2) 
PARAMETRIC_REPRESENTATION_CONTEXT() REPRESENTATION_CONTEXT('2D SPACE',''
  ) );
#6785 = ORIENTED_EDGE('',*,*,#6786,.T.);
#6786 = EDGE_CURVE('',#6755,#6787,#6789,.T.);
#6787 = VERTEX_POINT('',#6788);
#6788 = CARTESIAN_POINT('',(-17.09990221355,34.129449040509,
    -9.988696235152));
#6789 = SEAM_CURVE('',#6790,(#6794,#6801),.PCURVE_S1.);
#6790 = LINE('',#6791,#6792);
#6791 = CARTESIAN_POINT('',(4.875229503778,3.49744725271,0.));
#6792 = VECTOR('',#6793,1.);
#6793 = DIRECTION('',(-0.563464915829,0.785435943277,-0.256120416286));
#6794 = PCURVE('',#813,#6795);
#6795 = DEFINITIONAL_REPRESENTATION('',(#6796),#6800);
#6796 = LINE('',#6797,#6798);
#6797 = CARTESIAN_POINT('',(0.,-0.));
#6798 = VECTOR('',#6799,1.);
#6799 = DIRECTION('',(0.,1.));
#6800 = ( GEOMETRIC_REPRESENTATION_CONTEXT(2) 
PARAMETRIC_REPRESENTATION_CONTEXT() REPRESENTATION_CONTEXT('2D SPACE',''
  ) );
#6801 = PCURVE('',#813,#6802);
#6802 = DEFINITIONAL_REPRESENTATION('',(#6803),#6807);
#6803 = LINE('',#6804,#6805);
#6804 = CARTESIAN_POINT('',(6.28318530718,-0.));
#6805 = VECTOR('',#6806,1.);
#6806 = DIRECTION('',(0.,1.));
#6807 = ( GEOMETRIC_REPRESENTATION_CONTEXT(2) 
PARAMETRIC_REPRESENTATION_CONTEXT() REPRESENTATION_CONTEXT('2D SPACE',''
  ) );
#6808 = ORIENTED_EDGE('',*,*,#6809,.F.);
#6809 = EDGE_CURVE('',#6787,#6787,#6810,.T.);
#6810 = SURFACE_CURVE('',#6811,(#6816,#6823),.PCURVE_S1.);
#6811 = CIRCLE('',#6812,6.);
#6812 = AXIS2_PLACEMENT_3D('',#6813,#6814,#6815);
#6813 = CARTESIAN_POINT('',(-21.97513171733,30.632001787799,
    -9.988696235152));
#6814 = DIRECTION('',(-0.563464915829,0.785435943277,-0.256120416286));
#6815 = DIRECTION('',(0.81253825063,0.582907875452,0.));
#6816 = PCURVE('',#813,#6817);
#6817 = DEFINITIONAL_REPRESENTATION('',(#6818),#6822);
#6818 = LINE('',#6819,#6820);
#6819 = CARTESIAN_POINT('',(0.,39.));
#6820 = VECTOR('',#6821,1.);
#6821 = DIRECTION('',(1.,0.));
#6822 = ( GEOMETRIC_REPRESENTATION_CONTEXT(2) 
PARAMETRIC_REPRESENTATION_CONTEXT() REPRESENTATION_CONTEXT('2D SPACE',''
  ) );
#6823 = PCURVE('',#6824,#6829);
#6824 = PLANE('',#6825);
#6825 = AXIS2_PLACEMENT_3D('',#6826,#6827,#6828);
#6826 = CARTESIAN_POINT('',(-21.97513171733,30.632001787799,
    -9.988696235152));
#6827 = DIRECTION('',(-0.563464915829,0.785435943277,-0.256120416286));
#6828 = DIRECTION('',(0.81253825063,0.582907875452,0.));
#6829 = DEFINITIONAL_REPRESENTATION('',(#6830),#6834);
#6830 = CIRCLE('',#6831,6.);
#6831 = AXIS2_PLACEMENT_2D('',#6832,#6833);
#6832 = CARTESIAN_POINT('',(0.,0.));
#6833 = DIRECTION('',(1.,-1.341489258996E-17));
#6834 = ( GEOMETRIC_REPRESENTATION_CONTEXT(2) 
PARAMETRIC_REPRESENTATION_CONTEXT() REPRESENTATION_CONTEXT('2D SPACE',''
  ) );
#6835 = ORIENTED_EDGE('',*,*,#6786,.F.);
#6836 = ORIENTED_EDGE('',*,*,#6837,.F.);
#6837 = EDGE_CURVE('',#3789,#6755,#6838,.T.);
#6838 = SURFACE_CURVE('',#6839,(#6897,#6958),.PCURVE_S1.);
#6839 = B_SPLINE_CURVE_WITH_KNOTS('',6,(#6840,#6841,#6842,#6843,#6844,
    #6845,#6846,#6847,#6848,#6849,#6850,#6851,#6852,#6853,#6854,#6855,
    #6856,#6857,#6858,#6859,#6860,#6861,#6862,#6863,#6864,#6865,#6866,
    #6867,#6868,#6869,#6870,#6871,#6872,#6873,#6874,#6875,#6876,#6877,
    #6878,#6879,#6880,#6881,#6882,#6883,#6884,#6885,#6886,#6887,#6888,
    #6889,#6890,#6891,#6892,#6893,#6894,#6895,#6896),.UNSPECIFIED.,.F.,
  .F.,(7,5,5,5,5,5,5,5,5,5,5,7),(0.,0.119242023402,0.173667059987,
    0.244264243593,0.333772787174,0.413097914586,0.49968132873,
    0.665115477063,0.753890261109,0.825641272586,0.881246071768,1.),
  .UNSPECIFIED.);
#6840 = CARTESIAN_POINT('',(-11.46525305526,26.27508960774,
    -7.427492072292));
#6841 = CARTESIAN_POINT('',(-11.43102943856,26.227383960215,
    -7.649081348115));
#6842 = CARTESIAN_POINT('',(-11.41747340206,26.190457516756,
    -7.874215346993));
#6843 = CARTESIAN_POINT('',(-11.42448824111,26.164738173666,
    -8.099236884218));
#6844 = CARTESIAN_POINT('',(-11.4505685552,26.150331284139,
    -8.320324897689));
#6845 = CARTESIAN_POINT('',(-11.49283855918,26.146933094364,
    -8.53370569823));
#6846 = CARTESIAN_POINT('',(-11.57217659116,26.156296742954,
    -8.828042980927));
#6847 = CARTESIAN_POINT('',(-11.59969406717,26.161291616363,
    -8.918346980663));
#6848 = CARTESIAN_POINT('',(-11.62961419056,26.168279235581,
    -9.006647715292));
#6849 = CARTESIAN_POINT('',(-11.66169843584,26.177197669545,
    -9.092892596575));
#6850 = CARTESIAN_POINT('',(-11.69572183884,26.187989680347,
    -9.177041554467));
#6851 = CARTESIAN_POINT('',(-11.77784924402,26.216961248386,
    -9.365464594855));
#6852 = CARTESIAN_POINT('',(-11.82714325042,26.236386585221,
    -9.46831227147));
#6853 = CARTESIAN_POINT('',(-11.87892899913,26.258774797467,
    -9.56761310678));
#6854 = CARTESIAN_POINT('',(-11.93282853001,26.284044240914,
    -9.663384680345));
#6855 = CARTESIAN_POINT('',(-11.98851125816,26.31213557631,
    -9.755657517508));
#6856 = CARTESIAN_POINT('',(-12.11819130155,26.382161406814,
    -9.957082627165));
#6857 = CARTESIAN_POINT('',(-12.1931096612,26.42579412201,
    -10.06415206716));
#6858 = CARTESIAN_POINT('',(-12.26984308015,26.473828324841,
    -10.16572119316));
#6859 = CARTESIAN_POINT('',(-12.34786318949,26.526212551964,
    -10.26182124933));
#6860 = CARTESIAN_POINT('',(-12.42671460022,26.582927346775,
    -10.35247491125));
#6861 = CARTESIAN_POINT('',(-12.57628722545,26.698098124077,
    -10.51322001334));
#6862 = CARTESIAN_POINT('',(-12.6469092478,26.755619270667,
    -10.58447330816));
#6863 = CARTESIAN_POINT('',(-12.71755823756,26.81651965228,
    -10.6514083833));
#6864 = CARTESIAN_POINT('',(-12.78794700669,26.880766909147,
    -10.71398043742));
#6865 = CARTESIAN_POINT('',(-12.85782367531,26.94832455636,
    -10.77214331051));
#6866 = CARTESIAN_POINT('',(-13.0024528556,27.096456758452,
    -10.88446291096));
#6867 = CARTESIAN_POINT('',(-13.07706101148,27.177650976022,
    -10.93776171535));
#6868 = CARTESIAN_POINT('',(-13.15046297068,27.262618738235,
    -10.9856328207));
#6869 = CARTESIAN_POINT('',(-13.22237792023,27.351212079338,
    -11.02798186748));
#6870 = CARTESIAN_POINT('',(-13.29258381779,27.443247720697,
    -11.06472567133));
#6871 = CARTESIAN_POINT('',(-13.49149189942,27.720513531452,
    -11.15513843571));
#6872 = CARTESIAN_POINT('',(-13.61494736285,27.913876968046,
    -11.19361457661));
#6873 = CARTESIAN_POINT('',(-13.73038211839,28.117186934227,
    -11.21092753258));
#6874 = CARTESIAN_POINT('',(-13.83755127222,28.328525994124,
    -11.20668019396));
#6875 = CARTESIAN_POINT('',(-13.93677068057,28.545344743285,
    -11.18038929976));
#6876 = CARTESIAN_POINT('',(-14.07789624865,28.882018457468,
    -11.10561413789));
#6877 = CARTESIAN_POINT('',(-14.12510386322,29.00036331482,
    -11.07303425162));
#6878 = CARTESIAN_POINT('',(-14.17038625489,29.119156205832,
    -11.03387446166));
#6879 = CARTESIAN_POINT('',(-14.21389404114,29.238010827872,
    -10.9879818165));
#6880 = CARTESIAN_POINT('',(-14.25577885078,29.356475471498,
    -10.93516372596));
#6881 = CARTESIAN_POINT('',(-14.32886029315,29.569042225393,
    -10.82671396322));
#6882 = CARTESIAN_POINT('',(-14.36056996982,29.663470501456,
    -10.77355858538));
#6883 = CARTESIAN_POINT('',(-14.39141224389,29.757063613743,
    -10.71558365863));
#6884 = CARTESIAN_POINT('',(-14.4214677868,29.84951649975,
    -10.65263747503));
#6885 = CARTESIAN_POINT('',(-14.45081076503,29.940468889924,
    -10.58455602143));
#6886 = CARTESIAN_POINT('',(-14.50175129603,30.098502976101,
    -10.45428726052));
#6887 = CARTESIAN_POINT('',(-14.52360998516,30.166363281995,
    -10.39421058268));
#6888 = CARTESIAN_POINT('',(-14.54510880798,30.232861620275,
    -10.33087243079));
#6889 = CARTESIAN_POINT('',(-14.56626885122,30.297755141883,
    -10.26421655002));
#6890 = CARTESIAN_POINT('',(-14.58710815221,30.360781407051,
    -10.19419222144));
#6891 = CARTESIAN_POINT('',(-14.65148986101,30.551672680942,
    -9.963915620181));
#6892 = CARTESIAN_POINT('',(-14.69435731289,30.673128501366,
    -9.790007949703));
#6893 = CARTESIAN_POINT('',(-14.73563012546,30.780875676053,
    -9.600508454281));
#6894 = CARTESIAN_POINT('',(-14.77500131018,30.870854839806,
    -9.397718758943));
#6895 = CARTESIAN_POINT('',(-14.81201586455,30.940274129784,
    -9.184528767201));
#6896 = CARTESIAN_POINT('',(-14.84604255023,30.987705267401,
    -8.964214570008));
#6897 = PCURVE('',#813,#6898);
#6898 = DEFINITIONAL_REPRESENTATION('',(#6899),#6957);
#6899 = B_SPLINE_CURVE_WITH_KNOTS('',6,(#6900,#6901,#6902,#6903,#6904,
    #6905,#6906,#6907,#6908,#6909,#6910,#6911,#6912,#6913,#6914,#6915,
    #6916,#6917,#6918,#6919,#6920,#6921,#6922,#6923,#6924,#6925,#6926,
    #6927,#6928,#6929,#6930,#6931,#6932,#6933,#6934,#6935,#6936,#6937,
    #6938,#6939,#6940,#6941,#6942,#6943,#6944,#6945,#6946,#6947,#6948,
    #6949,#6950,#6951,#6952,#6953,#6954,#6955,#6956),.UNSPECIFIED.,.F.,
  .F.,(7,5,5,5,5,5,5,5,5,5,5,7),(0.,0.119242023402,0.173667059987,
    0.244264243593,0.333772787174,0.413097914586,0.49968132873,
    0.665115477063,0.753890261109,0.825641272586,0.881246071768,1.),
  .UNSPECIFIED.);
#6900 = CARTESIAN_POINT('',(0.,29.));
#6901 = CARTESIAN_POINT('',(3.820590846739E-02,29.));
#6902 = CARTESIAN_POINT('',(7.609483023369E-02,29.021019706597));
#6903 = CARTESIAN_POINT('',(0.113165069461,29.062404035582));
#6904 = CARTESIAN_POINT('',(0.148928451664,29.122408842744));
#6905 = CARTESIAN_POINT('',(0.18289403713,29.198208626052));
#6906 = CARTESIAN_POINT('',(0.229074398734,29.325653157097));
#6907 = CARTESIAN_POINT('',(0.243141303759,29.368210140514));
#6908 = CARTESIAN_POINT('',(0.256800446415,29.413173028522));
#6909 = CARTESIAN_POINT('',(0.270049774333,29.460345308583));
#6910 = CARTESIAN_POINT('',(0.282887718448,29.509545001798));
#6911 = CARTESIAN_POINT('',(0.311431306586,29.626835211655));
#6912 = CARTESIAN_POINT('',(0.326859109573,29.696209402332));
#6913 = CARTESIAN_POINT('',(0.341604543892,29.768406332754));
#6914 = CARTESIAN_POINT('',(0.355673794645,29.843153411822));
#6915 = CARTESIAN_POINT('',(0.369072053686,29.920225577532));
#6916 = CARTESIAN_POINT('',(0.397946722869,30.099885619441));
#6917 = CARTESIAN_POINT('',(0.413020815397,30.203792859017));
#6918 = CARTESIAN_POINT('',(0.427028777879,30.31077116471));
#6919 = CARTESIAN_POINT('',(0.439967015947,30.420490400284));
#6920 = CARTESIAN_POINT('',(0.45182728686,30.532684495781));
#6921 = CARTESIAN_POINT('',(0.472143449819,30.748592793039));
#6922 = CARTESIAN_POINT('',(0.480832604459,30.851814424478));
#6923 = CARTESIAN_POINT('',(0.488650366659,30.956599439535));
#6924 = CARTESIAN_POINT('',(0.495581910101,31.062749126762));
#6925 = CARTESIAN_POINT('',(0.501613122387,31.17008108159));
#6926 = CARTESIAN_POINT('',(0.512317128506,31.396690249193));
#6927 = CARTESIAN_POINT('',(0.516814725077,31.516153096302));
#6928 = CARTESIAN_POINT('',(0.520202647402,31.636510026957));
#6929 = CARTESIAN_POINT('',(0.522466515918,31.757462427877));
#6930 = CARTESIAN_POINT('',(0.523598775598,31.878719927165));
#6931 = CARTESIAN_POINT('',(0.523598775598,32.231728741096));
#6932 = CARTESIAN_POINT('',(0.519465209337,32.463020681846));
#6933 = CARTESIAN_POINT('',(0.511226464064,32.692185273216));
#6934 = CARTESIAN_POINT('',(0.498967478673,32.917476795184));
#6935 = CARTESIAN_POINT('',(0.482833632071,33.136947054759));
#6936 = CARTESIAN_POINT('',(0.452392601218,33.461750551791));
#6937 = CARTESIAN_POINT('',(0.440693034359,33.572958316993));
#6938 = CARTESIAN_POINT('',(0.427935875459,33.6817479407));
#6939 = CARTESIAN_POINT('',(0.414129344043,33.787861700614));
#6940 = CARTESIAN_POINT('',(0.399277216225,33.890980919123));
#6941 = CARTESIAN_POINT('',(0.370526819298,34.071341118374));
#6942 = CARTESIAN_POINT('',(0.356990338136,34.149761593252));
#6943 = CARTESIAN_POINT('',(0.342763210739,34.225802964672));
#6944 = CARTESIAN_POINT('',(0.327840080897,34.299232225615));
#6945 = CARTESIAN_POINT('',(0.312214509144,34.369766190506));
#6946 = CARTESIAN_POINT('',(0.283218376342,34.489230554791));
#6947 = CARTESIAN_POINT('',(0.270129279947,34.53946021885));
#6948 = CARTESIAN_POINT('',(0.25661203965,34.58758204247));
#6949 = CARTESIAN_POINT('',(0.242668361193,34.633402756876));
#6950 = CARTESIAN_POINT('',(0.228300476087,34.676713405701));
#6951 = CARTESIAN_POINT('',(0.181925187186,34.803944568628));
#6952 = CARTESIAN_POINT('',(0.148113933674,34.878953335715));
#6953 = CARTESIAN_POINT('',(0.112531252679,34.938302931712));
#6954 = CARTESIAN_POINT('',(7.566142028873E-02,34.979221501163));
#6955 = CARTESIAN_POINT('',(3.798606237048E-02,35.));
#6956 = CARTESIAN_POINT('',(0.,35.));
#6957 = ( GEOMETRIC_REPRESENTATION_CONTEXT(2) 
PARAMETRIC_REPRESENTATION_CONTEXT() REPRESENTATION_CONTEXT('2D SPACE',''
  ) );
#6958 = PCURVE('',#4179,#6959);
#6959 = DEFINITIONAL_REPRESENTATION('',(#6960),#7018);
#6960 = B_SPLINE_CURVE_WITH_KNOTS('',6,(#6961,#6962,#6963,#6964,#6965,
    #6966,#6967,#6968,#6969,#6970,#6971,#6972,#6973,#6974,#6975,#6976,
    #6977,#6978,#6979,#6980,#6981,#6982,#6983,#6984,#6985,#6986,#6987,
    #6988,#6989,#6990,#6991,#6992,#6993,#6994,#6995,#6996,#6997,#6998,
    #6999,#7000,#7001,#7002,#7003,#7004,#7005,#7006,#7007,#7008,#7009,
    #7010,#7011,#7012,#7013,#7014,#7015,#7016,#7017),.UNSPECIFIED.,.F.,
  .F.,(7,5,5,5,5,5,5,5,5,5,5,7),(0.,0.119242023402,0.173667059987,
    0.244264243593,0.333772787174,0.413097914586,0.49968132873,
    0.665115477063,0.753890261109,0.825641272586,0.881246071768,1.),
  .UNSPECIFIED.);
#6961 = CARTESIAN_POINT('',(2.882586050601,14.));
#6962 = CARTESIAN_POINT('',(2.958997867536,14.));
#6963 = CARTESIAN_POINT('',(3.034775511218,13.989490083478));
#6964 = CARTESIAN_POINT('',(3.109519318528,13.968798250786));
#6965 = CARTESIAN_POINT('',(3.182799994739,13.939209108635));
#6966 = CARTESIAN_POINT('',(3.254077924117,13.902882281961));
#6967 = CARTESIAN_POINT('',(3.353819148352,13.843875240757));
#6968 = CARTESIAN_POINT('',(3.384634733136,13.824427789984));
#6969 = CARTESIAN_POINT('',(3.415029571669,13.804189683543));
#6970 = CARTESIAN_POINT('',(3.445022345574,13.783318632398));
#6971 = CARTESIAN_POINT('',(3.474630174399,13.761964064135));
#6972 = CARTESIAN_POINT('',(3.541797535787,13.71212016118));
#6973 = CARTESIAN_POINT('',(3.579114001763,13.683390077277));
#6974 = CARTESIAN_POINT('',(3.615879031153,13.654362440843));
#6975 = CARTESIAN_POINT('',(3.652146889681,13.625296767908));
#6976 = CARTESIAN_POINT('',(3.687970619441,13.596427082024));
#6977 = CARTESIAN_POINT('',(3.76833487612,13.531875694506));
#6978 = CARTESIAN_POINT('',(3.812646478114,13.496435514932));
#6979 = CARTESIAN_POINT('',(3.856438308522,13.462086192055));
#6980 = CARTESIAN_POINT('',(3.899796354915,13.42922704744));
#6981 = CARTESIAN_POINT('',(3.942804425964,13.398216760658));
#6982 = CARTESIAN_POINT('',(4.023437998766,13.34381723452));
#6983 = CARTESIAN_POINT('',(4.061117187365,13.319963669378));
#6984 = CARTESIAN_POINT('',(4.098625635342,13.298057974891));
#6985 = CARTESIAN_POINT('',(4.135997705024,13.278314639556));
#6986 = CARTESIAN_POINT('',(4.173268770528,13.26091705809));
#6987 = CARTESIAN_POINT('',(4.251089730003,13.229747744155));
#6988 = CARTESIAN_POINT('',(4.291624574652,13.216454512552));
#6989 = CARTESIAN_POINT('',(4.332100152905,13.206340990783));
#6990 = CARTESIAN_POINT('',(4.372536506211,13.199549099726));
#6991 = CARTESIAN_POINT('',(4.412955686451,13.196152422707));
#6992 = CARTESIAN_POINT('',(4.530625291094,13.196152422707));
#6993 = CARTESIAN_POINT('',(4.607722531994,13.208553206438));
#6994 = CARTESIAN_POINT('',(4.684940607183,13.233269032552));
#6995 = CARTESIAN_POINT('',(4.762510182894,13.269381198184));
#6996 = CARTESIAN_POINT('',(4.840648179022,13.315146990127));
#6997 = CARTESIAN_POINT('',(4.961846671302,13.396726827371));
#6998 = CARTESIAN_POINT('',(5.004424613873,13.427352984182));
#6999 = CARTESIAN_POINT('',(5.047342928243,13.459804620591));
#7000 = CARTESIAN_POINT('',(5.090682697611,13.49373417528));
#7001 = CARTESIAN_POINT('',(5.13452707605,13.528755139065));
#7002 = CARTESIAN_POINT('',(5.214889691778,13.593280506631));
#7003 = CARTESIAN_POINT('',(5.251204555089,13.622558167201));
#7004 = CARTESIAN_POINT('',(5.287973061579,13.652053802026));
#7005 = CARTESIAN_POINT('',(5.325250552828,13.681524039126));
#7006 = CARTESIAN_POINT('',(5.363093657626,13.710698611451));
#7007 = CARTESIAN_POINT('',(5.431379260113,13.761426794928));
#7008 = CARTESIAN_POINT('',(5.46157630062,13.783222080643));
#7009 = CARTESIAN_POINT('',(5.492173746006,13.80451586984));
#7010 = CARTESIAN_POINT('',(5.523189668842,13.825149470136));
#7011 = CARTESIAN_POINT('',(5.554643840209,13.844955247292));
#7012 = CARTESIAN_POINT('',(5.654719135231,13.903914673158));
#7013 = CARTESIAN_POINT('',(5.725633528559,13.939880783043));
#7014 = CARTESIAN_POINT('',(5.798523430036,13.969151720798));
#7015 = CARTESIAN_POINT('',(5.872856058539,13.989610690421));
#7016 = CARTESIAN_POINT('',(5.94820657945,14.));
#7017 = CARTESIAN_POINT('',(6.024178704191,14.));
#7018 = ( GEOMETRIC_REPRESENTATION_CONTEXT(2) 
PARAMETRIC_REPRESENTATION_CONTEXT() REPRESENTATION_CONTEXT('2D SPACE',''
  ) );
#7019 = ORIENTED_EDGE('',*,*,#3788,.T.);
#7020 = ORIENTED_EDGE('',*,*,#741,.T.);
#7021 = ORIENTED_EDGE('',*,*,#7022,.T.);
#7022 = EDGE_CURVE('',#586,#6490,#7023,.T.);
#7023 = SURFACE_CURVE('',#7024,(#7051,#7081),.PCURVE_S1.);
#7024 = B_SPLINE_CURVE_WITH_KNOTS('',5,(#7025,#7026,#7027,#7028,#7029,
    #7030,#7031,#7032,#7033,#7034,#7035,#7036,#7037,#7038,#7039,#7040,
    #7041,#7042,#7043,#7044,#7045,#7046,#7047,#7048,#7049,#7050),
  .UNSPECIFIED.,.F.,.F.,(6,4,4,4,4,4,6),(0.,0.196577276094,
    0.296919332622,0.497932169454,0.703877489519,0.80474894727,1.),
  .UNSPECIFIED.);
#7025 = CARTESIAN_POINT('',(-14.50076167827,12.323969500158,
    -8.879620620248));
#7026 = CARTESIAN_POINT('',(-14.6219129975,12.324204156801,
    -8.777032202881));
#7027 = CARTESIAN_POINT('',(-14.74111381535,12.324585581034,
    -8.668376600217));
#7028 = CARTESIAN_POINT('',(-14.85771211587,12.325068585572,
    -8.553502786654));
#7029 = CARTESIAN_POINT('',(-14.97105208545,12.325602140017,
    -8.432286839897));
#7030 = CARTESIAN_POINT('',(-15.13632699884,12.326412394857,
    -8.239470560687));
#7031 = CARTESIAN_POINT('',(-15.19114471261,12.326686920877,
    -8.172649066084));
#7032 = CARTESIAN_POINT('',(-15.24480536782,12.326955541726,
    -8.104196145921));
#7033 = CARTESIAN_POINT('',(-15.29719683252,12.327212197037,
    -8.034146156383));
#7034 = CARTESIAN_POINT('',(-15.45042140869,12.327930519407,
    -7.819089537445));
#7035 = CARTESIAN_POINT('',(-15.54718499434,12.328340016881,
    -7.669298539684));
#7036 = CARTESIAN_POINT('',(-15.63737495197,12.328634387726,
    -7.513874152997));
#7037 = CARTESIAN_POINT('',(-15.72017837178,12.328784737537,
    -7.353675144903));
#7038 = CARTESIAN_POINT('',(-15.87186169822,12.328796697975,
    -7.021718367889));
#7039 = CARTESIAN_POINT('',(-15.94023389741,12.328651129492,
    -6.850027711908));
#7040 = CARTESIAN_POINT('',(-15.99973608452,12.32835320609,
    -6.67574367112));
#7041 = CARTESIAN_POINT('',(-16.05024099891,12.327933683307,
    -6.500130943663));
#7042 = CARTESIAN_POINT('',(-16.11242032918,12.327200659488,
    -6.238640333805));
#7043 = CARTESIAN_POINT('',(-16.1307662672,12.326942141068,
    -6.152663817178));
#7044 = CARTESIAN_POINT('',(-16.14705439348,12.326671709264,
    -6.066785563119));
#7045 = CARTESIAN_POINT('',(-16.16133360999,12.326395529865,
    -5.981113920603));
#7046 = CARTESIAN_POINT('',(-16.19752803161,12.325587623888,
    -5.730546769572));
#7047 = CARTESIAN_POINT('',(-16.21407538246,12.325058732407,
    -5.566608552565));
#7048 = CARTESIAN_POINT('',(-16.22380293573,12.324580397441,
    -5.404369139101));
#7049 = CARTESIAN_POINT('',(-16.22722492185,12.324202561108,
    -5.244231127388));
#7050 = CARTESIAN_POINT('',(-16.22487252973,12.323969500158,
    -5.086576747026));
#7051 = PCURVE('',#813,#7052);
#7052 = DEFINITIONAL_REPRESENTATION('',(#7053),#7080);
#7053 = B_SPLINE_CURVE_WITH_KNOTS('',5,(#7054,#7055,#7056,#7057,#7058,
    #7059,#7060,#7061,#7062,#7063,#7064,#7065,#7066,#7067,#7068,#7069,
    #7070,#7071,#7072,#7073,#7074,#7075,#7076,#7077,#7078,#7079),
  .UNSPECIFIED.,.F.,.F.,(6,4,4,4,4,4,6),(0.,0.196577276094,
    0.296919332622,0.497932169454,0.703877489519,0.80474894727,1.),
  .UNSPECIFIED.);
#7054 = CARTESIAN_POINT('',(2.444088141256,20.124611197495));
#7055 = CARTESIAN_POINT('',(2.469596009337,20.16678503499));
#7056 = CARTESIAN_POINT('',(2.495640937434,20.206421179902));
#7057 = CARTESIAN_POINT('',(2.522208637898,20.243078071665));
#7058 = CARTESIAN_POINT('',(2.549289942931,20.276314362182));
#7059 = CARTESIAN_POINT('',(2.590964972173,20.32069319492));
#7060 = CARTESIAN_POINT('',(2.605177887724,20.334682326981));
#7061 = CARTESIAN_POINT('',(2.619510635079,20.347597017619));
#7062 = CARTESIAN_POINT('',(2.63395459665,20.35937812369));
#7063 = CARTESIAN_POINT('',(2.677643869817,20.391198602045));
#7064 = CARTESIAN_POINT('',(2.707218890595,20.40767858902));
#7065 = CARTESIAN_POINT('',(2.737081230667,20.418921316727));
#7066 = CARTESIAN_POINT('',(2.767100348335,20.424665992203));
#7067 = CARTESIAN_POINT('',(2.827928641477,20.425122711212));
#7068 = CARTESIAN_POINT('',(2.858692531083,20.419560229671));
#7069 = CARTESIAN_POINT('',(2.889297129251,20.408215923697));
#7070 = CARTESIAN_POINT('',(2.919602150066,20.391366157899));
#7071 = CARTESIAN_POINT('',(2.964070320072,20.35885320189));
#7072 = CARTESIAN_POINT('',(2.978585391228,20.34696710342));
#7073 = CARTESIAN_POINT('',(2.992987799936,20.333937310085));
#7074 = CARTESIAN_POINT('',(3.007268859042,20.319823969641));
#7075 = CARTESIAN_POINT('',(3.048809280266,20.275408334949));
#7076 = CARTESIAN_POINT('',(3.075695836307,20.242328851842));
#7077 = CARTESIAN_POINT('',(3.102075432507,20.205881459235));
#7078 = CARTESIAN_POINT('',(3.127939296824,20.166498247901));
#7079 = CARTESIAN_POINT('',(3.15327370838,20.124611197495));
#7080 = ( GEOMETRIC_REPRESENTATION_CONTEXT(2) 
PARAMETRIC_REPRESENTATION_CONTEXT() REPRESENTATION_CONTEXT('2D SPACE',''
  ) );
#7081 = PCURVE('',#573,#7082);
#7082 = DEFINITIONAL_REPRESENTATION('',(#7083),#7110);
#7083 = B_SPLINE_CURVE_WITH_KNOTS('',5,(#7084,#7085,#7086,#7087,#7088,
    #7089,#7090,#7091,#7092,#7093,#7094,#7095,#7096,#7097,#7098,#7099,
    #7100,#7101,#7102,#7103,#7104,#7105,#7106,#7107,#7108,#7109),
  .UNSPECIFIED.,.F.,.F.,(6,4,4,4,4,4,6),(0.,0.196577276094,
    0.296919332622,0.497932169454,0.703877489519,0.80474894727,1.),
  .UNSPECIFIED.);
#7084 = CARTESIAN_POINT('',(4.838984495598,12.990380127246));
#7085 = CARTESIAN_POINT('',(4.830215788805,13.055715558079));
#7086 = CARTESIAN_POINT('',(4.82117117609,13.116880013113));
#7087 = CARTESIAN_POINT('',(4.811858878253,13.173253065292));
#7088 = CARTESIAN_POINT('',(4.802288182134,13.22422332025));
#7089 = CARTESIAN_POINT('',(4.787457336932,13.292135784947));
#7090 = CARTESIAN_POINT('',(4.782382021817,13.313514738328));
#7091 = CARTESIAN_POINT('',(4.777247900344,13.333229065345));
#7092 = CARTESIAN_POINT('',(4.772059507735,13.351195677075));
#7093 = CARTESIAN_POINT('',(4.756328019236,13.399685670615));
#7094 = CARTESIAN_POINT('',(4.745628401428,13.424743075355));
#7095 = CARTESIAN_POINT('',(4.734788299428,13.441815006482));
#7096 = CARTESIAN_POINT('',(4.723872815018,13.45053831486));
#7097 = CARTESIAN_POINT('',(4.701753458309,13.451231833472));
#7098 = CARTESIAN_POINT('',(4.690566027717,13.442785167903));
#7099 = CARTESIAN_POINT('',(4.679455121448,13.425560321295));
#7100 = CARTESIAN_POINT('',(4.668490819825,13.399941923641));
#7101 = CARTESIAN_POINT('',(4.652480116565,13.350395304227));
#7102 = CARTESIAN_POINT('',(4.647266701542,13.332267943591));
#7103 = CARTESIAN_POINT('',(4.642108273828,13.312377043412));
#7104 = CARTESIAN_POINT('',(4.637009410867,13.290807100283));
#7105 = CARTESIAN_POINT('',(4.622229206809,13.222833819287));
#7106 = CARTESIAN_POINT('',(4.612728897967,13.172100844416));
#7107 = CARTESIAN_POINT('',(4.603483675797,13.116047128798));
#7108 = CARTESIAN_POINT('',(4.594502543719,13.055271269411));
#7109 = CARTESIAN_POINT('',(4.585793465171,12.990380127246));
#7110 = ( GEOMETRIC_REPRESENTATION_CONTEXT(2) 
PARAMETRIC_REPRESENTATION_CONTEXT() REPRESENTATION_CONTEXT('2D SPACE',''
  ) );
#7111 = FACE_BOUND('',#7112,.T.);
#7112 = EDGE_LOOP('',(#7113));
#7113 = ORIENTED_EDGE('',*,*,#7114,.T.);
#7114 = EDGE_CURVE('',#7115,#7115,#7117,.T.);
#7115 = VERTEX_POINT('',#7116);
#7116 = CARTESIAN_POINT('',(-24.6146897247,24.102914281749,
    -8.19585332115));
#7117 = SURFACE_CURVE('',#7118,(#7246,#7377),.PCURVE_S1.);
#7118 = B_SPLINE_CURVE_WITH_KNOTS('',6,(#7119,#7120,#7121,#7122,#7123,
    #7124,#7125,#7126,#7127,#7128,#7129,#7130,#7131,#7132,#7133,#7134,
    #7135,#7136,#7137,#7138,#7139,#7140,#7141,#7142,#7143,#7144,#7145,
    #7146,#7147,#7148,#7149,#7150,#7151,#7152,#7153,#7154,#7155,#7156,
    #7157,#7158,#7159,#7160,#7161,#7162,#7163,#7164,#7165,#7166,#7167,
    #7168,#7169,#7170,#7171,#7172,#7173,#7174,#7175,#7176,#7177,#7178,
    #7179,#7180,#7181,#7182,#7183,#7184,#7185,#7186,#7187,#7188,#7189,
    #7190,#7191,#7192,#7193,#7194,#7195,#7196,#7197,#7198,#7199,#7200,
    #7201,#7202,#7203,#7204,#7205,#7206,#7207,#7208,#7209,#7210,#7211,
    #7212,#7213,#7214,#7215,#7216,#7217,#7218,#7219,#7220,#7221,#7222,
    #7223,#7224,#7225,#7226,#7227,#7228,#7229,#7230,#7231,#7232,#7233,
    #7234,#7235,#7236,#7237,#7238,#7239,#7240,#7241,#7242,#7243,#7244,
    #7245),.UNSPECIFIED.,.T.,.F.,(7,5,5,5,5,5,5,5,5,5,5,5,5,5,5,5,5,5,5,
    5,5,5,5,5,5,7),(0.,3.610770764521E-02,6.054402872302E-02,
    7.882285406353E-02,9.295989897536E-02,0.133220517216,0.21564075226,
    0.259672959187,0.298202756714,0.378283592932,0.406031398562,
    0.441957967539,0.490306966155,0.525243014188,0.552442668862,
    0.587724574681,0.632457690696,0.672101505525,0.71537274819,
    0.798050721198,0.842417130873,0.878275677914,0.906064935043,
    0.942045173507,0.988762756971,1.),.UNSPECIFIED.);
#7119 = CARTESIAN_POINT('',(-24.6146897247,24.102914281747,
    -8.19585332115));
#7120 = CARTESIAN_POINT('',(-24.60126530992,24.112544840178,
    -8.063486305883));
#7121 = CARTESIAN_POINT('',(-24.58144341681,24.118139560608,
    -7.933355418707));
#7122 = CARTESIAN_POINT('',(-24.55579778001,24.11983325877,
    -7.805901665581));
#7123 = CARTESIAN_POINT('',(-24.52493560579,24.117761958192,
    -7.68152280484));
#7124 = CARTESIAN_POINT('',(-24.48948860132,24.112076720763,
    -7.560575283035));
#7125 = CARTESIAN_POINT('',(-24.42345000887,24.096785920693,
    -7.364060276102));
#7126 = CARTESIAN_POINT('',(-24.39497032445,24.089036496103,
    -7.286395106883));
#7127 = CARTESIAN_POINT('',(-24.36483306185,24.079753636135,
    -7.210404045962));
#7128 = CARTESIAN_POINT('',(-24.33319539984,24.068977423517,
    -7.136103773467));
#7129 = CARTESIAN_POINT('',(-24.30020358496,24.056743591094,
    -7.063504266824));
#7130 = CARTESIAN_POINT('',(-24.24040272262,24.032865534446,
    -6.93957766577));
#7131 = CARTESIAN_POINT('',(-24.21412885161,24.021848862425,
    -6.887496584763));
#7132 = CARTESIAN_POINT('',(-24.18722599447,24.010045811591,
    -6.83636369647));
#7133 = CARTESIAN_POINT('',(-24.15974533914,23.997467049716,
    -6.786176089583));
#7134 = CARTESIAN_POINT('',(-24.13173458547,23.984121606515,
    -6.736929802752));
#7135 = CARTESIAN_POINT('',(-24.08119832959,23.959108117834,
    -6.651256355195));
#7136 = CARTESIAN_POINT('',(-24.05886820117,23.947745233593,
    -6.614453151349));
#7137 = CARTESIAN_POINT('',(-24.03626808285,23.935931654854,
    -6.578208054337));
#7138 = CARTESIAN_POINT('',(-24.01341757529,23.923670358886,
    -6.54251897154));
#7139 = CARTESIAN_POINT('',(-23.99033535679,23.910963866285,
    -6.507383876424));
#7140 = CARTESIAN_POINT('',(-23.90069445925,23.860365676038,
    -6.374312354822));
#7141 = CARTESIAN_POINT('',(-23.83260343267,23.819316971459,
    -6.280284275625));
#7142 = CARTESIAN_POINT('',(-23.76318719511,23.774719769554,
    -6.190692551381));
#7143 = CARTESIAN_POINT('',(-23.69281937485,23.726606663623,
    -6.105518705662));
#7144 = CARTESIAN_POINT('',(-23.62182761552,23.674990916578,
    -6.02475045826));
#7145 = CARTESIAN_POINT('',(-23.40446534454,23.507016601474,
    -5.792044115744));
#7146 = CARTESIAN_POINT('',(-23.25672696529,23.379243700713,
    -5.653847568524));
#7147 = CARTESIAN_POINT('',(-23.11038798075,23.236919132051,
    -5.534623899202));
#7148 = CARTESIAN_POINT('',(-22.96793924196,23.080552250105,
    -5.434885304621));
#7149 = CARTESIAN_POINT('',(-22.83108999373,22.910964259009,
    -5.355126061176));
#7150 = CARTESIAN_POINT('',(-22.63124559,22.632393271988,-5.264287695844
    ));
#7151 = CARTESIAN_POINT('',(-22.5636224006,22.532088230779,
    -5.238560461556));
#7152 = CARTESIAN_POINT('',(-22.49813110916,22.428715306444,
    -5.218808816845));
#7153 = CARTESIAN_POINT('',(-22.43488131673,22.322562981437,
    -5.205101785179));
#7154 = CARTESIAN_POINT('',(-22.37392965012,22.213971599915,
    -5.19750107285));
#7155 = CARTESIAN_POINT('',(-22.26396715602,22.00651876923,
    -5.194792595358));
#7156 = CARTESIAN_POINT('',(-22.21441810023,21.908140946121,
    -5.198242365463));
#7157 = CARTESIAN_POINT('',(-22.16661165595,21.808401931669,
    -5.206438140288));
#7158 = CARTESIAN_POINT('',(-22.12050446894,21.707532233333,
    -5.219423596842));
#7159 = CARTESIAN_POINT('',(-22.0760381366,21.605788954607,
    -5.237251196051));
#7160 = CARTESIAN_POINT('',(-21.94398673036,21.290762854056,
    -5.30721842744));
#7161 = CARTESIAN_POINT('',(-21.86171476247,21.075755262784,
    -5.375575685429));
#7162 = CARTESIAN_POINT('',(-21.78533541248,20.860202489408,
    -5.465662589842));
#7163 = CARTESIAN_POINT('',(-21.71387935287,20.646376369542,
    -5.578714839255));
#7164 = CARTESIAN_POINT('',(-21.64643291067,20.437530088408,
    -5.716395457409));
#7165 = CARTESIAN_POINT('',(-21.56000331702,20.16939739362,
    -5.937419381774));
#7166 = CARTESIAN_POINT('',(-21.5381446279,20.101537087726,
    -5.997496059615));
#7167 = CARTESIAN_POINT('',(-21.51664580507,20.035038749446,
    -6.060834211503));
#7168 = CARTESIAN_POINT('',(-21.49548576183,19.970145227838,
    -6.127490092278));
#7169 = CARTESIAN_POINT('',(-21.47464646084,19.907118962671,
    -6.19751442086));
#7170 = CARTESIAN_POINT('',(-21.42753060005,19.767420796001,
    -6.366035581451));
#7171 = CARTESIAN_POINT('',(-21.40142177632,19.692083104774,
    -6.4669853951));
#7172 = CARTESIAN_POINT('',(-21.37584873528,19.621120039822,
    -6.57361823913));
#7173 = CARTESIAN_POINT('',(-21.35085750746,19.555353549874,
    -6.685680524159));
#7174 = CARTESIAN_POINT('',(-21.32650006055,19.495530744039,
    -6.802852364536));
#7175 = CARTESIAN_POINT('',(-21.27103398885,19.370706800909,
    -7.08880041853));
#7176 = CARTESIAN_POINT('',(-21.24054186675,19.311155043318,
    -7.261209904327));
#7177 = CARTESIAN_POINT('',(-21.21181386115,19.265798248086,
    -7.439712514484));
#7178 = CARTESIAN_POINT('',(-21.18523998009,19.235726797669,
    -7.621679463458));
#7179 = CARTESIAN_POINT('',(-21.16127532437,19.220936966527,
    -7.804261017722));
#7180 = CARTESIAN_POINT('',(-21.12511632483,19.219890331943,
    -8.114729318152));
#7181 = CARTESIAN_POINT('',(-21.11150862747,19.226856480413,
    -8.243673507092));
#7182 = CARTESIAN_POINT('',(-21.09953019086,19.240797151803,
    -8.3707698029));
#7183 = CARTESIAN_POINT('',(-21.08926052497,19.261197586105,
    -8.495487626307));
#7184 = CARTESIAN_POINT('',(-21.08077134345,19.287462917821,
    -8.617323650512));
#7185 = CARTESIAN_POINT('',(-21.06892092121,19.343414940963,
    -8.828042980921));
#7186 = CARTESIAN_POINT('',(-21.06483480196,19.371081958799,
    -8.918346980665));
#7187 = CARTESIAN_POINT('',(-21.06186645413,19.401663481277,
    -9.006647715298));
#7188 = CARTESIAN_POINT('',(-21.06003364465,19.434913715402,
    -9.092892596577));
#7189 = CARTESIAN_POINT('',(-21.05935424057,19.470601218236,
    -9.177041554462));
#7190 = CARTESIAN_POINT('',(-21.06048149032,19.557681593429,
    -9.365464594855));
#7191 = CARTESIAN_POINT('',(-21.06308691249,19.610600914603,
    -9.46831227147));
#7192 = CARTESIAN_POINT('',(-21.06770053135,19.666830002616,
    -9.56761310678));
#7193 = CARTESIAN_POINT('',(-21.07436612015,19.72598466538,
    -9.663384680345));
#7194 = CARTESIAN_POINT('',(-21.08313340017,19.787732735304,
    -9.755657517508));
#7195 = CARTESIAN_POINT('',(-21.10791250058,19.933013590119,
    -9.957082627165));
#7196 = CARTESIAN_POINT('',(-21.12523785721,20.017963024877,
    -10.06415206716));
#7197 = CARTESIAN_POINT('',(-21.14615099872,20.106042209351,
    -10.16572119316));
#7198 = CARTESIAN_POINT('',(-21.17077248429,20.196734144827,
    -10.26182124933));
#7199 = CARTESIAN_POINT('',(-21.19922980667,20.28960122041,
    -10.35247491125));
#7200 = CARTESIAN_POINT('',(-21.26039904029,20.468191822123,
    -10.51322001334));
#7201 = CARTESIAN_POINT('',(-21.29225719446,20.553521830672,
    -10.58447330816));
#7202 = CARTESIAN_POINT('',(-21.32730775486,20.639960215952,
    -10.6514083833));
#7203 = CARTESIAN_POINT('',(-21.36561209369,20.727224564128,
    -10.71398043742));
#7204 = CARTESIAN_POINT('',(-21.40721636148,20.815064585841,
    -10.77214331051));
#7205 = CARTESIAN_POINT('',(-21.50119302214,20.999534465064,
    -10.88446291096));
#7206 = CARTESIAN_POINT('',(-21.55419865972,21.096226141417,
    -10.93776171535));
#7207 = CARTESIAN_POINT('',(-21.61116537235,21.192984406606,
    -10.9856328207));
#7208 = CARTESIAN_POINT('',(-21.67204297934,21.289495841281,
    -11.02798186748));
#7209 = CARTESIAN_POINT('',(-21.73672901689,21.385491382211,
    -11.06472567133));
#7210 = CARTESIAN_POINT('',(-21.93563709852,21.662757192965,
    -11.15513843571));
#7211 = CARTESIAN_POINT('',(-22.07924478419,21.841663600563,
    -11.19361457661));
#7212 = CARTESIAN_POINT('',(-22.23484464796,22.016159467363,
    -11.21092753258));
#7213 = CARTESIAN_POINT('',(-22.40069883356,22.185398395767,
    -11.20668019396));
#7214 = CARTESIAN_POINT('',(-22.57429115496,22.348862663827,
    -11.18038929976));
#7215 = CARTESIAN_POINT('',(-22.84799019953,22.590429318796,
    -11.10561413789));
#7216 = CARTESIAN_POINT('',(-22.94496766186,22.673069720148,
    -11.07303425162));
#7217 = CARTESIAN_POINT('',(-23.04298644528,22.754029982291,
    -11.03387446166));
#7218 = CARTESIAN_POINT('',(-23.14163235356,22.833328995054,
    -10.9879818165));
#7219 = CARTESIAN_POINT('',(-23.24042890849,22.910965647488,
    -10.93516372596));
#7220 = CARTESIAN_POINT('',(-23.41836900943,23.048307711542,
    -10.82671396322));
#7221 = CARTESIAN_POINT('',(-23.4976571243,23.108603629762,
    -10.77355858538));
#7222 = CARTESIAN_POINT('',(-23.57643206141,23.167810266387,
    -10.71558365863));
#7223 = CARTESIAN_POINT('',(-23.65437899413,23.2259062858,
    -10.65263747503));
#7224 = CARTESIAN_POINT('',(-23.73113288428,23.282846500033,
    -10.58455602143));
#7225 = CARTESIAN_POINT('',(-23.8645105942,23.381740870897,
    -10.45428726052));
#7226 = CARTESIAN_POINT('',(-23.92178828997,23.424191889409,
    -10.39421058268));
#7227 = CARTESIAN_POINT('',(-23.97789114925,23.465865592846,
    -10.33087243079));
#7228 = CARTESIAN_POINT('',(-24.03258237146,23.506704138231,
    -10.26421655002));
#7229 = CARTESIAN_POINT('',(-24.0856075755,23.546640516432,
    -10.19419222144));
#7230 = CARTESIAN_POINT('',(-24.20284178612,23.636036388689,
    -10.02567106081));
#7231 = CARTESIAN_POINT('',(-24.26584068424,23.68490946128,
    -9.924721247208));
#7232 = CARTESIAN_POINT('',(-24.32486731514,23.731873211755,
    -9.818088403214));
#7233 = CARTESIAN_POINT('',(-24.3791578214,23.776620654155,
    -9.706026118157));
#7234 = CARTESIAN_POINT('',(-24.4280211414,23.818863159766,
    -9.588854277713));
#7235 = CARTESIAN_POINT('',(-24.52646177607,23.909534777741,
    -9.308678080344));
#7236 = CARTESIAN_POINT('',(-24.5718330305,23.955986150035,
    -9.142623771524));
#7237 = CARTESIAN_POINT('',(-24.60527506945,23.99668295479,
    -8.970828464247));
#7238 = CARTESIAN_POINT('',(-24.62594289427,24.030968227486,
    -8.795642122081));
#7239 = CARTESIAN_POINT('',(-24.63390520781,24.058438059436,
    -8.619611033383));
#7240 = CARTESIAN_POINT('',(-24.62919494705,24.084019038234,
    -8.40347864985));
#7241 = CARTESIAN_POINT('',(-24.62760087307,24.088584473251,
    -8.361661680468));
#7242 = CARTESIAN_POINT('',(-24.6253384781,24.092755316767,
    -8.319964643874));
#7243 = CARTESIAN_POINT('',(-24.62242180245,24.096532513661,
    -8.278414743012));
#7244 = CARTESIAN_POINT('',(-24.61886647732,24.099917915742,
    -8.237036813004));
#7245 = CARTESIAN_POINT('',(-24.6146897247,24.102914281747,
    -8.19585332115));
#7246 = PCURVE('',#813,#7247);
#7247 = DEFINITIONAL_REPRESENTATION('',(#7248),#7376);
#7248 = B_SPLINE_CURVE_WITH_KNOTS('',6,(#7249,#7250,#7251,#7252,#7253,
    #7254,#7255,#7256,#7257,#7258,#7259,#7260,#7261,#7262,#7263,#7264,
    #7265,#7266,#7267,#7268,#7269,#7270,#7271,#7272,#7273,#7274,#7275,
    #7276,#7277,#7278,#7279,#7280,#7281,#7282,#7283,#7284,#7285,#7286,
    #7287,#7288,#7289,#7290,#7291,#7292,#7293,#7294,#7295,#7296,#7297,
    #7298,#7299,#7300,#7301,#7302,#7303,#7304,#7305,#7306,#7307,#7308,
    #7309,#7310,#7311,#7312,#7313,#7314,#7315,#7316,#7317,#7318,#7319,
    #7320,#7321,#7322,#7323,#7324,#7325,#7326,#7327,#7328,#7329,#7330,
    #7331,#7332,#7333,#7334,#7335,#7336,#7337,#7338,#7339,#7340,#7341,
    #7342,#7343,#7344,#7345,#7346,#7347,#7348,#7349,#7350,#7351,#7352,
    #7353,#7354,#7355,#7356,#7357,#7358,#7359,#7360,#7361,#7362,#7363,
    #7364,#7365,#7366,#7367,#7368,#7369,#7370,#7371,#7372,#7373,#7374,
    #7375),.UNSPECIFIED.,.T.,.F.,(7,5,5,5,5,5,5,5,5,5,5,5,5,5,5,5,5,5,5,
    5,5,5,5,5,5,7),(0.,3.610770764521E-02,6.054402872302E-02,
    7.882285406353E-02,9.295989897536E-02,0.133220517216,0.21564075226,
    0.259672959187,0.298202756714,0.378283592932,0.406031398562,
    0.441957967539,0.490306966155,0.525243014188,0.552442668862,
    0.587724574681,0.632457690696,0.672101505525,0.71537274819,
    0.798050721198,0.842417130873,0.878275677914,0.906064935043,
    0.942045173507,0.988762756971,1.),.UNSPECIFIED.);
#7249 = CARTESIAN_POINT('',(3.270005489069,34.899934652928));
#7250 = CARTESIAN_POINT('',(3.291507847345,34.866032757875));
#7251 = CARTESIAN_POINT('',(3.312416930336,34.825928934064));
#7252 = CARTESIAN_POINT('',(3.33269077647,34.780165300593));
#7253 = CARTESIAN_POINT('',(3.352289449039,34.729292708679));
#7254 = CARTESIAN_POINT('',(3.371175532196,34.673877045829));
#7255 = CARTESIAN_POINT('',(3.401590475316,34.574325166534));
#7256 = CARTESIAN_POINT('',(3.413534465538,34.53229955147));
#7257 = CARTESIAN_POINT('',(3.425147211317,34.488564307299));
#7258 = CARTESIAN_POINT('',(3.436429473078,34.443243753295));
#7259 = CARTESIAN_POINT('',(3.447382157981,34.396450915528));
#7260 = CARTESIAN_POINT('',(3.465953391809,34.312260411068));
#7261 = CARTESIAN_POINT('',(3.473717178226,34.275464088218));
#7262 = CARTESIAN_POINT('',(3.481298615588,34.237938555083));
#7263 = CARTESIAN_POINT('',(3.488698585242,34.199720287479));
#7264 = CARTESIAN_POINT('',(3.495917913464,34.160842240265));
#7265 = CARTESIAN_POINT('',(3.508401765827,34.09077762097));
#7266 = CARTESIAN_POINT('',(3.513738543548,34.059844507445));
#7267 = CARTESIAN_POINT('',(3.518968040585,34.028548214987));
#7268 = CARTESIAN_POINT('',(3.524090524948,33.996901590358));
#7269 = CARTESIAN_POINT('',(3.529106196691,33.964916618867));
#7270 = CARTESIAN_POINT('',(3.54799540957,33.840583147287));
#7271 = CARTESIAN_POINT('',(3.561112817356,33.745892603935));
#7272 = CARTESIAN_POINT('',(3.573367324727,33.648804474429));
#7273 = CARTESIAN_POINT('',(3.58475511699,33.549550152942));
#7274 = CARTESIAN_POINT('',(3.595269445681,33.448321527135));
#7275 = CARTESIAN_POINT('',(3.624619695095,33.134311603462));
#7276 = CARTESIAN_POINT('',(3.640677670581,32.915313823995));
#7277 = CARTESIAN_POINT('',(3.652878444145,32.690534492734));
#7278 = CARTESIAN_POINT('',(3.661077766021,32.461908366341));
#7279 = CARTESIAN_POINT('',(3.665191429188,32.231170141814));
#7280 = CARTESIAN_POINT('',(3.665191429188,31.876499605783));
#7281 = CARTESIAN_POINT('',(3.664017334719,31.753023856448));
#7282 = CARTESIAN_POINT('',(3.661669869295,31.629870201632));
#7283 = CARTESIAN_POINT('',(3.658157140572,31.507344660481));
#7284 = CARTESIAN_POINT('',(3.653494550459,31.385762263004));
#7285 = CARTESIAN_POINT('',(3.642638378093,31.160167649385));
#7286 = CARTESIAN_POINT('',(3.636709115372,31.055862573098));
#7287 = CARTESIAN_POINT('',(3.629928965846,30.952685817359));
#7288 = CARTESIAN_POINT('',(3.622310922571,30.850805188989));
#7289 = CARTESIAN_POINT('',(3.613868592232,30.750403154809));
#7290 = CARTESIAN_POINT('',(3.585384873895,30.446484034293));
#7291 = CARTESIAN_POINT('',(3.562674336911,30.248759665945));
#7292 = CARTESIAN_POINT('',(3.536553073237,30.059492781505));
#7293 = CARTESIAN_POINT('',(3.507012747766,29.880238067921));
#7294 = CARTESIAN_POINT('',(3.474008082382,29.713461805457));
#7295 = CARTESIAN_POINT('',(3.424811029932,29.51076944521));
#7296 = CARTESIAN_POINT('',(3.411721933537,29.46053978115));
#7297 = CARTESIAN_POINT('',(3.398204693239,29.41241795753));
#7298 = CARTESIAN_POINT('',(3.384261014783,29.366597243124));
#7299 = CARTESIAN_POINT('',(3.369893129677,29.323286594299));
#7300 = CARTESIAN_POINT('',(3.33595473791,29.230176208257));
#7301 = CARTESIAN_POINT('',(3.316069942917,29.182147179813));
#7302 = CARTESIAN_POINT('',(3.295513814801,29.13931157494));
#7303 = CARTESIAN_POINT('',(3.27435311989,29.102275968883));
#7304 = CARTESIAN_POINT('',(3.252656877299,29.071574520711));
#7305 = CARTESIAN_POINT('',(3.200673606803,29.015517258404));
#7306 = CARTESIAN_POINT('',(3.170046664769,28.995719515764));
#7307 = CARTESIAN_POINT('',(3.139029804903,28.989625598084));
#7308 = CARTESIAN_POINT('',(3.108035319186,28.997638401123));
#7309 = CARTESIAN_POINT('',(3.077475570476,29.019281557117));
#7310 = CARTESIAN_POINT('',(3.026295656496,29.077602435415));
#7311 = CARTESIAN_POINT('',(3.005280574731,29.108431678109));
#7312 = CARTESIAN_POINT('',(2.984782391122,29.145183709905));
#7313 = CARTESIAN_POINT('',(2.964862259966,29.187363128688));
#7314 = CARTESIAN_POINT('',(2.945579288736,29.234414201567));
#7315 = CARTESIAN_POINT('',(2.912518254857,29.325653157095));
#7316 = CARTESIAN_POINT('',(2.89845134983,29.368210140515));
#7317 = CARTESIAN_POINT('',(2.884792207174,29.413173028525));
#7318 = CARTESIAN_POINT('',(2.871542879256,29.460345308584));
#7319 = CARTESIAN_POINT('',(2.858704935142,29.509545001795));
#7320 = CARTESIAN_POINT('',(2.830161347004,29.626835211655));
#7321 = CARTESIAN_POINT('',(2.814733544016,29.696209402332));
#7322 = CARTESIAN_POINT('',(2.799988109697,29.768406332754));
#7323 = CARTESIAN_POINT('',(2.785918858945,29.843153411822));
#7324 = CARTESIAN_POINT('',(2.772520599904,29.920225577532));
#7325 = CARTESIAN_POINT('',(2.743645930721,30.099885619441));
#7326 = CARTESIAN_POINT('',(2.728571838193,30.203792859017));
#7327 = CARTESIAN_POINT('',(2.714563875711,30.31077116471));
#7328 = CARTESIAN_POINT('',(2.701625637643,30.420490400284));
#7329 = CARTESIAN_POINT('',(2.68976536673,30.532684495781));
#7330 = CARTESIAN_POINT('',(2.669449203771,30.748592793039));
#7331 = CARTESIAN_POINT('',(2.660760049131,30.851814424478));
#7332 = CARTESIAN_POINT('',(2.652942286931,30.956599439535));
#7333 = CARTESIAN_POINT('',(2.646010743489,31.062749126762));
#7334 = CARTESIAN_POINT('',(2.639979531203,31.17008108159));
#7335 = CARTESIAN_POINT('',(2.629275525084,31.396690249193));
#7336 = CARTESIAN_POINT('',(2.624777928513,31.516153096302));
#7337 = CARTESIAN_POINT('',(2.621390006187,31.636510026957));
#7338 = CARTESIAN_POINT('',(2.619126137672,31.757462427877));
#7339 = CARTESIAN_POINT('',(2.617993877991,31.878719927165));
#7340 = CARTESIAN_POINT('',(2.617993877991,32.231728741096));
#7341 = CARTESIAN_POINT('',(2.622127444253,32.463020681847));
#7342 = CARTESIAN_POINT('',(2.630366189526,32.692185273216));
#7343 = CARTESIAN_POINT('',(2.642625174917,32.917476795184));
#7344 = CARTESIAN_POINT('',(2.658759021519,33.136947054759));
#7345 = CARTESIAN_POINT('',(2.689200052372,33.461750551791));
#7346 = CARTESIAN_POINT('',(2.70089961923,33.572958316993));
#7347 = CARTESIAN_POINT('',(2.713656778131,33.6817479407));
#7348 = CARTESIAN_POINT('',(2.727463309547,33.787861700614));
#7349 = CARTESIAN_POINT('',(2.742315437364,33.890980919123));
#7350 = CARTESIAN_POINT('',(2.771065834292,34.071341118374));
#7351 = CARTESIAN_POINT('',(2.784602315454,34.149761593252));
#7352 = CARTESIAN_POINT('',(2.798829442851,34.225802964672));
#7353 = CARTESIAN_POINT('',(2.813752572692,34.299232225615));
#7354 = CARTESIAN_POINT('',(2.829378144446,34.369766190506));
#7355 = CARTESIAN_POINT('',(2.858374277247,34.489230554791));
#7356 = CARTESIAN_POINT('',(2.871463373643,34.53946021885));
#7357 = CARTESIAN_POINT('',(2.88498061394,34.58758204247));
#7358 = CARTESIAN_POINT('',(2.898924292397,34.633402756876));
#7359 = CARTESIAN_POINT('',(2.913292177502,34.676713405701));
#7360 = CARTESIAN_POINT('',(2.947230569277,34.769823791764));
#7361 = CARTESIAN_POINT('',(2.967115364261,34.817852820176));
#7362 = CARTESIAN_POINT('',(2.98767149237,34.860688425044));
#7363 = CARTESIAN_POINT('',(3.008832187287,34.89772403112));
#7364 = CARTESIAN_POINT('',(3.03052842989,34.928425479299));
#7365 = CARTESIAN_POINT('',(3.081462418952,34.983351226716));
#7366 = CARTESIAN_POINT('',(3.110983530796,35.002871015488));
#7367 = CARTESIAN_POINT('',(3.140880287708,35.009678878764));
#7368 = CARTESIAN_POINT('',(3.170782367615,35.003384559554));
#7369 = CARTESIAN_POINT('',(3.200319278257,34.984361681539));
#7370 = CARTESIAN_POINT('',(3.23604665009,34.946443919022));
#7371 = CARTESIAN_POINT('',(3.242933759812,34.938421391417));
#7372 = CARTESIAN_POINT('',(3.249776583822,34.929743079263));
#7373 = CARTESIAN_POINT('',(3.256571538622,34.920424603167));
#7374 = CARTESIAN_POINT('',(3.263315437208,34.910482586006));
#7375 = CARTESIAN_POINT('',(3.270005489069,34.899934652928));
#7376 = ( GEOMETRIC_REPRESENTATION_CONTEXT(2) 
PARAMETRIC_REPRESENTATION_CONTEXT() REPRESENTATION_CONTEXT('2D SPACE',''
  ) );
#7377 = PCURVE('',#4179,#7378);
#7378 = DEFINITIONAL_REPRESENTATION('',(#7379),#7507);
#7379 = B_SPLINE_CURVE_WITH_KNOTS('',6,(#7380,#7381,#7382,#7383,#7384,
    #7385,#7386,#7387,#7388,#7389,#7390,#7391,#7392,#7393,#7394,#7395,
    #7396,#7397,#7398,#7399,#7400,#7401,#7402,#7403,#7404,#7405,#7406,
    #7407,#7408,#7409,#7410,#7411,#7412,#7413,#7414,#7415,#7416,#7417,
    #7418,#7419,#7420,#7421,#7422,#7423,#7424,#7425,#7426,#7427,#7428,
    #7429,#7430,#7431,#7432,#7433,#7434,#7435,#7436,#7437,#7438,#7439,
    #7440,#7441,#7442,#7443,#7444,#7445,#7446,#7447,#7448,#7449,#7450,
    #7451,#7452,#7453,#7454,#7455,#7456,#7457,#7458,#7459,#7460,#7461,
    #7462,#7463,#7464,#7465,#7466,#7467,#7468,#7469,#7470,#7471,#7472,
    #7473,#7474,#7475,#7476,#7477,#7478,#7479,#7480,#7481,#7482,#7483,
    #7484,#7485,#7486,#7487,#7488,#7489,#7490,#7491,#7492,#7493,#7494,
    #7495,#7496,#7497,#7498,#7499,#7500,#7501,#7502,#7503,#7504,#7505,
    #7506),.UNSPECIFIED.,.F.,.F.,(7,5,5,5,5,5,5,5,5,5,5,5,5,5,5,5,5,5,5,
    5,5,5,5,5,5,7),(0.,3.610770764521E-02,6.054402872302E-02,
    7.882285406353E-02,9.295989897536E-02,0.133220517216,0.21564075226,
    0.259672959187,0.298202756714,0.378283592932,0.406031398562,
    0.441957967539,0.490306966155,0.525243014188,0.552442668862,
    0.587724574681,0.632457690696,0.672101505525,0.71537274819,
    0.798050721198,0.842417130873,0.878275677914,0.906064935043,
    0.942045173507,0.988762756971,1.),.UNSPECIFIED.);
#7380 = CARTESIAN_POINT('',(8.881784197001E-16,2.049401627462));
#7381 = CARTESIAN_POINT('',(4.41223384225E-02,2.06592320632));
#7382 = CARTESIAN_POINT('',(8.749935516774E-02,2.085290459273));
#7383 = CARTESIAN_POINT('',(0.130138400974,2.107115790127));
#7384 = CARTESIAN_POINT('',(0.172035906358,2.130985109762));
#7385 = CARTESIAN_POINT('',(0.213176669776,2.156473187097));
#7386 = CARTESIAN_POINT('',(0.280844871445,2.201218941697));
#7387 = CARTESIAN_POINT('',(0.30782028514,2.219842574025));
#7388 = CARTESIAN_POINT('',(0.334476785059,2.23891920048));
#7389 = CARTESIAN_POINT('',(0.360831128523,2.25834447182));
#7390 = CARTESIAN_POINT('',(0.386899431981,2.2780203861));
#7391 = CARTESIAN_POINT('',(0.431994362455,2.312692166897));
#7392 = CARTESIAN_POINT('',(0.451141534567,2.327618987209));
#7393 = CARTESIAN_POINT('',(0.470146482694,2.342598496401));
#7394 = CARTESIAN_POINT('',(0.489016952718,2.357595320642));
#7395 = CARTESIAN_POINT('',(0.507760641051,2.372575965486));
#7396 = CARTESIAN_POINT('',(0.54078962959,2.399058046889));
#7397 = CARTESIAN_POINT('',(0.555122754755,2.410578615663));
#7398 = CARTESIAN_POINT('',(0.569388076212,2.422055848176));
#7399 = CARTESIAN_POINT('',(0.583589009478,2.433475553636));
#7400 = CARTESIAN_POINT('',(0.597728879515,2.444824024466));
#7401 = CARTESIAN_POINT('',(0.651914894999,2.48816659896));
#7402 = CARTESIAN_POINT('',(0.691556709716,2.51956554941));
#7403 = CARTESIAN_POINT('',(0.730803895547,2.549972837425));
#7404 = CARTESIAN_POINT('',(0.76971770112,2.579103874645));
#7405 = CARTESIAN_POINT('',(0.808358045935,2.606700169124));
#7406 = CARTESIAN_POINT('',(0.925462000743,2.685401777396));
#7407 = CARTESIAN_POINT('',(1.003406597806,2.730965031501));
#7408 = CARTESIAN_POINT('',(1.080787740522,2.766908942051));
#7409 = CARTESIAN_POINT('',(1.157820340422,2.791506504124));
#7410 = CARTESIAN_POINT('',(1.234733009868,2.803847577293));
#7411 = CARTESIAN_POINT('',(1.352956521878,2.803847577293));
#7412 = CARTESIAN_POINT('',(1.394115120563,2.800325406839));
#7413 = CARTESIAN_POINT('',(1.435291872059,2.79328269451));
#7414 = CARTESIAN_POINT('',(1.476510253014,2.782798543964));
#7415 = CARTESIAN_POINT('',(1.5177915536,2.769025333027));
#7416 = CARTESIAN_POINT('',(1.595350596431,2.737448176825));
#7417 = CARTESIAN_POINT('',(1.631607515663,2.72036347208));
#7418 = CARTESIAN_POINT('',(1.667961436734,2.701069379668));
#7419 = CARTESIAN_POINT('',(1.704445043327,2.679735491188));
#7420 = CARTESIAN_POINT('',(1.741090124446,2.65655912864));
#7421 = CARTESIAN_POINT('',(1.854495735894,2.580224752276));
#7422 = CARTESIAN_POINT('',(1.931815185793,2.521744254902));
#7423 = CARTESIAN_POINT('',(2.010454510986,2.458157989156));
#7424 = CARTESIAN_POINT('',(2.090974562145,2.391577841579));
#7425 = CARTESIAN_POINT('',(2.173928040482,2.324642513704));
#7426 = CARTESIAN_POINT('',(2.289786606524,2.238573205072));
#7427 = CARTESIAN_POINT('',(2.31998364703,2.216777919357));
#7428 = CARTESIAN_POINT('',(2.350581092416,2.19548413016));
#7429 = CARTESIAN_POINT('',(2.381597015252,2.174850529864));
#7430 = CARTESIAN_POINT('',(2.413051186619,2.155044752708));
#7431 = CARTESIAN_POINT('',(2.486288349107,2.111897030272));
#7432 = CARTESIAN_POINT('',(2.528445690614,2.089196514699));
#7433 = CARTESIAN_POINT('',(2.571356130729,2.068610659303));
#7434 = CARTESIAN_POINT('',(2.61495854508,2.050581182905));
#7435 = CARTESIAN_POINT('',(2.659207148232,2.035501355558));
#7436 = CARTESIAN_POINT('',(2.764435425953,2.007808800924));
#7437 = CARTESIAN_POINT('',(2.825836010464,1.997871627981));
#7438 = CARTESIAN_POINT('',(2.8876983483,1.994775398246));
#7439 = CARTESIAN_POINT('',(2.949534291746,1.998838807807));
#7440 = CARTESIAN_POINT('',(3.01085381394,2.009689898191));
#7441 = CARTESIAN_POINT('',(3.114601046203,2.038460376877));
#7442 = CARTESIAN_POINT('',(3.157529032292,2.053577774291));
#7443 = CARTESIAN_POINT('',(3.199835400011,2.071436839365));
#7444 = CARTESIAN_POINT('',(3.241481029804,2.091672909537));
#7445 = CARTESIAN_POINT('',(3.282413297917,2.113880962948));
#7446 = CARTESIAN_POINT('',(3.353819148349,2.156124759242));
#7447 = CARTESIAN_POINT('',(3.384634733136,2.175572210016));
#7448 = CARTESIAN_POINT('',(3.415029571671,2.195810316458));
#7449 = CARTESIAN_POINT('',(3.445022345574,2.216681367602));
#7450 = CARTESIAN_POINT('',(3.474630174397,2.238035935864));
#7451 = CARTESIAN_POINT('',(3.541797535787,2.28787983882));
#7452 = CARTESIAN_POINT('',(3.579114001763,2.316609922723));
#7453 = CARTESIAN_POINT('',(3.615879031153,2.345637559157));
#7454 = CARTESIAN_POINT('',(3.652146889681,2.374703232092));
#7455 = CARTESIAN_POINT('',(3.687970619441,2.403572917976));
#7456 = CARTESIAN_POINT('',(3.76833487612,2.468124305494));
#7457 = CARTESIAN_POINT('',(3.812646478114,2.503564485068));
#7458 = CARTESIAN_POINT('',(3.856438308522,2.537913807945));
#7459 = CARTESIAN_POINT('',(3.899796354915,2.57077295256));
#7460 = CARTESIAN_POINT('',(3.942804425964,2.601783239342));
#7461 = CARTESIAN_POINT('',(4.023437998766,2.65618276548));
#7462 = CARTESIAN_POINT('',(4.061117187365,2.680036330622));
#7463 = CARTESIAN_POINT('',(4.098625635342,2.701942025109));
#7464 = CARTESIAN_POINT('',(4.135997705024,2.721685360444));
#7465 = CARTESIAN_POINT('',(4.173268770528,2.73908294191));
#7466 = CARTESIAN_POINT('',(4.251089730003,2.770252255845));
#7467 = CARTESIAN_POINT('',(4.291624574652,2.783545487448));
#7468 = CARTESIAN_POINT('',(4.332100152905,2.793659009217));
#7469 = CARTESIAN_POINT('',(4.372536506211,2.800450900274));
#7470 = CARTESIAN_POINT('',(4.412955686451,2.803847577293));
#7471 = CARTESIAN_POINT('',(4.530625291094,2.803847577293));
#7472 = CARTESIAN_POINT('',(4.607722531994,2.791446793562));
#7473 = CARTESIAN_POINT('',(4.684940607182,2.766730967449));
#7474 = CARTESIAN_POINT('',(4.762510182894,2.730618801816));
#7475 = CARTESIAN_POINT('',(4.840648179022,2.684853009873));
#7476 = CARTESIAN_POINT('',(4.961846671302,2.603273172629));
#7477 = CARTESIAN_POINT('',(5.004424613873,2.572647015818));
#7478 = CARTESIAN_POINT('',(5.047342928243,2.540195379409));
#7479 = CARTESIAN_POINT('',(5.090682697611,2.50626582472));
#7480 = CARTESIAN_POINT('',(5.13452707605,2.471244860935));
#7481 = CARTESIAN_POINT('',(5.214889691778,2.406719493369));
#7482 = CARTESIAN_POINT('',(5.251204555089,2.377441832799));
#7483 = CARTESIAN_POINT('',(5.287973061579,2.347946197974));
#7484 = CARTESIAN_POINT('',(5.325250552828,2.318475960874));
#7485 = CARTESIAN_POINT('',(5.363093657626,2.289301388549));
#7486 = CARTESIAN_POINT('',(5.431379260113,2.238573205072));
#7487 = CARTESIAN_POINT('',(5.46157630062,2.216777919357));
#7488 = CARTESIAN_POINT('',(5.492173746006,2.19548413016));
#7489 = CARTESIAN_POINT('',(5.523189668842,2.174850529864));
#7490 = CARTESIAN_POINT('',(5.554643840209,2.155044752708));
#7491 = CARTESIAN_POINT('',(5.627881002713,2.111897030262));
#7492 = CARTESIAN_POINT('',(5.670038344199,2.089196514704));
#7493 = CARTESIAN_POINT('',(5.712948784302,2.06861065931));
#7494 = CARTESIAN_POINT('',(5.756551198665,2.050581182904));
#7495 = CARTESIAN_POINT('',(5.800799801841,2.035501355553));
#7496 = CARTESIAN_POINT('',(5.903904048559,2.008367774665));
#7497 = CARTESIAN_POINT('',(5.963107355384,1.998578765697));
#7498 = CARTESIAN_POINT('',(6.022757495056,1.995128317871));
#7499 = CARTESIAN_POINT('',(6.082413369669,1.998320075115));
#7500 = CARTESIAN_POINT('',(6.14163458124,2.007862772174));
#7501 = CARTESIAN_POINT('',(6.213929228596,2.026601393221));
#7502 = CARTESIAN_POINT('',(6.227896996982,2.030557867327));
#7503 = CARTESIAN_POINT('',(6.241810210637,2.034827367315));
#7504 = CARTESIAN_POINT('',(6.255664842569,2.039399035657));
#7505 = CARTESIAN_POINT('',(6.269457476562,2.044261250859));
#7506 = CARTESIAN_POINT('',(6.28318530718,2.049401627462));
#7507 = ( GEOMETRIC_REPRESENTATION_CONTEXT(2) 
PARAMETRIC_REPRESENTATION_CONTEXT() REPRESENTATION_CONTEXT('2D SPACE',''
  ) );
#7508 = ADVANCED_FACE('',(#7509,#7787,#7994),#573,.T.);
#7509 = FACE_BOUND('',#7510,.T.);
#7510 = EDGE_LOOP('',(#7511,#7512,#7513,#7536,#7563,#7564,#7565,#7599,
    #7633));
#7511 = ORIENTED_EDGE('',*,*,#7022,.F.);
#7512 = ORIENTED_EDGE('',*,*,#585,.T.);
#7513 = ORIENTED_EDGE('',*,*,#7514,.T.);
#7514 = EDGE_CURVE('',#425,#7515,#7517,.T.);
#7515 = VERTEX_POINT('',#7516);
#7516 = CARTESIAN_POINT('',(-47.58252688588,-16.48796226268,
    -39.75299027215));
#7517 = SEAM_CURVE('',#7518,(#7522,#7529),.PCURVE_S1.);
#7518 = LINE('',#7519,#7520);
#7519 = CARTESIAN_POINT('',(6.82774858097,0.,-15.02104687813));
#7520 = VECTOR('',#7521,1.);
#7521 = DIRECTION('',(-0.877585088175,-0.265934875205,-0.398902312807));
#7522 = PCURVE('',#573,#7523);
#7523 = DEFINITIONAL_REPRESENTATION('',(#7524),#7528);
#7524 = LINE('',#7525,#7526);
#7525 = CARTESIAN_POINT('',(0.,-0.));
#7526 = VECTOR('',#7527,1.);
#7527 = DIRECTION('',(0.,1.));
#7528 = ( GEOMETRIC_REPRESENTATION_CONTEXT(2) 
PARAMETRIC_REPRESENTATION_CONTEXT() REPRESENTATION_CONTEXT('2D SPACE',''
  ) );
#7529 = PCURVE('',#573,#7530);
#7530 = DEFINITIONAL_REPRESENTATION('',(#7531),#7535);
#7531 = LINE('',#7532,#7533);
#7532 = CARTESIAN_POINT('',(6.28318530718,-0.));
#7533 = VECTOR('',#7534,1.);
#7534 = DIRECTION('',(0.,1.));
#7535 = ( GEOMETRIC_REPRESENTATION_CONTEXT(2) 
PARAMETRIC_REPRESENTATION_CONTEXT() REPRESENTATION_CONTEXT('2D SPACE',''
  ) );
#7536 = ORIENTED_EDGE('',*,*,#7537,.F.);
#7537 = EDGE_CURVE('',#7515,#7515,#7538,.T.);
#7538 = SURFACE_CURVE('',#7539,(#7544,#7551),.PCURVE_S1.);
#7539 = CIRCLE('',#7540,16.5);
#7540 = AXIS2_PLACEMENT_3D('',#7541,#7542,#7543);
#7541 = CARTESIAN_POINT('',(-54.41027546685,-16.48796226268,
    -24.73194339402));
#7542 = DIRECTION('',(-0.877585088175,-0.265934875205,-0.398902312807));
#7543 = DIRECTION('',(0.413802944301,2.775557561563E-17,-0.910366477463)
  );
#7544 = PCURVE('',#573,#7545);
#7545 = DEFINITIONAL_REPRESENTATION('',(#7546),#7550);
#7546 = LINE('',#7547,#7548);
#7547 = CARTESIAN_POINT('',(0.,62.));
#7548 = VECTOR('',#7549,1.);
#7549 = DIRECTION('',(1.,0.));
#7550 = ( GEOMETRIC_REPRESENTATION_CONTEXT(2) 
PARAMETRIC_REPRESENTATION_CONTEXT() REPRESENTATION_CONTEXT('2D SPACE',''
  ) );
#7551 = PCURVE('',#7552,#7557);
#7552 = PLANE('',#7553);
#7553 = AXIS2_PLACEMENT_3D('',#7554,#7555,#7556);
#7554 = CARTESIAN_POINT('',(-54.41027546685,-16.48796226268,
    -24.73194339402));
#7555 = DIRECTION('',(-0.877585088175,-0.265934875205,-0.398902312807));
#7556 = DIRECTION('',(0.413802944301,1.387778780781E-17,-0.910366477463)
  );
#7557 = DEFINITIONAL_REPRESENTATION('',(#7558),#7562);
#7558 = CIRCLE('',#7559,16.5);
#7559 = AXIS2_PLACEMENT_2D('',#7560,#7561);
#7560 = CARTESIAN_POINT('',(0.,0.));
#7561 = DIRECTION('',(1.,-2.775557561563E-17));
#7562 = ( GEOMETRIC_REPRESENTATION_CONTEXT(2) 
PARAMETRIC_REPRESENTATION_CONTEXT() REPRESENTATION_CONTEXT('2D SPACE',''
  ) );
#7563 = ORIENTED_EDGE('',*,*,#7514,.F.);
#7564 = ORIENTED_EDGE('',*,*,#424,.T.);
#7565 = ORIENTED_EDGE('',*,*,#7566,.T.);
#7566 = EDGE_CURVE('',#257,#7567,#7569,.T.);
#7567 = VERTEX_POINT('',#7568);
#7568 = CARTESIAN_POINT('',(-27.67578293181,-6.481703632275,
    5.543835418773));
#7569 = SURFACE_CURVE('',#7570,(#7575,#7587),.PCURVE_S1.);
#7570 = ELLIPSE('',#7571,28.960240917787,16.5);
#7571 = AXIS2_PLACEMENT_3D('',#7572,#7573,#7574);
#7572 = CARTESIAN_POINT('',(0.,0.,0.));
#7573 = DIRECTION('',(-0.161851676988,-0.143923745681,-0.976263279083));
#7574 = DIRECTION('',(-0.95564753796,-0.223813871255,0.191429188539));
#7575 = PCURVE('',#573,#7576);
#7576 = DEFINITIONAL_REPRESENTATION('',(#7577),#7586);
#7577 = B_SPLINE_CURVE_WITH_KNOTS('',7,(#7578,#7579,#7580,#7581,#7582,
    #7583,#7584,#7585),.UNSPECIFIED.,.F.,.F.,(8,8),(5.289746427391,
    6.28318530718),.PIECEWISE_BEZIER_KNOTS.);
#7578 = CARTESIAN_POINT('',(2.138570828409,12.990380456765));
#7579 = CARTESIAN_POINT('',(2.280490668378,15.820589336498));
#7580 = CARTESIAN_POINT('',(2.422410508348,18.345548039871));
#7581 = CARTESIAN_POINT('',(2.564330348319,20.472156065325));
#7582 = CARTESIAN_POINT('',(2.706250188287,22.122347036568));
#7583 = CARTESIAN_POINT('',(2.848170028258,23.240858054613));
#7584 = CARTESIAN_POINT('',(2.990089868228,23.800116680728));
#7585 = CARTESIAN_POINT('',(3.132009708197,23.800116680728));
#7586 = ( GEOMETRIC_REPRESENTATION_CONTEXT(2) 
PARAMETRIC_REPRESENTATION_CONTEXT() REPRESENTATION_CONTEXT('2D SPACE',''
  ) );
#7587 = PCURVE('',#412,#7588);
#7588 = DEFINITIONAL_REPRESENTATION('',(#7589),#7598);
#7589 = B_SPLINE_CURVE_WITH_KNOTS('',7,(#7590,#7591,#7592,#7593,#7594,
    #7595,#7596,#7597),.UNSPECIFIED.,.F.,.F.,(8,8),(5.289746427391,
    6.28318530718),.PIECEWISE_BEZIER_KNOTS.);
#7590 = CARTESIAN_POINT('',(4.384701021185,12.990380456765));
#7591 = CARTESIAN_POINT('',(4.242781181216,15.820589336499));
#7592 = CARTESIAN_POINT('',(4.100861341245,18.34554803987));
#7593 = CARTESIAN_POINT('',(3.958941501279,20.472156065318));
#7594 = CARTESIAN_POINT('',(3.817021661303,22.122347036577));
#7595 = CARTESIAN_POINT('',(3.675101821337,23.240858054612));
#7596 = CARTESIAN_POINT('',(3.533181981366,23.800116680728));
#7597 = CARTESIAN_POINT('',(3.391262141397,23.800116680728));
#7598 = ( GEOMETRIC_REPRESENTATION_CONTEXT(2) 
PARAMETRIC_REPRESENTATION_CONTEXT() REPRESENTATION_CONTEXT('2D SPACE',''
  ) );
#7599 = ORIENTED_EDGE('',*,*,#7600,.T.);
#7600 = EDGE_CURVE('',#7567,#7601,#7603,.T.);
#7601 = VERTEX_POINT('',#7602);
#7602 = CARTESIAN_POINT('',(-18.50755842337,9.789237148453,
    1.625151456581));
#7603 = SURFACE_CURVE('',#7604,(#7609,#7621),.PCURVE_S1.);
#7604 = ELLIPSE('',#7605,28.960240917787,16.5);
#7605 = AXIS2_PLACEMENT_3D('',#7606,#7607,#7608);
#7606 = CARTESIAN_POINT('',(0.,0.,0.));
#7607 = DIRECTION('',(-0.161851676988,-0.143923745681,-0.976263279083));
#7608 = DIRECTION('',(-0.95564753796,-0.223813871255,0.191429188539));
#7609 = PCURVE('',#573,#7610);
#7610 = DEFINITIONAL_REPRESENTATION('',(#7611),#7620);
#7611 = B_SPLINE_CURVE_WITH_KNOTS('',7,(#7612,#7613,#7614,#7615,#7616,
    #7617,#7618,#7619),.UNSPECIFIED.,.F.,.F.,(8,8),(0.,0.993438879789),
  .PIECEWISE_BEZIER_KNOTS.);
#7612 = CARTESIAN_POINT('',(3.132009708197,23.800116680728));
#7613 = CARTESIAN_POINT('',(3.273929548167,23.800116680728));
#7614 = CARTESIAN_POINT('',(3.415849388137,23.240858054614));
#7615 = CARTESIAN_POINT('',(3.557769228107,22.122347036569));
#7616 = CARTESIAN_POINT('',(3.699689068078,20.472156065327));
#7617 = CARTESIAN_POINT('',(3.841608908046,18.34554803987));
#7618 = CARTESIAN_POINT('',(3.983528748017,15.820589336498));
#7619 = CARTESIAN_POINT('',(4.125448587986,12.990380456765));
#7620 = ( GEOMETRIC_REPRESENTATION_CONTEXT(2) 
PARAMETRIC_REPRESENTATION_CONTEXT() REPRESENTATION_CONTEXT('2D SPACE',''
  ) );
#7621 = PCURVE('',#412,#7622);
#7622 = DEFINITIONAL_REPRESENTATION('',(#7623),#7632);
#7623 = B_SPLINE_CURVE_WITH_KNOTS('',7,(#7624,#7625,#7626,#7627,#7628,
    #7629,#7630,#7631),.UNSPECIFIED.,.F.,.F.,(8,8),(0.,0.993438879789),
  .PIECEWISE_BEZIER_KNOTS.);
#7624 = CARTESIAN_POINT('',(3.391262141397,23.800116680728));
#7625 = CARTESIAN_POINT('',(3.249342301427,23.800116680728));
#7626 = CARTESIAN_POINT('',(3.107422461457,23.240858054614));
#7627 = CARTESIAN_POINT('',(2.965502621487,22.122347036566));
#7628 = CARTESIAN_POINT('',(2.823582781518,20.472156065331));
#7629 = CARTESIAN_POINT('',(2.681662941547,18.345548039867));
#7630 = CARTESIAN_POINT('',(2.539743101578,15.820589336498));
#7631 = CARTESIAN_POINT('',(2.397823261608,12.990380456765));
#7632 = ( GEOMETRIC_REPRESENTATION_CONTEXT(2) 
PARAMETRIC_REPRESENTATION_CONTEXT() REPRESENTATION_CONTEXT('2D SPACE',''
  ) );
#7633 = ORIENTED_EDGE('',*,*,#7634,.T.);
#7634 = EDGE_CURVE('',#7601,#6490,#7635,.T.);
#7635 = SURFACE_CURVE('',#7636,(#7641,#7648),.PCURVE_S1.);
#7636 = CIRCLE('',#7637,16.5);
#7637 = AXIS2_PLACEMENT_3D('',#7638,#7639,#7640);
#7638 = CARTESIAN_POINT('',(-11.40016470513,-3.454595365191,
    -5.181893047787));
#7639 = DIRECTION('',(-0.877585088175,-0.265934875205,-0.398902312807));
#7640 = DIRECTION('',(0.413802944301,1.387778780781E-17,-0.910366477463)
  );
#7641 = PCURVE('',#573,#7642);
#7642 = DEFINITIONAL_REPRESENTATION('',(#7643),#7647);
#7643 = LINE('',#7644,#7645);
#7644 = CARTESIAN_POINT('',(0.,12.990381056767));
#7645 = VECTOR('',#7646,1.);
#7646 = DIRECTION('',(1.,0.));
#7647 = ( GEOMETRIC_REPRESENTATION_CONTEXT(2) 
PARAMETRIC_REPRESENTATION_CONTEXT() REPRESENTATION_CONTEXT('2D SPACE',''
  ) );
#7648 = PCURVE('',#4898,#7649);
#7649 = DEFINITIONAL_REPRESENTATION('',(#7650),#7786);
#7650 = B_SPLINE_CURVE_WITH_KNOTS('',8,(#7651,#7652,#7653,#7654,#7655,
    #7656,#7657,#7658,#7659,#7660,#7661,#7662,#7663,#7664,#7665,#7666,
    #7667,#7668,#7669,#7670,#7671,#7672,#7673,#7674,#7675,#7676,#7677,
    #7678,#7679,#7680,#7681,#7682,#7683,#7684,#7685,#7686,#7687,#7688,
    #7689,#7690,#7691,#7692,#7693,#7694,#7695,#7696,#7697,#7698,#7699,
    #7700,#7701,#7702,#7703,#7704,#7705,#7706,#7707,#7708,#7709,#7710,
    #7711,#7712,#7713,#7714,#7715,#7716,#7717,#7718,#7719,#7720,#7721,
    #7722,#7723,#7724,#7725,#7726,#7727,#7728,#7729,#7730,#7731,#7732,
    #7733,#7734,#7735,#7736,#7737,#7738,#7739,#7740,#7741,#7742,#7743,
    #7744,#7745,#7746,#7747,#7748,#7749,#7750,#7751,#7752,#7753,#7754,
    #7755,#7756,#7757,#7758,#7759,#7760,#7761,#7762,#7763,#7764,#7765,
    #7766,#7767,#7768,#7769,#7770,#7771,#7772,#7773,#7774,#7775,#7776,
    #7777,#7778,#7779,#7780,#7781,#7782,#7783,#7784,#7785),
  .UNSPECIFIED.,.F.,.F.,(9,7,7,7,7,7,7,7,7,7,7,7,7,7,7,7,7,7,7,9),(0.,
    0.196349540849,0.386563158547,0.755102042837,1.100607246858,
    1.748429504398,2.315273979746,2.811262895675,3.245253197113,
    3.624994710871,4.289542359949,4.787953096756,5.161761149362,
    5.442117188816,5.652384218407,5.8100844906,5.928359694745,
    6.105772500962,6.194478904071,6.28318530718),.UNSPECIFIED.);
#7651 = CARTESIAN_POINT('',(3.788623273358,-1.294398780186));
#7652 = CARTESIAN_POINT('',(3.853289444681,-1.286622299659));
#7653 = CARTESIAN_POINT('',(3.913409082524,-1.277284956261));
#7654 = CARTESIAN_POINT('',(3.968427246,-1.266564228184));
#7655 = CARTESIAN_POINT('',(4.018276502145,-1.254656216257));
#7656 = CARTESIAN_POINT('',(4.063266870902,-1.24173987373));
#7657 = CARTESIAN_POINT('',(4.103789074594,-1.227965642401));
#7658 = CARTESIAN_POINT('',(4.140272331388,-1.213460383688));
#7659 = CARTESIAN_POINT('',(4.20495276499,-1.183671533646));
#7660 = CARTESIAN_POINT('',(4.233373289514,-1.168426433414));
#7661 = CARTESIAN_POINT('',(4.258760676431,-1.152690207876));
#7662 = CARTESIAN_POINT('',(4.281473058518,-1.136540136544));
#7663 = CARTESIAN_POINT('',(4.301823908989,-1.120038401128));
#7664 = CARTESIAN_POINT('',(4.320080991425,-1.103235671209));
#7665 = CARTESIAN_POINT('',(4.336475909839,-1.086174044132));
#7666 = CARTESIAN_POINT('',(4.379746532731,-1.035398344885));
#7667 = CARTESIAN_POINT('',(4.402038495122,-1.001068193412));
#7668 = CARTESIAN_POINT('',(4.419522800754,-0.96615429361));
#7669 = CARTESIAN_POINT('',(4.433175337519,-0.930816682389));
#7670 = CARTESIAN_POINT('',(4.443677228908,-0.895171723117));
#7671 = CARTESIAN_POINT('',(4.451537638228,-0.859307209564));
#7672 = CARTESIAN_POINT('',(4.457137264025,-0.823293425921));
#7673 = CARTESIAN_POINT('',(4.464175990875,-0.753340300139));
#7674 = CARTESIAN_POINT('',(4.465853228531,-0.719411988948));
#7675 = CARTESIAN_POINT('',(4.466043785908,-0.685451619902));
#7676 = CARTESIAN_POINT('',(4.464921691761,-0.651498001421));
#7677 = CARTESIAN_POINT('',(4.46261763903,-0.617584826371));
#7678 = CARTESIAN_POINT('',(4.459231806505,-0.583742755762));
#7679 = CARTESIAN_POINT('',(4.454840452954,-0.550000525721));
#7680 = CARTESIAN_POINT('',(4.439491790159,-0.453358936746));
#7681 = CARTESIAN_POINT('',(4.426151380906,-0.390780979368));
#7682 = CARTESIAN_POINT('',(4.409863599245,-0.328836138306));
#7683 = CARTESIAN_POINT('',(4.390785999789,-0.267697764155));
#7684 = CARTESIAN_POINT('',(4.368963889823,-0.207550223637));
#7685 = CARTESIAN_POINT('',(4.344351842881,-0.148597878615));
#7686 = CARTESIAN_POINT('',(4.316837266457,-9.107780278388E-02));
#7687 = CARTESIAN_POINT('',(4.259511209193,1.356316815788E-02));
#7688 = CARTESIAN_POINT('',(4.230416799933,6.108519704791E-02));
#7689 = CARTESIAN_POINT('',(4.198874996957,0.107109771445));
#7690 = CARTESIAN_POINT('',(4.164755894868,0.15142476485));
#7691 = CARTESIAN_POINT('',(4.127916107485,0.193788930133));
#7692 = CARTESIAN_POINT('',(4.088217957333,0.233926662872));
#7693 = CARTESIAN_POINT('',(4.045561508071,0.271528977138));
#7694 = CARTESIAN_POINT('',(3.960010630527,0.336664867063));
#7695 = CARTESIAN_POINT('',(3.917812419087,0.364869536247));
#7696 = CARTESIAN_POINT('',(3.873331244095,0.39066239838));
#7697 = CARTESIAN_POINT('',(3.82660923276,0.413813640217));
#7698 = CARTESIAN_POINT('',(3.777761817693,0.434088903653));
#7699 = CARTESIAN_POINT('',(3.727005923365,0.451266698946));
#7700 = CARTESIAN_POINT('',(3.674669212292,0.465160260821));
#7701 = CARTESIAN_POINT('',(3.574331840736,0.48480305533));
#7702 = CARTESIAN_POINT('',(3.526606951352,0.491353200414));
#7703 = CARTESIAN_POINT('',(3.478252281362,0.495197632609));
#7704 = CARTESIAN_POINT('',(3.429584067516,0.496277593221));
#7705 = CARTESIAN_POINT('',(3.380949134937,0.494574774758));
#7706 = CARTESIAN_POINT('',(3.332692236474,0.490114289643));
#7707 = CARTESIAN_POINT('',(3.285123981424,0.482960883025));
#7708 = CARTESIAN_POINT('',(3.197718936219,0.464675454398));
#7709 = CARTESIAN_POINT('',(3.157658966077,0.45415254911));
#7710 = CARTESIAN_POINT('',(3.118504536353,0.441703039574));
#7711 = CARTESIAN_POINT('',(3.080404542776,0.427407608989));
#7712 = CARTESIAN_POINT('',(3.043472333603,0.411359724722));
#7713 = CARTESIAN_POINT('',(3.007786068506,0.393659962697));
#7714 = CARTESIAN_POINT('',(2.973393788123,0.374410967056));
#7715 = CARTESIAN_POINT('',(2.882439749781,0.317495841979));
#7716 = CARTESIAN_POINT('',(2.828596498222,0.276844419414));
#7717 = CARTESIAN_POINT('',(2.778919168893,0.232305770808));
#7718 = CARTESIAN_POINT('',(2.733310283669,0.184417188696));
#7719 = CARTESIAN_POINT('',(2.691550677315,0.133653490019));
#7720 = CARTESIAN_POINT('',(2.653407151599,8.042258483687E-02));
#7721 = CARTESIAN_POINT('',(2.618660569416,2.507489742999E-02));
#7722 = CARTESIAN_POINT('',(2.563500308387,-7.495752774318E-02));
#7723 = CARTESIAN_POINT('',(2.541675042658,-0.118848772115));
#7724 = CARTESIAN_POINT('',(2.521592625263,-0.163632320069));
#7725 = CARTESIAN_POINT('',(2.503195880585,-0.209195250789));
#7726 = CARTESIAN_POINT('',(2.486449869489,-0.255436804761));
#7727 = CARTESIAN_POINT('',(2.47134651761,-0.302265551908));
#7728 = CARTESIAN_POINT('',(2.457912076248,-0.349596227267));
#7729 = CARTESIAN_POINT('',(2.437456253124,-0.433158179598));
#7730 = CARTESIAN_POINT('',(2.429671254523,-0.469206139044));
#7731 = CARTESIAN_POINT('',(2.422900395546,-0.505454793089));
#7732 = CARTESIAN_POINT('',(2.417191774804,-0.541869902503));
#7733 = CARTESIAN_POINT('',(2.412613878238,-0.57841690876));
#7734 = CARTESIAN_POINT('',(2.409260652725,-0.615059893442));
#7735 = CARTESIAN_POINT('',(2.407261547008,-0.651759832499));
#7736 = CARTESIAN_POINT('',(2.406455693481,-0.716005077764));
#7737 = CARTESIAN_POINT('',(2.406975801736,-0.743545296372));
#7738 = CARTESIAN_POINT('',(2.408439283796,-0.771072919832));
#7739 = CARTESIAN_POINT('',(2.410941432988,-0.798566837004));
#7740 = CARTESIAN_POINT('',(2.414600175233,-0.826003053177));
#7741 = CARTESIAN_POINT('',(2.419562625847,-0.853353677536));
#7742 = CARTESIAN_POINT('',(2.426016288583,-0.880585054873));
#7743 = CARTESIAN_POINT('',(2.440352170948,-0.927956214015));
#7744 = CARTESIAN_POINT('',(2.447473896326,-0.948166921631));
#7745 = CARTESIAN_POINT('',(2.455677649886,-0.968268362094));
#7746 = CARTESIAN_POINT('',(2.465086569933,-0.988239404767));
#7747 = CARTESIAN_POINT('',(2.475847234384,-1.008055243675));
#7748 = CARTESIAN_POINT('',(2.488136124687,-1.027686080688));
#7749 = CARTESIAN_POINT('',(2.502167999965,-1.047095085997));
#7750 = CARTESIAN_POINT('',(2.53023481743,-1.080591048298));
#7751 = CARTESIAN_POINT('',(2.543392000544,-1.09479544714));
#7752 = CARTESIAN_POINT('',(2.557788721756,-1.108829141834));
#7753 = CARTESIAN_POINT('',(2.573551454164,-1.122669274476));
#7754 = CARTESIAN_POINT('',(2.590823736107,-1.136289122629));
#7755 = CARTESIAN_POINT('',(2.609769101775,-1.149657087628));
#7756 = CARTESIAN_POINT('',(2.630571731148,-1.162735434997));
#7757 = CARTESIAN_POINT('',(2.670575786116,-1.185036417465));
#7758 = CARTESIAN_POINT('',(2.688877304019,-1.194405590202));
#7759 = CARTESIAN_POINT('',(2.708420096832,-1.203567230806));
#7760 = CARTESIAN_POINT('',(2.729292774827,-1.212499881564));
#7761 = CARTESIAN_POINT('',(2.751587781339,-1.221179308991));
#7762 = CARTESIAN_POINT('',(2.775398022028,-1.22957822312));
#7763 = CARTESIAN_POINT('',(2.800810548633,-1.237666175107));
#7764 = CARTESIAN_POINT('',(2.868527420065,-1.257024820187));
#7765 = CARTESIAN_POINT('',(2.912924383396,-1.267864904754));
#7766 = CARTESIAN_POINT('',(2.961331008568,-1.277816888365));
#7767 = CARTESIAN_POINT('',(3.013908137273,-1.286752344583));
#7768 = CARTESIAN_POINT('',(3.070668577271,-1.29453086872));
#7769 = CARTESIAN_POINT('',(3.131335119239,-1.301004633331));
#7770 = CARTESIAN_POINT('',(3.195194769742,-1.306048683307));
#7771 = CARTESIAN_POINT('',(3.29429885808,-1.311346499637));
#7772 = CARTESIAN_POINT('',(3.32788596446,-1.3127343936));
#7773 = CARTESIAN_POINT('',(3.361902402533,-1.313733934731));
#7774 = CARTESIAN_POINT('',(3.396207914596,-1.314337445499));
#7775 = CARTESIAN_POINT('',(3.430649074813,-1.314540518157));
#7776 = CARTESIAN_POINT('',(3.465067416711,-1.314342375119));
#7777 = CARTESIAN_POINT('',(3.499308498795,-1.313745872517));
#7778 = CARTESIAN_POINT('',(3.567148961054,-1.311768265552));
#7779 = CARTESIAN_POINT('',(3.600748342926,-1.310387167894));
#7780 = CARTESIAN_POINT('',(3.633883267772,-1.308619809173));
#7781 = CARTESIAN_POINT('',(3.666420905334,-1.306475524239));
#7782 = CARTESIAN_POINT('',(3.698246209236,-1.303966404864));
#7783 = CARTESIAN_POINT('',(3.729265770721,-1.301106680272));
#7784 = CARTESIAN_POINT('',(3.75940851973,-1.297912023015));
#7785 = CARTESIAN_POINT('',(3.788623273358,-1.294398780186));
#7786 = ( GEOMETRIC_REPRESENTATION_CONTEXT(2) 
PARAMETRIC_REPRESENTATION_CONTEXT() REPRESENTATION_CONTEXT('2D SPACE',''
  ) );
#7787 = FACE_BOUND('',#7788,.T.);
#7788 = EDGE_LOOP('',(#7789));
#7789 = ORIENTED_EDGE('',*,*,#7790,.T.);
#7790 = EDGE_CURVE('',#7791,#7791,#7793,.T.);
#7791 = VERTEX_POINT('',#7792);
#7792 = CARTESIAN_POINT('',(-33.10499105318,-27.23866155109,
    -18.34950638911));
#7793 = SURFACE_CURVE('',#7794,(#7857,#7923),.PCURVE_S1.);
#7794 = B_SPLINE_CURVE_WITH_KNOTS('',7,(#7795,#7796,#7797,#7798,#7799,
    #7800,#7801,#7802,#7803,#7804,#7805,#7806,#7807,#7808,#7809,#7810,
    #7811,#7812,#7813,#7814,#7815,#7816,#7817,#7818,#7819,#7820,#7821,
    #7822,#7823,#7824,#7825,#7826,#7827,#7828,#7829,#7830,#7831,#7832,
    #7833,#7834,#7835,#7836,#7837,#7838,#7839,#7840,#7841,#7842,#7843,
    #7844,#7845,#7846,#7847,#7848,#7849,#7850,#7851,#7852,#7853,#7854,
    #7855,#7856),.UNSPECIFIED.,.T.,.F.,(8,6,6,6,6,6,6,6,6,6,8),(0.,
    4.785369570293E-02,0.113696233563,0.19185156602,0.323492247341,
    0.445213982833,0.556908899574,0.69438292837,0.822039824355,
    0.91604117464,1.),.UNSPECIFIED.);
#7795 = CARTESIAN_POINT('',(-33.10499105318,-27.23866155109,
    -18.34950638911));
#7796 = CARTESIAN_POINT('',(-33.10706518919,-27.23181690227,
    -18.47334221925));
#7797 = CARTESIAN_POINT('',(-33.11590484558,-27.22637298551,
    -18.59505004192));
#7798 = CARTESIAN_POINT('',(-33.13106132207,-27.22234598442,
    -18.7142649661));
#7799 = CARTESIAN_POINT('',(-33.15208854378,-27.21974932664,
    -18.83066618062));
#7800 = CARTESIAN_POINT('',(-33.17854389108,-27.21859027352,
    -18.94397580303));
#7801 = CARTESIAN_POINT('',(-33.20998902943,-27.21886650988,
    -19.05395772832));
#7802 = CARTESIAN_POINT('',(-33.29552597158,-27.22289659075,
    -19.30689449047));
#7803 = CARTESIAN_POINT('',(-33.35373687605,-27.22792109301,
    -19.44684802692));
#7804 = CARTESIAN_POINT('',(-33.41963782865,-27.23561352118,
    -19.5800696797));
#7805 = CARTESIAN_POINT('',(-33.49238215745,-27.24594295042,
    -19.70644129506));
#7806 = CARTESIAN_POINT('',(-33.57124707683,-27.25887203576,
    -19.82590647924));
#7807 = CARTESIAN_POINT('',(-33.65561862177,-27.2743587976,
    -19.93844310464));
#7808 = CARTESIAN_POINT('',(-33.85104480685,-27.31372400913,
    -20.16937474952));
#7809 = CARTESIAN_POINT('',(-33.96415683647,-27.33863391884,
    -20.28495170969));
#7810 = CARTESIAN_POINT('',(-34.08343889531,-27.36701446909,
    -20.39072652639));
#7811 = CARTESIAN_POINT('',(-34.2081725377,-27.39877990913,
    -20.48665482568));
#7812 = CARTESIAN_POINT('',(-34.33775927286,-27.43383378691,
    -20.57266486703));
#7813 = CARTESIAN_POINT('',(-34.47168778494,-27.47206628237,
    -20.64863399987));
#7814 = CARTESIAN_POINT('',(-34.84163362031,-27.58287936282,
    -20.82507809822));
#7815 = CARTESIAN_POINT('',(-35.08447760809,-27.66096601221,
    -20.9065959098));
#7816 = CARTESIAN_POINT('',(-35.33601612527,-27.74700680584,
    -20.9582089042));
#7817 = CARTESIAN_POINT('',(-35.59447373836,-27.84019449014,
    -20.97835881558));
#7818 = CARTESIAN_POINT('',(-35.85787376233,-27.93936658922,
    -20.96465772432));
#7819 = CARTESIAN_POINT('',(-36.12354795111,-28.04265841529,
    -20.91385810388));
#7820 = CARTESIAN_POINT('',(-36.63118156652,-28.24357720147,
    -20.73677062416));
#7821 = CARTESIAN_POINT('',(-36.88018709794,-28.34372302274,
    -20.61409840873));
#7822 = CARTESIAN_POINT('',(-37.12433653473,-28.44262530983,
    -20.44931342696));
#7823 = CARTESIAN_POINT('',(-37.35394102251,-28.53461412486,
    -20.2412570318));
#7824 = CARTESIAN_POINT('',(-37.55979381699,-28.6138106568,
    -19.99165206898));
#7825 = CARTESIAN_POINT('',(-37.73312908841,-28.67522119151,
    -19.70464186453));
#7826 = CARTESIAN_POINT('',(-37.98699230149,-28.75214943789,
    -19.09485729817));
#7827 = CARTESIAN_POINT('',(-38.06774832134,-28.76913974838,
    -18.79196635588));
#7828 = CARTESIAN_POINT('',(-38.10805259875,-28.76704054843,
    -18.48676490658));
#7829 = CARTESIAN_POINT('',(-38.10972786494,-28.74811468361,
    -18.18763342575));
#7830 = CARTESIAN_POINT('',(-38.07630813848,-28.71583289656,
    -17.9022394829));
#7831 = CARTESIAN_POINT('',(-38.01339058329,-28.67416477085,
    -17.63707760869));
#7832 = CARTESIAN_POINT('',(-37.82483093408,-28.56934492394,
    -17.10152929305));
#7833 = CARTESIAN_POINT('',(-37.68499451987,-28.50174818891,
    -16.83534342499));
#7834 = CARTESIAN_POINT('',(-37.51640212627,-28.42879563911,
    -16.59972247168));
#7835 = CARTESIAN_POINT('',(-37.32402449876,-28.35337254046,
    -16.39475938934));
#7836 = CARTESIAN_POINT('',(-37.11149115973,-28.27730072039,
    -16.22037197396));
#7837 = CARTESIAN_POINT('',(-36.88149504644,-28.20175751342,
    -16.07684528227));
#7838 = CARTESIAN_POINT('',(-36.40831961257,-28.05837101831,
    -15.86176553961));
#7839 = CARTESIAN_POINT('',(-36.1677849168,-27.99052391689,
    -15.78604617274));
#7840 = CARTESIAN_POINT('',(-35.91638849819,-27.92440981491,
    -15.73888413471));
#7841 = CARTESIAN_POINT('',(-35.65593104911,-27.86030328392,
    -15.72177436342));
#7842 = CARTESIAN_POINT('',(-35.38857011634,-27.79831458137,
    -15.73696862821));
#7843 = CARTESIAN_POINT('',(-35.11735930227,-27.73837558024,
    -15.78749682674));
#7844 = CARTESIAN_POINT('',(-34.64806439537,-27.63756704988,
    -15.9431927109));
#7845 = CARTESIAN_POINT('',(-34.44783347671,-27.59546715184,
    -16.03101354404));
#7846 = CARTESIAN_POINT('',(-34.24991279409,-27.5543259246,
    -16.14228199368));
#7847 = CARTESIAN_POINT('',(-34.05818412675,-27.51431094601,
    -16.2780814787));
#7848 = CARTESIAN_POINT('',(-33.87684555166,-27.47550395374,
    -16.43895116201));
#7849 = CARTESIAN_POINT('',(-33.71042222096,-27.43804495749,
    -16.62485114613));
#7850 = CARTESIAN_POINT('',(-33.43290244458,-27.37049957854,
    -17.02282256554));
#7851 = CARTESIAN_POINT('',(-33.31935923217,-27.34043377085,
    -17.22773259619));
#7852 = CARTESIAN_POINT('',(-33.22763431121,-27.31280933289,
    -17.44614867418));
#7853 = CARTESIAN_POINT('',(-33.16047411675,-27.28821199817,
    -17.67321587919));
#7854 = CARTESIAN_POINT('',(-33.11874901323,-27.26732658465,
    -17.90335805433));
#7855 = CARTESIAN_POINT('',(-33.10132649192,-27.25075460326,
    -18.13071457185));
#7856 = CARTESIAN_POINT('',(-33.10499105318,-27.23866155109,
    -18.34950638911));
#7857 = PCURVE('',#573,#7858);
#7858 = DEFINITIONAL_REPRESENTATION('',(#7859),#7922);
#7859 = B_SPLINE_CURVE_WITH_KNOTS('',7,(#7860,#7861,#7862,#7863,#7864,
    #7865,#7866,#7867,#7868,#7869,#7870,#7871,#7872,#7873,#7874,#7875,
    #7876,#7877,#7878,#7879,#7880,#7881,#7882,#7883,#7884,#7885,#7886,
    #7887,#7888,#7889,#7890,#7891,#7892,#7893,#7894,#7895,#7896,#7897,
    #7898,#7899,#7900,#7901,#7902,#7903,#7904,#7905,#7906,#7907,#7908,
    #7909,#7910,#7911,#7912,#7913,#7914,#7915,#7916,#7917,#7918,#7919,
    #7920,#7921),.UNSPECIFIED.,.F.,.F.,(8,6,6,6,6,6,6,6,6,6,8),(0.,
    4.785369570293E-02,0.113696233563,0.19185156602,0.323492247341,
    0.445213982833,0.556908899574,0.69438292837,0.822039824355,
    0.91604117464,1.),.UNSPECIFIED.);
#7860 = CARTESIAN_POINT('',(1.387601687387,43.615817090259));
#7861 = CARTESIAN_POINT('',(1.380705830243,43.665215489312));
#7862 = CARTESIAN_POINT('',(1.374091662341,43.720074844571));
#7863 = CARTESIAN_POINT('',(1.367769190424,43.779860131268));
#7864 = CARTESIAN_POINT('',(1.361746210036,43.844055479311));
#7865 = CARTESIAN_POINT('',(1.35602831528,43.912163535401));
#7866 = CARTESIAN_POINT('',(1.35061890858,43.983704825164));
#7867 = CARTESIAN_POINT('',(1.338502467806,44.160739568546));
#7868 = CARTESIAN_POINT('',(1.332065082844,44.268988570035));
#7869 = CARTESIAN_POINT('',(1.326196813552,44.382010373667));
#7870 = CARTESIAN_POINT('',(1.320885696209,44.499006596985));
#7871 = CARTESIAN_POINT('',(1.316119141317,44.619310507179));
#7872 = CARTESIAN_POINT('',(1.311885029523,44.742363307113));
#7873 = CARTESIAN_POINT('',(1.303766386531,45.016454162837));
#7874 = CARTESIAN_POINT('',(1.300094526358,45.168447923771));
#7875 = CARTESIAN_POINT('',(1.297140348155,45.322869277001));
#7876 = CARTESIAN_POINT('',(1.294890394124,45.479047220345));
#7877 = CARTESIAN_POINT('',(1.293335031751,45.63640225978));
#7878 = CARTESIAN_POINT('',(1.292468958071,45.794407541558));
#7879 = CARTESIAN_POINT('',(1.291993415108,46.218919511743));
#7880 = CARTESIAN_POINT('',(1.29364984578,46.485319381108));
#7881 = CARTESIAN_POINT('',(1.297249832462,46.749535623443));
#7882 = CARTESIAN_POINT('',(1.302830247453,47.009173872059));
#7883 = CARTESIAN_POINT('',(1.310463806587,47.261237728128));
#7884 = CARTESIAN_POINT('',(1.320246300615,47.501594247302));
#7885 = CARTESIAN_POINT('',(1.343403400446,47.92987664555));
#7886 = CARTESIAN_POINT('',(1.356760506044,48.126098222824));
#7887 = CARTESIAN_POINT('',(1.372325361483,48.300928584869));
#7888 = CARTESIAN_POINT('',(1.389887138914,48.443894916339));
#7889 = CARTESIAN_POINT('',(1.409092166525,48.546041382019));
#7890 = CARTESIAN_POINT('',(1.429483882343,48.6));
#7891 = CARTESIAN_POINT('',(1.469785851042,48.6));
#7892 = CARTESIAN_POINT('',(1.488606703002,48.554564697495));
#7893 = CARTESIAN_POINT('',(1.50649783754,48.467631315862));
#7894 = CARTESIAN_POINT('',(1.523061028177,48.344744217457));
#7895 = CARTESIAN_POINT('',(1.537975273034,48.192986406989));
#7896 = CARTESIAN_POINT('',(1.55102906029,48.020916206066));
#7897 = CARTESIAN_POINT('',(1.575849301816,47.613932355057));
#7898 = CARTESIAN_POINT('',(1.587027342708,47.367055515459));
#7899 = CARTESIAN_POINT('',(1.595801294216,47.105710974416));
#7900 = CARTESIAN_POINT('',(1.602288774338,46.835065357296));
#7901 = CARTESIAN_POINT('',(1.606583359809,46.558755574923));
#7902 = CARTESIAN_POINT('',(1.6087357449,46.279571712981));
#7903 = CARTESIAN_POINT('',(1.6087357449,45.740392731654));
#7904 = CARTESIAN_POINT('',(1.606879768352,45.481055528444));
#7905 = CARTESIAN_POINT('',(1.603174439435,45.224038688746));
#7906 = CARTESIAN_POINT('',(1.597583262501,44.971591825674));
#7907 = CARTESIAN_POINT('',(1.590037603646,44.726535927405));
#7908 = CARTESIAN_POINT('',(1.580448399076,44.492741305694));
#7909 = CARTESIAN_POINT('',(1.560088602106,44.116194037788));
#7910 = CARTESIAN_POINT('',(1.550221428647,43.964310471701));
#7911 = CARTESIAN_POINT('',(1.539117107227,43.82406258676));
#7912 = CARTESIAN_POINT('',(1.526810884586,43.69933371764));
#7913 = CARTESIAN_POINT('',(1.513373218751,43.594044844324));
#7914 = CARTESIAN_POINT('',(1.498911637072,43.512188491092));
#7915 = CARTESIAN_POINT('',(1.469883825847,43.409430321382));
#7916 = CARTESIAN_POINT('',(1.455657491863,43.383530029634));
#7917 = CARTESIAN_POINT('',(1.441206421736,43.382813983987));
#7918 = CARTESIAN_POINT('',(1.426862660421,43.407911542919));
#7919 = CARTESIAN_POINT('',(1.412955081656,43.457544300365));
#7920 = CARTESIAN_POINT('',(1.399785213871,43.52854052833));
#7921 = CARTESIAN_POINT('',(1.387601687387,43.615817090259));
#7922 = ( GEOMETRIC_REPRESENTATION_CONTEXT(2) 
PARAMETRIC_REPRESENTATION_CONTEXT() REPRESENTATION_CONTEXT('2D SPACE',''
  ) );
#7923 = PCURVE('',#7924,#7929);
#7924 = CYLINDRICAL_SURFACE('',#7925,2.6);
#7925 = AXIS2_PLACEMENT_3D('',#7926,#7927,#7928);
#7926 = CARTESIAN_POINT('',(-35.00377724332,-29.93795574143,
    -18.34950638911));
#7927 = DIRECTION('',(-0.290007395283,0.957024404433,0.));
#7928 = DIRECTION('',(0.957024404433,0.290007395283,0.));
#7929 = DEFINITIONAL_REPRESENTATION('',(#7930),#7993);
#7930 = B_SPLINE_CURVE_WITH_KNOTS('',7,(#7931,#7932,#7933,#7934,#7935,
    #7936,#7937,#7938,#7939,#7940,#7941,#7942,#7943,#7944,#7945,#7946,
    #7947,#7948,#7949,#7950,#7951,#7952,#7953,#7954,#7955,#7956,#7957,
    #7958,#7959,#7960,#7961,#7962,#7963,#7964,#7965,#7966,#7967,#7968,
    #7969,#7970,#7971,#7972,#7973,#7974,#7975,#7976,#7977,#7978,#7979,
    #7980,#7981,#7982,#7983,#7984,#7985,#7986,#7987,#7988,#7989,#7990,
    #7991,#7992),.UNSPECIFIED.,.F.,.F.,(8,6,6,6,6,6,6,6,6,6,8),(0.,
    4.785369570293E-02,0.113696233563,0.19185156602,0.323492247341,
    0.445213982833,0.556908899574,0.69438292837,0.822039824355,
    0.91604117464,1.),.UNSPECIFIED.);
#7931 = CARTESIAN_POINT('',(0.,2.032628377695));
#7932 = CARTESIAN_POINT('',(4.762916543978E-02,2.03978038844));
#7933 = CARTESIAN_POINT('',(9.443996204329E-02,2.04755391536));
#7934 = CARTESIAN_POINT('',(0.140468138828,2.055803343944));
#7935 = CARTESIAN_POINT('',(0.185740046209,2.064386458614));
#7936 = CARTESIAN_POINT('',(0.230274509831,2.073167947099));
#7937 = CARTESIAN_POINT('',(0.274084704403,2.08202290482));
#7938 = CARTESIAN_POINT('',(0.376475457119,2.102972364867));
#7939 = CARTESIAN_POINT('',(0.434476666466,2.115045386372));
#7940 = CARTESIAN_POINT('',(0.491332694456,2.126795308491));
#7941 = CARTESIAN_POINT('',(0.547178129191,2.138006185944));
#7942 = CARTESIAN_POINT('',(0.602137827801,2.14850414559));
#7943 = CARTESIAN_POINT('',(0.656331636265,2.158151308555));
#7944 = CARTESIAN_POINT('',(0.773440154825,2.17715287934));
#7945 = CARTESIAN_POINT('',(0.836101059486,2.186116812913));
#7946 = CARTESIAN_POINT('',(0.898054228671,2.193548612902));
#7947 = CARTESIAN_POINT('',(0.95947491606,2.199321990306));
#7948 = CARTESIAN_POINT('',(1.020531420918,2.203355685324));
#7949 = CARTESIAN_POINT('',(1.081391676192,2.205606513064));
#7950 = CARTESIAN_POINT('',(1.244692706683,2.20684271886));
#7951 = CARTESIAN_POINT('',(1.3469474513,2.202538442085));
#7952 = CARTESIAN_POINT('',(1.44989874281,2.193143332992));
#7953 = CARTESIAN_POINT('',(1.554341361048,2.178915064083));
#7954 = CARTESIAN_POINT('',(1.66112514057,2.160392899896));
#7955 = CARTESIAN_POINT('',(1.771117504875,2.138587581044));
#7956 = CARTESIAN_POINT('',(1.991186488158,2.093520901932));
#7957 = CARTESIAN_POINT('',(2.10356629875,2.069892352555));
#7958 = CARTESIAN_POINT('',(2.221057344631,2.046045592379));
#7959 = CARTESIAN_POINT('',(2.34283204627,2.024597050906));
#7960 = CARTESIAN_POINT('',(2.468489760171,2.008502869823));
#7961 = CARTESIAN_POINT('',(2.597898561398,2.));
#7962 = CARTESIAN_POINT('',(2.853661055064,2.));
#7963 = CARTESIAN_POINT('',(2.973100881269,2.007159701193));
#7964 = CARTESIAN_POINT('',(3.089561643081,2.020857225292));
#7965 = CARTESIAN_POINT('',(3.202798826757,2.03945557938));
#7966 = CARTESIAN_POINT('',(3.312355627272,2.06065806958));
#7967 = CARTESIAN_POINT('',(3.417437830562,2.082288926475));
#7968 = CARTESIAN_POINT('',(3.63880786201,2.127920385319));
#7969 = CARTESIAN_POINT('',(3.755688480105,2.152058516147));
#7970 = CARTESIAN_POINT('',(3.868700824511,2.172982845739));
#7971 = CARTESIAN_POINT('',(3.978858486899,2.189373657141));
#7972 = CARTESIAN_POINT('',(4.087163891142,2.200540005373));
#7973 = CARTESIAN_POINT('',(4.194541914751,2.206136124295));
#7974 = CARTESIAN_POINT('',(4.40191844603,2.206136124295));
#7975 = CARTESIAN_POINT('',(4.50166332643,2.201310615526));
#7976 = CARTESIAN_POINT('',(4.602142809169,2.191676604056));
#7977 = CARTESIAN_POINT('',(4.704098603528,2.177493532304));
#7978 = CARTESIAN_POINT('',(4.808321060697,2.15928158573));
#7979 = CARTESIAN_POINT('',(4.915620782619,2.13799153083));
#7980 = CARTESIAN_POINT('',(5.109106143551,2.098368760987));
#7981 = CARTESIAN_POINT('',(5.194109349398,2.080590943663));
#7982 = CARTESIAN_POINT('',(5.281893874938,2.062565640523));
#7983 = CARTESIAN_POINT('',(5.372411507943,2.045258220161));
#7984 = CARTESIAN_POINT('',(5.465710745328,2.029807930996));
#7985 = CARTESIAN_POINT('',(5.561945031325,2.017393107926));
#7986 = CARTESIAN_POINT('',(5.750253423919,2.001552896499));
#7987 = CARTESIAN_POINT('',(5.84061236381,1.997398236914));
#7988 = CARTESIAN_POINT('',(5.931502855636,1.997234592786));
#7989 = CARTESIAN_POINT('',(6.022100571678,2.001297889336));
#7990 = CARTESIAN_POINT('',(6.111589739004,2.009185151183));
#7991 = CARTESIAN_POINT('',(6.199034608233,2.019992281775));
#7992 = CARTESIAN_POINT('',(6.28318530718,2.032628377695));
#7993 = ( GEOMETRIC_REPRESENTATION_CONTEXT(2) 
PARAMETRIC_REPRESENTATION_CONTEXT() REPRESENTATION_CONTEXT('2D SPACE',''
  ) );
#7994 = FACE_BOUND('',#7995,.T.);
#7995 = EDGE_LOOP('',(#7996));
#7996 = ORIENTED_EDGE('',*,*,#7997,.F.);
#7997 = EDGE_CURVE('',#7998,#7998,#8000,.T.);
#7998 = VERTEX_POINT('',#7999);
#7999 = CARTESIAN_POINT('',(-42.65631015586,4.280691487746,
    -18.34950638911));
#8000 = SURFACE_CURVE('',#8001,(#8064,#8130),.PCURVE_S1.);
#8001 = B_SPLINE_CURVE_WITH_KNOTS('',7,(#8002,#8003,#8004,#8005,#8006,
    #8007,#8008,#8009,#8010,#8011,#8012,#8013,#8014,#8015,#8016,#8017,
    #8018,#8019,#8020,#8021,#8022,#8023,#8024,#8025,#8026,#8027,#8028,
    #8029,#8030,#8031,#8032,#8033,#8034,#8035,#8036,#8037,#8038,#8039,
    #8040,#8041,#8042,#8043,#8044,#8045,#8046,#8047,#8048,#8049,#8050,
    #8051,#8052,#8053,#8054,#8055,#8056,#8057,#8058,#8059,#8060,#8061,
    #8062,#8063),.UNSPECIFIED.,.T.,.F.,(8,6,6,6,6,6,6,6,6,6,8),(0.,
    4.785369588262E-02,0.11369623399,0.191851566741,0.323492248556,
    0.445213984506,0.556908901673,0.694382930983,0.822039827446,
    0.916041176755,1.),.UNSPECIFIED.);
#8002 = CARTESIAN_POINT('',(-42.65631015586,4.280691487746,
    -18.34950638911));
#8003 = CARTESIAN_POINT('',(-42.65423601985,4.273846838922,
    -18.47334221925));
#8004 = CARTESIAN_POINT('',(-42.65856691566,4.26441184574,
    -18.59505004192));
#8005 = CARTESIAN_POINT('',(-42.66893860155,4.252649037871,
    -18.7142649661));
#8006 = CARTESIAN_POINT('',(-42.68498748981,4.238817195248,
    -18.83066618062));
#8007 = CARTESIAN_POINT('',(-42.70634944391,4.223168050793,
    -18.94397580303));
#8008 = CARTESIAN_POINT('',(-42.73265857581,4.205942993146,
    -19.05395772832));
#8009 = CARTESIAN_POINT('',(-42.80604452127,4.161814623227,
    -19.30689449047));
#8010 = CARTESIAN_POINT('',(-42.8572528947,4.133681768541,
    -19.44684802692));
#8011 = CARTESIAN_POINT('',(-42.91633871868,4.103499415932,
    -19.5800696797));
#8012 = CARTESIAN_POINT('',(-42.98258057274,4.07171182006,
    -19.70644129506));
#8013 = CARTESIAN_POINT('',(-43.05535652026,4.038689127558,
    -19.82590647924));
#8014 = CARTESIAN_POINT('',(-43.13413256799,4.004737224943,
    -19.93844310464));
#8015 = CARTESIAN_POINT('',(-43.31853756098,3.929002079484,
    -20.16937474952));
#8016 = CARTESIAN_POINT('',(-43.42645037654,3.88693476339,
    -20.28495170969));
#8017 = CARTESIAN_POINT('',(-43.54142188146,3.844329385225,
    -20.39072652639));
#8018 = CARTESIAN_POINT('',(-43.66280687957,3.801513419046,
    -20.48665482568));
#8019 = CARTESIAN_POINT('',(-43.79005401196,3.758738852118,
    -20.57266486703));
#8020 = CARTESIAN_POINT('',(-43.92267701066,3.7161981625,-20.64863399987
    ));
#8021 = CARTESIAN_POINT('',(-44.29190582838,3.603018923825,
    -20.82507809822));
#8022 = CARTESIAN_POINT('',(-44.53724636035,3.533170870264,
    -20.90659590979));
#8023 = CARTESIAN_POINT('',(-44.79423417977,3.465112774009,
    -20.9582089042));
#8024 = CARTESIAN_POINT('',(-45.06094439927,3.399158690863,
    -20.97835881558));
#8025 = CARTESIAN_POINT('',(-45.33508755242,3.335438918084,
    -20.96465772432));
#8026 = CARTESIAN_POINT('',(-45.61340914865,3.273883536583,
    -20.91385810388));
#8027 = CARTESIAN_POINT('',(-46.14718210451,3.159224573884,
    -20.73677062416));
#8028 = CARTESIAN_POINT('',(-46.40989254405,3.104304949408,
    -20.61409840873));
#8029 = CARTESIAN_POINT('',(-46.66787345445,3.051046525227,
    -20.44931342696));
#8030 = CARTESIAN_POINT('',(-46.90991841352,3.000111265457,
    -20.2412570318));
#8031 = CARTESIAN_POINT('',(-47.12510607106,2.951719781639,
    -19.99165206898));
#8032 = CARTESIAN_POINT('',(-47.30337313275,2.906584154794,
    -19.70464186453));
#8033 = CARTESIAN_POINT('',(-47.55723634583,2.829655908405,
    -19.09485729816));
#8034 = CARTESIAN_POINT('',(-47.63383963307,2.79896158038,-18.7919663559
    ));
#8035 = CARTESIAN_POINT('',(-47.66619914393,2.774843050648,
    -18.4867649066));
#8036 = CARTESIAN_POINT('',(-47.65708708967,2.758170757972,
    -18.18763342573));
#8037 = CARTESIAN_POINT('',(-47.61136960528,2.74986994391,
    -17.90223948288));
#8038 = CARTESIAN_POINT('',(-47.53590583317,2.750135553745,
    -17.63707760871));
#8039 = CARTESIAN_POINT('',(-47.32087926292,2.767614561212,
    -17.10152929305));
#8040 = CARTESIAN_POINT('',(-47.16704237581,2.789009735678,
    -16.83534342499));
#8041 = CARTESIAN_POINT('',(-46.98631356157,2.821912097345,
    -16.59972247168));
#8042 = CARTESIAN_POINT('',(-46.78442902101,2.865962382957,
    -16.39475938934));
#8043 = CARTESIAN_POINT('',(-46.56541903485,2.920661267494,
    -16.22037197396));
#8044 = CARTESIAN_POINT('',(-46.33217708981,2.985493229709,
    -16.07684528227));
#8045 = CARTESIAN_POINT('',(-45.85900165594,3.128879724822,
    -15.86176553961));
#8046 = CARTESIAN_POINT('',(-45.62126582663,3.20596308555,
    -15.78604617274));
#8047 = CARTESIAN_POINT('',(-45.37545727717,3.290517155711,
    -15.73888413471));
#8048 = CARTESIAN_POINT('',(-45.12322621948,3.38177077829,
    -15.72177436342));
#8049 = CARTESIAN_POINT('',(-44.86642848509,3.478618035486,
    -15.73696862821));
#8050 = CARTESIAN_POINT('',(-44.60756621775,3.579307240841,
    -15.78749682674));
#8051 = CARTESIAN_POINT('',(-44.16125310608,3.755955685561,
    -15.94319270997));
#8052 = CARTESIAN_POINT('',(-43.97133357572,3.832083197086,
    -16.0310135479));
#8053 = CARTESIAN_POINT('',(-43.78386784485,3.90772573073,
    -16.14228198994));
#8054 = CARTESIAN_POINT('',(-43.60217773772,3.980867956438,
    -16.27808147657));
#8055 = CARTESIAN_POINT('',(-43.42980054962,4.049247559837,
    -16.43895116783));
#8056 = CARTESIAN_POINT('',(-43.27057800754,4.11046913054,
    -16.62485114301));
#8057 = CARTESIAN_POINT('',(-43.00224578597,4.208333448069,
    -17.02282256554));
#8058 = CARTESIAN_POINT('',(-42.89111233758,4.246351476988,
    -17.22773259619));
#8059 = CARTESIAN_POINT('',(-42.79948233263,4.274289137792,
    -17.44614867418));
#8060 = CARTESIAN_POINT('',(-42.72996536608,4.29110912459,
    -17.67321587919));
#8061 = CARTESIAN_POINT('',(-42.68366553403,4.296897933968,
    -17.90335805433));
#8062 = CARTESIAN_POINT('',(-42.65997471713,4.292784539919,
    -18.13071457185));
#8063 = CARTESIAN_POINT('',(-42.65631015586,4.280691487746,
    -18.34950638911));
#8064 = PCURVE('',#573,#8065);
#8065 = DEFINITIONAL_REPRESENTATION('',(#8066),#8129);
#8066 = B_SPLINE_CURVE_WITH_KNOTS('',7,(#8067,#8068,#8069,#8070,#8071,
    #8072,#8073,#8074,#8075,#8076,#8077,#8078,#8079,#8080,#8081,#8082,
    #8083,#8084,#8085,#8086,#8087,#8088,#8089,#8090,#8091,#8092,#8093,
    #8094,#8095,#8096,#8097,#8098,#8099,#8100,#8101,#8102,#8103,#8104,
    #8105,#8106,#8107,#8108,#8109,#8110,#8111,#8112,#8113,#8114,#8115,
    #8116,#8117,#8118,#8119,#8120,#8121,#8122,#8123,#8124,#8125,#8126,
    #8127,#8128),.UNSPECIFIED.,.F.,.F.,(8,6,6,6,6,6,6,6,6,6,8),(0.,
    4.785369588262E-02,0.11369623399,0.191851566741,0.323492248556,
    0.445213984506,0.556908901673,0.694382930983,0.822039827446,
    0.916041176755,1.),.UNSPECIFIED.);
#8067 = CARTESIAN_POINT('',(4.654991940831,43.615817090259));
#8068 = CARTESIAN_POINT('',(4.661887797975,43.665215489312));
#8069 = CARTESIAN_POINT('',(4.668501965878,43.720074844571));
#8070 = CARTESIAN_POINT('',(4.674824437794,43.779860131268));
#8071 = CARTESIAN_POINT('',(4.680847418182,43.844055479311));
#8072 = CARTESIAN_POINT('',(4.686565312939,43.912163535401));
#8073 = CARTESIAN_POINT('',(4.691974719638,43.983704825164));
#8074 = CARTESIAN_POINT('',(4.704091160412,44.160739568546));
#8075 = CARTESIAN_POINT('',(4.710528545374,44.268988570035));
#8076 = CARTESIAN_POINT('',(4.716396814667,44.382010373667));
#8077 = CARTESIAN_POINT('',(4.721707932009,44.499006596985));
#8078 = CARTESIAN_POINT('',(4.726474486901,44.619310507178));
#8079 = CARTESIAN_POINT('',(4.730708598695,44.742363307113));
#8080 = CARTESIAN_POINT('',(4.738827241687,45.016454162837));
#8081 = CARTESIAN_POINT('',(4.742499101861,45.168447923771));
#8082 = CARTESIAN_POINT('',(4.745453280064,45.322869277001));
#8083 = CARTESIAN_POINT('',(4.747703234094,45.479047220345));
#8084 = CARTESIAN_POINT('',(4.749258596467,45.63640225978));
#8085 = CARTESIAN_POINT('',(4.750124670147,45.794407541558));
#8086 = CARTESIAN_POINT('',(4.750600213111,46.218919511743));
#8087 = CARTESIAN_POINT('',(4.748943782438,46.485319381108));
#8088 = CARTESIAN_POINT('',(4.745343795757,46.749535623444));
#8089 = CARTESIAN_POINT('',(4.739763380765,47.009173872059));
#8090 = CARTESIAN_POINT('',(4.732129821631,47.261237728128));
#8091 = CARTESIAN_POINT('',(4.722347327603,47.501594247302));
#8092 = CARTESIAN_POINT('',(4.699190227772,47.92987664555));
#8093 = CARTESIAN_POINT('',(4.685833122174,48.126098222824));
#8094 = CARTESIAN_POINT('',(4.670268266736,48.300928584868));
#8095 = CARTESIAN_POINT('',(4.652706489305,48.44389491634));
#8096 = CARTESIAN_POINT('',(4.633501461693,48.546041382018));
#8097 = CARTESIAN_POINT('',(4.613109745876,48.6));
#8098 = CARTESIAN_POINT('',(4.572807777176,48.6));
#8099 = CARTESIAN_POINT('',(4.553986925218,48.554564697489));
#8100 = CARTESIAN_POINT('',(4.536095790679,48.467631315874));
#8101 = CARTESIAN_POINT('',(4.51953260004,48.344744217457));
#8102 = CARTESIAN_POINT('',(4.504618355184,48.19298640697));
#8103 = CARTESIAN_POINT('',(4.491564567929,48.020916206079));
#8104 = CARTESIAN_POINT('',(4.466744326402,47.613932355057));
#8105 = CARTESIAN_POINT('',(4.455566285511,47.367055515459));
#8106 = CARTESIAN_POINT('',(4.446792334002,47.105710974417));
#8107 = CARTESIAN_POINT('',(4.440304853881,46.835065357296));
#8108 = CARTESIAN_POINT('',(4.436010268409,46.558755574923));
#8109 = CARTESIAN_POINT('',(4.433857883318,46.279571712981));
#8110 = CARTESIAN_POINT('',(4.433857883318,45.740392731654));
#8111 = CARTESIAN_POINT('',(4.435713859866,45.481055528444));
#8112 = CARTESIAN_POINT('',(4.439419188783,45.224038688746));
#8113 = CARTESIAN_POINT('',(4.445010365717,44.971591825673));
#8114 = CARTESIAN_POINT('',(4.452556024572,44.726535927405));
#8115 = CARTESIAN_POINT('',(4.462145229142,44.492741305694));
#8116 = CARTESIAN_POINT('',(4.48250502599,44.116194040043));
#8117 = CARTESIAN_POINT('',(4.492372199943,43.964310467333));
#8118 = CARTESIAN_POINT('',(4.503476520697,43.824062588506));
#8119 = CARTESIAN_POINT('',(4.515782743416,43.699333720448));
#8120 = CARTESIAN_POINT('',(4.529220409934,43.594044841241));
#8121 = CARTESIAN_POINT('',(4.543681990919,43.512188491895));
#8122 = CARTESIAN_POINT('',(4.572709802372,43.409430321382));
#8123 = CARTESIAN_POINT('',(4.586936136356,43.383530029634));
#8124 = CARTESIAN_POINT('',(4.601387206483,43.382813983987));
#8125 = CARTESIAN_POINT('',(4.615730967798,43.407911542919));
#8126 = CARTESIAN_POINT('',(4.629638546562,43.457544300365));
#8127 = CARTESIAN_POINT('',(4.642808414348,43.52854052833));
#8128 = CARTESIAN_POINT('',(4.654991940831,43.615817090259));
#8129 = ( GEOMETRIC_REPRESENTATION_CONTEXT(2) 
PARAMETRIC_REPRESENTATION_CONTEXT() REPRESENTATION_CONTEXT('2D SPACE',''
  ) );
#8130 = PCURVE('',#8131,#8136);
#8131 = CYLINDRICAL_SURFACE('',#8132,2.6);
#8132 = AXIS2_PLACEMENT_3D('',#8133,#8134,#8135);
#8133 = CARTESIAN_POINT('',(-35.00377724332,-29.93795574143,
    -18.34950638911));
#8134 = DIRECTION('',(-0.290007395283,0.957024404433,0.));
#8135 = DIRECTION('',(0.957024404433,0.290007395283,0.));
#8136 = DEFINITIONAL_REPRESENTATION('',(#8137),#8200);
#8137 = B_SPLINE_CURVE_WITH_KNOTS('',7,(#8138,#8139,#8140,#8141,#8142,
    #8143,#8144,#8145,#8146,#8147,#8148,#8149,#8150,#8151,#8152,#8153,
    #8154,#8155,#8156,#8157,#8158,#8159,#8160,#8161,#8162,#8163,#8164,
    #8165,#8166,#8167,#8168,#8169,#8170,#8171,#8172,#8173,#8174,#8175,
    #8176,#8177,#8178,#8179,#8180,#8181,#8182,#8183,#8184,#8185,#8186,
    #8187,#8188,#8189,#8190,#8191,#8192,#8193,#8194,#8195,#8196,#8197,
    #8198,#8199),.UNSPECIFIED.,.F.,.F.,(8,6,6,6,6,6,6,6,6,6,8),(0.,
    4.785369588262E-02,0.11369623399,0.191851566741,0.323492248556,
    0.445213984506,0.556908901673,0.694382930983,0.822039827446,
    0.916041176755,1.),.UNSPECIFIED.);
#8138 = CARTESIAN_POINT('',(0.,34.967371622305));
#8139 = CARTESIAN_POINT('',(4.76291654398E-02,34.96021961156));
#8140 = CARTESIAN_POINT('',(9.44399620433E-02,34.95244608464));
#8141 = CARTESIAN_POINT('',(0.140468138828,34.944196656056));
#8142 = CARTESIAN_POINT('',(0.185740046209,34.935613541386));
#8143 = CARTESIAN_POINT('',(0.230274509831,34.926832052901));
#8144 = CARTESIAN_POINT('',(0.274084704403,34.91797709518));
#8145 = CARTESIAN_POINT('',(0.376475457119,34.897027635133));
#8146 = CARTESIAN_POINT('',(0.434476666466,34.884954613628));
#8147 = CARTESIAN_POINT('',(0.491332694456,34.873204691509));
#8148 = CARTESIAN_POINT('',(0.547178129191,34.861993814056));
#8149 = CARTESIAN_POINT('',(0.602137827801,34.85149585441));
#8150 = CARTESIAN_POINT('',(0.656331636265,34.841848691445));
#8151 = CARTESIAN_POINT('',(0.773440154825,34.82284712066));
#8152 = CARTESIAN_POINT('',(0.836101059486,34.813883187087));
#8153 = CARTESIAN_POINT('',(0.898054228671,34.806451387098));
#8154 = CARTESIAN_POINT('',(0.95947491606,34.800678009694));
#8155 = CARTESIAN_POINT('',(1.020531420918,34.796644314676));
#8156 = CARTESIAN_POINT('',(1.081391676192,34.794393486935));
#8157 = CARTESIAN_POINT('',(1.244692706683,34.79315728114));
#8158 = CARTESIAN_POINT('',(1.3469474513,34.797461557915));
#8159 = CARTESIAN_POINT('',(1.44989874281,34.806856667008));
#8160 = CARTESIAN_POINT('',(1.554341361048,34.821084935917));
#8161 = CARTESIAN_POINT('',(1.66112514057,34.839607100104));
#8162 = CARTESIAN_POINT('',(1.771117504875,34.861412418956));
#8163 = CARTESIAN_POINT('',(1.991186488158,34.906479098068));
#8164 = CARTESIAN_POINT('',(2.103566298749,34.930107647445));
#8165 = CARTESIAN_POINT('',(2.221057344631,34.953954407621));
#8166 = CARTESIAN_POINT('',(2.34283204627,34.975402949094));
#8167 = CARTESIAN_POINT('',(2.468489760171,34.991497130177));
#8168 = CARTESIAN_POINT('',(2.597898561398,35.));
#8169 = CARTESIAN_POINT('',(2.853661055071,35.));
#8170 = CARTESIAN_POINT('',(2.973100881261,34.992840298806));
#8171 = CARTESIAN_POINT('',(3.089561643077,34.97914277471));
#8172 = CARTESIAN_POINT('',(3.20279882676,34.96054442062));
#8173 = CARTESIAN_POINT('',(3.312355627281,34.939341930418));
#8174 = CARTESIAN_POINT('',(3.417437830555,34.917711073526));
#8175 = CARTESIAN_POINT('',(3.63880786201,34.872079614681));
#8176 = CARTESIAN_POINT('',(3.755688480105,34.847941483853));
#8177 = CARTESIAN_POINT('',(3.868700824511,34.827017154261));
#8178 = CARTESIAN_POINT('',(3.978858486899,34.810626342858));
#8179 = CARTESIAN_POINT('',(4.087163891142,34.799459994627));
#8180 = CARTESIAN_POINT('',(4.194541914751,34.793863875705));
#8181 = CARTESIAN_POINT('',(4.40191844603,34.793863875705));
#8182 = CARTESIAN_POINT('',(4.50166332643,34.798689384474));
#8183 = CARTESIAN_POINT('',(4.602142809169,34.808323395944));
#8184 = CARTESIAN_POINT('',(4.704098603528,34.822506467696));
#8185 = CARTESIAN_POINT('',(4.808321060696,34.84071841427));
#8186 = CARTESIAN_POINT('',(4.915620782619,34.86200846917));
#8187 = CARTESIAN_POINT('',(5.109106142392,34.901631238775));
#8188 = CARTESIAN_POINT('',(5.194109352399,34.91940905684));
#8189 = CARTESIAN_POINT('',(5.281893872916,34.937434359237));
#8190 = CARTESIAN_POINT('',(5.372411506155,34.954741779517));
#8191 = CARTESIAN_POINT('',(5.465710748616,34.970192069408));
#8192 = CARTESIAN_POINT('',(5.561945029853,34.98260689195));
#8193 = CARTESIAN_POINT('',(5.750253423919,34.998447103501));
#8194 = CARTESIAN_POINT('',(5.84061236381,35.002601763086));
#8195 = CARTESIAN_POINT('',(5.931502855636,35.002765407214));
#8196 = CARTESIAN_POINT('',(6.022100571678,34.998702110664));
#8197 = CARTESIAN_POINT('',(6.111589739004,34.990814848817));
#8198 = CARTESIAN_POINT('',(6.199034608233,34.980007718225));
#8199 = CARTESIAN_POINT('',(6.28318530718,34.967371622305));
#8200 = ( GEOMETRIC_REPRESENTATION_CONTEXT(2) 
PARAMETRIC_REPRESENTATION_CONTEXT() REPRESENTATION_CONTEXT('2D SPACE',''
  ) );
#8201 = ADVANCED_FACE('',(#8202,#8517,#8706),#412,.T.);
#8202 = FACE_BOUND('',#8203,.T.);
#8203 = EDGE_LOOP('',(#8204,#8205,#8239,#8262,#8289,#8290,#8320,#8352,
    #8353,#8354,#8515,#8516));
#8204 = ORIENTED_EDGE('',*,*,#256,.T.);
#8205 = ORIENTED_EDGE('',*,*,#8206,.T.);
#8206 = EDGE_CURVE('',#159,#8207,#8209,.T.);
#8207 = VERTEX_POINT('',#8208);
#8208 = CARTESIAN_POINT('',(-5.723349907804,-2.582126425291,
    29.571848767383));
#8209 = SURFACE_CURVE('',#8210,(#8215,#8227),.PCURVE_S1.);
#8210 = ELLIPSE('',#8211,30.252993363823,16.5);
#8211 = AXIS2_PLACEMENT_3D('',#8212,#8213,#8214);
#8212 = CARTESIAN_POINT('',(0.,0.,0.));
#8213 = DIRECTION('',(-0.975931189857,-9.344941888654E-02,
    -0.197041921364));
#8214 = DIRECTION('',(-0.191943992144,-6.080751024524E-02,0.979520265527
    ));
#8215 = PCURVE('',#412,#8216);
#8216 = DEFINITIONAL_REPRESENTATION('',(#8217),#8226);
#8217 = B_SPLINE_CURVE_WITH_KNOTS('',7,(#8218,#8219,#8220,#8221,#8222,
    #8223,#8224,#8225),.UNSPECIFIED.,.F.,.F.,(8,8),(5.250241788976,
    6.237770653271),.PIECEWISE_BEZIER_KNOTS.);
#8218 = CARTESIAN_POINT('',(5.295656442885,12.990380456765));
#8219 = CARTESIAN_POINT('',(5.436731994927,16.062601844947));
#8220 = CARTESIAN_POINT('',(5.577807546968,18.83319414841));
#8221 = CARTESIAN_POINT('',(5.718883099014,21.202294166747));
#8222 = CARTESIAN_POINT('',(5.859958651051,23.084717920481));
#8223 = CARTESIAN_POINT('',(6.001034203096,24.418187223438));
#8224 = CARTESIAN_POINT('',(6.142109755138,25.168767595857));
#8225 = CARTESIAN_POINT('',(6.28318530718,25.331173493629));
#8226 = ( GEOMETRIC_REPRESENTATION_CONTEXT(2) 
PARAMETRIC_REPRESENTATION_CONTEXT() REPRESENTATION_CONTEXT('2D SPACE',''
  ) );
#8227 = PCURVE('',#244,#8228);
#8228 = DEFINITIONAL_REPRESENTATION('',(#8229),#8238);
#8229 = B_SPLINE_CURVE_WITH_KNOTS('',7,(#8230,#8231,#8232,#8233,#8234,
    #8235,#8236,#8237),.UNSPECIFIED.,.F.,.F.,(8,8),(5.250241788976,
    6.237770653271),.PIECEWISE_BEZIER_KNOTS.);
#8230 = CARTESIAN_POINT('',(4.286259919966,12.990380456765));
#8231 = CARTESIAN_POINT('',(4.145184367924,16.062601844947));
#8232 = CARTESIAN_POINT('',(4.004108815883,18.833194148414));
#8233 = CARTESIAN_POINT('',(3.863033263838,21.202294166758));
#8234 = CARTESIAN_POINT('',(3.7219577118,23.084717920485));
#8235 = CARTESIAN_POINT('',(3.580882159755,24.418187223434));
#8236 = CARTESIAN_POINT('',(3.439806607714,25.168767595857));
#8237 = CARTESIAN_POINT('',(3.298731055672,25.331173493629));
#8238 = ( GEOMETRIC_REPRESENTATION_CONTEXT(2) 
PARAMETRIC_REPRESENTATION_CONTEXT() REPRESENTATION_CONTEXT('2D SPACE',''
  ) );
#8239 = ORIENTED_EDGE('',*,*,#8240,.T.);
#8240 = EDGE_CURVE('',#8207,#8241,#8243,.T.);
#8241 = VERTEX_POINT('',#8242);
#8242 = CARTESIAN_POINT('',(-31.14057395888,-6.319953491627,
    55.736638231731));
#8243 = SEAM_CURVE('',#8244,(#8248,#8255),.PCURVE_S1.);
#8244 = LINE('',#8245,#8246);
#8245 = CARTESIAN_POINT('',(11.835109784177,0.,11.496963790344));
#8246 = VECTOR('',#8247,1.);
#8247 = DIRECTION('',(-0.693156189404,-0.101934733736,0.713543136151));
#8248 = PCURVE('',#412,#8249);
#8249 = DEFINITIONAL_REPRESENTATION('',(#8250),#8254);
#8250 = LINE('',#8251,#8252);
#8251 = CARTESIAN_POINT('',(0.,-0.));
#8252 = VECTOR('',#8253,1.);
#8253 = DIRECTION('',(0.,1.));
#8254 = ( GEOMETRIC_REPRESENTATION_CONTEXT(2) 
PARAMETRIC_REPRESENTATION_CONTEXT() REPRESENTATION_CONTEXT('2D SPACE',''
  ) );
#8255 = PCURVE('',#412,#8256);
#8256 = DEFINITIONAL_REPRESENTATION('',(#8257),#8261);
#8257 = LINE('',#8258,#8259);
#8258 = CARTESIAN_POINT('',(6.28318530718,-0.));
#8259 = VECTOR('',#8260,1.);
#8260 = DIRECTION('',(0.,1.));
#8261 = ( GEOMETRIC_REPRESENTATION_CONTEXT(2) 
PARAMETRIC_REPRESENTATION_CONTEXT() REPRESENTATION_CONTEXT('2D SPACE',''
  ) );
#8262 = ORIENTED_EDGE('',*,*,#8263,.F.);
#8263 = EDGE_CURVE('',#8241,#8241,#8264,.T.);
#8264 = SURFACE_CURVE('',#8265,(#8270,#8277),.PCURVE_S1.);
#8265 = CIRCLE('',#8266,16.5);
#8266 = AXIS2_PLACEMENT_3D('',#8267,#8268,#8269);
#8267 = CARTESIAN_POINT('',(-42.97568374306,-6.319953491627,
    44.239674441388));
#8268 = DIRECTION('',(-0.693156189404,-0.101934733736,0.713543136151));
#8269 = DIRECTION('',(0.717279380859,-6.938893903907E-18,0.696785684263)
  );
#8270 = PCURVE('',#412,#8271);
#8271 = DEFINITIONAL_REPRESENTATION('',(#8272),#8276);
#8272 = LINE('',#8273,#8274);
#8273 = CARTESIAN_POINT('',(0.,62.));
#8274 = VECTOR('',#8275,1.);
#8275 = DIRECTION('',(1.,0.));
#8276 = ( GEOMETRIC_REPRESENTATION_CONTEXT(2) 
PARAMETRIC_REPRESENTATION_CONTEXT() REPRESENTATION_CONTEXT('2D SPACE',''
  ) );
#8277 = PCURVE('',#8278,#8283);
#8278 = PLANE('',#8279);
#8279 = AXIS2_PLACEMENT_3D('',#8280,#8281,#8282);
#8280 = CARTESIAN_POINT('',(-42.97568374306,-6.319953491627,
    44.239674441388));
#8281 = DIRECTION('',(-0.693156189404,-0.101934733736,0.713543136151));
#8282 = DIRECTION('',(0.717279380859,6.938893903907E-18,0.696785684263)
  );
#8283 = DEFINITIONAL_REPRESENTATION('',(#8284),#8288);
#8284 = CIRCLE('',#8285,16.5);
#8285 = AXIS2_PLACEMENT_2D('',#8286,#8287);
#8286 = CARTESIAN_POINT('',(0.,0.));
#8287 = DIRECTION('',(1.,-6.938893903907E-18));
#8288 = ( GEOMETRIC_REPRESENTATION_CONTEXT(2) 
PARAMETRIC_REPRESENTATION_CONTEXT() REPRESENTATION_CONTEXT('2D SPACE',''
  ) );
#8289 = ORIENTED_EDGE('',*,*,#8240,.F.);
#8290 = ORIENTED_EDGE('',*,*,#8291,.T.);
#8291 = EDGE_CURVE('',#8207,#8292,#8294,.T.);
#8292 = VERTEX_POINT('',#8293);
#8293 = CARTESIAN_POINT('',(-5.806880320544,-1.83960920392,
    29.633420092714));
#8294 = SURFACE_CURVE('',#8295,(#8300,#8310),.PCURVE_S1.);
#8295 = ELLIPSE('',#8296,30.252993363823,16.5);
#8296 = AXIS2_PLACEMENT_3D('',#8297,#8298,#8299);
#8297 = CARTESIAN_POINT('',(0.,0.,0.));
#8298 = DIRECTION('',(-0.975931189857,-9.344941888654E-02,
    -0.197041921364));
#8299 = DIRECTION('',(-0.191943992144,-6.080751024524E-02,0.979520265527
    ));
#8300 = PCURVE('',#412,#8301);
#8301 = DEFINITIONAL_REPRESENTATION('',(#8302),#8309);
#8302 = B_SPLINE_CURVE_WITH_KNOTS('',5,(#8303,#8304,#8305,#8306,#8307,
    #8308),.UNSPECIFIED.,.F.,.F.,(6,6),(6.237770653271,6.28318530718),
  .PIECEWISE_BEZIER_KNOTS.);
#8303 = CARTESIAN_POINT('',(-3.552713678801E-15,25.331173493629));
#8304 = CARTESIAN_POINT('',(9.082930781773E-03,25.341629745663));
#8305 = CARTESIAN_POINT('',(1.816586156356E-02,25.349473732103));
#8306 = CARTESIAN_POINT('',(2.724879234532E-02,25.354703655743));
#8307 = CARTESIAN_POINT('',(3.63317231271E-02,25.357318617542));
#8308 = CARTESIAN_POINT('',(4.541465390888E-02,25.357318617542));
#8309 = ( GEOMETRIC_REPRESENTATION_CONTEXT(2) 
PARAMETRIC_REPRESENTATION_CONTEXT() REPRESENTATION_CONTEXT('2D SPACE',''
  ) );
#8310 = PCURVE('',#244,#8311);
#8311 = DEFINITIONAL_REPRESENTATION('',(#8312),#8319);
#8312 = B_SPLINE_CURVE_WITH_KNOTS('',5,(#8313,#8314,#8315,#8316,#8317,
    #8318),.UNSPECIFIED.,.F.,.F.,(6,6),(6.237770653271,6.28318530718),
  .PIECEWISE_BEZIER_KNOTS.);
#8313 = CARTESIAN_POINT('',(3.298731055672,25.331173493629));
#8314 = CARTESIAN_POINT('',(3.28964812489,25.341629745663));
#8315 = CARTESIAN_POINT('',(3.280565194108,25.349473732103));
#8316 = CARTESIAN_POINT('',(3.271482263326,25.354703655743));
#8317 = CARTESIAN_POINT('',(3.262399332545,25.357318617542));
#8318 = CARTESIAN_POINT('',(3.253316401763,25.357318617542));
#8319 = ( GEOMETRIC_REPRESENTATION_CONTEXT(2) 
PARAMETRIC_REPRESENTATION_CONTEXT() REPRESENTATION_CONTEXT('2D SPACE',''
  ) );
#8320 = ORIENTED_EDGE('',*,*,#8321,.T.);
#8321 = EDGE_CURVE('',#8292,#5047,#8322,.T.);
#8322 = SURFACE_CURVE('',#8323,(#8328,#8340),.PCURVE_S1.);
#8323 = ELLIPSE('',#8324,30.252993363823,16.5);
#8324 = AXIS2_PLACEMENT_3D('',#8325,#8326,#8327);
#8325 = CARTESIAN_POINT('',(0.,0.,0.));
#8326 = DIRECTION('',(-0.975931189857,-9.344941888654E-02,
    -0.197041921364));
#8327 = DIRECTION('',(-0.191943992144,-6.080751024524E-02,0.979520265527
    ));
#8328 = PCURVE('',#412,#8329);
#8329 = DEFINITIONAL_REPRESENTATION('',(#8330),#8339);
#8330 = B_SPLINE_CURVE_WITH_KNOTS('',7,(#8331,#8332,#8333,#8334,#8335,
    #8336,#8337,#8338),.UNSPECIFIED.,.F.,.F.,(8,8),(0.,1.032943518203),
  .PIECEWISE_BEZIER_KNOTS.);
#8331 = CARTESIAN_POINT('',(4.541465390888E-02,25.357318617542));
#8332 = CARTESIAN_POINT('',(0.192978013652,25.357318617542));
#8333 = CARTESIAN_POINT('',(0.340541373395,24.713137597094));
#8334 = CARTESIAN_POINT('',(0.488104733139,23.424784545043));
#8335 = CARTESIAN_POINT('',(0.635668092882,21.526589891351));
#8336 = CARTESIAN_POINT('',(0.783231452626,19.087384959766));
#8337 = CARTESIAN_POINT('',(0.930794812369,16.203887711235));
#8338 = CARTESIAN_POINT('',(1.078358172112,12.990380456765));
#8339 = ( GEOMETRIC_REPRESENTATION_CONTEXT(2) 
PARAMETRIC_REPRESENTATION_CONTEXT() REPRESENTATION_CONTEXT('2D SPACE',''
  ) );
#8340 = PCURVE('',#244,#8341);
#8341 = DEFINITIONAL_REPRESENTATION('',(#8342),#8351);
#8342 = B_SPLINE_CURVE_WITH_KNOTS('',7,(#8343,#8344,#8345,#8346,#8347,
    #8348,#8349,#8350),.UNSPECIFIED.,.F.,.F.,(8,8),(0.,1.032943518203),
  .PIECEWISE_BEZIER_KNOTS.);
#8343 = CARTESIAN_POINT('',(3.253316401763,25.357318617542));
#8344 = CARTESIAN_POINT('',(3.10575304202,25.357318617542));
#8345 = CARTESIAN_POINT('',(2.958189682276,24.713137597092));
#8346 = CARTESIAN_POINT('',(2.810626322533,23.424784545055));
#8347 = CARTESIAN_POINT('',(2.663062962789,21.526589891346));
#8348 = CARTESIAN_POINT('',(2.515499603046,19.087384959764));
#8349 = CARTESIAN_POINT('',(2.367936243303,16.203887711235));
#8350 = CARTESIAN_POINT('',(2.22037288356,12.990380456765));
#8351 = ( GEOMETRIC_REPRESENTATION_CONTEXT(2) 
PARAMETRIC_REPRESENTATION_CONTEXT() REPRESENTATION_CONTEXT('2D SPACE',''
  ) );
#8352 = ORIENTED_EDGE('',*,*,#5046,.F.);
#8353 = ORIENTED_EDGE('',*,*,#5014,.F.);
#8354 = ORIENTED_EDGE('',*,*,#8355,.T.);
#8355 = EDGE_CURVE('',#4882,#7601,#8356,.T.);
#8356 = SURFACE_CURVE('',#8357,(#8362,#8369),.PCURVE_S1.);
#8357 = CIRCLE('',#8358,16.5);
#8358 = AXIS2_PLACEMENT_3D('',#8359,#8360,#8361);
#8359 = CARTESIAN_POINT('',(-9.004363032217,-1.32417103415,
    9.269197239047));
#8360 = DIRECTION('',(-0.693156189404,-0.101934733736,0.713543136151));
#8361 = DIRECTION('',(-0.717279380859,-6.938893903907E-18,
    -0.696785684263));
#8362 = PCURVE('',#412,#8363);
#8363 = DEFINITIONAL_REPRESENTATION('',(#8364),#8368);
#8364 = LINE('',#8365,#8366);
#8365 = CARTESIAN_POINT('',(-3.14159265359,12.990381056767));
#8366 = VECTOR('',#8367,1.);
#8367 = DIRECTION('',(1.,0.));
#8368 = ( GEOMETRIC_REPRESENTATION_CONTEXT(2) 
PARAMETRIC_REPRESENTATION_CONTEXT() REPRESENTATION_CONTEXT('2D SPACE',''
  ) );
#8369 = PCURVE('',#4898,#8370);
#8370 = DEFINITIONAL_REPRESENTATION('',(#8371),#8514);
#8371 = B_SPLINE_CURVE_WITH_KNOTS('',8,(#8372,#8373,#8374,#8375,#8376,
    #8377,#8378,#8379,#8380,#8381,#8382,#8383,#8384,#8385,#8386,#8387,
    #8388,#8389,#8390,#8391,#8392,#8393,#8394,#8395,#8396,#8397,#8398,
    #8399,#8400,#8401,#8402,#8403,#8404,#8405,#8406,#8407,#8408,#8409,
    #8410,#8411,#8412,#8413,#8414,#8415,#8416,#8417,#8418,#8419,#8420,
    #8421,#8422,#8423,#8424,#8425,#8426,#8427,#8428,#8429,#8430,#8431,
    #8432,#8433,#8434,#8435,#8436,#8437,#8438,#8439,#8440,#8441,#8442,
    #8443,#8444,#8445,#8446,#8447,#8448,#8449,#8450,#8451,#8452,#8453,
    #8454,#8455,#8456,#8457,#8458,#8459,#8460,#8461,#8462,#8463,#8464,
    #8465,#8466,#8467,#8468,#8469,#8470,#8471,#8472,#8473,#8474,#8475,
    #8476,#8477,#8478,#8479,#8480,#8481,#8482,#8483,#8484,#8485,#8486,
    #8487,#8488,#8489,#8490,#8491,#8492,#8493,#8494,#8495,#8496,#8497,
    #8498,#8499,#8500,#8501,#8502,#8503,#8504,#8505,#8506,#8507,#8508,
    #8509,#8510,#8511,#8512,#8513),.UNSPECIFIED.,.F.,.F.,(9,7,7,7,7,7,7,
    7,7,7,7,7,7,7,7,7,7,7,7,7,9),(3.222353424487,3.319266307866,
    3.414664927443,3.508572943589,3.693454350375,3.8725582132,
    4.219571947423,4.870222699092,5.439542106801,5.937696588547,
    6.373581760075,7.136380810249,7.708480097879,8.137554563601,
    8.459360412893,8.700714799862,8.881730590089,9.153254275429,
    9.289016118099,9.356897039434,9.424777960769),.UNSPECIFIED.);
#8372 = CARTESIAN_POINT('',(0.,1.441981919712));
#8373 = CARTESIAN_POINT('',(7.34695703389E-02,1.443216768333));
#8374 = CARTESIAN_POINT('',(0.148457820641,1.443746557112));
#8375 = CARTESIAN_POINT('',(0.22401050166,1.443544182769));
#8376 = CARTESIAN_POINT('',(0.298995937727,1.442602305341));
#8377 = CARTESIAN_POINT('',(0.372230861788,1.440940507345));
#8378 = CARTESIAN_POINT('',(0.442843284143,1.438602643571));
#8379 = CARTESIAN_POINT('',(0.510278242071,1.435642605856));
#8380 = CARTESIAN_POINT('',(0.637202028745,1.428648832618));
#8381 = CARTESIAN_POINT('',(0.696798605775,1.424632591064));
#8382 = CARTESIAN_POINT('',(0.75274737118,1.420124509856));
#8383 = CARTESIAN_POINT('',(0.805010916668,1.415183064988));
#8384 = CARTESIAN_POINT('',(0.85373997093,1.409862910117));
#8385 = CARTESIAN_POINT('',(0.89915506061,1.404211967717));
#8386 = CARTESIAN_POINT('',(0.941509288107,1.398271861967));
#8387 = CARTESIAN_POINT('',(1.019988562377,1.38598155047));
#8388 = CARTESIAN_POINT('',(1.056200601949,1.37963920253));
#8389 = CARTESIAN_POINT('',(1.089937817153,1.373085372919));
#8390 = CARTESIAN_POINT('',(1.121446526193,1.366348631153));
#8391 = CARTESIAN_POINT('',(1.150953196442,1.359452708202));
#8392 = CARTESIAN_POINT('',(1.178659411081,1.352417416714));
#8393 = CARTESIAN_POINT('',(1.204744510318,1.345259514123));
#8394 = CARTESIAN_POINT('',(1.277840287334,1.32368770598));
#8395 = CARTESIAN_POINT('',(1.320642384968,1.308962075316));
#8396 = CARTESIAN_POINT('',(1.358977807488,1.29392490619));
#8397 = CARTESIAN_POINT('',(1.393732008408,1.278647054488));
#8398 = CARTESIAN_POINT('',(1.42554582206,1.263179535489));
#8399 = CARTESIAN_POINT('',(1.454916232451,1.247560593657));
#8400 = CARTESIAN_POINT('',(1.482227179042,1.231819897211));
#8401 = CARTESIAN_POINT('',(1.532545260131,1.200637194036));
#8402 = CARTESIAN_POINT('',(1.55566019092,1.185201226166));
#8403 = CARTESIAN_POINT('',(1.577409011759,1.169694622927));
#8404 = CARTESIAN_POINT('',(1.598001300043,1.154133552704));
#8405 = CARTESIAN_POINT('',(1.617601923693,1.138530935444));
#8406 = CARTESIAN_POINT('',(1.636344401038,1.122897479844));
#8407 = CARTESIAN_POINT('',(1.654338200812,1.107242199953));
#8408 = CARTESIAN_POINT('',(1.705264829799,1.061213629299));
#8409 = CARTESIAN_POINT('',(1.736388126144,1.030801724703));
#8410 = CARTESIAN_POINT('',(1.765710417653,1.000393872574));
#8411 = CARTESIAN_POINT('',(1.793643585896,0.970029432759));
#8412 = CARTESIAN_POINT('',(1.820491748346,0.939741140059));
#8413 = CARTESIAN_POINT('',(1.846480465147,0.909556987539));
#8414 = CARTESIAN_POINT('',(1.871788626689,0.879502595672));
#8415 = CARTESIAN_POINT('',(1.943005843921,0.793538437718));
#8416 = CARTESIAN_POINT('',(1.987564291682,0.738015625791));
#8417 = CARTESIAN_POINT('',(2.031181799009,0.683192164483));
#8418 = CARTESIAN_POINT('',(2.074384784484,0.629208540425));
#8419 = CARTESIAN_POINT('',(2.117591013127,0.576210208964));
#8420 = CARTESIAN_POINT('',(2.16111521152,0.52435004672));
#8421 = CARTESIAN_POINT('',(2.20522916698,0.47379505514));
#8422 = CARTESIAN_POINT('',(2.289475259376,0.381793776481));
#8423 = CARTESIAN_POINT('',(2.329415905226,0.339998828026));
#8424 = CARTESIAN_POINT('',(2.370135222421,0.299465128232));
#8425 = CARTESIAN_POINT('',(2.411762240079,0.260324176492));
#8426 = CARTESIAN_POINT('',(2.454407918975,0.222717766467));
#8427 = CARTESIAN_POINT('',(2.498164080355,0.186798223799));
#8428 = CARTESIAN_POINT('',(2.543098225232,0.152726834427));
#8429 = CARTESIAN_POINT('',(2.629627134679,9.261929177699E-02));
#8430 = CARTESIAN_POINT('',(2.670937224876,6.611109648644E-02));
#8431 = CARTESIAN_POINT('',(2.71320178749,4.125603502752E-02));
#8432 = CARTESIAN_POINT('',(2.756427244393,1.81678707633E-02));
#8433 = CARTESIAN_POINT('',(2.800598667108,-3.039057079236E-03));
#8434 = CARTESIAN_POINT('',(2.845675817707,-2.225357730353E-02));
#8435 = CARTESIAN_POINT('',(2.891590974307,-3.937244383032E-02));
#8436 = CARTESIAN_POINT('',(2.979078621205,-6.73717745652E-02));
#8437 = CARTESIAN_POINT('',(3.020476501275,-7.87645375769E-02));
#8438 = CARTESIAN_POINT('',(3.062382418681,-8.842332987676E-02));
#8439 = CARTESIAN_POINT('',(3.104719010349,-9.629511715742E-02));
#8440 = CARTESIAN_POINT('',(3.147395210568,-0.102337188164));
#8441 = CARTESIAN_POINT('',(3.190309179005,-0.106519299072));
#8442 = CARTESIAN_POINT('',(3.233352770462,-0.108824984273));
#8443 = CARTESIAN_POINT('',(3.351780904229,-0.109999369784));
#8444 = CARTESIAN_POINT('',(3.427209053088,-0.104993320018));
#8445 = CARTESIAN_POINT('',(3.502120204177,-9.422179124607E-02));
#8446 = CARTESIAN_POINT('',(3.575925986988,-7.780378218473E-02));
#8447 = CARTESIAN_POINT('',(3.648117069744,-5.599464465712E-02));
#8448 = CARTESIAN_POINT('',(3.718353312548,-2.914346739545E-02));
#8449 = CARTESIAN_POINT('',(3.78644428847,2.3593898316E-03));
#8450 = CARTESIAN_POINT('',(3.901742248778,6.492523985052E-02));
#8451 = CARTESIAN_POINT('',(3.949914542021,9.412927577091E-02));
#8452 = CARTESIAN_POINT('',(3.996819803979,0.125553625484));
#8453 = CARTESIAN_POINT('',(4.042472917074,0.159024752053));
#8454 = CARTESIAN_POINT('',(4.086923232782,0.19437308811));
#8455 = CARTESIAN_POINT('',(4.130246720069,0.231437347779));
#8456 = CARTESIAN_POINT('',(4.172540214528,0.2700662869));
#8457 = CARTESIAN_POINT('',(4.244957278875,0.340158128907));
#8458 = CARTESIAN_POINT('',(4.275480008045,0.370998233922));
#8459 = CARTESIAN_POINT('',(4.305539097169,0.402579540396));
#8460 = CARTESIAN_POINT('',(4.335190918476,0.434845729933));
#8461 = CARTESIAN_POINT('',(4.364498062053,0.46774370853));
#8462 = CARTESIAN_POINT('',(4.393530295515,0.501223405121));
#8463 = CARTESIAN_POINT('',(4.422367122203,0.535237368565));
#8464 = CARTESIAN_POINT('',(4.472653049678,0.595617258965));
#8465 = CARTESIAN_POINT('',(4.494146824187,0.621769320726));
#8466 = CARTESIAN_POINT('',(4.515622599757,0.648177188556));
#8467 = CARTESIAN_POINT('',(4.537124589286,0.674822318475));
#8468 = CARTESIAN_POINT('',(4.558702489764,0.701686674703));
#8469 = CARTESIAN_POINT('',(4.58041349389,0.728752528691));
#8470 = CARTESIAN_POINT('',(4.602325703786,0.756002164824));
#8471 = CARTESIAN_POINT('',(4.64117087906,0.803978988736));
#8472 = CARTESIAN_POINT('',(4.657979185388,0.824633683399));
#8473 = CARTESIAN_POINT('',(4.674983183183,0.845373948601));
#8474 = CARTESIAN_POINT('',(4.692223626985,0.866192005695));
#8475 = CARTESIAN_POINT('',(4.709747534516,0.887079856907));
#8476 = CARTESIAN_POINT('',(4.727610341242,0.908029125344));
#8477 = CARTESIAN_POINT('',(4.745879383457,0.929030803631));
#8478 = CARTESIAN_POINT('',(4.7787082047,0.965857991865));
#8479 = CARTESIAN_POINT('',(4.793053519618,0.981664936387));
#8480 = CARTESIAN_POINT('',(4.807710085679,0.997491536608));
#8481 = CARTESIAN_POINT('',(4.822718995379,1.013333248536));
#8482 = CARTESIAN_POINT('',(4.838127926756,1.029185128604));
#8483 = CARTESIAN_POINT('',(4.853993180695,1.045041688312));
#8484 = CARTESIAN_POINT('',(4.870382831434,1.060896667244));
#8485 = CARTESIAN_POINT('',(4.91287822855,1.100511810258));
#8486 = CARTESIAN_POINT('',(4.939744674362,1.124260813236));
#8487 = CARTESIAN_POINT('',(4.968264431665,1.14796497406));
#8488 = CARTESIAN_POINT('',(4.998805179621,1.171593705943));
#8489 = CARTESIAN_POINT('',(5.031852483928,1.195108747738));
#8490 = CARTESIAN_POINT('',(5.068082664883,1.218457232958));
#8491 = CARTESIAN_POINT('',(5.108461727894,1.241566801712));
#8492 = CARTESIAN_POINT('',(5.177689339376,1.275682003499));
#8493 = CARTESIAN_POINT('',(5.202208434438,1.286962210669));
#8494 = CARTESIAN_POINT('',(5.228373391102,1.298134985033));
#8495 = CARTESIAN_POINT('',(5.256429243051,1.309180977996));
#8496 = CARTESIAN_POINT('',(5.286671437697,1.320076230181));
#8497 = CARTESIAN_POINT('',(5.319465323341,1.330790511686));
#8498 = CARTESIAN_POINT('',(5.355266283444,1.341284516418));
#8499 = CARTESIAN_POINT('',(5.41431140091,1.356615626031));
#8500 = CARTESIAN_POINT('',(5.434883674561,1.361657680667));
#8501 = CARTESIAN_POINT('',(5.45641600685,1.366624792815));
#8502 = CARTESIAN_POINT('',(5.478983654213,1.371509492192));
#8503 = CARTESIAN_POINT('',(5.502668392231,1.376303304992));
#8504 = CARTESIAN_POINT('',(5.527557910759,1.380996592843));
#8505 = CARTESIAN_POINT('',(5.553743850681,1.385578391211));
#8506 = CARTESIAN_POINT('',(5.608893113872,1.394494103288));
#8507 = CARTESIAN_POINT('',(5.637856399808,1.398828023211));
#8508 = CARTESIAN_POINT('',(5.668300504785,1.403025535592));
#8509 = CARTESIAN_POINT('',(5.700317612211,1.407072763821));
#8510 = CARTESIAN_POINT('',(5.733996201128,1.410954176632));
#8511 = CARTESIAN_POINT('',(5.769413435821,1.414652578588));
#8512 = CARTESIAN_POINT('',(5.8066236681,1.418149340516));
#8513 = CARTESIAN_POINT('',(5.845643052245,1.421424869906));
#8514 = ( GEOMETRIC_REPRESENTATION_CONTEXT(2) 
PARAMETRIC_REPRESENTATION_CONTEXT() REPRESENTATION_CONTEXT('2D SPACE',''
  ) );
#8515 = ORIENTED_EDGE('',*,*,#7600,.F.);
#8516 = ORIENTED_EDGE('',*,*,#7566,.F.);
#8517 = FACE_BOUND('',#8518,.T.);
#8518 = EDGE_LOOP('',(#8519));
#8519 = ORIENTED_EDGE('',*,*,#8520,.F.);
#8520 = EDGE_CURVE('',#8521,#8521,#8523,.T.);
#8521 = VERTEX_POINT('',#8522);
#8522 = CARTESIAN_POINT('',(-31.69827890259,11.910196628657,
    32.822984262965));
#8523 = SURFACE_CURVE('',#8524,(#8581,#8641),.PCURVE_S1.);
#8524 = B_SPLINE_CURVE_WITH_KNOTS('',7,(#8525,#8526,#8527,#8528,#8529,
    #8530,#8531,#8532,#8533,#8534,#8535,#8536,#8537,#8538,#8539,#8540,
    #8541,#8542,#8543,#8544,#8545,#8546,#8547,#8548,#8549,#8550,#8551,
    #8552,#8553,#8554,#8555,#8556,#8557,#8558,#8559,#8560,#8561,#8562,
    #8563,#8564,#8565,#8566,#8567,#8568,#8569,#8570,#8571,#8572,#8573,
    #8574,#8575,#8576,#8577,#8578,#8579,#8580),.UNSPECIFIED.,.T.,.F.,(8,
    6,6,6,6,6,6,6,6,8),(0.,0.111848738827,0.233211344557,0.362936542122,
    0.501018635181,0.613207592053,0.725396548924,0.866247272083,
    0.937391552291,1.),.UNSPECIFIED.);
#8525 = CARTESIAN_POINT('',(-31.69827890259,11.910196628655,
    32.822984262965));
#8526 = CARTESIAN_POINT('',(-31.7012541567,11.930428356634,
    32.565037823576));
#8527 = CARTESIAN_POINT('',(-31.73394838797,11.947548905338,
    32.292091158336));
#8528 = CARTESIAN_POINT('',(-31.80232180914,11.959093012289,
    32.011691248793));
#8529 = CARTESIAN_POINT('',(-31.90971568219,11.962394494225,
    31.73211652486));
#8530 = CARTESIAN_POINT('',(-32.05716521302,11.954973679123,
    31.461999173218));
#8531 = CARTESIAN_POINT('',(-32.24377528517,11.935249265597,
    31.209982179497));
#8532 = CARTESIAN_POINT('',(-32.70904214484,11.867795937466,
    30.739852107614));
#8533 = CARTESIAN_POINT('',(-32.98065182027,11.819788641083,
    30.540113827554));
#8534 = CARTESIAN_POINT('',(-33.27130189005,11.761230290191,
    30.388225617782));
#8535 = CARTESIAN_POINT('',(-33.57070473599,11.695820314996,
    30.284667391795));
#8536 = CARTESIAN_POINT('',(-33.86884893648,11.628017975199,
    30.227323267286));
#8537 = CARTESIAN_POINT('',(-34.1563026867,11.561891368503,
    30.211127291459));
#8538 = CARTESIAN_POINT('',(-34.71151921444,11.434869565071,
    30.245472225947));
#8539 = CARTESIAN_POINT('',(-34.98525088024,11.372660748887,
    30.301226481927));
#8540 = CARTESIAN_POINT('',(-35.24319071823,11.315912640684,
    30.389512213271));
#8541 = CARTESIAN_POINT('',(-35.48387595502,11.265851480758,
    30.506254994293));
#8542 = CARTESIAN_POINT('',(-35.70626156393,11.22318108189,30.6484585081
    ));
#8543 = CARTESIAN_POINT('',(-35.90925643345,11.188336434997,
    30.813981570822));
#8544 = CARTESIAN_POINT('',(-36.28510194427,11.133065036346,
    31.200881361376));
#8545 = CARTESIAN_POINT('',(-36.45467599083,11.113783983477,
    31.424662020079));
#8546 = CARTESIAN_POINT('',(-36.598427437,11.103930510695,
    31.670846388896));
#8547 = CARTESIAN_POINT('',(-36.71373463772,11.103540669081,
    31.938076173893));
#8548 = CARTESIAN_POINT('',(-36.79679595065,11.112475147373,
    32.224927523424));
#8549 = CARTESIAN_POINT('',(-36.84232299783,11.130177737293,
    32.529217457478));
#8550 = CARTESIAN_POINT('',(-36.84375505554,11.176089379921,
    33.104755475581));
#8551 = CARTESIAN_POINT('',(-36.81488011064,11.202199198825,
    33.37768437823));
#8552 = CARTESIAN_POINT('',(-36.75004959766,11.233163627356,
    33.657768121522));
#8553 = CARTESIAN_POINT('',(-36.64538630894,11.267353672621,
    33.936546303065));
#8554 = CARTESIAN_POINT('',(-36.49937420022,11.302670886774,
    34.205265346981));
#8555 = CARTESIAN_POINT('',(-36.31268107356,11.337362464344,
    34.455255945242));
#8556 = CARTESIAN_POINT('',(-35.86340222285,11.403432883565,
    34.901136888675));
#8557 = CARTESIAN_POINT('',(-35.6116381869,11.433220300497,
    35.086287390452));
#8558 = CARTESIAN_POINT('',(-35.34112344021,11.45915703567,
    35.230944998839));
#8559 = CARTESIAN_POINT('',(-35.06068834827,11.481599105208,
    35.3343526892));
#8560 = CARTESIAN_POINT('',(-34.77930443424,11.501548563,35.397864944463
    ));
#8561 = CARTESIAN_POINT('',(-34.5055921204,11.519936870383,35.4252348255
    ));
#8562 = CARTESIAN_POINT('',(-33.92316662099,11.558955211279,
    35.419913554164));
#8563 = CARTESIAN_POINT('',(-33.61360478105,11.579612443292,
    35.37000158396));
#8564 = CARTESIAN_POINT('',(-33.32330897551,11.600863384215,
    35.280611021486));
#8565 = CARTESIAN_POINT('',(-33.0545728736,11.623764560671,
    35.157188595291));
#8566 = CARTESIAN_POINT('',(-32.80897796229,11.648803846854,
    35.003702899512));
#8567 = CARTESIAN_POINT('',(-32.58789847108,11.676124596926,
    34.822847242094));
#8568 = CARTESIAN_POINT('',(-32.29511285322,11.720226841181,
    34.512041616437));
#8569 = CARTESIAN_POINT('',(-32.20371025441,11.73552082516,
    34.401279738097));
#8570 = CARTESIAN_POINT('',(-32.11943534163,11.751262742695,
    34.284335200887));
#8571 = CARTESIAN_POINT('',(-32.0426056239,11.767377111705,34.1614477286
    ));
#8572 = CARTESIAN_POINT('',(-31.97359549806,11.783752749152,
    34.032842457116));
#8573 = CARTESIAN_POINT('',(-31.91284877567,11.800236956332,
    33.898750296455));
#8574 = CARTESIAN_POINT('',(-31.81516747045,11.831055663553,
    33.636822029117));
#8575 = CARTESIAN_POINT('',(-31.77624850109,11.845411221417,
    33.510160129929));
#8576 = CARTESIAN_POINT('',(-31.74448863181,11.85956120786,
    33.379604120276));
#8577 = CARTESIAN_POINT('',(-31.7203021123,11.873339278047,
    33.245339721432));
#8578 = CARTESIAN_POINT('',(-31.70416572899,11.886542469828,
    33.107599132669));
#8579 = CARTESIAN_POINT('',(-31.6966214221,11.898925761345,
    32.966683313008));
#8580 = CARTESIAN_POINT('',(-31.69827890259,11.910196628655,
    32.822984262965));
#8581 = PCURVE('',#412,#8582);
#8582 = DEFINITIONAL_REPRESENTATION('',(#8583),#8640);
#8583 = B_SPLINE_CURVE_WITH_KNOTS('',7,(#8584,#8585,#8586,#8587,#8588,
    #8589,#8590,#8591,#8592,#8593,#8594,#8595,#8596,#8597,#8598,#8599,
    #8600,#8601,#8602,#8603,#8604,#8605,#8606,#8607,#8608,#8609,#8610,
    #8611,#8612,#8613,#8614,#8615,#8616,#8617,#8618,#8619,#8620,#8621,
    #8622,#8623,#8624,#8625,#8626,#8627,#8628,#8629,#8630,#8631,#8632,
    #8633,#8634,#8635,#8636,#8637,#8638,#8639),.UNSPECIFIED.,.F.,.F.,(8,
    6,6,6,6,6,6,6,6,8),(0.,0.111848738827,0.233211344557,0.362936542122,
    0.501018635181,0.613207592053,0.725396548924,0.866247272083,
    0.937391552291,1.),.UNSPECIFIED.);
#8584 = CARTESIAN_POINT('',(1.562671165656,44.178410621552));
#8585 = CARTESIAN_POINT('',(1.573693800695,43.994354710231));
#8586 = CARTESIAN_POINT('',(1.586640717798,43.820512520902));
#8587 = CARTESIAN_POINT('',(1.601453835578,43.666651804678));
#8588 = CARTESIAN_POINT('',(1.617933332007,43.541267371502));
#8589 = CARTESIAN_POINT('',(1.635771109552,43.451488983015));
#8590 = CARTESIAN_POINT('',(1.654580926048,43.403024516306));
#8591 = CARTESIAN_POINT('',(1.694874090691,43.396944870966));
#8592 = CARTESIAN_POINT('',(1.715277376687,43.447584530801));
#8593 = CARTESIAN_POINT('',(1.734544196806,43.546640765981));
#8594 = CARTESIAN_POINT('',(1.752202804413,43.686947988825));
#8595 = CARTESIAN_POINT('',(1.767883583104,43.859602393745));
#8596 = CARTESIAN_POINT('',(1.781361305144,44.054036810542));
#8597 = CARTESIAN_POINT('',(1.804616735575,44.476343109178));
#8598 = CARTESIAN_POINT('',(1.814439476013,44.712206213345));
#8599 = CARTESIAN_POINT('',(1.822166052595,44.959779089459));
#8600 = CARTESIAN_POINT('',(1.827889569967,45.215015532144));
#8601 = CARTESIAN_POINT('',(1.831682030002,45.474981430354));
#8602 = CARTESIAN_POINT('',(1.833581788336,45.73734830566));
#8603 = CARTESIAN_POINT('',(1.833581788336,46.27957171298));
#8604 = CARTESIAN_POINT('',(1.831429403245,46.558755574924));
#8605 = CARTESIAN_POINT('',(1.827134817774,46.835065357295));
#8606 = CARTESIAN_POINT('',(1.820647337653,47.105710974417));
#8607 = CARTESIAN_POINT('',(1.811873386144,47.367055515459));
#8608 = CARTESIAN_POINT('',(1.800695345253,47.613932355057));
#8609 = CARTESIAN_POINT('',(1.775875103726,48.020916206065));
#8610 = CARTESIAN_POINT('',(1.76282131647,48.19298640699));
#8611 = CARTESIAN_POINT('',(1.747907071614,48.344744217455));
#8612 = CARTESIAN_POINT('',(1.731343880976,48.467631315864));
#8613 = CARTESIAN_POINT('',(1.713452746438,48.554564697494));
#8614 = CARTESIAN_POINT('',(1.694631894478,48.6));
#8615 = CARTESIAN_POINT('',(1.656061167023,48.6));
#8616 = CARTESIAN_POINT('',(1.637240315063,48.554564697495));
#8617 = CARTESIAN_POINT('',(1.619349180525,48.467631315863));
#8618 = CARTESIAN_POINT('',(1.602785989887,48.344744217456));
#8619 = CARTESIAN_POINT('',(1.587871745031,48.192986406989));
#8620 = CARTESIAN_POINT('',(1.574817957774,48.020916206066));
#8621 = CARTESIAN_POINT('',(1.549723141671,47.609430085457));
#8622 = CARTESIAN_POINT('',(1.538371880571,47.3571353469));
#8623 = CARTESIAN_POINT('',(1.529520391903,47.089964781242));
#8624 = CARTESIAN_POINT('',(1.523042111146,46.813287038499));
#8625 = CARTESIAN_POINT('',(1.518841168135,46.530980367951));
#8626 = CARTESIAN_POINT('',(1.516865109557,46.245904503902));
#8627 = CARTESIAN_POINT('',(1.517263005072,45.816689569319));
#8628 = CARTESIAN_POINT('',(1.517968021535,45.672740926004));
#8629 = CARTESIAN_POINT('',(1.5192447924,45.529275628594));
#8630 = CARTESIAN_POINT('',(1.521096861545,45.386692507936));
#8631 = CARTESIAN_POINT('',(1.523530769796,45.245423057093));
#8632 = CARTESIAN_POINT('',(1.526555777348,45.105955236363));
#8633 = CARTESIAN_POINT('',(1.533376133477,44.84820822102));
#8634 = CARTESIAN_POINT('',(1.53703566005,44.729389237778));
#8635 = CARTESIAN_POINT('',(1.541170567097,44.612774968142));
#8636 = CARTESIAN_POINT('',(1.545790818553,44.498802028301));
#8637 = CARTESIAN_POINT('',(1.550907200418,44.387987278818));
#8638 = CARTESIAN_POINT('',(1.556530580083,44.280946092382));
#8639 = CARTESIAN_POINT('',(1.562671165656,44.178410621552));
#8640 = ( GEOMETRIC_REPRESENTATION_CONTEXT(2) 
PARAMETRIC_REPRESENTATION_CONTEXT() REPRESENTATION_CONTEXT('2D SPACE',''
  ) );
#8641 = PCURVE('',#8642,#8647);
#8642 = CYLINDRICAL_SURFACE('',#8643,2.6);
#8643 = AXIS2_PLACEMENT_3D('',#8644,#8645,#8646);
#8644 = CARTESIAN_POINT('',(-29.19354588844,-22.9921417561,
    32.822984262965));
#8645 = DIRECTION('',(-0.145493990495,0.989359135365,0.));
#8646 = DIRECTION('',(0.989359135365,0.145493990495,0.));
#8647 = DEFINITIONAL_REPRESENTATION('',(#8648),#8705);
#8648 = B_SPLINE_CURVE_WITH_KNOTS('',7,(#8649,#8650,#8651,#8652,#8653,
    #8654,#8655,#8656,#8657,#8658,#8659,#8660,#8661,#8662,#8663,#8664,
    #8665,#8666,#8667,#8668,#8669,#8670,#8671,#8672,#8673,#8674,#8675,
    #8676,#8677,#8678,#8679,#8680,#8681,#8682,#8683,#8684,#8685,#8686,
    #8687,#8688,#8689,#8690,#8691,#8692,#8693,#8694,#8695,#8696,#8697,
    #8698,#8699,#8700,#8701,#8702,#8703,#8704),.UNSPECIFIED.,.F.,.F.,(8,
    6,6,6,6,6,6,6,6,8),(0.,0.111848738827,0.233211344557,0.362936542122,
    0.501018635181,0.613207592053,0.725396548924,0.866247272083,
    0.937391552291,1.),.UNSPECIFIED.);
#8649 = CARTESIAN_POINT('',(0.,34.895370927908));
#8650 = CARTESIAN_POINT('',(9.921016899585E-02,34.915820254402));
#8651 = CARTESIAN_POINT('',(0.204189730547,34.937515439838));
#8652 = CARTESIAN_POINT('',(0.313630243219,34.958884629399));
#8653 = CARTESIAN_POINT('',(0.426780888361,34.977776143858));
#8654 = CARTESIAN_POINT('',(0.543224458743,34.991887313282));
#8655 = CARTESIAN_POINT('',(0.662755633619,34.999523428634));
#8656 = CARTESIAN_POINT('',(0.91847268121,35.000481394295));
#8657 = CARTESIAN_POINT('',(1.047775891357,34.99250251259));
#8658 = CARTESIAN_POINT('',(1.17345595153,34.976855111673));
#8659 = CARTESIAN_POINT('',(1.295334298885,34.95570246999));
#8660 = CARTESIAN_POINT('',(1.412964254072,34.931999795186));
#8661 = CARTESIAN_POINT('',(1.525464993035,34.908399625963));
#8662 = CARTESIAN_POINT('',(1.744244703554,34.863510112556));
#8663 = CARTESIAN_POINT('',(1.852985503841,34.841789564346));
#8664 = CARTESIAN_POINT('',(1.958536171522,34.823174001417));
#8665 = CARTESIAN_POINT('',(2.06173708756,34.808663791073));
#8666 = CARTESIAN_POINT('',(2.163408810628,34.798803211812));
#8667 = CARTESIAN_POINT('',(2.26431892465,34.793863875705));
#8668 = CARTESIAN_POINT('',(2.472866389004,34.793863875705));
#8669 = CARTESIAN_POINT('',(2.580244412614,34.799459994628));
#8670 = CARTESIAN_POINT('',(2.688549816856,34.810626342859));
#8671 = CARTESIAN_POINT('',(2.798707479245,34.827017154261));
#8672 = CARTESIAN_POINT('',(2.91171982365,34.847941483853));
#8673 = CARTESIAN_POINT('',(3.028600441746,34.872079614681));
#8674 = CARTESIAN_POINT('',(3.249970473193,34.917711073525));
#8675 = CARTESIAN_POINT('',(3.355052676484,34.93934193042));
#8676 = CARTESIAN_POINT('',(3.464609476997,34.96054442062));
#8677 = CARTESIAN_POINT('',(3.577846660676,34.979142774708));
#8678 = CARTESIAN_POINT('',(3.694307422486,34.992840298807));
#8679 = CARTESIAN_POINT('',(3.813747248692,35.));
#8680 = CARTESIAN_POINT('',(4.058523019076,35.));
#8681 = CARTESIAN_POINT('',(4.177962845281,34.992840298807));
#8682 = CARTESIAN_POINT('',(4.294423607093,34.979142774708));
#8683 = CARTESIAN_POINT('',(4.407660790769,34.96054442062));
#8684 = CARTESIAN_POINT('',(4.517217591284,34.93934193042));
#8685 = CARTESIAN_POINT('',(4.622299794574,34.917711073525));
#8686 = CARTESIAN_POINT('',(4.846118737841,34.871574815462));
#8687 = CARTESIAN_POINT('',(4.965241041619,34.846972849267));
#8688 = CARTESIAN_POINT('',(5.080359863649,34.825761366634));
#8689 = CARTESIAN_POINT('',(5.192569402576,34.809319366912));
#8690 = CARTESIAN_POINT('',(5.30289611668,34.79835962975));
#8691 = CARTESIAN_POINT('',(5.412340867799,34.793223926026));
#8692 = CARTESIAN_POINT('',(5.577442366486,34.794258336367));
#8693 = CARTESIAN_POINT('',(5.632867521193,34.79609105029));
#8694 = CARTESIAN_POINT('',(5.688439043897,34.799403966853));
#8695 = CARTESIAN_POINT('',(5.744282227606,34.804168602823));
#8696 = CARTESIAN_POINT('',(5.800523393271,34.810329430735));
#8697 = CARTESIAN_POINT('',(5.857293932991,34.817799948649));
#8698 = CARTESIAN_POINT('',(5.965283118837,34.834078675284));
#8699 = CARTESIAN_POINT('',(6.016352771383,34.842619001442));
#8700 = CARTESIAN_POINT('',(6.068045930076,34.851997549676));
#8701 = CARTESIAN_POINT('',(6.120465444217,34.862110016043));
#8702 = CARTESIAN_POINT('',(6.173717785744,34.872824967648));
#8703 = CARTESIAN_POINT('',(6.227916441778,34.883978838921));
#8704 = CARTESIAN_POINT('',(6.28318530718,34.895370927907));
#8705 = ( GEOMETRIC_REPRESENTATION_CONTEXT(2) 
PARAMETRIC_REPRESENTATION_CONTEXT() REPRESENTATION_CONTEXT('2D SPACE',''
  ) );
#8706 = FACE_BOUND('',#8707,.T.);
#8707 = EDGE_LOOP('',(#8708));
#8708 = ORIENTED_EDGE('',*,*,#8709,.T.);
#8709 = EDGE_CURVE('',#8710,#8710,#8712,.T.);
#8710 = VERTEX_POINT('',#8711);
#8711 = CARTESIAN_POINT('',(-26.9274230187,-20.53162338178,
    32.822984262965));
#8712 = SURFACE_CURVE('',#8713,(#8770,#8830),.PCURVE_S1.);
#8713 = B_SPLINE_CURVE_WITH_KNOTS('',7,(#8714,#8715,#8716,#8717,#8718,
    #8719,#8720,#8721,#8722,#8723,#8724,#8725,#8726,#8727,#8728,#8729,
    #8730,#8731,#8732,#8733,#8734,#8735,#8736,#8737,#8738,#8739,#8740,
    #8741,#8742,#8743,#8744,#8745,#8746,#8747,#8748,#8749,#8750,#8751,
    #8752,#8753,#8754,#8755,#8756,#8757,#8758,#8759,#8760,#8761,#8762,
    #8763,#8764,#8765,#8766,#8767,#8768,#8769),.UNSPECIFIED.,.T.,.F.,(8,
    6,6,6,6,6,6,6,6,8),(0.,0.111848738301,0.233211343461,0.362936540416,
    0.501018632826,0.613207589204,0.725396545556,0.86624726806,
    0.937391547938,1.),.UNSPECIFIED.);
#8714 = CARTESIAN_POINT('',(-26.9274230187,-20.53162338178,
    32.822984262965));
#8715 = CARTESIAN_POINT('',(-26.92444776458,-20.55185510976,
    32.565037823576));
#8716 = CARTESIAN_POINT('',(-26.95082895764,-20.57766322087,
    32.292091158336));
#8717 = CARTESIAN_POINT('',(-27.01298420149,-20.60840271973,
    32.011691248793));
#8718 = CARTESIAN_POINT('',(-27.11488087089,-20.64248222262,
    31.73211652486));
#8719 = CARTESIAN_POINT('',(-27.25822422102,-20.67782506648,
    31.461999173218));
#8720 = CARTESIAN_POINT('',(-27.44261227538,-20.71265920097,
    31.209982179498));
#8721 = CARTESIAN_POINT('',(-27.90760037856,-20.78200807326,
    30.739852107614));
#8722 = CARTESIAN_POINT('',(-28.18153181267,-20.81422741063,
    30.540113827554));
#8723 = CARTESIAN_POINT('',(-28.47673508805,-20.84182396344,
    30.388225617782));
#8724 = CARTESIAN_POINT('',(-28.78229309848,-20.86537882006,
    30.284667391795));
#8725 = CARTESIAN_POINT('',(-29.08733449246,-20.88628024416,
    30.227323267286));
#8726 = CARTESIAN_POINT('',(-29.38165560827,-20.90570876482,
    30.211127291459));
#8727 = CARTESIAN_POINT('',(-29.94993444488,-20.94390686791,
    30.245472225947));
#8728 = CARTESIAN_POINT('',(-30.22998652916,-20.9631368385,
    30.301226481927));
#8729 = CARTESIAN_POINT('',(-30.49334327221,-20.98304999222,
    30.389512213271));
#8730 = CARTESIAN_POINT('',(-30.73825080582,-21.00439953382,
    30.506254994293));
#8731 = CARTESIAN_POINT('',(-30.96350572478,-21.02755862435,
    30.6484585081));
#8732 = CARTESIAN_POINT('',(-31.16793788174,-21.05262971664,
    30.813981570822));
#8733 = CARTESIAN_POINT('',(-31.54378339256,-21.10790111529,
    31.200881361377));
#8734 = CARTESIAN_POINT('',(-31.71172903577,-21.13825531092,
    31.424662020079));
#8735 = CARTESIAN_POINT('',(-31.85223120882,-21.17020384096,
    31.670846388896));
#8736 = CARTESIAN_POINT('',(-31.96276888042,-21.20302648057,
    31.938076173893));
#8737 = CARTESIAN_POINT('',(-32.03974146492,-21.23549535554,
    32.224927523424));
#8738 = CARTESIAN_POINT('',(-32.07824460616,-21.26555532611,
    32.529217457478));
#8739 = CARTESIAN_POINT('',(-32.06639845778,-21.30993548482,
    33.104755475659));
#8740 = CARTESIAN_POINT('',(-32.03122919349,-21.32662703766,
    33.377684378135));
#8741 = CARTESIAN_POINT('',(-31.96022901076,-21.33761636388,
    33.657768121482));
#8742 = CARTESIAN_POINT('',(-31.85015382448,-21.34022722166,
    33.936546303136));
#8743 = CARTESIAN_POINT('',(-31.70015590081,-21.33201354868,
    34.205265347021));
#8744 = CARTESIAN_POINT('',(-31.51137938728,-21.3114890027,
    34.455255945188));
#8745 = CARTESIAN_POINT('',(-31.06210053652,-21.24541858347,
    34.901136888675));
#8746 = CARTESIAN_POINT('',(-30.81241988757,-21.20146413497,
    35.086287390452));
#8747 = CARTESIAN_POINT('',(-30.54589095576,-21.1484238586,
    35.23094499884));
#8748 = CARTESIAN_POINT('',(-30.27086776132,-21.08918088603,
    35.334352689199));
#8749 = CARTESIAN_POINT('',(-29.99565351711,-21.02727767349,
    35.397864944463));
#8750 = CARTESIAN_POINT('',(-29.72823552264,-20.96608799436,
    35.4252348255));
#8751 = CARTESIAN_POINT('',(-29.15923511982,-20.83577899669,
    35.419913554164));
#8752 = CARTESIAN_POINT('',(-28.85683215634,-20.76644140467,
    35.370001583961));
#8753 = CARTESIAN_POINT('',(-28.57270863732,-20.70321891551,
    35.280611021486));
#8754 = CARTESIAN_POINT('',(-28.3087569597,-20.6477836538,
    35.157188595291));
#8755 = CARTESIAN_POINT('',(-28.06635120019,-20.60105813545,
    35.003702899512));
#8756 = CARTESIAN_POINT('',(-27.84676613704,-20.56357527459,
    34.822847242094));
#8757 = CARTESIAN_POINT('',(-27.55367951819,-20.52151983697,
    34.512041616437));
#8758 = CARTESIAN_POINT('',(-27.46174362166,-20.50985227752,
    34.401279738097));
#8759 = CARTESIAN_POINT('',(-27.37650468998,-20.50066568852,
    34.284335200888));
#8760 = CARTESIAN_POINT('',(-27.29828852045,-20.49397919175,
    34.1614477286));
#8761 = CARTESIAN_POINT('',(-27.22748566773,-20.48979409706,
    34.032842457116));
#8762 = CARTESIAN_POINT('',(-27.16456511442,-20.48809194017,
    33.898750296455));
#8763 = CARTESIAN_POINT('',(-27.06214689185,-20.48948424681,
    33.636822020025));
#8764 = CARTESIAN_POINT('',(-27.02074279514,-20.4920275878,
    33.510160139328));
#8765 = CARTESIAN_POINT('',(-26.98625388233,-20.49643510649,
    33.379604127923));
#8766 = CARTESIAN_POINT('',(-26.95912475402,-20.50266675895,
    33.245339714425));
#8767 = CARTESIAN_POINT('',(-26.93987044676,-20.51066543748,
    33.107599123828));
#8768 = CARTESIAN_POINT('',(-26.92908049929,-20.52035251373,
    32.966683322465));
#8769 = CARTESIAN_POINT('',(-26.9274230187,-20.53162338178,
    32.822984262965));
#8770 = PCURVE('',#412,#8771);
#8771 = DEFINITIONAL_REPRESENTATION('',(#8772),#8829);
#8772 = B_SPLINE_CURVE_WITH_KNOTS('',7,(#8773,#8774,#8775,#8776,#8777,
    #8778,#8779,#8780,#8781,#8782,#8783,#8784,#8785,#8786,#8787,#8788,
    #8789,#8790,#8791,#8792,#8793,#8794,#8795,#8796,#8797,#8798,#8799,
    #8800,#8801,#8802,#8803,#8804,#8805,#8806,#8807,#8808,#8809,#8810,
    #8811,#8812,#8813,#8814,#8815,#8816,#8817,#8818,#8819,#8820,#8821,
    #8822,#8823,#8824,#8825,#8826,#8827,#8828),.UNSPECIFIED.,.F.,.F.,(8,
    6,6,6,6,6,6,6,6,8),(0.,0.111848738301,0.233211343461,0.362936540416,
    0.501018632826,0.613207589204,0.725396545556,0.86624726806,
    0.937391547938,1.),.UNSPECIFIED.);
#8773 = CARTESIAN_POINT('',(4.929614549435,44.178410621552));
#8774 = CARTESIAN_POINT('',(4.918591914395,43.994354710231));
#8775 = CARTESIAN_POINT('',(4.905644997293,43.820512520902));
#8776 = CARTESIAN_POINT('',(4.890831879512,43.666651804678));
#8777 = CARTESIAN_POINT('',(4.874352383084,43.541267371502));
#8778 = CARTESIAN_POINT('',(4.856514605538,43.451488983015));
#8779 = CARTESIAN_POINT('',(4.837704789043,43.403024516306));
#8780 = CARTESIAN_POINT('',(4.7974116244,43.396944870966));
#8781 = CARTESIAN_POINT('',(4.777008338403,43.447584530801));
#8782 = CARTESIAN_POINT('',(4.757741518285,43.546640765981));
#8783 = CARTESIAN_POINT('',(4.740082910678,43.686947988825));
#8784 = CARTESIAN_POINT('',(4.724402131986,43.859602393745));
#8785 = CARTESIAN_POINT('',(4.710924409947,44.054036810542));
#8786 = CARTESIAN_POINT('',(4.687668979516,44.476343109178));
#8787 = CARTESIAN_POINT('',(4.677846239078,44.712206213346));
#8788 = CARTESIAN_POINT('',(4.670119662496,44.959779089458));
#8789 = CARTESIAN_POINT('',(4.664396145123,45.215015532144));
#8790 = CARTESIAN_POINT('',(4.660603685088,45.474981430354));
#8791 = CARTESIAN_POINT('',(4.658703926754,45.73734830566));
#8792 = CARTESIAN_POINT('',(4.658703926754,46.279571712981));
#8793 = CARTESIAN_POINT('',(4.660856311845,46.558755574924));
#8794 = CARTESIAN_POINT('',(4.665150897317,46.835065357295));
#8795 = CARTESIAN_POINT('',(4.671638377438,47.105710974417));
#8796 = CARTESIAN_POINT('',(4.680412328947,47.367055515459));
#8797 = CARTESIAN_POINT('',(4.691590369838,47.613932355057));
#8798 = CARTESIAN_POINT('',(4.716410611368,48.020916206121));
#8799 = CARTESIAN_POINT('',(4.729464398618,48.192986406911));
#8800 = CARTESIAN_POINT('',(4.744378643473,48.344744217458));
#8801 = CARTESIAN_POINT('',(4.760941834118,48.467631315911));
#8802 = CARTESIAN_POINT('',(4.778832968658,48.554564697474));
#8803 = CARTESIAN_POINT('',(4.797653820608,48.6));
#8804 = CARTESIAN_POINT('',(4.836224548067,48.6));
#8805 = CARTESIAN_POINT('',(4.855045400028,48.554564697494));
#8806 = CARTESIAN_POINT('',(4.872936534566,48.467631315863));
#8807 = CARTESIAN_POINT('',(4.889499725203,48.344744217456));
#8808 = CARTESIAN_POINT('',(4.90441397006,48.192986406989));
#8809 = CARTESIAN_POINT('',(4.917467757316,48.020916206066));
#8810 = CARTESIAN_POINT('',(4.94256257342,47.609430085457));
#8811 = CARTESIAN_POINT('',(4.95391383452,47.3571353469));
#8812 = CARTESIAN_POINT('',(4.962765323188,47.089964781243));
#8813 = CARTESIAN_POINT('',(4.969243603945,46.813287038498));
#8814 = CARTESIAN_POINT('',(4.973444546955,46.530980367952));
#8815 = CARTESIAN_POINT('',(4.975420605533,46.245904503902));
#8816 = CARTESIAN_POINT('',(4.975022710018,45.816689569319));
#8817 = CARTESIAN_POINT('',(4.974317693556,45.672740926004));
#8818 = CARTESIAN_POINT('',(4.97304092269,45.529275628594));
#8819 = CARTESIAN_POINT('',(4.971188853545,45.386692507936));
#8820 = CARTESIAN_POINT('',(4.968754945294,45.245423057093));
#8821 = CARTESIAN_POINT('',(4.965729937743,45.105955236363));
#8822 = CARTESIAN_POINT('',(4.958909581377,44.848208212073));
#8823 = CARTESIAN_POINT('',(4.955250055387,44.72938924538));
#8824 = CARTESIAN_POINT('',(4.951115148208,44.612774975423));
#8825 = CARTESIAN_POINT('',(4.946494896234,44.498802023371));
#8826 = CARTESIAN_POINT('',(4.941378514369,44.387987271301));
#8827 = CARTESIAN_POINT('',(4.935755135412,44.28094609913));
#8828 = CARTESIAN_POINT('',(4.929614549435,44.178410621552));
#8829 = ( GEOMETRIC_REPRESENTATION_CONTEXT(2) 
PARAMETRIC_REPRESENTATION_CONTEXT() REPRESENTATION_CONTEXT('2D SPACE',''
  ) );
#8830 = PCURVE('',#8831,#8836);
#8831 = CYLINDRICAL_SURFACE('',#8832,2.6);
#8832 = AXIS2_PLACEMENT_3D('',#8833,#8834,#8835);
#8833 = CARTESIAN_POINT('',(-29.19354588844,-22.9921417561,
    32.822984262965));
#8834 = DIRECTION('',(-0.145493990495,0.989359135365,0.));
#8835 = DIRECTION('',(0.989359135365,0.145493990495,0.));
#8836 = DEFINITIONAL_REPRESENTATION('',(#8837),#8894);
#8837 = B_SPLINE_CURVE_WITH_KNOTS('',7,(#8838,#8839,#8840,#8841,#8842,
    #8843,#8844,#8845,#8846,#8847,#8848,#8849,#8850,#8851,#8852,#8853,
    #8854,#8855,#8856,#8857,#8858,#8859,#8860,#8861,#8862,#8863,#8864,
    #8865,#8866,#8867,#8868,#8869,#8870,#8871,#8872,#8873,#8874,#8875,
    #8876,#8877,#8878,#8879,#8880,#8881,#8882,#8883,#8884,#8885,#8886,
    #8887,#8888,#8889,#8890,#8891,#8892,#8893),.UNSPECIFIED.,.F.,.F.,(8,
    6,6,6,6,6,6,6,6,8),(0.,0.111848738301,0.233211343461,0.362936540416,
    0.501018632826,0.613207589204,0.725396545556,0.86624726806,
    0.937391547938,1.),.UNSPECIFIED.);
#8838 = CARTESIAN_POINT('',(0.,2.104629072093));
#8839 = CARTESIAN_POINT('',(9.921016899587E-02,2.084179745598));
#8840 = CARTESIAN_POINT('',(0.204189730547,2.062484560162));
#8841 = CARTESIAN_POINT('',(0.313630243219,2.041115370601));
#8842 = CARTESIAN_POINT('',(0.42678088836,2.022223856142));
#8843 = CARTESIAN_POINT('',(0.543224458743,2.008112686718));
#8844 = CARTESIAN_POINT('',(0.662755633619,2.000476571366));
#8845 = CARTESIAN_POINT('',(0.91847268121,1.999518605705));
#8846 = CARTESIAN_POINT('',(1.047775891357,2.00749748741));
#8847 = CARTESIAN_POINT('',(1.17345595153,2.023144888327));
#8848 = CARTESIAN_POINT('',(1.295334298885,2.04429753001));
#8849 = CARTESIAN_POINT('',(1.412964254072,2.068000204814));
#8850 = CARTESIAN_POINT('',(1.525464993035,2.091600374037));
#8851 = CARTESIAN_POINT('',(1.744244703554,2.136489887444));
#8852 = CARTESIAN_POINT('',(1.852985503841,2.158210435654));
#8853 = CARTESIAN_POINT('',(1.958536171521,2.176825998583));
#8854 = CARTESIAN_POINT('',(2.06173708756,2.191336208927));
#8855 = CARTESIAN_POINT('',(2.163408810628,2.201196788188));
#8856 = CARTESIAN_POINT('',(2.26431892465,2.206136124295));
#8857 = CARTESIAN_POINT('',(2.472866389004,2.206136124295));
#8858 = CARTESIAN_POINT('',(2.580244412614,2.200540005373));
#8859 = CARTESIAN_POINT('',(2.688549816856,2.189373657141));
#8860 = CARTESIAN_POINT('',(2.798707479245,2.172982845739));
#8861 = CARTESIAN_POINT('',(2.91171982365,2.152058516147));
#8862 = CARTESIAN_POINT('',(3.028600441746,2.127920385319));
#8863 = CARTESIAN_POINT('',(3.249970473223,2.082288926469));
#8864 = CARTESIAN_POINT('',(3.355052676448,2.060658069588));
#8865 = CARTESIAN_POINT('',(3.464609476984,2.039455579383));
#8866 = CARTESIAN_POINT('',(3.577846660694,2.020857225283));
#8867 = CARTESIAN_POINT('',(3.694307422516,2.007159701197));
#8868 = CARTESIAN_POINT('',(3.813747248662,2.));
#8869 = CARTESIAN_POINT('',(4.058523019076,2.));
#8870 = CARTESIAN_POINT('',(4.177962845281,2.007159701193));
#8871 = CARTESIAN_POINT('',(4.294423607093,2.020857225292));
#8872 = CARTESIAN_POINT('',(4.407660790769,2.03945557938));
#8873 = CARTESIAN_POINT('',(4.517217591284,2.06065806958));
#8874 = CARTESIAN_POINT('',(4.622299794574,2.082288926475));
#8875 = CARTESIAN_POINT('',(4.846118737841,2.128425184538));
#8876 = CARTESIAN_POINT('',(4.965241041619,2.153027150733));
#8877 = CARTESIAN_POINT('',(5.080359863649,2.174238633366));
#8878 = CARTESIAN_POINT('',(5.192569402577,2.190680633088));
#8879 = CARTESIAN_POINT('',(5.302896116679,2.20164037025));
#8880 = CARTESIAN_POINT('',(5.412340867799,2.206776073974));
#8881 = CARTESIAN_POINT('',(5.577442366486,2.205741663633));
#8882 = CARTESIAN_POINT('',(5.632867521193,2.20390894971));
#8883 = CARTESIAN_POINT('',(5.688439043897,2.200596033147));
#8884 = CARTESIAN_POINT('',(5.744282227606,2.195831397177));
#8885 = CARTESIAN_POINT('',(5.800523393271,2.189670569265));
#8886 = CARTESIAN_POINT('',(5.857293932991,2.182200051351));
#8887 = CARTESIAN_POINT('',(5.965283122585,2.165921324151));
#8888 = CARTESIAN_POINT('',(6.01635276769,2.157380999254));
#8889 = CARTESIAN_POINT('',(6.068045926957,2.14800245082));
#8890 = CARTESIAN_POINT('',(6.1204654469,2.137889983394));
#8891 = CARTESIAN_POINT('',(6.173717789257,2.127175031722));
#8892 = CARTESIAN_POINT('',(6.227916438141,2.116021161829));
#8893 = CARTESIAN_POINT('',(6.28318530718,2.104629072093));
#8894 = ( GEOMETRIC_REPRESENTATION_CONTEXT(2) 
PARAMETRIC_REPRESENTATION_CONTEXT() REPRESENTATION_CONTEXT('2D SPACE',''
  ) );
#8895 = ADVANCED_FACE('',(#8896,#9002,#9191),#244,.T.);
#8896 = FACE_BOUND('',#8897,.T.);
#8897 = EDGE_LOOP('',(#8898,#8899,#8922,#8949,#8950,#8951,#8993,#8994,
    #8995,#8996,#8997,#8998,#8999,#9000,#9001));
#8898 = ORIENTED_EDGE('',*,*,#1140,.F.);
#8899 = ORIENTED_EDGE('',*,*,#8900,.T.);
#8900 = EDGE_CURVE('',#1111,#8901,#8903,.T.);
#8901 = VERTEX_POINT('',#8902);
#8902 = CARTESIAN_POINT('',(38.346087333561,2.84217094304E-14,
    51.437608675043));
#8903 = SEAM_CURVE('',#8904,(#8908,#8915),.PCURVE_S1.);
#8904 = LINE('',#8905,#8906);
#8905 = CARTESIAN_POINT('',(15.319865399607,0.,-6.127946159843));
#8906 = VECTOR('',#8907,1.);
#8907 = DIRECTION('',(0.371390676354,0.,0.928476690885));
#8908 = PCURVE('',#244,#8909);
#8909 = DEFINITIONAL_REPRESENTATION('',(#8910),#8914);
#8910 = LINE('',#8911,#8912);
#8911 = CARTESIAN_POINT('',(0.,-0.));
#8912 = VECTOR('',#8913,1.);
#8913 = DIRECTION('',(0.,1.));
#8914 = ( GEOMETRIC_REPRESENTATION_CONTEXT(2) 
PARAMETRIC_REPRESENTATION_CONTEXT() REPRESENTATION_CONTEXT('2D SPACE',''
  ) );
#8915 = PCURVE('',#244,#8916);
#8916 = DEFINITIONAL_REPRESENTATION('',(#8917),#8921);
#8917 = LINE('',#8918,#8919);
#8918 = CARTESIAN_POINT('',(6.28318530718,-0.));
#8919 = VECTOR('',#8920,1.);
#8920 = DIRECTION('',(0.,1.));
#8921 = ( GEOMETRIC_REPRESENTATION_CONTEXT(2) 
PARAMETRIC_REPRESENTATION_CONTEXT() REPRESENTATION_CONTEXT('2D SPACE',''
  ) );
#8922 = ORIENTED_EDGE('',*,*,#8923,.F.);
#8923 = EDGE_CURVE('',#8901,#8901,#8924,.T.);
#8924 = SURFACE_CURVE('',#8925,(#8930,#8937),.PCURVE_S1.);
#8925 = CIRCLE('',#8926,16.5);
#8926 = AXIS2_PLACEMENT_3D('',#8927,#8928,#8929);
#8927 = CARTESIAN_POINT('',(23.026221933954,0.,57.565554834886));
#8928 = DIRECTION('',(0.371390676354,0.,0.928476690885));
#8929 = DIRECTION('',(0.928476690885,0.,-0.371390676354));
#8930 = PCURVE('',#244,#8931);
#8931 = DEFINITIONAL_REPRESENTATION('',(#8932),#8936);
#8932 = LINE('',#8933,#8934);
#8933 = CARTESIAN_POINT('',(0.,62.));
#8934 = VECTOR('',#8935,1.);
#8935 = DIRECTION('',(1.,0.));
#8936 = ( GEOMETRIC_REPRESENTATION_CONTEXT(2) 
PARAMETRIC_REPRESENTATION_CONTEXT() REPRESENTATION_CONTEXT('2D SPACE',''
  ) );
#8937 = PCURVE('',#8938,#8943);
#8938 = PLANE('',#8939);
#8939 = AXIS2_PLACEMENT_3D('',#8940,#8941,#8942);
#8940 = CARTESIAN_POINT('',(23.026221933954,0.,57.565554834886));
#8941 = DIRECTION('',(0.371390676354,0.,0.928476690885));
#8942 = DIRECTION('',(0.928476690885,0.,-0.371390676354));
#8943 = DEFINITIONAL_REPRESENTATION('',(#8944),#8948);
#8944 = CIRCLE('',#8945,16.5);
#8945 = AXIS2_PLACEMENT_2D('',#8946,#8947);
#8946 = CARTESIAN_POINT('',(0.,0.));
#8947 = DIRECTION('',(1.,0.));
#8948 = ( GEOMETRIC_REPRESENTATION_CONTEXT(2) 
PARAMETRIC_REPRESENTATION_CONTEXT() REPRESENTATION_CONTEXT('2D SPACE',''
  ) );
#8949 = ORIENTED_EDGE('',*,*,#8900,.F.);
#8950 = ORIENTED_EDGE('',*,*,#1108,.F.);
#8951 = ORIENTED_EDGE('',*,*,#8952,.T.);
#8952 = EDGE_CURVE('',#1109,#5192,#8953,.T.);
#8953 = SURFACE_CURVE('',#8954,(#8959,#8966),.PCURVE_S1.);
#8954 = CIRCLE('',#8955,16.5);
#8955 = AXIS2_PLACEMENT_3D('',#8956,#8957,#8958);
#8956 = CARTESIAN_POINT('',(4.82450640677,0.,12.061266016925));
#8957 = DIRECTION('',(0.371390676354,0.,0.928476690885));
#8958 = DIRECTION('',(-0.928476690885,0.,0.371390676354));
#8959 = PCURVE('',#244,#8960);
#8960 = DEFINITIONAL_REPRESENTATION('',(#8961),#8965);
#8961 = LINE('',#8962,#8963);
#8962 = CARTESIAN_POINT('',(-3.14159265359,12.990381056767));
#8963 = VECTOR('',#8964,1.);
#8964 = DIRECTION('',(1.,0.));
#8965 = ( GEOMETRIC_REPRESENTATION_CONTEXT(2) 
PARAMETRIC_REPRESENTATION_CONTEXT() REPRESENTATION_CONTEXT('2D SPACE',''
  ) );
#8966 = PCURVE('',#1419,#8967);
#8967 = DEFINITIONAL_REPRESENTATION('',(#8968),#8992);
#8968 = B_SPLINE_CURVE_WITH_KNOTS('',8,(#8969,#8970,#8971,#8972,#8973,
    #8974,#8975,#8976,#8977,#8978,#8979,#8980,#8981,#8982,#8983,#8984,
    #8985,#8986,#8987,#8988,#8989,#8990,#8991),.UNSPECIFIED.,.F.,.F.,(9,
    7,7,9),(3.14159265359,4.246672589835,4.799212557957,5.35175252608),
  .UNSPECIFIED.);
#8969 = CARTESIAN_POINT('',(0.,0.286439967391));
#8970 = CARTESIAN_POINT('',(0.11314462374,0.286439967391));
#8971 = CARTESIAN_POINT('',(0.226289238547,0.293073756455));
#8972 = CARTESIAN_POINT('',(0.339235544739,0.306341182136));
#8973 = CARTESIAN_POINT('',(0.451784965929,0.326045461941));
#8974 = CARTESIAN_POINT('',(0.563849897982,0.351789733508));
#8975 = CARTESIAN_POINT('',(0.675565528528,0.383024917746));
#8976 = CARTESIAN_POINT('',(0.787313777584,0.4191041672));
#8977 = CARTESIAN_POINT('',(0.956033259808,0.47937369701));
#8978 = CARTESIAN_POINT('',(1.012455927254,0.500488645053));
#8979 = CARTESIAN_POINT('',(1.06914879184,0.522535798264));
#8980 = CARTESIAN_POINT('',(1.126218900677,0.54541613921));
#8981 = CARTESIAN_POINT('',(1.183795096955,0.569024848336));
#8982 = CARTESIAN_POINT('',(1.242030697427,0.593250583073));
#8983 = CARTESIAN_POINT('',(1.3011067413,0.61797372034));
#8984 = CARTESIAN_POINT('',(1.421364879773,0.668153404567));
#8985 = CARTESIAN_POINT('',(1.482546994534,0.693609935816));
#8986 = CARTESIAN_POINT('',(1.54499441823,0.71930247045));
#8987 = CARTESIAN_POINT('',(1.608951587329,0.745088951994));
#8988 = CARTESIAN_POINT('',(1.674695635894,0.770813473644));
#8989 = CARTESIAN_POINT('',(1.742541887296,0.796301327952));
#8990 = CARTESIAN_POINT('',(1.81283916864,0.821353320296));
#8991 = CARTESIAN_POINT('',(1.885939803465,0.845741080611));
#8992 = ( GEOMETRIC_REPRESENTATION_CONTEXT(2) 
PARAMETRIC_REPRESENTATION_CONTEXT() REPRESENTATION_CONTEXT('2D SPACE',''
  ) );
#8993 = ORIENTED_EDGE('',*,*,#5191,.F.);
#8994 = ORIENTED_EDGE('',*,*,#5159,.F.);
#8995 = ORIENTED_EDGE('',*,*,#5078,.F.);
#8996 = ORIENTED_EDGE('',*,*,#8321,.F.);
#8997 = ORIENTED_EDGE('',*,*,#8291,.F.);
#8998 = ORIENTED_EDGE('',*,*,#8206,.F.);
#8999 = ORIENTED_EDGE('',*,*,#158,.T.);
#9000 = ORIENTED_EDGE('',*,*,#1251,.F.);
#9001 = ORIENTED_EDGE('',*,*,#1221,.F.);
#9002 = FACE_BOUND('',#9003,.T.);
#9003 = EDGE_LOOP('',(#9004));
#9004 = ORIENTED_EDGE('',*,*,#9005,.F.);
#9005 = EDGE_CURVE('',#9006,#9006,#9008,.T.);
#9006 = VERTEX_POINT('',#9007);
#9007 = CARTESIAN_POINT('',(17.083971112289,16.471720802846,
    45.309927780722));
#9008 = SURFACE_CURVE('',#9009,(#9066,#9126),.PCURVE_S1.);
#9009 = B_SPLINE_CURVE_WITH_KNOTS('',7,(#9010,#9011,#9012,#9013,#9014,
    #9015,#9016,#9017,#9018,#9019,#9020,#9021,#9022,#9023,#9024,#9025,
    #9026,#9027,#9028,#9029,#9030,#9031,#9032,#9033,#9034,#9035,#9036,
    #9037,#9038,#9039,#9040,#9041,#9042,#9043,#9044,#9045,#9046,#9047,
    #9048,#9049,#9050,#9051,#9052,#9053,#9054,#9055,#9056,#9057,#9058,
    #9059,#9060,#9061,#9062,#9063,#9064,#9065),.UNSPECIFIED.,.T.,.F.,(8,
    6,6,6,6,6,6,6,6,8),(0.,0.101531612804,0.231277330525,0.406942260714,
    0.53202980319,0.66021664452,0.824365089682,0.884418021335,
    0.950368495368,1.),.UNSPECIFIED.);
#9010 = CARTESIAN_POINT('',(17.083971112289,16.471720802846,
    45.309927780722));
#9011 = CARTESIAN_POINT('',(17.352853271739,16.48635599285,
    45.309927780722));
#9012 = CARTESIAN_POINT('',(17.633764455759,16.497921729673,
    45.277487657994));
#9013 = CARTESIAN_POINT('',(17.916071142386,16.504493270118,
    45.207374050836));
#9014 = CARTESIAN_POINT('',(18.18901663041,16.50464672979,
    45.099193330366));
#9015 = CARTESIAN_POINT('',(18.44281894124,16.4983606688,44.956795251042
    ));
#9016 = CARTESIAN_POINT('',(18.669900198243,16.487023606343,
    44.78776821334));
#9017 = CARTESIAN_POINT('',(19.116780702373,16.454030868434,
    44.367102200246));
#9018 = CARTESIAN_POINT('',(19.317443482644,16.430352939975,
    44.1051593338));
#9019 = CARTESIAN_POINT('',(19.47077518154,16.404599257304,
    43.828957244872));
#9020 = CARTESIAN_POINT('',(19.580526524388,16.379450314782,
    43.546357493318));
#9021 = CARTESIAN_POINT('',(19.650435950278,16.356688131836,
    43.26311691339));
#9022 = CARTESIAN_POINT('',(19.683971112289,16.337467103697,
    42.983304141103));
#9023 = CARTESIAN_POINT('',(19.683971112289,16.302120957498,
    42.339798884716));
#9024 = CARTESIAN_POINT('',(19.622498906804,16.28942832299,
    41.980160965604));
#9025 = CARTESIAN_POINT('',(19.505825723445,16.286036537417,
    41.63701811407));
#9026 = CARTESIAN_POINT('',(19.336795271526,16.292352041629,
    41.314857528733));
#9027 = CARTESIAN_POINT('',(19.116546325234,16.308072713607,
    41.019396636727));
#9028 = CARTESIAN_POINT('',(18.844867830874,16.331887371621,
    40.758184939576));
#9029 = CARTESIAN_POINT('',(18.292356367576,16.381160972367,
    40.39133059143));
#9030 = CARTESIAN_POINT('',(18.03242497813,16.404551576523,
    40.259724103849));
#9031 = CARTESIAN_POINT('',(17.744344009322,16.429560362496,
    40.157637036616));
#9032 = CARTESIAN_POINT('',(17.432008685219,16.454072212672,
    40.093089966299));
#9033 = CARTESIAN_POINT('',(17.101078435708,16.475308525625,
    40.073566701394));
#9034 = CARTESIAN_POINT('',(16.759084775302,16.490336271246,
    40.106048360178));
#9035 = CARTESIAN_POINT('',(16.065176067376,16.503876356089,
    40.290402227007));
#9036 = CARTESIAN_POINT('',(15.734167154789,16.501560728904,
    40.43965092316));
#9037 = CARTESIAN_POINT('',(15.435340554176,16.489658218466,
    40.638523592939));
#9038 = CARTESIAN_POINT('',(15.178297740933,16.469757390243,
    40.876869236014));
#9039 = CARTESIAN_POINT('',(14.969246285778,16.445469139093,
    41.141455198705));
#9040 = CARTESIAN_POINT('',(14.809445833075,16.420451843049,
    41.416816740473));
#9041 = CARTESIAN_POINT('',(14.546609435197,16.367552481875,
    42.030101668853));
#9042 = CARTESIAN_POINT('',(14.464319794366,16.339275703682,
    42.382004177961));
#9043 = CARTESIAN_POINT('',(14.439593700309,16.316009321151,
    42.730626583885));
#9044 = CARTESIAN_POINT('',(14.466357557982,16.299688931038,
    43.070097341665));
#9045 = CARTESIAN_POINT('',(14.54040091101,16.291123244112,
    43.396187685073));
#9046 = CARTESIAN_POINT('',(14.659401994388,16.290573888698,
    43.705572910657));
#9047 = CARTESIAN_POINT('',(14.882929813824,16.300270154373,
    44.099215048024));
#9048 = CARTESIAN_POINT('',(14.948728560152,16.303888912674,
    44.201729471383));
#9049 = CARTESIAN_POINT('',(15.0204056723,16.308507275049,
    44.301083723716));
#9050 = CARTESIAN_POINT('',(15.097934185531,16.3140909933,
    44.397015082783));
#9051 = CARTESIAN_POINT('',(15.181301029809,16.320591197489,
    44.489225811876));
#9052 = CARTESIAN_POINT('',(15.270500026262,16.327942038561,
    44.577374360651));
#9053 = CARTESIAN_POINT('',(15.469881727107,16.344971689874,
    44.752977825906));
#9054 = CARTESIAN_POINT('',(15.581281779083,16.354809446931,
    44.839529105632));
#9055 = CARTESIAN_POINT('',(15.699722660308,16.365459691393,
    44.920197574671));
#9056 = CARTESIAN_POINT('',(15.825194247459,16.376779926627,
    44.994371143296));
#9057 = CARTESIAN_POINT('',(15.957651361289,16.38859133191,
    45.061334329664));
#9058 = CARTESIAN_POINT('',(16.096986454774,16.400673024223,
    45.120254126968));
#9059 = CARTESIAN_POINT('',(16.352887579086,16.421849691412,
    45.207727313054));
#9060 = CARTESIAN_POINT('',(16.466657991728,16.430952367496,
    45.240221966089));
#9061 = CARTESIAN_POINT('',(16.584080807689,16.43993729687,
    45.267165699362));
#9062 = CARTESIAN_POINT('',(16.704876254935,16.448662047206,
    45.288079697369));
#9063 = CARTESIAN_POINT('',(16.828716380721,16.456973596495,
    45.302490122935));
#9064 = CARTESIAN_POINT('',(16.95522391141,16.464713124273,
    45.309927780722));
#9065 = CARTESIAN_POINT('',(17.083971112289,16.471720802846,
    45.309927780722));
#9066 = PCURVE('',#244,#9067);
#9067 = DEFINITIONAL_REPRESENTATION('',(#9068),#9125);
#9068 = B_SPLINE_CURVE_WITH_KNOTS('',7,(#9069,#9070,#9071,#9072,#9073,
    #9074,#9075,#9076,#9077,#9078,#9079,#9080,#9081,#9082,#9083,#9084,
    #9085,#9086,#9087,#9088,#9089,#9090,#9091,#9092,#9093,#9094,#9095,
    #9096,#9097,#9098,#9099,#9100,#9101,#9102,#9103,#9104,#9105,#9106,
    #9107,#9108,#9109,#9110,#9111,#9112,#9113,#9114,#9115,#9116,#9117,
    #9118,#9119,#9120,#9121,#9122,#9123,#9124),.UNSPECIFIED.,.T.,.F.,(8,
    6,6,6,6,6,6,6,6,8),(0.,0.101531612804,0.231277330525,0.406942260714,
    0.53202980319,0.66021664452,0.824365089682,0.884418021335,
    0.950368495368,1.),.UNSPECIFIED.);
#9069 = CARTESIAN_POINT('',(1.629351950449,48.414039396302));
#9070 = CARTESIAN_POINT('',(1.614195621573,48.51389972336));
#9071 = CARTESIAN_POINT('',(1.597645523035,48.588107620186));
#9072 = CARTESIAN_POINT('',(1.580182528114,48.627854841511));
#9073 = CARTESIAN_POINT('',(1.562396788512,48.628780973557));
#9074 = CARTESIAN_POINT('',(1.544911192889,48.590827487957));
#9075 = CARTESIAN_POINT('',(1.528316456281,48.518225684947));
#9076 = CARTESIAN_POINT('',(1.493643626334,48.29361434982));
#9077 = CARTESIAN_POINT('',(1.476401979067,48.124930789665));
#9078 = CARTESIAN_POINT('',(1.461479507888,47.92542955148));
#9079 = CARTESIAN_POINT('',(1.448852160154,47.703802894765));
#9080 = CARTESIAN_POINT('',(1.438451704364,47.466784327353));
#9081 = CARTESIAN_POINT('',(1.430184096786,47.219439336973));
#9082 = CARTESIAN_POINT('',(1.415542187357,46.621959705956));
#9083 = CARTESIAN_POINT('',(1.410843710129,46.26521407693));
#9084 = CARTESIAN_POINT('',(1.409666938512,45.903282605157));
#9085 = CARTESIAN_POINT('',(1.411959462234,45.541387677087));
#9086 = CARTESIAN_POINT('',(1.417781691411,45.185260720661));
#9087 = CARTESIAN_POINT('',(1.427297653917,44.841832888699));
#9088 = CARTESIAN_POINT('',(1.450325304503,44.296019571448));
#9089 = CARTESIAN_POINT('',(1.462075063461,44.077289920828));
#9090 = CARTESIAN_POINT('',(1.47606840367,43.875513872611));
#9091 = CARTESIAN_POINT('',(1.492254896228,43.699584995088));
#9092 = CARTESIAN_POINT('',(1.510474390684,43.558553689502));
#9093 = CARTESIAN_POINT('',(1.530463629377,43.461698895717));
#9094 = CARTESIAN_POINT('',(1.573668112266,43.375155939578));
#9095 = CARTESIAN_POINT('',(1.595647205333,43.390796251176));
#9096 = CARTESIAN_POINT('',(1.616938165858,43.464463476206));
#9097 = CARTESIAN_POINT('',(1.636793407565,43.590298545913));
#9098 = CARTESIAN_POINT('',(1.654569646762,43.758320683684));
#9099 = CARTESIAN_POINT('',(1.669834117681,43.95463905857));
#9100 = CARTESIAN_POINT('',(1.698607576917,44.426444831865));
#9101 = CARTESIAN_POINT('',(1.711271729162,44.72261650367));
#9102 = CARTESIAN_POINT('',(1.720616529016,45.037121240696));
#9103 = CARTESIAN_POINT('',(1.726830796084,45.362251773735));
#9104 = CARTESIAN_POINT('',(1.73004622629,45.692518067672));
#9105 = CARTESIAN_POINT('',(1.730315597798,46.023970930974));
#9106 = CARTESIAN_POINT('',(1.726551542001,46.472474628114));
#9107 = CARTESIAN_POINT('',(1.725139277057,46.592093921584));
#9108 = CARTESIAN_POINT('',(1.723320562274,46.710962240175));
#9109 = CARTESIAN_POINT('',(1.721091378327,46.828825637959));
#9110 = CARTESIAN_POINT('',(1.718446269503,46.945402819254));
#9111 = CARTESIAN_POINT('',(1.715378529451,47.060374367749));
#9112 = CARTESIAN_POINT('',(1.708038706731,47.297466596807));
#9113 = CARTESIAN_POINT('',(1.703677313744,47.419200383247));
#9114 = CARTESIAN_POINT('',(1.698785533741,47.538087015426));
#9115 = CARTESIAN_POINT('',(1.69335131927,47.65355442259));
#9116 = CARTESIAN_POINT('',(1.687362367459,47.764921517372));
#9117 = CARTESIAN_POINT('',(1.680807237818,47.871374930411));
#9118 = CARTESIAN_POINT('',(1.668310159366,48.047631036407));
#9119 = CARTESIAN_POINT('',(1.662612880712,48.120054834828));
#9120 = CARTESIAN_POINT('',(1.656587365085,48.188681202177));
#9121 = CARTESIAN_POINT('',(1.650239040613,48.252961664693));
#9122 = CARTESIAN_POINT('',(1.643576032469,48.312334477012));
#9123 = CARTESIAN_POINT('',(1.636609162762,48.366223886289));
#9124 = CARTESIAN_POINT('',(1.629351950449,48.414039396302));
#9125 = ( GEOMETRIC_REPRESENTATION_CONTEXT(2) 
PARAMETRIC_REPRESENTATION_CONTEXT() REPRESENTATION_CONTEXT('2D SPACE',''
  ) );
#9126 = PCURVE('',#9127,#9132);
#9127 = CYLINDRICAL_SURFACE('',#9128,2.6);
#9128 = AXIS2_PLACEMENT_3D('',#9129,#9130,#9131);
#9129 = CARTESIAN_POINT('',(17.083971112289,-18.5,42.709927780722));
#9130 = DIRECTION('',(0.,1.,0.));
#9131 = DIRECTION('',(0.,-0.,1.));
#9132 = DEFINITIONAL_REPRESENTATION('',(#9133),#9190);
#9133 = B_SPLINE_CURVE_WITH_KNOTS('',7,(#9134,#9135,#9136,#9137,#9138,
    #9139,#9140,#9141,#9142,#9143,#9144,#9145,#9146,#9147,#9148,#9149,
    #9150,#9151,#9152,#9153,#9154,#9155,#9156,#9157,#9158,#9159,#9160,
    #9161,#9162,#9163,#9164,#9165,#9166,#9167,#9168,#9169,#9170,#9171,
    #9172,#9173,#9174,#9175,#9176,#9177,#9178,#9179,#9180,#9181,#9182,
    #9183,#9184,#9185,#9186,#9187,#9188,#9189),.UNSPECIFIED.,.F.,.F.,(8,
    6,6,6,6,6,6,6,6,8),(0.,0.101531612804,0.231277330525,0.406942260714,
    0.53202980319,0.66021664452,0.824365089682,0.884418021335,
    0.950368495368,1.),.UNSPECIFIED.);
#9134 = CARTESIAN_POINT('',(0.,34.971720802846));
#9135 = CARTESIAN_POINT('',(0.103416215173,34.98635599285));
#9136 = CARTESIAN_POINT('',(0.211458993738,34.997921729673));
#9137 = CARTESIAN_POINT('',(0.321844581863,35.004493270118));
#9138 = CARTESIAN_POINT('',(0.432973593828,35.004646729791));
#9139 = CARTESIAN_POINT('',(0.543409076049,34.998360668799));
#9140 = CARTESIAN_POINT('',(0.65156404391,34.987023606343));
#9141 = CARTESIAN_POINT('',(0.887613281435,34.954030868434));
#9142 = CARTESIAN_POINT('',(1.012865484686,34.930352939975));
#9143 = CARTESIAN_POINT('',(1.132408732675,34.904599257304));
#9144 = CARTESIAN_POINT('',(1.247191591834,34.879450314782));
#9145 = CARTESIAN_POINT('',(1.35803186427,34.856688131836));
#9146 = CARTESIAN_POINT('',(1.465651572802,34.837467103697));
#9147 = CARTESIAN_POINT('',(1.71315359449,34.802120957498));
#9148 = CARTESIAN_POINT('',(1.851475947427,34.78942832299));
#9149 = CARTESIAN_POINT('',(1.988164779648,34.786036537417));
#9150 = CARTESIAN_POINT('',(2.125015651632,34.792352041629));
#9151 = CARTESIAN_POINT('',(2.263842001165,34.808072713607));
#9152 = CARTESIAN_POINT('',(2.406465755054,34.831887371621));
#9153 = CARTESIAN_POINT('',(2.661547546621,34.881160972367));
#9154 = CARTESIAN_POINT('',(2.772832519797,34.904551576523));
#9155 = CARTESIAN_POINT('',(2.888810374264,34.929560362496));
#9156 = CARTESIAN_POINT('',(3.00932483092,34.954072212672));
#9157 = CARTESIAN_POINT('',(3.134550689581,34.975308525625));
#9158 = CARTESIAN_POINT('',(3.264885008576,34.990336271246));
#9159 = CARTESIAN_POINT('',(3.541031259583,35.003876356089));
#9160 = CARTESIAN_POINT('',(3.678812614887,35.001560728904));
#9161 = CARTESIAN_POINT('',(3.813995506413,34.989658218467));
#9162 = CARTESIAN_POINT('',(3.945880235178,34.969757390243));
#9163 = CARTESIAN_POINT('',(4.073410483189,34.945469139093));
#9164 = CARTESIAN_POINT('',(4.194967508208,34.920451843049));
#9165 = CARTESIAN_POINT('',(4.451596017208,34.867552481875));
#9166 = CARTESIAN_POINT('',(4.588468302542,34.839275703682));
#9167 = CARTESIAN_POINT('',(4.720338739682,34.816009321151));
#9168 = CARTESIAN_POINT('',(4.848772211426,34.799688931038));
#9169 = CARTESIAN_POINT('',(4.975281775369,34.791123244112));
#9170 = CARTESIAN_POINT('',(5.101357281716,34.790573888698));
#9171 = CARTESIAN_POINT('',(5.275464819377,34.800270154373));
#9172 = CARTESIAN_POINT('',(5.322247581861,34.803888912674));
#9173 = CARTESIAN_POINT('',(5.369255660547,34.808507275049));
#9174 = CARTESIAN_POINT('',(5.416566198145,34.8140909933));
#9175 = CARTESIAN_POINT('',(5.464257577818,34.820591197489));
#9176 = CARTESIAN_POINT('',(5.512411239028,34.827942038561));
#9177 = CARTESIAN_POINT('',(5.614598588464,34.844971689874));
#9178 = CARTESIAN_POINT('',(5.668753652399,34.854809446931));
#9179 = CARTESIAN_POINT('',(5.723696325355,34.865459691394));
#9180 = CARTESIAN_POINT('',(5.779544757785,34.876779926627));
#9181 = CARTESIAN_POINT('',(5.836422315387,34.88859133191));
#9182 = CARTESIAN_POINT('',(5.894462284097,34.900673024223));
#9183 = CARTESIAN_POINT('',(5.998477064359,34.921849691412));
#9184 = CARTESIAN_POINT('',(6.043925063875,34.930952367496));
#9185 = CARTESIAN_POINT('',(6.090157619509,34.93993729687));
#9186 = CARTESIAN_POINT('',(6.137181392138,34.948662047206));
#9187 = CARTESIAN_POINT('',(6.185010298654,34.956973596495));
#9188 = CARTESIAN_POINT('',(6.233667152995,34.964713124273));
#9189 = CARTESIAN_POINT('',(6.28318530718,34.971720802846));
#9190 = ( GEOMETRIC_REPRESENTATION_CONTEXT(2) 
PARAMETRIC_REPRESENTATION_CONTEXT() REPRESENTATION_CONTEXT('2D SPACE',''
  ) );
#9191 = FACE_BOUND('',#9192,.T.);
#9192 = EDGE_LOOP('',(#9193));
#9193 = ORIENTED_EDGE('',*,*,#9194,.T.);
#9194 = EDGE_CURVE('',#9195,#9195,#9197,.T.);
#9195 = VERTEX_POINT('',#9196);
#9196 = CARTESIAN_POINT('',(17.083971112289,-16.47172080284,
    45.309927780722));
#9197 = SURFACE_CURVE('',#9198,(#9255,#9315),.PCURVE_S1.);
#9198 = B_SPLINE_CURVE_WITH_KNOTS('',7,(#9199,#9200,#9201,#9202,#9203,
    #9204,#9205,#9206,#9207,#9208,#9209,#9210,#9211,#9212,#9213,#9214,
    #9215,#9216,#9217,#9218,#9219,#9220,#9221,#9222,#9223,#9224,#9225,
    #9226,#9227,#9228,#9229,#9230,#9231,#9232,#9233,#9234,#9235,#9236,
    #9237,#9238,#9239,#9240,#9241,#9242,#9243,#9244,#9245,#9246,#9247,
    #9248,#9249,#9250,#9251,#9252,#9253,#9254),.UNSPECIFIED.,.T.,.F.,(8,
    6,6,6,6,6,6,6,6,8),(0.,0.101531612562,0.231277329975,0.40694225456,
    0.532029798236,0.660216640923,0.824365087823,0.884418020111,
    0.950368494842,1.),.UNSPECIFIED.);
#9199 = CARTESIAN_POINT('',(17.083971112289,-16.47172080284,
    45.309927780722));
#9200 = CARTESIAN_POINT('',(17.352853271738,-16.48635599285,
    45.309927780722));
#9201 = CARTESIAN_POINT('',(17.633764455762,-16.49792172967,
    45.277487657994));
#9202 = CARTESIAN_POINT('',(17.916071142384,-16.50449327011,
    45.207374050835));
#9203 = CARTESIAN_POINT('',(18.18901663041,-16.50464672979,
    45.099193330367));
#9204 = CARTESIAN_POINT('',(18.44281894124,-16.49836066879,
    44.956795251041));
#9205 = CARTESIAN_POINT('',(18.669900198243,-16.48702360634,
    44.78776821334));
#9206 = CARTESIAN_POINT('',(19.116780702372,-16.45403086843,
    44.367102200246));
#9207 = CARTESIAN_POINT('',(19.317443482644,-16.43035293997,
    44.1051593338));
#9208 = CARTESIAN_POINT('',(19.47077518154,-16.4045992573,
    43.828957244872));
#9209 = CARTESIAN_POINT('',(19.580526524388,-16.37945031478,
    43.546357493317));
#9210 = CARTESIAN_POINT('',(19.650435950278,-16.35668813183,
    43.263116913391));
#9211 = CARTESIAN_POINT('',(19.683971112289,-16.33746710369,
    42.983304141102));
#9212 = CARTESIAN_POINT('',(19.683971112289,-16.30212095809,
    42.339798895643));
#9213 = CARTESIAN_POINT('',(19.622498897776,-16.28942832188,
    41.980160924358));
#9214 = CARTESIAN_POINT('',(19.50582575406,-16.28603653748,
    41.637018187078));
#9215 = CARTESIAN_POINT('',(19.336795223707,-16.29235204381,
    41.31485745658));
#9216 = CARTESIAN_POINT('',(19.116546362652,-16.30807271093,
    41.019396674843));
#9217 = CARTESIAN_POINT('',(18.84486781791,-16.33188737277,
    40.758184930968));
#9218 = CARTESIAN_POINT('',(18.292356367273,-16.38116097239,
    40.391330591229));
#9219 = CARTESIAN_POINT('',(18.032424978093,-16.40455157652,
    40.259724103933));
#9220 = CARTESIAN_POINT('',(17.744344009616,-16.42956036246,
    40.157637036747));
#9221 = CARTESIAN_POINT('',(17.432008685495,-16.45407221265,
    40.093089966266));
#9222 = CARTESIAN_POINT('',(17.101078435621,-16.47530852564,
    40.073566701302));
#9223 = CARTESIAN_POINT('',(16.759084774961,-16.49033627125,
    40.106048360268));
#9224 = CARTESIAN_POINT('',(16.065176067376,-16.50387635608,
    40.290402227007));
#9225 = CARTESIAN_POINT('',(15.734167154789,-16.5015607289,
    40.43965092316));
#9226 = CARTESIAN_POINT('',(15.435340554176,-16.48965821846,
    40.638523592939));
#9227 = CARTESIAN_POINT('',(15.178297740933,-16.46975739024,
    40.876869236014));
#9228 = CARTESIAN_POINT('',(14.969246285778,-16.44546913909,
    41.141455198705));
#9229 = CARTESIAN_POINT('',(14.809445833075,-16.42045184304,
    41.416816740473));
#9230 = CARTESIAN_POINT('',(14.546609435198,-16.36755248187,
    42.030101668853));
#9231 = CARTESIAN_POINT('',(14.464319794366,-16.33927570368,
    42.382004177962));
#9232 = CARTESIAN_POINT('',(14.43959370031,-16.31600932115,
    42.730626583884));
#9233 = CARTESIAN_POINT('',(14.466357557981,-16.29968893103,
    43.070097341666));
#9234 = CARTESIAN_POINT('',(14.54040091101,-16.29112324411,
    43.396187685073));
#9235 = CARTESIAN_POINT('',(14.659401994388,-16.29057388869,
    43.705572910657));
#9236 = CARTESIAN_POINT('',(14.882929813824,-16.30027015437,
    44.099215048024));
#9237 = CARTESIAN_POINT('',(14.948728560152,-16.30388891267,
    44.201729471383));
#9238 = CARTESIAN_POINT('',(15.0204056723,-16.30850727504,
    44.301083723716));
#9239 = CARTESIAN_POINT('',(15.097934185531,-16.3140909933,
    44.397015082783));
#9240 = CARTESIAN_POINT('',(15.181301029809,-16.32059119748,
    44.489225811876));
#9241 = CARTESIAN_POINT('',(15.270500026261,-16.32794203856,
    44.577374360651));
#9242 = CARTESIAN_POINT('',(15.469881727107,-16.34497168987,
    44.752977825907));
#9243 = CARTESIAN_POINT('',(15.581281779083,-16.35480944693,
    44.839529105632));
#9244 = CARTESIAN_POINT('',(15.699722660308,-16.36545969139,
    44.92019757467));
#9245 = CARTESIAN_POINT('',(15.825194247459,-16.37677992662,
    44.994371143296));
#9246 = CARTESIAN_POINT('',(15.957651361289,-16.38859133191,
    45.061334329664));
#9247 = CARTESIAN_POINT('',(16.096986454774,-16.40067302422,
    45.120254126968));
#9248 = CARTESIAN_POINT('',(16.352887579086,-16.42184969141,
    45.207727313054));
#9249 = CARTESIAN_POINT('',(16.466657991728,-16.43095236749,
    45.240221966089));
#9250 = CARTESIAN_POINT('',(16.584080807689,-16.43993729687,
    45.267165699362));
#9251 = CARTESIAN_POINT('',(16.704876254935,-16.4486620472,
    45.288079697369));
#9252 = CARTESIAN_POINT('',(16.828716380721,-16.45697359649,
    45.302490122935));
#9253 = CARTESIAN_POINT('',(16.95522391141,-16.46471312427,
    45.309927780722));
#9254 = CARTESIAN_POINT('',(17.083971112289,-16.47172080284,
    45.309927780722));
#9255 = PCURVE('',#244,#9256);
#9256 = DEFINITIONAL_REPRESENTATION('',(#9257),#9314);
#9257 = B_SPLINE_CURVE_WITH_KNOTS('',7,(#9258,#9259,#9260,#9261,#9262,
    #9263,#9264,#9265,#9266,#9267,#9268,#9269,#9270,#9271,#9272,#9273,
    #9274,#9275,#9276,#9277,#9278,#9279,#9280,#9281,#9282,#9283,#9284,
    #9285,#9286,#9287,#9288,#9289,#9290,#9291,#9292,#9293,#9294,#9295,
    #9296,#9297,#9298,#9299,#9300,#9301,#9302,#9303,#9304,#9305,#9306,
    #9307,#9308,#9309,#9310,#9311,#9312,#9313),.UNSPECIFIED.,.T.,.F.,(8,
    6,6,6,6,6,6,6,6,8),(0.,0.101531612562,0.231277329975,0.40694225456,
    0.532029798236,0.660216640923,0.824365087823,0.884418020111,
    0.950368494842,1.),.UNSPECIFIED.);
#9258 = CARTESIAN_POINT('',(4.653833356731,48.414039396302));
#9259 = CARTESIAN_POINT('',(4.668989685607,48.513899723359));
#9260 = CARTESIAN_POINT('',(4.685539784145,48.588107620187));
#9261 = CARTESIAN_POINT('',(4.703002779066,48.62785484151));
#9262 = CARTESIAN_POINT('',(4.720788518668,48.628780973557));
#9263 = CARTESIAN_POINT('',(4.73827411429,48.590827487957));
#9264 = CARTESIAN_POINT('',(4.754868850898,48.518225684947));
#9265 = CARTESIAN_POINT('',(4.789541680846,48.29361434982));
#9266 = CARTESIAN_POINT('',(4.806783328113,48.124930789665));
#9267 = CARTESIAN_POINT('',(4.821705799292,47.925429551481));
#9268 = CARTESIAN_POINT('',(4.834333147026,47.703802894764));
#9269 = CARTESIAN_POINT('',(4.844733602816,47.466784327354));
#9270 = CARTESIAN_POINT('',(4.853001210394,47.219439336973));
#9271 = CARTESIAN_POINT('',(4.867643119574,46.621959716101));
#9272 = CARTESIAN_POINT('',(4.872341597476,46.265214035281));
#9273 = CARTESIAN_POINT('',(4.873518368746,45.903282684314));
#9274 = CARTESIAN_POINT('',(4.871225843871,45.541387592335));
#9275 = CARTESIAN_POINT('',(4.865403617026,45.185260769948));
#9276 = CARTESIAN_POINT('',(4.855887652723,44.841832875892));
#9277 = CARTESIAN_POINT('',(4.832860002664,44.296019571149));
#9278 = CARTESIAN_POINT('',(4.821110243715,44.077289920891));
#9279 = CARTESIAN_POINT('',(4.807116903523,43.875513872841));
#9280 = CARTESIAN_POINT('',(4.790930410968,43.69958499516));
#9281 = CARTESIAN_POINT('',(4.772710916492,43.558553689384));
#9282 = CARTESIAN_POINT('',(4.752721677781,43.461698895675));
#9283 = CARTESIAN_POINT('',(4.709517194913,43.375155939578));
#9284 = CARTESIAN_POINT('',(4.687538101846,43.390796251176));
#9285 = CARTESIAN_POINT('',(4.666247141321,43.464463476206));
#9286 = CARTESIAN_POINT('',(4.646391899615,43.590298545913));
#9287 = CARTESIAN_POINT('',(4.628615660417,43.758320683684));
#9288 = CARTESIAN_POINT('',(4.613351189498,43.95463905857));
#9289 = CARTESIAN_POINT('',(4.584577730262,44.426444831864));
#9290 = CARTESIAN_POINT('',(4.571913578018,44.722616503671));
#9291 = CARTESIAN_POINT('',(4.562568778164,45.037121240694));
#9292 = CARTESIAN_POINT('',(4.556354511095,45.362251773735));
#9293 = CARTESIAN_POINT('',(4.55313908089,45.692518067672));
#9294 = CARTESIAN_POINT('',(4.552869709382,46.023970930974));
#9295 = CARTESIAN_POINT('',(4.556633765179,46.472474628113));
#9296 = CARTESIAN_POINT('',(4.558046030122,46.592093921584));
#9297 = CARTESIAN_POINT('',(4.559864744905,46.710962240175));
#9298 = CARTESIAN_POINT('',(4.562093928853,46.828825637959));
#9299 = CARTESIAN_POINT('',(4.564739037677,46.945402819254));
#9300 = CARTESIAN_POINT('',(4.567806777729,47.060374367749));
#9301 = CARTESIAN_POINT('',(4.575146600449,47.297466596807));
#9302 = CARTESIAN_POINT('',(4.579507993436,47.419200383247));
#9303 = CARTESIAN_POINT('',(4.584399773439,47.538087015426));
#9304 = CARTESIAN_POINT('',(4.58983398791,47.65355442259));
#9305 = CARTESIAN_POINT('',(4.595822939721,47.764921517372));
#9306 = CARTESIAN_POINT('',(4.602378069362,47.871374930411));
#9307 = CARTESIAN_POINT('',(4.614875147814,48.047631036407));
#9308 = CARTESIAN_POINT('',(4.620572426467,48.120054834828));
#9309 = CARTESIAN_POINT('',(4.626597942095,48.188681202177));
#9310 = CARTESIAN_POINT('',(4.632946266566,48.252961664693));
#9311 = CARTESIAN_POINT('',(4.639609274711,48.312334477012));
#9312 = CARTESIAN_POINT('',(4.646576144417,48.366223886289));
#9313 = CARTESIAN_POINT('',(4.653833356731,48.414039396302));
#9314 = ( GEOMETRIC_REPRESENTATION_CONTEXT(2) 
PARAMETRIC_REPRESENTATION_CONTEXT() REPRESENTATION_CONTEXT('2D SPACE',''
  ) );
#9315 = PCURVE('',#9316,#9321);
#9316 = CYLINDRICAL_SURFACE('',#9317,2.6);
#9317 = AXIS2_PLACEMENT_3D('',#9318,#9319,#9320);
#9318 = CARTESIAN_POINT('',(17.083971112289,-18.5,42.709927780722));
#9319 = DIRECTION('',(0.,1.,0.));
#9320 = DIRECTION('',(0.,-0.,1.));
#9321 = DEFINITIONAL_REPRESENTATION('',(#9322),#9379);
#9322 = B_SPLINE_CURVE_WITH_KNOTS('',7,(#9323,#9324,#9325,#9326,#9327,
    #9328,#9329,#9330,#9331,#9332,#9333,#9334,#9335,#9336,#9337,#9338,
    #9339,#9340,#9341,#9342,#9343,#9344,#9345,#9346,#9347,#9348,#9349,
    #9350,#9351,#9352,#9353,#9354,#9355,#9356,#9357,#9358,#9359,#9360,
    #9361,#9362,#9363,#9364,#9365,#9366,#9367,#9368,#9369,#9370,#9371,
    #9372,#9373,#9374,#9375,#9376,#9377,#9378),.UNSPECIFIED.,.F.,.F.,(8,
    6,6,6,6,6,6,6,6,8),(0.,0.101531612562,0.231277329975,0.40694225456,
    0.532029798236,0.660216640923,0.824365087823,0.884418020111,
    0.950368494842,1.),.UNSPECIFIED.);
#9323 = CARTESIAN_POINT('',(0.,2.028279197154));
#9324 = CARTESIAN_POINT('',(0.103416215173,2.01364400715));
#9325 = CARTESIAN_POINT('',(0.211458993739,2.002078270327));
#9326 = CARTESIAN_POINT('',(0.321844581862,1.995506729883));
#9327 = CARTESIAN_POINT('',(0.432973593828,1.995353270209));
#9328 = CARTESIAN_POINT('',(0.543409076049,2.001639331201));
#9329 = CARTESIAN_POINT('',(0.65156404391,2.012976393657));
#9330 = CARTESIAN_POINT('',(0.887613281435,2.045969131566));
#9331 = CARTESIAN_POINT('',(1.012865484686,2.069647060025));
#9332 = CARTESIAN_POINT('',(1.132408732675,2.095400742696));
#9333 = CARTESIAN_POINT('',(1.247191591835,2.120549685218));
#9334 = CARTESIAN_POINT('',(1.35803186427,2.143311868164));
#9335 = CARTESIAN_POINT('',(1.465651572803,2.162532896303));
#9336 = CARTESIAN_POINT('',(1.713153590287,2.197879041902));
#9337 = CARTESIAN_POINT('',(1.851475964816,2.210571678112));
#9338 = CARTESIAN_POINT('',(1.988164746172,2.21396346252));
#9339 = CARTESIAN_POINT('',(2.125015688217,2.207647956188));
#9340 = CARTESIAN_POINT('',(2.263841979219,2.191927289069));
#9341 = CARTESIAN_POINT('',(2.40646576104,2.168112627222));
#9342 = CARTESIAN_POINT('',(2.661547546761,2.118839027606));
#9343 = CARTESIAN_POINT('',(2.772832519791,2.095448423472));
#9344 = CARTESIAN_POINT('',(2.88881037415,2.070439637537));
#9345 = CARTESIAN_POINT('',(3.009324830826,2.045927787343));
#9346 = CARTESIAN_POINT('',(3.134550689604,2.024691474356));
#9347 = CARTESIAN_POINT('',(3.264885008712,2.009663728748));
#9348 = CARTESIAN_POINT('',(3.541031259583,1.996123643911));
#9349 = CARTESIAN_POINT('',(3.678812614887,1.998439271096));
#9350 = CARTESIAN_POINT('',(3.813995506413,2.010341781533));
#9351 = CARTESIAN_POINT('',(3.945880235179,2.030242609757));
#9352 = CARTESIAN_POINT('',(4.073410483189,2.054530860907));
#9353 = CARTESIAN_POINT('',(4.194967508208,2.079548156951));
#9354 = CARTESIAN_POINT('',(4.451596017207,2.132447518125));
#9355 = CARTESIAN_POINT('',(4.588468302543,2.160724296318));
#9356 = CARTESIAN_POINT('',(4.720338739682,2.183990678849));
#9357 = CARTESIAN_POINT('',(4.848772211427,2.200311068962));
#9358 = CARTESIAN_POINT('',(4.975281775369,2.208876755888));
#9359 = CARTESIAN_POINT('',(5.101357281716,2.209426111302));
#9360 = CARTESIAN_POINT('',(5.275464819377,2.199729845627));
#9361 = CARTESIAN_POINT('',(5.322247581861,2.196111087326));
#9362 = CARTESIAN_POINT('',(5.369255660547,2.191492724951));
#9363 = CARTESIAN_POINT('',(5.416566198145,2.1859090067));
#9364 = CARTESIAN_POINT('',(5.464257577818,2.179408802511));
#9365 = CARTESIAN_POINT('',(5.512411239028,2.172057961439));
#9366 = CARTESIAN_POINT('',(5.614598588464,2.155028310126));
#9367 = CARTESIAN_POINT('',(5.668753652399,2.145190553069));
#9368 = CARTESIAN_POINT('',(5.723696325355,2.134540308607));
#9369 = CARTESIAN_POINT('',(5.779544757785,2.123220073373));
#9370 = CARTESIAN_POINT('',(5.836422315387,2.11140866809));
#9371 = CARTESIAN_POINT('',(5.894462284097,2.099326975777));
#9372 = CARTESIAN_POINT('',(5.998477064359,2.078150308588));
#9373 = CARTESIAN_POINT('',(6.043925063875,2.069047632504));
#9374 = CARTESIAN_POINT('',(6.090157619509,2.06006270313));
#9375 = CARTESIAN_POINT('',(6.137181392138,2.051337952794));
#9376 = CARTESIAN_POINT('',(6.185010298654,2.043026403505));
#9377 = CARTESIAN_POINT('',(6.233667152995,2.035286875727));
#9378 = CARTESIAN_POINT('',(6.28318530718,2.028279197154));
#9379 = ( GEOMETRIC_REPRESENTATION_CONTEXT(2) 
PARAMETRIC_REPRESENTATION_CONTEXT() REPRESENTATION_CONTEXT('2D SPACE',''
  ) );
#9380 = ADVANCED_FACE('',(#9381),#1419,.T.);
#9381 = FACE_BOUND('',#9382,.T.);
#9382 = EDGE_LOOP('',(#9383,#9384,#9385,#9386));
#9383 = ORIENTED_EDGE('',*,*,#8952,.F.);
#9384 = ORIENTED_EDGE('',*,*,#1404,.F.);
#9385 = ORIENTED_EDGE('',*,*,#1889,.F.);
#9386 = ORIENTED_EDGE('',*,*,#5223,.F.);
#9387 = ADVANCED_FACE('',(#9388,#9391),#1208,.T.);
#9388 = FACE_BOUND('',#9389,.T.);
#9389 = EDGE_LOOP('',(#9390));
#9390 = ORIENTED_EDGE('',*,*,#1193,.T.);
#9391 = FACE_BOUND('',#9392,.T.);
#9392 = EDGE_LOOP('',(#9393));
#9393 = ORIENTED_EDGE('',*,*,#9394,.F.);
#9394 = EDGE_CURVE('',#9395,#9395,#9397,.T.);
#9395 = VERTEX_POINT('',#9396);
#9396 = CARTESIAN_POINT('',(59.644882712265,-16.48796226268,
    -13.21580745412));
#9397 = SURFACE_CURVE('',#9398,(#9403,#9410),.PCURVE_S1.);
#9398 = CIRCLE('',#9399,12.65);
#9399 = AXIS2_PLACEMENT_3D('',#9400,#9401,#9402);
#9400 = CARTESIAN_POINT('',(54.410275466855,-16.48796226268,
    -24.73194339402));
#9401 = DIRECTION('',(0.877585088175,-0.265934875205,-0.398902312807));
#9402 = DIRECTION('',(0.413802944301,-2.775557561563E-17,0.910366477463)
  );
#9403 = PCURVE('',#1208,#9404);
#9404 = DEFINITIONAL_REPRESENTATION('',(#9405),#9409);
#9405 = CIRCLE('',#9406,12.65);
#9406 = AXIS2_PLACEMENT_2D('',#9407,#9408);
#9407 = CARTESIAN_POINT('',(9.702814311608E-15,2.172157523929E-14));
#9408 = DIRECTION('',(1.,2.775557561563E-17));
#9409 = ( GEOMETRIC_REPRESENTATION_CONTEXT(2) 
PARAMETRIC_REPRESENTATION_CONTEXT() REPRESENTATION_CONTEXT('2D SPACE',''
  ) );
#9410 = PCURVE('',#9411,#9416);
#9411 = CYLINDRICAL_SURFACE('',#9412,12.65);
#9412 = AXIS2_PLACEMENT_3D('',#9413,#9414,#9415);
#9413 = CARTESIAN_POINT('',(7.020680705401,-2.127479001637,
    -3.191218502455));
#9414 = DIRECTION('',(0.877585088175,-0.265934875205,-0.398902312807));
#9415 = DIRECTION('',(0.413802944301,-1.387778780781E-17,0.910366477463)
  );
#9416 = DEFINITIONAL_REPRESENTATION('',(#9417),#9421);
#9417 = LINE('',#9418,#9419);
#9418 = CARTESIAN_POINT('',(1.387778780781E-17,54.));
#9419 = VECTOR('',#9420,1.);
#9420 = DIRECTION('',(1.,0.));
#9421 = ( GEOMETRIC_REPRESENTATION_CONTEXT(2) 
PARAMETRIC_REPRESENTATION_CONTEXT() REPRESENTATION_CONTEXT('2D SPACE',''
  ) );
#9422 = ADVANCED_FACE('',(#9423),#1608,.F.);
#9423 = FACE_BOUND('',#9424,.F.);
#9424 = EDGE_LOOP('',(#9425,#9426,#9449,#9647));
#9425 = ORIENTED_EDGE('',*,*,#1474,.F.);
#9426 = ORIENTED_EDGE('',*,*,#9427,.F.);
#9427 = EDGE_CURVE('',#9428,#1475,#9430,.T.);
#9428 = VERTEX_POINT('',#9429);
#9429 = CARTESIAN_POINT('',(34.224407994855,-23.54458564359,
    -18.34950638911));
#9430 = SEAM_CURVE('',#9431,(#9435,#9442),.PCURVE_S1.);
#9431 = LINE('',#9432,#9433);
#9432 = CARTESIAN_POINT('',(43.24578741726,6.225966450344,
    -18.34950638911));
#9433 = VECTOR('',#9434,1.);
#9434 = DIRECTION('',(-0.290007395283,-0.957024404433,1.232595164408E-32
    ));
#9435 = PCURVE('',#1608,#9436);
#9436 = DEFINITIONAL_REPRESENTATION('',(#9437),#9441);
#9437 = LINE('',#9438,#9439);
#9438 = CARTESIAN_POINT('',(6.28318530718,-0.));
#9439 = VECTOR('',#9440,1.);
#9440 = DIRECTION('',(0.,1.));
#9441 = ( GEOMETRIC_REPRESENTATION_CONTEXT(2) 
PARAMETRIC_REPRESENTATION_CONTEXT() REPRESENTATION_CONTEXT('2D SPACE',''
  ) );
#9442 = PCURVE('',#1608,#9443);
#9443 = DEFINITIONAL_REPRESENTATION('',(#9444),#9448);
#9444 = LINE('',#9445,#9446);
#9445 = CARTESIAN_POINT('',(0.,-0.));
#9446 = VECTOR('',#9447,1.);
#9447 = DIRECTION('',(0.,1.));
#9448 = ( GEOMETRIC_REPRESENTATION_CONTEXT(2) 
PARAMETRIC_REPRESENTATION_CONTEXT() REPRESENTATION_CONTEXT('2D SPACE',''
  ) );
#9449 = ORIENTED_EDGE('',*,*,#9450,.T.);
#9450 = EDGE_CURVE('',#9428,#9428,#9451,.T.);
#9451 = SURFACE_CURVE('',#9452,(#9515,#9581),.PCURVE_S1.);
#9452 = B_SPLINE_CURVE_WITH_KNOTS('',7,(#9453,#9454,#9455,#9456,#9457,
    #9458,#9459,#9460,#9461,#9462,#9463,#9464,#9465,#9466,#9467,#9468,
    #9469,#9470,#9471,#9472,#9473,#9474,#9475,#9476,#9477,#9478,#9479,
    #9480,#9481,#9482,#9483,#9484,#9485,#9486,#9487,#9488,#9489,#9490,
    #9491,#9492,#9493,#9494,#9495,#9496,#9497,#9498,#9499,#9500,#9501,
    #9502,#9503,#9504,#9505,#9506,#9507,#9508,#9509,#9510,#9511,#9512,
    #9513,#9514),.UNSPECIFIED.,.T.,.F.,(8,6,6,6,6,6,6,6,6,6,8),(0.,
    4.791086812402E-02,0.111143524156,0.191837312059,0.323374708091,
    0.445144381111,0.556871552349,0.694254854724,0.826744025533,
    0.915970719931,1.),.UNSPECIFIED.);
#9453 = CARTESIAN_POINT('',(34.224407994855,-23.54458564359,
    -18.34950638911));
#9454 = CARTESIAN_POINT('',(34.227118413587,-23.53564126177,
    -18.47339949072));
#9455 = CARTESIAN_POINT('',(34.236656102454,-23.52791571747,
    -18.59513095025));
#9456 = CARTESIAN_POINT('',(34.252553058278,-23.52146529524,
    -18.71434433109));
#9457 = CARTESIAN_POINT('',(34.274347308375,-23.5163430575,
    -18.83072770497));
#9458 = CARTESIAN_POINT('',(34.301583837896,-23.51259461281,
    -18.9440122401));
#9459 = CARTESIAN_POINT('',(34.333815517156,-23.51025388421,
    -19.05397078924));
#9460 = CARTESIAN_POINT('',(34.41915742415,-23.50813125363,
    -19.3009032583));
#9461 = CARTESIAN_POINT('',(34.475696968976,-23.50940596293,
    -19.43541126159));
#9462 = CARTESIAN_POINT('',(34.539338466046,-23.51321336107,
    -19.56375892241));
#9463 = CARTESIAN_POINT('',(34.609319614994,-23.51958664201,
    -19.68583974155));
#9464 = CARTESIAN_POINT('',(34.684987140872,-23.52854432117,
    -19.80159931568));
#9465 = CARTESIAN_POINT('',(34.765783922545,-23.54009271863,
    -19.91101236726));
#9466 = CARTESIAN_POINT('',(34.960285179225,-23.57226761932,
    -20.14556280029));
#9467 = CARTESIAN_POINT('',(35.07693252695,-23.59452326412,
    -20.26671994326));
#9468 = CARTESIAN_POINT('',(35.200178463665,-23.62098854956,
    -20.37746352008));
#9469 = CARTESIAN_POINT('',(35.329202062712,-23.65162179235,
    -20.47772443418));
#9470 = CARTESIAN_POINT('',(35.463319867161,-23.6863502232,
    -20.56740705304));
#9471 = CARTESIAN_POINT('',(35.601948206805,-23.72506846385,
    -20.64636312557));
#9472 = CARTESIAN_POINT('',(35.977052778276,-23.83701324424,
    -20.82521286627));
#9473 = CARTESIAN_POINT('',(36.219798448606,-23.9165077474,
    -20.90678890908));
#9474 = CARTESIAN_POINT('',(36.470710224258,-24.00549504237,
    -20.95835490471));
#9475 = CARTESIAN_POINT('',(36.727959597001,-24.10304353514,
    -20.97837426769));
#9476 = CARTESIAN_POINT('',(36.989568571697,-24.20776649114,
    -20.96453154134));
#9477 = CARTESIAN_POINT('',(37.252951518782,-24.31745539218,
    -20.9136854867));
#9478 = CARTESIAN_POINT('',(37.755862494252,-24.53150017757,
    -20.73683008681));
#9479 = CARTESIAN_POINT('',(38.00254794009,-24.63855732594,
    -20.61427808842));
#9480 = CARTESIAN_POINT('',(38.244398112021,-24.74440859161,
    -20.44968189302));
#9481 = CARTESIAN_POINT('',(38.472030706407,-24.84264267706,
    -20.24185035385));
#9482 = CARTESIAN_POINT('',(38.676555597722,-24.92658786162,
    -19.99239565289));
#9483 = CARTESIAN_POINT('',(38.849398811967,-24.99059882587,
    -19.70526338314));
#9484 = CARTESIAN_POINT('',(39.103745425279,-25.06767355717,
    -19.09431767965));
#9485 = CARTESIAN_POINT('',(39.185081725451,-25.08252661721,
    -18.79115342333));
#9486 = CARTESIAN_POINT('',(39.226463555161,-25.07636786076,
    -18.48593123435));
#9487 = CARTESIAN_POINT('',(39.229681391516,-25.05197319602,
    -18.18694189686));
#9488 = CARTESIAN_POINT('',(39.198110040804,-25.01346019455,
    -17.90176413049));
#9489 = CARTESIAN_POINT('',(39.137151830728,-24.96543046521,
    -17.63684028819));
#9490 = CARTESIAN_POINT('',(38.952975124725,-24.84724573547,
    -17.10210135692));
#9491 = CARTESIAN_POINT('',(38.815590035481,-24.77256381475,
    -16.83617750686));
#9492 = CARTESIAN_POINT('',(38.649109703438,-24.69338180427,
    -16.60055181729));
#9493 = CARTESIAN_POINT('',(38.45829182534,-24.61299064146,
    -16.39540412624));
#9494 = CARTESIAN_POINT('',(38.246663408261,-24.533464889,
    -16.22076140641));
#9495 = CARTESIAN_POINT('',(38.016912074257,-24.45612546766,
    -16.0770022393));
#9496 = CARTESIAN_POINT('',(37.534278087655,-24.30987274445,
    -15.85762315448));
#9497 = CARTESIAN_POINT('',(37.283170343969,-24.24095728159,
    -15.78005818385));
#9498 = CARTESIAN_POINT('',(37.020021741,-24.17553873416,-15.73342929079
    ));
#9499 = CARTESIAN_POINT('',(36.746948151985,-24.11381807565,
    -15.71941368787));
#9500 = CARTESIAN_POINT('',(36.466518580539,-24.05569787194,
    -15.74053004344));
#9501 = CARTESIAN_POINT('',(36.182402308114,-24.00071197947,
    -15.80017255082));
#9502 = CARTESIAN_POINT('',(35.710508440293,-23.91267570478,
    -15.97157593821));
#9503 = CARTESIAN_POINT('',(35.520049074498,-23.87804246488,
    -16.06051053568));
#9504 = CARTESIAN_POINT('',(35.332239939642,-23.8442665518,
    -16.17075535422));
#9505 = CARTESIAN_POINT('',(35.150574511296,-23.81124368756,
    -16.30317662814));
#9506 = CARTESIAN_POINT('',(34.978795578027,-23.7787755494,
    -16.45817879446));
#9507 = CARTESIAN_POINT('',(34.820895332203,-23.74671592751,
    -16.63568420589));
#9508 = CARTESIAN_POINT('',(34.54955977341,-23.6855029783,
    -17.02283366058));
#9509 = CARTESIAN_POINT('',(34.43559914367,-23.65663393119,
    -17.22782167306));
#9510 = CARTESIAN_POINT('',(34.343825112158,-23.62904300556,
    -17.44635112075));
#9511 = CARTESIAN_POINT('',(34.277024768586,-23.60325595437,
    -17.67352686964));
#9512 = CARTESIAN_POINT('',(34.2360372377,-23.58007436441,
    -17.90372384489));
#9513 = CARTESIAN_POINT('',(34.219627969323,-23.56035972784,
    -18.13101166656));
#9514 = CARTESIAN_POINT('',(34.224407994855,-23.54458564359,
    -18.34950638911));
#9515 = PCURVE('',#1608,#9516);
#9516 = DEFINITIONAL_REPRESENTATION('',(#9517),#9580);
#9517 = B_SPLINE_CURVE_WITH_KNOTS('',7,(#9518,#9519,#9520,#9521,#9522,
    #9523,#9524,#9525,#9526,#9527,#9528,#9529,#9530,#9531,#9532,#9533,
    #9534,#9535,#9536,#9537,#9538,#9539,#9540,#9541,#9542,#9543,#9544,
    #9545,#9546,#9547,#9548,#9549,#9550,#9551,#9552,#9553,#9554,#9555,
    #9556,#9557,#9558,#9559,#9560,#9561,#9562,#9563,#9564,#9565,#9566,
    #9567,#9568,#9569,#9570,#9571,#9572,#9573,#9574,#9575,#9576,#9577,
    #9578,#9579),.UNSPECIFIED.,.F.,.F.,(8,6,6,6,6,6,6,6,6,6,8),(0.,
    4.791086812402E-02,0.111143524156,0.191837312059,0.323374708091,
    0.445144381111,0.556871552349,0.694254854724,0.826744025533,
    0.915970719931,1.),.UNSPECIFIED.);
#9518 = CARTESIAN_POINT('',(0.,31.107411635506));
#9519 = CARTESIAN_POINT('',(4.765119292686E-02,31.09806560235));
#9520 = CARTESIAN_POINT('',(9.447108555294E-02,31.087906067607));
#9521 = CARTESIAN_POINT('',(0.140498903025,31.077122621365));
#9522 = CARTESIAN_POINT('',(0.185764231708,31.06590002114));
#9523 = CARTESIAN_POINT('',(0.230289088733,31.054413873114));
#9524 = CARTESIAN_POINT('',(0.274089991561,31.042826313364));
#9525 = CARTESIAN_POINT('',(0.374050160113,31.016045119941));
#9526 = CARTESIAN_POINT('',(0.429738992841,31.000868161732));
#9527 = CARTESIAN_POINT('',(0.484379457876,30.986055429867));
#9528 = CARTESIAN_POINT('',(0.538092438162,30.971859764534));
#9529 = CARTESIAN_POINT('',(0.590990612029,30.958488340019));
#9530 = CARTESIAN_POINT('',(0.643182297799,30.946108774017));
#9531 = CARTESIAN_POINT('',(0.760615244207,30.920494136358));
#9532 = CARTESIAN_POINT('',(0.82549012251,30.907964738091));
#9533 = CARTESIAN_POINT('',(0.889609629955,30.897550429033));
#9534 = CARTESIAN_POINT('',(0.953162626043,30.889449392083));
#9535 = CARTESIAN_POINT('',(1.016329499517,30.883790192805));
#9536 = CARTESIAN_POINT('',(1.079289956066,30.880641250314));
#9537 = CARTESIAN_POINT('',(1.24481743606,30.878992037365));
#9538 = CARTESIAN_POINT('',(1.347191412645,30.884672177338));
#9539 = CARTESIAN_POINT('',(1.450230675405,30.897068919806));
#9540 = CARTESIAN_POINT('',(1.554708770953,30.915820987477));
#9541 = CARTESIAN_POINT('',(1.661457595209,30.940174874741));
#9542 = CARTESIAN_POINT('',(1.771332018554,30.968766827482));
#9543 = CARTESIAN_POINT('',(1.991112593126,31.02776500869));
#9544 = CARTESIAN_POINT('',(2.103399044539,31.058680708745));
#9545 = CARTESIAN_POINT('',(2.220796012389,31.08984461482));
#9546 = CARTESIAN_POINT('',(2.342498917804,31.117841896163));
#9547 = CARTESIAN_POINT('',(2.468142543878,31.138865755425));
#9548 = CARTESIAN_POINT('',(2.59763787728,31.15));
#9549 = CARTESIAN_POINT('',(2.853887387751,31.15));
#9550 = CARTESIAN_POINT('',(2.973413723873,31.140626612387));
#9551 = CARTESIAN_POINT('',(3.089875983624,31.122731495512));
#9552 = CARTESIAN_POINT('',(3.203063042081,31.098452009674));
#9553 = CARTESIAN_POINT('',(3.312543181826,31.070750052569));
#9554 = CARTESIAN_POINT('',(3.417535927492,31.042462761181));
#9555 = CARTESIAN_POINT('',(3.638571398197,30.982769697366));
#9556 = CARTESIAN_POINT('',(3.755317201522,30.951139968545));
#9557 = CARTESIAN_POINT('',(3.868283809066,30.92364137959));
#9558 = CARTESIAN_POINT('',(3.978474852762,30.902043670678));
#9559 = CARTESIAN_POINT('',(4.086875771588,30.887309390802));
#9560 = CARTESIAN_POINT('',(4.194390579235,30.87992326309));
#9561 = CARTESIAN_POINT('',(4.40591246912,30.87992326309));
#9562 = CARTESIAN_POINT('',(4.509618463487,30.886792585972));
#9563 = CARTESIAN_POINT('',(4.614115096129,30.900500480499));
#9564 = CARTESIAN_POINT('',(4.720212539053,30.920625664315));
#9565 = CARTESIAN_POINT('',(4.828786732882,30.946329860557));
#9566 = CARTESIAN_POINT('',(4.940735824228,30.976102839686));
#9567 = CARTESIAN_POINT('',(5.135734908333,31.028702687781));
#9568 = CARTESIAN_POINT('',(5.216912491123,31.050792456575));
#9569 = CARTESIAN_POINT('',(5.300640900187,31.072934121488));
#9570 = CARTESIAN_POINT('',(5.386871318694,31.094014752196));
#9571 = CARTESIAN_POINT('',(5.475639361424,31.112759112615));
#9572 = CARTESIAN_POINT('',(5.567070917182,31.127869511075));
#9573 = CARTESIAN_POINT('',(5.750258673767,31.147976543465));
#9574 = CARTESIAN_POINT('',(5.840653727756,31.153397586241));
#9575 = CARTESIAN_POINT('',(5.931588251281,31.153607544909));
#9576 = CARTESIAN_POINT('',(6.022224180591,31.148301301242));
#9577 = CARTESIAN_POINT('',(6.111730420124,31.138002640989));
#9578 = CARTESIAN_POINT('',(6.19914887543,31.123894061848));
#9579 = CARTESIAN_POINT('',(6.28318530718,31.107411635506));
#9580 = ( GEOMETRIC_REPRESENTATION_CONTEXT(2) 
PARAMETRIC_REPRESENTATION_CONTEXT() REPRESENTATION_CONTEXT('2D SPACE',''
  ) );
#9581 = PCURVE('',#9411,#9582);
#9582 = DEFINITIONAL_REPRESENTATION('',(#9583),#9646);
#9583 = B_SPLINE_CURVE_WITH_KNOTS('',7,(#9584,#9585,#9586,#9587,#9588,
    #9589,#9590,#9591,#9592,#9593,#9594,#9595,#9596,#9597,#9598,#9599,
    #9600,#9601,#9602,#9603,#9604,#9605,#9606,#9607,#9608,#9609,#9610,
    #9611,#9612,#9613,#9614,#9615,#9616,#9617,#9618,#9619,#9620,#9621,
    #9622,#9623,#9624,#9625,#9626,#9627,#9628,#9629,#9630,#9631,#9632,
    #9633,#9634,#9635,#9636,#9637,#9638,#9639,#9640,#9641,#9642,#9643,
    #9644,#9645),.UNSPECIFIED.,.F.,.F.,(8,6,6,6,6,6,6,6,6,6,8),(0.,
    4.791086812402E-02,0.111143524156,0.191837312059,0.323374708091,
    0.445144381111,0.556871552349,0.694254854724,0.826744025533,
    0.915970719931,1.),.UNSPECIFIED.);
#9584 = CARTESIAN_POINT('',(1.773172126127,35.615817090259));
#9585 = CARTESIAN_POINT('',(1.782183425439,35.665238335032));
#9586 = CARTESIAN_POINT('',(1.790827373954,35.720112937646));
#9587 = CARTESIAN_POINT('',(1.799091757323,35.779902970127));
#9588 = CARTESIAN_POINT('',(1.806967000346,35.844092694379));
#9589 = CARTESIAN_POINT('',(1.814446183494,35.912187687438));
#9590 = CARTESIAN_POINT('',(1.821525059428,35.983713966718));
#9591 = CARTESIAN_POINT('',(1.837014372434,36.156546203212));
#9592 = CARTESIAN_POINT('',(1.845135470757,36.260159007907));
#9593 = CARTESIAN_POINT('',(1.852576098518,36.368220535418));
#9594 = CARTESIAN_POINT('',(1.859348732203,36.48002814696));
#9595 = CARTESIAN_POINT('',(1.865466471965,36.594991760473));
#9596 = CARTESIAN_POINT('',(1.870941922827,36.712614052204));
#9597 = CARTESIAN_POINT('',(1.881967898442,36.985424593105));
#9598 = CARTESIAN_POINT('',(1.887122606668,37.142040982709));
#9599 = CARTESIAN_POINT('',(1.89127136252,37.301413690248));
#9600 = CARTESIAN_POINT('',(1.894430913963,37.462783634914));
#9601 = CARTESIAN_POINT('',(1.896613235181,37.625493525162));
#9602 = CARTESIAN_POINT('',(1.897824887962,37.788943979273));
#9603 = CARTESIAN_POINT('',(1.898459306289,38.219243754114));
#9604 = CARTESIAN_POINT('',(1.896273404284,38.485954967536));
#9605 = CARTESIAN_POINT('',(1.891523248291,38.750386020399));
#9606 = CARTESIAN_POINT('',(1.884168101611,39.010071550304));
#9607 = CARTESIAN_POINT('',(1.874126752395,39.261983276113));
#9608 = CARTESIAN_POINT('',(1.861292028125,39.502011718367));
#9609 = CARTESIAN_POINT('',(1.830976353684,39.929732836364));
#9610 = CARTESIAN_POINT('',(1.813499028501,40.125804258894));
#9611 = CARTESIAN_POINT('',(1.793157083673,40.300540103455));
#9612 = CARTESIAN_POINT('',(1.770230897085,40.443526461476));
#9613 = CARTESIAN_POINT('',(1.745174388857,40.545830351281));
#9614 = CARTESIAN_POINT('',(1.718558708626,40.6));
#9615 = CARTESIAN_POINT('',(1.665890825051,40.6));
#9616 = CARTESIAN_POINT('',(1.641324100849,40.55439654782));
#9617 = CARTESIAN_POINT('',(1.61798012065,40.467320959263));
#9618 = CARTESIAN_POINT('',(1.59635963373,40.344389954109));
#9619 = CARTESIAN_POINT('',(1.576874418996,40.192683386704));
#9620 = CARTESIAN_POINT('',(1.559803794853,40.020735857056));
#9621 = CARTESIAN_POINT('',(1.527335048535,39.614367088488));
#9622 = CARTESIAN_POINT('',(1.512677397984,39.367861816746));
#9623 = CARTESIAN_POINT('',(1.501140268343,39.10671226927));
#9624 = CARTESIAN_POINT('',(1.492590975584,38.836040642616));
#9625 = CARTESIAN_POINT('',(1.486924101235,38.559504643642));
#9626 = CARTESIAN_POINT('',(1.484083252573,38.279965185322));
#9627 = CARTESIAN_POINT('',(1.484083252573,37.730008271622));
#9628 = CARTESIAN_POINT('',(1.486725317335,37.460371989046));
#9629 = CARTESIAN_POINT('',(1.491997494194,37.193439252571));
#9630 = CARTESIAN_POINT('',(1.499947570075,36.931789410839));
#9631 = CARTESIAN_POINT('',(1.510665797637,36.678655774613));
#9632 = CARTESIAN_POINT('',(1.52426765339,36.438488438307));
#9633 = CARTESIAN_POINT('',(1.552051711817,36.069322708634));
#9634 = CARTESIAN_POINT('',(1.564683473037,35.928444439598));
#9635 = CARTESIAN_POINT('',(1.578758771021,35.798620663286));
#9636 = CARTESIAN_POINT('',(1.594227896374,35.683235013484));
#9637 = CARTESIAN_POINT('',(1.611004508749,35.585680695552));
#9638 = CARTESIAN_POINT('',(1.628965018348,35.509391342003));
#9639 = CARTESIAN_POINT('',(1.665811947014,35.409427456588));
#9640 = CARTESIAN_POINT('',(1.68437583738,35.383510213123));
#9641 = CARTESIAN_POINT('',(1.703231338133,35.382805204322));
#9642 = CARTESIAN_POINT('',(1.721946729649,35.407945474322));
#9643 = CARTESIAN_POINT('',(1.740094831976,35.457636741013));
#9644 = CARTESIAN_POINT('',(1.757280027878,35.528659040099));
#9645 = CARTESIAN_POINT('',(1.773172126127,35.615817090259));
#9646 = ( GEOMETRIC_REPRESENTATION_CONTEXT(2) 
PARAMETRIC_REPRESENTATION_CONTEXT() REPRESENTATION_CONTEXT('2D SPACE',''
  ) );
#9647 = ORIENTED_EDGE('',*,*,#9427,.T.);
#9648 = ADVANCED_FACE('',(#9649),#1815,.F.);
#9649 = FACE_BOUND('',#9650,.F.);
#9650 = EDGE_LOOP('',(#9651,#9851,#9872,#9873));
#9651 = ORIENTED_EDGE('',*,*,#9652,.F.);
#9652 = EDGE_CURVE('',#9653,#9653,#9655,.T.);
#9653 = VERTEX_POINT('',#9654);
#9654 = CARTESIAN_POINT('',(41.536893214198,0.586615580241,
    -18.34950638911));
#9655 = SURFACE_CURVE('',#9656,(#9719,#9785),.PCURVE_S1.);
#9656 = B_SPLINE_CURVE_WITH_KNOTS('',7,(#9657,#9658,#9659,#9660,#9661,
    #9662,#9663,#9664,#9665,#9666,#9667,#9668,#9669,#9670,#9671,#9672,
    #9673,#9674,#9675,#9676,#9677,#9678,#9679,#9680,#9681,#9682,#9683,
    #9684,#9685,#9686,#9687,#9688,#9689,#9690,#9691,#9692,#9693,#9694,
    #9695,#9696,#9697,#9698,#9699,#9700,#9701,#9702,#9703,#9704,#9705,
    #9706,#9707,#9708,#9709,#9710,#9711,#9712,#9713,#9714,#9715,#9716,
    #9717,#9718),.UNSPECIFIED.,.T.,.F.,(8,6,6,6,6,6,6,6,6,6,8),(0.,
    4.791086812396E-02,0.111143524156,0.191837312059,0.323374708091,
    0.445144381111,0.556871552345,0.694254854722,0.826744025531,
    0.91597071993,1.),.UNSPECIFIED.);
#9657 = CARTESIAN_POINT('',(41.536893214199,0.586615580243,
    -18.34950638911));
#9658 = CARTESIAN_POINT('',(41.534182795467,0.577671198428,
    -18.47339949072));
#9659 = CARTESIAN_POINT('',(41.537827803919,0.56595089736,
    -18.59513095025));
#9660 = CARTESIAN_POINT('',(41.547470201428,0.551761277152,
    -18.71434433109));
#9661 = CARTESIAN_POINT('',(41.562755177407,0.535402910299,
    -18.83072770497));
#9662 = CARTESIAN_POINT('',(41.583329571186,0.517166307037,
    -18.9440122401));
#9663 = CARTESIAN_POINT('',(41.608840294404,0.497327880708,
    -19.05397078924));
#9664 = CARTESIAN_POINT('',(41.678648713104,0.448189999917,
    -19.3009032583));
#9665 = CARTESIAN_POINT('',(41.726385397693,0.417865851827,
    -19.43541126159));
#9666 = CARTESIAN_POINT('',(41.781435291193,0.38570616191,
    -19.56375892241));
#9667 = CARTESIAN_POINT('',(41.843182744286,0.352161684652,
    -19.68583974155));
#9668 = CARTESIAN_POINT('',(41.911094646174,0.317610446317,
    -19.80159931568));
#9669 = CARTESIAN_POINT('',(41.984711096465,0.2823669553,-19.91101236726
    ));
#9670 = CARTESIAN_POINT('',(42.164355484448,0.20116438791,
    -20.14556280029));
#9671 = CARTESIAN_POINT('',(42.273735595861,0.154926863278,
    -20.26671994326));
#9672 = CARTESIAN_POINT('',(42.390941079289,0.108528081998,
    -20.37746352008));
#9673 = CARTESIAN_POINT('',(42.515265957086,6.238905908089E-02,
    -20.47772443418));
#9674 = CARTESIAN_POINT('',(42.646101342251,1.682864459301E-02,
    -20.56740705304));
#9675 = CARTESIAN_POINT('',(42.782903248675,-2.791682568355E-02,
    -20.64636312557));
#9676 = CARTESIAN_POINT('',(43.157051252244,-0.143018280154,
    -20.82521286627));
#9677 = CARTESIAN_POINT('',(43.40309148777,-0.211640718164,
    -20.90678890908));
#9678 = CARTESIAN_POINT('',(43.661193557408,-0.276900042979,
    -20.95835490471));
#9679 = CARTESIAN_POINT('',(43.929319406755,-0.338556162961,
    -20.97837426769));
#9680 = CARTESIAN_POINT('',(44.205053996272,-0.396664590054,
    -20.96453154134));
#9681 = CARTESIAN_POINT('',(44.485020698837,-0.451627098003,
    -20.9136854867));
#9682 = CARTESIAN_POINT('',(45.022151492024,-0.55274648493,
    -20.73683008681));
#9683 = CARTESIAN_POINT('',(45.286768501155,-0.600629474432,
    -20.61427808842));
#9684 = CARTESIAN_POINT('',(45.546694199541,-0.646831502798,
    -20.44968189302));
#9685 = CARTESIAN_POINT('',(45.790565631202,-0.691477425242,
    -20.24185035385));
#9686 = CARTESIAN_POINT('',(46.007284671844,-0.735181917027,
    -19.99239565289));
#9687 = CARTESIAN_POINT('',(46.186585912624,-0.777881393703,
    -19.70526338314));
#9688 = CARTESIAN_POINT('',(46.440932525933,-0.854956125009,
    -19.09431767966));
#9689 = CARTESIAN_POINT('',(46.516832122661,-0.88775030645,
    -18.79115342332));
#9690 = CARTESIAN_POINT('',(46.547834519895,-0.915843677133,
    -18.48593123435));
#9691 = CARTESIAN_POINT('',(46.536969895357,-0.937921133334,
    -18.18694189686));
#9692 = CARTESIAN_POINT('',(46.489330999805,-0.952431029872,
    -17.9017641305));
#9693 = CARTESIAN_POINT('',(46.41196574233,-0.958544556921,
    -17.63684028819));
#9694 = CARTESIAN_POINT('',(46.193166176422,-0.954615264872,
    -17.10210135692));
#9695 = CARTESIAN_POINT('',(46.037435376642,-0.940474188922,
    -16.83617750686));
#9696 = CARTESIAN_POINT('',(45.855005456285,-0.913925819883,
    -16.6005518173));
#9697 = CARTESIAN_POINT('',(45.651660587575,-0.874873726087,
    -16.39540412624));
#9698 = CARTESIAN_POINT('',(45.431486070241,-0.823550104477,
    -16.22076140641));
#9699 = CARTESIAN_POINT('',(45.197450672918,-0.760348092084,
    -16.0770022393));
#9700 = CARTESIAN_POINT('',(44.714816686316,-0.614095368871,
    -15.85762315448));
#9701 = CARTESIAN_POINT('',(44.467693251503,-0.532031686731,
    -15.78005818385));
#9702 = CARTESIAN_POINT('',(44.212495430107,-0.44037556011,
    -15.73342929079));
#9703 = CARTESIAN_POINT('',(43.951094745368,-0.340134317487,
    -15.71941368787));
#9704 = CARTESIAN_POINT('',(43.685573987922,-0.232815027585,
    -15.74053004344));
#9705 = CARTESIAN_POINT('',(43.418726483751,-0.120842199875,
    -15.80017255082));
#9706 = CARTESIAN_POINT('',(42.977341305807,6.787275141619E-02,
    -15.97157593821));
#9707 = CARTESIAN_POINT('',(42.799694332632,0.144786886963,
    -16.06051053568));
#9708 = CARTESIAN_POINT('',(42.624727690914,0.220943027393,
    -16.17075535422));
#9709 = CARTESIAN_POINT('',(42.455289340173,0.294315247727,
    -16.30317662814));
#9710 = CARTESIAN_POINT('',(42.294382413187,0.362661006617,
    -16.45817879446));
#9711 = CARTESIAN_POINT('',(42.14524642196,0.423642668681,
    -16.63568420589));
#9712 = CARTESIAN_POINT('',(41.885573239349,0.523341459289,
    -17.02283366058));
#9713 = CARTESIAN_POINT('',(41.774756894599,0.56258664687,
    -17.22782167306));
#9714 = CARTESIAN_POINT('',(41.683104642219,0.590579443635,
    -17.44635112075));
#9715 = CARTESIAN_POINT('',(41.613226598838,0.606210085458,
    -17.67352686964));
#9716 = CARTESIAN_POINT('',(41.566265692683,0.609679537027,
    -17.90372384489));
#9717 = CARTESIAN_POINT('',(41.54167323973,0.602389664496,
    -18.13101166656));
#9718 = CARTESIAN_POINT('',(41.536893214199,0.586615580243,
    -18.34950638911));
#9719 = PCURVE('',#1815,#9720);
#9720 = DEFINITIONAL_REPRESENTATION('',(#9721),#9784);
#9721 = B_SPLINE_CURVE_WITH_KNOTS('',7,(#9722,#9723,#9724,#9725,#9726,
    #9727,#9728,#9729,#9730,#9731,#9732,#9733,#9734,#9735,#9736,#9737,
    #9738,#9739,#9740,#9741,#9742,#9743,#9744,#9745,#9746,#9747,#9748,
    #9749,#9750,#9751,#9752,#9753,#9754,#9755,#9756,#9757,#9758,#9759,
    #9760,#9761,#9762,#9763,#9764,#9765,#9766,#9767,#9768,#9769,#9770,
    #9771,#9772,#9773,#9774,#9775,#9776,#9777,#9778,#9779,#9780,#9781,
    #9782,#9783),.UNSPECIFIED.,.F.,.F.,(8,6,6,6,6,6,6,6,6,6,8),(0.,
    4.791086812396E-02,0.111143524156,0.191837312059,0.323374708091,
    0.445144381111,0.556871552345,0.694254854722,0.826744025531,
    0.91597071993,1.),.UNSPECIFIED.);
#9722 = CARTESIAN_POINT('',(0.,5.892588364494));
#9723 = CARTESIAN_POINT('',(4.765119292687E-02,5.90193439765));
#9724 = CARTESIAN_POINT('',(9.447108555293E-02,5.912093932393));
#9725 = CARTESIAN_POINT('',(0.140498903025,5.922877378635));
#9726 = CARTESIAN_POINT('',(0.185764231708,5.93409997886));
#9727 = CARTESIAN_POINT('',(0.230289088733,5.945586126886));
#9728 = CARTESIAN_POINT('',(0.27408999156,5.957173686636));
#9729 = CARTESIAN_POINT('',(0.374050160113,5.983954880059));
#9730 = CARTESIAN_POINT('',(0.429738992841,5.999131838268));
#9731 = CARTESIAN_POINT('',(0.484379457876,6.013944570133));
#9732 = CARTESIAN_POINT('',(0.538092438161,6.028140235466));
#9733 = CARTESIAN_POINT('',(0.590990612029,6.041511659981));
#9734 = CARTESIAN_POINT('',(0.643182297799,6.053891225983));
#9735 = CARTESIAN_POINT('',(0.760615244207,6.079505863642));
#9736 = CARTESIAN_POINT('',(0.82549012251,6.092035261909));
#9737 = CARTESIAN_POINT('',(0.889609629955,6.102449570967));
#9738 = CARTESIAN_POINT('',(0.953162626043,6.110550607917));
#9739 = CARTESIAN_POINT('',(1.016329499517,6.116209807195));
#9740 = CARTESIAN_POINT('',(1.079289956066,6.119358749686));
#9741 = CARTESIAN_POINT('',(1.24481743606,6.121007962635));
#9742 = CARTESIAN_POINT('',(1.347191412646,6.115327822662));
#9743 = CARTESIAN_POINT('',(1.450230675405,6.102931080194));
#9744 = CARTESIAN_POINT('',(1.554708770953,6.084179012523));
#9745 = CARTESIAN_POINT('',(1.66145759521,6.059825125259));
#9746 = CARTESIAN_POINT('',(1.771332018554,6.031233172518));
#9747 = CARTESIAN_POINT('',(1.991112593126,5.97223499131));
#9748 = CARTESIAN_POINT('',(2.103399044539,5.941319291255));
#9749 = CARTESIAN_POINT('',(2.22079601239,5.91015538518));
#9750 = CARTESIAN_POINT('',(2.342498917804,5.882158103837));
#9751 = CARTESIAN_POINT('',(2.468142543878,5.861134244575));
#9752 = CARTESIAN_POINT('',(2.59763787728,5.85));
#9753 = CARTESIAN_POINT('',(2.853887387747,5.85));
#9754 = CARTESIAN_POINT('',(2.973413723876,5.859373387613));
#9755 = CARTESIAN_POINT('',(3.089875983626,5.877268504489));
#9756 = CARTESIAN_POINT('',(3.20306304208,5.901547990325));
#9757 = CARTESIAN_POINT('',(3.312543181822,5.92924994743));
#9758 = CARTESIAN_POINT('',(3.417535927495,5.95753723882));
#9759 = CARTESIAN_POINT('',(3.638571398197,6.017230302634));
#9760 = CARTESIAN_POINT('',(3.755317201522,6.048860031455));
#9761 = CARTESIAN_POINT('',(3.868283809066,6.076358620411));
#9762 = CARTESIAN_POINT('',(3.978474852762,6.097956329322));
#9763 = CARTESIAN_POINT('',(4.086875771588,6.112690609198));
#9764 = CARTESIAN_POINT('',(4.194390579235,6.12007673691));
#9765 = CARTESIAN_POINT('',(4.40591246912,6.12007673691));
#9766 = CARTESIAN_POINT('',(4.509618463487,6.113207414028));
#9767 = CARTESIAN_POINT('',(4.614115096129,6.099499519501));
#9768 = CARTESIAN_POINT('',(4.720212539053,6.079374335685));
#9769 = CARTESIAN_POINT('',(4.828786732882,6.053670139444));
#9770 = CARTESIAN_POINT('',(4.940735824228,6.023897160314));
#9771 = CARTESIAN_POINT('',(5.135734908333,5.971297312219));
#9772 = CARTESIAN_POINT('',(5.216912491123,5.949207543425));
#9773 = CARTESIAN_POINT('',(5.300640900187,5.927065878512));
#9774 = CARTESIAN_POINT('',(5.386871318694,5.905985247804));
#9775 = CARTESIAN_POINT('',(5.475639361424,5.887240887385));
#9776 = CARTESIAN_POINT('',(5.567070917182,5.872130488925));
#9777 = CARTESIAN_POINT('',(5.750258673767,5.852023456535));
#9778 = CARTESIAN_POINT('',(5.840653727756,5.846602413759));
#9779 = CARTESIAN_POINT('',(5.931588251282,5.846392455091));
#9780 = CARTESIAN_POINT('',(6.02222418059,5.851698698758));
#9781 = CARTESIAN_POINT('',(6.111730420125,5.861997359011));
#9782 = CARTESIAN_POINT('',(6.19914887543,5.876105938152));
#9783 = CARTESIAN_POINT('',(6.28318530718,5.892588364494));
#9784 = ( GEOMETRIC_REPRESENTATION_CONTEXT(2) 
PARAMETRIC_REPRESENTATION_CONTEXT() REPRESENTATION_CONTEXT('2D SPACE',''
  ) );
#9785 = PCURVE('',#9411,#9786);
#9786 = DEFINITIONAL_REPRESENTATION('',(#9787),#9850);
#9787 = B_SPLINE_CURVE_WITH_KNOTS('',7,(#9788,#9789,#9790,#9791,#9792,
    #9793,#9794,#9795,#9796,#9797,#9798,#9799,#9800,#9801,#9802,#9803,
    #9804,#9805,#9806,#9807,#9808,#9809,#9810,#9811,#9812,#9813,#9814,
    #9815,#9816,#9817,#9818,#9819,#9820,#9821,#9822,#9823,#9824,#9825,
    #9826,#9827,#9828,#9829,#9830,#9831,#9832,#9833,#9834,#9835,#9836,
    #9837,#9838,#9839,#9840,#9841,#9842,#9843,#9844,#9845,#9846,#9847,
    #9848,#9849),.UNSPECIFIED.,.T.,.F.,(8,6,6,6,6,6,6,6,6,6,8),(0.,
    4.791086812396E-02,0.111143524156,0.191837312059,0.323374708091,
    0.445144381111,0.556871552345,0.694254854722,0.826744025531,
    0.91597071993,1.),.UNSPECIFIED.);
#9788 = CARTESIAN_POINT('',(4.750604860014,35.615817090259));
#9789 = CARTESIAN_POINT('',(4.741593560702,35.665238335032));
#9790 = CARTESIAN_POINT('',(4.732949612187,35.720112937646));
#9791 = CARTESIAN_POINT('',(4.724685228818,35.779902970127));
#9792 = CARTESIAN_POINT('',(4.716809985795,35.844092694379));
#9793 = CARTESIAN_POINT('',(4.709330802647,35.912187687438));
#9794 = CARTESIAN_POINT('',(4.702251926713,35.983713966718));
#9795 = CARTESIAN_POINT('',(4.686762613706,36.156546203212));
#9796 = CARTESIAN_POINT('',(4.678641515384,36.260159007907));
#9797 = CARTESIAN_POINT('',(4.671200887623,36.368220535418));
#9798 = CARTESIAN_POINT('',(4.664428253938,36.48002814696));
#9799 = CARTESIAN_POINT('',(4.658310514176,36.594991760473));
#9800 = CARTESIAN_POINT('',(4.652835063314,36.712614052204));
#9801 = CARTESIAN_POINT('',(4.641809087699,36.985424593105));
#9802 = CARTESIAN_POINT('',(4.636654379473,37.142040982709));
#9803 = CARTESIAN_POINT('',(4.63250562362,37.301413690248));
#9804 = CARTESIAN_POINT('',(4.629346072178,37.462783634914));
#9805 = CARTESIAN_POINT('',(4.62716375096,37.625493525162));
#9806 = CARTESIAN_POINT('',(4.625952098179,37.788943979272));
#9807 = CARTESIAN_POINT('',(4.625317679852,38.219243754114));
#9808 = CARTESIAN_POINT('',(4.627503581857,38.485954967536));
#9809 = CARTESIAN_POINT('',(4.63225373785,38.750386020399));
#9810 = CARTESIAN_POINT('',(4.63960888453,39.010071550304));
#9811 = CARTESIAN_POINT('',(4.649650233746,39.261983276113));
#9812 = CARTESIAN_POINT('',(4.662484958016,39.502011718367));
#9813 = CARTESIAN_POINT('',(4.692800632457,39.929732836364));
#9814 = CARTESIAN_POINT('',(4.71027795764,40.125804258893));
#9815 = CARTESIAN_POINT('',(4.730619902468,40.300540103456));
#9816 = CARTESIAN_POINT('',(4.753546089056,40.443526461476));
#9817 = CARTESIAN_POINT('',(4.778602597284,40.545830351281));
#9818 = CARTESIAN_POINT('',(4.805218277515,40.6));
#9819 = CARTESIAN_POINT('',(4.857886161089,40.6));
#9820 = CARTESIAN_POINT('',(4.882452885292,40.554396547823));
#9821 = CARTESIAN_POINT('',(4.905796865491,40.467320959259));
#9822 = CARTESIAN_POINT('',(4.92741735241,40.344389954107));
#9823 = CARTESIAN_POINT('',(4.946902567145,40.192683386714));
#9824 = CARTESIAN_POINT('',(4.963973191289,40.020735857049));
#9825 = CARTESIAN_POINT('',(4.996441937606,39.614367088488));
#9826 = CARTESIAN_POINT('',(5.011099588157,39.367861816746));
#9827 = CARTESIAN_POINT('',(5.022636717798,39.10671226927));
#9828 = CARTESIAN_POINT('',(5.031186010557,38.836040642615));
#9829 = CARTESIAN_POINT('',(5.036852884906,38.559504643643));
#9830 = CARTESIAN_POINT('',(5.039693733568,38.279965185322));
#9831 = CARTESIAN_POINT('',(5.039693733568,37.730008271622));
#9832 = CARTESIAN_POINT('',(5.037051668806,37.460371989046));
#9833 = CARTESIAN_POINT('',(5.031779491947,37.193439252572));
#9834 = CARTESIAN_POINT('',(5.023829416066,36.931789410839));
#9835 = CARTESIAN_POINT('',(5.013111188504,36.678655774613));
#9836 = CARTESIAN_POINT('',(4.999509332751,36.438488438307));
#9837 = CARTESIAN_POINT('',(4.971725274324,36.069322708634));
#9838 = CARTESIAN_POINT('',(4.959093513104,35.928444439598));
#9839 = CARTESIAN_POINT('',(4.94501821512,35.798620663286));
#9840 = CARTESIAN_POINT('',(4.929549089767,35.683235013484));
#9841 = CARTESIAN_POINT('',(4.912772477392,35.585680695552));
#9842 = CARTESIAN_POINT('',(4.894811967792,35.509391342003));
#9843 = CARTESIAN_POINT('',(4.857965039126,35.409427456588));
#9844 = CARTESIAN_POINT('',(4.839401148761,35.383510213123));
#9845 = CARTESIAN_POINT('',(4.820545648007,35.382805204322));
#9846 = CARTESIAN_POINT('',(4.801830256492,35.407945474322));
#9847 = CARTESIAN_POINT('',(4.783682154165,35.457636741013));
#9848 = CARTESIAN_POINT('',(4.766496958263,35.528659040098));
#9849 = CARTESIAN_POINT('',(4.750604860014,35.615817090259));
#9850 = ( GEOMETRIC_REPRESENTATION_CONTEXT(2) 
PARAMETRIC_REPRESENTATION_CONTEXT() REPRESENTATION_CONTEXT('2D SPACE',''
  ) );
#9851 = ORIENTED_EDGE('',*,*,#9852,.F.);
#9852 = EDGE_CURVE('',#1682,#9653,#9853,.T.);
#9853 = SEAM_CURVE('',#9854,(#9858,#9865),.PCURVE_S1.);
#9854 = LINE('',#9855,#9856);
#9855 = CARTESIAN_POINT('',(43.24578741726,6.225966450344,
    -18.34950638911));
#9856 = VECTOR('',#9857,1.);
#9857 = DIRECTION('',(-0.290007395283,-0.957024404433,1.232595164408E-32
    ));
#9858 = PCURVE('',#1815,#9859);
#9859 = DEFINITIONAL_REPRESENTATION('',(#9860),#9864);
#9860 = LINE('',#9861,#9862);
#9861 = CARTESIAN_POINT('',(6.28318530718,-0.));
#9862 = VECTOR('',#9863,1.);
#9863 = DIRECTION('',(0.,1.));
#9864 = ( GEOMETRIC_REPRESENTATION_CONTEXT(2) 
PARAMETRIC_REPRESENTATION_CONTEXT() REPRESENTATION_CONTEXT('2D SPACE',''
  ) );
#9865 = PCURVE('',#1815,#9866);
#9866 = DEFINITIONAL_REPRESENTATION('',(#9867),#9871);
#9867 = LINE('',#9868,#9869);
#9868 = CARTESIAN_POINT('',(0.,-0.));
#9869 = VECTOR('',#9870,1.);
#9870 = DIRECTION('',(0.,1.));
#9871 = ( GEOMETRIC_REPRESENTATION_CONTEXT(2) 
PARAMETRIC_REPRESENTATION_CONTEXT() REPRESENTATION_CONTEXT('2D SPACE',''
  ) );
#9872 = ORIENTED_EDGE('',*,*,#1681,.T.);
#9873 = ORIENTED_EDGE('',*,*,#9852,.T.);
#9874 = ADVANCED_FACE('',(#9875),#2116,.F.);
#9875 = FACE_BOUND('',#9876,.F.);
#9876 = EDGE_LOOP('',(#9877,#9878,#9899,#9900,#9901,#9924,#9953,#10230,
    #10252,#10253,#10254,#10255,#10256,#10257));
#9877 = ORIENTED_EDGE('',*,*,#1992,.F.);
#9878 = ORIENTED_EDGE('',*,*,#9879,.F.);
#9879 = EDGE_CURVE('',#2724,#1993,#9880,.T.);
#9880 = SEAM_CURVE('',#9881,(#9885,#9892),.PCURVE_S1.);
#9881 = LINE('',#9882,#9883);
#9882 = CARTESIAN_POINT('',(13.279294927848,32.234827940363,
    -8.19585332115));
#9883 = VECTOR('',#9884,1.);
#9884 = DIRECTION('',(0.81253825063,-0.582907875452,0.));
#9885 = PCURVE('',#2116,#9886);
#9886 = DEFINITIONAL_REPRESENTATION('',(#9887),#9891);
#9887 = LINE('',#9888,#9889);
#9888 = CARTESIAN_POINT('',(6.28318530718,-0.));
#9889 = VECTOR('',#9890,1.);
#9890 = DIRECTION('',(0.,1.));
#9891 = ( GEOMETRIC_REPRESENTATION_CONTEXT(2) 
PARAMETRIC_REPRESENTATION_CONTEXT() REPRESENTATION_CONTEXT('2D SPACE',''
  ) );
#9892 = PCURVE('',#2116,#9893);
#9893 = DEFINITIONAL_REPRESENTATION('',(#9894),#9898);
#9894 = LINE('',#9895,#9896);
#9895 = CARTESIAN_POINT('',(0.,-0.));
#9896 = VECTOR('',#9897,1.);
#9897 = DIRECTION('',(0.,1.));
#9898 = ( GEOMETRIC_REPRESENTATION_CONTEXT(2) 
PARAMETRIC_REPRESENTATION_CONTEXT() REPRESENTATION_CONTEXT('2D SPACE',''
  ) );
#9899 = ORIENTED_EDGE('',*,*,#3118,.T.);
#9900 = ORIENTED_EDGE('',*,*,#5350,.F.);
#9901 = ORIENTED_EDGE('',*,*,#9902,.F.);
#9902 = EDGE_CURVE('',#9903,#5351,#9905,.T.);
#9903 = VERTEX_POINT('',#9904);
#9904 = CARTESIAN_POINT('',(13.279294927848,32.234827940363,
    -8.19585332115));
#9905 = SEAM_CURVE('',#9906,(#9910,#9917),.PCURVE_S1.);
#9906 = LINE('',#9907,#9908);
#9907 = CARTESIAN_POINT('',(13.279294927848,32.234827940363,
    -8.19585332115));
#9908 = VECTOR('',#9909,1.);
#9909 = DIRECTION('',(0.81253825063,-0.582907875452,0.));
#9910 = PCURVE('',#2116,#9911);
#9911 = DEFINITIONAL_REPRESENTATION('',(#9912),#9916);
#9912 = LINE('',#9913,#9914);
#9913 = CARTESIAN_POINT('',(6.28318530718,-0.));
#9914 = VECTOR('',#9915,1.);
#9915 = DIRECTION('',(0.,1.));
#9916 = ( GEOMETRIC_REPRESENTATION_CONTEXT(2) 
PARAMETRIC_REPRESENTATION_CONTEXT() REPRESENTATION_CONTEXT('2D SPACE',''
  ) );
#9917 = PCURVE('',#2116,#9918);
#9918 = DEFINITIONAL_REPRESENTATION('',(#9919),#9923);
#9919 = LINE('',#9920,#9921);
#9920 = CARTESIAN_POINT('',(0.,-0.));
#9921 = VECTOR('',#9922,1.);
#9922 = DIRECTION('',(0.,1.));
#9923 = ( GEOMETRIC_REPRESENTATION_CONTEXT(2) 
PARAMETRIC_REPRESENTATION_CONTEXT() REPRESENTATION_CONTEXT('2D SPACE',''
  ) );
#9924 = ORIENTED_EDGE('',*,*,#9925,.T.);
#9925 = EDGE_CURVE('',#9903,#9926,#9928,.T.);
#9926 = VERTEX_POINT('',#9927);
#9927 = CARTESIAN_POINT('',(11.533670677637,29.801533530978,
    -5.195858033069));
#9928 = SURFACE_CURVE('',#9929,(#9934,#9941),.PCURVE_S1.);
#9929 = CIRCLE('',#9930,3.);
#9930 = AXIS2_PLACEMENT_3D('',#9931,#9932,#9933);
#9931 = CARTESIAN_POINT('',(11.530571301493,29.797213188474,
    -8.19585332115));
#9932 = DIRECTION('',(0.81253825063,-0.582907875452,0.));
#9933 = DIRECTION('',(0.582907875452,0.81253825063,0.));
#9934 = PCURVE('',#2116,#9935);
#9935 = DEFINITIONAL_REPRESENTATION('',(#9936),#9940);
#9936 = LINE('',#9937,#9938);
#9937 = CARTESIAN_POINT('',(0.,0.));
#9938 = VECTOR('',#9939,1.);
#9939 = DIRECTION('',(1.,0.));
#9940 = ( GEOMETRIC_REPRESENTATION_CONTEXT(2) 
PARAMETRIC_REPRESENTATION_CONTEXT() REPRESENTATION_CONTEXT('2D SPACE',''
  ) );
#9941 = PCURVE('',#9942,#9947);
#9942 = PLANE('',#9943);
#9943 = AXIS2_PLACEMENT_3D('',#9944,#9945,#9946);
#9944 = CARTESIAN_POINT('',(11.530571301493,29.797213188474,
    -8.19585332115));
#9945 = DIRECTION('',(0.81253825063,-0.582907875452,0.));
#9946 = DIRECTION('',(0.582907875452,0.81253825063,0.));
#9947 = DEFINITIONAL_REPRESENTATION('',(#9948),#9952);
#9948 = CIRCLE('',#9949,3.);
#9949 = AXIS2_PLACEMENT_2D('',#9950,#9951);
#9950 = CARTESIAN_POINT('',(0.,0.));
#9951 = DIRECTION('',(1.,0.));
#9952 = ( GEOMETRIC_REPRESENTATION_CONTEXT(2) 
PARAMETRIC_REPRESENTATION_CONTEXT() REPRESENTATION_CONTEXT('2D SPACE',''
  ) );
#9953 = ORIENTED_EDGE('',*,*,#9954,.T.);
#9954 = EDGE_CURVE('',#9926,#9955,#9957,.T.);
#9955 = VERTEX_POINT('',#9956);
#9956 = CARTESIAN_POINT('',(9.784947282481,27.363919101368,
    -8.017312933836));
#9957 = SURFACE_CURVE('',#9958,(#10045,#10135),.PCURVE_S1.);
#9958 = B_SPLINE_CURVE_WITH_KNOTS('',7,(#9959,#9960,#9961,#9962,#9963,
    #9964,#9965,#9966,#9967,#9968,#9969,#9970,#9971,#9972,#9973,#9974,
    #9975,#9976,#9977,#9978,#9979,#9980,#9981,#9982,#9983,#9984,#9985,
    #9986,#9987,#9988,#9989,#9990,#9991,#9992,#9993,#9994,#9995,#9996,
    #9997,#9998,#9999,#10000,#10001,#10002,#10003,#10004,#10005,#10006,
    #10007,#10008,#10009,#10010,#10011,#10012,#10013,#10014,#10015,
    #10016,#10017,#10018,#10019,#10020,#10021,#10022,#10023,#10024,
    #10025,#10026,#10027,#10028,#10029,#10030,#10031,#10032,#10033,
    #10034,#10035,#10036,#10037,#10038,#10039,#10040,#10041,#10042,
    #10043,#10044),.UNSPECIFIED.,.F.,.F.,(8,6,6,6,6,6,6,6,6,6,6,6,6,6,8)
  ,(0.,1.73432871407E-04,3.40874548105E-04,5.142851459266E-04,
    6.817053091973E-04,8.550936169121E-04,1.028470577653E-03,
    1.201836187426E-03,1.369212898153E-03,1.518647441783E-03,
    0.453644263555,0.672262158085,0.766912623729,0.822350287889,1.),
  .UNSPECIFIED.);
#9959 = CARTESIAN_POINT('',(11.53367067697,29.801534559371,
    -5.19585803455));
#9960 = CARTESIAN_POINT('',(11.533670745693,29.801428598327,-5.195857882
    ));
#9961 = CARTESIAN_POINT('',(11.533670813119,29.801322637053,
    -5.19585773233));
#9962 = CARTESIAN_POINT('',(11.533670879248,29.801216675551,
    -5.195857585537));
#9963 = CARTESIAN_POINT('',(11.53367094408,29.80111071382,
    -5.195857441624));
#9964 = CARTESIAN_POINT('',(11.533671007616,29.801004751861,
    -5.195857300589));
#9965 = CARTESIAN_POINT('',(11.533671069854,29.800898789673,
    -5.195857162433));
#9966 = CARTESIAN_POINT('',(11.533671189632,29.800690525286,
    -5.195856896552));
#9967 = CARTESIAN_POINT('',(11.53367124726,29.800588223101,
    -5.195856768631));
#9968 = CARTESIAN_POINT('',(11.533671303678,29.800485920704,
    -5.195856643394));
#9969 = CARTESIAN_POINT('',(11.533671358888,29.800383618094,
    -5.195856520841));
#9970 = CARTESIAN_POINT('',(11.533671412889,29.800281315271,
    -5.195856400972));
#9971 = CARTESIAN_POINT('',(11.53367146568,29.800179012235,
    -5.195856283786));
#9972 = CARTESIAN_POINT('',(11.533671570683,29.799970758856,
    -5.195856050701));
#9973 = CARTESIAN_POINT('',(11.533671622807,29.799864808497,
    -5.195855934997));
#9974 = CARTESIAN_POINT('',(11.533671673635,29.799758857911,
    -5.195855822172));
#9975 = CARTESIAN_POINT('',(11.533671723165,29.799652907096,
    -5.195855712225));
#9976 = CARTESIAN_POINT('',(11.533671771398,29.799546956053,
    -5.195855605158));
#9977 = CARTESIAN_POINT('',(11.533671818335,29.799441004782,
    -5.195855500969));
#9978 = CARTESIAN_POINT('',(11.533671908036,29.799232761858,
    -5.195855301852));
#9979 = CARTESIAN_POINT('',(11.53367195089,29.79913047022,
    -5.195855206726));
#9980 = CARTESIAN_POINT('',(11.533671992534,29.799028178369,
    -5.195855114285));
#9981 = CARTESIAN_POINT('',(11.533672032969,29.798925886307,
    -5.195855024527));
#9982 = CARTESIAN_POINT('',(11.533672072195,29.798823594032,
    -5.195854937454));
#9983 = CARTESIAN_POINT('',(11.533672110212,29.798721301544,
    -5.195854853065));
#9984 = CARTESIAN_POINT('',(11.533672185139,29.798513069645,
    -5.195854686744));
#9985 = CARTESIAN_POINT('',(11.533672221961,29.798407130218,
    -5.195854605006));
#9986 = CARTESIAN_POINT('',(11.533672257487,29.798301190563,
    -5.195854526147));
#9987 = CARTESIAN_POINT('',(11.533672291715,29.79819525068,
    -5.195854450167));
#9988 = CARTESIAN_POINT('',(11.533672324646,29.79808931057,
    -5.195854377068));
#9989 = CARTESIAN_POINT('',(11.53367235628,29.797983370233,
    -5.195854306847));
#9990 = CARTESIAN_POINT('',(11.533672416951,29.797771496036,
    -5.19585417217));
#9991 = CARTESIAN_POINT('',(11.533672445989,29.797665562177,
    -5.195854107714));
#9992 = CARTESIAN_POINT('',(11.533672473729,29.79755962809,
    -5.195854046136));
#9993 = CARTESIAN_POINT('',(11.533672500172,29.797453693776,
    -5.195853987438));
#9994 = CARTESIAN_POINT('',(11.533672525318,29.797347759235,
    -5.19585393162));
#9995 = CARTESIAN_POINT('',(11.533672549166,29.797241824466,
    -5.195853878682));
#9996 = CARTESIAN_POINT('',(11.533672594267,29.79702996141,
    -5.195853778568));
#9997 = CARTESIAN_POINT('',(11.533672615519,29.796924033123,
    -5.195853731392));
#9998 = CARTESIAN_POINT('',(11.533672635474,29.796818104609,
    -5.195853687096));
#9999 = CARTESIAN_POINT('',(11.533672654132,29.796712175868,
    -5.19585364568));
#10000 = CARTESIAN_POINT('',(11.533672671493,29.796606246899,
    -5.195853607143));
#10001 = CARTESIAN_POINT('',(11.533672687556,29.796500317704,
    -5.195853571487));
#10002 = CARTESIAN_POINT('',(11.533672716577,29.796292118182,
    -5.195853507066));
#10003 = CARTESIAN_POINT('',(11.533672729623,29.79618984787,
    -5.195853478107));
#10004 = CARTESIAN_POINT('',(11.53367274146,29.796087577347,
    -5.195853451832));
#10005 = CARTESIAN_POINT('',(11.533672752087,29.795985306613,
    -5.195853428242));
#10006 = CARTESIAN_POINT('',(11.533672761505,29.795883035667,
    -5.195853407336));
#10007 = CARTESIAN_POINT('',(11.533672769713,29.79578076451,
    -5.195853389116));
#10008 = CARTESIAN_POINT('',(11.53367278296,29.795587184888,
    -5.19585335971));
#10009 = CARTESIAN_POINT('',(11.533672788244,29.795495876465,
    -5.195853347981));
#10010 = CARTESIAN_POINT('',(11.533672792564,29.795404567874,
    -5.195853338391));
#10011 = CARTESIAN_POINT('',(11.53367279592,29.795313259115,
    -5.195853330942));
#10012 = CARTESIAN_POINT('',(11.533672798311,29.795221950188,
    -5.195853325633));
#10013 = CARTESIAN_POINT('',(11.533672799738,29.795130641092,
    -5.195853322465));
#10014 = CARTESIAN_POINT('',(11.533674200646,29.518776184801,
    -5.195850212752));
#10015 = CARTESIAN_POINT('',(11.524848283346,29.246150410986,
    -5.215441653971));
#10016 = CARTESIAN_POINT('',(11.506882577569,28.972709919084,
    -5.255322446416));
#10017 = CARTESIAN_POINT('',(11.477960670177,28.696545081227,
    -5.318962683624));
#10018 = CARTESIAN_POINT('',(11.435010780503,28.419775145796,
    -5.411943951894));
#10019 = CARTESIAN_POINT('',(11.373511513086,28.149836137503,
    -5.541000671362));
#10020 = CARTESIAN_POINT('',(11.244729110247,27.780201062554,
    -5.795447085659));
#10021 = CARTESIAN_POINT('',(11.195575848244,27.660962768917,
    -5.890798304743));
#10022 = CARTESIAN_POINT('',(11.138679609076,27.547478513545,
    -5.998707323921));
#10023 = CARTESIAN_POINT('',(11.073540756717,27.443655784837,
    -6.118905595429));
#10024 = CARTESIAN_POINT('',(10.999754505775,27.352815516943,
    -6.250719928138));
#10025 = CARTESIAN_POINT('',(10.917040744006,27.277691323186,
    -6.393135433048));
#10026 = CARTESIAN_POINT('',(10.785542831022,27.195604632001,
    -6.610632551166));
#10027 = CARTESIAN_POINT('',(10.744583815531,27.174439321255,
    -6.677327640704));
#10028 = CARTESIAN_POINT('',(10.7025491205,27.15699815447,
    -6.744677637543));
#10029 = CARTESIAN_POINT('',(10.659622821261,27.14328630479,
    -6.81233304759));
#10030 = CARTESIAN_POINT('',(10.616022591341,27.133226882812,
    -6.879923101504));
#10031 = CARTESIAN_POINT('',(10.572001965156,27.126661597158,
    -6.947058067368));
#10032 = CARTESIAN_POINT('',(10.501993904483,27.121412610382,
    -7.052148570644));
#10033 = CARTESIAN_POINT('',(10.476064956257,27.120588582858,
    -7.090709128232));
#10034 = CARTESIAN_POINT('',(10.450089226512,27.120832874981,
    -7.128982932222));
#10035 = CARTESIAN_POINT('',(10.424090926972,27.122098016366,
    -7.166940218643));
#10036 = CARTESIAN_POINT('',(10.398095010606,27.124335523737,
    -7.204551763462));
#10037 = CARTESIAN_POINT('',(10.372127171632,27.127495900926,
    -7.241788882589));
#10038 = CARTESIAN_POINT('',(10.263174724094,27.14445152707,
    -7.396659557211));
#10039 = CARTESIAN_POINT('',(10.180724203689,27.166327931946,
    -7.510520515491));
#10040 = CARTESIAN_POINT('',(10.099192867136,27.19556901842,
    -7.620049216436));
#10041 = CARTESIAN_POINT('',(10.018803354224,27.230863779036,
    -7.725270054575));
#10042 = CARTESIAN_POINT('',(9.939661354642,27.271168308683,
    -7.826350889962));
#10043 = CARTESIAN_POINT('',(9.861752731207,27.31569753736,
    -7.923573650408));
#10044 = CARTESIAN_POINT('',(9.784946773365,27.363919421012,
    -8.017313555202));
#10045 = PCURVE('',#2116,#10046);
#10046 = DEFINITIONAL_REPRESENTATION('',(#10047),#10134);
#10047 = B_SPLINE_CURVE_WITH_KNOTS('',7,(#10048,#10049,#10050,#10051,
    #10052,#10053,#10054,#10055,#10056,#10057,#10058,#10059,#10060,
    #10061,#10062,#10063,#10064,#10065,#10066,#10067,#10068,#10069,
    #10070,#10071,#10072,#10073,#10074,#10075,#10076,#10077,#10078,
    #10079,#10080,#10081,#10082,#10083,#10084,#10085,#10086,#10087,
    #10088,#10089,#10090,#10091,#10092,#10093,#10094,#10095,#10096,
    #10097,#10098,#10099,#10100,#10101,#10102,#10103,#10104,#10105,
    #10106,#10107,#10108,#10109,#10110,#10111,#10112,#10113,#10114,
    #10115,#10116,#10117,#10118,#10119,#10120,#10121,#10122,#10123,
    #10124,#10125,#10126,#10127,#10128,#10129,#10130,#10131,#10132,
    #10133),.UNSPECIFIED.,.F.,.F.,(8,6,6,6,6,6,6,6,6,6,6,6,6,6,8),(0.,
    1.73432871407E-04,3.40874548105E-04,5.142851459266E-04,
    6.817053091973E-04,8.550936169121E-04,1.028470577653E-03,
    1.201836187426E-03,1.369212898153E-03,1.518647441783E-03,
    0.453644263555,0.672262158085,0.766912623729,0.822350287889,1.),
  .UNSPECIFIED.);
#10048 = CARTESIAN_POINT('',(1.569023682692,-6.E-07));
#10049 = CARTESIAN_POINT('',(1.569052368518,6.122136720057E-05));
#10050 = CARTESIAN_POINT('',(1.569081054656,1.230418140971E-04));
#10051 = CARTESIAN_POINT('',(1.569109741107,1.8486134062E-04));
#10052 = CARTESIAN_POINT('',(1.569138427869,2.466799467005E-04));
#10053 = CARTESIAN_POINT('',(1.569167114945,3.084976322699E-04));
#10054 = CARTESIAN_POINT('',(1.569195802332,3.703143972603E-04));
#10055 = CARTESIAN_POINT('',(1.569252186722,4.918106732298E-04));
#10056 = CARTESIAN_POINT('',(1.569279883704,5.514902467191E-04));
#10057 = CARTESIAN_POINT('',(1.569307580977,6.11168962007E-04));
#10058 = CARTESIAN_POINT('',(1.569335278541,6.708468190299E-04));
#10059 = CARTESIAN_POINT('',(1.569362976396,7.305238177259E-04));
#10060 = CARTESIAN_POINT('',(1.569390674543,7.901999580341E-04));
#10061 = CARTESIAN_POINT('',(1.569447058806,9.116778119765E-04));
#10062 = CARTESIAN_POINT('',(1.569475744943,9.734794633094E-04));
#10063 = CARTESIAN_POINT('',(1.569504431394,1.035280193829E-03));
#10064 = CARTESIAN_POINT('',(1.569533118156,1.09708000347E-03));
#10065 = CARTESIAN_POINT('',(1.569561805232,1.158878892163E-03));
#10066 = CARTESIAN_POINT('',(1.56959049262,1.220676859837E-03));
#10067 = CARTESIAN_POINT('',(1.56964687701,1.342136186353E-03));
#10068 = CARTESIAN_POINT('',(1.569674573991,1.401797607738E-03));
#10069 = CARTESIAN_POINT('',(1.569702271264,1.461458170512E-03));
#10070 = CARTESIAN_POINT('',(1.569729968828,1.521117874611E-03));
#10071 = CARTESIAN_POINT('',(1.569757666683,1.580776719973E-03));
#10072 = CARTESIAN_POINT('',(1.56978536483,1.640434706537E-03));
#10073 = CARTESIAN_POINT('',(1.569841749093,1.761875601592E-03));
#10074 = CARTESIAN_POINT('',(1.569870435231,1.823658447763E-03));
#10075 = CARTESIAN_POINT('',(1.569899121681,1.88544037268E-03));
#10076 = CARTESIAN_POINT('',(1.569927808443,1.947221376276E-03));
#10077 = CARTESIAN_POINT('',(1.569956495519,2.009001458479E-03));
#10078 = CARTESIAN_POINT('',(1.569985182907,2.070780619222E-03));
#10079 = CARTESIAN_POINT('',(1.570042556433,2.194333054787E-03));
#10080 = CARTESIAN_POINT('',(1.57007124257,2.256106329725E-03));
#10081 = CARTESIAN_POINT('',(1.57009992902,2.317878683186E-03));
#10082 = CARTESIAN_POINT('',(1.570128615782,2.379650115103E-03));
#10083 = CARTESIAN_POINT('',(1.570157302858,2.441420625407E-03));
#10084 = CARTESIAN_POINT('',(1.570185990247,2.503190214027E-03));
#10085 = CARTESIAN_POINT('',(1.570243363772,2.626723503745E-03));
#10086 = CARTESIAN_POINT('',(1.570272049909,2.688487204972E-03));
#10087 = CARTESIAN_POINT('',(1.570300736359,2.750249984497E-03));
#10088 = CARTESIAN_POINT('',(1.570329423121,2.812011842249E-03));
#10089 = CARTESIAN_POINT('',(1.570358110197,2.873772778158E-03));
#10090 = CARTESIAN_POINT('',(1.570386797586,2.935532792158E-03));
#10091 = CARTESIAN_POINT('',(1.570443181977,3.056917514044E-03));
#10092 = CARTESIAN_POINT('',(1.570470878957,3.116542284523E-03));
#10093 = CARTESIAN_POINT('',(1.570498576229,3.17616619556E-03));
#10094 = CARTESIAN_POINT('',(1.570526273793,3.235789247095E-03));
#10095 = CARTESIAN_POINT('',(1.570553971649,3.295411439063E-03));
#10096 = CARTESIAN_POINT('',(1.570581669797,3.355032771404E-03));
#10097 = CARTESIAN_POINT('',(1.570634097507,3.467882621517E-03));
#10098 = CARTESIAN_POINT('',(1.570658827009,3.521111313722E-03));
#10099 = CARTESIAN_POINT('',(1.570683556744,3.574339320625E-03));
#10100 = CARTESIAN_POINT('',(1.570708286712,3.627566642183E-03));
#10101 = CARTESIAN_POINT('',(1.570733016912,3.680793278352E-03));
#10102 = CARTESIAN_POINT('',(1.570757747346,3.734019229087E-03));
#10103 = CARTESIAN_POINT('',(1.645606997309,0.164824346508));
#10104 = CARTESIAN_POINT('',(1.721161485678,0.316568661713));
#10105 = CARTESIAN_POINT('',(1.799396156142,0.461361454767));
#10106 = CARTESIAN_POINT('',(1.881928470186,0.598839957639));
#10107 = CARTESIAN_POINT('',(1.970006388951,0.72527290447));
#10108 = CARTESIAN_POINT('',(2.064554255531,0.832651971133));
#10109 = CARTESIAN_POINT('',(2.21572609745,0.943474539049));
#10110 = CARTESIAN_POINT('',(2.268197795436,0.973040573945));
#10111 = CARTESIAN_POINT('',(2.323167804998,0.9929610695));
#10112 = CARTESIAN_POINT('',(2.380102633775,1.000552346571));
#10113 = CARTESIAN_POINT('',(2.438581467785,0.993549702874));
#10114 = CARTESIAN_POINT('',(2.498260265961,0.970132091761));
#10115 = CARTESIAN_POINT('',(2.585089693855,0.911133986346));
#10116 = CARTESIAN_POINT('',(2.611186525987,0.890190645871));
#10117 = CARTESIAN_POINT('',(2.637055164922,0.866202441781));
#10118 = CARTESIAN_POINT('',(2.662605824277,0.839315926856));
#10119 = CARTESIAN_POINT('',(2.687747578177,0.809752788603));
#10120 = CARTESIAN_POINT('',(2.712386505113,0.777811302724));
#10121 = CARTESIAN_POINT('',(2.750502719167,0.723986751304));
#10122 = CARTESIAN_POINT('',(2.764389420429,0.703398821206));
#10123 = CARTESIAN_POINT('',(2.778082349084,0.682150147398));
#10124 = CARTESIAN_POINT('',(2.791579605325,0.660288073693));
#10125 = CARTESIAN_POINT('',(2.804878976045,0.637861136618));
#10126 = CARTESIAN_POINT('',(2.817977934832,0.614919065412));
#10127 = CARTESIAN_POINT('',(2.872197869763,0.516507466276));
#10128 = CARTESIAN_POINT('',(2.911420657288,0.436761335973));
#10129 = CARTESIAN_POINT('',(2.94871910877,0.353469146806));
#10130 = CARTESIAN_POINT('',(2.984259429488,0.26757599869));
#10131 = CARTESIAN_POINT('',(3.018208763187,0.179776269051));
#10132 = CARTESIAN_POINT('',(3.050742093761,9.051609437308E-02));
#10133 = CARTESIAN_POINT('',(3.082044211215,-6.E-07));
#10134 = ( GEOMETRIC_REPRESENTATION_CONTEXT(2) 
PARAMETRIC_REPRESENTATION_CONTEXT() REPRESENTATION_CONTEXT('2D SPACE',''
  ) );
#10135 = PCURVE('',#10136,#10141);
#10136 = CYLINDRICAL_SURFACE('',#10137,12.65);
#10137 = AXIS2_PLACEMENT_3D('',#10138,#10139,#10140);
#10138 = CARTESIAN_POINT('',(0.,8.,0.));
#10139 = DIRECTION('',(0.,1.,0.));
#10140 = DIRECTION('',(0.,-0.,1.));
#10141 = DEFINITIONAL_REPRESENTATION('',(#10142),#10229);
#10142 = B_SPLINE_CURVE_WITH_KNOTS('',7,(#10143,#10144,#10145,#10146,
    #10147,#10148,#10149,#10150,#10151,#10152,#10153,#10154,#10155,
    #10156,#10157,#10158,#10159,#10160,#10161,#10162,#10163,#10164,
    #10165,#10166,#10167,#10168,#10169,#10170,#10171,#10172,#10173,
    #10174,#10175,#10176,#10177,#10178,#10179,#10180,#10181,#10182,
    #10183,#10184,#10185,#10186,#10187,#10188,#10189,#10190,#10191,
    #10192,#10193,#10194,#10195,#10196,#10197,#10198,#10199,#10200,
    #10201,#10202,#10203,#10204,#10205,#10206,#10207,#10208,#10209,
    #10210,#10211,#10212,#10213,#10214,#10215,#10216,#10217,#10218,
    #10219,#10220,#10221,#10222,#10223,#10224,#10225,#10226,#10227,
    #10228),.UNSPECIFIED.,.F.,.F.,(8,6,6,6,6,6,6,6,6,6,6,6,6,6,8),(0.,
    1.73432871407E-04,3.40874548105E-04,5.142851459266E-04,
    6.817053091973E-04,8.550936169121E-04,1.028470577653E-03,
    1.201836187426E-03,1.369212898153E-03,1.518647441783E-03,
    0.453644263555,0.672262158085,0.766912623729,0.822350287889,1.),
  .UNSPECIFIED.);
#10143 = CARTESIAN_POINT('',(1.994061607388,21.801534559371));
#10144 = CARTESIAN_POINT('',(1.994061594161,21.801428598327));
#10145 = CARTESIAN_POINT('',(1.994061581184,21.801322637053));
#10146 = CARTESIAN_POINT('',(1.994061568457,21.801216675551));
#10147 = CARTESIAN_POINT('',(1.994061555979,21.80111071382));
#10148 = CARTESIAN_POINT('',(1.994061543751,21.801004751861));
#10149 = CARTESIAN_POINT('',(1.994061531773,21.800898789673));
#10150 = CARTESIAN_POINT('',(1.99406150872,21.800690525286));
#10151 = CARTESIAN_POINT('',(1.994061497629,21.800588223101));
#10152 = CARTESIAN_POINT('',(1.994061486771,21.800485920704));
#10153 = CARTESIAN_POINT('',(1.994061476145,21.800383618094));
#10154 = CARTESIAN_POINT('',(1.994061465752,21.800281315271));
#10155 = CARTESIAN_POINT('',(1.994061455592,21.800179012235));
#10156 = CARTESIAN_POINT('',(1.994061435383,21.799970758856));
#10157 = CARTESIAN_POINT('',(1.994061425351,21.799864808497));
#10158 = CARTESIAN_POINT('',(1.994061415569,21.799758857911));
#10159 = CARTESIAN_POINT('',(1.994061406036,21.799652907096));
#10160 = CARTESIAN_POINT('',(1.994061396753,21.799546956053));
#10161 = CARTESIAN_POINT('',(1.99406138772,21.799441004782));
#10162 = CARTESIAN_POINT('',(1.994061370456,21.799232761858));
#10163 = CARTESIAN_POINT('',(1.994061362208,21.79913047022));
#10164 = CARTESIAN_POINT('',(1.994061354193,21.799028178369));
#10165 = CARTESIAN_POINT('',(1.994061346411,21.798925886307));
#10166 = CARTESIAN_POINT('',(1.994061338861,21.798823594032));
#10167 = CARTESIAN_POINT('',(1.994061331545,21.798721301544));
#10168 = CARTESIAN_POINT('',(1.994061317124,21.798513069645));
#10169 = CARTESIAN_POINT('',(1.994061310037,21.798407130218));
#10170 = CARTESIAN_POINT('',(1.9940613032,21.798301190563));
#10171 = CARTESIAN_POINT('',(1.994061296612,21.79819525068));
#10172 = CARTESIAN_POINT('',(1.994061290274,21.79808931057));
#10173 = CARTESIAN_POINT('',(1.994061284186,21.797983370233));
#10174 = CARTESIAN_POINT('',(1.994061272509,21.797771496036));
#10175 = CARTESIAN_POINT('',(1.994061266921,21.797665562177));
#10176 = CARTESIAN_POINT('',(1.994061261582,21.79755962809));
#10177 = CARTESIAN_POINT('',(1.994061256492,21.797453693776));
#10178 = CARTESIAN_POINT('',(1.994061251653,21.797347759235));
#10179 = CARTESIAN_POINT('',(1.994061247063,21.797241824466));
#10180 = CARTESIAN_POINT('',(1.994061238383,21.79702996141));
#10181 = CARTESIAN_POINT('',(1.994061234293,21.796924033123));
#10182 = CARTESIAN_POINT('',(1.994061230452,21.796818104609));
#10183 = CARTESIAN_POINT('',(1.994061226861,21.796712175868));
#10184 = CARTESIAN_POINT('',(1.99406122352,21.796606246899));
#10185 = CARTESIAN_POINT('',(1.994061220428,21.796500317704));
#10186 = CARTESIAN_POINT('',(1.994061214843,21.796292118182));
#10187 = CARTESIAN_POINT('',(1.994061212332,21.79618984787));
#10188 = CARTESIAN_POINT('',(1.994061210054,21.796087577347));
#10189 = CARTESIAN_POINT('',(1.994061208009,21.795985306613));
#10190 = CARTESIAN_POINT('',(1.994061206196,21.795883035667));
#10191 = CARTESIAN_POINT('',(1.994061204616,21.79578076451));
#10192 = CARTESIAN_POINT('',(1.994061202067,21.795587184888));
#10193 = CARTESIAN_POINT('',(1.99406120105,21.795495876465));
#10194 = CARTESIAN_POINT('',(1.994061200218,21.795404567874));
#10195 = CARTESIAN_POINT('',(1.994061199572,21.795313259115));
#10196 = CARTESIAN_POINT('',(1.994061199112,21.795221950188));
#10197 = CARTESIAN_POINT('',(1.994061198838,21.795130641092));
#10198 = CARTESIAN_POINT('',(1.994060929217,21.518776184801));
#10199 = CARTESIAN_POINT('',(1.995759538769,21.246150410986));
#10200 = CARTESIAN_POINT('',(1.999217422133,20.972709919084));
#10201 = CARTESIAN_POINT('',(2.004743048435,20.696545081227));
#10202 = CARTESIAN_POINT('',(2.012839984648,20.419775145796));
#10203 = CARTESIAN_POINT('',(2.024138057269,20.149836137503));
#10204 = CARTESIAN_POINT('',(2.046681965801,19.780201062554));
#10205 = CARTESIAN_POINT('',(2.055161951544,19.660962768917));
#10206 = CARTESIAN_POINT('',(2.064804753872,19.547478513545));
#10207 = CARTESIAN_POINT('',(2.075610723939,19.443655784837));
#10208 = CARTESIAN_POINT('',(2.08755014623,19.352815516943));
#10209 = CARTESIAN_POINT('',(2.100567317537,19.277691323186));
#10210 = CARTESIAN_POINT('',(2.120658922574,19.195604632001));
#10211 = CARTESIAN_POINT('',(2.126845966462,19.174439321254));
#10212 = CARTESIAN_POINT('',(2.133121670099,19.15699815447));
#10213 = CARTESIAN_POINT('',(2.139455298267,19.14328630479));
#10214 = CARTESIAN_POINT('',(2.145813320381,19.133226882812));
#10215 = CARTESIAN_POINT('',(2.152159415746,19.126661597158));
#10216 = CARTESIAN_POINT('',(2.162141556194,19.121412610382));
#10217 = CARTESIAN_POINT('',(2.165814840009,19.120588582859));
#10218 = CARTESIAN_POINT('',(2.16947139157,19.120832874981));
#10219 = CARTESIAN_POINT('',(2.173108270208,19.122098016366));
#10220 = CARTESIAN_POINT('',(2.176722533272,19.124335523736));
#10221 = CARTESIAN_POINT('',(2.180311236122,19.127495900926));
#10222 = CARTESIAN_POINT('',(2.195280062104,19.14445152707));
#10223 = CARTESIAN_POINT('',(2.206391973913,19.166327931946));
#10224 = CARTESIAN_POINT('',(2.21718440712,19.19556901842));
#10225 = CARTESIAN_POINT('',(2.227650651069,19.230863779036));
#10226 = CARTESIAN_POINT('',(2.237798020647,19.271168308683));
#10227 = CARTESIAN_POINT('',(2.247646242913,19.31569753736));
#10228 = CARTESIAN_POINT('',(2.257226254636,19.363919421012));
#10229 = ( GEOMETRIC_REPRESENTATION_CONTEXT(2) 
PARAMETRIC_REPRESENTATION_CONTEXT() REPRESENTATION_CONTEXT('2D SPACE',''
  ) );
#10230 = ORIENTED_EDGE('',*,*,#10231,.T.);
#10231 = EDGE_CURVE('',#9955,#9903,#10232,.T.);
#10232 = SURFACE_CURVE('',#10233,(#10238,#10245),.PCURVE_S1.);
#10233 = CIRCLE('',#10234,3.);
#10234 = AXIS2_PLACEMENT_3D('',#10235,#10236,#10237);
#10235 = CARTESIAN_POINT('',(11.530571301493,29.797213188474,
    -8.19585332115));
#10236 = DIRECTION('',(0.81253825063,-0.582907875452,0.));
#10237 = DIRECTION('',(0.582907875452,0.81253825063,0.));
#10238 = PCURVE('',#2116,#10239);
#10239 = DEFINITIONAL_REPRESENTATION('',(#10240),#10244);
#10240 = LINE('',#10241,#10242);
#10241 = CARTESIAN_POINT('',(0.,0.));
#10242 = VECTOR('',#10243,1.);
#10243 = DIRECTION('',(1.,0.));
#10244 = ( GEOMETRIC_REPRESENTATION_CONTEXT(2) 
PARAMETRIC_REPRESENTATION_CONTEXT() REPRESENTATION_CONTEXT('2D SPACE',''
  ) );
#10245 = PCURVE('',#9942,#10246);
#10246 = DEFINITIONAL_REPRESENTATION('',(#10247),#10251);
#10247 = CIRCLE('',#10248,3.);
#10248 = AXIS2_PLACEMENT_2D('',#10249,#10250);
#10249 = CARTESIAN_POINT('',(0.,0.));
#10250 = DIRECTION('',(1.,0.));
#10251 = ( GEOMETRIC_REPRESENTATION_CONTEXT(2) 
PARAMETRIC_REPRESENTATION_CONTEXT() REPRESENTATION_CONTEXT('2D SPACE',''
  ) );
#10252 = ORIENTED_EDGE('',*,*,#9902,.T.);
#10253 = ORIENTED_EDGE('',*,*,#5748,.F.);
#10254 = ORIENTED_EDGE('',*,*,#2723,.T.);
#10255 = ORIENTED_EDGE('',*,*,#9879,.T.);
#10256 = ORIENTED_EDGE('',*,*,#2182,.F.);
#10257 = ORIENTED_EDGE('',*,*,#2265,.F.);
#10258 = ADVANCED_FACE('',(#10259),#2252,.T.);
#10259 = FACE_BOUND('',#10260,.T.);
#10260 = EDGE_LOOP('',(#10261));
#10261 = ORIENTED_EDGE('',*,*,#2237,.T.);
#10262 = ADVANCED_FACE('',(#10263,#10266),#5146,.T.);
#10263 = FACE_BOUND('',#10264,.T.);
#10264 = EDGE_LOOP('',(#10265));
#10265 = ORIENTED_EDGE('',*,*,#5131,.T.);
#10266 = FACE_BOUND('',#10267,.T.);
#10267 = EDGE_LOOP('',(#10268));
#10268 = ORIENTED_EDGE('',*,*,#10269,.F.);
#10269 = EDGE_CURVE('',#10270,#10270,#10272,.T.);
#10270 = VERTEX_POINT('',#10271);
#10271 = CARTESIAN_POINT('',(-3.098356401843E-15,62.,12.65));
#10272 = SURFACE_CURVE('',#10273,(#10278,#10285),.PCURVE_S1.);
#10273 = CIRCLE('',#10274,12.65);
#10274 = AXIS2_PLACEMENT_3D('',#10275,#10276,#10277);
#10275 = CARTESIAN_POINT('',(0.,62.,0.));
#10276 = DIRECTION('',(0.,1.,0.));
#10277 = DIRECTION('',(0.,-0.,1.));
#10278 = PCURVE('',#5146,#10279);
#10279 = DEFINITIONAL_REPRESENTATION('',(#10280),#10284);
#10280 = CIRCLE('',#10281,12.65);
#10281 = AXIS2_PLACEMENT_2D('',#10282,#10283);
#10282 = CARTESIAN_POINT('',(0.,0.));
#10283 = DIRECTION('',(1.,0.));
#10284 = ( GEOMETRIC_REPRESENTATION_CONTEXT(2) 
PARAMETRIC_REPRESENTATION_CONTEXT() REPRESENTATION_CONTEXT('2D SPACE',''
  ) );
#10285 = PCURVE('',#10136,#10286);
#10286 = DEFINITIONAL_REPRESENTATION('',(#10287),#10291);
#10287 = LINE('',#10288,#10289);
#10288 = CARTESIAN_POINT('',(0.,54.));
#10289 = VECTOR('',#10290,1.);
#10290 = DIRECTION('',(1.,0.));
#10291 = ( GEOMETRIC_REPRESENTATION_CONTEXT(2) 
PARAMETRIC_REPRESENTATION_CONTEXT() REPRESENTATION_CONTEXT('2D SPACE',''
  ) );
#10292 = ADVANCED_FACE('',(#10293),#4898,.T.);
#10293 = FACE_BOUND('',#10294,.T.);
#10294 = EDGE_LOOP('',(#10295,#10296,#10297,#10298));
#10295 = ORIENTED_EDGE('',*,*,#8355,.F.);
#10296 = ORIENTED_EDGE('',*,*,#4881,.F.);
#10297 = ORIENTED_EDGE('',*,*,#6489,.F.);
#10298 = ORIENTED_EDGE('',*,*,#7634,.F.);
#10299 = ADVANCED_FACE('',(#10300),#4179,.F.);
#10300 = FACE_BOUND('',#10301,.F.);
#10301 = EDGE_LOOP('',(#10302,#10325,#10354,#10626,#10648,#10649,#10650,
    #10651,#10672,#10673,#10674,#10675,#10676));
#10302 = ORIENTED_EDGE('',*,*,#10303,.T.);
#10303 = EDGE_CURVE('',#3914,#10304,#10306,.T.);
#10304 = VERTEX_POINT('',#10305);
#10305 = CARTESIAN_POINT('',(-13.27929492784,32.234827940363,
    -8.19585332115));
#10306 = SEAM_CURVE('',#10307,(#10311,#10318),.PCURVE_S1.);
#10307 = LINE('',#10308,#10309);
#10308 = CARTESIAN_POINT('',(-26.27990693792,22.908301933136,
    -8.19585332115));
#10309 = VECTOR('',#10310,1.);
#10310 = DIRECTION('',(0.81253825063,0.582907875452,0.));
#10311 = PCURVE('',#4179,#10312);
#10312 = DEFINITIONAL_REPRESENTATION('',(#10313),#10317);
#10313 = LINE('',#10314,#10315);
#10314 = CARTESIAN_POINT('',(6.28318530718,-0.));
#10315 = VECTOR('',#10316,1.);
#10316 = DIRECTION('',(0.,1.));
#10317 = ( GEOMETRIC_REPRESENTATION_CONTEXT(2) 
PARAMETRIC_REPRESENTATION_CONTEXT() REPRESENTATION_CONTEXT('2D SPACE',''
  ) );
#10318 = PCURVE('',#4179,#10319);
#10319 = DEFINITIONAL_REPRESENTATION('',(#10320),#10324);
#10320 = LINE('',#10321,#10322);
#10321 = CARTESIAN_POINT('',(0.,-0.));
#10322 = VECTOR('',#10323,1.);
#10323 = DIRECTION('',(0.,1.));
#10324 = ( GEOMETRIC_REPRESENTATION_CONTEXT(2) 
PARAMETRIC_REPRESENTATION_CONTEXT() REPRESENTATION_CONTEXT('2D SPACE',''
  ) );
#10325 = ORIENTED_EDGE('',*,*,#10326,.F.);
#10326 = EDGE_CURVE('',#10327,#10304,#10329,.T.);
#10327 = VERTEX_POINT('',#10328);
#10328 = CARTESIAN_POINT('',(-9.784947282481,27.363919101368,
    -8.017312933836));
#10329 = SURFACE_CURVE('',#10330,(#10335,#10342),.PCURVE_S1.);
#10330 = CIRCLE('',#10331,3.);
#10331 = AXIS2_PLACEMENT_3D('',#10332,#10333,#10334);
#10332 = CARTESIAN_POINT('',(-11.53057130149,29.797213188474,
    -8.19585332115));
#10333 = DIRECTION('',(0.81253825063,0.582907875452,-0.));
#10334 = DIRECTION('',(-0.582907875452,0.81253825063,0.));
#10335 = PCURVE('',#4179,#10336);
#10336 = DEFINITIONAL_REPRESENTATION('',(#10337),#10341);
#10337 = LINE('',#10338,#10339);
#10338 = CARTESIAN_POINT('',(0.,16.));
#10339 = VECTOR('',#10340,1.);
#10340 = DIRECTION('',(1.,0.));
#10341 = ( GEOMETRIC_REPRESENTATION_CONTEXT(2) 
PARAMETRIC_REPRESENTATION_CONTEXT() REPRESENTATION_CONTEXT('2D SPACE',''
  ) );
#10342 = PCURVE('',#10343,#10348);
#10343 = PLANE('',#10344);
#10344 = AXIS2_PLACEMENT_3D('',#10345,#10346,#10347);
#10345 = CARTESIAN_POINT('',(-11.53057130149,29.797213188474,
    -8.19585332115));
#10346 = DIRECTION('',(0.81253825063,0.582907875452,-0.));
#10347 = DIRECTION('',(-0.582907875452,0.81253825063,0.));
#10348 = DEFINITIONAL_REPRESENTATION('',(#10349),#10353);
#10349 = CIRCLE('',#10350,3.);
#10350 = AXIS2_PLACEMENT_2D('',#10351,#10352);
#10351 = CARTESIAN_POINT('',(0.,0.));
#10352 = DIRECTION('',(1.,0.));
#10353 = ( GEOMETRIC_REPRESENTATION_CONTEXT(2) 
PARAMETRIC_REPRESENTATION_CONTEXT() REPRESENTATION_CONTEXT('2D SPACE',''
  ) );
#10354 = ORIENTED_EDGE('',*,*,#10355,.F.);
#10355 = EDGE_CURVE('',#10356,#10327,#10358,.T.);
#10356 = VERTEX_POINT('',#10357);
#10357 = CARTESIAN_POINT('',(-11.53367067763,29.801533530978,
    -5.195858033069));
#10358 = SURFACE_CURVE('',#10359,(#10446,#10536),.PCURVE_S1.);
#10359 = B_SPLINE_CURVE_WITH_KNOTS('',7,(#10360,#10361,#10362,#10363,
    #10364,#10365,#10366,#10367,#10368,#10369,#10370,#10371,#10372,
    #10373,#10374,#10375,#10376,#10377,#10378,#10379,#10380,#10381,
    #10382,#10383,#10384,#10385,#10386,#10387,#10388,#10389,#10390,
    #10391,#10392,#10393,#10394,#10395,#10396,#10397,#10398,#10399,
    #10400,#10401,#10402,#10403,#10404,#10405,#10406,#10407,#10408,
    #10409,#10410,#10411,#10412,#10413,#10414,#10415,#10416,#10417,
    #10418,#10419,#10420,#10421,#10422,#10423,#10424,#10425,#10426,
    #10427,#10428,#10429,#10430,#10431,#10432,#10433,#10434,#10435,
    #10436,#10437,#10438,#10439,#10440,#10441,#10442,#10443,#10444,
    #10445),.UNSPECIFIED.,.F.,.F.,(8,6,6,6,6,6,6,6,6,6,6,6,6,6,8),(0.,
    1.734328456347E-04,3.408744974507E-04,5.142850693621E-04,
    6.876843027588E-04,8.610721933682E-04,1.028470424544E-03,
    1.201836008589E-03,1.375190237488E-03,1.51864721587E-03,
    0.453644196033,0.672262058024,0.766912509581,0.822350186131,1.),
  .UNSPECIFIED.);
#10360 = CARTESIAN_POINT('',(-11.53367067697,29.801534559371,
    -5.19585803455));
#10361 = CARTESIAN_POINT('',(-11.53367074569,29.801428598326,
    -5.195857882));
#10362 = CARTESIAN_POINT('',(-11.53367081311,29.801322637053,
    -5.19585773233));
#10363 = CARTESIAN_POINT('',(-11.53367087924,29.801216675551,
    -5.195857585537));
#10364 = CARTESIAN_POINT('',(-11.53367094408,29.80111071382,
    -5.195857441624));
#10365 = CARTESIAN_POINT('',(-11.53367100761,29.801004751861,
    -5.195857300589));
#10366 = CARTESIAN_POINT('',(-11.53367106985,29.800898789673,
    -5.195857162433));
#10367 = CARTESIAN_POINT('',(-11.53367118963,29.800690525286,
    -5.195856896552));
#10368 = CARTESIAN_POINT('',(-11.53367124726,29.800588223101,
    -5.195856768631));
#10369 = CARTESIAN_POINT('',(-11.53367130367,29.800485920704,
    -5.195856643394));
#10370 = CARTESIAN_POINT('',(-11.53367135888,29.800383618094,
    -5.195856520841));
#10371 = CARTESIAN_POINT('',(-11.53367141288,29.800281315271,
    -5.195856400972));
#10372 = CARTESIAN_POINT('',(-11.53367146568,29.800179012235,
    -5.195856283786));
#10373 = CARTESIAN_POINT('',(-11.53367157068,29.799970758856,
    -5.195856050701));
#10374 = CARTESIAN_POINT('',(-11.5336716228,29.799864808497,
    -5.195855934997));
#10375 = CARTESIAN_POINT('',(-11.53367167363,29.799758857911,
    -5.195855822172));
#10376 = CARTESIAN_POINT('',(-11.53367172316,29.799652907096,
    -5.195855712225));
#10377 = CARTESIAN_POINT('',(-11.53367177139,29.799546956053,
    -5.195855605158));
#10378 = CARTESIAN_POINT('',(-11.53367181833,29.799441004782,
    -5.195855500969));
#10379 = CARTESIAN_POINT('',(-11.53367190961,29.799229108712,
    -5.195855298358));
#10380 = CARTESIAN_POINT('',(-11.53367195394,29.799123163913,
    -5.195855199935));
#10381 = CARTESIAN_POINT('',(-11.53367199699,29.799017218886,
    -5.195855104391));
#10382 = CARTESIAN_POINT('',(-11.53367203873,29.798911273631,
    -5.195855011726));
#10383 = CARTESIAN_POINT('',(-11.53367207918,29.798805328149,
    -5.19585492194));
#10384 = CARTESIAN_POINT('',(-11.53367211833,29.798699382438,
    -5.195854835034));
#10385 = CARTESIAN_POINT('',(-11.53367219404,29.798487497493,
    -5.195854666986));
#10386 = CARTESIAN_POINT('',(-11.53367223059,29.798381558257,
    -5.195854585844));
#10387 = CARTESIAN_POINT('',(-11.53367226585,29.798275618794,
    -5.195854507581));
#10388 = CARTESIAN_POINT('',(-11.53367229981,29.798169679104,
    -5.195854432198));
#10389 = CARTESIAN_POINT('',(-11.53367233247,29.798063739186,
    -5.195854359693));
#10390 = CARTESIAN_POINT('',(-11.53367236383,29.79795779904,
    -5.195854290069));
#10391 = CARTESIAN_POINT('',(-11.53367242293,29.797749577989,
    -5.195854158886));
#10392 = CARTESIAN_POINT('',(-11.53367245075,29.797647297099,
    -5.195854097131));
#10393 = CARTESIAN_POINT('',(-11.53367247736,29.797545015997,
    -5.19585403806));
#10394 = CARTESIAN_POINT('',(-11.53367250276,29.797442734683,
    -5.195853981674));
#10395 = CARTESIAN_POINT('',(-11.53367252696,29.797340453157,
    -5.195853927973));
#10396 = CARTESIAN_POINT('',(-11.53367254994,29.79723817142,
    -5.195853876955));
#10397 = CARTESIAN_POINT('',(-11.53367259426,29.79702996141,
    -5.195853778568));
#10398 = CARTESIAN_POINT('',(-11.53367261551,29.796924033123,
    -5.195853731392));
#10399 = CARTESIAN_POINT('',(-11.53367263547,29.796818104609,
    -5.195853687096));
#10400 = CARTESIAN_POINT('',(-11.53367265413,29.796712175868,
    -5.19585364568));
#10401 = CARTESIAN_POINT('',(-11.53367267149,29.796606246899,
    -5.195853607143));
#10402 = CARTESIAN_POINT('',(-11.53367268755,29.796500317704,
    -5.195853571487));
#10403 = CARTESIAN_POINT('',(-11.53367271708,29.796288465798,
    -5.195853505936));
#10404 = CARTESIAN_POINT('',(-11.53367273055,29.796182543087,
    -5.195853476042));
#10405 = CARTESIAN_POINT('',(-11.53367274272,29.79607662015,
    -5.195853449027));
#10406 = CARTESIAN_POINT('',(-11.53367275359,29.795970696985,
    -5.195853424892));
#10407 = CARTESIAN_POINT('',(-11.53367276317,29.795864773594,
    -5.195853403637));
#10408 = CARTESIAN_POINT('',(-11.53367277144,29.795758849976,
    -5.195853385263));
#10409 = CARTESIAN_POINT('',(-11.5336727842,29.795565270268,
    -5.195853356947));
#10410 = CARTESIAN_POINT('',(-11.53367278909,29.795477614249,
    -5.195853346097));
#10411 = CARTESIAN_POINT('',(-11.53367279309,29.795389958075,
    -5.19585333722));
#10412 = CARTESIAN_POINT('',(-11.5336727962,29.795302301746,
    -5.195853330315));
#10413 = CARTESIAN_POINT('',(-11.53367279842,29.795214645262,
    -5.195853325383));
#10414 = CARTESIAN_POINT('',(-11.53367279975,29.795126988622,
    -5.195853322424));
#10415 = CARTESIAN_POINT('',(-11.53367420064,29.518776184801,
    -5.195850212752));
#10416 = CARTESIAN_POINT('',(-11.52484828334,29.246150410985,
    -5.215441653971));
#10417 = CARTESIAN_POINT('',(-11.50688257756,28.972709919085,
    -5.255322446416));
#10418 = CARTESIAN_POINT('',(-11.47796067017,28.696545081226,
    -5.318962683624));
#10419 = CARTESIAN_POINT('',(-11.4350107805,28.419775145796,
    -5.411943951894));
#10420 = CARTESIAN_POINT('',(-11.37351151308,28.149836137503,
    -5.541000671362));
#10421 = CARTESIAN_POINT('',(-11.24472911024,27.780201062554,
    -5.79544708566));
#10422 = CARTESIAN_POINT('',(-11.19557584824,27.660962768917,
    -5.890798304743));
#10423 = CARTESIAN_POINT('',(-11.13867960907,27.547478513546,
    -5.99870732392));
#10424 = CARTESIAN_POINT('',(-11.07354075671,27.443655784837,
    -6.118905595429));
#10425 = CARTESIAN_POINT('',(-10.99975450577,27.352815516943,
    -6.250719928138));
#10426 = CARTESIAN_POINT('',(-10.917040744,27.277691323186,
    -6.393135433049));
#10427 = CARTESIAN_POINT('',(-10.78554283102,27.195604632001,
    -6.610632551166));
#10428 = CARTESIAN_POINT('',(-10.74458381553,27.174439321255,
    -6.677327640704));
#10429 = CARTESIAN_POINT('',(-10.7025491205,27.15699815447,
    -6.744677637543));
#10430 = CARTESIAN_POINT('',(-10.65962282126,27.14328630479,
    -6.81233304759));
#10431 = CARTESIAN_POINT('',(-10.61602259134,27.133226882812,
    -6.879923101504));
#10432 = CARTESIAN_POINT('',(-10.57200196515,27.126661597158,
    -6.947058067368));
#10433 = CARTESIAN_POINT('',(-10.50199389485,27.12141260966,
    -7.052148585097));
#10434 = CARTESIAN_POINT('',(-10.47606495493,27.120588581805,
    -7.090709130544));
#10435 = CARTESIAN_POINT('',(-10.45008923387,27.120832874234,
    -7.128982921613));
#10436 = CARTESIAN_POINT('',(-10.42409093456,27.12209801647,
    -7.166940207398));
#10437 = CARTESIAN_POINT('',(-10.39809500986,27.124335524814,
    -7.204551764187));
#10438 = CARTESIAN_POINT('',(-10.37212716258,27.127495902334,
    -7.241788895456));
#10439 = CARTESIAN_POINT('',(-10.26317472409,27.14445152707,
    -7.396659557211));
#10440 = CARTESIAN_POINT('',(-10.18072420368,27.166327931946,
    -7.510520515491));
#10441 = CARTESIAN_POINT('',(-10.09919286713,27.19556901842,
    -7.620049216436));
#10442 = CARTESIAN_POINT('',(-10.01880335422,27.230863779036,
    -7.725270054575));
#10443 = CARTESIAN_POINT('',(-9.939661354642,27.271168308683,
    -7.826350889962));
#10444 = CARTESIAN_POINT('',(-9.861752731207,27.31569753736,
    -7.923573650408));
#10445 = CARTESIAN_POINT('',(-9.784946773365,27.363919421012,
    -8.017313555202));
#10446 = PCURVE('',#4179,#10447);
#10447 = DEFINITIONAL_REPRESENTATION('',(#10448),#10535);
#10448 = B_SPLINE_CURVE_WITH_KNOTS('',7,(#10449,#10450,#10451,#10452,
    #10453,#10454,#10455,#10456,#10457,#10458,#10459,#10460,#10461,
    #10462,#10463,#10464,#10465,#10466,#10467,#10468,#10469,#10470,
    #10471,#10472,#10473,#10474,#10475,#10476,#10477,#10478,#10479,
    #10480,#10481,#10482,#10483,#10484,#10485,#10486,#10487,#10488,
    #10489,#10490,#10491,#10492,#10493,#10494,#10495,#10496,#10497,
    #10498,#10499,#10500,#10501,#10502,#10503,#10504,#10505,#10506,
    #10507,#10508,#10509,#10510,#10511,#10512,#10513,#10514,#10515,
    #10516,#10517,#10518,#10519,#10520,#10521,#10522,#10523,#10524,
    #10525,#10526,#10527,#10528,#10529,#10530,#10531,#10532,#10533,
    #10534),.UNSPECIFIED.,.F.,.F.,(8,6,6,6,6,6,6,6,6,6,6,6,6,6,8),(0.,
    1.734328456347E-04,3.408744974507E-04,5.142850693621E-04,
    6.876843027588E-04,8.610721933682E-04,1.028470424544E-03,
    1.201836008589E-03,1.375190237488E-03,1.51864721587E-03,
    0.453644196033,0.672262058024,0.766912509581,0.822350186131,1.),
  .UNSPECIFIED.);
#10449 = CARTESIAN_POINT('',(1.569023682692,16.0000006));
#10450 = CARTESIAN_POINT('',(1.569052368518,15.999938778633));
#10451 = CARTESIAN_POINT('',(1.569081054656,15.999876958186));
#10452 = CARTESIAN_POINT('',(1.569109741107,15.999815138659));
#10453 = CARTESIAN_POINT('',(1.569138427869,15.999753320053));
#10454 = CARTESIAN_POINT('',(1.569167114945,15.999691502368));
#10455 = CARTESIAN_POINT('',(1.569195802332,15.999629685603));
#10456 = CARTESIAN_POINT('',(1.569252186722,15.999508189327));
#10457 = CARTESIAN_POINT('',(1.569279883704,15.999448509753));
#10458 = CARTESIAN_POINT('',(1.569307580977,15.999388831038));
#10459 = CARTESIAN_POINT('',(1.569335278541,15.999329153181));
#10460 = CARTESIAN_POINT('',(1.569362976396,15.999269476182));
#10461 = CARTESIAN_POINT('',(1.569390674543,15.999209800042));
#10462 = CARTESIAN_POINT('',(1.569447058806,15.999088322188));
#10463 = CARTESIAN_POINT('',(1.569475744943,15.999026520537));
#10464 = CARTESIAN_POINT('',(1.569504431394,15.998964719806));
#10465 = CARTESIAN_POINT('',(1.569533118156,15.998902919997));
#10466 = CARTESIAN_POINT('',(1.569561805232,15.998841121108));
#10467 = CARTESIAN_POINT('',(1.56959049262,15.99877932314));
#10468 = CARTESIAN_POINT('',(1.569647866145,15.998655733088));
#10469 = CARTESIAN_POINT('',(1.569676552283,15.998593941003));
#10470 = CARTESIAN_POINT('',(1.569705238733,15.998532149839));
#10471 = CARTESIAN_POINT('',(1.569733925495,15.998470359596));
#10472 = CARTESIAN_POINT('',(1.569762612571,15.998408570274));
#10473 = CARTESIAN_POINT('',(1.569791299959,15.998346781874));
#10474 = CARTESIAN_POINT('',(1.569848673484,15.998223210957));
#10475 = CARTESIAN_POINT('',(1.569877359622,15.998161428441));
#10476 = CARTESIAN_POINT('',(1.569906046072,15.998099646846));
#10477 = CARTESIAN_POINT('',(1.569934732834,15.998037866173));
#10478 = CARTESIAN_POINT('',(1.56996341991,15.99797608642));
#10479 = CARTESIAN_POINT('',(1.569992107298,15.99791430759));
#10480 = CARTESIAN_POINT('',(1.570048491689,15.99779288588));
#10481 = CARTESIAN_POINT('',(1.570076188669,15.997733242939));
#10482 = CARTESIAN_POINT('',(1.570103885942,15.997673600857));
#10483 = CARTESIAN_POINT('',(1.570131583506,15.997613959633));
#10484 = CARTESIAN_POINT('',(1.570159281362,15.997554319269));
#10485 = CARTESIAN_POINT('',(1.570186979509,15.997494679765));
#10486 = CARTESIAN_POINT('',(1.570243363772,15.997373276496));
#10487 = CARTESIAN_POINT('',(1.570272049909,15.997311512795));
#10488 = CARTESIAN_POINT('',(1.570300736359,15.997249750016));
#10489 = CARTESIAN_POINT('',(1.570329423121,15.997187988158));
#10490 = CARTESIAN_POINT('',(1.570358110197,15.997126227222));
#10491 = CARTESIAN_POINT('',(1.570386797586,15.997064467208));
#10492 = CARTESIAN_POINT('',(1.570444171112,15.996940953069));
#10493 = CARTESIAN_POINT('',(1.570472857248,15.996879198944));
#10494 = CARTESIAN_POINT('',(1.570501543697,15.996817445741));
#10495 = CARTESIAN_POINT('',(1.57053023046,15.99675569346));
#10496 = CARTESIAN_POINT('',(1.570558917536,15.996693942101));
#10497 = CARTESIAN_POINT('',(1.570587604926,15.996632191664));
#10498 = CARTESIAN_POINT('',(1.570640032754,15.996519342162));
#10499 = CARTESIAN_POINT('',(1.570663773094,15.996468242807));
#10500 = CARTESIAN_POINT('',(1.570687513648,15.996417144084));
#10501 = CARTESIAN_POINT('',(1.570711254417,15.996366045992));
#10502 = CARTESIAN_POINT('',(1.570734995401,15.996314948531));
#10503 = CARTESIAN_POINT('',(1.5707587366,15.996263851703));
#10504 = CARTESIAN_POINT('',(1.645606997309,15.835175653492));
#10505 = CARTESIAN_POINT('',(1.721161485679,15.683431338287));
#10506 = CARTESIAN_POINT('',(1.799396156142,15.538638545234));
#10507 = CARTESIAN_POINT('',(1.881928470186,15.40116004236));
#10508 = CARTESIAN_POINT('',(1.970006388951,15.274727095531));
#10509 = CARTESIAN_POINT('',(2.064554255531,15.167348028867));
#10510 = CARTESIAN_POINT('',(2.21572609745,15.056525460951));
#10511 = CARTESIAN_POINT('',(2.268197795436,15.026959426055));
#10512 = CARTESIAN_POINT('',(2.323167804997,15.0070389305));
#10513 = CARTESIAN_POINT('',(2.380102633775,14.999447653428));
#10514 = CARTESIAN_POINT('',(2.438581467785,15.006450297126));
#10515 = CARTESIAN_POINT('',(2.498260265961,15.029867908239));
#10516 = CARTESIAN_POINT('',(2.585089693855,15.088866013654));
#10517 = CARTESIAN_POINT('',(2.611186525987,15.109809354129));
#10518 = CARTESIAN_POINT('',(2.637055164922,15.133797558219));
#10519 = CARTESIAN_POINT('',(2.662605824277,15.160684073144));
#10520 = CARTESIAN_POINT('',(2.687747578177,15.190247211397));
#10521 = CARTESIAN_POINT('',(2.712386505113,15.222188697276));
#10522 = CARTESIAN_POINT('',(2.750502724409,15.276013256098));
#10523 = CARTESIAN_POINT('',(2.764389421342,15.296601179254));
#10524 = CARTESIAN_POINT('',(2.778082345338,15.317849846182));
#10525 = CARTESIAN_POINT('',(2.791579601284,15.339711920196));
#10526 = CARTESIAN_POINT('',(2.80487897622,15.362138864615));
#10527 = CARTESIAN_POINT('',(2.817977939336,15.385080942764));
#10528 = CARTESIAN_POINT('',(2.872197869763,15.483492533724));
#10529 = CARTESIAN_POINT('',(2.911420657288,15.563238664027));
#10530 = CARTESIAN_POINT('',(2.94871910877,15.646530853194));
#10531 = CARTESIAN_POINT('',(2.984259429488,15.73242400131));
#10532 = CARTESIAN_POINT('',(3.018208763187,15.820223730949));
#10533 = CARTESIAN_POINT('',(3.050742093761,15.909483905627));
#10534 = CARTESIAN_POINT('',(3.082044211215,16.0000006));
#10535 = ( GEOMETRIC_REPRESENTATION_CONTEXT(2) 
PARAMETRIC_REPRESENTATION_CONTEXT() REPRESENTATION_CONTEXT('2D SPACE',''
  ) );
#10536 = PCURVE('',#10136,#10537);
#10537 = DEFINITIONAL_REPRESENTATION('',(#10538),#10625);
#10538 = B_SPLINE_CURVE_WITH_KNOTS('',7,(#10539,#10540,#10541,#10542,
    #10543,#10544,#10545,#10546,#10547,#10548,#10549,#10550,#10551,
    #10552,#10553,#10554,#10555,#10556,#10557,#10558,#10559,#10560,
    #10561,#10562,#10563,#10564,#10565,#10566,#10567,#10568,#10569,
    #10570,#10571,#10572,#10573,#10574,#10575,#10576,#10577,#10578,
    #10579,#10580,#10581,#10582,#10583,#10584,#10585,#10586,#10587,
    #10588,#10589,#10590,#10591,#10592,#10593,#10594,#10595,#10596,
    #10597,#10598,#10599,#10600,#10601,#10602,#10603,#10604,#10605,
    #10606,#10607,#10608,#10609,#10610,#10611,#10612,#10613,#10614,
    #10615,#10616,#10617,#10618,#10619,#10620,#10621,#10622,#10623,
    #10624),.UNSPECIFIED.,.F.,.F.,(8,6,6,6,6,6,6,6,6,6,6,6,6,6,8),(0.,
    1.734328456347E-04,3.408744974507E-04,5.142850693621E-04,
    6.876843027588E-04,8.610721933682E-04,1.028470424544E-03,
    1.201836008589E-03,1.375190237488E-03,1.51864721587E-03,
    0.453644196033,0.672262058024,0.766912509581,0.822350186131,1.),
  .UNSPECIFIED.);
#10539 = CARTESIAN_POINT('',(4.289123699792,21.801534559371));
#10540 = CARTESIAN_POINT('',(4.289123713018,21.801428598327));
#10541 = CARTESIAN_POINT('',(4.289123725995,21.801322637053));
#10542 = CARTESIAN_POINT('',(4.289123738722,21.801216675551));
#10543 = CARTESIAN_POINT('',(4.2891237512,21.80111071382));
#10544 = CARTESIAN_POINT('',(4.289123763428,21.801004751861));
#10545 = CARTESIAN_POINT('',(4.289123775407,21.800898789673));
#10546 = CARTESIAN_POINT('',(4.289123798459,21.800690525286));
#10547 = CARTESIAN_POINT('',(4.28912380955,21.800588223101));
#10548 = CARTESIAN_POINT('',(4.289123820409,21.800485920704));
#10549 = CARTESIAN_POINT('',(4.289123831034,21.800383618094));
#10550 = CARTESIAN_POINT('',(4.289123841427,21.800281315271));
#10551 = CARTESIAN_POINT('',(4.289123851588,21.800179012235));
#10552 = CARTESIAN_POINT('',(4.289123871797,21.799970758856));
#10553 = CARTESIAN_POINT('',(4.289123881829,21.799864808497));
#10554 = CARTESIAN_POINT('',(4.289123891611,21.799758857911));
#10555 = CARTESIAN_POINT('',(4.289123901144,21.799652907096));
#10556 = CARTESIAN_POINT('',(4.289123910427,21.799546956053));
#10557 = CARTESIAN_POINT('',(4.28912391946,21.799441004782));
#10558 = CARTESIAN_POINT('',(4.289123937027,21.799229108712));
#10559 = CARTESIAN_POINT('',(4.28912394556,21.799123163913));
#10560 = CARTESIAN_POINT('',(4.289123953844,21.799017218886));
#10561 = CARTESIAN_POINT('',(4.289123961879,21.798911273631));
#10562 = CARTESIAN_POINT('',(4.289123969663,21.798805328149));
#10563 = CARTESIAN_POINT('',(4.289123977198,21.798699382438));
#10564 = CARTESIAN_POINT('',(4.289123991769,21.798487497493));
#10565 = CARTESIAN_POINT('',(4.289123998804,21.798381558257));
#10566 = CARTESIAN_POINT('',(4.289124005589,21.798275618794));
#10567 = CARTESIAN_POINT('',(4.289124012125,21.798169679104));
#10568 = CARTESIAN_POINT('',(4.289124018412,21.798063739186));
#10569 = CARTESIAN_POINT('',(4.289124024448,21.79795779904));
#10570 = CARTESIAN_POINT('',(4.289124035822,21.797749577989));
#10571 = CARTESIAN_POINT('',(4.289124041177,21.797647297099));
#10572 = CARTESIAN_POINT('',(4.289124046298,21.797545015997));
#10573 = CARTESIAN_POINT('',(4.289124051187,21.797442734683));
#10574 = CARTESIAN_POINT('',(4.289124055843,21.797340453157));
#10575 = CARTESIAN_POINT('',(4.289124060266,21.79723817142));
#10576 = CARTESIAN_POINT('',(4.289124068797,21.79702996141));
#10577 = CARTESIAN_POINT('',(4.289124072887,21.796924033123));
#10578 = CARTESIAN_POINT('',(4.289124076728,21.796818104609));
#10579 = CARTESIAN_POINT('',(4.289124080319,21.796712175868));
#10580 = CARTESIAN_POINT('',(4.28912408366,21.796606246899));
#10581 = CARTESIAN_POINT('',(4.289124086751,21.796500317704));
#10582 = CARTESIAN_POINT('',(4.289124092435,21.796288465798));
#10583 = CARTESIAN_POINT('',(4.289124095027,21.796182543087));
#10584 = CARTESIAN_POINT('',(4.289124097369,21.79607662015));
#10585 = CARTESIAN_POINT('',(4.289124099461,21.795970696985));
#10586 = CARTESIAN_POINT('',(4.289124101304,21.795864773594));
#10587 = CARTESIAN_POINT('',(4.289124102897,21.795758849976));
#10588 = CARTESIAN_POINT('',(4.289124105352,21.795565270268));
#10589 = CARTESIAN_POINT('',(4.289124106293,21.795477614249));
#10590 = CARTESIAN_POINT('',(4.289124107063,21.795389958075));
#10591 = CARTESIAN_POINT('',(4.289124107661,21.795302301746));
#10592 = CARTESIAN_POINT('',(4.289124108089,21.795214645262));
#10593 = CARTESIAN_POINT('',(4.289124108346,21.795126988622));
#10594 = CARTESIAN_POINT('',(4.289124377962,21.518776184801));
#10595 = CARTESIAN_POINT('',(4.28742576841,21.246150410985));
#10596 = CARTESIAN_POINT('',(4.283967885046,20.972709919085));
#10597 = CARTESIAN_POINT('',(4.278442258744,20.696545081226));
#10598 = CARTESIAN_POINT('',(4.270345322531,20.419775145796));
#10599 = CARTESIAN_POINT('',(4.259047249911,20.149836137503));
#10600 = CARTESIAN_POINT('',(4.236503341379,19.780201062554));
#10601 = CARTESIAN_POINT('',(4.228023355636,19.660962768917));
#10602 = CARTESIAN_POINT('',(4.218380553308,19.547478513546));
#10603 = CARTESIAN_POINT('',(4.207574583241,19.443655784837));
#10604 = CARTESIAN_POINT('',(4.19563516095,19.352815516943));
#10605 = CARTESIAN_POINT('',(4.182617989642,19.277691323186));
#10606 = CARTESIAN_POINT('',(4.162526384605,19.195604632001));
#10607 = CARTESIAN_POINT('',(4.156339340717,19.174439321254));
#10608 = CARTESIAN_POINT('',(4.15006363708,19.15699815447));
#10609 = CARTESIAN_POINT('',(4.143730008913,19.14328630479));
#10610 = CARTESIAN_POINT('',(4.137371986798,19.133226882812));
#10611 = CARTESIAN_POINT('',(4.131025891433,19.126661597158));
#10612 = CARTESIAN_POINT('',(4.121043749612,19.12141260966));
#10613 = CARTESIAN_POINT('',(4.11737046696,19.120588581805));
#10614 = CARTESIAN_POINT('',(4.113713916631,19.120832874234));
#10615 = CARTESIAN_POINT('',(4.110077038044,19.12209801647));
#10616 = CARTESIAN_POINT('',(4.106462773827,19.124335524814));
#10617 = CARTESIAN_POINT('',(4.102874069814,19.127495902334));
#10618 = CARTESIAN_POINT('',(4.087905245076,19.14445152707));
#10619 = CARTESIAN_POINT('',(4.076793333267,19.166327931946));
#10620 = CARTESIAN_POINT('',(4.06600090006,19.19556901842));
#10621 = CARTESIAN_POINT('',(4.05553465611,19.230863779036));
#10622 = CARTESIAN_POINT('',(4.045387286533,19.271168308683));
#10623 = CARTESIAN_POINT('',(4.035539064266,19.31569753736));
#10624 = CARTESIAN_POINT('',(4.025959052544,19.363919421012));
#10625 = ( GEOMETRIC_REPRESENTATION_CONTEXT(2) 
PARAMETRIC_REPRESENTATION_CONTEXT() REPRESENTATION_CONTEXT('2D SPACE',''
  ) );
#10626 = ORIENTED_EDGE('',*,*,#10627,.F.);
#10627 = EDGE_CURVE('',#10304,#10356,#10628,.T.);
#10628 = SURFACE_CURVE('',#10629,(#10634,#10641),.PCURVE_S1.);
#10629 = CIRCLE('',#10630,3.);
#10630 = AXIS2_PLACEMENT_3D('',#10631,#10632,#10633);
#10631 = CARTESIAN_POINT('',(-11.53057130149,29.797213188474,
    -8.19585332115));
#10632 = DIRECTION('',(0.81253825063,0.582907875452,-0.));
#10633 = DIRECTION('',(-0.582907875452,0.81253825063,0.));
#10634 = PCURVE('',#4179,#10635);
#10635 = DEFINITIONAL_REPRESENTATION('',(#10636),#10640);
#10636 = LINE('',#10637,#10638);
#10637 = CARTESIAN_POINT('',(0.,16.));
#10638 = VECTOR('',#10639,1.);
#10639 = DIRECTION('',(1.,0.));
#10640 = ( GEOMETRIC_REPRESENTATION_CONTEXT(2) 
PARAMETRIC_REPRESENTATION_CONTEXT() REPRESENTATION_CONTEXT('2D SPACE',''
  ) );
#10641 = PCURVE('',#10343,#10642);
#10642 = DEFINITIONAL_REPRESENTATION('',(#10643),#10647);
#10643 = CIRCLE('',#10644,3.);
#10644 = AXIS2_PLACEMENT_2D('',#10645,#10646);
#10645 = CARTESIAN_POINT('',(0.,0.));
#10646 = DIRECTION('',(1.,0.));
#10647 = ( GEOMETRIC_REPRESENTATION_CONTEXT(2) 
PARAMETRIC_REPRESENTATION_CONTEXT() REPRESENTATION_CONTEXT('2D SPACE',''
  ) );
#10648 = ORIENTED_EDGE('',*,*,#10303,.F.);
#10649 = ORIENTED_EDGE('',*,*,#4316,.T.);
#10650 = ORIENTED_EDGE('',*,*,#6569,.F.);
#10651 = ORIENTED_EDGE('',*,*,#10652,.F.);
#10652 = EDGE_CURVE('',#7115,#6570,#10653,.T.);
#10653 = SEAM_CURVE('',#10654,(#10658,#10665),.PCURVE_S1.);
#10654 = LINE('',#10655,#10656);
#10655 = CARTESIAN_POINT('',(-26.27990693792,22.908301933136,
    -8.19585332115));
#10656 = VECTOR('',#10657,1.);
#10657 = DIRECTION('',(0.81253825063,0.582907875452,0.));
#10658 = PCURVE('',#4179,#10659);
#10659 = DEFINITIONAL_REPRESENTATION('',(#10660),#10664);
#10660 = LINE('',#10661,#10662);
#10661 = CARTESIAN_POINT('',(6.28318530718,-0.));
#10662 = VECTOR('',#10663,1.);
#10663 = DIRECTION('',(0.,1.));
#10664 = ( GEOMETRIC_REPRESENTATION_CONTEXT(2) 
PARAMETRIC_REPRESENTATION_CONTEXT() REPRESENTATION_CONTEXT('2D SPACE',''
  ) );
#10665 = PCURVE('',#4179,#10666);
#10666 = DEFINITIONAL_REPRESENTATION('',(#10667),#10671);
#10667 = LINE('',#10668,#10669);
#10668 = CARTESIAN_POINT('',(0.,-0.));
#10669 = VECTOR('',#10670,1.);
#10670 = DIRECTION('',(0.,1.));
#10671 = ( GEOMETRIC_REPRESENTATION_CONTEXT(2) 
PARAMETRIC_REPRESENTATION_CONTEXT() REPRESENTATION_CONTEXT('2D SPACE',''
  ) );
#10672 = ORIENTED_EDGE('',*,*,#7114,.T.);
#10673 = ORIENTED_EDGE('',*,*,#10652,.T.);
#10674 = ORIENTED_EDGE('',*,*,#6754,.F.);
#10675 = ORIENTED_EDGE('',*,*,#6837,.F.);
#10676 = ORIENTED_EDGE('',*,*,#3913,.T.);
#10677 = ADVANCED_FACE('',(#10678),#6256,.F.);
#10678 = FACE_BOUND('',#10679,.F.);
#10679 = EDGE_LOOP('',(#10680,#10681,#10704,#10866));
#10680 = ORIENTED_EDGE('',*,*,#6146,.F.);
#10681 = ORIENTED_EDGE('',*,*,#10682,.F.);
#10682 = EDGE_CURVE('',#10683,#6147,#10685,.T.);
#10683 = VERTEX_POINT('',#10684);
#10684 = CARTESIAN_POINT('',(12.379923263088,46.,2.6));
#10685 = SEAM_CURVE('',#10686,(#10690,#10697),.PCURVE_S1.);
#10686 = LINE('',#10687,#10688);
#10687 = CARTESIAN_POINT('',(-18.5,46.,2.6));
#10688 = VECTOR('',#10689,1.);
#10689 = DIRECTION('',(1.,0.,0.));
#10690 = PCURVE('',#6256,#10691);
#10691 = DEFINITIONAL_REPRESENTATION('',(#10692),#10696);
#10692 = LINE('',#10693,#10694);
#10693 = CARTESIAN_POINT('',(6.28318530718,-0.));
#10694 = VECTOR('',#10695,1.);
#10695 = DIRECTION('',(0.,1.));
#10696 = ( GEOMETRIC_REPRESENTATION_CONTEXT(2) 
PARAMETRIC_REPRESENTATION_CONTEXT() REPRESENTATION_CONTEXT('2D SPACE',''
  ) );
#10697 = PCURVE('',#6256,#10698);
#10698 = DEFINITIONAL_REPRESENTATION('',(#10699),#10703);
#10699 = LINE('',#10700,#10701);
#10700 = CARTESIAN_POINT('',(0.,-0.));
#10701 = VECTOR('',#10702,1.);
#10702 = DIRECTION('',(0.,1.));
#10703 = ( GEOMETRIC_REPRESENTATION_CONTEXT(2) 
PARAMETRIC_REPRESENTATION_CONTEXT() REPRESENTATION_CONTEXT('2D SPACE',''
  ) );
#10704 = ORIENTED_EDGE('',*,*,#10705,.T.);
#10705 = EDGE_CURVE('',#10683,#10683,#10706,.T.);
#10706 = SURFACE_CURVE('',#10707,(#10758,#10812),.PCURVE_S1.);
#10707 = B_SPLINE_CURVE_WITH_KNOTS('',7,(#10708,#10709,#10710,#10711,
    #10712,#10713,#10714,#10715,#10716,#10717,#10718,#10719,#10720,
    #10721,#10722,#10723,#10724,#10725,#10726,#10727,#10728,#10729,
    #10730,#10731,#10732,#10733,#10734,#10735,#10736,#10737,#10738,
    #10739,#10740,#10741,#10742,#10743,#10744,#10745,#10746,#10747,
    #10748,#10749,#10750,#10751,#10752,#10753,#10754,#10755,#10756,
    #10757),.UNSPECIFIED.,.T.,.F.,(8,6,6,6,6,6,6,6,8),(0.,0.137873872166
    ,0.249999999997,0.362126127829,0.499999999995,0.637873872161,
    0.749999999993,0.862126127838,1.),.UNSPECIFIED.);
#10708 = CARTESIAN_POINT('',(12.37992326309,46.,2.6));
#10709 = CARTESIAN_POINT('',(12.37992326309,45.720034814678,2.6));
#10710 = CARTESIAN_POINT('',(12.387309390802,45.440495356356,
    2.564830466914));
#10711 = CARTESIAN_POINT('',(12.402043670678,45.163959357385,
    2.494675252727));
#10712 = CARTESIAN_POINT('',(12.423641379589,44.893287730729,
    2.388702679394));
#10713 = CARTESIAN_POINT('',(12.451139968545,44.632138183254,
    2.245351018141));
#10714 = CARTESIAN_POINT('',(12.482769697366,44.385632911512,
    2.062588173682));
#10715 = CARTESIAN_POINT('',(12.54246276118,43.979264142954,
    1.656219405124));
#10716 = CARTESIAN_POINT('',(12.57075005257,43.807316613283,
    1.442113644595));
#10717 = CARTESIAN_POINT('',(12.598452009675,43.655610045893,
    1.19711552444));
#10718 = CARTESIAN_POINT('',(12.62273149551,43.532679040744,
    0.924537916032));
#10719 = CARTESIAN_POINT('',(12.640626612387,43.445603452176,
    0.629565752226));
#10720 = CARTESIAN_POINT('',(12.65,43.4,0.318796966472));
#10721 = CARTESIAN_POINT('',(12.65,43.4,-0.318796966476));
#10722 = CARTESIAN_POINT('',(12.640626612387,43.445603452177,
    -0.629565752222));
#10723 = CARTESIAN_POINT('',(12.622731495511,43.532679040742,
    -0.92453791603));
#10724 = CARTESIAN_POINT('',(12.598452009675,43.655610045892,
    -1.197115524442));
#10725 = CARTESIAN_POINT('',(12.57075005257,43.807316613286,
    -1.442113644598));
#10726 = CARTESIAN_POINT('',(12.54246276118,43.979264142951,
    -1.656219405121));
#10727 = CARTESIAN_POINT('',(12.482769697366,44.385632911512,
    -2.062588173682));
#10728 = CARTESIAN_POINT('',(12.451139968545,44.632138183254,
    -2.245351018141));
#10729 = CARTESIAN_POINT('',(12.423641379589,44.89328773073,
    -2.388702679394));
#10730 = CARTESIAN_POINT('',(12.402043670678,45.163959357385,
    -2.494675252727));
#10731 = CARTESIAN_POINT('',(12.387309390802,45.440495356357,
    -2.564830466914));
#10732 = CARTESIAN_POINT('',(12.37992326309,45.720034814678,-2.6));
#10733 = CARTESIAN_POINT('',(12.37992326309,46.279965185322,-2.6));
#10734 = CARTESIAN_POINT('',(12.387309390802,46.559504643644,
    -2.564830466914));
#10735 = CARTESIAN_POINT('',(12.402043670678,46.836040642614,
    -2.494675252727));
#10736 = CARTESIAN_POINT('',(12.423641379589,47.106712269271,
    -2.388702679393));
#10737 = CARTESIAN_POINT('',(12.451139968545,47.367861816746,
    -2.245351018141));
#10738 = CARTESIAN_POINT('',(12.482769697366,47.614367088488,
    -2.062588173682));
#10739 = CARTESIAN_POINT('',(12.54246276118,48.020735857049,
    -1.656219405121));
#10740 = CARTESIAN_POINT('',(12.57075005257,48.192683386713,
    -1.442113644598));
#10741 = CARTESIAN_POINT('',(12.598452009675,48.344389954109,
    -1.197115524442));
#10742 = CARTESIAN_POINT('',(12.622731495511,48.467320959258,
    -0.924537916031));
#10743 = CARTESIAN_POINT('',(12.640626612387,48.554396547823,
    -0.629565752222));
#10744 = CARTESIAN_POINT('',(12.65,48.6,-0.318796966476));
#10745 = CARTESIAN_POINT('',(12.65,48.6,0.31879696651));
#10746 = CARTESIAN_POINT('',(12.640626612385,48.554396547813,
    0.629565752189));
#10747 = CARTESIAN_POINT('',(12.622731495516,48.46732095928,
    0.924537916004));
#10748 = CARTESIAN_POINT('',(12.598452009673,48.344389954108,
    1.197115524471));
#10749 = CARTESIAN_POINT('',(12.570750052565,48.192683386679,
    1.442113644621));
#10750 = CARTESIAN_POINT('',(12.542462761184,48.020735857074,
    1.656219405096));
#10751 = CARTESIAN_POINT('',(12.482769697366,47.614367088488,
    2.062588173683));
#10752 = CARTESIAN_POINT('',(12.451139968546,47.367861816746,
    2.245351018141));
#10753 = CARTESIAN_POINT('',(12.423641379589,47.10671226927,
    2.388702679394));
#10754 = CARTESIAN_POINT('',(12.402043670678,46.836040642615,
    2.494675252727));
#10755 = CARTESIAN_POINT('',(12.387309390802,46.559504643643,
    2.564830466914));
#10756 = CARTESIAN_POINT('',(12.37992326309,46.279965185322,2.6));
#10757 = CARTESIAN_POINT('',(12.37992326309,46.,2.6));
#10758 = PCURVE('',#6256,#10759);
#10759 = DEFINITIONAL_REPRESENTATION('',(#10760),#10811);
#10760 = B_SPLINE_CURVE_WITH_KNOTS('',7,(#10761,#10762,#10763,#10764,
    #10765,#10766,#10767,#10768,#10769,#10770,#10771,#10772,#10773,
    #10774,#10775,#10776,#10777,#10778,#10779,#10780,#10781,#10782,
    #10783,#10784,#10785,#10786,#10787,#10788,#10789,#10790,#10791,
    #10792,#10793,#10794,#10795,#10796,#10797,#10798,#10799,#10800,
    #10801,#10802,#10803,#10804,#10805,#10806,#10807,#10808,#10809,
    #10810),.UNSPECIFIED.,.F.,.F.,(8,6,6,6,6,6,6,6,8),(0.,0.137873872166
    ,0.249999999997,0.362126127829,0.499999999995,0.637873872161,
    0.749999999993,0.862126127838,1.),.UNSPECIFIED.);
#10761 = CARTESIAN_POINT('',(0.,30.87992326309));
#10762 = CARTESIAN_POINT('',(0.107678917431,30.87992326309));
#10763 = CARTESIAN_POINT('',(0.215193725079,30.887309390802));
#10764 = CARTESIAN_POINT('',(0.323594643904,30.902043670678));
#10765 = CARTESIAN_POINT('',(0.4337856876,30.923641379589));
#10766 = CARTESIAN_POINT('',(0.546752295144,30.951139968545));
#10767 = CARTESIAN_POINT('',(0.66349809847,30.982769697366));
#10768 = CARTESIAN_POINT('',(0.88453356917,31.04246276118));
#10769 = CARTESIAN_POINT('',(0.989526314846,31.07075005257));
#10770 = CARTESIAN_POINT('',(1.099006454587,31.098452009675));
#10771 = CARTESIAN_POINT('',(1.21219351304,31.12273149551));
#10772 = CARTESIAN_POINT('',(1.328655772789,31.140626612387));
#10773 = CARTESIAN_POINT('',(1.448182108921,31.15));
#10774 = CARTESIAN_POINT('',(1.69341054467,31.15));
#10775 = CARTESIAN_POINT('',(1.812936880799,31.140626612387));
#10776 = CARTESIAN_POINT('',(1.92939914055,31.122731495511));
#10777 = CARTESIAN_POINT('',(2.042586199003,31.098452009675));
#10778 = CARTESIAN_POINT('',(2.152066338745,31.07075005257));
#10779 = CARTESIAN_POINT('',(2.257059084418,31.04246276118));
#10780 = CARTESIAN_POINT('',(2.47809455512,30.982769697366));
#10781 = CARTESIAN_POINT('',(2.594840358445,30.951139968545));
#10782 = CARTESIAN_POINT('',(2.707806965989,30.923641379589));
#10783 = CARTESIAN_POINT('',(2.817998009686,30.902043670678));
#10784 = CARTESIAN_POINT('',(2.926398928511,30.887309390802));
#10785 = CARTESIAN_POINT('',(3.033913736158,30.87992326309));
#10786 = CARTESIAN_POINT('',(3.249271571021,30.87992326309));
#10787 = CARTESIAN_POINT('',(3.356786378669,30.887309390802));
#10788 = CARTESIAN_POINT('',(3.465187297493,30.902043670678));
#10789 = CARTESIAN_POINT('',(3.575378341191,30.923641379589));
#10790 = CARTESIAN_POINT('',(3.688344948734,30.951139968545));
#10791 = CARTESIAN_POINT('',(3.80509075206,30.982769697366));
#10792 = CARTESIAN_POINT('',(4.026126222761,31.04246276118));
#10793 = CARTESIAN_POINT('',(4.131118968434,31.07075005257));
#10794 = CARTESIAN_POINT('',(4.240599108177,31.098452009675));
#10795 = CARTESIAN_POINT('',(4.35378616663,31.122731495511));
#10796 = CARTESIAN_POINT('',(4.47024842638,31.140626612387));
#10797 = CARTESIAN_POINT('',(4.589774762509,31.15));
#10798 = CARTESIAN_POINT('',(4.835003198273,31.15));
#10799 = CARTESIAN_POINT('',(4.954529534376,31.140626612385));
#10800 = CARTESIAN_POINT('',(5.07099179413,31.122731495516));
#10801 = CARTESIAN_POINT('',(5.1841788526,31.098452009673));
#10802 = CARTESIAN_POINT('',(5.293658992351,31.070750052565));
#10803 = CARTESIAN_POINT('',(5.398651737995,31.042462761184));
#10804 = CARTESIAN_POINT('',(5.61968720871,30.982769697366));
#10805 = CARTESIAN_POINT('',(5.736433012035,30.951139968546));
#10806 = CARTESIAN_POINT('',(5.849399619579,30.923641379589));
#10807 = CARTESIAN_POINT('',(5.959590663275,30.902043670678));
#10808 = CARTESIAN_POINT('',(6.067991582101,30.887309390802));
#10809 = CARTESIAN_POINT('',(6.175506389748,30.87992326309));
#10810 = CARTESIAN_POINT('',(6.28318530718,30.87992326309));
#10811 = ( GEOMETRIC_REPRESENTATION_CONTEXT(2) 
PARAMETRIC_REPRESENTATION_CONTEXT() REPRESENTATION_CONTEXT('2D SPACE',''
  ) );
#10812 = PCURVE('',#10136,#10813);
#10813 = DEFINITIONAL_REPRESENTATION('',(#10814),#10865);
#10814 = B_SPLINE_CURVE_WITH_KNOTS('',7,(#10815,#10816,#10817,#10818,
    #10819,#10820,#10821,#10822,#10823,#10824,#10825,#10826,#10827,
    #10828,#10829,#10830,#10831,#10832,#10833,#10834,#10835,#10836,
    #10837,#10838,#10839,#10840,#10841,#10842,#10843,#10844,#10845,
    #10846,#10847,#10848,#10849,#10850,#10851,#10852,#10853,#10854,
    #10855,#10856,#10857,#10858,#10859,#10860,#10861,#10862,#10863,
    #10864),.UNSPECIFIED.,.T.,.F.,(8,6,6,6,6,6,6,6,8),(0.,0.137873872166
    ,0.249999999997,0.362126127829,0.499999999995,0.637873872161,
    0.749999999993,0.862126127838,1.),.UNSPECIFIED.);
#10815 = CARTESIAN_POINT('',(1.363787413092,38.));
#10816 = CARTESIAN_POINT('',(1.363787413092,37.720034814678));
#10817 = CARTESIAN_POINT('',(1.366628261755,37.440495356356));
#10818 = CARTESIAN_POINT('',(1.372295136103,37.163959357385));
#10819 = CARTESIAN_POINT('',(1.380844428863,36.893287730729));
#10820 = CARTESIAN_POINT('',(1.392381558504,36.632138183254));
#10821 = CARTESIAN_POINT('',(1.407039209054,36.385632911512));
#10822 = CARTESIAN_POINT('',(1.439507955371,35.979264142954));
#10823 = CARTESIAN_POINT('',(1.456578579516,35.807316613283));
#10824 = CARTESIAN_POINT('',(1.47606379425,35.655610045892));
#10825 = CARTESIAN_POINT('',(1.497684281169,35.532679040744));
#10826 = CARTESIAN_POINT('',(1.521028261368,35.445603452176));
#10827 = CARTESIAN_POINT('',(1.545594985572,35.4));
#10828 = CARTESIAN_POINT('',(1.595997668018,35.4));
#10829 = CARTESIAN_POINT('',(1.620564392222,35.445603452177));
#10830 = CARTESIAN_POINT('',(1.643908372421,35.532679040742));
#10831 = CARTESIAN_POINT('',(1.66552885934,35.655610045892));
#10832 = CARTESIAN_POINT('',(1.685014074074,35.807316613286));
#10833 = CARTESIAN_POINT('',(1.702084698218,35.979264142951));
#10834 = CARTESIAN_POINT('',(1.734553444536,36.385632911512));
#10835 = CARTESIAN_POINT('',(1.749211095086,36.632138183254));
#10836 = CARTESIAN_POINT('',(1.760748224727,36.893287730729));
#10837 = CARTESIAN_POINT('',(1.769297517487,37.163959357386));
#10838 = CARTESIAN_POINT('',(1.774964391835,37.440495356356));
#10839 = CARTESIAN_POINT('',(1.777805240497,37.720034814678));
#10840 = CARTESIAN_POINT('',(1.777805240497,38.279965185322));
#10841 = CARTESIAN_POINT('',(1.774964391835,38.559504643644));
#10842 = CARTESIAN_POINT('',(1.769297517486,38.836040642614));
#10843 = CARTESIAN_POINT('',(1.760748224727,39.106712269271));
#10844 = CARTESIAN_POINT('',(1.749211095086,39.367861816745));
#10845 = CARTESIAN_POINT('',(1.734553444536,39.614367088488));
#10846 = CARTESIAN_POINT('',(1.702084698218,40.020735857049));
#10847 = CARTESIAN_POINT('',(1.685014074074,40.192683386713));
#10848 = CARTESIAN_POINT('',(1.66552885934,40.344389954108));
#10849 = CARTESIAN_POINT('',(1.643908372421,40.467320959258));
#10850 = CARTESIAN_POINT('',(1.620564392222,40.554396547823));
#10851 = CARTESIAN_POINT('',(1.595997668018,40.6));
#10852 = CARTESIAN_POINT('',(1.545594985569,40.6));
#10853 = CARTESIAN_POINT('',(1.521028261371,40.554396547813));
#10854 = CARTESIAN_POINT('',(1.497684281171,40.46732095928));
#10855 = CARTESIAN_POINT('',(1.476063794248,40.344389954108));
#10856 = CARTESIAN_POINT('',(1.456578579514,40.192683386679));
#10857 = CARTESIAN_POINT('',(1.439507955374,40.020735857074));
#10858 = CARTESIAN_POINT('',(1.407039209054,39.614367088488));
#10859 = CARTESIAN_POINT('',(1.392381558504,39.367861816746));
#10860 = CARTESIAN_POINT('',(1.380844428863,39.10671226927));
#10861 = CARTESIAN_POINT('',(1.372295136103,38.836040642615));
#10862 = CARTESIAN_POINT('',(1.366628261755,38.559504643643));
#10863 = CARTESIAN_POINT('',(1.363787413092,38.279965185322));
#10864 = CARTESIAN_POINT('',(1.363787413092,38.));
#10865 = ( GEOMETRIC_REPRESENTATION_CONTEXT(2) 
PARAMETRIC_REPRESENTATION_CONTEXT() REPRESENTATION_CONTEXT('2D SPACE',''
  ) );
#10866 = ORIENTED_EDGE('',*,*,#10682,.T.);
#10867 = ADVANCED_FACE('',(#10868),#6427,.F.);
#10868 = FACE_BOUND('',#10869,.F.);
#10869 = EDGE_LOOP('',(#10870,#11058,#11079,#11080));
#10870 = ORIENTED_EDGE('',*,*,#10871,.F.);
#10871 = EDGE_CURVE('',#10872,#10872,#10874,.T.);
#10872 = VERTEX_POINT('',#10873);
#10873 = CARTESIAN_POINT('',(-12.37992326308,46.,2.6));
#10874 = SURFACE_CURVE('',#10875,(#10934,#10996),.PCURVE_S1.);
#10875 = B_SPLINE_CURVE_WITH_KNOTS('',8,(#10876,#10877,#10878,#10879,
    #10880,#10881,#10882,#10883,#10884,#10885,#10886,#10887,#10888,
    #10889,#10890,#10891,#10892,#10893,#10894,#10895,#10896,#10897,
    #10898,#10899,#10900,#10901,#10902,#10903,#10904,#10905,#10906,
    #10907,#10908,#10909,#10910,#10911,#10912,#10913,#10914,#10915,
    #10916,#10917,#10918,#10919,#10920,#10921,#10922,#10923,#10924,
    #10925,#10926,#10927,#10928,#10929,#10930,#10931,#10932,#10933),
  .UNSPECIFIED.,.T.,.F.,(9,7,7,7,7,7,7,7,9),(0.,0.144369299498,
    0.26177784309,0.379186386683,0.523555686181,0.678078043437,
    0.809521568201,0.900625527223,1.),.UNSPECIFIED.);
#10876 = CARTESIAN_POINT('',(-12.37992326309,46.,2.6));
#10877 = CARTESIAN_POINT('',(-12.37992326309,45.755030462843,2.6));
#10878 = CARTESIAN_POINT('',(-12.38546285887,45.510380220937,
    2.573622850186));
#10879 = CARTESIAN_POINT('',(-12.39651831572,45.267660356999,
    2.520983458047));
#10880 = CARTESIAN_POINT('',(-12.41284252513,45.028623544057,
    2.44168896606));
#10881 = CARTESIAN_POINT('',(-12.43395335044,44.795356650427,
    2.334945806424));
#10882 = CARTESIAN_POINT('',(-12.45904740075,44.570511865319,
    2.199660307026));
#10883 = CARTESIAN_POINT('',(-12.48688475429,44.357619093688,
    2.034574355858));
#10884 = CARTESIAN_POINT('',(-12.53911618512,44.002046421197,
    1.679001683367));
#10885 = CARTESIAN_POINT('',(-12.56367822972,43.850303495702,
    1.495640084729));
#10886 = CARTESIAN_POINT('',(-12.58806377576,43.712500008665,
    1.288989819501));
#10887 = CARTESIAN_POINT('',(-12.61059175259,43.594144543317,
    1.060826720236));
#10888 = CARTESIAN_POINT('',(-12.62944216433,43.50002569503,
    0.813923354602));
#10889 = CARTESIAN_POINT('',(-12.64296995929,43.434202589133,
    0.551873555786));
#10890 = CARTESIAN_POINT('',(-12.65,43.4,0.278947345666));
#10891 = CARTESIAN_POINT('',(-12.65,43.4,-0.278947345666));
#10892 = CARTESIAN_POINT('',(-12.64296995929,43.434202589133,
    -0.551873555786));
#10893 = CARTESIAN_POINT('',(-12.62944216433,43.50002569503,
    -0.813923354602));
#10894 = CARTESIAN_POINT('',(-12.61059175259,43.594144543317,
    -1.060826720236));
#10895 = CARTESIAN_POINT('',(-12.58806377576,43.712500008665,
    -1.288989819501));
#10896 = CARTESIAN_POINT('',(-12.56367822972,43.850303495702,
    -1.495640084729));
#10897 = CARTESIAN_POINT('',(-12.53911618512,44.002046421197,
    -1.679001683367));
#10898 = CARTESIAN_POINT('',(-12.48688475429,44.357619093688,
    -2.034574355858));
#10899 = CARTESIAN_POINT('',(-12.45904740075,44.570511865319,
    -2.199660307027));
#10900 = CARTESIAN_POINT('',(-12.43395335044,44.795356650426,
    -2.334945806424));
#10901 = CARTESIAN_POINT('',(-12.41284252513,45.028623544057,
    -2.44168896606));
#10902 = CARTESIAN_POINT('',(-12.39651831572,45.267660357,
    -2.520983458047));
#10903 = CARTESIAN_POINT('',(-12.38546285887,45.510380220937,
    -2.573622850186));
#10904 = CARTESIAN_POINT('',(-12.37992326309,45.755030462843,-2.6));
#10905 = CARTESIAN_POINT('',(-12.37992326309,46.262197506458,-2.6));
#10906 = CARTESIAN_POINT('',(-12.3862695356,46.523960189732,
    -2.569781044846));
#10907 = CARTESIAN_POINT('',(-12.39892624073,46.783348953909,
    -2.509520280608));
#10908 = CARTESIAN_POINT('',(-12.41757343809,47.038279682906,
    -2.418672000507));
#10909 = CARTESIAN_POINT('',(-12.44158546373,47.286130474022,
    -2.296184212811));
#10910 = CARTESIAN_POINT('',(-12.46989580795,47.523471345045,
    -2.14062628162));
#10911 = CARTESIAN_POINT('',(-12.50082596335,47.74567008833,
    -1.950389057064));
#10912 = CARTESIAN_POINT('',(-12.55843604852,48.116646229766,
    -1.531643556923));
#10913 = CARTESIAN_POINT('',(-12.58607814998,48.277983383621,
    -1.305701967141));
#10914 = CARTESIAN_POINT('',(-12.61247886536,48.41793713788,
    -1.048745797652));
#10915 = CARTESIAN_POINT('',(-12.63465511572,48.527006353168,
    -0.765792489981));
#10916 = CARTESIAN_POINT('',(-12.64969565396,48.598331645419,
    -0.463979460001));
#10917 = CARTESIAN_POINT('',(-12.65580737693,48.627692543974,
    -0.1516856036));
#10918 = CARTESIAN_POINT('',(-12.65268000681,48.613587166507,
    0.162123815434));
#10919 = CARTESIAN_POINT('',(-12.63343854242,48.518476389293,
    0.68112652941));
#10920 = CARTESIAN_POINT('',(-12.6216129304,48.459371621208,
    0.889875671063));
#10921 = CARTESIAN_POINT('',(-12.60616049312,48.380513195409,
    1.092678225661));
#10922 = CARTESIAN_POINT('',(-12.58763056929,48.282608003202,
    1.287373588999));
#10923 = CARTESIAN_POINT('',(-12.56676990957,48.166640202879,
    1.47190084972));
#10924 = CARTESIAN_POINT('',(-12.54447129376,48.033859076561,
    1.644333205239));
#10925 = CARTESIAN_POINT('',(-12.52170075722,47.88576862658,
    1.802918794169));
#10926 = CARTESIAN_POINT('',(-12.4750819207,47.547794464163,
    2.102337774519));
#10927 = CARTESIAN_POINT('',(-12.45130724675,47.355217248281,
    2.240358562157));
#10928 = CARTESIAN_POINT('',(-12.42931310023,47.148655356326,
    2.358132866046));
#10929 = CARTESIAN_POINT('',(-12.4103003592,46.930642034933,
    2.454020244535));
#10930 = CARTESIAN_POINT('',(-12.39529961603,46.703900075277,
    2.52678472352));
#10931 = CARTESIAN_POINT('',(-12.3850499585,46.471270012907,
    2.575589371743));
#10932 = CARTESIAN_POINT('',(-12.37992326309,46.235655598365,2.6));
#10933 = CARTESIAN_POINT('',(-12.37992326309,46.,2.6));
#10934 = PCURVE('',#6427,#10935);
#10935 = DEFINITIONAL_REPRESENTATION('',(#10936),#10995);
#10936 = B_SPLINE_CURVE_WITH_KNOTS('',8,(#10937,#10938,#10939,#10940,
    #10941,#10942,#10943,#10944,#10945,#10946,#10947,#10948,#10949,
    #10950,#10951,#10952,#10953,#10954,#10955,#10956,#10957,#10958,
    #10959,#10960,#10961,#10962,#10963,#10964,#10965,#10966,#10967,
    #10968,#10969,#10970,#10971,#10972,#10973,#10974,#10975,#10976,
    #10977,#10978,#10979,#10980,#10981,#10982,#10983,#10984,#10985,
    #10986,#10987,#10988,#10989,#10990,#10991,#10992,#10993,#10994),
  .UNSPECIFIED.,.F.,.F.,(9,7,7,7,7,7,7,7,9),(0.,0.144369299498,
    0.26177784309,0.379186386683,0.523555686181,0.678078043437,
    0.809521568201,0.900625527223,1.),.UNSPECIFIED.);
#10937 = CARTESIAN_POINT('',(0.,6.12007673691));
#10938 = CARTESIAN_POINT('',(9.42190527526E-02,6.12007673691));
#10939 = CARTESIAN_POINT('',(0.188315023167,6.114537141126));
#10940 = CARTESIAN_POINT('',(0.282944299345,6.103481684276));
#10941 = CARTESIAN_POINT('',(0.378690165752,6.087157474866));
#10942 = CARTESIAN_POINT('',(0.476148165429,6.066046649552));
#10943 = CARTESIAN_POINT('',(0.575938745976,6.040952599249));
#10944 = CARTESIAN_POINT('',(0.678735606586,6.013115245709));
#10945 = CARTESIAN_POINT('',(0.87214164345,5.960883814872));
#10946 = CARTESIAN_POINT('',(0.963278128426,5.936321770278));
#10947 = CARTESIAN_POINT('',(1.057951402183,5.91193622424));
#10948 = CARTESIAN_POINT('',(1.155599983813,5.889408247407));
#10949 = CARTESIAN_POINT('',(1.255866860447,5.870557835661));
#10950 = CARTESIAN_POINT('',(1.358537356823,5.85703004071));
#10951 = CARTESIAN_POINT('',(1.463508886154,5.85));
#10952 = CARTESIAN_POINT('',(1.678083767436,5.85));
#10953 = CARTESIAN_POINT('',(1.783055296767,5.85703004071));
#10954 = CARTESIAN_POINT('',(1.885725793143,5.870557835661));
#10955 = CARTESIAN_POINT('',(1.985992669776,5.889408247407));
#10956 = CARTESIAN_POINT('',(2.083641251407,5.91193622424));
#10957 = CARTESIAN_POINT('',(2.178314525163,5.936321770278));
#10958 = CARTESIAN_POINT('',(2.26945101014,5.960883814872));
#10959 = CARTESIAN_POINT('',(2.462857047004,6.013115245709));
#10960 = CARTESIAN_POINT('',(2.565653907614,6.040952599249));
#10961 = CARTESIAN_POINT('',(2.66544448816,6.066046649552));
#10962 = CARTESIAN_POINT('',(2.762902487838,6.087157474866));
#10963 = CARTESIAN_POINT('',(2.858648354245,6.103481684276));
#10964 = CARTESIAN_POINT('',(2.953277630422,6.114537141126));
#10965 = CARTESIAN_POINT('',(3.047373600837,6.12007673691));
#10966 = CARTESIAN_POINT('',(3.242437848381,6.12007673691));
#10967 = CARTESIAN_POINT('',(3.343115487353,6.113730464399));
#10968 = CARTESIAN_POINT('',(3.444444329341,6.10107375927));
#10969 = CARTESIAN_POINT('',(3.547159677856,6.082426561908));
#10970 = CARTESIAN_POINT('',(3.651991442511,6.058414536265));
#10971 = CARTESIAN_POINT('',(3.759700355959,6.030104192043));
#10972 = CARTESIAN_POINT('',(3.871139220732,5.999174036642));
#10973 = CARTESIAN_POINT('',(4.086307756369,5.941563951478));
#10974 = CARTESIAN_POINT('',(4.192502519888,5.913921850019));
#10975 = CARTESIAN_POINT('',(4.303645325984,5.887521134633));
#10976 = CARTESIAN_POINT('',(4.418261436848,5.865344884272));
#10977 = CARTESIAN_POINT('',(4.535341493308,5.850304346034));
#10978 = CARTESIAN_POINT('',(4.654074594677,5.844192623069));
#10979 = CARTESIAN_POINT('',(4.773771617601,5.847319993186));
#10980 = CARTESIAN_POINT('',(4.976712232204,5.866561457573));
#10981 = CARTESIAN_POINT('',(5.059782757247,5.878387069591));
#10982 = CARTESIAN_POINT('',(5.142847357472,5.89383950688));
#10983 = CARTESIAN_POINT('',(5.22591161767,5.912369430708));
#10984 = CARTESIAN_POINT('',(5.308981691713,5.933230090421));
#10985 = CARTESIAN_POINT('',(5.392059942152,5.955528706233));
#10986 = CARTESIAN_POINT('',(5.475140163206,5.978299242773));
#10987 = CARTESIAN_POINT('',(5.648805087572,6.024918079297));
#10988 = CARTESIAN_POINT('',(5.739447733963,6.048692753246));
#10989 = CARTESIAN_POINT('',(5.830085850628,6.070686899766));
#10990 = CARTESIAN_POINT('',(5.920709380047,6.089699640793));
#10991 = CARTESIAN_POINT('',(6.011319941125,6.104700383964));
#10992 = CARTESIAN_POINT('',(6.101927589243,6.114950041495));
#10993 = CARTESIAN_POINT('',(6.192548538578,6.12007673691));
#10994 = CARTESIAN_POINT('',(6.28318530718,6.12007673691));
#10995 = ( GEOMETRIC_REPRESENTATION_CONTEXT(2) 
PARAMETRIC_REPRESENTATION_CONTEXT() REPRESENTATION_CONTEXT('2D SPACE',''
  ) );
#10996 = PCURVE('',#10136,#10997);
#10997 = DEFINITIONAL_REPRESENTATION('',(#10998),#11057);
#10998 = B_SPLINE_CURVE_WITH_KNOTS('',8,(#10999,#11000,#11001,#11002,
    #11003,#11004,#11005,#11006,#11007,#11008,#11009,#11010,#11011,
    #11012,#11013,#11014,#11015,#11016,#11017,#11018,#11019,#11020,
    #11021,#11022,#11023,#11024,#11025,#11026,#11027,#11028,#11029,
    #11030,#11031,#11032,#11033,#11034,#11035,#11036,#11037,#11038,
    #11039,#11040,#11041,#11042,#11043,#11044,#11045,#11046,#11047,
    #11048,#11049,#11050,#11051,#11052,#11053,#11054,#11055,#11056),
  .UNSPECIFIED.,.T.,.F.,(9,7,7,7,7,7,7,7,9),(0.,0.144369299498,
    0.26177784309,0.379186386683,0.523555686181,0.678078043437,
    0.809521568201,0.900625527223,1.),.UNSPECIFIED.);
#10999 = CARTESIAN_POINT('',(4.919397894087,38.));
#11000 = CARTESIAN_POINT('',(4.919397894087,37.755030462843));
#11001 = CARTESIAN_POINT('',(4.917267257591,37.510380220937));
#11002 = CARTESIAN_POINT('',(4.913015248957,37.267660356999));
#11003 = CARTESIAN_POINT('',(4.906615524697,37.028623544057));
#11004 = CARTESIAN_POINT('',(4.898014454702,36.795356650427));
#11005 = CARTESIAN_POINT('',(4.887139336038,36.570511865319));
#11006 = CARTESIAN_POINT('',(4.873907802236,36.357619093688));
#11007 = CARTESIAN_POINT('',(4.845497649208,36.002046421197));
#11008 = CARTESIAN_POINT('',(4.8308743837,35.850303495703));
#11009 = CARTESIAN_POINT('',(4.814428468455,35.712500008665));
#11010 = CARTESIAN_POINT('',(4.79631126947,35.594144543317));
#11011 = CARTESIAN_POINT('',(4.776747033436,35.50002569503));
#11012 = CARTESIAN_POINT('',(4.756015364761,35.434202589133));
#11013 = CARTESIAN_POINT('',(4.734440153955,35.4));
#11014 = CARTESIAN_POINT('',(4.690337806814,35.4));
#11015 = CARTESIAN_POINT('',(4.668762596009,35.434202589133));
#11016 = CARTESIAN_POINT('',(4.648030927334,35.50002569503));
#11017 = CARTESIAN_POINT('',(4.628466691299,35.594144543317));
#11018 = CARTESIAN_POINT('',(4.610349492314,35.712500008665));
#11019 = CARTESIAN_POINT('',(4.593903577069,35.850303495702));
#11020 = CARTESIAN_POINT('',(4.579280311561,36.002046421197));
#11021 = CARTESIAN_POINT('',(4.550870158533,36.357619093688));
#11022 = CARTESIAN_POINT('',(4.537638624731,36.570511865319));
#11023 = CARTESIAN_POINT('',(4.526763506068,36.795356650426));
#11024 = CARTESIAN_POINT('',(4.518162436073,37.028623544057));
#11025 = CARTESIAN_POINT('',(4.511762711812,37.267660357));
#11026 = CARTESIAN_POINT('',(4.507510703179,37.510380220937));
#11027 = CARTESIAN_POINT('',(4.505380066682,37.755030462843));
#11028 = CARTESIAN_POINT('',(4.505380066682,38.262197506458));
#11029 = CARTESIAN_POINT('',(4.507821026484,38.523960189732));
#11030 = CARTESIAN_POINT('',(4.512688667646,38.783348953909));
#11031 = CARTESIAN_POINT('',(4.520019975277,39.038279682906));
#11032 = CARTESIAN_POINT('',(4.529886262353,39.286130474022));
#11033 = CARTESIAN_POINT('',(4.542382576235,39.523471345045));
#11034 = CARTESIAN_POINT('',(4.557614007489,39.74567008833));
#11035 = CARTESIAN_POINT('',(4.591028225488,40.116646229766));
#11036 = CARTESIAN_POINT('',(4.609020367825,40.277983383621));
#11037 = CARTESIAN_POINT('',(4.62943354912,40.41793713788));
#11038 = CARTESIAN_POINT('',(4.651856065602,40.527006353168));
#11039 = CARTESIAN_POINT('',(4.6757235501,40.598331645419));
#11040 = CARTESIAN_POINT('',(4.700397735094,40.627692543974));
#11041 = CARTESIAN_POINT('',(4.725196925232,40.613587166507));
#11042 = CARTESIAN_POINT('',(4.766252993986,40.518476389293));
#11043 = CARTESIAN_POINT('',(4.782778215893,40.459371621208));
#11044 = CARTESIAN_POINT('',(4.798851497604,40.380513195409));
#11045 = CARTESIAN_POINT('',(4.814306846733,40.282608003202));
#11046 = CARTESIAN_POINT('',(4.828982923901,40.166640202879));
#11047 = CARTESIAN_POINT('',(4.842725129582,40.03385907656));
#11048 = CARTESIAN_POINT('',(4.855389227802,39.88576862658));
#11049 = CARTESIAN_POINT('',(4.879343889487,39.547794464163));
#11050 = CARTESIAN_POINT('',(4.890413869115,39.355217248281));
#11051 = CARTESIAN_POINT('',(4.899883717569,39.148655356326));
#11052 = CARTESIAN_POINT('',(4.907610796035,38.930642034933));
#11053 = CARTESIAN_POINT('',(4.913483871331,38.703900075277));
#11054 = CARTESIAN_POINT('',(4.917426099589,38.471270012907));
#11055 = CARTESIAN_POINT('',(4.919397894087,38.235655598365));
#11056 = CARTESIAN_POINT('',(4.919397894087,38.));
#11057 = ( GEOMETRIC_REPRESENTATION_CONTEXT(2) 
PARAMETRIC_REPRESENTATION_CONTEXT() REPRESENTATION_CONTEXT('2D SPACE',''
  ) );
#11058 = ORIENTED_EDGE('',*,*,#11059,.F.);
#11059 = EDGE_CURVE('',#6318,#10872,#11060,.T.);
#11060 = SEAM_CURVE('',#11061,(#11065,#11072),.PCURVE_S1.);
#11061 = LINE('',#11062,#11063);
#11062 = CARTESIAN_POINT('',(-18.5,46.,2.6));
#11063 = VECTOR('',#11064,1.);
#11064 = DIRECTION('',(1.,0.,0.));
#11065 = PCURVE('',#6427,#11066);
#11066 = DEFINITIONAL_REPRESENTATION('',(#11067),#11071);
#11067 = LINE('',#11068,#11069);
#11068 = CARTESIAN_POINT('',(6.28318530718,-0.));
#11069 = VECTOR('',#11070,1.);
#11070 = DIRECTION('',(0.,1.));
#11071 = ( GEOMETRIC_REPRESENTATION_CONTEXT(2) 
PARAMETRIC_REPRESENTATION_CONTEXT() REPRESENTATION_CONTEXT('2D SPACE',''
  ) );
#11072 = PCURVE('',#6427,#11073);
#11073 = DEFINITIONAL_REPRESENTATION('',(#11074),#11078);
#11074 = LINE('',#11075,#11076);
#11075 = CARTESIAN_POINT('',(0.,-0.));
#11076 = VECTOR('',#11077,1.);
#11077 = DIRECTION('',(0.,1.));
#11078 = ( GEOMETRIC_REPRESENTATION_CONTEXT(2) 
PARAMETRIC_REPRESENTATION_CONTEXT() REPRESENTATION_CONTEXT('2D SPACE',''
  ) );
#11079 = ORIENTED_EDGE('',*,*,#6317,.T.);
#11080 = ORIENTED_EDGE('',*,*,#11059,.T.);
#11081 = ADVANCED_FACE('',(#11082),#6824,.T.);
#11082 = FACE_BOUND('',#11083,.T.);
#11083 = EDGE_LOOP('',(#11084));
#11084 = ORIENTED_EDGE('',*,*,#6809,.T.);
#11085 = ADVANCED_FACE('',(#11086,#11089),#7552,.T.);
#11086 = FACE_BOUND('',#11087,.T.);
#11087 = EDGE_LOOP('',(#11088));
#11088 = ORIENTED_EDGE('',*,*,#7537,.T.);
#11089 = FACE_BOUND('',#11090,.T.);
#11090 = EDGE_LOOP('',(#11091));
#11091 = ORIENTED_EDGE('',*,*,#11092,.F.);
#11092 = EDGE_CURVE('',#11093,#11093,#11095,.T.);
#11093 = VERTEX_POINT('',#11094);
#11094 = CARTESIAN_POINT('',(-49.17566822144,-16.48796226268,
    -36.24807933392));
#11095 = SURFACE_CURVE('',#11096,(#11101,#11108),.PCURVE_S1.);
#11096 = CIRCLE('',#11097,12.65);
#11097 = AXIS2_PLACEMENT_3D('',#11098,#11099,#11100);
#11098 = CARTESIAN_POINT('',(-54.41027546685,-16.48796226268,
    -24.73194339402));
#11099 = DIRECTION('',(-0.877585088175,-0.265934875205,-0.398902312807)
  );
#11100 = DIRECTION('',(0.413802944301,2.775557561563E-17,-0.910366477463
    ));
#11101 = PCURVE('',#7552,#11102);
#11102 = DEFINITIONAL_REPRESENTATION('',(#11103),#11107);
#11103 = CIRCLE('',#11104,12.65);
#11104 = AXIS2_PLACEMENT_2D('',#11105,#11106);
#11105 = CARTESIAN_POINT('',(-9.702814311608E-15,2.172157523929E-14));
#11106 = DIRECTION('',(1.,-2.775557561563E-17));
#11107 = ( GEOMETRIC_REPRESENTATION_CONTEXT(2) 
PARAMETRIC_REPRESENTATION_CONTEXT() REPRESENTATION_CONTEXT('2D SPACE',''
  ) );
#11108 = PCURVE('',#11109,#11114);
#11109 = CYLINDRICAL_SURFACE('',#11110,12.65);
#11110 = AXIS2_PLACEMENT_3D('',#11111,#11112,#11113);
#11111 = CARTESIAN_POINT('',(-7.020680705401,-2.127479001637,
    -3.191218502455));
#11112 = DIRECTION('',(-0.877585088175,-0.265934875205,-0.398902312807)
  );
#11113 = DIRECTION('',(0.413802944301,1.387778780781E-17,-0.910366477463
    ));
#11114 = DEFINITIONAL_REPRESENTATION('',(#11115),#11119);
#11115 = LINE('',#11116,#11117);
#11116 = CARTESIAN_POINT('',(0.,54.));
#11117 = VECTOR('',#11118,1.);
#11118 = DIRECTION('',(1.,0.));
#11119 = ( GEOMETRIC_REPRESENTATION_CONTEXT(2) 
PARAMETRIC_REPRESENTATION_CONTEXT() REPRESENTATION_CONTEXT('2D SPACE',''
  ) );
#11120 = ADVANCED_FACE('',(#11121),#7924,.F.);
#11121 = FACE_BOUND('',#11122,.F.);
#11122 = EDGE_LOOP('',(#11123,#11323,#11344,#11345));
#11123 = ORIENTED_EDGE('',*,*,#11124,.F.);
#11124 = EDGE_CURVE('',#11125,#11125,#11127,.T.);
#11125 = VERTEX_POINT('',#11126);
#11126 = CARTESIAN_POINT('',(-34.22440799485,-23.54458564359,
    -18.34950638911));
#11127 = SURFACE_CURVE('',#11128,(#11191,#11257),.PCURVE_S1.);
#11128 = B_SPLINE_CURVE_WITH_KNOTS('',7,(#11129,#11130,#11131,#11132,
    #11133,#11134,#11135,#11136,#11137,#11138,#11139,#11140,#11141,
    #11142,#11143,#11144,#11145,#11146,#11147,#11148,#11149,#11150,
    #11151,#11152,#11153,#11154,#11155,#11156,#11157,#11158,#11159,
    #11160,#11161,#11162,#11163,#11164,#11165,#11166,#11167,#11168,
    #11169,#11170,#11171,#11172,#11173,#11174,#11175,#11176,#11177,
    #11178,#11179,#11180,#11181,#11182,#11183,#11184,#11185,#11186,
    #11187,#11188,#11189,#11190),.UNSPECIFIED.,.T.,.F.,(8,6,6,6,6,6,6,6,
    6,6,8),(0.,4.791086799092E-02,0.111143523833,0.191837311481,
    0.323374707121,0.445144379777,0.556871550678,0.694254852645,
    0.826744023059,0.915970718213,1.),.UNSPECIFIED.);
#11129 = CARTESIAN_POINT('',(-34.22440799485,-23.54458564359,
    -18.34950638911));
#11130 = CARTESIAN_POINT('',(-34.22711841358,-23.53564126177,
    -18.47339949069));
#11131 = CARTESIAN_POINT('',(-34.23665610245,-23.52791571747,
    -18.59513095025));
#11132 = CARTESIAN_POINT('',(-34.25255305827,-23.52146529524,
    -18.71434433111));
#11133 = CARTESIAN_POINT('',(-34.27434730838,-23.5163430575,
    -18.83072770499));
#11134 = CARTESIAN_POINT('',(-34.30158383789,-23.51259461282,
    -18.94401224009));
#11135 = CARTESIAN_POINT('',(-34.33381551714,-23.51025388421,
    -19.05397078921));
#11136 = CARTESIAN_POINT('',(-34.41915742415,-23.50813125363,
    -19.3009032583));
#11137 = CARTESIAN_POINT('',(-34.47569696897,-23.50940596293,
    -19.43541126159));
#11138 = CARTESIAN_POINT('',(-34.53933846604,-23.51321336107,
    -19.56375892241));
#11139 = CARTESIAN_POINT('',(-34.60931961499,-23.51958664201,
    -19.68583974155));
#11140 = CARTESIAN_POINT('',(-34.68498714087,-23.52854432117,
    -19.80159931568));
#11141 = CARTESIAN_POINT('',(-34.76578392254,-23.54009271863,
    -19.91101236726));
#11142 = CARTESIAN_POINT('',(-34.9602851792,-23.57226761932,
    -20.14556280027));
#11143 = CARTESIAN_POINT('',(-35.07693252696,-23.59452326413,
    -20.26671994329));
#11144 = CARTESIAN_POINT('',(-35.20017846368,-23.62098854956,
    -20.37746352008));
#11145 = CARTESIAN_POINT('',(-35.32920206269,-23.65162179235,
    -20.47772443416));
#11146 = CARTESIAN_POINT('',(-35.46331986713,-23.68635022319,
    -20.56740705303));
#11147 = CARTESIAN_POINT('',(-35.60194820682,-23.72506846386,
    -20.64636312559));
#11148 = CARTESIAN_POINT('',(-35.97705277827,-23.83701324424,
    -20.82521286627));
#11149 = CARTESIAN_POINT('',(-36.2197984486,-23.9165077474,
    -20.90678890908));
#11150 = CARTESIAN_POINT('',(-36.47071022425,-24.00549504237,
    -20.95835490471));
#11151 = CARTESIAN_POINT('',(-36.727959597,-24.10304353514,
    -20.97837426769));
#11152 = CARTESIAN_POINT('',(-36.98956857169,-24.20776649114,
    -20.96453154134));
#11153 = CARTESIAN_POINT('',(-37.25295151878,-24.31745539218,
    -20.9136854867));
#11154 = CARTESIAN_POINT('',(-37.75586249425,-24.53150017757,
    -20.73683008681));
#11155 = CARTESIAN_POINT('',(-38.00254794009,-24.63855732594,
    -20.61427808842));
#11156 = CARTESIAN_POINT('',(-38.24439811202,-24.74440859161,
    -20.44968189302));
#11157 = CARTESIAN_POINT('',(-38.4720307064,-24.84264267706,
    -20.24185035385));
#11158 = CARTESIAN_POINT('',(-38.67655559772,-24.92658786162,
    -19.99239565289));
#11159 = CARTESIAN_POINT('',(-38.84939881196,-24.99059882587,
    -19.70526338314));
#11160 = CARTESIAN_POINT('',(-39.10374542527,-25.06767355717,
    -19.09431767966));
#11161 = CARTESIAN_POINT('',(-39.18508172545,-25.08252661722,
    -18.79115342332));
#11162 = CARTESIAN_POINT('',(-39.22646355515,-25.07636786076,
    -18.48593123435));
#11163 = CARTESIAN_POINT('',(-39.22968139151,-25.05197319602,
    -18.18694189686));
#11164 = CARTESIAN_POINT('',(-39.1981100408,-25.01346019455,
    -17.9017641305));
#11165 = CARTESIAN_POINT('',(-39.13715183072,-24.96543046521,
    -17.63684028819));
#11166 = CARTESIAN_POINT('',(-38.95297512472,-24.84724573547,
    -17.10210135692));
#11167 = CARTESIAN_POINT('',(-38.81559003548,-24.77256381475,
    -16.83617750686));
#11168 = CARTESIAN_POINT('',(-38.64910970343,-24.69338180427,
    -16.6005518173));
#11169 = CARTESIAN_POINT('',(-38.45829182534,-24.61299064146,
    -16.39540412624));
#11170 = CARTESIAN_POINT('',(-38.24666340826,-24.533464889,
    -16.22076140641));
#11171 = CARTESIAN_POINT('',(-38.01691207425,-24.45612546766,
    -16.0770022393));
#11172 = CARTESIAN_POINT('',(-37.53427808765,-24.30987274445,
    -15.85762315448));
#11173 = CARTESIAN_POINT('',(-37.28317034396,-24.24095728159,
    -15.78005818385));
#11174 = CARTESIAN_POINT('',(-37.02002174099,-24.17553873416,
    -15.73342929079));
#11175 = CARTESIAN_POINT('',(-36.74694815198,-24.11381807565,
    -15.71941368787));
#11176 = CARTESIAN_POINT('',(-36.46651858053,-24.05569787194,
    -15.74053004344));
#11177 = CARTESIAN_POINT('',(-36.18240230811,-24.00071197947,
    -15.80017255082));
#11178 = CARTESIAN_POINT('',(-35.71050843811,-23.91267570437,
    -15.971575939));
#11179 = CARTESIAN_POINT('',(-35.52004907936,-23.87804246582,
    -16.0605105326));
#11180 = CARTESIAN_POINT('',(-35.33223993699,-23.84426655125,
    -16.17075535711));
#11181 = CARTESIAN_POINT('',(-35.15057450828,-23.81124368699,
    -16.30317662985));
#11182 = CARTESIAN_POINT('',(-34.97879558245,-23.77877555032,
    -16.45817878995));
#11183 = CARTESIAN_POINT('',(-34.82089533053,-23.74671592714,
    -16.63568420827));
#11184 = CARTESIAN_POINT('',(-34.54955977341,-23.6855029783,
    -17.02283366058));
#11185 = CARTESIAN_POINT('',(-34.43559914367,-23.65663393119,
    -17.22782167306));
#11186 = CARTESIAN_POINT('',(-34.34382511215,-23.62904300556,
    -17.44635112075));
#11187 = CARTESIAN_POINT('',(-34.27702476858,-23.60325595437,
    -17.67352686964));
#11188 = CARTESIAN_POINT('',(-34.2360372377,-23.58007436441,
    -17.90372384489));
#11189 = CARTESIAN_POINT('',(-34.21962796932,-23.56035972784,
    -18.13101166656));
#11190 = CARTESIAN_POINT('',(-34.22440799485,-23.54458564359,
    -18.34950638911));
#11191 = PCURVE('',#7924,#11192);
#11192 = DEFINITIONAL_REPRESENTATION('',(#11193),#11256);
#11193 = B_SPLINE_CURVE_WITH_KNOTS('',7,(#11194,#11195,#11196,#11197,
    #11198,#11199,#11200,#11201,#11202,#11203,#11204,#11205,#11206,
    #11207,#11208,#11209,#11210,#11211,#11212,#11213,#11214,#11215,
    #11216,#11217,#11218,#11219,#11220,#11221,#11222,#11223,#11224,
    #11225,#11226,#11227,#11228,#11229,#11230,#11231,#11232,#11233,
    #11234,#11235,#11236,#11237,#11238,#11239,#11240,#11241,#11242,
    #11243,#11244,#11245,#11246,#11247,#11248,#11249,#11250,#11251,
    #11252,#11253,#11254,#11255),.UNSPECIFIED.,.F.,.F.,(8,6,6,6,6,6,6,6,
    6,6,8),(0.,4.791086799092E-02,0.111143523833,0.191837311481,
    0.323374707121,0.445144379777,0.556871550678,0.694254852645,
    0.826744023059,0.915970718213,1.),.UNSPECIFIED.);
#11194 = CARTESIAN_POINT('',(0.,5.892588364494));
#11195 = CARTESIAN_POINT('',(4.765119291655E-02,5.901934397648));
#11196 = CARTESIAN_POINT('',(9.447108555202E-02,5.912093932393));
#11197 = CARTESIAN_POINT('',(0.140498903033,5.922877378637));
#11198 = CARTESIAN_POINT('',(0.185764231715,5.934099978862));
#11199 = CARTESIAN_POINT('',(0.230289088732,5.945586126886));
#11200 = CARTESIAN_POINT('',(0.274089991551,5.957173686634));
#11201 = CARTESIAN_POINT('',(0.374050160113,5.983954880059));
#11202 = CARTESIAN_POINT('',(0.429738992841,5.999131838268));
#11203 = CARTESIAN_POINT('',(0.484379457876,6.013944570133));
#11204 = CARTESIAN_POINT('',(0.538092438161,6.028140235466));
#11205 = CARTESIAN_POINT('',(0.590990612029,6.041511659981));
#11206 = CARTESIAN_POINT('',(0.643182297799,6.053891225983));
#11207 = CARTESIAN_POINT('',(0.760615244196,6.079505863639));
#11208 = CARTESIAN_POINT('',(0.825490122521,6.092035261912));
#11209 = CARTESIAN_POINT('',(0.889609629963,6.102449570967));
#11210 = CARTESIAN_POINT('',(0.953162626034,6.110550607915));
#11211 = CARTESIAN_POINT('',(1.016329499507,6.116209807196));
#11212 = CARTESIAN_POINT('',(1.079289956077,6.119358749686));
#11213 = CARTESIAN_POINT('',(1.24481743606,6.121007962635));
#11214 = CARTESIAN_POINT('',(1.347191412646,6.115327822662));
#11215 = CARTESIAN_POINT('',(1.450230675405,6.102931080194));
#11216 = CARTESIAN_POINT('',(1.554708770953,6.084179012523));
#11217 = CARTESIAN_POINT('',(1.661457595209,6.059825125259));
#11218 = CARTESIAN_POINT('',(1.771332018554,6.031233172518));
#11219 = CARTESIAN_POINT('',(1.991112593126,5.97223499131));
#11220 = CARTESIAN_POINT('',(2.103399044539,5.941319291255));
#11221 = CARTESIAN_POINT('',(2.220796012389,5.91015538518));
#11222 = CARTESIAN_POINT('',(2.342498917804,5.882158103837));
#11223 = CARTESIAN_POINT('',(2.468142543878,5.861134244575));
#11224 = CARTESIAN_POINT('',(2.59763787728,5.85));
#11225 = CARTESIAN_POINT('',(2.853887387747,5.85));
#11226 = CARTESIAN_POINT('',(2.973413723876,5.859373387613));
#11227 = CARTESIAN_POINT('',(3.089875983626,5.877268504489));
#11228 = CARTESIAN_POINT('',(3.20306304208,5.901547990325));
#11229 = CARTESIAN_POINT('',(3.312543181822,5.92924994743));
#11230 = CARTESIAN_POINT('',(3.417535927495,5.95753723882));
#11231 = CARTESIAN_POINT('',(3.638571398197,6.017230302634));
#11232 = CARTESIAN_POINT('',(3.755317201522,6.048860031455));
#11233 = CARTESIAN_POINT('',(3.868283809066,6.07635862041));
#11234 = CARTESIAN_POINT('',(3.978474852763,6.097956329322));
#11235 = CARTESIAN_POINT('',(4.086875771588,6.112690609198));
#11236 = CARTESIAN_POINT('',(4.194390579235,6.12007673691));
#11237 = CARTESIAN_POINT('',(4.40591246912,6.12007673691));
#11238 = CARTESIAN_POINT('',(4.509618463487,6.113207414028));
#11239 = CARTESIAN_POINT('',(4.61411509613,6.099499519501));
#11240 = CARTESIAN_POINT('',(4.720212539051,6.079374335685));
#11241 = CARTESIAN_POINT('',(4.828786732882,6.053670139443));
#11242 = CARTESIAN_POINT('',(4.940735824228,6.023897160314));
#11243 = CARTESIAN_POINT('',(5.135734909232,5.971297311976));
#11244 = CARTESIAN_POINT('',(5.216912488809,5.949207543934));
#11245 = CARTESIAN_POINT('',(5.300640901737,5.927065878274));
#11246 = CARTESIAN_POINT('',(5.386871320072,5.905985247479));
#11247 = CARTESIAN_POINT('',(5.4756393589,5.88724088779));
#11248 = CARTESIAN_POINT('',(5.567070918311,5.872130488801));
#11249 = CARTESIAN_POINT('',(5.750258673767,5.852023456535));
#11250 = CARTESIAN_POINT('',(5.840653727756,5.846602413759));
#11251 = CARTESIAN_POINT('',(5.931588251282,5.846392455091));
#11252 = CARTESIAN_POINT('',(6.02222418059,5.851698698758));
#11253 = CARTESIAN_POINT('',(6.111730420125,5.861997359011));
#11254 = CARTESIAN_POINT('',(6.19914887543,5.876105938152));
#11255 = CARTESIAN_POINT('',(6.28318530718,5.892588364494));
#11256 = ( GEOMETRIC_REPRESENTATION_CONTEXT(2) 
PARAMETRIC_REPRESENTATION_CONTEXT() REPRESENTATION_CONTEXT('2D SPACE',''
  ) );
#11257 = PCURVE('',#11109,#11258);
#11258 = DEFINITIONAL_REPRESENTATION('',(#11259),#11322);
#11259 = B_SPLINE_CURVE_WITH_KNOTS('',7,(#11260,#11261,#11262,#11263,
    #11264,#11265,#11266,#11267,#11268,#11269,#11270,#11271,#11272,
    #11273,#11274,#11275,#11276,#11277,#11278,#11279,#11280,#11281,
    #11282,#11283,#11284,#11285,#11286,#11287,#11288,#11289,#11290,
    #11291,#11292,#11293,#11294,#11295,#11296,#11297,#11298,#11299,
    #11300,#11301,#11302,#11303,#11304,#11305,#11306,#11307,#11308,
    #11309,#11310,#11311,#11312,#11313,#11314,#11315,#11316,#11317,
    #11318,#11319,#11320,#11321),.UNSPECIFIED.,.F.,.F.,(8,6,6,6,6,6,6,6,
    6,6,8),(0.,4.791086799092E-02,0.111143523833,0.191837311481,
    0.323374707121,0.445144379777,0.556871550678,0.694254852645,
    0.826744023059,0.915970718213,1.),.UNSPECIFIED.);
#11260 = CARTESIAN_POINT('',(1.368420527463,35.615817090259));
#11261 = CARTESIAN_POINT('',(1.359409228152,35.665238335021));
#11262 = CARTESIAN_POINT('',(1.350765279636,35.720112937643));
#11263 = CARTESIAN_POINT('',(1.342500896265,35.779902970136));
#11264 = CARTESIAN_POINT('',(1.334625653243,35.844092694392));
#11265 = CARTESIAN_POINT('',(1.327146470096,35.912187687438));
#11266 = CARTESIAN_POINT('',(1.320067594163,35.983713966702));
#11267 = CARTESIAN_POINT('',(1.304578281155,36.156546203212));
#11268 = CARTESIAN_POINT('',(1.296457182832,36.260159007907));
#11269 = CARTESIAN_POINT('',(1.289016555072,36.368220535418));
#11270 = CARTESIAN_POINT('',(1.282243921387,36.48002814696));
#11271 = CARTESIAN_POINT('',(1.276126181625,36.594991760473));
#11272 = CARTESIAN_POINT('',(1.270650730763,36.712614052204));
#11273 = CARTESIAN_POINT('',(1.259624755149,36.985424593079));
#11274 = CARTESIAN_POINT('',(1.25447004692,37.142040982734));
#11275 = CARTESIAN_POINT('',(1.250321291069,37.301413690269));
#11276 = CARTESIAN_POINT('',(1.247161739628,37.462783634893));
#11277 = CARTESIAN_POINT('',(1.244979418409,37.625493525135));
#11278 = CARTESIAN_POINT('',(1.243767765628,37.788943979301));
#11279 = CARTESIAN_POINT('',(1.243133347301,38.219243754114));
#11280 = CARTESIAN_POINT('',(1.245319249306,38.485954967536));
#11281 = CARTESIAN_POINT('',(1.250069405299,38.750386020398));
#11282 = CARTESIAN_POINT('',(1.257424551979,39.010071550304));
#11283 = CARTESIAN_POINT('',(1.267465901195,39.261983276112));
#11284 = CARTESIAN_POINT('',(1.280300625465,39.502011718367));
#11285 = CARTESIAN_POINT('',(1.310616299906,39.929732836364));
#11286 = CARTESIAN_POINT('',(1.328093625089,40.125804258894));
#11287 = CARTESIAN_POINT('',(1.348435569917,40.300540103455));
#11288 = CARTESIAN_POINT('',(1.371361756505,40.443526461476));
#11289 = CARTESIAN_POINT('',(1.396418264733,40.545830351281));
#11290 = CARTESIAN_POINT('',(1.423033944963,40.6));
#11291 = CARTESIAN_POINT('',(1.475701828538,40.6));
#11292 = CARTESIAN_POINT('',(1.500268552741,40.554396547823));
#11293 = CARTESIAN_POINT('',(1.52361253294,40.467320959258));
#11294 = CARTESIAN_POINT('',(1.545233019859,40.344389954108));
#11295 = CARTESIAN_POINT('',(1.564718234594,40.192683386714));
#11296 = CARTESIAN_POINT('',(1.581788858738,40.020735857049));
#11297 = CARTESIAN_POINT('',(1.614257605055,39.614367088488));
#11298 = CARTESIAN_POINT('',(1.628915255606,39.367861816746));
#11299 = CARTESIAN_POINT('',(1.640452385247,39.106712269271));
#11300 = CARTESIAN_POINT('',(1.649001678006,38.836040642615));
#11301 = CARTESIAN_POINT('',(1.654668552355,38.559504643643));
#11302 = CARTESIAN_POINT('',(1.657509401017,38.279965185322));
#11303 = CARTESIAN_POINT('',(1.657509401017,37.730008271622));
#11304 = CARTESIAN_POINT('',(1.654867336255,37.460371989046));
#11305 = CARTESIAN_POINT('',(1.649595159396,37.193439252571));
#11306 = CARTESIAN_POINT('',(1.641645083515,36.93178941084));
#11307 = CARTESIAN_POINT('',(1.630926855953,36.678655774613));
#11308 = CARTESIAN_POINT('',(1.6173250002,36.438488438307));
#11309 = CARTESIAN_POINT('',(1.589540941644,36.069322706932));
#11310 = CARTESIAN_POINT('',(1.576909180934,35.92844444289));
#11311 = CARTESIAN_POINT('',(1.562833882274,35.798620661966));
#11312 = CARTESIAN_POINT('',(1.547364756994,35.683235011372));
#11313 = CARTESIAN_POINT('',(1.530588145311,35.585680697884));
#11314 = CARTESIAN_POINT('',(1.512627635014,35.509391341387));
#11315 = CARTESIAN_POINT('',(1.475780706575,35.409427456587));
#11316 = CARTESIAN_POINT('',(1.45721681621,35.383510213123));
#11317 = CARTESIAN_POINT('',(1.438361315456,35.382805204323));
#11318 = CARTESIAN_POINT('',(1.419645923941,35.407945474322));
#11319 = CARTESIAN_POINT('',(1.401497821614,35.457636741013));
#11320 = CARTESIAN_POINT('',(1.384312625712,35.528659040098));
#11321 = CARTESIAN_POINT('',(1.368420527463,35.615817090259));
#11322 = ( GEOMETRIC_REPRESENTATION_CONTEXT(2) 
PARAMETRIC_REPRESENTATION_CONTEXT() REPRESENTATION_CONTEXT('2D SPACE',''
  ) );
#11323 = ORIENTED_EDGE('',*,*,#11324,.F.);
#11324 = EDGE_CURVE('',#7791,#11125,#11325,.T.);
#11325 = SEAM_CURVE('',#11326,(#11330,#11337),.PCURVE_S1.);
#11326 = LINE('',#11327,#11328);
#11327 = CARTESIAN_POINT('',(-32.51551379179,-29.18393651369,
    -18.34950638911));
#11328 = VECTOR('',#11329,1.);
#11329 = DIRECTION('',(-0.290007395283,0.957024404433,
    -1.232595164408E-32));
#11330 = PCURVE('',#7924,#11331);
#11331 = DEFINITIONAL_REPRESENTATION('',(#11332),#11336);
#11332 = LINE('',#11333,#11334);
#11333 = CARTESIAN_POINT('',(6.28318530718,-0.));
#11334 = VECTOR('',#11335,1.);
#11335 = DIRECTION('',(0.,1.));
#11336 = ( GEOMETRIC_REPRESENTATION_CONTEXT(2) 
PARAMETRIC_REPRESENTATION_CONTEXT() REPRESENTATION_CONTEXT('2D SPACE',''
  ) );
#11337 = PCURVE('',#7924,#11338);
#11338 = DEFINITIONAL_REPRESENTATION('',(#11339),#11343);
#11339 = LINE('',#11340,#11341);
#11340 = CARTESIAN_POINT('',(0.,-0.));
#11341 = VECTOR('',#11342,1.);
#11342 = DIRECTION('',(0.,1.));
#11343 = ( GEOMETRIC_REPRESENTATION_CONTEXT(2) 
PARAMETRIC_REPRESENTATION_CONTEXT() REPRESENTATION_CONTEXT('2D SPACE',''
  ) );
#11344 = ORIENTED_EDGE('',*,*,#7790,.T.);
#11345 = ORIENTED_EDGE('',*,*,#11324,.T.);
#11346 = ADVANCED_FACE('',(#11347),#8131,.F.);
#11347 = FACE_BOUND('',#11348,.F.);
#11348 = EDGE_LOOP('',(#11349,#11350,#11373,#11571));
#11349 = ORIENTED_EDGE('',*,*,#7997,.F.);
#11350 = ORIENTED_EDGE('',*,*,#11351,.F.);
#11351 = EDGE_CURVE('',#11352,#7998,#11354,.T.);
#11352 = VERTEX_POINT('',#11353);
#11353 = CARTESIAN_POINT('',(-41.53689321419,0.586615580241,
    -18.34950638911));
#11354 = SEAM_CURVE('',#11355,(#11359,#11366),.PCURVE_S1.);
#11355 = LINE('',#11356,#11357);
#11356 = CARTESIAN_POINT('',(-32.51551379179,-29.18393651369,
    -18.34950638911));
#11357 = VECTOR('',#11358,1.);
#11358 = DIRECTION('',(-0.290007395283,0.957024404433,
    -1.232595164408E-32));
#11359 = PCURVE('',#8131,#11360);
#11360 = DEFINITIONAL_REPRESENTATION('',(#11361),#11365);
#11361 = LINE('',#11362,#11363);
#11362 = CARTESIAN_POINT('',(6.28318530718,-0.));
#11363 = VECTOR('',#11364,1.);
#11364 = DIRECTION('',(0.,1.));
#11365 = ( GEOMETRIC_REPRESENTATION_CONTEXT(2) 
PARAMETRIC_REPRESENTATION_CONTEXT() REPRESENTATION_CONTEXT('2D SPACE',''
  ) );
#11366 = PCURVE('',#8131,#11367);
#11367 = DEFINITIONAL_REPRESENTATION('',(#11368),#11372);
#11368 = LINE('',#11369,#11370);
#11369 = CARTESIAN_POINT('',(0.,-0.));
#11370 = VECTOR('',#11371,1.);
#11371 = DIRECTION('',(0.,1.));
#11372 = ( GEOMETRIC_REPRESENTATION_CONTEXT(2) 
PARAMETRIC_REPRESENTATION_CONTEXT() REPRESENTATION_CONTEXT('2D SPACE',''
  ) );
#11373 = ORIENTED_EDGE('',*,*,#11374,.T.);
#11374 = EDGE_CURVE('',#11352,#11352,#11375,.T.);
#11375 = SURFACE_CURVE('',#11376,(#11439,#11505),.PCURVE_S1.);
#11376 = B_SPLINE_CURVE_WITH_KNOTS('',7,(#11377,#11378,#11379,#11380,
    #11381,#11382,#11383,#11384,#11385,#11386,#11387,#11388,#11389,
    #11390,#11391,#11392,#11393,#11394,#11395,#11396,#11397,#11398,
    #11399,#11400,#11401,#11402,#11403,#11404,#11405,#11406,#11407,
    #11408,#11409,#11410,#11411,#11412,#11413,#11414,#11415,#11416,
    #11417,#11418,#11419,#11420,#11421,#11422,#11423,#11424,#11425,
    #11426,#11427,#11428,#11429,#11430,#11431,#11432,#11433,#11434,
    #11435,#11436,#11437,#11438),.UNSPECIFIED.,.T.,.F.,(8,6,6,6,6,6,6,6,
    6,6,8),(0.,4.791086785018E-02,0.111143528378,0.191837315885,
    0.323374711294,0.445144383738,0.556871554443,0.69425485617,
    0.826744026352,0.915970720328,1.),.UNSPECIFIED.);
#11377 = CARTESIAN_POINT('',(-41.53689321419,0.586615580243,
    -18.34950638911));
#11378 = CARTESIAN_POINT('',(-41.53418279546,0.57767119843,
    -18.47339949069));
#11379 = CARTESIAN_POINT('',(-41.53782780391,0.565950897361,
    -18.59513095025));
#11380 = CARTESIAN_POINT('',(-41.54747020142,0.55176127715,
    -18.71434433111));
#11381 = CARTESIAN_POINT('',(-41.56275517741,0.535402910295,
    -18.83072770499));
#11382 = CARTESIAN_POINT('',(-41.58332957118,0.517166307037,
    -18.94401224009));
#11383 = CARTESIAN_POINT('',(-41.60884029439,0.497327880713,
    -19.05397078921));
#11384 = CARTESIAN_POINT('',(-41.67864871616,0.448189997764,
    -19.30090326912));
#11385 = CARTESIAN_POINT('',(-41.72638539289,0.41786585434,
    -19.4354112524));
#11386 = CARTESIAN_POINT('',(-41.7814352886,0.385706163679,
    -19.5637589138));
#11387 = CARTESIAN_POINT('',(-41.843182749,0.352161682485,
    -19.68583974796));
#11388 = CARTESIAN_POINT('',(-41.91109465052,0.317610443889,
    -19.80159932532));
#11389 = CARTESIAN_POINT('',(-41.98471109047,0.282366958005,
    -19.91101235944));
#11390 = CARTESIAN_POINT('',(-42.16435548443,0.201164387917,
    -20.14556280027));
#11391 = CARTESIAN_POINT('',(-42.27373559587,0.15492686327,
    -20.26671994329));
#11392 = CARTESIAN_POINT('',(-42.3909410793,0.108528081993,
    -20.37746352008));
#11393 = CARTESIAN_POINT('',(-42.51526595707,6.238905908711E-02,
    -20.47772443416));
#11394 = CARTESIAN_POINT('',(-42.64610134222,1.682864460025E-02,
    -20.56740705303));
#11395 = CARTESIAN_POINT('',(-42.7829032487,-2.791682569108E-02,
    -20.64636312559));
#11396 = CARTESIAN_POINT('',(-43.15705125224,-0.143018280153,
    -20.82521286627));
#11397 = CARTESIAN_POINT('',(-43.40309148777,-0.211640718164,
    -20.90678890908));
#11398 = CARTESIAN_POINT('',(-43.6611935574,-0.276900042978,
    -20.95835490471));
#11399 = CARTESIAN_POINT('',(-43.92931940675,-0.338556162962,
    -20.97837426769));
#11400 = CARTESIAN_POINT('',(-44.20505399627,-0.396664590054,
    -20.96453154134));
#11401 = CARTESIAN_POINT('',(-44.48502069883,-0.451627098003,
    -20.9136854867));
#11402 = CARTESIAN_POINT('',(-45.02215149202,-0.55274648493,
    -20.73683008681));
#11403 = CARTESIAN_POINT('',(-45.28676850115,-0.600629474432,
    -20.61427808842));
#11404 = CARTESIAN_POINT('',(-45.54669419954,-0.646831502798,
    -20.44968189302));
#11405 = CARTESIAN_POINT('',(-45.7905656312,-0.691477425242,
    -20.24185035385));
#11406 = CARTESIAN_POINT('',(-46.00728467184,-0.735181917028,
    -19.99239565289));
#11407 = CARTESIAN_POINT('',(-46.18658591262,-0.777881393703,
    -19.70526338314));
#11408 = CARTESIAN_POINT('',(-46.44093252593,-0.854956125009,
    -19.09431767966));
#11409 = CARTESIAN_POINT('',(-46.51683212266,-0.88775030645,
    -18.79115342332));
#11410 = CARTESIAN_POINT('',(-46.54783451989,-0.915843677133,
    -18.48593123435));
#11411 = CARTESIAN_POINT('',(-46.53696989535,-0.937921133334,
    -18.18694189686));
#11412 = CARTESIAN_POINT('',(-46.4893309998,-0.952431029872,
    -17.9017641305));
#11413 = CARTESIAN_POINT('',(-46.41196574233,-0.958544556921,
    -17.63684028819));
#11414 = CARTESIAN_POINT('',(-46.19316617642,-0.954615264872,
    -17.10210135692));
#11415 = CARTESIAN_POINT('',(-46.03743537664,-0.940474188922,
    -16.83617750686));
#11416 = CARTESIAN_POINT('',(-45.85500545628,-0.913925819883,
    -16.6005518173));
#11417 = CARTESIAN_POINT('',(-45.65166058757,-0.874873726087,
    -16.39540412624));
#11418 = CARTESIAN_POINT('',(-45.43148607024,-0.823550104477,
    -16.22076140641));
#11419 = CARTESIAN_POINT('',(-45.19745067291,-0.760348092084,
    -16.0770022393));
#11420 = CARTESIAN_POINT('',(-44.71481668631,-0.614095368871,
    -15.85762315448));
#11421 = CARTESIAN_POINT('',(-44.4676932515,-0.532031686731,
    -15.78005818385));
#11422 = CARTESIAN_POINT('',(-44.2124954301,-0.440375560111,
    -15.73342929079));
#11423 = CARTESIAN_POINT('',(-43.95109474536,-0.340134317487,
    -15.71941368787));
#11424 = CARTESIAN_POINT('',(-43.68557398792,-0.232815027585,
    -15.74053004344));
#11425 = CARTESIAN_POINT('',(-43.41872648375,-0.120842199875,
    -15.80017255082));
#11426 = CARTESIAN_POINT('',(-42.9773413058,6.787275141616E-02,
    -15.97157593821));
#11427 = CARTESIAN_POINT('',(-42.79969433263,0.144786886963,
    -16.06051053568));
#11428 = CARTESIAN_POINT('',(-42.62472769091,0.220943027393,
    -16.17075535422));
#11429 = CARTESIAN_POINT('',(-42.45528934017,0.294315247727,
    -16.30317662814));
#11430 = CARTESIAN_POINT('',(-42.29438241318,0.362661006617,
    -16.45817879446));
#11431 = CARTESIAN_POINT('',(-42.14524642196,0.423642668681,
    -16.63568420589));
#11432 = CARTESIAN_POINT('',(-41.88557323934,0.523341459289,
    -17.02283366058));
#11433 = CARTESIAN_POINT('',(-41.77475689459,0.56258664687,
    -17.22782167306));
#11434 = CARTESIAN_POINT('',(-41.68310464222,0.590579443635,
    -17.44635112075));
#11435 = CARTESIAN_POINT('',(-41.61322659883,0.606210085458,
    -17.67352686964));
#11436 = CARTESIAN_POINT('',(-41.56626569268,0.609679537027,
    -17.90372384489));
#11437 = CARTESIAN_POINT('',(-41.54167323973,0.602389664496,
    -18.13101166656));
#11438 = CARTESIAN_POINT('',(-41.53689321419,0.586615580243,
    -18.34950638911));
#11439 = PCURVE('',#8131,#11440);
#11440 = DEFINITIONAL_REPRESENTATION('',(#11441),#11504);
#11441 = B_SPLINE_CURVE_WITH_KNOTS('',7,(#11442,#11443,#11444,#11445,
    #11446,#11447,#11448,#11449,#11450,#11451,#11452,#11453,#11454,
    #11455,#11456,#11457,#11458,#11459,#11460,#11461,#11462,#11463,
    #11464,#11465,#11466,#11467,#11468,#11469,#11470,#11471,#11472,
    #11473,#11474,#11475,#11476,#11477,#11478,#11479,#11480,#11481,
    #11482,#11483,#11484,#11485,#11486,#11487,#11488,#11489,#11490,
    #11491,#11492,#11493,#11494,#11495,#11496,#11497,#11498,#11499,
    #11500,#11501,#11502,#11503),.UNSPECIFIED.,.F.,.F.,(8,6,6,6,6,6,6,6,
    6,6,8),(0.,4.791086785018E-02,0.111143528378,0.191837315885,
    0.323374711294,0.445144383738,0.556871554443,0.69425485617,
    0.826744026352,0.915970720328,1.),.UNSPECIFIED.);
#11442 = CARTESIAN_POINT('',(0.,31.107411635506));
#11443 = CARTESIAN_POINT('',(4.765119291655E-02,31.098065602352));
#11444 = CARTESIAN_POINT('',(9.447108555202E-02,31.087906067607));
#11445 = CARTESIAN_POINT('',(0.140498903033,31.077122621363));
#11446 = CARTESIAN_POINT('',(0.185764231715,31.065900021138));
#11447 = CARTESIAN_POINT('',(0.230289088732,31.054413873114));
#11448 = CARTESIAN_POINT('',(0.274089991551,31.042826313366));
#11449 = CARTESIAN_POINT('',(0.374050164494,31.016045118767));
#11450 = CARTESIAN_POINT('',(0.429738988699,31.000868162744));
#11451 = CARTESIAN_POINT('',(0.484379454368,30.986055430809));
#11452 = CARTESIAN_POINT('',(0.538092441324,30.971859763827));
#11453 = CARTESIAN_POINT('',(0.590990616239,30.958488338959));
#11454 = CARTESIAN_POINT('',(0.643182293886,30.94610877487));
#11455 = CARTESIAN_POINT('',(0.760615244196,30.920494136361));
#11456 = CARTESIAN_POINT('',(0.825490122521,30.907964738088));
#11457 = CARTESIAN_POINT('',(0.889609629963,30.897550429033));
#11458 = CARTESIAN_POINT('',(0.953162626034,30.889449392085));
#11459 = CARTESIAN_POINT('',(1.016329499507,30.883790192804));
#11460 = CARTESIAN_POINT('',(1.079289956077,30.880641250314));
#11461 = CARTESIAN_POINT('',(1.24481743606,30.878992037365));
#11462 = CARTESIAN_POINT('',(1.347191412646,30.884672177338));
#11463 = CARTESIAN_POINT('',(1.450230675404,30.897068919806));
#11464 = CARTESIAN_POINT('',(1.554708770953,30.915820987477));
#11465 = CARTESIAN_POINT('',(1.661457595209,30.940174874741));
#11466 = CARTESIAN_POINT('',(1.771332018554,30.968766827482));
#11467 = CARTESIAN_POINT('',(1.991112593126,31.02776500869));
#11468 = CARTESIAN_POINT('',(2.103399044539,31.058680708745));
#11469 = CARTESIAN_POINT('',(2.220796012389,31.08984461482));
#11470 = CARTESIAN_POINT('',(2.342498917805,31.117841896163));
#11471 = CARTESIAN_POINT('',(2.468142543877,31.138865755425));
#11472 = CARTESIAN_POINT('',(2.59763787728,31.15));
#11473 = CARTESIAN_POINT('',(2.853887387747,31.15));
#11474 = CARTESIAN_POINT('',(2.973413723876,31.140626612387));
#11475 = CARTESIAN_POINT('',(3.089875983626,31.122731495511));
#11476 = CARTESIAN_POINT('',(3.20306304208,31.098452009675));
#11477 = CARTESIAN_POINT('',(3.312543181822,31.07075005257));
#11478 = CARTESIAN_POINT('',(3.417535927495,31.04246276118));
#11479 = CARTESIAN_POINT('',(3.638571398197,30.982769697366));
#11480 = CARTESIAN_POINT('',(3.755317201522,30.951139968545));
#11481 = CARTESIAN_POINT('',(3.868283809066,30.92364137959));
#11482 = CARTESIAN_POINT('',(3.978474852763,30.902043670678));
#11483 = CARTESIAN_POINT('',(4.086875771588,30.887309390802));
#11484 = CARTESIAN_POINT('',(4.194390579235,30.87992326309));
#11485 = CARTESIAN_POINT('',(4.40591246912,30.87992326309));
#11486 = CARTESIAN_POINT('',(4.509618463487,30.886792585972));
#11487 = CARTESIAN_POINT('',(4.614115096129,30.900500480499));
#11488 = CARTESIAN_POINT('',(4.720212539053,30.920625664315));
#11489 = CARTESIAN_POINT('',(4.828786732881,30.946329860556));
#11490 = CARTESIAN_POINT('',(4.940735824228,30.976102839686));
#11491 = CARTESIAN_POINT('',(5.135734908333,31.028702687781));
#11492 = CARTESIAN_POINT('',(5.216912491123,31.050792456575));
#11493 = CARTESIAN_POINT('',(5.300640900187,31.072934121488));
#11494 = CARTESIAN_POINT('',(5.386871318694,31.094014752196));
#11495 = CARTESIAN_POINT('',(5.475639361424,31.112759112615));
#11496 = CARTESIAN_POINT('',(5.567070917182,31.127869511075));
#11497 = CARTESIAN_POINT('',(5.750258673767,31.147976543465));
#11498 = CARTESIAN_POINT('',(5.840653727756,31.153397586241));
#11499 = CARTESIAN_POINT('',(5.931588251281,31.153607544909));
#11500 = CARTESIAN_POINT('',(6.022224180591,31.148301301242));
#11501 = CARTESIAN_POINT('',(6.111730420125,31.138002640989));
#11502 = CARTESIAN_POINT('',(6.19914887543,31.123894061848));
#11503 = CARTESIAN_POINT('',(6.28318530718,31.107411635506));
#11504 = ( GEOMETRIC_REPRESENTATION_CONTEXT(2) 
PARAMETRIC_REPRESENTATION_CONTEXT() REPRESENTATION_CONTEXT('2D SPACE',''
  ) );
#11505 = PCURVE('',#11109,#11506);
#11506 = DEFINITIONAL_REPRESENTATION('',(#11507),#11570);
#11507 = B_SPLINE_CURVE_WITH_KNOTS('',7,(#11508,#11509,#11510,#11511,
    #11512,#11513,#11514,#11515,#11516,#11517,#11518,#11519,#11520,
    #11521,#11522,#11523,#11524,#11525,#11526,#11527,#11528,#11529,
    #11530,#11531,#11532,#11533,#11534,#11535,#11536,#11537,#11538,
    #11539,#11540,#11541,#11542,#11543,#11544,#11545,#11546,#11547,
    #11548,#11549,#11550,#11551,#11552,#11553,#11554,#11555,#11556,
    #11557,#11558,#11559,#11560,#11561,#11562,#11563,#11564,#11565,
    #11566,#11567,#11568,#11569),.UNSPECIFIED.,.T.,.F.,(8,6,6,6,6,6,6,6,
    6,6,8),(0.,4.791086785018E-02,0.111143528378,0.191837315885,
    0.323374711294,0.445144383738,0.556871554443,0.69425485617,
    0.826744026352,0.915970720328,1.),.UNSPECIFIED.);
#11508 = CARTESIAN_POINT('',(4.674173100755,35.615817090259));
#11509 = CARTESIAN_POINT('',(4.683184400066,35.665238335021));
#11510 = CARTESIAN_POINT('',(4.691828348583,35.720112937643));
#11511 = CARTESIAN_POINT('',(4.700092731953,35.779902970136));
#11512 = CARTESIAN_POINT('',(4.707967974976,35.844092694392));
#11513 = CARTESIAN_POINT('',(4.715447158122,35.912187687438));
#11514 = CARTESIAN_POINT('',(4.722526034055,35.983713966702));
#11515 = CARTESIAN_POINT('',(4.738015347742,36.156546210786));
#11516 = CARTESIAN_POINT('',(4.746136444881,36.26015899936));
#11517 = CARTESIAN_POINT('',(4.753577072611,36.368220529241));
#11518 = CARTESIAN_POINT('',(4.760349707139,36.480028154231));
#11519 = CARTESIAN_POINT('',(4.766467447145,36.594991768786));
#11520 = CARTESIAN_POINT('',(4.771942897088,36.712614043114));
#11521 = CARTESIAN_POINT('',(4.782968873069,36.985424593079));
#11522 = CARTESIAN_POINT('',(4.788123581298,37.142040982734));
#11523 = CARTESIAN_POINT('',(4.792272337149,37.301413690269));
#11524 = CARTESIAN_POINT('',(4.795431888591,37.462783634893));
#11525 = CARTESIAN_POINT('',(4.797614209809,37.625493525134));
#11526 = CARTESIAN_POINT('',(4.79882586259,37.788943979301));
#11527 = CARTESIAN_POINT('',(4.799460280918,38.219243754113));
#11528 = CARTESIAN_POINT('',(4.797274378913,38.485954967537));
#11529 = CARTESIAN_POINT('',(4.792524222919,38.750386020398));
#11530 = CARTESIAN_POINT('',(4.785169076239,39.010071550305));
#11531 = CARTESIAN_POINT('',(4.775127727023,39.261983276112));
#11532 = CARTESIAN_POINT('',(4.762293002753,39.502011718367));
#11533 = CARTESIAN_POINT('',(4.731977328312,39.929732836364));
#11534 = CARTESIAN_POINT('',(4.71450000313,40.125804258894));
#11535 = CARTESIAN_POINT('',(4.694158058302,40.300540103455));
#11536 = CARTESIAN_POINT('',(4.671231871714,40.443526461476));
#11537 = CARTESIAN_POINT('',(4.646175363485,40.545830351281));
#11538 = CARTESIAN_POINT('',(4.619559683255,40.6));
#11539 = CARTESIAN_POINT('',(4.566891799681,40.6));
#11540 = CARTESIAN_POINT('',(4.542325075477,40.554396547823));
#11541 = CARTESIAN_POINT('',(4.518981095278,40.467320959258));
#11542 = CARTESIAN_POINT('',(4.497360608359,40.344389954108));
#11543 = CARTESIAN_POINT('',(4.477875393625,40.192683386714));
#11544 = CARTESIAN_POINT('',(4.460804769481,40.020735857049));
#11545 = CARTESIAN_POINT('',(4.428336023163,39.614367088488));
#11546 = CARTESIAN_POINT('',(4.413678372613,39.367861816745));
#11547 = CARTESIAN_POINT('',(4.402141242972,39.106712269271));
#11548 = CARTESIAN_POINT('',(4.393591950212,38.836040642614));
#11549 = CARTESIAN_POINT('',(4.387925075864,38.559504643643));
#11550 = CARTESIAN_POINT('',(4.385084227201,38.279965185322));
#11551 = CARTESIAN_POINT('',(4.385084227201,37.730008271622));
#11552 = CARTESIAN_POINT('',(4.387726291964,37.460371989046));
#11553 = CARTESIAN_POINT('',(4.392998468822,37.193439252571));
#11554 = CARTESIAN_POINT('',(4.400948544703,36.931789410839));
#11555 = CARTESIAN_POINT('',(4.411666772266,36.678655774613));
#11556 = CARTESIAN_POINT('',(4.425268628018,36.438488438307));
#11557 = CARTESIAN_POINT('',(4.453052686446,36.069322708634));
#11558 = CARTESIAN_POINT('',(4.465684447665,35.928444439598));
#11559 = CARTESIAN_POINT('',(4.47975974565,35.798620663286));
#11560 = CARTESIAN_POINT('',(4.495228871002,35.683235013484));
#11561 = CARTESIAN_POINT('',(4.512005483378,35.585680695552));
#11562 = CARTESIAN_POINT('',(4.529965992977,35.509391342003));
#11563 = CARTESIAN_POINT('',(4.566812921643,35.409427456588));
#11564 = CARTESIAN_POINT('',(4.585376812008,35.383510213123));
#11565 = CARTESIAN_POINT('',(4.604232312762,35.382805204322));
#11566 = CARTESIAN_POINT('',(4.622947704277,35.407945474322));
#11567 = CARTESIAN_POINT('',(4.641095806604,35.457636741013));
#11568 = CARTESIAN_POINT('',(4.658281002507,35.528659040098));
#11569 = CARTESIAN_POINT('',(4.674173100755,35.615817090259));
#11570 = ( GEOMETRIC_REPRESENTATION_CONTEXT(2) 
PARAMETRIC_REPRESENTATION_CONTEXT() REPRESENTATION_CONTEXT('2D SPACE',''
  ) );
#11571 = ORIENTED_EDGE('',*,*,#11351,.T.);
#11572 = ADVANCED_FACE('',(#11573,#11576),#8278,.T.);
#11573 = FACE_BOUND('',#11574,.T.);
#11574 = EDGE_LOOP('',(#11575));
#11575 = ORIENTED_EDGE('',*,*,#8263,.T.);
#11576 = FACE_BOUND('',#11577,.T.);
#11577 = EDGE_LOOP('',(#11578));
#11578 = ORIENTED_EDGE('',*,*,#11579,.F.);
#11579 = EDGE_CURVE('',#11580,#11580,#11582,.T.);
#11580 = VERTEX_POINT('',#11581);
#11581 = CARTESIAN_POINT('',(-33.90209957519,-6.319953491627,
    53.054013347318));
#11582 = SURFACE_CURVE('',#11583,(#11588,#11595),.PCURVE_S1.);
#11583 = CIRCLE('',#11584,12.65);
#11584 = AXIS2_PLACEMENT_3D('',#11585,#11586,#11587);
#11585 = CARTESIAN_POINT('',(-42.97568374306,-6.319953491627,
    44.239674441388));
#11586 = DIRECTION('',(-0.693156189404,-0.101934733736,0.713543136151));
#11587 = DIRECTION('',(0.717279380859,-6.938893903907E-18,0.696785684263
    ));
#11588 = PCURVE('',#8278,#11589);
#11589 = DEFINITIONAL_REPRESENTATION('',(#11590),#11594);
#11590 = CIRCLE('',#11591,12.65);
#11591 = AXIS2_PLACEMENT_2D('',#11592,#11593);
#11592 = CARTESIAN_POINT('',(5.0965765358E-15,-1.388226772844E-15));
#11593 = DIRECTION('',(1.,-6.938893903907E-18));
#11594 = ( GEOMETRIC_REPRESENTATION_CONTEXT(2) 
PARAMETRIC_REPRESENTATION_CONTEXT() REPRESENTATION_CONTEXT('2D SPACE',''
  ) );
#11595 = PCURVE('',#11596,#11601);
#11596 = CYLINDRICAL_SURFACE('',#11597,12.65);
#11597 = AXIS2_PLACEMENT_3D('',#11598,#11599,#11600);
#11598 = CARTESIAN_POINT('',(-5.545249515234,-0.815477869887,
    5.708345089211));
#11599 = DIRECTION('',(-0.693156189404,-0.101934733736,0.713543136151));
#11600 = DIRECTION('',(0.717279380859,6.938893903907E-18,0.696785684263)
  );
#11601 = DEFINITIONAL_REPRESENTATION('',(#11602),#11606);
#11602 = LINE('',#11603,#11604);
#11603 = CARTESIAN_POINT('',(0.,54.));
#11604 = VECTOR('',#11605,1.);
#11605 = DIRECTION('',(1.,0.));
#11606 = ( GEOMETRIC_REPRESENTATION_CONTEXT(2) 
PARAMETRIC_REPRESENTATION_CONTEXT() REPRESENTATION_CONTEXT('2D SPACE',''
  ) );
#11607 = ADVANCED_FACE('',(#11608),#8642,.F.);
#11608 = FACE_BOUND('',#11609,.F.);
#11609 = EDGE_LOOP('',(#11610,#11611,#11634,#11814));
#11610 = ORIENTED_EDGE('',*,*,#8520,.F.);
#11611 = ORIENTED_EDGE('',*,*,#11612,.F.);
#11612 = EDGE_CURVE('',#11613,#8521,#11615,.T.);
#11613 = VERTEX_POINT('',#11614);
#11614 = CARTESIAN_POINT('',(-31.13344934851,8.069355660955,
    32.822984262965));
#11615 = SEAM_CURVE('',#11616,(#11620,#11627),.PCURVE_S1.);
#11616 = LINE('',#11617,#11618);
#11617 = CARTESIAN_POINT('',(-26.62121213649,-22.61385738081,
    32.822984262965));
#11618 = VECTOR('',#11619,1.);
#11619 = DIRECTION('',(-0.145493990495,0.989359135365,6.162975822039E-33
    ));
#11620 = PCURVE('',#8642,#11621);
#11621 = DEFINITIONAL_REPRESENTATION('',(#11622),#11626);
#11622 = LINE('',#11623,#11624);
#11623 = CARTESIAN_POINT('',(6.28318530718,-0.));
#11624 = VECTOR('',#11625,1.);
#11625 = DIRECTION('',(0.,1.));
#11626 = ( GEOMETRIC_REPRESENTATION_CONTEXT(2) 
PARAMETRIC_REPRESENTATION_CONTEXT() REPRESENTATION_CONTEXT('2D SPACE',''
  ) );
#11627 = PCURVE('',#8642,#11628);
#11628 = DEFINITIONAL_REPRESENTATION('',(#11629),#11633);
#11629 = LINE('',#11630,#11631);
#11630 = CARTESIAN_POINT('',(0.,-0.));
#11631 = VECTOR('',#11632,1.);
#11632 = DIRECTION('',(0.,1.));
#11633 = ( GEOMETRIC_REPRESENTATION_CONTEXT(2) 
PARAMETRIC_REPRESENTATION_CONTEXT() REPRESENTATION_CONTEXT('2D SPACE',''
  ) );
#11634 = ORIENTED_EDGE('',*,*,#11635,.T.);
#11635 = EDGE_CURVE('',#11613,#11613,#11636,.T.);
#11636 = SURFACE_CURVE('',#11637,(#11694,#11754),.PCURVE_S1.);
#11637 = B_SPLINE_CURVE_WITH_KNOTS('',7,(#11638,#11639,#11640,#11641,
    #11642,#11643,#11644,#11645,#11646,#11647,#11648,#11649,#11650,
    #11651,#11652,#11653,#11654,#11655,#11656,#11657,#11658,#11659,
    #11660,#11661,#11662,#11663,#11664,#11665,#11666,#11667,#11668,
    #11669,#11670,#11671,#11672,#11673,#11674,#11675,#11676,#11677,
    #11678,#11679,#11680,#11681,#11682,#11683,#11684,#11685,#11686,
    #11687,#11688,#11689,#11690,#11691,#11692,#11693),.UNSPECIFIED.,.T.,
  .F.,(8,6,6,6,6,6,6,6,6,8),(0.,0.112134261408,0.228769033303,
    0.363305686566,0.501264294088,0.613459333073,0.725654372068,
    0.86637475918,0.940056873002,1.),.UNSPECIFIED.);
#11638 = CARTESIAN_POINT('',(-31.13344934851,8.069355660954,
    32.822984262965));
#11639 = CARTESIAN_POINT('',(-31.13734409772,8.095839955591,
    32.565273342154));
#11640 = CARTESIAN_POINT('',(-31.17095608298,8.119576097077,
    32.292557136453));
#11641 = CARTESIAN_POINT('',(-31.24017158451,8.137618591221,
    32.012350621489));
#11642 = CARTESIAN_POINT('',(-31.34825134853,8.146652415718,
    31.732876099162));
#11643 = CARTESIAN_POINT('',(-31.49619955935,8.143528305155,
    31.462692182867));
#11644 = CARTESIAN_POINT('',(-31.68318940664,8.126132695559,
    31.210399369547));
#11645 = CARTESIAN_POINT('',(-32.13931544037,8.060293372467,
    30.749547685349));
#11646 = CARTESIAN_POINT('',(-32.39885084314,8.012449728325,
    30.555877372797));
#11647 = CARTESIAN_POINT('',(-32.67613092702,7.952612845148,
    30.406260119896));
#11648 = CARTESIAN_POINT('',(-32.96197652059,7.884576059695,
    30.301322519522));
#11649 = CARTESIAN_POINT('',(-33.24737331318,7.813063664488,
    30.239391685471));
#11650 = CARTESIAN_POINT('',(-33.52368359207,7.742543534316,
    30.216127354647));
#11651 = CARTESIAN_POINT('',(-34.08213334212,7.600237487516,
    30.233447995666));
#11652 = CARTESIAN_POINT('',(-34.36801495263,7.527534619374,
    30.284671270561));
#11653 = CARTESIAN_POINT('',(-34.63750432576,7.46137772957,
    30.371615179952));
#11654 = CARTESIAN_POINT('',(-34.88891487373,7.403616936346,
    30.489674532019));
#11655 = CARTESIAN_POINT('',(-35.12103793122,7.355314514297,
    30.635470768585));
#11656 = CARTESIAN_POINT('',(-35.33261413681,7.317100513801,
    30.806582716633));
#11657 = CARTESIAN_POINT('',(-35.71591984377,7.260732027482,
    31.201162120865));
#11658 = CARTESIAN_POINT('',(-35.88593104003,7.243195948782,
    31.425265754908));
#11659 = CARTESIAN_POINT('',(-36.03023132555,7.236868070189,
    31.671737654644));
#11660 = CARTESIAN_POINT('',(-36.14617999304,7.241646794534,
    31.939119118301));
#11661 = CARTESIAN_POINT('',(-36.22999913217,7.257114795361,
    32.225894379071));
#11662 = CARTESIAN_POINT('',(-36.27644621561,7.282254258286,
    32.529832237687));
#11663 = CARTESIAN_POINT('',(-36.27993202185,7.342076720968,
    33.104500434218));
#11664 = CARTESIAN_POINT('',(-36.25208609558,7.374763240116,
    33.37719732888));
#11665 = CARTESIAN_POINT('',(-36.18831638414,7.412141039109,
    33.657094960064));
#11666 = CARTESIAN_POINT('',(-36.08463301331,7.451929212887,
    33.93578248743));
#11667 = CARTESIAN_POINT('',(-35.93935790544,7.491380783752,
    34.204575506948));
#11668 = CARTESIAN_POINT('',(-35.75294463725,7.528268700969,
    34.45484366003));
#11669 = CARTESIAN_POINT('',(-35.30283493233,7.594461304634,
    34.90154917391));
#11670 = CARTESIAN_POINT('',(-35.05047349077,7.622099080025,
    35.086737266368));
#11671 = CARTESIAN_POINT('',(-34.77927715267,7.643893310045,
    35.231265908821));
#11672 = CARTESIAN_POINT('',(-34.49810796904,7.660701100152,
    35.334520286315));
#11673 = CARTESIAN_POINT('',(-34.2159646287,7.674192867594,
    35.397919557729));
#11674 = CARTESIAN_POINT('',(-33.94151445181,7.685961657742,
    35.425232493256));
#11675 = CARTESIAN_POINT('',(-33.35790333751,7.710785620962,
    35.419919380686));
#11676 = CARTESIAN_POINT('',(-33.04758456868,7.723835843696,
    35.370195722839));
#11677 = CARTESIAN_POINT('',(-32.75638480165,7.738479954,35.281016399388
    ));
#11678 = CARTESIAN_POINT('',(-32.48672373811,7.756233390092,
    35.157710421077));
#11679 = CARTESIAN_POINT('',(-32.24032226181,7.77784899909,
    35.004182345432));
#11680 = CARTESIAN_POINT('',(-32.01868257689,7.803590800454,
    34.82313218674));
#11681 = CARTESIAN_POINT('',(-31.72193697194,7.848624779783,
    34.508071649046));
#11682 = CARTESIAN_POINT('',(-31.62742048285,7.865133168262,
    34.392843172616));
#11683 = CARTESIAN_POINT('',(-31.5406811769,7.882618993878,
    34.270978495312));
#11684 = CARTESIAN_POINT('',(-31.46207777762,7.900983016331,
    34.142758010483));
#11685 = CARTESIAN_POINT('',(-31.39202879957,7.920073603495,
    34.00844776162));
#11686 = CARTESIAN_POINT('',(-31.3310269316,7.939679121486,
    33.868322461577));
#11687 = CARTESIAN_POINT('',(-31.23785916701,7.975661878012,
    33.604209902901));
#11688 = CARTESIAN_POINT('',(-31.20243596609,7.99195978215,
    33.482080990075));
#11689 = CARTESIAN_POINT('',(-31.17369188229,8.008265513096,
    33.356450055152));
#11690 = CARTESIAN_POINT('',(-31.15198456267,8.024398278988,
    33.227486252189));
#11691 = CARTESIAN_POINT('',(-31.13772342489,8.040139725409,
    33.095397798129));
#11692 = CARTESIAN_POINT('',(-31.13137184553,8.055228640647,
    32.960450163478));
#11693 = CARTESIAN_POINT('',(-31.13344934851,8.069355660954,
    32.822984262965));
#11694 = PCURVE('',#8642,#11695);
#11695 = DEFINITIONAL_REPRESENTATION('',(#11696),#11753);
#11696 = B_SPLINE_CURVE_WITH_KNOTS('',7,(#11697,#11698,#11699,#11700,
    #11701,#11702,#11703,#11704,#11705,#11706,#11707,#11708,#11709,
    #11710,#11711,#11712,#11713,#11714,#11715,#11716,#11717,#11718,
    #11719,#11720,#11721,#11722,#11723,#11724,#11725,#11726,#11727,
    #11728,#11729,#11730,#11731,#11732,#11733,#11734,#11735,#11736,
    #11737,#11738,#11739,#11740,#11741,#11742,#11743,#11744,#11745,
    #11746,#11747,#11748,#11749,#11750,#11751,#11752),.UNSPECIFIED.,.F.,
  .F.,(8,6,6,6,6,6,6,6,6,8),(0.,0.112134261408,0.228769033303,
    0.363305686566,0.501264294088,0.613459333073,0.725654372068,
    0.86637475918,0.940056873002,1.),.UNSPECIFIED.);
#11697 = CARTESIAN_POINT('',(0.,31.013220523258));
#11698 = CARTESIAN_POINT('',(9.911958492737E-02,31.039989664705));
#11699 = CARTESIAN_POINT('',(0.204010493281,31.068363574985));
#11700 = CARTESIAN_POINT('',(0.31337232866,31.096284520914));
#11701 = CARTESIAN_POINT('',(0.426469951065,31.120947173866));
#11702 = CARTESIAN_POINT('',(0.542912477078,31.139381882119));
#11703 = CARTESIAN_POINT('',(0.662528712147,31.149377275914));
#11704 = CARTESIAN_POINT('',(0.913198982161,31.150602136963));
#11705 = CARTESIAN_POINT('',(1.03759660282,31.141028431986));
#11706 = CARTESIAN_POINT('',(1.158672590924,31.122170850871));
#11707 = CARTESIAN_POINT('',(1.276226980484,31.096446851716));
#11708 = CARTESIAN_POINT('',(1.389812164579,31.067218928455));
#11709 = CARTESIAN_POINT('',(1.498580841718,31.037650678532));
#11710 = CARTESIAN_POINT('',(1.719147635587,30.978109973739));
#11711 = CARTESIAN_POINT('',(1.832544247703,30.947774783297));
#11712 = CARTESIAN_POINT('',(1.942446693907,30.921530944296));
#11713 = CARTESIAN_POINT('',(2.049784805389,30.900963499731));
#11714 = CARTESIAN_POINT('',(2.155467062327,30.886947567135));
#11715 = CARTESIAN_POINT('',(2.260330780128,30.87992326309));
#11716 = CARTESIAN_POINT('',(2.47301772452,30.87992326309));
#11717 = CARTESIAN_POINT('',(2.580532532168,30.887309390802));
#11718 = CARTESIAN_POINT('',(2.688933450992,30.902043670678));
#11719 = CARTESIAN_POINT('',(2.79912449469,30.92364137959));
#11720 = CARTESIAN_POINT('',(2.912091102233,30.951139968545));
#11721 = CARTESIAN_POINT('',(3.028836905559,30.982769697366));
#11722 = CARTESIAN_POINT('',(3.24987237626,31.04246276118));
#11723 = CARTESIAN_POINT('',(3.354865121934,31.07075005257));
#11724 = CARTESIAN_POINT('',(3.464345261674,31.098452009675));
#11725 = CARTESIAN_POINT('',(3.57753232013,31.122731495511));
#11726 = CARTESIAN_POINT('',(3.693994579879,31.140626612387));
#11727 = CARTESIAN_POINT('',(3.813520916008,31.15));
#11728 = CARTESIAN_POINT('',(4.058749351772,31.15));
#11729 = CARTESIAN_POINT('',(4.178275687876,31.140626612385));
#11730 = CARTESIAN_POINT('',(4.29473794763,31.122731495516));
#11731 = CARTESIAN_POINT('',(4.407925006098,31.098452009673));
#11732 = CARTESIAN_POINT('',(4.517405145849,31.070750052566));
#11733 = CARTESIAN_POINT('',(4.622397891494,31.042462761184));
#11734 = CARTESIAN_POINT('',(4.84587366744,30.982110666055));
#11735 = CARTESIAN_POINT('',(4.964857645109,30.949872507132));
#11736 = CARTESIAN_POINT('',(5.079931482047,30.921992975305));
#11737 = CARTESIAN_POINT('',(5.192177549635,30.900323435271));
#11738 = CARTESIAN_POINT('',(5.302604487308,30.885859101449));
#11739 = CARTESIAN_POINT('',(5.412189503782,30.879079745579));
#11740 = CARTESIAN_POINT('',(5.579551232967,30.880459822202));
#11741 = CARTESIAN_POINT('',(5.637084367304,30.88304096599));
#11742 = CARTESIAN_POINT('',(5.694773179013,30.887720679546));
#11743 = CARTESIAN_POINT('',(5.752752753674,30.894452970695));
#11744 = CARTESIAN_POINT('',(5.811159640652,30.903148712158));
#11745 = CARTESIAN_POINT('',(5.870136735777,30.913670205288));
#11746 = CARTESIAN_POINT('',(5.97840748584,30.935714724317));
#11747 = CARTESIAN_POINT('',(6.027457945706,30.946685341806));
#11748 = CARTESIAN_POINT('',(6.077080448417,30.958635474221));
#11749 = CARTESIAN_POINT('',(6.127366446501,30.97143828898));
#11750 = CARTESIAN_POINT('',(6.178410661792,30.984937322954));
#11751 = CARTESIAN_POINT('',(6.230313806982,30.998941562461));
#11752 = CARTESIAN_POINT('',(6.28318530718,31.013220523258));
#11753 = ( GEOMETRIC_REPRESENTATION_CONTEXT(2) 
PARAMETRIC_REPRESENTATION_CONTEXT() REPRESENTATION_CONTEXT('2D SPACE',''
  ) );
#11754 = PCURVE('',#11596,#11755);
#11755 = DEFINITIONAL_REPRESENTATION('',(#11756),#11813);
#11756 = B_SPLINE_CURVE_WITH_KNOTS('',7,(#11757,#11758,#11759,#11760,
    #11761,#11762,#11763,#11764,#11765,#11766,#11767,#11768,#11769,
    #11770,#11771,#11772,#11773,#11774,#11775,#11776,#11777,#11778,
    #11779,#11780,#11781,#11782,#11783,#11784,#11785,#11786,#11787,
    #11788,#11789,#11790,#11791,#11792,#11793,#11794,#11795,#11796,
    #11797,#11798,#11799,#11800,#11801,#11802,#11803,#11804,#11805,
    #11806,#11807,#11808,#11809,#11810,#11811,#11812),.UNSPECIFIED.,.T.,
  .F.,(8,6,6,6,6,6,6,6,6,8),(0.,0.112134261408,0.228769033303,
    0.363305686566,0.501264294088,0.613459333073,0.725654372068,
    0.86637475918,0.940056873002,1.),.UNSPECIFIED.);
#11757 = CARTESIAN_POINT('',(1.528158564885,36.178410621552));
#11758 = CARTESIAN_POINT('',(1.542587718656,35.994522762896));
#11759 = CARTESIAN_POINT('',(1.559520320312,35.820806804556));
#11760 = CARTESIAN_POINT('',(1.578874682798,35.667005365551));
#11761 = CARTESIAN_POINT('',(1.600386871789,35.541583535304));
#11762 = CARTESIAN_POINT('',(1.62366179705,35.451665329748));
#11763 = CARTESIAN_POINT('',(1.648214302473,35.40302991134));
#11764 = CARTESIAN_POINT('',(1.699733401632,35.397070252594));
#11765 = CARTESIAN_POINT('',(1.725334624726,35.443653630328));
#11766 = CARTESIAN_POINT('',(1.749612732018,35.53519312956));
#11767 = CARTESIAN_POINT('',(1.772013631635,35.665386579094));
#11768 = CARTESIAN_POINT('',(1.792084892354,35.826310407726));
#11769 = CARTESIAN_POINT('',(1.809527431836,36.008424934848));
#11770 = CARTESIAN_POINT('',(1.841252164745,36.422382789072));
#11771 = CARTESIAN_POINT('',(1.855169882001,36.664504360551));
#11772 = CARTESIAN_POINT('',(1.866133359736,36.920084502242));
#11773 = CARTESIAN_POINT('',(1.87426313135,37.184479551051));
#11774 = CARTESIAN_POINT('',(1.8796537684,37.454332683458));
#11775 = CARTESIAN_POINT('',(1.882355444453,37.726979129903));
#11776 = CARTESIAN_POINT('',(1.882355444453,38.279965185322));
#11777 = CARTESIAN_POINT('',(1.879514595791,38.559504643644));
#11778 = CARTESIAN_POINT('',(1.873847721442,38.836040642614));
#11779 = CARTESIAN_POINT('',(1.865298428683,39.106712269271));
#11780 = CARTESIAN_POINT('',(1.853761299042,39.367861816745));
#11781 = CARTESIAN_POINT('',(1.839103648491,39.614367088488));
#11782 = CARTESIAN_POINT('',(1.806634902174,40.020735857049));
#11783 = CARTESIAN_POINT('',(1.78956427803,40.192683386715));
#11784 = CARTESIAN_POINT('',(1.770079063295,40.344389954107));
#11785 = CARTESIAN_POINT('',(1.748458576376,40.467320959259));
#11786 = CARTESIAN_POINT('',(1.725114596177,40.554396547822));
#11787 = CARTESIAN_POINT('',(1.700547871974,40.6));
#11788 = CARTESIAN_POINT('',(1.650145189524,40.6));
#11789 = CARTESIAN_POINT('',(1.625578465326,40.554396547814));
#11790 = CARTESIAN_POINT('',(1.602234485126,40.467320959278));
#11791 = CARTESIAN_POINT('',(1.580613998203,40.344389954109));
#11792 = CARTESIAN_POINT('',(1.561128783469,40.19268338668));
#11793 = CARTESIAN_POINT('',(1.544058159329,40.020735857072));
#11794 = CARTESIAN_POINT('',(1.511230947234,39.609880641907));
#11795 = CARTESIAN_POINT('',(1.496345381266,39.357971020857));
#11796 = CARTESIAN_POINT('',(1.48470466216,39.090998062371));
#11797 = CARTESIAN_POINT('',(1.47616594193,38.814287000882));
#11798 = CARTESIAN_POINT('',(1.470621619345,38.531740006582));
#11799 = CARTESIAN_POINT('',(1.468013148861,38.246298005459));
#11800 = CARTESIAN_POINT('',(1.468544008112,37.811207141868));
#11801 = CARTESIAN_POINT('',(1.469536934082,37.661789185832));
#11802 = CARTESIAN_POINT('',(1.471340579885,37.512927182034));
#11803 = CARTESIAN_POINT('',(1.473959343615,37.365079970714));
#11804 = CARTESIAN_POINT('',(1.477401437996,37.218742937908));
#11805 = CARTESIAN_POINT('',(1.48167853723,37.074475186257));
#11806 = CARTESIAN_POINT('',(1.490976335889,36.817771777458));
#11807 = CARTESIAN_POINT('',(1.49570983888,36.704412396501));
#11808 = CARTESIAN_POINT('',(1.501014577321,36.593183045261));
#11809 = CARTESIAN_POINT('',(1.506900770399,36.4844707567));
#11810 = CARTESIAN_POINT('',(1.513379482239,36.378730150866));
#11811 = CARTESIAN_POINT('',(1.520461892154,36.276498471318));
#11812 = CARTESIAN_POINT('',(1.528158564885,36.178410621552));
#11813 = ( GEOMETRIC_REPRESENTATION_CONTEXT(2) 
PARAMETRIC_REPRESENTATION_CONTEXT() REPRESENTATION_CONTEXT('2D SPACE',''
  ) );
#11814 = ORIENTED_EDGE('',*,*,#11612,.T.);
#11815 = ADVANCED_FACE('',(#11816),#8831,.F.);
#11816 = FACE_BOUND('',#11817,.F.);
#11817 = EDGE_LOOP('',(#11818,#12000,#12021,#12022));
#11818 = ORIENTED_EDGE('',*,*,#11819,.F.);
#11819 = EDGE_CURVE('',#11820,#11820,#11822,.T.);
#11820 = VERTEX_POINT('',#11821);
#11821 = CARTESIAN_POINT('',(-27.49225257277,-16.69078241408,
    32.822984262965));
#11822 = SURFACE_CURVE('',#11823,(#11880,#11940),.PCURVE_S1.);
#11823 = B_SPLINE_CURVE_WITH_KNOTS('',7,(#11824,#11825,#11826,#11827,
    #11828,#11829,#11830,#11831,#11832,#11833,#11834,#11835,#11836,
    #11837,#11838,#11839,#11840,#11841,#11842,#11843,#11844,#11845,
    #11846,#11847,#11848,#11849,#11850,#11851,#11852,#11853,#11854,
    #11855,#11856,#11857,#11858,#11859,#11860,#11861,#11862,#11863,
    #11864,#11865,#11866,#11867,#11868,#11869,#11870,#11871,#11872,
    #11873,#11874,#11875,#11876,#11877,#11878,#11879),.UNSPECIFIED.,.T.,
  .F.,(8,6,6,6,6,6,6,6,6,8),(0.,0.112134262332,0.228769035187,
    0.363305689557,0.501264298216,0.613459338124,0.725654378039,
    0.866374763921,0.940056872535,1.),.UNSPECIFIED.);
#11824 = CARTESIAN_POINT('',(-27.49225257277,-16.69078241408,
    32.822984262965));
#11825 = CARTESIAN_POINT('',(-27.48835782356,-16.71726670872,
    32.565273342154));
#11826 = CARTESIAN_POINT('',(-27.51371334195,-16.74967454192,
    32.292557136452));
#11827 = CARTESIAN_POINT('',(-27.5748041838,-16.78687973362,
    32.01235062149));
#11828 = CARTESIAN_POINT('',(-27.67570741223,-16.82664635112,
    31.732876099161));
#11829 = CARTESIAN_POINT('',(-27.81829134451,-16.86624755572,
    31.462692182868));
#11830 = CARTESIAN_POINT('',(-28.00237265234,-16.90342123364,
    31.210399369547));
#11831 = CARTESIAN_POINT('',(-28.45814226623,-16.97168421167,
    30.749547685349));
#11832 = CARTESIAN_POINT('',(-28.72046350209,-17.00058419086,
    30.555877372797));
#11833 = CARTESIAN_POINT('',(-29.00323091542,-17.02310723374,
    30.406260119896));
#11834 = CARTESIAN_POINT('',(-29.29656188356,-17.04024347207,
    30.301322519522));
#11835 = CARTESIAN_POINT('',(-29.59046365053,-17.0539220415,
    30.239391685471));
#11836 = CARTESIAN_POINT('',(-29.87537793477,-17.06593493532,
    30.216127354647));
#11837 = CARTESIAN_POINT('',(-30.45115331429,-17.09042670169,
    30.233447995666));
#11838 = CARTESIAN_POINT('',(-30.74586210062,-17.10310477426,
    30.284671270561));
#11839 = CARTESIAN_POINT('',(-31.02298811548,-17.11733250034,
    30.371615179952));
#11840 = CARTESIAN_POINT('',(-31.28038354262,-17.13439611522,
    30.489674532019));
#11841 = CARTESIAN_POINT('',(-31.51658506803,-17.15496495536,
    30.635470768585));
#11842 = CARTESIAN_POINT('',(-31.73020526167,-17.1792798371,
    30.806582716633));
#11843 = CARTESIAN_POINT('',(-32.11351096864,-17.23564832342,
    31.201162120865));
#11844 = CARTESIAN_POINT('',(-32.2813728905,-17.26779946797,
    31.425265754909));
#11845 = CARTESIAN_POINT('',(-32.42138567767,-17.30328233536,
    31.671737654644));
#11846 = CARTESIAN_POINT('',(-32.53104967145,-17.34123939225,
    31.9391191183));
#11847 = CARTESIAN_POINT('',(-32.6068670517,-17.38018335181,
    32.225894379072));
#11848 = CARTESIAN_POINT('',(-32.64411026422,-17.4176302112,
    32.529832237687));
#11849 = CARTESIAN_POINT('',(-32.63022610633,-17.47592350452,
    33.104500434219));
#11850 = CARTESIAN_POINT('',(-32.59414891825,-17.49920956568,
    33.37719732888));
#11851 = CARTESIAN_POINT('',(-32.52231827025,-17.51664613534,
    33.657094960065));
#11852 = CARTESIAN_POINT('',(-32.41156986086,-17.52490022379,
    33.935782487429));
#11853 = CARTESIAN_POINT('',(-32.26108748906,-17.52085804765,
    34.204575506949));
#11854 = CARTESIAN_POINT('',(-32.07194667773,-17.50251742376,
    34.45484366003));
#11855 = CARTESIAN_POINT('',(-31.62183697282,-17.43632482009,
    34.901549173901));
#11856 = CARTESIAN_POINT('',(-31.37220307438,-17.39013975137,
    35.08673726638));
#11857 = CARTESIAN_POINT('',(-31.1062140002,-17.33293612664,
    35.231265908822));
#11858 = CARTESIAN_POINT('',(-30.83210985516,-17.2680860743,
    35.334520286308));
#11859 = CARTESIAN_POINT('',(-30.55802745139,-17.19977993819,
    35.397919557732));
#11860 = CARTESIAN_POINT('',(-30.29180853628,-17.13203856775,
    35.425232493256));
#11861 = CARTESIAN_POINT('',(-29.72575916166,-16.98779481259,
    35.419919380736));
#11862 = CARTESIAN_POINT('',(-29.4248212853,-16.91095434986,
    35.370195719608));
#11863 = CARTESIAN_POINT('',(-29.14173417716,-16.84114451216,
    35.281016409519));
#11864 = CARTESIAN_POINT('',(-28.87837862957,-16.78051314832,
    35.157710407024));
#11865 = CARTESIAN_POINT('',(-28.63618614321,-16.73027670622,
    35.004182355495));
#11866 = CARTESIAN_POINT('',(-28.41651915211,-16.6911204665,
    34.823132183444));
#11867 = CARTESIAN_POINT('',(-28.1193719725,-16.64881727157,
    34.508071657479));
#11868 = CARTESIAN_POINT('',(-28.02410438773,-16.63741623804,
    34.392843162364));
#11869 = CARTESIAN_POINT('',(-27.93600334102,-16.62919024658,
    34.270978488403));
#11870 = CARTESIAN_POINT('',(-27.85544093582,-16.62414753226,
    34.142758019582));
#11871 = CARTESIAN_POINT('',(-27.78286160438,-16.62226336834,
    34.008447771424));
#11872 = CARTESIAN_POINT('',(-27.71879809758,-16.62347692086,
    33.868322450146));
#11873 = CARTESIAN_POINT('',(-27.61921564722,-16.63111405657,
    33.604209902901));
#11874 = CARTESIAN_POINT('',(-27.58060012847,-16.6365239137,
    33.482080990075));
#11875 = CARTESIAN_POINT('',(-27.54837869976,-16.6438641281,
    33.356450055152));
#11876 = CARTESIAN_POINT('',(-27.52294591492,-16.65306452569,
    33.227486252189));
#11877 = CARTESIAN_POINT('',(-27.5047567205,-16.66403386443,
    33.095397798129));
#11878 = CARTESIAN_POINT('',(-27.49433007576,-16.67665539377,
    32.960450163478));
#11879 = CARTESIAN_POINT('',(-27.49225257277,-16.69078241408,
    32.822984262965));
#11880 = PCURVE('',#8831,#11881);
#11881 = DEFINITIONAL_REPRESENTATION('',(#11882),#11939);
#11882 = B_SPLINE_CURVE_WITH_KNOTS('',7,(#11883,#11884,#11885,#11886,
    #11887,#11888,#11889,#11890,#11891,#11892,#11893,#11894,#11895,
    #11896,#11897,#11898,#11899,#11900,#11901,#11902,#11903,#11904,
    #11905,#11906,#11907,#11908,#11909,#11910,#11911,#11912,#11913,
    #11914,#11915,#11916,#11917,#11918,#11919,#11920,#11921,#11922,
    #11923,#11924,#11925,#11926,#11927,#11928,#11929,#11930,#11931,
    #11932,#11933,#11934,#11935,#11936,#11937,#11938),.UNSPECIFIED.,.F.,
  .F.,(8,6,6,6,6,6,6,6,6,8),(0.,0.112134262332,0.228769035187,
    0.363305689557,0.501264298216,0.613459338124,0.725654378039,
    0.866374763921,0.940056872535,1.),.UNSPECIFIED.);
#11883 = CARTESIAN_POINT('',(0.,5.986779476742));
#11884 = CARTESIAN_POINT('',(9.911958492734E-02,5.960010335295));
#11885 = CARTESIAN_POINT('',(0.204010493281,5.931636425015));
#11886 = CARTESIAN_POINT('',(0.313372328659,5.903715479086));
#11887 = CARTESIAN_POINT('',(0.426469951066,5.879052826133));
#11888 = CARTESIAN_POINT('',(0.542912477078,5.860618117881));
#11889 = CARTESIAN_POINT('',(0.662528712147,5.850622724086));
#11890 = CARTESIAN_POINT('',(0.913198982161,5.849397863038));
#11891 = CARTESIAN_POINT('',(1.03759660282,5.858971568014));
#11892 = CARTESIAN_POINT('',(1.158672590924,5.877829149129));
#11893 = CARTESIAN_POINT('',(1.276226980484,5.903553148284));
#11894 = CARTESIAN_POINT('',(1.389812164579,5.932781071545));
#11895 = CARTESIAN_POINT('',(1.498580841718,5.962349321468));
#11896 = CARTESIAN_POINT('',(1.719147635587,6.021890026261));
#11897 = CARTESIAN_POINT('',(1.832544247703,6.052225216703));
#11898 = CARTESIAN_POINT('',(1.942446693907,6.078469055704));
#11899 = CARTESIAN_POINT('',(2.049784805389,6.099036500269));
#11900 = CARTESIAN_POINT('',(2.155467062327,6.113052432865));
#11901 = CARTESIAN_POINT('',(2.260330780128,6.12007673691));
#11902 = CARTESIAN_POINT('',(2.47301772452,6.12007673691));
#11903 = CARTESIAN_POINT('',(2.580532532168,6.112690609198));
#11904 = CARTESIAN_POINT('',(2.688933450993,6.097956329322));
#11905 = CARTESIAN_POINT('',(2.799124494689,6.076358620411));
#11906 = CARTESIAN_POINT('',(2.912091102233,6.048860031455));
#11907 = CARTESIAN_POINT('',(3.028836905559,6.017230302634));
#11908 = CARTESIAN_POINT('',(3.24987237626,5.95753723882));
#11909 = CARTESIAN_POINT('',(3.354865121934,5.92924994743));
#11910 = CARTESIAN_POINT('',(3.464345261675,5.901547990325));
#11911 = CARTESIAN_POINT('',(3.577532320129,5.877268504489));
#11912 = CARTESIAN_POINT('',(3.693994579879,5.859373387613));
#11913 = CARTESIAN_POINT('',(3.813520916008,5.85));
#11914 = CARTESIAN_POINT('',(4.058749351767,5.85));
#11915 = CARTESIAN_POINT('',(4.17827568788,5.859373387614));
#11916 = CARTESIAN_POINT('',(4.294737947634,5.877268504486));
#11917 = CARTESIAN_POINT('',(4.407925006095,5.901547990326));
#11918 = CARTESIAN_POINT('',(4.517405145843,5.929249947433));
#11919 = CARTESIAN_POINT('',(4.6223978915,5.957537238818));
#11920 = CARTESIAN_POINT('',(4.845873665329,6.017889333374));
#11921 = CARTESIAN_POINT('',(4.96485765299,6.050127494619));
#11922 = CARTESIAN_POINT('',(5.079931468357,6.07800702227));
#11923 = CARTESIAN_POINT('',(5.192177562866,6.099676566433));
#11924 = CARTESIAN_POINT('',(5.302604480214,6.114140898048));
#11925 = CARTESIAN_POINT('',(5.412189505533,6.120920254407));
#11926 = CARTESIAN_POINT('',(5.579551228487,6.119540177835));
#11927 = CARTESIAN_POINT('',(5.637084371927,6.116959033434));
#11928 = CARTESIAN_POINT('',(5.694773182618,6.112279320385));
#11929 = CARTESIAN_POINT('',(5.752752749917,6.105547030043));
#11930 = CARTESIAN_POINT('',(5.811159636058,6.09685128828));
#11931 = CARTESIAN_POINT('',(5.870136740463,6.086329793758));
#11932 = CARTESIAN_POINT('',(5.97840748584,6.064285275683));
#11933 = CARTESIAN_POINT('',(6.027457945706,6.053314658194));
#11934 = CARTESIAN_POINT('',(6.077080448417,6.041364525779));
#11935 = CARTESIAN_POINT('',(6.127366446501,6.02856171102));
#11936 = CARTESIAN_POINT('',(6.178410661792,6.015062677046));
#11937 = CARTESIAN_POINT('',(6.230313806982,6.001058437539));
#11938 = CARTESIAN_POINT('',(6.28318530718,5.986779476742));
#11939 = ( GEOMETRIC_REPRESENTATION_CONTEXT(2) 
PARAMETRIC_REPRESENTATION_CONTEXT() REPRESENTATION_CONTEXT('2D SPACE',''
  ) );
#11940 = PCURVE('',#11596,#11941);
#11941 = DEFINITIONAL_REPRESENTATION('',(#11942),#11999);
#11942 = B_SPLINE_CURVE_WITH_KNOTS('',7,(#11943,#11944,#11945,#11946,
    #11947,#11948,#11949,#11950,#11951,#11952,#11953,#11954,#11955,
    #11956,#11957,#11958,#11959,#11960,#11961,#11962,#11963,#11964,
    #11965,#11966,#11967,#11968,#11969,#11970,#11971,#11972,#11973,
    #11974,#11975,#11976,#11977,#11978,#11979,#11980,#11981,#11982,
    #11983,#11984,#11985,#11986,#11987,#11988,#11989,#11990,#11991,
    #11992,#11993,#11994,#11995,#11996,#11997,#11998),.UNSPECIFIED.,.T.,
  .F.,(8,6,6,6,6,6,6,6,6,8),(0.,0.112134262332,0.228769035187,
    0.363305689557,0.501264298216,0.613459338124,0.725654378039,
    0.866374763921,0.940056872535,1.),.UNSPECIFIED.);
#11943 = CARTESIAN_POINT('',(4.964127150206,36.178410621552));
#11944 = CARTESIAN_POINT('',(4.949697996435,35.994522762896));
#11945 = CARTESIAN_POINT('',(4.932765394779,35.820806804556));
#11946 = CARTESIAN_POINT('',(4.913411032293,35.667005365551));
#11947 = CARTESIAN_POINT('',(4.891898843302,35.541583535304));
#11948 = CARTESIAN_POINT('',(4.868623918041,35.451665329748));
#11949 = CARTESIAN_POINT('',(4.844071412618,35.40302991134));
#11950 = CARTESIAN_POINT('',(4.792552313458,35.397070252594));
#11951 = CARTESIAN_POINT('',(4.766951090365,35.443653630328));
#11952 = CARTESIAN_POINT('',(4.742672983072,35.53519312956));
#11953 = CARTESIAN_POINT('',(4.720272083456,35.665386579094));
#11954 = CARTESIAN_POINT('',(4.700200822736,35.826310407726));
#11955 = CARTESIAN_POINT('',(4.682758283255,36.008424934848));
#11956 = CARTESIAN_POINT('',(4.651033550346,36.422382789072));
#11957 = CARTESIAN_POINT('',(4.63711583309,36.664504360551));
#11958 = CARTESIAN_POINT('',(4.626152355355,36.920084502242));
#11959 = CARTESIAN_POINT('',(4.618022583741,37.18447955105));
#11960 = CARTESIAN_POINT('',(4.612631946691,37.454332683458));
#11961 = CARTESIAN_POINT('',(4.609930270638,37.726979129903));
#11962 = CARTESIAN_POINT('',(4.609930270638,38.279965185322));
#11963 = CARTESIAN_POINT('',(4.6127711193,38.559504643644));
#11964 = CARTESIAN_POINT('',(4.618437993649,38.836040642614));
#11965 = CARTESIAN_POINT('',(4.626987286408,39.106712269271));
#11966 = CARTESIAN_POINT('',(4.638524416049,39.367861816746));
#11967 = CARTESIAN_POINT('',(4.653182066599,39.614367088488));
#11968 = CARTESIAN_POINT('',(4.685650812917,40.020735857049));
#11969 = CARTESIAN_POINT('',(4.702721437061,40.192683386714));
#11970 = CARTESIAN_POINT('',(4.722206651795,40.344389954107));
#11971 = CARTESIAN_POINT('',(4.743827138714,40.467320959259));
#11972 = CARTESIAN_POINT('',(4.767171118913,40.554396547822));
#11973 = CARTESIAN_POINT('',(4.791737843117,40.6));
#11974 = CARTESIAN_POINT('',(4.842140525565,40.6));
#11975 = CARTESIAN_POINT('',(4.866707249765,40.554396547817));
#11976 = CARTESIAN_POINT('',(4.890051229965,40.467320959271));
#11977 = CARTESIAN_POINT('',(4.911671716886,40.344389954108));
#11978 = CARTESIAN_POINT('',(4.931156931621,40.192683386694));
#11979 = CARTESIAN_POINT('',(4.948227555762,40.020735857063));
#11980 = CARTESIAN_POINT('',(4.981054767547,39.609880645789));
#11981 = CARTESIAN_POINT('',(4.995940334751,39.357971004951));
#11982 = CARTESIAN_POINT('',(5.007581051675,39.090998091987));
#11983 = CARTESIAN_POINT('',(5.016119774031,38.814286970509));
#11984 = CARTESIAN_POINT('',(5.021664095489,38.531740023833));
#11985 = CARTESIAN_POINT('',(5.024272566224,38.246298000908));
#11986 = CARTESIAN_POINT('',(5.023741706993,37.811207153515));
#11987 = CARTESIAN_POINT('',(5.022748780769,37.661789174381));
#11988 = CARTESIAN_POINT('',(5.020945135179,37.51292717267));
#11989 = CARTESIAN_POINT('',(5.018326371785,37.365079979694));
#11990 = CARTESIAN_POINT('',(5.014884277276,37.218742949443));
#11991 = CARTESIAN_POINT('',(5.010607177458,37.074475175148));
#11992 = CARTESIAN_POINT('',(5.001309379202,36.817771777458));
#11993 = CARTESIAN_POINT('',(4.996575876211,36.704412396501));
#11994 = CARTESIAN_POINT('',(4.99127113777,36.593183045261));
#11995 = CARTESIAN_POINT('',(4.985384944692,36.4844707567));
#11996 = CARTESIAN_POINT('',(4.978906232851,36.378730150866));
#11997 = CARTESIAN_POINT('',(4.971823822937,36.276498471318));
#11998 = CARTESIAN_POINT('',(4.964127150206,36.178410621552));
#11999 = ( GEOMETRIC_REPRESENTATION_CONTEXT(2) 
PARAMETRIC_REPRESENTATION_CONTEXT() REPRESENTATION_CONTEXT('2D SPACE',''
  ) );
#12000 = ORIENTED_EDGE('',*,*,#12001,.F.);
#12001 = EDGE_CURVE('',#8710,#11820,#12002,.T.);
#12002 = SEAM_CURVE('',#12003,(#12007,#12014),.PCURVE_S1.);
#12003 = LINE('',#12004,#12005);
#12004 = CARTESIAN_POINT('',(-26.62121213649,-22.61385738081,
    32.822984262965));
#12005 = VECTOR('',#12006,1.);
#12006 = DIRECTION('',(-0.145493990495,0.989359135365,6.162975822039E-33
    ));
#12007 = PCURVE('',#8831,#12008);
#12008 = DEFINITIONAL_REPRESENTATION('',(#12009),#12013);
#12009 = LINE('',#12010,#12011);
#12010 = CARTESIAN_POINT('',(6.28318530718,-0.));
#12011 = VECTOR('',#12012,1.);
#12012 = DIRECTION('',(0.,1.));
#12013 = ( GEOMETRIC_REPRESENTATION_CONTEXT(2) 
PARAMETRIC_REPRESENTATION_CONTEXT() REPRESENTATION_CONTEXT('2D SPACE',''
  ) );
#12014 = PCURVE('',#8831,#12015);
#12015 = DEFINITIONAL_REPRESENTATION('',(#12016),#12020);
#12016 = LINE('',#12017,#12018);
#12017 = CARTESIAN_POINT('',(0.,-0.));
#12018 = VECTOR('',#12019,1.);
#12019 = DIRECTION('',(0.,1.));
#12020 = ( GEOMETRIC_REPRESENTATION_CONTEXT(2) 
PARAMETRIC_REPRESENTATION_CONTEXT() REPRESENTATION_CONTEXT('2D SPACE',''
  ) );
#12021 = ORIENTED_EDGE('',*,*,#8709,.T.);
#12022 = ORIENTED_EDGE('',*,*,#12001,.T.);
#12023 = ADVANCED_FACE('',(#12024,#12027),#8938,.T.);
#12024 = FACE_BOUND('',#12025,.T.);
#12025 = EDGE_LOOP('',(#12026));
#12026 = ORIENTED_EDGE('',*,*,#8923,.T.);
#12027 = FACE_BOUND('',#12028,.T.);
#12028 = EDGE_LOOP('',(#12029));
#12029 = ORIENTED_EDGE('',*,*,#12030,.F.);
#12030 = EDGE_CURVE('',#12031,#12031,#12033,.T.);
#12031 = VERTEX_POINT('',#12032);
#12032 = CARTESIAN_POINT('',(34.771452073653,0.,52.867462779007));
#12033 = SURFACE_CURVE('',#12034,(#12039,#12046),.PCURVE_S1.);
#12034 = CIRCLE('',#12035,12.65);
#12035 = AXIS2_PLACEMENT_3D('',#12036,#12037,#12038);
#12036 = CARTESIAN_POINT('',(23.026221933954,0.,57.565554834886));
#12037 = DIRECTION('',(0.371390676354,0.,0.928476690885));
#12038 = DIRECTION('',(0.928476690885,0.,-0.371390676354));
#12039 = PCURVE('',#8938,#12040);
#12040 = DEFINITIONAL_REPRESENTATION('',(#12041),#12045);
#12041 = CIRCLE('',#12042,12.65);
#12042 = AXIS2_PLACEMENT_2D('',#12043,#12044);
#12043 = CARTESIAN_POINT('',(0.,0.));
#12044 = DIRECTION('',(1.,0.));
#12045 = ( GEOMETRIC_REPRESENTATION_CONTEXT(2) 
PARAMETRIC_REPRESENTATION_CONTEXT() REPRESENTATION_CONTEXT('2D SPACE',''
  ) );
#12046 = PCURVE('',#12047,#12052);
#12047 = CYLINDRICAL_SURFACE('',#12048,12.65);
#12048 = AXIS2_PLACEMENT_3D('',#12049,#12050,#12051);
#12049 = CARTESIAN_POINT('',(2.971125410833,0.,7.427813527082));
#12050 = DIRECTION('',(0.371390676354,0.,0.928476690885));
#12051 = DIRECTION('',(0.928476690885,0.,-0.371390676354));
#12052 = DEFINITIONAL_REPRESENTATION('',(#12053),#12057);
#12053 = LINE('',#12054,#12055);
#12054 = CARTESIAN_POINT('',(0.,54.));
#12055 = VECTOR('',#12056,1.);
#12056 = DIRECTION('',(1.,0.));
#12057 = ( GEOMETRIC_REPRESENTATION_CONTEXT(2) 
PARAMETRIC_REPRESENTATION_CONTEXT() REPRESENTATION_CONTEXT('2D SPACE',''
  ) );
#12058 = ADVANCED_FACE('',(#12059),#9127,.F.);
#12059 = FACE_BOUND('',#12060,.F.);
#12060 = EDGE_LOOP('',(#12061,#12062,#12085,#12292));
#12061 = ORIENTED_EDGE('',*,*,#9005,.F.);
#12062 = ORIENTED_EDGE('',*,*,#12063,.F.);
#12063 = EDGE_CURVE('',#12064,#9006,#12066,.T.);
#12064 = VERTEX_POINT('',#12065);
#12065 = CARTESIAN_POINT('',(17.083971112289,12.613091857547,
    45.309927780722));
#12066 = SEAM_CURVE('',#12067,(#12071,#12078),.PCURVE_S1.);
#12067 = LINE('',#12068,#12069);
#12068 = CARTESIAN_POINT('',(17.083971112289,-18.5,45.309927780722));
#12069 = VECTOR('',#12070,1.);
#12070 = DIRECTION('',(0.,1.,0.));
#12071 = PCURVE('',#9127,#12072);
#12072 = DEFINITIONAL_REPRESENTATION('',(#12073),#12077);
#12073 = LINE('',#12074,#12075);
#12074 = CARTESIAN_POINT('',(6.28318530718,-0.));
#12075 = VECTOR('',#12076,1.);
#12076 = DIRECTION('',(0.,1.));
#12077 = ( GEOMETRIC_REPRESENTATION_CONTEXT(2) 
PARAMETRIC_REPRESENTATION_CONTEXT() REPRESENTATION_CONTEXT('2D SPACE',''
  ) );
#12078 = PCURVE('',#9127,#12079);
#12079 = DEFINITIONAL_REPRESENTATION('',(#12080),#12084);
#12080 = LINE('',#12081,#12082);
#12081 = CARTESIAN_POINT('',(0.,-0.));
#12082 = VECTOR('',#12083,1.);
#12083 = DIRECTION('',(0.,1.));
#12084 = ( GEOMETRIC_REPRESENTATION_CONTEXT(2) 
PARAMETRIC_REPRESENTATION_CONTEXT() REPRESENTATION_CONTEXT('2D SPACE',''
  ) );
#12085 = ORIENTED_EDGE('',*,*,#12086,.T.);
#12086 = EDGE_CURVE('',#12064,#12064,#12087,.T.);
#12087 = SURFACE_CURVE('',#12088,(#12154,#12223),.PCURVE_S1.);
#12088 = B_SPLINE_CURVE_WITH_KNOTS('',8,(#12089,#12090,#12091,#12092,
    #12093,#12094,#12095,#12096,#12097,#12098,#12099,#12100,#12101,
    #12102,#12103,#12104,#12105,#12106,#12107,#12108,#12109,#12110,
    #12111,#12112,#12113,#12114,#12115,#12116,#12117,#12118,#12119,
    #12120,#12121,#12122,#12123,#12124,#12125,#12126,#12127,#12128,
    #12129,#12130,#12131,#12132,#12133,#12134,#12135,#12136,#12137,
    #12138,#12139,#12140,#12141,#12142,#12143,#12144,#12145,#12146,
    #12147,#12148,#12149,#12150,#12151,#12152,#12153),.UNSPECIFIED.,.T.,
  .F.,(9,7,7,7,7,7,7,7,7,9),(0.,9.728829488913E-02,0.225969723773,
    0.406653351287,0.531815802944,0.660114763543,0.86274826847,
    0.915574913135,0.952680458514,1.),.UNSPECIFIED.);
#12089 = CARTESIAN_POINT('',(17.083971112289,12.613091857546,
    45.309927780722));
#12090 = CARTESIAN_POINT('',(17.309207609379,12.629101902671,
    45.309927780722));
#12091 = CARTESIAN_POINT('',(17.543017162648,12.642368886498,
    45.287628901754));
#12092 = CARTESIAN_POINT('',(17.77942286617,12.651492680853,
    45.240056092689));
#12093 = CARTESIAN_POINT('',(18.012421650682,12.655361538253,
    45.166336114096));
#12094 = CARTESIAN_POINT('',(18.236303442442,12.653498167063,
    45.067501719516));
#12095 = CARTESIAN_POINT('',(18.446004199967,12.646194001469,
    44.94632723309));
#12096 = CARTESIAN_POINT('',(18.63748008496,12.634418633431,
    44.80720294247));
#12097 = CARTESIAN_POINT('',(19.033752635294,12.599747363428,
    44.456136097262));
#12098 = CARTESIAN_POINT('',(19.222451925898,12.574529715357,
    44.235587728792));
#12099 = CARTESIAN_POINT('',(19.375635264586,12.546302422591,
    44.001793242967));
#12100 = CARTESIAN_POINT('',(19.495340491471,12.517327612122,
    43.760251765266));
#12101 = CARTESIAN_POINT('',(19.583787513117,12.489408880846,
    43.51520949229));
#12102 = CARTESIAN_POINT('',(19.643176244834,12.463873095991,
    43.269967988386));
#12103 = CARTESIAN_POINT('',(19.675575190679,12.441657637482,
    43.027056634511));
#12104 = CARTESIAN_POINT('',(19.692908291696,12.397692182851,
    42.453432244881));
#12105 = CARTESIAN_POINT('',(19.653408675545,12.379663613987,
    42.12565686934));
#12106 = CARTESIAN_POINT('',(19.568662369265,12.370978946284,
    41.80951304547));
#12107 = CARTESIAN_POINT('',(19.441174465521,12.372365920814,
    41.508443202322));
#12108 = CARTESIAN_POINT('',(19.272336717891,12.383866597823,
    41.226118865396));
#12109 = CARTESIAN_POINT('',(19.06274771976,12.404838158535,
    40.966957833424));
#12110 = CARTESIAN_POINT('',(18.81253946355,12.433732742857,
    40.736719679742));
#12111 = CARTESIAN_POINT('',(18.320999858554,12.491256288297,
    40.41034918183));
#12112 = CARTESIAN_POINT('',(18.097405279436,12.517608034401,
    40.292648836967));
#12113 = CARTESIAN_POINT('',(17.852567822287,12.545717225132,
    40.196032855375));
#12114 = CARTESIAN_POINT('',(17.588612034072,12.57399317232,
    40.125505119249));
#12115 = CARTESIAN_POINT('',(17.308541074444,12.600400989512,
    40.085850142374));
#12116 = CARTESIAN_POINT('',(17.016256359254,12.622645233405,
    40.081647323963));
#12117 = CARTESIAN_POINT('',(16.716725196673,12.638472035707,
    40.117302221137));
#12118 = CARTESIAN_POINT('',(16.108500352687,12.653954197065,
    40.278892068057));
#12119 = CARTESIAN_POINT('',(15.81611530999,12.65277851213,
    40.402724638013));
#12120 = CARTESIAN_POINT('',(15.546597270204,12.642281921936,
    40.564514711613));
#12121 = CARTESIAN_POINT('',(15.306149063168,12.623471557231,
    40.758343195101));
#12122 = CARTESIAN_POINT('',(15.099397401095,12.598578672264,
    40.976724574032));
#12123 = CARTESIAN_POINT('',(14.928970700881,12.570571376892,
    41.210835918903));
#12124 = CARTESIAN_POINT('',(14.794887401873,12.542241230686,
    41.450786413277));
#12125 = CARTESIAN_POINT('',(14.535160399746,12.473755767997,
    42.056816084906));
#12126 = CARTESIAN_POINT('',(14.450254215194,12.433842817494,
    42.436802284542));
#12127 = CARTESIAN_POINT('',(14.43058206523,12.401419729664,
    42.813351858539));
#12128 = CARTESIAN_POINT('',(14.469446815289,12.37960524382,
    43.179479289725));
#12129 = CARTESIAN_POINT('',(14.562134322872,12.369837222211,
    43.530044159212));
#12130 = CARTESIAN_POINT('',(14.705766000553,12.372466643769,
    43.860568791067));
#12131 = CARTESIAN_POINT('',(14.899196159376,12.386966178413,
    44.166261183718));
#12132 = CARTESIAN_POINT('',(15.206396508182,12.417929494713,
    44.510991626503));
#12133 = CARTESIAN_POINT('',(15.273297972284,12.425012210619,
    44.580042485354));
#12134 = CARTESIAN_POINT('',(15.343570021565,12.432740584183,
    44.646724700401));
#12135 = CARTESIAN_POINT('',(15.417210438734,12.441074103645,
    44.710891467982));
#12136 = CARTESIAN_POINT('',(15.494217364726,12.449965015473,
    44.772379911098));
#12137 = CARTESIAN_POINT('',(15.574587003939,12.459357445159,
    44.831009169765));
#12138 = CARTESIAN_POINT('',(15.658311329456,12.469186518017,
    44.886578491369));
#12139 = CARTESIAN_POINT('',(15.806530045719,12.486535632923,
    44.975591699201));
#12140 = CARTESIAN_POINT('',(15.86933595428,12.493872758256,
    45.010700905474));
#12141 = CARTESIAN_POINT('',(15.933787326728,12.501362839034,
    45.044114329156));
#12142 = CARTESIAN_POINT('',(15.999874442504,12.508977167081,
    45.075747562404));
#12143 = CARTESIAN_POINT('',(16.067583931989,12.516684304869,
    45.105510383644));
#12144 = CARTESIAN_POINT('',(16.136898660783,12.524450047391,
    45.13330674101));
#12145 = CARTESIAN_POINT('',(16.207797613972,12.532237384031,
    45.15903473578));
#12146 = CARTESIAN_POINT('',(16.372659413817,12.549914120588,
    45.212621569043));
#12147 = CARTESIAN_POINT('',(16.467672783336,12.559799947018,
    45.23914151867));
#12148 = CARTESIAN_POINT('',(16.565167118272,12.569572499344,
    45.261884963472));
#12149 = CARTESIAN_POINT('',(16.664994327934,12.57913254057,
    45.280592343809));
#12150 = CARTESIAN_POINT('',(16.766986594708,12.588374856456,
    45.295005855686));
#12151 = CARTESIAN_POINT('',(16.870955967132,12.597190074875,
    45.304869274824));
#12152 = CARTESIAN_POINT('',(16.976693952971,12.605466485176,
    45.309927780722));
#12153 = CARTESIAN_POINT('',(17.083971112289,12.613091857546,
    45.309927780722));
#12154 = PCURVE('',#9127,#12155);
#12155 = DEFINITIONAL_REPRESENTATION('',(#12156),#12222);
#12156 = B_SPLINE_CURVE_WITH_KNOTS('',8,(#12157,#12158,#12159,#12160,
    #12161,#12162,#12163,#12164,#12165,#12166,#12167,#12168,#12169,
    #12170,#12171,#12172,#12173,#12174,#12175,#12176,#12177,#12178,
    #12179,#12180,#12181,#12182,#12183,#12184,#12185,#12186,#12187,
    #12188,#12189,#12190,#12191,#12192,#12193,#12194,#12195,#12196,
    #12197,#12198,#12199,#12200,#12201,#12202,#12203,#12204,#12205,
    #12206,#12207,#12208,#12209,#12210,#12211,#12212,#12213,#12214,
    #12215,#12216,#12217,#12218,#12219,#12220,#12221),.UNSPECIFIED.,.F.,
  .F.,(9,7,7,7,7,7,7,7,7,9),(0.,9.728829488913E-02,0.225969723773,
    0.406653351287,0.531815802944,0.660114763543,0.86274826847,
    0.915574913135,0.952680458514,1.),.UNSPECIFIED.);
#12157 = CARTESIAN_POINT('',(0.,31.113091857546));
#12158 = CARTESIAN_POINT('',(8.662942195772E-02,31.129101902671));
#12159 = CARTESIAN_POINT('',(0.176556208243,31.142368886498));
#12160 = CARTESIAN_POINT('',(0.268471838705,31.151492680854));
#12161 = CARTESIAN_POINT('',(0.361376746953,31.155361538253));
#12162 = CARTESIAN_POINT('',(0.454407259304,31.153498167063));
#12163 = CARTESIAN_POINT('',(0.546709584495,31.146194001469));
#12164 = CARTESIAN_POINT('',(0.637316567407,31.134418633431));
#12165 = CARTESIAN_POINT('',(0.840937583847,31.099747363428));
#12166 = CARTESIAN_POINT('',(0.951512840392,31.074529715357));
#12167 = CARTESIAN_POINT('',(1.057614129626,31.046302422591));
#12168 = CARTESIAN_POINT('',(1.159887903019,31.017327612122));
#12169 = CARTESIAN_POINT('',(1.258864929095,30.989408880846));
#12170 = CARTESIAN_POINT('',(1.35501647428,30.963873095991));
#12171 = CARTESIAN_POINT('',(1.448777211026,30.941657637482));
#12172 = CARTESIAN_POINT('',(1.669502674649,30.897692182851));
#12173 = CARTESIAN_POINT('',(1.795053937534,30.879663613987));
#12174 = CARTESIAN_POINT('',(1.918870951868,30.870978946284));
#12175 = CARTESIAN_POINT('',(2.042217570555,30.872365920814));
#12176 = CARTESIAN_POINT('',(2.166276472744,30.883866597823));
#12177 = CARTESIAN_POINT('',(2.292236474018,30.904838158535));
#12178 = CARTESIAN_POINT('',(2.421391016163,30.933732742857));
#12179 = CARTESIAN_POINT('',(2.64832350788,30.991256288297));
#12180 = CARTESIAN_POINT('',(2.745007128892,31.017608034401));
#12181 = CARTESIAN_POINT('',(2.845234228546,31.045717225132));
#12182 = CARTESIAN_POINT('',(2.948895257021,31.07399317232));
#12183 = CARTESIAN_POINT('',(3.056045655022,31.100400989512));
#12184 = CARTESIAN_POINT('',(3.166878887968,31.122645233405));
#12185 = CARTESIAN_POINT('',(3.28174232525,31.138472035707));
#12186 = CARTESIAN_POINT('',(3.523790030543,31.153954197065));
#12187 = CARTESIAN_POINT('',(3.644704970495,31.15277851213));
#12188 = CARTESIAN_POINT('',(3.763670079196,31.142281921936));
#12189 = CARTESIAN_POINT('',(3.88029254657,31.123471557231));
#12190 = CARTESIAN_POINT('',(3.994010000958,31.098578672264));
#12191 = CARTESIAN_POINT('',(4.104040716385,31.070571376892));
#12192 = CARTESIAN_POINT('',(4.209182086261,31.042241230686));
#12193 = CARTESIAN_POINT('',(4.462774639807,30.973755767997));
#12194 = CARTESIAN_POINT('',(4.6099715812,30.933842817494));
#12195 = CARTESIAN_POINT('',(4.751765748955,30.901419729664));
#12196 = CARTESIAN_POINT('',(4.889957923478,30.87960524382));
#12197 = CARTESIAN_POINT('',(5.026222015231,30.869837222211));
#12198 = CARTESIAN_POINT('',(5.162138012153,30.872466643769));
#12199 = CARTESIAN_POINT('',(5.299412627123,30.886966178413));
#12200 = CARTESIAN_POINT('',(5.477007977165,30.917929494713));
#12201 = CARTESIAN_POINT('',(5.513954568202,30.925012210619));
#12202 = CARTESIAN_POINT('',(5.551159070187,30.932740584183));
#12203 = CARTESIAN_POINT('',(5.588657968229,30.941074103645));
#12204 = CARTESIAN_POINT('',(5.626488391892,30.949965015473));
#12205 = CARTESIAN_POINT('',(5.664688564924,30.959357445159));
#12206 = CARTESIAN_POINT('',(5.703298254986,30.969186518017));
#12207 = CARTESIAN_POINT('',(5.769795729044,30.986535632923));
#12208 = CARTESIAN_POINT('',(5.797456583852,30.993872758256));
#12209 = CARTESIAN_POINT('',(5.825355692182,31.001362839034));
#12210 = CARTESIAN_POINT('',(5.853506744756,31.008977167081));
#12211 = CARTESIAN_POINT('',(5.881923569566,31.016684304869));
#12212 = CARTESIAN_POINT('',(5.910620482803,31.024450047391));
#12213 = CARTESIAN_POINT('',(5.939612639789,31.032237384031));
#12214 = CARTESIAN_POINT('',(6.006286536798,31.049914120588));
#12215 = CARTESIAN_POINT('',(6.044193290297,31.059799947019));
#12216 = CARTESIAN_POINT('',(6.08263819885,31.069572499344));
#12217 = CARTESIAN_POINT('',(6.121625210871,31.07913254057));
#12218 = CARTESIAN_POINT('',(6.161161174069,31.088374856456));
#12219 = CARTESIAN_POINT('',(6.201256338777,31.097190074875));
#12220 = CARTESIAN_POINT('',(6.241924861288,31.105466485176));
#12221 = CARTESIAN_POINT('',(6.28318530718,31.113091857546));
#12222 = ( GEOMETRIC_REPRESENTATION_CONTEXT(2) 
PARAMETRIC_REPRESENTATION_CONTEXT() REPRESENTATION_CONTEXT('2D SPACE',''
  ) );
#12223 = PCURVE('',#12047,#12224);
#12224 = DEFINITIONAL_REPRESENTATION('',(#12225),#12291);
#12225 = B_SPLINE_CURVE_WITH_KNOTS('',8,(#12226,#12227,#12228,#12229,
    #12230,#12231,#12232,#12233,#12234,#12235,#12236,#12237,#12238,
    #12239,#12240,#12241,#12242,#12243,#12244,#12245,#12246,#12247,
    #12248,#12249,#12250,#12251,#12252,#12253,#12254,#12255,#12256,
    #12257,#12258,#12259,#12260,#12261,#12262,#12263,#12264,#12265,
    #12266,#12267,#12268,#12269,#12270,#12271,#12272,#12273,#12274,
    #12275,#12276,#12277,#12278,#12279,#12280,#12281,#12282,#12283,
    #12284,#12285,#12286,#12287,#12288,#12289,#12290),.UNSPECIFIED.,.T.,
  .F.,(9,7,7,7,7,7,7,7,7,9),(0.,9.728829488913E-02,0.225969723773,
    0.406653351287,0.531815802944,0.660114763543,0.86274826847,
    0.915574913135,0.952680458514,1.),.UNSPECIFIED.);
#12226 = CARTESIAN_POINT('',(1.647203912738,40.414039396302));
#12227 = CARTESIAN_POINT('',(1.630623772052,40.497690131296));
#12228 = CARTESIAN_POINT('',(1.612780020948,40.563820830068));
#12229 = CARTESIAN_POINT('',(1.59402446004,40.607449459856));
#12230 = CARTESIAN_POINT('',(1.574766261493,40.625535754249));
#12231 = CARTESIAN_POINT('',(1.555441934833,40.616917932689));
#12232 = CARTESIAN_POINT('',(1.536491032491,40.582291152682));
#12233 = CARTESIAN_POINT('',(1.51833179702,40.524229850139));
#12234 = CARTESIAN_POINT('',(1.47884424839,40.345444397909));
#12235 = CARTESIAN_POINT('',(1.458429819693,40.210751535737));
#12236 = CARTESIAN_POINT('',(1.440193986592,40.050569668952));
#12237 = CARTESIAN_POINT('',(1.424157450827,39.870761442201));
#12238 = CARTESIAN_POINT('',(1.410297097231,39.676093802652));
#12239 = CARTESIAN_POINT('',(1.39856416675,39.470449203879));
#12240 = CARTESIAN_POINT('',(1.388893965204,39.256944340266));
#12241 = CARTESIAN_POINT('',(1.370450327994,38.730784817281));
#12242 = CARTESIAN_POINT('',(1.363578224133,38.411783232087));
#12243 = CARTESIAN_POINT('',(1.360440445793,38.086777072649));
#12244 = CARTESIAN_POINT('',(1.36096979146,37.759892922159));
#12245 = CARTESIAN_POINT('',(1.36517342249,37.435056590767));
#12246 = CARTESIAN_POINT('',(1.373122351888,37.116592213622));
#12247 = CARTESIAN_POINT('',(1.384946607289,36.809896441073));
#12248 = CARTESIAN_POINT('',(1.411829808128,36.324315814815));
#12249 = CARTESIAN_POINT('',(1.424951189184,36.131992846132));
#12250 = CARTESIAN_POINT('',(1.44024484645,35.951356810451));
#12251 = CARTESIAN_POINT('',(1.457686094183,35.787842732684));
#12252 = CARTESIAN_POINT('',(1.477180217069,35.647008267854));
#12253 = CARTESIAN_POINT('',(1.498568922449,35.534554230861));
#12254 = CARTESIAN_POINT('',(1.521624431684,35.456415890743));
#12255 = CARTESIAN_POINT('',(1.57102580422,35.380559260909));
#12256 = CARTESIAN_POINT('',(1.59611168273,35.386945836922));
#12257 = CARTESIAN_POINT('',(1.62063934013,35.437067661991));
#12258 = CARTESIAN_POINT('',(1.644006265367,35.5277326687));
#12259 = CARTESIAN_POINT('',(1.665670236771,35.653709049146));
#12260 = CARTESIAN_POINT('',(1.685172944628,35.807781088469));
#12261 = CARTESIAN_POINT('',(1.702205194922,35.980772242356));
#12262 = CARTESIAN_POINT('',(1.739456375753,36.446996479461));
#12263 = CARTESIAN_POINT('',(1.75711819475,36.768271443373));
#12264 = CARTESIAN_POINT('',(1.769875100423,37.110582892712));
#12265 = CARTESIAN_POINT('',(1.777958263189,37.464957684272));
#12266 = CARTESIAN_POINT('',(1.781532224041,37.824872270366));
#12267 = CARTESIAN_POINT('',(1.780668015881,38.185100152726));
#12268 = CARTESIAN_POINT('',(1.77532249321,38.540766571395));
#12269 = CARTESIAN_POINT('',(1.762656952842,38.974932097479));
#12270 = CARTESIAN_POINT('',(1.759719971613,39.06389079041));
#12271 = CARTESIAN_POINT('',(1.756462137476,39.151902056689));
#12272 = CARTESIAN_POINT('',(1.752879948694,39.238828769056));
#12273 = CARTESIAN_POINT('',(1.748969481021,39.324519009577));
#12274 = CARTESIAN_POINT('',(1.744726486163,39.408803444319));
#12275 = CARTESIAN_POINT('',(1.740146490231,39.491492698037));
#12276 = CARTESIAN_POINT('',(1.731767951485,39.629186435972));
#12277 = CARTESIAN_POINT('',(1.72814226529,39.685110044491));
#12278 = CARTESIAN_POINT('',(1.724346277848,39.740070268348));
#12279 = CARTESIAN_POINT('',(1.720378531538,39.793985126703));
#12280 = CARTESIAN_POINT('',(1.71623766778,39.846765885575));
#12281 = CARTESIAN_POINT('',(1.711922427919,39.898316999488));
#12282 = CARTESIAN_POINT('',(1.707431654106,39.948536053113));
#12283 = CARTESIAN_POINT('',(1.696812146967,40.059518314085));
#12284 = CARTESIAN_POINT('',(1.690568047063,40.119428548726));
#12285 = CARTESIAN_POINT('',(1.684034384647,40.176753794087));
#12286 = CARTESIAN_POINT('',(1.677214955616,40.231198055592));
#12287 = CARTESIAN_POINT('',(1.670114946179,40.282459642345));
#12288 = CARTESIAN_POINT('',(1.662740921456,40.330230852652));
#12289 = CARTESIAN_POINT('',(1.65510081407,40.374197659545));
#12290 = CARTESIAN_POINT('',(1.647203912738,40.414039396302));
#12291 = ( GEOMETRIC_REPRESENTATION_CONTEXT(2) 
PARAMETRIC_REPRESENTATION_CONTEXT() REPRESENTATION_CONTEXT('2D SPACE',''
  ) );
#12292 = ORIENTED_EDGE('',*,*,#12063,.T.);
#12293 = ADVANCED_FACE('',(#12294),#9316,.F.);
#12294 = FACE_BOUND('',#12295,.F.);
#12295 = EDGE_LOOP('',(#12296,#12505,#12526,#12527));
#12296 = ORIENTED_EDGE('',*,*,#12297,.F.);
#12297 = EDGE_CURVE('',#12298,#12298,#12300,.T.);
#12298 = VERTEX_POINT('',#12299);
#12299 = CARTESIAN_POINT('',(17.083971112289,-12.61309185754,
    45.309927780722));
#12300 = SURFACE_CURVE('',#12301,(#12367,#12436),.PCURVE_S1.);
#12301 = B_SPLINE_CURVE_WITH_KNOTS('',8,(#12302,#12303,#12304,#12305,
    #12306,#12307,#12308,#12309,#12310,#12311,#12312,#12313,#12314,
    #12315,#12316,#12317,#12318,#12319,#12320,#12321,#12322,#12323,
    #12324,#12325,#12326,#12327,#12328,#12329,#12330,#12331,#12332,
    #12333,#12334,#12335,#12336,#12337,#12338,#12339,#12340,#12341,
    #12342,#12343,#12344,#12345,#12346,#12347,#12348,#12349,#12350,
    #12351,#12352,#12353,#12354,#12355,#12356,#12357,#12358,#12359,
    #12360,#12361,#12362,#12363,#12364,#12365,#12366),.UNSPECIFIED.,.T.,
  .F.,(9,7,7,7,7,7,7,7,7,9),(0.,9.728829489654E-02,0.225969723791,
    0.406653357492,0.531815807541,0.660114766434,0.862748268667,
    0.915574914271,0.952680459145,1.),.UNSPECIFIED.);
#12302 = CARTESIAN_POINT('',(17.083971112289,-12.61309185754,
    45.309927780722));
#12303 = CARTESIAN_POINT('',(17.309207609379,-12.62910190267,
    45.309927780722));
#12304 = CARTESIAN_POINT('',(17.543017162647,-12.64236888649,
    45.287628901755));
#12305 = CARTESIAN_POINT('',(17.779422866171,-12.65149268085,
    45.240056092689));
#12306 = CARTESIAN_POINT('',(18.012421650682,-12.65536153825,
    45.166336114096));
#12307 = CARTESIAN_POINT('',(18.236303442441,-12.65349816706,
    45.067501719516));
#12308 = CARTESIAN_POINT('',(18.446004199968,-12.64619400146,
    44.946327233089));
#12309 = CARTESIAN_POINT('',(18.63748008496,-12.63441863343,
    44.807202942471));
#12310 = CARTESIAN_POINT('',(19.033752635295,-12.59974736342,
    44.456136097261));
#12311 = CARTESIAN_POINT('',(19.222451925898,-12.57452971535,
    44.235587728793));
#12312 = CARTESIAN_POINT('',(19.375635264586,-12.54630242259,
    44.001793242966));
#12313 = CARTESIAN_POINT('',(19.495340491471,-12.51732761212,
    43.760251765265));
#12314 = CARTESIAN_POINT('',(19.583787513117,-12.48940888084,
    43.51520949229));
#12315 = CARTESIAN_POINT('',(19.643176244834,-12.46387309599,
    43.269967988386));
#12316 = CARTESIAN_POINT('',(19.675575190679,-12.44165763748,
    43.027056634512));
#12317 = CARTESIAN_POINT('',(19.692908292042,-12.39769218197,
    42.453432233433));
#12318 = CARTESIAN_POINT('',(19.653408682776,-12.37966361518,
    42.125656903032));
#12319 = CARTESIAN_POINT('',(19.568662351034,-12.3709789468,
    41.809513009739));
#12320 = CARTESIAN_POINT('',(19.441174476055,-12.37236591902,
    41.508443201927));
#12321 = CARTESIAN_POINT('',(19.272336736247,-12.38386659733,
    41.226118902056));
#12322 = CARTESIAN_POINT('',(19.0627476904,-12.40483816118,
    40.96695780187));
#12323 = CARTESIAN_POINT('',(18.812539477058,-12.43373274127,
    40.73671968871));
#12324 = CARTESIAN_POINT('',(18.320999858672,-12.49125628828,
    40.410349181908));
#12325 = CARTESIAN_POINT('',(18.097405279481,-12.51760803439,
    40.292648836961));
#12326 = CARTESIAN_POINT('',(17.852567822211,-12.54571722514,
    40.196032855325));
#12327 = CARTESIAN_POINT('',(17.588612033945,-12.57399317233,
    40.125505119228));
#12328 = CARTESIAN_POINT('',(17.308541074383,-12.60040098951,
    40.085850142399));
#12329 = CARTESIAN_POINT('',(17.016256359321,-12.62264523339,
    40.081647323984));
#12330 = CARTESIAN_POINT('',(16.716725196806,-12.6384720357,
    40.117302221102));
#12331 = CARTESIAN_POINT('',(16.108500352687,-12.65395419706,
    40.278892068057));
#12332 = CARTESIAN_POINT('',(15.816115309991,-12.65277851213,
    40.402724638013));
#12333 = CARTESIAN_POINT('',(15.546597270204,-12.64228192193,
    40.564514711612));
#12334 = CARTESIAN_POINT('',(15.306149063169,-12.62347155723,
    40.758343195101));
#12335 = CARTESIAN_POINT('',(15.099397401095,-12.59857867226,
    40.976724574032));
#12336 = CARTESIAN_POINT('',(14.928970700881,-12.57057137689,
    41.210835918903));
#12337 = CARTESIAN_POINT('',(14.794887401873,-12.54224123068,
    41.450786413278));
#12338 = CARTESIAN_POINT('',(14.535160399747,-12.47375576799,
    42.056816084905));
#12339 = CARTESIAN_POINT('',(14.450254215193,-12.43384281749,
    42.436802284545));
#12340 = CARTESIAN_POINT('',(14.43058206523,-12.40141972966,
    42.813351858535));
#12341 = CARTESIAN_POINT('',(14.469446815289,-12.37960524381,
    43.179479289729));
#12342 = CARTESIAN_POINT('',(14.562134322871,-12.36983722221,
    43.530044159209));
#12343 = CARTESIAN_POINT('',(14.705766000554,-12.37246664376,
    43.860568791069));
#12344 = CARTESIAN_POINT('',(14.899196159375,-12.38696617841,
    44.166261183717));
#12345 = CARTESIAN_POINT('',(15.206396510157,-12.41792949491,
    44.510991628719));
#12346 = CARTESIAN_POINT('',(15.273297970772,-12.42501221044,
    44.580042484362));
#12347 = CARTESIAN_POINT('',(15.343570019375,-12.43274058394,
    44.646724698332));
#12348 = CARTESIAN_POINT('',(15.41721043905,-12.44107410369,
    44.710891467744));
#12349 = CARTESIAN_POINT('',(15.494217367264,-12.44996501576,
    44.772379912906));
#12350 = CARTESIAN_POINT('',(15.574587005138,-12.45935744528,
    44.831009170997));
#12351 = CARTESIAN_POINT('',(15.658311326723,-12.46918651769,
    44.886578489727));
#12352 = CARTESIAN_POINT('',(15.80653004572,-12.48653563292,
    44.975591699202));
#12353 = CARTESIAN_POINT('',(15.86933595428,-12.49387275825,
    45.010700905474));
#12354 = CARTESIAN_POINT('',(15.933787326728,-12.50136283903,
    45.044114329156));
#12355 = CARTESIAN_POINT('',(15.999874442504,-12.50897716708,
    45.075747562404));
#12356 = CARTESIAN_POINT('',(16.067583931989,-12.51668430486,
    45.105510383644));
#12357 = CARTESIAN_POINT('',(16.136898660783,-12.52445004739,
    45.13330674101));
#12358 = CARTESIAN_POINT('',(16.207797613972,-12.53223738403,
    45.15903473578));
#12359 = CARTESIAN_POINT('',(16.37265941384,-12.54991412059,
    45.212621569051));
#12360 = CARTESIAN_POINT('',(16.467672783346,-12.55979994701,
    45.239141518671));
#12361 = CARTESIAN_POINT('',(16.56516711826,-12.56957249934,
    45.261884963468));
#12362 = CARTESIAN_POINT('',(16.664994327911,-12.57913254056,
    45.280592343805));
#12363 = CARTESIAN_POINT('',(16.766986594693,-12.58837485645,
    45.295005855686));
#12364 = CARTESIAN_POINT('',(16.87095596714,-12.59719007487,
    45.304869274827));
#12365 = CARTESIAN_POINT('',(16.976693952996,-12.60546648517,
    45.309927780722));
#12366 = CARTESIAN_POINT('',(17.083971112289,-12.61309185754,
    45.309927780722));
#12367 = PCURVE('',#9316,#12368);
#12368 = DEFINITIONAL_REPRESENTATION('',(#12369),#12435);
#12369 = B_SPLINE_CURVE_WITH_KNOTS('',8,(#12370,#12371,#12372,#12373,
    #12374,#12375,#12376,#12377,#12378,#12379,#12380,#12381,#12382,
    #12383,#12384,#12385,#12386,#12387,#12388,#12389,#12390,#12391,
    #12392,#12393,#12394,#12395,#12396,#12397,#12398,#12399,#12400,
    #12401,#12402,#12403,#12404,#12405,#12406,#12407,#12408,#12409,
    #12410,#12411,#12412,#12413,#12414,#12415,#12416,#12417,#12418,
    #12419,#12420,#12421,#12422,#12423,#12424,#12425,#12426,#12427,
    #12428,#12429,#12430,#12431,#12432,#12433,#12434),.UNSPECIFIED.,.F.,
  .F.,(9,7,7,7,7,7,7,7,7,9),(0.,9.728829489654E-02,0.225969723791,
    0.406653357492,0.531815807541,0.660114766434,0.862748268667,
    0.915574914271,0.952680459145,1.),.UNSPECIFIED.);
#12370 = CARTESIAN_POINT('',(0.,5.886908142454));
#12371 = CARTESIAN_POINT('',(8.66294219578E-02,5.870898097329));
#12372 = CARTESIAN_POINT('',(0.176556208242,5.857631113502));
#12373 = CARTESIAN_POINT('',(0.268471838705,5.848507319146));
#12374 = CARTESIAN_POINT('',(0.361376746953,5.844638461746));
#12375 = CARTESIAN_POINT('',(0.454407259304,5.846501832937));
#12376 = CARTESIAN_POINT('',(0.546709584496,5.853805998531));
#12377 = CARTESIAN_POINT('',(0.637316567407,5.865581366569));
#12378 = CARTESIAN_POINT('',(0.840937583847,5.900252636572));
#12379 = CARTESIAN_POINT('',(0.951512840392,5.925470284643));
#12380 = CARTESIAN_POINT('',(1.057614129626,5.953697577409));
#12381 = CARTESIAN_POINT('',(1.15988790302,5.982672387878));
#12382 = CARTESIAN_POINT('',(1.258864929095,6.010591119154));
#12383 = CARTESIAN_POINT('',(1.35501647428,6.036126904009));
#12384 = CARTESIAN_POINT('',(1.448777211026,6.058342362518));
#12385 = CARTESIAN_POINT('',(1.669502679054,6.102307818026));
#12386 = CARTESIAN_POINT('',(1.795053923225,6.120336384819));
#12387 = CARTESIAN_POINT('',(1.918870968946,6.129021053199));
#12388 = CARTESIAN_POINT('',(2.042217568658,6.12763408098));
#12389 = CARTESIAN_POINT('',(2.166276455325,6.116133402663));
#12390 = CARTESIAN_POINT('',(2.292236491866,6.095161838815));
#12391 = CARTESIAN_POINT('',(2.421391009927,6.066267258724));
#12392 = CARTESIAN_POINT('',(2.648323507826,6.008743711717));
#12393 = CARTESIAN_POINT('',(2.745007128878,5.982391965605));
#12394 = CARTESIAN_POINT('',(2.845234228579,5.954282774857));
#12395 = CARTESIAN_POINT('',(2.948895257067,5.926006827666));
#12396 = CARTESIAN_POINT('',(3.056045655044,5.899599010487));
#12397 = CARTESIAN_POINT('',(3.166878887945,5.877354766604));
#12398 = CARTESIAN_POINT('',(3.281742325197,5.861527964297));
#12399 = CARTESIAN_POINT('',(3.523790030543,5.846045802935));
#12400 = CARTESIAN_POINT('',(3.644704970495,5.84722148787));
#12401 = CARTESIAN_POINT('',(3.763670079196,5.857718078064));
#12402 = CARTESIAN_POINT('',(3.88029254657,5.876528442769));
#12403 = CARTESIAN_POINT('',(3.994010000958,5.901421327736));
#12404 = CARTESIAN_POINT('',(4.104040716385,5.929428623108));
#12405 = CARTESIAN_POINT('',(4.209182086261,5.957758769314));
#12406 = CARTESIAN_POINT('',(4.462774639807,6.026244232003));
#12407 = CARTESIAN_POINT('',(4.609971581202,6.066157182507));
#12408 = CARTESIAN_POINT('',(4.751765748952,6.098580270336));
#12409 = CARTESIAN_POINT('',(4.889957923482,6.12039475618));
#12410 = CARTESIAN_POINT('',(5.026222015229,6.130162777789));
#12411 = CARTESIAN_POINT('',(5.162138012154,6.127533356231));
#12412 = CARTESIAN_POINT('',(5.299412627123,6.113033821587));
#12413 = CARTESIAN_POINT('',(5.477007978306,6.082070505088));
#12414 = CARTESIAN_POINT('',(5.513954567505,6.074987789557));
#12415 = CARTESIAN_POINT('',(5.55115906902,6.067259416052));
#12416 = CARTESIAN_POINT('',(5.588657968265,6.058925896305));
#12417 = CARTESIAN_POINT('',(5.626488393099,6.050034984237));
#12418 = CARTESIAN_POINT('',(5.664688565586,6.040642554715));
#12419 = CARTESIAN_POINT('',(5.70329825376,6.030813482303));
#12420 = CARTESIAN_POINT('',(5.769795729045,6.013464367077));
#12421 = CARTESIAN_POINT('',(5.797456583852,6.006127241744));
#12422 = CARTESIAN_POINT('',(5.825355692182,5.998637160966));
#12423 = CARTESIAN_POINT('',(5.853506744756,5.991022832919));
#12424 = CARTESIAN_POINT('',(5.881923569566,5.983315695131));
#12425 = CARTESIAN_POINT('',(5.910620482803,5.975549952609));
#12426 = CARTESIAN_POINT('',(5.939612639789,5.967762615969));
#12427 = CARTESIAN_POINT('',(6.006286536808,5.95008587941));
#12428 = CARTESIAN_POINT('',(6.044193290301,5.940200052981));
#12429 = CARTESIAN_POINT('',(6.082638198845,5.930427500658));
#12430 = CARTESIAN_POINT('',(6.121625210862,5.920867459432));
#12431 = CARTESIAN_POINT('',(6.161161174063,5.911625143545));
#12432 = CARTESIAN_POINT('',(6.201256338781,5.902809925124));
#12433 = CARTESIAN_POINT('',(6.241924861298,5.894533514822));
#12434 = CARTESIAN_POINT('',(6.28318530718,5.886908142454));
#12435 = ( GEOMETRIC_REPRESENTATION_CONTEXT(2) 
PARAMETRIC_REPRESENTATION_CONTEXT() REPRESENTATION_CONTEXT('2D SPACE',''
  ) );
#12436 = PCURVE('',#12047,#12437);
#12437 = DEFINITIONAL_REPRESENTATION('',(#12438),#12504);
#12438 = B_SPLINE_CURVE_WITH_KNOTS('',8,(#12439,#12440,#12441,#12442,
    #12443,#12444,#12445,#12446,#12447,#12448,#12449,#12450,#12451,
    #12452,#12453,#12454,#12455,#12456,#12457,#12458,#12459,#12460,
    #12461,#12462,#12463,#12464,#12465,#12466,#12467,#12468,#12469,
    #12470,#12471,#12472,#12473,#12474,#12475,#12476,#12477,#12478,
    #12479,#12480,#12481,#12482,#12483,#12484,#12485,#12486,#12487,
    #12488,#12489,#12490,#12491,#12492,#12493,#12494,#12495,#12496,
    #12497,#12498,#12499,#12500,#12501,#12502,#12503),.UNSPECIFIED.,.T.,
  .F.,(9,7,7,7,7,7,7,7,7,9),(0.,9.728829489654E-02,0.225969723791,
    0.406653357492,0.531815807541,0.660114766434,0.862748268667,
    0.915574914271,0.952680459145,1.),.UNSPECIFIED.);
#12439 = CARTESIAN_POINT('',(4.635981394442,40.414039396302));
#12440 = CARTESIAN_POINT('',(4.652561535128,40.497690131296));
#12441 = CARTESIAN_POINT('',(4.670405286231,40.563820830068));
#12442 = CARTESIAN_POINT('',(4.68916084714,40.607449459856));
#12443 = CARTESIAN_POINT('',(4.708419045687,40.625535754249));
#12444 = CARTESIAN_POINT('',(4.727743372346,40.616917932689));
#12445 = CARTESIAN_POINT('',(4.746694274689,40.582291152681));
#12446 = CARTESIAN_POINT('',(4.76485351016,40.524229850139));
#12447 = CARTESIAN_POINT('',(4.80434105879,40.345444397909));
#12448 = CARTESIAN_POINT('',(4.824755487487,40.210751535738));
#12449 = CARTESIAN_POINT('',(4.842991320588,40.050569668952));
#12450 = CARTESIAN_POINT('',(4.859027856353,39.870761442201));
#12451 = CARTESIAN_POINT('',(4.872888209948,39.676093802652));
#12452 = CARTESIAN_POINT('',(4.884621140429,39.470449203879));
#12453 = CARTESIAN_POINT('',(4.894291341975,39.256944340266));
#12454 = CARTESIAN_POINT('',(4.912734979554,38.73078480678));
#12455 = CARTESIAN_POINT('',(4.919607082578,38.411783266055));
#12456 = CARTESIAN_POINT('',(4.922744861095,38.086777032702));
#12457 = CARTESIAN_POINT('',(4.922215516517,37.759892925704));
#12458 = CARTESIAN_POINT('',(4.918011884963,37.435056631622));
#12459 = CARTESIAN_POINT('',(4.910062954045,37.116592173421));
#12460 = CARTESIAN_POINT('',(4.898238700629,36.809896454417));
#12461 = CARTESIAN_POINT('',(4.871355499058,36.324315814931));
#12462 = CARTESIAN_POINT('',(4.858234117999,36.131992846144));
#12463 = CARTESIAN_POINT('',(4.842940460726,35.951356810376));
#12464 = CARTESIAN_POINT('',(4.825499212988,35.787842732617));
#12465 = CARTESIAN_POINT('',(4.806005090105,35.647008267854));
#12466 = CARTESIAN_POINT('',(4.784616384735,35.534554230906));
#12467 = CARTESIAN_POINT('',(4.761560875507,35.45641589076));
#12468 = CARTESIAN_POINT('',(4.71215950296,35.380559260909));
#12469 = CARTESIAN_POINT('',(4.687073624449,35.386945836922));
#12470 = CARTESIAN_POINT('',(4.662545967049,35.437067661991));
#12471 = CARTESIAN_POINT('',(4.639179041812,35.5277326687));
#12472 = CARTESIAN_POINT('',(4.617515070408,35.653709049146));
#12473 = CARTESIAN_POINT('',(4.598012362552,35.807781088469));
#12474 = CARTESIAN_POINT('',(4.580980112258,35.980772242356));
#12475 = CARTESIAN_POINT('',(4.543728931427,36.44699647946));
#12476 = CARTESIAN_POINT('',(4.526067112429,36.768271443376));
#12477 = CARTESIAN_POINT('',(4.513310206757,37.110582892707));
#12478 = CARTESIAN_POINT('',(4.505227043991,37.464957684277));
#12479 = CARTESIAN_POINT('',(4.501653083138,37.824872270362));
#12480 = CARTESIAN_POINT('',(4.502517291299,38.185100152728));
#12481 = CARTESIAN_POINT('',(4.50786281397,38.540766571395));
#12482 = CARTESIAN_POINT('',(4.520528354418,38.97493210027));
#12483 = CARTESIAN_POINT('',(4.523465335484,39.063890788927));
#12484 = CARTESIAN_POINT('',(4.526723169602,39.151902053955));
#12485 = CARTESIAN_POINT('',(4.530305358516,39.238828768953));
#12486 = CARTESIAN_POINT('',(4.534215826293,39.324519012198));
#12487 = CARTESIAN_POINT('',(4.538458821069,39.408803445908));
#12488 = CARTESIAN_POINT('',(4.543038816794,39.491492695498));
#12489 = CARTESIAN_POINT('',(4.551417355695,39.629186435972));
#12490 = CARTESIAN_POINT('',(4.555043041889,39.685110044491));
#12491 = CARTESIAN_POINT('',(4.558839029332,39.740070268348));
#12492 = CARTESIAN_POINT('',(4.562806775641,39.793985126703));
#12493 = CARTESIAN_POINT('',(4.566947639399,39.846765885575));
#12494 = CARTESIAN_POINT('',(4.571262879261,39.898316999488));
#12495 = CARTESIAN_POINT('',(4.575753653074,39.948536053113));
#12496 = CARTESIAN_POINT('',(4.586373160214,40.059518314101));
#12497 = CARTESIAN_POINT('',(4.592617260118,40.11942854873));
#12498 = CARTESIAN_POINT('',(4.599150922531,40.176753794079));
#12499 = CARTESIAN_POINT('',(4.605970351562,40.23119805558));
#12500 = CARTESIAN_POINT('',(4.613070361,40.282459642339));
#12501 = CARTESIAN_POINT('',(4.620444385724,40.330230852657));
#12502 = CARTESIAN_POINT('',(4.628084493111,40.374197659555));
#12503 = CARTESIAN_POINT('',(4.635981394442,40.414039396302));
#12504 = ( GEOMETRIC_REPRESENTATION_CONTEXT(2) 
PARAMETRIC_REPRESENTATION_CONTEXT() REPRESENTATION_CONTEXT('2D SPACE',''
  ) );
#12505 = ORIENTED_EDGE('',*,*,#12506,.F.);
#12506 = EDGE_CURVE('',#9195,#12298,#12507,.T.);
#12507 = SEAM_CURVE('',#12508,(#12512,#12519),.PCURVE_S1.);
#12508 = LINE('',#12509,#12510);
#12509 = CARTESIAN_POINT('',(17.083971112289,-18.5,45.309927780722));
#12510 = VECTOR('',#12511,1.);
#12511 = DIRECTION('',(0.,1.,0.));
#12512 = PCURVE('',#9316,#12513);
#12513 = DEFINITIONAL_REPRESENTATION('',(#12514),#12518);
#12514 = LINE('',#12515,#12516);
#12515 = CARTESIAN_POINT('',(6.28318530718,-0.));
#12516 = VECTOR('',#12517,1.);
#12517 = DIRECTION('',(0.,1.));
#12518 = ( GEOMETRIC_REPRESENTATION_CONTEXT(2) 
PARAMETRIC_REPRESENTATION_CONTEXT() REPRESENTATION_CONTEXT('2D SPACE',''
  ) );
#12519 = PCURVE('',#9316,#12520);
#12520 = DEFINITIONAL_REPRESENTATION('',(#12521),#12525);
#12521 = LINE('',#12522,#12523);
#12522 = CARTESIAN_POINT('',(0.,-0.));
#12523 = VECTOR('',#12524,1.);
#12524 = DIRECTION('',(0.,1.));
#12525 = ( GEOMETRIC_REPRESENTATION_CONTEXT(2) 
PARAMETRIC_REPRESENTATION_CONTEXT() REPRESENTATION_CONTEXT('2D SPACE',''
  ) );
#12526 = ORIENTED_EDGE('',*,*,#9194,.T.);
#12527 = ORIENTED_EDGE('',*,*,#12506,.T.);
#12528 = ADVANCED_FACE('',(#12529,#12797,#12800),#9411,.F.);
#12529 = FACE_BOUND('',#12530,.F.);
#12530 = EDGE_LOOP('',(#12531,#12563,#12584,#12585,#12586,#12616,#12650,
    #12679,#12711,#12743,#12767));
#12531 = ORIENTED_EDGE('',*,*,#12532,.T.);
#12532 = EDGE_CURVE('',#12533,#12535,#12537,.T.);
#12533 = VERTEX_POINT('',#12534);
#12534 = CARTESIAN_POINT('',(16.076817017806,0.,6.130875139388));
#12535 = VERTEX_POINT('',#12536);
#12536 = CARTESIAN_POINT('',(15.852352221554,-3.217498477619,
    6.689888223473));
#12537 = SURFACE_CURVE('',#12538,(#12543,#12553),.PCURVE_S1.);
#12538 = ELLIPSE('',#12539,17.505028537006,12.65);
#12539 = AXIS2_PLACEMENT_3D('',#12540,#12541,#12542);
#12540 = CARTESIAN_POINT('',(0.,0.,0.));
#12541 = DIRECTION('',(0.35023508396,-0.183999904326,-0.918411357275));
#12542 = DIRECTION('',(0.903464460311,-0.192367790736,0.383075191107));
#12543 = PCURVE('',#9411,#12544);
#12544 = DEFINITIONAL_REPRESENTATION('',(#12545),#12552);
#12545 = B_SPLINE_CURVE_WITH_KNOTS('',5,(#12546,#12547,#12548,#12549,
    #12550,#12551),.UNSPECIFIED.,.F.,.F.,(6,6),(6.013738838689,
    6.270912006158),.PIECEWISE_BEZIER_KNOTS.);
#12546 = CARTESIAN_POINT('',(6.02601213971,3.663154607514));
#12547 = CARTESIAN_POINT('',(6.077446773204,3.828821631158));
#12548 = CARTESIAN_POINT('',(6.128881406698,3.955919851696));
#12549 = CARTESIAN_POINT('',(6.180316040192,4.043535505562));
#12550 = CARTESIAN_POINT('',(6.231750673686,4.091183054029));
#12551 = CARTESIAN_POINT('',(6.28318530718,4.098821093489));
#12552 = ( GEOMETRIC_REPRESENTATION_CONTEXT(2) 
PARAMETRIC_REPRESENTATION_CONTEXT() REPRESENTATION_CONTEXT('2D SPACE',''
  ) );
#12553 = PCURVE('',#12047,#12554);
#12554 = DEFINITIONAL_REPRESENTATION('',(#12555),#12562);
#12555 = B_SPLINE_CURVE_WITH_KNOTS('',5,(#12556,#12557,#12558,#12559,
    #12560,#12561),.UNSPECIFIED.,.F.,.F.,(6,6),(6.013738838689,
    6.270912006158),.PIECEWISE_BEZIER_KNOTS.);
#12556 = CARTESIAN_POINT('',(6.28318530718,3.663154607514));
#12557 = CARTESIAN_POINT('',(6.231750673686,3.828821631158));
#12558 = CARTESIAN_POINT('',(6.180316040192,3.955919851696));
#12559 = CARTESIAN_POINT('',(6.128881406698,4.043535505562));
#12560 = CARTESIAN_POINT('',(6.077446773204,4.091183054029));
#12561 = CARTESIAN_POINT('',(6.02601213971,4.098821093489));
#12562 = ( GEOMETRIC_REPRESENTATION_CONTEXT(2) 
PARAMETRIC_REPRESENTATION_CONTEXT() REPRESENTATION_CONTEXT('2D SPACE',''
  ) );
#12563 = ORIENTED_EDGE('',*,*,#12564,.T.);
#12564 = EDGE_CURVE('',#12535,#9395,#12565,.T.);
#12565 = SEAM_CURVE('',#12566,(#12570,#12577),.PCURVE_S1.);
#12566 = LINE('',#12567,#12568);
#12567 = CARTESIAN_POINT('',(12.255287950811,-2.127479001637,
    8.324917437447));
#12568 = VECTOR('',#12569,1.);
#12569 = DIRECTION('',(0.877585088175,-0.265934875205,-0.398902312807));
#12570 = PCURVE('',#9411,#12571);
#12571 = DEFINITIONAL_REPRESENTATION('',(#12572),#12576);
#12572 = LINE('',#12573,#12574);
#12573 = CARTESIAN_POINT('',(0.,-0.));
#12574 = VECTOR('',#12575,1.);
#12575 = DIRECTION('',(0.,1.));
#12576 = ( GEOMETRIC_REPRESENTATION_CONTEXT(2) 
PARAMETRIC_REPRESENTATION_CONTEXT() REPRESENTATION_CONTEXT('2D SPACE',''
  ) );
#12577 = PCURVE('',#9411,#12578);
#12578 = DEFINITIONAL_REPRESENTATION('',(#12579),#12583);
#12579 = LINE('',#12580,#12581);
#12580 = CARTESIAN_POINT('',(6.28318530718,-0.));
#12581 = VECTOR('',#12582,1.);
#12582 = DIRECTION('',(0.,1.));
#12583 = ( GEOMETRIC_REPRESENTATION_CONTEXT(2) 
PARAMETRIC_REPRESENTATION_CONTEXT() REPRESENTATION_CONTEXT('2D SPACE',''
  ) );
#12584 = ORIENTED_EDGE('',*,*,#9394,.F.);
#12585 = ORIENTED_EDGE('',*,*,#12564,.F.);
#12586 = ORIENTED_EDGE('',*,*,#12587,.T.);
#12587 = EDGE_CURVE('',#12535,#12588,#12590,.T.);
#12588 = VERTEX_POINT('',#12589);
#12589 = CARTESIAN_POINT('',(15.815171159921,-3.367403666426,
    6.705742152151));
#12590 = SURFACE_CURVE('',#12591,(#12596,#12606),.PCURVE_S1.);
#12591 = ELLIPSE('',#12592,17.505028537006,12.65);
#12592 = AXIS2_PLACEMENT_3D('',#12593,#12594,#12595);
#12593 = CARTESIAN_POINT('',(0.,0.,0.));
#12594 = DIRECTION('',(0.35023508396,-0.183999904326,-0.918411357275));
#12595 = DIRECTION('',(0.903464460311,-0.192367790736,0.383075191107));
#12596 = PCURVE('',#9411,#12597);
#12597 = DEFINITIONAL_REPRESENTATION('',(#12598),#12605);
#12598 = B_SPLINE_CURVE_WITH_KNOTS('',5,(#12599,#12600,#12601,#12602,
    #12603,#12604),.UNSPECIFIED.,.F.,.F.,(6,6),(6.270912006158,
    6.28318530718),.PIECEWISE_BEZIER_KNOTS.);
#12599 = CARTESIAN_POINT('',(2.246775449044E-15,4.098821093489));
#12600 = CARTESIAN_POINT('',(2.454660204307E-03,4.099185610357));
#12601 = CARTESIAN_POINT('',(4.909320408611E-03,4.099459002583));
#12602 = CARTESIAN_POINT('',(7.363980612917E-03,4.099641265593));
#12603 = CARTESIAN_POINT('',(9.818640817222E-03,4.099732397098));
#12604 = CARTESIAN_POINT('',(1.227330102153E-02,4.099732397098));
#12605 = ( GEOMETRIC_REPRESENTATION_CONTEXT(2) 
PARAMETRIC_REPRESENTATION_CONTEXT() REPRESENTATION_CONTEXT('2D SPACE',''
  ) );
#12606 = PCURVE('',#12047,#12607);
#12607 = DEFINITIONAL_REPRESENTATION('',(#12608),#12615);
#12608 = B_SPLINE_CURVE_WITH_KNOTS('',5,(#12609,#12610,#12611,#12612,
    #12613,#12614),.UNSPECIFIED.,.F.,.F.,(6,6),(6.270912006158,
    6.28318530718),.PIECEWISE_BEZIER_KNOTS.);
#12609 = CARTESIAN_POINT('',(6.02601213971,4.098821093489));
#12610 = CARTESIAN_POINT('',(6.023557479506,4.099185610357));
#12611 = CARTESIAN_POINT('',(6.021102819302,4.099459002583));
#12612 = CARTESIAN_POINT('',(6.018648159097,4.099641265593));
#12613 = CARTESIAN_POINT('',(6.016193498893,4.099732397098));
#12614 = CARTESIAN_POINT('',(6.013738838689,4.099732397098));
#12615 = ( GEOMETRIC_REPRESENTATION_CONTEXT(2) 
PARAMETRIC_REPRESENTATION_CONTEXT() REPRESENTATION_CONTEXT('2D SPACE',''
  ) );
#12616 = ORIENTED_EDGE('',*,*,#12617,.T.);
#12617 = EDGE_CURVE('',#12588,#12618,#12620,.T.);
#12618 = VERTEX_POINT('',#12619);
#12619 = CARTESIAN_POINT('',(8.110892213262,-11.37446898854,
    5.37190680611));
#12620 = SURFACE_CURVE('',#12621,(#12626,#12638),.PCURVE_S1.);
#12621 = ELLIPSE('',#12622,17.505028537006,12.65);
#12622 = AXIS2_PLACEMENT_3D('',#12623,#12624,#12625);
#12623 = CARTESIAN_POINT('',(0.,0.,0.));
#12624 = DIRECTION('',(0.35023508396,-0.183999904326,-0.918411357275));
#12625 = DIRECTION('',(0.903464460311,-0.192367790736,0.383075191107));
#12626 = PCURVE('',#9411,#12627);
#12627 = DEFINITIONAL_REPRESENTATION('',(#12628),#12637);
#12628 = B_SPLINE_CURVE_WITH_KNOTS('',7,(#12629,#12630,#12631,#12632,
    #12633,#12634,#12635,#12636),.UNSPECIFIED.,.F.,.F.,(8,8),(0.,
    0.848416996945),.PIECEWISE_BEZIER_KNOTS.);
#12629 = CARTESIAN_POINT('',(1.227330102153E-02,4.099732397098));
#12630 = CARTESIAN_POINT('',(0.133475729157,4.099732397098));
#12631 = CARTESIAN_POINT('',(0.254678157292,3.892362633553));
#12632 = CARTESIAN_POINT('',(0.375880585427,3.47762403156));
#12633 = CARTESIAN_POINT('',(0.497083013562,2.86297628471));
#12634 = CARTESIAN_POINT('',(0.618285441697,2.063356195808));
#12635 = CARTESIAN_POINT('',(0.739487869832,1.100231314349));
#12636 = CARTESIAN_POINT('',(0.860690297967,-6.000002912288E-07));
#12637 = ( GEOMETRIC_REPRESENTATION_CONTEXT(2) 
PARAMETRIC_REPRESENTATION_CONTEXT() REPRESENTATION_CONTEXT('2D SPACE',''
  ) );
#12638 = PCURVE('',#12047,#12639);
#12639 = DEFINITIONAL_REPRESENTATION('',(#12640),#12649);
#12640 = B_SPLINE_CURVE_WITH_KNOTS('',7,(#12641,#12642,#12643,#12644,
    #12645,#12646,#12647,#12648),.UNSPECIFIED.,.F.,.F.,(8,8),(0.,
    0.848416996945),.PIECEWISE_BEZIER_KNOTS.);
#12641 = CARTESIAN_POINT('',(6.013738838689,4.099732397098));
#12642 = CARTESIAN_POINT('',(5.892536410554,4.099732397098));
#12643 = CARTESIAN_POINT('',(5.771333982418,3.892362633553));
#12644 = CARTESIAN_POINT('',(5.650131554286,3.477624031559));
#12645 = CARTESIAN_POINT('',(5.528929126146,2.862976284711));
#12646 = CARTESIAN_POINT('',(5.407726698014,2.063356195808));
#12647 = CARTESIAN_POINT('',(5.286524269879,1.100231314349));
#12648 = CARTESIAN_POINT('',(5.165321841744,-6.00000362283E-07));
#12649 = ( GEOMETRIC_REPRESENTATION_CONTEXT(2) 
PARAMETRIC_REPRESENTATION_CONTEXT() REPRESENTATION_CONTEXT('2D SPACE',''
  ) );
#12650 = ORIENTED_EDGE('',*,*,#12651,.T.);
#12651 = EDGE_CURVE('',#12618,#12652,#12654,.T.);
#12652 = VERTEX_POINT('',#12653);
#12653 = CARTESIAN_POINT('',(6.648311070865,8.,-10.76208436619));
#12654 = SURFACE_CURVE('',#12655,(#12660,#12667),.PCURVE_S1.);
#12655 = CIRCLE('',#12656,12.65);
#12656 = AXIS2_PLACEMENT_3D('',#12657,#12658,#12659);
#12657 = CARTESIAN_POINT('',(7.020680705401,-2.127479001637,
    -3.191218502455));
#12658 = DIRECTION('',(0.877585088175,-0.265934875205,-0.398902312807));
#12659 = DIRECTION('',(0.413802944301,-2.775557561563E-17,0.910366477463
    ));
#12660 = PCURVE('',#9411,#12661);
#12661 = DEFINITIONAL_REPRESENTATION('',(#12662),#12666);
#12662 = LINE('',#12663,#12664);
#12663 = CARTESIAN_POINT('',(0.,0.));
#12664 = VECTOR('',#12665,1.);
#12665 = DIRECTION('',(1.,0.));
#12666 = ( GEOMETRIC_REPRESENTATION_CONTEXT(2) 
PARAMETRIC_REPRESENTATION_CONTEXT() REPRESENTATION_CONTEXT('2D SPACE',''
  ) );
#12667 = PCURVE('',#12668,#12673);
#12668 = PLANE('',#12669);
#12669 = AXIS2_PLACEMENT_3D('',#12670,#12671,#12672);
#12670 = CARTESIAN_POINT('',(7.020680705401,-2.127479001637,
    -3.191218502455));
#12671 = DIRECTION('',(0.877585088175,-0.265934875205,-0.398902312807));
#12672 = DIRECTION('',(0.413802944301,-1.387778780781E-17,0.910366477463
    ));
#12673 = DEFINITIONAL_REPRESENTATION('',(#12674),#12678);
#12674 = CIRCLE('',#12675,12.65);
#12675 = AXIS2_PLACEMENT_2D('',#12676,#12677);
#12676 = CARTESIAN_POINT('',(0.,0.));
#12677 = DIRECTION('',(1.,2.775557561563E-17));
#12678 = ( GEOMETRIC_REPRESENTATION_CONTEXT(2) 
PARAMETRIC_REPRESENTATION_CONTEXT() REPRESENTATION_CONTEXT('2D SPACE',''
  ) );
#12679 = ORIENTED_EDGE('',*,*,#12680,.F.);
#12680 = EDGE_CURVE('',#12681,#12652,#12683,.T.);
#12681 = VERTEX_POINT('',#12682);
#12682 = CARTESIAN_POINT('',(11.516135939902,9.632791030513,
    -5.23460724541));
#12683 = SURFACE_CURVE('',#12684,(#12689,#12700),.PCURVE_S1.);
#12684 = ELLIPSE('',#12685,15.900099466278,12.65);
#12685 = AXIS2_PLACEMENT_3D('',#12686,#12687,#12688);
#12686 = CARTESIAN_POINT('',(0.,0.,0.));
#12687 = DIRECTION('',(-0.551529256605,0.795592507256,0.250695116639));
#12688 = DIRECTION('',(0.724280748327,0.60583212394,-0.329218521967));
#12689 = PCURVE('',#9411,#12690);
#12690 = DEFINITIONAL_REPRESENTATION('',(#12691),#12699);
#12691 = B_SPLINE_CURVE_WITH_KNOTS('',6,(#12692,#12693,#12694,#12695,
    #12696,#12697,#12698),.UNSPECIFIED.,.F.,.F.,(7,7),(0.,0.590797859002
    ),.PIECEWISE_BEZIER_KNOTS.);
#12692 = CARTESIAN_POINT('',(4.712388980385,1.632791030513));
#12693 = CARTESIAN_POINT('',(4.613922670551,1.632791030513));
#12694 = CARTESIAN_POINT('',(4.515456360717,1.520716113809));
#12695 = CARTESIAN_POINT('',(4.416990050884,1.29656576367));
#12696 = CARTESIAN_POINT('',(4.31852374105,0.963601608684));
#12697 = CARTESIAN_POINT('',(4.220057431217,0.528339492791));
#12698 = CARTESIAN_POINT('',(4.121591121383,-6.000030623454E-07));
#12699 = ( GEOMETRIC_REPRESENTATION_CONTEXT(2) 
PARAMETRIC_REPRESENTATION_CONTEXT() REPRESENTATION_CONTEXT('2D SPACE',''
  ) );
#12700 = PCURVE('',#10136,#12701);
#12701 = DEFINITIONAL_REPRESENTATION('',(#12702),#12710);
#12702 = B_SPLINE_CURVE_WITH_KNOTS('',6,(#12703,#12704,#12705,#12706,
    #12707,#12708,#12709),.UNSPECIFIED.,.F.,.F.,(7,7),(0.,0.590797859002
    ),.PIECEWISE_BEZIER_KNOTS.);
#12703 = CARTESIAN_POINT('',(1.997423819922,1.632791030513));
#12704 = CARTESIAN_POINT('',(2.095890129755,1.632791030513));
#12705 = CARTESIAN_POINT('',(2.194356439589,1.520716113809));
#12706 = CARTESIAN_POINT('',(2.292822749422,1.29656576367));
#12707 = CARTESIAN_POINT('',(2.391289059256,0.963601608684));
#12708 = CARTESIAN_POINT('',(2.48975536909,0.528339492791));
#12709 = CARTESIAN_POINT('',(2.588221678923,-6.000030623454E-07));
#12710 = ( GEOMETRIC_REPRESENTATION_CONTEXT(2) 
PARAMETRIC_REPRESENTATION_CONTEXT() REPRESENTATION_CONTEXT('2D SPACE',''
  ) );
#12711 = ORIENTED_EDGE('',*,*,#12712,.F.);
#12712 = EDGE_CURVE('',#12713,#12681,#12715,.T.);
#12713 = VERTEX_POINT('',#12714);
#12714 = CARTESIAN_POINT('',(12.479911938932,8.,2.067437543556));
#12715 = SURFACE_CURVE('',#12716,(#12721,#12732),.PCURVE_S1.);
#12716 = ELLIPSE('',#12717,15.900099466278,12.65);
#12717 = AXIS2_PLACEMENT_3D('',#12718,#12719,#12720);
#12718 = CARTESIAN_POINT('',(0.,0.,0.));
#12719 = DIRECTION('',(-0.551529256605,0.795592507256,0.250695116639));
#12720 = DIRECTION('',(0.724280748327,0.60583212394,-0.329218521967));
#12721 = PCURVE('',#9411,#12722);
#12722 = DEFINITIONAL_REPRESENTATION('',(#12723),#12731);
#12723 = B_SPLINE_CURVE_WITH_KNOTS('',6,(#12724,#12725,#12726,#12727,
    #12728,#12729,#12730),.UNSPECIFIED.,.F.,.F.,(7,7),(5.692387448178,
    6.28318530718),.PIECEWISE_BEZIER_KNOTS.);
#12724 = CARTESIAN_POINT('',(5.303186839386,-6.000030339237E-07));
#12725 = CARTESIAN_POINT('',(5.204720529553,0.528339492791));
#12726 = CARTESIAN_POINT('',(5.106254219719,0.963601608684));
#12727 = CARTESIAN_POINT('',(5.007787909885,1.29656576367));
#12728 = CARTESIAN_POINT('',(4.909321600052,1.520716113809));
#12729 = CARTESIAN_POINT('',(4.810855290218,1.632791030513));
#12730 = CARTESIAN_POINT('',(4.712388980385,1.632791030513));
#12731 = ( GEOMETRIC_REPRESENTATION_CONTEXT(2) 
PARAMETRIC_REPRESENTATION_CONTEXT() REPRESENTATION_CONTEXT('2D SPACE',''
  ) );
#12732 = PCURVE('',#10136,#12733);
#12733 = DEFINITIONAL_REPRESENTATION('',(#12734),#12742);
#12734 = B_SPLINE_CURVE_WITH_KNOTS('',6,(#12735,#12736,#12737,#12738,
    #12739,#12740,#12741),.UNSPECIFIED.,.F.,.F.,(7,7),(5.692387448178,
    6.28318530718),.PIECEWISE_BEZIER_KNOTS.);
#12735 = CARTESIAN_POINT('',(1.40662596092,-6.000030623454E-07));
#12736 = CARTESIAN_POINT('',(1.505092270754,0.528339492791));
#12737 = CARTESIAN_POINT('',(1.603558580587,0.963601608684));
#12738 = CARTESIAN_POINT('',(1.702024890421,1.29656576367));
#12739 = CARTESIAN_POINT('',(1.800491200255,1.520716113809));
#12740 = CARTESIAN_POINT('',(1.898957510088,1.632791030513));
#12741 = CARTESIAN_POINT('',(1.997423819922,1.632791030513));
#12742 = ( GEOMETRIC_REPRESENTATION_CONTEXT(2) 
PARAMETRIC_REPRESENTATION_CONTEXT() REPRESENTATION_CONTEXT('2D SPACE',''
  ) );
#12743 = ORIENTED_EDGE('',*,*,#12744,.T.);
#12744 = EDGE_CURVE('',#12713,#12745,#12747,.T.);
#12745 = VERTEX_POINT('',#12746);
#12746 = CARTESIAN_POINT('',(12.802193320714,6.921605330522,
    3.495386363129));
#12747 = SURFACE_CURVE('',#12748,(#12753,#12760),.PCURVE_S1.);
#12748 = CIRCLE('',#12749,12.65);
#12749 = AXIS2_PLACEMENT_3D('',#12750,#12751,#12752);
#12750 = CARTESIAN_POINT('',(7.020680705401,-2.127479001637,
    -3.191218502455));
#12751 = DIRECTION('',(0.877585088175,-0.265934875205,-0.398902312807));
#12752 = DIRECTION('',(0.413802944301,-2.775557561563E-17,0.910366477463
    ));
#12753 = PCURVE('',#9411,#12754);
#12754 = DEFINITIONAL_REPRESENTATION('',(#12755),#12759);
#12755 = LINE('',#12756,#12757);
#12756 = CARTESIAN_POINT('',(0.,0.));
#12757 = VECTOR('',#12758,1.);
#12758 = DIRECTION('',(1.,0.));
#12759 = ( GEOMETRIC_REPRESENTATION_CONTEXT(2) 
PARAMETRIC_REPRESENTATION_CONTEXT() REPRESENTATION_CONTEXT('2D SPACE',''
  ) );
#12760 = PCURVE('',#12668,#12761);
#12761 = DEFINITIONAL_REPRESENTATION('',(#12762),#12766);
#12762 = CIRCLE('',#12763,12.65);
#12763 = AXIS2_PLACEMENT_2D('',#12764,#12765);
#12764 = CARTESIAN_POINT('',(0.,0.));
#12765 = DIRECTION('',(1.,2.775557561563E-17));
#12766 = ( GEOMETRIC_REPRESENTATION_CONTEXT(2) 
PARAMETRIC_REPRESENTATION_CONTEXT() REPRESENTATION_CONTEXT('2D SPACE',''
  ) );
#12767 = ORIENTED_EDGE('',*,*,#12768,.T.);
#12768 = EDGE_CURVE('',#12745,#12533,#12769,.T.);
#12769 = SURFACE_CURVE('',#12770,(#12775,#12786),.PCURVE_S1.);
#12770 = ELLIPSE('',#12771,17.505028537006,12.65);
#12771 = AXIS2_PLACEMENT_3D('',#12772,#12773,#12774);
#12772 = CARTESIAN_POINT('',(0.,0.,0.));
#12773 = DIRECTION('',(0.35023508396,-0.183999904326,-0.918411357275));
#12774 = DIRECTION('',(0.903464460311,-0.192367790736,0.383075191107));
#12775 = PCURVE('',#9411,#12776);
#12776 = DEFINITIONAL_REPRESENTATION('',(#12777),#12785);
#12777 = B_SPLINE_CURVE_WITH_KNOTS('',6,(#12778,#12779,#12780,#12781,
    #12782,#12783,#12784),.UNSPECIFIED.,.F.,.F.,(7,7),(5.434768310235,
    6.013738838689),.PIECEWISE_BEZIER_KNOTS.);
#12778 = CARTESIAN_POINT('',(5.447041611256,-6.000004475482E-07));
#12779 = CARTESIAN_POINT('',(5.543536699332,0.875946995377));
#12780 = CARTESIAN_POINT('',(5.640031787408,1.662505930993));
#12781 = CARTESIAN_POINT('',(5.736526875483,2.344996265132));
#12782 = CARTESIAN_POINT('',(5.833021963559,2.91122916665));
#12783 = CARTESIAN_POINT('',(5.929517051635,3.35235130336));
#12784 = CARTESIAN_POINT('',(6.02601213971,3.663154607514));
#12785 = ( GEOMETRIC_REPRESENTATION_CONTEXT(2) 
PARAMETRIC_REPRESENTATION_CONTEXT() REPRESENTATION_CONTEXT('2D SPACE',''
  ) );
#12786 = PCURVE('',#12047,#12787);
#12787 = DEFINITIONAL_REPRESENTATION('',(#12788),#12796);
#12788 = B_SPLINE_CURVE_WITH_KNOTS('',6,(#12789,#12790,#12791,#12792,
    #12793,#12794,#12795),.UNSPECIFIED.,.F.,.F.,(7,7),(5.434768310235,
    6.013738838689),.PIECEWISE_BEZIER_KNOTS.);
#12789 = CARTESIAN_POINT('',(0.578970528454,-6.000005328133E-07));
#12790 = CARTESIAN_POINT('',(0.482475440378,0.875946995377));
#12791 = CARTESIAN_POINT('',(0.385980352303,1.662505930994));
#12792 = CARTESIAN_POINT('',(0.289485264227,2.344996265131));
#12793 = CARTESIAN_POINT('',(0.192990176151,2.911229166651));
#12794 = CARTESIAN_POINT('',(9.649508807568E-02,3.35235130336));
#12795 = CARTESIAN_POINT('',(-2.6645352591E-15,3.663154607514));
#12796 = ( GEOMETRIC_REPRESENTATION_CONTEXT(2) 
PARAMETRIC_REPRESENTATION_CONTEXT() REPRESENTATION_CONTEXT('2D SPACE',''
  ) );
#12797 = FACE_BOUND('',#12798,.F.);
#12798 = EDGE_LOOP('',(#12799));
#12799 = ORIENTED_EDGE('',*,*,#9450,.F.);
#12800 = FACE_BOUND('',#12801,.F.);
#12801 = EDGE_LOOP('',(#12802));
#12802 = ORIENTED_EDGE('',*,*,#9652,.T.);
#12803 = ADVANCED_FACE('',(#12804),#9942,.T.);
#12804 = FACE_BOUND('',#12805,.T.);
#12805 = EDGE_LOOP('',(#12806,#12807,#12808));
#12806 = ORIENTED_EDGE('',*,*,#10231,.T.);
#12807 = ORIENTED_EDGE('',*,*,#9925,.T.);
#12808 = ORIENTED_EDGE('',*,*,#12809,.F.);
#12809 = EDGE_CURVE('',#9955,#9926,#12810,.T.);
#12810 = SURFACE_CURVE('',#12811,(#12816,#12823),.PCURVE_S1.);
#12811 = ELLIPSE('',#12812,21.701542443901,12.65);
#12812 = AXIS2_PLACEMENT_3D('',#12813,#12814,#12815);
#12813 = CARTESIAN_POINT('',(0.,13.724295616696,0.));
#12814 = DIRECTION('',(0.81253825063,-0.582907875452,0.));
#12815 = DIRECTION('',(0.582907875452,0.81253825063,0.));
#12816 = PCURVE('',#9942,#12817);
#12817 = DEFINITIONAL_REPRESENTATION('',(#12818),#12822);
#12818 = ELLIPSE('',#12819,21.701542443901,12.65);
#12819 = AXIS2_PLACEMENT_2D('',#12820,#12821);
#12820 = CARTESIAN_POINT('',(-19.78112114638,8.19585332115));
#12821 = DIRECTION('',(1.,0.));
#12822 = ( GEOMETRIC_REPRESENTATION_CONTEXT(2) 
PARAMETRIC_REPRESENTATION_CONTEXT() REPRESENTATION_CONTEXT('2D SPACE',''
  ) );
#12823 = PCURVE('',#10136,#12824);
#12824 = DEFINITIONAL_REPRESENTATION('',(#12825),#12832);
#12825 = B_SPLINE_CURVE_WITH_KNOTS('',5,(#12826,#12827,#12828,#12829,
    #12830,#12831),.UNSPECIFIED.,.F.,.F.,(6,6),(5.553854930269,
    5.911368639861),.PIECEWISE_BEZIER_KNOTS.);
#12826 = CARTESIAN_POINT('',(2.300126703705,18.872075486208));
#12827 = CARTESIAN_POINT('',(2.228623961787,19.712256524311));
#12828 = CARTESIAN_POINT('',(2.157121219869,20.468413636907));
#12829 = CARTESIAN_POINT('',(2.08561847795,21.131591634167));
#12830 = CARTESIAN_POINT('',(2.014115736032,21.694652456163));
#12831 = CARTESIAN_POINT('',(1.942612994114,22.152723402834));
#12832 = ( GEOMETRIC_REPRESENTATION_CONTEXT(2) 
PARAMETRIC_REPRESENTATION_CONTEXT() REPRESENTATION_CONTEXT('2D SPACE',''
  ) );
#12833 = ADVANCED_FACE('',(#12834,#13138,#13142,#13170,#13173),#10136,
  .F.);
#12834 = FACE_BOUND('',#12835,.F.);
#12835 = EDGE_LOOP('',(#12836,#12865,#12866,#12867,#12891,#12923,#12955,
    #12987,#13019,#13051,#13072,#13073,#13074,#13106));
#12836 = ORIENTED_EDGE('',*,*,#12837,.T.);
#12837 = EDGE_CURVE('',#12838,#12713,#12840,.T.);
#12838 = VERTEX_POINT('',#12839);
#12839 = CARTESIAN_POINT('',(12.069367946695,8.,3.788516512737));
#12840 = SURFACE_CURVE('',#12841,(#12846,#12853),.PCURVE_S1.);
#12841 = CIRCLE('',#12842,12.65);
#12842 = AXIS2_PLACEMENT_3D('',#12843,#12844,#12845);
#12843 = CARTESIAN_POINT('',(0.,8.,0.));
#12844 = DIRECTION('',(0.,1.,0.));
#12845 = DIRECTION('',(0.,-0.,1.));
#12846 = PCURVE('',#10136,#12847);
#12847 = DEFINITIONAL_REPRESENTATION('',(#12848),#12852);
#12848 = LINE('',#12849,#12850);
#12849 = CARTESIAN_POINT('',(0.,0.));
#12850 = VECTOR('',#12851,1.);
#12851 = DIRECTION('',(1.,0.));
#12852 = ( GEOMETRIC_REPRESENTATION_CONTEXT(2) 
PARAMETRIC_REPRESENTATION_CONTEXT() REPRESENTATION_CONTEXT('2D SPACE',''
  ) );
#12853 = PCURVE('',#12854,#12859);
#12854 = PLANE('',#12855);
#12855 = AXIS2_PLACEMENT_3D('',#12856,#12857,#12858);
#12856 = CARTESIAN_POINT('',(0.,8.,0.));
#12857 = DIRECTION('',(0.,1.,0.));
#12858 = DIRECTION('',(0.,-0.,1.));
#12859 = DEFINITIONAL_REPRESENTATION('',(#12860),#12864);
#12860 = CIRCLE('',#12861,12.65);
#12861 = AXIS2_PLACEMENT_2D('',#12862,#12863);
#12862 = CARTESIAN_POINT('',(0.,0.));
#12863 = DIRECTION('',(1.,0.));
#12864 = ( GEOMETRIC_REPRESENTATION_CONTEXT(2) 
PARAMETRIC_REPRESENTATION_CONTEXT() REPRESENTATION_CONTEXT('2D SPACE',''
  ) );
#12865 = ORIENTED_EDGE('',*,*,#12712,.T.);
#12866 = ORIENTED_EDGE('',*,*,#12680,.T.);
#12867 = ORIENTED_EDGE('',*,*,#12868,.T.);
#12868 = EDGE_CURVE('',#12652,#12869,#12871,.T.);
#12869 = VERTEX_POINT('',#12870);
#12870 = CARTESIAN_POINT('',(-6.648311070865,8.,-10.76208436619));
#12871 = SURFACE_CURVE('',#12872,(#12877,#12884),.PCURVE_S1.);
#12872 = CIRCLE('',#12873,12.65);
#12873 = AXIS2_PLACEMENT_3D('',#12874,#12875,#12876);
#12874 = CARTESIAN_POINT('',(0.,8.,0.));
#12875 = DIRECTION('',(0.,1.,0.));
#12876 = DIRECTION('',(0.,-0.,1.));
#12877 = PCURVE('',#10136,#12878);
#12878 = DEFINITIONAL_REPRESENTATION('',(#12879),#12883);
#12879 = LINE('',#12880,#12881);
#12880 = CARTESIAN_POINT('',(0.,0.));
#12881 = VECTOR('',#12882,1.);
#12882 = DIRECTION('',(1.,0.));
#12883 = ( GEOMETRIC_REPRESENTATION_CONTEXT(2) 
PARAMETRIC_REPRESENTATION_CONTEXT() REPRESENTATION_CONTEXT('2D SPACE',''
  ) );
#12884 = PCURVE('',#12854,#12885);
#12885 = DEFINITIONAL_REPRESENTATION('',(#12886),#12890);
#12886 = CIRCLE('',#12887,12.65);
#12887 = AXIS2_PLACEMENT_2D('',#12888,#12889);
#12888 = CARTESIAN_POINT('',(0.,0.));
#12889 = DIRECTION('',(1.,0.));
#12890 = ( GEOMETRIC_REPRESENTATION_CONTEXT(2) 
PARAMETRIC_REPRESENTATION_CONTEXT() REPRESENTATION_CONTEXT('2D SPACE',''
  ) );
#12891 = ORIENTED_EDGE('',*,*,#12892,.T.);
#12892 = EDGE_CURVE('',#12869,#12893,#12895,.T.);
#12893 = VERTEX_POINT('',#12894);
#12894 = CARTESIAN_POINT('',(-11.5161359399,9.632791030513,
    -5.23460724541));
#12895 = SURFACE_CURVE('',#12896,(#12901,#12912),.PCURVE_S1.);
#12896 = ELLIPSE('',#12897,15.900099466278,12.65);
#12897 = AXIS2_PLACEMENT_3D('',#12898,#12899,#12900);
#12898 = CARTESIAN_POINT('',(0.,0.,0.));
#12899 = DIRECTION('',(0.551529256605,0.795592507256,0.250695116639));
#12900 = DIRECTION('',(-0.724280748327,0.60583212394,-0.329218521967));
#12901 = PCURVE('',#10136,#12902);
#12902 = DEFINITIONAL_REPRESENTATION('',(#12903),#12911);
#12903 = B_SPLINE_CURVE_WITH_KNOTS('',6,(#12904,#12905,#12906,#12907,
    #12908,#12909,#12910),.UNSPECIFIED.,.F.,.F.,(7,7),(5.692387448178,
    6.28318530718),.PIECEWISE_BEZIER_KNOTS.);
#12904 = CARTESIAN_POINT('',(3.694963628256,-6.000030623454E-07));
#12905 = CARTESIAN_POINT('',(3.79342993809,0.528339492791));
#12906 = CARTESIAN_POINT('',(3.891896247923,0.963601608684));
#12907 = CARTESIAN_POINT('',(3.990362557757,1.29656576367));
#12908 = CARTESIAN_POINT('',(4.088828867591,1.520716113809));
#12909 = CARTESIAN_POINT('',(4.187295177424,1.632791030513));
#12910 = CARTESIAN_POINT('',(4.285761487258,1.632791030513));
#12911 = ( GEOMETRIC_REPRESENTATION_CONTEXT(2) 
PARAMETRIC_REPRESENTATION_CONTEXT() REPRESENTATION_CONTEXT('2D SPACE',''
  ) );
#12912 = PCURVE('',#11109,#12913);
#12913 = DEFINITIONAL_REPRESENTATION('',(#12914),#12922);
#12914 = B_SPLINE_CURVE_WITH_KNOTS('',6,(#12915,#12916,#12917,#12918,
    #12919,#12920,#12921),.UNSPECIFIED.,.F.,.F.,(7,7),(5.692387448178,
    6.28318530718),.PIECEWISE_BEZIER_KNOTS.);
#12915 = CARTESIAN_POINT('',(5.303186839386,-6.000030623454E-07));
#12916 = CARTESIAN_POINT('',(5.204720529553,0.528339492791));
#12917 = CARTESIAN_POINT('',(5.106254219719,0.963601608684));
#12918 = CARTESIAN_POINT('',(5.007787909886,1.29656576367));
#12919 = CARTESIAN_POINT('',(4.909321600052,1.520716113809));
#12920 = CARTESIAN_POINT('',(4.810855290218,1.632791030513));
#12921 = CARTESIAN_POINT('',(4.712388980385,1.632791030513));
#12922 = ( GEOMETRIC_REPRESENTATION_CONTEXT(2) 
PARAMETRIC_REPRESENTATION_CONTEXT() REPRESENTATION_CONTEXT('2D SPACE',''
  ) );
#12923 = ORIENTED_EDGE('',*,*,#12924,.T.);
#12924 = EDGE_CURVE('',#12893,#12925,#12927,.T.);
#12925 = VERTEX_POINT('',#12926);
#12926 = CARTESIAN_POINT('',(-12.62196560891,8.48470718817,
    0.841715015574));
#12927 = SURFACE_CURVE('',#12928,(#12933,#12944),.PCURVE_S1.);
#12928 = ELLIPSE('',#12929,15.900099466278,12.65);
#12929 = AXIS2_PLACEMENT_3D('',#12930,#12931,#12932);
#12930 = CARTESIAN_POINT('',(0.,0.,0.));
#12931 = DIRECTION('',(0.551529256605,0.795592507256,0.250695116639));
#12932 = DIRECTION('',(-0.724280748327,0.60583212394,-0.329218521967));
#12933 = PCURVE('',#10136,#12934);
#12934 = DEFINITIONAL_REPRESENTATION('',(#12935),#12943);
#12935 = B_SPLINE_CURVE_WITH_KNOTS('',6,(#12936,#12937,#12938,#12939,
    #12940,#12941,#12942),.UNSPECIFIED.,.F.,.F.,(7,7),(0.,0.590797859002
    ),.PIECEWISE_BEZIER_KNOTS.);
#12936 = CARTESIAN_POINT('',(4.285761487258,1.632791030513));
#12937 = CARTESIAN_POINT('',(4.384227797091,1.632791030513));
#12938 = CARTESIAN_POINT('',(4.482694106925,1.520716113809));
#12939 = CARTESIAN_POINT('',(4.581160416759,1.29656576367));
#12940 = CARTESIAN_POINT('',(4.679626726592,0.963601608684));
#12941 = CARTESIAN_POINT('',(4.778093036426,0.528339492791));
#12942 = CARTESIAN_POINT('',(4.876559346259,-6.000030339237E-07));
#12943 = ( GEOMETRIC_REPRESENTATION_CONTEXT(2) 
PARAMETRIC_REPRESENTATION_CONTEXT() REPRESENTATION_CONTEXT('2D SPACE',''
  ) );
#12944 = PCURVE('',#11109,#12945);
#12945 = DEFINITIONAL_REPRESENTATION('',(#12946),#12954);
#12946 = B_SPLINE_CURVE_WITH_KNOTS('',6,(#12947,#12948,#12949,#12950,
    #12951,#12952,#12953),.UNSPECIFIED.,.F.,.F.,(7,7),(0.,0.590797859002
    ),.PIECEWISE_BEZIER_KNOTS.);
#12947 = CARTESIAN_POINT('',(4.712388980385,1.632791030513));
#12948 = CARTESIAN_POINT('',(4.613922670551,1.632791030513));
#12949 = CARTESIAN_POINT('',(4.515456360717,1.520716113809));
#12950 = CARTESIAN_POINT('',(4.416990050884,1.29656576367));
#12951 = CARTESIAN_POINT('',(4.31852374105,0.963601608684));
#12952 = CARTESIAN_POINT('',(4.220057431217,0.528339492791));
#12953 = CARTESIAN_POINT('',(4.121591121383,-6.000030339237E-07));
#12954 = ( GEOMETRIC_REPRESENTATION_CONTEXT(2) 
PARAMETRIC_REPRESENTATION_CONTEXT() REPRESENTATION_CONTEXT('2D SPACE',''
  ) );
#12955 = ORIENTED_EDGE('',*,*,#12956,.T.);
#12956 = EDGE_CURVE('',#12925,#12957,#12959,.T.);
#12957 = VERTEX_POINT('',#12958);
#12958 = CARTESIAN_POINT('',(-8.81433890593,11.420011445472,
    9.073584167869));
#12959 = SURFACE_CURVE('',#12960,(#12965,#12976),.PCURVE_S1.);
#12960 = ELLIPSE('',#12961,17.042275711146,12.65);
#12961 = AXIS2_PLACEMENT_3D('',#12962,#12963,#12964);
#12962 = CARTESIAN_POINT('',(0.,0.,0.));
#12963 = DIRECTION('',(0.466915371174,0.742271760791,-0.480648176209));
#12964 = DIRECTION('',(-0.517204336752,0.670098972639,0.53241622901));
#12965 = PCURVE('',#10136,#12966);
#12966 = DEFINITIONAL_REPRESENTATION('',(#12967),#12975);
#12967 = B_SPLINE_CURVE_WITH_KNOTS('',6,(#12968,#12969,#12970,#12971,
    #12972,#12973,#12974),.UNSPECIFIED.,.F.,.F.,(7,7),(5.488521383887,
    6.28318530718),.PIECEWISE_BEZIER_KNOTS.);
#12968 = CARTESIAN_POINT('',(4.717614959555,-6.000004475482E-07));
#12969 = CARTESIAN_POINT('',(4.850058946771,1.07937053194));
#12970 = CARTESIAN_POINT('',(4.982502933986,1.990343046153));
#12971 = CARTESIAN_POINT('',(5.114946921201,2.69884456877));
#12972 = CARTESIAN_POINT('',(5.247390908417,3.17962464809));
#12973 = CARTESIAN_POINT('',(5.379834895632,3.420011445472));
#12974 = CARTESIAN_POINT('',(5.512278882848,3.420011445472));
#12975 = ( GEOMETRIC_REPRESENTATION_CONTEXT(2) 
PARAMETRIC_REPRESENTATION_CONTEXT() REPRESENTATION_CONTEXT('2D SPACE',''
  ) );
#12976 = PCURVE('',#11596,#12977);
#12977 = DEFINITIONAL_REPRESENTATION('',(#12978),#12986);
#12978 = B_SPLINE_CURVE_WITH_KNOTS('',6,(#12979,#12980,#12981,#12982,
    #12983,#12984,#12985),.UNSPECIFIED.,.F.,.F.,(7,7),(5.488521383887,
    6.28318530718),.PIECEWISE_BEZIER_KNOTS.);
#12979 = CARTESIAN_POINT('',(2.365460250087,-6.00000362283E-07));
#12980 = CARTESIAN_POINT('',(2.233016262872,1.07937053194));
#12981 = CARTESIAN_POINT('',(2.100572275656,1.990343046153));
#12982 = CARTESIAN_POINT('',(1.968128288441,2.69884456877));
#12983 = CARTESIAN_POINT('',(1.835684301226,3.17962464809));
#12984 = CARTESIAN_POINT('',(1.70324031401,3.420011445472));
#12985 = CARTESIAN_POINT('',(1.570796326795,3.420011445472));
#12986 = ( GEOMETRIC_REPRESENTATION_CONTEXT(2) 
PARAMETRIC_REPRESENTATION_CONTEXT() REPRESENTATION_CONTEXT('2D SPACE',''
  ) );
#12987 = ORIENTED_EDGE('',*,*,#12988,.T.);
#12988 = EDGE_CURVE('',#12957,#12989,#12991,.T.);
#12989 = VERTEX_POINT('',#12990);
#12990 = CARTESIAN_POINT('',(-3.420081860054,10.037635772428,
    12.178897325724));
#12991 = SURFACE_CURVE('',#12992,(#12997,#13008),.PCURVE_S1.);
#12992 = ELLIPSE('',#12993,17.042275711146,12.65);
#12993 = AXIS2_PLACEMENT_3D('',#12994,#12995,#12996);
#12994 = CARTESIAN_POINT('',(0.,0.,0.));
#12995 = DIRECTION('',(0.466915371174,0.742271760791,-0.480648176209));
#12996 = DIRECTION('',(-0.517204336752,0.670098972639,0.53241622901));
#12997 = PCURVE('',#10136,#12998);
#12998 = DEFINITIONAL_REPRESENTATION('',(#12999),#13007);
#12999 = B_SPLINE_CURVE_WITH_KNOTS('',6,(#13000,#13001,#13002,#13003,
    #13004,#13005,#13006),.UNSPECIFIED.,.F.,.F.,(7,7),(0.,0.770906424332
    ),.PIECEWISE_BEZIER_KNOTS.);
#13000 = CARTESIAN_POINT('',(5.512278882848,3.420011445472));
#13001 = CARTESIAN_POINT('',(5.640763286903,3.420011445472));
#13002 = CARTESIAN_POINT('',(5.769247690958,3.193782994232));
#13003 = CARTESIAN_POINT('',(5.897732095013,2.741320997054));
#13004 = CARTESIAN_POINT('',(6.026216499069,2.073846375795));
#13005 = CARTESIAN_POINT('',(6.154700903124,1.213727750274));
#13006 = CARTESIAN_POINT('',(6.28318530718,0.191338739014));
#13007 = ( GEOMETRIC_REPRESENTATION_CONTEXT(2) 
PARAMETRIC_REPRESENTATION_CONTEXT() REPRESENTATION_CONTEXT('2D SPACE',''
  ) );
#13008 = PCURVE('',#11596,#13009);
#13009 = DEFINITIONAL_REPRESENTATION('',(#13010),#13018);
#13010 = B_SPLINE_CURVE_WITH_KNOTS('',6,(#13011,#13012,#13013,#13014,
    #13015,#13016,#13017),.UNSPECIFIED.,.F.,.F.,(7,7),(0.,0.770906424332
    ),.PIECEWISE_BEZIER_KNOTS.);
#13011 = CARTESIAN_POINT('',(1.570796326795,3.420011445472));
#13012 = CARTESIAN_POINT('',(1.44231192274,3.420011445472));
#13013 = CARTESIAN_POINT('',(1.313827518684,3.193782994231));
#13014 = CARTESIAN_POINT('',(1.185343114629,2.741320997054));
#13015 = CARTESIAN_POINT('',(1.056858710574,2.073846375794));
#13016 = CARTESIAN_POINT('',(0.928374306518,1.213727750274));
#13017 = CARTESIAN_POINT('',(0.799889902463,0.191338739014));
#13018 = ( GEOMETRIC_REPRESENTATION_CONTEXT(2) 
PARAMETRIC_REPRESENTATION_CONTEXT() REPRESENTATION_CONTEXT('2D SPACE',''
  ) );
#13019 = ORIENTED_EDGE('',*,*,#13020,.T.);
#13020 = EDGE_CURVE('',#12989,#13021,#13023,.T.);
#13021 = VERTEX_POINT('',#13022);
#13022 = CARTESIAN_POINT('',(-3.098356401843E-15,11.745230139699,12.65)
  );
#13023 = SURFACE_CURVE('',#13024,(#13029,#13040),.PCURVE_S1.);
#13024 = ELLIPSE('',#13025,17.88980156402,12.65);
#13025 = AXIS2_PLACEMENT_3D('',#13026,#13027,#13028);
#13026 = CARTESIAN_POINT('',(0.,0.,0.));
#13027 = DIRECTION('',(-0.262612865719,0.707106781187,-0.656532164299));
#13028 = DIRECTION('',(0.262612865719,0.707106781187,0.656532164299));
#13029 = PCURVE('',#10136,#13030);
#13030 = DEFINITIONAL_REPRESENTATION('',(#13031),#13039);
#13031 = B_SPLINE_CURVE_WITH_KNOTS('',6,(#13032,#13033,#13034,#13035,
    #13036,#13037,#13038),.UNSPECIFIED.,.F.,.F.,(7,7),(5.39705071964,
    5.902678930067),.PIECEWISE_BEZIER_KNOTS.);
#13032 = CARTESIAN_POINT('',(5.777557096753,-5.999997938488E-07));
#13033 = CARTESIAN_POINT('',(5.861828465157,0.825783605922));
#13034 = CARTESIAN_POINT('',(5.946099833562,1.583391772237));
#13035 = CARTESIAN_POINT('',(6.030371201966,2.262268457681));
#13036 = CARTESIAN_POINT('',(6.114642570371,2.853308110003));
#13037 = CARTESIAN_POINT('',(6.198913938775,3.349315493259));
#13038 = CARTESIAN_POINT('',(6.28318530718,3.745230139699));
#13039 = ( GEOMETRIC_REPRESENTATION_CONTEXT(2) 
PARAMETRIC_REPRESENTATION_CONTEXT() REPRESENTATION_CONTEXT('2D SPACE',''
  ) );
#13040 = PCURVE('',#12047,#13041);
#13041 = DEFINITIONAL_REPRESENTATION('',(#13042),#13050);
#13042 = B_SPLINE_CURVE_WITH_KNOTS('',6,(#13043,#13044,#13045,#13046,
    #13047,#13048,#13049),.UNSPECIFIED.,.F.,.F.,(7,7),(5.39705071964,
    5.902678930067),.PIECEWISE_BEZIER_KNOTS.);
#13043 = CARTESIAN_POINT('',(2.456930914334,-5.999998506923E-07));
#13044 = CARTESIAN_POINT('',(2.37265954593,0.825783605922));
#13045 = CARTESIAN_POINT('',(2.288388177525,1.583391772237));
#13046 = CARTESIAN_POINT('',(2.20411680912,2.26226845768));
#13047 = CARTESIAN_POINT('',(2.119845440716,2.853308110004));
#13048 = CARTESIAN_POINT('',(2.035574072312,3.349315493259));
#13049 = CARTESIAN_POINT('',(1.951302703907,3.745230139698));
#13050 = ( GEOMETRIC_REPRESENTATION_CONTEXT(2) 
PARAMETRIC_REPRESENTATION_CONTEXT() REPRESENTATION_CONTEXT('2D SPACE',''
  ) );
#13051 = ORIENTED_EDGE('',*,*,#13052,.T.);
#13052 = EDGE_CURVE('',#13021,#10270,#13053,.T.);
#13053 = SEAM_CURVE('',#13054,(#13058,#13065),.PCURVE_S1.);
#13054 = LINE('',#13055,#13056);
#13055 = CARTESIAN_POINT('',(-3.098356401843E-15,8.,12.65));
#13056 = VECTOR('',#13057,1.);
#13057 = DIRECTION('',(0.,1.,0.));
#13058 = PCURVE('',#10136,#13059);
#13059 = DEFINITIONAL_REPRESENTATION('',(#13060),#13064);
#13060 = LINE('',#13061,#13062);
#13061 = CARTESIAN_POINT('',(0.,-0.));
#13062 = VECTOR('',#13063,1.);
#13063 = DIRECTION('',(0.,1.));
#13064 = ( GEOMETRIC_REPRESENTATION_CONTEXT(2) 
PARAMETRIC_REPRESENTATION_CONTEXT() REPRESENTATION_CONTEXT('2D SPACE',''
  ) );
#13065 = PCURVE('',#10136,#13066);
#13066 = DEFINITIONAL_REPRESENTATION('',(#13067),#13071);
#13067 = LINE('',#13068,#13069);
#13068 = CARTESIAN_POINT('',(6.28318530718,-0.));
#13069 = VECTOR('',#13070,1.);
#13070 = DIRECTION('',(0.,1.));
#13071 = ( GEOMETRIC_REPRESENTATION_CONTEXT(2) 
PARAMETRIC_REPRESENTATION_CONTEXT() REPRESENTATION_CONTEXT('2D SPACE',''
  ) );
#13072 = ORIENTED_EDGE('',*,*,#10269,.F.);
#13073 = ORIENTED_EDGE('',*,*,#13052,.F.);
#13074 = ORIENTED_EDGE('',*,*,#13075,.T.);
#13075 = EDGE_CURVE('',#13021,#13076,#13078,.T.);
#13076 = VERTEX_POINT('',#13077);
#13077 = CARTESIAN_POINT('',(4.698092055879,12.65,11.745230139699));
#13078 = SURFACE_CURVE('',#13079,(#13084,#13095),.PCURVE_S1.);
#13079 = ELLIPSE('',#13080,17.88980156402,12.65);
#13080 = AXIS2_PLACEMENT_3D('',#13081,#13082,#13083);
#13081 = CARTESIAN_POINT('',(0.,0.,0.));
#13082 = DIRECTION('',(-0.262612865719,0.707106781187,-0.656532164299));
#13083 = DIRECTION('',(0.262612865719,0.707106781187,0.656532164299));
#13084 = PCURVE('',#10136,#13085);
#13085 = DEFINITIONAL_REPRESENTATION('',(#13086),#13094);
#13086 = B_SPLINE_CURVE_WITH_KNOTS('',6,(#13087,#13088,#13089,#13090,
    #13091,#13092,#13093),.UNSPECIFIED.,.F.,.F.,(7,7),(5.902678930067,
    6.28318530718),.PIECEWISE_BEZIER_KNOTS.);
#13087 = CARTESIAN_POINT('',(6.038209019305E-15,3.745230139699));
#13088 = CARTESIAN_POINT('',(6.341772951873E-02,4.043172470952));
#13089 = CARTESIAN_POINT('',(0.126835459037,4.284430320223));
#13090 = CARTESIAN_POINT('',(0.190253188556,4.46684683307));
#13091 = CARTESIAN_POINT('',(0.253670918075,4.588948951112));
#13092 = CARTESIAN_POINT('',(0.317088647594,4.65));
#13093 = CARTESIAN_POINT('',(0.380506377112,4.65));
#13094 = ( GEOMETRIC_REPRESENTATION_CONTEXT(2) 
PARAMETRIC_REPRESENTATION_CONTEXT() REPRESENTATION_CONTEXT('2D SPACE',''
  ) );
#13095 = PCURVE('',#12047,#13096);
#13096 = DEFINITIONAL_REPRESENTATION('',(#13097),#13105);
#13097 = B_SPLINE_CURVE_WITH_KNOTS('',6,(#13098,#13099,#13100,#13101,
    #13102,#13103,#13104),.UNSPECIFIED.,.F.,.F.,(7,7),(5.902678930067,
    6.28318530718),.PIECEWISE_BEZIER_KNOTS.);
#13098 = CARTESIAN_POINT('',(1.951302703907,3.745230139698));
#13099 = CARTESIAN_POINT('',(1.887884974389,4.043172470952));
#13100 = CARTESIAN_POINT('',(1.82446724487,4.284430320223));
#13101 = CARTESIAN_POINT('',(1.761049515351,4.466846833069));
#13102 = CARTESIAN_POINT('',(1.697631785832,4.588948951112));
#13103 = CARTESIAN_POINT('',(1.634214056314,4.65));
#13104 = CARTESIAN_POINT('',(1.570796326795,4.65));
#13105 = ( GEOMETRIC_REPRESENTATION_CONTEXT(2) 
PARAMETRIC_REPRESENTATION_CONTEXT() REPRESENTATION_CONTEXT('2D SPACE',''
  ) );
#13106 = ORIENTED_EDGE('',*,*,#13107,.T.);
#13107 = EDGE_CURVE('',#13076,#12838,#13108,.T.);
#13108 = SURFACE_CURVE('',#13109,(#13114,#13126),.PCURVE_S1.);
#13109 = ELLIPSE('',#13110,17.88980156402,12.65);
#13110 = AXIS2_PLACEMENT_3D('',#13111,#13112,#13113);
#13111 = CARTESIAN_POINT('',(0.,0.,0.));
#13112 = DIRECTION('',(-0.262612865719,0.707106781187,-0.656532164299));
#13113 = DIRECTION('',(0.262612865719,0.707106781187,0.656532164299));
#13114 = PCURVE('',#10136,#13115);
#13115 = DEFINITIONAL_REPRESENTATION('',(#13116),#13125);
#13116 = B_SPLINE_CURVE_WITH_KNOTS('',7,(#13117,#13118,#13119,#13120,
    #13121,#13122,#13123,#13124),.UNSPECIFIED.,.F.,.F.,(8,8),(0.,
    0.886134587539),.PIECEWISE_BEZIER_KNOTS.);
#13117 = CARTESIAN_POINT('',(0.380506377112,4.65));
#13118 = CARTESIAN_POINT('',(0.507097032475,4.65));
#13119 = CARTESIAN_POINT('',(0.633687687838,4.413494678934));
#13120 = CARTESIAN_POINT('',(0.760278343201,3.940485396208));
#13121 = CARTESIAN_POINT('',(0.886868998563,3.240252372801));
#13122 = CARTESIAN_POINT('',(1.013459653926,2.331381677053));
#13123 = CARTESIAN_POINT('',(1.140050309289,1.240474852044));
#13124 = CARTESIAN_POINT('',(1.266640964651,-5.999997370054E-07));
#13125 = ( GEOMETRIC_REPRESENTATION_CONTEXT(2) 
PARAMETRIC_REPRESENTATION_CONTEXT() REPRESENTATION_CONTEXT('2D SPACE',''
  ) );
#13126 = PCURVE('',#12047,#13127);
#13127 = DEFINITIONAL_REPRESENTATION('',(#13128),#13137);
#13128 = B_SPLINE_CURVE_WITH_KNOTS('',7,(#13129,#13130,#13131,#13132,
    #13133,#13134,#13135,#13136),.UNSPECIFIED.,.F.,.F.,(8,8),(0.,
    0.886134587539),.PIECEWISE_BEZIER_KNOTS.);
#13129 = CARTESIAN_POINT('',(1.570796326795,4.65));
#13130 = CARTESIAN_POINT('',(1.444205671432,4.65));
#13131 = CARTESIAN_POINT('',(1.317615016069,4.413494678933));
#13132 = CARTESIAN_POINT('',(1.191024360708,3.940485396211));
#13133 = CARTESIAN_POINT('',(1.064433705344,3.240252372799));
#13134 = CARTESIAN_POINT('',(0.937843049981,2.331381677053));
#13135 = CARTESIAN_POINT('',(0.811252394619,1.240474852044));
#13136 = CARTESIAN_POINT('',(0.684661739256,-5.999997370054E-07));
#13137 = ( GEOMETRIC_REPRESENTATION_CONTEXT(2) 
PARAMETRIC_REPRESENTATION_CONTEXT() REPRESENTATION_CONTEXT('2D SPACE',''
  ) );
#13138 = FACE_BOUND('',#13139,.F.);
#13139 = EDGE_LOOP('',(#13140,#13141));
#13140 = ORIENTED_EDGE('',*,*,#9954,.F.);
#13141 = ORIENTED_EDGE('',*,*,#12809,.F.);
#13142 = FACE_BOUND('',#13143,.F.);
#13143 = EDGE_LOOP('',(#13144,#13169));
#13144 = ORIENTED_EDGE('',*,*,#13145,.T.);
#13145 = EDGE_CURVE('',#10327,#10356,#13146,.T.);
#13146 = SURFACE_CURVE('',#13147,(#13152,#13162),.PCURVE_S1.);
#13147 = ELLIPSE('',#13148,21.701542443901,12.65);
#13148 = AXIS2_PLACEMENT_3D('',#13149,#13150,#13151);
#13149 = CARTESIAN_POINT('',(0.,13.724295616696,0.));
#13150 = DIRECTION('',(0.81253825063,0.582907875452,-0.));
#13151 = DIRECTION('',(-0.582907875452,0.81253825063,0.));
#13152 = PCURVE('',#10136,#13153);
#13153 = DEFINITIONAL_REPRESENTATION('',(#13154),#13161);
#13154 = B_SPLINE_CURVE_WITH_KNOTS('',5,(#13155,#13156,#13157,#13158,
    #13159,#13160),.UNSPECIFIED.,.F.,.F.,(6,6),(5.553854930269,
    5.911368639861),.PIECEWISE_BEZIER_KNOTS.);
#13155 = CARTESIAN_POINT('',(3.983058603475,18.872075486208));
#13156 = CARTESIAN_POINT('',(4.054561345393,19.712256524311));
#13157 = CARTESIAN_POINT('',(4.126064087311,20.468413636907));
#13158 = CARTESIAN_POINT('',(4.197566829229,21.131591634167));
#13159 = CARTESIAN_POINT('',(4.269069571147,21.694652456163));
#13160 = CARTESIAN_POINT('',(4.340572313066,22.152723402834));
#13161 = ( GEOMETRIC_REPRESENTATION_CONTEXT(2) 
PARAMETRIC_REPRESENTATION_CONTEXT() REPRESENTATION_CONTEXT('2D SPACE',''
  ) );
#13162 = PCURVE('',#10343,#13163);
#13163 = DEFINITIONAL_REPRESENTATION('',(#13164),#13168);
#13164 = ELLIPSE('',#13165,21.701542443901,12.65);
#13165 = AXIS2_PLACEMENT_2D('',#13166,#13167);
#13166 = CARTESIAN_POINT('',(-19.78112114638,8.19585332115));
#13167 = DIRECTION('',(1.,0.));
#13168 = ( GEOMETRIC_REPRESENTATION_CONTEXT(2) 
PARAMETRIC_REPRESENTATION_CONTEXT() REPRESENTATION_CONTEXT('2D SPACE',''
  ) );
#13169 = ORIENTED_EDGE('',*,*,#10355,.T.);
#13170 = FACE_BOUND('',#13171,.F.);
#13171 = EDGE_LOOP('',(#13172));
#13172 = ORIENTED_EDGE('',*,*,#10705,.F.);
#13173 = FACE_BOUND('',#13174,.F.);
#13174 = EDGE_LOOP('',(#13175));
#13175 = ORIENTED_EDGE('',*,*,#10871,.T.);
#13176 = ADVANCED_FACE('',(#13177),#10343,.F.);
#13177 = FACE_BOUND('',#13178,.F.);
#13178 = EDGE_LOOP('',(#13179,#13180,#13181));
#13179 = ORIENTED_EDGE('',*,*,#10326,.T.);
#13180 = ORIENTED_EDGE('',*,*,#10627,.T.);
#13181 = ORIENTED_EDGE('',*,*,#13145,.F.);
#13182 = ADVANCED_FACE('',(#13183,#13329,#13332),#11109,.F.);
#13183 = FACE_BOUND('',#13184,.F.);
#13184 = EDGE_LOOP('',(#13185,#13214,#13235,#13236,#13237,#13261,#13295,
    #13327,#13328));
#13185 = ORIENTED_EDGE('',*,*,#13186,.T.);
#13186 = EDGE_CURVE('',#12869,#13187,#13189,.T.);
#13187 = VERTEX_POINT('',#13188);
#13188 = CARTESIAN_POINT('',(-1.786073459991,-2.127479001637,
    -14.70735444235));
#13189 = SURFACE_CURVE('',#13190,(#13195,#13202),.PCURVE_S1.);
#13190 = CIRCLE('',#13191,12.65);
#13191 = AXIS2_PLACEMENT_3D('',#13192,#13193,#13194);
#13192 = CARTESIAN_POINT('',(-7.020680705401,-2.127479001637,
    -3.191218502455));
#13193 = DIRECTION('',(-0.877585088175,-0.265934875205,-0.398902312807)
  );
#13194 = DIRECTION('',(0.413802944301,2.775557561563E-17,-0.910366477463
    ));
#13195 = PCURVE('',#11109,#13196);
#13196 = DEFINITIONAL_REPRESENTATION('',(#13197),#13201);
#13197 = LINE('',#13198,#13199);
#13198 = CARTESIAN_POINT('',(0.,0.));
#13199 = VECTOR('',#13200,1.);
#13200 = DIRECTION('',(1.,0.));
#13201 = ( GEOMETRIC_REPRESENTATION_CONTEXT(2) 
PARAMETRIC_REPRESENTATION_CONTEXT() REPRESENTATION_CONTEXT('2D SPACE',''
  ) );
#13202 = PCURVE('',#13203,#13208);
#13203 = PLANE('',#13204);
#13204 = AXIS2_PLACEMENT_3D('',#13205,#13206,#13207);
#13205 = CARTESIAN_POINT('',(-7.020680705401,-2.127479001637,
    -3.191218502455));
#13206 = DIRECTION('',(-0.877585088175,-0.265934875205,-0.398902312807)
  );
#13207 = DIRECTION('',(0.413802944301,1.387778780781E-17,-0.910366477463
    ));
#13208 = DEFINITIONAL_REPRESENTATION('',(#13209),#13213);
#13209 = CIRCLE('',#13210,12.65);
#13210 = AXIS2_PLACEMENT_2D('',#13211,#13212);
#13211 = CARTESIAN_POINT('',(0.,0.));
#13212 = DIRECTION('',(1.,-2.775557561563E-17));
#13213 = ( GEOMETRIC_REPRESENTATION_CONTEXT(2) 
PARAMETRIC_REPRESENTATION_CONTEXT() REPRESENTATION_CONTEXT('2D SPACE',''
  ) );
#13214 = ORIENTED_EDGE('',*,*,#13215,.T.);
#13215 = EDGE_CURVE('',#13187,#11093,#13216,.T.);
#13216 = SEAM_CURVE('',#13217,(#13221,#13228),.PCURVE_S1.);
#13217 = LINE('',#13218,#13219);
#13218 = CARTESIAN_POINT('',(-1.786073459991,-2.127479001637,
    -14.70735444235));
#13219 = VECTOR('',#13220,1.);
#13220 = DIRECTION('',(-0.877585088175,-0.265934875205,-0.398902312807)
  );
#13221 = PCURVE('',#11109,#13222);
#13222 = DEFINITIONAL_REPRESENTATION('',(#13223),#13227);
#13223 = LINE('',#13224,#13225);
#13224 = CARTESIAN_POINT('',(0.,-0.));
#13225 = VECTOR('',#13226,1.);
#13226 = DIRECTION('',(0.,1.));
#13227 = ( GEOMETRIC_REPRESENTATION_CONTEXT(2) 
PARAMETRIC_REPRESENTATION_CONTEXT() REPRESENTATION_CONTEXT('2D SPACE',''
  ) );
#13228 = PCURVE('',#11109,#13229);
#13229 = DEFINITIONAL_REPRESENTATION('',(#13230),#13234);
#13230 = LINE('',#13231,#13232);
#13231 = CARTESIAN_POINT('',(6.28318530718,-0.));
#13232 = VECTOR('',#13233,1.);
#13233 = DIRECTION('',(0.,1.));
#13234 = ( GEOMETRIC_REPRESENTATION_CONTEXT(2) 
PARAMETRIC_REPRESENTATION_CONTEXT() REPRESENTATION_CONTEXT('2D SPACE',''
  ) );
#13235 = ORIENTED_EDGE('',*,*,#11092,.F.);
#13236 = ORIENTED_EDGE('',*,*,#13215,.F.);
#13237 = ORIENTED_EDGE('',*,*,#13238,.T.);
#13238 = EDGE_CURVE('',#13187,#13239,#13241,.T.);
#13239 = VERTEX_POINT('',#13240);
#13240 = CARTESIAN_POINT('',(-6.505280381322,-13.1381670801,
    3.015359503552));
#13241 = SURFACE_CURVE('',#13242,(#13247,#13254),.PCURVE_S1.);
#13242 = CIRCLE('',#13243,12.65);
#13243 = AXIS2_PLACEMENT_3D('',#13244,#13245,#13246);
#13244 = CARTESIAN_POINT('',(-7.020680705401,-2.127479001637,
    -3.191218502455));
#13245 = DIRECTION('',(-0.877585088175,-0.265934875205,-0.398902312807)
  );
#13246 = DIRECTION('',(0.413802944301,2.775557561563E-17,-0.910366477463
    ));
#13247 = PCURVE('',#11109,#13248);
#13248 = DEFINITIONAL_REPRESENTATION('',(#13249),#13253);
#13249 = LINE('',#13250,#13251);
#13250 = CARTESIAN_POINT('',(0.,0.));
#13251 = VECTOR('',#13252,1.);
#13252 = DIRECTION('',(1.,0.));
#13253 = ( GEOMETRIC_REPRESENTATION_CONTEXT(2) 
PARAMETRIC_REPRESENTATION_CONTEXT() REPRESENTATION_CONTEXT('2D SPACE',''
  ) );
#13254 = PCURVE('',#13203,#13255);
#13255 = DEFINITIONAL_REPRESENTATION('',(#13256),#13260);
#13256 = CIRCLE('',#13257,12.65);
#13257 = AXIS2_PLACEMENT_2D('',#13258,#13259);
#13258 = CARTESIAN_POINT('',(0.,0.));
#13259 = DIRECTION('',(1.,-2.775557561563E-17));
#13260 = ( GEOMETRIC_REPRESENTATION_CONTEXT(2) 
PARAMETRIC_REPRESENTATION_CONTEXT() REPRESENTATION_CONTEXT('2D SPACE',''
  ) );
#13261 = ORIENTED_EDGE('',*,*,#13262,.T.);
#13262 = EDGE_CURVE('',#13239,#13263,#13265,.T.);
#13263 = VERTEX_POINT('',#13264);
#13264 = CARTESIAN_POINT('',(-21.21810024772,-4.969306118078,
    4.250273821059));
#13265 = SURFACE_CURVE('',#13266,(#13271,#13283),.PCURVE_S1.);
#13266 = ELLIPSE('',#13267,22.202851370304,12.65);
#13267 = AXIS2_PLACEMENT_3D('',#13268,#13269,#13270);
#13268 = CARTESIAN_POINT('',(-5.329070518201E-15,0.,0.));
#13269 = DIRECTION('',(-0.161851676988,-0.143923745681,-0.976263279083)
  );
#13270 = DIRECTION('',(-0.95564753796,-0.223813871255,0.191429188539));
#13271 = PCURVE('',#11109,#13272);
#13272 = DEFINITIONAL_REPRESENTATION('',(#13273),#13282);
#13273 = B_SPLINE_CURVE_WITH_KNOTS('',7,(#13274,#13275,#13276,#13277,
    #13278,#13279,#13280,#13281),.UNSPECIFIED.,.F.,.F.,(8,8),(
    5.166244586389,6.28318530718),.PIECEWISE_BEZIER_KNOTS.);
#13274 = CARTESIAN_POINT('',(2.015068987406,-6.000003196505E-07));
#13275 = CARTESIAN_POINT('',(2.174631947519,2.616754685941));
#13276 = CARTESIAN_POINT('',(2.334194907632,4.995878800829));
#13277 = CARTESIAN_POINT('',(2.493757867745,7.028564419398));
#13278 = CARTESIAN_POINT('',(2.653320827859,8.620773596683));
#13279 = CARTESIAN_POINT('',(2.812883787972,9.704758002265));
#13280 = CARTESIAN_POINT('',(2.972446748084,10.246756121892));
#13281 = CARTESIAN_POINT('',(3.132009708197,10.246756121892));
#13282 = ( GEOMETRIC_REPRESENTATION_CONTEXT(2) 
PARAMETRIC_REPRESENTATION_CONTEXT() REPRESENTATION_CONTEXT('2D SPACE',''
  ) );
#13283 = PCURVE('',#11596,#13284);
#13284 = DEFINITIONAL_REPRESENTATION('',(#13285),#13294);
#13285 = B_SPLINE_CURVE_WITH_KNOTS('',7,(#13286,#13287,#13288,#13289,
    #13290,#13291,#13292,#13293),.UNSPECIFIED.,.F.,.F.,(8,8),(
    5.166244586389,6.28318530718),.PIECEWISE_BEZIER_KNOTS.);
#13286 = CARTESIAN_POINT('',(4.508202862188,-6.00000362283E-07));
#13287 = CARTESIAN_POINT('',(4.348639902075,2.616754685941));
#13288 = CARTESIAN_POINT('',(4.189076941962,4.995878800832));
#13289 = CARTESIAN_POINT('',(4.029513981848,7.028564419385));
#13290 = CARTESIAN_POINT('',(3.869951021737,8.620773596687));
#13291 = CARTESIAN_POINT('',(3.710388061622,9.704758002261));
#13292 = CARTESIAN_POINT('',(3.55082510151,10.246756121892));
#13293 = CARTESIAN_POINT('',(3.391262141397,10.246756121892));
#13294 = ( GEOMETRIC_REPRESENTATION_CONTEXT(2) 
PARAMETRIC_REPRESENTATION_CONTEXT() REPRESENTATION_CONTEXT('2D SPACE',''
  ) );
#13295 = ORIENTED_EDGE('',*,*,#13296,.T.);
#13296 = EDGE_CURVE('',#13263,#12925,#13297,.T.);
#13297 = SURFACE_CURVE('',#13298,(#13303,#13315),.PCURVE_S1.);
#13298 = ELLIPSE('',#13299,22.202851370304,12.65);
#13299 = AXIS2_PLACEMENT_3D('',#13300,#13301,#13302);
#13300 = CARTESIAN_POINT('',(-5.329070518201E-15,0.,0.));
#13301 = DIRECTION('',(-0.161851676988,-0.143923745681,-0.976263279083)
  );
#13302 = DIRECTION('',(-0.95564753796,-0.223813871255,0.191429188539));
#13303 = PCURVE('',#11109,#13304);
#13304 = DEFINITIONAL_REPRESENTATION('',(#13305),#13314);
#13305 = B_SPLINE_CURVE_WITH_KNOTS('',7,(#13306,#13307,#13308,#13309,
    #13310,#13311,#13312,#13313),.UNSPECIFIED.,.F.,.F.,(8,8),(0.,
    1.116940720791),.PIECEWISE_BEZIER_KNOTS.);
#13306 = CARTESIAN_POINT('',(3.132009708197,10.246756121892));
#13307 = CARTESIAN_POINT('',(3.29157266831,10.246756121892));
#13308 = CARTESIAN_POINT('',(3.451135628424,9.70475800226));
#13309 = CARTESIAN_POINT('',(3.610698588534,8.620773596695));
#13310 = CARTESIAN_POINT('',(3.770261548654,7.028564419383));
#13311 = CARTESIAN_POINT('',(3.929824508761,4.995878800833));
#13312 = CARTESIAN_POINT('',(4.089387468876,2.616754685941));
#13313 = CARTESIAN_POINT('',(4.248950428989,-6.000004191264E-07));
#13314 = ( GEOMETRIC_REPRESENTATION_CONTEXT(2) 
PARAMETRIC_REPRESENTATION_CONTEXT() REPRESENTATION_CONTEXT('2D SPACE',''
  ) );
#13315 = PCURVE('',#11596,#13316);
#13316 = DEFINITIONAL_REPRESENTATION('',(#13317),#13326);
#13317 = B_SPLINE_CURVE_WITH_KNOTS('',7,(#13318,#13319,#13320,#13321,
    #13322,#13323,#13324,#13325),.UNSPECIFIED.,.F.,.F.,(8,8),(0.,
    1.116940720791),.PIECEWISE_BEZIER_KNOTS.);
#13318 = CARTESIAN_POINT('',(3.391262141397,10.246756121892));
#13319 = CARTESIAN_POINT('',(3.231699181284,10.246756121892));
#13320 = CARTESIAN_POINT('',(3.072136221171,9.704758002263));
#13321 = CARTESIAN_POINT('',(2.912573261057,8.620773596683));
#13322 = CARTESIAN_POINT('',(2.753010300945,7.028564419395));
#13323 = CARTESIAN_POINT('',(2.593447340831,4.995878800828));
#13324 = CARTESIAN_POINT('',(2.433884380719,2.616754685941));
#13325 = CARTESIAN_POINT('',(2.274321420606,-6.000004191264E-07));
#13326 = ( GEOMETRIC_REPRESENTATION_CONTEXT(2) 
PARAMETRIC_REPRESENTATION_CONTEXT() REPRESENTATION_CONTEXT('2D SPACE',''
  ) );
#13327 = ORIENTED_EDGE('',*,*,#12924,.F.);
#13328 = ORIENTED_EDGE('',*,*,#12892,.F.);
#13329 = FACE_BOUND('',#13330,.F.);
#13330 = EDGE_LOOP('',(#13331));
#13331 = ORIENTED_EDGE('',*,*,#11124,.T.);
#13332 = FACE_BOUND('',#13333,.F.);
#13333 = EDGE_LOOP('',(#13334));
#13334 = ORIENTED_EDGE('',*,*,#11374,.F.);
#13335 = ADVANCED_FACE('',(#13336,#13492,#13495),#11596,.F.);
#13336 = FACE_BOUND('',#13337,.F.);
#13337 = EDGE_LOOP('',(#13338,#13374,#13395,#13396,#13397,#13427,#13461,
    #13462,#13463,#13464,#13465));
#13338 = ORIENTED_EDGE('',*,*,#13339,.T.);
#13339 = EDGE_CURVE('',#13340,#13342,#13344,.T.);
#13340 = VERTEX_POINT('',#13341);
#13341 = CARTESIAN_POINT('',(-0.638538241606,-12.03777723862,
    8.871678988058));
#13342 = VERTEX_POINT('',#13343);
#13343 = CARTESIAN_POINT('',(-4.387901595983,-1.97963025939,
    22.67175072166));
#13344 = SURFACE_CURVE('',#13345,(#13350,#13362),.PCURVE_S1.);
#13345 = ELLIPSE('',#13346,23.193961578931,12.65);
#13346 = AXIS2_PLACEMENT_3D('',#13347,#13348,#13349);
#13347 = CARTESIAN_POINT('',(-2.6645352591E-15,0.,0.));
#13348 = DIRECTION('',(-0.975931189857,-9.344941888654E-02,
    -0.197041921364));
#13349 = DIRECTION('',(-0.191943992144,-6.080751024524E-02,
    0.979520265527));
#13350 = PCURVE('',#11596,#13351);
#13351 = DEFINITIONAL_REPRESENTATION('',(#13352),#13361);
#13352 = B_SPLINE_CURVE_WITH_KNOTS('',7,(#13353,#13354,#13355,#13356,
    #13357,#13358,#13359,#13360),.UNSPECIFIED.,.F.,.F.,(8,8),(
    5.136498844665,6.237770653271),.PIECEWISE_BEZIER_KNOTS.);
#13353 = CARTESIAN_POINT('',(5.181913498573,-6.000005328133E-07));
#13354 = CARTESIAN_POINT('',(5.33923804266,2.78751935525));
#13355 = CARTESIAN_POINT('',(5.496562586747,5.344028615142));
#13356 = CARTESIAN_POINT('',(5.653887130833,7.556847283771));
#13357 = CARTESIAN_POINT('',(5.81121167492,9.327254397031));
#13358 = CARTESIAN_POINT('',(5.968536219006,10.582068603917));
#13359 = CARTESIAN_POINT('',(6.125860763093,11.281714037624));
#13360 = CARTESIAN_POINT('',(6.28318530718,11.420566345115));
#13361 = ( GEOMETRIC_REPRESENTATION_CONTEXT(2) 
PARAMETRIC_REPRESENTATION_CONTEXT() REPRESENTATION_CONTEXT('2D SPACE',''
  ) );
#13362 = PCURVE('',#12047,#13363);
#13363 = DEFINITIONAL_REPRESENTATION('',(#13364),#13373);
#13364 = B_SPLINE_CURVE_WITH_KNOTS('',7,(#13365,#13366,#13367,#13368,
    #13369,#13370,#13371,#13372),.UNSPECIFIED.,.F.,.F.,(8,8),(
    5.136498844665,6.237770653271),.PIECEWISE_BEZIER_KNOTS.);
#13365 = CARTESIAN_POINT('',(4.400002864278,-6.000005896567E-07));
#13366 = CARTESIAN_POINT('',(4.242678320191,2.78751935525));
#13367 = CARTESIAN_POINT('',(4.085353776104,5.344028615142));
#13368 = CARTESIAN_POINT('',(3.928029232021,7.556847283767));
#13369 = CARTESIAN_POINT('',(3.770704687932,9.327254397036));
#13370 = CARTESIAN_POINT('',(3.613380143846,10.582068603916));
#13371 = CARTESIAN_POINT('',(3.456055599758,11.281714037624));
#13372 = CARTESIAN_POINT('',(3.298731055672,11.420566345115));
#13373 = ( GEOMETRIC_REPRESENTATION_CONTEXT(2) 
PARAMETRIC_REPRESENTATION_CONTEXT() REPRESENTATION_CONTEXT('2D SPACE',''
  ) );
#13374 = ORIENTED_EDGE('',*,*,#13375,.T.);
#13375 = EDGE_CURVE('',#13342,#11580,#13376,.T.);
#13376 = SEAM_CURVE('',#13377,(#13381,#13388),.PCURVE_S1.);
#13377 = LINE('',#13378,#13379);
#13378 = CARTESIAN_POINT('',(3.528334652635,-0.815477869887,
    14.522683995141));
#13379 = VECTOR('',#13380,1.);
#13380 = DIRECTION('',(-0.693156189404,-0.101934733736,0.713543136151));
#13381 = PCURVE('',#11596,#13382);
#13382 = DEFINITIONAL_REPRESENTATION('',(#13383),#13387);
#13383 = LINE('',#13384,#13385);
#13384 = CARTESIAN_POINT('',(0.,-0.));
#13385 = VECTOR('',#13386,1.);
#13386 = DIRECTION('',(0.,1.));
#13387 = ( GEOMETRIC_REPRESENTATION_CONTEXT(2) 
PARAMETRIC_REPRESENTATION_CONTEXT() REPRESENTATION_CONTEXT('2D SPACE',''
  ) );
#13388 = PCURVE('',#11596,#13389);
#13389 = DEFINITIONAL_REPRESENTATION('',(#13390),#13394);
#13390 = LINE('',#13391,#13392);
#13391 = CARTESIAN_POINT('',(6.28318530718,-0.));
#13392 = VECTOR('',#13393,1.);
#13393 = DIRECTION('',(0.,1.));
#13394 = ( GEOMETRIC_REPRESENTATION_CONTEXT(2) 
PARAMETRIC_REPRESENTATION_CONTEXT() REPRESENTATION_CONTEXT('2D SPACE',''
  ) );
#13395 = ORIENTED_EDGE('',*,*,#11579,.F.);
#13396 = ORIENTED_EDGE('',*,*,#13375,.F.);
#13397 = ORIENTED_EDGE('',*,*,#13398,.T.);
#13398 = EDGE_CURVE('',#13342,#13399,#13401,.T.);
#13399 = VERTEX_POINT('',#13400);
#13400 = CARTESIAN_POINT('',(-4.451941579084,-1.410367056338,
    22.718955404414));
#13401 = SURFACE_CURVE('',#13402,(#13407,#13417),.PCURVE_S1.);
#13402 = ELLIPSE('',#13403,23.193961578931,12.65);
#13403 = AXIS2_PLACEMENT_3D('',#13404,#13405,#13406);
#13404 = CARTESIAN_POINT('',(-2.6645352591E-15,0.,0.));
#13405 = DIRECTION('',(-0.975931189857,-9.344941888654E-02,
    -0.197041921364));
#13406 = DIRECTION('',(-0.191943992144,-6.080751024524E-02,
    0.979520265527));
#13407 = PCURVE('',#11596,#13408);
#13408 = DEFINITIONAL_REPRESENTATION('',(#13409),#13416);
#13409 = B_SPLINE_CURVE_WITH_KNOTS('',5,(#13410,#13411,#13412,#13413,
    #13414,#13415),.UNSPECIFIED.,.F.,.F.,(6,6),(6.237770653271,
    6.28318530718),.PIECEWISE_BEZIER_KNOTS.);
#13410 = CARTESIAN_POINT('',(0.,11.420566345115));
#13411 = CARTESIAN_POINT('',(9.082930781776E-03,11.428582805008));
#13412 = CARTESIAN_POINT('',(1.816586156355E-02,11.434596527946));
#13413 = CARTESIAN_POINT('',(2.724879234533E-02,11.43860613607));
#13414 = CARTESIAN_POINT('',(3.63317231271E-02,11.440610940115));
#13415 = CARTESIAN_POINT('',(4.541465390888E-02,11.440610940115));
#13416 = ( GEOMETRIC_REPRESENTATION_CONTEXT(2) 
PARAMETRIC_REPRESENTATION_CONTEXT() REPRESENTATION_CONTEXT('2D SPACE',''
  ) );
#13417 = PCURVE('',#12047,#13418);
#13418 = DEFINITIONAL_REPRESENTATION('',(#13419),#13426);
#13419 = B_SPLINE_CURVE_WITH_KNOTS('',5,(#13420,#13421,#13422,#13423,
    #13424,#13425),.UNSPECIFIED.,.F.,.F.,(6,6),(6.237770653271,
    6.28318530718),.PIECEWISE_BEZIER_KNOTS.);
#13420 = CARTESIAN_POINT('',(3.298731055672,11.420566345115));
#13421 = CARTESIAN_POINT('',(3.28964812489,11.428582805008));
#13422 = CARTESIAN_POINT('',(3.280565194108,11.434596527945));
#13423 = CARTESIAN_POINT('',(3.271482263327,11.43860613607));
#13424 = CARTESIAN_POINT('',(3.262399332545,11.440610940115));
#13425 = CARTESIAN_POINT('',(3.253316401763,11.440610940115));
#13426 = ( GEOMETRIC_REPRESENTATION_CONTEXT(2) 
PARAMETRIC_REPRESENTATION_CONTEXT() REPRESENTATION_CONTEXT('2D SPACE',''
  ) );
#13427 = ORIENTED_EDGE('',*,*,#13428,.T.);
#13428 = EDGE_CURVE('',#13399,#12989,#13429,.T.);
#13429 = SURFACE_CURVE('',#13430,(#13435,#13448),.PCURVE_S1.);
#13430 = ELLIPSE('',#13431,23.193961578931,12.65);
#13431 = AXIS2_PLACEMENT_3D('',#13432,#13433,#13434);
#13432 = CARTESIAN_POINT('',(-2.6645352591E-15,0.,0.));
#13433 = DIRECTION('',(-0.975931189857,-9.344941888654E-02,
    -0.197041921364));
#13434 = DIRECTION('',(-0.191943992144,-6.080751024524E-02,
    0.979520265527));
#13435 = PCURVE('',#11596,#13436);
#13436 = DEFINITIONAL_REPRESENTATION('',(#13437),#13447);
#13437 = B_SPLINE_CURVE_WITH_KNOTS('',8,(#13438,#13439,#13440,#13441,
    #13442,#13443,#13444,#13445,#13446),.UNSPECIFIED.,.F.,.F.,(9,9),(0.,
    1.146686462515),.PIECEWISE_BEZIER_KNOTS.);
#13438 = CARTESIAN_POINT('',(4.541465390888E-02,11.440610940115));
#13439 = CARTESIAN_POINT('',(0.188750461723,11.440610940115));
#13440 = CARTESIAN_POINT('',(0.332086269538,10.984141941083));
#13441 = CARTESIAN_POINT('',(0.475422077353,10.071204271935));
#13442 = CARTESIAN_POINT('',(0.618757885165,8.721803439381));
#13443 = CARTESIAN_POINT('',(0.76209369298,6.975956892878));
#13444 = CARTESIAN_POINT('',(0.905429500795,4.891485333149));
#13445 = CARTESIAN_POINT('',(1.04876530861,2.539663041831));
#13446 = CARTESIAN_POINT('',(1.192101116424,-6.000006465001E-07));
#13447 = ( GEOMETRIC_REPRESENTATION_CONTEXT(2) 
PARAMETRIC_REPRESENTATION_CONTEXT() REPRESENTATION_CONTEXT('2D SPACE',''
  ) );
#13448 = PCURVE('',#12047,#13449);
#13449 = DEFINITIONAL_REPRESENTATION('',(#13450),#13460);
#13450 = B_SPLINE_CURVE_WITH_KNOTS('',8,(#13451,#13452,#13453,#13454,
    #13455,#13456,#13457,#13458,#13459),.UNSPECIFIED.,.F.,.F.,(9,9),(0.,
    1.146686462515),.PIECEWISE_BEZIER_KNOTS.);
#13451 = CARTESIAN_POINT('',(3.253316401763,11.440610940115));
#13452 = CARTESIAN_POINT('',(3.109980593949,11.440610940115));
#13453 = CARTESIAN_POINT('',(2.966644786133,10.984141941082));
#13454 = CARTESIAN_POINT('',(2.823308978322,10.071204271939));
#13455 = CARTESIAN_POINT('',(2.679973170498,8.721803439381));
#13456 = CARTESIAN_POINT('',(2.536637362689,6.975956892897));
#13457 = CARTESIAN_POINT('',(2.393301554876,4.891485333153));
#13458 = CARTESIAN_POINT('',(2.249965747062,2.539663041831));
#13459 = CARTESIAN_POINT('',(2.106629939248,-6.000007033435E-07));
#13460 = ( GEOMETRIC_REPRESENTATION_CONTEXT(2) 
PARAMETRIC_REPRESENTATION_CONTEXT() REPRESENTATION_CONTEXT('2D SPACE',''
  ) );
#13461 = ORIENTED_EDGE('',*,*,#12988,.F.);
#13462 = ORIENTED_EDGE('',*,*,#12956,.F.);
#13463 = ORIENTED_EDGE('',*,*,#13296,.F.);
#13464 = ORIENTED_EDGE('',*,*,#13262,.F.);
#13465 = ORIENTED_EDGE('',*,*,#13466,.T.);
#13466 = EDGE_CURVE('',#13239,#13340,#13467,.T.);
#13467 = SURFACE_CURVE('',#13468,(#13473,#13480),.PCURVE_S1.);
#13468 = CIRCLE('',#13469,12.65);
#13469 = AXIS2_PLACEMENT_3D('',#13470,#13471,#13472);
#13470 = CARTESIAN_POINT('',(-5.545249515234,-0.815477869887,
    5.708345089211));
#13471 = DIRECTION('',(-0.693156189404,-0.101934733736,0.713543136151));
#13472 = DIRECTION('',(0.717279380859,-6.938893903907E-18,0.696785684263
    ));
#13473 = PCURVE('',#11596,#13474);
#13474 = DEFINITIONAL_REPRESENTATION('',(#13475),#13479);
#13475 = LINE('',#13476,#13477);
#13476 = CARTESIAN_POINT('',(0.,0.));
#13477 = VECTOR('',#13478,1.);
#13478 = DIRECTION('',(1.,0.));
#13479 = ( GEOMETRIC_REPRESENTATION_CONTEXT(2) 
PARAMETRIC_REPRESENTATION_CONTEXT() REPRESENTATION_CONTEXT('2D SPACE',''
  ) );
#13480 = PCURVE('',#13481,#13486);
#13481 = PLANE('',#13482);
#13482 = AXIS2_PLACEMENT_3D('',#13483,#13484,#13485);
#13483 = CARTESIAN_POINT('',(-5.545249515234,-0.815477869887,
    5.708345089211));
#13484 = DIRECTION('',(-0.693156189404,-0.101934733736,0.713543136151));
#13485 = DIRECTION('',(0.717279380859,6.938893903907E-18,0.696785684263)
  );
#13486 = DEFINITIONAL_REPRESENTATION('',(#13487),#13491);
#13487 = CIRCLE('',#13488,12.65);
#13488 = AXIS2_PLACEMENT_2D('',#13489,#13490);
#13489 = CARTESIAN_POINT('',(0.,0.));
#13490 = DIRECTION('',(1.,-6.938893903907E-18));
#13491 = ( GEOMETRIC_REPRESENTATION_CONTEXT(2) 
PARAMETRIC_REPRESENTATION_CONTEXT() REPRESENTATION_CONTEXT('2D SPACE',''
  ) );
#13492 = FACE_BOUND('',#13493,.F.);
#13493 = EDGE_LOOP('',(#13494));
#13494 = ORIENTED_EDGE('',*,*,#11635,.F.);
#13495 = FACE_BOUND('',#13496,.F.);
#13496 = EDGE_LOOP('',(#13497));
#13497 = ORIENTED_EDGE('',*,*,#11819,.T.);
#13498 = ADVANCED_FACE('',(#13499,#13583,#13586),#12047,.F.);
#13499 = FACE_BOUND('',#13500,.F.);
#13500 = EDGE_LOOP('',(#13501,#13522,#13523,#13524,#13525,#13552,#13553,
    #13554,#13555,#13556,#13557,#13558,#13580,#13581,#13582));
#13501 = ORIENTED_EDGE('',*,*,#13502,.T.);
#13502 = EDGE_CURVE('',#12533,#12031,#13503,.T.);
#13503 = SEAM_CURVE('',#13504,(#13508,#13515),.PCURVE_S1.);
#13504 = LINE('',#13505,#13506);
#13505 = CARTESIAN_POINT('',(14.716355550531,0.,2.729721471203));
#13506 = VECTOR('',#13507,1.);
#13507 = DIRECTION('',(0.371390676354,0.,0.928476690885));
#13508 = PCURVE('',#12047,#13509);
#13509 = DEFINITIONAL_REPRESENTATION('',(#13510),#13514);
#13510 = LINE('',#13511,#13512);
#13511 = CARTESIAN_POINT('',(6.28318530718,-0.));
#13512 = VECTOR('',#13513,1.);
#13513 = DIRECTION('',(0.,1.));
#13514 = ( GEOMETRIC_REPRESENTATION_CONTEXT(2) 
PARAMETRIC_REPRESENTATION_CONTEXT() REPRESENTATION_CONTEXT('2D SPACE',''
  ) );
#13515 = PCURVE('',#12047,#13516);
#13516 = DEFINITIONAL_REPRESENTATION('',(#13517),#13521);
#13517 = LINE('',#13518,#13519);
#13518 = CARTESIAN_POINT('',(0.,-0.));
#13519 = VECTOR('',#13520,1.);
#13520 = DIRECTION('',(0.,1.));
#13521 = ( GEOMETRIC_REPRESENTATION_CONTEXT(2) 
PARAMETRIC_REPRESENTATION_CONTEXT() REPRESENTATION_CONTEXT('2D SPACE',''
  ) );
#13522 = ORIENTED_EDGE('',*,*,#12030,.F.);
#13523 = ORIENTED_EDGE('',*,*,#13502,.F.);
#13524 = ORIENTED_EDGE('',*,*,#12768,.F.);
#13525 = ORIENTED_EDGE('',*,*,#13526,.T.);
#13526 = EDGE_CURVE('',#12745,#12838,#13527,.T.);
#13527 = SURFACE_CURVE('',#13528,(#13533,#13540),.PCURVE_S1.);
#13528 = CIRCLE('',#13529,12.65);
#13529 = AXIS2_PLACEMENT_3D('',#13530,#13531,#13532);
#13530 = CARTESIAN_POINT('',(2.971125410833,0.,7.427813527082));
#13531 = DIRECTION('',(0.371390676354,0.,0.928476690885));
#13532 = DIRECTION('',(0.928476690885,0.,-0.371390676354));
#13533 = PCURVE('',#12047,#13534);
#13534 = DEFINITIONAL_REPRESENTATION('',(#13535),#13539);
#13535 = LINE('',#13536,#13537);
#13536 = CARTESIAN_POINT('',(0.,0.));
#13537 = VECTOR('',#13538,1.);
#13538 = DIRECTION('',(1.,0.));
#13539 = ( GEOMETRIC_REPRESENTATION_CONTEXT(2) 
PARAMETRIC_REPRESENTATION_CONTEXT() REPRESENTATION_CONTEXT('2D SPACE',''
  ) );
#13540 = PCURVE('',#13541,#13546);
#13541 = PLANE('',#13542);
#13542 = AXIS2_PLACEMENT_3D('',#13543,#13544,#13545);
#13543 = CARTESIAN_POINT('',(2.971125410833,0.,7.427813527082));
#13544 = DIRECTION('',(0.371390676354,0.,0.928476690885));
#13545 = DIRECTION('',(0.928476690885,0.,-0.371390676354));
#13546 = DEFINITIONAL_REPRESENTATION('',(#13547),#13551);
#13547 = CIRCLE('',#13548,12.65);
#13548 = AXIS2_PLACEMENT_2D('',#13549,#13550);
#13549 = CARTESIAN_POINT('',(0.,0.));
#13550 = DIRECTION('',(1.,0.));
#13551 = ( GEOMETRIC_REPRESENTATION_CONTEXT(2) 
PARAMETRIC_REPRESENTATION_CONTEXT() REPRESENTATION_CONTEXT('2D SPACE',''
  ) );
#13552 = ORIENTED_EDGE('',*,*,#13107,.F.);
#13553 = ORIENTED_EDGE('',*,*,#13075,.F.);
#13554 = ORIENTED_EDGE('',*,*,#13020,.F.);
#13555 = ORIENTED_EDGE('',*,*,#13428,.F.);
#13556 = ORIENTED_EDGE('',*,*,#13398,.F.);
#13557 = ORIENTED_EDGE('',*,*,#13339,.F.);
#13558 = ORIENTED_EDGE('',*,*,#13559,.T.);
#13559 = EDGE_CURVE('',#13340,#12618,#13560,.T.);
#13560 = SURFACE_CURVE('',#13561,(#13566,#13573),.PCURVE_S1.);
#13561 = CIRCLE('',#13562,12.65);
#13562 = AXIS2_PLACEMENT_3D('',#13563,#13564,#13565);
#13563 = CARTESIAN_POINT('',(2.971125410833,0.,7.427813527082));
#13564 = DIRECTION('',(0.371390676354,0.,0.928476690885));
#13565 = DIRECTION('',(0.928476690885,0.,-0.371390676354));
#13566 = PCURVE('',#12047,#13567);
#13567 = DEFINITIONAL_REPRESENTATION('',(#13568),#13572);
#13568 = LINE('',#13569,#13570);
#13569 = CARTESIAN_POINT('',(0.,0.));
#13570 = VECTOR('',#13571,1.);
#13571 = DIRECTION('',(1.,0.));
#13572 = ( GEOMETRIC_REPRESENTATION_CONTEXT(2) 
PARAMETRIC_REPRESENTATION_CONTEXT() REPRESENTATION_CONTEXT('2D SPACE',''
  ) );
#13573 = PCURVE('',#13541,#13574);
#13574 = DEFINITIONAL_REPRESENTATION('',(#13575),#13579);
#13575 = CIRCLE('',#13576,12.65);
#13576 = AXIS2_PLACEMENT_2D('',#13577,#13578);
#13577 = CARTESIAN_POINT('',(0.,0.));
#13578 = DIRECTION('',(1.,0.));
#13579 = ( GEOMETRIC_REPRESENTATION_CONTEXT(2) 
PARAMETRIC_REPRESENTATION_CONTEXT() REPRESENTATION_CONTEXT('2D SPACE',''
  ) );
#13580 = ORIENTED_EDGE('',*,*,#12617,.F.);
#13581 = ORIENTED_EDGE('',*,*,#12587,.F.);
#13582 = ORIENTED_EDGE('',*,*,#12532,.F.);
#13583 = FACE_BOUND('',#13584,.F.);
#13584 = EDGE_LOOP('',(#13585));
#13585 = ORIENTED_EDGE('',*,*,#12086,.F.);
#13586 = FACE_BOUND('',#13587,.F.);
#13587 = EDGE_LOOP('',(#13588));
#13588 = ORIENTED_EDGE('',*,*,#12297,.T.);
#13589 = ADVANCED_FACE('',(#13590),#12668,.T.);
#13590 = FACE_BOUND('',#13591,.T.);
#13591 = EDGE_LOOP('',(#13592,#13613,#13614,#13635));
#13592 = ORIENTED_EDGE('',*,*,#13593,.F.);
#13593 = EDGE_CURVE('',#12713,#12652,#13594,.T.);
#13594 = SURFACE_CURVE('',#13595,(#13599,#13606),.PCURVE_S1.);
#13595 = LINE('',#13596,#13597);
#13596 = CARTESIAN_POINT('',(9.564111504898,8.,-4.347323411317));
#13597 = VECTOR('',#13598,1.);
#13598 = DIRECTION('',(-0.413802944301,0.,-0.910366477463));
#13599 = PCURVE('',#12668,#13600);
#13600 = DEFINITIONAL_REPRESENTATION('',(#13601),#13605);
#13601 = LINE('',#13602,#13603);
#13602 = CARTESIAN_POINT('',(-1.24344978758E-14,-10.5057817282));
#13603 = VECTOR('',#13604,1.);
#13604 = DIRECTION('',(-1.,1.387778780781E-17));
#13605 = ( GEOMETRIC_REPRESENTATION_CONTEXT(2) 
PARAMETRIC_REPRESENTATION_CONTEXT() REPRESENTATION_CONTEXT('2D SPACE',''
  ) );
#13606 = PCURVE('',#12854,#13607);
#13607 = DEFINITIONAL_REPRESENTATION('',(#13608),#13612);
#13608 = LINE('',#13609,#13610);
#13609 = CARTESIAN_POINT('',(-4.347323411317,9.564111504898));
#13610 = VECTOR('',#13611,1.);
#13611 = DIRECTION('',(-0.910366477463,-0.413802944301));
#13612 = ( GEOMETRIC_REPRESENTATION_CONTEXT(2) 
PARAMETRIC_REPRESENTATION_CONTEXT() REPRESENTATION_CONTEXT('2D SPACE',''
  ) );
#13613 = ORIENTED_EDGE('',*,*,#12744,.T.);
#13614 = ORIENTED_EDGE('',*,*,#13615,.T.);
#13615 = EDGE_CURVE('',#12745,#12618,#13616,.T.);
#13616 = SURFACE_CURVE('',#13617,(#13621,#13628),.PCURVE_S1.);
#13617 = LINE('',#13618,#13619);
#13618 = CARTESIAN_POINT('',(10.456542766988,-2.22643182901,
    4.43364658462));
#13619 = VECTOR('',#13620,1.);
#13620 = DIRECTION('',(-0.247158562299,-0.963918392965,
    9.886342491946E-02));
#13621 = PCURVE('',#12668,#13622);
#13622 = DEFINITIONAL_REPRESENTATION('',(#13623),#13627);
#13623 = LINE('',#13624,#13625);
#13624 = CARTESIAN_POINT('',(8.363191407746,0.102649119846));
#13625 = VECTOR('',#13626,1.);
#13626 = DIRECTION('',(-1.227299289461E-02,0.999924683986));
#13627 = ( GEOMETRIC_REPRESENTATION_CONTEXT(2) 
PARAMETRIC_REPRESENTATION_CONTEXT() REPRESENTATION_CONTEXT('2D SPACE',''
  ) );
#13628 = PCURVE('',#13541,#13629);
#13629 = DEFINITIONAL_REPRESENTATION('',(#13630),#13634);
#13630 = LINE('',#13631,#13632);
#13631 = CARTESIAN_POINT('',(8.062041222616,-2.22643182901));
#13632 = VECTOR('',#13633,1.);
#13633 = DIRECTION('',(-0.266197918295,-0.963918392965));
#13634 = ( GEOMETRIC_REPRESENTATION_CONTEXT(2) 
PARAMETRIC_REPRESENTATION_CONTEXT() REPRESENTATION_CONTEXT('2D SPACE',''
  ) );
#13635 = ORIENTED_EDGE('',*,*,#12651,.T.);
#13636 = ADVANCED_FACE('',(#13637),#12854,.T.);
#13637 = FACE_BOUND('',#13638,.T.);
#13638 = EDGE_LOOP('',(#13639,#13662,#13663,#13664,#13665,#13688));
#13639 = ORIENTED_EDGE('',*,*,#13640,.T.);
#13640 = EDGE_CURVE('',#13641,#12838,#13643,.T.);
#13641 = VERTEX_POINT('',#13642);
#13642 = CARTESIAN_POINT('',(-2.725806703964,8.,9.706586373001));
#13643 = SURFACE_CURVE('',#13644,(#13648,#13655),.PCURVE_S1.);
#13644 = LINE('',#13645,#13646);
#13645 = CARTESIAN_POINT('',(2.971125410833,8.,7.427813527082));
#13646 = VECTOR('',#13647,1.);
#13647 = DIRECTION('',(0.928476690885,0.,-0.371390676354));
#13648 = PCURVE('',#12854,#13649);
#13649 = DEFINITIONAL_REPRESENTATION('',(#13650),#13654);
#13650 = LINE('',#13651,#13652);
#13651 = CARTESIAN_POINT('',(7.427813527082,2.971125410833));
#13652 = VECTOR('',#13653,1.);
#13653 = DIRECTION('',(-0.371390676354,0.928476690885));
#13654 = ( GEOMETRIC_REPRESENTATION_CONTEXT(2) 
PARAMETRIC_REPRESENTATION_CONTEXT() REPRESENTATION_CONTEXT('2D SPACE',''
  ) );
#13655 = PCURVE('',#13541,#13656);
#13656 = DEFINITIONAL_REPRESENTATION('',(#13657),#13661);
#13657 = LINE('',#13658,#13659);
#13658 = CARTESIAN_POINT('',(9.97830081647E-15,8.));
#13659 = VECTOR('',#13660,1.);
#13660 = DIRECTION('',(1.,0.));
#13661 = ( GEOMETRIC_REPRESENTATION_CONTEXT(2) 
PARAMETRIC_REPRESENTATION_CONTEXT() REPRESENTATION_CONTEXT('2D SPACE',''
  ) );
#13662 = ORIENTED_EDGE('',*,*,#12837,.T.);
#13663 = ORIENTED_EDGE('',*,*,#13593,.T.);
#13664 = ORIENTED_EDGE('',*,*,#12868,.T.);
#13665 = ORIENTED_EDGE('',*,*,#13666,.T.);
#13666 = EDGE_CURVE('',#12869,#13667,#13669,.T.);
#13667 = VERTEX_POINT('',#13668);
#13668 = CARTESIAN_POINT('',(-11.90090861498,8.,0.793630230868));
#13669 = SURFACE_CURVE('',#13670,(#13674,#13681),.PCURVE_S1.);
#13670 = LINE('',#13671,#13672);
#13671 = CARTESIAN_POINT('',(-9.564111504898,8.,-4.347323411317));
#13672 = VECTOR('',#13673,1.);
#13673 = DIRECTION('',(-0.413802944301,0.,0.910366477463));
#13674 = PCURVE('',#12854,#13675);
#13675 = DEFINITIONAL_REPRESENTATION('',(#13676),#13680);
#13676 = LINE('',#13677,#13678);
#13677 = CARTESIAN_POINT('',(-4.347323411317,-9.564111504898));
#13678 = VECTOR('',#13679,1.);
#13679 = DIRECTION('',(0.910366477463,-0.413802944301));
#13680 = ( GEOMETRIC_REPRESENTATION_CONTEXT(2) 
PARAMETRIC_REPRESENTATION_CONTEXT() REPRESENTATION_CONTEXT('2D SPACE',''
  ) );
#13681 = PCURVE('',#13203,#13682);
#13682 = DEFINITIONAL_REPRESENTATION('',(#13683),#13687);
#13683 = LINE('',#13684,#13685);
#13684 = CARTESIAN_POINT('',(1.24344978758E-14,-10.5057817282));
#13685 = VECTOR('',#13686,1.);
#13686 = DIRECTION('',(-1.,-1.387778780781E-17));
#13687 = ( GEOMETRIC_REPRESENTATION_CONTEXT(2) 
PARAMETRIC_REPRESENTATION_CONTEXT() REPRESENTATION_CONTEXT('2D SPACE',''
  ) );
#13688 = ORIENTED_EDGE('',*,*,#13689,.T.);
#13689 = EDGE_CURVE('',#13667,#13641,#13690,.T.);
#13690 = SURFACE_CURVE('',#13691,(#13695,#13702),.PCURVE_S1.);
#13691 = LINE('',#13692,#13693);
#13692 = CARTESIAN_POINT('',(-6.174662046893,8.,6.356269754155));
#13693 = VECTOR('',#13694,1.);
#13694 = DIRECTION('',(0.717279380859,-0.,0.696785684263));
#13695 = PCURVE('',#12854,#13696);
#13696 = DEFINITIONAL_REPRESENTATION('',(#13697),#13701);
#13697 = LINE('',#13698,#13699);
#13698 = CARTESIAN_POINT('',(6.356269754155,-6.174662046893));
#13699 = VECTOR('',#13700,1.);
#13700 = DIRECTION('',(0.696785684263,0.717279380859));
#13701 = ( GEOMETRIC_REPRESENTATION_CONTEXT(2) 
PARAMETRIC_REPRESENTATION_CONTEXT() REPRESENTATION_CONTEXT('2D SPACE',''
  ) );
#13702 = PCURVE('',#13481,#13703);
#13703 = DEFINITIONAL_REPRESENTATION('',(#13704),#13708);
#13704 = LINE('',#13705,#13706);
#13705 = CARTESIAN_POINT('',(-2.253752739989E-14,8.861637353273));
#13706 = VECTOR('',#13707,1.);
#13707 = DIRECTION('',(1.,6.938893903907E-18));
#13708 = ( GEOMETRIC_REPRESENTATION_CONTEXT(2) 
PARAMETRIC_REPRESENTATION_CONTEXT() REPRESENTATION_CONTEXT('2D SPACE',''
  ) );
#13709 = ADVANCED_FACE('',(#13710),#13203,.T.);
#13710 = FACE_BOUND('',#13711,.T.);
#13711 = EDGE_LOOP('',(#13712,#13713,#13714,#13715));
#13712 = ORIENTED_EDGE('',*,*,#13666,.F.);
#13713 = ORIENTED_EDGE('',*,*,#13186,.T.);
#13714 = ORIENTED_EDGE('',*,*,#13238,.T.);
#13715 = ORIENTED_EDGE('',*,*,#13716,.T.);
#13716 = EDGE_CURVE('',#13239,#13667,#13717,.T.);
#13717 = SURFACE_CURVE('',#13718,(#13722,#13729),.PCURVE_S1.);
#13718 = LINE('',#13719,#13720);
#13719 = CARTESIAN_POINT('',(-9.302738571607,-2.178713228754,
    1.863464954611));
#13720 = VECTOR('',#13721,1.);
#13721 = DIRECTION('',(-0.246052469702,0.963946734246,-0.101315722819));
#13722 = PCURVE('',#13203,#13723);
#13723 = DEFINITIONAL_REPRESENTATION('',(#13724),#13728);
#13724 = LINE('',#13725,#13726);
#13725 = CARTESIAN_POINT('',(-5.545936637599,5.314803486891E-02));
#13726 = VECTOR('',#13727,1.);
#13727 = DIRECTION('',(-9.582798721451E-03,-0.99995408393));
#13728 = ( GEOMETRIC_REPRESENTATION_CONTEXT(2) 
PARAMETRIC_REPRESENTATION_CONTEXT() REPRESENTATION_CONTEXT('2D SPACE',''
  ) );
#13729 = PCURVE('',#13481,#13730);
#13730 = DEFINITIONAL_REPRESENTATION('',(#13731),#13735);
#13731 = LINE('',#13732,#13733);
#13732 = CARTESIAN_POINT('',(-5.374226859438,-1.370373513012));
#13733 = VECTOR('',#13734,1.);
#13734 = DIRECTION('',(-0.247083708378,0.968994138813));
#13735 = ( GEOMETRIC_REPRESENTATION_CONTEXT(2) 
PARAMETRIC_REPRESENTATION_CONTEXT() REPRESENTATION_CONTEXT('2D SPACE',''
  ) );
#13736 = ADVANCED_FACE('',(#13737),#13481,.T.);
#13737 = FACE_BOUND('',#13738,.T.);
#13738 = EDGE_LOOP('',(#13739,#13740,#13741,#13762));
#13739 = ORIENTED_EDGE('',*,*,#13716,.F.);
#13740 = ORIENTED_EDGE('',*,*,#13466,.T.);
#13741 = ORIENTED_EDGE('',*,*,#13742,.T.);
#13742 = EDGE_CURVE('',#13340,#13641,#13743,.T.);
#13743 = SURFACE_CURVE('',#13744,(#13748,#13755),.PCURVE_S1.);
#13744 = LINE('',#13745,#13746);
#13745 = CARTESIAN_POINT('',(-1.832017149172,-0.580379726001,
    9.349070551084));
#13746 = VECTOR('',#13747,1.);
#13747 = DIRECTION('',(-0.103517228253,0.993765391231,4.140689130127E-02
    ));
#13748 = PCURVE('',#13481,#13749);
#13749 = DEFINITIONAL_REPRESENTATION('',(#13750),#13754);
#13750 = LINE('',#13751,#13752);
#13751 = CARTESIAN_POINT('',(5.200230394681,0.236329161539));
#13752 = VECTOR('',#13753,1.);
#13753 = DIRECTION('',(-4.539904430113E-02,0.998968931837));
#13754 = ( GEOMETRIC_REPRESENTATION_CONTEXT(2) 
PARAMETRIC_REPRESENTATION_CONTEXT() REPRESENTATION_CONTEXT('2D SPACE',''
  ) );
#13755 = PCURVE('',#13541,#13756);
#13756 = DEFINITIONAL_REPRESENTATION('',(#13757),#13761);
#13757 = LINE('',#13758,#13759);
#13758 = CARTESIAN_POINT('',(-5.173142855557,-0.580379726001));
#13759 = VECTOR('',#13760,1.);
#13760 = DIRECTION('',(-0.111491466904,0.993765391231));
#13761 = ( GEOMETRIC_REPRESENTATION_CONTEXT(2) 
PARAMETRIC_REPRESENTATION_CONTEXT() REPRESENTATION_CONTEXT('2D SPACE',''
  ) );
#13762 = ORIENTED_EDGE('',*,*,#13689,.F.);
#13763 = ADVANCED_FACE('',(#13764),#13541,.T.);
#13764 = FACE_BOUND('',#13765,.T.);
#13765 = EDGE_LOOP('',(#13766,#13767,#13768,#13769,#13770));
#13766 = ORIENTED_EDGE('',*,*,#13742,.F.);
#13767 = ORIENTED_EDGE('',*,*,#13559,.T.);
#13768 = ORIENTED_EDGE('',*,*,#13615,.F.);
#13769 = ORIENTED_EDGE('',*,*,#13526,.T.);
#13770 = ORIENTED_EDGE('',*,*,#13640,.F.);
#13771 = ( GEOMETRIC_REPRESENTATION_CONTEXT(3) 
GLOBAL_UNCERTAINTY_ASSIGNED_CONTEXT((#13775)) 
GLOBAL_UNIT_ASSIGNED_CONTEXT((#13772,#13773,#13774)) 
REPRESENTATION_CONTEXT('Context #1',
  '3D Context with UNIT and UNCERTAINTY') );
#13772 = ( LENGTH_UNIT() NAMED_UNIT(*) SI_UNIT(.MILLI.,.METRE.) );
#13773 = ( NAMED_UNIT(*) PLANE_ANGLE_UNIT() SI_UNIT($,.RADIAN.) );
#13774 = ( NAMED_UNIT(*) SI_UNIT($,.STERADIAN.) SOLID_ANGLE_UNIT() );
#13775 = UNCERTAINTY_MEASURE_WITH_UNIT(LENGTH_MEASURE(1.E-07),#13772,
  'distance_accuracy_value','confusion accuracy');
#13776 = PRODUCT_RELATED_PRODUCT_CATEGORY('part',$,(#7));
ENDSEC;
END-ISO-10303-21;
