ISO-10303-21;
HEADER;
FILE_DESCRIPTION(('Open CASCADE Model'),'2;1');
FILE_NAME('Open CASCADE Shape Model','2026-09-09T07:51:06',('Author'),(
    'Open CASCADE'),'Open CASCADE STEP processor 7.9','Open CASCADE 7.9'
  ,'Unknown');
FILE_SCHEMA(('AUTOMOTIVE_DESIGN { 1 0 10303 214 1 1 1 1 }'));
ENDSEC;
DATA;
#1 = APPLICATION_PROTOCOL_DEFINITION('international standard',
  'automotive_design',2000,#2);
#2 = APPLICATION_CONTEXT(
  'core data for automotive mechanical design processes');
#3 = SHAPE_DEFINITION_REPRESENTATION(#4,#10);
#4 = PRODUCT_DEFINITION_SHAPE('','',#5);
#5 = PRODUCT_DEFINITION('design','',#6,#9);
#6 = PRODUCT_DEFINITION_FORMATION('','',#7);
#7 = PRODUCT('Open CASCADE STEP translator 7.9 9',
  'Open CASCADE STEP translator 7.9 9','',(#8));
#8 = PRODUCT_CONTEXT('',#2,'mechanical');
#9 = PRODUCT_DEFINITION_CONTEXT('part definition',#2,'design');
#10 = ADVANCED_BREP_SHAPE_REPRESENTATION('',(#11,#15),#8311);
#11 = AXIS2_PLACEMENT_3D('',#12,#13,#14);
#12 = CARTESIAN_POINT('',(0.,0.,0.));
#13 = DIRECTION('',(0.,0.,1.));
#14 = DIRECTION('',(1.,0.,-0.));
#15 = MANIFOLD_SOLID_BREP('',#16);
#16 = CLOSED_SHELL('',(#17,#588,#675,#1524,#1579,#3811,#4869,#5543,#6307
    ,#6311,#6338,#6367,#6788,#7621,#7627,#7662,#7696,#7701,#7927,#8153,
    #8157,#8184,#8188,#8215,#8219,#8246,#8307));
#17 = ADVANCED_FACE('',(#18,#416,#495),#33,.T.);
#18 = FACE_BOUND('',#19,.T.);
#19 = EDGE_LOOP('',(#20,#56,#126,#210,#268,#331,#355,#382,#383));
#20 = ORIENTED_EDGE('',*,*,#21,.F.);
#21 = EDGE_CURVE('',#22,#24,#26,.T.);
#22 = VERTEX_POINT('',#23);
#23 = CARTESIAN_POINT('',(10.495358992837,0.,-18.18921217676));
#24 = VERTEX_POINT('',#25);
#25 = CARTESIAN_POINT('',(11.38906299049,0.,-17.64339094954));
#26 = SURFACE_CURVE('',#27,(#32,#44),.PCURVE_S1.);
#27 = CIRCLE('',#28,21.);
#28 = AXIS2_PLACEMENT_3D('',#29,#30,#31);
#29 = CARTESIAN_POINT('',(0.,0.,0.));
#30 = DIRECTION('',(-2.449293598295E-16,-1.,0.));
#31 = DIRECTION('',(1.,-2.449293598295E-16,0.));
#32 = PCURVE('',#33,#38);
#33 = SPHERICAL_SURFACE('',#34,21.);
#34 = AXIS2_PLACEMENT_3D('',#35,#36,#37);
#35 = CARTESIAN_POINT('',(0.,0.,0.));
#36 = DIRECTION('',(0.,0.,1.));
#37 = DIRECTION('',(1.,0.,-0.));
#38 = DEFINITIONAL_REPRESENTATION('',(#39),#43);
#39 = LINE('',#40,#41);
#40 = CARTESIAN_POINT('',(0.,-6.28318530718));
#41 = VECTOR('',#42,1.);
#42 = DIRECTION('',(0.,1.));
#43 = ( GEOMETRIC_REPRESENTATION_CONTEXT(2) 
PARAMETRIC_REPRESENTATION_CONTEXT() REPRESENTATION_CONTEXT('2D SPACE',''
  ) );
#44 = PCURVE('',#45,#50);
#45 = SPHERICAL_SURFACE('',#46,21.);
#46 = AXIS2_PLACEMENT_3D('',#47,#48,#49);
#47 = CARTESIAN_POINT('',(0.,0.,0.));
#48 = DIRECTION('',(0.,0.,1.));
#49 = DIRECTION('',(1.,0.,-0.));
#50 = DEFINITIONAL_REPRESENTATION('',(#51),#55);
#51 = LINE('',#52,#53);
#52 = CARTESIAN_POINT('',(6.28318530718,-6.28318530718));
#53 = VECTOR('',#54,1.);
#54 = DIRECTION('',(0.,1.));
#55 = ( GEOMETRIC_REPRESENTATION_CONTEXT(2) 
PARAMETRIC_REPRESENTATION_CONTEXT() REPRESENTATION_CONTEXT('2D SPACE',''
  ) );
#56 = ORIENTED_EDGE('',*,*,#57,.F.);
#57 = EDGE_CURVE('',#58,#22,#60,.T.);
#58 = VERTEX_POINT('',#59);
#59 = CARTESIAN_POINT('',(-19.80852733344,3.435953371042,-6.067657646255
    ));
#60 = SURFACE_CURVE('',#61,(#66,#114),.PCURVE_S1.);
#61 = CIRCLE('',#62,16.5);
#62 = AXIS2_PLACEMENT_3D('',#63,#64,#65);
#63 = CARTESIAN_POINT('',(-4.82450640677,0.,-12.06126601692));
#64 = DIRECTION('',(-0.371390676354,0.,-0.928476690885));
#65 = DIRECTION('',(0.928476690885,0.,-0.371390676354));
#66 = PCURVE('',#33,#67);
#67 = DEFINITIONAL_REPRESENTATION('',(#68),#113);
#68 = B_SPLINE_CURVE_WITH_KNOTS('',8,(#69,#70,#71,#72,#73,#74,#75,#76,
    #77,#78,#79,#80,#81,#82,#83,#84,#85,#86,#87,#88,#89,#90,#91,#92,#93,
    #94,#95,#96,#97,#98,#99,#100,#101,#102,#103,#104,#105,#106,#107,#108
    ,#109,#110,#111,#112),.UNSPECIFIED.,.F.,.F.,(9,7,7,7,7,7,9),(
    3.14159265359,3.926990816987,4.516039439535,4.957825906446,
    5.620505606813,5.951845456996,6.28318530718),.UNSPECIFIED.);
#69 = CARTESIAN_POINT('',(3.14159265359,-0.286439967391));
#70 = CARTESIAN_POINT('',(3.061178941632,-0.286439967391));
#71 = CARTESIAN_POINT('',(2.980765247665,-0.289790807889));
#72 = CARTESIAN_POINT('',(2.900422664257,-0.296492444479));
#73 = CARTESIAN_POINT('',(2.820222749714,-0.306494639891));
#74 = CARTESIAN_POINT('',(2.740216133595,-0.319696362686));
#75 = CARTESIAN_POINT('',(2.660414188655,-0.335951845691));
#76 = CARTESIAN_POINT('',(2.58077478624,-0.355078894362));
#77 = CARTESIAN_POINT('',(2.441506926591,-0.393204640945));
#78 = CARTESIAN_POINT('',(2.381853164933,-0.411039970814));
#79 = CARTESIAN_POINT('',(2.322187712656,-0.430281438063));
#80 = CARTESIAN_POINT('',(2.262446154875,-0.450829669644));
#81 = CARTESIAN_POINT('',(2.202541871224,-0.472577258989));
#82 = CARTESIAN_POINT('',(2.14236350466,-0.495409506105));
#83 = CARTESIAN_POINT('',(2.081771844185,-0.519204145));
#84 = CARTESIAN_POINT('',(1.974714329492,-0.56229949359));
#85 = CARTESIAN_POINT('',(1.928504004771,-0.581236512319));
#86 = CARTESIAN_POINT('',(1.881893010393,-0.600585780847));
#87 = CARTESIAN_POINT('',(1.834799302899,-0.620289092777));
#88 = CARTESIAN_POINT('',(1.787129700895,-0.640285025356));
#89 = CARTESIAN_POINT('',(1.738778777371,-0.660508264096));
#90 = CARTESIAN_POINT('',(1.689627875769,-0.680888595826));
#91 = CARTESIAN_POINT('',(1.564418810796,-0.732041031641));
#92 = CARTESIAN_POINT('',(1.487194746304,-0.762913943222));
#93 = CARTESIAN_POINT('',(1.407424585357,-0.79371020647));
#94 = CARTESIAN_POINT('',(1.324589487032,-0.824140411169));
#95 = CARTESIAN_POINT('',(1.238101591982,-0.853872182231));
#96 = CARTESIAN_POINT('',(1.147306143652,-0.882519546935));
#97 = CARTESIAN_POINT('',(1.051547393556,-0.909618058967));
#98 = CARTESIAN_POINT('',(0.899859601053,-0.947165422345));
#99 = CARTESIAN_POINT('',(0.847955389036,-0.959164479479));
#100 = CARTESIAN_POINT('',(0.794659040496,-0.970582038389));
#101 = CARTESIAN_POINT('',(0.739935900607,-0.981350044138));
#102 = CARTESIAN_POINT('',(0.683773897154,-0.991397817769));
#103 = CARTESIAN_POINT('',(0.626194218024,-1.000653832379));
#104 = CARTESIAN_POINT('',(0.567260729294,-1.009048587823));
#105 = CARTESIAN_POINT('',(0.446905095667,-1.023988552124));
#106 = CARTESIAN_POINT('',(0.385482910738,-1.030533757644));
#107 = CARTESIAN_POINT('',(0.322925991489,-1.03609066118));
#108 = CARTESIAN_POINT('',(0.259388548703,-1.040601641565));
#109 = CARTESIAN_POINT('',(0.195074081307,-1.044018747035));
#110 = CARTESIAN_POINT('',(0.130226756012,-1.046308058385));
#111 = CARTESIAN_POINT('',(6.511339359325E-02,-1.047452721616));
#112 = CARTESIAN_POINT('',(0.,-1.047452721616));
#113 = ( GEOMETRIC_REPRESENTATION_CONTEXT(2) 
PARAMETRIC_REPRESENTATION_CONTEXT() REPRESENTATION_CONTEXT('2D SPACE',''
  ) );
#114 = PCURVE('',#115,#120);
#115 = CYLINDRICAL_SURFACE('',#116,16.5);
#116 = AXIS2_PLACEMENT_3D('',#117,#118,#119);
#117 = CARTESIAN_POINT('',(0.,0.,0.));
#118 = DIRECTION('',(-0.371390676354,0.,-0.928476690885));
#119 = DIRECTION('',(-0.928476690885,0.,0.371390676354));
#120 = DEFINITIONAL_REPRESENTATION('',(#121),#125);
#121 = LINE('',#122,#123);
#122 = CARTESIAN_POINT('',(-3.14159265359,12.990381056767));
#123 = VECTOR('',#124,1.);
#124 = DIRECTION('',(1.,0.));
#125 = ( GEOMETRIC_REPRESENTATION_CONTEXT(2) 
PARAMETRIC_REPRESENTATION_CONTEXT() REPRESENTATION_CONTEXT('2D SPACE',''
  ) );
#126 = ORIENTED_EDGE('',*,*,#127,.F.);
#127 = EDGE_CURVE('',#128,#58,#130,.T.);
#128 = VERTEX_POINT('',#129);
#129 = CARTESIAN_POINT('',(-18.2190809732,-8.008060422709,
    -6.703436190352));
#130 = SURFACE_CURVE('',#131,(#136,#198),.PCURVE_S1.);
#131 = CIRCLE('',#132,6.);
#132 = AXIS2_PLACEMENT_3D('',#133,#134,#135);
#133 = CARTESIAN_POINT('',(-19.38174847409,-2.422718559262,
    -4.845437118523));
#134 = DIRECTION('',(-0.963086824686,-0.120385853086,-0.240771706172));
#135 = DIRECTION('',(0.242535625036,0.,-0.970142500145));
#136 = PCURVE('',#33,#137);
#137 = DEFINITIONAL_REPRESENTATION('',(#138),#197);
#138 = B_SPLINE_CURVE_WITH_KNOTS('',8,(#139,#140,#141,#142,#143,#144,
    #145,#146,#147,#148,#149,#150,#151,#152,#153,#154,#155,#156,#157,
    #158,#159,#160,#161,#162,#163,#164,#165,#166,#167,#168,#169,#170,
    #171,#172,#173,#174,#175,#176,#177,#178,#179,#180,#181,#182,#183,
    #184,#185,#186,#187,#188,#189,#190,#191,#192,#193,#194,#195,#196),
  .UNSPECIFIED.,.F.,.F.,(9,7,7,7,7,7,7,7,9),(0.,0.785398163397,
    1.47262155637,2.675262494072,3.577243197349,4.253728724807,
    5.268457015993,5.775821161586,6.28318530718),.UNSPECIFIED.);
#139 = CARTESIAN_POINT('',(3.275925811752,-0.532766863343));
#140 = CARTESIAN_POINT('',(3.308470103224,-0.531816093405));
#141 = CARTESIAN_POINT('',(3.340854000689,-0.527321447981));
#142 = CARTESIAN_POINT('',(3.372380648218,-0.519304932785));
#143 = CARTESIAN_POINT('',(3.40236483188,-0.507902262905));
#144 = CARTESIAN_POINT('',(3.430214241218,-0.493362035269));
#145 = CARTESIAN_POINT('',(3.455499896786,-0.476010570496));
#146 = CARTESIAN_POINT('',(3.477928299226,-0.456215480024));
#147 = CARTESIAN_POINT('',(3.514283188912,-0.415246185078));
#148 = CARTESIAN_POINT('',(3.528921981256,-0.394553665398));
#149 = CARTESIAN_POINT('',(3.54111181223,-0.372547764426));
#150 = CARTESIAN_POINT('',(3.550796065642,-0.349500716693));
#151 = CARTESIAN_POINT('',(3.557967077747,-0.32568515004));
#152 = CARTESIAN_POINT('',(3.562649399795,-0.301368712421));
#153 = CARTESIAN_POINT('',(3.564887605142,-0.276812278709));
#154 = CARTESIAN_POINT('',(3.564490911816,-0.209318217178));
#155 = CARTESIAN_POINT('',(3.55694217352,-0.166407689469));
#156 = CARTESIAN_POINT('',(3.542426395363,-0.124893883812));
#157 = CARTESIAN_POINT('',(3.521429873654,-8.606070221998E-02));
#158 = CARTESIAN_POINT('',(3.494513512842,-5.109982115093E-02));
#159 = CARTESIAN_POINT('',(3.462419542616,-2.111814388925E-02));
#160 = CARTESIAN_POINT('',(3.426173526597,2.985799499558E-03));
#161 = CARTESIAN_POINT('',(3.357608564354,3.381804732691E-02));
#162 = CARTESIAN_POINT('',(3.326573253439,4.33837031126E-02));
#163 = CARTESIAN_POINT('',(3.294401833239,4.904517826126E-02));
#164 = CARTESIAN_POINT('',(3.261669941064,5.063687073936E-02));
#165 = CARTESIAN_POINT('',(3.228998843382,4.810773982872E-02));
#166 = CARTESIAN_POINT('',(3.197006663162,4.152836179304E-02));
#167 = CARTESIAN_POINT('',(3.166260704196,3.108174167113E-02));
#168 = CARTESIAN_POINT('',(3.115518137342,6.506469638436E-03));
#169 = CARTESIAN_POINT('',(3.0947558068,-6.048723705751E-03));
#170 = CARTESIAN_POINT('',(3.075190475228,-2.051244420709E-02));
#171 = CARTESIAN_POINT('',(3.057014483245,-3.674191134891E-02));
#172 = CARTESIAN_POINT('',(3.040395840856,-5.457104101372E-02));
#173 = CARTESIAN_POINT('',(3.025479612267,-7.381584150977E-02));
#174 = CARTESIAN_POINT('',(3.012391746775,-9.42788337184E-02));
#175 = CARTESIAN_POINT('',(2.984518032136,-0.147959733491));
#176 = CARTESIAN_POINT('',(2.97215517585,-0.182439354329));
#177 = CARTESIAN_POINT('',(2.964524709008,-0.218485409978));
#178 = CARTESIAN_POINT('',(2.961917740402,-0.255336132373));
#179 = CARTESIAN_POINT('',(2.964563912758,-0.292192171467));
#180 = CARTESIAN_POINT('',(2.972652466105,-0.328216327536));
#181 = CARTESIAN_POINT('',(2.986254249135,-0.362529901164));
#182 = CARTESIAN_POINT('',(3.01467771792,-0.410136360819));
#183 = CARTESIAN_POINT('',(3.025489013744,-0.425361197125));
#184 = CARTESIAN_POINT('',(3.037616405428,-0.439833860165));
#185 = CARTESIAN_POINT('',(3.051024452046,-0.453447014324));
#186 = CARTESIAN_POINT('',(3.065659601776,-0.466095699801));
#187 = CARTESIAN_POINT('',(3.081446306656,-0.477679955813));
#188 = CARTESIAN_POINT('',(3.098284751309,-0.488108120725));
#189 = CARTESIAN_POINT('',(3.133819877735,-0.506492648364));
#190 = CARTESIAN_POINT('',(3.152516567501,-0.514449007751));
#191 = CARTESIAN_POINT('',(3.172019708747,-0.521089649981));
#192 = CARTESIAN_POINT('',(3.192184028605,-0.526346529577));
#193 = CARTESIAN_POINT('',(3.212842436931,-0.530166864879));
#194 = CARTESIAN_POINT('',(3.233811920498,-0.532516354994));
#195 = CARTESIAN_POINT('',(3.254902326586,-0.533381057009));
#196 = CARTESIAN_POINT('',(3.275925811752,-0.532766863343));
#197 = ( GEOMETRIC_REPRESENTATION_CONTEXT(2) 
PARAMETRIC_REPRESENTATION_CONTEXT() REPRESENTATION_CONTEXT('2D SPACE',''
  ) );
#198 = PCURVE('',#199,#204);
#199 = CYLINDRICAL_SURFACE('',#200,6.);
#200 = AXIS2_PLACEMENT_3D('',#201,#202,#203);
#201 = CARTESIAN_POINT('',(0.,0.,0.));
#202 = DIRECTION('',(-0.963086824686,-0.120385853086,-0.240771706172));
#203 = DIRECTION('',(0.242535625036,0.,-0.970142500145));
#204 = DEFINITIONAL_REPRESENTATION('',(#205),#209);
#205 = LINE('',#206,#207);
#206 = CARTESIAN_POINT('',(0.,20.124611797498));
#207 = VECTOR('',#208,1.);
#208 = DIRECTION('',(1.,0.));
#209 = ( GEOMETRIC_REPRESENTATION_CONTEXT(2) 
PARAMETRIC_REPRESENTATION_CONTEXT() REPRESENTATION_CONTEXT('2D SPACE',''
  ) );
#210 = ORIENTED_EDGE('',*,*,#211,.F.);
#211 = EDGE_CURVE('',#212,#128,#214,.T.);
#212 = VERTEX_POINT('',#213);
#213 = CARTESIAN_POINT('',(8.714345375745,-7.72149021866,-17.47680672993
    ));
#214 = SURFACE_CURVE('',#215,(#220,#261),.PCURVE_S1.);
#215 = CIRCLE('',#216,16.5);
#216 = AXIS2_PLACEMENT_3D('',#217,#218,#219);
#217 = CARTESIAN_POINT('',(-4.82450640677,0.,-12.06126601692));
#218 = DIRECTION('',(-0.371390676354,0.,-0.928476690885));
#219 = DIRECTION('',(0.928476690885,0.,-0.371390676354));
#220 = PCURVE('',#33,#221);
#221 = DEFINITIONAL_REPRESENTATION('',(#222),#260);
#222 = B_SPLINE_CURVE_WITH_KNOTS('',8,(#223,#224,#225,#226,#227,#228,
    #229,#230,#231,#232,#233,#234,#235,#236,#237,#238,#239,#240,#241,
    #242,#243,#244,#245,#246,#247,#248,#249,#250,#251,#252,#253,#254,
    #255,#256,#257,#258,#259),.UNSPECIFIED.,.F.,.F.,(9,7,7,7,7,9),(0.,
    0.392699081699,0.736310778185,1.337631247036,2.239611950313,
    3.14159265359),.UNSPECIFIED.);
#223 = CARTESIAN_POINT('',(6.28318530718,-1.047452721616));
#224 = CARTESIAN_POINT('',(6.206013877736,-1.047452721616));
#225 = CARTESIAN_POINT('',(6.128842450483,-1.04584485492));
#226 = CARTESIAN_POINT('',(6.052114203303,-1.042629143514));
#227 = CARTESIAN_POINT('',(5.976272358708,-1.037838847476));
#228 = CARTESIAN_POINT('',(5.901710822109,-1.031540948214));
#229 = CARTESIAN_POINT('',(5.828723625562,-1.023827734287));
#230 = CARTESIAN_POINT('',(5.757508652599,-1.014805465746));
#231 = CARTESIAN_POINT('',(5.627517662643,-0.99564580155));
#232 = CARTESIAN_POINT('',(5.568299500842,-0.985788769929));
#233 = CARTESIAN_POINT('',(5.510602284219,-0.97509144752));
#234 = CARTESIAN_POINT('',(5.454453435143,-0.963633249431));
#235 = CARTESIAN_POINT('',(5.399839296154,-0.951493257682));
#236 = CARTESIAN_POINT('',(5.346717136986,-0.938747699712));
#237 = CARTESIAN_POINT('',(5.29502654038,-0.925468717239));
#238 = CARTESIAN_POINT('',(5.156616677824,-0.887670891374));
#239 = CARTESIAN_POINT('',(5.072701958626,-0.862191535994));
#240 = CARTESIAN_POINT('',(4.992566760893,-0.835649272456));
#241 = CARTESIAN_POINT('',(4.915723403815,-0.808364694833));
#242 = CARTESIAN_POINT('',(4.84169897143,-0.780612541254));
#243 = CARTESIAN_POINT('',(4.770069594772,-0.752630633587));
#244 = CARTESIAN_POINT('',(4.700456795747,-0.724631157729));
#245 = CARTESIAN_POINT('',(4.530643194341,-0.655064565235));
#246 = CARTESIAN_POINT('',(4.432551476806,-0.613713570647));
#247 = CARTESIAN_POINT('',(4.33714314994,-0.573394935994));
#248 = CARTESIAN_POINT('',(4.243547030772,-0.534645910238));
#249 = CARTESIAN_POINT('',(4.151110696592,-0.497945505131));
#250 = CARTESIAN_POINT('',(4.0593363086,-0.463733974996));
#251 = CARTESIAN_POINT('',(3.967870987251,-0.432412955371));
#252 = CARTESIAN_POINT('',(3.785091249566,-0.376260352613));
#253 = CARTESIAN_POINT('',(3.693776807939,-0.351428776748));
#254 = CARTESIAN_POINT('',(3.602304804446,-0.330196078496));
#255 = CARTESIAN_POINT('',(3.510561392569,-0.312869115857));
#256 = CARTESIAN_POINT('',(3.418535361246,-0.299698240171));
#257 = CARTESIAN_POINT('',(3.326292843161,-0.290859425896));
#258 = CARTESIAN_POINT('',(3.233942775916,-0.286439967391));
#259 = CARTESIAN_POINT('',(3.14159265359,-0.286439967391));
#260 = ( GEOMETRIC_REPRESENTATION_CONTEXT(2) 
PARAMETRIC_REPRESENTATION_CONTEXT() REPRESENTATION_CONTEXT('2D SPACE',''
  ) );
#261 = PCURVE('',#115,#262);
#262 = DEFINITIONAL_REPRESENTATION('',(#263),#267);
#263 = LINE('',#264,#265);
#264 = CARTESIAN_POINT('',(3.14159265359,12.990381056767));
#265 = VECTOR('',#266,1.);
#266 = DIRECTION('',(1.,0.));
#267 = ( GEOMETRIC_REPRESENTATION_CONTEXT(2) 
PARAMETRIC_REPRESENTATION_CONTEXT() REPRESENTATION_CONTEXT('2D SPACE',''
  ) );
#268 = ORIENTED_EDGE('',*,*,#269,.F.);
#269 = EDGE_CURVE('',#270,#212,#272,.T.);
#270 = VERTEX_POINT('',#271);
#271 = CARTESIAN_POINT('',(16.350376652484,0.,-13.17820865375));
#272 = SURFACE_CURVE('',#273,(#278,#319),.PCURVE_S1.);
#273 = CIRCLE('',#274,6.);
#274 = AXIS2_PLACEMENT_3D('',#275,#276,#277);
#275 = CARTESIAN_POINT('',(13.067538223944,-4.839828971831,
    -14.51948691549));
#276 = DIRECTION('',(0.649331194829,-0.240493035122,-0.721479105366));
#277 = DIRECTION('',(0.743294146247,-1.387778780781E-17,0.668964731622)
  );
#278 = PCURVE('',#33,#279);
#279 = DEFINITIONAL_REPRESENTATION('',(#280),#318);
#280 = B_SPLINE_CURVE_WITH_KNOTS('',8,(#281,#282,#283,#284,#285,#286,
    #287,#288,#289,#290,#291,#292,#293,#294,#295,#296,#297,#298,#299,
    #300,#301,#302,#303,#304,#305,#306,#307,#308,#309,#310,#311,#312,
    #313,#314,#315,#316,#317),.UNSPECIFIED.,.F.,.F.,(9,7,7,7,7,9),(
    5.302231797717,6.276155347547,7.737040672292,8.467483334664,
    8.83270466585,9.197925997036),.UNSPECIFIED.);
#281 = CARTESIAN_POINT('',(6.28318530718,-0.678381558913));
#282 = CARTESIAN_POINT('',(6.259065371759,-0.649103830103));
#283 = CARTESIAN_POINT('',(6.231232601894,-0.622005166317));
#284 = CARTESIAN_POINT('',(6.200297040871,-0.597502820078));
#285 = CARTESIAN_POINT('',(6.166772334089,-0.575951105975));
#286 = CARTESIAN_POINT('',(6.131128131831,-0.557650763247));
#287 = CARTESIAN_POINT('',(6.093820512569,-0.542843754848));
#288 = CARTESIAN_POINT('',(6.055304996519,-0.531703721267));
#289 = CARTESIAN_POINT('',(5.95713430302,-0.513275186562));
#290 = CARTESIAN_POINT('',(5.896538191803,-0.510697487792));
#291 = CARTESIAN_POINT('',(5.835785416704,-0.516941745653));
#292 = CARTESIAN_POINT('',(5.776412297746,-0.5319870239));
#293 = CARTESIAN_POINT('',(5.719979508634,-0.55540887989));
#294 = CARTESIAN_POINT('',(5.667965203916,-0.586412316319));
#295 = CARTESIAN_POINT('',(5.621914648423,-0.62395407757));
#296 = CARTESIAN_POINT('',(5.564756122351,-0.688040840255));
#297 = CARTESIAN_POINT('',(5.547689481426,-0.710698792845));
#298 = CARTESIAN_POINT('',(5.532856706035,-0.734483029667));
#299 = CARTESIAN_POINT('',(5.520532227358,-0.759204795952));
#300 = CARTESIAN_POINT('',(5.511029855865,-0.784653986804));
#301 = CARTESIAN_POINT('',(5.50471331524,-0.81059542214));
#302 = CARTESIAN_POINT('',(5.502017875515,-0.836759442293));
#303 = CARTESIAN_POINT('',(5.504135842566,-0.875866053353));
#304 = CARTESIAN_POINT('',(5.505868663063,-0.888878359426));
#305 = CARTESIAN_POINT('',(5.508689195596,-0.901827970986));
#306 = CARTESIAN_POINT('',(5.512661208191,-0.914672627858));
#307 = CARTESIAN_POINT('',(5.517851197095,-0.927366811141));
#308 = CARTESIAN_POINT('',(5.524326700544,-0.93986142921));
#309 = CARTESIAN_POINT('',(5.532153085549,-0.952103651833));
#310 = CARTESIAN_POINT('',(5.550624529841,-0.975970132966));
#311 = CARTESIAN_POINT('',(5.561269559306,-0.987594397913));
#312 = CARTESIAN_POINT('',(5.573382308622,-0.998853126976));
#313 = CARTESIAN_POINT('',(5.587013772945,-1.009686100544));
#314 = CARTESIAN_POINT('',(5.602202893598,-1.020029574874));
#315 = CARTESIAN_POINT('',(5.618968152009,-1.02981692033));
#316 = CARTESIAN_POINT('',(5.637297786423,-1.038980149448));
#317 = CARTESIAN_POINT('',(5.657141023787,-1.047452721616));
#318 = ( GEOMETRIC_REPRESENTATION_CONTEXT(2) 
PARAMETRIC_REPRESENTATION_CONTEXT() REPRESENTATION_CONTEXT('2D SPACE',''
  ) );
#319 = PCURVE('',#320,#325);
#320 = CYLINDRICAL_SURFACE('',#321,6.);
#321 = AXIS2_PLACEMENT_3D('',#322,#323,#324);
#322 = CARTESIAN_POINT('',(0.,0.,0.));
#323 = DIRECTION('',(0.649331194829,-0.240493035122,-0.721479105366));
#324 = DIRECTION('',(-0.743294146247,1.387778780781E-17,-0.668964731622)
  );
#325 = DEFINITIONAL_REPRESENTATION('',(#326),#330);
#326 = LINE('',#327,#328);
#327 = CARTESIAN_POINT('',(-3.14159265359,20.124611797498));
#328 = VECTOR('',#329,1.);
#329 = DIRECTION('',(1.,0.));
#330 = ( GEOMETRIC_REPRESENTATION_CONTEXT(2) 
PARAMETRIC_REPRESENTATION_CONTEXT() REPRESENTATION_CONTEXT('2D SPACE',''
  ) );
#331 = ORIENTED_EDGE('',*,*,#332,.T.);
#332 = EDGE_CURVE('',#270,#333,#335,.T.);
#333 = VERTEX_POINT('',#334);
#334 = CARTESIAN_POINT('',(14.,0.,15.652475842499));
#335 = SEAM_CURVE('',#336,(#341,#348),.PCURVE_S1.);
#336 = CIRCLE('',#337,21.);
#337 = AXIS2_PLACEMENT_3D('',#338,#339,#340);
#338 = CARTESIAN_POINT('',(0.,0.,0.));
#339 = DIRECTION('',(-2.449293598295E-16,-1.,0.));
#340 = DIRECTION('',(1.,-2.449293598295E-16,0.));
#341 = PCURVE('',#33,#342);
#342 = DEFINITIONAL_REPRESENTATION('',(#343),#347);
#343 = LINE('',#344,#345);
#344 = CARTESIAN_POINT('',(0.,-6.28318530718));
#345 = VECTOR('',#346,1.);
#346 = DIRECTION('',(0.,1.));
#347 = ( GEOMETRIC_REPRESENTATION_CONTEXT(2) 
PARAMETRIC_REPRESENTATION_CONTEXT() REPRESENTATION_CONTEXT('2D SPACE',''
  ) );
#348 = PCURVE('',#33,#349);
#349 = DEFINITIONAL_REPRESENTATION('',(#350),#354);
#350 = LINE('',#351,#352);
#351 = CARTESIAN_POINT('',(6.28318530718,-6.28318530718));
#352 = VECTOR('',#353,1.);
#353 = DIRECTION('',(0.,1.));
#354 = ( GEOMETRIC_REPRESENTATION_CONTEXT(2) 
PARAMETRIC_REPRESENTATION_CONTEXT() REPRESENTATION_CONTEXT('2D SPACE',''
  ) );
#355 = ORIENTED_EDGE('',*,*,#356,.F.);
#356 = EDGE_CURVE('',#333,#333,#357,.T.);
#357 = SURFACE_CURVE('',#358,(#363,#370),.PCURVE_S1.);
#358 = CIRCLE('',#359,14.);
#359 = AXIS2_PLACEMENT_3D('',#360,#361,#362);
#360 = CARTESIAN_POINT('',(0.,0.,15.652475842499));
#361 = DIRECTION('',(0.,0.,1.));
#362 = DIRECTION('',(0.,-1.,0.));
#363 = PCURVE('',#33,#364);
#364 = DEFINITIONAL_REPRESENTATION('',(#365),#369);
#365 = LINE('',#366,#367);
#366 = CARTESIAN_POINT('',(-1.570796326795,0.841068670568));
#367 = VECTOR('',#368,1.);
#368 = DIRECTION('',(1.,0.));
#369 = ( GEOMETRIC_REPRESENTATION_CONTEXT(2) 
PARAMETRIC_REPRESENTATION_CONTEXT() REPRESENTATION_CONTEXT('2D SPACE',''
  ) );
#370 = PCURVE('',#371,#376);
#371 = CYLINDRICAL_SURFACE('',#372,14.);
#372 = AXIS2_PLACEMENT_3D('',#373,#374,#375);
#373 = CARTESIAN_POINT('',(0.,0.,0.));
#374 = DIRECTION('',(0.,0.,1.));
#375 = DIRECTION('',(1.,0.,-0.));
#376 = DEFINITIONAL_REPRESENTATION('',(#377),#381);
#377 = LINE('',#378,#379);
#378 = CARTESIAN_POINT('',(-1.570796326795,15.652475842499));
#379 = VECTOR('',#380,1.);
#380 = DIRECTION('',(1.,0.));
#381 = ( GEOMETRIC_REPRESENTATION_CONTEXT(2) 
PARAMETRIC_REPRESENTATION_CONTEXT() REPRESENTATION_CONTEXT('2D SPACE',''
  ) );
#382 = ORIENTED_EDGE('',*,*,#332,.F.);
#383 = ORIENTED_EDGE('',*,*,#384,.F.);
#384 = EDGE_CURVE('',#24,#270,#385,.T.);
#385 = SURFACE_CURVE('',#386,(#391,#409),.PCURVE_S1.);
#386 = CIRCLE('',#387,6.);
#387 = AXIS2_PLACEMENT_3D('',#388,#389,#390);
#388 = CARTESIAN_POINT('',(13.067538223944,-4.839828971831,
    -14.51948691549));
#389 = DIRECTION('',(0.649331194829,-0.240493035122,-0.721479105366));
#390 = DIRECTION('',(0.743294146247,-1.387778780781E-17,0.668964731622)
  );
#391 = PCURVE('',#33,#392);
#392 = DEFINITIONAL_REPRESENTATION('',(#393),#408);
#393 = B_SPLINE_CURVE_WITH_KNOTS('',7,(#394,#395,#396,#397,#398,#399,
    #400,#401,#402,#403,#404,#405,#406,#407),.UNSPECIFIED.,.F.,.F.,(8,6,
    8),(4.122546163052,4.712388980385,5.302231797717),.UNSPECIFIED.);
#394 = CARTESIAN_POINT('',(7.362999099314E-13,-0.997580891104));
#395 = CARTESIAN_POINT('',(2.396730939764E-02,-0.977316164049));
#396 = CARTESIAN_POINT('',(4.265884672711E-02,-0.955521485228));
#397 = CARTESIAN_POINT('',(5.632408798076E-02,-0.932620203757));
#398 = CARTESIAN_POINT('',(6.544234929036E-02,-0.908994056591));
#399 = CARTESIAN_POINT('',(7.048456860318E-02,-0.884962601363));
#400 = CARTESIAN_POINT('',(7.188089140772E-02,-0.860804067615));
#401 = CARTESIAN_POINT('',(6.814333183505E-02,-0.812718769703));
#402 = CARTESIAN_POINT('',(6.300942886944E-02,-0.788792027197));
#403 = CARTESIAN_POINT('',(5.499136011779E-02,-0.765224362178));
#404 = CARTESIAN_POINT('',(4.44201806665E-02,-0.74222450153));
#405 = CARTESIAN_POINT('',(3.157367182823E-02,-0.719976701361));
#406 = CARTESIAN_POINT('',(1.669473445439E-02,-0.698646285968));
#407 = CARTESIAN_POINT('',(5.142553050064E-13,-0.678381558913));
#408 = ( GEOMETRIC_REPRESENTATION_CONTEXT(2) 
PARAMETRIC_REPRESENTATION_CONTEXT() REPRESENTATION_CONTEXT('2D SPACE',''
  ) );
#409 = PCURVE('',#320,#410);
#410 = DEFINITIONAL_REPRESENTATION('',(#411),#415);
#411 = LINE('',#412,#413);
#412 = CARTESIAN_POINT('',(-3.14159265359,20.124611797498));
#413 = VECTOR('',#414,1.);
#414 = DIRECTION('',(1.,0.));
#415 = ( GEOMETRIC_REPRESENTATION_CONTEXT(2) 
PARAMETRIC_REPRESENTATION_CONTEXT() REPRESENTATION_CONTEXT('2D SPACE',''
  ) );
#416 = FACE_BOUND('',#417,.T.);
#417 = EDGE_LOOP('',(#418));
#418 = ORIENTED_EDGE('',*,*,#419,.F.);
#419 = EDGE_CURVE('',#420,#420,#422,.T.);
#420 = VERTEX_POINT('',#421);
#421 = CARTESIAN_POINT('',(0.,20.124611797498,6.));
#422 = SURFACE_CURVE('',#423,(#428,#483),.PCURVE_S1.);
#423 = CIRCLE('',#424,6.);
#424 = AXIS2_PLACEMENT_3D('',#425,#426,#427);
#425 = CARTESIAN_POINT('',(0.,20.124611797498,0.));
#426 = DIRECTION('',(0.,1.,0.));
#427 = DIRECTION('',(0.,-0.,1.));
#428 = PCURVE('',#33,#429);
#429 = DEFINITIONAL_REPRESENTATION('',(#430),#482);
#430 = B_SPLINE_CURVE_WITH_KNOTS('',8,(#431,#432,#433,#434,#435,#436,
    #437,#438,#439,#440,#441,#442,#443,#444,#445,#446,#447,#448,#449,
    #450,#451,#452,#453,#454,#455,#456,#457,#458,#459,#460,#461,#462,
    #463,#464,#465,#466,#467,#468,#469,#470,#471,#472,#473,#474,#475,
    #476,#477,#478,#479,#480,#481),.UNSPECIFIED.,.T.,.F.,(9,7,7,7,7,7,7,
    9),(0.,0.785398163397,1.47262155637,2.675262494073,3.577243197349,
    4.253728724807,5.268457015993,6.28318530718),.UNSPECIFIED.);
#431 = CARTESIAN_POINT('',(1.570796326795,0.289751701436));
#432 = CARTESIAN_POINT('',(1.541526265416,0.289751701436));
#433 = CARTESIAN_POINT('',(1.512256204851,0.286467603784));
#434 = CARTESIAN_POINT('',(1.483492452235,0.279899448826));
#435 = CARTESIAN_POINT('',(1.455741311743,0.270132596095));
#436 = CARTESIAN_POINT('',(1.429469892394,0.257338604857));
#437 = CARTESIAN_POINT('',(1.405065597524,0.241758995095));
#438 = CARTESIAN_POINT('',(1.38283665578,0.223682649084));
#439 = CARTESIAN_POINT('',(1.345681031448,0.18571032006));
#440 = CARTESIAN_POINT('',(1.330188886659,0.166324236636));
#441 = CARTESIAN_POINT('',(1.316702914366,0.145487589347));
#442 = CARTESIAN_POINT('',(1.305340397,0.123434442301));
#443 = CARTESIAN_POINT('',(1.296182203337,0.10040922683));
#444 = CARTESIAN_POINT('',(1.289281458599,7.666159241003E-02));
#445 = CARTESIAN_POINT('',(1.284670815305,5.244365092038E-02));
#446 = CARTESIAN_POINT('',(1.278325932846,-1.475285154098E-02));
#447 = CARTESIAN_POINT('',(1.281342469853,-5.817924068802E-02));
#448 = CARTESIAN_POINT('',(1.291485226687,-0.100914526378));
#449 = CARTESIAN_POINT('',(1.308645714893,-0.141591116939));
#450 = CARTESIAN_POINT('',(1.332570511349,-0.178869418567));
#451 = CARTESIAN_POINT('',(1.362762596166,-0.211419325799));
#452 = CARTESIAN_POINT('',(1.398215034653,-0.238088892314));
#453 = CARTESIAN_POINT('',(1.467038065626,-0.273041354189));
#454 = CARTESIAN_POINT('',(1.498713331554,-0.284254041769));
#455 = CARTESIAN_POINT('',(1.53198308668,-0.291355136032));
#456 = CARTESIAN_POINT('',(1.56614259349,-0.294105599747));
#457 = CARTESIAN_POINT('',(1.600385155948,-0.292406017441));
#458 = CARTESIAN_POINT('',(1.633896269185,-0.286328645223));
#459 = CARTESIAN_POINT('',(1.665954684196,-0.27608955071));
#460 = CARTESIAN_POINT('',(1.71845498525,-0.251459158841));
#461 = CARTESIAN_POINT('',(1.739797371551,-0.238745862871));
#462 = CARTESIAN_POINT('',(1.759726744343,-0.224012754402));
#463 = CARTESIAN_POINT('',(1.778024901975,-0.207432483845));
#464 = CARTESIAN_POINT('',(1.794518504181,-0.189204011102));
#465 = CARTESIAN_POINT('',(1.809075804995,-0.169543608789));
#466 = CARTESIAN_POINT('',(1.82159868608,-0.148677626612));
#467 = CARTESIAN_POINT('',(1.847642846431,-9.408114785893E-02));
#468 = CARTESIAN_POINT('',(1.858532606673,-5.913487924187E-02));
#469 = CARTESIAN_POINT('',(1.864446708681,-2.278625884797E-02));
#470 = CARTESIAN_POINT('',(1.865284570264,1.414586302818E-02));
#471 = CARTESIAN_POINT('',(1.861035353571,5.084217274734E-02));
#472 = CARTESIAN_POINT('',(1.851744792742,8.648333057216E-02));
#473 = CARTESIAN_POINT('',(1.837565204847,0.120255771946));
#474 = CARTESIAN_POINT('',(1.800047766716,0.182528502831));
#475 = CARTESIAN_POINT('',(1.776709973865,0.2110288135));
#476 = CARTESIAN_POINT('',(1.749102410722,0.236125389416));
#477 = CARTESIAN_POINT('',(1.71769481787,0.257097625386));
#478 = CARTESIAN_POINT('',(1.683154702373,0.273306068439));
#479 = CARTESIAN_POINT('',(1.646429663419,0.284269713376));
#480 = CARTESIAN_POINT('',(1.608613017425,0.289751701436));
#481 = CARTESIAN_POINT('',(1.570796326795,0.289751701436));
#482 = ( GEOMETRIC_REPRESENTATION_CONTEXT(2) 
PARAMETRIC_REPRESENTATION_CONTEXT() REPRESENTATION_CONTEXT('2D SPACE',''
  ) );
#483 = PCURVE('',#484,#489);
#484 = CYLINDRICAL_SURFACE('',#485,6.);
#485 = AXIS2_PLACEMENT_3D('',#486,#487,#488);
#486 = CARTESIAN_POINT('',(0.,0.,0.));
#487 = DIRECTION('',(0.,1.,0.));
#488 = DIRECTION('',(0.,-0.,1.));
#489 = DEFINITIONAL_REPRESENTATION('',(#490),#494);
#490 = LINE('',#491,#492);
#491 = CARTESIAN_POINT('',(0.,20.124611797498));
#492 = VECTOR('',#493,1.);
#493 = DIRECTION('',(1.,0.));
#494 = ( GEOMETRIC_REPRESENTATION_CONTEXT(2) 
PARAMETRIC_REPRESENTATION_CONTEXT() REPRESENTATION_CONTEXT('2D SPACE',''
  ) );
#495 = FACE_BOUND('',#496,.T.);
#496 = EDGE_LOOP('',(#497));
#497 = ORIENTED_EDGE('',*,*,#498,.F.);
#498 = EDGE_CURVE('',#499,#499,#501,.T.);
#499 = VERTEX_POINT('',#500);
#500 = CARTESIAN_POINT('',(-20.571825393,-2.2360679775,3.577708764001));
#501 = SURFACE_CURVE('',#502,(#507,#576),.PCURVE_S1.);
#502 = CIRCLE('',#503,6.);
#503 = AXIS2_PLACEMENT_3D('',#504,#505,#506);
#504 = CARTESIAN_POINT('',(-17.88854381999,-2.2360679775,8.944271909999)
  );
#505 = DIRECTION('',(-0.888888888889,-0.111111111111,0.444444444444));
#506 = DIRECTION('',(-0.4472135955,0.,-0.894427191));
#507 = PCURVE('',#33,#508);
#508 = DEFINITIONAL_REPRESENTATION('',(#509),#575);
#509 = B_SPLINE_CURVE_WITH_KNOTS('',8,(#510,#511,#512,#513,#514,#515,
    #516,#517,#518,#519,#520,#521,#522,#523,#524,#525,#526,#527,#528,
    #529,#530,#531,#532,#533,#534,#535,#536,#537,#538,#539,#540,#541,
    #542,#543,#544,#545,#546,#547,#548,#549,#550,#551,#552,#553,#554,
    #555,#556,#557,#558,#559,#560,#561,#562,#563,#564,#565,#566,#567,
    #568,#569,#570,#571,#572,#573,#574),.UNSPECIFIED.,.T.,.F.,(9,7,7,7,7
    ,7,7,7,7,9),(0.,0.785398163397,1.47262155637,2.073942025221,
    2.600097435466,3.06048341943,3.866158891368,4.470415495321,
    5.37680040125,6.28318530718),.UNSPECIFIED.);
#510 = CARTESIAN_POINT('',(3.24986324445,0.171202187284));
#511 = CARTESIAN_POINT('',(3.27829311725,0.169787695915));
#512 = CARTESIAN_POINT('',(3.306861429345,0.171230306106));
#513 = CARTESIAN_POINT('',(3.33524204804,0.175547949744));
#514 = CARTESIAN_POINT('',(3.363105678627,0.182707949002));
#515 = CARTESIAN_POINT('',(3.390130700501,0.192625527614));
#516 = CARTESIAN_POINT('',(3.41601267059,0.205168175061));
#517 = CARTESIAN_POINT('',(3.440469010652,0.220162577446));
#518 = CARTESIAN_POINT('',(3.483155981174,0.252484298854));
#519 = CARTESIAN_POINT('',(3.501782703874,0.26928570941));
#520 = CARTESIAN_POINT('',(3.518938585918,0.287665780324));
#521 = CARTESIAN_POINT('',(3.534457512183,0.307464818326));
#522 = CARTESIAN_POINT('',(3.54818336305,0.328505995835));
#523 = CARTESIAN_POINT('',(3.55996618146,0.350597574951));
#524 = CARTESIAN_POINT('',(3.569658601369,0.373533828298));
#525 = CARTESIAN_POINT('',(3.583640784168,0.417709915867));
#526 = CARTESIAN_POINT('',(3.588454438912,0.438803423542));
#527 = CARTESIAN_POINT('',(3.591459699304,0.460227345429));
#528 = CARTESIAN_POINT('',(3.592561080259,0.481825513571));
#529 = CARTESIAN_POINT('',(3.591664742049,0.503433163406));
#530 = CARTESIAN_POINT('',(3.588680494069,0.524876086652));
#531 = CARTESIAN_POINT('',(3.583528041435,0.545970343239));
#532 = CARTESIAN_POINT('',(3.569693863937,0.584508306906));
#533 = CARTESIAN_POINT('',(3.561533814751,0.602078739134));
#534 = CARTESIAN_POINT('',(3.55163101228,0.619106584637));
#535 = CARTESIAN_POINT('',(3.539960374213,0.635458572464));
#536 = CARTESIAN_POINT('',(3.526515980562,0.65099759117));
#537 = CARTESIAN_POINT('',(3.511321265075,0.665584890592));
#538 = CARTESIAN_POINT('',(3.494439497215,0.679084138643));
#539 = CARTESIAN_POINT('',(3.459828399081,0.702115967898));
#540 = CARTESIAN_POINT('',(3.442468757262,0.711933420749));
#541 = CARTESIAN_POINT('',(3.423974813409,0.720734835203));
#542 = CARTESIAN_POINT('',(3.404446564486,0.728439563933));
#543 = CARTESIAN_POINT('',(3.384014498041,0.734975561259));
#544 = CARTESIAN_POINT('',(3.362838699654,0.740282908995));
#545 = CARTESIAN_POINT('',(3.341103080223,0.744316923423));
#546 = CARTESIAN_POINT('',(3.280332598108,0.751835203377));
#547 = CARTESIAN_POINT('',(3.240549545355,0.752637873871));
#548 = CARTESIAN_POINT('',(3.200712090771,0.749314893436));
#549 = CARTESIAN_POINT('',(3.161998899104,0.74188394363));
#550 = CARTESIAN_POINT('',(3.125555298508,0.730560985615));
#551 = CARTESIAN_POINT('',(3.092189295126,0.715719411331));
#552 = CARTESIAN_POINT('',(3.062419451661,0.697802645876));
#553 = CARTESIAN_POINT('',(3.017112508146,0.661899437972));
#554 = CARTESIAN_POINT('',(2.999877820283,0.645050193525));
#555 = CARTESIAN_POINT('',(2.98494584399,0.626939349063));
#556 = CARTESIAN_POINT('',(2.972362235723,0.607777244064));
#557 = CARTESIAN_POINT('',(2.962115975651,0.587772790744));
#558 = CARTESIAN_POINT('',(2.954159705873,0.567127937404));
#559 = CARTESIAN_POINT('',(2.948426325184,0.546035755994));
#560 = CARTESIAN_POINT('',(2.939449421995,0.492646624313));
#561 = CARTESIAN_POINT('',(2.938884275169,0.460020284404));
#562 = CARTESIAN_POINT('',(2.942869569778,0.427421853376));
#563 = CARTESIAN_POINT('',(2.951072578024,0.395423916853));
#564 = CARTESIAN_POINT('',(2.96316082884,0.364551164609));
#565 = CARTESIAN_POINT('',(2.978805700857,0.33528621545));
#566 = CARTESIAN_POINT('',(2.99766265815,0.308071504015));
#567 = CARTESIAN_POINT('',(3.041064560802,0.258524005757));
#568 = CARTESIAN_POINT('',(3.065609516855,0.236191257727));
#569 = CARTESIAN_POINT('',(3.092629740912,0.216690518156));
#570 = CARTESIAN_POINT('',(3.121733207449,0.200362022821));
#571 = CARTESIAN_POINT('',(3.152489576704,0.187487106732));
#572 = CARTESIAN_POINT('',(3.184428983461,0.178272102744));
#573 = CARTESIAN_POINT('',(3.217053888911,0.172834574124));
#574 = CARTESIAN_POINT('',(3.24986324445,0.171202187284));
#575 = ( GEOMETRIC_REPRESENTATION_CONTEXT(2) 
PARAMETRIC_REPRESENTATION_CONTEXT() REPRESENTATION_CONTEXT('2D SPACE',''
  ) );
#576 = PCURVE('',#577,#582);
#577 = CYLINDRICAL_SURFACE('',#578,6.);
#578 = AXIS2_PLACEMENT_3D('',#579,#580,#581);
#579 = CARTESIAN_POINT('',(0.,0.,0.));
#580 = DIRECTION('',(-0.888888888889,-0.111111111111,0.444444444444));
#581 = DIRECTION('',(-0.4472135955,0.,-0.894427191));
#582 = DEFINITIONAL_REPRESENTATION('',(#583),#587);
#583 = LINE('',#584,#585);
#584 = CARTESIAN_POINT('',(0.,20.124611797498));
#585 = VECTOR('',#586,1.);
#586 = DIRECTION('',(1.,0.));
#587 = ( GEOMETRIC_REPRESENTATION_CONTEXT(2) 
PARAMETRIC_REPRESENTATION_CONTEXT() REPRESENTATION_CONTEXT('2D SPACE',''
  ) );
#588 = ADVANCED_FACE('',(#589),#45,.T.);
#589 = FACE_BOUND('',#590,.T.);
#590 = EDGE_LOOP('',(#591,#649,#650));
#591 = ORIENTED_EDGE('',*,*,#592,.F.);
#592 = EDGE_CURVE('',#22,#593,#595,.T.);
#593 = VERTEX_POINT('',#594);
#594 = CARTESIAN_POINT('',(10.474729466772,-0.855992263654,
    -18.18096036634));
#595 = SURFACE_CURVE('',#596,(#601,#642),.PCURVE_S1.);
#596 = CIRCLE('',#597,16.5);
#597 = AXIS2_PLACEMENT_3D('',#598,#599,#600);
#598 = CARTESIAN_POINT('',(-4.82450640677,0.,-12.06126601692));
#599 = DIRECTION('',(-0.371390676354,0.,-0.928476690885));
#600 = DIRECTION('',(0.928476690885,0.,-0.371390676354));
#601 = PCURVE('',#45,#602);
#602 = DEFINITIONAL_REPRESENTATION('',(#603),#641);
#603 = B_SPLINE_CURVE_WITH_KNOTS('',8,(#604,#605,#606,#607,#608,#609,
    #610,#611,#612,#613,#614,#615,#616,#617,#618,#619,#620,#621,#622,
    #623,#624,#625,#626,#627,#628,#629,#630,#631,#632,#633,#634,#635,
    #636,#637,#638,#639,#640),.UNSPECIFIED.,.F.,.F.,(9,7,7,7,7,9),(0.,
    0.392699081699,0.736310778185,1.337631247036,2.239611950313,
    3.14159265359),.UNSPECIFIED.);
#604 = CARTESIAN_POINT('',(6.28318530718,-1.047452721616));
#605 = CARTESIAN_POINT('',(6.206013877736,-1.047452721616));
#606 = CARTESIAN_POINT('',(6.128842450483,-1.04584485492));
#607 = CARTESIAN_POINT('',(6.052114203303,-1.042629143514));
#608 = CARTESIAN_POINT('',(5.976272358708,-1.037838847476));
#609 = CARTESIAN_POINT('',(5.901710822109,-1.031540948214));
#610 = CARTESIAN_POINT('',(5.828723625562,-1.023827734287));
#611 = CARTESIAN_POINT('',(5.757508652599,-1.014805465746));
#612 = CARTESIAN_POINT('',(5.627517662643,-0.99564580155));
#613 = CARTESIAN_POINT('',(5.568299500842,-0.985788769929));
#614 = CARTESIAN_POINT('',(5.510602284219,-0.97509144752));
#615 = CARTESIAN_POINT('',(5.454453435143,-0.963633249431));
#616 = CARTESIAN_POINT('',(5.399839296154,-0.951493257682));
#617 = CARTESIAN_POINT('',(5.346717136986,-0.938747699712));
#618 = CARTESIAN_POINT('',(5.29502654038,-0.925468717239));
#619 = CARTESIAN_POINT('',(5.156616677824,-0.887670891374));
#620 = CARTESIAN_POINT('',(5.072701958626,-0.862191535994));
#621 = CARTESIAN_POINT('',(4.992566760893,-0.835649272456));
#622 = CARTESIAN_POINT('',(4.915723403815,-0.808364694833));
#623 = CARTESIAN_POINT('',(4.84169897143,-0.780612541254));
#624 = CARTESIAN_POINT('',(4.770069594772,-0.752630633587));
#625 = CARTESIAN_POINT('',(4.700456795747,-0.724631157729));
#626 = CARTESIAN_POINT('',(4.530643194341,-0.655064565235));
#627 = CARTESIAN_POINT('',(4.432551476806,-0.613713570647));
#628 = CARTESIAN_POINT('',(4.33714314994,-0.573394935994));
#629 = CARTESIAN_POINT('',(4.243547030772,-0.534645910238));
#630 = CARTESIAN_POINT('',(4.151110696592,-0.497945505131));
#631 = CARTESIAN_POINT('',(4.0593363086,-0.463733974996));
#632 = CARTESIAN_POINT('',(3.967870987251,-0.432412955371));
#633 = CARTESIAN_POINT('',(3.785091249566,-0.376260352613));
#634 = CARTESIAN_POINT('',(3.693776807939,-0.351428776748));
#635 = CARTESIAN_POINT('',(3.602304804446,-0.330196078496));
#636 = CARTESIAN_POINT('',(3.510561392569,-0.312869115857));
#637 = CARTESIAN_POINT('',(3.418535361246,-0.299698240171));
#638 = CARTESIAN_POINT('',(3.326292843161,-0.290859425896));
#639 = CARTESIAN_POINT('',(3.233942775916,-0.286439967391));
#640 = CARTESIAN_POINT('',(3.14159265359,-0.286439967391));
#641 = ( GEOMETRIC_REPRESENTATION_CONTEXT(2) 
PARAMETRIC_REPRESENTATION_CONTEXT() REPRESENTATION_CONTEXT('2D SPACE',''
  ) );
#642 = PCURVE('',#115,#643);
#643 = DEFINITIONAL_REPRESENTATION('',(#644),#648);
#644 = LINE('',#645,#646);
#645 = CARTESIAN_POINT('',(3.14159265359,12.990381056767));
#646 = VECTOR('',#647,1.);
#647 = DIRECTION('',(1.,0.));
#648 = ( GEOMETRIC_REPRESENTATION_CONTEXT(2) 
PARAMETRIC_REPRESENTATION_CONTEXT() REPRESENTATION_CONTEXT('2D SPACE',''
  ) );
#649 = ORIENTED_EDGE('',*,*,#21,.T.);
#650 = ORIENTED_EDGE('',*,*,#651,.F.);
#651 = EDGE_CURVE('',#593,#24,#652,.T.);
#652 = SURFACE_CURVE('',#653,(#658,#668),.PCURVE_S1.);
#653 = CIRCLE('',#654,6.);
#654 = AXIS2_PLACEMENT_3D('',#655,#656,#657);
#655 = CARTESIAN_POINT('',(13.067538223944,-4.839828971831,
    -14.51948691549));
#656 = DIRECTION('',(0.649331194829,-0.240493035122,-0.721479105366));
#657 = DIRECTION('',(0.743294146247,-1.387778780781E-17,0.668964731622)
  );
#658 = PCURVE('',#45,#659);
#659 = DEFINITIONAL_REPRESENTATION('',(#660),#667);
#660 = B_SPLINE_CURVE_WITH_KNOTS('',5,(#661,#662,#663,#664,#665,#666),
  .UNSPECIFIED.,.F.,.F.,(6,6),(3.890672155683,4.122546163052),
  .PIECEWISE_BEZIER_KNOTS.);
#661 = CARTESIAN_POINT('',(6.199818286551,-1.047452721616));
#662 = CARTESIAN_POINT('',(6.219975404764,-1.038846130079));
#663 = CARTESIAN_POINT('',(6.238424219582,-1.02946000302));
#664 = CARTESIAN_POINT('',(6.255092030415,-1.019389982021));
#665 = CARTESIAN_POINT('',(6.269994751532,-1.008733707864));
#666 = CARTESIAN_POINT('',(6.28318530718,-0.997580891104));
#667 = ( GEOMETRIC_REPRESENTATION_CONTEXT(2) 
PARAMETRIC_REPRESENTATION_CONTEXT() REPRESENTATION_CONTEXT('2D SPACE',''
  ) );
#668 = PCURVE('',#320,#669);
#669 = DEFINITIONAL_REPRESENTATION('',(#670),#674);
#670 = LINE('',#671,#672);
#671 = CARTESIAN_POINT('',(-3.14159265359,20.124611797498));
#672 = VECTOR('',#673,1.);
#673 = DIRECTION('',(1.,0.));
#674 = ( GEOMETRIC_REPRESENTATION_CONTEXT(2) 
PARAMETRIC_REPRESENTATION_CONTEXT() REPRESENTATION_CONTEXT('2D SPACE',''
  ) );
#675 = ADVANCED_FACE('',(#676,#875,#1202),#320,.T.);
#676 = FACE_BOUND('',#677,.T.);
#677 = EDGE_LOOP('',(#678,#728,#751,#778,#779,#872,#873,#874));
#678 = ORIENTED_EDGE('',*,*,#679,.T.);
#679 = EDGE_CURVE('',#212,#680,#682,.T.);
#680 = VERTEX_POINT('',#681);
#681 = CARTESIAN_POINT('',(9.224503982129,-5.068247725782,
    -19.21853156708));
#682 = SURFACE_CURVE('',#683,(#696,#712),.PCURVE_S1.);
#683 = B_SPLINE_CURVE_WITH_KNOTS('',6,(#684,#685,#686,#687,#688,#689,
    #690,#691,#692,#693,#694,#695),.UNSPECIFIED.,.F.,.F.,(7,5,7),(0.,
    0.614674334575,1.),.UNSPECIFIED.);
#684 = CARTESIAN_POINT('',(8.714345308752,-7.721490808152,
    -17.47680605691));
#685 = CARTESIAN_POINT('',(8.736694287168,-7.524829030763,
    -17.70133444606));
#686 = CARTESIAN_POINT('',(8.765420058338,-7.313273264825,
    -17.92018405408));
#687 = CARTESIAN_POINT('',(8.80089603642,-7.085004342692,-18.13224918417
    ));
#688 = CARTESIAN_POINT('',(8.843641420796,-6.838139822728,
    -18.33531369561));
#689 = CARTESIAN_POINT('',(8.894198594846,-6.570881942103,
    -18.52590646592));
#690 = CARTESIAN_POINT('',(8.990066313144,-6.100432055124,
    -18.80776544589));
#691 = CARTESIAN_POINT('',(9.03040333916,-5.910016584944,-18.90987395453
    ));
#692 = CARTESIAN_POINT('',(9.074109445893,-5.710980990089,
    -19.00361679287));
#693 = CARTESIAN_POINT('',(9.121103254168,-5.503903045262,
    -19.08729669676));
#694 = CARTESIAN_POINT('',(9.171273684351,-5.289423086206,
    -19.15938679177));
#695 = CARTESIAN_POINT('',(9.22450398213,-5.068247725783,-19.21853156708
    ));
#696 = PCURVE('',#320,#697);
#697 = DEFINITIONAL_REPRESENTATION('',(#698),#711);
#698 = B_SPLINE_CURVE_WITH_KNOTS('',6,(#699,#700,#701,#702,#703,#704,
    #705,#706,#707,#708,#709,#710),.UNSPECIFIED.,.F.,.F.,(7,5,7),(0.,
    0.614674334575,1.),.UNSPECIFIED.);
#699 = CARTESIAN_POINT('',(5.76558189428,20.1246114102));
#700 = CARTESIAN_POINT('',(5.810579874411,20.253820052654));
#701 = CARTESIAN_POINT('',(5.856969162862,20.379490323125));
#702 = CARTESIAN_POINT('',(5.905065343561,20.500629456794));
#703 = CARTESIAN_POINT('',(5.955149576315,20.615522972675));
#704 = CARTESIAN_POINT('',(6.007481258279,20.72158636545));
#705 = CARTESIAN_POINT('',(6.096723830203,20.874051709035));
#706 = CARTESIAN_POINT('',(6.132202866425,20.928119359438));
#707 = CARTESIAN_POINT('',(6.168665021343,20.976265922779));
#708 = CARTESIAN_POINT('',(6.206024680468,21.017352967195));
#709 = CARTESIAN_POINT('',(6.244215246545,21.050360753498));
#710 = CARTESIAN_POINT('',(6.28318530718,21.07440543221));
#711 = ( GEOMETRIC_REPRESENTATION_CONTEXT(2) 
PARAMETRIC_REPRESENTATION_CONTEXT() REPRESENTATION_CONTEXT('2D SPACE',''
  ) );
#712 = PCURVE('',#115,#713);
#713 = DEFINITIONAL_REPRESENTATION('',(#714),#727);
#714 = B_SPLINE_CURVE_WITH_KNOTS('',6,(#715,#716,#717,#718,#719,#720,
    #721,#722,#723,#724,#725,#726),.UNSPECIFIED.,.F.,.F.,(7,5,7),(0.,
    0.614674334575,1.),.UNSPECIFIED.);
#715 = CARTESIAN_POINT('',(3.628584013222,12.990380456767));
#716 = CARTESIAN_POINT('',(3.61509720628,13.190549630325));
#717 = CARTESIAN_POINT('',(3.60070456856,13.383077906596));
#718 = CARTESIAN_POINT('',(3.585306056879,13.566799989345));
#719 = CARTESIAN_POINT('',(3.568803153153,13.739465417743));
#720 = CARTESIAN_POINT('',(3.551109143329,13.897649899363));
#721 = CARTESIAN_POINT('',(3.520275057355,14.123745015644));
#722 = CARTESIAN_POINT('',(3.507864636852,14.203569590481));
#723 = CARTESIAN_POINT('',(3.494967645809,14.274375590275));
#724 = CARTESIAN_POINT('',(3.481628319941,14.334617368297));
#725 = CARTESIAN_POINT('',(3.467892358567,14.382918511156));
#726 = CARTESIAN_POINT('',(3.453806837751,14.418063820124));
#727 = ( GEOMETRIC_REPRESENTATION_CONTEXT(2) 
PARAMETRIC_REPRESENTATION_CONTEXT() REPRESENTATION_CONTEXT('2D SPACE',''
  ) );
#728 = ORIENTED_EDGE('',*,*,#729,.T.);
#729 = EDGE_CURVE('',#680,#730,#732,.T.);
#730 = VERTEX_POINT('',#731);
#731 = CARTESIAN_POINT('',(20.864151720857,-9.379228369756,-32.151473499
    ));
#732 = SEAM_CURVE('',#733,(#737,#744),.PCURVE_S1.);
#733 = LINE('',#734,#735);
#734 = CARTESIAN_POINT('',(-4.459764877483,0.,-4.013788389735));
#735 = VECTOR('',#736,1.);
#736 = DIRECTION('',(0.649331194829,-0.240493035122,-0.721479105366));
#737 = PCURVE('',#320,#738);
#738 = DEFINITIONAL_REPRESENTATION('',(#739),#743);
#739 = LINE('',#740,#741);
#740 = CARTESIAN_POINT('',(0.,-0.));
#741 = VECTOR('',#742,1.);
#742 = DIRECTION('',(0.,1.));
#743 = ( GEOMETRIC_REPRESENTATION_CONTEXT(2) 
PARAMETRIC_REPRESENTATION_CONTEXT() REPRESENTATION_CONTEXT('2D SPACE',''
  ) );
#744 = PCURVE('',#320,#745);
#745 = DEFINITIONAL_REPRESENTATION('',(#746),#750);
#746 = LINE('',#747,#748);
#747 = CARTESIAN_POINT('',(6.28318530718,-0.));
#748 = VECTOR('',#749,1.);
#749 = DIRECTION('',(0.,1.));
#750 = ( GEOMETRIC_REPRESENTATION_CONTEXT(2) 
PARAMETRIC_REPRESENTATION_CONTEXT() REPRESENTATION_CONTEXT('2D SPACE',''
  ) );
#751 = ORIENTED_EDGE('',*,*,#752,.F.);
#752 = EDGE_CURVE('',#730,#730,#753,.T.);
#753 = SURFACE_CURVE('',#754,(#759,#766),.PCURVE_S1.);
#754 = CIRCLE('',#755,6.);
#755 = AXIS2_PLACEMENT_3D('',#756,#757,#758);
#756 = CARTESIAN_POINT('',(25.32391659834,-9.379228369756,
    -28.13768510926));
#757 = DIRECTION('',(0.649331194829,-0.240493035122,-0.721479105366));
#758 = DIRECTION('',(-0.743294146247,0.,-0.668964731622));
#759 = PCURVE('',#320,#760);
#760 = DEFINITIONAL_REPRESENTATION('',(#761),#765);
#761 = LINE('',#762,#763);
#762 = CARTESIAN_POINT('',(0.,39.));
#763 = VECTOR('',#764,1.);
#764 = DIRECTION('',(1.,0.));
#765 = ( GEOMETRIC_REPRESENTATION_CONTEXT(2) 
PARAMETRIC_REPRESENTATION_CONTEXT() REPRESENTATION_CONTEXT('2D SPACE',''
  ) );
#766 = PCURVE('',#767,#772);
#767 = PLANE('',#768);
#768 = AXIS2_PLACEMENT_3D('',#769,#770,#771);
#769 = CARTESIAN_POINT('',(25.32391659834,-9.379228369756,
    -28.13768510926));
#770 = DIRECTION('',(0.649331194829,-0.240493035122,-0.721479105366));
#771 = DIRECTION('',(-0.743294146247,1.387778780781E-17,-0.668964731622)
  );
#772 = DEFINITIONAL_REPRESENTATION('',(#773),#777);
#773 = CIRCLE('',#774,6.);
#774 = AXIS2_PLACEMENT_2D('',#775,#776);
#775 = CARTESIAN_POINT('',(0.,0.));
#776 = DIRECTION('',(1.,0.));
#777 = ( GEOMETRIC_REPRESENTATION_CONTEXT(2) 
PARAMETRIC_REPRESENTATION_CONTEXT() REPRESENTATION_CONTEXT('2D SPACE',''
  ) );
#778 = ORIENTED_EDGE('',*,*,#729,.F.);
#779 = ORIENTED_EDGE('',*,*,#780,.T.);
#780 = EDGE_CURVE('',#680,#593,#781,.T.);
#781 = SURFACE_CURVE('',#782,(#810,#841),.PCURVE_S1.);
#782 = B_SPLINE_CURVE_WITH_KNOTS('',6,(#783,#784,#785,#786,#787,#788,
    #789,#790,#791,#792,#793,#794,#795,#796,#797,#798,#799,#800,#801,
    #802,#803,#804,#805,#806,#807,#808,#809),.UNSPECIFIED.,.F.,.F.,(7,5,
    5,5,5,7),(0.,0.140709276333,0.298633044735,0.377486449259,
    0.52454923925,1.),.UNSPECIFIED.);
#783 = CARTESIAN_POINT('',(9.22450398213,-5.068247725783,-19.21853156708
    ));
#784 = CARTESIAN_POINT('',(9.251348768973,-4.956705884891,
    -19.24835910801));
#785 = CARTESIAN_POINT('',(9.278927829903,-4.843644280065,
    -19.27484524547));
#786 = CARTESIAN_POINT('',(9.307173392904,-4.729361628907,
    -19.29778344571));
#787 = CARTESIAN_POINT('',(9.336013499335,-4.614161496394,
    -19.31702477472));
#788 = CARTESIAN_POINT('',(9.365372003927,-4.498352294875,
    -19.33247789828));
#789 = CARTESIAN_POINT('',(9.428610483371,-4.2519378879,-19.35716323447)
  );
#790 = CARTESIAN_POINT('',(9.462577114132,-4.121362108131,
    -19.36539244385));
#791 = CARTESIAN_POINT('',(9.496957052319,-3.990949876084,
    -19.36876514207));
#792 = CARTESIAN_POINT('',(9.531633627027,-3.861138783689,
    -19.36733766527));
#793 = CARTESIAN_POINT('',(9.566483794947,-3.732373657681,
    -19.36125428039));
#794 = CARTESIAN_POINT('',(9.618799670124,-3.541559793388,
    -19.34550089487));
#795 = CARTESIAN_POINT('',(9.636238324893,-3.478367613771,
    -19.33914986914));
#796 = CARTESIAN_POINT('',(9.65368053977,-3.415572219783,-19.33172134324
    ));
#797 = CARTESIAN_POINT('',(9.671115153877,-3.353210996688,
    -19.32324473742));
#798 = CARTESIAN_POINT('',(9.688532294108,-3.291316090167,
    -19.31375168345));
#799 = CARTESIAN_POINT('',(9.738358003798,-3.115399338878,
    -19.28373876277));
#800 = CARTESIAN_POINT('',(9.770685740369,-3.002656774578,
    -19.26079265939));
#801 = CARTESIAN_POINT('',(9.802872698878,-2.8917843627,-19.23464657494)
  );
#802 = CARTESIAN_POINT('',(9.834885325558,-2.782875835724,
    -19.20551572788));
#803 = CARTESIAN_POINT('',(9.866690398837,-2.676021009331,-19.1736216947
    ));
#804 = CARTESIAN_POINT('',(10.000302784494,-2.232763760244,
    -19.0278832904));
#805 = CARTESIAN_POINT('',(10.099799127018,-1.916704554728,
    -18.89011498588));
#806 = CARTESIAN_POINT('',(10.19667477506,-1.622500937183,
    -18.73247342711));
#807 = CARTESIAN_POINT('',(10.291162358613,-1.348831563574,
    -18.55980929546));
#808 = CARTESIAN_POINT('',(10.383650229317,-1.093951543948,
    -18.37537393097));
#809 = CARTESIAN_POINT('',(10.474729721736,-0.855991597514,
    -18.1809598221));
#810 = PCURVE('',#320,#811);
#811 = DEFINITIONAL_REPRESENTATION('',(#812),#840);
#812 = B_SPLINE_CURVE_WITH_KNOTS('',6,(#813,#814,#815,#816,#817,#818,
    #819,#820,#821,#822,#823,#824,#825,#826,#827,#828,#829,#830,#831,
    #832,#833,#834,#835,#836,#837,#838,#839),.UNSPECIFIED.,.F.,.F.,(7,5,
    5,5,5,7),(0.,0.140709276333,0.298633044735,0.377486449259,
    0.52454923925,1.),.UNSPECIFIED.);
#813 = CARTESIAN_POINT('',(0.,21.07440543221));
#814 = CARTESIAN_POINT('',(1.965314895192E-02,21.086531501417));
#815 = CARTESIAN_POINT('',(3.947211552663E-02,21.096358112262));
#816 = CARTESIAN_POINT('',(5.941483162033E-02,21.103764087977));
#817 = CARTESIAN_POINT('',(7.944024539882E-02,21.108668256071));
#818 = CARTESIAN_POINT('',(9.950832129748E-02,21.111029448335));
#819 = CARTESIAN_POINT('',(0.142107349818,21.110641171385));
#820 = CARTESIAN_POINT('',(0.164620622373,21.107231401354));
#821 = CARTESIAN_POINT('',(0.187066255894,21.100625465487));
#822 = CARTESIAN_POINT('',(0.209390497134,21.090893488888));
#823 = CARTESIAN_POINT('',(0.2315377813,21.078166639011));
#824 = CARTESIAN_POINT('',(0.264389666156,21.054881824894));
#825 = CARTESIAN_POINT('',(0.275274727667,21.04642587599));
#826 = CARTESIAN_POINT('',(0.286099266175,21.037290269107));
#827 = CARTESIAN_POINT('',(0.296859042334,21.027497974118));
#828 = CARTESIAN_POINT('',(0.30755056776,21.01707313258));
#829 = CARTESIAN_POINT('',(0.337978567399,20.985466071581));
#830 = CARTESIAN_POINT('',(0.357529241271,20.962788543778));
#831 = CARTESIAN_POINT('',(0.376818567818,20.938160643542));
#832 = CARTESIAN_POINT('',(0.395840746893,20.911738401));
#833 = CARTESIAN_POINT('',(0.414588737035,20.883681707191));
#834 = CARTESIAN_POINT('',(0.49275286984,20.758692902486));
#835 = CARTESIAN_POINT('',(0.54947787739,20.64789199075));
#836 = CARTESIAN_POINT('',(0.603568371046,20.526307359328));
#837 = CARTESIAN_POINT('',(0.6553349766,20.397271953348));
#838 = CARTESIAN_POINT('',(0.705116869323,20.262964081656));
#839 = CARTESIAN_POINT('',(0.753299333306,20.1246114102));
#840 = ( GEOMETRIC_REPRESENTATION_CONTEXT(2) 
PARAMETRIC_REPRESENTATION_CONTEXT() REPRESENTATION_CONTEXT('2D SPACE',''
  ) );
#841 = PCURVE('',#115,#842);
#842 = DEFINITIONAL_REPRESENTATION('',(#843),#871);
#843 = B_SPLINE_CURVE_WITH_KNOTS('',6,(#844,#845,#846,#847,#848,#849,
    #850,#851,#852,#853,#854,#855,#856,#857,#858,#859,#860,#861,#862,
    #863,#864,#865,#866,#867,#868,#869,#870),.UNSPECIFIED.,.F.,.F.,(7,5,
    5,5,5,7),(0.,0.140709276333,0.298633044735,0.377486449259,
    0.52454923925,1.),.UNSPECIFIED.);
#844 = CARTESIAN_POINT('',(3.453806837751,14.418063820124));
#845 = CARTESIAN_POINT('',(3.446703311758,14.435788093088));
#846 = CARTESIAN_POINT('',(3.439522552912,14.450137248259));
#847 = CARTESIAN_POINT('',(3.432283710558,14.460944693758));
#848 = CARTESIAN_POINT('',(3.425005873991,14.468098872613));
#849 = CARTESIAN_POINT('',(3.417708072455,14.47154326277));
#850 = CARTESIAN_POINT('',(3.402217536794,14.47097684037));
#851 = CARTESIAN_POINT('',(3.394031235886,14.466002579494));
#852 = CARTESIAN_POINT('',(3.385876355882,14.456365662678));
#853 = CARTESIAN_POINT('',(3.377778891469,14.44216172721));
#854 = CARTESIAN_POINT('',(3.369764938138,14.423570418713));
#855 = CARTESIAN_POINT('',(3.357914133036,14.389514139193));
#856 = CARTESIAN_POINT('',(3.353993666286,14.377140806042));
#857 = CARTESIAN_POINT('',(3.350101810228,14.36376571692));
#858 = CARTESIAN_POINT('',(3.346240665799,14.349420332874));
#859 = CARTESIAN_POINT('',(3.342412006163,14.334137690045));
#860 = CARTESIAN_POINT('',(3.331540048976,14.28776658875));
#861 = CARTESIAN_POINT('',(3.324584364299,14.254455446661));
#862 = CARTESIAN_POINT('',(3.3177548417,14.2182254804));
#863 = CARTESIAN_POINT('',(3.311055945311,14.179288976851));
#864 = CARTESIAN_POINT('',(3.304491984374,14.137864002787));
#865 = CARTESIAN_POINT('',(3.277295646377,13.952926897144));
#866 = CARTESIAN_POINT('',(3.257985312524,13.788060223708));
#867 = CARTESIAN_POINT('',(3.240059923972,13.605714998428));
#868 = CARTESIAN_POINT('',(3.223416593519,13.410308569284));
#869 = CARTESIAN_POINT('',(3.207935492254,13.204715499523));
#870 = CARTESIAN_POINT('',(3.19349423094,12.990380456767));
#871 = ( GEOMETRIC_REPRESENTATION_CONTEXT(2) 
PARAMETRIC_REPRESENTATION_CONTEXT() REPRESENTATION_CONTEXT('2D SPACE',''
  ) );
#872 = ORIENTED_EDGE('',*,*,#651,.T.);
#873 = ORIENTED_EDGE('',*,*,#384,.T.);
#874 = ORIENTED_EDGE('',*,*,#269,.T.);
#875 = FACE_BOUND('',#876,.T.);
#876 = EDGE_LOOP('',(#877));
#877 = ORIENTED_EDGE('',*,*,#878,.F.);
#878 = EDGE_CURVE('',#879,#879,#881,.T.);
#879 = VERTEX_POINT('',#880);
#880 = CARTESIAN_POINT('',(16.021780969091,-11.90147571127,
    -23.0873313717));
#881 = SURFACE_CURVE('',#882,(#985,#1091),.PCURVE_S1.);
#882 = B_SPLINE_CURVE_WITH_KNOTS('',6,(#883,#884,#885,#886,#887,#888,
    #889,#890,#891,#892,#893,#894,#895,#896,#897,#898,#899,#900,#901,
    #902,#903,#904,#905,#906,#907,#908,#909,#910,#911,#912,#913,#914,
    #915,#916,#917,#918,#919,#920,#921,#922,#923,#924,#925,#926,#927,
    #928,#929,#930,#931,#932,#933,#934,#935,#936,#937,#938,#939,#940,
    #941,#942,#943,#944,#945,#946,#947,#948,#949,#950,#951,#952,#953,
    #954,#955,#956,#957,#958,#959,#960,#961,#962,#963,#964,#965,#966,
    #967,#968,#969,#970,#971,#972,#973,#974,#975,#976,#977,#978,#979,
    #980,#981,#982,#983,#984),.UNSPECIFIED.,.T.,.F.,(7,5,5,5,5,5,5,5,5,5
    ,5,5,5,5,5,5,5,5,5,5,7),(0.,1.393959087751E-02,5.041937543242E-02,
    8.96157527583E-02,0.133288428522,0.216121650267,0.275298164926,
    0.324161578967,0.382764721201,0.442636388731,0.470011278071,
    0.506551777996,0.550297796401,0.633263715979,0.676800942019,
    0.716286359398,0.796458379752,0.824236269707,0.882821825803,
    0.939035829495,1.),.UNSPECIFIED.);
#883 = CARTESIAN_POINT('',(16.021780969089,-11.90147571127,
    -23.0873313717));
#884 = CARTESIAN_POINT('',(16.025724280847,-11.89082876952,
    -23.12972409041));
#885 = CARTESIAN_POINT('',(16.030327316495,-11.88047030535,
    -23.17191816474));
#886 = CARTESIAN_POINT('',(16.035573489713,-11.8704088169,-23.2139083692
    ));
#887 = CARTESIAN_POINT('',(16.041447062997,-11.8606526602,
    -23.25568979589));
#888 = CARTESIAN_POINT('',(16.047933147661,-11.85121004907,
    -23.29725785447));
#889 = CARTESIAN_POINT('',(16.073557923921,-11.81821949588,
    -23.44682194524));
#890 = CARTESIAN_POINT('',(16.096199146361,-11.79654936409,
    -23.55355946659));
#891 = CARTESIAN_POINT('',(16.122689116884,-11.77722827019,
    -23.65872722097));
#892 = CARTESIAN_POINT('',(16.152806532737,-11.76039787405,
    -23.76224297243));
#893 = CARTESIAN_POINT('',(16.18636070705,-11.74619251674,
    -23.86403532877));
#894 = CARTESIAN_POINT('',(16.262764471298,-11.7224343254,
    -24.07149851403));
#895 = CARTESIAN_POINT('',(16.306122317096,-11.71330611353,
    -24.17689918481));
#896 = CARTESIAN_POINT('',(16.353042529681,-11.70752244686,
    -24.28010143001));
#897 = CARTESIAN_POINT('',(16.403324207007,-11.70523024529,
    -24.38097135753));
#898 = CARTESIAN_POINT('',(16.456790662461,-11.70655385766,
    -24.47938251767));
#899 = CARTESIAN_POINT('',(16.576246531561,-11.71720720105,
    -24.68198844961));
#900 = CARTESIAN_POINT('',(16.642965165137,-11.72743353932,
    -24.78555390616));
#901 = CARTESIAN_POINT('',(16.71319123864,-11.74240529732,
    -24.88565894366));
#902 = CARTESIAN_POINT('',(16.786687243473,-11.76219202908,
    -24.98206905899));
#903 = CARTESIAN_POINT('',(16.863239330689,-11.78679664282,
    -25.07456268618));
#904 = CARTESIAN_POINT('',(17.09330022404,-11.87183178391,
    -25.33052829785));
#905 = CARTESIAN_POINT('',(17.253923582408,-11.94447837804,
    -25.48289886104));
#906 = CARTESIAN_POINT('',(17.423354764194,-12.03356977869,
    -25.61891638635));
#907 = CARTESIAN_POINT('',(17.600738721733,-12.13780774949,
    -25.73735065379));
#908 = CARTESIAN_POINT('',(17.785400857158,-12.25507523283,
    -25.83679983223));
#909 = CARTESIAN_POINT('',(18.113005639921,-12.47363653143,
    -25.97223601763));
#910 = CARTESIAN_POINT('',(18.252946729137,-12.57002454853,
    -26.01829628891));
#911 = CARTESIAN_POINT('',(18.39637418781,-12.67095703903,
    -26.05355306122));
#912 = CARTESIAN_POINT('',(18.54336916478,-12.77557553625,
    -26.07738303023));
#913 = CARTESIAN_POINT('',(18.693962466707,-12.88286151511,
    -26.08895048589));
#914 = CARTESIAN_POINT('',(18.975308644938,-13.08132831681,
    -26.08573944402));
#915 = CARTESIAN_POINT('',(19.105080870147,-13.17215237439,
    -26.07519948795));
#916 = CARTESIAN_POINT('',(19.237292711148,-13.2633106544,
    -26.05493702491));
#917 = CARTESIAN_POINT('',(19.371782708484,-13.35394313433,
    -26.0242243356));
#918 = CARTESIAN_POINT('',(19.508267869287,-13.44303982204,
    -25.98225035172));
#919 = CARTESIAN_POINT('',(19.811836511361,-13.63302216381,
    -25.86322254353));
#920 = CARTESIAN_POINT('',(19.980987993045,-13.73358955494,
    -25.78029834354));
#921 = CARTESIAN_POINT('',(20.150427528319,-13.82733616446,
    -25.67830125455));
#922 = CARTESIAN_POINT('',(20.317123498159,-13.91096919602,
    -25.55735411666));
#923 = CARTESIAN_POINT('',(20.478200761352,-13.98210700692,
    -25.41851420502));
#924 = CARTESIAN_POINT('',(20.78720135493,-14.09794206707,
    -25.10541638694));
#925 = CARTESIAN_POINT('',(20.932204378146,-14.14107393227,
    -24.93305089108));
#926 = CARTESIAN_POINT('',(21.063833836364,-14.16826902387,
    -24.74952315911));
#927 = CARTESIAN_POINT('',(21.180337012908,-14.18022219264,
    -24.5585561197));
#928 = CARTESIAN_POINT('',(21.280601725755,-14.178838563,-24.3644519029)
  );
#929 = CARTESIAN_POINT('',(21.40299862059,-14.16138876997,
    -24.08412642295));
#930 = CARTESIAN_POINT('',(21.43817524323,-14.15367461656,
    -23.99613326421));
#931 = CARTESIAN_POINT('',(21.470197017905,-14.14392692657,
    -23.90826854405));
#932 = CARTESIAN_POINT('',(21.499135620417,-14.13234350926,
    -23.82067981894));
#933 = CARTESIAN_POINT('',(21.52506254547,-14.11911325831,
    -23.73349760799));
#934 = CARTESIAN_POINT('',(21.578733146631,-14.08479529908,
    -23.53115887837));
#935 = CARTESIAN_POINT('',(21.604186106262,-14.06255528155,
    -23.41638179558));
#936 = CARTESIAN_POINT('',(21.62459511819,-14.0381032021,-23.30269448826
    ));
#937 = CARTESIAN_POINT('',(21.640123700775,-14.01180556557,
    -23.19024569853));
#938 = CARTESIAN_POINT('',(21.650910947975,-13.98398880986,
    -23.07914433002));
#939 = CARTESIAN_POINT('',(21.664444060339,-13.92016533745,
    -22.83814770526));
#940 = CARTESIAN_POINT('',(21.665185781306,-13.883620753,-22.70884924014
    ));
#941 = CARTESIAN_POINT('',(21.65948010891,-13.8458129081,-22.58173575023
    ));
#942 = CARTESIAN_POINT('',(21.647471617215,-13.80719043146,
    -22.45695109618));
#943 = CARTESIAN_POINT('',(21.629264189404,-13.76814761424,
    -22.33461361886));
#944 = CARTESIAN_POINT('',(21.558751737125,-13.65483341905,
    -21.98761967054));
#945 = CARTESIAN_POINT('',(21.490423614486,-13.58022130123,
    -21.76913866181));
#946 = CARTESIAN_POINT('',(21.400430227091,-13.50789105128,
    -21.56121181153));
#947 = CARTESIAN_POINT('',(21.289422822547,-13.43997275521,
    -21.3652654708));
#948 = CARTESIAN_POINT('',(21.158180715732,-13.37775894522,
    -21.18260253835));
#949 = CARTESIAN_POINT('',(20.928684354875,-13.29230379304,
    -20.9263705802));
#950 = CARTESIAN_POINT('',(20.844488589826,-13.26462731604,
    -20.84231604206));
#951 = CARTESIAN_POINT('',(20.755269621403,-13.23875512489,
    -20.76259653354));
#952 = CARTESIAN_POINT('',(20.661251105897,-13.21469174216,-20.687419095
    ));
#953 = CARTESIAN_POINT('',(20.562692973453,-13.19238044041,
    -20.61699009884));
#954 = CARTESIAN_POINT('',(20.366660746091,-13.15295954858,
    -20.4921286256));
#955 = CARTESIAN_POINT('',(20.269945356003,-13.1355604175,
    -20.43682118387));
#956 = CARTESIAN_POINT('',(20.169910749045,-13.11941478175,
    -20.38570321787));
#957 = CARTESIAN_POINT('',(20.066736430241,-13.1043965032,
    -20.33890501914));
#958 = CARTESIAN_POINT('',(19.960619151605,-13.09035316105,
    -20.29657224015));
#959 = CARTESIAN_POINT('',(19.630773302552,-13.05022089776,
    -20.18230037571));
#960 = CARTESIAN_POINT('',(19.398782876371,-13.02666250242,
    -20.12489124864));
#961 = CARTESIAN_POINT('',(19.156831665014,-13.00485503505,
    -20.08759964441));
#962 = CARTESIAN_POINT('',(18.90606711676,-12.98297456851,
    -20.07214140396));
#963 = CARTESIAN_POINT('',(18.648271808676,-12.95887238595,
    -20.08103452727));
#964 = CARTESIAN_POINT('',(18.295717766865,-12.92008343056,
    -20.13031144094));
#965 = CARTESIAN_POINT('',(18.204479634503,-12.90953366727,
    -20.14632194762));
#966 = CARTESIAN_POINT('',(18.112879476593,-12.89831503272,
    -20.16580278875));
#967 = CARTESIAN_POINT('',(18.021093176985,-12.88632344212,
    -20.18889824236));
#968 = CARTESIAN_POINT('',(17.929316598447,-12.87345267481,
    -20.21575706104));
#969 = CARTESIAN_POINT('',(17.644678816347,-12.83037116566,
    -20.31144019987));
#970 = CARTESIAN_POINT('',(17.450827582104,-12.79649310644,
    -20.39436439986));
#971 = CARTESIAN_POINT('',(17.261200758424,-12.75725217562,
    -20.49636148885));
#972 = CARTESIAN_POINT('',(17.080243457978,-12.71212473669,
    -20.61730862674));
#973 = CARTESIAN_POINT('',(16.911688552749,-12.66117655929,
    -20.75614853838));
#974 = CARTESIAN_POINT('',(16.611305846566,-12.55127137346,
    -21.05962470542));
#975 = CARTESIAN_POINT('',(16.480378883527,-12.49349457997,
    -21.22085612623));
#976 = CARTESIAN_POINT('',(16.367450066383,-12.43264095612,
    -21.39220687198));
#977 = CARTESIAN_POINT('',(16.273397427524,-12.37009990018,
    -21.57052472255));
#978 = CARTESIAN_POINT('',(16.198044497865,-12.30767994889,
    -21.75214602602));
#979 = CARTESIAN_POINT('',(16.077227283131,-12.18158117615,
    -22.12894610503));
#980 = CARTESIAN_POINT('',(16.034366986294,-12.11776161108,
    -22.3254076945));
#981 = CARTESIAN_POINT('',(16.009262938168,-12.05690546923,
    -22.5205087131));
#982 = CARTESIAN_POINT('',(15.999904093337,-12.00003264211,
    -22.71303440883));
#983 = CARTESIAN_POINT('',(16.004556753857,-11.9479810924,
    -22.90216180963));
#984 = CARTESIAN_POINT('',(16.021780969089,-11.90147571127,
    -23.0873313717));
#985 = PCURVE('',#320,#986);
#986 = DEFINITIONAL_REPRESENTATION('',(#987),#1090);
#987 = B_SPLINE_CURVE_WITH_KNOTS('',6,(#988,#989,#990,#991,#992,#993,
    #994,#995,#996,#997,#998,#999,#1000,#1001,#1002,#1003,#1004,#1005,
    #1006,#1007,#1008,#1009,#1010,#1011,#1012,#1013,#1014,#1015,#1016,
    #1017,#1018,#1019,#1020,#1021,#1022,#1023,#1024,#1025,#1026,#1027,
    #1028,#1029,#1030,#1031,#1032,#1033,#1034,#1035,#1036,#1037,#1038,
    #1039,#1040,#1041,#1042,#1043,#1044,#1045,#1046,#1047,#1048,#1049,
    #1050,#1051,#1052,#1053,#1054,#1055,#1056,#1057,#1058,#1059,#1060,
    #1061,#1062,#1063,#1064,#1065,#1066,#1067,#1068,#1069,#1070,#1071,
    #1072,#1073,#1074,#1075,#1076,#1077,#1078,#1079,#1080,#1081,#1082,
    #1083,#1084,#1085,#1086,#1087,#1088,#1089),.UNSPECIFIED.,.T.,.F.,(7,
    5,5,5,5,5,5,5,5,5,5,5,5,5,5,5,5,5,5,5,7),(0.,1.393959087751E-02,
    5.041937543242E-02,8.96157527583E-02,0.133288428522,0.216121650267,
    0.275298164926,0.324161578967,0.382764721201,0.442636388731,
    0.470011278071,0.506551777996,0.550297796401,0.633263715979,
    0.676800942019,0.716286359398,0.796458379752,0.824236269707,
    0.882821825803,0.939035829495,1.),.UNSPECIFIED.);
#988 = CARTESIAN_POINT('',(5.34256346585,29.922691379529));
#989 = CARTESIAN_POINT('',(5.347809044055,29.953276840296));
#990 = CARTESIAN_POINT('',(5.352950135293,29.984216739443));
#991 = CARTESIAN_POINT('',(5.357987020956,30.015498580623));
#992 = CARTESIAN_POINT('',(5.362919913374,30.047110613591));
#993 = CARTESIAN_POINT('',(5.367748955817,30.079041834201));
#994 = CARTESIAN_POINT('',(5.384840203087,30.195654168922));
#995 = CARTESIAN_POINT('',(5.396497135493,30.282153196595));
#996 = CARTESIAN_POINT('',(5.407444150534,30.370583709633));
#997 = CARTESIAN_POINT('',(5.41767795092,30.46077674596));
#998 = CARTESIAN_POINT('',(5.427193295802,30.552589286751));
#999 = CARTESIAN_POINT('',(5.445428266602,30.746167308027));
#1000 = CARTESIAN_POINT('',(5.454036344866,30.848170020129));
#1001 = CARTESIAN_POINT('',(5.461793148548,30.951704109813));
#1002 = CARTESIAN_POINT('',(5.468684395139,31.056577857987));
#1003 = CARTESIAN_POINT('',(5.474696450392,31.16261521072));
#1004 = CARTESIAN_POINT('',(5.485521665167,31.388919634335));
#1005 = CARTESIAN_POINT('',(5.490119172109,31.50942180046));
#1006 = CARTESIAN_POINT('',(5.493587304137,31.630846077098));
#1007 = CARTESIAN_POINT('',(5.49591111849,31.752885780661));
#1008 = CARTESIAN_POINT('',(5.497082719569,31.875242896552));
#1009 = CARTESIAN_POINT('',(5.497136670517,32.229752811002));
#1010 = CARTESIAN_POINT('',(5.493024210171,32.461453745733));
#1011 = CARTESIAN_POINT('',(5.484792049993,32.691030361271));
#1012 = CARTESIAN_POINT('',(5.472525317222,32.916727653652));
#1013 = CARTESIAN_POINT('',(5.456370121218,33.136587055967));
#1014 = CARTESIAN_POINT('',(5.422349181587,33.499587908924));
#1015 = CARTESIAN_POINT('',(5.406274656073,33.646868193689));
#1016 = CARTESIAN_POINT('',(5.388330596769,33.789710702325));
#1017 = CARTESIAN_POINT('',(5.368527170445,33.927511971006));
#1018 = CARTESIAN_POINT('',(5.346860169198,34.059444107923));
#1019 = CARTESIAN_POINT('',(5.303872629441,34.287544141886));
#1020 = CARTESIAN_POINT('',(5.283129093787,34.386047491132));
#1021 = CARTESIAN_POINT('',(5.261077149776,34.479200751548));
#1022 = CARTESIAN_POINT('',(5.237709660296,34.566167218783));
#1023 = CARTESIAN_POINT('',(5.213021814653,34.645935071835));
#1024 = CARTESIAN_POINT('',(5.155821430304,34.802865014333));
#1025 = CARTESIAN_POINT('',(5.122467734703,34.877058027547));
#1026 = CARTESIAN_POINT('',(5.08738460582,34.936037041578));
#1027 = CARTESIAN_POINT('',(5.051032655565,34.977130263603));
#1028 = CARTESIAN_POINT('',(5.0138704568,34.998660808189));
#1029 = CARTESIAN_POINT('',(4.938055885587,35.001268524328));
#1030 = CARTESIAN_POINT('',(4.900016671307,34.981438320071));
#1031 = CARTESIAN_POINT('',(4.862766950281,34.941038239696));
#1032 = CARTESIAN_POINT('',(4.826808712302,34.88178331161));
#1033 = CARTESIAN_POINT('',(4.792647188658,34.80651342743));
#1034 = CARTESIAN_POINT('',(4.746175381424,34.679544019221));
#1035 = CARTESIAN_POINT('',(4.732002659406,34.637044872015));
#1036 = CARTESIAN_POINT('',(4.718241033063,34.592100797982));
#1037 = CARTESIAN_POINT('',(4.704892809832,34.544912369106));
#1038 = CARTESIAN_POINT('',(4.691959791388,34.495665603565));
#1039 = CARTESIAN_POINT('',(4.662735512715,34.376279203339));
#1040 = CARTESIAN_POINT('',(4.646765664701,34.304648767705));
#1041 = CARTESIAN_POINT('',(4.631524995536,34.229997404228));
#1042 = CARTESIAN_POINT('',(4.617006752331,34.152626746673));
#1043 = CARTESIAN_POINT('',(4.603205294033,34.072784190818));
#1044 = CARTESIAN_POINT('',(4.574444340903,33.892348533024));
#1045 = CARTESIAN_POINT('',(4.559791081572,33.79075529661));
#1046 = CARTESIAN_POINT('',(4.546153700633,33.68624817519));
#1047 = CARTESIAN_POINT('',(4.533535670857,33.57913272973));
#1048 = CARTESIAN_POINT('',(4.52194467755,33.469656619573));
#1049 = CARTESIAN_POINT('',(4.4913767442,33.146270526556));
#1050 = CARTESIAN_POINT('',(4.475057586312,32.926329767653));
#1051 = CARTESIAN_POINT('',(4.462633544666,32.700484454626));
#1052 = CARTESIAN_POINT('',(4.454251705918,32.470698816228));
#1053 = CARTESIAN_POINT('',(4.449998822091,32.238729745116));
#1054 = CARTESIAN_POINT('',(4.449856127672,31.884293226066));
#1055 = CARTESIAN_POINT('',(4.450952442387,31.762322696411));
#1056 = CARTESIAN_POINT('',(4.453193724448,31.640651995588));
#1057 = CARTESIAN_POINT('',(4.456572431155,31.519576813525));
#1058 = CARTESIAN_POINT('',(4.461074014563,31.399401181811));
#1059 = CARTESIAN_POINT('',(4.471758545209,31.17254594746));
#1060 = CARTESIAN_POINT('',(4.477745708368,31.065658094233));
#1061 = CARTESIAN_POINT('',(4.484625649142,30.95993904605));
#1062 = CARTESIAN_POINT('',(4.492384433474,30.855569028405));
#1063 = CARTESIAN_POINT('',(4.501007402359,30.752744227584));
#1064 = CARTESIAN_POINT('',(4.529711963039,30.446468735975));
#1065 = CARTESIAN_POINT('',(4.552423087655,30.248744999722));
#1066 = CARTESIAN_POINT('',(4.578543402574,30.059488873287));
#1067 = CARTESIAN_POINT('',(4.608081861048,29.880244732245));
#1068 = CARTESIAN_POINT('',(4.641085333645,29.713469992441));
#1069 = CARTESIAN_POINT('',(4.690284373222,29.510769445209));
#1070 = CARTESIAN_POINT('',(4.703373469617,29.46053978115));
#1071 = CARTESIAN_POINT('',(4.716890709915,29.41241795753));
#1072 = CARTESIAN_POINT('',(4.730834388371,29.366597243124));
#1073 = CARTESIAN_POINT('',(4.745202273477,29.323286594299));
#1074 = CARTESIAN_POINT('',(4.791184068826,29.197134985667));
#1075 = CARTESIAN_POINT('',(4.824537764427,29.122941972453));
#1076 = CARTESIAN_POINT('',(4.859620893309,29.063962958421));
#1077 = CARTESIAN_POINT('',(4.895972843565,29.022869736397));
#1078 = CARTESIAN_POINT('',(4.93313504233,29.001339191811));
#1079 = CARTESIAN_POINT('',(5.006619794216,28.998811612081));
#1080 = CARTESIAN_POINT('',(5.042399027015,29.016226835553));
#1081 = CARTESIAN_POINT('',(5.077524304292,29.051889741836));
#1082 = CARTESIAN_POINT('',(5.11155562378,29.104430344407));
#1083 = CARTESIAN_POINT('',(5.144050853705,29.171525748558));
#1084 = CARTESIAN_POINT('',(5.207708325125,29.334602869484));
#1085 = CARTESIAN_POINT('',(5.238768212528,29.433167112634));
#1086 = CARTESIAN_POINT('',(5.267769334661,29.542992101162));
#1087 = CARTESIAN_POINT('',(5.294724211234,29.662140859173));
#1088 = CARTESIAN_POINT('',(5.319651007094,29.789095409546));
#1089 = CARTESIAN_POINT('',(5.34256346585,29.922691379529));
#1090 = ( GEOMETRIC_REPRESENTATION_CONTEXT(2) 
PARAMETRIC_REPRESENTATION_CONTEXT() REPRESENTATION_CONTEXT('2D SPACE',''
  ) );
#1091 = PCURVE('',#1092,#1097);
#1092 = CYLINDRICAL_SURFACE('',#1093,3.);
#1093 = AXIS2_PLACEMENT_3D('',#1094,#1095,#1096);
#1094 = CARTESIAN_POINT('',(23.557113081124,-0.193787038112,
    -23.0873313717));
#1095 = DIRECTION('',(-0.347314355824,-0.937748760724,0.));
#1096 = DIRECTION('',(-0.937748760724,0.347314355824,0.));
#1097 = DEFINITIONAL_REPRESENTATION('',(#1098),#1201);
#1098 = B_SPLINE_CURVE_WITH_KNOTS('',6,(#1099,#1100,#1101,#1102,#1103,
    #1104,#1105,#1106,#1107,#1108,#1109,#1110,#1111,#1112,#1113,#1114,
    #1115,#1116,#1117,#1118,#1119,#1120,#1121,#1122,#1123,#1124,#1125,
    #1126,#1127,#1128,#1129,#1130,#1131,#1132,#1133,#1134,#1135,#1136,
    #1137,#1138,#1139,#1140,#1141,#1142,#1143,#1144,#1145,#1146,#1147,
    #1148,#1149,#1150,#1151,#1152,#1153,#1154,#1155,#1156,#1157,#1158,
    #1159,#1160,#1161,#1162,#1163,#1164,#1165,#1166,#1167,#1168,#1169,
    #1170,#1171,#1172,#1173,#1174,#1175,#1176,#1177,#1178,#1179,#1180,
    #1181,#1182,#1183,#1184,#1185,#1186,#1187,#1188,#1189,#1190,#1191,
    #1192,#1193,#1194,#1195,#1196,#1197,#1198,#1199,#1200),
  .UNSPECIFIED.,.F.,.F.,(7,5,5,5,5,5,5,5,5,5,5,5,5,5,5,5,5,5,5,5,7),(0.,
    1.393959087751E-02,5.041937543242E-02,8.96157527583E-02,
    0.133288428522,0.216121650267,0.275298164926,0.324161578967,
    0.382764721201,0.442636388731,0.470011278071,0.506551777996,
    0.550297796401,0.633263715979,0.676800942019,0.716286359398,
    0.796458379752,0.824236269707,0.882821825803,0.939035829495,1.),
  .UNSPECIFIED.);
#1099 = CARTESIAN_POINT('',(0.,13.595999562606));
#1100 = CARTESIAN_POINT('',(1.413090623593E-02,13.584645837395));
#1101 = CARTESIAN_POINT('',(2.819560510406E-02,13.573333500089));
#1102 = CARTESIAN_POINT('',(4.219741135357E-02,13.562076280499));
#1103 = CARTESIAN_POINT('',(5.613954583369E-02,13.550887480318));
#1104 = CARTESIAN_POINT('',(7.002513549365E-02,13.539779973119));
#1105 = CARTESIAN_POINT('',(0.120055637409,13.499943270085));
#1106 = CARTESIAN_POINT('',(0.155892448088,13.471758509271));
#1107 = CARTESIAN_POINT('',(0.19141672138,13.444439830356));
#1108 = CARTESIAN_POINT('',(0.22667370087,13.418196936351));
#1109 = CARTESIAN_POINT('',(0.26170776712,13.393222033705));
#1110 = CARTESIAN_POINT('',(0.334018841111,13.344406695049));
#1111 = CARTESIAN_POINT('',(0.371270504465,13.3207879234));
#1112 = CARTESIAN_POINT('',(0.40835450361,13.299068233739));
#1113 = CARTESIAN_POINT('',(0.445304228395,13.279455176192));
#1114 = CARTESIAN_POINT('',(0.48215401875,13.262126724514));
#1115 = CARTESIAN_POINT('',(0.559928765856,13.230628145845));
#1116 = CARTESIAN_POINT('',(0.600836088261,13.217045542648));
#1117 = CARTESIAN_POINT('',(0.64168202855,13.206694766675));
#1118 = CARTESIAN_POINT('',(0.682487263107,13.199723532288));
#1119 = CARTESIAN_POINT('',(0.72327457511,13.19620883947));
#1120 = CARTESIAN_POINT('',(0.84144458354,13.196046986678));
#1121 = CARTESIAN_POINT('',(0.918672497623,13.208384442047));
#1122 = CARTESIAN_POINT('',(0.996020886624,13.233083910844));
#1123 = CARTESIAN_POINT('',(1.073721363099,13.269224943837));
#1124 = CARTESIAN_POINT('',(1.151991759316,13.315056570403));
#1125 = CARTESIAN_POINT('',(1.287443367678,13.406230313216));
#1126 = CARTESIAN_POINT('',(1.344323354945,13.448014507543));
#1127 = CARTESIAN_POINT('',(1.401851142541,13.492849410006));
#1128 = CARTESIAN_POINT('',(1.460234519882,13.539901810395));
#1129 = CARTESIAN_POINT('',(1.519688403367,13.588205888463));
#1130 = CARTESIAN_POINT('',(1.630614367272,13.676602319139));
#1131 = CARTESIAN_POINT('',(1.681725076414,13.716700709779));
#1132 = CARTESIAN_POINT('',(1.733896391698,13.756265203495));
#1133 = CARTESIAN_POINT('',(1.787248758457,13.794545392445));
#1134 = CARTESIAN_POINT('',(1.84191266059,13.830692445223));
#1135 = CARTESIAN_POINT('',(1.965347909723,13.903414403413));
#1136 = CARTESIAN_POINT('',(2.035325651627,13.938972611913));
#1137 = CARTESIAN_POINT('',(2.107233663889,13.968034595773));
#1138 = CARTESIAN_POINT('',(2.180566088195,13.988565464086));
#1139 = CARTESIAN_POINT('',(2.254920253552,13.999330412195));
#1140 = CARTESIAN_POINT('',(2.406551264626,14.000634254195));
#1141 = CARTESIAN_POINT('',(2.48260012165,13.990719475731));
#1142 = CARTESIAN_POINT('',(2.557649280274,13.970504838686));
#1143 = CARTESIAN_POINT('',(2.631251986666,13.941250682177));
#1144 = CARTESIAN_POINT('',(2.702850094945,13.905129811044));
#1145 = CARTESIAN_POINT('',(2.803073043575,13.84625609057));
#1146 = CARTESIAN_POINT('',(2.834072466825,13.826804806733));
#1147 = CARTESIAN_POINT('',(2.86464621186,13.806542300487));
#1148 = CARTESIAN_POINT('',(2.894812910634,13.785629173162));
#1149 = CARTESIAN_POINT('',(2.924589564058,13.764217728455));
#1150 = CARTESIAN_POINT('',(2.993240308051,13.713395534448));
#1151 = CARTESIAN_POINT('',(3.031831731876,13.683699807296));
#1152 = CARTESIAN_POINT('',(3.069833175125,13.653681557267));
#1153 = CARTESIAN_POINT('',(3.10730432509,13.623627681544));
#1154 = CARTESIAN_POINT('',(3.144303530372,13.593795987533));
#1155 = CARTESIAN_POINT('',(3.224697816058,13.529245361171));
#1156 = CARTESIAN_POINT('',(3.267921176947,13.494718112056));
#1157 = CARTESIAN_POINT('',(3.31065286202,13.461245514291));
#1158 = CARTESIAN_POINT('',(3.352972810441,13.429198056243));
#1159 = CARTESIAN_POINT('',(3.394958993043,13.39890940384));
#1160 = CARTESIAN_POINT('',(3.515849456616,13.317139144668));
#1161 = CARTESIAN_POINT('',(3.594252301404,13.270903061544));
#1162 = CARTESIAN_POINT('',(3.672074889597,13.234331454658));
#1163 = CARTESIAN_POINT('',(3.749537996872,13.209195621892));
#1164 = CARTESIAN_POINT('',(3.826876189909,13.196436966462));
#1165 = CARTESIAN_POINT('',(3.945021954776,13.196008884142));
#1166 = CARTESIAN_POINT('',(3.985674750775,13.199297700036));
#1167 = CARTESIAN_POINT('',(4.026344406877,13.206023113395));
#1168 = CARTESIAN_POINT('',(4.067053270104,13.216111686202));
#1169 = CARTESIAN_POINT('',(4.107821647814,13.229419944922));
#1170 = CARTESIAN_POINT('',(4.185713812437,13.260537859227));
#1171 = CARTESIAN_POINT('',(4.222821300596,13.277812489024));
#1172 = CARTESIAN_POINT('',(4.260028421099,13.297415394188));
#1173 = CARTESIAN_POINT('',(4.297369982305,13.319165944161));
#1174 = CARTESIAN_POINT('',(4.33487978595,13.34285287173));
#1175 = CARTESIAN_POINT('',(4.449164663251,13.419779090153));
#1176 = CARTESIAN_POINT('',(4.526484465848,13.478260839543));
#1177 = CARTESIAN_POINT('',(4.605119939776,13.541844043154));
#1178 = CARTESIAN_POINT('',(4.68563534958,13.608419790314));
#1179 = CARTESIAN_POINT('',(4.768586579698,13.675354009855));
#1180 = CARTESIAN_POINT('',(4.884449825404,13.761426794928));
#1181 = CARTESIAN_POINT('',(4.91464686591,13.783222080643));
#1182 = CARTESIAN_POINT('',(4.945244311297,13.80451586984));
#1183 = CARTESIAN_POINT('',(4.976260234132,13.825149470136));
#1184 = CARTESIAN_POINT('',(5.007714405499,13.844955247292));
#1185 = CARTESIAN_POINT('',(5.106940563313,13.903414403414));
#1186 = CARTESIAN_POINT('',(5.176918305217,13.938972611914));
#1187 = CARTESIAN_POINT('',(5.248826317479,13.968034595773));
#1188 = CARTESIAN_POINT('',(5.322158741786,13.988565464086));
#1189 = CARTESIAN_POINT('',(5.396512907142,13.999330412195));
#1190 = CARTESIAN_POINT('',(5.543484222138,14.000594186485));
#1191 = CARTESIAN_POINT('',(5.61501669145,13.991886883822));
#1192 = CARTESIAN_POINT('',(5.685719290745,13.974043272852));
#1193 = CARTESIAN_POINT('',(5.755181773962,13.948061306828));
#1194 = CARTESIAN_POINT('',(5.822904917034,13.915698229081));
#1195 = CARTESIAN_POINT('',(5.958983419604,13.839410814326));
#1196 = CARTESIAN_POINT('',(6.027426547231,13.794450092659));
#1197 = CARTESIAN_POINT('',(6.093821454081,13.746101317358));
#1198 = CARTESIAN_POINT('',(6.158419571802,13.696019355373));
#1199 = CARTESIAN_POINT('',(6.221462119823,13.645592143342));
#1200 = CARTESIAN_POINT('',(6.28318530718,13.595999562606));
#1201 = ( GEOMETRIC_REPRESENTATION_CONTEXT(2) 
PARAMETRIC_REPRESENTATION_CONTEXT() REPRESENTATION_CONTEXT('2D SPACE',''
  ) );
#1202 = FACE_BOUND('',#1203,.T.);
#1203 = EDGE_LOOP('',(#1204));
#1204 = ORIENTED_EDGE('',*,*,#1205,.T.);
#1205 = EDGE_CURVE('',#1206,#1206,#1208,.T.);
#1206 = VERTEX_POINT('',#1207);
#1207 = CARTESIAN_POINT('',(19.908922935639,-1.406192401591,
    -23.0873313717));
#1208 = SURFACE_CURVE('',#1209,(#1312,#1418),.PCURVE_S1.);
#1209 = B_SPLINE_CURVE_WITH_KNOTS('',6,(#1210,#1211,#1212,#1213,#1214,
    #1215,#1216,#1217,#1218,#1219,#1220,#1221,#1222,#1223,#1224,#1225,
    #1226,#1227,#1228,#1229,#1230,#1231,#1232,#1233,#1234,#1235,#1236,
    #1237,#1238,#1239,#1240,#1241,#1242,#1243,#1244,#1245,#1246,#1247,
    #1248,#1249,#1250,#1251,#1252,#1253,#1254,#1255,#1256,#1257,#1258,
    #1259,#1260,#1261,#1262,#1263,#1264,#1265,#1266,#1267,#1268,#1269,
    #1270,#1271,#1272,#1273,#1274,#1275,#1276,#1277,#1278,#1279,#1280,
    #1281,#1282,#1283,#1284,#1285,#1286,#1287,#1288,#1289,#1290,#1291,
    #1292,#1293,#1294,#1295,#1296,#1297,#1298,#1299,#1300,#1301,#1302,
    #1303,#1304,#1305,#1306,#1307,#1308,#1309,#1310,#1311),
  .UNSPECIFIED.,.T.,.F.,(7,5,5,5,5,5,5,5,5,5,5,5,5,5,5,5,5,5,5,5,7),(0.,
    1.393959088028E-02,5.041937544245E-02,8.961575277618E-02,
    0.133288428548,0.21612165031,0.275298160405,0.324161574758,
    0.382764717366,0.442636385278,0.47001127479,0.506551774943,
    0.550297793621,0.633263713717,0.676800940028,0.716286357653,
    0.796458378507,0.824236268636,0.882821825097,0.93903582914,1.),
  .UNSPECIFIED.);
#1210 = CARTESIAN_POINT('',(19.90892293564,-1.406192401587,
    -23.0873313717));
#1211 = CARTESIAN_POINT('',(19.904979623882,-1.416839343333,
    -23.12972409041));
#1212 = CARTESIAN_POINT('',(19.901724785241,-1.427697139736,
    -23.17191816474));
#1213 = CARTESIAN_POINT('',(19.899151370519,-1.438748538732,
    -23.2139083692));
#1214 = CARTESIAN_POINT('',(19.897252881949,-1.449976949035,
    -23.25568979589));
#1215 = CARTESIAN_POINT('',(19.896023373197,-1.461366440129,
    -23.29725785447));
#1216 = CARTESIAN_POINT('',(19.893976431753,-1.503089524737,
    -23.44682194524));
#1217 = CARTESIAN_POINT('',(19.8970397101,-1.534279842001,
    -23.55355946659));
#1218 = CARTESIAN_POINT('',(19.904553341885,-1.566194862687,
    -23.65872722097));
#1219 = CARTESIAN_POINT('',(19.916441690085,-1.598582949214,
    -23.76224297243));
#1220 = CARTESIAN_POINT('',(19.93264757995,-1.631217959919,
    -23.86403532877));
#1221 = CARTESIAN_POINT('',(19.975142808398,-1.699012815228,
    -24.07149851403));
#1222 = CARTESIAN_POINT('',(20.002094377275,-1.734181551049,
    -24.17689918481));
#1223 = CARTESIAN_POINT('',(20.033927469814,-1.769133108505,
    -24.28010143001));
#1224 = CARTESIAN_POINT('',(20.070585354245,-1.803625147758,
    -24.38097135753));
#1225 = CARTESIAN_POINT('',(20.112014969634,-1.837448228296,
    -24.47938251767));
#1226 = CARTESIAN_POINT('',(20.209591021615,-1.907177077904,
    -24.68198844961));
#1227 = CARTESIAN_POINT('',(20.266874789031,-1.94287755481,
    -24.78555390616));
#1228 = CARTESIAN_POINT('',(20.329910916356,-1.977262167491,
    -24.88565894366));
#1229 = CARTESIAN_POINT('',(20.398564501627,-2.010123432065,
    -24.98206905899));
#1230 = CARTESIAN_POINT('',(20.4726751823,-2.041319843471,
    -25.07456268618));
#1231 = CARTESIAN_POINT('',(20.702623648054,-2.126658539079,
    -25.33052829785));
#1232 = CARTESIAN_POINT('',(20.871816957151,-2.176166266238,
    -25.48289886104));
#1233 = CARTESIAN_POINT('',(21.058405099125,-2.218933874384,
    -25.61891638635));
#1234 = CARTESIAN_POINT('',(21.26089365585,-2.255389427383,
    -25.73735065379));
#1235 = CARTESIAN_POINT('',(21.477391754989,-2.286699808696,
    -25.83679983223));
#1236 = CARTESIAN_POINT('',(21.868328424662,-2.334264977095,
    -25.97223601326));
#1237 = CARTESIAN_POINT('',(22.037294049828,-2.352286845223,
    -26.01829629293));
#1238 = CARTESIAN_POINT('',(22.211865095289,-2.369131584896,
    -26.0535530633));
#1239 = CARTESIAN_POINT('',(22.391543998982,-2.385503419412,
    -26.07738302718));
#1240 = CARTESIAN_POINT('',(22.575690739105,-2.402195223463,
    -26.08895048574));
#1241 = CARTESIAN_POINT('',(22.918439600415,-2.434874737024,
    -26.08573944402));
#1242 = CARTESIAN_POINT('',(23.076065319053,-2.450494362346,
    -26.07519948795));
#1243 = CARTESIAN_POINT('',(23.235759793352,-2.467449532451,
    -26.05493702491));
#1244 = CARTESIAN_POINT('',(23.39684030902,-2.486287612889,
    -26.0242243356));
#1245 = CARTESIAN_POINT('',(23.558434250523,-2.507590592704,
    -25.98225035172));
#1246 = CARTESIAN_POINT('',(23.912517652724,-2.561183082139,
    -25.86322254353));
#1247 = CARTESIAN_POINT('',(24.106368886966,-2.595061141356,
    -25.78029834354));
#1248 = CARTESIAN_POINT('',(24.295995710647,-2.634302072184,
    -25.67830125455));
#1249 = CARTESIAN_POINT('',(24.476953011092,-2.679429511106,
    -25.55735411666));
#1250 = CARTESIAN_POINT('',(24.645507916321,-2.73037768851,
    -25.41851420502));
#1251 = CARTESIAN_POINT('',(24.955414195987,-2.843767396223,
    -25.10541638694));
#1252 = CARTESIAN_POINT('',(25.093530129413,-2.905494403857,
    -24.93305089108));
#1253 = CARTESIAN_POINT('',(25.211117920343,-2.970601997128,
    -24.74952315911));
#1254 = CARTESIAN_POINT('',(25.307300319842,-3.037421263927,
    -24.5585561197));
#1255 = CARTESIAN_POINT('',(25.38247443851,-3.10378223857,-24.3644519029
    ));
#1256 = CARTESIAN_POINT('',(25.46397595674,-3.196749962366,
    -24.08412642296));
#1257 = CARTESIAN_POINT('',(25.485641159152,-3.225516643578,
    -23.99613326421));
#1258 = CARTESIAN_POINT('',(25.503588015218,-3.253771233838,
    -23.90826854404));
#1259 = CARTESIAN_POINT('',(25.517999759038,-3.281410334982,
    -23.82067981894));
#1260 = CARTESIAN_POINT('',(25.52905367984,-3.308337195507,-23.733497608
    ));
#1261 = CARTESIAN_POINT('',(25.547421725855,-3.369336135174,
    -23.53115887837));
#1262 = CARTESIAN_POINT('',(25.552247180793,-3.402790380319,
    -23.41638179558));
#1263 = CARTESIAN_POINT('',(25.551804654378,-3.4346374544,
    -23.30269448826));
#1264 = CARTESIAN_POINT('',(25.546456951989,-3.464705787298,
    -23.19024569853));
#1265 = CARTESIAN_POINT('',(25.536522248012,-3.492838299763,
    -23.07914433002));
#1266 = CARTESIAN_POINT('',(25.50521664195,-3.5500793671,-22.83814770526
    ));
#1267 = CARTESIAN_POINT('',(25.481974744348,-3.578290552792,
    -22.70884924014));
#1268 = CARTESIAN_POINT('',(25.45301804449,-3.60326048204,
    -22.58173575023));
#1269 = CARTESIAN_POINT('',(25.4187484683,-3.624742933537,
    -22.45695109618));
#1270 = CARTESIAN_POINT('',(25.379501672893,-3.642506408826,
    -22.33461361886));
#1271 = CARTESIAN_POINT('',(25.252189250835,-3.68255213204,
    -21.98761967054));
#1272 = CARTESIAN_POINT('',(25.151744217344,-3.694655673518,
    -21.76913866181));
#1273 = CARTESIAN_POINT('',(25.036347141774,-3.690915381634,
    -21.56121181153));
#1274 = CARTESIAN_POINT('',(24.9078796661,-3.670139277619,-21.3652654708
    ));
#1275 = CARTESIAN_POINT('',(24.767775030902,-3.631854294269,
    -21.18260253835));
#1276 = CARTESIAN_POINT('',(24.537981311774,-3.547202009418,
    -20.9263705802));
#1277 = CARTESIAN_POINT('',(24.456070052672,-3.513357366361,
    -20.84231604206));
#1278 = CARTESIAN_POINT('',(24.371522749466,-3.474871679128,
    -20.76259653354));
#1279 = CARTESIAN_POINT('',(24.284512046292,-3.431887203095,
    -20.687419095));
#1280 = CARTESIAN_POINT('',(24.195198212456,-3.384616295107,
    -20.61699009884));
#1281 = CARTESIAN_POINT('',(24.020781381818,-3.286833832123,
    -20.4921286256));
#1282 = CARTESIAN_POINT('',(23.936065445569,-3.237036175674,
    -20.43682118387));
#1283 = CARTESIAN_POINT('',(23.849647579369,-3.184125339879,
    -20.38570321787));
#1284 = CARTESIAN_POINT('',(23.761581817071,-3.128313958764,
    -20.33890501914));
#1285 = CARTESIAN_POINT('',(23.671918158416,-3.069845842661,
    -20.29657224015));
#1286 = CARTESIAN_POINT('',(23.395507469358,-2.885438647389,
    -20.18230037571));
#1287 = CARTESIAN_POINT('',(23.20414014541,-2.752197876016,
    -20.12489124864));
#1288 = CARTESIAN_POINT('',(23.00635565286,-2.611140267866,
    -20.08759964441));
#1289 = CARTESIAN_POINT('',(22.801836530082,-2.464397152542,
    -20.07214140396));
#1290 = CARTESIAN_POINT('',(22.590535652684,-2.314760007138,
    -20.08103452727));
#1291 = CARTESIAN_POINT('',(22.297770238676,-2.114541756674,
    -20.13031144094));
#1292 = CARTESIAN_POINT('',(22.22167173755,-2.063114989045,
    -20.14632194762));
#1293 = CARTESIAN_POINT('',(22.144862856995,-2.011959905639,
    -20.16580278875));
#1294 = CARTESIAN_POINT('',(22.067409248578,-1.961270048824,
    -20.18889824236));
#1295 = CARTESIAN_POINT('',(21.989390331508,-1.911253595543,
    -20.21575706104));
#1296 = CARTESIAN_POINT('',(21.745359957709,-1.758532083986,
    -20.31144019987));
#1297 = CARTESIAN_POINT('',(21.576208476025,-1.65796469286,
    -20.39436439986));
#1298 = CARTESIAN_POINT('',(21.406768940752,-1.564218083335,
    -20.49636148885));
#1299 = CARTESIAN_POINT('',(21.240072970911,-1.480585051779,
    -20.61730862674));
#1300 = CARTESIAN_POINT('',(21.078995707718,-1.409447240879,
    -20.75614853838));
#1301 = CARTESIAN_POINT('',(20.779490855441,-1.297171849501,
    -21.05962470542));
#1302 = CARTESIAN_POINT('',(20.642515549972,-1.255725580577,
    -21.22085612623));
#1303 = CARTESIAN_POINT('',(20.517192048329,-1.228337604876,
    -21.39220687198));
#1304 = CARTESIAN_POINT('',(20.405091589884,-1.214525661814,
    -21.57052472256));
#1305 = CARTESIAN_POINT('',(20.307258337225,-1.212802582622,
    -21.75214602602));
#1306 = CARTESIAN_POINT('',(20.133449693902,-1.229780667171,
    -22.12894610495));
#1307 = CARTESIAN_POINT('',(20.059358388846,-1.250284824146,
    -22.32540769451));
#1308 = CARTESIAN_POINT('',(20.000669893215,-1.280106690559,
    -22.52050871317));
#1309 = CARTESIAN_POINT('',(19.956522679684,-1.317162459011,
    -22.71303440886));
#1310 = CARTESIAN_POINT('',(19.926147150879,-1.359687020442,
    -22.90216180956));
#1311 = CARTESIAN_POINT('',(19.90892293564,-1.406192401587,
    -23.0873313717));
#1312 = PCURVE('',#320,#1313);
#1313 = DEFINITIONAL_REPRESENTATION('',(#1314),#1417);
#1314 = B_SPLINE_CURVE_WITH_KNOTS('',6,(#1315,#1316,#1317,#1318,#1319,
    #1320,#1321,#1322,#1323,#1324,#1325,#1326,#1327,#1328,#1329,#1330,
    #1331,#1332,#1333,#1334,#1335,#1336,#1337,#1338,#1339,#1340,#1341,
    #1342,#1343,#1344,#1345,#1346,#1347,#1348,#1349,#1350,#1351,#1352,
    #1353,#1354,#1355,#1356,#1357,#1358,#1359,#1360,#1361,#1362,#1363,
    #1364,#1365,#1366,#1367,#1368,#1369,#1370,#1371,#1372,#1373,#1374,
    #1375,#1376,#1377,#1378,#1379,#1380,#1381,#1382,#1383,#1384,#1385,
    #1386,#1387,#1388,#1389,#1390,#1391,#1392,#1393,#1394,#1395,#1396,
    #1397,#1398,#1399,#1400,#1401,#1402,#1403,#1404,#1405,#1406,#1407,
    #1408,#1409,#1410,#1411,#1412,#1413,#1414,#1415,#1416),
  .UNSPECIFIED.,.T.,.F.,(7,5,5,5,5,5,5,5,5,5,5,5,5,5,5,5,5,5,5,5,7),(0.,
    1.393959088028E-02,5.041937544245E-02,8.961575277618E-02,
    0.133288428548,0.21612165031,0.275298160405,0.324161574758,
    0.382764717366,0.442636385278,0.47001127479,0.506551774943,
    0.550297793621,0.633263713717,0.676800940028,0.716286357653,
    0.796458378507,0.824236268636,0.882821825097,0.93903582914,1.),
  .UNSPECIFIED.);
#1315 = CARTESIAN_POINT('',(1.46284937969,29.922691379529));
#1316 = CARTESIAN_POINT('',(1.457603801485,29.953276840296));
#1317 = CARTESIAN_POINT('',(1.452462710247,29.984216739443));
#1318 = CARTESIAN_POINT('',(1.447425824584,30.015498580623));
#1319 = CARTESIAN_POINT('',(1.442492932165,30.047110613591));
#1320 = CARTESIAN_POINT('',(1.437663889722,30.079041834201));
#1321 = CARTESIAN_POINT('',(1.420572642452,30.195654168922));
#1322 = CARTESIAN_POINT('',(1.408915710047,30.282153196595));
#1323 = CARTESIAN_POINT('',(1.397968695006,30.370583709633));
#1324 = CARTESIAN_POINT('',(1.38773489462,30.46077674596));
#1325 = CARTESIAN_POINT('',(1.378219549738,30.552589286751));
#1326 = CARTESIAN_POINT('',(1.359984578938,30.746167308027));
#1327 = CARTESIAN_POINT('',(1.351376500674,30.848170020129));
#1328 = CARTESIAN_POINT('',(1.343619696991,30.951704109813));
#1329 = CARTESIAN_POINT('',(1.336728450401,31.056577857987));
#1330 = CARTESIAN_POINT('',(1.330716395147,31.162615210721));
#1331 = CARTESIAN_POINT('',(1.319891180372,31.388919634335));
#1332 = CARTESIAN_POINT('',(1.315293673431,31.50942180046));
#1333 = CARTESIAN_POINT('',(1.311825541403,31.630846077098));
#1334 = CARTESIAN_POINT('',(1.30950172705,31.752885780661));
#1335 = CARTESIAN_POINT('',(1.30833012597,31.875242896552));
#1336 = CARTESIAN_POINT('',(1.308276175023,32.229752811002));
#1337 = CARTESIAN_POINT('',(1.312388635369,32.461453745734));
#1338 = CARTESIAN_POINT('',(1.320620795547,32.69103036127));
#1339 = CARTESIAN_POINT('',(1.332887528317,32.916727653652));
#1340 = CARTESIAN_POINT('',(1.349042724322,33.136587055967));
#1341 = CARTESIAN_POINT('',(1.383063662856,33.499587897227));
#1342 = CARTESIAN_POINT('',(1.399138191804,33.646868211635));
#1343 = CARTESIAN_POINT('',(1.417082248364,33.789710702879));
#1344 = CARTESIAN_POINT('',(1.436885672561,33.927511953293));
#1345 = CARTESIAN_POINT('',(1.458552678308,34.059444118355));
#1346 = CARTESIAN_POINT('',(1.501540216098,34.287544141886));
#1347 = CARTESIAN_POINT('',(1.522283751752,34.386047491132));
#1348 = CARTESIAN_POINT('',(1.544335695764,34.479200751548));
#1349 = CARTESIAN_POINT('',(1.567703185243,34.566167218783));
#1350 = CARTESIAN_POINT('',(1.592391030887,34.645935071835));
#1351 = CARTESIAN_POINT('',(1.649591415236,34.802865014333));
#1352 = CARTESIAN_POINT('',(1.682945110837,34.877058027547));
#1353 = CARTESIAN_POINT('',(1.718028239719,34.936037041579));
#1354 = CARTESIAN_POINT('',(1.754380189975,34.977130263603));
#1355 = CARTESIAN_POINT('',(1.79154238874,34.998660808189));
#1356 = CARTESIAN_POINT('',(1.867356959953,35.001268524328));
#1357 = CARTESIAN_POINT('',(1.905396174233,34.981438320071));
#1358 = CARTESIAN_POINT('',(1.942645895258,34.941038239696));
#1359 = CARTESIAN_POINT('',(1.978604133238,34.88178331161));
#1360 = CARTESIAN_POINT('',(2.012765656882,34.80651342743));
#1361 = CARTESIAN_POINT('',(2.059237464114,34.679544019224));
#1362 = CARTESIAN_POINT('',(2.073410186134,34.637044872015));
#1363 = CARTESIAN_POINT('',(2.087171812478,34.592100797979));
#1364 = CARTESIAN_POINT('',(2.100520035708,34.544912369105));
#1365 = CARTESIAN_POINT('',(2.113453054151,34.495665603568));
#1366 = CARTESIAN_POINT('',(2.142677332825,34.376279203339));
#1367 = CARTESIAN_POINT('',(2.158647180839,34.304648767705));
#1368 = CARTESIAN_POINT('',(2.173887850003,34.229997404228));
#1369 = CARTESIAN_POINT('',(2.188406093208,34.152626746673));
#1370 = CARTESIAN_POINT('',(2.202207551506,34.072784190818));
#1371 = CARTESIAN_POINT('',(2.230968504637,33.892348533024));
#1372 = CARTESIAN_POINT('',(2.245621763968,33.79075529661));
#1373 = CARTESIAN_POINT('',(2.259259144906,33.68624817519));
#1374 = CARTESIAN_POINT('',(2.271877174682,33.57913272973));
#1375 = CARTESIAN_POINT('',(2.28346816799,33.469656619573));
#1376 = CARTESIAN_POINT('',(2.31403610134,33.146270526556));
#1377 = CARTESIAN_POINT('',(2.330355259228,32.926329767654));
#1378 = CARTESIAN_POINT('',(2.342779300874,32.700484454625));
#1379 = CARTESIAN_POINT('',(2.351161139621,32.470698816228));
#1380 = CARTESIAN_POINT('',(2.355414023449,32.238729745116));
#1381 = CARTESIAN_POINT('',(2.355556717868,31.884293226066));
#1382 = CARTESIAN_POINT('',(2.354460403153,31.762322696411));
#1383 = CARTESIAN_POINT('',(2.352219121091,31.640651995588));
#1384 = CARTESIAN_POINT('',(2.348840414384,31.519576813525));
#1385 = CARTESIAN_POINT('',(2.344338830977,31.399401181811));
#1386 = CARTESIAN_POINT('',(2.33365430033,31.17254594746));
#1387 = CARTESIAN_POINT('',(2.327667137171,31.065658094233));
#1388 = CARTESIAN_POINT('',(2.320787196397,30.95993904605));
#1389 = CARTESIAN_POINT('',(2.313028412066,30.855569028405));
#1390 = CARTESIAN_POINT('',(2.304405443181,30.752744227584));
#1391 = CARTESIAN_POINT('',(2.275700882501,30.446468735975));
#1392 = CARTESIAN_POINT('',(2.252989757884,30.248744999722));
#1393 = CARTESIAN_POINT('',(2.226869442966,30.059488873287));
#1394 = CARTESIAN_POINT('',(2.197330984491,29.880244732245));
#1395 = CARTESIAN_POINT('',(2.164327511894,29.713469992441));
#1396 = CARTESIAN_POINT('',(2.115128472317,29.510769445209));
#1397 = CARTESIAN_POINT('',(2.102039375922,29.46053978115));
#1398 = CARTESIAN_POINT('',(2.088522135625,29.41241795753));
#1399 = CARTESIAN_POINT('',(2.074578457168,29.366597243124));
#1400 = CARTESIAN_POINT('',(2.060210572062,29.323286594299));
#1401 = CARTESIAN_POINT('',(2.014228776714,29.197134985667));
#1402 = CARTESIAN_POINT('',(1.980875081113,29.122941972453));
#1403 = CARTESIAN_POINT('',(1.94579195223,29.063962958421));
#1404 = CARTESIAN_POINT('',(1.909440001975,29.022869736397));
#1405 = CARTESIAN_POINT('',(1.87227780321,29.001339191811));
#1406 = CARTESIAN_POINT('',(1.798793051324,28.998811612081));
#1407 = CARTESIAN_POINT('',(1.763013818525,29.016226835553));
#1408 = CARTESIAN_POINT('',(1.727888541248,29.051889741836));
#1409 = CARTESIAN_POINT('',(1.69385722176,29.104430344407));
#1410 = CARTESIAN_POINT('',(1.661361991835,29.171525748558));
#1411 = CARTESIAN_POINT('',(1.597704520428,29.334602869449));
#1412 = CARTESIAN_POINT('',(1.566644633008,29.433167112626));
#1413 = CARTESIAN_POINT('',(1.537643510867,29.542992101205));
#1414 = CARTESIAN_POINT('',(1.510688634302,29.662140859206));
#1415 = CARTESIAN_POINT('',(1.485761838455,29.789095409492));
#1416 = CARTESIAN_POINT('',(1.46284937969,29.922691379529));
#1417 = ( GEOMETRIC_REPRESENTATION_CONTEXT(2) 
PARAMETRIC_REPRESENTATION_CONTEXT() REPRESENTATION_CONTEXT('2D SPACE',''
  ) );
#1418 = PCURVE('',#1092,#1419);
#1419 = DEFINITIONAL_REPRESENTATION('',(#1420),#1523);
#1420 = B_SPLINE_CURVE_WITH_KNOTS('',6,(#1421,#1422,#1423,#1424,#1425,
    #1426,#1427,#1428,#1429,#1430,#1431,#1432,#1433,#1434,#1435,#1436,
    #1437,#1438,#1439,#1440,#1441,#1442,#1443,#1444,#1445,#1446,#1447,
    #1448,#1449,#1450,#1451,#1452,#1453,#1454,#1455,#1456,#1457,#1458,
    #1459,#1460,#1461,#1462,#1463,#1464,#1465,#1466,#1467,#1468,#1469,
    #1470,#1471,#1472,#1473,#1474,#1475,#1476,#1477,#1478,#1479,#1480,
    #1481,#1482,#1483,#1484,#1485,#1486,#1487,#1488,#1489,#1490,#1491,
    #1492,#1493,#1494,#1495,#1496,#1497,#1498,#1499,#1500,#1501,#1502,
    #1503,#1504,#1505,#1506,#1507,#1508,#1509,#1510,#1511,#1512,#1513,
    #1514,#1515,#1516,#1517,#1518,#1519,#1520,#1521,#1522),
  .UNSPECIFIED.,.F.,.F.,(7,5,5,5,5,5,5,5,5,5,5,5,5,5,5,5,5,5,5,5,7),(0.,
    1.393959088028E-02,5.041937544245E-02,8.961575277618E-02,
    0.133288428548,0.21612165031,0.275298160405,0.324161574758,
    0.382764717366,0.442636385278,0.47001127479,0.506551774943,
    0.550297793621,0.633263713717,0.676800940028,0.716286357653,
    0.796458378507,0.824236268636,0.882821825097,0.93903582914,1.),
  .UNSPECIFIED.);
#1421 = CARTESIAN_POINT('',(0.,2.404000437394));
#1422 = CARTESIAN_POINT('',(1.413090623593E-02,2.415354162605));
#1423 = CARTESIAN_POINT('',(2.819560510405E-02,2.426666499911));
#1424 = CARTESIAN_POINT('',(4.219741135356E-02,2.437923719501));
#1425 = CARTESIAN_POINT('',(5.613954583368E-02,2.449112519682));
#1426 = CARTESIAN_POINT('',(7.002513549366E-02,2.460220026881));
#1427 = CARTESIAN_POINT('',(0.120055637409,2.500056729915));
#1428 = CARTESIAN_POINT('',(0.155892448088,2.528241490729));
#1429 = CARTESIAN_POINT('',(0.19141672138,2.555560169644));
#1430 = CARTESIAN_POINT('',(0.22667370087,2.581803063649));
#1431 = CARTESIAN_POINT('',(0.26170776712,2.606777966295));
#1432 = CARTESIAN_POINT('',(0.334018841111,2.655593304951));
#1433 = CARTESIAN_POINT('',(0.371270504465,2.6792120766));
#1434 = CARTESIAN_POINT('',(0.40835450361,2.700931766261));
#1435 = CARTESIAN_POINT('',(0.445304228395,2.720544823808));
#1436 = CARTESIAN_POINT('',(0.48215401875,2.737873275486));
#1437 = CARTESIAN_POINT('',(0.559928765856,2.769371854155));
#1438 = CARTESIAN_POINT('',(0.600836088261,2.782954457352));
#1439 = CARTESIAN_POINT('',(0.64168202855,2.793305233325));
#1440 = CARTESIAN_POINT('',(0.682487263107,2.800276467712));
#1441 = CARTESIAN_POINT('',(0.72327457511,2.80379116053));
#1442 = CARTESIAN_POINT('',(0.84144458354,2.803953013322));
#1443 = CARTESIAN_POINT('',(0.918672497623,2.791615557953));
#1444 = CARTESIAN_POINT('',(0.996020886624,2.766916089156));
#1445 = CARTESIAN_POINT('',(1.073721363099,2.730775056163));
#1446 = CARTESIAN_POINT('',(1.151991759316,2.684943429597));
#1447 = CARTESIAN_POINT('',(1.287443363313,2.593769689721));
#1448 = CARTESIAN_POINT('',(1.344323362405,2.551985486964));
#1449 = CARTESIAN_POINT('',(1.4018511422,2.507150590517));
#1450 = CARTESIAN_POINT('',(1.460234512251,2.460098195354));
#1451 = CARTESIAN_POINT('',(1.519688408441,2.411794107494));
#1452 = CARTESIAN_POINT('',(1.630614367272,2.323397680861));
#1453 = CARTESIAN_POINT('',(1.681725076414,2.283299290221));
#1454 = CARTESIAN_POINT('',(1.733896391698,2.243734796505));
#1455 = CARTESIAN_POINT('',(1.787248758457,2.205454607555));
#1456 = CARTESIAN_POINT('',(1.84191266059,2.169307554777));
#1457 = CARTESIAN_POINT('',(1.965347909723,2.096585596587));
#1458 = CARTESIAN_POINT('',(2.035325651627,2.061027388087));
#1459 = CARTESIAN_POINT('',(2.107233663889,2.031965404227));
#1460 = CARTESIAN_POINT('',(2.180566088195,2.011434535914));
#1461 = CARTESIAN_POINT('',(2.254920253552,2.000669587805));
#1462 = CARTESIAN_POINT('',(2.406551264626,1.999365745805));
#1463 = CARTESIAN_POINT('',(2.48260012165,2.009280524269));
#1464 = CARTESIAN_POINT('',(2.557649280274,2.029495161314));
#1465 = CARTESIAN_POINT('',(2.631251986666,2.058749317823));
#1466 = CARTESIAN_POINT('',(2.702850094945,2.094870188956));
#1467 = CARTESIAN_POINT('',(2.803073043573,2.153743909429));
#1468 = CARTESIAN_POINT('',(2.834072466825,2.173195193267));
#1469 = CARTESIAN_POINT('',(2.864646211862,2.193457699515));
#1470 = CARTESIAN_POINT('',(2.894812910634,2.214370826839));
#1471 = CARTESIAN_POINT('',(2.924589564056,2.235782271543));
#1472 = CARTESIAN_POINT('',(2.993240308051,2.286604465552));
#1473 = CARTESIAN_POINT('',(3.031831731876,2.316300192704));
#1474 = CARTESIAN_POINT('',(3.069833175125,2.346318442733));
#1475 = CARTESIAN_POINT('',(3.10730432509,2.376372318456));
#1476 = CARTESIAN_POINT('',(3.144303530372,2.406204012467));
#1477 = CARTESIAN_POINT('',(3.224697816058,2.470754638829));
#1478 = CARTESIAN_POINT('',(3.267921176947,2.505281887944));
#1479 = CARTESIAN_POINT('',(3.31065286202,2.538754485709));
#1480 = CARTESIAN_POINT('',(3.352972810441,2.570801943757));
#1481 = CARTESIAN_POINT('',(3.394958993043,2.60109059616));
#1482 = CARTESIAN_POINT('',(3.515849456617,2.682860855332));
#1483 = CARTESIAN_POINT('',(3.594252301403,2.729096938456));
#1484 = CARTESIAN_POINT('',(3.672074889598,2.765668545342));
#1485 = CARTESIAN_POINT('',(3.749537996872,2.790804378108));
#1486 = CARTESIAN_POINT('',(3.826876189909,2.803563033538));
#1487 = CARTESIAN_POINT('',(3.945021954776,2.803991115858));
#1488 = CARTESIAN_POINT('',(3.985674750775,2.800702299964));
#1489 = CARTESIAN_POINT('',(4.026344406877,2.793976886605));
#1490 = CARTESIAN_POINT('',(4.067053270104,2.783888313798));
#1491 = CARTESIAN_POINT('',(4.107821647814,2.770580055078));
#1492 = CARTESIAN_POINT('',(4.185713812437,2.739462140773));
#1493 = CARTESIAN_POINT('',(4.222821300596,2.722187510976));
#1494 = CARTESIAN_POINT('',(4.260028421099,2.702584605812));
#1495 = CARTESIAN_POINT('',(4.297369982305,2.680834055839));
#1496 = CARTESIAN_POINT('',(4.33487978595,2.65714712827));
#1497 = CARTESIAN_POINT('',(4.449164663251,2.580220909847));
#1498 = CARTESIAN_POINT('',(4.526484465848,2.521739160457));
#1499 = CARTESIAN_POINT('',(4.605119939777,2.458155956846));
#1500 = CARTESIAN_POINT('',(4.68563534958,2.391580209687));
#1501 = CARTESIAN_POINT('',(4.768586579698,2.324645990145));
#1502 = CARTESIAN_POINT('',(4.884449825404,2.238573205072));
#1503 = CARTESIAN_POINT('',(4.91464686591,2.216777919357));
#1504 = CARTESIAN_POINT('',(4.945244311297,2.19548413016));
#1505 = CARTESIAN_POINT('',(4.976260234132,2.174850529864));
#1506 = CARTESIAN_POINT('',(5.007714405499,2.155044752708));
#1507 = CARTESIAN_POINT('',(5.106940563313,2.096585596586));
#1508 = CARTESIAN_POINT('',(5.176918305217,2.061027388086));
#1509 = CARTESIAN_POINT('',(5.248826317479,2.031965404227));
#1510 = CARTESIAN_POINT('',(5.322158741786,2.011434535914));
#1511 = CARTESIAN_POINT('',(5.396512907142,2.000669587805));
#1512 = CARTESIAN_POINT('',(5.543484222138,1.999405813515));
#1513 = CARTESIAN_POINT('',(5.61501669145,2.008113116178));
#1514 = CARTESIAN_POINT('',(5.685719290745,2.025956727148));
#1515 = CARTESIAN_POINT('',(5.755181773962,2.051938693172));
#1516 = CARTESIAN_POINT('',(5.822904917034,2.084301770919));
#1517 = CARTESIAN_POINT('',(5.958983419575,2.160589185657));
#1518 = CARTESIAN_POINT('',(6.027426547235,2.205549907338));
#1519 = CARTESIAN_POINT('',(6.093821454105,2.253898682664));
#1520 = CARTESIAN_POINT('',(6.158419571814,2.303980644636));
#1521 = CARTESIAN_POINT('',(6.221462119798,2.354407856638));
#1522 = CARTESIAN_POINT('',(6.28318530718,2.404000437394));
#1523 = ( GEOMETRIC_REPRESENTATION_CONTEXT(2) 
PARAMETRIC_REPRESENTATION_CONTEXT() REPRESENTATION_CONTEXT('2D SPACE',''
  ) );
#1524 = ADVANCED_FACE('',(#1525),#371,.T.);
#1525 = FACE_BOUND('',#1526,.T.);
#1526 = EDGE_LOOP('',(#1527,#1550,#1577,#1578));
#1527 = ORIENTED_EDGE('',*,*,#1528,.T.);
#1528 = EDGE_CURVE('',#333,#1529,#1531,.T.);
#1529 = VERTEX_POINT('',#1530);
#1530 = CARTESIAN_POINT('',(14.,0.,55.));
#1531 = SEAM_CURVE('',#1532,(#1536,#1543),.PCURVE_S1.);
#1532 = LINE('',#1533,#1534);
#1533 = CARTESIAN_POINT('',(14.,0.,0.));
#1534 = VECTOR('',#1535,1.);
#1535 = DIRECTION('',(0.,0.,1.));
#1536 = PCURVE('',#371,#1537);
#1537 = DEFINITIONAL_REPRESENTATION('',(#1538),#1542);
#1538 = LINE('',#1539,#1540);
#1539 = CARTESIAN_POINT('',(6.28318530718,-0.));
#1540 = VECTOR('',#1541,1.);
#1541 = DIRECTION('',(0.,1.));
#1542 = ( GEOMETRIC_REPRESENTATION_CONTEXT(2) 
PARAMETRIC_REPRESENTATION_CONTEXT() REPRESENTATION_CONTEXT('2D SPACE',''
  ) );
#1543 = PCURVE('',#371,#1544);
#1544 = DEFINITIONAL_REPRESENTATION('',(#1545),#1549);
#1545 = LINE('',#1546,#1547);
#1546 = CARTESIAN_POINT('',(0.,-0.));
#1547 = VECTOR('',#1548,1.);
#1548 = DIRECTION('',(0.,1.));
#1549 = ( GEOMETRIC_REPRESENTATION_CONTEXT(2) 
PARAMETRIC_REPRESENTATION_CONTEXT() REPRESENTATION_CONTEXT('2D SPACE',''
  ) );
#1550 = ORIENTED_EDGE('',*,*,#1551,.F.);
#1551 = EDGE_CURVE('',#1529,#1529,#1552,.T.);
#1552 = SURFACE_CURVE('',#1553,(#1558,#1565),.PCURVE_S1.);
#1553 = CIRCLE('',#1554,14.);
#1554 = AXIS2_PLACEMENT_3D('',#1555,#1556,#1557);
#1555 = CARTESIAN_POINT('',(0.,0.,55.));
#1556 = DIRECTION('',(0.,0.,1.));
#1557 = DIRECTION('',(1.,0.,-0.));
#1558 = PCURVE('',#371,#1559);
#1559 = DEFINITIONAL_REPRESENTATION('',(#1560),#1564);
#1560 = LINE('',#1561,#1562);
#1561 = CARTESIAN_POINT('',(0.,55.));
#1562 = VECTOR('',#1563,1.);
#1563 = DIRECTION('',(1.,0.));
#1564 = ( GEOMETRIC_REPRESENTATION_CONTEXT(2) 
PARAMETRIC_REPRESENTATION_CONTEXT() REPRESENTATION_CONTEXT('2D SPACE',''
  ) );
#1565 = PCURVE('',#1566,#1571);
#1566 = SPHERICAL_SURFACE('',#1567,14.);
#1567 = AXIS2_PLACEMENT_3D('',#1568,#1569,#1570);
#1568 = CARTESIAN_POINT('',(0.,0.,55.));
#1569 = DIRECTION('',(0.,0.,1.));
#1570 = DIRECTION('',(1.,0.,-0.));
#1571 = DEFINITIONAL_REPRESENTATION('',(#1572),#1576);
#1572 = LINE('',#1573,#1574);
#1573 = CARTESIAN_POINT('',(0.,0.));
#1574 = VECTOR('',#1575,1.);
#1575 = DIRECTION('',(1.,0.));
#1576 = ( GEOMETRIC_REPRESENTATION_CONTEXT(2) 
PARAMETRIC_REPRESENTATION_CONTEXT() REPRESENTATION_CONTEXT('2D SPACE',''
  ) );
#1577 = ORIENTED_EDGE('',*,*,#1528,.F.);
#1578 = ORIENTED_EDGE('',*,*,#356,.T.);
#1579 = ADVANCED_FACE('',(#1580,#3397,#3604),#115,.T.);
#1580 = FACE_BOUND('',#1581,.T.);
#1581 = EDGE_LOOP('',(#1582,#1583,#1584,#1688,#1986,#2116,#2316,#2609,
    #2642,#2935,#3135,#3158,#3185,#3186,#3218,#3250,#3285,#3313,#3394,
    #3395,#3396));
#1582 = ORIENTED_EDGE('',*,*,#679,.F.);
#1583 = ORIENTED_EDGE('',*,*,#211,.T.);
#1584 = ORIENTED_EDGE('',*,*,#1585,.F.);
#1585 = EDGE_CURVE('',#1586,#128,#1588,.T.);
#1586 = VERTEX_POINT('',#1587);
#1587 = CARTESIAN_POINT('',(-19.23246956419,-7.425436902262,
    -8.406642659438));
#1588 = SURFACE_CURVE('',#1589,(#1620,#1654),.PCURVE_S1.);
#1589 = B_SPLINE_CURVE_WITH_KNOTS('',8,(#1590,#1591,#1592,#1593,#1594,
    #1595,#1596,#1597,#1598,#1599,#1600,#1601,#1602,#1603,#1604,#1605,
    #1606,#1607,#1608,#1609,#1610,#1611,#1612,#1613,#1614,#1615,#1616,
    #1617,#1618,#1619),.UNSPECIFIED.,.F.,.F.,(9,7,7,7,9),(0.,
    0.145745229422,0.264013095463,0.914808672382,1.),.UNSPECIFIED.);
#1590 = CARTESIAN_POINT('',(-22.17536148759,-2.953821904727,
    -11.72849881032));
#1591 = CARTESIAN_POINT('',(-22.13155197862,-3.15501285967,
    -11.71754643308));
#1592 = CARTESIAN_POINT('',(-22.08178883544,-3.350496922436,
    -11.69684140037));
#1593 = CARTESIAN_POINT('',(-22.02676153201,-3.539918351961,
    -11.66721640044));
#1594 = CARTESIAN_POINT('',(-21.96718565599,-3.722951908369,
    -11.62953134222));
#1595 = CARTESIAN_POINT('',(-21.90380020569,-3.899298319738,
    -11.58467747712));
#1596 = CARTESIAN_POINT('',(-21.83736488692,-4.06867974886,
    -11.53358152086));
#1597 = CARTESIAN_POINT('',(-21.76865740989,-4.230835260008,
    -11.47720977519));
#1598 = CARTESIAN_POINT('',(-21.64151645383,-4.511035281402,
    -11.36736672339));
#1599 = CARTESIAN_POINT('',(-21.58333316936,-4.632194659322,
    -11.31513203752));
#1600 = CARTESIAN_POINT('',(-21.52415434064,-4.749169806052,
    -11.26021172129));
#1601 = CARTESIAN_POINT('',(-21.46417792527,-4.862143613477,
    -11.20290485915));
#1602 = CARTESIAN_POINT('',(-21.40356681355,-4.971306412689,
    -11.14346581883));
#1603 = CARTESIAN_POINT('',(-21.34244921155,-5.076855907897,
    -11.0821039792));
#1604 = CARTESIAN_POINT('',(-21.28091902416,-5.17899711034,
    -11.01898345818));
#1605 = CARTESIAN_POINT('',(-20.87851226699,-5.822410316209,
    -10.5978629529));
#1606 = CARTESIAN_POINT('',(-20.5186038808,-6.284020352941,
    -10.18272457814));
#1607 = CARTESIAN_POINT('',(-20.1589334251,-6.672478495119,
    -9.735113653657));
#1608 = CARTESIAN_POINT('',(-19.80981549373,-6.99903402742,
    -9.270254853114));
#1609 = CARTESIAN_POINT('',(-19.47445891858,-7.2742661823,
    -8.794802691118));
#1610 = CARTESIAN_POINT('',(-19.15162060633,-7.506951460396,
    -8.307914541734));
#1611 = CARTESIAN_POINT('',(-18.83809610468,-7.702669353405,
    -7.802770120572));
#1612 = CARTESIAN_POINT('',(-18.49202516502,-7.882172669805,
    -7.199512498842));
#1613 = CARTESIAN_POINT('',(-18.4522232827,-7.902250368814,
    -7.129422337899));
#1614 = CARTESIAN_POINT('',(-18.41268266599,-7.921629570475,
    -7.059071022729));
#1615 = CARTESIAN_POINT('',(-18.37340843671,-7.940311211359,
    -6.988459726519));
#1616 = CARTESIAN_POINT('',(-18.33440579835,-7.95829564639,
    -6.91758954996));
#1617 = CARTESIAN_POINT('',(-18.29568003613,-7.975582648841,
    -6.846461521243));
#1618 = CARTESIAN_POINT('',(-18.25723651696,-7.992171410337,
    -6.775076596065));
#1619 = CARTESIAN_POINT('',(-18.21908068947,-8.008060540853,
    -6.703435657622));
#1620 = PCURVE('',#115,#1621);
#1621 = DEFINITIONAL_REPRESENTATION('',(#1622),#1653);
#1622 = B_SPLINE_CURVE_WITH_KNOTS('',8,(#1623,#1624,#1625,#1626,#1627,
    #1628,#1629,#1630,#1631,#1632,#1633,#1634,#1635,#1636,#1637,#1638,
    #1639,#1640,#1641,#1642,#1643,#1644,#1645,#1646,#1647,#1648,#1649,
    #1650,#1651,#1652),.UNSPECIFIED.,.F.,.F.,(9,7,7,7,9),(0.,
    0.145745229422,0.264013095463,0.914808672382,1.),.UNSPECIFIED.);
#1623 = CARTESIAN_POINT('',(6.103195536486,19.125360265739));
#1624 = CARTESIAN_POINT('',(6.090801933111,19.098920795589));
#1625 = CARTESIAN_POINT('',(6.078727946906,19.061215087935));
#1626 = CARTESIAN_POINT('',(6.066995449963,19.013272338592));
#1627 = CARTESIAN_POINT('',(6.055625329371,18.956156715551));
#1628 = CARTESIAN_POINT('',(6.044637689021,18.890970182057));
#1629 = CARTESIAN_POINT('',(6.034052051401,18.818855319691));
#1630 = CARTESIAN_POINT('',(6.023887559394,18.740998151451));
#1631 = CARTESIAN_POINT('',(6.006272135388,18.591792472536));
#1632 = CARTESIAN_POINT('',(5.998635548132,18.521685054882));
#1633 = CARTESIAN_POINT('',(5.99124386136,18.448714356175));
#1634 = CARTESIAN_POINT('',(5.984087010769,18.373231588979));
#1635 = CARTESIAN_POINT('',(5.977154397567,18.295533423736));
#1636 = CARTESIAN_POINT('',(5.970434863342,18.215861878386));
#1637 = CARTESIAN_POINT('',(5.963916664931,18.134404207992));
#1638 = CARTESIAN_POINT('',(5.922759514322,17.593953517079));
#1639 = CARTESIAN_POINT('',(5.892763732423,17.074840593647));
#1640 = CARTESIAN_POINT('',(5.867142073666,16.525666029869));
#1641 = CARTESIAN_POINT('',(5.845335771512,15.964396324345));
#1642 = CARTESIAN_POINT('',(5.826768225556,15.398401769044));
#1643 = CARTESIAN_POINT('',(5.810933568323,14.826438332131));
#1644 = CARTESIAN_POINT('',(5.797516288757,14.240983434828));
#1645 = CARTESIAN_POINT('',(5.785142588508,13.552345274108));
#1646 = CARTESIAN_POINT('',(5.783757302217,13.472486145416));
#1647 = CARTESIAN_POINT('',(5.782419036324,13.392481572727));
#1648 = CARTESIAN_POINT('',(5.781127862406,13.312334547506));
#1649 = CARTESIAN_POINT('',(5.779883886917,13.232048024252));
#1650 = CARTESIAN_POINT('',(5.778687251181,13.151624920497));
#1651 = CARTESIAN_POINT('',(5.777538131398,13.071068116803));
#1652 = CARTESIAN_POINT('',(5.776436738643,12.990380456767));
#1653 = ( GEOMETRIC_REPRESENTATION_CONTEXT(2) 
PARAMETRIC_REPRESENTATION_CONTEXT() REPRESENTATION_CONTEXT('2D SPACE',''
  ) );
#1654 = PCURVE('',#199,#1655);
#1655 = DEFINITIONAL_REPRESENTATION('',(#1656),#1687);
#1656 = B_SPLINE_CURVE_WITH_KNOTS('',8,(#1657,#1658,#1659,#1660,#1661,
    #1662,#1663,#1664,#1665,#1666,#1667,#1668,#1669,#1670,#1671,#1672,
    #1673,#1674,#1675,#1676,#1677,#1678,#1679,#1680,#1681,#1682,#1683,
    #1684,#1685,#1686),.UNSPECIFIED.,.F.,.F.,(9,7,7,7,9),(0.,
    0.145745229422,0.264013095463,0.914808672382,1.),.UNSPECIFIED.);
#1657 = CARTESIAN_POINT('',(0.,24.536287520615));
#1658 = CARTESIAN_POINT('',(3.419401497427E-02,24.515678681914));
#1659 = CARTESIAN_POINT('',(6.760719593172E-02,24.486300783975));
#1660 = CARTESIAN_POINT('',(0.100223973665,24.448975511647));
#1661 = CARTESIAN_POINT('',(0.132021801862,24.404559925453));
#1662 = CARTESIAN_POINT('',(0.162970397991,24.353944304938));
#1663 = CARTESIAN_POINT('',(0.193030984191,24.298049992011));
#1664 = CARTESIAN_POINT('',(0.222155528156,24.237827234282));
#1665 = CARTESIAN_POINT('',(0.273113002099,24.122664474239));
#1666 = CARTESIAN_POINT('',(0.295387660261,24.068638160181));
#1667 = CARTESIAN_POINT('',(0.317138692544,24.012502704524));
#1668 = CARTESIAN_POINT('',(0.338394776414,23.954542786299));
#1669 = CARTESIAN_POINT('',(0.359185205515,23.894999440729));
#1670 = CARTESIAN_POINT('',(0.379540562418,23.834070354687));
#1671 = CARTESIAN_POINT('',(0.399493391375,23.771910162145));
#1672 = CARTESIAN_POINT('',(0.526852385377,23.360421461269));
#1673 = CARTESIAN_POINT('',(0.626257694152,22.969416179712));
#1674 = CARTESIAN_POINT('',(0.718793163349,22.562015121439));
#1675 = CARTESIAN_POINT('',(0.805748895576,22.153172061272));
#1676 = CARTESIAN_POINT('',(0.888550026586,21.74885319169));
#1677 = CARTESIAN_POINT('',(0.968887646529,21.348714991926));
#1678 = CARTESIAN_POINT('',(1.048761180418,20.948700856531));
#1679 = CARTESIAN_POINT('',(1.141124826211,20.491766787174));
#1680 = CARTESIAN_POINT('',(1.151812826845,20.438975461998));
#1681 = CARTESIAN_POINT('',(1.162499544945,20.386288790551));
#1682 = CARTESIAN_POINT('',(1.173186874878,20.33371210079));
#1683 = CARTESIAN_POINT('',(1.183876690698,20.281250711886));
#1684 = CARTESIAN_POINT('',(1.194570846153,20.228909934222));
#1685 = CARTESIAN_POINT('',(1.205271174676,20.176695069391));
#1686 = CARTESIAN_POINT('',(1.215979489392,20.1246114102));
#1687 = ( GEOMETRIC_REPRESENTATION_CONTEXT(2) 
PARAMETRIC_REPRESENTATION_CONTEXT() REPRESENTATION_CONTEXT('2D SPACE',''
  ) );
#1688 = ORIENTED_EDGE('',*,*,#1689,.F.);
#1689 = EDGE_CURVE('',#1690,#1586,#1692,.T.);
#1690 = VERTEX_POINT('',#1691);
#1691 = CARTESIAN_POINT('',(-20.52457673586,-11.25027389213,
    -18.81236960379));
#1692 = SURFACE_CURVE('',#1693,(#1787,#1884),.PCURVE_S1.);
#1693 = B_SPLINE_CURVE_WITH_KNOTS('',8,(#1694,#1695,#1696,#1697,#1698,
    #1699,#1700,#1701,#1702,#1703,#1704,#1705,#1706,#1707,#1708,#1709,
    #1710,#1711,#1712,#1713,#1714,#1715,#1716,#1717,#1718,#1719,#1720,
    #1721,#1722,#1723,#1724,#1725,#1726,#1727,#1728,#1729,#1730,#1731,
    #1732,#1733,#1734,#1735,#1736,#1737,#1738,#1739,#1740,#1741,#1742,
    #1743,#1744,#1745,#1746,#1747,#1748,#1749,#1750,#1751,#1752,#1753,
    #1754,#1755,#1756,#1757,#1758,#1759,#1760,#1761,#1762,#1763,#1764,
    #1765,#1766,#1767,#1768,#1769,#1770,#1771,#1772,#1773,#1774,#1775,
    #1776,#1777,#1778,#1779,#1780,#1781,#1782,#1783,#1784,#1785,#1786),
  .UNSPECIFIED.,.F.,.F.,(9,7,7,7,7,7,7,7,7,7,7,7,7,9),(0.,
    5.282461020923E-02,0.182897982383,0.262247809551,0.381364086912,
    0.450606841889,0.488226314905,0.520601224721,0.567998662148,
    0.603606074961,0.742838333437,0.814611375806,0.969275619875,1.),
  .UNSPECIFIED.);
#1694 = CARTESIAN_POINT('',(-26.56686129824,-8.273162446189,
    -27.97778959637));
#1695 = CARTESIAN_POINT('',(-26.36149033594,-8.482777278093,
    -27.79144323681));
#1696 = CARTESIAN_POINT('',(-26.15748373985,-8.673404375654,
    -27.5915319064));
#1697 = CARTESIAN_POINT('',(-25.95708197542,-8.847062864642,
    -27.38322404188));
#1698 = CARTESIAN_POINT('',(-25.76144451177,-9.005861435147,
    -27.17004265311));
#1699 = CARTESIAN_POINT('',(-25.57069638032,-9.151985637895,
    -26.95387775502));
#1700 = CARTESIAN_POINT('',(-25.38401505255,-9.287657115798,
    -26.7350332156));
#1701 = CARTESIAN_POINT('',(-25.19975763654,-9.415064770716,
    -26.51230802009));
#1702 = CARTESIAN_POINT('',(-24.56223533213,-9.834713896363,
    -25.71874800338));
#1703 = CARTESIAN_POINT('',(-24.11715250343,-10.09057910546,
    -25.12452690179));
#1704 = CARTESIAN_POINT('',(-23.6869594448,-10.30984778144,
    -24.51495874321));
#1705 = CARTESIAN_POINT('',(-23.2741032282,-10.49800713082,
    -23.89781735261));
#1706 = CARTESIAN_POINT('',(-22.87816413284,-10.65970910226,
    -23.27549710341));
#1707 = CARTESIAN_POINT('',(-22.49704386228,-10.7985355313,
    -22.6461603177));
#1708 = CARTESIAN_POINT('',(-22.128179216,-10.91672224246,
    -22.00497775446));
#1709 = CARTESIAN_POINT('',(-21.5513101553,-11.07446662149,
    -20.94361903192));
#1710 = CARTESIAN_POINT('',(-21.33843047277,-11.126232556,
    -20.53800329294));
#1711 = CARTESIAN_POINT('',(-21.13139313757,-11.17012939335,
    -20.12888174076));
#1712 = CARTESIAN_POINT('',(-20.93039263572,-11.20616672858,
    -19.71616816729));
#1713 = CARTESIAN_POINT('',(-20.73569286548,-11.23423251518,
    -19.29976237966));
#1714 = CARTESIAN_POINT('',(-20.54764602877,-11.25409075355,
    -18.87958935127));
#1715 = CARTESIAN_POINT('',(-20.3667074285,-11.26537426021,
    -18.4556410372));
#1716 = CARTESIAN_POINT('',(-19.93335441605,-11.27087243999,
    -17.38609728382));
#1717 = CARTESIAN_POINT('',(-19.69263344169,-11.25367318356,
    -16.74100775102));
#1718 = CARTESIAN_POINT('',(-19.47062494502,-11.21484496096,
    -16.08816338319));
#1719 = CARTESIAN_POINT('',(-19.26834169962,-11.15171686565,
    -15.42419676797));
#1720 = CARTESIAN_POINT('',(-19.08856860296,-11.06012582454,
    -14.74774776301));
#1721 = CARTESIAN_POINT('',(-18.93575755762,-10.93428260304,
    -14.05974249081));
#1722 = CARTESIAN_POINT('',(-18.81567213589,-10.7663816896,
    -13.36389451852));
#1723 = CARTESIAN_POINT('',(-18.6876906353,-10.41770449424,
    -12.26372242853));
#1724 = CARTESIAN_POINT('',(-18.65406419389,-10.27227285354,
    -11.86096603924));
#1725 = CARTESIAN_POINT('',(-18.63442922081,-10.10640169503,
    -11.45713732966));
#1726 = CARTESIAN_POINT('',(-18.63034840094,-9.916023823451,
    -11.05127642891));
#1727 = CARTESIAN_POINT('',(-18.64417647582,-9.696249163223,
    -10.64463788407));
#1728 = CARTESIAN_POINT('',(-18.67884758226,-9.441308972595,
    -10.24089678387));
#1729 = CARTESIAN_POINT('',(-18.73740783356,-9.144524463386,
    -9.846755087386));
#1730 = CARTESIAN_POINT('',(-18.86896503013,-8.611178871473,
    -9.2703712588));
#1731 = CARTESIAN_POINT('',(-18.92372838155,-8.406691259933,
    -9.071050692639));
#1732 = CARTESIAN_POINT('',(-18.98745341883,-8.184854321301,
    -8.8785697235));
#1733 = CARTESIAN_POINT('',(-19.06048265398,-7.945147879561,
    -8.696295681324));
#1734 = CARTESIAN_POINT('',(-19.14296455608,-7.687228485644,
    -8.527758491509));
#1735 = CARTESIAN_POINT('',(-19.23486321372,-7.411025338567,
    -8.376681712843));
#1736 = CARTESIAN_POINT('',(-19.33600286133,-7.116854396583,
    -8.2469976987));
#1737 = CARTESIAN_POINT('',(-19.54093635057,-6.537646080134,
    -8.053215819606));
#1738 = CARTESIAN_POINT('',(-19.64116998842,-6.260513245103,
    -7.983652128573));
#1739 = CARTESIAN_POINT('',(-19.74556127955,-5.977626809527,
    -7.936735230222));
#1740 = CARTESIAN_POINT('',(-19.85264756517,-5.692819082316,
    -7.913774902229));
#1741 = CARTESIAN_POINT('',(-19.96095214209,-5.410123955633,
    -7.914758155906));
#1742 = CARTESIAN_POINT('',(-20.06902787641,-5.133601047101,
    -7.938344974836));
#1743 = CARTESIAN_POINT('',(-20.17540824399,-4.867191872206,
    -7.981898074373));
#1744 = CARTESIAN_POINT('',(-20.42940675969,-4.244948516397,
    -8.128836726806));
#1745 = CARTESIAN_POINT('',(-20.57477901191,-3.901247653646,
    -8.251490381609));
#1746 = CARTESIAN_POINT('',(-20.71450238027,-3.583775738587,
    -8.401518484274));
#1747 = CARTESIAN_POINT('',(-20.84893983466,-3.291665096947,
    -8.572496532907));
#1748 = CARTESIAN_POINT('',(-20.97857765487,-3.023382254186,
    -8.759389391163));
#1749 = CARTESIAN_POINT('',(-21.10393030944,-2.777059124832,
    -8.958377635016));
#1750 = CARTESIAN_POINT('',(-21.22557066183,-2.550709197914,
    -9.166722693554));
#1751 = CARTESIAN_POINT('',(-21.43325150223,-2.185737248095,
    -9.544993239285));
#1752 = CARTESIAN_POINT('',(-21.52072475009,-2.039116508677,
    -9.711773068728));
#1753 = CARTESIAN_POINT('',(-21.60674341751,-1.901819165486,
    -9.882156264888));
#1754 = CARTESIAN_POINT('',(-21.69146219532,-1.773227517954,
    -10.05543197146));
#1755 = CARTESIAN_POINT('',(-21.77503486694,-1.652738060924,
    -10.23106797644));
#1756 = CARTESIAN_POINT('',(-21.85762029916,-1.539771347332,
    -10.40869517288));
#1757 = CARTESIAN_POINT('',(-21.939386943,-1.433781314483,
    -10.58809297957));
#1758 = CARTESIAN_POINT('',(-22.33774642304,-0.945131332641,
    -11.47724623727));
#1759 = CARTESIAN_POINT('',(-22.6487002459,-0.650702302725,
    -12.21883280087));
#1760 = CARTESIAN_POINT('',(-22.95576983376,-0.434513134603,
    -12.97180705959));
#1761 = CARTESIAN_POINT('',(-23.25921588749,-0.282073878089,
    -13.72473355047));
#1762 = CARTESIAN_POINT('',(-23.55902781809,-0.181936359127,
    -14.47216115449));
#1763 = CARTESIAN_POINT('',(-23.85627977116,-0.125672238286,
    -15.21445040155));
#1764 = CARTESIAN_POINT('',(-24.15328538506,-0.108139028072,
    -15.95652624423));
#1765 = CARTESIAN_POINT('',(-24.60768775343,-0.138021995501,
    -17.09315568111));
#1766 = CARTESIAN_POINT('',(-24.76196856772,-0.158017543313,
    -17.47929413291));
#1767 = CARTESIAN_POINT('',(-24.915878191,-0.187376759824,
    -17.86478473834));
#1768 = CARTESIAN_POINT('',(-25.06933115442,-0.225729231528,
    -18.24955412167));
#1769 = CARTESIAN_POINT('',(-25.22224019705,-0.27279855756,
    -18.63359138741));
#1770 = CARTESIAN_POINT('',(-25.37450889397,-0.328399660151,
    -19.01692176108));
#1771 = CARTESIAN_POINT('',(-25.52602116012,-0.392436225283,
    -19.39958202261));
#1772 = CARTESIAN_POINT('',(-26.00117059129,-0.621047261375,
    -20.60480612628));
#1773 = CARTESIAN_POINT('',(-26.31103692196,-0.811283817879,
    -21.39846152487));
#1774 = CARTESIAN_POINT('',(-26.61196091316,-1.034341519036,
    -22.18029734225));
#1775 = CARTESIAN_POINT('',(-26.90857375267,-1.295494925062,
    -22.96659884702));
#1776 = CARTESIAN_POINT('',(-27.20125918367,-1.603326256216,
    -23.76582326779));
#1777 = CARTESIAN_POINT('',(-27.48391598726,-1.967698456564,
    -24.57488394973));
#1778 = CARTESIAN_POINT('',(-27.74150342995,-2.397848703011,
    -25.37631981808));
#1779 = CARTESIAN_POINT('',(-27.98898454802,-2.999973160838,
    -26.28449775713));
#1780 = CARTESIAN_POINT('',(-28.02816992105,-3.10306848366,
    -26.43397176069));
#1781 = CARTESIAN_POINT('',(-28.06550903933,-3.210100560652,
    -26.58290336946));
#1782 = CARTESIAN_POINT('',(-28.10085588491,-3.321676472407,
    -26.73153604513));
#1783 = CARTESIAN_POINT('',(-28.13393063276,-3.438370046715,
    -26.8798533258));
#1784 = CARTESIAN_POINT('',(-28.16431517722,-3.560712794248,
    -27.02757099716));
#1785 = CARTESIAN_POINT('',(-28.19144865853,-3.689184844234,
    -27.17412926371));
#1786 = CARTESIAN_POINT('',(-28.21462298937,-3.824205880141,
    -27.31868491992));
#1787 = PCURVE('',#115,#1788);
#1788 = DEFINITIONAL_REPRESENTATION('',(#1789),#1883);
#1789 = B_SPLINE_CURVE_WITH_KNOTS('',8,(#1790,#1791,#1792,#1793,#1794,
    #1795,#1796,#1797,#1798,#1799,#1800,#1801,#1802,#1803,#1804,#1805,
    #1806,#1807,#1808,#1809,#1810,#1811,#1812,#1813,#1814,#1815,#1816,
    #1817,#1818,#1819,#1820,#1821,#1822,#1823,#1824,#1825,#1826,#1827,
    #1828,#1829,#1830,#1831,#1832,#1833,#1834,#1835,#1836,#1837,#1838,
    #1839,#1840,#1841,#1842,#1843,#1844,#1845,#1846,#1847,#1848,#1849,
    #1850,#1851,#1852,#1853,#1854,#1855,#1856,#1857,#1858,#1859,#1860,
    #1861,#1862,#1863,#1864,#1865,#1866,#1867,#1868,#1869,#1870,#1871,
    #1872,#1873,#1874,#1875,#1876,#1877,#1878,#1879,#1880,#1881,#1882),
  .UNSPECIFIED.,.F.,.F.,(9,7,7,7,7,7,7,7,7,7,7,7,7,9),(0.,
    5.282461020923E-02,0.182897982383,0.262247809551,0.381364086912,
    0.450606841889,0.488226314905,0.520601224721,0.567998662148,
    0.603606074961,0.742838333437,0.814611375806,0.969275619875,1.),
  .UNSPECIFIED.);
#1790 = CARTESIAN_POINT('',(5.757964820817,35.843410088885));
#1791 = CARTESIAN_POINT('',(5.743281819999,35.594118977008));
#1792 = CARTESIAN_POINT('',(5.729786061805,35.33273981878));
#1793 = CARTESIAN_POINT('',(5.717371765721,35.06490347521));
#1794 = CARTESIAN_POINT('',(5.70591970414,34.794311594859));
#1795 = CARTESIAN_POINT('',(5.6952973398,34.522765448045));
#1796 = CARTESIAN_POINT('',(5.685361738032,34.250241689686));
#1797 = CARTESIAN_POINT('',(5.675965253816,33.975015050825));
#1798 = CARTESIAN_POINT('',(5.64479962252,33.001443232659));
#1799 = CARTESIAN_POINT('',(5.625399914299,32.284423177819));
#1800 = CARTESIAN_POINT('',(5.608477558115,31.558683660069));
#1801 = CARTESIAN_POINT('',(5.59374032493,30.832351314392));
#1802 = CARTESIAN_POINT('',(5.580917632503,30.107493380326));
#1803 = CARTESIAN_POINT('',(5.569792047438,29.381624329022));
#1804 = CARTESIAN_POINT('',(5.560236990898,28.649308373985));
#1805 = CARTESIAN_POINT('',(5.547396807172,27.449617748813));
#1806 = CARTESIAN_POINT('',(5.543158872747,26.993951460446));
#1807 = CARTESIAN_POINT('',(5.539547996465,26.537199899553));
#1808 = CARTESIAN_POINT('',(5.536572357456,26.079355254242));
#1809 = CARTESIAN_POINT('',(5.534248531749,25.620422507125));
#1810 = CARTESIAN_POINT('',(5.532601644946,25.160462802253));
#1811 = CARTESIAN_POINT('',(5.531665574663,24.699637765368));
#1812 = CARTESIAN_POINT('',(5.531209434441,23.545648052075));
#1813 = CARTESIAN_POINT('',(5.532636225691,22.857295931858));
#1814 = CARTESIAN_POINT('',(5.535859124152,22.16869326782));
#1815 = CARTESIAN_POINT('',(5.541086312697,21.477089630742));
#1816 = CARTESIAN_POINT('',(5.548631016505,20.782256445102));
#1817 = CARTESIAN_POINT('',(5.558906319149,20.086706989169));
#1818 = CARTESIAN_POINT('',(5.572424136965,19.396029760504));
#1819 = CARTESIAN_POINT('',(5.599900816446,18.327014482927));
#1820 = CARTESIAN_POINT('',(5.61126431666,17.940576016548));
#1821 = CARTESIAN_POINT('',(5.624100749291,17.558338226641));
#1822 = CARTESIAN_POINT('',(5.638672871334,17.179990262132));
#1823 = CARTESIAN_POINT('',(5.655281828975,16.807571469686));
#1824 = CARTESIAN_POINT('',(5.674262156845,16.44558379468));
#1825 = CARTESIAN_POINT('',(5.695966312625,16.101381147926));
#1826 = CARTESIAN_POINT('',(5.734176768746,15.615081314292));
#1827 = CARTESIAN_POINT('',(5.74869649526,15.450355412722));
#1828 = CARTESIAN_POINT('',(5.764296339693,15.295308204132));
#1829 = CARTESIAN_POINT('',(5.780978821219,15.153193381654));
#1830 = CARTESIAN_POINT('',(5.798733284398,15.027343538773));
#1831 = CARTESIAN_POINT('',(5.817531759746,14.921202575863));
#1832 = CARTESIAN_POINT('',(5.837324487596,14.838356313684));
#1833 = CARTESIAN_POINT('',(5.875858437819,14.734544743005));
#1834 = CARTESIAN_POINT('',(5.894131335599,14.707182315901));
#1835 = CARTESIAN_POINT('',(5.912616751525,14.702391021594));
#1836 = CARTESIAN_POINT('',(5.931067505786,14.720843740284));
#1837 = CARTESIAN_POINT('',(5.949236729559,14.761979978476));
#1838 = CARTESIAN_POINT('',(5.966885493828,14.824018110133));
#1839 = CARTESIAN_POINT('',(5.983787200421,14.903964824534));
#1840 = CARTESIAN_POINT('',(6.023066380666,15.134726618848));
#1841 = CARTESIAN_POINT('',(6.044581193362,15.302597577459));
#1842 = CARTESIAN_POINT('',(6.064328003988,15.493787130039));
#1843 = CARTESIAN_POINT('',(6.08240992808,15.702465079962));
#1844 = CARTESIAN_POINT('',(6.098955128114,15.924137020277));
#1845 = CARTESIAN_POINT('',(6.114101257861,16.155447773615));
#1846 = CARTESIAN_POINT('',(6.127986482609,16.394067396873));
#1847 = CARTESIAN_POINT('',(6.150332297092,16.822413509217));
#1848 = CARTESIAN_POINT('',(6.159294256497,17.009751442049));
#1849 = CARTESIAN_POINT('',(6.167675087361,17.199894799276));
#1850 = CARTESIAN_POINT('',(6.175515975462,17.392241018119));
#1851 = CARTESIAN_POINT('',(6.1828562559,17.586353065863));
#1852 = CARTESIAN_POINT('',(6.189733122117,17.781947236957));
#1853 = CARTESIAN_POINT('',(6.196181262964,17.978881288017));
#1854 = CARTESIAN_POINT('',(6.225893718559,18.952386359147));
#1855 = CARTESIAN_POINT('',(6.243744655468,19.756417548309));
#1856 = CARTESIAN_POINT('',(6.256850854505,20.569579378276));
#1857 = CARTESIAN_POINT('',(6.266089287122,21.381351110159));
#1858 = CARTESIAN_POINT('',(6.272158839088,22.18666757429));
#1859 = CARTESIAN_POINT('',(6.275568702781,22.986262441982));
#1860 = CARTESIAN_POINT('',(6.27663138502,23.785567680606));
#1861 = CARTESIAN_POINT('',(6.274820241708,25.009662421844));
#1862 = CARTESIAN_POINT('',(6.273608350535,25.425481429768));
#1863 = CARTESIAN_POINT('',(6.271828932215,25.840561070546));
#1864 = CARTESIAN_POINT('',(6.269504407803,26.254801474211));
#1865 = CARTESIAN_POINT('',(6.26665147288,26.668160116641));
#1866 = CARTESIAN_POINT('',(6.263281232213,27.080624607843));
#1867 = CARTESIAN_POINT('',(6.259399308466,27.492185984197));
#1868 = CARTESIAN_POINT('',(6.24553859128,28.787674540364));
#1869 = CARTESIAN_POINT('',(6.234001644932,29.639646544675));
#1870 = CARTESIAN_POINT('',(6.22046830467,30.477323241841));
#1871 = CARTESIAN_POINT('',(6.20461256496,31.317545104101));
#1872 = CARTESIAN_POINT('',(6.18590125242,32.168306989752));
#1873 = CARTESIAN_POINT('',(6.163711569178,33.024477075911));
#1874 = CARTESIAN_POINT('',(6.137424744469,33.864257173467));
#1875 = CARTESIAN_POINT('',(6.100355236273,34.799391400882));
#1876 = CARTESIAN_POINT('',(6.09400052627,34.952727611269));
#1877 = CARTESIAN_POINT('',(6.087394455711,35.104874538943));
#1878 = CARTESIAN_POINT('',(6.080497958354,35.256004002698));
#1879 = CARTESIAN_POINT('',(6.073273487816,35.405996793626));
#1880 = CARTESIAN_POINT('',(6.065685438831,35.554433744833));
#1881 = CARTESIAN_POINT('',(6.057700568515,35.700586801158));
#1882 = CARTESIAN_POINT('',(6.049288417617,35.843410088885));
#1883 = ( GEOMETRIC_REPRESENTATION_CONTEXT(2) 
PARAMETRIC_REPRESENTATION_CONTEXT() REPRESENTATION_CONTEXT('2D SPACE',''
  ) );
#1884 = PCURVE('',#1885,#1890);
#1885 = CYLINDRICAL_SURFACE('',#1886,6.);
#1886 = AXIS2_PLACEMENT_3D('',#1887,#1888,#1889);
#1887 = CARTESIAN_POINT('',(0.,0.,0.));
#1888 = DIRECTION('',(-0.776744495382,-0.199165255226,-0.597495765679));
#1889 = DIRECTION('',(0.60971076085,1.387778780781E-17,-0.792623989105)
  );
#1890 = DEFINITIONAL_REPRESENTATION('',(#1891),#1985);
#1891 = B_SPLINE_CURVE_WITH_KNOTS('',8,(#1892,#1893,#1894,#1895,#1896,
    #1897,#1898,#1899,#1900,#1901,#1902,#1903,#1904,#1905,#1906,#1907,
    #1908,#1909,#1910,#1911,#1912,#1913,#1914,#1915,#1916,#1917,#1918,
    #1919,#1920,#1921,#1922,#1923,#1924,#1925,#1926,#1927,#1928,#1929,
    #1930,#1931,#1932,#1933,#1934,#1935,#1936,#1937,#1938,#1939,#1940,
    #1941,#1942,#1943,#1944,#1945,#1946,#1947,#1948,#1949,#1950,#1951,
    #1952,#1953,#1954,#1955,#1956,#1957,#1958,#1959,#1960,#1961,#1962,
    #1963,#1964,#1965,#1966,#1967,#1968,#1969,#1970,#1971,#1972,#1973,
    #1974,#1975,#1976,#1977,#1978,#1979,#1980,#1981,#1982,#1983,#1984),
  .UNSPECIFIED.,.F.,.F.,(9,7,7,7,7,7,7,7,7,7,7,7,7,9),(0.,
    5.282461020923E-02,0.182897982383,0.262247809551,0.381364086912,
    0.450606841889,0.488226314905,0.520601224721,0.567998662148,
    0.603606074961,0.742838333437,0.814611375806,0.969275619875,1.),
  .UNSPECIFIED.);
#1892 = CARTESIAN_POINT('',(8.611574557129E-02,39.0000006));
#1893 = CARTESIAN_POINT('',(0.129687965628,38.77088666623));
#1894 = CARTESIAN_POINT('',(0.170574395379,38.530945786805));
#1895 = CARTESIAN_POINT('',(0.20902695823,38.285408489695));
#1896 = CARTESIAN_POINT('',(0.245319297338,38.037700347422));
#1897 = CARTESIAN_POINT('',(0.279772204562,37.789483039155));
#1898 = CARTESIAN_POINT('',(0.312768034669,37.540741704301));
#1899 = CARTESIAN_POINT('',(0.344754104791,37.28991858756));
#1900 = CARTESIAN_POINT('',(0.45375266946,36.40415742234));
#1901 = CARTESIAN_POINT('',(0.526920266281,35.754356652761));
#1902 = CARTESIAN_POINT('',(0.596463558025,35.099662870689));
#1903 = CARTESIAN_POINT('',(0.663100463548,34.447714514195));
#1904 = CARTESIAN_POINT('',(0.727616215533,33.800542701987));
#1905 = CARTESIAN_POINT('',(0.790892644595,33.156132966274));
#1906 = CARTESIAN_POINT('',(0.8539065679,32.510054202667));
#1907 = CARTESIAN_POINT('',(0.956636100288,31.459234192131));
#1908 = CARTESIAN_POINT('',(0.99554107354,31.06183735958));
#1909 = CARTESIAN_POINT('',(1.034543918124,30.665316578864));
#1910 = CARTESIAN_POINT('',(1.073757959552,30.269773317958));
#1911 = CARTESIAN_POINT('',(1.113295136588,29.875330377813));
#1912 = CARTESIAN_POINT('',(1.15326755529,29.482169498324));
#1913 = CARTESIAN_POINT('',(1.193788497073,29.090566396525));
#1914 = CARTESIAN_POINT('',(1.296796966005,28.116009012067));
#1915 = CARTESIAN_POINT('',(1.359623804799,27.540166561684));
#1916 = CARTESIAN_POINT('',(1.424300552808,26.96991770568));
#1917 = CARTESIAN_POINT('',(1.491617430555,26.403505143949));
#1918 = CARTESIAN_POINT('',(1.562340689644,25.84145021146));
#1919 = CARTESIAN_POINT('',(1.637242611019,25.286611238918));
#1920 = CARTESIAN_POINT('',(1.717166265431,24.744129303339));
#1921 = CARTESIAN_POINT('',(1.853152866388,23.91792782936));
#1922 = CARTESIAN_POINT('',(1.904992465827,23.622198509058));
#1923 = CARTESIAN_POINT('',(1.959392289769,23.332625436128));
#1924 = CARTESIAN_POINT('',(2.017038152809,23.049038854754));
#1925 = CARTESIAN_POINT('',(2.078578368811,22.773043450769));
#1926 = CARTESIAN_POINT('',(2.144669565146,22.507965215922));
#1927 = CARTESIAN_POINT('',(2.215989763568,22.258844411519));
#1928 = CARTESIAN_POINT('',(2.335314660408,21.910419931856));
#1929 = CARTESIAN_POINT('',(2.37961193952,21.793137041986));
#1930 = CARTESIAN_POINT('',(2.426149043708,21.683446339372));
#1931 = CARTESIAN_POINT('',(2.474889726769,21.583522232736));
#1932 = CARTESIAN_POINT('',(2.5258078723,21.495520756971));
#1933 = CARTESIAN_POINT('',(2.578883988349,21.421624727598));
#1934 = CARTESIAN_POINT('',(2.634102479457,21.364110112079));
#1935 = CARTESIAN_POINT('',(2.740802087741,21.292149047365));
#1936 = CARTESIAN_POINT('',(2.791093530899,21.273245731155));
#1937 = CARTESIAN_POINT('',(2.841807527035,21.269957294663));
#1938 = CARTESIAN_POINT('',(2.892442415938,21.28269347512));
#1939 = CARTESIAN_POINT('',(2.94250723239,21.311102901914));
#1940 = CARTESIAN_POINT('',(2.991504771981,21.354069402416));
#1941 = CARTESIAN_POINT('',(3.038909605058,21.409663108593));
#1942 = CARTESIAN_POINT('',(3.150379722368,21.57082102337));
#1943 = CARTESIAN_POINT('',(3.212637630263,21.688569889399));
#1944 = CARTESIAN_POINT('',(3.271225615023,21.823511027738));
#1945 = CARTESIAN_POINT('',(3.326435179752,21.971914949995));
#1946 = CARTESIAN_POINT('',(3.378560001685,22.130845483831));
#1947 = CARTESIAN_POINT('',(3.427896608693,22.298048092443));
#1948 = CARTESIAN_POINT('',(3.474745660652,22.471935815885));
#1949 = CARTESIAN_POINT('',(3.552994899825,22.786576083285));
#1950 = CARTESIAN_POINT('',(3.58537823056,22.924968931956));
#1951 = CARTESIAN_POINT('',(3.616666122606,23.066241836229));
#1952 = CARTESIAN_POINT('',(3.646943018305,23.209967193222));
#1953 = CARTESIAN_POINT('',(3.676291571875,23.355826261679));
#1954 = CARTESIAN_POINT('',(3.704794105037,23.503606494959));
#1955 = CARTESIAN_POINT('',(3.732533166926,23.653198183388));
#1956 = CARTESIAN_POINT('',(3.865393628758,24.396564924863));
#1957 = CARTESIAN_POINT('',(3.961942844939,25.022551393831));
#1958 = CARTESIAN_POINT('',(4.051083620858,25.667907566288));
#1959 = CARTESIAN_POINT('',(4.134163847677,26.32311740493));
#1960 = CARTESIAN_POINT('',(4.212415486316,26.982635585691));
#1961 = CARTESIAN_POINT('',(4.287051650225,27.645833228026));
#1962 = CARTESIAN_POINT('',(4.359370255133,28.316425871245));
#1963 = CARTESIAN_POINT('',(4.467611139615,29.35446333408));
#1964 = CARTESIAN_POINT('',(4.503944343135,29.708998615624));
#1965 = CARTESIAN_POINT('',(4.539876228413,30.06472340859));
#1966 = CARTESIAN_POINT('',(4.575489340097,30.42145371035));
#1967 = CARTESIAN_POINT('',(4.610865616971,30.779060181977));
#1968 = CARTESIAN_POINT('',(4.646086956932,31.137446137048));
#1969 = CARTESIAN_POINT('',(4.681236093043,31.496524200551));
#1970 = CARTESIAN_POINT('',(4.792167953676,32.631241579688));
#1971 = CARTESIAN_POINT('',(4.865552004849,33.384022798732));
#1972 = CARTESIAN_POINT('',(4.938967952329,34.12933278676));
#1973 = CARTESIAN_POINT('',(5.014592837993,34.881549681501));
#1974 = CARTESIAN_POINT('',(5.09426020659,35.647733991798));
#1975 = CARTESIAN_POINT('',(5.179436364086,36.42326672198));
#1976 = CARTESIAN_POINT('',(5.271382255149,37.187871871584));
#1977 = CARTESIAN_POINT('',(5.39132803765,38.04265621215));
#1978 = CARTESIAN_POINT('',(5.411618059413,38.182936325436));
#1979 = CARTESIAN_POINT('',(5.432442093483,38.322242356568));
#1980 = CARTESIAN_POINT('',(5.453911251075,38.460727263604));
#1981 = CARTESIAN_POINT('',(5.476126096748,38.598278144618));
#1982 = CARTESIAN_POINT('',(5.499177546063,38.734506279962));
#1983 = CARTESIAN_POINT('',(5.523147763251,38.868737174526));
#1984 = CARTESIAN_POINT('',(5.548111058874,39.0000006));
#1985 = ( GEOMETRIC_REPRESENTATION_CONTEXT(2) 
PARAMETRIC_REPRESENTATION_CONTEXT() REPRESENTATION_CONTEXT('2D SPACE',''
  ) );
#1986 = ORIENTED_EDGE('',*,*,#1987,.F.);
#1987 = EDGE_CURVE('',#1988,#1690,#1990,.T.);
#1988 = VERTEX_POINT('',#1989);
#1989 = CARTESIAN_POINT('',(-20.4614453168,-11.43287117189,
    -19.11986450171));
#1990 = SURFACE_CURVE('',#1991,(#2029,#2070),.PCURVE_S1.);
#1991 = B_SPLINE_CURVE_WITH_KNOTS('',8,(#1992,#1993,#1994,#1995,#1996,
    #1997,#1998,#1999,#2000,#2001,#2002,#2003,#2004,#2005,#2006,#2007,
    #2008,#2009,#2010,#2011,#2012,#2013,#2014,#2015,#2016,#2017,#2018,
    #2019,#2020,#2021,#2022,#2023,#2024,#2025,#2026,#2027,#2028),
  .UNSPECIFIED.,.F.,.F.,(9,7,7,7,7,9),(0.,0.102304951882,0.189646124719,
    0.481310804146,0.710806688821,1.),.UNSPECIFIED.);
#1992 = CARTESIAN_POINT('',(-20.4614453168,-11.43287117189,
    -19.11986450171));
#1993 = CARTESIAN_POINT('',(-20.48092038001,-11.35691842535,
    -18.9720220784));
#1994 = CARTESIAN_POINT('',(-20.51143953884,-11.27141799927,
    -18.82995440974));
#1995 = CARTESIAN_POINT('',(-20.55152920707,-11.17753402458,
    -18.69418538868));
#1996 = CARTESIAN_POINT('',(-20.59976002909,-11.07636378404,
    -18.5650728092));
#1997 = CARTESIAN_POINT('',(-20.6547602555,-10.96897404306,
    -18.44283303767));
#1998 = CARTESIAN_POINT('',(-20.71522229414,-10.85643283963,
    -18.32756681699));
#1999 = CARTESIAN_POINT('',(-20.77990243674,-10.73983673336,
    -18.21928620314));
#2000 = CARTESIAN_POINT('',(-20.90542119244,-10.51830960189,
    -18.03142222661));
#2001 = CARTESIAN_POINT('',(-20.96568110219,-10.41373760741,
    -17.94959367603));
#2002 = CARTESIAN_POINT('',(-21.02786832227,-10.30698242679,
    -17.87223070368));
#2003 = CARTESIAN_POINT('',(-21.09154158489,-10.19835190857,
    -17.79909815964));
#2004 = CARTESIAN_POINT('',(-21.15633514174,-10.08809891402,
    -17.72995663178));
#2005 = CARTESIAN_POINT('',(-21.22195038324,-9.976423378178,
    -17.66456705443));
#2006 = CARTESIAN_POINT('',(-21.28814745771,-9.863474370692,
    -17.60269531702));
#2007 = CARTESIAN_POINT('',(-21.57710378777,-9.3682556151,
    -17.34850164795));
#2008 = CARTESIAN_POINT('',(-21.80554192147,-8.971171346759,
    -17.18811845372));
#2009 = CARTESIAN_POINT('',(-22.03148251981,-8.564295688538,
    -17.05701571334));
#2010 = CARTESIAN_POINT('',(-22.25027970517,-8.151571305432,
    -16.94980652115));
#2011 = CARTESIAN_POINT('',(-22.45953232593,-7.735245252357,
    -16.86201146658));
#2012 = CARTESIAN_POINT('',(-22.65847118154,-7.315724444054,
    -16.7900633109));
#2013 = CARTESIAN_POINT('',(-22.84736782849,-6.891216121684,
    -16.73122460509));
#2014 = CARTESIAN_POINT('',(-23.16801197874,-6.117014088502,
    -16.64621134203));
#2015 = CARTESIAN_POINT('',(-23.30229722359,-5.773223146745,
    -16.61602879576));
#2016 = CARTESIAN_POINT('',(-23.42929064865,-5.426851759691,
    -16.5922345422));
#2017 = CARTESIAN_POINT('',(-23.54874459045,-5.078104061915,
    -16.57417433274));
#2018 = CARTESIAN_POINT('',(-23.66050462764,-4.727115948091,
    -16.56138122406));
#2019 = CARTESIAN_POINT('',(-23.76448220359,-4.373972690298,
    -16.55356100207));
#2020 = CARTESIAN_POINT('',(-23.86063863788,-4.018730120412,
    -16.55058668902));
#2021 = CARTESIAN_POINT('',(-24.06030227582,-3.211208676871,
    -16.55491583164));
#2022 = CARTESIAN_POINT('',(-24.1591411453,-2.758024165905,
    -16.56509196017));
#2023 = CARTESIAN_POINT('',(-24.24549608207,-2.302170020664,
    -16.58309887679));
#2024 = CARTESIAN_POINT('',(-24.31948596095,-1.843993363293,
    -16.60941028535));
#2025 = CARTESIAN_POINT('',(-24.38136391501,-1.383942993419,
    -16.64490200511));
#2026 = CARTESIAN_POINT('',(-24.43153730031,-0.922627313463,
    -16.69085185726));
#2027 = CARTESIAN_POINT('',(-24.47062931651,-0.460902253352,
    -16.74896363241));
#2028 = CARTESIAN_POINT('',(-24.49961830453,0.,-16.82143610248));
#2029 = PCURVE('',#115,#2030);
#2030 = DEFINITIONAL_REPRESENTATION('',(#2031),#2069);
#2031 = B_SPLINE_CURVE_WITH_KNOTS('',8,(#2032,#2033,#2034,#2035,#2036,
    #2037,#2038,#2039,#2040,#2041,#2042,#2043,#2044,#2045,#2046,#2047,
    #2048,#2049,#2050,#2051,#2052,#2053,#2054,#2055,#2056,#2057,#2058,
    #2059,#2060,#2061,#2062,#2063,#2064,#2065,#2066,#2067,#2068),
  .UNSPECIFIED.,.F.,.F.,(9,7,7,7,7,9),(0.,0.102304951882,0.189646124719,
    0.481310804146,0.710806688821,1.),.UNSPECIFIED.);
#2032 = CARTESIAN_POINT('',(5.51768020342,25.35153853812));
#2033 = CARTESIAN_POINT('',(5.524064377504,25.221503151046));
#2034 = CARTESIAN_POINT('',(5.531206327133,25.100931163205));
#2035 = CARTESIAN_POINT('',(5.53898994257,24.98976172081));
#2036 = CARTESIAN_POINT('',(5.547306768156,24.887796177867));
#2037 = CARTESIAN_POINT('',(5.556054562841,24.794725970594));
#2038 = CARTESIAN_POINT('',(5.565135659598,24.71015900887));
#2039 = CARTESIAN_POINT('',(5.57445512373,24.633644584738));
#2040 = CARTESIAN_POINT('',(5.591998091473,24.50583375705));
#2041 = CARTESIAN_POINT('',(5.600216507582,24.452237823834));
#2042 = CARTESIAN_POINT('',(5.608542110106,24.403503860988));
#2043 = CARTESIAN_POINT('',(5.616948952586,24.359249654569));
#2044 = CARTESIAN_POINT('',(5.625416496989,24.319117080489));
#2045 = CARTESIAN_POINT('',(5.633929120326,24.282773271013));
#2046 = CARTESIAN_POINT('',(5.642475621262,24.249911781261));
#2047 = CARTESIAN_POINT('',(5.67967751632,24.121214571411));
#2048 = CARTESIAN_POINT('',(5.708821315338,24.057142306947));
#2049 = CARTESIAN_POINT('',(5.738007161087,24.019328700021));
#2050 = CARTESIAN_POINT('',(5.767000611989,24.00104669868));
#2051 = CARTESIAN_POINT('',(5.795705963579,23.997245509291));
#2052 = CARTESIAN_POINT('',(5.824153825723,24.004327359926));
#2053 = CARTESIAN_POINT('',(5.852507778385,24.019851446528));
#2054 = CARTESIAN_POINT('',(5.903496769728,24.060002861197));
#2055 = CARTESIAN_POINT('',(5.925893800714,24.081851358423));
#2056 = CARTESIAN_POINT('',(5.948235134208,24.106923122642));
#2057 = CARTESIAN_POINT('',(5.970526551299,24.134518719364));
#2058 = CARTESIAN_POINT('',(5.992777713813,24.164147251946));
#2059 = CARTESIAN_POINT('',(6.0150008494,24.195502660372));
#2060 = CARTESIAN_POINT('',(6.037209471299,24.228452683197));
#2061 = CARTESIAN_POINT('',(6.087401543783,24.306625404755));
#2062 = CARTESIAN_POINT('',(6.115365869138,24.352781537479));
#2063 = CARTESIAN_POINT('',(6.143326339228,24.401571958207));
#2064 = CARTESIAN_POINT('',(6.171294793474,24.453480638926));
#2065 = CARTESIAN_POINT('',(6.199276755842,24.509414768651));
#2066 = CARTESIAN_POINT('',(6.227268501908,24.570712062825));
#2067 = CARTESIAN_POINT('',(6.255251837279,24.639185901856));
#2068 = CARTESIAN_POINT('',(6.28318530718,24.717241140917));
#2069 = ( GEOMETRIC_REPRESENTATION_CONTEXT(2) 
PARAMETRIC_REPRESENTATION_CONTEXT() REPRESENTATION_CONTEXT('2D SPACE',''
  ) );
#2070 = PCURVE('',#2071,#2076);
#2071 = CYLINDRICAL_SURFACE('',#2072,3.);
#2072 = AXIS2_PLACEMENT_3D('',#2073,#2074,#2075);
#2073 = CARTESIAN_POINT('',(-22.86882105009,-14.12259909559,
    -19.11986450171));
#2074 = DIRECTION('',(-0.248375350268,0.968663866044,0.));
#2075 = DIRECTION('',(0.968663866044,0.248375350268,0.));
#2076 = DEFINITIONAL_REPRESENTATION('',(#2077),#2115);
#2077 = B_SPLINE_CURVE_WITH_KNOTS('',8,(#2078,#2079,#2080,#2081,#2082,
    #2083,#2084,#2085,#2086,#2087,#2088,#2089,#2090,#2091,#2092,#2093,
    #2094,#2095,#2096,#2097,#2098,#2099,#2100,#2101,#2102,#2103,#2104,
    #2105,#2106,#2107,#2108,#2109,#2110,#2111,#2112,#2113,#2114),
  .UNSPECIFIED.,.F.,.F.,(9,7,7,7,7,9),(0.,0.102304951882,0.189646124719,
    0.481310804146,0.710806688821,1.),.UNSPECIFIED.);
#2078 = CARTESIAN_POINT('',(6.28318530718,2.007509458193));
#2079 = CARTESIAN_POINT('',(6.233904499407,2.085919264939));
#2080 = CARTESIAN_POINT('',(6.186548627021,2.176320644983));
#2081 = CARTESIAN_POINT('',(6.141109866765,2.27721994425));
#2082 = CARTESIAN_POINT('',(6.097585080146,2.387199247893));
#2083 = CARTESIAN_POINT('',(6.055974224072,2.504884510066));
#2084 = CARTESIAN_POINT('',(6.016279867587,2.628916387293));
#2085 = CARTESIAN_POINT('',(5.978507814703,2.757923775434));
#2086 = CARTESIAN_POINT('',(5.912071891445,3.003684867952));
#2087 = CARTESIAN_POINT('',(5.882754852646,3.119947056597));
#2088 = CARTESIAN_POINT('',(5.854650299653,3.238802715137));
#2089 = CARTESIAN_POINT('',(5.827694448411,3.359844041796));
#2090 = CARTESIAN_POINT('',(5.801826573392,3.482735256114));
#2091 = CARTESIAN_POINT('',(5.776988432889,3.607208521004));
#2092 = CARTESIAN_POINT('',(5.753123694316,3.73305986482));
#2093 = CARTESIAN_POINT('',(5.653551008288,4.284530008841));
#2094 = CARTESIAN_POINT('',(5.586583617603,4.72590959283));
#2095 = CARTESIAN_POINT('',(5.528086596983,5.176153416171));
#2096 = CARTESIAN_POINT('',(5.477183054388,5.630288440274));
#2097 = CARTESIAN_POINT('',(5.433084966899,6.085541637355));
#2098 = CARTESIAN_POINT('',(5.395101917568,6.541327793357));
#2099 = CARTESIAN_POINT('',(5.362667213353,6.999450936921));
#2100 = CARTESIAN_POINT('',(5.314106803583,7.829032574613));
#2101 = CARTESIAN_POINT('',(5.296139017222,8.195403582091));
#2102 = CARTESIAN_POINT('',(5.2814847016,8.562463065392));
#2103 = CARTESIAN_POINT('',(5.270072230614,8.929951773231));
#2104 = CARTESIAN_POINT('',(5.261852425601,9.297699714886));
#2105 = CARTESIAN_POINT('',(5.256793581027,9.665602295092));
#2106 = CARTESIAN_POINT('',(5.254880025391,10.03359582427));
#2107 = CARTESIAN_POINT('',(5.257669452409,10.865404193692));
#2108 = CARTESIAN_POINT('',(5.264221770157,11.328936792942));
#2109 = CARTESIAN_POINT('',(5.275763601925,11.791954669294));
#2110 = CARTESIAN_POINT('',(5.292318205481,12.254151103636));
#2111 = CARTESIAN_POINT('',(5.313938815416,12.715154232004));
#2112 = CARTESIAN_POINT('',(5.340712588461,13.17447589417));
#2113 = CARTESIAN_POINT('',(5.372778412929,13.63144176916));
#2114 = CARTESIAN_POINT('',(5.410367651484,14.085101277815));
#2115 = ( GEOMETRIC_REPRESENTATION_CONTEXT(2) 
PARAMETRIC_REPRESENTATION_CONTEXT() REPRESENTATION_CONTEXT('2D SPACE',''
  ) );
#2116 = ORIENTED_EDGE('',*,*,#2117,.T.);
#2117 = EDGE_CURVE('',#1988,#2118,#2120,.T.);
#2118 = VERTEX_POINT('',#2119);
#2119 = CARTESIAN_POINT('',(-21.89590356233,-10.97930867778,
    -21.57562676595));
#2120 = SURFACE_CURVE('',#2121,(#2184,#2250),.PCURVE_S1.);
#2121 = B_SPLINE_CURVE_WITH_KNOTS('',7,(#2122,#2123,#2124,#2125,#2126,
    #2127,#2128,#2129,#2130,#2131,#2132,#2133,#2134,#2135,#2136,#2137,
    #2138,#2139,#2140,#2141,#2142,#2143,#2144,#2145,#2146,#2147,#2148,
    #2149,#2150,#2151,#2152,#2153,#2154,#2155,#2156,#2157,#2158,#2159,
    #2160,#2161,#2162,#2163,#2164,#2165,#2166,#2167,#2168,#2169,#2170,
    #2171,#2172,#2173,#2174,#2175,#2176,#2177,#2178,#2179,#2180,#2181,
    #2182,#2183),.UNSPECIFIED.,.F.,.F.,(8,6,6,6,6,6,6,6,6,6,8),(0.,
    1.440676856429E-02,4.542426397349E-02,7.800409184004E-02,
    9.31491659394E-02,0.119030128037,0.175069812228,0.264966792377,
    0.509319979219,0.742573144707,1.),.UNSPECIFIED.);
#2122 = CARTESIAN_POINT('',(-20.4614453168,-11.43287117189,
    -19.11986450171));
#2123 = CARTESIAN_POINT('',(-20.45762857657,-11.4477564588,
    -19.14883879151));
#2124 = CARTESIAN_POINT('',(-20.45424898174,-11.46225111427,
    -19.17800775581));
#2125 = CARTESIAN_POINT('',(-20.45131762668,-11.47634416407,
    -19.20736055549));
#2126 = CARTESIAN_POINT('',(-20.44884491944,-11.49002496504,
    -19.23688542963));
#2127 = CARTESIAN_POINT('',(-20.44684058178,-11.50328320506,
    -19.26656969545));
#2128 = CARTESIAN_POINT('',(-20.44531364914,-11.51610890301,
    -19.29639974838));
#2129 = CARTESIAN_POINT('',(-20.44203083343,-11.55515385852,
    -19.39086719354));
#2130 = CARTESIAN_POINT('',(-20.44203992095,-11.57977325964,
    -19.45599999731));
#2131 = CARTESIAN_POINT('',(-20.44438436136,-11.60224490337,
    -19.52159405894));
#2132 = CARTESIAN_POINT('',(-20.4491251248,-11.62248377699,
    -19.58748099895));
#2133 = CARTESIAN_POINT('',(-20.45629841764,-11.64042490886,
    -19.65349006784));
#2134 = CARTESIAN_POINT('',(-20.46591457669,-11.65602271329,
    -19.71944874109));
#2135 = CARTESIAN_POINT('',(-20.49060591796,-11.68314422516,
    -19.85422889814));
#2136 = CARTESIAN_POINT('',(-20.50592737107,-11.69441834211,
    -19.92300362445));
#2137 = CARTESIAN_POINT('',(-20.52389945207,-11.7030470675,
    -19.99131276785));
#2138 = CARTESIAN_POINT('',(-20.54447049254,-11.70902738992,
    -20.0589680847));
#2139 = CARTESIAN_POINT('',(-20.56755906348,-11.71237890303,
    -20.125788173));
#2140 = CARTESIAN_POINT('',(-20.59305401245,-11.71314380308,
    -20.19159883227));
#2141 = CARTESIAN_POINT('',(-20.63371925428,-11.71057016539,
    -20.28627948988));
#2142 = CARTESIAN_POINT('',(-20.6471160841,-11.70920831355,
    -20.31607709723));
#2143 = CARTESIAN_POINT('',(-20.66099224917,-11.70730758753,
    -20.34561232895));
#2144 = CARTESIAN_POINT('',(-20.67533452364,-11.70487484389,
    -20.37487243497));
#2145 = CARTESIAN_POINT('',(-20.69012919681,-11.70191753914,
    -20.40384583161));
#2146 = CARTESIAN_POINT('',(-20.70536207312,-11.69844372974,
    -20.43252210166));
#2147 = CARTESIAN_POINT('',(-20.74777322202,-11.68765793701,
    -20.50937245146));
#2148 = CARTESIAN_POINT('',(-20.7757594695,-11.6793719932,
    -20.55694820488));
#2149 = CARTESIAN_POINT('',(-20.80490951077,-11.66964646093,
    -20.60358379959));
#2150 = CARTESIAN_POINT('',(-20.83515256418,-11.65852588721,
    -20.6492478246));
#2151 = CARTESIAN_POINT('',(-20.86641506937,-11.64605732916,
    -20.69391281289));
#2152 = CARTESIAN_POINT('',(-20.89862098643,-11.63229053729,
    -20.73755514154));
#2153 = CARTESIAN_POINT('',(-21.0033005028,-11.58477200319,
    -20.87239565975));
#2154 = CARTESIAN_POINT('',(-21.07891766737,-11.54644777966,
    -20.95968674183));
#2155 = CARTESIAN_POINT('',(-21.15789499163,-11.50278252958,
    -21.04203970426));
#2156 = CARTESIAN_POINT('',(-21.23962146327,-11.45422719427,
    -21.11951869525));
#2157 = CARTESIAN_POINT('',(-21.32352363097,-11.40121462379,
    -21.19223070736));
#2158 = CARTESIAN_POINT('',(-21.40906558039,-11.34416760574,
    -21.26031579999));
#2159 = CARTESIAN_POINT('',(-21.63480339828,-11.18619701655,
    -21.42599683144));
#2160 = CARTESIAN_POINT('',(-21.77689895926,-11.07951491313,
    -21.5166472751));
#2161 = CARTESIAN_POINT('',(-21.92046119624,-10.96483285046,
    -21.59688241464));
#2162 = CARTESIAN_POINT('',(-22.06428192558,-10.84327542534,
    -21.66769245422));
#2163 = CARTESIAN_POINT('',(-22.20746015842,-10.71576744199,
    -21.73002890732));
#2164 = CARTESIAN_POINT('',(-22.34933484989,-10.58307382523,
    -21.78477788064));
#2165 = CARTESIAN_POINT('',(-22.87015264743,-10.07278697449,
    -21.96311468002));
#2166 = CARTESIAN_POINT('',(-23.23928215793,-9.664487226469,
    -22.04393727993));
#2167 = CARTESIAN_POINT('',(-23.58686740374,-9.232983280372,
    -22.09062827354));
#2168 = CARTESIAN_POINT('',(-23.9105980933,-8.785088502431,
    -22.11443154328));
#2169 = CARTESIAN_POINT('',(-24.21040383971,-8.325351262326,
    -22.12327058127));
#2170 = CARTESIAN_POINT('',(-24.48812917943,-7.854767677991,
    -22.1226433534));
#2171 = CARTESIAN_POINT('',(-24.99211317277,-6.908694580835,
    -22.11070071875));
#2172 = CARTESIAN_POINT('',(-25.21861478321,-6.437258089485,
    -22.09990852922));
#2173 = CARTESIAN_POINT('',(-25.42589833062,-5.958029393669,
    -22.08777748793));
#2174 = CARTESIAN_POINT('',(-25.61448843742,-5.472133142039,
    -22.07674510229));
#2175 = CARTESIAN_POINT('',(-25.78479642014,-4.980358433491,
    -22.06842711838));
#2176 = CARTESIAN_POINT('',(-25.93701446286,-4.483265802824,
    -22.06368643262));
#2177 = CARTESIAN_POINT('',(-26.21895772347,-3.427203559552,
    -22.06154512389));
#2178 = CARTESIAN_POINT('',(-26.344424288,-2.868256763716,-22.0649587242
    ));
#2179 = CARTESIAN_POINT('',(-26.44767472886,-2.304177672119,
    -22.07306425993));
#2180 = CARTESIAN_POINT('',(-26.52822844654,-1.734763524517,
    -22.08499669064));
#2181 = CARTESIAN_POINT('',(-26.58486528636,-1.160121400083,
    -22.09884512409));
#2182 = CARTESIAN_POINT('',(-26.61561506985,-0.581112876142,
    -22.11142801576));
#2183 = CARTESIAN_POINT('',(-26.61796490903,0.,-22.11730261373));
#2184 = PCURVE('',#115,#2185);
#2185 = DEFINITIONAL_REPRESENTATION('',(#2186),#2249);
#2186 = B_SPLINE_CURVE_WITH_KNOTS('',7,(#2187,#2188,#2189,#2190,#2191,
    #2192,#2193,#2194,#2195,#2196,#2197,#2198,#2199,#2200,#2201,#2202,
    #2203,#2204,#2205,#2206,#2207,#2208,#2209,#2210,#2211,#2212,#2213,
    #2214,#2215,#2216,#2217,#2218,#2219,#2220,#2221,#2222,#2223,#2224,
    #2225,#2226,#2227,#2228,#2229,#2230,#2231,#2232,#2233,#2234,#2235,
    #2236,#2237,#2238,#2239,#2240,#2241,#2242,#2243,#2244,#2245,#2246,
    #2247,#2248),.UNSPECIFIED.,.F.,.F.,(8,6,6,6,6,6,6,6,6,6,8),(0.,
    1.440676856429E-02,4.542426397349E-02,7.800409184004E-02,
    9.31491659394E-02,0.119030128037,0.175069812228,0.264966792377,
    0.509319979219,0.742573144707,1.),.UNSPECIFIED.);
#2187 = CARTESIAN_POINT('',(5.51768020342,25.35153853812));
#2188 = CARTESIAN_POINT('',(5.516429027297,25.377022989094));
#2189 = CARTESIAN_POINT('',(5.515208929655,25.402850542534));
#2190 = CARTESIAN_POINT('',(5.514020988528,25.429015254916));
#2191 = CARTESIAN_POINT('',(5.512866255764,25.455510071937));
#2192 = CARTESIAN_POINT('',(5.511745757023,25.482326828517));
#2193 = CARTESIAN_POINT('',(5.510660491779,25.5094562488));
#2194 = CARTESIAN_POINT('',(5.507352830649,25.595947862539));
#2195 = CARTESIAN_POINT('',(5.505261403914,25.656425527666));
#2196 = CARTESIAN_POINT('',(5.503347646085,25.718198788259));
#2197 = CARTESIAN_POINT('',(5.501620282603,25.78113395164));
#2198 = CARTESIAN_POINT('',(5.500086242805,25.845085927563));
#2199 = CARTESIAN_POINT('',(5.498750631364,25.909898370052));
#2200 = CARTESIAN_POINT('',(5.496425652632,26.044208738203));
#2201 = CARTESIAN_POINT('',(5.495457524522,26.113754713338));
#2202 = CARTESIAN_POINT('',(5.494715640456,26.183852824079));
#2203 = CARTESIAN_POINT('',(5.494201070873,26.254309101425));
#2204 = CARTESIAN_POINT('',(5.493912625502,26.324924875873));
#2205 = CARTESIAN_POINT('',(5.493846847287,26.395497125353));
#2206 = CARTESIAN_POINT('',(5.494068274153,26.498508600694));
#2207 = CARTESIAN_POINT('',(5.494185437976,26.531150442245));
#2208 = CARTESIAN_POINT('',(5.494348944086,26.563726694791));
#2209 = CARTESIAN_POINT('',(5.494558175221,26.596220608215));
#2210 = CARTESIAN_POINT('',(5.494812450542,26.628616335332));
#2211 = CARTESIAN_POINT('',(5.49511102563,26.660898931885));
#2212 = CARTESIAN_POINT('',(5.496037640273,26.748003795641));
#2213 = CARTESIAN_POINT('',(5.496749090599,26.802570605119));
#2214 = CARTESIAN_POINT('',(5.497583504087,26.85669672132));
#2215 = CARTESIAN_POINT('',(5.498536655232,26.91032669221));
#2216 = CARTESIAN_POINT('',(5.4996040388,26.963407695686));
#2217 = CARTESIAN_POINT('',(5.500780876228,27.015889557887));
#2218 = CARTESIAN_POINT('',(5.504836385543,27.179962832422));
#2219 = CARTESIAN_POINT('',(5.508098313933,27.289094077352));
#2220 = CARTESIAN_POINT('',(5.511801522278,27.394888325266));
#2221 = CARTESIAN_POINT('',(5.515901478518,27.49717821201));
#2222 = CARTESIAN_POINT('',(5.520355319126,27.595850103208));
#2223 = CARTESIAN_POINT('',(5.5251216648,27.690835007164));
#2224 = CARTESIAN_POINT('',(5.538243464008,27.928502903853));
#2225 = CARTESIAN_POINT('',(5.547033566809,28.065442694316));
#2226 = CARTESIAN_POINT('',(5.55639503523,28.193256827456));
#2227 = CARTESIAN_POINT('',(5.566217973653,28.312415976631));
#2228 = CARTESIAN_POINT('',(5.576414284408,28.423468981056));
#2229 = CARTESIAN_POINT('',(5.586913540681,28.526993064254));
#2230 = CARTESIAN_POINT('',(5.626865798947,28.886001499692));
#2231 = CARTESIAN_POINT('',(5.65801917483,29.098134658378));
#2232 = CARTESIAN_POINT('',(5.690020660999,29.270576077147));
#2233 = CARTESIAN_POINT('',(5.722373533207,29.412907418022));
#2234 = CARTESIAN_POINT('',(5.754806700585,29.532459317697));
#2235 = CARTESIAN_POINT('',(5.787310622502,29.635021552998));
#2236 = CARTESIAN_POINT('',(5.851398210133,29.811108051254));
#2237 = CARTESIAN_POINT('',(5.882762962762,29.885208341139));
#2238 = CARTESIAN_POINT('',(5.914130700019,29.950928128926));
#2239 = CARTESIAN_POINT('',(5.945480094792,30.010725423339));
#2240 = CARTESIAN_POINT('',(5.976811870771,30.066253166048));
#2241 = CARTESIAN_POINT('',(6.008141060458,30.118383911662));
#2242 = CARTESIAN_POINT('',(6.074093489151,30.221106854673));
#2243 = CARTESIAN_POINT('',(6.108653154295,30.270873415254));
#2244 = CARTESIAN_POINT('',(6.143255161291,30.316745467305));
#2245 = CARTESIAN_POINT('',(6.177976748388,30.357741350779));
#2246 = CARTESIAN_POINT('',(6.212874924128,30.391633692687));
#2247 = CARTESIAN_POINT('',(6.247966344989,30.414736797201));
#2248 = CARTESIAN_POINT('',(6.28318530718,30.42106393285));
#2249 = ( GEOMETRIC_REPRESENTATION_CONTEXT(2) 
PARAMETRIC_REPRESENTATION_CONTEXT() REPRESENTATION_CONTEXT('2D SPACE',''
  ) );
#2250 = PCURVE('',#2071,#2251);
#2251 = DEFINITIONAL_REPRESENTATION('',(#2252),#2315);
#2252 = B_SPLINE_CURVE_WITH_KNOTS('',7,(#2253,#2254,#2255,#2256,#2257,
    #2258,#2259,#2260,#2261,#2262,#2263,#2264,#2265,#2266,#2267,#2268,
    #2269,#2270,#2271,#2272,#2273,#2274,#2275,#2276,#2277,#2278,#2279,
    #2280,#2281,#2282,#2283,#2284,#2285,#2286,#2287,#2288,#2289,#2290,
    #2291,#2292,#2293,#2294,#2295,#2296,#2297,#2298,#2299,#2300,#2301,
    #2302,#2303,#2304,#2305,#2306,#2307,#2308,#2309,#2310,#2311,#2312,
    #2313,#2314),.UNSPECIFIED.,.F.,.F.,(8,6,6,6,6,6,6,6,6,6,8),(0.,
    1.440676856429E-02,4.542426397349E-02,7.800409184004E-02,
    9.31491659394E-02,0.119030128037,0.175069812228,0.264966792377,
    0.509319979219,0.742573144707,1.),.UNSPECIFIED.);
#2253 = CARTESIAN_POINT('',(0.,2.007509458193));
#2254 = CARTESIAN_POINT('',(9.658096598703E-03,1.992142634432));
#2255 = CARTESIAN_POINT('',(1.938108020285E-02,1.977262777387));
#2256 = CARTESIAN_POINT('',(2.916681957906E-02,1.96288327294));
#2257 = CARTESIAN_POINT('',(3.901295337477E-02,1.949017015851));
#2258 = CARTESIAN_POINT('',(4.89168901183E-02,1.935676409754));
#2259 = CARTESIAN_POINT('',(5.887580821879E-02,1.922873367161));
#2260 = CARTESIAN_POINT('',(9.043981847189E-02,1.884236559103));
#2261 = CARTESIAN_POINT('',(0.112239772445,1.860390891956));
#2262 = CARTESIAN_POINT('',(0.13424910143,1.839205723872));
#2263 = CARTESIAN_POINT('',(0.156430770815,1.820778547079));
#2264 = CARTESIAN_POINT('',(0.17874751387,1.805181290047));
#2265 = CARTESIAN_POINT('',(0.201161217802,1.792460677379));
#2266 = CARTESIAN_POINT('',(0.247235257081,1.772321769371));
#2267 = CARTESIAN_POINT('',(0.270893436927,1.765206410942));
#2268 = CARTESIAN_POINT('',(0.29456299804,1.761311898362));
#2269 = CARTESIAN_POINT('',(0.318200928207,1.760628315506));
#2270 = CARTESIAN_POINT('',(0.341764136898,1.763116457756));
#2271 = CARTESIAN_POINT('',(0.36520853788,1.768707843596));
#2272 = CARTESIAN_POINT('',(0.39930989481,1.781301077114));
#2273 = CARTESIAN_POINT('',(0.410098091452,1.78594769609));
#2274 = CARTESIAN_POINT('',(0.420849152933,1.791235358062));
#2275 = CARTESIAN_POINT('',(0.43155975015,1.797154136366));
#2276 = CARTESIAN_POINT('',(0.442226793713,1.803693402752));
#2277 = CARTESIAN_POINT('',(0.452847433952,1.810841827384));
#2278 = CARTESIAN_POINT('',(0.481484596593,1.831823519024));
#2279 = CARTESIAN_POINT('',(0.499403276084,1.846800907409));
#2280 = CARTESIAN_POINT('',(0.517165955325,1.863461830813));
#2281 = CARTESIAN_POINT('',(0.534763617277,1.881745557728));
#2282 = CARTESIAN_POINT('',(0.552187311486,1.901588235051));
#2283 = CARTESIAN_POINT('',(0.569428093653,1.922922784811));
#2284 = CARTESIAN_POINT('',(0.623392647597,1.994952083311));
#2285 = CARTESIAN_POINT('',(0.659383890003,2.050856813575));
#2286 = CARTESIAN_POINT('',(0.694442130674,2.112769784101));
#2287 = CARTESIAN_POINT('',(0.728560142369,2.180102423946));
#2288 = CARTESIAN_POINT('',(0.761731577553,2.252293015705));
#2289 = CARTESIAN_POINT('',(0.793950513596,2.328798912404));
#2290 = CARTESIAN_POINT('',(0.875358017617,2.537887023632));
#2291 = CARTESIAN_POINT('',(0.923076419243,2.676519157106));
#2292 = CARTESIAN_POINT('',(0.968506727365,2.823264848192));
#2293 = CARTESIAN_POINT('',(1.011771308692,2.976734657578));
#2294 = CARTESIAN_POINT('',(1.052987403285,3.135808977412));
#2295 = CARTESIAN_POINT('',(1.092269260522,3.299582665412));
#2296 = CARTESIAN_POINT('',(1.231514301088,3.923237401926));
#2297 = CARTESIAN_POINT('',(1.32022881952,4.410425285824));
#2298 = CARTESIAN_POINT('',(1.397771757343,4.914739173637));
#2299 = CARTESIAN_POINT('',(1.465354629308,5.429005384232));
#2300 = CARTESIAN_POINT('',(1.524029895688,5.948800593871));
#2301 = CARTESIAN_POINT('',(1.574695918691,6.473618036503));
#2302 = CARTESIAN_POINT('',(1.659193027715,7.515222061228));
#2303 = CARTESIAN_POINT('',(1.693428280263,8.028142972364));
#2304 = CARTESIAN_POINT('',(1.720956076076,8.543838617266));
#2305 = CARTESIAN_POINT('',(1.741941304189,9.061349892698));
#2306 = CARTESIAN_POINT('',(1.756483894629,9.580014587966));
#2307 = CARTESIAN_POINT('',(1.764632676903,10.099337467045));
#2308 = CARTESIAN_POINT('',(1.768305507021,11.192334558506));
#2309 = CARTESIAN_POINT('',(1.762430039851,11.764928924588));
#2310 = CARTESIAN_POINT('',(1.748795503785,12.336976822619));
#2311 = CARTESIAN_POINT('',(1.727295521853,12.908555290062));
#2312 = CARTESIAN_POINT('',(1.697668889804,13.479257546835));
#2313 = CARTESIAN_POINT('',(1.659519430017,14.047759670353));
#2314 = CARTESIAN_POINT('',(1.612126321457,14.611246357696));
#2315 = ( GEOMETRIC_REPRESENTATION_CONTEXT(2) 
PARAMETRIC_REPRESENTATION_CONTEXT() REPRESENTATION_CONTEXT('2D SPACE',''
  ) );
#2316 = ORIENTED_EDGE('',*,*,#2317,.F.);
#2317 = EDGE_CURVE('',#2318,#2118,#2320,.T.);
#2318 = VERTEX_POINT('',#2319);
#2319 = CARTESIAN_POINT('',(-26.56686076041,-8.273162995123,
    -27.97778910837));
#2320 = SURFACE_CURVE('',#2321,(#2415,#2512),.PCURVE_S1.);
#2321 = B_SPLINE_CURVE_WITH_KNOTS('',8,(#2322,#2323,#2324,#2325,#2326,
    #2327,#2328,#2329,#2330,#2331,#2332,#2333,#2334,#2335,#2336,#2337,
    #2338,#2339,#2340,#2341,#2342,#2343,#2344,#2345,#2346,#2347,#2348,
    #2349,#2350,#2351,#2352,#2353,#2354,#2355,#2356,#2357,#2358,#2359,
    #2360,#2361,#2362,#2363,#2364,#2365,#2366,#2367,#2368,#2369,#2370,
    #2371,#2372,#2373,#2374,#2375,#2376,#2377,#2378,#2379,#2380,#2381,
    #2382,#2383,#2384,#2385,#2386,#2387,#2388,#2389,#2390,#2391,#2392,
    #2393,#2394,#2395,#2396,#2397,#2398,#2399,#2400,#2401,#2402,#2403,
    #2404,#2405,#2406,#2407,#2408,#2409,#2410,#2411,#2412,#2413,#2414),
  .UNSPECIFIED.,.F.,.F.,(9,7,7,7,7,7,7,7,7,7,7,7,7,9),(0.,
    5.282461020923E-02,0.182897982383,0.262247809551,0.381364086912,
    0.450606841889,0.488226314905,0.520601224721,0.567998662148,
    0.603606074961,0.742838333437,0.814611375806,0.969275619875,1.),
  .UNSPECIFIED.);
#2322 = CARTESIAN_POINT('',(-26.56686129824,-8.273162446189,
    -27.97778959637));
#2323 = CARTESIAN_POINT('',(-26.36149033594,-8.482777278093,
    -27.79144323681));
#2324 = CARTESIAN_POINT('',(-26.15748373985,-8.673404375654,
    -27.5915319064));
#2325 = CARTESIAN_POINT('',(-25.95708197542,-8.847062864642,
    -27.38322404188));
#2326 = CARTESIAN_POINT('',(-25.76144451177,-9.005861435147,
    -27.17004265311));
#2327 = CARTESIAN_POINT('',(-25.57069638032,-9.151985637895,
    -26.95387775502));
#2328 = CARTESIAN_POINT('',(-25.38401505255,-9.287657115798,
    -26.7350332156));
#2329 = CARTESIAN_POINT('',(-25.19975763654,-9.415064770716,
    -26.51230802009));
#2330 = CARTESIAN_POINT('',(-24.56223533213,-9.834713896363,
    -25.71874800338));
#2331 = CARTESIAN_POINT('',(-24.11715250343,-10.09057910546,
    -25.12452690179));
#2332 = CARTESIAN_POINT('',(-23.6869594448,-10.30984778144,
    -24.51495874321));
#2333 = CARTESIAN_POINT('',(-23.2741032282,-10.49800713082,
    -23.89781735261));
#2334 = CARTESIAN_POINT('',(-22.87816413284,-10.65970910226,
    -23.27549710341));
#2335 = CARTESIAN_POINT('',(-22.49704386228,-10.7985355313,
    -22.6461603177));
#2336 = CARTESIAN_POINT('',(-22.128179216,-10.91672224246,
    -22.00497775446));
#2337 = CARTESIAN_POINT('',(-21.5513101553,-11.07446662149,
    -20.94361903192));
#2338 = CARTESIAN_POINT('',(-21.33843047277,-11.126232556,
    -20.53800329294));
#2339 = CARTESIAN_POINT('',(-21.13139313757,-11.17012939335,
    -20.12888174076));
#2340 = CARTESIAN_POINT('',(-20.93039263572,-11.20616672858,
    -19.71616816729));
#2341 = CARTESIAN_POINT('',(-20.73569286548,-11.23423251518,
    -19.29976237966));
#2342 = CARTESIAN_POINT('',(-20.54764602877,-11.25409075355,
    -18.87958935127));
#2343 = CARTESIAN_POINT('',(-20.3667074285,-11.26537426021,
    -18.4556410372));
#2344 = CARTESIAN_POINT('',(-19.93335441605,-11.27087243999,
    -17.38609728382));
#2345 = CARTESIAN_POINT('',(-19.69263344169,-11.25367318356,
    -16.74100775102));
#2346 = CARTESIAN_POINT('',(-19.47062494502,-11.21484496096,
    -16.08816338319));
#2347 = CARTESIAN_POINT('',(-19.26834169962,-11.15171686565,
    -15.42419676797));
#2348 = CARTESIAN_POINT('',(-19.08856860296,-11.06012582454,
    -14.74774776301));
#2349 = CARTESIAN_POINT('',(-18.93575755762,-10.93428260304,
    -14.05974249081));
#2350 = CARTESIAN_POINT('',(-18.81567213589,-10.7663816896,
    -13.36389451852));
#2351 = CARTESIAN_POINT('',(-18.6876906353,-10.41770449424,
    -12.26372242853));
#2352 = CARTESIAN_POINT('',(-18.65406419389,-10.27227285354,
    -11.86096603924));
#2353 = CARTESIAN_POINT('',(-18.63442922081,-10.10640169503,
    -11.45713732966));
#2354 = CARTESIAN_POINT('',(-18.63034840094,-9.916023823451,
    -11.05127642891));
#2355 = CARTESIAN_POINT('',(-18.64417647582,-9.696249163223,
    -10.64463788407));
#2356 = CARTESIAN_POINT('',(-18.67884758226,-9.441308972595,
    -10.24089678387));
#2357 = CARTESIAN_POINT('',(-18.73740783356,-9.144524463386,
    -9.846755087386));
#2358 = CARTESIAN_POINT('',(-18.86896503013,-8.611178871473,
    -9.2703712588));
#2359 = CARTESIAN_POINT('',(-18.92372838155,-8.406691259933,
    -9.071050692639));
#2360 = CARTESIAN_POINT('',(-18.98745341883,-8.184854321301,
    -8.8785697235));
#2361 = CARTESIAN_POINT('',(-19.06048265398,-7.945147879561,
    -8.696295681324));
#2362 = CARTESIAN_POINT('',(-19.14296455608,-7.687228485644,
    -8.527758491509));
#2363 = CARTESIAN_POINT('',(-19.23486321372,-7.411025338567,
    -8.376681712843));
#2364 = CARTESIAN_POINT('',(-19.33600286133,-7.116854396583,
    -8.2469976987));
#2365 = CARTESIAN_POINT('',(-19.54093635057,-6.537646080134,
    -8.053215819606));
#2366 = CARTESIAN_POINT('',(-19.64116998842,-6.260513245103,
    -7.983652128573));
#2367 = CARTESIAN_POINT('',(-19.74556127955,-5.977626809527,
    -7.936735230222));
#2368 = CARTESIAN_POINT('',(-19.85264756517,-5.692819082316,
    -7.913774902229));
#2369 = CARTESIAN_POINT('',(-19.96095214209,-5.410123955633,
    -7.914758155906));
#2370 = CARTESIAN_POINT('',(-20.06902787641,-5.133601047101,
    -7.938344974836));
#2371 = CARTESIAN_POINT('',(-20.17540824399,-4.867191872206,
    -7.981898074373));
#2372 = CARTESIAN_POINT('',(-20.42940675969,-4.244948516397,
    -8.128836726806));
#2373 = CARTESIAN_POINT('',(-20.57477901191,-3.901247653646,
    -8.251490381609));
#2374 = CARTESIAN_POINT('',(-20.71450238027,-3.583775738587,
    -8.401518484274));
#2375 = CARTESIAN_POINT('',(-20.84893983466,-3.291665096947,
    -8.572496532907));
#2376 = CARTESIAN_POINT('',(-20.97857765487,-3.023382254186,
    -8.759389391163));
#2377 = CARTESIAN_POINT('',(-21.10393030944,-2.777059124832,
    -8.958377635016));
#2378 = CARTESIAN_POINT('',(-21.22557066183,-2.550709197914,
    -9.166722693554));
#2379 = CARTESIAN_POINT('',(-21.43325150223,-2.185737248095,
    -9.544993239285));
#2380 = CARTESIAN_POINT('',(-21.52072475009,-2.039116508677,
    -9.711773068728));
#2381 = CARTESIAN_POINT('',(-21.60674341751,-1.901819165486,
    -9.882156264888));
#2382 = CARTESIAN_POINT('',(-21.69146219532,-1.773227517954,
    -10.05543197146));
#2383 = CARTESIAN_POINT('',(-21.77503486694,-1.652738060924,
    -10.23106797644));
#2384 = CARTESIAN_POINT('',(-21.85762029916,-1.539771347332,
    -10.40869517288));
#2385 = CARTESIAN_POINT('',(-21.939386943,-1.433781314483,
    -10.58809297957));
#2386 = CARTESIAN_POINT('',(-22.33774642304,-0.945131332641,
    -11.47724623727));
#2387 = CARTESIAN_POINT('',(-22.6487002459,-0.650702302725,
    -12.21883280087));
#2388 = CARTESIAN_POINT('',(-22.95576983376,-0.434513134603,
    -12.97180705959));
#2389 = CARTESIAN_POINT('',(-23.25921588749,-0.282073878089,
    -13.72473355047));
#2390 = CARTESIAN_POINT('',(-23.55902781809,-0.181936359127,
    -14.47216115449));
#2391 = CARTESIAN_POINT('',(-23.85627977116,-0.125672238286,
    -15.21445040155));
#2392 = CARTESIAN_POINT('',(-24.15328538506,-0.108139028072,
    -15.95652624423));
#2393 = CARTESIAN_POINT('',(-24.60768775343,-0.138021995501,
    -17.09315568111));
#2394 = CARTESIAN_POINT('',(-24.76196856772,-0.158017543313,
    -17.47929413291));
#2395 = CARTESIAN_POINT('',(-24.915878191,-0.187376759824,
    -17.86478473834));
#2396 = CARTESIAN_POINT('',(-25.06933115442,-0.225729231528,
    -18.24955412167));
#2397 = CARTESIAN_POINT('',(-25.22224019705,-0.27279855756,
    -18.63359138741));
#2398 = CARTESIAN_POINT('',(-25.37450889397,-0.328399660151,
    -19.01692176108));
#2399 = CARTESIAN_POINT('',(-25.52602116012,-0.392436225283,
    -19.39958202261));
#2400 = CARTESIAN_POINT('',(-26.00117059129,-0.621047261375,
    -20.60480612628));
#2401 = CARTESIAN_POINT('',(-26.31103692196,-0.811283817879,
    -21.39846152487));
#2402 = CARTESIAN_POINT('',(-26.61196091316,-1.034341519036,
    -22.18029734225));
#2403 = CARTESIAN_POINT('',(-26.90857375267,-1.295494925062,
    -22.96659884702));
#2404 = CARTESIAN_POINT('',(-27.20125918367,-1.603326256216,
    -23.76582326779));
#2405 = CARTESIAN_POINT('',(-27.48391598726,-1.967698456564,
    -24.57488394973));
#2406 = CARTESIAN_POINT('',(-27.74150342995,-2.397848703011,
    -25.37631981808));
#2407 = CARTESIAN_POINT('',(-27.98898454802,-2.999973160838,
    -26.28449775713));
#2408 = CARTESIAN_POINT('',(-28.02816992105,-3.10306848366,
    -26.43397176069));
#2409 = CARTESIAN_POINT('',(-28.06550903933,-3.210100560652,
    -26.58290336946));
#2410 = CARTESIAN_POINT('',(-28.10085588491,-3.321676472407,
    -26.73153604513));
#2411 = CARTESIAN_POINT('',(-28.13393063276,-3.438370046715,
    -26.8798533258));
#2412 = CARTESIAN_POINT('',(-28.16431517722,-3.560712794248,
    -27.02757099716));
#2413 = CARTESIAN_POINT('',(-28.19144865853,-3.689184844234,
    -27.17412926371));
#2414 = CARTESIAN_POINT('',(-28.21462298937,-3.824205880141,
    -27.31868491992));
#2415 = PCURVE('',#115,#2416);
#2416 = DEFINITIONAL_REPRESENTATION('',(#2417),#2511);
#2417 = B_SPLINE_CURVE_WITH_KNOTS('',8,(#2418,#2419,#2420,#2421,#2422,
    #2423,#2424,#2425,#2426,#2427,#2428,#2429,#2430,#2431,#2432,#2433,
    #2434,#2435,#2436,#2437,#2438,#2439,#2440,#2441,#2442,#2443,#2444,
    #2445,#2446,#2447,#2448,#2449,#2450,#2451,#2452,#2453,#2454,#2455,
    #2456,#2457,#2458,#2459,#2460,#2461,#2462,#2463,#2464,#2465,#2466,
    #2467,#2468,#2469,#2470,#2471,#2472,#2473,#2474,#2475,#2476,#2477,
    #2478,#2479,#2480,#2481,#2482,#2483,#2484,#2485,#2486,#2487,#2488,
    #2489,#2490,#2491,#2492,#2493,#2494,#2495,#2496,#2497,#2498,#2499,
    #2500,#2501,#2502,#2503,#2504,#2505,#2506,#2507,#2508,#2509,#2510),
  .UNSPECIFIED.,.F.,.F.,(9,7,7,7,7,7,7,7,7,7,7,7,7,9),(0.,
    5.282461020923E-02,0.182897982383,0.262247809551,0.381364086912,
    0.450606841889,0.488226314905,0.520601224721,0.567998662148,
    0.603606074961,0.742838333437,0.814611375806,0.969275619875,1.),
  .UNSPECIFIED.);
#2418 = CARTESIAN_POINT('',(5.757964820817,35.843410088885));
#2419 = CARTESIAN_POINT('',(5.743281819999,35.594118977008));
#2420 = CARTESIAN_POINT('',(5.729786061805,35.33273981878));
#2421 = CARTESIAN_POINT('',(5.717371765721,35.06490347521));
#2422 = CARTESIAN_POINT('',(5.70591970414,34.794311594859));
#2423 = CARTESIAN_POINT('',(5.6952973398,34.522765448045));
#2424 = CARTESIAN_POINT('',(5.685361738032,34.250241689686));
#2425 = CARTESIAN_POINT('',(5.675965253816,33.975015050825));
#2426 = CARTESIAN_POINT('',(5.64479962252,33.001443232659));
#2427 = CARTESIAN_POINT('',(5.625399914299,32.284423177819));
#2428 = CARTESIAN_POINT('',(5.608477558115,31.558683660069));
#2429 = CARTESIAN_POINT('',(5.59374032493,30.832351314392));
#2430 = CARTESIAN_POINT('',(5.580917632503,30.107493380326));
#2431 = CARTESIAN_POINT('',(5.569792047438,29.381624329022));
#2432 = CARTESIAN_POINT('',(5.560236990898,28.649308373985));
#2433 = CARTESIAN_POINT('',(5.547396807172,27.449617748813));
#2434 = CARTESIAN_POINT('',(5.543158872747,26.993951460446));
#2435 = CARTESIAN_POINT('',(5.539547996465,26.537199899553));
#2436 = CARTESIAN_POINT('',(5.536572357456,26.079355254242));
#2437 = CARTESIAN_POINT('',(5.534248531749,25.620422507125));
#2438 = CARTESIAN_POINT('',(5.532601644946,25.160462802253));
#2439 = CARTESIAN_POINT('',(5.531665574663,24.699637765368));
#2440 = CARTESIAN_POINT('',(5.531209434441,23.545648052075));
#2441 = CARTESIAN_POINT('',(5.532636225691,22.857295931858));
#2442 = CARTESIAN_POINT('',(5.535859124152,22.16869326782));
#2443 = CARTESIAN_POINT('',(5.541086312697,21.477089630742));
#2444 = CARTESIAN_POINT('',(5.548631016505,20.782256445102));
#2445 = CARTESIAN_POINT('',(5.558906319149,20.086706989169));
#2446 = CARTESIAN_POINT('',(5.572424136965,19.396029760504));
#2447 = CARTESIAN_POINT('',(5.599900816446,18.327014482927));
#2448 = CARTESIAN_POINT('',(5.61126431666,17.940576016548));
#2449 = CARTESIAN_POINT('',(5.624100749291,17.558338226641));
#2450 = CARTESIAN_POINT('',(5.638672871334,17.179990262132));
#2451 = CARTESIAN_POINT('',(5.655281828975,16.807571469686));
#2452 = CARTESIAN_POINT('',(5.674262156845,16.44558379468));
#2453 = CARTESIAN_POINT('',(5.695966312625,16.101381147926));
#2454 = CARTESIAN_POINT('',(5.734176768746,15.615081314292));
#2455 = CARTESIAN_POINT('',(5.74869649526,15.450355412722));
#2456 = CARTESIAN_POINT('',(5.764296339693,15.295308204132));
#2457 = CARTESIAN_POINT('',(5.780978821219,15.153193381654));
#2458 = CARTESIAN_POINT('',(5.798733284398,15.027343538773));
#2459 = CARTESIAN_POINT('',(5.817531759746,14.921202575863));
#2460 = CARTESIAN_POINT('',(5.837324487596,14.838356313684));
#2461 = CARTESIAN_POINT('',(5.875858437819,14.734544743005));
#2462 = CARTESIAN_POINT('',(5.894131335599,14.707182315901));
#2463 = CARTESIAN_POINT('',(5.912616751525,14.702391021594));
#2464 = CARTESIAN_POINT('',(5.931067505786,14.720843740284));
#2465 = CARTESIAN_POINT('',(5.949236729559,14.761979978476));
#2466 = CARTESIAN_POINT('',(5.966885493828,14.824018110133));
#2467 = CARTESIAN_POINT('',(5.983787200421,14.903964824534));
#2468 = CARTESIAN_POINT('',(6.023066380666,15.134726618848));
#2469 = CARTESIAN_POINT('',(6.044581193362,15.302597577459));
#2470 = CARTESIAN_POINT('',(6.064328003988,15.493787130039));
#2471 = CARTESIAN_POINT('',(6.08240992808,15.702465079962));
#2472 = CARTESIAN_POINT('',(6.098955128114,15.924137020277));
#2473 = CARTESIAN_POINT('',(6.114101257861,16.155447773615));
#2474 = CARTESIAN_POINT('',(6.127986482609,16.394067396873));
#2475 = CARTESIAN_POINT('',(6.150332297092,16.822413509217));
#2476 = CARTESIAN_POINT('',(6.159294256497,17.009751442049));
#2477 = CARTESIAN_POINT('',(6.167675087361,17.199894799276));
#2478 = CARTESIAN_POINT('',(6.175515975462,17.392241018119));
#2479 = CARTESIAN_POINT('',(6.1828562559,17.586353065863));
#2480 = CARTESIAN_POINT('',(6.189733122117,17.781947236957));
#2481 = CARTESIAN_POINT('',(6.196181262964,17.978881288017));
#2482 = CARTESIAN_POINT('',(6.225893718559,18.952386359147));
#2483 = CARTESIAN_POINT('',(6.243744655468,19.756417548309));
#2484 = CARTESIAN_POINT('',(6.256850854505,20.569579378276));
#2485 = CARTESIAN_POINT('',(6.266089287122,21.381351110159));
#2486 = CARTESIAN_POINT('',(6.272158839088,22.18666757429));
#2487 = CARTESIAN_POINT('',(6.275568702781,22.986262441982));
#2488 = CARTESIAN_POINT('',(6.27663138502,23.785567680606));
#2489 = CARTESIAN_POINT('',(6.274820241708,25.009662421844));
#2490 = CARTESIAN_POINT('',(6.273608350535,25.425481429768));
#2491 = CARTESIAN_POINT('',(6.271828932215,25.840561070546));
#2492 = CARTESIAN_POINT('',(6.269504407803,26.254801474211));
#2493 = CARTESIAN_POINT('',(6.26665147288,26.668160116641));
#2494 = CARTESIAN_POINT('',(6.263281232213,27.080624607843));
#2495 = CARTESIAN_POINT('',(6.259399308466,27.492185984197));
#2496 = CARTESIAN_POINT('',(6.24553859128,28.787674540364));
#2497 = CARTESIAN_POINT('',(6.234001644932,29.639646544675));
#2498 = CARTESIAN_POINT('',(6.22046830467,30.477323241841));
#2499 = CARTESIAN_POINT('',(6.20461256496,31.317545104101));
#2500 = CARTESIAN_POINT('',(6.18590125242,32.168306989752));
#2501 = CARTESIAN_POINT('',(6.163711569178,33.024477075911));
#2502 = CARTESIAN_POINT('',(6.137424744469,33.864257173467));
#2503 = CARTESIAN_POINT('',(6.100355236273,34.799391400882));
#2504 = CARTESIAN_POINT('',(6.09400052627,34.952727611269));
#2505 = CARTESIAN_POINT('',(6.087394455711,35.104874538943));
#2506 = CARTESIAN_POINT('',(6.080497958354,35.256004002698));
#2507 = CARTESIAN_POINT('',(6.073273487816,35.405996793626));
#2508 = CARTESIAN_POINT('',(6.065685438831,35.554433744833));
#2509 = CARTESIAN_POINT('',(6.057700568515,35.700586801158));
#2510 = CARTESIAN_POINT('',(6.049288417617,35.843410088885));
#2511 = ( GEOMETRIC_REPRESENTATION_CONTEXT(2) 
PARAMETRIC_REPRESENTATION_CONTEXT() REPRESENTATION_CONTEXT('2D SPACE',''
  ) );
#2512 = PCURVE('',#1885,#2513);
#2513 = DEFINITIONAL_REPRESENTATION('',(#2514),#2608);
#2514 = B_SPLINE_CURVE_WITH_KNOTS('',8,(#2515,#2516,#2517,#2518,#2519,
    #2520,#2521,#2522,#2523,#2524,#2525,#2526,#2527,#2528,#2529,#2530,
    #2531,#2532,#2533,#2534,#2535,#2536,#2537,#2538,#2539,#2540,#2541,
    #2542,#2543,#2544,#2545,#2546,#2547,#2548,#2549,#2550,#2551,#2552,
    #2553,#2554,#2555,#2556,#2557,#2558,#2559,#2560,#2561,#2562,#2563,
    #2564,#2565,#2566,#2567,#2568,#2569,#2570,#2571,#2572,#2573,#2574,
    #2575,#2576,#2577,#2578,#2579,#2580,#2581,#2582,#2583,#2584,#2585,
    #2586,#2587,#2588,#2589,#2590,#2591,#2592,#2593,#2594,#2595,#2596,
    #2597,#2598,#2599,#2600,#2601,#2602,#2603,#2604,#2605,#2606,#2607),
  .UNSPECIFIED.,.F.,.F.,(9,7,7,7,7,7,7,7,7,7,7,7,7,9),(0.,
    5.282461020923E-02,0.182897982383,0.262247809551,0.381364086912,
    0.450606841889,0.488226314905,0.520601224721,0.567998662148,
    0.603606074961,0.742838333437,0.814611375806,0.969275619875,1.),
  .UNSPECIFIED.);
#2515 = CARTESIAN_POINT('',(8.611574557129E-02,39.0000006));
#2516 = CARTESIAN_POINT('',(0.129687965628,38.77088666623));
#2517 = CARTESIAN_POINT('',(0.170574395379,38.530945786805));
#2518 = CARTESIAN_POINT('',(0.20902695823,38.285408489695));
#2519 = CARTESIAN_POINT('',(0.245319297338,38.037700347422));
#2520 = CARTESIAN_POINT('',(0.279772204562,37.789483039155));
#2521 = CARTESIAN_POINT('',(0.312768034669,37.540741704301));
#2522 = CARTESIAN_POINT('',(0.344754104791,37.28991858756));
#2523 = CARTESIAN_POINT('',(0.45375266946,36.40415742234));
#2524 = CARTESIAN_POINT('',(0.526920266281,35.754356652761));
#2525 = CARTESIAN_POINT('',(0.596463558025,35.099662870689));
#2526 = CARTESIAN_POINT('',(0.663100463548,34.447714514195));
#2527 = CARTESIAN_POINT('',(0.727616215533,33.800542701987));
#2528 = CARTESIAN_POINT('',(0.790892644595,33.156132966274));
#2529 = CARTESIAN_POINT('',(0.8539065679,32.510054202667));
#2530 = CARTESIAN_POINT('',(0.956636100288,31.459234192131));
#2531 = CARTESIAN_POINT('',(0.99554107354,31.06183735958));
#2532 = CARTESIAN_POINT('',(1.034543918124,30.665316578864));
#2533 = CARTESIAN_POINT('',(1.073757959552,30.269773317958));
#2534 = CARTESIAN_POINT('',(1.113295136588,29.875330377813));
#2535 = CARTESIAN_POINT('',(1.15326755529,29.482169498324));
#2536 = CARTESIAN_POINT('',(1.193788497073,29.090566396525));
#2537 = CARTESIAN_POINT('',(1.296796966005,28.116009012067));
#2538 = CARTESIAN_POINT('',(1.359623804799,27.540166561684));
#2539 = CARTESIAN_POINT('',(1.424300552808,26.96991770568));
#2540 = CARTESIAN_POINT('',(1.491617430555,26.403505143949));
#2541 = CARTESIAN_POINT('',(1.562340689644,25.84145021146));
#2542 = CARTESIAN_POINT('',(1.637242611019,25.286611238918));
#2543 = CARTESIAN_POINT('',(1.717166265431,24.744129303339));
#2544 = CARTESIAN_POINT('',(1.853152866388,23.91792782936));
#2545 = CARTESIAN_POINT('',(1.904992465827,23.622198509058));
#2546 = CARTESIAN_POINT('',(1.959392289769,23.332625436128));
#2547 = CARTESIAN_POINT('',(2.017038152809,23.049038854754));
#2548 = CARTESIAN_POINT('',(2.078578368811,22.773043450769));
#2549 = CARTESIAN_POINT('',(2.144669565146,22.507965215922));
#2550 = CARTESIAN_POINT('',(2.215989763568,22.258844411519));
#2551 = CARTESIAN_POINT('',(2.335314660408,21.910419931856));
#2552 = CARTESIAN_POINT('',(2.37961193952,21.793137041986));
#2553 = CARTESIAN_POINT('',(2.426149043708,21.683446339372));
#2554 = CARTESIAN_POINT('',(2.474889726769,21.583522232736));
#2555 = CARTESIAN_POINT('',(2.5258078723,21.495520756971));
#2556 = CARTESIAN_POINT('',(2.578883988349,21.421624727598));
#2557 = CARTESIAN_POINT('',(2.634102479457,21.364110112079));
#2558 = CARTESIAN_POINT('',(2.740802087741,21.292149047365));
#2559 = CARTESIAN_POINT('',(2.791093530899,21.273245731155));
#2560 = CARTESIAN_POINT('',(2.841807527035,21.269957294663));
#2561 = CARTESIAN_POINT('',(2.892442415938,21.28269347512));
#2562 = CARTESIAN_POINT('',(2.94250723239,21.311102901914));
#2563 = CARTESIAN_POINT('',(2.991504771981,21.354069402416));
#2564 = CARTESIAN_POINT('',(3.038909605058,21.409663108593));
#2565 = CARTESIAN_POINT('',(3.150379722368,21.57082102337));
#2566 = CARTESIAN_POINT('',(3.212637630263,21.688569889399));
#2567 = CARTESIAN_POINT('',(3.271225615023,21.823511027738));
#2568 = CARTESIAN_POINT('',(3.326435179752,21.971914949995));
#2569 = CARTESIAN_POINT('',(3.378560001685,22.130845483831));
#2570 = CARTESIAN_POINT('',(3.427896608693,22.298048092443));
#2571 = CARTESIAN_POINT('',(3.474745660652,22.471935815885));
#2572 = CARTESIAN_POINT('',(3.552994899825,22.786576083285));
#2573 = CARTESIAN_POINT('',(3.58537823056,22.924968931956));
#2574 = CARTESIAN_POINT('',(3.616666122606,23.066241836229));
#2575 = CARTESIAN_POINT('',(3.646943018305,23.209967193222));
#2576 = CARTESIAN_POINT('',(3.676291571875,23.355826261679));
#2577 = CARTESIAN_POINT('',(3.704794105037,23.503606494959));
#2578 = CARTESIAN_POINT('',(3.732533166926,23.653198183388));
#2579 = CARTESIAN_POINT('',(3.865393628758,24.396564924863));
#2580 = CARTESIAN_POINT('',(3.961942844939,25.022551393831));
#2581 = CARTESIAN_POINT('',(4.051083620858,25.667907566288));
#2582 = CARTESIAN_POINT('',(4.134163847677,26.32311740493));
#2583 = CARTESIAN_POINT('',(4.212415486316,26.982635585691));
#2584 = CARTESIAN_POINT('',(4.287051650225,27.645833228026));
#2585 = CARTESIAN_POINT('',(4.359370255133,28.316425871245));
#2586 = CARTESIAN_POINT('',(4.467611139615,29.35446333408));
#2587 = CARTESIAN_POINT('',(4.503944343135,29.708998615624));
#2588 = CARTESIAN_POINT('',(4.539876228413,30.06472340859));
#2589 = CARTESIAN_POINT('',(4.575489340097,30.42145371035));
#2590 = CARTESIAN_POINT('',(4.610865616971,30.779060181977));
#2591 = CARTESIAN_POINT('',(4.646086956932,31.137446137048));
#2592 = CARTESIAN_POINT('',(4.681236093043,31.496524200551));
#2593 = CARTESIAN_POINT('',(4.792167953676,32.631241579688));
#2594 = CARTESIAN_POINT('',(4.865552004849,33.384022798732));
#2595 = CARTESIAN_POINT('',(4.938967952329,34.12933278676));
#2596 = CARTESIAN_POINT('',(5.014592837993,34.881549681501));
#2597 = CARTESIAN_POINT('',(5.09426020659,35.647733991798));
#2598 = CARTESIAN_POINT('',(5.179436364086,36.42326672198));
#2599 = CARTESIAN_POINT('',(5.271382255149,37.187871871584));
#2600 = CARTESIAN_POINT('',(5.39132803765,38.04265621215));
#2601 = CARTESIAN_POINT('',(5.411618059413,38.182936325436));
#2602 = CARTESIAN_POINT('',(5.432442093483,38.322242356568));
#2603 = CARTESIAN_POINT('',(5.453911251075,38.460727263604));
#2604 = CARTESIAN_POINT('',(5.476126096748,38.598278144618));
#2605 = CARTESIAN_POINT('',(5.499177546063,38.734506279962));
#2606 = CARTESIAN_POINT('',(5.523147763251,38.868737174526));
#2607 = CARTESIAN_POINT('',(5.548111058874,39.0000006));
#2608 = ( GEOMETRIC_REPRESENTATION_CONTEXT(2) 
PARAMETRIC_REPRESENTATION_CONTEXT() REPRESENTATION_CONTEXT('2D SPACE',''
  ) );
#2609 = ORIENTED_EDGE('',*,*,#2610,.T.);
#2610 = EDGE_CURVE('',#2318,#2611,#2613,.T.);
#2611 = VERTEX_POINT('',#2612);
#2612 = CARTESIAN_POINT('',(-28.21462288344,-3.824205262966,
    -27.31868425916));
#2613 = SURFACE_CURVE('',#2614,(#2619,#2630),.PCURVE_S1.);
#2614 = ELLIPSE('',#2615,19.567462896972,16.5);
#2615 = AXIS2_PLACEMENT_3D('',#2616,#2617,#2618);
#2616 = CARTESIAN_POINT('',(-17.17695502507,0.,-42.94238756269));
#2617 = DIRECTION('',(-0.776744495382,-0.199165255226,-0.597495765679));
#2618 = DIRECTION('',(0.527564966262,0.312428083916,-0.789977150779));
#2619 = PCURVE('',#115,#2620);
#2620 = DEFINITIONAL_REPRESENTATION('',(#2621),#2629);
#2621 = B_SPLINE_CURVE_WITH_KNOTS('',6,(#2622,#2623,#2624,#2625,#2626,
    #2627,#2628),.UNSPECIFIED.,.F.,.F.,(7,7),(2.860989515378,
    3.478005208086),.PIECEWISE_BEZIER_KNOTS.);
#2622 = CARTESIAN_POINT('',(5.623023481005,36.14340819006));
#2623 = CARTESIAN_POINT('',(5.72585942979,35.843857275175));
#2624 = CARTESIAN_POINT('',(5.828695378574,35.672566483887));
#2625 = CARTESIAN_POINT('',(5.931531327359,35.635237858683));
#2626 = CARTESIAN_POINT('',(6.034367276144,35.733504692812));
#2627 = CARTESIAN_POINT('',(6.137203224928,35.96456661929));
#2628 = CARTESIAN_POINT('',(6.240039173713,36.32162704528));
#2629 = ( GEOMETRIC_REPRESENTATION_CONTEXT(2) 
PARAMETRIC_REPRESENTATION_CONTEXT() REPRESENTATION_CONTEXT('2D SPACE',''
  ) );
#2630 = PCURVE('',#2631,#2636);
#2631 = PLANE('',#2632);
#2632 = AXIS2_PLACEMENT_3D('',#2633,#2634,#2635);
#2633 = CARTESIAN_POINT('',(-30.29303531991,-7.767444953823,
    -23.30233486146));
#2634 = DIRECTION('',(-0.776744495382,-0.199165255226,-0.597495765679));
#2635 = DIRECTION('',(0.60971076085,1.387778780781E-17,-0.792623989105)
  );
#2636 = DEFINITIONAL_REPRESENTATION('',(#2637),#2641);
#2637 = ELLIPSE('',#2638,19.567462896972,16.5);
#2638 = AXIS2_PLACEMENT_2D('',#2639,#2640);
#2639 = CARTESIAN_POINT('',(23.564192214196,-7.926239891046));
#2640 = DIRECTION('',(0.947816877529,-0.318815254764));
#2641 = ( GEOMETRIC_REPRESENTATION_CONTEXT(2) 
PARAMETRIC_REPRESENTATION_CONTEXT() REPRESENTATION_CONTEXT('2D SPACE',''
  ) );
#2642 = ORIENTED_EDGE('',*,*,#2643,.F.);
#2643 = EDGE_CURVE('',#2644,#2611,#2646,.T.);
#2644 = VERTEX_POINT('',#2645);
#2645 = CARTESIAN_POINT('',(-26.57543167817,-1.045553898914,
    -22.10025575767));
#2646 = SURFACE_CURVE('',#2647,(#2741,#2838),.PCURVE_S1.);
#2647 = B_SPLINE_CURVE_WITH_KNOTS('',8,(#2648,#2649,#2650,#2651,#2652,
    #2653,#2654,#2655,#2656,#2657,#2658,#2659,#2660,#2661,#2662,#2663,
    #2664,#2665,#2666,#2667,#2668,#2669,#2670,#2671,#2672,#2673,#2674,
    #2675,#2676,#2677,#2678,#2679,#2680,#2681,#2682,#2683,#2684,#2685,
    #2686,#2687,#2688,#2689,#2690,#2691,#2692,#2693,#2694,#2695,#2696,
    #2697,#2698,#2699,#2700,#2701,#2702,#2703,#2704,#2705,#2706,#2707,
    #2708,#2709,#2710,#2711,#2712,#2713,#2714,#2715,#2716,#2717,#2718,
    #2719,#2720,#2721,#2722,#2723,#2724,#2725,#2726,#2727,#2728,#2729,
    #2730,#2731,#2732,#2733,#2734,#2735,#2736,#2737,#2738,#2739,#2740),
  .UNSPECIFIED.,.F.,.F.,(9,7,7,7,7,7,7,7,7,7,7,7,7,9),(0.,
    5.282461020923E-02,0.182897982383,0.262247809551,0.381364086912,
    0.450606841889,0.488226314905,0.520601224721,0.567998662148,
    0.603606074961,0.742838333437,0.814611375806,0.969275619875,1.),
  .UNSPECIFIED.);
#2648 = CARTESIAN_POINT('',(-26.56686129824,-8.273162446189,
    -27.97778959637));
#2649 = CARTESIAN_POINT('',(-26.36149033594,-8.482777278093,
    -27.79144323681));
#2650 = CARTESIAN_POINT('',(-26.15748373985,-8.673404375654,
    -27.5915319064));
#2651 = CARTESIAN_POINT('',(-25.95708197542,-8.847062864642,
    -27.38322404188));
#2652 = CARTESIAN_POINT('',(-25.76144451177,-9.005861435147,
    -27.17004265311));
#2653 = CARTESIAN_POINT('',(-25.57069638032,-9.151985637895,
    -26.95387775502));
#2654 = CARTESIAN_POINT('',(-25.38401505255,-9.287657115798,
    -26.7350332156));
#2655 = CARTESIAN_POINT('',(-25.19975763654,-9.415064770716,
    -26.51230802009));
#2656 = CARTESIAN_POINT('',(-24.56223533213,-9.834713896363,
    -25.71874800338));
#2657 = CARTESIAN_POINT('',(-24.11715250343,-10.09057910546,
    -25.12452690179));
#2658 = CARTESIAN_POINT('',(-23.6869594448,-10.30984778144,
    -24.51495874321));
#2659 = CARTESIAN_POINT('',(-23.2741032282,-10.49800713082,
    -23.89781735261));
#2660 = CARTESIAN_POINT('',(-22.87816413284,-10.65970910226,
    -23.27549710341));
#2661 = CARTESIAN_POINT('',(-22.49704386228,-10.7985355313,
    -22.6461603177));
#2662 = CARTESIAN_POINT('',(-22.128179216,-10.91672224246,
    -22.00497775446));
#2663 = CARTESIAN_POINT('',(-21.5513101553,-11.07446662149,
    -20.94361903192));
#2664 = CARTESIAN_POINT('',(-21.33843047277,-11.126232556,
    -20.53800329294));
#2665 = CARTESIAN_POINT('',(-21.13139313757,-11.17012939335,
    -20.12888174076));
#2666 = CARTESIAN_POINT('',(-20.93039263572,-11.20616672858,
    -19.71616816729));
#2667 = CARTESIAN_POINT('',(-20.73569286548,-11.23423251518,
    -19.29976237966));
#2668 = CARTESIAN_POINT('',(-20.54764602877,-11.25409075355,
    -18.87958935127));
#2669 = CARTESIAN_POINT('',(-20.3667074285,-11.26537426021,
    -18.4556410372));
#2670 = CARTESIAN_POINT('',(-19.93335441605,-11.27087243999,
    -17.38609728382));
#2671 = CARTESIAN_POINT('',(-19.69263344169,-11.25367318356,
    -16.74100775102));
#2672 = CARTESIAN_POINT('',(-19.47062494502,-11.21484496096,
    -16.08816338319));
#2673 = CARTESIAN_POINT('',(-19.26834169962,-11.15171686565,
    -15.42419676797));
#2674 = CARTESIAN_POINT('',(-19.08856860296,-11.06012582454,
    -14.74774776301));
#2675 = CARTESIAN_POINT('',(-18.93575755762,-10.93428260304,
    -14.05974249081));
#2676 = CARTESIAN_POINT('',(-18.81567213589,-10.7663816896,
    -13.36389451852));
#2677 = CARTESIAN_POINT('',(-18.6876906353,-10.41770449424,
    -12.26372242853));
#2678 = CARTESIAN_POINT('',(-18.65406419389,-10.27227285354,
    -11.86096603924));
#2679 = CARTESIAN_POINT('',(-18.63442922081,-10.10640169503,
    -11.45713732966));
#2680 = CARTESIAN_POINT('',(-18.63034840094,-9.916023823451,
    -11.05127642891));
#2681 = CARTESIAN_POINT('',(-18.64417647582,-9.696249163223,
    -10.64463788407));
#2682 = CARTESIAN_POINT('',(-18.67884758226,-9.441308972595,
    -10.24089678387));
#2683 = CARTESIAN_POINT('',(-18.73740783356,-9.144524463386,
    -9.846755087386));
#2684 = CARTESIAN_POINT('',(-18.86896503013,-8.611178871473,
    -9.2703712588));
#2685 = CARTESIAN_POINT('',(-18.92372838155,-8.406691259933,
    -9.071050692639));
#2686 = CARTESIAN_POINT('',(-18.98745341883,-8.184854321301,
    -8.8785697235));
#2687 = CARTESIAN_POINT('',(-19.06048265398,-7.945147879561,
    -8.696295681324));
#2688 = CARTESIAN_POINT('',(-19.14296455608,-7.687228485644,
    -8.527758491509));
#2689 = CARTESIAN_POINT('',(-19.23486321372,-7.411025338567,
    -8.376681712843));
#2690 = CARTESIAN_POINT('',(-19.33600286133,-7.116854396583,
    -8.2469976987));
#2691 = CARTESIAN_POINT('',(-19.54093635057,-6.537646080134,
    -8.053215819606));
#2692 = CARTESIAN_POINT('',(-19.64116998842,-6.260513245103,
    -7.983652128573));
#2693 = CARTESIAN_POINT('',(-19.74556127955,-5.977626809527,
    -7.936735230222));
#2694 = CARTESIAN_POINT('',(-19.85264756517,-5.692819082316,
    -7.913774902229));
#2695 = CARTESIAN_POINT('',(-19.96095214209,-5.410123955633,
    -7.914758155906));
#2696 = CARTESIAN_POINT('',(-20.06902787641,-5.133601047101,
    -7.938344974836));
#2697 = CARTESIAN_POINT('',(-20.17540824399,-4.867191872206,
    -7.981898074373));
#2698 = CARTESIAN_POINT('',(-20.42940675969,-4.244948516397,
    -8.128836726806));
#2699 = CARTESIAN_POINT('',(-20.57477901191,-3.901247653646,
    -8.251490381609));
#2700 = CARTESIAN_POINT('',(-20.71450238027,-3.583775738587,
    -8.401518484274));
#2701 = CARTESIAN_POINT('',(-20.84893983466,-3.291665096947,
    -8.572496532907));
#2702 = CARTESIAN_POINT('',(-20.97857765487,-3.023382254186,
    -8.759389391163));
#2703 = CARTESIAN_POINT('',(-21.10393030944,-2.777059124832,
    -8.958377635016));
#2704 = CARTESIAN_POINT('',(-21.22557066183,-2.550709197914,
    -9.166722693554));
#2705 = CARTESIAN_POINT('',(-21.43325150223,-2.185737248095,
    -9.544993239285));
#2706 = CARTESIAN_POINT('',(-21.52072475009,-2.039116508677,
    -9.711773068728));
#2707 = CARTESIAN_POINT('',(-21.60674341751,-1.901819165486,
    -9.882156264888));
#2708 = CARTESIAN_POINT('',(-21.69146219532,-1.773227517954,
    -10.05543197146));
#2709 = CARTESIAN_POINT('',(-21.77503486694,-1.652738060924,
    -10.23106797644));
#2710 = CARTESIAN_POINT('',(-21.85762029916,-1.539771347332,
    -10.40869517288));
#2711 = CARTESIAN_POINT('',(-21.939386943,-1.433781314483,
    -10.58809297957));
#2712 = CARTESIAN_POINT('',(-22.33774642304,-0.945131332641,
    -11.47724623727));
#2713 = CARTESIAN_POINT('',(-22.6487002459,-0.650702302725,
    -12.21883280087));
#2714 = CARTESIAN_POINT('',(-22.95576983376,-0.434513134603,
    -12.97180705959));
#2715 = CARTESIAN_POINT('',(-23.25921588749,-0.282073878089,
    -13.72473355047));
#2716 = CARTESIAN_POINT('',(-23.55902781809,-0.181936359127,
    -14.47216115449));
#2717 = CARTESIAN_POINT('',(-23.85627977116,-0.125672238286,
    -15.21445040155));
#2718 = CARTESIAN_POINT('',(-24.15328538506,-0.108139028072,
    -15.95652624423));
#2719 = CARTESIAN_POINT('',(-24.60768775343,-0.138021995501,
    -17.09315568111));
#2720 = CARTESIAN_POINT('',(-24.76196856772,-0.158017543313,
    -17.47929413291));
#2721 = CARTESIAN_POINT('',(-24.915878191,-0.187376759824,
    -17.86478473834));
#2722 = CARTESIAN_POINT('',(-25.06933115442,-0.225729231528,
    -18.24955412167));
#2723 = CARTESIAN_POINT('',(-25.22224019705,-0.27279855756,
    -18.63359138741));
#2724 = CARTESIAN_POINT('',(-25.37450889397,-0.328399660151,
    -19.01692176108));
#2725 = CARTESIAN_POINT('',(-25.52602116012,-0.392436225283,
    -19.39958202261));
#2726 = CARTESIAN_POINT('',(-26.00117059129,-0.621047261375,
    -20.60480612628));
#2727 = CARTESIAN_POINT('',(-26.31103692196,-0.811283817879,
    -21.39846152487));
#2728 = CARTESIAN_POINT('',(-26.61196091316,-1.034341519036,
    -22.18029734225));
#2729 = CARTESIAN_POINT('',(-26.90857375267,-1.295494925062,
    -22.96659884702));
#2730 = CARTESIAN_POINT('',(-27.20125918367,-1.603326256216,
    -23.76582326779));
#2731 = CARTESIAN_POINT('',(-27.48391598726,-1.967698456564,
    -24.57488394973));
#2732 = CARTESIAN_POINT('',(-27.74150342995,-2.397848703011,
    -25.37631981808));
#2733 = CARTESIAN_POINT('',(-27.98898454802,-2.999973160838,
    -26.28449775713));
#2734 = CARTESIAN_POINT('',(-28.02816992105,-3.10306848366,
    -26.43397176069));
#2735 = CARTESIAN_POINT('',(-28.06550903933,-3.210100560652,
    -26.58290336946));
#2736 = CARTESIAN_POINT('',(-28.10085588491,-3.321676472407,
    -26.73153604513));
#2737 = CARTESIAN_POINT('',(-28.13393063276,-3.438370046715,
    -26.8798533258));
#2738 = CARTESIAN_POINT('',(-28.16431517722,-3.560712794248,
    -27.02757099716));
#2739 = CARTESIAN_POINT('',(-28.19144865853,-3.689184844234,
    -27.17412926371));
#2740 = CARTESIAN_POINT('',(-28.21462298937,-3.824205880141,
    -27.31868491992));
#2741 = PCURVE('',#115,#2742);
#2742 = DEFINITIONAL_REPRESENTATION('',(#2743),#2837);
#2743 = B_SPLINE_CURVE_WITH_KNOTS('',8,(#2744,#2745,#2746,#2747,#2748,
    #2749,#2750,#2751,#2752,#2753,#2754,#2755,#2756,#2757,#2758,#2759,
    #2760,#2761,#2762,#2763,#2764,#2765,#2766,#2767,#2768,#2769,#2770,
    #2771,#2772,#2773,#2774,#2775,#2776,#2777,#2778,#2779,#2780,#2781,
    #2782,#2783,#2784,#2785,#2786,#2787,#2788,#2789,#2790,#2791,#2792,
    #2793,#2794,#2795,#2796,#2797,#2798,#2799,#2800,#2801,#2802,#2803,
    #2804,#2805,#2806,#2807,#2808,#2809,#2810,#2811,#2812,#2813,#2814,
    #2815,#2816,#2817,#2818,#2819,#2820,#2821,#2822,#2823,#2824,#2825,
    #2826,#2827,#2828,#2829,#2830,#2831,#2832,#2833,#2834,#2835,#2836),
  .UNSPECIFIED.,.F.,.F.,(9,7,7,7,7,7,7,7,7,7,7,7,7,9),(0.,
    5.282461020923E-02,0.182897982383,0.262247809551,0.381364086912,
    0.450606841889,0.488226314905,0.520601224721,0.567998662148,
    0.603606074961,0.742838333437,0.814611375806,0.969275619875,1.),
  .UNSPECIFIED.);
#2744 = CARTESIAN_POINT('',(5.757964820817,35.843410088885));
#2745 = CARTESIAN_POINT('',(5.743281819999,35.594118977008));
#2746 = CARTESIAN_POINT('',(5.729786061805,35.33273981878));
#2747 = CARTESIAN_POINT('',(5.717371765721,35.06490347521));
#2748 = CARTESIAN_POINT('',(5.70591970414,34.794311594859));
#2749 = CARTESIAN_POINT('',(5.6952973398,34.522765448045));
#2750 = CARTESIAN_POINT('',(5.685361738032,34.250241689686));
#2751 = CARTESIAN_POINT('',(5.675965253816,33.975015050825));
#2752 = CARTESIAN_POINT('',(5.64479962252,33.001443232659));
#2753 = CARTESIAN_POINT('',(5.625399914299,32.284423177819));
#2754 = CARTESIAN_POINT('',(5.608477558115,31.558683660069));
#2755 = CARTESIAN_POINT('',(5.59374032493,30.832351314392));
#2756 = CARTESIAN_POINT('',(5.580917632503,30.107493380326));
#2757 = CARTESIAN_POINT('',(5.569792047438,29.381624329022));
#2758 = CARTESIAN_POINT('',(5.560236990898,28.649308373985));
#2759 = CARTESIAN_POINT('',(5.547396807172,27.449617748813));
#2760 = CARTESIAN_POINT('',(5.543158872747,26.993951460446));
#2761 = CARTESIAN_POINT('',(5.539547996465,26.537199899553));
#2762 = CARTESIAN_POINT('',(5.536572357456,26.079355254242));
#2763 = CARTESIAN_POINT('',(5.534248531749,25.620422507125));
#2764 = CARTESIAN_POINT('',(5.532601644946,25.160462802253));
#2765 = CARTESIAN_POINT('',(5.531665574663,24.699637765368));
#2766 = CARTESIAN_POINT('',(5.531209434441,23.545648052075));
#2767 = CARTESIAN_POINT('',(5.532636225691,22.857295931858));
#2768 = CARTESIAN_POINT('',(5.535859124152,22.16869326782));
#2769 = CARTESIAN_POINT('',(5.541086312697,21.477089630742));
#2770 = CARTESIAN_POINT('',(5.548631016505,20.782256445102));
#2771 = CARTESIAN_POINT('',(5.558906319149,20.086706989169));
#2772 = CARTESIAN_POINT('',(5.572424136965,19.396029760504));
#2773 = CARTESIAN_POINT('',(5.599900816446,18.327014482927));
#2774 = CARTESIAN_POINT('',(5.61126431666,17.940576016548));
#2775 = CARTESIAN_POINT('',(5.624100749291,17.558338226641));
#2776 = CARTESIAN_POINT('',(5.638672871334,17.179990262132));
#2777 = CARTESIAN_POINT('',(5.655281828975,16.807571469686));
#2778 = CARTESIAN_POINT('',(5.674262156845,16.44558379468));
#2779 = CARTESIAN_POINT('',(5.695966312625,16.101381147926));
#2780 = CARTESIAN_POINT('',(5.734176768746,15.615081314292));
#2781 = CARTESIAN_POINT('',(5.74869649526,15.450355412722));
#2782 = CARTESIAN_POINT('',(5.764296339693,15.295308204132));
#2783 = CARTESIAN_POINT('',(5.780978821219,15.153193381654));
#2784 = CARTESIAN_POINT('',(5.798733284398,15.027343538773));
#2785 = CARTESIAN_POINT('',(5.817531759746,14.921202575863));
#2786 = CARTESIAN_POINT('',(5.837324487596,14.838356313684));
#2787 = CARTESIAN_POINT('',(5.875858437819,14.734544743005));
#2788 = CARTESIAN_POINT('',(5.894131335599,14.707182315901));
#2789 = CARTESIAN_POINT('',(5.912616751525,14.702391021594));
#2790 = CARTESIAN_POINT('',(5.931067505786,14.720843740284));
#2791 = CARTESIAN_POINT('',(5.949236729559,14.761979978476));
#2792 = CARTESIAN_POINT('',(5.966885493828,14.824018110133));
#2793 = CARTESIAN_POINT('',(5.983787200421,14.903964824534));
#2794 = CARTESIAN_POINT('',(6.023066380666,15.134726618848));
#2795 = CARTESIAN_POINT('',(6.044581193362,15.302597577459));
#2796 = CARTESIAN_POINT('',(6.064328003988,15.493787130039));
#2797 = CARTESIAN_POINT('',(6.08240992808,15.702465079962));
#2798 = CARTESIAN_POINT('',(6.098955128114,15.924137020277));
#2799 = CARTESIAN_POINT('',(6.114101257861,16.155447773615));
#2800 = CARTESIAN_POINT('',(6.127986482609,16.394067396873));
#2801 = CARTESIAN_POINT('',(6.150332297092,16.822413509217));
#2802 = CARTESIAN_POINT('',(6.159294256497,17.009751442049));
#2803 = CARTESIAN_POINT('',(6.167675087361,17.199894799276));
#2804 = CARTESIAN_POINT('',(6.175515975462,17.392241018119));
#2805 = CARTESIAN_POINT('',(6.1828562559,17.586353065863));
#2806 = CARTESIAN_POINT('',(6.189733122117,17.781947236957));
#2807 = CARTESIAN_POINT('',(6.196181262964,17.978881288017));
#2808 = CARTESIAN_POINT('',(6.225893718559,18.952386359147));
#2809 = CARTESIAN_POINT('',(6.243744655468,19.756417548309));
#2810 = CARTESIAN_POINT('',(6.256850854505,20.569579378276));
#2811 = CARTESIAN_POINT('',(6.266089287122,21.381351110159));
#2812 = CARTESIAN_POINT('',(6.272158839088,22.18666757429));
#2813 = CARTESIAN_POINT('',(6.275568702781,22.986262441982));
#2814 = CARTESIAN_POINT('',(6.27663138502,23.785567680606));
#2815 = CARTESIAN_POINT('',(6.274820241708,25.009662421844));
#2816 = CARTESIAN_POINT('',(6.273608350535,25.425481429768));
#2817 = CARTESIAN_POINT('',(6.271828932215,25.840561070546));
#2818 = CARTESIAN_POINT('',(6.269504407803,26.254801474211));
#2819 = CARTESIAN_POINT('',(6.26665147288,26.668160116641));
#2820 = CARTESIAN_POINT('',(6.263281232213,27.080624607843));
#2821 = CARTESIAN_POINT('',(6.259399308466,27.492185984197));
#2822 = CARTESIAN_POINT('',(6.24553859128,28.787674540364));
#2823 = CARTESIAN_POINT('',(6.234001644932,29.639646544675));
#2824 = CARTESIAN_POINT('',(6.22046830467,30.477323241841));
#2825 = CARTESIAN_POINT('',(6.20461256496,31.317545104101));
#2826 = CARTESIAN_POINT('',(6.18590125242,32.168306989752));
#2827 = CARTESIAN_POINT('',(6.163711569178,33.024477075911));
#2828 = CARTESIAN_POINT('',(6.137424744469,33.864257173467));
#2829 = CARTESIAN_POINT('',(6.100355236273,34.799391400882));
#2830 = CARTESIAN_POINT('',(6.09400052627,34.952727611269));
#2831 = CARTESIAN_POINT('',(6.087394455711,35.104874538943));
#2832 = CARTESIAN_POINT('',(6.080497958354,35.256004002698));
#2833 = CARTESIAN_POINT('',(6.073273487816,35.405996793626));
#2834 = CARTESIAN_POINT('',(6.065685438831,35.554433744833));
#2835 = CARTESIAN_POINT('',(6.057700568515,35.700586801158));
#2836 = CARTESIAN_POINT('',(6.049288417617,35.843410088885));
#2837 = ( GEOMETRIC_REPRESENTATION_CONTEXT(2) 
PARAMETRIC_REPRESENTATION_CONTEXT() REPRESENTATION_CONTEXT('2D SPACE',''
  ) );
#2838 = PCURVE('',#1885,#2839);
#2839 = DEFINITIONAL_REPRESENTATION('',(#2840),#2934);
#2840 = B_SPLINE_CURVE_WITH_KNOTS('',8,(#2841,#2842,#2843,#2844,#2845,
    #2846,#2847,#2848,#2849,#2850,#2851,#2852,#2853,#2854,#2855,#2856,
    #2857,#2858,#2859,#2860,#2861,#2862,#2863,#2864,#2865,#2866,#2867,
    #2868,#2869,#2870,#2871,#2872,#2873,#2874,#2875,#2876,#2877,#2878,
    #2879,#2880,#2881,#2882,#2883,#2884,#2885,#2886,#2887,#2888,#2889,
    #2890,#2891,#2892,#2893,#2894,#2895,#2896,#2897,#2898,#2899,#2900,
    #2901,#2902,#2903,#2904,#2905,#2906,#2907,#2908,#2909,#2910,#2911,
    #2912,#2913,#2914,#2915,#2916,#2917,#2918,#2919,#2920,#2921,#2922,
    #2923,#2924,#2925,#2926,#2927,#2928,#2929,#2930,#2931,#2932,#2933),
  .UNSPECIFIED.,.F.,.F.,(9,7,7,7,7,7,7,7,7,7,7,7,7,9),(0.,
    5.282461020923E-02,0.182897982383,0.262247809551,0.381364086912,
    0.450606841889,0.488226314905,0.520601224721,0.567998662148,
    0.603606074961,0.742838333437,0.814611375806,0.969275619875,1.),
  .UNSPECIFIED.);
#2841 = CARTESIAN_POINT('',(8.611574557129E-02,39.0000006));
#2842 = CARTESIAN_POINT('',(0.129687965628,38.77088666623));
#2843 = CARTESIAN_POINT('',(0.170574395379,38.530945786805));
#2844 = CARTESIAN_POINT('',(0.20902695823,38.285408489695));
#2845 = CARTESIAN_POINT('',(0.245319297338,38.037700347422));
#2846 = CARTESIAN_POINT('',(0.279772204562,37.789483039155));
#2847 = CARTESIAN_POINT('',(0.312768034669,37.540741704301));
#2848 = CARTESIAN_POINT('',(0.344754104791,37.28991858756));
#2849 = CARTESIAN_POINT('',(0.45375266946,36.40415742234));
#2850 = CARTESIAN_POINT('',(0.526920266281,35.754356652761));
#2851 = CARTESIAN_POINT('',(0.596463558025,35.099662870689));
#2852 = CARTESIAN_POINT('',(0.663100463548,34.447714514195));
#2853 = CARTESIAN_POINT('',(0.727616215533,33.800542701987));
#2854 = CARTESIAN_POINT('',(0.790892644595,33.156132966274));
#2855 = CARTESIAN_POINT('',(0.8539065679,32.510054202667));
#2856 = CARTESIAN_POINT('',(0.956636100288,31.459234192131));
#2857 = CARTESIAN_POINT('',(0.99554107354,31.06183735958));
#2858 = CARTESIAN_POINT('',(1.034543918124,30.665316578864));
#2859 = CARTESIAN_POINT('',(1.073757959552,30.269773317958));
#2860 = CARTESIAN_POINT('',(1.113295136588,29.875330377813));
#2861 = CARTESIAN_POINT('',(1.15326755529,29.482169498324));
#2862 = CARTESIAN_POINT('',(1.193788497073,29.090566396525));
#2863 = CARTESIAN_POINT('',(1.296796966005,28.116009012067));
#2864 = CARTESIAN_POINT('',(1.359623804799,27.540166561684));
#2865 = CARTESIAN_POINT('',(1.424300552808,26.96991770568));
#2866 = CARTESIAN_POINT('',(1.491617430555,26.403505143949));
#2867 = CARTESIAN_POINT('',(1.562340689644,25.84145021146));
#2868 = CARTESIAN_POINT('',(1.637242611019,25.286611238918));
#2869 = CARTESIAN_POINT('',(1.717166265431,24.744129303339));
#2870 = CARTESIAN_POINT('',(1.853152866388,23.91792782936));
#2871 = CARTESIAN_POINT('',(1.904992465827,23.622198509058));
#2872 = CARTESIAN_POINT('',(1.959392289769,23.332625436128));
#2873 = CARTESIAN_POINT('',(2.017038152809,23.049038854754));
#2874 = CARTESIAN_POINT('',(2.078578368811,22.773043450769));
#2875 = CARTESIAN_POINT('',(2.144669565146,22.507965215922));
#2876 = CARTESIAN_POINT('',(2.215989763568,22.258844411519));
#2877 = CARTESIAN_POINT('',(2.335314660408,21.910419931856));
#2878 = CARTESIAN_POINT('',(2.37961193952,21.793137041986));
#2879 = CARTESIAN_POINT('',(2.426149043708,21.683446339372));
#2880 = CARTESIAN_POINT('',(2.474889726769,21.583522232736));
#2881 = CARTESIAN_POINT('',(2.5258078723,21.495520756971));
#2882 = CARTESIAN_POINT('',(2.578883988349,21.421624727598));
#2883 = CARTESIAN_POINT('',(2.634102479457,21.364110112079));
#2884 = CARTESIAN_POINT('',(2.740802087741,21.292149047365));
#2885 = CARTESIAN_POINT('',(2.791093530899,21.273245731155));
#2886 = CARTESIAN_POINT('',(2.841807527035,21.269957294663));
#2887 = CARTESIAN_POINT('',(2.892442415938,21.28269347512));
#2888 = CARTESIAN_POINT('',(2.94250723239,21.311102901914));
#2889 = CARTESIAN_POINT('',(2.991504771981,21.354069402416));
#2890 = CARTESIAN_POINT('',(3.038909605058,21.409663108593));
#2891 = CARTESIAN_POINT('',(3.150379722368,21.57082102337));
#2892 = CARTESIAN_POINT('',(3.212637630263,21.688569889399));
#2893 = CARTESIAN_POINT('',(3.271225615023,21.823511027738));
#2894 = CARTESIAN_POINT('',(3.326435179752,21.971914949995));
#2895 = CARTESIAN_POINT('',(3.378560001685,22.130845483831));
#2896 = CARTESIAN_POINT('',(3.427896608693,22.298048092443));
#2897 = CARTESIAN_POINT('',(3.474745660652,22.471935815885));
#2898 = CARTESIAN_POINT('',(3.552994899825,22.786576083285));
#2899 = CARTESIAN_POINT('',(3.58537823056,22.924968931956));
#2900 = CARTESIAN_POINT('',(3.616666122606,23.066241836229));
#2901 = CARTESIAN_POINT('',(3.646943018305,23.209967193222));
#2902 = CARTESIAN_POINT('',(3.676291571875,23.355826261679));
#2903 = CARTESIAN_POINT('',(3.704794105037,23.503606494959));
#2904 = CARTESIAN_POINT('',(3.732533166926,23.653198183388));
#2905 = CARTESIAN_POINT('',(3.865393628758,24.396564924863));
#2906 = CARTESIAN_POINT('',(3.961942844939,25.022551393831));
#2907 = CARTESIAN_POINT('',(4.051083620858,25.667907566288));
#2908 = CARTESIAN_POINT('',(4.134163847677,26.32311740493));
#2909 = CARTESIAN_POINT('',(4.212415486316,26.982635585691));
#2910 = CARTESIAN_POINT('',(4.287051650225,27.645833228026));
#2911 = CARTESIAN_POINT('',(4.359370255133,28.316425871245));
#2912 = CARTESIAN_POINT('',(4.467611139615,29.35446333408));
#2913 = CARTESIAN_POINT('',(4.503944343135,29.708998615624));
#2914 = CARTESIAN_POINT('',(4.539876228413,30.06472340859));
#2915 = CARTESIAN_POINT('',(4.575489340097,30.42145371035));
#2916 = CARTESIAN_POINT('',(4.610865616971,30.779060181977));
#2917 = CARTESIAN_POINT('',(4.646086956932,31.137446137048));
#2918 = CARTESIAN_POINT('',(4.681236093043,31.496524200551));
#2919 = CARTESIAN_POINT('',(4.792167953676,32.631241579688));
#2920 = CARTESIAN_POINT('',(4.865552004849,33.384022798732));
#2921 = CARTESIAN_POINT('',(4.938967952329,34.12933278676));
#2922 = CARTESIAN_POINT('',(5.014592837993,34.881549681501));
#2923 = CARTESIAN_POINT('',(5.09426020659,35.647733991798));
#2924 = CARTESIAN_POINT('',(5.179436364086,36.42326672198));
#2925 = CARTESIAN_POINT('',(5.271382255149,37.187871871584));
#2926 = CARTESIAN_POINT('',(5.39132803765,38.04265621215));
#2927 = CARTESIAN_POINT('',(5.411618059413,38.182936325436));
#2928 = CARTESIAN_POINT('',(5.432442093483,38.322242356568));
#2929 = CARTESIAN_POINT('',(5.453911251075,38.460727263604));
#2930 = CARTESIAN_POINT('',(5.476126096748,38.598278144618));
#2931 = CARTESIAN_POINT('',(5.499177546063,38.734506279962));
#2932 = CARTESIAN_POINT('',(5.523147763251,38.868737174526));
#2933 = CARTESIAN_POINT('',(5.548111058874,39.0000006));
#2934 = ( GEOMETRIC_REPRESENTATION_CONTEXT(2) 
PARAMETRIC_REPRESENTATION_CONTEXT() REPRESENTATION_CONTEXT('2D SPACE',''
  ) );
#2935 = ORIENTED_EDGE('',*,*,#2936,.T.);
#2936 = EDGE_CURVE('',#2644,#2937,#2939,.T.);
#2937 = VERTEX_POINT('',#2938);
#2938 = CARTESIAN_POINT('',(-26.61796490903,0.,-22.11730261371));
#2939 = SURFACE_CURVE('',#2940,(#3003,#3069),.PCURVE_S1.);
#2940 = B_SPLINE_CURVE_WITH_KNOTS('',7,(#2941,#2942,#2943,#2944,#2945,
    #2946,#2947,#2948,#2949,#2950,#2951,#2952,#2953,#2954,#2955,#2956,
    #2957,#2958,#2959,#2960,#2961,#2962,#2963,#2964,#2965,#2966,#2967,
    #2968,#2969,#2970,#2971,#2972,#2973,#2974,#2975,#2976,#2977,#2978,
    #2979,#2980,#2981,#2982,#2983,#2984,#2985,#2986,#2987,#2988,#2989,
    #2990,#2991,#2992,#2993,#2994,#2995,#2996,#2997,#2998,#2999,#3000,
    #3001,#3002),.UNSPECIFIED.,.F.,.F.,(8,6,6,6,6,6,6,6,6,6,8),(0.,
    1.440676856429E-02,4.542426397349E-02,7.800409184004E-02,
    9.31491659394E-02,0.119030128037,0.175069812228,0.264966792377,
    0.509319979219,0.742573144707,1.),.UNSPECIFIED.);
#2941 = CARTESIAN_POINT('',(-20.4614453168,-11.43287117189,
    -19.11986450171));
#2942 = CARTESIAN_POINT('',(-20.45762857657,-11.4477564588,
    -19.14883879151));
#2943 = CARTESIAN_POINT('',(-20.45424898174,-11.46225111427,
    -19.17800775581));
#2944 = CARTESIAN_POINT('',(-20.45131762668,-11.47634416407,
    -19.20736055549));
#2945 = CARTESIAN_POINT('',(-20.44884491944,-11.49002496504,
    -19.23688542963));
#2946 = CARTESIAN_POINT('',(-20.44684058178,-11.50328320506,
    -19.26656969545));
#2947 = CARTESIAN_POINT('',(-20.44531364914,-11.51610890301,
    -19.29639974838));
#2948 = CARTESIAN_POINT('',(-20.44203083343,-11.55515385852,
    -19.39086719354));
#2949 = CARTESIAN_POINT('',(-20.44203992095,-11.57977325964,
    -19.45599999731));
#2950 = CARTESIAN_POINT('',(-20.44438436136,-11.60224490337,
    -19.52159405894));
#2951 = CARTESIAN_POINT('',(-20.4491251248,-11.62248377699,
    -19.58748099895));
#2952 = CARTESIAN_POINT('',(-20.45629841764,-11.64042490886,
    -19.65349006784));
#2953 = CARTESIAN_POINT('',(-20.46591457669,-11.65602271329,
    -19.71944874109));
#2954 = CARTESIAN_POINT('',(-20.49060591796,-11.68314422516,
    -19.85422889814));
#2955 = CARTESIAN_POINT('',(-20.50592737107,-11.69441834211,
    -19.92300362445));
#2956 = CARTESIAN_POINT('',(-20.52389945207,-11.7030470675,
    -19.99131276785));
#2957 = CARTESIAN_POINT('',(-20.54447049254,-11.70902738992,
    -20.0589680847));
#2958 = CARTESIAN_POINT('',(-20.56755906348,-11.71237890303,
    -20.125788173));
#2959 = CARTESIAN_POINT('',(-20.59305401245,-11.71314380308,
    -20.19159883227));
#2960 = CARTESIAN_POINT('',(-20.63371925428,-11.71057016539,
    -20.28627948988));
#2961 = CARTESIAN_POINT('',(-20.6471160841,-11.70920831355,
    -20.31607709723));
#2962 = CARTESIAN_POINT('',(-20.66099224917,-11.70730758753,
    -20.34561232895));
#2963 = CARTESIAN_POINT('',(-20.67533452364,-11.70487484389,
    -20.37487243497));
#2964 = CARTESIAN_POINT('',(-20.69012919681,-11.70191753914,
    -20.40384583161));
#2965 = CARTESIAN_POINT('',(-20.70536207312,-11.69844372974,
    -20.43252210166));
#2966 = CARTESIAN_POINT('',(-20.74777322202,-11.68765793701,
    -20.50937245146));
#2967 = CARTESIAN_POINT('',(-20.7757594695,-11.6793719932,
    -20.55694820488));
#2968 = CARTESIAN_POINT('',(-20.80490951077,-11.66964646093,
    -20.60358379959));
#2969 = CARTESIAN_POINT('',(-20.83515256418,-11.65852588721,
    -20.6492478246));
#2970 = CARTESIAN_POINT('',(-20.86641506937,-11.64605732916,
    -20.69391281289));
#2971 = CARTESIAN_POINT('',(-20.89862098643,-11.63229053729,
    -20.73755514154));
#2972 = CARTESIAN_POINT('',(-21.0033005028,-11.58477200319,
    -20.87239565975));
#2973 = CARTESIAN_POINT('',(-21.07891766737,-11.54644777966,
    -20.95968674183));
#2974 = CARTESIAN_POINT('',(-21.15789499163,-11.50278252958,
    -21.04203970426));
#2975 = CARTESIAN_POINT('',(-21.23962146327,-11.45422719427,
    -21.11951869525));
#2976 = CARTESIAN_POINT('',(-21.32352363097,-11.40121462379,
    -21.19223070736));
#2977 = CARTESIAN_POINT('',(-21.40906558039,-11.34416760574,
    -21.26031579999));
#2978 = CARTESIAN_POINT('',(-21.63480339828,-11.18619701655,
    -21.42599683144));
#2979 = CARTESIAN_POINT('',(-21.77689895926,-11.07951491313,
    -21.5166472751));
#2980 = CARTESIAN_POINT('',(-21.92046119624,-10.96483285046,
    -21.59688241464));
#2981 = CARTESIAN_POINT('',(-22.06428192558,-10.84327542534,
    -21.66769245422));
#2982 = CARTESIAN_POINT('',(-22.20746015842,-10.71576744199,
    -21.73002890732));
#2983 = CARTESIAN_POINT('',(-22.34933484989,-10.58307382523,
    -21.78477788064));
#2984 = CARTESIAN_POINT('',(-22.87015264743,-10.07278697449,
    -21.96311468002));
#2985 = CARTESIAN_POINT('',(-23.23928215793,-9.664487226469,
    -22.04393727993));
#2986 = CARTESIAN_POINT('',(-23.58686740374,-9.232983280372,
    -22.09062827354));
#2987 = CARTESIAN_POINT('',(-23.9105980933,-8.785088502431,
    -22.11443154328));
#2988 = CARTESIAN_POINT('',(-24.21040383971,-8.325351262326,
    -22.12327058127));
#2989 = CARTESIAN_POINT('',(-24.48812917943,-7.854767677991,
    -22.1226433534));
#2990 = CARTESIAN_POINT('',(-24.99211317277,-6.908694580835,
    -22.11070071875));
#2991 = CARTESIAN_POINT('',(-25.21861478321,-6.437258089485,
    -22.09990852922));
#2992 = CARTESIAN_POINT('',(-25.42589833062,-5.958029393669,
    -22.08777748793));
#2993 = CARTESIAN_POINT('',(-25.61448843742,-5.472133142039,
    -22.07674510229));
#2994 = CARTESIAN_POINT('',(-25.78479642014,-4.980358433491,
    -22.06842711838));
#2995 = CARTESIAN_POINT('',(-25.93701446286,-4.483265802824,
    -22.06368643262));
#2996 = CARTESIAN_POINT('',(-26.21895772347,-3.427203559552,
    -22.06154512389));
#2997 = CARTESIAN_POINT('',(-26.344424288,-2.868256763716,-22.0649587242
    ));
#2998 = CARTESIAN_POINT('',(-26.44767472886,-2.304177672119,
    -22.07306425993));
#2999 = CARTESIAN_POINT('',(-26.52822844654,-1.734763524517,
    -22.08499669064));
#3000 = CARTESIAN_POINT('',(-26.58486528636,-1.160121400083,
    -22.09884512409));
#3001 = CARTESIAN_POINT('',(-26.61561506985,-0.581112876142,
    -22.11142801576));
#3002 = CARTESIAN_POINT('',(-26.61796490903,0.,-22.11730261373));
#3003 = PCURVE('',#115,#3004);
#3004 = DEFINITIONAL_REPRESENTATION('',(#3005),#3068);
#3005 = B_SPLINE_CURVE_WITH_KNOTS('',7,(#3006,#3007,#3008,#3009,#3010,
    #3011,#3012,#3013,#3014,#3015,#3016,#3017,#3018,#3019,#3020,#3021,
    #3022,#3023,#3024,#3025,#3026,#3027,#3028,#3029,#3030,#3031,#3032,
    #3033,#3034,#3035,#3036,#3037,#3038,#3039,#3040,#3041,#3042,#3043,
    #3044,#3045,#3046,#3047,#3048,#3049,#3050,#3051,#3052,#3053,#3054,
    #3055,#3056,#3057,#3058,#3059,#3060,#3061,#3062,#3063,#3064,#3065,
    #3066,#3067),.UNSPECIFIED.,.F.,.F.,(8,6,6,6,6,6,6,6,6,6,8),(0.,
    1.440676856429E-02,4.542426397349E-02,7.800409184004E-02,
    9.31491659394E-02,0.119030128037,0.175069812228,0.264966792377,
    0.509319979219,0.742573144707,1.),.UNSPECIFIED.);
#3006 = CARTESIAN_POINT('',(5.51768020342,25.35153853812));
#3007 = CARTESIAN_POINT('',(5.516429027297,25.377022989094));
#3008 = CARTESIAN_POINT('',(5.515208929655,25.402850542534));
#3009 = CARTESIAN_POINT('',(5.514020988528,25.429015254916));
#3010 = CARTESIAN_POINT('',(5.512866255764,25.455510071937));
#3011 = CARTESIAN_POINT('',(5.511745757023,25.482326828517));
#3012 = CARTESIAN_POINT('',(5.510660491779,25.5094562488));
#3013 = CARTESIAN_POINT('',(5.507352830649,25.595947862539));
#3014 = CARTESIAN_POINT('',(5.505261403914,25.656425527666));
#3015 = CARTESIAN_POINT('',(5.503347646085,25.718198788259));
#3016 = CARTESIAN_POINT('',(5.501620282603,25.78113395164));
#3017 = CARTESIAN_POINT('',(5.500086242805,25.845085927563));
#3018 = CARTESIAN_POINT('',(5.498750631364,25.909898370052));
#3019 = CARTESIAN_POINT('',(5.496425652632,26.044208738203));
#3020 = CARTESIAN_POINT('',(5.495457524522,26.113754713338));
#3021 = CARTESIAN_POINT('',(5.494715640456,26.183852824079));
#3022 = CARTESIAN_POINT('',(5.494201070873,26.254309101425));
#3023 = CARTESIAN_POINT('',(5.493912625502,26.324924875873));
#3024 = CARTESIAN_POINT('',(5.493846847287,26.395497125353));
#3025 = CARTESIAN_POINT('',(5.494068274153,26.498508600694));
#3026 = CARTESIAN_POINT('',(5.494185437976,26.531150442245));
#3027 = CARTESIAN_POINT('',(5.494348944086,26.563726694791));
#3028 = CARTESIAN_POINT('',(5.494558175221,26.596220608215));
#3029 = CARTESIAN_POINT('',(5.494812450542,26.628616335332));
#3030 = CARTESIAN_POINT('',(5.49511102563,26.660898931885));
#3031 = CARTESIAN_POINT('',(5.496037640273,26.748003795641));
#3032 = CARTESIAN_POINT('',(5.496749090599,26.802570605119));
#3033 = CARTESIAN_POINT('',(5.497583504087,26.85669672132));
#3034 = CARTESIAN_POINT('',(5.498536655232,26.91032669221));
#3035 = CARTESIAN_POINT('',(5.4996040388,26.963407695686));
#3036 = CARTESIAN_POINT('',(5.500780876228,27.015889557887));
#3037 = CARTESIAN_POINT('',(5.504836385543,27.179962832422));
#3038 = CARTESIAN_POINT('',(5.508098313933,27.289094077352));
#3039 = CARTESIAN_POINT('',(5.511801522278,27.394888325266));
#3040 = CARTESIAN_POINT('',(5.515901478518,27.49717821201));
#3041 = CARTESIAN_POINT('',(5.520355319126,27.595850103208));
#3042 = CARTESIAN_POINT('',(5.5251216648,27.690835007164));
#3043 = CARTESIAN_POINT('',(5.538243464008,27.928502903853));
#3044 = CARTESIAN_POINT('',(5.547033566809,28.065442694316));
#3045 = CARTESIAN_POINT('',(5.55639503523,28.193256827456));
#3046 = CARTESIAN_POINT('',(5.566217973653,28.312415976631));
#3047 = CARTESIAN_POINT('',(5.576414284408,28.423468981056));
#3048 = CARTESIAN_POINT('',(5.586913540681,28.526993064254));
#3049 = CARTESIAN_POINT('',(5.626865798947,28.886001499692));
#3050 = CARTESIAN_POINT('',(5.65801917483,29.098134658378));
#3051 = CARTESIAN_POINT('',(5.690020660999,29.270576077147));
#3052 = CARTESIAN_POINT('',(5.722373533207,29.412907418022));
#3053 = CARTESIAN_POINT('',(5.754806700585,29.532459317697));
#3054 = CARTESIAN_POINT('',(5.787310622502,29.635021552998));
#3055 = CARTESIAN_POINT('',(5.851398210133,29.811108051254));
#3056 = CARTESIAN_POINT('',(5.882762962762,29.885208341139));
#3057 = CARTESIAN_POINT('',(5.914130700019,29.950928128926));
#3058 = CARTESIAN_POINT('',(5.945480094792,30.010725423339));
#3059 = CARTESIAN_POINT('',(5.976811870771,30.066253166048));
#3060 = CARTESIAN_POINT('',(6.008141060458,30.118383911662));
#3061 = CARTESIAN_POINT('',(6.074093489151,30.221106854673));
#3062 = CARTESIAN_POINT('',(6.108653154295,30.270873415254));
#3063 = CARTESIAN_POINT('',(6.143255161291,30.316745467305));
#3064 = CARTESIAN_POINT('',(6.177976748388,30.357741350779));
#3065 = CARTESIAN_POINT('',(6.212874924128,30.391633692687));
#3066 = CARTESIAN_POINT('',(6.247966344989,30.414736797201));
#3067 = CARTESIAN_POINT('',(6.28318530718,30.42106393285));
#3068 = ( GEOMETRIC_REPRESENTATION_CONTEXT(2) 
PARAMETRIC_REPRESENTATION_CONTEXT() REPRESENTATION_CONTEXT('2D SPACE',''
  ) );
#3069 = PCURVE('',#2071,#3070);
#3070 = DEFINITIONAL_REPRESENTATION('',(#3071),#3134);
#3071 = B_SPLINE_CURVE_WITH_KNOTS('',7,(#3072,#3073,#3074,#3075,#3076,
    #3077,#3078,#3079,#3080,#3081,#3082,#3083,#3084,#3085,#3086,#3087,
    #3088,#3089,#3090,#3091,#3092,#3093,#3094,#3095,#3096,#3097,#3098,
    #3099,#3100,#3101,#3102,#3103,#3104,#3105,#3106,#3107,#3108,#3109,
    #3110,#3111,#3112,#3113,#3114,#3115,#3116,#3117,#3118,#3119,#3120,
    #3121,#3122,#3123,#3124,#3125,#3126,#3127,#3128,#3129,#3130,#3131,
    #3132,#3133),.UNSPECIFIED.,.F.,.F.,(8,6,6,6,6,6,6,6,6,6,8),(0.,
    1.440676856429E-02,4.542426397349E-02,7.800409184004E-02,
    9.31491659394E-02,0.119030128037,0.175069812228,0.264966792377,
    0.509319979219,0.742573144707,1.),.UNSPECIFIED.);
#3072 = CARTESIAN_POINT('',(0.,2.007509458193));
#3073 = CARTESIAN_POINT('',(9.658096598703E-03,1.992142634432));
#3074 = CARTESIAN_POINT('',(1.938108020285E-02,1.977262777387));
#3075 = CARTESIAN_POINT('',(2.916681957906E-02,1.96288327294));
#3076 = CARTESIAN_POINT('',(3.901295337477E-02,1.949017015851));
#3077 = CARTESIAN_POINT('',(4.89168901183E-02,1.935676409754));
#3078 = CARTESIAN_POINT('',(5.887580821879E-02,1.922873367161));
#3079 = CARTESIAN_POINT('',(9.043981847189E-02,1.884236559103));
#3080 = CARTESIAN_POINT('',(0.112239772445,1.860390891956));
#3081 = CARTESIAN_POINT('',(0.13424910143,1.839205723872));
#3082 = CARTESIAN_POINT('',(0.156430770815,1.820778547079));
#3083 = CARTESIAN_POINT('',(0.17874751387,1.805181290047));
#3084 = CARTESIAN_POINT('',(0.201161217802,1.792460677379));
#3085 = CARTESIAN_POINT('',(0.247235257081,1.772321769371));
#3086 = CARTESIAN_POINT('',(0.270893436927,1.765206410942));
#3087 = CARTESIAN_POINT('',(0.29456299804,1.761311898362));
#3088 = CARTESIAN_POINT('',(0.318200928207,1.760628315506));
#3089 = CARTESIAN_POINT('',(0.341764136898,1.763116457756));
#3090 = CARTESIAN_POINT('',(0.36520853788,1.768707843596));
#3091 = CARTESIAN_POINT('',(0.39930989481,1.781301077114));
#3092 = CARTESIAN_POINT('',(0.410098091452,1.78594769609));
#3093 = CARTESIAN_POINT('',(0.420849152933,1.791235358062));
#3094 = CARTESIAN_POINT('',(0.43155975015,1.797154136366));
#3095 = CARTESIAN_POINT('',(0.442226793713,1.803693402752));
#3096 = CARTESIAN_POINT('',(0.452847433952,1.810841827384));
#3097 = CARTESIAN_POINT('',(0.481484596593,1.831823519024));
#3098 = CARTESIAN_POINT('',(0.499403276084,1.846800907409));
#3099 = CARTESIAN_POINT('',(0.517165955325,1.863461830813));
#3100 = CARTESIAN_POINT('',(0.534763617277,1.881745557728));
#3101 = CARTESIAN_POINT('',(0.552187311486,1.901588235051));
#3102 = CARTESIAN_POINT('',(0.569428093653,1.922922784811));
#3103 = CARTESIAN_POINT('',(0.623392647597,1.994952083311));
#3104 = CARTESIAN_POINT('',(0.659383890003,2.050856813575));
#3105 = CARTESIAN_POINT('',(0.694442130674,2.112769784101));
#3106 = CARTESIAN_POINT('',(0.728560142369,2.180102423946));
#3107 = CARTESIAN_POINT('',(0.761731577553,2.252293015705));
#3108 = CARTESIAN_POINT('',(0.793950513596,2.328798912404));
#3109 = CARTESIAN_POINT('',(0.875358017617,2.537887023632));
#3110 = CARTESIAN_POINT('',(0.923076419243,2.676519157106));
#3111 = CARTESIAN_POINT('',(0.968506727365,2.823264848192));
#3112 = CARTESIAN_POINT('',(1.011771308692,2.976734657578));
#3113 = CARTESIAN_POINT('',(1.052987403285,3.135808977412));
#3114 = CARTESIAN_POINT('',(1.092269260522,3.299582665412));
#3115 = CARTESIAN_POINT('',(1.231514301088,3.923237401926));
#3116 = CARTESIAN_POINT('',(1.32022881952,4.410425285824));
#3117 = CARTESIAN_POINT('',(1.397771757343,4.914739173637));
#3118 = CARTESIAN_POINT('',(1.465354629308,5.429005384232));
#3119 = CARTESIAN_POINT('',(1.524029895688,5.948800593871));
#3120 = CARTESIAN_POINT('',(1.574695918691,6.473618036503));
#3121 = CARTESIAN_POINT('',(1.659193027715,7.515222061228));
#3122 = CARTESIAN_POINT('',(1.693428280263,8.028142972364));
#3123 = CARTESIAN_POINT('',(1.720956076076,8.543838617266));
#3124 = CARTESIAN_POINT('',(1.741941304189,9.061349892698));
#3125 = CARTESIAN_POINT('',(1.756483894629,9.580014587966));
#3126 = CARTESIAN_POINT('',(1.764632676903,10.099337467045));
#3127 = CARTESIAN_POINT('',(1.768305507021,11.192334558506));
#3128 = CARTESIAN_POINT('',(1.762430039851,11.764928924588));
#3129 = CARTESIAN_POINT('',(1.748795503785,12.336976822619));
#3130 = CARTESIAN_POINT('',(1.727295521853,12.908555290062));
#3131 = CARTESIAN_POINT('',(1.697668889804,13.479257546835));
#3132 = CARTESIAN_POINT('',(1.659519430017,14.047759670353));
#3133 = CARTESIAN_POINT('',(1.612126321457,14.611246357696));
#3134 = ( GEOMETRIC_REPRESENTATION_CONTEXT(2) 
PARAMETRIC_REPRESENTATION_CONTEXT() REPRESENTATION_CONTEXT('2D SPACE',''
  ) );
#3135 = ORIENTED_EDGE('',*,*,#3136,.T.);
#3136 = EDGE_CURVE('',#2937,#3137,#3139,.T.);
#3137 = VERTEX_POINT('',#3138);
#3138 = CARTESIAN_POINT('',(-38.34608733356,0.,-51.43760867504));
#3139 = SEAM_CURVE('',#3140,(#3144,#3151),.PCURVE_S1.);
#3140 = LINE('',#3141,#3142);
#3141 = CARTESIAN_POINT('',(-15.3198653996,0.,6.127946159843));
#3142 = VECTOR('',#3143,1.);
#3143 = DIRECTION('',(-0.371390676354,0.,-0.928476690885));
#3144 = PCURVE('',#115,#3145);
#3145 = DEFINITIONAL_REPRESENTATION('',(#3146),#3150);
#3146 = LINE('',#3147,#3148);
#3147 = CARTESIAN_POINT('',(0.,-0.));
#3148 = VECTOR('',#3149,1.);
#3149 = DIRECTION('',(0.,1.));
#3150 = ( GEOMETRIC_REPRESENTATION_CONTEXT(2) 
PARAMETRIC_REPRESENTATION_CONTEXT() REPRESENTATION_CONTEXT('2D SPACE',''
  ) );
#3151 = PCURVE('',#115,#3152);
#3152 = DEFINITIONAL_REPRESENTATION('',(#3153),#3157);
#3153 = LINE('',#3154,#3155);
#3154 = CARTESIAN_POINT('',(6.28318530718,-0.));
#3155 = VECTOR('',#3156,1.);
#3156 = DIRECTION('',(0.,1.));
#3157 = ( GEOMETRIC_REPRESENTATION_CONTEXT(2) 
PARAMETRIC_REPRESENTATION_CONTEXT() REPRESENTATION_CONTEXT('2D SPACE',''
  ) );
#3158 = ORIENTED_EDGE('',*,*,#3159,.F.);
#3159 = EDGE_CURVE('',#3137,#3137,#3160,.T.);
#3160 = SURFACE_CURVE('',#3161,(#3166,#3173),.PCURVE_S1.);
#3161 = CIRCLE('',#3162,16.5);
#3162 = AXIS2_PLACEMENT_3D('',#3163,#3164,#3165);
#3163 = CARTESIAN_POINT('',(-23.02622193395,0.,-57.56555483488));
#3164 = DIRECTION('',(-0.371390676354,0.,-0.928476690885));
#3165 = DIRECTION('',(-0.928476690885,0.,0.371390676354));
#3166 = PCURVE('',#115,#3167);
#3167 = DEFINITIONAL_REPRESENTATION('',(#3168),#3172);
#3168 = LINE('',#3169,#3170);
#3169 = CARTESIAN_POINT('',(0.,62.));
#3170 = VECTOR('',#3171,1.);
#3171 = DIRECTION('',(1.,0.));
#3172 = ( GEOMETRIC_REPRESENTATION_CONTEXT(2) 
PARAMETRIC_REPRESENTATION_CONTEXT() REPRESENTATION_CONTEXT('2D SPACE',''
  ) );
#3173 = PCURVE('',#3174,#3179);
#3174 = PLANE('',#3175);
#3175 = AXIS2_PLACEMENT_3D('',#3176,#3177,#3178);
#3176 = CARTESIAN_POINT('',(-23.02622193395,0.,-57.56555483488));
#3177 = DIRECTION('',(-0.371390676354,0.,-0.928476690885));
#3178 = DIRECTION('',(-0.928476690885,0.,0.371390676354));
#3179 = DEFINITIONAL_REPRESENTATION('',(#3180),#3184);
#3180 = CIRCLE('',#3181,16.5);
#3181 = AXIS2_PLACEMENT_2D('',#3182,#3183);
#3182 = CARTESIAN_POINT('',(0.,0.));
#3183 = DIRECTION('',(1.,0.));
#3184 = ( GEOMETRIC_REPRESENTATION_CONTEXT(2) 
PARAMETRIC_REPRESENTATION_CONTEXT() REPRESENTATION_CONTEXT('2D SPACE',''
  ) );
#3185 = ORIENTED_EDGE('',*,*,#3136,.F.);
#3186 = ORIENTED_EDGE('',*,*,#3187,.F.);
#3187 = EDGE_CURVE('',#3188,#2937,#3190,.T.);
#3188 = VERTEX_POINT('',#3189);
#3189 = CARTESIAN_POINT('',(-26.5435965682,1.452748424233,
    -22.10391787392));
#3190 = SURFACE_CURVE('',#3191,(#3198,#3208),.PCURVE_S1.);
#3191 = B_SPLINE_CURVE_WITH_KNOTS('',5,(#3192,#3193,#3194,#3195,#3196,
    #3197),.UNSPECIFIED.,.F.,.F.,(6,6),(0.,1.),
  .PIECEWISE_BEZIER_KNOTS.);
#3192 = CARTESIAN_POINT('',(-26.54359649816,1.452749061601,
    -22.1039178505));
#3193 = CARTESIAN_POINT('',(-26.57559727207,1.161541770815,
    -22.11461427127));
#3194 = CARTESIAN_POINT('',(-26.5984509602,0.87006576296,-22.11988058147
    ));
#3195 = CARTESIAN_POINT('',(-26.61276323231,0.579223122096,
    -22.12137125337));
#3196 = CARTESIAN_POINT('',(-26.61913475693,0.289302211541,
    -22.12022723347));
#3197 = CARTESIAN_POINT('',(-26.61796490903,0.,-22.11730261373));
#3198 = PCURVE('',#115,#3199);
#3199 = DEFINITIONAL_REPRESENTATION('',(#3200),#3207);
#3200 = B_SPLINE_CURVE_WITH_KNOTS('',5,(#3201,#3202,#3203,#3204,#3205,
    #3206),.UNSPECIFIED.,.F.,.F.,(6,6),(0.,1.),
  .PIECEWISE_BEZIER_KNOTS.);
#3201 = CARTESIAN_POINT('',(8.815955087165E-02,30.381016757766));
#3202 = CARTESIAN_POINT('',(7.044181668181E-02,30.402832924181));
#3203 = CARTESIAN_POINT('',(5.274243319115E-02,30.416210217141));
#3204 = CARTESIAN_POINT('',(3.51044478641E-02,30.422909715676));
#3205 = CARTESIAN_POINT('',(1.753346736614E-02,30.424213844703));
#3206 = CARTESIAN_POINT('',(0.,30.42106393285));
#3207 = ( GEOMETRIC_REPRESENTATION_CONTEXT(2) 
PARAMETRIC_REPRESENTATION_CONTEXT() REPRESENTATION_CONTEXT('2D SPACE',''
  ) );
#3208 = PCURVE('',#2071,#3209);
#3209 = DEFINITIONAL_REPRESENTATION('',(#3210),#3217);
#3210 = B_SPLINE_CURVE_WITH_KNOTS('',5,(#3211,#3212,#3213,#3214,#3215,
    #3216),.UNSPECIFIED.,.F.,.F.,(6,6),(0.,1.),
  .PIECEWISE_BEZIER_KNOTS.);
#3211 = CARTESIAN_POINT('',(1.467643369794,16.0000006));
#3212 = CARTESIAN_POINT('',(1.502269663006,15.725866823313));
#3213 = CARTESIAN_POINT('',(1.533794245366,15.44920083948));
#3214 = CARTESIAN_POINT('',(1.562478501225,15.171026898168));
#3215 = CARTESIAN_POINT('',(1.588532056589,14.891773517763));
#3216 = CARTESIAN_POINT('',(1.612126321457,14.611246357696));
#3217 = ( GEOMETRIC_REPRESENTATION_CONTEXT(2) 
PARAMETRIC_REPRESENTATION_CONTEXT() REPRESENTATION_CONTEXT('2D SPACE',''
  ) );
#3218 = ORIENTED_EDGE('',*,*,#3219,.T.);
#3219 = EDGE_CURVE('',#3188,#3220,#3222,.T.);
#3220 = VERTEX_POINT('',#3221);
#3221 = CARTESIAN_POINT('',(-24.55359990039,1.963003980082,
    -17.27192134311));
#3222 = SURFACE_CURVE('',#3223,(#3228,#3238),.PCURVE_S1.);
#3223 = ELLIPSE('',#3224,178.87286162243,16.5);
#3224 = AXIS2_PLACEMENT_3D('',#3225,#3226,#3227);
#3225 = CARTESIAN_POINT('',(-32.20931542271,0.,-80.52328855678));
#3226 = DIRECTION('',(-0.248375350268,0.968663866044,1.387778780781E-17)
  );
#3227 = DIRECTION('',(-0.34997160537,-8.973630906912E-02,-0.932452288468
    ));
#3228 = PCURVE('',#115,#3229);
#3229 = DEFINITIONAL_REPRESENTATION('',(#3230),#3237);
#3230 = B_SPLINE_CURVE_WITH_KNOTS('',5,(#3231,#3232,#3233,#3234,#3235,
    #3236),.UNSPECIFIED.,.F.,.F.,(6,6),(1.88873909222,1.935139700191),
  .PIECEWISE_BEZIER_KNOTS.);
#3231 = CARTESIAN_POINT('',(8.422257319282E-02,31.046648423329));
#3232 = CARTESIAN_POINT('',(9.350269478697E-02,29.476605589054));
#3233 = CARTESIAN_POINT('',(0.102782816381,27.91255670807));
#3234 = CARTESIAN_POINT('',(0.112062937975,26.354783474495));
#3235 = CARTESIAN_POINT('',(0.121343059569,24.803565431077));
#3236 = CARTESIAN_POINT('',(0.130623181164,23.259179668354));
#3237 = ( GEOMETRIC_REPRESENTATION_CONTEXT(2) 
PARAMETRIC_REPRESENTATION_CONTEXT() REPRESENTATION_CONTEXT('2D SPACE',''
  ) );
#3238 = PCURVE('',#3239,#3244);
#3239 = PLANE('',#3240);
#3240 = AXIS2_PLACEMENT_3D('',#3241,#3242,#3243);
#3241 = CARTESIAN_POINT('',(-26.84282665437,1.376022761113,
    -19.11986450171));
#3242 = DIRECTION('',(-0.248375350268,0.968663866044,0.));
#3243 = DIRECTION('',(0.968663866044,0.248375350268,0.));
#3244 = DEFINITIONAL_REPRESENTATION('',(#3245),#3249);
#3245 = ELLIPSE('',#3246,178.87286162243,16.5);
#3246 = AXIS2_PLACEMENT_2D('',#3247,#3248);
#3247 = CARTESIAN_POINT('',(-5.54009389269,61.403424055071));
#3248 = DIRECTION('',(-0.36129313546,0.932452288468));
#3249 = ( GEOMETRIC_REPRESENTATION_CONTEXT(2) 
PARAMETRIC_REPRESENTATION_CONTEXT() REPRESENTATION_CONTEXT('2D SPACE',''
  ) );
#3250 = ORIENTED_EDGE('',*,*,#3251,.F.);
#3251 = EDGE_CURVE('',#3252,#3220,#3254,.T.);
#3252 = VERTEX_POINT('',#3253);
#3253 = CARTESIAN_POINT('',(-24.49961830454,0.,-16.8214361025));
#3254 = SURFACE_CURVE('',#3255,(#3263,#3274),.PCURVE_S1.);
#3255 = B_SPLINE_CURVE_WITH_KNOTS('',6,(#3256,#3257,#3258,#3259,#3260,
    #3261,#3262),.UNSPECIFIED.,.F.,.F.,(7,7),(0.,1.),
  .PIECEWISE_BEZIER_KNOTS.);
#3256 = CARTESIAN_POINT('',(-24.49961830453,0.,-16.82143610248));
#3257 = CARTESIAN_POINT('',(-24.52039041019,0.330260245468,
    -16.87336636661));
#3258 = CARTESIAN_POINT('',(-24.53570724672,0.659939538788,
    -16.93301733538));
#3259 = CARTESIAN_POINT('',(-24.54602452884,0.988854492907,
    -17.00138758638));
#3260 = CARTESIAN_POINT('',(-24.55188406314,1.316450917584,
    -17.07968829333));
#3261 = CARTESIAN_POINT('',(-24.5540285053,1.641704714993,
    -17.16933277596));
#3262 = CARTESIAN_POINT('',(-24.55359989956,1.963004599704,
    -17.27192154095));
#3263 = PCURVE('',#115,#3264);
#3264 = DEFINITIONAL_REPRESENTATION('',(#3265),#3273);
#3265 = B_SPLINE_CURVE_WITH_KNOTS('',6,(#3266,#3267,#3268,#3269,#3270,
    #3271,#3272),.UNSPECIFIED.,.F.,.F.,(7,7),(0.,1.),
  .PIECEWISE_BEZIER_KNOTS.);
#3266 = CARTESIAN_POINT('',(0.,24.717241140917));
#3267 = CARTESIAN_POINT('',(2.001577245261E-02,24.773171747081));
#3268 = CARTESIAN_POINT('',(3.999633391203E-02,24.834244811442));
#3269 = CARTESIAN_POINT('',(5.994501608443E-02,24.901556738242));
#3270 = CARTESIAN_POINT('',(7.984237084056E-02,24.976433295923));
#3271 = CARTESIAN_POINT('',(9.964041809168E-02,25.060462534339));
#3272 = CARTESIAN_POINT('',(0.119252425755,25.155554631202));
#3273 = ( GEOMETRIC_REPRESENTATION_CONTEXT(2) 
PARAMETRIC_REPRESENTATION_CONTEXT() REPRESENTATION_CONTEXT('2D SPACE',''
  ) );
#3274 = PCURVE('',#2071,#3275);
#3275 = DEFINITIONAL_REPRESENTATION('',(#3276),#3284);
#3276 = B_SPLINE_CURVE_WITH_KNOTS('',6,(#3277,#3278,#3279,#3280,#3281,
    #3282,#3283),.UNSPECIFIED.,.F.,.F.,(7,7),(0.,1.),
  .PIECEWISE_BEZIER_KNOTS.);
#3277 = CARTESIAN_POINT('',(5.410367651484,14.085101277815));
#3278 = CARTESIAN_POINT('',(5.437302280381,14.410171723008));
#3279 = CARTESIAN_POINT('',(5.467203610644,14.733324466467));
#3280 = CARTESIAN_POINT('',(5.500195843997,15.054495056086));
#3281 = CARTESIAN_POINT('',(5.536444854103,15.3732812392));
#3282 = CARTESIAN_POINT('',(5.57614523346,15.688875466617));
#3283 = CARTESIAN_POINT('',(5.619554661132,16.0000006));
#3284 = ( GEOMETRIC_REPRESENTATION_CONTEXT(2) 
PARAMETRIC_REPRESENTATION_CONTEXT() REPRESENTATION_CONTEXT('2D SPACE',''
  ) );
#3285 = ORIENTED_EDGE('',*,*,#3286,.F.);
#3286 = EDGE_CURVE('',#3287,#3252,#3289,.T.);
#3287 = VERTEX_POINT('',#3288);
#3288 = CARTESIAN_POINT('',(-22.15027135363,0.,-10.94806872521));
#3289 = SURFACE_CURVE('',#3290,(#3294,#3301),.PCURVE_S1.);
#3290 = LINE('',#3291,#3292);
#3291 = CARTESIAN_POINT('',(-15.3198653996,0.,6.127946159843));
#3292 = VECTOR('',#3293,1.);
#3293 = DIRECTION('',(-0.371390676354,0.,-0.928476690885));
#3294 = PCURVE('',#115,#3295);
#3295 = DEFINITIONAL_REPRESENTATION('',(#3296),#3300);
#3296 = LINE('',#3297,#3298);
#3297 = CARTESIAN_POINT('',(0.,-0.));
#3298 = VECTOR('',#3299,1.);
#3299 = DIRECTION('',(0.,1.));
#3300 = ( GEOMETRIC_REPRESENTATION_CONTEXT(2) 
PARAMETRIC_REPRESENTATION_CONTEXT() REPRESENTATION_CONTEXT('2D SPACE',''
  ) );
#3301 = PCURVE('',#3302,#3307);
#3302 = CYLINDRICAL_SURFACE('',#3303,16.5);
#3303 = AXIS2_PLACEMENT_3D('',#3304,#3305,#3306);
#3304 = CARTESIAN_POINT('',(0.,0.,0.));
#3305 = DIRECTION('',(-0.371390676354,0.,-0.928476690885));
#3306 = DIRECTION('',(-0.928476690885,0.,0.371390676354));
#3307 = DEFINITIONAL_REPRESENTATION('',(#3308),#3312);
#3308 = LINE('',#3309,#3310);
#3309 = CARTESIAN_POINT('',(6.28318530718,-0.));
#3310 = VECTOR('',#3311,1.);
#3311 = DIRECTION('',(0.,1.));
#3312 = ( GEOMETRIC_REPRESENTATION_CONTEXT(2) 
PARAMETRIC_REPRESENTATION_CONTEXT() REPRESENTATION_CONTEXT('2D SPACE',''
  ) );
#3313 = ORIENTED_EDGE('',*,*,#3314,.F.);
#3314 = EDGE_CURVE('',#58,#3287,#3315,.T.);
#3315 = SURFACE_CURVE('',#3316,(#3340,#3367),.PCURVE_S1.);
#3316 = B_SPLINE_CURVE_WITH_KNOTS('',8,(#3317,#3318,#3319,#3320,#3321,
    #3322,#3323,#3324,#3325,#3326,#3327,#3328,#3329,#3330,#3331,#3332,
    #3333,#3334,#3335,#3336,#3337,#3338,#3339),.UNSPECIFIED.,.F.,.F.,(9,
    7,7,9),(0.,0.1050408215,0.939518515107,1.),.UNSPECIFIED.);
#3317 = CARTESIAN_POINT('',(-19.80852708448,3.435953503205,
    -6.067657099619));
#3318 = CARTESIAN_POINT('',(-19.84163270771,3.418377834117,
    -6.14034556079));
#3319 = CARTESIAN_POINT('',(-19.87481936991,3.400044419969,
    -6.212863809323));
#3320 = CARTESIAN_POINT('',(-19.90808235358,3.380955884,-6.285210769419)
  );
#3321 = CARTESIAN_POINT('',(-19.94141686458,3.361114289152,
    -6.357385358573));
#3322 = CARTESIAN_POINT('',(-19.97481803211,3.340521138066,
    -6.429386487575));
#3323 = CARTESIAN_POINT('',(-20.00828090872,3.31917737308,
    -6.501213060506));
#3324 = CARTESIAN_POINT('',(-20.04180047031,3.297083376236,
    -6.572863974745));
#3325 = CARTESIAN_POINT('',(-20.34207147572,3.092755734832,
    -7.212151470431));
#3326 = CARTESIAN_POINT('',(-20.60423080948,2.869216877168,
    -7.752208994171));
#3327 = CARTESIAN_POINT('',(-20.86440634559,2.604653422364,
    -8.276711795234));
#3328 = CARTESIAN_POINT('',(-21.12501464322,2.292716354607,
    -8.794809293274));
#3329 = CARTESIAN_POINT('',(-21.38505471344,1.923487611331,
    -9.308845466069));
#3330 = CARTESIAN_POINT('',(-21.63777545046,1.48571989933,
    -9.812486974273));
#3331 = CARTESIAN_POINT('',(-21.86809320224,0.968809236473,
    -10.28953796182));
#3332 = CARTESIAN_POINT('',(-22.06424245739,0.321992204583,
    -10.74130080153));
#3333 = CARTESIAN_POINT('',(-22.07727816321,0.277731570017,
    -10.77160468467));
#3334 = CARTESIAN_POINT('',(-22.0900839892,0.232910924843,
    -10.80167259207));
#3335 = CARTESIAN_POINT('',(-22.1026494192,0.187518759637,
    -10.83149392879));
#3336 = CARTESIAN_POINT('',(-22.11496320841,0.141543430404,
    -10.86105715859));
#3337 = CARTESIAN_POINT('',(-22.12701338338,9.497315857672E-02,
    -10.89034980399));
#3338 = CARTESIAN_POINT('',(-22.13878724202,4.779603101318E-02,
    -10.91935844621));
#3339 = CARTESIAN_POINT('',(-22.15027135362,0.,-10.9480687252));
#3340 = PCURVE('',#115,#3341);
#3341 = DEFINITIONAL_REPRESENTATION('',(#3342),#3366);
#3342 = B_SPLINE_CURVE_WITH_KNOTS('',8,(#3343,#3344,#3345,#3346,#3347,
    #3348,#3349,#3350,#3351,#3352,#3353,#3354,#3355,#3356,#3357,#3358,
    #3359,#3360,#3361,#3362,#3363,#3364,#3365),.UNSPECIFIED.,.F.,.F.,(9,
    7,7,9),(0.,0.1050408215,0.939518515107,1.),.UNSPECIFIED.);
#3343 = CARTESIAN_POINT('',(0.209774763454,12.990380456767));
#3344 = CARTESIAN_POINT('',(0.208685696695,13.070165118461));
#3345 = CARTESIAN_POINT('',(0.207549965181,13.149821838808));
#3346 = CARTESIAN_POINT('',(0.206367772958,13.229347866918));
#3347 = CARTESIAN_POINT('',(0.205139290746,13.308740417209));
#3348 = CARTESIAN_POINT('',(0.203864655939,13.387996669404));
#3349 = CARTESIAN_POINT('',(0.202543972604,13.467113768533));
#3350 = CARTESIAN_POINT('',(0.201177311479,13.546088824936));
#3351 = CARTESIAN_POINT('',(0.188542554381,14.251170215241));
#3352 = CARTESIAN_POINT('',(0.174749009113,14.849964570052));
#3353 = CARTESIAN_POINT('',(0.158468963276,15.43357996346));
#3354 = CARTESIAN_POINT('',(0.139333387149,16.011408905933));
#3355 = CARTESIAN_POINT('',(0.116759362278,16.585255968187));
#3356 = CARTESIAN_POINT('',(9.009597224299E-02,17.146733494576));
#3357 = CARTESIAN_POINT('',(5.8726507459E-02,17.67520208249));
#3358 = CARTESIAN_POINT('',(1.951584315468E-02,18.167501353505));
#3359 = CARTESIAN_POINT('',(1.683289890215E-02,18.200479142245));
#3360 = CARTESIAN_POINT('',(1.411616394091E-02,18.233152457788));
#3361 = CARTESIAN_POINT('',(1.136491742858E-02,18.265507557365));
#3362 = CARTESIAN_POINT('',(8.578427122171E-03,18.297529553649));
#3363 = CARTESIAN_POINT('',(5.755949378131E-03,18.329202414747));
#3364 = CARTESIAN_POINT('',(2.896729152315E-03,18.360508964208));
#3365 = CARTESIAN_POINT('',(0.,18.391430881016));
#3366 = ( GEOMETRIC_REPRESENTATION_CONTEXT(2) 
PARAMETRIC_REPRESENTATION_CONTEXT() REPRESENTATION_CONTEXT('2D SPACE',''
  ) );
#3367 = PCURVE('',#199,#3368);
#3368 = DEFINITIONAL_REPRESENTATION('',(#3369),#3393);
#3369 = B_SPLINE_CURVE_WITH_KNOTS('',8,(#3370,#3371,#3372,#3373,#3374,
    #3375,#3376,#3377,#3378,#3379,#3380,#3381,#3382,#3383,#3384,#3385,
    #3386,#3387,#3388,#3389,#3390,#3391,#3392),.UNSPECIFIED.,.F.,.F.,(9,
    7,7,9),(0.,0.1050408215,0.939518515107,1.),.UNSPECIFIED.);
#3370 = CARTESIAN_POINT('',(4.8937513394,20.1246114102));
#3371 = CARTESIAN_POINT('',(4.904339814348,20.176112186483));
#3372 = CARTESIAN_POINT('',(4.914920480956,20.227741249733));
#3373 = CARTESIAN_POINT('',(4.925495092229,20.279493481765));
#3374 = CARTESIAN_POINT('',(4.936065420527,20.331363756413));
#3375 = CARTESIAN_POINT('',(4.946633257561,20.383346939527));
#3376 = CARTESIAN_POINT('',(4.957200414395,20.435437888975));
#3377 = CARTESIAN_POINT('',(4.967768721447,20.487631454642));
#3378 = CARTESIAN_POINT('',(5.062321853741,20.95533900227));
#3379 = CARTESIAN_POINT('',(5.144038670854,21.364762690086));
#3380 = CARTESIAN_POINT('',(5.226120055822,21.77346945253));
#3381 = CARTESIAN_POINT('',(5.31086122206,22.18675389895));
#3382 = CARTESIAN_POINT('',(5.400161141554,22.605410348075));
#3383 = CARTESIAN_POINT('',(5.495574173991,23.022766024914));
#3384 = CARTESIAN_POINT('',(5.598488062989,23.421671128462));
#3385 = CARTESIAN_POINT('',(5.718661559799,23.797219221648));
#3386 = CARTESIAN_POINT('',(5.726848722216,23.822398410073));
#3387 = CARTESIAN_POINT('',(5.735103655673,23.847366805334));
#3388 = CARTESIAN_POINT('',(5.743428349537,23.872113114066));
#3389 = CARTESIAN_POINT('',(5.751824829728,23.896625130723));
#3390 = CARTESIAN_POINT('',(5.760295158712,23.920889737586));
#3391 = CARTESIAN_POINT('',(5.768841435502,23.944892904754));
#3392 = CARTESIAN_POINT('',(5.777465795662,23.968619690153));
#3393 = ( GEOMETRIC_REPRESENTATION_CONTEXT(2) 
PARAMETRIC_REPRESENTATION_CONTEXT() REPRESENTATION_CONTEXT('2D SPACE',''
  ) );
#3394 = ORIENTED_EDGE('',*,*,#57,.T.);
#3395 = ORIENTED_EDGE('',*,*,#592,.T.);
#3396 = ORIENTED_EDGE('',*,*,#780,.F.);
#3397 = FACE_BOUND('',#3398,.T.);
#3398 = EDGE_LOOP('',(#3399));
#3399 = ORIENTED_EDGE('',*,*,#3400,.T.);
#3400 = EDGE_CURVE('',#3401,#3401,#3403,.T.);
#3401 = VERTEX_POINT('',#3402);
#3402 = CARTESIAN_POINT('',(-17.08397111228,16.471720802845,
    -45.30992778072));
#3403 = SURFACE_CURVE('',#3404,(#3467,#3533),.PCURVE_S1.);
#3404 = B_SPLINE_CURVE_WITH_KNOTS('',7,(#3405,#3406,#3407,#3408,#3409,
    #3410,#3411,#3412,#3413,#3414,#3415,#3416,#3417,#3418,#3419,#3420,
    #3421,#3422,#3423,#3424,#3425,#3426,#3427,#3428,#3429,#3430,#3431,
    #3432,#3433,#3434,#3435,#3436,#3437,#3438,#3439,#3440,#3441,#3442,
    #3443,#3444,#3445,#3446,#3447,#3448,#3449,#3450,#3451,#3452,#3453,
    #3454,#3455,#3456,#3457,#3458,#3459,#3460,#3461,#3462,#3463,#3464,
    #3465,#3466),.UNSPECIFIED.,.T.,.F.,(8,6,6,6,6,6,6,6,6,6,8),(0.,
    4.988849780546E-02,0.115618773818,0.197518945928,0.32844416889,
    0.450421796849,0.562351524309,0.700114557982,0.828039820769,
    0.949425139427,1.),.UNSPECIFIED.);
#3405 = CARTESIAN_POINT('',(-17.08397111228,16.471720802846,
    -45.30992778072));
#3406 = CARTESIAN_POINT('',(-16.95401950152,16.464647568538,
    -45.30992778072));
#3407 = CARTESIAN_POINT('',(-16.82635544326,16.456829035965,
    -45.30235033777));
#3408 = CARTESIAN_POINT('',(-16.70141614112,16.44842957411,
    -45.28767465432));
#3409 = CARTESIAN_POINT('',(-16.57958644453,16.439612334984,
    -45.26638354631));
#3410 = CARTESIAN_POINT('',(-16.46120007209,16.430534308392,
    -45.23896378902));
#3411 = CARTESIAN_POINT('',(-16.34654083496,16.421341376704,
    -45.20590646299));
#3412 = CARTESIAN_POINT('',(-16.0899957587,16.400070944209,
    -45.11737823299));
#3413 = CARTESIAN_POINT('',(-15.95084722437,16.387989637589,
    -45.05806143457));
#3414 = CARTESIAN_POINT('',(-15.8185924118,16.376187392032,
    -44.99072014688));
#3415 = CARTESIAN_POINT('',(-15.69333649762,16.364884281111,
    -44.91618566491));
#3416 = CARTESIAN_POINT('',(-15.57512296433,16.354258308022,
    -44.83517157121));
#3417 = CARTESIAN_POINT('',(-15.46396088379,16.344451203909,
    -44.74828797078));
#3418 = CARTESIAN_POINT('',(-15.23013238881,16.324513478419,
    -44.54113400065));
#3419 = CARTESIAN_POINT('',(-15.11133218891,16.314894338725,
    -44.4178814357));
#3420 = CARTESIAN_POINT('',(-15.00346883082,16.306934713707,
    -44.28730302884));
#3421 = CARTESIAN_POINT('',(-14.90656564461,16.30078330323,
    -44.15022588761));
#3422 = CARTESIAN_POINT('',(-14.82068041584,16.296534497704,
    -44.007341857));
#3423 = CARTESIAN_POINT('',(-14.74593422627,16.294237280736,
    -43.85924844471));
#3424 = CARTESIAN_POINT('',(-14.58120032001,16.293355983912,
    -43.46228599919));
#3425 = CARTESIAN_POINT('',(-14.50900865315,16.297818208502,
    -43.20648967033));
#3426 = CARTESIAN_POINT('',(-14.46661738017,16.307287006142,
    -42.94117083826));
#3427 = CARTESIAN_POINT('',(-14.4555090173,16.321504000728,
    -42.66826829401));
#3428 = CARTESIAN_POINT('',(-14.47796446284,16.339935408766,
    -42.39004075567));
#3429 = CARTESIAN_POINT('',(-14.53707412506,16.361588536762,
    -42.10961744517));
#3430 = CARTESIAN_POINT('',(-14.72954627055,16.406479097561,
    -41.57315696385));
#3431 = CARTESIAN_POINT('',(-14.86013325478,16.430107648904,
    -41.30958504409));
#3432 = CARTESIAN_POINT('',(-15.03266500353,16.453954405917,
    -41.05227431321));
#3433 = CARTESIAN_POINT('',(-15.2479742153,16.475402949978,
    -40.81217115126));
#3434 = CARTESIAN_POINT('',(-15.5040254247,16.491497130025,-40.599735568
    ));
#3435 = CARTESIAN_POINT('',(-15.79638378689,16.5,-40.42467701117));
#3436 = CARTESIAN_POINT('',(-16.41380453025,16.5,-40.17770871382));
#3437 = CARTESIAN_POINT('',(-16.71901153037,16.492840298807,
    -40.10456123218));
#3438 = CARTESIAN_POINT('',(-17.02520899398,16.479142774708,
    -40.0757123642));
#3439 = CARTESIAN_POINT('',(-17.32409172965,16.46054442062,
    -40.08851272546));
#3440 = CARTESIAN_POINT('',(-17.60812639604,16.43934193042,
    -40.13834702293));
#3441 = CARTESIAN_POINT('',(-17.87101533845,16.417711073525,
    -40.21851672404));
#3442 = CARTESIAN_POINT('',(-18.40004036537,16.372079614681,
    -40.44524173557));
#3443 = CARTESIAN_POINT('',(-18.66153438664,16.347941483852,
    -40.60653862072));
#3444 = CARTESIAN_POINT('',(-18.89161043555,16.327017154261,
    -40.79598488615));
#3445 = CARTESIAN_POINT('',(-19.09034234324,16.310626342858,
    -41.00798637358));
#3446 = CARTESIAN_POINT('',(-19.25793156811,16.299459994628,
    -41.23854542681));
#3447 = CARTESIAN_POINT('',(-19.39418018101,16.293863875705,
    -41.48473620326));
#3448 = CARTESIAN_POINT('',(-19.59442622756,16.293863875705,
    -41.98535131964));
#3449 = CARTESIAN_POINT('',(-19.66266353762,16.298689384474,
    -42.2373711116));
#3450 = CARTESIAN_POINT('',(-19.70206133105,16.308323395944,
    -42.49842760222));
#3451 = CARTESIAN_POINT('',(-19.71117907738,16.322506467696,
    -42.76667409623));
#3452 = CARTESIAN_POINT('',(-19.68782851078,16.34071841427,
    -43.0399476027));
#3453 = CARTESIAN_POINT('',(-19.62906760314,16.36200846917,
    -43.31525647954));
#3454 = CARTESIAN_POINT('',(-19.43838877708,16.406480771449,
    -43.84671860122));
#3455 = CARTESIAN_POINT('',(-19.30779214917,16.430110523104,
    -44.11030196716));
#3456 = CARTESIAN_POINT('',(-19.13525066444,16.453957655058,
    -44.36761605372));
#3457 = CARTESIAN_POINT('',(-18.91993580407,16.475405452624,
    -44.60771438379));
#3458 = CARTESIAN_POINT('',(-18.66388521638,16.491498258304,
    -44.82014034338));
#3459 = CARTESIAN_POINT('',(-18.37153714619,16.5,-44.99518706687));
#3460 = CARTESIAN_POINT('',(-17.91544717031,16.5,-45.17762305722));
#3461 = CARTESIAN_POINT('',(-17.77812835088,16.498524205497,
    -45.22246323525));
#3462 = CARTESIAN_POINT('',(-17.63872560069,16.495584298606,
    -45.25813089855));
#3463 = CARTESIAN_POINT('',(-17.49840486744,16.491262080033,
    -45.28449247444));
#3464 = CARTESIAN_POINT('',(-17.35836990738,16.485705666455,
    -45.30164550272));
#3465 = CARTESIAN_POINT('',(-17.21983039767,16.479115590434,
    -45.30992778072));
#3466 = CARTESIAN_POINT('',(-17.08397111228,16.471720802846,
    -45.30992778072));
#3467 = PCURVE('',#115,#3468);
#3468 = DEFINITIONAL_REPRESENTATION('',(#3469),#3532);
#3469 = B_SPLINE_CURVE_WITH_KNOTS('',7,(#3470,#3471,#3472,#3473,#3474,
    #3475,#3476,#3477,#3478,#3479,#3480,#3481,#3482,#3483,#3484,#3485,
    #3486,#3487,#3488,#3489,#3490,#3491,#3492,#3493,#3494,#3495,#3496,
    #3497,#3498,#3499,#3500,#3501,#3502,#3503,#3504,#3505,#3506,#3507,
    #3508,#3509,#3510,#3511,#3512,#3513,#3514,#3515,#3516,#3517,#3518,
    #3519,#3520,#3521,#3522,#3523,#3524,#3525,#3526,#3527,#3528,#3529,
    #3530,#3531),.UNSPECIFIED.,.T.,.F.,(8,6,6,6,6,6,6,6,6,6,8),(0.,
    4.988849780546E-02,0.115618773818,0.197518945928,0.32844416889,
    0.450421796849,0.562351524309,0.700114557982,0.828039820769,
    0.949425139427,1.),.UNSPECIFIED.);
#3470 = CARTESIAN_POINT('',(1.629351950449,48.414039396302));
#3471 = CARTESIAN_POINT('',(1.636677052846,48.365776579687));
#3472 = CARTESIAN_POINT('',(1.643706029513,48.311327859585));
#3473 = CARTESIAN_POINT('',(1.650425153015,48.251300537658));
#3474 = CARTESIAN_POINT('',(1.656823474961,48.186285826731));
#3475 = CARTESIAN_POINT('',(1.662892824394,48.11685962629));
#3476 = CARTESIAN_POINT('',(1.668627806195,48.043583297973));
#3477 = CARTESIAN_POINT('',(1.681137891529,47.866108450552));
#3478 = CARTESIAN_POINT('',(1.687673708723,47.759355717564));
#3479 = CARTESIAN_POINT('',(1.693642845339,47.647712697314));
#3480 = CARTESIAN_POINT('',(1.699056833432,47.531990289457));
#3481 = CARTESIAN_POINT('',(1.703928028099,47.412867187739));
#3482 = CARTESIAN_POINT('',(1.708268492732,47.290913229636));
#3483 = CARTESIAN_POINT('',(1.716849106565,47.011733874053));
#3484 = CARTESIAN_POINT('',(1.720803041615,46.853175453803));
#3485 = CARTESIAN_POINT('',(1.723970438806,46.691877001194));
#3486 = CARTESIAN_POINT('',(1.726367075212,46.528615130842));
#3487 = CARTESIAN_POINT('',(1.728004217632,46.364053665713));
#3488 = CARTESIAN_POINT('',(1.728887955744,46.198792346435));
#3489 = CARTESIAN_POINT('',(1.729226944056,45.769041331749));
#3490 = CARTESIAN_POINT('',(1.727510231693,45.504729090803));
#3491 = CARTESIAN_POINT('',(1.723878081726,45.24264301603));
#3492 = CARTESIAN_POINT('',(1.718293706221,44.985133822413));
#3493 = CARTESIAN_POINT('',(1.710685619776,44.735145781408));
#3494 = CARTESIAN_POINT('',(1.700960016974,44.496732051461));
#3495 = CARTESIAN_POINT('',(1.677893413924,44.070123359267));
#3496 = CARTESIAN_POINT('',(1.664536307502,43.873901763786));
#3497 = CARTESIAN_POINT('',(1.648971452718,43.699071430711));
#3498 = CARTESIAN_POINT('',(1.631409676154,43.556105075226));
#3499 = CARTESIAN_POINT('',(1.612204646395,43.453958619691));
#3500 = CARTESIAN_POINT('',(1.591812932259,43.4));
#3501 = CARTESIAN_POINT('',(1.551510963068,43.4));
#3502 = CARTESIAN_POINT('',(1.532690111108,43.445435302505));
#3503 = CARTESIAN_POINT('',(1.514798976569,43.532368684137));
#3504 = CARTESIAN_POINT('',(1.498235785932,43.655255782543));
#3505 = CARTESIAN_POINT('',(1.483321541075,43.807013593011));
#3506 = CARTESIAN_POINT('',(1.470267753819,43.979083793934));
#3507 = CARTESIAN_POINT('',(1.445447512293,44.386067644943));
#3508 = CARTESIAN_POINT('',(1.434269471401,44.632944484541));
#3509 = CARTESIAN_POINT('',(1.425495519893,44.894289025584));
#3510 = CARTESIAN_POINT('',(1.419008039772,45.164934642704));
#3511 = CARTESIAN_POINT('',(1.4147134543,45.441244425076));
#3512 = CARTESIAN_POINT('',(1.412561069209,45.72042828702));
#3513 = CARTESIAN_POINT('',(1.412561069209,46.259607268346));
#3514 = CARTESIAN_POINT('',(1.414417045757,46.518944471555));
#3515 = CARTESIAN_POINT('',(1.418122374674,46.775961311255));
#3516 = CARTESIAN_POINT('',(1.423713551608,47.028408174326));
#3517 = CARTESIAN_POINT('',(1.431259210463,47.273464072595));
#3518 = CARTESIAN_POINT('',(1.440848415033,47.507258694306));
#3519 = CARTESIAN_POINT('',(1.463700099778,47.929892548202));
#3520 = CARTESIAN_POINT('',(1.477058009447,48.126121189609));
#3521 = CARTESIAN_POINT('',(1.492623486635,48.300951022502));
#3522 = CARTESIAN_POINT('',(1.510185467295,48.443910793876));
#3523 = CARTESIAN_POINT('',(1.529390242497,48.546048544943));
#3524 = CARTESIAN_POINT('',(1.549781111126,48.6));
#3525 = CARTESIAN_POINT('',(1.579552258847,48.6));
#3526 = CARTESIAN_POINT('',(1.588288656459,48.590634130897));
#3527 = CARTESIAN_POINT('',(1.596936952519,48.571977843211));
#3528 = CARTESIAN_POINT('',(1.605429616575,48.544340139927));
#3529 = CARTESIAN_POINT('',(1.613701928807,48.508258648329));
#3530 = CARTESIAN_POINT('',(1.621693844703,48.464496268192));
#3531 = CARTESIAN_POINT('',(1.629351950449,48.414039396302));
#3532 = ( GEOMETRIC_REPRESENTATION_CONTEXT(2) 
PARAMETRIC_REPRESENTATION_CONTEXT() REPRESENTATION_CONTEXT('2D SPACE',''
  ) );
#3533 = PCURVE('',#3534,#3539);
#3534 = CYLINDRICAL_SURFACE('',#3535,2.6);
#3535 = AXIS2_PLACEMENT_3D('',#3536,#3537,#3538);
#3536 = CARTESIAN_POINT('',(-17.08397111228,18.5,-42.70992778072));
#3537 = DIRECTION('',(0.,-1.,-0.));
#3538 = DIRECTION('',(0.,0.,-1.));
#3539 = DEFINITIONAL_REPRESENTATION('',(#3540),#3603);
#3540 = B_SPLINE_CURVE_WITH_KNOTS('',7,(#3541,#3542,#3543,#3544,#3545,
    #3546,#3547,#3548,#3549,#3550,#3551,#3552,#3553,#3554,#3555,#3556,
    #3557,#3558,#3559,#3560,#3561,#3562,#3563,#3564,#3565,#3566,#3567,
    #3568,#3569,#3570,#3571,#3572,#3573,#3574,#3575,#3576,#3577,#3578,
    #3579,#3580,#3581,#3582,#3583,#3584,#3585,#3586,#3587,#3588,#3589,
    #3590,#3591,#3592,#3593,#3594,#3595,#3596,#3597,#3598,#3599,#3600,
    #3601,#3602),.UNSPECIFIED.,.F.,.F.,(8,6,6,6,6,6,6,6,6,6,8),(0.,
    4.988849780546E-02,0.115618773818,0.197518945928,0.32844416889,
    0.450421796849,0.562351524309,0.700114557982,0.828039820769,
    0.949425139427,1.),.UNSPECIFIED.);
#3541 = CARTESIAN_POINT('',(0.,2.028279197154));
#3542 = CARTESIAN_POINT('',(4.99813887555E-02,2.035352431462));
#3543 = CARTESIAN_POINT('',(9.908307098055E-02,2.043170964035));
#3544 = CARTESIAN_POINT('',(0.147340340322,2.05157042589));
#3545 = CARTESIAN_POINT('',(0.194777498785,2.060387665016));
#3546 = CARTESIAN_POINT('',(0.241409636925,2.069465691608));
#3547 = CARTESIAN_POINT('',(0.28724441404,2.078658623296));
#3548 = CARTESIAN_POINT('',(0.39162524815,2.099929055791));
#3549 = CARTESIAN_POINT('',(0.449658913459,2.112010362411));
#3550 = CARTESIAN_POINT('',(0.506532941183,2.123812607968));
#3551 = CARTESIAN_POINT('',(0.562380847051,2.135115718889));
#3552 = CARTESIAN_POINT('',(0.61732626023,2.145741691978));
#3553 = CARTESIAN_POINT('',(0.671487627941,2.155548796091));
#3554 = CARTESIAN_POINT('',(0.791638256038,2.175486521581));
#3555 = CARTESIAN_POINT('',(0.857274795023,2.185105661275));
#3556 = CARTESIAN_POINT('',(0.922114506973,2.193065286293));
#3557 = CARTESIAN_POINT('',(0.986358035686,2.19921669677));
#3558 = CARTESIAN_POINT('',(1.050197693262,2.203465502296));
#3559 = CARTESIAN_POINT('',(1.113825747679,2.205762719264));
#3560 = CARTESIAN_POINT('',(1.279128251009,2.206644016088));
#3561 = CARTESIAN_POINT('',(1.380639923403,2.202181791498));
#3562 = CARTESIAN_POINT('',(1.482860007073,2.192712993858));
#3563 = CARTESIAN_POINT('',(1.586567455269,2.178495999272));
#3564 = CARTESIAN_POINT('',(1.692594062346,2.160064591234));
#3565 = CARTESIAN_POINT('',(1.801790627514,2.138411463238));
#3566 = CARTESIAN_POINT('',(2.020999592288,2.093520902439));
#3567 = CARTESIAN_POINT('',(2.133379411099,2.069892351096));
#3568 = CARTESIAN_POINT('',(2.250870448161,2.046045594083));
#3569 = CARTESIAN_POINT('',(2.372645148222,2.024597050022));
#3570 = CARTESIAN_POINT('',(2.498302873968,2.008502869975));
#3571 = CARTESIAN_POINT('',(2.627711664876,2.));
#3572 = CARTESIAN_POINT('',(2.88347416167,2.));
#3573 = CARTESIAN_POINT('',(3.002913987874,2.007159701193));
#3574 = CARTESIAN_POINT('',(3.119374749687,2.020857225292));
#3575 = CARTESIAN_POINT('',(3.232611933363,2.03945557938));
#3576 = CARTESIAN_POINT('',(3.342168733878,2.06065806958));
#3577 = CARTESIAN_POINT('',(3.447250937168,2.082288926475));
#3578 = CARTESIAN_POINT('',(3.668620968615,2.127920385319));
#3579 = CARTESIAN_POINT('',(3.785501586711,2.152058516147));
#3580 = CARTESIAN_POINT('',(3.898513931117,2.172982845739));
#3581 = CARTESIAN_POINT('',(4.008671593505,2.189373657141));
#3582 = CARTESIAN_POINT('',(4.116976997748,2.200540005373));
#3583 = CARTESIAN_POINT('',(4.224355021357,2.206136124295));
#3584 = CARTESIAN_POINT('',(4.431731552636,2.206136124295));
#3585 = CARTESIAN_POINT('',(4.531476433036,2.201310615526));
#3586 = CARTESIAN_POINT('',(4.631955915775,2.191676604056));
#3587 = CARTESIAN_POINT('',(4.733911710133,2.177493532304));
#3588 = CARTESIAN_POINT('',(4.838134167302,2.15928158573));
#3589 = CARTESIAN_POINT('',(4.945433889225,2.13799153083));
#3590 = CARTESIAN_POINT('',(5.162600419785,2.093519228551));
#3591 = CARTESIAN_POINT('',(5.274985632807,2.069889476896));
#3592 = CARTESIAN_POINT('',(5.392479604953,2.046042344942));
#3593 = CARTESIAN_POINT('',(5.514254340558,2.024594547376));
#3594 = CARTESIAN_POINT('',(5.639909716527,2.008501741696));
#3595 = CARTESIAN_POINT('',(5.769313138325,2.));
#3596 = CARTESIAN_POINT('',(5.958245421939,2.));
#3597 = CARTESIAN_POINT('',(6.013687930669,2.001475794503));
#3598 = CARTESIAN_POINT('',(6.068844675089,2.004415701394));
#3599 = CARTESIAN_POINT('',(6.123554655298,2.008737919967));
#3600 = CARTESIAN_POINT('',(6.177647317705,2.014294333545));
#3601 = CARTESIAN_POINT('',(6.230931735876,2.020884409566));
#3602 = CARTESIAN_POINT('',(6.28318530718,2.028279197154));
#3603 = ( GEOMETRIC_REPRESENTATION_CONTEXT(2) 
PARAMETRIC_REPRESENTATION_CONTEXT() REPRESENTATION_CONTEXT('2D SPACE',''
  ) );
#3604 = FACE_BOUND('',#3605,.T.);
#3605 = EDGE_LOOP('',(#3606));
#3606 = ORIENTED_EDGE('',*,*,#3607,.F.);
#3607 = EDGE_CURVE('',#3608,#3608,#3610,.T.);
#3608 = VERTEX_POINT('',#3609);
#3609 = CARTESIAN_POINT('',(-17.08397111228,-16.47172080284,
    -45.30992778072));
#3610 = SURFACE_CURVE('',#3611,(#3674,#3740),.PCURVE_S1.);
#3611 = B_SPLINE_CURVE_WITH_KNOTS('',7,(#3612,#3613,#3614,#3615,#3616,
    #3617,#3618,#3619,#3620,#3621,#3622,#3623,#3624,#3625,#3626,#3627,
    #3628,#3629,#3630,#3631,#3632,#3633,#3634,#3635,#3636,#3637,#3638,
    #3639,#3640,#3641,#3642,#3643,#3644,#3645,#3646,#3647,#3648,#3649,
    #3650,#3651,#3652,#3653,#3654,#3655,#3656,#3657,#3658,#3659,#3660,
    #3661,#3662,#3663,#3664,#3665,#3666,#3667,#3668,#3669,#3670,#3671,
    #3672,#3673),.UNSPECIFIED.,.T.,.F.,(8,6,6,6,6,6,6,6,6,6,8),(0.,
    4.988849744932E-02,0.11561877872,0.197518950377,0.328444172612,
    0.450421799896,0.562351526736,0.700114559645,0.828039821723,
    0.949425139707,1.),.UNSPECIFIED.);
#3612 = CARTESIAN_POINT('',(-17.08397111228,-16.47172080284,
    -45.30992778072));
#3613 = CARTESIAN_POINT('',(-16.95401950152,-16.46464756853,
    -45.30992778072));
#3614 = CARTESIAN_POINT('',(-16.82635544326,-16.45682903596,
    -45.30235033777));
#3615 = CARTESIAN_POINT('',(-16.70141614112,-16.44842957411,
    -45.28767465432));
#3616 = CARTESIAN_POINT('',(-16.57958644453,-16.43961233498,
    -45.26638354631));
#3617 = CARTESIAN_POINT('',(-16.46120007209,-16.43053430839,
    -45.23896378902));
#3618 = CARTESIAN_POINT('',(-16.34654083496,-16.4213413767,
    -45.20590646299));
#3619 = CARTESIAN_POINT('',(-16.08999574599,-16.40007094315,
    -45.11737822861));
#3620 = CARTESIAN_POINT('',(-15.95084723502,-16.38798963849,
    -45.05806144106));
#3621 = CARTESIAN_POINT('',(-15.81859242191,-16.37618739287,
    -44.99072015057));
#3622 = CARTESIAN_POINT('',(-15.6933364903,-16.36488428048,
    -44.91618565868));
#3623 = CARTESIAN_POINT('',(-15.57512295312,-16.35425830707,
    -44.83517156525));
#3624 = CARTESIAN_POINT('',(-15.46396089269,-16.34445120466,
    -44.74828797867));
#3625 = CARTESIAN_POINT('',(-15.23013238881,-16.32451347841,
    -44.54113400065));
#3626 = CARTESIAN_POINT('',(-15.11133218891,-16.31489433872,
    -44.4178814357));
#3627 = CARTESIAN_POINT('',(-15.00346883082,-16.3069347137,
    -44.28730302884));
#3628 = CARTESIAN_POINT('',(-14.90656564461,-16.30078330323,
    -44.15022588761));
#3629 = CARTESIAN_POINT('',(-14.82068041584,-16.2965344977,-44.007341857
    ));
#3630 = CARTESIAN_POINT('',(-14.74593422627,-16.29423728073,
    -43.85924844471));
#3631 = CARTESIAN_POINT('',(-14.58120032001,-16.29335598391,
    -43.46228599919));
#3632 = CARTESIAN_POINT('',(-14.50900865315,-16.2978182085,
    -43.20648967033));
#3633 = CARTESIAN_POINT('',(-14.46661738017,-16.30728700614,
    -42.94117083826));
#3634 = CARTESIAN_POINT('',(-14.45550901729,-16.32150400072,
    -42.66826829401));
#3635 = CARTESIAN_POINT('',(-14.47796446284,-16.33993540876,
    -42.39004075567));
#3636 = CARTESIAN_POINT('',(-14.53707412506,-16.36158853676,
    -42.10961744517));
#3637 = CARTESIAN_POINT('',(-14.72954627055,-16.40647909756,
    -41.57315696385));
#3638 = CARTESIAN_POINT('',(-14.86013325478,-16.4301076489,
    -41.30958504409));
#3639 = CARTESIAN_POINT('',(-15.03266500353,-16.45395440591,
    -41.05227431321));
#3640 = CARTESIAN_POINT('',(-15.2479742153,-16.47540294997,
    -40.81217115126));
#3641 = CARTESIAN_POINT('',(-15.5040254247,-16.49149713002,-40.599735568
    ));
#3642 = CARTESIAN_POINT('',(-15.79638378689,-16.5,-40.42467701117));
#3643 = CARTESIAN_POINT('',(-16.41380453025,-16.5,-40.17770871382));
#3644 = CARTESIAN_POINT('',(-16.71901153037,-16.4928402988,
    -40.10456123218));
#3645 = CARTESIAN_POINT('',(-17.02520899398,-16.4791427747,
    -40.0757123642));
#3646 = CARTESIAN_POINT('',(-17.32409172965,-16.46054442062,
    -40.08851272546));
#3647 = CARTESIAN_POINT('',(-17.60812639604,-16.43934193042,
    -40.13834702293));
#3648 = CARTESIAN_POINT('',(-17.87101533845,-16.41771107352,
    -40.21851672404));
#3649 = CARTESIAN_POINT('',(-18.40004036537,-16.37207961468,
    -40.44524173557));
#3650 = CARTESIAN_POINT('',(-18.66153438664,-16.34794148385,
    -40.60653862072));
#3651 = CARTESIAN_POINT('',(-18.89161043555,-16.32701715426,
    -40.79598488615));
#3652 = CARTESIAN_POINT('',(-19.09034234324,-16.31062634285,
    -41.00798637358));
#3653 = CARTESIAN_POINT('',(-19.25793156811,-16.29945999462,
    -41.23854542681));
#3654 = CARTESIAN_POINT('',(-19.39418018101,-16.2938638757,
    -41.48473620326));
#3655 = CARTESIAN_POINT('',(-19.59442622756,-16.2938638757,
    -41.98535131964));
#3656 = CARTESIAN_POINT('',(-19.66266353762,-16.29868938447,
    -42.2373711116));
#3657 = CARTESIAN_POINT('',(-19.70206133105,-16.30832339594,
    -42.49842760222));
#3658 = CARTESIAN_POINT('',(-19.71117907738,-16.32250646769,
    -42.76667409623));
#3659 = CARTESIAN_POINT('',(-19.68782851078,-16.34071841427,
    -43.0399476027));
#3660 = CARTESIAN_POINT('',(-19.62906760314,-16.36200846917,
    -43.31525647954));
#3661 = CARTESIAN_POINT('',(-19.43838877708,-16.40648077144,
    -43.84671860122));
#3662 = CARTESIAN_POINT('',(-19.30779214917,-16.4301105231,
    -44.11030196716));
#3663 = CARTESIAN_POINT('',(-19.13525066444,-16.45395765505,
    -44.36761605372));
#3664 = CARTESIAN_POINT('',(-18.91993580407,-16.47540545262,
    -44.6077143838));
#3665 = CARTESIAN_POINT('',(-18.66388521638,-16.4914982583,
    -44.82014034338));
#3666 = CARTESIAN_POINT('',(-18.37153714619,-16.5,-44.99518706687));
#3667 = CARTESIAN_POINT('',(-17.91544717031,-16.5,-45.17762305722));
#3668 = CARTESIAN_POINT('',(-17.77812835088,-16.49852420549,
    -45.22246323525));
#3669 = CARTESIAN_POINT('',(-17.63872560069,-16.4955842986,
    -45.25813089855));
#3670 = CARTESIAN_POINT('',(-17.49840486744,-16.49126208003,
    -45.28449247444));
#3671 = CARTESIAN_POINT('',(-17.35836990738,-16.48570566645,
    -45.30164550272));
#3672 = CARTESIAN_POINT('',(-17.21983039767,-16.47911559043,
    -45.30992778072));
#3673 = CARTESIAN_POINT('',(-17.08397111228,-16.47172080284,
    -45.30992778072));
#3674 = PCURVE('',#115,#3675);
#3675 = DEFINITIONAL_REPRESENTATION('',(#3676),#3739);
#3676 = B_SPLINE_CURVE_WITH_KNOTS('',7,(#3677,#3678,#3679,#3680,#3681,
    #3682,#3683,#3684,#3685,#3686,#3687,#3688,#3689,#3690,#3691,#3692,
    #3693,#3694,#3695,#3696,#3697,#3698,#3699,#3700,#3701,#3702,#3703,
    #3704,#3705,#3706,#3707,#3708,#3709,#3710,#3711,#3712,#3713,#3714,
    #3715,#3716,#3717,#3718,#3719,#3720,#3721,#3722,#3723,#3724,#3725,
    #3726,#3727,#3728,#3729,#3730,#3731,#3732,#3733,#3734,#3735,#3736,
    #3737,#3738),.UNSPECIFIED.,.T.,.F.,(8,6,6,6,6,6,6,6,6,6,8),(0.,
    4.988849744932E-02,0.11561877872,0.197518950377,0.328444172612,
    0.450421799896,0.562351526736,0.700114559645,0.828039821723,
    0.949425139707,1.),.UNSPECIFIED.);
#3677 = CARTESIAN_POINT('',(4.653833356731,48.414039396302));
#3678 = CARTESIAN_POINT('',(4.646508254334,48.365776579687));
#3679 = CARTESIAN_POINT('',(4.639479277667,48.311327859585));
#3680 = CARTESIAN_POINT('',(4.632760154164,48.251300537658));
#3681 = CARTESIAN_POINT('',(4.626361832219,48.186285826731));
#3682 = CARTESIAN_POINT('',(4.620292482786,48.11685962629));
#3683 = CARTESIAN_POINT('',(4.614557500984,48.043583297973));
#3684 = CARTESIAN_POINT('',(4.602047415031,47.86610844176));
#3685 = CARTESIAN_POINT('',(4.595511598913,47.759355727544));
#3686 = CARTESIAN_POINT('',(4.589542462329,47.647712704495));
#3687 = CARTESIAN_POINT('',(4.584128473473,47.531990280948));
#3688 = CARTESIAN_POINT('',(4.57925727858,47.412867178044));
#3689 = CARTESIAN_POINT('',(4.574916814774,47.290913240269));
#3690 = CARTESIAN_POINT('',(4.566336200614,47.011733874053));
#3691 = CARTESIAN_POINT('',(4.562382265564,46.853175453803));
#3692 = CARTESIAN_POINT('',(4.559214868373,46.691877001194));
#3693 = CARTESIAN_POINT('',(4.556818231968,46.528615130842));
#3694 = CARTESIAN_POINT('',(4.555181089547,46.364053665713));
#3695 = CARTESIAN_POINT('',(4.554297351436,46.198792346435));
#3696 = CARTESIAN_POINT('',(4.553958363124,45.769041331749));
#3697 = CARTESIAN_POINT('',(4.555675075487,45.504729090802));
#3698 = CARTESIAN_POINT('',(4.559307225454,45.24264301603));
#3699 = CARTESIAN_POINT('',(4.564891600958,44.985133822413));
#3700 = CARTESIAN_POINT('',(4.572499687404,44.735145781408));
#3701 = CARTESIAN_POINT('',(4.582225290205,44.496732051461));
#3702 = CARTESIAN_POINT('',(4.605291893256,44.070123359267));
#3703 = CARTESIAN_POINT('',(4.618648999678,43.873901763786));
#3704 = CARTESIAN_POINT('',(4.634213854461,43.699071430711));
#3705 = CARTESIAN_POINT('',(4.651775631025,43.556105075226));
#3706 = CARTESIAN_POINT('',(4.670980660784,43.453958619691));
#3707 = CARTESIAN_POINT('',(4.69137237492,43.4));
#3708 = CARTESIAN_POINT('',(4.731674344112,43.4));
#3709 = CARTESIAN_POINT('',(4.750495196072,43.445435302505));
#3710 = CARTESIAN_POINT('',(4.768386330611,43.532368684137));
#3711 = CARTESIAN_POINT('',(4.784949521248,43.655255782543));
#3712 = CARTESIAN_POINT('',(4.799863766104,43.807013593011));
#3713 = CARTESIAN_POINT('',(4.812917553361,43.979083793934));
#3714 = CARTESIAN_POINT('',(4.837737794887,44.386067644943));
#3715 = CARTESIAN_POINT('',(4.848915835778,44.632944484541));
#3716 = CARTESIAN_POINT('',(4.857689787287,44.894289025584));
#3717 = CARTESIAN_POINT('',(4.864177267408,45.164934642704));
#3718 = CARTESIAN_POINT('',(4.868471852879,45.441244425076));
#3719 = CARTESIAN_POINT('',(4.870624237971,45.72042828702));
#3720 = CARTESIAN_POINT('',(4.870624237971,46.259607268346));
#3721 = CARTESIAN_POINT('',(4.868768261423,46.518944471555));
#3722 = CARTESIAN_POINT('',(4.865062932506,46.775961311255));
#3723 = CARTESIAN_POINT('',(4.859471755572,47.028408174326));
#3724 = CARTESIAN_POINT('',(4.851926096717,47.273464072595));
#3725 = CARTESIAN_POINT('',(4.842336892146,47.507258694306));
#3726 = CARTESIAN_POINT('',(4.819485207401,47.929892548202));
#3727 = CARTESIAN_POINT('',(4.806127297733,48.126121189609));
#3728 = CARTESIAN_POINT('',(4.790561820545,48.300951022502));
#3729 = CARTESIAN_POINT('',(4.772999839885,48.443910793876));
#3730 = CARTESIAN_POINT('',(4.753795064683,48.546048544943));
#3731 = CARTESIAN_POINT('',(4.733404196053,48.6));
#3732 = CARTESIAN_POINT('',(4.703633048332,48.6));
#3733 = CARTESIAN_POINT('',(4.69489665072,48.590634130897));
#3734 = CARTESIAN_POINT('',(4.68624835466,48.571977843211));
#3735 = CARTESIAN_POINT('',(4.677755690604,48.544340139927));
#3736 = CARTESIAN_POINT('',(4.669483378373,48.508258648329));
#3737 = CARTESIAN_POINT('',(4.661491462477,48.464496268192));
#3738 = CARTESIAN_POINT('',(4.653833356731,48.414039396302));
#3739 = ( GEOMETRIC_REPRESENTATION_CONTEXT(2) 
PARAMETRIC_REPRESENTATION_CONTEXT() REPRESENTATION_CONTEXT('2D SPACE',''
  ) );
#3740 = PCURVE('',#3741,#3746);
#3741 = CYLINDRICAL_SURFACE('',#3742,2.6);
#3742 = AXIS2_PLACEMENT_3D('',#3743,#3744,#3745);
#3743 = CARTESIAN_POINT('',(-17.08397111228,18.5,-42.70992778072));
#3744 = DIRECTION('',(0.,-1.,-0.));
#3745 = DIRECTION('',(0.,0.,-1.));
#3746 = DEFINITIONAL_REPRESENTATION('',(#3747),#3810);
#3747 = B_SPLINE_CURVE_WITH_KNOTS('',7,(#3748,#3749,#3750,#3751,#3752,
    #3753,#3754,#3755,#3756,#3757,#3758,#3759,#3760,#3761,#3762,#3763,
    #3764,#3765,#3766,#3767,#3768,#3769,#3770,#3771,#3772,#3773,#3774,
    #3775,#3776,#3777,#3778,#3779,#3780,#3781,#3782,#3783,#3784,#3785,
    #3786,#3787,#3788,#3789,#3790,#3791,#3792,#3793,#3794,#3795,#3796,
    #3797,#3798,#3799,#3800,#3801,#3802,#3803,#3804,#3805,#3806,#3807,
    #3808,#3809),.UNSPECIFIED.,.F.,.F.,(8,6,6,6,6,6,6,6,6,6,8),(0.,
    4.988849744932E-02,0.11561877872,0.197518950377,0.328444172612,
    0.450421799896,0.562351526736,0.700114559645,0.828039821723,
    0.949425139707,1.),.UNSPECIFIED.);
#3748 = CARTESIAN_POINT('',(0.,34.971720802846));
#3749 = CARTESIAN_POINT('',(4.99813887555E-02,34.964647568538));
#3750 = CARTESIAN_POINT('',(9.908307098056E-02,34.956829035965));
#3751 = CARTESIAN_POINT('',(0.147340340322,34.94842957411));
#3752 = CARTESIAN_POINT('',(0.194777498785,34.939612334984));
#3753 = CARTESIAN_POINT('',(0.241409636925,34.930534308392));
#3754 = CARTESIAN_POINT('',(0.28724441404,34.921341376704));
#3755 = CARTESIAN_POINT('',(0.391625253321,34.900070943155));
#3756 = CARTESIAN_POINT('',(0.449658908591,34.887989638496));
#3757 = CARTESIAN_POINT('',(0.506532937042,34.876187392879));
#3758 = CARTESIAN_POINT('',(0.562380850752,34.864884280481));
#3759 = CARTESIAN_POINT('',(0.617326265184,34.854258307071));
#3760 = CARTESIAN_POINT('',(0.671487623365,34.844451204668));
#3761 = CARTESIAN_POINT('',(0.791638256038,34.824513478419));
#3762 = CARTESIAN_POINT('',(0.857274795023,34.814894338725));
#3763 = CARTESIAN_POINT('',(0.922114506973,34.806934713707));
#3764 = CARTESIAN_POINT('',(0.986358035686,34.80078330323));
#3765 = CARTESIAN_POINT('',(1.050197693262,34.796534497704));
#3766 = CARTESIAN_POINT('',(1.113825747679,34.794237280736));
#3767 = CARTESIAN_POINT('',(1.279128251009,34.793355983912));
#3768 = CARTESIAN_POINT('',(1.380639923403,34.797818208502));
#3769 = CARTESIAN_POINT('',(1.482860007073,34.807287006142));
#3770 = CARTESIAN_POINT('',(1.586567455269,34.821504000728));
#3771 = CARTESIAN_POINT('',(1.692594062346,34.839935408766));
#3772 = CARTESIAN_POINT('',(1.801790627514,34.861588536762));
#3773 = CARTESIAN_POINT('',(2.020999592288,34.906479097561));
#3774 = CARTESIAN_POINT('',(2.133379411099,34.930107648904));
#3775 = CARTESIAN_POINT('',(2.250870448161,34.953954405917));
#3776 = CARTESIAN_POINT('',(2.372645148223,34.975402949978));
#3777 = CARTESIAN_POINT('',(2.498302873967,34.991497130025));
#3778 = CARTESIAN_POINT('',(2.627711664876,35.));
#3779 = CARTESIAN_POINT('',(2.88347416167,35.));
#3780 = CARTESIAN_POINT('',(3.002913987874,34.992840298807));
#3781 = CARTESIAN_POINT('',(3.119374749687,34.979142774708));
#3782 = CARTESIAN_POINT('',(3.232611933363,34.96054442062));
#3783 = CARTESIAN_POINT('',(3.342168733878,34.93934193042));
#3784 = CARTESIAN_POINT('',(3.447250937168,34.917711073525));
#3785 = CARTESIAN_POINT('',(3.668620968615,34.872079614681));
#3786 = CARTESIAN_POINT('',(3.785501586711,34.847941483853));
#3787 = CARTESIAN_POINT('',(3.898513931117,34.827017154261));
#3788 = CARTESIAN_POINT('',(4.008671593505,34.810626342859));
#3789 = CARTESIAN_POINT('',(4.116976997747,34.799459994627));
#3790 = CARTESIAN_POINT('',(4.224355021357,34.793863875705));
#3791 = CARTESIAN_POINT('',(4.431731552636,34.793863875705));
#3792 = CARTESIAN_POINT('',(4.531476433036,34.798689384474));
#3793 = CARTESIAN_POINT('',(4.631955915775,34.808323395944));
#3794 = CARTESIAN_POINT('',(4.733911710134,34.822506467696));
#3795 = CARTESIAN_POINT('',(4.838134167302,34.84071841427));
#3796 = CARTESIAN_POINT('',(4.945433889225,34.86200846917));
#3797 = CARTESIAN_POINT('',(5.162600419785,34.906480771449));
#3798 = CARTESIAN_POINT('',(5.274985632807,34.930110523104));
#3799 = CARTESIAN_POINT('',(5.392479604954,34.953957655058));
#3800 = CARTESIAN_POINT('',(5.514254340557,34.975405452624));
#3801 = CARTESIAN_POINT('',(5.639909716527,34.991498258305));
#3802 = CARTESIAN_POINT('',(5.769313138325,35.));
#3803 = CARTESIAN_POINT('',(5.958245421939,35.));
#3804 = CARTESIAN_POINT('',(6.013687930669,34.998524205497));
#3805 = CARTESIAN_POINT('',(6.068844675089,34.995584298606));
#3806 = CARTESIAN_POINT('',(6.123554655298,34.991262080033));
#3807 = CARTESIAN_POINT('',(6.177647317705,34.985705666455));
#3808 = CARTESIAN_POINT('',(6.230931735876,34.979115590434));
#3809 = CARTESIAN_POINT('',(6.28318530718,34.971720802846));
#3810 = ( GEOMETRIC_REPRESENTATION_CONTEXT(2) 
PARAMETRIC_REPRESENTATION_CONTEXT() REPRESENTATION_CONTEXT('2D SPACE',''
  ) );
#3811 = ADVANCED_FACE('',(#3812,#4028,#4451),#199,.T.);
#3812 = FACE_BOUND('',#3813,.T.);
#3813 = EDGE_LOOP('',(#3814,#3848,#3871,#3898,#3899,#3929,#3959,#3960,
    #3961,#3962));
#3814 = ORIENTED_EDGE('',*,*,#3815,.F.);
#3815 = EDGE_CURVE('',#3816,#3818,#3820,.T.);
#3816 = VERTEX_POINT('',#3817);
#3817 = CARTESIAN_POINT('',(-25.43176801364,-3.360872720483,
    -12.54260044183));
#3818 = VERTEX_POINT('',#3819);
#3819 = CARTESIAN_POINT('',(-22.31017486323,-1.010003107144,
    -11.43113956559));
#3820 = SURFACE_CURVE('',#3821,(#3826,#3837),.PCURVE_S1.);
#3821 = ELLIPSE('',#3822,29.261181693942,6.);
#3822 = AXIS2_PLACEMENT_3D('',#3823,#3824,#3825);
#3823 = CARTESIAN_POINT('',(0.,0.,0.));
#3824 = DIRECTION('',(0.454383062919,-0.192098199981,-0.86984729332));
#3825 = DIRECTION('',(-0.88880132172,-0.163244243364,-0.428233029456));
#3826 = PCURVE('',#199,#3827);
#3827 = DEFINITIONAL_REPRESENTATION('',(#3828),#3836);
#3828 = B_SPLINE_CURVE_WITH_KNOTS('',6,(#3829,#3830,#3831,#3832,#3833,
    #3834,#3835),.UNSPECIFIED.,.F.,.F.,(7,7),(0.225006057824,
    0.733731261697),.PIECEWISE_BEZIER_KNOTS.);
#3829 = CARTESIAN_POINT('',(6.28318530718,27.9175055402));
#3830 = CARTESIAN_POINT('',(6.198397773201,27.37572952862));
#3831 = CARTESIAN_POINT('',(6.113610239222,26.59311738968));
#3832 = CARTESIAN_POINT('',(6.028822705243,25.576678825707));
#3833 = CARTESIAN_POINT('',(5.944035171264,24.338621701939));
#3834 = CARTESIAN_POINT('',(5.859247637285,22.896034153822));
#3835 = CARTESIAN_POINT('',(5.774460103307,21.269956694647));
#3836 = ( GEOMETRIC_REPRESENTATION_CONTEXT(2) 
PARAMETRIC_REPRESENTATION_CONTEXT() REPRESENTATION_CONTEXT('2D SPACE',''
  ) );
#3837 = PCURVE('',#1885,#3838);
#3838 = DEFINITIONAL_REPRESENTATION('',(#3839),#3847);
#3839 = B_SPLINE_CURVE_WITH_KNOTS('',6,(#3840,#3841,#3842,#3843,#3844,
    #3845,#3846),.UNSPECIFIED.,.F.,.F.,(7,7),(0.225006057824,
    0.733731261697),.PIECEWISE_BEZIER_KNOTS.);
#3840 = CARTESIAN_POINT('',(3.52496245136,27.9175055402));
#3841 = CARTESIAN_POINT('',(3.609749985339,27.37572952862));
#3842 = CARTESIAN_POINT('',(3.694537519318,26.593117389679));
#3843 = CARTESIAN_POINT('',(3.779325053297,25.576678825707));
#3844 = CARTESIAN_POINT('',(3.864112587276,24.338621701938));
#3845 = CARTESIAN_POINT('',(3.948900121254,22.896034153822));
#3846 = CARTESIAN_POINT('',(4.033687655233,21.269956694647));
#3847 = ( GEOMETRIC_REPRESENTATION_CONTEXT(2) 
PARAMETRIC_REPRESENTATION_CONTEXT() REPRESENTATION_CONTEXT('2D SPACE',''
  ) );
#3848 = ORIENTED_EDGE('',*,*,#3849,.T.);
#3849 = EDGE_CURVE('',#3816,#3850,#3852,.T.);
#3850 = VERTEX_POINT('',#3851);
#3851 = CARTESIAN_POINT('',(-36.10517241254,-4.695048270345,
    -15.21095154156));
#3852 = SEAM_CURVE('',#3853,(#3857,#3864),.PCURVE_S1.);
#3853 = LINE('',#3854,#3855);
#3854 = CARTESIAN_POINT('',(1.455213750218,0.,-5.820855000872));
#3855 = VECTOR('',#3856,1.);
#3856 = DIRECTION('',(-0.963086824686,-0.120385853086,-0.240771706172));
#3857 = PCURVE('',#199,#3858);
#3858 = DEFINITIONAL_REPRESENTATION('',(#3859),#3863);
#3859 = LINE('',#3860,#3861);
#3860 = CARTESIAN_POINT('',(0.,-0.));
#3861 = VECTOR('',#3862,1.);
#3862 = DIRECTION('',(0.,1.));
#3863 = ( GEOMETRIC_REPRESENTATION_CONTEXT(2) 
PARAMETRIC_REPRESENTATION_CONTEXT() REPRESENTATION_CONTEXT('2D SPACE',''
  ) );
#3864 = PCURVE('',#199,#3865);
#3865 = DEFINITIONAL_REPRESENTATION('',(#3866),#3870);
#3866 = LINE('',#3867,#3868);
#3867 = CARTESIAN_POINT('',(6.28318530718,-0.));
#3868 = VECTOR('',#3869,1.);
#3869 = DIRECTION('',(0.,1.));
#3870 = ( GEOMETRIC_REPRESENTATION_CONTEXT(2) 
PARAMETRIC_REPRESENTATION_CONTEXT() REPRESENTATION_CONTEXT('2D SPACE',''
  ) );
#3871 = ORIENTED_EDGE('',*,*,#3872,.F.);
#3872 = EDGE_CURVE('',#3850,#3850,#3873,.T.);
#3873 = SURFACE_CURVE('',#3874,(#3879,#3886),.PCURVE_S1.);
#3874 = CIRCLE('',#3875,6.);
#3875 = AXIS2_PLACEMENT_3D('',#3876,#3877,#3878);
#3876 = CARTESIAN_POINT('',(-37.56038616276,-4.695048270345,
    -9.39009654069));
#3877 = DIRECTION('',(-0.963086824686,-0.120385853086,-0.240771706172));
#3878 = DIRECTION('',(0.242535625036,0.,-0.970142500145));
#3879 = PCURVE('',#199,#3880);
#3880 = DEFINITIONAL_REPRESENTATION('',(#3881),#3885);
#3881 = LINE('',#3882,#3883);
#3882 = CARTESIAN_POINT('',(0.,39.));
#3883 = VECTOR('',#3884,1.);
#3884 = DIRECTION('',(1.,0.));
#3885 = ( GEOMETRIC_REPRESENTATION_CONTEXT(2) 
PARAMETRIC_REPRESENTATION_CONTEXT() REPRESENTATION_CONTEXT('2D SPACE',''
  ) );
#3886 = PCURVE('',#3887,#3892);
#3887 = PLANE('',#3888);
#3888 = AXIS2_PLACEMENT_3D('',#3889,#3890,#3891);
#3889 = CARTESIAN_POINT('',(-37.56038616276,-4.695048270345,
    -9.39009654069));
#3890 = DIRECTION('',(-0.963086824686,-0.120385853086,-0.240771706172));
#3891 = DIRECTION('',(0.242535625036,0.,-0.970142500145));
#3892 = DEFINITIONAL_REPRESENTATION('',(#3893),#3897);
#3893 = CIRCLE('',#3894,6.);
#3894 = AXIS2_PLACEMENT_2D('',#3895,#3896);
#3895 = CARTESIAN_POINT('',(0.,0.));
#3896 = DIRECTION('',(1.,0.));
#3897 = ( GEOMETRIC_REPRESENTATION_CONTEXT(2) 
PARAMETRIC_REPRESENTATION_CONTEXT() REPRESENTATION_CONTEXT('2D SPACE',''
  ) );
#3898 = ORIENTED_EDGE('',*,*,#3849,.F.);
#3899 = ORIENTED_EDGE('',*,*,#3900,.F.);
#3900 = EDGE_CURVE('',#3901,#3816,#3903,.T.);
#3901 = VERTEX_POINT('',#3902);
#3902 = CARTESIAN_POINT('',(-26.00737696467,-4.776719465552,
    -12.53060448226));
#3903 = SURFACE_CURVE('',#3904,(#3909,#3919),.PCURVE_S1.);
#3904 = ELLIPSE('',#3905,29.261181693942,6.);
#3905 = AXIS2_PLACEMENT_3D('',#3906,#3907,#3908);
#3906 = CARTESIAN_POINT('',(0.,0.,0.));
#3907 = DIRECTION('',(0.454383062919,-0.192098199981,-0.86984729332));
#3908 = DIRECTION('',(-0.88880132172,-0.163244243364,-0.428233029456));
#3909 = PCURVE('',#199,#3910);
#3910 = DEFINITIONAL_REPRESENTATION('',(#3911),#3918);
#3911 = B_SPLINE_CURVE_WITH_KNOTS('',5,(#3912,#3913,#3914,#3915,#3916,
    #3917),.UNSPECIFIED.,.F.,.F.,(6,6),(0.,0.225006057824),
  .PIECEWISE_BEZIER_KNOTS.);
#3912 = CARTESIAN_POINT('',(0.225006057824,28.639426567686));
#3913 = CARTESIAN_POINT('',(0.180004846259,28.639426567686));
#3914 = CARTESIAN_POINT('',(0.135003634694,28.566929227915));
#3915 = CARTESIAN_POINT('',(9.000242312945E-02,28.421933809943));
#3916 = CARTESIAN_POINT('',(4.500121156469E-02,28.205054614618));
#3917 = CARTESIAN_POINT('',(-6.128431095931E-14,27.9175055402));
#3918 = ( GEOMETRIC_REPRESENTATION_CONTEXT(2) 
PARAMETRIC_REPRESENTATION_CONTEXT() REPRESENTATION_CONTEXT('2D SPACE',''
  ) );
#3919 = PCURVE('',#1885,#3920);
#3920 = DEFINITIONAL_REPRESENTATION('',(#3921),#3928);
#3921 = B_SPLINE_CURVE_WITH_KNOTS('',5,(#3922,#3923,#3924,#3925,#3926,
    #3927),.UNSPECIFIED.,.F.,.F.,(6,6),(0.,0.225006057824),
  .PIECEWISE_BEZIER_KNOTS.);
#3922 = CARTESIAN_POINT('',(3.299956393537,28.639426567686));
#3923 = CARTESIAN_POINT('',(3.344957605101,28.639426567686));
#3924 = CARTESIAN_POINT('',(3.389958816666,28.566929227915));
#3925 = CARTESIAN_POINT('',(3.434960028231,28.421933809943));
#3926 = CARTESIAN_POINT('',(3.479961239796,28.205054614618));
#3927 = CARTESIAN_POINT('',(3.52496245136,27.9175055402));
#3928 = ( GEOMETRIC_REPRESENTATION_CONTEXT(2) 
PARAMETRIC_REPRESENTATION_CONTEXT() REPRESENTATION_CONTEXT('2D SPACE',''
  ) );
#3929 = ORIENTED_EDGE('',*,*,#3930,.F.);
#3930 = EDGE_CURVE('',#1586,#3901,#3931,.T.);
#3931 = SURFACE_CURVE('',#3932,(#3937,#3948),.PCURVE_S1.);
#3932 = ELLIPSE('',#3933,29.261181693942,6.);
#3933 = AXIS2_PLACEMENT_3D('',#3934,#3935,#3936);
#3934 = CARTESIAN_POINT('',(0.,0.,0.));
#3935 = DIRECTION('',(0.454383062919,-0.192098199981,-0.86984729332));
#3936 = DIRECTION('',(-0.88880132172,-0.163244243364,-0.428233029456));
#3937 = PCURVE('',#199,#3938);
#3938 = DEFINITIONAL_REPRESENTATION('',(#3939),#3947);
#3939 = B_SPLINE_CURVE_WITH_KNOTS('',6,(#3940,#3941,#3942,#3943,#3944,
    #3945,#3946),.UNSPECIFIED.,.F.,.F.,(7,7),(5.549454045483,
    6.28318530718),.PIECEWISE_BEZIER_KNOTS.);
#3940 = CARTESIAN_POINT('',(0.95873731952,21.269956694647));
#3941 = CARTESIAN_POINT('',(0.836448775904,23.615238305729));
#3942 = CARTESIAN_POINT('',(0.714160232288,25.578820883689));
#3943 = CARTESIAN_POINT('',(0.591871688672,27.09758497663));
#3944 = CARTESIAN_POINT('',(0.469583145056,28.125482245544));
#3945 = CARTESIAN_POINT('',(0.34729460144,28.639426567686));
#3946 = CARTESIAN_POINT('',(0.225006057824,28.639426567686));
#3947 = ( GEOMETRIC_REPRESENTATION_CONTEXT(2) 
PARAMETRIC_REPRESENTATION_CONTEXT() REPRESENTATION_CONTEXT('2D SPACE',''
  ) );
#3948 = PCURVE('',#1885,#3949);
#3949 = DEFINITIONAL_REPRESENTATION('',(#3950),#3958);
#3950 = B_SPLINE_CURVE_WITH_KNOTS('',6,(#3951,#3952,#3953,#3954,#3955,
    #3956,#3957),.UNSPECIFIED.,.F.,.F.,(7,7),(5.549454045483,
    6.28318530718),.PIECEWISE_BEZIER_KNOTS.);
#3951 = CARTESIAN_POINT('',(2.56622513184,21.269956694647));
#3952 = CARTESIAN_POINT('',(2.688513675456,23.615238305729));
#3953 = CARTESIAN_POINT('',(2.810802219072,25.578820883689));
#3954 = CARTESIAN_POINT('',(2.933090762688,27.097584976631));
#3955 = CARTESIAN_POINT('',(3.055379306304,28.125482245544));
#3956 = CARTESIAN_POINT('',(3.177667849921,28.639426567686));
#3957 = CARTESIAN_POINT('',(3.299956393537,28.639426567686));
#3958 = ( GEOMETRIC_REPRESENTATION_CONTEXT(2) 
PARAMETRIC_REPRESENTATION_CONTEXT() REPRESENTATION_CONTEXT('2D SPACE',''
  ) );
#3959 = ORIENTED_EDGE('',*,*,#1585,.T.);
#3960 = ORIENTED_EDGE('',*,*,#127,.T.);
#3961 = ORIENTED_EDGE('',*,*,#3314,.T.);
#3962 = ORIENTED_EDGE('',*,*,#3963,.T.);
#3963 = EDGE_CURVE('',#3287,#3818,#3964,.T.);
#3964 = SURFACE_CURVE('',#3965,(#3984,#4006),.PCURVE_S1.);
#3965 = B_SPLINE_CURVE_WITH_KNOTS('',5,(#3966,#3967,#3968,#3969,#3970,
    #3971,#3972,#3973,#3974,#3975,#3976,#3977,#3978,#3979,#3980,#3981,
    #3982,#3983),.UNSPECIFIED.,.F.,.F.,(6,4,4,4,6),(0.,0.408413259846,
    0.56447135246,0.845484695368,1.),.UNSPECIFIED.);
#3966 = CARTESIAN_POINT('',(-22.15027135362,0.,-10.9480687252));
#3967 = CARTESIAN_POINT('',(-22.19587722517,-0.189808295784,
    -11.06208340407));
#3968 = CARTESIAN_POINT('',(-22.23653241058,-0.390491928064,
    -11.17107104365));
#3969 = CARTESIAN_POINT('',(-22.2710034173,-0.602888269568,
    -11.27362778593));
#3970 = CARTESIAN_POINT('',(-22.29762183797,-0.827656378697,
    -11.36774559657));
#3971 = CARTESIAN_POINT('',(-22.32064112071,-1.155908294879,
    -11.48246968547));
#3972 = CARTESIAN_POINT('',(-22.32554808152,-1.248482772159,
    -11.51255235557));
#3973 = CARTESIAN_POINT('',(-22.32887415214,-1.342781129134,
    -11.54081289401));
#3974 = CARTESIAN_POINT('',(-22.33050393908,-1.438702500735,
    -11.56707526319));
#3975 = CARTESIAN_POINT('',(-22.33001796019,-1.711608590539,
    -11.63457044323));
#3976 = CARTESIAN_POINT('',(-22.32385802419,-1.892371758004,
    -11.6710438484));
#3977 = CARTESIAN_POINT('',(-22.31117814192,-2.07657496316,
    -11.69924962758));
#3978 = CARTESIAN_POINT('',(-22.29173729469,-2.262413163236,
    -11.71844707123));
#3979 = CARTESIAN_POINT('',(-22.25144794244,-2.550255621299,
    -11.73400479936));
#3980 = CARTESIAN_POINT('',(-22.23518946024,-2.652218508135,
    -11.73674857145));
#3981 = CARTESIAN_POINT('',(-22.21701593664,-2.753689568629,
    -11.73670214605));
#3982 = CARTESIAN_POINT('',(-22.19702486164,-2.854334943686,
    -11.73391465383));
#3983 = CARTESIAN_POINT('',(-22.17536148759,-2.953821904727,
    -11.72849881032));
#3984 = PCURVE('',#199,#3985);
#3985 = DEFINITIONAL_REPRESENTATION('',(#3986),#4005);
#3986 = B_SPLINE_CURVE_WITH_KNOTS('',5,(#3987,#3988,#3989,#3990,#3991,
    #3992,#3993,#3994,#3995,#3996,#3997,#3998,#3999,#4000,#4001,#4002,
    #4003,#4004),.UNSPECIFIED.,.F.,.F.,(6,4,4,4,6),(0.,0.408413259846,
    0.56447135246,0.845484695368,1.),.UNSPECIFIED.);
#3987 = CARTESIAN_POINT('',(5.777465795662,23.968619690153));
#3988 = CARTESIAN_POINT('',(5.811714980575,24.062843846541));
#3989 = CARTESIAN_POINT('',(5.847347105736,24.152398930168));
#3990 = CARTESIAN_POINT('',(5.884508769958,24.235859779159));
#3991 = CARTESIAN_POINT('',(5.923330307299,24.311215435806));
#3992 = CARTESIAN_POINT('',(5.979471193598,24.400524205307));
#3993 = CARTESIAN_POINT('',(5.995248788754,24.423637747845));
#3994 = CARTESIAN_POINT('',(6.011270237205,24.444997568845));
#3995 = CARTESIAN_POINT('',(6.027524460076,24.464438006755));
#3996 = CARTESIAN_POINT('',(6.073672777474,24.513074928982));
#3997 = CARTESIAN_POINT('',(6.104129636476,24.537685467895));
#3998 = CARTESIAN_POINT('',(6.135101938398,24.554440253913));
#3999 = CARTESIAN_POINT('',(6.166353562333,24.562711521601));
#4000 = CARTESIAN_POINT('',(6.2148642691,24.56230739788));
#4001 = CARTESIAN_POINT('',(6.232068784332,24.55958457969));
#4002 = CARTESIAN_POINT('',(6.249221850843,24.554286400809));
#4003 = CARTESIAN_POINT('',(6.266276700943,24.546478389949));
#4004 = CARTESIAN_POINT('',(6.28318530718,24.536287520615));
#4005 = ( GEOMETRIC_REPRESENTATION_CONTEXT(2) 
PARAMETRIC_REPRESENTATION_CONTEXT() REPRESENTATION_CONTEXT('2D SPACE',''
  ) );
#4006 = PCURVE('',#3302,#4007);
#4007 = DEFINITIONAL_REPRESENTATION('',(#4008),#4027);
#4008 = B_SPLINE_CURVE_WITH_KNOTS('',5,(#4009,#4010,#4011,#4012,#4013,
    #4014,#4015,#4016,#4017,#4018,#4019,#4020,#4021,#4022,#4023,#4024,
    #4025,#4026),.UNSPECIFIED.,.F.,.F.,(6,4,4,4,6),(0.,0.408413259846,
    0.56447135246,0.845484695368,1.),.UNSPECIFIED.);
#4009 = CARTESIAN_POINT('',(6.28318530718,18.391430881016));
#4010 = CARTESIAN_POINT('',(6.271681774102,18.514228448247));
#4011 = CARTESIAN_POINT('',(6.259519133111,18.630519887994));
#4012 = CARTESIAN_POINT('',(6.246643441455,18.738543643196));
#4013 = CARTESIAN_POINT('',(6.23300947952,18.835815669822));
#4014 = CARTESIAN_POINT('',(6.213073841274,18.950883459238));
#4015 = CARTESIAN_POINT('',(6.207449083801,18.980636916717));
#4016 = CARTESIAN_POINT('',(6.201716621796,19.008111439556));
#4017 = CARTESIAN_POINT('',(6.195881958987,19.033100724859));
#4018 = CARTESIAN_POINT('',(6.179270046999,19.095587938241));
#4019 = CARTESIAN_POINT('',(6.168253580585,19.127164901984));
#4020 = CARTESIAN_POINT('',(6.157010173517,19.14864412045));
#4021 = CARTESIAN_POINT('',(6.145645490632,19.159248350004));
#4022 = CARTESIAN_POINT('',(6.128005244569,19.158730248145));
#4023 = CARTESIAN_POINT('',(6.121749171986,19.155239527882));
#4024 = CARTESIAN_POINT('',(6.115515381005,19.148446945755));
#4025 = CARTESIAN_POINT('',(6.109324052237,19.138434325343));
#4026 = CARTESIAN_POINT('',(6.103195536486,19.125360265739));
#4027 = ( GEOMETRIC_REPRESENTATION_CONTEXT(2) 
PARAMETRIC_REPRESENTATION_CONTEXT() REPRESENTATION_CONTEXT('2D SPACE',''
  ) );
#4028 = FACE_BOUND('',#4029,.T.);
#4029 = EDGE_LOOP('',(#4030));
#4030 = ORIENTED_EDGE('',*,*,#4031,.T.);
#4031 = EDGE_CURVE('',#4032,#4032,#4034,.T.);
#4032 = VERTEX_POINT('',#4033);
#4033 = CARTESIAN_POINT('',(-27.10314884889,-9.390610382349,
    -7.704694597489));
#4034 = SURFACE_CURVE('',#4035,(#4170,#4308),.PCURVE_S1.);
#4035 = B_SPLINE_CURVE_WITH_KNOTS('',7,(#4036,#4037,#4038,#4039,#4040,
    #4041,#4042,#4043,#4044,#4045,#4046,#4047,#4048,#4049,#4050,#4051,
    #4052,#4053,#4054,#4055,#4056,#4057,#4058,#4059,#4060,#4061,#4062,
    #4063,#4064,#4065,#4066,#4067,#4068,#4069,#4070,#4071,#4072,#4073,
    #4074,#4075,#4076,#4077,#4078,#4079,#4080,#4081,#4082,#4083,#4084,
    #4085,#4086,#4087,#4088,#4089,#4090,#4091,#4092,#4093,#4094,#4095,
    #4096,#4097,#4098,#4099,#4100,#4101,#4102,#4103,#4104,#4105,#4106,
    #4107,#4108,#4109,#4110,#4111,#4112,#4113,#4114,#4115,#4116,#4117,
    #4118,#4119,#4120,#4121,#4122,#4123,#4124,#4125,#4126,#4127,#4128,
    #4129,#4130,#4131,#4132,#4133,#4134,#4135,#4136,#4137,#4138,#4139,
    #4140,#4141,#4142,#4143,#4144,#4145,#4146,#4147,#4148,#4149,#4150,
    #4151,#4152,#4153,#4154,#4155,#4156,#4157,#4158,#4159,#4160,#4161,
    #4162,#4163,#4164,#4165,#4166,#4167,#4168,#4169),.UNSPECIFIED.,.T.,
  .F.,(8,6,6,6,6,6,6,6,6,6,6,6,6,6,6,6,6,6,6,6,6,6,8),(0.,
    3.743067769503E-02,6.199475383888E-02,8.033308440348E-02,
    9.3944157131E-02,0.135294393704,0.174005091453,0.217772069452,
    0.300481282966,0.359669828936,0.408543181589,0.467158243455,
    0.52704208863,0.554422545907,0.590970478016,0.634725394176,
    0.674473724484,0.718151323131,0.762307142195,0.80094510488,
    0.881250752982,0.909076455355,1.),.UNSPECIFIED.);
#4036 = CARTESIAN_POINT('',(-27.10314884889,-9.390610382344,
    -7.704694597489));
#4037 = CARTESIAN_POINT('',(-27.10487464598,-9.376804005598,
    -7.82290854907));
#4038 = CARTESIAN_POINT('',(-27.11227328357,-9.36142976824,
    -7.939437319759));
#4039 = CARTESIAN_POINT('',(-27.12503787779,-9.344693624647,
    -8.05398693243));
#4040 = CARTESIAN_POINT('',(-27.14284665945,-9.326815842029,
    -8.166284500396));
#4041 = CARTESIAN_POINT('',(-27.16536147392,-9.308025242834,
    -8.276077662758));
#4042 = CARTESIAN_POINT('',(-27.19222628105,-9.288553447137,
    -8.383134019748));
#4043 = CARTESIAN_POINT('',(-27.24330415408,-9.25555366888,
    -8.555561029724));
#4044 = CARTESIAN_POINT('',(-27.26527052816,-9.242272814148,
    -8.622665682696));
#4045 = CARTESIAN_POINT('',(-27.28887859939,-9.22884105062,
    -8.688541260024));
#4046 = CARTESIAN_POINT('',(-27.31404683484,-9.215310671883,
    -8.75317742294));
#4047 = CARTESIAN_POINT('',(-27.34069834658,-9.201731765333,
    -8.81656676088));
#4048 = CARTESIAN_POINT('',(-27.36876089168,-9.188152212173,
    -8.87870479148));
#4049 = CARTESIAN_POINT('',(-27.4201199304,-9.164513477202,
    -8.985043831946));
#4050 = CARTESIAN_POINT('',(-27.44282302572,-9.154433757381,
    -9.029802061147));
#4051 = CARTESIAN_POINT('',(-27.46624924515,-9.1443969968,
    -9.073865980689));
#4052 = CARTESIAN_POINT('',(-27.49037325023,-9.134421027308,
    -9.1172373857));
#4053 = CARTESIAN_POINT('',(-27.51517127713,-9.124523043758,
    -9.159918533929));
#4054 = CARTESIAN_POINT('',(-27.54062113661,-9.114719604003,
    -9.20191214574));
#4055 = CARTESIAN_POINT('',(-27.58606010711,-9.097832310494,
    -9.273881955149));
#4056 = CARTESIAN_POINT('',(-27.60576564976,-9.090698884068,
    -9.304165371028));
#4057 = CARTESIAN_POINT('',(-27.62581037913,-9.083632881784,
    -9.334072866111));
#4058 = CARTESIAN_POINT('',(-27.64618619312,-9.076640698004,
    -9.363605631108));
#4059 = CARTESIAN_POINT('',(-27.66688535038,-9.06972858929,
    -9.392764833084));
#4060 = CARTESIAN_POINT('',(-27.68790047037,-9.062902674399,
    -9.421551615462));
#4061 = CARTESIAN_POINT('',(-27.77400671945,-9.035711931955,
    -9.536292911522));
#4062 = CARTESIAN_POINT('',(-27.84164976018,-9.016102574975,
    -9.619204941157));
#4063 = CARTESIAN_POINT('',(-27.9119505848,-8.997511823153,
    -9.698721531172));
#4064 = CARTESIAN_POINT('',(-27.98472841579,-8.980100094753,
    -9.774858105574));
#4065 = CARTESIAN_POINT('',(-28.05982449594,-8.964017712424,
    -9.847626960688));
#4066 = CARTESIAN_POINT('',(-28.13710181546,-8.949405349128,
    -9.917037057713));
#4067 = CARTESIAN_POINT('',(-28.29072310364,-8.924214131384,
    -10.04493392523));
#4068 = CARTESIAN_POINT('',(-28.36681084168,-8.913437520253,
    -10.10383420909));
#4069 = CARTESIAN_POINT('',(-28.4445810959,-8.904177992958,
    -10.15977161896));
#4070 = CARTESIAN_POINT('',(-28.52391476741,-8.896538967656,
    -10.21272372485));
#4071 = CARTESIAN_POINT('',(-28.60470080486,-8.890613103923,
    -10.26266787973));
#4072 = CARTESIAN_POINT('',(-28.68683639353,-8.886481478275,
    -10.30958038466));
#4073 = CARTESIAN_POINT('',(-28.86451015575,-8.881647707633,
    -10.40301917242));
#4074 = CARTESIAN_POINT('',(-28.96039358454,-8.881464011661,
    -10.44869245616));
#4075 = CARTESIAN_POINT('',(-29.05769194245,-8.8837625559,
    -10.49039323901));
#4076 = CARTESIAN_POINT('',(-29.15622561759,-8.888615907268,
    -10.52806614384));
#4077 = CARTESIAN_POINT('',(-29.25582121336,-8.896067197035,
    -10.56166138604));
#4078 = CARTESIAN_POINT('',(-29.35631188755,-8.906129002357,
    -10.59113347705));
#4079 = CARTESIAN_POINT('',(-29.64883046466,-8.942693824496,
    -10.66426312133));
#4080 = CARTESIAN_POINT('',(-29.84238949098,-8.975815338431,
    -10.69712047146));
#4081 = CARTESIAN_POINT('',(-30.03727012799,-9.017979311439,
    -10.71486207949));
#4082 = CARTESIAN_POINT('',(-30.23255921007,-9.068662459675,
    -10.71729185209));
#4083 = CARTESIAN_POINT('',(-30.42732997264,-9.126982616584,
    -10.70417452988));
#4084 = CARTESIAN_POINT('',(-30.62058878584,-9.191727606015,
    -10.67527415259));
#4085 = CARTESIAN_POINT('',(-30.94762910822,-9.311286637014,
    -10.59832816977));
#4086 = CARTESIAN_POINT('',(-31.08281624951,-9.363732933316,
    -10.55803599572));
#4087 = CARTESIAN_POINT('',(-31.21659798305,-9.418306221259,
    -10.50940525572));
#4088 = CARTESIAN_POINT('',(-31.34875304492,-9.474512337676,
    -10.45222523605));
#4089 = CARTESIAN_POINT('',(-31.47899338372,-9.531797275796,
    -10.38622672331));
#4090 = CARTESIAN_POINT('',(-31.60694149882,-9.589532791677,
    -10.31109203552));
#4091 = CARTESIAN_POINT('',(-31.83546047344,-9.69445567517,
    -10.1565865947));
#4092 = CARTESIAN_POINT('',(-31.9370081035,-9.741769495502,
    -10.08017412009));
#4093 = CARTESIAN_POINT('',(-32.03644408074,-9.788529058824,
    -9.997023067058));
#4094 = CARTESIAN_POINT('',(-32.13340464122,-9.834270766169,
    -9.906921434608));
#4095 = CARTESIAN_POINT('',(-32.2274580255,-9.878480166214,
    -9.809659913961));
#4096 = CARTESIAN_POINT('',(-32.31809365918,-9.920590289095,
    -9.70504201944));
#4097 = CARTESIAN_POINT('',(-32.50859412518,-10.00722104422,
    -9.458392494371));
#4098 = CARTESIAN_POINT('',(-32.60742538013,-10.05088061568,
    -9.312117489631));
#4099 = CARTESIAN_POINT('',(-32.69893023493,-10.08929336007,
    -9.154909758917));
#4100 = CARTESIAN_POINT('',(-32.78124215112,-10.12100183299,
    -8.987935519967));
#4101 = CARTESIAN_POINT('',(-32.85285475549,-10.14487626891,
    -8.812624743504));
#4102 = CARTESIAN_POINT('',(-32.91260351929,-10.16018680386,
    -8.63061337585));
#4103 = CARTESIAN_POINT('',(-33.00776999321,-10.1732088892,
    -8.25271985911));
#4104 = CARTESIAN_POINT('',(-33.04197596897,-10.17044239927,
    -8.059231799952));
#4105 = CARTESIAN_POINT('',(-33.06208903338,-10.15846057776,
    -7.865356368574));
#4106 = CARTESIAN_POINT('',(-33.06833098441,-10.13787491999,
    -7.673296392344));
#4107 = CARTESIAN_POINT('',(-33.06136637216,-10.10975702656,
    -7.485263014436));
#4108 = CARTESIAN_POINT('',(-33.04235194193,-10.07556229494,
    -7.303421200123));
#4109 = CARTESIAN_POINT('',(-32.99960974327,-10.01936361556,
    -7.050480570389));
#4110 = CARTESIAN_POINT('',(-32.98399118335,-10.00074993245,
    -6.972544099272));
#4111 = CARTESIAN_POINT('',(-32.96626996957,-9.981265339311,
    -6.896072470098));
#4112 = CARTESIAN_POINT('',(-32.94654615827,-9.96101583232,
    -6.821097458664));
#4113 = CARTESIAN_POINT('',(-32.9249151206,-9.940103430054,
    -6.747645322385));
#4114 = CARTESIAN_POINT('',(-32.90146771414,-9.918625811244,
    -6.675736979533));
#4115 = CARTESIAN_POINT('',(-32.84268339065,-9.867376882155,
    -6.511485343332));
#4116 = CARTESIAN_POINT('',(-32.80598758019,-9.837230570475,
    -6.420342437694));
#4117 = CARTESIAN_POINT('',(-32.76638977586,-9.806443546931,
    -6.331954498124));
#4118 = CARTESIAN_POINT('',(-32.72405610023,-9.775206285978,
    -6.246310028084));
#4119 = CARTESIAN_POINT('',(-32.67913197515,-9.743693806379,
    -6.16339134242));
#4120 = CARTESIAN_POINT('',(-32.63174205132,-9.712066270468,
    -6.083174901855));
#4121 = CARTESIAN_POINT('',(-32.52242751189,-9.642642261517,
    -5.912797432291));
#4122 = CARTESIAN_POINT('',(-32.45947298901,-9.604855032178,
    -5.823784360258));
#4123 = CARTESIAN_POINT('',(-32.39331643761,-9.567367713143,
    -5.738568582654));
#4124 = CARTESIAN_POINT('',(-32.32412307742,-9.530419994316,
    -5.657129654833));
#4125 = CARTESIAN_POINT('',(-32.25203368177,-9.494232224988,
    -5.579450793558));
#4126 = CARTESIAN_POINT('',(-32.17716477993,-9.459006201041,
    -5.505519134331));
#4127 = CARTESIAN_POINT('',(-32.02915464278,-9.39396639133,
    -5.371560346331));
#4128 = CARTESIAN_POINT('',(-31.95648495924,-9.363953294072,
    -5.310881942485));
#4129 = CARTESIAN_POINT('',(-31.8817026139,-9.335039529522,
    -5.253315295319));
#4130 = CARTESIAN_POINT('',(-31.80490463536,-9.307365271338,
    -5.198884253887));
#4131 = CARTESIAN_POINT('',(-31.72618230128,-9.281057047854,
    -5.147612937353));
#4132 = CARTESIAN_POINT('',(-31.64562116385,-9.256226792239,
    -5.099526674183));
#4133 = CARTESIAN_POINT('',(-31.47284334381,-9.207416062014,
    -5.005343275301));
#4134 = CARTESIAN_POINT('',(-31.38026681276,-9.183763576979,
    -4.959915500617));
#4135 = CARTESIAN_POINT('',(-31.28572480347,-9.162154912514,
    -4.918431205954));
#4136 = CARTESIAN_POINT('',(-31.18937192708,-9.142703047181,
    -4.880945181714));
#4137 = CARTESIAN_POINT('',(-31.09136402557,-9.125491318866,
    -4.847506686962));
#4138 = CARTESIAN_POINT('',(-30.99185811277,-9.11057228051,
    -4.818160716343));
#4139 = CARTESIAN_POINT('',(-30.78906237042,-9.085222812717,
    -4.767461780757));
#4140 = CARTESIAN_POINT('',(-30.68577619491,-9.074847455602,
    -4.746208136292));
#4141 = CARTESIAN_POINT('',(-30.5813182131,-9.066860099665,
    -4.729226772685));
#4142 = CARTESIAN_POINT('',(-30.47586103672,-9.061247921513,
    -4.716554851865));
#4143 = CARTESIAN_POINT('',(-30.36958576259,-9.05796690598,
    -4.708226968707));
#4144 = CARTESIAN_POINT('',(-30.26268227016,-9.056943092935,
    -4.704273861124));
#4145 = CARTESIAN_POINT('',(-30.06142942157,-9.059063255317,
    -4.705112488225));
#4146 = CARTESIAN_POINT('',(-29.96718373457,-9.0617024481,
    -4.708873123622));
#4147 = CARTESIAN_POINT('',(-29.87270781498,-9.065923286197,
    -4.716020091759));
#4148 = CARTESIAN_POINT('',(-29.77810370567,-9.071645268269,
    -4.72657527509));
#4149 = CARTESIAN_POINT('',(-29.68348033973,-9.078776362667,
    -4.740564613002));
#4150 = CARTESIAN_POINT('',(-29.58895374466,-9.087213862238,
    -4.758017341707));
#4151 = CARTESIAN_POINT('',(-29.29863938494,-9.116863219127,
    -4.822503608335));
#4152 = CARTESIAN_POINT('',(-29.10376384707,-9.142020464999,
    -4.881100519664));
#4153 = CARTESIAN_POINT('',(-28.9106443466,-9.171337047813,
    -4.955097431011));
#4154 = CARTESIAN_POINT('',(-28.72010206172,-9.203739003688,
    -5.045100528287));
#4155 = CARTESIAN_POINT('',(-28.53327981392,-9.23800131154,
    -5.151922559227));
#4156 = CARTESIAN_POINT('',(-28.35177340181,-9.272698652506,
    -5.276516695417));
#4157 = CARTESIAN_POINT('',(-28.11747838604,-9.317759591649,
    -5.469585204738));
#4158 = CARTESIAN_POINT('',(-28.05806772494,-9.32921115823,
    -5.521540462266));
#4159 = CARTESIAN_POINT('',(-27.99964445661,-9.340446508441,
    -5.575801760047));
#4160 = CARTESIAN_POINT('',(-27.94232266074,-9.351390002929,
    -5.632400340246));
#4161 = CARTESIAN_POINT('',(-27.88622430188,-9.361962925501,
    -5.6913650075));
#4162 = CARTESIAN_POINT('',(-27.83147938447,-9.372083903309,
    -5.752722019172));
#4163 = CARTESIAN_POINT('',(-27.60421516648,-9.412990753949,
    -6.02488012877));
#4164 = CARTESIAN_POINT('',(-27.44153551218,-9.439420897562,
    -6.264563904239));
#4165 = CARTESIAN_POINT('',(-27.30303421867,-9.456331017055,
    -6.531037513198));
#4166 = CARTESIAN_POINT('',(-27.19727639999,-9.459910300161,
    -6.817410777388));
#4167 = CARTESIAN_POINT('',(-27.12900001686,-9.448817854658,
    -7.114914277241));
#4168 = CARTESIAN_POINT('',(-27.09890445861,-9.424565504552,
    -7.413961608918));
#4169 = CARTESIAN_POINT('',(-27.10314884889,-9.390610382343,
    -7.704694597489));
#4170 = PCURVE('',#199,#4171);
#4171 = DEFINITIONAL_REPRESENTATION('',(#4172),#4307);
#4172 = B_SPLINE_CURVE_WITH_KNOTS('',7,(#4173,#4174,#4175,#4176,#4177,
    #4178,#4179,#4180,#4181,#4182,#4183,#4184,#4185,#4186,#4187,#4188,
    #4189,#4190,#4191,#4192,#4193,#4194,#4195,#4196,#4197,#4198,#4199,
    #4200,#4201,#4202,#4203,#4204,#4205,#4206,#4207,#4208,#4209,#4210,
    #4211,#4212,#4213,#4214,#4215,#4216,#4217,#4218,#4219,#4220,#4221,
    #4222,#4223,#4224,#4225,#4226,#4227,#4228,#4229,#4230,#4231,#4232,
    #4233,#4234,#4235,#4236,#4237,#4238,#4239,#4240,#4241,#4242,#4243,
    #4244,#4245,#4246,#4247,#4248,#4249,#4250,#4251,#4252,#4253,#4254,
    #4255,#4256,#4257,#4258,#4259,#4260,#4261,#4262,#4263,#4264,#4265,
    #4266,#4267,#4268,#4269,#4270,#4271,#4272,#4273,#4274,#4275,#4276,
    #4277,#4278,#4279,#4280,#4281,#4282,#4283,#4284,#4285,#4286,#4287,
    #4288,#4289,#4290,#4291,#4292,#4293,#4294,#4295,#4296,#4297,#4298,
    #4299,#4300,#4301,#4302,#4303,#4304,#4305,#4306),.UNSPECIFIED.,.F.,
  .F.,(8,6,6,6,6,6,6,6,6,6,6,6,6,6,6,6,6,6,6,6,6,6,8),(0.,
    3.743067769503E-02,6.199475383888E-02,8.033308440348E-02,
    9.3944157131E-02,0.135294393704,0.174005091453,0.217772069452,
    0.300481282966,0.359669828936,0.408543181589,0.467158243455,
    0.52704208863,0.554422545907,0.590970478016,0.634725394176,
    0.674473724484,0.718151323131,0.762307142195,0.80094510488,
    0.881250752982,0.909076455355,1.),.UNSPECIFIED.);
#4173 = CARTESIAN_POINT('',(1.420030392553,29.088254669521));
#4174 = CARTESIAN_POINT('',(1.400767579648,29.116717244337));
#4175 = CARTESIAN_POINT('',(1.381946564775,29.150048764976));
#4176 = CARTESIAN_POINT('',(1.363596568278,29.187907688254));
#4177 = CARTESIAN_POINT('',(1.345745782213,29.229944936158));
#4178 = CARTESIAN_POINT('',(1.328421221404,29.275801622046));
#4179 = CARTESIAN_POINT('',(1.311648574503,29.325106776837));
#4180 = CARTESIAN_POINT('',(1.284823005248,29.411842042311));
#4181 = CARTESIAN_POINT('',(1.274433551731,29.447555642533));
#4182 = CARTESIAN_POINT('',(1.264283423002,29.484536245729));
#4183 = CARTESIAN_POINT('',(1.254372276617,29.522709134728));
#4184 = CARTESIAN_POINT('',(1.244699699184,29.562004505339));
#4185 = CARTESIAN_POINT('',(1.235265206355,29.602357466352));
#4186 = CARTESIAN_POINT('',(1.219202242414,29.674578342803));
#4187 = CARTESIAN_POINT('',(1.212468213012,29.706006454327));
#4188 = CARTESIAN_POINT('',(1.205865617696,29.737968998713));
#4189 = CARTESIAN_POINT('',(1.199393939906,29.770444151753));
#4190 = CARTESIAN_POINT('',(1.193052683458,29.803411640423));
#4191 = CARTESIAN_POINT('',(1.186841372545,29.836852742885));
#4192 = CARTESIAN_POINT('',(1.176245503684,29.895909719268));
#4193 = CARTESIAN_POINT('',(1.17180280705,29.921320493853));
#4194 = CARTESIAN_POINT('',(1.167431286958,29.94697554052));
#4195 = CARTESIAN_POINT('',(1.163130793042,29.972868112716));
#4196 = CARTESIAN_POINT('',(1.158901199443,29.998991789066));
#4197 = CARTESIAN_POINT('',(1.15474240481,30.025340473369));
#4198 = CARTESIAN_POINT('',(1.138234828802,30.132621344279));
#4199 = CARTESIAN_POINT('',(1.126466144793,30.215369647253));
#4200 = CARTESIAN_POINT('',(1.115348080679,30.299982726738));
#4201 = CARTESIAN_POINT('',(1.104882240851,30.386309504042));
#4202 = CARTESIAN_POINT('',(1.095071773091,30.474218139505));
#4203 = CARTESIAN_POINT('',(1.085921107976,30.563595773448));
#4204 = CARTESIAN_POINT('',(1.069491943753,30.739307692846));
#4205 = CARTESIAN_POINT('',(1.06213135099,30.825470961195));
#4206 = CARTESIAN_POINT('',(1.055361976001,30.912723897908));
#4207 = CARTESIAN_POINT('',(1.049191740374,31.000958849987));
#4208 = CARTESIAN_POINT('',(1.043628335762,31.090074567497));
#4209 = CARTESIAN_POINT('',(1.038679128374,31.179976085359));
#4210 = CARTESIAN_POINT('',(1.029457679113,31.373006843598));
#4211 = CARTESIAN_POINT('',(1.025358502338,31.476325630626));
#4212 = CARTESIAN_POINT('',(1.022066112145,31.580349478042));
#4213 = CARTESIAN_POINT('',(1.019590078605,31.684900806767));
#4214 = CARTESIAN_POINT('',(1.017936938352,31.789805826517));
#4215 = CARTESIAN_POINT('',(1.017110170086,31.89489441548));
#4216 = CARTESIAN_POINT('',(1.017110170086,32.1986246396));
#4217 = CARTESIAN_POINT('',(1.020062717549,32.396937269609));
#4218 = CARTESIAN_POINT('',(1.025951590671,32.593971866601));
#4219 = CARTESIAN_POINT('',(1.034736331703,32.788738763092));
#4220 = CARTESIAN_POINT('',(1.046351135899,32.980182560148));
#4221 = CARTESIAN_POINT('',(1.060705372076,33.16714356453));
#4222 = CARTESIAN_POINT('',(1.089837258596,33.477978590531));
#4223 = CARTESIAN_POINT('',(1.103344318957,33.604788121805));
#4224 = CARTESIAN_POINT('',(1.118190788119,33.728492492346));
#4225 = CARTESIAN_POINT('',(1.134368279872,33.848768381628));
#4226 = CARTESIAN_POINT('',(1.151875095341,33.965206857596));
#4227 = CARTESIAN_POINT('',(1.170715168789,34.077292233847));
#4228 = CARTESIAN_POINT('',(1.207561629752,34.272806539732));
#4229 = CARTESIAN_POINT('',(1.225155876989,34.357903677062));
#4230 = CARTESIAN_POINT('',(1.243683712326,34.439277925655));
#4231 = CARTESIAN_POINT('',(1.263149183822,34.516472094649));
#4232 = CARTESIAN_POINT('',(1.283555705137,34.588958033941));
#4233 = CARTESIAN_POINT('',(1.304905330262,34.656128452683));
#4234 = CARTESIAN_POINT('',(1.353934231132,34.790639831967));
#4235 = CARTESIAN_POINT('',(1.382214333232,34.855860023772));
#4236 = CARTESIAN_POINT('',(1.411791462765,34.910760321279));
#4237 = CARTESIAN_POINT('',(1.442406496681,34.953648422446));
#4238 = CARTESIAN_POINT('',(1.47379681076,34.983281847771));
#4239 = CARTESIAN_POINT('',(1.505698582355,34.998845079259));
#4240 = CARTESIAN_POINT('',(1.570682500538,35.001080264521));
#4241 = CARTESIAN_POINT('',(1.603326677005,34.987104092715));
#4242 = CARTESIAN_POINT('',(1.635480578814,34.958352559856));
#4243 = CARTESIAN_POINT('',(1.666855418388,34.915643270516));
#4244 = CARTESIAN_POINT('',(1.697163418274,34.860277630415));
#4245 = CARTESIAN_POINT('',(1.726120305848,34.794066157355));
#4246 = CARTESIAN_POINT('',(1.765953283476,34.685235236034));
#4247 = CARTESIAN_POINT('',(1.778159686695,34.649187485502));
#4248 = CARTESIAN_POINT('',(1.790072822325,34.611362543996));
#4249 = CARTESIAN_POINT('',(1.801691329285,34.571877185606));
#4250 = CARTESIAN_POINT('',(1.813014033544,34.530841864666));
#4251 = CARTESIAN_POINT('',(1.824040007531,34.488360880572));
#4252 = CARTESIAN_POINT('',(1.849089389251,34.386029680378));
#4253 = CARTESIAN_POINT('',(1.86288321683,34.325114606457));
#4254 = CARTESIAN_POINT('',(1.876154984357,34.261990845718));
#4255 = CARTESIAN_POINT('',(1.888908803944,34.196838550989));
#4256 = CARTESIAN_POINT('',(1.901148216717,34.129814587857));
#4257 = CARTESIAN_POINT('',(1.912876381787,34.061052619446));
#4258 = CARTESIAN_POINT('',(1.937528627327,33.906393484194));
#4259 = CARTESIAN_POINT('',(1.950233968154,33.819781935585));
#4260 = CARTESIAN_POINT('',(1.962213402785,33.731036941512));
#4261 = CARTESIAN_POINT('',(1.973465721663,33.640341555706));
#4262 = CARTESIAN_POINT('',(1.983987736765,33.547853841113));
#4263 = CARTESIAN_POINT('',(1.993774627791,33.453707221499));
#4264 = CARTESIAN_POINT('',(2.011037648466,33.271077249568));
#4265 = CARTESIAN_POINT('',(2.018643036767,33.182867239663));
#4266 = CARTESIAN_POINT('',(2.025627822618,33.093504120078));
#4267 = CARTESIAN_POINT('',(2.03198350238,33.003103954891));
#4268 = CARTESIAN_POINT('',(2.037701808429,32.911775691843));
#4269 = CARTESIAN_POINT('',(2.042774818184,32.81962129867));
#4270 = CARTESIAN_POINT('',(2.052052265525,32.62466843755));
#4271 = CARTESIAN_POINT('',(2.056120999709,32.521724052813));
#4272 = CARTESIAN_POINT('',(2.05938885285,32.418082267375));
#4273 = CARTESIAN_POINT('',(2.061846384091,32.313918778189));
#4274 = CARTESIAN_POINT('',(2.063487148549,32.209405567494));
#4275 = CARTESIAN_POINT('',(2.064307721283,32.104711013323));
#4276 = CARTESIAN_POINT('',(2.064307721283,31.894142519242));
#4277 = CARTESIAN_POINT('',(2.063469082376,31.788302641972));
#4278 = CARTESIAN_POINT('',(2.061792218,31.68265033941));
#4279 = CARTESIAN_POINT('',(2.059280706223,31.577359255424));
#4280 = CARTESIAN_POINT('',(2.055941264063,31.472606832631));
#4281 = CARTESIAN_POINT('',(2.051783721806,31.36857443849));
#4282 = CARTESIAN_POINT('',(2.042478431206,31.175207626817));
#4283 = CARTESIAN_POINT('',(2.03751948253,31.085664023466));
#4284 = CARTESIAN_POINT('',(2.031951036309,30.996904426961));
#4285 = CARTESIAN_POINT('',(2.025780382251,30.909022690915));
#4286 = CARTESIAN_POINT('',(2.019015120283,30.822118893509));
#4287 = CARTESIAN_POINT('',(2.011663066079,30.736299454072));
#4288 = CARTESIAN_POINT('',(1.987248450362,30.475797350772));
#4289 = CARTESIAN_POINT('',(1.968279353858,30.305252342616));
#4290 = CARTESIAN_POINT('',(1.94686419262,30.140607160551));
#4291 = CARTESIAN_POINT('',(1.923009225844,29.982669332826));
#4292 = CARTESIAN_POINT('',(1.896699135465,29.832587707217));
#4293 = CARTESIAN_POINT('',(1.867904795083,29.691957084864));
#4294 = CARTESIAN_POINT('',(1.825735892983,29.518220776084));
#4295 = CARTESIAN_POINT('',(1.814577967459,29.474891113738));
#4296 = CARTESIAN_POINT('',(1.803114088318,29.433041596222));
#4297 = CARTESIAN_POINT('',(1.791345123138,29.392780508497));
#4298 = CARTESIAN_POINT('',(1.779272196847,29.354222772032));
#4299 = CARTESIAN_POINT('',(1.766896627679,29.317490118291));
#4300 = CARTESIAN_POINT('',(1.712797139862,29.169067522727));
#4301 = CARTESIAN_POINT('',(1.667064652138,29.073283777973));
#4302 = CARTESIAN_POINT('',(1.618314600094,29.006090051631));
#4303 = CARTESIAN_POINT('',(1.567898982397,28.973617564329));
#4304 = CARTESIAN_POINT('',(1.517145591811,28.978156531034));
#4305 = CARTESIAN_POINT('',(1.467404962894,29.018254391822));
#4306 = CARTESIAN_POINT('',(1.420030392553,29.088254669521));
#4307 = ( GEOMETRIC_REPRESENTATION_CONTEXT(2) 
PARAMETRIC_REPRESENTATION_CONTEXT() REPRESENTATION_CONTEXT('2D SPACE',''
  ) );
#4308 = PCURVE('',#4309,#4314);
#4309 = CYLINDRICAL_SURFACE('',#4310,3.);
#4310 = AXIS2_PLACEMENT_3D('',#4311,#4312,#4313);
#4311 = CARTESIAN_POINT('',(-29.82650051324,-11.79057031245,
    -7.704694597489));
#4312 = DIRECTION('',(-0.124034734589,0.992277876714,0.));
#4313 = DIRECTION('',(0.992277876714,0.124034734589,0.));
#4314 = DEFINITIONAL_REPRESENTATION('',(#4315),#4450);
#4315 = B_SPLINE_CURVE_WITH_KNOTS('',7,(#4316,#4317,#4318,#4319,#4320,
    #4321,#4322,#4323,#4324,#4325,#4326,#4327,#4328,#4329,#4330,#4331,
    #4332,#4333,#4334,#4335,#4336,#4337,#4338,#4339,#4340,#4341,#4342,
    #4343,#4344,#4345,#4346,#4347,#4348,#4349,#4350,#4351,#4352,#4353,
    #4354,#4355,#4356,#4357,#4358,#4359,#4360,#4361,#4362,#4363,#4364,
    #4365,#4366,#4367,#4368,#4369,#4370,#4371,#4372,#4373,#4374,#4375,
    #4376,#4377,#4378,#4379,#4380,#4381,#4382,#4383,#4384,#4385,#4386,
    #4387,#4388,#4389,#4390,#4391,#4392,#4393,#4394,#4395,#4396,#4397,
    #4398,#4399,#4400,#4401,#4402,#4403,#4404,#4405,#4406,#4407,#4408,
    #4409,#4410,#4411,#4412,#4413,#4414,#4415,#4416,#4417,#4418,#4419,
    #4420,#4421,#4422,#4423,#4424,#4425,#4426,#4427,#4428,#4429,#4430,
    #4431,#4432,#4433,#4434,#4435,#4436,#4437,#4438,#4439,#4440,#4441,
    #4442,#4443,#4444,#4445,#4446,#4447,#4448,#4449),.UNSPECIFIED.,.F.,
  .F.,(8,6,6,6,6,6,6,6,6,6,6,6,6,6,6,6,6,6,6,6,6,6,8),(0.,
    3.743067769503E-02,6.199475383888E-02,8.033308440348E-02,
    9.3944157131E-02,0.135294393704,0.174005091453,0.217772069452,
    0.300481282966,0.359669828936,0.408543181589,0.467158243455,
    0.52704208863,0.554422545907,0.590970478016,0.634725394176,
    0.674473724484,0.718151323131,0.762307142195,0.80094510488,
    0.881250752982,0.909076455355,1.),.UNSPECIFIED.);
#4316 = CARTESIAN_POINT('',(0.,2.043636942767));
#4317 = CARTESIAN_POINT('',(3.94046505269E-02,2.057550763754));
#4318 = CARTESIAN_POINT('',(7.824762230762E-02,2.073723967405));
#4319 = CARTESIAN_POINT('',(0.116530673039,2.091914125491));
#4320 = CARTESIAN_POINT('',(0.154250182946,2.111862761173));
#4321 = CARTESIAN_POINT('',(0.191396706307,2.133300876081));
#4322 = CARTESIAN_POINT('',(0.227954522973,2.155954477394));
#4323 = CARTESIAN_POINT('',(0.287491376286,2.19503485772));
#4324 = CARTESIAN_POINT('',(0.310837310856,2.210937749432));
#4325 = CARTESIAN_POINT('',(0.33394901672,2.227194012076));
#4326 = CARTESIAN_POINT('',(0.356836226727,2.243741642964));
#4327 = CARTESIAN_POINT('',(0.379508383472,2.260521404709));
#4328 = CARTESIAN_POINT('',(0.401974639288,2.277476825219));
#4329 = CARTESIAN_POINT('',(0.440868957875,2.3073033237));
#4330 = CARTESIAN_POINT('',(0.45738529676,2.320121179085));
#4331 = CARTESIAN_POINT('',(0.473797368732,2.332986099472));
#4332 = CARTESIAN_POINT('',(0.490109653304,2.345877247865));
#4333 = CARTESIAN_POINT('',(0.506326613684,2.358774614651));
#4334 = CARTESIAN_POINT('',(0.522452696773,2.371659017602));
#4335 = CARTESIAN_POINT('',(0.550397269472,2.394051915994));
#4336 = CARTESIAN_POINT('',(0.562254551394,2.403574428975));
#4337 = CARTESIAN_POINT('',(0.574065973231,2.413072109405));
#4338 = CARTESIAN_POINT('',(0.585833296811,2.422537607359));
#4339 = CARTESIAN_POINT('',(0.597558251482,2.431963754396));
#4340 = CARTESIAN_POINT('',(0.609242534121,2.44134356356));
#4341 = CARTESIAN_POINT('',(0.656265981442,2.47900450149));
#4342 = CARTESIAN_POINT('',(0.691289500061,2.506852519202));
#4343 = CARTESIAN_POINT('',(0.726000632094,2.534019455069));
#4344 = CARTESIAN_POINT('',(0.760438544366,2.560323706907));
#4345 = CARTESIAN_POINT('',(0.794640940133,2.585596421467));
#4346 = CARTESIAN_POINT('',(0.828645695781,2.609681018108));
#4347 = CARTESIAN_POINT('',(0.894178732516,2.653732081869));
#4348 = CARTESIAN_POINT('',(0.925726084633,2.673862997074));
#4349 = CARTESIAN_POINT('',(0.957153195668,2.692697234));
#4350 = CARTESIAN_POINT('',(0.988478437416,2.710117400695));
#4351 = CARTESIAN_POINT('',(1.019720354608,2.726017778892));
#4352 = CARTESIAN_POINT('',(1.050898107842,2.740305165558));
#4353 = CARTESIAN_POINT('',(1.117232333925,2.767139327168));
#4354 = CARTESIAN_POINT('',(1.152375044884,2.779214480258));
#4355 = CARTESIAN_POINT('',(1.187471097287,2.789002061661));
#4356 = CARTESIAN_POINT('',(1.222532162105,2.796407786714));
#4357 = CARTESIAN_POINT('',(1.257570722467,2.801367350013));
#4358 = CARTESIAN_POINT('',(1.292600262731,2.803847577293));
#4359 = CARTESIAN_POINT('',(1.393843670771,2.803847577293));
#4360 = CARTESIAN_POINT('',(1.45994782886,2.794989874229));
#4361 = CARTESIAN_POINT('',(1.52610022315,2.777323464708));
#4362 = CARTESIAN_POINT('',(1.592437784648,2.751254327456));
#4363 = CARTESIAN_POINT('',(1.65908839659,2.717542865829));
#4364 = CARTESIAN_POINT('',(1.726168907144,2.677268650791));
#4365 = CARTESIAN_POINT('',(1.842155147573,2.599197228955));
#4366 = CARTESIAN_POINT('',(1.890847102568,2.563923830609));
#4367 = CARTESIAN_POINT('',(1.939971547906,2.526365546137));
#4368 = CARTESIAN_POINT('',(1.989647754983,2.486985278304));
#4369 = CARTESIAN_POINT('',(2.039996508209,2.446297027394));
#4370 = CARTESIAN_POINT('',(2.091143187262,2.404877362782));
#4371 = CARTESIAN_POINT('',(2.186222580546,2.329108997096));
#4372 = CARTESIAN_POINT('',(2.229897185134,2.294755973261));
#4373 = CARTESIAN_POINT('',(2.274312425051,2.260691008097));
#4374 = CARTESIAN_POINT('',(2.319536860213,2.22732900124));
#4375 = CARTESIAN_POINT('',(2.365642184684,2.19512687819));
#4376 = CARTESIAN_POINT('',(2.412705562867,2.164583901636));
#4377 = CARTESIAN_POINT('',(2.518507204981,2.102250794615));
#4378 = CARTESIAN_POINT('',(2.578107179558,2.071186876229));
#4379 = CARTESIAN_POINT('',(2.639191112823,2.044420540167));
#4380 = CARTESIAN_POINT('',(2.70143701421,2.023166460664));
#4381 = CARTESIAN_POINT('',(2.764585303915,2.008358836454));
#4382 = CARTESIAN_POINT('',(2.828410241883,2.000577453406));
#4383 = CARTESIAN_POINT('',(2.958379679947,1.999459874548));
#4384 = CARTESIAN_POINT('',(3.023647045261,2.006447730422));
#4385 = CARTESIAN_POINT('',(3.088260523624,2.020831745438));
#4386 = CARTESIAN_POINT('',(3.151968465774,2.042032656961));
#4387 = CARTESIAN_POINT('',(3.214483757506,2.069069566718));
#4388 = CARTESIAN_POINT('',(3.275450481374,2.100641792599));
#4389 = CARTESIAN_POINT('',(3.361355865915,2.151104981577));
#4390 = CARTESIAN_POINT('',(3.387990657228,2.1676376836));
#4391 = CARTESIAN_POINT('',(3.414318346749,2.184773768265));
#4392 = CARTESIAN_POINT('',(3.440349965524,2.202420468367));
#4393 = CARTESIAN_POINT('',(3.466095694373,2.220488382469));
#4394 = CARTESIAN_POINT('',(3.491565166311,2.238891855621));
#4395 = CARTESIAN_POINT('',(3.550408661162,2.282453736199));
#4396 = CARTESIAN_POINT('',(3.583580779258,2.307815699232));
#4397 = CARTESIAN_POINT('',(3.616322010779,2.333453478435));
#4398 = CARTESIAN_POINT('',(3.648667407871,2.359198675186));
#4399 = CARTESIAN_POINT('',(3.680650695074,2.384895659602));
#4400 = CARTESIAN_POINT('',(3.712305777086,2.410400967158));
#4401 = CARTESIAN_POINT('',(3.781215164817,2.465730075467));
#4402 = CARTESIAN_POINT('',(3.81834681374,2.495416959626));
#4403 = CARTESIAN_POINT('',(3.855114451178,2.524409086667));
#4404 = CARTESIAN_POINT('',(3.891565151247,2.552489110587));
#4405 = CARTESIAN_POINT('',(3.927744031088,2.579455844444));
#4406 = CARTESIAN_POINT('',(3.963696477673,2.605123504322));
#4407 = CARTESIAN_POINT('',(4.031968498165,2.651302670526));
#4408 = CARTESIAN_POINT('',(4.064318274112,2.672070438037));
#4409 = CARTESIAN_POINT('',(4.096539924558,2.691485318576));
#4410 = CARTESIAN_POINT('',(4.128653339001,2.709420255841));
#4411 = CARTESIAN_POINT('',(4.160678580287,2.725761020166));
#4412 = CARTESIAN_POINT('',(4.192636390564,2.740407154186));
#4413 = CARTESIAN_POINT('',(4.259615652558,2.767410510883));
#4414 = CARTESIAN_POINT('',(4.294625675459,2.779397643054));
#4415 = CARTESIAN_POINT('',(4.329589650627,2.789112949719));
#4416 = CARTESIAN_POINT('',(4.364519075242,2.7964635019));
#4417 = CARTESIAN_POINT('',(4.399426244986,2.801385935075));
#4418 = CARTESIAN_POINT('',(4.434324440053,2.803847577293));
#4419 = CARTESIAN_POINT('',(4.50451393808,2.803847577293));
#4420 = CARTESIAN_POINT('',(4.539793908294,2.801331741255));
#4421 = CARTESIAN_POINT('',(4.575083080201,2.796300999794));
#4422 = CARTESIAN_POINT('',(4.610395279823,2.788789487133));
#4423 = CARTESIAN_POINT('',(4.645743297679,2.778863340839));
#4424 = CARTESIAN_POINT('',(4.681139085665,2.766619501564));
#4425 = CARTESIAN_POINT('',(4.747618265234,2.739553367676));
#4426 = CARTESIAN_POINT('',(4.778686783237,2.725244816293));
#4427 = CARTESIAN_POINT('',(4.809819572201,2.709338276416));
#4428 = CARTESIAN_POINT('',(4.841035655486,2.691926284605));
#4429 = CARTESIAN_POINT('',(4.872353453859,2.673113673317));
#4430 = CARTESIAN_POINT('',(4.903791223812,2.653016748028));
#4431 = CARTESIAN_POINT('',(5.000996033625,2.587587282573));
#4432 = CARTESIAN_POINT('',(5.067162301749,2.538452968437));
#4433 = CARTESIAN_POINT('',(5.134190330401,2.485409245904));
#4434 = CARTESIAN_POINT('',(5.202401491695,2.429623640195));
#4435 = CARTESIAN_POINT('',(5.272113943311,2.372453462186));
#4436 = CARTESIAN_POINT('',(5.343658485061,2.315510958714));
#4437 = CARTESIAN_POINT('',(5.44296582738,2.241737265601));
#4438 = CARTESIAN_POINT('',(5.468794308526,2.223005143847));
#4439 = CARTESIAN_POINT('',(5.494906288893,2.204610039815));
#4440 = CARTESIAN_POINT('',(5.521312018131,2.186641158604));
#4441 = CARTESIAN_POINT('',(5.548022308711,2.169191736391));
#4442 = CARTESIAN_POINT('',(5.575048866157,2.152358642721));
#4443 = CARTESIAN_POINT('',(5.691792552982,2.083579022864));
#4444 = CARTESIAN_POINT('',(5.787056351166,2.037175048335));
#4445 = CARTESIAN_POINT('',(5.885637950893,2.003216539688));
#4446 = CARTESIAN_POINT('',(5.985936848932,1.986547253277));
#4447 = CARTESIAN_POINT('',(6.086592038763,1.989085398488));
#4448 = CARTESIAN_POINT('',(6.186274310989,2.009417574377));
#4449 = CARTESIAN_POINT('',(6.28318530718,2.043636942767));
#4450 = ( GEOMETRIC_REPRESENTATION_CONTEXT(2) 
PARAMETRIC_REPRESENTATION_CONTEXT() REPRESENTATION_CONTEXT('2D SPACE',''
  ) );
#4451 = FACE_BOUND('',#4452,.T.);
#4452 = EDGE_LOOP('',(#4453));
#4453 = ORIENTED_EDGE('',*,*,#4454,.F.);
#4454 = EDGE_CURVE('',#4455,#4455,#4457,.T.);
#4455 = VERTEX_POINT('',#4456);
#4456 = CARTESIAN_POINT('',(-28.58074067073,2.430124192395,
    -7.704694597489));
#4457 = SURFACE_CURVE('',#4458,(#4593,#4731),.PCURVE_S1.);
#4458 = B_SPLINE_CURVE_WITH_KNOTS('',7,(#4459,#4460,#4461,#4462,#4463,
    #4464,#4465,#4466,#4467,#4468,#4469,#4470,#4471,#4472,#4473,#4474,
    #4475,#4476,#4477,#4478,#4479,#4480,#4481,#4482,#4483,#4484,#4485,
    #4486,#4487,#4488,#4489,#4490,#4491,#4492,#4493,#4494,#4495,#4496,
    #4497,#4498,#4499,#4500,#4501,#4502,#4503,#4504,#4505,#4506,#4507,
    #4508,#4509,#4510,#4511,#4512,#4513,#4514,#4515,#4516,#4517,#4518,
    #4519,#4520,#4521,#4522,#4523,#4524,#4525,#4526,#4527,#4528,#4529,
    #4530,#4531,#4532,#4533,#4534,#4535,#4536,#4537,#4538,#4539,#4540,
    #4541,#4542,#4543,#4544,#4545,#4546,#4547,#4548,#4549,#4550,#4551,
    #4552,#4553,#4554,#4555,#4556,#4557,#4558,#4559,#4560,#4561,#4562,
    #4563,#4564,#4565,#4566,#4567,#4568,#4569,#4570,#4571,#4572,#4573,
    #4574,#4575,#4576,#4577,#4578,#4579,#4580,#4581,#4582,#4583,#4584,
    #4585,#4586,#4587,#4588,#4589,#4590,#4591,#4592),.UNSPECIFIED.,.T.,
  .F.,(8,6,6,6,6,6,6,6,6,6,6,6,6,6,6,6,6,6,6,6,6,6,8),(0.,
    3.743067379662E-02,6.199474878309E-02,8.033307946335E-02,
    9.394415227672E-02,0.135294389111,0.174005087104,0.217772065379,
    0.300481279414,0.359669825758,0.40854317872,0.467158240955,
    0.527042086508,0.554422543955,0.59097047629,0.63472539272,
    0.674473723273,0.71815132219,0.762307141526,0.800945104451,
    0.881250753048,0.909076455595,1.),.UNSPECIFIED.);
#4459 = CARTESIAN_POINT('',(-28.58074067073,2.430124192389,
    -7.704694597489));
#4460 = CARTESIAN_POINT('',(-28.57901487364,2.416317815644,
    -7.82290854907));
#4461 = CARTESIAN_POINT('',(-28.58240143318,2.399595428645,
    -7.939437319759));
#4462 = CARTESIAN_POINT('',(-28.59065360454,2.380232189353,
    -8.05398693243));
#4463 = CARTESIAN_POINT('',(-28.60351373874,2.358520792254,
    -8.166284500396));
#4464 = CARTESIAN_POINT('',(-28.62071041142,2.334766257166,
    -8.276077662758));
#4465 = CARTESIAN_POINT('',(-28.6419555517,2.309280718042,
    -8.383134019748));
#4466 = CARTESIAN_POINT('',(-28.68333877646,2.264723301671,
    -8.55556103362));
#4467 = CARTESIAN_POINT('',(-28.70136012762,2.246443982091,
    -8.62266568342));
#4468 = CARTESIAN_POINT('',(-28.72093551548,2.227614286993,
    -8.688541257301));
#4469 = CARTESIAN_POINT('',(-28.74199878908,2.208304969613,
    -8.753177419959));
#4470 = CARTESIAN_POINT('',(-28.7644877554,2.188583502472,-8.81656676096
    ));
#4471 = CARTESIAN_POINT('',(-28.78834417936,2.168514077372,
    -8.878704794733));
#4472 = CARTESIAN_POINT('',(-28.83230417309,2.132960464265,
    -8.985043831946));
#4473 = CARTESIAN_POINT('',(-28.85182754983,2.117602435436,
    -9.029802061147));
#4474 = CARTESIAN_POINT('',(-28.87206237528,2.102108044245,
    -9.073865980689));
#4475 = CARTESIAN_POINT('',(-28.89298848003,2.086500811025,-9.1172373857
    ));
#4476 = CARTESIAN_POINT('',(-28.91458706399,2.070803251117,
    -9.159918533929));
#4477 = CARTESIAN_POINT('',(-28.93684069647,2.055036874866,
    -9.20191214574));
#4478 = CARTESIAN_POINT('',(-28.97672467255,2.027484213035,
    -9.273881955149));
#4479 = CARTESIAN_POINT('',(-28.99406797046,2.015719681538,
    -9.304165371028));
#4480 = CARTESIAN_POINT('',(-29.01175661529,2.00393700748,
    -9.334072866111));
#4481 = CARTESIAN_POINT('',(-29.02978432822,1.992144382836,
    -9.363605631108));
#4482 = CARTESIAN_POINT('',(-29.04814514619,1.980349777217,
    -9.392764833084));
#4483 = CARTESIAN_POINT('',(-29.0668334219,1.968560937863,
    -9.421551615462));
#4484 = CARTESIAN_POINT('',(-29.14359714211,1.921011449259,
    -9.536292911522));
#4485 = CARTESIAN_POINT('',(-29.20433193986,1.885354862469,
    -9.619204941157));
#4486 = CARTESIAN_POINT('',(-29.26789347712,1.850031315412,
    -9.698721531172));
#4487 = CARTESIAN_POINT('',(-29.33414602632,1.815240789487,
    -9.774858105574));
#4488 = CARTESIAN_POINT('',(-29.40297271759,1.781168060731,
    -9.847626960688));
#4489 = CARTESIAN_POINT('',(-29.47427538401,1.747983199193,
    -9.917037057713));
#4490 = CARTESIAN_POINT('',(-29.61696894817,1.685752624907,
    -10.04493392523));
#4491 = CARTESIAN_POINT('',(-29.68806282077,1.656578312445,
    -10.10383420909));
#4492 = CARTESIAN_POINT('',(-29.76116087583,1.628460246489,
    -10.15977161896));
#4493 = CARTESIAN_POINT('',(-29.83617313583,1.60152797975,
    -10.21272372485));
#4494 = CARTESIAN_POINT('',(-29.9130147749,1.575898656452,
    -10.26266787973));
#4495 = CARTESIAN_POINT('',(-29.99160609915,1.551676166689,
    -10.30958038466));
#4496 = CARTESIAN_POINT('',(-30.16262312514,1.50325604752,
    -10.40301917242));
#4497 = CARTESIAN_POINT('',(-30.25551107712,1.479475928953,
    -10.44869245616));
#4498 = CARTESIAN_POINT('',(-30.35038143491,1.457753383729,
    -10.49039323901));
#4499 = CARTESIAN_POINT('',(-30.44707797576,1.438202958099,
    -10.52806614384));
#4500 = CARTESIAN_POINT('',(-30.5454432553,1.420909138451,
    -10.56166138604));
#4501 = CARTESIAN_POINT('',(-30.64531866082,1.40592518381,
    -10.59113347705));
#4502 = CARTESIAN_POINT('',(-30.93783723793,1.369360361672,
    -10.66426312133));
#4503 = CARTESIAN_POINT('',(-31.13359358994,1.353817453315,
    -10.69712047146));
#4504 = CARTESIAN_POINT('',(-31.33285672379,1.346713454965,
    -10.71486207949));
#4505 = CARTESIAN_POINT('',(-31.53461276291,1.34776596305,
    -10.71729185209));
#4506 = CARTESIAN_POINT('',(-31.73774630987,1.356348081269,
    -10.70417452988));
#4507 = CARTESIAN_POINT('',(-31.94099592622,1.371529517006,
    -10.67527415259));
#4508 = CARTESIAN_POINT('',(-32.28740338477,1.40690757539,
    -10.59832816977));
#4509 = CARTESIAN_POINT('',(-32.43134077926,1.424463304718,
    -10.55803599572));
#4510 = CARTESIAN_POINT('',(-32.5744395765,1.444426526314,
    -10.50940525572));
#4511 = CARTESIAN_POINT('',(-32.71636368051,1.466372746996,
    -10.45222523605));
#4512 = CARTESIAN_POINT('',(-32.85669753211,1.489835911316,
    -10.38622672331));
#4513 = CARTESIAN_POINT('',(-32.99492060142,1.514300029146,
    -10.31109203552));
#4514 = CARTESIAN_POINT('',(-33.24223539429,1.559743691702,
    -10.1565865947));
#4515 = CARTESIAN_POINT('',(-33.35230496075,1.58060536247,
    -10.08017412009));
#4516 = CARTESIAN_POINT('',(-33.46019141581,1.601449621754,
    -9.997023067058));
#4517 = CARTESIAN_POINT('',(-33.56542807162,1.621916677063,
    -9.906921434608));
#4518 = CARTESIAN_POINT('',(-33.66746981948,1.64161418559,
    -9.809659913961));
#4519 = CARTESIAN_POINT('',(-33.76568223313,1.660118302556,
    -9.70504201944));
#4520 = CARTESIAN_POINT('',(-33.9716456399,1.697191073591,
    -9.458392494371));
#4521 = CARTESIAN_POINT('',(-34.0781829046,1.715179580091,
    -9.312117489631));
#4522 = CARTESIAN_POINT('',(-34.17632767018,1.729886121933,
    -9.154909758917));
#4523 = CARTESIAN_POINT('',(-34.26391207459,1.740357554775,
    -8.987935519966));
#4524 = CARTESIAN_POINT('',(-34.33919799844,1.745869674672,
    -8.812624743504));
#4525 = CARTESIAN_POINT('',(-34.4008770858,1.746001728223,-8.63061337585
    ));
#4526 = CARTESIAN_POINT('',(-34.49632079692,1.735197540435,
    -8.25271985911));
#4527 = CARTESIAN_POINT('',(-34.52879329897,1.724096240782,
    -8.059231799952));
#4528 = CARTESIAN_POINT('',(-34.54533812842,1.707532182538,
    -7.865356368573));
#4529 = CARTESIAN_POINT('',(-34.54632078058,1.686043449368,
    -7.673296392344));
#4530 = CARTESIAN_POINT('',(-34.53264913648,1.660505087983,
    -7.485263014436));
#4531 = CARTESIAN_POINT('',(-34.50580260093,1.632042977084,
    -7.303421200123));
#4532 = CARTESIAN_POINT('',(-34.45054202577,1.588094644436,
    -7.050480570395));
#4533 = CARTESIAN_POINT('',(-34.43082220723,1.573898258631,
    -6.972544099273));
#4534 = CARTESIAN_POINT('',(-34.40885005402,1.55937533636,
    -6.896072470094));
#4535 = CARTESIAN_POINT('',(-34.3847486352,1.544603983134,
    -6.821097458659));
#4536 = CARTESIAN_POINT('',(-34.35863549967,1.529659602518,
    -6.747645322385));
#4537 = CARTESIAN_POINT('',(-34.3306227534,1.514614502801,
    -6.675736979537));
#4538 = CARTESIAN_POINT('',(-34.26103205731,1.479412451159,
    -6.511485343332));
#4539 = CARTESIAN_POINT('',(-34.21804471814,1.459226533183,
    -6.420342437694));
#4540 = CARTESIAN_POINT('',(-34.17208696354,1.439133954504,
    -6.331954498124));
#4541 = CARTESIAN_POINT('',(-34.12336669062,1.419278437122,
    -6.246310028084));
#4542 = CARTESIAN_POINT('',(-34.07206792825,1.399793818452,
    -6.16339134242));
#4543 = CARTESIAN_POINT('',(-34.01835091632,1.380804649511,
    -6.083174901855));
#4544 = CARTESIAN_POINT('',(-33.89531091436,1.340424958234,
    -5.912797432291));
#4545 = CARTESIAN_POINT('',(-33.82499198189,1.319296910815,
    -5.823784360258));
#4546 = CARTESIAN_POINT('',(-33.75164336892,1.299247737326,
    -5.738568582654));
#4547 = CARTESIAN_POINT('',(-33.6754842121,1.280469083126,
    -5.657129654833));
#4548 = CARTESIAN_POINT('',(-33.59670519309,1.263139865629,
    -5.579450793558));
#4549 = CARTESIAN_POINT('',(-33.5154689285,1.247426987486,
    -5.505519134331));
#4550 = CARTESIAN_POINT('',(-33.3560031501,1.220821667219,
    -5.371560346331));
#4551 = CARTESIAN_POINT('',(-33.2781816175,1.209619971977,
    -5.310881942485));
#4552 = CARTESIAN_POINT('',(-33.19858303305,1.200003823652,
    -5.253315295319));
#4553 = CARTESIAN_POINT('',(-33.11733594414,1.192085198898,
    -5.198884253887));
#4554 = CARTESIAN_POINT('',(-33.03455996533,1.185964264526,
    -5.147612937353));
#4555 = CARTESIAN_POINT('',(-32.95036556921,1.181728450605,
    -5.099526674183));
#4556 = CARTESIAN_POINT('',(-32.7708890408,1.176949513936,
    -5.005343275301));
#4557 = CARTESIAN_POINT('',(-32.67533886824,1.176812866854,
    -4.959915500617));
#4558 = CARTESIAN_POINT('',(-32.57838678798,1.179140963581,
    -4.918431205954));
#4559 = CARTESIAN_POINT('',(-32.48021046402,1.184005248292,
    -4.880945181714));
#4560 = CARTESIAN_POINT('',(-32.38098145712,1.191448133529,
    -4.847506686962));
#4561 = CARTESIAN_POINT('',(-32.28086488604,1.201481905658,
    -4.818160716343));
#4562 = CARTESIAN_POINT('',(-32.07806914369,1.226831373451,
    -4.767461780757));
#4563 = CARTESIAN_POINT('',(-31.97540707029,1.242199547451,
    -4.746208136292));
#4564 = CARTESIAN_POINT('',(-31.87219706184,1.260170690297,
    -4.729226772685));
#4565 = CARTESIAN_POINT('',(-31.76860326242,1.280689884118,
    -4.716554851865));
#4566 = CARTESIAN_POINT('',(-31.66479036214,1.303669890388,
    -4.708226968707));
#4567 = CARTESIAN_POINT('',(-31.56092419241,1.328992285112,
    -4.704273861124));
#4568 = CARTESIAN_POINT('',(-31.36638562529,1.380586374459,
    -4.705112488225));
#4569 = CARTESIAN_POINT('',(-31.27568945304,1.406343299647,
    -4.708873123622));
#4570 = CARTESIAN_POINT('',(-31.18515946035,1.43368987678,
    -4.716020091759));
#4571 = CARTESIAN_POINT('',(-31.09487473461,1.462522963234,
    -4.72657527509));
#4572 = CARTESIAN_POINT('',(-31.00491820316,1.492726544805,
    -4.740564613002));
#4573 = CARTESIAN_POINT('',(-30.91537704169,1.524172513943,
    -4.758017341707));
#4574 = CARTESIAN_POINT('',(-30.64129373473,1.624371579167,
    -4.822503608334));
#4575 = CARTESIAN_POINT('',(-30.45860692008,1.696724119103,
    -4.881100519664));
#4576 = CARTESIAN_POINT('',(-30.2786459477,1.772675761024,
    -4.955097431011));
#4577 = CARTESIAN_POINT('',(-30.10194236842,1.85098344992,
    -5.045100528287));
#4578 = CARTESIAN_POINT('',(-29.92930229633,1.930178547759,
    -5.151922559228));
#4579 = CARTESIAN_POINT('',(-29.76192158084,2.008486779673,
    -5.276516695417));
#4580 = CARTESIAN_POINT('',(-29.54592756595,2.10983384765,
    -5.469585204741));
#4581 = CARTESIAN_POINT('',(-29.49116377235,2.135557221068,
    -5.521540462267));
#4582 = CARTESIAN_POINT('',(-29.43730376772,2.160827980398,
    -5.575801760044));
#4583 = CARTESIAN_POINT('',(-29.38443950267,2.1855447325,-5.632400340242
    ));
#4584 = CARTESIAN_POINT('',(-29.33266981271,2.209601161176,-5.6913650075
    ));
#4585 = CARTESIAN_POINT('',(-29.28210067191,2.232886396261,
    -5.752722019176));
#4586 = CARTESIAN_POINT('',(-29.07189857915,2.32847653527,
    -6.024880126906));
#4587 = CARTESIAN_POINT('',(-28.920730328,2.394137668806,-6.264563912879
    ));
#4588 = CARTESIAN_POINT('',(-28.79065311536,2.444620098994,
    -6.531037496195));
#4589 = CARTESIAN_POINT('',(-28.6890304257,2.474121947276,
    -6.817410795048));
#4590 = CARTESIAN_POINT('',(-28.62012441299,2.480177301322,
    -7.114914267532));
#4591 = CARTESIAN_POINT('',(-28.58498506097,2.464079314331,
    -7.413961611205));
#4592 = CARTESIAN_POINT('',(-28.58074067073,2.430124192389,
    -7.704694597489));
#4593 = PCURVE('',#199,#4594);
#4594 = DEFINITIONAL_REPRESENTATION('',(#4595),#4730);
#4595 = B_SPLINE_CURVE_WITH_KNOTS('',7,(#4596,#4597,#4598,#4599,#4600,
    #4601,#4602,#4603,#4604,#4605,#4606,#4607,#4608,#4609,#4610,#4611,
    #4612,#4613,#4614,#4615,#4616,#4617,#4618,#4619,#4620,#4621,#4622,
    #4623,#4624,#4625,#4626,#4627,#4628,#4629,#4630,#4631,#4632,#4633,
    #4634,#4635,#4636,#4637,#4638,#4639,#4640,#4641,#4642,#4643,#4644,
    #4645,#4646,#4647,#4648,#4649,#4650,#4651,#4652,#4653,#4654,#4655,
    #4656,#4657,#4658,#4659,#4660,#4661,#4662,#4663,#4664,#4665,#4666,
    #4667,#4668,#4669,#4670,#4671,#4672,#4673,#4674,#4675,#4676,#4677,
    #4678,#4679,#4680,#4681,#4682,#4683,#4684,#4685,#4686,#4687,#4688,
    #4689,#4690,#4691,#4692,#4693,#4694,#4695,#4696,#4697,#4698,#4699,
    #4700,#4701,#4702,#4703,#4704,#4705,#4706,#4707,#4708,#4709,#4710,
    #4711,#4712,#4713,#4714,#4715,#4716,#4717,#4718,#4719,#4720,#4721,
    #4722,#4723,#4724,#4725,#4726,#4727,#4728,#4729),.UNSPECIFIED.,.F.,
  .F.,(8,6,6,6,6,6,6,6,6,6,6,6,6,6,6,6,6,6,6,6,6,6,8),(0.,
    3.743067379662E-02,6.199474878309E-02,8.033307946335E-02,
    9.394415227672E-02,0.135294389111,0.174005087104,0.217772065379,
    0.300481279414,0.359669825758,0.40854317872,0.467158240955,
    0.527042086508,0.554422543955,0.59097047629,0.63472539272,
    0.674473723273,0.71815132219,0.762307141526,0.800945104451,
    0.881250753048,0.909076455595,1.),.UNSPECIFIED.);
#4596 = CARTESIAN_POINT('',(4.802980152405,29.088254669521));
#4597 = CARTESIAN_POINT('',(4.822242965311,29.116717244337));
#4598 = CARTESIAN_POINT('',(4.841063980184,29.150048764976));
#4599 = CARTESIAN_POINT('',(4.859413976681,29.187907688254));
#4600 = CARTESIAN_POINT('',(4.877264762746,29.229944936158));
#4601 = CARTESIAN_POINT('',(4.894589323555,29.275801622046));
#4602 = CARTESIAN_POINT('',(4.911361970455,29.325106776837));
#4603 = CARTESIAN_POINT('',(4.938187540317,29.411842044271));
#4604 = CARTESIAN_POINT('',(4.948576993347,29.447555642635));
#4605 = CARTESIAN_POINT('',(4.958727121543,29.484536244002));
#4606 = CARTESIAN_POINT('',(4.968638267881,29.522709133101));
#4607 = CARTESIAN_POINT('',(4.97831084578,29.562004505691));
#4608 = CARTESIAN_POINT('',(4.987745339095,29.602357468562));
#4609 = CARTESIAN_POINT('',(5.003808302545,29.674578342803));
#4610 = CARTESIAN_POINT('',(5.010542331947,29.706006454327));
#4611 = CARTESIAN_POINT('',(5.017144927263,29.737968998713));
#4612 = CARTESIAN_POINT('',(5.023616605053,29.770444151753));
#4613 = CARTESIAN_POINT('',(5.029957861501,29.803411640423));
#4614 = CARTESIAN_POINT('',(5.036169172414,29.836852742885));
#4615 = CARTESIAN_POINT('',(5.046765041275,29.895909719268));
#4616 = CARTESIAN_POINT('',(5.051207737909,29.921320493853));
#4617 = CARTESIAN_POINT('',(5.055579258001,29.94697554052));
#4618 = CARTESIAN_POINT('',(5.059879751917,29.972868112716));
#4619 = CARTESIAN_POINT('',(5.064109345516,29.998991789066));
#4620 = CARTESIAN_POINT('',(5.068268140148,30.025340473369));
#4621 = CARTESIAN_POINT('',(5.084775716157,30.132621344279));
#4622 = CARTESIAN_POINT('',(5.096544400166,30.215369647253));
#4623 = CARTESIAN_POINT('',(5.107662464279,30.299982726738));
#4624 = CARTESIAN_POINT('',(5.118128304107,30.386309504042));
#4625 = CARTESIAN_POINT('',(5.127938771868,30.474218139505));
#4626 = CARTESIAN_POINT('',(5.137089436982,30.563595773448));
#4627 = CARTESIAN_POINT('',(5.153518601205,30.739307692846));
#4628 = CARTESIAN_POINT('',(5.160879193969,30.825470961195));
#4629 = CARTESIAN_POINT('',(5.167648568957,30.912723897908));
#4630 = CARTESIAN_POINT('',(5.173818804585,31.000958849987));
#4631 = CARTESIAN_POINT('',(5.179382209197,31.090074567497));
#4632 = CARTESIAN_POINT('',(5.184331416585,31.179976085359));
#4633 = CARTESIAN_POINT('',(5.193552865846,31.373006843598));
#4634 = CARTESIAN_POINT('',(5.197652042621,31.476325630626));
#4635 = CARTESIAN_POINT('',(5.200944432814,31.580349478042));
#4636 = CARTESIAN_POINT('',(5.203420466353,31.684900806767));
#4637 = CARTESIAN_POINT('',(5.205073606607,31.789805826517));
#4638 = CARTESIAN_POINT('',(5.205900374873,31.89489441548));
#4639 = CARTESIAN_POINT('',(5.205900374873,32.1986246396));
#4640 = CARTESIAN_POINT('',(5.20294782741,32.396937269609));
#4641 = CARTESIAN_POINT('',(5.197058954287,32.593971866601));
#4642 = CARTESIAN_POINT('',(5.188274213256,32.788738763092));
#4643 = CARTESIAN_POINT('',(5.176659409059,32.980182560148));
#4644 = CARTESIAN_POINT('',(5.162305172882,33.16714356453));
#4645 = CARTESIAN_POINT('',(5.133173286363,33.477978590531));
#4646 = CARTESIAN_POINT('',(5.119666226001,33.604788121804));
#4647 = CARTESIAN_POINT('',(5.104819756839,33.728492492346));
#4648 = CARTESIAN_POINT('',(5.088642265086,33.848768381628));
#4649 = CARTESIAN_POINT('',(5.071135449617,33.965206857596));
#4650 = CARTESIAN_POINT('',(5.052295376169,34.077292233847));
#4651 = CARTESIAN_POINT('',(5.015448915206,34.272806539731));
#4652 = CARTESIAN_POINT('',(4.997854667969,34.357903677062));
#4653 = CARTESIAN_POINT('',(4.979326832633,34.439277925655));
#4654 = CARTESIAN_POINT('',(4.959861361137,34.516472094649));
#4655 = CARTESIAN_POINT('',(4.939454839822,34.588958033941));
#4656 = CARTESIAN_POINT('',(4.918105214697,34.656128452683));
#4657 = CARTESIAN_POINT('',(4.869076313826,34.790639831967));
#4658 = CARTESIAN_POINT('',(4.840796211727,34.855860023772));
#4659 = CARTESIAN_POINT('',(4.811219082194,34.910760321279));
#4660 = CARTESIAN_POINT('',(4.780604048277,34.953648422446));
#4661 = CARTESIAN_POINT('',(4.749213734198,34.983281847771));
#4662 = CARTESIAN_POINT('',(4.717311962604,34.998845079259));
#4663 = CARTESIAN_POINT('',(4.652328044421,35.001080264521));
#4664 = CARTESIAN_POINT('',(4.619683867953,34.987104092715));
#4665 = CARTESIAN_POINT('',(4.587529966144,34.958352559856));
#4666 = CARTESIAN_POINT('',(4.556155126571,34.915643270516));
#4667 = CARTESIAN_POINT('',(4.525847126684,34.860277630415));
#4668 = CARTESIAN_POINT('',(4.496890239111,34.794066157355));
#4669 = CARTESIAN_POINT('',(4.457057261483,34.685235236036));
#4670 = CARTESIAN_POINT('',(4.444850858263,34.649187485503));
#4671 = CARTESIAN_POINT('',(4.432937722633,34.611362543994));
#4672 = CARTESIAN_POINT('',(4.421319215673,34.571877185604));
#4673 = CARTESIAN_POINT('',(4.409996511414,34.530841864666));
#4674 = CARTESIAN_POINT('',(4.398970537428,34.488360880575));
#4675 = CARTESIAN_POINT('',(4.373921155708,34.386029680378));
#4676 = CARTESIAN_POINT('',(4.360127328129,34.325114606457));
#4677 = CARTESIAN_POINT('',(4.346855560602,34.261990845718));
#4678 = CARTESIAN_POINT('',(4.334101741015,34.196838550989));
#4679 = CARTESIAN_POINT('',(4.321862328241,34.129814587857));
#4680 = CARTESIAN_POINT('',(4.310134163172,34.061052619446));
#4681 = CARTESIAN_POINT('',(4.285481917631,33.906393484193));
#4682 = CARTESIAN_POINT('',(4.272776576804,33.819781935585));
#4683 = CARTESIAN_POINT('',(4.260797142174,33.731036941512));
#4684 = CARTESIAN_POINT('',(4.249544823296,33.640341555706));
#4685 = CARTESIAN_POINT('',(4.239022808193,33.547853841113));
#4686 = CARTESIAN_POINT('',(4.229235917168,33.453707221499));
#4687 = CARTESIAN_POINT('',(4.211972896493,33.271077249568));
#4688 = CARTESIAN_POINT('',(4.204367508192,33.182867239663));
#4689 = CARTESIAN_POINT('',(4.197382722341,33.093504120078));
#4690 = CARTESIAN_POINT('',(4.191027042578,33.00310395489));
#4691 = CARTESIAN_POINT('',(4.185308736529,32.911775691843));
#4692 = CARTESIAN_POINT('',(4.180235726774,32.81962129867));
#4693 = CARTESIAN_POINT('',(4.170958279434,32.62466843755));
#4694 = CARTESIAN_POINT('',(4.166889545249,32.521724052812));
#4695 = CARTESIAN_POINT('',(4.163621692109,32.418082267375));
#4696 = CARTESIAN_POINT('',(4.161164160867,32.313918778189));
#4697 = CARTESIAN_POINT('',(4.15952339641,32.209405567494));
#4698 = CARTESIAN_POINT('',(4.158702823676,32.104711013323));
#4699 = CARTESIAN_POINT('',(4.158702823676,31.894142519242));
#4700 = CARTESIAN_POINT('',(4.159541462582,31.788302641972));
#4701 = CARTESIAN_POINT('',(4.161218326959,31.68265033941));
#4702 = CARTESIAN_POINT('',(4.163729838736,31.577359255424));
#4703 = CARTESIAN_POINT('',(4.167069280895,31.472606832631));
#4704 = CARTESIAN_POINT('',(4.171226823153,31.36857443849));
#4705 = CARTESIAN_POINT('',(4.180532113752,31.175207626817));
#4706 = CARTESIAN_POINT('',(4.185491062429,31.085664023466));
#4707 = CARTESIAN_POINT('',(4.19105950865,30.996904426961));
#4708 = CARTESIAN_POINT('',(4.197230162708,30.909022690915));
#4709 = CARTESIAN_POINT('',(4.203995424676,30.822118893509));
#4710 = CARTESIAN_POINT('',(4.211347478879,30.736299454072));
#4711 = CARTESIAN_POINT('',(4.235762094597,30.475797350772));
#4712 = CARTESIAN_POINT('',(4.2547311911,30.305252342616));
#4713 = CARTESIAN_POINT('',(4.276146352338,30.140607160551));
#4714 = CARTESIAN_POINT('',(4.300001319115,29.982669332826));
#4715 = CARTESIAN_POINT('',(4.326311409494,29.832587707217));
#4716 = CARTESIAN_POINT('',(4.355105749876,29.691957084865));
#4717 = CARTESIAN_POINT('',(4.397274651976,29.518220776081));
#4718 = CARTESIAN_POINT('',(4.4084325775,29.474891113738));
#4719 = CARTESIAN_POINT('',(4.41989645664,29.433041596224));
#4720 = CARTESIAN_POINT('',(4.43166542182,29.392780508499));
#4721 = CARTESIAN_POINT('',(4.443738348111,29.354222772031));
#4722 = CARTESIAN_POINT('',(4.45611391728,29.317490118289));
#4723 = CARTESIAN_POINT('',(4.510213404726,29.169067523744));
#4724 = CARTESIAN_POINT('',(4.555945894442,29.073283775259));
#4725 = CARTESIAN_POINT('',(4.60469594179,29.006090054458));
#4726 = CARTESIAN_POINT('',(4.655111565656,28.973617563549));
#4727 = CARTESIAN_POINT('',(4.705864951499,28.978156530264));
#4728 = CARTESIAN_POINT('',(4.755605582437,29.018254392373));
#4729 = CARTESIAN_POINT('',(4.802980152405,29.088254669521));
#4730 = ( GEOMETRIC_REPRESENTATION_CONTEXT(2) 
PARAMETRIC_REPRESENTATION_CONTEXT() REPRESENTATION_CONTEXT('2D SPACE',''
  ) );
#4731 = PCURVE('',#4309,#4732);
#4732 = DEFINITIONAL_REPRESENTATION('',(#4733),#4868);
#4733 = B_SPLINE_CURVE_WITH_KNOTS('',7,(#4734,#4735,#4736,#4737,#4738,
    #4739,#4740,#4741,#4742,#4743,#4744,#4745,#4746,#4747,#4748,#4749,
    #4750,#4751,#4752,#4753,#4754,#4755,#4756,#4757,#4758,#4759,#4760,
    #4761,#4762,#4763,#4764,#4765,#4766,#4767,#4768,#4769,#4770,#4771,
    #4772,#4773,#4774,#4775,#4776,#4777,#4778,#4779,#4780,#4781,#4782,
    #4783,#4784,#4785,#4786,#4787,#4788,#4789,#4790,#4791,#4792,#4793,
    #4794,#4795,#4796,#4797,#4798,#4799,#4800,#4801,#4802,#4803,#4804,
    #4805,#4806,#4807,#4808,#4809,#4810,#4811,#4812,#4813,#4814,#4815,
    #4816,#4817,#4818,#4819,#4820,#4821,#4822,#4823,#4824,#4825,#4826,
    #4827,#4828,#4829,#4830,#4831,#4832,#4833,#4834,#4835,#4836,#4837,
    #4838,#4839,#4840,#4841,#4842,#4843,#4844,#4845,#4846,#4847,#4848,
    #4849,#4850,#4851,#4852,#4853,#4854,#4855,#4856,#4857,#4858,#4859,
    #4860,#4861,#4862,#4863,#4864,#4865,#4866,#4867),.UNSPECIFIED.,.F.,
  .F.,(8,6,6,6,6,6,6,6,6,6,6,6,6,6,6,6,6,6,6,6,6,6,8),(0.,
    3.743067379662E-02,6.199474878309E-02,8.033307946335E-02,
    9.394415227672E-02,0.135294389111,0.174005087104,0.217772065379,
    0.300481279414,0.359669825758,0.40854317872,0.467158240955,
    0.527042086508,0.554422543955,0.59097047629,0.63472539272,
    0.674473723273,0.71815132219,0.762307141526,0.800945104451,
    0.881250753048,0.909076455595,1.),.UNSPECIFIED.);
#4734 = CARTESIAN_POINT('',(0.,13.956363057233));
#4735 = CARTESIAN_POINT('',(3.940465052689E-02,13.942449236246));
#4736 = CARTESIAN_POINT('',(7.824762230761E-02,13.926276032595));
#4737 = CARTESIAN_POINT('',(0.116530673039,13.908085874509));
#4738 = CARTESIAN_POINT('',(0.154250182946,13.888137238827));
#4739 = CARTESIAN_POINT('',(0.191396706307,13.866699123919));
#4740 = CARTESIAN_POINT('',(0.227954522973,13.844045522606));
#4741 = CARTESIAN_POINT('',(0.287491377631,13.804965141397));
#4742 = CARTESIAN_POINT('',(0.310837311076,13.789062250484));
#4743 = CARTESIAN_POINT('',(0.333949015739,13.772805988652));
#4744 = CARTESIAN_POINT('',(0.356836225684,13.756258357752));
#4745 = CARTESIAN_POINT('',(0.379508383536,13.739478595179));
#4746 = CARTESIAN_POINT('',(0.401974640478,13.722523173869));
#4747 = CARTESIAN_POINT('',(0.440868957875,13.6926966763));
#4748 = CARTESIAN_POINT('',(0.45738529676,13.679878820915));
#4749 = CARTESIAN_POINT('',(0.473797368732,13.667013900528));
#4750 = CARTESIAN_POINT('',(0.490109653304,13.654122752135));
#4751 = CARTESIAN_POINT('',(0.506326613684,13.641225385349));
#4752 = CARTESIAN_POINT('',(0.522452696773,13.628340982398));
#4753 = CARTESIAN_POINT('',(0.550397269472,13.605948084006));
#4754 = CARTESIAN_POINT('',(0.562254551394,13.596425571025));
#4755 = CARTESIAN_POINT('',(0.574065973231,13.586927890595));
#4756 = CARTESIAN_POINT('',(0.585833296811,13.577462392641));
#4757 = CARTESIAN_POINT('',(0.597558251482,13.568036245604));
#4758 = CARTESIAN_POINT('',(0.609242534121,13.558656436439));
#4759 = CARTESIAN_POINT('',(0.656265981442,13.52099549851));
#4760 = CARTESIAN_POINT('',(0.691289500061,13.493147480798));
#4761 = CARTESIAN_POINT('',(0.726000632094,13.465980544931));
#4762 = CARTESIAN_POINT('',(0.760438544366,13.439676293093));
#4763 = CARTESIAN_POINT('',(0.794640940133,13.414403578533));
#4764 = CARTESIAN_POINT('',(0.828645695781,13.390318981892));
#4765 = CARTESIAN_POINT('',(0.894178732516,13.346267918131));
#4766 = CARTESIAN_POINT('',(0.925726084633,13.326137002926));
#4767 = CARTESIAN_POINT('',(0.957153195668,13.307302766));
#4768 = CARTESIAN_POINT('',(0.988478437416,13.289882599305));
#4769 = CARTESIAN_POINT('',(1.019720354608,13.273982221108));
#4770 = CARTESIAN_POINT('',(1.050898107842,13.259694834442));
#4771 = CARTESIAN_POINT('',(1.117232333925,13.232860672832));
#4772 = CARTESIAN_POINT('',(1.152375044884,13.220785519742));
#4773 = CARTESIAN_POINT('',(1.187471097287,13.210997938339));
#4774 = CARTESIAN_POINT('',(1.222532162105,13.203592213286));
#4775 = CARTESIAN_POINT('',(1.257570722467,13.198632649986));
#4776 = CARTESIAN_POINT('',(1.292600262731,13.196152422707));
#4777 = CARTESIAN_POINT('',(1.393843670771,13.196152422707));
#4778 = CARTESIAN_POINT('',(1.45994782886,13.205010125771));
#4779 = CARTESIAN_POINT('',(1.52610022315,13.222676535292));
#4780 = CARTESIAN_POINT('',(1.592437784648,13.248745672544));
#4781 = CARTESIAN_POINT('',(1.65908839659,13.282457134171));
#4782 = CARTESIAN_POINT('',(1.726168907144,13.322731349209));
#4783 = CARTESIAN_POINT('',(1.842155147573,13.400802771045));
#4784 = CARTESIAN_POINT('',(1.890847102568,13.436076169391));
#4785 = CARTESIAN_POINT('',(1.939971547906,13.473634453863));
#4786 = CARTESIAN_POINT('',(1.989647754983,13.513014721696));
#4787 = CARTESIAN_POINT('',(2.039996508209,13.553702972606));
#4788 = CARTESIAN_POINT('',(2.091143187262,13.595122637218));
#4789 = CARTESIAN_POINT('',(2.186222580546,13.670891002904));
#4790 = CARTESIAN_POINT('',(2.229897185134,13.705244026739));
#4791 = CARTESIAN_POINT('',(2.274312425051,13.739308991903));
#4792 = CARTESIAN_POINT('',(2.319536860213,13.77267099876));
#4793 = CARTESIAN_POINT('',(2.365642184684,13.80487312181));
#4794 = CARTESIAN_POINT('',(2.412705562867,13.835416098364));
#4795 = CARTESIAN_POINT('',(2.518507204981,13.897749205385));
#4796 = CARTESIAN_POINT('',(2.578107179558,13.928813123771));
#4797 = CARTESIAN_POINT('',(2.639191112823,13.955579459833));
#4798 = CARTESIAN_POINT('',(2.70143701421,13.976833539336));
#4799 = CARTESIAN_POINT('',(2.764585303915,13.991641163546));
#4800 = CARTESIAN_POINT('',(2.828410241883,13.999422546594));
#4801 = CARTESIAN_POINT('',(2.958379679947,14.000540125452));
#4802 = CARTESIAN_POINT('',(3.023647045261,13.993552269578));
#4803 = CARTESIAN_POINT('',(3.088260523624,13.979168254562));
#4804 = CARTESIAN_POINT('',(3.151968465774,13.957967343039));
#4805 = CARTESIAN_POINT('',(3.214483757506,13.930930433282));
#4806 = CARTESIAN_POINT('',(3.275450481374,13.899358207401));
#4807 = CARTESIAN_POINT('',(3.361355865913,13.848895018424));
#4808 = CARTESIAN_POINT('',(3.387990657228,13.832362316401));
#4809 = CARTESIAN_POINT('',(3.41431834675,13.815226231734));
#4810 = CARTESIAN_POINT('',(3.440349965525,13.797579531632));
#4811 = CARTESIAN_POINT('',(3.466095694373,13.779511617531));
#4812 = CARTESIAN_POINT('',(3.491565166309,13.76110814438));
#4813 = CARTESIAN_POINT('',(3.550408661162,13.717546263801));
#4814 = CARTESIAN_POINT('',(3.583580779258,13.692184300768));
#4815 = CARTESIAN_POINT('',(3.616322010779,13.666546521565));
#4816 = CARTESIAN_POINT('',(3.648667407871,13.640801324814));
#4817 = CARTESIAN_POINT('',(3.680650695074,13.615104340398));
#4818 = CARTESIAN_POINT('',(3.712305777086,13.589599032842));
#4819 = CARTESIAN_POINT('',(3.781215164817,13.534269924533));
#4820 = CARTESIAN_POINT('',(3.81834681374,13.504583040374));
#4821 = CARTESIAN_POINT('',(3.855114451178,13.475590913333));
#4822 = CARTESIAN_POINT('',(3.891565151247,13.447510889413));
#4823 = CARTESIAN_POINT('',(3.927744031088,13.420544155556));
#4824 = CARTESIAN_POINT('',(3.963696477673,13.394876495678));
#4825 = CARTESIAN_POINT('',(4.031968498165,13.348697329474));
#4826 = CARTESIAN_POINT('',(4.064318274112,13.327929561963));
#4827 = CARTESIAN_POINT('',(4.096539924558,13.308514681424));
#4828 = CARTESIAN_POINT('',(4.128653339001,13.290579744159));
#4829 = CARTESIAN_POINT('',(4.160678580287,13.274238979834));
#4830 = CARTESIAN_POINT('',(4.192636390564,13.259592845814));
#4831 = CARTESIAN_POINT('',(4.259615652558,13.232589489117));
#4832 = CARTESIAN_POINT('',(4.294625675459,13.220602356946));
#4833 = CARTESIAN_POINT('',(4.329589650627,13.210887050281));
#4834 = CARTESIAN_POINT('',(4.364519075242,13.2035364981));
#4835 = CARTESIAN_POINT('',(4.399426244986,13.198614064925));
#4836 = CARTESIAN_POINT('',(4.434324440053,13.196152422707));
#4837 = CARTESIAN_POINT('',(4.50451393808,13.196152422707));
#4838 = CARTESIAN_POINT('',(4.539793908294,13.198668258745));
#4839 = CARTESIAN_POINT('',(4.575083080201,13.203699000206));
#4840 = CARTESIAN_POINT('',(4.610395279823,13.211210512867));
#4841 = CARTESIAN_POINT('',(4.645743297679,13.221136659161));
#4842 = CARTESIAN_POINT('',(4.681139085665,13.233380498436));
#4843 = CARTESIAN_POINT('',(4.747618265234,13.260446632324));
#4844 = CARTESIAN_POINT('',(4.778686783237,13.274755183707));
#4845 = CARTESIAN_POINT('',(4.809819572201,13.290661723584));
#4846 = CARTESIAN_POINT('',(4.841035655486,13.308073715395));
#4847 = CARTESIAN_POINT('',(4.872353453859,13.326886326683));
#4848 = CARTESIAN_POINT('',(4.903791223812,13.346983251972));
#4849 = CARTESIAN_POINT('',(5.000996033625,13.412412717427));
#4850 = CARTESIAN_POINT('',(5.067162301749,13.461547031563));
#4851 = CARTESIAN_POINT('',(5.134190330401,13.514590754096));
#4852 = CARTESIAN_POINT('',(5.202401491695,13.570376359806));
#4853 = CARTESIAN_POINT('',(5.272113943311,13.627546537814));
#4854 = CARTESIAN_POINT('',(5.343658485061,13.684489041286));
#4855 = CARTESIAN_POINT('',(5.442965827382,13.7582627344));
#4856 = CARTESIAN_POINT('',(5.468794308526,13.776994856153));
#4857 = CARTESIAN_POINT('',(5.494906288891,13.795389960184));
#4858 = CARTESIAN_POINT('',(5.521312018129,13.813358841395));
#4859 = CARTESIAN_POINT('',(5.548022308712,13.830808263609));
#4860 = CARTESIAN_POINT('',(5.575048866159,13.84764135728));
#4861 = CARTESIAN_POINT('',(5.691792552182,13.916420976665));
#4862 = CARTESIAN_POINT('',(5.78705635459,13.962824952923));
#4863 = CARTESIAN_POINT('',(5.885637944489,13.996783459015));
#4864 = CARTESIAN_POINT('',(5.985936855323,14.013452747048));
#4865 = CARTESIAN_POINT('',(6.086592035376,14.010914601905));
#4866 = CARTESIAN_POINT('',(6.186274311751,13.990582425354));
#4867 = CARTESIAN_POINT('',(6.28318530718,13.956363057233));
#4868 = ( GEOMETRIC_REPRESENTATION_CONTEXT(2) 
PARAMETRIC_REPRESENTATION_CONTEXT() REPRESENTATION_CONTEXT('2D SPACE',''
  ) );
#4869 = ADVANCED_FACE('',(#4870,#4924,#5236),#484,.T.);
#4870 = FACE_BOUND('',#4871,.T.);
#4871 = EDGE_LOOP('',(#4872,#4873,#4896,#4923));
#4872 = ORIENTED_EDGE('',*,*,#419,.T.);
#4873 = ORIENTED_EDGE('',*,*,#4874,.T.);
#4874 = EDGE_CURVE('',#420,#4875,#4877,.T.);
#4875 = VERTEX_POINT('',#4876);
#4876 = CARTESIAN_POINT('',(0.,39.,6.));
#4877 = SEAM_CURVE('',#4878,(#4882,#4889),.PCURVE_S1.);
#4878 = LINE('',#4879,#4880);
#4879 = CARTESIAN_POINT('',(0.,0.,6.));
#4880 = VECTOR('',#4881,1.);
#4881 = DIRECTION('',(0.,1.,0.));
#4882 = PCURVE('',#484,#4883);
#4883 = DEFINITIONAL_REPRESENTATION('',(#4884),#4888);
#4884 = LINE('',#4885,#4886);
#4885 = CARTESIAN_POINT('',(0.,-0.));
#4886 = VECTOR('',#4887,1.);
#4887 = DIRECTION('',(0.,1.));
#4888 = ( GEOMETRIC_REPRESENTATION_CONTEXT(2) 
PARAMETRIC_REPRESENTATION_CONTEXT() REPRESENTATION_CONTEXT('2D SPACE',''
  ) );
#4889 = PCURVE('',#484,#4890);
#4890 = DEFINITIONAL_REPRESENTATION('',(#4891),#4895);
#4891 = LINE('',#4892,#4893);
#4892 = CARTESIAN_POINT('',(6.28318530718,-0.));
#4893 = VECTOR('',#4894,1.);
#4894 = DIRECTION('',(0.,1.));
#4895 = ( GEOMETRIC_REPRESENTATION_CONTEXT(2) 
PARAMETRIC_REPRESENTATION_CONTEXT() REPRESENTATION_CONTEXT('2D SPACE',''
  ) );
#4896 = ORIENTED_EDGE('',*,*,#4897,.F.);
#4897 = EDGE_CURVE('',#4875,#4875,#4898,.T.);
#4898 = SURFACE_CURVE('',#4899,(#4904,#4911),.PCURVE_S1.);
#4899 = CIRCLE('',#4900,6.);
#4900 = AXIS2_PLACEMENT_3D('',#4901,#4902,#4903);
#4901 = CARTESIAN_POINT('',(0.,39.,0.));
#4902 = DIRECTION('',(0.,1.,0.));
#4903 = DIRECTION('',(0.,-0.,1.));
#4904 = PCURVE('',#484,#4905);
#4905 = DEFINITIONAL_REPRESENTATION('',(#4906),#4910);
#4906 = LINE('',#4907,#4908);
#4907 = CARTESIAN_POINT('',(0.,39.));
#4908 = VECTOR('',#4909,1.);
#4909 = DIRECTION('',(1.,0.));
#4910 = ( GEOMETRIC_REPRESENTATION_CONTEXT(2) 
PARAMETRIC_REPRESENTATION_CONTEXT() REPRESENTATION_CONTEXT('2D SPACE',''
  ) );
#4911 = PCURVE('',#4912,#4917);
#4912 = PLANE('',#4913);
#4913 = AXIS2_PLACEMENT_3D('',#4914,#4915,#4916);
#4914 = CARTESIAN_POINT('',(0.,39.,0.));
#4915 = DIRECTION('',(0.,1.,0.));
#4916 = DIRECTION('',(0.,-0.,1.));
#4917 = DEFINITIONAL_REPRESENTATION('',(#4918),#4922);
#4918 = CIRCLE('',#4919,6.);
#4919 = AXIS2_PLACEMENT_2D('',#4920,#4921);
#4920 = CARTESIAN_POINT('',(0.,0.));
#4921 = DIRECTION('',(1.,0.));
#4922 = ( GEOMETRIC_REPRESENTATION_CONTEXT(2) 
PARAMETRIC_REPRESENTATION_CONTEXT() REPRESENTATION_CONTEXT('2D SPACE',''
  ) );
#4923 = ORIENTED_EDGE('',*,*,#4874,.F.);
#4924 = FACE_BOUND('',#4925,.T.);
#4925 = EDGE_LOOP('',(#4926));
#4926 = ORIENTED_EDGE('',*,*,#4927,.F.);
#4927 = EDGE_CURVE('',#4928,#4928,#4930,.T.);
#4928 = VERTEX_POINT('',#4929);
#4929 = CARTESIAN_POINT('',(5.196152422707,32.,3.));
#4930 = SURFACE_CURVE('',#4931,(#5029,#5130),.PCURVE_S1.);
#4931 = B_SPLINE_CURVE_WITH_KNOTS('',6,(#4932,#4933,#4934,#4935,#4936,
    #4937,#4938,#4939,#4940,#4941,#4942,#4943,#4944,#4945,#4946,#4947,
    #4948,#4949,#4950,#4951,#4952,#4953,#4954,#4955,#4956,#4957,#4958,
    #4959,#4960,#4961,#4962,#4963,#4964,#4965,#4966,#4967,#4968,#4969,
    #4970,#4971,#4972,#4973,#4974,#4975,#4976,#4977,#4978,#4979,#4980,
    #4981,#4982,#4983,#4984,#4985,#4986,#4987,#4988,#4989,#4990,#4991,
    #4992,#4993,#4994,#4995,#4996,#4997,#4998,#4999,#5000,#5001,#5002,
    #5003,#5004,#5005,#5006,#5007,#5008,#5009,#5010,#5011,#5012,#5013,
    #5014,#5015,#5016,#5017,#5018,#5019,#5020,#5021,#5022,#5023,#5024,
    #5025,#5026,#5027,#5028),.UNSPECIFIED.,.T.,.F.,(7,5,5,5,5,5,5,5,5,5,
    5,5,5,5,5,5,5,5,5,7),(0.,8.267874570773E-02,0.141845492816,
    0.190700841591,0.24929431097,0.309156096314,0.336526467286,
    0.373060936011,0.416799733907,0.499751959527,0.54328199952,
    0.582760899624,0.662913380868,0.690685254093,0.749258120471,
    0.809098856792,0.836459603577,0.872981225761,0.916704643873,1.),
  .UNSPECIFIED.);
#4932 = CARTESIAN_POINT('',(5.196152422707,32.,3.));
#4933 = CARTESIAN_POINT('',(5.196152422707,31.7682712538,3.));
#4934 = CARTESIAN_POINT('',(5.208553206997,31.536979321027,
    2.978521121336));
#4935 = CARTESIAN_POINT('',(5.233269031514,31.307814742677,
    2.935712461632));
#4936 = CARTESIAN_POINT('',(5.269381193918,31.082523229217,
    2.871625750251));
#4937 = CARTESIAN_POINT('',(5.315146984803,30.86305296644,2.786277235504
    ));
#4938 = CARTESIAN_POINT('',(5.406230313217,30.500412091075,
    2.603825861805));
#4939 = CARTESIAN_POINT('',(5.448014507543,30.353131806312,
    2.516887344994));
#4940 = CARTESIAN_POINT('',(5.492849410007,30.210289297675,2.41897058044
    ));
#4941 = CARTESIAN_POINT('',(5.539901810395,30.072488028993,
    2.309804181732));
#4942 = CARTESIAN_POINT('',(5.588205888463,29.940555892077,
    2.189043852294));
#4943 = CARTESIAN_POINT('',(5.67660231916,29.712455858059,1.946739292395
    ));
#4944 = CARTESIAN_POINT('',(5.716700709772,29.613952508888,
    1.828882855214));
#4945 = CARTESIAN_POINT('',(5.756265203479,29.520799248491,
    1.702559891262));
#4946 = CARTESIAN_POINT('',(5.794545392445,29.433832781215,1.56759124376
    ));
#4947 = CARTESIAN_POINT('',(5.830692445237,29.354064928134,1.42385984698
    ));
#4948 = CARTESIAN_POINT('',(5.903414403414,29.197134985666,1.08845063473
    ));
#4949 = CARTESIAN_POINT('',(5.938972611914,29.122941972453,
    0.891388569745));
#4950 = CARTESIAN_POINT('',(5.968034595773,29.063962958421,0.68263401034
    ));
#4951 = CARTESIAN_POINT('',(5.988565464086,29.022869736397,
    0.465148215306));
#4952 = CARTESIAN_POINT('',(5.999330412195,29.001339191811,
    0.242205295563));
#4953 = CARTESIAN_POINT('',(6.000634254196,28.998731475672,
    -0.212680263303));
#4954 = CARTESIAN_POINT('',(5.990719475713,29.018561679964,
    -0.44094449344));
#4955 = CARTESIAN_POINT('',(5.970504838707,29.058961760266,
    -0.663896321362));
#4956 = CARTESIAN_POINT('',(5.941250682202,29.118216688333,
    -0.877946143625));
#4957 = CARTESIAN_POINT('',(5.905129811008,29.193486572649,
    -1.079839930909));
#4958 = CARTESIAN_POINT('',(5.846256090569,29.32045598078,
    -1.352384467046));
#4959 = CARTESIAN_POINT('',(5.826804806733,29.362955127985,
    -1.435180414846));
#4960 = CARTESIAN_POINT('',(5.806542300486,29.407899202019,
    -1.515243400126));
#4961 = CARTESIAN_POINT('',(5.785629173162,29.455087630894,
    -1.592569309914));
#4962 = CARTESIAN_POINT('',(5.764217728455,29.504334396436,
    -1.667163471936));
#4963 = CARTESIAN_POINT('',(5.713395534448,29.623720796662,
    -1.834982449702));
#4964 = CARTESIAN_POINT('',(5.683699807296,29.695351232296,
    -1.926105963389));
#4965 = CARTESIAN_POINT('',(5.653681557266,29.770002595773,
    -2.012508014285));
#4966 = CARTESIAN_POINT('',(5.623627681544,29.847373253328,
    -2.094288077743));
#4967 = CARTESIAN_POINT('',(5.593795987532,29.927215809183,
    -2.171546650038));
#4968 = CARTESIAN_POINT('',(5.529245361171,30.107651466977,
    -2.331584595338));
#4969 = CARTESIAN_POINT('',(5.494718112055,30.209244703391,
    -2.412460013543));
#4970 = CARTESIAN_POINT('',(5.46124551429,30.313751824811,
    -2.487143839904));
#4971 = CARTESIAN_POINT('',(5.429198056243,30.420867270271,
    -2.555746691433));
#4972 = CARTESIAN_POINT('',(5.39890940384,30.530343380428,
    -2.618355709963));
#4973 = CARTESIAN_POINT('',(5.317139144668,30.853729473445,
    -2.782526269109));
#4974 = CARTESIAN_POINT('',(5.270903061544,31.073670232348,
    -2.86888562781));
#4975 = CARTESIAN_POINT('',(5.234331454658,31.299515545375,
    -2.933850711151));
#4976 = CARTESIAN_POINT('',(5.209195621892,31.529301183774,
    -2.977408231128));
#4977 = CARTESIAN_POINT('',(5.196436966462,31.761270254885,
    -2.999507154331));
#4978 = CARTESIAN_POINT('',(5.196008884142,32.115706773935,
    -3.000248616822));
#4979 = CARTESIAN_POINT('',(5.199297700036,32.237677303589,
    -2.994551845863));
#4980 = CARTESIAN_POINT('',(5.206023113395,32.359348004413,
    -2.982906932169));
#4981 = CARTESIAN_POINT('',(5.216111686202,32.480423186476,
    -2.965322965048));
#4982 = CARTESIAN_POINT('',(5.229419944922,32.60059881819,
    -2.941818689943));
#4983 = CARTESIAN_POINT('',(5.260537859227,32.82745405254,
    -2.885770438995));
#4984 = CARTESIAN_POINT('',(5.277812489023,32.934341905767,
    -2.854273081152));
#4985 = CARTESIAN_POINT('',(5.297415394188,33.040060953949,
    -2.817943209816));
#4986 = CARTESIAN_POINT('',(5.31916594416,33.144430971595,
    -2.776780445721));
#4987 = CARTESIAN_POINT('',(5.34285287173,33.247255772416,
    -2.730778855971));
#4988 = CARTESIAN_POINT('',(5.419775035245,33.553515119739,
    -2.576694078376));
#4989 = CARTESIAN_POINT('',(5.47825622625,33.751242451029,
    -2.453588054963));
#4990 = CARTESIAN_POINT('',(5.541842578733,33.940508124074,
    -2.310244413076));
#4991 = CARTESIAN_POINT('',(5.608421179269,34.11975910136,
    -2.145798973784));
#4992 = CARTESIAN_POINT('',(5.675355743442,34.28653409014,
    -1.959183053746));
#4993 = CARTESIAN_POINT('',(5.761426794927,34.489230554787,
    -1.676821757159));
#4994 = CARTESIAN_POINT('',(5.783222080643,34.539460218852,
    -1.601363311664));
#4995 = CARTESIAN_POINT('',(5.804515869841,34.587582042473,
    -1.523089340924));
#4996 = CARTESIAN_POINT('',(5.825149470136,34.633402756876,
    -1.441992857105));
#4997 = CARTESIAN_POINT('',(5.844955247291,34.676713405698,
    -1.358076755858));
#4998 = CARTESIAN_POINT('',(5.903414403414,34.802865014333,
    -1.08845063473));
#4999 = CARTESIAN_POINT('',(5.938972611913,34.877058027547,
    -0.891388569746));
#5000 = CARTESIAN_POINT('',(5.968034595773,34.936037041579,
    -0.682634010341));
#5001 = CARTESIAN_POINT('',(5.988565464086,34.977130263603,
    -0.465148215307));
#5002 = CARTESIAN_POINT('',(5.999330412195,34.998660808189,
    -0.242205295564));
#5003 = CARTESIAN_POINT('',(6.000634254195,35.001268524327,
    0.212680263113));
#5004 = CARTESIAN_POINT('',(5.990719475731,34.98143832007,0.440944493483
    ));
#5005 = CARTESIAN_POINT('',(5.970504838686,34.941038239696,
    0.663896321543));
#5006 = CARTESIAN_POINT('',(5.941250682177,34.88178331161,0.877946143676
    ));
#5007 = CARTESIAN_POINT('',(5.905129811044,34.806513427429,
    1.079839930741));
#5008 = CARTESIAN_POINT('',(5.84625609057,34.679544019221,1.352384467045
    ));
#5009 = CARTESIAN_POINT('',(5.826804806733,34.637044872015,
    1.435180414846));
#5010 = CARTESIAN_POINT('',(5.806542300486,34.592100797981,
    1.515243400126));
#5011 = CARTESIAN_POINT('',(5.785629173162,34.544912369106,
    1.592569309913));
#5012 = CARTESIAN_POINT('',(5.764217728455,34.495665603565,
    1.667163471935));
#5013 = CARTESIAN_POINT('',(5.713395534448,34.376279203339,
    1.834982449701));
#5014 = CARTESIAN_POINT('',(5.683699807296,34.304648767705,
    1.926105963388));
#5015 = CARTESIAN_POINT('',(5.653681557267,34.229997404227,
    2.012508014285));
#5016 = CARTESIAN_POINT('',(5.623627681544,34.152626746672,
    2.094288077743));
#5017 = CARTESIAN_POINT('',(5.593795987532,34.072784190818,
    2.171546650037));
#5018 = CARTESIAN_POINT('',(5.529245361171,33.892348533023,
    2.331584595337));
#5019 = CARTESIAN_POINT('',(5.494718112056,33.79075529661,2.412460013543
    ));
#5020 = CARTESIAN_POINT('',(5.461245514291,33.686248175189,
    2.487143839904));
#5021 = CARTESIAN_POINT('',(5.429198056243,33.579132729729,
    2.555746691433));
#5022 = CARTESIAN_POINT('',(5.39890940384,33.469656619573,2.618355709962
    ));
#5023 = CARTESIAN_POINT('',(5.316898767101,33.145319878202,
    2.783008876355));
#5024 = CARTESIAN_POINT('',(5.270486870876,32.924350024344,
    2.869663000091));
#5025 = CARTESIAN_POINT('',(5.23383735338,32.697430888388,2.934728116292
    ));
#5026 = CARTESIAN_POINT('',(5.20874381085,32.466554582584,2.978190980885
    ));
#5027 = CARTESIAN_POINT('',(5.196152422707,32.233502931815,3.));
#5028 = CARTESIAN_POINT('',(5.196152422707,32.,3.));
#5029 = PCURVE('',#484,#5030);
#5030 = DEFINITIONAL_REPRESENTATION('',(#5031),#5129);
#5031 = B_SPLINE_CURVE_WITH_KNOTS('',6,(#5032,#5033,#5034,#5035,#5036,
    #5037,#5038,#5039,#5040,#5041,#5042,#5043,#5044,#5045,#5046,#5047,
    #5048,#5049,#5050,#5051,#5052,#5053,#5054,#5055,#5056,#5057,#5058,
    #5059,#5060,#5061,#5062,#5063,#5064,#5065,#5066,#5067,#5068,#5069,
    #5070,#5071,#5072,#5073,#5074,#5075,#5076,#5077,#5078,#5079,#5080,
    #5081,#5082,#5083,#5084,#5085,#5086,#5087,#5088,#5089,#5090,#5091,
    #5092,#5093,#5094,#5095,#5096,#5097,#5098,#5099,#5100,#5101,#5102,
    #5103,#5104,#5105,#5106,#5107,#5108,#5109,#5110,#5111,#5112,#5113,
    #5114,#5115,#5116,#5117,#5118,#5119,#5120,#5121,#5122,#5123,#5124,
    #5125,#5126,#5127,#5128),.UNSPECIFIED.,.T.,.F.,(7,5,5,5,5,5,5,5,5,5,
    5,5,5,5,5,5,5,5,5,7),(0.,8.267874570773E-02,0.141845492816,
    0.190700841591,0.24929431097,0.309156096314,0.336526467286,
    0.373060936011,0.416799733907,0.499751959527,0.54328199952,
    0.582760899624,0.662913380868,0.690685254093,0.749258120471,
    0.809098856792,0.836459603577,0.872981225761,0.916704643873,1.),
  .UNSPECIFIED.);
#5032 = CARTESIAN_POINT('',(1.047197551197,32.));
#5033 = CARTESIAN_POINT('',(1.047197551197,31.7682712538));
#5034 = CARTESIAN_POINT('',(1.051331117645,31.536979321027));
#5035 = CARTESIAN_POINT('',(1.059569862385,31.307814742677));
#5036 = CARTESIAN_POINT('',(1.071828846719,31.082523229217));
#5037 = CARTESIAN_POINT('',(1.087962692737,30.86305296644));
#5038 = CARTESIAN_POINT('',(1.121949894773,30.500412091075));
#5039 = CARTESIAN_POINT('',(1.138024420286,30.353131806312));
#5040 = CARTESIAN_POINT('',(1.155968479591,30.210289297675));
#5041 = CARTESIAN_POINT('',(1.175771905915,30.072488028993));
#5042 = CARTESIAN_POINT('',(1.197438907162,29.940555892077));
#5043 = CARTESIAN_POINT('',(1.240426446929,29.712455858059));
#5044 = CARTESIAN_POINT('',(1.261169982571,29.613952508888));
#5045 = CARTESIAN_POINT('',(1.283221926574,29.520799248491));
#5046 = CARTESIAN_POINT('',(1.30658941606,29.433832781215));
#5047 = CARTESIAN_POINT('',(1.331277261718,29.354064928134));
#5048 = CARTESIAN_POINT('',(1.388477646056,29.197134985666));
#5049 = CARTESIAN_POINT('',(1.421831341657,29.122941972453));
#5050 = CARTESIAN_POINT('',(1.456914470539,29.063962958421));
#5051 = CARTESIAN_POINT('',(1.493266420795,29.022869736397));
#5052 = CARTESIAN_POINT('',(1.53042861956,29.001339191811));
#5053 = CARTESIAN_POINT('',(1.606243190805,28.998731475671));
#5054 = CARTESIAN_POINT('',(1.644282405046,29.018561679964));
#5055 = CARTESIAN_POINT('',(1.681532126049,29.058961760266));
#5056 = CARTESIAN_POINT('',(1.717490364049,29.118216688333));
#5057 = CARTESIAN_POINT('',(1.751651887731,29.193486572649));
#5058 = CARTESIAN_POINT('',(1.798123694936,29.32045598078));
#5059 = CARTESIAN_POINT('',(1.812296416954,29.362955127985));
#5060 = CARTESIAN_POINT('',(1.826058043297,29.407899202019));
#5061 = CARTESIAN_POINT('',(1.839406266528,29.455087630894));
#5062 = CARTESIAN_POINT('',(1.852339284972,29.504334396436));
#5063 = CARTESIAN_POINT('',(1.881563563645,29.623720796662));
#5064 = CARTESIAN_POINT('',(1.897533411659,29.695351232295));
#5065 = CARTESIAN_POINT('',(1.912774080823,29.770002595773));
#5066 = CARTESIAN_POINT('',(1.927292324029,29.847373253328));
#5067 = CARTESIAN_POINT('',(1.941093782326,29.927215809183));
#5068 = CARTESIAN_POINT('',(1.969854735457,30.107651466977));
#5069 = CARTESIAN_POINT('',(1.984507994788,30.209244703391));
#5070 = CARTESIAN_POINT('',(1.998145375726,30.313751824811));
#5071 = CARTESIAN_POINT('',(2.010763405502,30.420867270271));
#5072 = CARTESIAN_POINT('',(2.02235439881,30.530343380428));
#5073 = CARTESIAN_POINT('',(2.05292233216,30.853729473445));
#5074 = CARTESIAN_POINT('',(2.069241490048,31.073670232348));
#5075 = CARTESIAN_POINT('',(2.081665531694,31.299515545375));
#5076 = CARTESIAN_POINT('',(2.090047370441,31.529301183774));
#5077 = CARTESIAN_POINT('',(2.094300254269,31.761270254885));
#5078 = CARTESIAN_POINT('',(2.094442948687,32.115706773935));
#5079 = CARTESIAN_POINT('',(2.093346633973,32.237677303589));
#5080 = CARTESIAN_POINT('',(2.091105351911,32.359348004413));
#5081 = CARTESIAN_POINT('',(2.087726645204,32.480423186476));
#5082 = CARTESIAN_POINT('',(2.083225061797,32.60059881819));
#5083 = CARTESIAN_POINT('',(2.07254053115,32.82745405254));
#5084 = CARTESIAN_POINT('',(2.066553367991,32.934341905767));
#5085 = CARTESIAN_POINT('',(2.059673427217,33.040060953949));
#5086 = CARTESIAN_POINT('',(2.051914642886,33.144430971595));
#5087 = CARTESIAN_POINT('',(2.043291674001,33.247255772416));
#5088 = CARTESIAN_POINT('',(2.014588626385,33.553515119739));
#5089 = CARTESIAN_POINT('',(1.991877835533,33.751242451029));
#5090 = CARTESIAN_POINT('',(1.965756512686,33.940508124074));
#5091 = CARTESIAN_POINT('',(1.936216704347,34.11975910136));
#5092 = CARTESIAN_POINT('',(1.903212751799,34.28653409014));
#5093 = CARTESIAN_POINT('',(1.854014703138,34.489230554787));
#5094 = CARTESIAN_POINT('',(1.840925606742,34.539460218852));
#5095 = CARTESIAN_POINT('',(1.827408366444,34.587582042473));
#5096 = CARTESIAN_POINT('',(1.813464687988,34.633402756876));
#5097 = CARTESIAN_POINT('',(1.799096802883,34.676713405698));
#5098 = CARTESIAN_POINT('',(1.753115007534,34.802865014333));
#5099 = CARTESIAN_POINT('',(1.719761311933,34.877058027547));
#5100 = CARTESIAN_POINT('',(1.68467818305,34.936037041579));
#5101 = CARTESIAN_POINT('',(1.648326232795,34.977130263603));
#5102 = CARTESIAN_POINT('',(1.61116403403,34.998660808189));
#5103 = CARTESIAN_POINT('',(1.535349462817,35.001268524328));
#5104 = CARTESIAN_POINT('',(1.497310248537,34.98143832007));
#5105 = CARTESIAN_POINT('',(1.460060527511,34.941038239696));
#5106 = CARTESIAN_POINT('',(1.424102289532,34.88178331161));
#5107 = CARTESIAN_POINT('',(1.389940765888,34.806513427429));
#5108 = CARTESIAN_POINT('',(1.343468958654,34.679544019221));
#5109 = CARTESIAN_POINT('',(1.329296236636,34.637044872015));
#5110 = CARTESIAN_POINT('',(1.315534610293,34.592100797981));
#5111 = CARTESIAN_POINT('',(1.302186387062,34.544912369106));
#5112 = CARTESIAN_POINT('',(1.289253368618,34.495665603565));
#5113 = CARTESIAN_POINT('',(1.260029089945,34.376279203339));
#5114 = CARTESIAN_POINT('',(1.244059241931,34.304648767705));
#5115 = CARTESIAN_POINT('',(1.228818572767,34.229997404227));
#5116 = CARTESIAN_POINT('',(1.214300329561,34.152626746672));
#5117 = CARTESIAN_POINT('',(1.200498871264,34.072784190818));
#5118 = CARTESIAN_POINT('',(1.171737918133,33.892348533023));
#5119 = CARTESIAN_POINT('',(1.157084658802,33.79075529661));
#5120 = CARTESIAN_POINT('',(1.143447277863,33.686248175189));
#5121 = CARTESIAN_POINT('',(1.130829248087,33.579132729729));
#5122 = CARTESIAN_POINT('',(1.11923825478,33.469656619573));
#5123 = CARTESIAN_POINT('',(1.088580461797,33.145319878202));
#5124 = CARTESIAN_POINT('',(1.072204266807,32.924350024344));
#5125 = CARTESIAN_POINT('',(1.05975930891,32.697430888388));
#5126 = CARTESIAN_POINT('',(1.051394650751,32.466554582584));
#5127 = CARTESIAN_POINT('',(1.047197551197,32.233502931815));
#5128 = CARTESIAN_POINT('',(1.047197551197,32.));
#5129 = ( GEOMETRIC_REPRESENTATION_CONTEXT(2) 
PARAMETRIC_REPRESENTATION_CONTEXT() REPRESENTATION_CONTEXT('2D SPACE',''
  ) );
#5130 = PCURVE('',#5131,#5136);
#5131 = CYLINDRICAL_SURFACE('',#5132,3.);
#5132 = AXIS2_PLACEMENT_3D('',#5133,#5134,#5135);
#5133 = CARTESIAN_POINT('',(-8.,32.,0.));
#5134 = DIRECTION('',(1.,0.,0.));
#5135 = DIRECTION('',(-0.,0.,1.));
#5136 = DEFINITIONAL_REPRESENTATION('',(#5137),#5235);
#5137 = B_SPLINE_CURVE_WITH_KNOTS('',6,(#5138,#5139,#5140,#5141,#5142,
    #5143,#5144,#5145,#5146,#5147,#5148,#5149,#5150,#5151,#5152,#5153,
    #5154,#5155,#5156,#5157,#5158,#5159,#5160,#5161,#5162,#5163,#5164,
    #5165,#5166,#5167,#5168,#5169,#5170,#5171,#5172,#5173,#5174,#5175,
    #5176,#5177,#5178,#5179,#5180,#5181,#5182,#5183,#5184,#5185,#5186,
    #5187,#5188,#5189,#5190,#5191,#5192,#5193,#5194,#5195,#5196,#5197,
    #5198,#5199,#5200,#5201,#5202,#5203,#5204,#5205,#5206,#5207,#5208,
    #5209,#5210,#5211,#5212,#5213,#5214,#5215,#5216,#5217,#5218,#5219,
    #5220,#5221,#5222,#5223,#5224,#5225,#5226,#5227,#5228,#5229,#5230,
    #5231,#5232,#5233,#5234),.UNSPECIFIED.,.F.,.F.,(7,5,5,5,5,5,5,5,5,5,
    5,5,5,5,5,5,5,5,5,7),(0.,8.267874570773E-02,0.141845492816,
    0.190700841591,0.24929431097,0.309156096314,0.336526467286,
    0.373060936011,0.416799733907,0.499751959527,0.54328199952,
    0.582760899624,0.662913380868,0.690685254093,0.749258120471,
    0.809098856792,0.836459603577,0.872981225761,0.916704643873,1.),
  .UNSPECIFIED.);
#5138 = CARTESIAN_POINT('',(0.,13.196152422707));
#5139 = CARTESIAN_POINT('',(7.724291539995E-02,13.196152422707));
#5140 = CARTESIAN_POINT('',(0.154340153644,13.208553206997));
#5141 = CARTESIAN_POINT('',(0.23155822453,13.233269031514));
#5142 = CARTESIAN_POINT('',(0.30912779714,13.269381193918));
#5143 = CARTESIAN_POINT('',(0.387265793716,13.315146984803));
#5144 = CARTESIAN_POINT('',(0.522583078582,13.406230313217));
#5145 = CARTESIAN_POINT('',(0.579463065849,13.448014507543));
#5146 = CARTESIAN_POINT('',(0.636990853445,13.492849410007));
#5147 = CARTESIAN_POINT('',(0.695374230786,13.539901810395));
#5148 = CARTESIAN_POINT('',(0.754828114271,13.588205888463));
#5149 = CARTESIAN_POINT('',(0.865754078202,13.67660231916));
#5150 = CARTESIAN_POINT('',(0.916864787312,13.716700709773));
#5151 = CARTESIAN_POINT('',(0.969036102579,13.756265203479));
#5152 = CARTESIAN_POINT('',(1.022388469356,13.794545392445));
#5153 = CARTESIAN_POINT('',(1.077052371517,13.830692445237));
#5154 = CARTESIAN_POINT('',(1.200487620627,13.903414403414));
#5155 = CARTESIAN_POINT('',(1.270465362531,13.938972611914));
#5156 = CARTESIAN_POINT('',(1.342373374793,13.968034595773));
#5157 = CARTESIAN_POINT('',(1.4157057991,13.988565464086));
#5158 = CARTESIAN_POINT('',(1.490059964456,13.999330412195));
#5159 = CARTESIAN_POINT('',(1.641690975594,14.000634254196));
#5160 = CARTESIAN_POINT('',(1.71773983254,13.990719475713));
#5161 = CARTESIAN_POINT('',(1.79278899112,13.970504838707));
#5162 = CARTESIAN_POINT('',(1.866391697546,13.941250682202));
#5163 = CARTESIAN_POINT('',(1.937989805911,13.905129811008));
#5164 = CARTESIAN_POINT('',(2.03821275448,13.846256090569));
#5165 = CARTESIAN_POINT('',(2.069212177729,13.826804806733));
#5166 = CARTESIAN_POINT('',(2.099785922764,13.806542300486));
#5167 = CARTESIAN_POINT('',(2.129952621538,13.785629173162));
#5168 = CARTESIAN_POINT('',(2.159729274962,13.764217728455));
#5169 = CARTESIAN_POINT('',(2.228380018955,13.713395534448));
#5170 = CARTESIAN_POINT('',(2.26697144278,13.683699807296));
#5171 = CARTESIAN_POINT('',(2.304972886029,13.653681557266));
#5172 = CARTESIAN_POINT('',(2.342444035994,13.623627681544));
#5173 = CARTESIAN_POINT('',(2.379443241276,13.593795987532));
#5174 = CARTESIAN_POINT('',(2.459837526963,13.529245361171));
#5175 = CARTESIAN_POINT('',(2.503060887851,13.494718112055));
#5176 = CARTESIAN_POINT('',(2.545792572924,13.46124551429));
#5177 = CARTESIAN_POINT('',(2.588112521345,13.429198056243));
#5178 = CARTESIAN_POINT('',(2.630098703947,13.39890940384));
#5179 = CARTESIAN_POINT('',(2.750989167521,13.317139144668));
#5180 = CARTESIAN_POINT('',(2.829392012308,13.270903061544));
#5181 = CARTESIAN_POINT('',(2.907214600502,13.234331454658));
#5182 = CARTESIAN_POINT('',(2.984677707777,13.209195621892));
#5183 = CARTESIAN_POINT('',(3.062015900813,13.196436966462));
#5184 = CARTESIAN_POINT('',(3.18016166568,13.196008884142));
#5185 = CARTESIAN_POINT('',(3.220814461679,13.199297700036));
#5186 = CARTESIAN_POINT('',(3.261484117781,13.206023113395));
#5187 = CARTESIAN_POINT('',(3.302192981008,13.216111686202));
#5188 = CARTESIAN_POINT('',(3.342961358718,13.229419944922));
#5189 = CARTESIAN_POINT('',(3.42085352334,13.260537859227));
#5190 = CARTESIAN_POINT('',(3.457961011499,13.277812489023));
#5191 = CARTESIAN_POINT('',(3.495168132003,13.297415394188));
#5192 = CARTESIAN_POINT('',(3.532509693209,13.31916594416));
#5193 = CARTESIAN_POINT('',(3.570019496854,13.34285287173));
#5194 = CARTESIAN_POINT('',(3.68429835001,13.419775035245));
#5195 = CARTESIAN_POINT('',(3.761618894833,13.47825622625));
#5196 = CARTESIAN_POINT('',(3.840257871889,13.541842578733));
#5197 = CARTESIAN_POINT('',(3.920776550568,13.608421179269));
#5198 = CARTESIAN_POINT('',(4.003728624197,13.675355743442));
#5199 = CARTESIAN_POINT('',(4.119589536306,13.761426794927));
#5200 = CARTESIAN_POINT('',(4.149786576814,13.783222080643));
#5201 = CARTESIAN_POINT('',(4.180384022202,13.804515869841));
#5202 = CARTESIAN_POINT('',(4.211399945036,13.825149470136));
#5203 = CARTESIAN_POINT('',(4.2428541164,13.844955247291));
#5204 = CARTESIAN_POINT('',(4.342080274217,13.903414403414));
#5205 = CARTESIAN_POINT('',(4.412058016121,13.938972611913));
#5206 = CARTESIAN_POINT('',(4.483966028383,13.968034595773));
#5207 = CARTESIAN_POINT('',(4.557298452689,13.988565464086));
#5208 = CARTESIAN_POINT('',(4.631652618045,13.999330412195));
#5209 = CARTESIAN_POINT('',(4.78328362912,14.000634254195));
#5210 = CARTESIAN_POINT('',(4.859332486144,13.990719475731));
#5211 = CARTESIAN_POINT('',(4.934381644768,13.970504838686));
#5212 = CARTESIAN_POINT('',(5.00798435116,13.941250682177));
#5213 = CARTESIAN_POINT('',(5.079582459439,13.905129811044));
#5214 = CARTESIAN_POINT('',(5.179805408069,13.84625609057));
#5215 = CARTESIAN_POINT('',(5.210804831318,13.826804806733));
#5216 = CARTESIAN_POINT('',(5.241378576354,13.806542300486));
#5217 = CARTESIAN_POINT('',(5.271545275128,13.785629173162));
#5218 = CARTESIAN_POINT('',(5.301321928552,13.764217728455));
#5219 = CARTESIAN_POINT('',(5.369972672545,13.713395534448));
#5220 = CARTESIAN_POINT('',(5.408564096369,13.683699807296));
#5221 = CARTESIAN_POINT('',(5.446565539619,13.653681557267));
#5222 = CARTESIAN_POINT('',(5.484036689584,13.623627681544));
#5223 = CARTESIAN_POINT('',(5.521035894865,13.593795987532));
#5224 = CARTESIAN_POINT('',(5.601430180552,13.529245361171));
#5225 = CARTESIAN_POINT('',(5.644653541441,13.494718112055));
#5226 = CARTESIAN_POINT('',(5.687385226514,13.461245514291));
#5227 = CARTESIAN_POINT('',(5.729705174935,13.429198056243));
#5228 = CARTESIAN_POINT('',(5.771691357537,13.39890940384));
#5229 = CARTESIAN_POINT('',(5.892937199163,13.316898767101));
#5230 = CARTESIAN_POINT('',(5.971690392696,13.270486870876));
#5231 = CARTESIAN_POINT('',(6.049859332671,13.23383735338));
#5232 = CARTESIAN_POINT('',(6.127667187782,13.20874381085));
#5233 = CARTESIAN_POINT('',(6.205350996575,13.196152422707));
#5234 = CARTESIAN_POINT('',(6.28318530718,13.196152422707));
#5235 = ( GEOMETRIC_REPRESENTATION_CONTEXT(2) 
PARAMETRIC_REPRESENTATION_CONTEXT() REPRESENTATION_CONTEXT('2D SPACE',''
  ) );
#5236 = FACE_BOUND('',#5237,.T.);
#5237 = EDGE_LOOP('',(#5238));
#5238 = ORIENTED_EDGE('',*,*,#5239,.T.);
#5239 = EDGE_CURVE('',#5240,#5240,#5242,.T.);
#5240 = VERTEX_POINT('',#5241);
#5241 = CARTESIAN_POINT('',(-5.196152422707,32.,3.));
#5242 = SURFACE_CURVE('',#5243,(#5341,#5442),.PCURVE_S1.);
#5243 = B_SPLINE_CURVE_WITH_KNOTS('',6,(#5244,#5245,#5246,#5247,#5248,
    #5249,#5250,#5251,#5252,#5253,#5254,#5255,#5256,#5257,#5258,#5259,
    #5260,#5261,#5262,#5263,#5264,#5265,#5266,#5267,#5268,#5269,#5270,
    #5271,#5272,#5273,#5274,#5275,#5276,#5277,#5278,#5279,#5280,#5281,
    #5282,#5283,#5284,#5285,#5286,#5287,#5288,#5289,#5290,#5291,#5292,
    #5293,#5294,#5295,#5296,#5297,#5298,#5299,#5300,#5301,#5302,#5303,
    #5304,#5305,#5306,#5307,#5308,#5309,#5310,#5311,#5312,#5313,#5314,
    #5315,#5316,#5317,#5318,#5319,#5320,#5321,#5322,#5323,#5324,#5325,
    #5326,#5327,#5328,#5329,#5330,#5331,#5332,#5333,#5334,#5335,#5336,
    #5337,#5338,#5339,#5340),.UNSPECIFIED.,.T.,.F.,(7,5,5,5,5,5,5,5,5,5,
    5,5,5,5,5,5,5,5,5,7),(0.,8.267874589073E-02,0.141845488555,
    0.190700837714,0.249294307496,0.309156093173,0.336526464271,
    0.373060933161,0.416799731255,0.499751957249,0.543281997439,
    0.582760897722,0.662913379328,0.690685252681,0.74925811933,
    0.80909885593,0.83645960284,0.872981225189,0.916704643498,1.),
  .UNSPECIFIED.);
#5244 = CARTESIAN_POINT('',(-5.196152422707,32.,3.));
#5245 = CARTESIAN_POINT('',(-5.196152422707,31.7682712538,3.));
#5246 = CARTESIAN_POINT('',(-5.208553206997,31.536979321027,
    2.978521121336));
#5247 = CARTESIAN_POINT('',(-5.233269031514,31.307814742677,
    2.935712461632));
#5248 = CARTESIAN_POINT('',(-5.269381193918,31.082523229217,
    2.871625750251));
#5249 = CARTESIAN_POINT('',(-5.315146984803,30.86305296644,
    2.786277235504));
#5250 = CARTESIAN_POINT('',(-5.406230310279,30.500412102772,
    2.60382586769));
#5251 = CARTESIAN_POINT('',(-5.448014513036,30.353131788365,
    2.516887332105));
#5252 = CARTESIAN_POINT('',(-5.492849409484,30.210289297121,
    2.418970582871));
#5253 = CARTESIAN_POINT('',(-5.539901804646,30.072488046707,
    2.309804195782));
#5254 = CARTESIAN_POINT('',(-5.588205892506,29.940555881645,
    2.189043841212));
#5255 = CARTESIAN_POINT('',(-5.676602319139,29.712455858113,
    1.946739292453));
#5256 = CARTESIAN_POINT('',(-5.71670070978,29.613952508868,
    1.828882855206));
#5257 = CARTESIAN_POINT('',(-5.756265203495,29.520799248451,
    1.702559891205));
#5258 = CARTESIAN_POINT('',(-5.794545392446,29.433832781217,
    1.567591243741));
#5259 = CARTESIAN_POINT('',(-5.830692445223,29.354064928164,
    1.423859847044));
#5260 = CARTESIAN_POINT('',(-5.903414403392,29.197134985714,
    1.08845063483));
#5261 = CARTESIAN_POINT('',(-5.938972611929,29.122941972417,
    0.891388569711));
#5262 = CARTESIAN_POINT('',(-5.968034595787,29.063962958397,
    0.682634010228));
#5263 = CARTESIAN_POINT('',(-5.988565464076,29.022869736417,
    0.46514821528));
#5264 = CARTESIAN_POINT('',(-5.999330412194,29.001339191811,
    0.24220529568));
#5265 = CARTESIAN_POINT('',(-6.000634254195,28.998731475673,
    -0.212680263114));
#5266 = CARTESIAN_POINT('',(-5.99071947573,29.01856167993,
    -0.440944493484));
#5267 = CARTESIAN_POINT('',(-5.970504838686,29.058961760304,
    -0.663896321544));
#5268 = CARTESIAN_POINT('',(-5.941250682177,29.118216688391,
    -0.877946143678));
#5269 = CARTESIAN_POINT('',(-5.905129811044,29.193486572571,
    -1.079839930742));
#5270 = CARTESIAN_POINT('',(-5.846256090571,29.320455980777,
    -1.35238446704));
#5271 = CARTESIAN_POINT('',(-5.826804806732,29.362955127986,
    -1.435180414848));
#5272 = CARTESIAN_POINT('',(-5.806542300485,29.407899202022,
    -1.515243400131));
#5273 = CARTESIAN_POINT('',(-5.785629173161,29.455087630896,
    -1.592569309915));
#5274 = CARTESIAN_POINT('',(-5.764217728456,29.504334396433,
    -1.667163471931));
#5275 = CARTESIAN_POINT('',(-5.713395534448,29.623720796662,
    -1.834982449702));
#5276 = CARTESIAN_POINT('',(-5.683699807296,29.695351232296,
    -1.926105963389));
#5277 = CARTESIAN_POINT('',(-5.653681557266,29.770002595773,
    -2.012508014285));
#5278 = CARTESIAN_POINT('',(-5.623627681544,29.847373253328,
    -2.094288077743));
#5279 = CARTESIAN_POINT('',(-5.593795987532,29.927215809183,
    -2.171546650038));
#5280 = CARTESIAN_POINT('',(-5.529245361171,30.107651466977,
    -2.331584595338));
#5281 = CARTESIAN_POINT('',(-5.494718112055,30.209244703391,
    -2.412460013543));
#5282 = CARTESIAN_POINT('',(-5.46124551429,30.313751824811,
    -2.487143839904));
#5283 = CARTESIAN_POINT('',(-5.429198056243,30.420867270271,
    -2.555746691434));
#5284 = CARTESIAN_POINT('',(-5.39890940384,30.530343380428,
    -2.618355709963));
#5285 = CARTESIAN_POINT('',(-5.317139144668,30.853729473445,
    -2.782526269109));
#5286 = CARTESIAN_POINT('',(-5.270903061544,31.073670232348,
    -2.86888562781));
#5287 = CARTESIAN_POINT('',(-5.234331454658,31.299515545375,
    -2.933850711151));
#5288 = CARTESIAN_POINT('',(-5.209195621892,31.529301183774,
    -2.977408231128));
#5289 = CARTESIAN_POINT('',(-5.196436966462,31.761270254885,
    -2.999507154331));
#5290 = CARTESIAN_POINT('',(-5.196008884142,32.115706773935,
    -3.000248616822));
#5291 = CARTESIAN_POINT('',(-5.199297700036,32.237677303589,
    -2.994551845863));
#5292 = CARTESIAN_POINT('',(-5.206023113395,32.359348004413,
    -2.982906932169));
#5293 = CARTESIAN_POINT('',(-5.216111686202,32.480423186476,
    -2.965322965048));
#5294 = CARTESIAN_POINT('',(-5.229419944922,32.60059881819,
    -2.941818689943));
#5295 = CARTESIAN_POINT('',(-5.260537859227,32.82745405254,
    -2.885770438995));
#5296 = CARTESIAN_POINT('',(-5.277812489023,32.934341905767,
    -2.854273081152));
#5297 = CARTESIAN_POINT('',(-5.297415394188,33.040060953949,
    -2.817943209816));
#5298 = CARTESIAN_POINT('',(-5.31916594416,33.144430971595,
    -2.776780445721));
#5299 = CARTESIAN_POINT('',(-5.34285287173,33.247255772416,
    -2.730778855971));
#5300 = CARTESIAN_POINT('',(-5.419775035245,33.553515119739,
    -2.576694078376));
#5301 = CARTESIAN_POINT('',(-5.47825622625,33.751242451029,
    -2.453588054963));
#5302 = CARTESIAN_POINT('',(-5.541842578733,33.940508124074,
    -2.310244413076));
#5303 = CARTESIAN_POINT('',(-5.608421179269,34.11975910136,
    -2.145798973784));
#5304 = CARTESIAN_POINT('',(-5.675355743442,34.28653409014,
    -1.959183053746));
#5305 = CARTESIAN_POINT('',(-5.761426794928,34.489230554791,
    -1.676821757154));
#5306 = CARTESIAN_POINT('',(-5.783222080643,34.53946021885,
    -1.601363311665));
#5307 = CARTESIAN_POINT('',(-5.80451586984,34.58758204247,
    -1.523089340929));
#5308 = CARTESIAN_POINT('',(-5.825149470136,34.633402756876,
    -1.441992857107));
#5309 = CARTESIAN_POINT('',(-5.844955247292,34.676713405701,
    -1.358076755852));
#5310 = CARTESIAN_POINT('',(-5.903414403414,34.802865014333,
    -1.08845063473));
#5311 = CARTESIAN_POINT('',(-5.938972611914,34.877058027547,
    -0.891388569746));
#5312 = CARTESIAN_POINT('',(-5.968034595773,34.936037041578,
    -0.682634010342));
#5313 = CARTESIAN_POINT('',(-5.988565464086,34.977130263603,
    -0.465148215307));
#5314 = CARTESIAN_POINT('',(-5.999330412195,34.998660808189,
    -0.242205295564));
#5315 = CARTESIAN_POINT('',(-6.000634254195,35.001268524327,
    0.212680263113));
#5316 = CARTESIAN_POINT('',(-5.99071947573,34.98143832007,0.440944493483
    ));
#5317 = CARTESIAN_POINT('',(-5.970504838686,34.941038239696,
    0.663896321543));
#5318 = CARTESIAN_POINT('',(-5.941250682177,34.88178331161,
    0.877946143677));
#5319 = CARTESIAN_POINT('',(-5.905129811044,34.806513427429,
    1.079839930741));
#5320 = CARTESIAN_POINT('',(-5.846256090571,34.679544019224,
    1.352384467039));
#5321 = CARTESIAN_POINT('',(-5.826804806733,34.637044872015,
    1.435180414848));
#5322 = CARTESIAN_POINT('',(-5.806542300485,34.592100797978,
    1.515243400131));
#5323 = CARTESIAN_POINT('',(-5.785629173161,34.544912369105,
    1.592569309914));
#5324 = CARTESIAN_POINT('',(-5.764217728457,34.495665603568,
    1.66716347193));
#5325 = CARTESIAN_POINT('',(-5.713395534448,34.376279203339,
    1.834982449701));
#5326 = CARTESIAN_POINT('',(-5.683699807296,34.304648767705,
    1.926105963388));
#5327 = CARTESIAN_POINT('',(-5.653681557267,34.229997404227,
    2.012508014285));
#5328 = CARTESIAN_POINT('',(-5.623627681544,34.152626746672,
    2.094288077743));
#5329 = CARTESIAN_POINT('',(-5.593795987532,34.072784190818,
    2.171546650037));
#5330 = CARTESIAN_POINT('',(-5.529245361171,33.892348533023,
    2.331584595337));
#5331 = CARTESIAN_POINT('',(-5.494718112055,33.79075529661,
    2.412460013543));
#5332 = CARTESIAN_POINT('',(-5.461245514291,33.686248175189,
    2.487143839904));
#5333 = CARTESIAN_POINT('',(-5.429198056243,33.579132729729,
    2.555746691433));
#5334 = CARTESIAN_POINT('',(-5.39890940384,33.469656619573,
    2.618355709962));
#5335 = CARTESIAN_POINT('',(-5.316898767101,33.145319878202,
    2.783008876355));
#5336 = CARTESIAN_POINT('',(-5.270486870876,32.924350024344,
    2.869663000091));
#5337 = CARTESIAN_POINT('',(-5.23383735338,32.697430888388,
    2.934728116292));
#5338 = CARTESIAN_POINT('',(-5.20874381085,32.466554582584,
    2.978190980885));
#5339 = CARTESIAN_POINT('',(-5.196152422707,32.233502931815,3.));
#5340 = CARTESIAN_POINT('',(-5.196152422707,32.,3.));
#5341 = PCURVE('',#484,#5342);
#5342 = DEFINITIONAL_REPRESENTATION('',(#5343),#5441);
#5343 = B_SPLINE_CURVE_WITH_KNOTS('',6,(#5344,#5345,#5346,#5347,#5348,
    #5349,#5350,#5351,#5352,#5353,#5354,#5355,#5356,#5357,#5358,#5359,
    #5360,#5361,#5362,#5363,#5364,#5365,#5366,#5367,#5368,#5369,#5370,
    #5371,#5372,#5373,#5374,#5375,#5376,#5377,#5378,#5379,#5380,#5381,
    #5382,#5383,#5384,#5385,#5386,#5387,#5388,#5389,#5390,#5391,#5392,
    #5393,#5394,#5395,#5396,#5397,#5398,#5399,#5400,#5401,#5402,#5403,
    #5404,#5405,#5406,#5407,#5408,#5409,#5410,#5411,#5412,#5413,#5414,
    #5415,#5416,#5417,#5418,#5419,#5420,#5421,#5422,#5423,#5424,#5425,
    #5426,#5427,#5428,#5429,#5430,#5431,#5432,#5433,#5434,#5435,#5436,
    #5437,#5438,#5439,#5440),.UNSPECIFIED.,.T.,.F.,(7,5,5,5,5,5,5,5,5,5,
    5,5,5,5,5,5,5,5,5,7),(0.,8.267874589073E-02,0.141845488555,
    0.190700837714,0.249294307496,0.309156093173,0.336526464271,
    0.373060933161,0.416799731255,0.499751957249,0.543281997439,
    0.582760897722,0.662913379328,0.690685252681,0.74925811933,
    0.80909885593,0.83645960284,0.872981225189,0.916704643498,1.),
  .UNSPECIFIED.);
#5344 = CARTESIAN_POINT('',(5.235987755983,32.));
#5345 = CARTESIAN_POINT('',(5.235987755983,31.7682712538));
#5346 = CARTESIAN_POINT('',(5.231854189535,31.536979321027));
#5347 = CARTESIAN_POINT('',(5.223615444795,31.307814742677));
#5348 = CARTESIAN_POINT('',(5.211356460461,31.082523229217));
#5349 = CARTESIAN_POINT('',(5.195222614442,30.86305296644));
#5350 = CARTESIAN_POINT('',(5.161235413503,30.500412102772));
#5351 = CARTESIAN_POINT('',(5.145160884555,30.353131788365));
#5352 = CARTESIAN_POINT('',(5.127216827996,30.210289297121));
#5353 = CARTESIAN_POINT('',(5.107413403798,30.072488046707));
#5354 = CARTESIAN_POINT('',(5.085746398052,29.940555881645));
#5355 = CARTESIAN_POINT('',(5.042758860261,29.712455858113));
#5356 = CARTESIAN_POINT('',(5.022015324607,29.613952508868));
#5357 = CARTESIAN_POINT('',(4.999963380596,29.520799248451));
#5358 = CARTESIAN_POINT('',(4.976595891116,29.433832781217));
#5359 = CARTESIAN_POINT('',(4.951908045472,29.354064928164));
#5360 = CARTESIAN_POINT('',(4.894707661141,29.197134985714));
#5361 = CARTESIAN_POINT('',(4.861353965516,29.122941972417));
#5362 = CARTESIAN_POINT('',(4.826270836622,29.063962958397));
#5363 = CARTESIAN_POINT('',(4.78991888638,29.022869736417));
#5364 = CARTESIAN_POINT('',(4.752756687639,29.001339191811));
#5365 = CARTESIAN_POINT('',(4.676942116406,28.998731475673));
#5366 = CARTESIAN_POINT('',(4.638902902127,29.01856167993));
#5367 = CARTESIAN_POINT('',(4.601653181101,29.058961760304));
#5368 = CARTESIAN_POINT('',(4.565694943121,29.118216688391));
#5369 = CARTESIAN_POINT('',(4.531533419477,29.193486572571));
#5370 = CARTESIAN_POINT('',(4.485061612245,29.320455980777));
#5371 = CARTESIAN_POINT('',(4.470888890225,29.362955127986));
#5372 = CARTESIAN_POINT('',(4.457127263882,29.407899202022));
#5373 = CARTESIAN_POINT('',(4.443779040651,29.455087630896));
#5374 = CARTESIAN_POINT('',(4.430846022208,29.504334396433));
#5375 = CARTESIAN_POINT('',(4.401621743535,29.623720796662));
#5376 = CARTESIAN_POINT('',(4.385651895521,29.695351232295));
#5377 = CARTESIAN_POINT('',(4.370411226356,29.770002595773));
#5378 = CARTESIAN_POINT('',(4.355892983151,29.847373253328));
#5379 = CARTESIAN_POINT('',(4.342091524853,29.927215809183));
#5380 = CARTESIAN_POINT('',(4.313330571723,30.107651466977));
#5381 = CARTESIAN_POINT('',(4.298677312392,30.209244703391));
#5382 = CARTESIAN_POINT('',(4.285039931453,30.313751824811));
#5383 = CARTESIAN_POINT('',(4.272421901677,30.420867270271));
#5384 = CARTESIAN_POINT('',(4.26083090837,30.530343380428));
#5385 = CARTESIAN_POINT('',(4.230262975019,30.853729473445));
#5386 = CARTESIAN_POINT('',(4.213943817131,31.073670232348));
#5387 = CARTESIAN_POINT('',(4.201519775486,31.299515545375));
#5388 = CARTESIAN_POINT('',(4.193137936738,31.529301183774));
#5389 = CARTESIAN_POINT('',(4.188885052911,31.761270254885));
#5390 = CARTESIAN_POINT('',(4.188742358492,32.115706773935));
#5391 = CARTESIAN_POINT('',(4.189838673207,32.237677303589));
#5392 = CARTESIAN_POINT('',(4.192079955268,32.359348004413));
#5393 = CARTESIAN_POINT('',(4.195458661975,32.480423186476));
#5394 = CARTESIAN_POINT('',(4.199960245383,32.60059881819));
#5395 = CARTESIAN_POINT('',(4.210644776029,32.82745405254));
#5396 = CARTESIAN_POINT('',(4.216631939188,32.934341905767));
#5397 = CARTESIAN_POINT('',(4.223511879962,33.040060953949));
#5398 = CARTESIAN_POINT('',(4.231270664294,33.144430971595));
#5399 = CARTESIAN_POINT('',(4.239893633179,33.247255772416));
#5400 = CARTESIAN_POINT('',(4.268596680794,33.553515119739));
#5401 = CARTESIAN_POINT('',(4.291307471646,33.751242451028));
#5402 = CARTESIAN_POINT('',(4.317428794493,33.940508124074));
#5403 = CARTESIAN_POINT('',(4.346968602833,34.119759101359));
#5404 = CARTESIAN_POINT('',(4.37997255538,34.28653409014));
#5405 = CARTESIAN_POINT('',(4.429170604042,34.489230554791));
#5406 = CARTESIAN_POINT('',(4.442259700437,34.53946021885));
#5407 = CARTESIAN_POINT('',(4.455776940735,34.58758204247));
#5408 = CARTESIAN_POINT('',(4.469720619191,34.633402756876));
#5409 = CARTESIAN_POINT('',(4.484088504297,34.676713405701));
#5410 = CARTESIAN_POINT('',(4.530070299646,34.802865014333));
#5411 = CARTESIAN_POINT('',(4.563423995247,34.877058027547));
#5412 = CARTESIAN_POINT('',(4.598507124129,34.936037041579));
#5413 = CARTESIAN_POINT('',(4.634859074385,34.977130263603));
#5414 = CARTESIAN_POINT('',(4.67202127315,34.998660808189));
#5415 = CARTESIAN_POINT('',(4.747835844363,35.001268524328));
#5416 = CARTESIAN_POINT('',(4.785875058643,34.98143832007));
#5417 = CARTESIAN_POINT('',(4.823124779668,34.941038239696));
#5418 = CARTESIAN_POINT('',(4.859083017648,34.88178331161));
#5419 = CARTESIAN_POINT('',(4.893244541292,34.806513427429));
#5420 = CARTESIAN_POINT('',(4.939716348524,34.679544019224));
#5421 = CARTESIAN_POINT('',(4.953889070544,34.637044872015));
#5422 = CARTESIAN_POINT('',(4.967650696888,34.592100797978));
#5423 = CARTESIAN_POINT('',(4.980998920118,34.544912369105));
#5424 = CARTESIAN_POINT('',(4.993931938561,34.495665603568));
#5425 = CARTESIAN_POINT('',(5.023156217235,34.376279203339));
#5426 = CARTESIAN_POINT('',(5.039126065249,34.304648767705));
#5427 = CARTESIAN_POINT('',(5.054366734413,34.229997404227));
#5428 = CARTESIAN_POINT('',(5.068884977618,34.152626746672));
#5429 = CARTESIAN_POINT('',(5.082686435916,34.072784190818));
#5430 = CARTESIAN_POINT('',(5.111447389047,33.892348533023));
#5431 = CARTESIAN_POINT('',(5.126100648378,33.79075529661));
#5432 = CARTESIAN_POINT('',(5.139738029316,33.686248175189));
#5433 = CARTESIAN_POINT('',(5.152356059092,33.579132729729));
#5434 = CARTESIAN_POINT('',(5.163947052399,33.469656619573));
#5435 = CARTESIAN_POINT('',(5.194604845383,33.145319878202));
#5436 = CARTESIAN_POINT('',(5.210981040372,32.924350024344));
#5437 = CARTESIAN_POINT('',(5.22342599827,32.697430888387));
#5438 = CARTESIAN_POINT('',(5.231790656428,32.466554582584));
#5439 = CARTESIAN_POINT('',(5.235987755983,32.233502931815));
#5440 = CARTESIAN_POINT('',(5.235987755983,32.));
#5441 = ( GEOMETRIC_REPRESENTATION_CONTEXT(2) 
PARAMETRIC_REPRESENTATION_CONTEXT() REPRESENTATION_CONTEXT('2D SPACE',''
  ) );
#5442 = PCURVE('',#5131,#5443);
#5443 = DEFINITIONAL_REPRESENTATION('',(#5444),#5542);
#5444 = B_SPLINE_CURVE_WITH_KNOTS('',6,(#5445,#5446,#5447,#5448,#5449,
    #5450,#5451,#5452,#5453,#5454,#5455,#5456,#5457,#5458,#5459,#5460,
    #5461,#5462,#5463,#5464,#5465,#5466,#5467,#5468,#5469,#5470,#5471,
    #5472,#5473,#5474,#5475,#5476,#5477,#5478,#5479,#5480,#5481,#5482,
    #5483,#5484,#5485,#5486,#5487,#5488,#5489,#5490,#5491,#5492,#5493,
    #5494,#5495,#5496,#5497,#5498,#5499,#5500,#5501,#5502,#5503,#5504,
    #5505,#5506,#5507,#5508,#5509,#5510,#5511,#5512,#5513,#5514,#5515,
    #5516,#5517,#5518,#5519,#5520,#5521,#5522,#5523,#5524,#5525,#5526,
    #5527,#5528,#5529,#5530,#5531,#5532,#5533,#5534,#5535,#5536,#5537,
    #5538,#5539,#5540,#5541),.UNSPECIFIED.,.F.,.F.,(7,5,5,5,5,5,5,5,5,5,
    5,5,5,5,5,5,5,5,5,7),(0.,8.267874589073E-02,0.141845488555,
    0.190700837714,0.249294307496,0.309156093173,0.336526464271,
    0.373060933161,0.416799731255,0.499751957249,0.543281997439,
    0.582760897722,0.662913379328,0.690685252681,0.74925811933,
    0.80909885593,0.83645960284,0.872981225189,0.916704643498,1.),
  .UNSPECIFIED.);
#5445 = CARTESIAN_POINT('',(0.,2.803847577293));
#5446 = CARTESIAN_POINT('',(7.724291539997E-02,2.803847577293));
#5447 = CARTESIAN_POINT('',(0.154340153644,2.791446793003));
#5448 = CARTESIAN_POINT('',(0.23155822453,2.766730968486));
#5449 = CARTESIAN_POINT('',(0.30912779714,2.730618806082));
#5450 = CARTESIAN_POINT('',(0.387265793716,2.684853015197));
#5451 = CARTESIAN_POINT('',(0.522583074217,2.593769689721));
#5452 = CARTESIAN_POINT('',(0.579463073309,2.551985486964));
#5453 = CARTESIAN_POINT('',(0.636990853104,2.507150590516));
#5454 = CARTESIAN_POINT('',(0.695374223155,2.460098195354));
#5455 = CARTESIAN_POINT('',(0.754828119344,2.411794107494));
#5456 = CARTESIAN_POINT('',(0.865754078176,2.323397680861));
#5457 = CARTESIAN_POINT('',(0.916864787318,2.28329929022));
#5458 = CARTESIAN_POINT('',(0.969036102602,2.243734796505));
#5459 = CARTESIAN_POINT('',(1.022388469361,2.205454607554));
#5460 = CARTESIAN_POINT('',(1.077052371494,2.169307554777));
#5461 = CARTESIAN_POINT('',(1.20048762059,2.096585596608));
#5462 = CARTESIAN_POINT('',(1.270465362547,2.061027388071));
#5463 = CARTESIAN_POINT('',(1.342373374829,2.031965404213));
#5464 = CARTESIAN_POINT('',(1.415705799109,2.011434535924));
#5465 = CARTESIAN_POINT('',(1.490059964417,2.000669587806));
#5466 = CARTESIAN_POINT('',(1.641690975531,1.999365745805));
#5467 = CARTESIAN_POINT('',(1.717739832554,2.00928052427));
#5468 = CARTESIAN_POINT('',(1.792788991178,2.029495161314));
#5469 = CARTESIAN_POINT('',(1.86639169757,2.058749317823));
#5470 = CARTESIAN_POINT('',(1.937989805849,2.094870188956));
#5471 = CARTESIAN_POINT('',(2.038212754477,2.153743909429));
#5472 = CARTESIAN_POINT('',(2.069212177729,2.173195193268));
#5473 = CARTESIAN_POINT('',(2.099785922767,2.193457699515));
#5474 = CARTESIAN_POINT('',(2.129952621539,2.214370826839));
#5475 = CARTESIAN_POINT('',(2.15972927496,2.235782271544));
#5476 = CARTESIAN_POINT('',(2.228380018955,2.286604465552));
#5477 = CARTESIAN_POINT('',(2.26697144278,2.316300192704));
#5478 = CARTESIAN_POINT('',(2.304972886029,2.346318442734));
#5479 = CARTESIAN_POINT('',(2.342444035994,2.376372318456));
#5480 = CARTESIAN_POINT('',(2.379443241276,2.406204012468));
#5481 = CARTESIAN_POINT('',(2.459837526963,2.470754638829));
#5482 = CARTESIAN_POINT('',(2.503060887851,2.505281887945));
#5483 = CARTESIAN_POINT('',(2.545792572924,2.53875448571));
#5484 = CARTESIAN_POINT('',(2.588112521345,2.570801943757));
#5485 = CARTESIAN_POINT('',(2.630098703947,2.60109059616));
#5486 = CARTESIAN_POINT('',(2.750989167521,2.682860855332));
#5487 = CARTESIAN_POINT('',(2.829392012308,2.729096938456));
#5488 = CARTESIAN_POINT('',(2.907214600502,2.765668545342));
#5489 = CARTESIAN_POINT('',(2.984677707777,2.790804378108));
#5490 = CARTESIAN_POINT('',(3.062015900813,2.803563033538));
#5491 = CARTESIAN_POINT('',(3.18016166568,2.803991115858));
#5492 = CARTESIAN_POINT('',(3.220814461679,2.800702299964));
#5493 = CARTESIAN_POINT('',(3.261484117781,2.793976886605));
#5494 = CARTESIAN_POINT('',(3.302192981007,2.783888313798));
#5495 = CARTESIAN_POINT('',(3.342961358718,2.770580055078));
#5496 = CARTESIAN_POINT('',(3.42085352334,2.739462140773));
#5497 = CARTESIAN_POINT('',(3.457961011499,2.722187510977));
#5498 = CARTESIAN_POINT('',(3.495168132003,2.702584605812));
#5499 = CARTESIAN_POINT('',(3.532509693209,2.68083405584));
#5500 = CARTESIAN_POINT('',(3.570019496854,2.65714712827));
#5501 = CARTESIAN_POINT('',(3.68429835001,2.580224964755));
#5502 = CARTESIAN_POINT('',(3.761618894832,2.52174377375));
#5503 = CARTESIAN_POINT('',(3.840257871889,2.458157421267));
#5504 = CARTESIAN_POINT('',(3.920776550568,2.391578820731));
#5505 = CARTESIAN_POINT('',(4.003728624197,2.324644256558));
#5506 = CARTESIAN_POINT('',(4.119589536308,2.238573205072));
#5507 = CARTESIAN_POINT('',(4.149786576813,2.216777919357));
#5508 = CARTESIAN_POINT('',(4.1803840222,2.19548413016));
#5509 = CARTESIAN_POINT('',(4.211399945036,2.174850529864));
#5510 = CARTESIAN_POINT('',(4.242854116403,2.155044752708));
#5511 = CARTESIAN_POINT('',(4.342080274217,2.096585596586));
#5512 = CARTESIAN_POINT('',(4.412058016121,2.061027388086));
#5513 = CARTESIAN_POINT('',(4.483966028382,2.031965404227));
#5514 = CARTESIAN_POINT('',(4.557298452689,2.011434535914));
#5515 = CARTESIAN_POINT('',(4.631652618045,2.000669587805));
#5516 = CARTESIAN_POINT('',(4.78328362912,1.999365745805));
#5517 = CARTESIAN_POINT('',(4.859332486144,2.00928052427));
#5518 = CARTESIAN_POINT('',(4.934381644768,2.029495161314));
#5519 = CARTESIAN_POINT('',(5.00798435116,2.058749317823));
#5520 = CARTESIAN_POINT('',(5.079582459438,2.094870188956));
#5521 = CARTESIAN_POINT('',(5.179805408067,2.153743909429));
#5522 = CARTESIAN_POINT('',(5.210804831319,2.173195193267));
#5523 = CARTESIAN_POINT('',(5.241378576356,2.193457699515));
#5524 = CARTESIAN_POINT('',(5.271545275128,2.214370826839));
#5525 = CARTESIAN_POINT('',(5.30132192855,2.235782271543));
#5526 = CARTESIAN_POINT('',(5.369972672545,2.286604465552));
#5527 = CARTESIAN_POINT('',(5.408564096369,2.316300192704));
#5528 = CARTESIAN_POINT('',(5.446565539619,2.346318442733));
#5529 = CARTESIAN_POINT('',(5.484036689584,2.376372318456));
#5530 = CARTESIAN_POINT('',(5.521035894865,2.406204012468));
#5531 = CARTESIAN_POINT('',(5.601430180552,2.470754638829));
#5532 = CARTESIAN_POINT('',(5.644653541441,2.505281887945));
#5533 = CARTESIAN_POINT('',(5.687385226514,2.538754485709));
#5534 = CARTESIAN_POINT('',(5.729705174935,2.570801943757));
#5535 = CARTESIAN_POINT('',(5.771691357537,2.60109059616));
#5536 = CARTESIAN_POINT('',(5.892937199163,2.683101232899));
#5537 = CARTESIAN_POINT('',(5.971690392696,2.729513129124));
#5538 = CARTESIAN_POINT('',(6.049859332671,2.76616264662));
#5539 = CARTESIAN_POINT('',(6.127667187782,2.79125618915));
#5540 = CARTESIAN_POINT('',(6.205350996575,2.803847577293));
#5541 = CARTESIAN_POINT('',(6.28318530718,2.803847577293));
#5542 = ( GEOMETRIC_REPRESENTATION_CONTEXT(2) 
PARAMETRIC_REPRESENTATION_CONTEXT() REPRESENTATION_CONTEXT('2D SPACE',''
  ) );
#5543 = ADVANCED_FACE('',(#5544,#5598,#5955),#577,.T.);
#5544 = FACE_BOUND('',#5545,.T.);
#5545 = EDGE_LOOP('',(#5546,#5547,#5570,#5597));
#5546 = ORIENTED_EDGE('',*,*,#498,.T.);
#5547 = ORIENTED_EDGE('',*,*,#5548,.T.);
#5548 = EDGE_CURVE('',#499,#5549,#5551,.T.);
#5549 = VERTEX_POINT('',#5550);
#5550 = CARTESIAN_POINT('',(-37.34994823966,-4.333333333333,
    11.966770187334));
#5551 = SEAM_CURVE('',#5552,(#5556,#5563),.PCURVE_S1.);
#5552 = LINE('',#5553,#5554);
#5553 = CARTESIAN_POINT('',(-2.683281573,0.,-5.366563146));
#5554 = VECTOR('',#5555,1.);
#5555 = DIRECTION('',(-0.888888888889,-0.111111111111,0.444444444444));
#5556 = PCURVE('',#577,#5557);
#5557 = DEFINITIONAL_REPRESENTATION('',(#5558),#5562);
#5558 = LINE('',#5559,#5560);
#5559 = CARTESIAN_POINT('',(0.,-0.));
#5560 = VECTOR('',#5561,1.);
#5561 = DIRECTION('',(0.,1.));
#5562 = ( GEOMETRIC_REPRESENTATION_CONTEXT(2) 
PARAMETRIC_REPRESENTATION_CONTEXT() REPRESENTATION_CONTEXT('2D SPACE',''
  ) );
#5563 = PCURVE('',#577,#5564);
#5564 = DEFINITIONAL_REPRESENTATION('',(#5565),#5569);
#5565 = LINE('',#5566,#5567);
#5566 = CARTESIAN_POINT('',(6.28318530718,-0.));
#5567 = VECTOR('',#5568,1.);
#5568 = DIRECTION('',(0.,1.));
#5569 = ( GEOMETRIC_REPRESENTATION_CONTEXT(2) 
PARAMETRIC_REPRESENTATION_CONTEXT() REPRESENTATION_CONTEXT('2D SPACE',''
  ) );
#5570 = ORIENTED_EDGE('',*,*,#5571,.F.);
#5571 = EDGE_CURVE('',#5549,#5549,#5572,.T.);
#5572 = SURFACE_CURVE('',#5573,(#5578,#5585),.PCURVE_S1.);
#5573 = CIRCLE('',#5574,6.);
#5574 = AXIS2_PLACEMENT_3D('',#5575,#5576,#5577);
#5575 = CARTESIAN_POINT('',(-34.66666666666,-4.333333333333,
    17.333333333333));
#5576 = DIRECTION('',(-0.888888888889,-0.111111111111,0.444444444444));
#5577 = DIRECTION('',(-0.4472135955,0.,-0.894427191));
#5578 = PCURVE('',#577,#5579);
#5579 = DEFINITIONAL_REPRESENTATION('',(#5580),#5584);
#5580 = LINE('',#5581,#5582);
#5581 = CARTESIAN_POINT('',(0.,39.));
#5582 = VECTOR('',#5583,1.);
#5583 = DIRECTION('',(1.,0.));
#5584 = ( GEOMETRIC_REPRESENTATION_CONTEXT(2) 
PARAMETRIC_REPRESENTATION_CONTEXT() REPRESENTATION_CONTEXT('2D SPACE',''
  ) );
#5585 = PCURVE('',#5586,#5591);
#5586 = PLANE('',#5587);
#5587 = AXIS2_PLACEMENT_3D('',#5588,#5589,#5590);
#5588 = CARTESIAN_POINT('',(-34.66666666666,-4.333333333333,
    17.333333333333));
#5589 = DIRECTION('',(-0.888888888889,-0.111111111111,0.444444444444));
#5590 = DIRECTION('',(-0.4472135955,0.,-0.894427191));
#5591 = DEFINITIONAL_REPRESENTATION('',(#5592),#5596);
#5592 = CIRCLE('',#5593,6.);
#5593 = AXIS2_PLACEMENT_2D('',#5594,#5595);
#5594 = CARTESIAN_POINT('',(0.,0.));
#5595 = DIRECTION('',(1.,0.));
#5596 = ( GEOMETRIC_REPRESENTATION_CONTEXT(2) 
PARAMETRIC_REPRESENTATION_CONTEXT() REPRESENTATION_CONTEXT('2D SPACE',''
  ) );
#5597 = ORIENTED_EDGE('',*,*,#5548,.F.);
#5598 = FACE_BOUND('',#5599,.T.);
#5599 = EDGE_LOOP('',(#5600));
#5600 = ORIENTED_EDGE('',*,*,#5601,.T.);
#5601 = EDGE_CURVE('',#5602,#5602,#5604,.T.);
#5602 = VERTEX_POINT('',#5603);
#5603 = CARTESIAN_POINT('',(-24.74201056175,-8.988253372153,
    14.222222222222));
#5604 = SURFACE_CURVE('',#5605,(#5718,#5834),.PCURVE_S1.);
#5605 = B_SPLINE_CURVE_WITH_KNOTS('',6,(#5606,#5607,#5608,#5609,#5610,
    #5611,#5612,#5613,#5614,#5615,#5616,#5617,#5618,#5619,#5620,#5621,
    #5622,#5623,#5624,#5625,#5626,#5627,#5628,#5629,#5630,#5631,#5632,
    #5633,#5634,#5635,#5636,#5637,#5638,#5639,#5640,#5641,#5642,#5643,
    #5644,#5645,#5646,#5647,#5648,#5649,#5650,#5651,#5652,#5653,#5654,
    #5655,#5656,#5657,#5658,#5659,#5660,#5661,#5662,#5663,#5664,#5665,
    #5666,#5667,#5668,#5669,#5670,#5671,#5672,#5673,#5674,#5675,#5676,
    #5677,#5678,#5679,#5680,#5681,#5682,#5683,#5684,#5685,#5686,#5687,
    #5688,#5689,#5690,#5691,#5692,#5693,#5694,#5695,#5696,#5697,#5698,
    #5699,#5700,#5701,#5702,#5703,#5704,#5705,#5706,#5707,#5708,#5709,
    #5710,#5711,#5712,#5713,#5714,#5715,#5716,#5717),.UNSPECIFIED.,.T.,
  .F.,(7,5,5,5,5,5,5,5,5,5,5,5,5,5,5,5,5,5,5,5,5,5,7),(0.,
    3.70777914761E-02,8.674427883221E-02,0.121863721011,0.149191930327,
    0.184535675875,0.229309750524,0.268961396984,0.31215845783,
    0.395212120178,0.454356003121,0.503192472427,0.561763299174,
    0.621601951714,0.64896174574,0.685482096164,0.729203991735,
    0.768922325109,0.812566961516,0.85668945744,0.895298282369,
    0.972927702423,1.),.UNSPECIFIED.);
#5606 = CARTESIAN_POINT('',(-24.74201056175,-8.988253372161,
    14.222222222222));
#5607 = CARTESIAN_POINT('',(-24.73879789879,-9.013954675893,
    14.095362708182));
#5608 = CARTESIAN_POINT('',(-24.74217085681,-9.03887172702,
    13.965860673776));
#5609 = CARTESIAN_POINT('',(-24.7526901513,-9.062566741654,
    13.834349284365));
#5610 = CARTESIAN_POINT('',(-24.77082372023,-9.084611295105,
    13.701480590736));
#5611 = CARTESIAN_POINT('',(-24.79695288809,-9.104609366476,
    13.567928209352));
#5612 = CARTESIAN_POINT('',(-24.87749240625,-9.145810713417,
    13.255512744988));
#5613 = CARTESIAN_POINT('',(-24.93845690296,-9.165099586365,
    13.07679886389));
#5614 = CARTESIAN_POINT('',(-25.01453086561,-9.179065116278,
    12.901553988523));
#5615 = CARTESIAN_POINT('',(-25.10489696385,-9.187179227323,
    12.732755416566));
#5616 = CARTESIAN_POINT('',(-25.20777248763,-9.189571129909,
    12.572952248246));
#5617 = CARTESIAN_POINT('',(-25.40009152011,-9.184995441127,
    12.318849444333));
#5618 = CARTESIAN_POINT('',(-25.48458503798,-9.180565465125,
    12.219151142581));
#5619 = CARTESIAN_POINT('',(-25.57326615664,-9.173829363717,
    12.125243369214));
#5620 = CARTESIAN_POINT('',(-25.66544965917,-9.165072957005,
    12.037297388437));
#5621 = CARTESIAN_POINT('',(-25.76040626699,-9.154620919027,
    11.955414698435));
#5622 = CARTESIAN_POINT('',(-25.93280270408,-9.133634179264,
    11.820644096749));
#5623 = CARTESIAN_POINT('',(-26.00953773425,-9.123622116421,
    11.765289004282));
#5624 = CARTESIAN_POINT('',(-26.08734469344,-9.112923977169,
    11.713473570823));
#5625 = CARTESIAN_POINT('',(-26.16602296963,-9.101676903728,
    11.665112303387));
#5626 = CARTESIAN_POINT('',(-26.24539010314,-9.090011942336,
    11.620117684365));
#5627 = CARTESIAN_POINT('',(-26.42860489264,-9.062585550098,
    11.524447093507));
#5628 = CARTESIAN_POINT('',(-26.53282856106,-9.046622571337,
    11.475963096844));
#5629 = CARTESIAN_POINT('',(-26.63766658689,-9.03042022646,
    11.432724551729));
#5630 = CARTESIAN_POINT('',(-26.74288069474,-9.014213124483,
    11.394527282979));
#5631 = CARTESIAN_POINT('',(-26.84827909183,-8.998215641337,
    11.361187536895));
#5632 = CARTESIAN_POINT('',(-27.0872843958,-8.962871378834,
    11.296255042952));
#5633 = CARTESIAN_POINT('',(-27.22093455724,-8.943766879933,
    11.267496248992));
#5634 = CARTESIAN_POINT('',(-27.35432064444,-8.925716390815,
    11.245957527331));
#5635 = CARTESIAN_POINT('',(-27.48715054846,-8.909088367387,
    11.231382170448));
#5636 = CARTESIAN_POINT('',(-27.61918352195,-8.894216396577,
    11.223565603755));
#5637 = CARTESIAN_POINT('',(-27.86628059631,-8.870053907534,
    11.221283615137));
#5638 = CARTESIAN_POINT('',(-27.98155182639,-8.860320099471,
    11.225393393539));
#5639 = CARTESIAN_POINT('',(-28.095824017,-8.852418612147,
    11.234580373924));
#5640 = CARTESIAN_POINT('',(-28.20889662364,-8.846541580277,
    11.248750076089));
#5641 = CARTESIAN_POINT('',(-28.32058499277,-8.842851857794,
    11.267820596335));
#5642 = CARTESIAN_POINT('',(-28.5507003414,-8.839984437216,
    11.317767465845));
#5643 = CARTESIAN_POINT('',(-28.66882699672,-8.841239691247,
    11.349544869504));
#5644 = CARTESIAN_POINT('',(-28.7847877753,-8.845414749944,
    11.386950218869));
#5645 = CARTESIAN_POINT('',(-28.89829326219,-8.852617458499,
    11.429868122424));
#5646 = CARTESIAN_POINT('',(-29.00907393053,-8.862889915986,
    11.478178848632));
#5647 = CARTESIAN_POINT('',(-29.32415058683,-8.901803663095,
    11.634784865005));
#5648 = CARTESIAN_POINT('',(-29.51994696788,-8.938590119168,
    11.757062439359));
#5649 = CARTESIAN_POINT('',(-29.70281543395,-8.9863085567,
    11.897696420909));
#5650 = CARTESIAN_POINT('',(-29.8713179548,-9.043848331585,
    12.055852020969));
#5651 = CARTESIAN_POINT('',(-30.02392230049,-9.109237511234,
    12.230635510805));
#5652 = CARTESIAN_POINT('',(-30.25517059812,-9.230199103742,
    12.556181822904));
#5653 = CARTESIAN_POINT('',(-30.34256275229,-9.283232491072,
    12.699519808442));
#5654 = CARTESIAN_POINT('',(-30.42079027953,-9.338194749449,
    12.850719833804));
#5655 = CARTESIAN_POINT('',(-30.48930042978,-9.394177090681,
    13.009756802534));
#5656 = CARTESIAN_POINT('',(-30.5473252554,-9.450110184844,
    13.176571185796));
#5657 = CARTESIAN_POINT('',(-30.63225730039,-9.549811041507,
    13.49500695819));
#5658 = CARTESIAN_POINT('',(-30.66286609076,-9.594047585353,
    13.644362777139));
#5659 = CARTESIAN_POINT('',(-30.68505162521,-9.636693170403,
    13.798925147863));
#5660 = CARTESIAN_POINT('',(-30.69808423284,-9.676900340118,
    13.958482691551));
#5661 = CARTESIAN_POINT('',(-30.70111817427,-9.713707939853,
    14.12269057818));
#5662 = CARTESIAN_POINT('',(-30.68367178948,-9.784815038102,
    14.492898943759));
#5663 = CARTESIAN_POINT('',(-30.65830386941,-9.817478978344,
    14.702403078556));
#5664 = CARTESIAN_POINT('',(-30.61506161712,-9.841361847376,
    14.915619647463));
#5665 = CARTESIAN_POINT('',(-30.5531284546,-9.854310846078,
    15.128708472382));
#5666 = CARTESIAN_POINT('',(-30.47261089918,-9.855094874938,
    15.337991301322));
#5667 = CARTESIAN_POINT('',(-30.27415698013,-9.831602123842,
    15.746639688499));
#5668 = CARTESIAN_POINT('',(-30.15709255511,-9.806977133276,
    15.942306826603));
#5669 = CARTESIAN_POINT('',(-30.02536417123,-9.770139133523,
    16.124072913467));
#5670 = CARTESIAN_POINT('',(-29.88192303202,-9.722727172374,
    16.289484593986));
#5671 = CARTESIAN_POINT('',(-29.73045904948,-9.66739220291,
    16.436889062028));
#5672 = CARTESIAN_POINT('',(-29.50470422234,-9.579840960885,
    16.624605358332));
#5673 = CARTESIAN_POINT('',(-29.43282579864,-9.551253499944,
    16.679885989761));
#5674 = CARTESIAN_POINT('',(-29.36007999673,-9.521740081207,
    16.731631781682));
#5675 = CARTESIAN_POINT('',(-29.28662699656,-9.491482578334,
    16.779928192774));
#5676 = CARTESIAN_POINT('',(-29.21261090707,-9.4606524939,
    16.824862670393));
#5677 = CARTESIAN_POINT('',(-29.03878313136,-9.387706318508,
    16.922135365161));
#5678 = CARTESIAN_POINT('',(-28.93860833613,-9.345257643314,
    16.971928644243));
#5679 = CARTESIAN_POINT('',(-28.83787049933,-9.302413555103,
    17.016149772065));
#5680 = CARTESIAN_POINT('',(-28.73675828479,-9.259486766734,
    17.055021918737));
#5681 = CARTESIAN_POINT('',(-28.63541530269,-9.216755043198,
    17.088745063147));
#5682 = CARTESIAN_POINT('',(-28.41245585444,-9.123832138724,
    17.15191445574));
#5683 = CARTESIAN_POINT('',(-28.29076627214,-9.073824993222,
    17.179210624787));
#5684 = CARTESIAN_POINT('',(-28.16908632514,-9.024881911012,
    17.199665266128));
#5685 = CARTESIAN_POINT('',(-28.04759288631,-8.977398372788,
    17.213513276068));
#5686 = CARTESIAN_POINT('',(-27.92642628048,-8.931728181744,
    17.220942787637));
#5687 = CARTESIAN_POINT('',(-27.69601192597,-8.848631421103,
    17.223142010493));
#5688 = CARTESIAN_POINT('',(-27.58669267398,-8.810834355937,
    17.219008380908));
#5689 = CARTESIAN_POINT('',(-27.47789112357,-8.775059791551,
    17.20979853939));
#5690 = CARTESIAN_POINT('',(-27.36975436752,-8.741543208939,
    17.195606913339));
#5691 = CARTESIAN_POINT('',(-27.26242131266,-8.710487792262,
    17.176515373322));
#5692 = CARTESIAN_POINT('',(-27.03911092899,-8.650824907796,
    17.126300601349));
#5693 = CARTESIAN_POINT('',(-26.92333589951,-8.622764886309,
    17.094176271233));
#5694 = CARTESIAN_POINT('',(-26.80896738366,-8.598128794946,
    17.056327492834));
#5695 = CARTESIAN_POINT('',(-26.69626696245,-8.577096505679,
    17.012872922288));
#5696 = CARTESIAN_POINT('',(-26.58549308785,-8.559776652396,
    16.963936071156));
#5697 = CARTESIAN_POINT('',(-26.36712576066,-8.532480736496,
    16.854752407559));
#5698 = CARTESIAN_POINT('',(-26.25962325019,-8.522592503442,
    16.794409050749));
#5699 = CARTESIAN_POINT('',(-26.154658983,-8.516569490299,
    16.728747615085));
#5700 = CARTESIAN_POINT('',(-26.05251052,-8.514366672921,16.657912777849
    ));
#5701 = CARTESIAN_POINT('',(-25.95346812906,-8.515866771128,
    16.582062140845));
#5702 = CARTESIAN_POINT('',(-25.77414787386,-8.52527464392,
    16.430762672242));
#5703 = CARTESIAN_POINT('',(-25.69307508593,-8.532358207515,
    16.356450971637));
#5704 = CARTESIAN_POINT('',(-25.61476465669,-8.54201363943,
    16.278510377687));
#5705 = CARTESIAN_POINT('',(-25.53938707344,-8.554091344059,
    16.197014802624));
#5706 = CARTESIAN_POINT('',(-25.46713159552,-8.568416130655,
    16.112040005702));
#5707 = CARTESIAN_POINT('',(-25.25961670326,-8.617712244625,
    15.845976414989));
#5708 = CARTESIAN_POINT('',(-25.13462471188,-8.658886155576,
    15.654722173068));
#5709 = CARTESIAN_POINT('',(-25.02439246584,-8.706780052332,
    15.450008813953));
#5710 = CARTESIAN_POINT('',(-24.93073711791,-8.759696556814,
    15.231775251229));
#5711 = CARTESIAN_POINT('',(-24.85630746885,-8.815589187705,
    15.000144367566));
#5712 = CARTESIAN_POINT('',(-24.78678892094,-8.891547009813,
    14.670630467034));
#5713 = CARTESIAN_POINT('',(-24.77159069801,-8.911245956376,
    14.583856231574));
#5714 = CARTESIAN_POINT('',(-24.75933322265,-8.93089085471,
    14.495558421121));
#5715 = CARTESIAN_POINT('',(-24.75019143715,-8.950360496587,
    14.405799895879));
#5716 = CARTESIAN_POINT('',(-24.74435144331,-8.96952631967,
    14.314657407737));
#5717 = CARTESIAN_POINT('',(-24.74201056175,-8.988253372161,
    14.222222222222));
#5718 = PCURVE('',#577,#5719);
#5719 = DEFINITIONAL_REPRESENTATION('',(#5720),#5833);
#5720 = B_SPLINE_CURVE_WITH_KNOTS('',6,(#5721,#5722,#5723,#5724,#5725,
    #5726,#5727,#5728,#5729,#5730,#5731,#5732,#5733,#5734,#5735,#5736,
    #5737,#5738,#5739,#5740,#5741,#5742,#5743,#5744,#5745,#5746,#5747,
    #5748,#5749,#5750,#5751,#5752,#5753,#5754,#5755,#5756,#5757,#5758,
    #5759,#5760,#5761,#5762,#5763,#5764,#5765,#5766,#5767,#5768,#5769,
    #5770,#5771,#5772,#5773,#5774,#5775,#5776,#5777,#5778,#5779,#5780,
    #5781,#5782,#5783,#5784,#5785,#5786,#5787,#5788,#5789,#5790,#5791,
    #5792,#5793,#5794,#5795,#5796,#5797,#5798,#5799,#5800,#5801,#5802,
    #5803,#5804,#5805,#5806,#5807,#5808,#5809,#5810,#5811,#5812,#5813,
    #5814,#5815,#5816,#5817,#5818,#5819,#5820,#5821,#5822,#5823,#5824,
    #5825,#5826,#5827,#5828,#5829,#5830,#5831,#5832),.UNSPECIFIED.,.T.,
  .F.,(7,5,5,5,5,5,5,5,5,5,5,5,5,5,5,5,5,5,5,5,5,5,7),(0.,
    3.70777914761E-02,8.674427883221E-02,0.121863721011,0.149191930327,
    0.184535675875,0.229309750524,0.268961396984,0.31215845783,
    0.395212120178,0.454356003121,0.503192472427,0.561763299174,
    0.621601951714,0.64896174574,0.685482096164,0.729203991735,
    0.768922325109,0.812566961516,0.85668945744,0.895298282369,
    0.972927702423,1.),.UNSPECIFIED.);
#5721 = CARTESIAN_POINT('',(1.850387924342,29.312580750567));
#5722 = CARTESIAN_POINT('',(1.830961936671,29.256198744327));
#5723 = CARTESIAN_POINT('',(1.810745402497,29.204409030738));
#5724 = CARTESIAN_POINT('',(1.789799833181,29.157942787724));
#5725 = CARTESIAN_POINT('',(1.768189513286,29.117458157772));
#5726 = CARTESIAN_POINT('',(1.745981409829,29.083549478734));
#5727 = CARTESIAN_POINT('',(1.692789288033,29.020866771486));
#5728 = CARTESIAN_POINT('',(1.661409209271,28.997772251734));
#5729 = CARTESIAN_POINT('',(1.629552839786,28.989058666144));
#5730 = CARTESIAN_POINT('',(1.597666576618,28.995264067161));
#5731 = CARTESIAN_POINT('',(1.566196651283,29.01595111377));
#5732 = CARTESIAN_POINT('',(1.513950254015,29.073458375483));
#5733 = CARTESIAN_POINT('',(1.4927574449,29.103761148812));
#5734 = CARTESIAN_POINT('',(1.472079462,29.140103565973));
#5735 = CARTESIAN_POINT('',(1.451980634664,29.181984420463));
#5736 = CARTESIAN_POINT('',(1.432523229046,29.228836649855));
#5737 = CARTESIAN_POINT('',(1.399172808439,29.319848022107));
#5738 = CARTESIAN_POINT('',(1.384986955694,29.362342223069));
#5739 = CARTESIAN_POINT('',(1.371212629169,29.407286200889));
#5740 = CARTESIAN_POINT('',(1.357852167251,29.454478874927));
#5741 = CARTESIAN_POINT('',(1.344907399808,29.503733722775));
#5742 = CARTESIAN_POINT('',(1.316176949742,29.621023673916));
#5743 = CARTESIAN_POINT('',(1.300667903837,29.690344827472));
#5744 = CARTESIAN_POINT('',(1.285844525171,29.762516792056));
#5745 = CARTESIAN_POINT('',(1.271700577138,29.837263090485));
#5746 = CARTESIAN_POINT('',(1.258230795005,29.914355391509));
#5747 = CARTESIAN_POINT('',(1.229214449148,30.094018524119));
#5748 = CARTESIAN_POINT('',(1.214070216185,30.197914259318));
#5749 = CARTESIAN_POINT('',(1.199994928373,30.304901295077));
#5750 = CARTESIAN_POINT('',(1.186991969921,30.414646826321));
#5751 = CARTESIAN_POINT('',(1.175069420398,30.526882998582));
#5752 = CARTESIAN_POINT('',(1.154647034137,30.742825904292));
#5753 = CARTESIAN_POINT('',(1.145912216359,30.846034253867));
#5754 = CARTESIAN_POINT('',(1.138049319569,30.950814693764));
#5755 = CARTESIAN_POINT('',(1.131073149329,31.056968319309));
#5756 = CARTESIAN_POINT('',(1.124997837232,31.164312687259));
#5757 = CARTESIAN_POINT('',(1.114213580517,31.390739670204));
#5758 = CARTESIAN_POINT('',(1.109675839816,31.510003904786));
#5759 = CARTESIAN_POINT('',(1.106244302521,31.630168647538));
#5760 = CARTESIAN_POINT('',(1.103933400676,31.750937338414));
#5761 = CARTESIAN_POINT('',(1.102750849591,31.872021861642));
#5762 = CARTESIAN_POINT('',(1.102595116156,32.2260164242));
#5763 = CARTESIAN_POINT('',(1.106667397421,32.458490624409));
#5764 = CARTESIAN_POINT('',(1.114886906356,32.688846412446));
#5765 = CARTESIAN_POINT('',(1.127168163983,32.915311117102));
#5766 = CARTESIAN_POINT('',(1.143363672105,33.135906439819));
#5767 = CARTESIAN_POINT('',(1.177448400018,33.499587908924));
#5768 = CARTESIAN_POINT('',(1.193522925532,33.646868193688));
#5769 = CARTESIAN_POINT('',(1.211466984837,33.789710702325));
#5770 = CARTESIAN_POINT('',(1.23127041116,33.927511971007));
#5771 = CARTESIAN_POINT('',(1.252937412407,34.059444107922));
#5772 = CARTESIAN_POINT('',(1.295924952174,34.287544141939));
#5773 = CARTESIAN_POINT('',(1.316668487816,34.386047491111));
#5774 = CARTESIAN_POINT('',(1.33872043182,34.479200751509));
#5775 = CARTESIAN_POINT('',(1.362087921306,34.566167218784));
#5776 = CARTESIAN_POINT('',(1.386775766963,34.645935071864));
#5777 = CARTESIAN_POINT('',(1.443976151302,34.802865014333));
#5778 = CARTESIAN_POINT('',(1.477329846902,34.877058027547));
#5779 = CARTESIAN_POINT('',(1.512412975785,34.936037041578));
#5780 = CARTESIAN_POINT('',(1.548764926041,34.977130263603));
#5781 = CARTESIAN_POINT('',(1.585927124805,34.998660808189));
#5782 = CARTESIAN_POINT('',(1.661741696019,35.001268524328));
#5783 = CARTESIAN_POINT('',(1.699780910298,34.981438320071));
#5784 = CARTESIAN_POINT('',(1.737030631324,34.941038239696));
#5785 = CARTESIAN_POINT('',(1.772988869304,34.88178331161));
#5786 = CARTESIAN_POINT('',(1.807150392948,34.80651342743));
#5787 = CARTESIAN_POINT('',(1.853622200181,34.679544019221));
#5788 = CARTESIAN_POINT('',(1.867794922199,34.637044872015));
#5789 = CARTESIAN_POINT('',(1.881556548542,34.592100797982));
#5790 = CARTESIAN_POINT('',(1.894904771773,34.544912369107));
#5791 = CARTESIAN_POINT('',(1.907837790218,34.495665603565));
#5792 = CARTESIAN_POINT('',(1.93706206889,34.376279203339));
#5793 = CARTESIAN_POINT('',(1.953031916904,34.304648767705));
#5794 = CARTESIAN_POINT('',(1.968272586069,34.229997404228));
#5795 = CARTESIAN_POINT('',(1.982790829274,34.152626746673));
#5796 = CARTESIAN_POINT('',(1.996592287572,34.072784190818));
#5797 = CARTESIAN_POINT('',(2.025353240703,33.892348533024));
#5798 = CARTESIAN_POINT('',(2.040006500033,33.790755296611));
#5799 = CARTESIAN_POINT('',(2.053643880972,33.68624817519));
#5800 = CARTESIAN_POINT('',(2.066261910748,33.57913272973));
#5801 = CARTESIAN_POINT('',(2.077852904055,33.469656619574));
#5802 = CARTESIAN_POINT('',(2.097993094843,33.256588318986));
#5803 = CARTESIAN_POINT('',(2.106723254435,33.153378807934));
#5804 = CARTESIAN_POINT('',(2.114581549878,33.048598104187));
#5805 = CARTESIAN_POINT('',(2.12155317388,32.942445089162));
#5806 = CARTESIAN_POINT('',(2.127623997048,32.835102198545));
#5807 = CARTESIAN_POINT('',(2.138447685612,32.607657193904));
#5808 = CARTESIAN_POINT('',(2.143010566247,32.487350796376));
#5809 = CARTESIAN_POINT('',(2.146447868925,32.366130870625));
#5810 = CARTESIAN_POINT('',(2.148744805811,32.244302654941));
#5811 = CARTESIAN_POINT('',(2.149893607639,32.122162848876));
#5812 = CARTESIAN_POINT('',(2.149893607639,31.876499605783));
#5813 = CARTESIAN_POINT('',(2.14871951317,31.753023856448));
#5814 = CARTESIAN_POINT('',(2.146372047746,31.629870201631));
#5815 = CARTESIAN_POINT('',(2.142859319023,31.507344660481));
#5816 = CARTESIAN_POINT('',(2.13819672891,31.385762263004));
#5817 = CARTESIAN_POINT('',(2.12734055376,31.160167591538));
#5818 = CARTESIAN_POINT('',(2.121411290842,31.055862531283));
#5819 = CARTESIAN_POINT('',(2.114631143868,30.952685822637));
#5820 = CARTESIAN_POINT('',(2.107013104501,30.850805238008));
#5821 = CARTESIAN_POINT('',(2.098570776144,30.750403213076));
#5822 = CARTESIAN_POINT('',(2.070713894465,30.453172392299));
#5823 = CARTESIAN_POINT('',(2.048851851271,30.261641393655));
#5824 = CARTESIAN_POINT('',(2.023794429375,30.07799500388));
#5825 = CARTESIAN_POINT('',(1.995537869323,29.903632722785));
#5826 = CARTESIAN_POINT('',(1.964044717177,29.740736267644));
#5827 = CARTESIAN_POINT('',(1.917122873114,29.540931138387));
#5828 = CARTESIAN_POINT('',(1.904585199014,29.491044051867));
#5829 = CARTESIAN_POINT('',(1.891642169528,29.443087813379));
#5830 = CARTESIAN_POINT('',(1.87829430396,29.397232397479));
#5831 = CARTESIAN_POINT('',(1.864542517222,29.35366305524));
#5832 = CARTESIAN_POINT('',(1.850387924342,29.312580750567));
#5833 = ( GEOMETRIC_REPRESENTATION_CONTEXT(2) 
PARAMETRIC_REPRESENTATION_CONTEXT() REPRESENTATION_CONTEXT('2D SPACE',''
  ) );
#5834 = PCURVE('',#5835,#5840);
#5835 = CYLINDRICAL_SURFACE('',#5836,3.);
#5836 = AXIS2_PLACEMENT_3D('',#5837,#5838,#5839);
#5837 = CARTESIAN_POINT('',(-27.45216656773,-11.49377856926,
    14.222222222222));
#5838 = DIRECTION('',(-0.124034734589,0.992277876714,0.));
#5839 = DIRECTION('',(0.992277876714,0.124034734589,0.));
#5840 = DEFINITIONAL_REPRESENTATION('',(#5841),#5954);
#5841 = B_SPLINE_CURVE_WITH_KNOTS('',6,(#5842,#5843,#5844,#5845,#5846,
    #5847,#5848,#5849,#5850,#5851,#5852,#5853,#5854,#5855,#5856,#5857,
    #5858,#5859,#5860,#5861,#5862,#5863,#5864,#5865,#5866,#5867,#5868,
    #5869,#5870,#5871,#5872,#5873,#5874,#5875,#5876,#5877,#5878,#5879,
    #5880,#5881,#5882,#5883,#5884,#5885,#5886,#5887,#5888,#5889,#5890,
    #5891,#5892,#5893,#5894,#5895,#5896,#5897,#5898,#5899,#5900,#5901,
    #5902,#5903,#5904,#5905,#5906,#5907,#5908,#5909,#5910,#5911,#5912,
    #5913,#5914,#5915,#5916,#5917,#5918,#5919,#5920,#5921,#5922,#5923,
    #5924,#5925,#5926,#5927,#5928,#5929,#5930,#5931,#5932,#5933,#5934,
    #5935,#5936,#5937,#5938,#5939,#5940,#5941,#5942,#5943,#5944,#5945,
    #5946,#5947,#5948,#5949,#5950,#5951,#5952,#5953),.UNSPECIFIED.,.F.,
  .F.,(7,5,5,5,5,5,5,5,5,5,5,5,5,5,5,5,5,5,5,5,5,5,7),(0.,
    3.70777914761E-02,8.674427883221E-02,0.121863721011,0.149191930327,
    0.184535675875,0.229309750524,0.268961396984,0.31215845783,
    0.395212120178,0.454356003121,0.503192472427,0.561763299174,
    0.621601951714,0.64896174574,0.685482096164,0.729203991735,
    0.768922325109,0.812566961516,0.85668945744,0.895298282369,
    0.972927702423,1.),.UNSPECIFIED.);
#5842 = CARTESIAN_POINT('',(0.,2.150023741739));
#5843 = CARTESIAN_POINT('',(4.228650467994E-02,2.124122424844));
#5844 = CARTESIAN_POINT('',(8.545380102022E-02,2.099816150211));
#5845 = CARTESIAN_POINT('',(0.129427178076,2.077608869301));
#5846 = CARTESIAN_POINT('',(0.174153258729,2.05798373902));
#5847 = CARTESIAN_POINT('',(0.219595037071,2.041381019621));
#5848 = CARTESIAN_POINT('',(0.327521544881,2.01048753232));
#5849 = CARTESIAN_POINT('',(0.390506817088,1.998909325595));
#5850 = CARTESIAN_POINT('',(0.454055963502,1.994487452993));
#5851 = CARTESIAN_POINT('',(0.517640225707,1.997644535125));
#5852 = CARTESIAN_POINT('',(0.580733546004,2.008031241393));
#5853 = CARTESIAN_POINT('',(0.686547601529,2.036425836292));
#5854 = CARTESIAN_POINT('',(0.729790382393,2.051301734537));
#5855 = CARTESIAN_POINT('',(0.772412548442,2.068985357956));
#5856 = CARTESIAN_POINT('',(0.814371282047,2.089108102886));
#5857 = CARTESIAN_POINT('',(0.855609738393,2.111257346586));
#5858 = CARTESIAN_POINT('',(0.92752217701,2.153465170476));
#5859 = CARTESIAN_POINT('',(0.958544720634,2.172917728036));
#5860 = CARTESIAN_POINT('',(0.989140965879,2.19318402047));
#5861 = CARTESIAN_POINT('',(1.019329540905,2.214103081728));
#5862 = CARTESIAN_POINT('',(1.049127434276,2.235522246191));
#5863 = CARTESIAN_POINT('',(1.116604808577,2.285461846234));
#5864 = CARTESIAN_POINT('',(1.154041249907,2.314228911957));
#5865 = CARTESIAN_POINT('',(1.190920799525,2.343309697037));
#5866 = CARTESIAN_POINT('',(1.227298093449,2.372441849718));
#5867 = CARTESIAN_POINT('',(1.263226521473,2.401388860535));
#5868 = CARTESIAN_POINT('',(1.343780701239,2.466105149729));
#5869 = CARTESIAN_POINT('',(1.388176073781,2.501639383637));
#5870 = CARTESIAN_POINT('',(1.432046686055,2.536094992575));
#5871 = CARTESIAN_POINT('',(1.475479190121,2.569070134247));
#5872 = CARTESIAN_POINT('',(1.518558028461,2.600203936689));
#5873 = CARTESIAN_POINT('',(1.59929226941,2.654828460049));
#5874 = CARTESIAN_POINT('',(1.63700227001,2.678784738875));
#5875 = CARTESIAN_POINT('',(1.67453979759,2.700798930773));
#5876 = CARTESIAN_POINT('',(1.711939492344,2.720655510232));
#5877 = CARTESIAN_POINT('',(1.749236987356,2.738169977445));
#5878 = CARTESIAN_POINT('',(1.827033592349,2.769557551639));
#5879 = CARTESIAN_POINT('',(1.867517422132,2.782963799175));
#5880 = CARTESIAN_POINT('',(1.907941040856,2.79320414519));
#5881 = CARTESIAN_POINT('',(1.94832473188,2.800135679779));
#5882 = CARTESIAN_POINT('',(1.988690831546,2.803683198271));
#5883 = CARTESIAN_POINT('',(2.106689327369,2.804150397354));
#5884 = CARTESIAN_POINT('',(2.184164324673,2.791933562987));
#5885 = CARTESIAN_POINT('',(2.261759112424,2.767265654767));
#5886 = CARTESIAN_POINT('',(2.339707091418,2.731070374569));
#5887 = CARTESIAN_POINT('',(2.41822782083,2.68511437774));
#5888 = CARTESIAN_POINT('',(2.553933397058,2.593769686784));
#5889 = CARTESIAN_POINT('',(2.610813384325,2.551985492457));
#5890 = CARTESIAN_POINT('',(2.668341171921,2.507150589994));
#5891 = CARTESIAN_POINT('',(2.726724549262,2.460098189605));
#5892 = CARTESIAN_POINT('',(2.786178432747,2.411794111537));
#5893 = CARTESIAN_POINT('',(2.897104396678,2.32339768084));
#5894 = CARTESIAN_POINT('',(2.948215105788,2.283299290228));
#5895 = CARTESIAN_POINT('',(3.000386421055,2.243734796521));
#5896 = CARTESIAN_POINT('',(3.053738787832,2.205454607556));
#5897 = CARTESIAN_POINT('',(3.108402689992,2.169307554764));
#5898 = CARTESIAN_POINT('',(3.231837939103,2.096585596587));
#5899 = CARTESIAN_POINT('',(3.301815681007,2.061027388087));
#5900 = CARTESIAN_POINT('',(3.373723693268,2.031965404227));
#5901 = CARTESIAN_POINT('',(3.447056117575,2.011434535914));
#5902 = CARTESIAN_POINT('',(3.521410282931,2.000669587805));
#5903 = CARTESIAN_POINT('',(3.673041294006,1.999365745804));
#5904 = CARTESIAN_POINT('',(3.74909015103,2.009280524269));
#5905 = CARTESIAN_POINT('',(3.824139309654,2.029495161314));
#5906 = CARTESIAN_POINT('',(3.897742016046,2.058749317823));
#5907 = CARTESIAN_POINT('',(3.969340124325,2.094870188956));
#5908 = CARTESIAN_POINT('',(4.069563072955,2.15374390943));
#5909 = CARTESIAN_POINT('',(4.100562496204,2.173195193267));
#5910 = CARTESIAN_POINT('',(4.13113624124,2.193457699513));
#5911 = CARTESIAN_POINT('',(4.161302940014,2.214370826838));
#5912 = CARTESIAN_POINT('',(4.191079593438,2.235782271545));
#5913 = CARTESIAN_POINT('',(4.259730337431,2.286604465552));
#5914 = CARTESIAN_POINT('',(4.298321761255,2.316300192704));
#5915 = CARTESIAN_POINT('',(4.336323204505,2.346318442733));
#5916 = CARTESIAN_POINT('',(4.37379435447,2.376372318456));
#5917 = CARTESIAN_POINT('',(4.410793559752,2.406204012467));
#5918 = CARTESIAN_POINT('',(4.491187845438,2.470754638829));
#5919 = CARTESIAN_POINT('',(4.534411206327,2.505281887944));
#5920 = CARTESIAN_POINT('',(4.5771428914,2.538754485709));
#5921 = CARTESIAN_POINT('',(4.619462839821,2.570801943757));
#5922 = CARTESIAN_POINT('',(4.661449022423,2.60109059616));
#5923 = CARTESIAN_POINT('',(4.741099712997,2.654966290064));
#5924 = CARTESIAN_POINT('',(4.778806503825,2.678912097226));
#5925 = CARTESIAN_POINT('',(4.81634099669,2.700915234587));
#5926 = CARTESIAN_POINT('',(4.853737804193,2.72076028418));
#5927 = CARTESIAN_POINT('',(4.891032533689,2.73826286013));
#5928 = CARTESIAN_POINT('',(4.969175006016,2.769766776277));
#5929 = CARTESIAN_POINT('',(5.010006748503,2.783249989765));
#5930 = CARTESIAN_POINT('',(5.050777833804,2.793510169684));
#5931 = CARTESIAN_POINT('',(5.091508739271,2.800401278188));
#5932 = CARTESIAN_POINT('',(5.132222022441,2.803847577293));
#5933 = CARTESIAN_POINT('',(5.214109770138,2.803847577293));
#5934 = CARTESIAN_POINT('',(5.255268368824,2.800325406839));
#5935 = CARTESIAN_POINT('',(5.296445120319,2.79328269451));
#5936 = CARTESIAN_POINT('',(5.337663501275,2.782798543964));
#5937 = CARTESIAN_POINT('',(5.37894480186,2.769025333027));
#5938 = CARTESIAN_POINT('',(5.456503864579,2.737448168728));
#5939 = CARTESIAN_POINT('',(5.492760778714,2.720363463551));
#5940 = CARTESIAN_POINT('',(5.529114683632,2.701069378765));
#5941 = CARTESIAN_POINT('',(5.565598274238,2.679735501128));
#5942 = CARTESIAN_POINT('',(5.602243350964,2.656559143275));
#5943 = CARTESIAN_POINT('',(5.713153263161,2.581904645388));
#5944 = CARTESIAN_POINT('',(5.787934639624,2.525545335977));
#5945 = CARTESIAN_POINT('',(5.86393531266,2.464348654416));
#5946 = CARTESIAN_POINT('',(5.941659617101,2.400224261483));
#5947 = CARTESIAN_POINT('',(6.021606774249,2.335531378611));
#5948 = CARTESIAN_POINT('',(6.133224594924,2.251537397531));
#5949 = CARTESIAN_POINT('',(6.162437376062,2.230105461114));
#5950 = CARTESIAN_POINT('',(6.19202060309,2.209091910405));
#5951 = CARTESIAN_POINT('',(6.221992741772,2.188638716564));
#5952 = CARTESIAN_POINT('',(6.252373578675,2.168896532245));
#5953 = CARTESIAN_POINT('',(6.28318530718,2.150023741739));
#5954 = ( GEOMETRIC_REPRESENTATION_CONTEXT(2) 
PARAMETRIC_REPRESENTATION_CONTEXT() REPRESENTATION_CONTEXT('2D SPACE',''
  ) );
#5955 = FACE_BOUND('',#5956,.T.);
#5956 = EDGE_LOOP('',(#5957));
#5957 = ORIENTED_EDGE('',*,*,#5958,.F.);
#5958 = EDGE_CURVE('',#5959,#5959,#5961,.T.);
#5959 = VERTEX_POINT('',#5960);
#5960 = CARTESIAN_POINT('',(-26.19321106684,2.621350668577,
    14.222222222222));
#5961 = SURFACE_CURVE('',#5962,(#6075,#6191),.PCURVE_S1.);
#5962 = B_SPLINE_CURVE_WITH_KNOTS('',6,(#5963,#5964,#5965,#5966,#5967,
    #5968,#5969,#5970,#5971,#5972,#5973,#5974,#5975,#5976,#5977,#5978,
    #5979,#5980,#5981,#5982,#5983,#5984,#5985,#5986,#5987,#5988,#5989,
    #5990,#5991,#5992,#5993,#5994,#5995,#5996,#5997,#5998,#5999,#6000,
    #6001,#6002,#6003,#6004,#6005,#6006,#6007,#6008,#6009,#6010,#6011,
    #6012,#6013,#6014,#6015,#6016,#6017,#6018,#6019,#6020,#6021,#6022,
    #6023,#6024,#6025,#6026,#6027,#6028,#6029,#6030,#6031,#6032,#6033,
    #6034,#6035,#6036,#6037,#6038,#6039,#6040,#6041,#6042,#6043,#6044,
    #6045,#6046,#6047,#6048,#6049,#6050,#6051,#6052,#6053,#6054,#6055,
    #6056,#6057,#6058,#6059,#6060,#6061,#6062,#6063,#6064,#6065,#6066,
    #6067,#6068,#6069,#6070,#6071,#6072,#6073,#6074),.UNSPECIFIED.,.T.,
  .F.,(7,5,5,5,5,5,5,5,5,5,5,5,5,5,5,5,5,5,5,5,5,5,7),(0.,
    3.707779144448E-02,8.674427876222E-02,0.121863720919,0.149191930227,
    0.184535675772,0.229309750417,0.268961396873,0.312158457714,
    0.395212120053,0.45435600299,0.503192472265,0.561763298952,
    0.621601951482,0.648961745526,0.685482095973,0.72920399157,
    0.768922324969,0.812566961402,0.856689457353,0.895298282306,
    0.972927702406,1.),.UNSPECIFIED.);
#5963 = CARTESIAN_POINT('',(-26.19321106685,2.621350668585,
    14.222222222222));
#5964 = CARTESIAN_POINT('',(-26.19642372981,2.647051972319,
    14.095362708173));
#5965 = CARTESIAN_POINT('',(-26.20582633248,2.670372078357,
    13.965860673779));
#5966 = CARTESIAN_POINT('',(-26.22185457535,2.69074865082,
    13.834349284375));
#5967 = CARTESIAN_POINT('',(-26.24485653994,2.707651262582,
    13.701480590739));
#5968 = CARTESIAN_POINT('',(-26.27510433559,2.720602213517,
    13.567928209341));
#5969 = CARTESIAN_POINT('',(-26.36330758474,2.740710714542,
    13.255512744988));
#5970 = CARTESIAN_POINT('',(-26.42714428105,2.744399438364,
    13.07679886389));
#5971 = CARTESIAN_POINT('',(-26.50431517529,2.739209361164,
    12.901553988523));
#5972 = CARTESIAN_POINT('',(-26.59389809784,2.72482984461,
    12.732755416566));
#5973 = CARTESIAN_POINT('',(-26.69419699691,2.701824944341,
    12.572952248246));
#5974 = CARTESIAN_POINT('',(-26.87947219732,2.650049976446,
    12.318849444317));
#5975 = CARTESIAN_POINT('',(-26.96027545899,2.624957903003,
    12.219151142587));
#5976 = CARTESIAN_POINT('',(-27.04456981057,2.596599867817,
    12.125243369227));
#5977 = CARTESIAN_POINT('',(-27.13176147446,2.565421565302,
    12.037297388439));
#5978 = CARTESIAN_POINT('',(-27.22122353116,2.531917194254,
    11.955414698424));
#5979 = CARTESIAN_POINT('',(-27.38314949579,2.469140154275,
    11.820644096737));
#5980 = CARTESIAN_POINT('',(-27.45505894032,2.440547532099,
    11.765289004285));
#5981 = CARTESIAN_POINT('',(-27.52783845108,2.411026084106,
    11.713473570833));
#5982 = CARTESIAN_POINT('',(-27.60132734686,2.380758114168,
    11.665112303388));
#5983 = CARTESIAN_POINT('',(-27.67538103963,2.349915549484,
    11.620117684358));
#5984 = CARTESIAN_POINT('',(-27.84620733904,2.278234021138,
    11.524447093507));
#5985 = CARTESIAN_POINT('',(-27.94329477674,2.23710715411,
    11.475963096844));
#5986 = CARTESIAN_POINT('',(-28.04091874765,2.195597059642,
    11.432724551729));
#5987 = CARTESIAN_POINT('',(-28.13890605785,2.153989780407,
    11.394527282979));
#5988 = CARTESIAN_POINT('',(-28.23712358533,2.112540306691,
    11.361187536895));
#5989 = CARTESIAN_POINT('',(-28.46007475379,2.019451485133,
    11.296255042952));
#5990 = CARTESIAN_POINT('',(-28.58490995669,1.96803631569,
    11.267496248992));
#5991 = CARTESIAN_POINT('',(-28.70974865927,1.91770772785,
    11.245957527331));
#5992 = CARTESIAN_POINT('',(-28.8343984374,1.868894744153,
    11.231382170448));
#5993 = CARTESIAN_POINT('',(-28.95870806505,1.821979948201,
    11.223565603755));
#5994 = CARTESIAN_POINT('',(-29.1922544629,1.737737025132,
    11.221283615137));
#5995 = CARTESIAN_POINT('',(-29.3015828716,1.69992826222,11.225393393539
    ));
#5996 = CARTESIAN_POINT('',(-29.41039401331,1.664141358356,
    11.234580373924));
#5997 = CARTESIAN_POINT('',(-29.51854080883,1.630611901218,
    11.248750076089));
#5998 = CARTESIAN_POINT('',(-29.62588437337,1.599543187025,
    11.267820596335));
#5999 = CARTESIAN_POINT('',(-29.84821342313,1.540120216648,
    11.317767465845));
#6000 = CARTESIAN_POINT('',(-29.96301439774,1.512259516938,
    11.349544869504));
#6001 = CARTESIAN_POINT('',(-30.07643485912,1.487761920641,
    11.386950218869));
#6002 = CARTESIAN_POINT('',(-30.1882208439,1.466803195237,
    11.429868122424));
#6003 = CARTESIAN_POINT('',(-30.29812148122,1.449490489517,
    11.478178848633));
#6004 = CARTESIAN_POINT('',(-30.61308223969,1.409649559779,
    11.634784865005));
#6005 = CARTESIAN_POINT('',(-30.81190924436,1.397108092638,
    11.757062439359));
#6006 = CARTESIAN_POINT('',(-31.00089706533,1.398344494289,
    11.897696420909));
#6007 = CARTESIAN_POINT('',(-31.17837853012,1.412636270968,
    12.05585202097));
#6008 = CARTESIAN_POINT('',(-31.34238315554,1.43844932923,
    12.230635510805));
#6009 = CARTESIAN_POINT('',(-31.59629128217,1.498766368705,
    12.556181822904));
#6010 = CARTESIAN_POINT('',(-31.69404881925,1.528656044628,
    12.699519808442));
#6011 = CARTESIAN_POINT('',(-31.78339851694,1.562671149889,
    12.850719833804));
#6012 = CARTESIAN_POINT('',(-31.86358093118,1.60006692056,
    13.009756802534));
#6013 = CARTESIAN_POINT('',(-31.93358852381,1.639995962441,
    13.176571185796));
#6014 = CARTESIAN_POINT('',(-32.04044902442,1.715722750883,
    13.495006958116));
#6015 = CARTESIAN_POINT('',(-32.0810050013,1.751063698852,
    13.644362777156));
#6016 = CARTESIAN_POINT('',(-32.1130052787,1.786936057429,
    13.798925147931));
#6017 = CARTESIAN_POINT('',(-32.13553403246,1.822698056955,
    13.958482691567));
#6018 = CARTESIAN_POINT('',(-32.1475349541,1.857626298792,
    14.122690578112));
#6019 = CARTESIAN_POINT('',(-32.14812866687,1.930839981057,
    14.492898943759));
#6020 = CARTESIAN_POINT('',(-32.13158165272,1.968743288076,
    14.702403078556));
#6021 = CARTESIAN_POINT('',(-32.09554879133,2.002535546319,
    14.915619647464));
#6022 = CARTESIAN_POINT('',(-32.03870871041,2.03033120045,
    15.128708472382));
#6023 = CARTESIAN_POINT('',(-31.96086160996,2.050910811294,
    15.337991301322));
#6024 = CARTESIAN_POINT('',(-31.76273113422,2.076991109546,
    15.746639688674));
#6025 = CARTESIAN_POINT('',(-31.64320715544,2.081939669437,
    15.942306826547));
#6026 = CARTESIAN_POINT('',(-31.50646413741,2.078660594964,
    16.124072913316));
#6027 = CARTESIAN_POINT('',(-31.35576593508,2.068016051511,
    16.289484593964));
#6028 = CARTESIAN_POINT('',(-31.19534146698,2.051667138314,
    16.436889062147));
#6029 = CARTESIAN_POINT('',(-30.95498186742,2.022380199665,
    16.624605358328));
#6030 = CARTESIAN_POINT('',(-30.87827817405,2.012365503356,
    16.679885989763));
#6031 = CARTESIAN_POINT('',(-30.80050586297,2.001666848742,
    16.731631781686));
#6032 = CARTESIAN_POINT('',(-30.72186495441,1.990421084461,
    16.779928192775));
#6033 = CARTESIAN_POINT('',(-30.6425373392,1.978758963115,
    16.824862670391));
#6034 = CARTESIAN_POINT('',(-30.4561021288,1.950845660988,
    16.922135365161));
#6035 = CARTESIAN_POINT('',(-30.34856073029,1.93436151001,
    16.971928644243));
#6036 = CARTESIAN_POINT('',(-30.24037628215,1.917632707417,
    17.016149772065));
#6037 = CARTESIAN_POINT('',(-30.13180861861,1.900915903807,
    17.055021918738));
#6038 = CARTESIAN_POINT('',(-30.02306530401,1.884444967359,
    17.088745063147));
#6039 = CARTESIAN_POINT('',(-29.78409281614,1.8492635549,17.15191445574)
  );
#6040 = CARTESIAN_POINT('',(-29.65383807748,1.830749449519,
    17.179210624787));
#6041 = CARTESIAN_POINT('',(-29.52385460093,1.813264295253,
    17.199665266128));
#6042 = CARTESIAN_POINT('',(-29.39441116619,1.797147866225,
    17.213513276068));
#6043 = CARTESIAN_POINT('',(-29.26573087043,1.782708537879,
    17.220942787637));
#6044 = CARTESIAN_POINT('',(-29.02195160114,1.758885980213,
    17.223142010493));
#6045 = CARTESIAN_POINT('',(-28.90669212547,1.749161256005,
    17.219008380908));
#6046 = CARTESIAN_POINT('',(-28.79243226845,1.741269367548,
    17.20979853939));
#6047 = CARTESIAN_POINT('',(-28.67937256149,1.735402342813,
    17.195606913339));
#6048 = CARTESIAN_POINT('',(-28.56769765191,1.731722921689,
    17.176515373322));
#6049 = CARTESIAN_POINT('',(-28.33657210848,1.728864528111,
    17.126300601349));
#6050 = CARTESIAN_POINT('',(-28.21745230539,1.730166360695,
    17.094176271233));
#6051 = CARTESIAN_POINT('',(-28.10053855215,1.734440552968,
    17.056327492834));
#6052 = CARTESIAN_POINT('',(-27.98612865731,1.741797053207,
    17.012872922288));
#6053 = CARTESIAN_POINT('',(-27.87449986112,1.752277533772,
    16.963936071156));
#6054 = CARTESIAN_POINT('',(-27.65613253393,1.779573449671,
    16.854752407559));
#6055 = CARTESIAN_POINT('',(-27.54950376642,1.796451626364,
    16.794409050749));
#6056 = CARTESIAN_POINT('',(-27.44628658114,1.816451294781,
    16.728747615085));
#6057 = CARTESIAN_POINT('',(-27.34673891579,1.839460493446,
    16.657912777849));
#6058 = CARTESIAN_POINT('',(-27.25111323798,1.865294100246,
    16.582062140845));
#6059 = CARTESIAN_POINT('',(-27.07962631317,1.91855287054,
    16.430762672242));
#6060 = CARTESIAN_POINT('',(-27.00279171898,1.9453748569,16.356450971637
    ));
#6061 = CARTESIAN_POINT('',(-26.92926756311,1.974009611953,
    16.278510377686));
#6062 = CARTESIAN_POINT('',(-26.85918226356,2.004270176933,
    16.197014802624));
#6063 = CARTESIAN_POINT('',(-26.79267613244,2.035940164658,
    16.112040005703));
#6064 = CARTESIAN_POINT('',(-26.60368074184,2.134800063987,
    15.845976414989));
#6065 = CARTESIAN_POINT('',(-26.49266977442,2.205474344788,
    15.654722173069));
#6066 = CARTESIAN_POINT('',(-26.3976185567,2.279028674514,
    15.450008813952));
#6067 = CARTESIAN_POINT('',(-26.31987051288,2.353370602963,
    15.231775251229));
#6068 = CARTESIAN_POINT('',(-26.26148919293,2.425864604981,
    15.000144367566));
#6069 = CARTESIAN_POINT('',(-26.21280698732,2.516597521279,
    14.670630467034));
#6070 = CARTESIAN_POINT('',(-26.20292537349,2.539431447438,
    14.583856231575));
#6071 = CARTESIAN_POINT('',(-26.19588071849,2.561489112066,
    14.495558421121));
#6072 = CARTESIAN_POINT('',(-26.19181274593,2.582609973701,
    14.405799895879));
#6073 = CARTESIAN_POINT('',(-26.19087018528,2.602623616094,
    14.314657407737));
#6074 = CARTESIAN_POINT('',(-26.19321106685,2.621350668585,
    14.222222222222));
#6075 = PCURVE('',#577,#6076);
#6076 = DEFINITIONAL_REPRESENTATION('',(#6077),#6190);
#6077 = B_SPLINE_CURVE_WITH_KNOTS('',6,(#6078,#6079,#6080,#6081,#6082,
    #6083,#6084,#6085,#6086,#6087,#6088,#6089,#6090,#6091,#6092,#6093,
    #6094,#6095,#6096,#6097,#6098,#6099,#6100,#6101,#6102,#6103,#6104,
    #6105,#6106,#6107,#6108,#6109,#6110,#6111,#6112,#6113,#6114,#6115,
    #6116,#6117,#6118,#6119,#6120,#6121,#6122,#6123,#6124,#6125,#6126,
    #6127,#6128,#6129,#6130,#6131,#6132,#6133,#6134,#6135,#6136,#6137,
    #6138,#6139,#6140,#6141,#6142,#6143,#6144,#6145,#6146,#6147,#6148,
    #6149,#6150,#6151,#6152,#6153,#6154,#6155,#6156,#6157,#6158,#6159,
    #6160,#6161,#6162,#6163,#6164,#6165,#6166,#6167,#6168,#6169,#6170,
    #6171,#6172,#6173,#6174,#6175,#6176,#6177,#6178,#6179,#6180,#6181,
    #6182,#6183,#6184,#6185,#6186,#6187,#6188,#6189),.UNSPECIFIED.,.T.,
  .F.,(7,5,5,5,5,5,5,5,5,5,5,5,5,5,5,5,5,5,5,5,5,5,7),(0.,
    3.707779144448E-02,8.674427876222E-02,0.121863720919,0.149191930227,
    0.184535675772,0.229309750417,0.268961396873,0.312158457714,
    0.395212120053,0.45435600299,0.503192472265,0.561763298952,
    0.621601951482,0.648961745526,0.685482095973,0.72920399157,
    0.768922324969,0.812566961402,0.856689457353,0.895298282306,
    0.972927702406,1.),.UNSPECIFIED.);
#6078 = CARTESIAN_POINT('',(4.543794393329,29.312580750567));
#6079 = CARTESIAN_POINT('',(4.563220381001,29.256198744323));
#6080 = CARTESIAN_POINT('',(4.583436915174,29.20440903074));
#6081 = CARTESIAN_POINT('',(4.604382484488,29.157942787728));
#6082 = CARTESIAN_POINT('',(4.625992804385,29.117458157771));
#6083 = CARTESIAN_POINT('',(4.648200907844,29.083549478732));
#6084 = CARTESIAN_POINT('',(4.701393029638,29.020866771486));
#6085 = CARTESIAN_POINT('',(4.7327731084,28.997772251734));
#6086 = CARTESIAN_POINT('',(4.764629477886,28.989058666143));
#6087 = CARTESIAN_POINT('',(4.796515741053,28.995264067161));
#6088 = CARTESIAN_POINT('',(4.827985666388,29.01595111377));
#6089 = CARTESIAN_POINT('',(4.880232063659,29.073458375487));
#6090 = CARTESIAN_POINT('',(4.90142487277,29.103761148813));
#6091 = CARTESIAN_POINT('',(4.922102855668,29.140103565967));
#6092 = CARTESIAN_POINT('',(4.942201683006,29.181984420459));
#6093 = CARTESIAN_POINT('',(4.961659088627,29.228836649862));
#6094 = CARTESIAN_POINT('',(4.995009509235,29.319848022115));
#6095 = CARTESIAN_POINT('',(5.009195361977,29.362342223068));
#6096 = CARTESIAN_POINT('',(5.022969688499,29.407286200881));
#6097 = CARTESIAN_POINT('',(5.03633015042,29.454478874923));
#6098 = CARTESIAN_POINT('',(5.049274917865,29.503733722784));
#6099 = CARTESIAN_POINT('',(5.078005367929,29.621023673916));
#6100 = CARTESIAN_POINT('',(5.093514413834,29.690344827472));
#6101 = CARTESIAN_POINT('',(5.1083377925,29.762516792056));
#6102 = CARTESIAN_POINT('',(5.122481740533,29.837263090485));
#6103 = CARTESIAN_POINT('',(5.135951522666,29.914355391509));
#6104 = CARTESIAN_POINT('',(5.164967868523,30.094018524119));
#6105 = CARTESIAN_POINT('',(5.180112101486,30.197914259318));
#6106 = CARTESIAN_POINT('',(5.194187389298,30.304901295077));
#6107 = CARTESIAN_POINT('',(5.20719034775,30.414646826321));
#6108 = CARTESIAN_POINT('',(5.219112897273,30.526882998582));
#6109 = CARTESIAN_POINT('',(5.239535283534,30.742825904291));
#6110 = CARTESIAN_POINT('',(5.248270101312,30.846034253867));
#6111 = CARTESIAN_POINT('',(5.256132998102,30.950814693764));
#6112 = CARTESIAN_POINT('',(5.263109168342,31.056968319309));
#6113 = CARTESIAN_POINT('',(5.269184480439,31.164312687259));
#6114 = CARTESIAN_POINT('',(5.279968737154,31.390739670205));
#6115 = CARTESIAN_POINT('',(5.284506477855,31.510003904786));
#6116 = CARTESIAN_POINT('',(5.28793801515,31.630168647537));
#6117 = CARTESIAN_POINT('',(5.290248916995,31.750937338414));
#6118 = CARTESIAN_POINT('',(5.29143146808,31.872021861643));
#6119 = CARTESIAN_POINT('',(5.291587201515,32.2260164242));
#6120 = CARTESIAN_POINT('',(5.28751492025,32.458490624409));
#6121 = CARTESIAN_POINT('',(5.279295411315,32.688846412445));
#6122 = CARTESIAN_POINT('',(5.267014153688,32.915311117102));
#6123 = CARTESIAN_POINT('',(5.250818645566,33.135906439819));
#6124 = CARTESIAN_POINT('',(5.216733917653,33.499587908924));
#6125 = CARTESIAN_POINT('',(5.200659392139,33.646868193688));
#6126 = CARTESIAN_POINT('',(5.182715332834,33.789710702325));
#6127 = CARTESIAN_POINT('',(5.162911906511,33.927511971007));
#6128 = CARTESIAN_POINT('',(5.141244905264,34.059444107922));
#6129 = CARTESIAN_POINT('',(5.098257365507,34.287544141886));
#6130 = CARTESIAN_POINT('',(5.077513829853,34.386047491131));
#6131 = CARTESIAN_POINT('',(5.055461885841,34.479200751548));
#6132 = CARTESIAN_POINT('',(5.032094396362,34.566167218783));
#6133 = CARTESIAN_POINT('',(5.007406550718,34.645935071835));
#6134 = CARTESIAN_POINT('',(4.950206166369,34.802865014333));
#6135 = CARTESIAN_POINT('',(4.916852470769,34.877058027547));
#6136 = CARTESIAN_POINT('',(4.881769341886,34.936037041578));
#6137 = CARTESIAN_POINT('',(4.845417391631,34.977130263603));
#6138 = CARTESIAN_POINT('',(4.808255192866,34.998660808189));
#6139 = CARTESIAN_POINT('',(4.73244062162,35.001268524329));
#6140 = CARTESIAN_POINT('',(4.69440140738,34.981438320035));
#6141 = CARTESIAN_POINT('',(4.657151686378,34.941038239736));
#6142 = CARTESIAN_POINT('',(4.621193448377,34.88178331167));
#6143 = CARTESIAN_POINT('',(4.587031924694,34.806513427349));
#6144 = CARTESIAN_POINT('',(4.540560117491,34.679544019224));
#6145 = CARTESIAN_POINT('',(4.526387395471,34.637044872015));
#6146 = CARTESIAN_POINT('',(4.512625769128,34.592100797979));
#6147 = CARTESIAN_POINT('',(4.499277545897,34.544912369105));
#6148 = CARTESIAN_POINT('',(4.486344527454,34.495665603569));
#6149 = CARTESIAN_POINT('',(4.457120248781,34.376279203339));
#6150 = CARTESIAN_POINT('',(4.441150400767,34.304648767705));
#6151 = CARTESIAN_POINT('',(4.425909731602,34.229997404228));
#6152 = CARTESIAN_POINT('',(4.411391488397,34.152626746673));
#6153 = CARTESIAN_POINT('',(4.397590030099,34.072784190819));
#6154 = CARTESIAN_POINT('',(4.368829076968,33.892348533024));
#6155 = CARTESIAN_POINT('',(4.354175817638,33.79075529661));
#6156 = CARTESIAN_POINT('',(4.340538436699,33.68624817519));
#6157 = CARTESIAN_POINT('',(4.327920406923,33.57913272973));
#6158 = CARTESIAN_POINT('',(4.316329413616,33.469656619573));
#6159 = CARTESIAN_POINT('',(4.296189222828,33.256588318986));
#6160 = CARTESIAN_POINT('',(4.287459063236,33.153378807934));
#6161 = CARTESIAN_POINT('',(4.279600767793,33.048598104187));
#6162 = CARTESIAN_POINT('',(4.272629143791,32.942445089162));
#6163 = CARTESIAN_POINT('',(4.266558320623,32.835102198545));
#6164 = CARTESIAN_POINT('',(4.255734632059,32.607657193904));
#6165 = CARTESIAN_POINT('',(4.251171751424,32.487350796376));
#6166 = CARTESIAN_POINT('',(4.247734448746,32.366130870626));
#6167 = CARTESIAN_POINT('',(4.24543751186,32.244302654941));
#6168 = CARTESIAN_POINT('',(4.244288710032,32.122162848876));
#6169 = CARTESIAN_POINT('',(4.244288710032,31.876499605783));
#6170 = CARTESIAN_POINT('',(4.245462804501,31.753023856448));
#6171 = CARTESIAN_POINT('',(4.247810269925,31.629870201631));
#6172 = CARTESIAN_POINT('',(4.251322998648,31.507344660481));
#6173 = CARTESIAN_POINT('',(4.255985588761,31.385762263004));
#6174 = CARTESIAN_POINT('',(4.266841763911,31.160167591538));
#6175 = CARTESIAN_POINT('',(4.272771026829,31.055862531283));
#6176 = CARTESIAN_POINT('',(4.279551173803,30.952685822637));
#6177 = CARTESIAN_POINT('',(4.28716921317,30.850805238008));
#6178 = CARTESIAN_POINT('',(4.295611541527,30.750403213076));
#6179 = CARTESIAN_POINT('',(4.323468423206,30.4531723923));
#6180 = CARTESIAN_POINT('',(4.3453304664,30.261641393655));
#6181 = CARTESIAN_POINT('',(4.370387888296,30.07799500388));
#6182 = CARTESIAN_POINT('',(4.398644448348,29.903632722785));
#6183 = CARTESIAN_POINT('',(4.430137600494,29.740736267644));
#6184 = CARTESIAN_POINT('',(4.477059444557,29.540931138387));
#6185 = CARTESIAN_POINT('',(4.489597118657,29.491044051867));
#6186 = CARTESIAN_POINT('',(4.502540148143,29.443087813379));
#6187 = CARTESIAN_POINT('',(4.515888013711,29.397232397479));
#6188 = CARTESIAN_POINT('',(4.529639800449,29.35366305524));
#6189 = CARTESIAN_POINT('',(4.543794393329,29.312580750567));
#6190 = ( GEOMETRIC_REPRESENTATION_CONTEXT(2) 
PARAMETRIC_REPRESENTATION_CONTEXT() REPRESENTATION_CONTEXT('2D SPACE',''
  ) );
#6191 = PCURVE('',#5835,#6192);
#6192 = DEFINITIONAL_REPRESENTATION('',(#6193),#6306);
#6193 = B_SPLINE_CURVE_WITH_KNOTS('',6,(#6194,#6195,#6196,#6197,#6198,
    #6199,#6200,#6201,#6202,#6203,#6204,#6205,#6206,#6207,#6208,#6209,
    #6210,#6211,#6212,#6213,#6214,#6215,#6216,#6217,#6218,#6219,#6220,
    #6221,#6222,#6223,#6224,#6225,#6226,#6227,#6228,#6229,#6230,#6231,
    #6232,#6233,#6234,#6235,#6236,#6237,#6238,#6239,#6240,#6241,#6242,
    #6243,#6244,#6245,#6246,#6247,#6248,#6249,#6250,#6251,#6252,#6253,
    #6254,#6255,#6256,#6257,#6258,#6259,#6260,#6261,#6262,#6263,#6264,
    #6265,#6266,#6267,#6268,#6269,#6270,#6271,#6272,#6273,#6274,#6275,
    #6276,#6277,#6278,#6279,#6280,#6281,#6282,#6283,#6284,#6285,#6286,
    #6287,#6288,#6289,#6290,#6291,#6292,#6293,#6294,#6295,#6296,#6297,
    #6298,#6299,#6300,#6301,#6302,#6303,#6304,#6305),.UNSPECIFIED.,.F.,
  .F.,(7,5,5,5,5,5,5,5,5,5,5,5,5,5,5,5,5,5,5,5,5,5,7),(0.,
    3.707779144448E-02,8.674427876222E-02,0.121863720919,0.149191930227,
    0.184535675772,0.229309750417,0.268961396873,0.312158457714,
    0.395212120053,0.45435600299,0.503192472265,0.561763298952,
    0.621601951482,0.648961745526,0.685482095973,0.72920399157,
    0.768922324969,0.812566961402,0.856689457353,0.895298282306,
    0.972927702406,1.),.UNSPECIFIED.);
#6194 = CARTESIAN_POINT('',(0.,13.849976258261));
#6195 = CARTESIAN_POINT('',(4.2286504683E-02,13.875877575158));
#6196 = CARTESIAN_POINT('',(8.54538010193E-02,13.900183849788));
#6197 = CARTESIAN_POINT('',(0.129427178073,13.922391130698));
#6198 = CARTESIAN_POINT('',(0.174153258728,13.94201626098));
#6199 = CARTESIAN_POINT('',(0.219595037075,13.95861898038));
#6200 = CARTESIAN_POINT('',(0.327521544881,13.98951246768));
#6201 = CARTESIAN_POINT('',(0.390506817088,14.001090674405));
#6202 = CARTESIAN_POINT('',(0.454055963503,14.005512547007));
#6203 = CARTESIAN_POINT('',(0.517640225707,14.002355464875));
#6204 = CARTESIAN_POINT('',(0.580733546004,13.991968758607));
#6205 = CARTESIAN_POINT('',(0.686547601536,13.963574163706));
#6206 = CARTESIAN_POINT('',(0.729790382391,13.948698265463));
#6207 = CARTESIAN_POINT('',(0.772412548436,13.931014642047));
#6208 = CARTESIAN_POINT('',(0.814371282045,13.910891897116));
#6209 = CARTESIAN_POINT('',(0.855609738398,13.88874265341));
#6210 = CARTESIAN_POINT('',(0.927522177016,13.84653482952));
#6211 = CARTESIAN_POINT('',(0.958544720632,13.827082271964));
#6212 = CARTESIAN_POINT('',(0.989140965873,13.806815979534));
#6213 = CARTESIAN_POINT('',(1.019329540904,13.785896918273));
#6214 = CARTESIAN_POINT('',(1.049127434282,13.764477753805));
#6215 = CARTESIAN_POINT('',(1.116604808577,13.714538153766));
#6216 = CARTESIAN_POINT('',(1.154041249907,13.685771088043));
#6217 = CARTESIAN_POINT('',(1.190920799525,13.656690302963));
#6218 = CARTESIAN_POINT('',(1.227298093449,13.627558150282));
#6219 = CARTESIAN_POINT('',(1.263226521473,13.598611139465));
#6220 = CARTESIAN_POINT('',(1.343780701239,13.533894850271));
#6221 = CARTESIAN_POINT('',(1.388176073781,13.498360616363));
#6222 = CARTESIAN_POINT('',(1.432046686055,13.463905007425));
#6223 = CARTESIAN_POINT('',(1.475479190121,13.430929865753));
#6224 = CARTESIAN_POINT('',(1.518558028461,13.399796063311));
#6225 = CARTESIAN_POINT('',(1.59929226941,13.345171539951));
#6226 = CARTESIAN_POINT('',(1.63700227001,13.321215261125));
#6227 = CARTESIAN_POINT('',(1.67453979759,13.299201069227));
#6228 = CARTESIAN_POINT('',(1.711939492344,13.279344489768));
#6229 = CARTESIAN_POINT('',(1.749236987356,13.261830022555));
#6230 = CARTESIAN_POINT('',(1.827033592349,13.230442448361));
#6231 = CARTESIAN_POINT('',(1.867517422131,13.217036200825));
#6232 = CARTESIAN_POINT('',(1.907941040856,13.20679585481));
#6233 = CARTESIAN_POINT('',(1.94832473188,13.199864320221));
#6234 = CARTESIAN_POINT('',(1.988690831546,13.196316801729));
#6235 = CARTESIAN_POINT('',(2.106689327369,13.195849602646));
#6236 = CARTESIAN_POINT('',(2.184164324673,13.208066437013));
#6237 = CARTESIAN_POINT('',(2.261759112424,13.232734345233));
#6238 = CARTESIAN_POINT('',(2.339707091418,13.268929625431));
#6239 = CARTESIAN_POINT('',(2.41822782083,13.31488562226));
#6240 = CARTESIAN_POINT('',(2.553933397058,13.406230313216));
#6241 = CARTESIAN_POINT('',(2.610813384325,13.448014507543));
#6242 = CARTESIAN_POINT('',(2.668341171921,13.492849410006));
#6243 = CARTESIAN_POINT('',(2.726724549262,13.539901810395));
#6244 = CARTESIAN_POINT('',(2.786178432747,13.588205888463));
#6245 = CARTESIAN_POINT('',(2.897104396652,13.676602319139));
#6246 = CARTESIAN_POINT('',(2.948215105794,13.716700709779));
#6247 = CARTESIAN_POINT('',(3.000386421078,13.756265203495));
#6248 = CARTESIAN_POINT('',(3.053738787837,13.794545392445));
#6249 = CARTESIAN_POINT('',(3.10840268997,13.830692445222));
#6250 = CARTESIAN_POINT('',(3.231837939103,13.903414403413));
#6251 = CARTESIAN_POINT('',(3.301815681007,13.938972611913));
#6252 = CARTESIAN_POINT('',(3.373723693269,13.968034595773));
#6253 = CARTESIAN_POINT('',(3.447056117575,13.988565464086));
#6254 = CARTESIAN_POINT('',(3.521410282931,13.999330412195));
#6255 = CARTESIAN_POINT('',(3.673041294071,14.000634254196));
#6256 = CARTESIAN_POINT('',(3.749090151015,13.990719475712));
#6257 = CARTESIAN_POINT('',(3.824139309593,13.970504838708));
#6258 = CARTESIAN_POINT('',(3.897742016021,13.941250682203));
#6259 = CARTESIAN_POINT('',(3.969340124388,13.905129811007));
#6260 = CARTESIAN_POINT('',(4.069563072953,13.846256090571));
#6261 = CARTESIAN_POINT('',(4.100562496205,13.826804806733));
#6262 = CARTESIAN_POINT('',(4.131136241242,13.806542300485));
#6263 = CARTESIAN_POINT('',(4.161302940014,13.785629173161));
#6264 = CARTESIAN_POINT('',(4.191079593436,13.764217728457));
#6265 = CARTESIAN_POINT('',(4.259730337431,13.713395534448));
#6266 = CARTESIAN_POINT('',(4.298321761255,13.683699807296));
#6267 = CARTESIAN_POINT('',(4.336323204505,13.653681557267));
#6268 = CARTESIAN_POINT('',(4.37379435447,13.623627681544));
#6269 = CARTESIAN_POINT('',(4.410793559751,13.593795987533));
#6270 = CARTESIAN_POINT('',(4.491187845438,13.529245361171));
#6271 = CARTESIAN_POINT('',(4.534411206327,13.494718112056));
#6272 = CARTESIAN_POINT('',(4.5771428914,13.461245514291));
#6273 = CARTESIAN_POINT('',(4.619462839821,13.429198056243));
#6274 = CARTESIAN_POINT('',(4.661449022423,13.39890940384));
#6275 = CARTESIAN_POINT('',(4.741099712997,13.345033709936));
#6276 = CARTESIAN_POINT('',(4.778806503825,13.321087902774));
#6277 = CARTESIAN_POINT('',(4.81634099669,13.299084765413));
#6278 = CARTESIAN_POINT('',(4.853737804193,13.27923971582));
#6279 = CARTESIAN_POINT('',(4.891032533689,13.26173713987));
#6280 = CARTESIAN_POINT('',(4.969175006016,13.230233223723));
#6281 = CARTESIAN_POINT('',(5.010006748503,13.216750010235));
#6282 = CARTESIAN_POINT('',(5.050777833804,13.206489830315));
#6283 = CARTESIAN_POINT('',(5.091508739271,13.199598721812));
#6284 = CARTESIAN_POINT('',(5.132222022441,13.196152422707));
#6285 = CARTESIAN_POINT('',(5.214109770138,13.196152422707));
#6286 = CARTESIAN_POINT('',(5.255268368823,13.199674593161));
#6287 = CARTESIAN_POINT('',(5.296445120319,13.20671730549));
#6288 = CARTESIAN_POINT('',(5.337663501274,13.217201456036));
#6289 = CARTESIAN_POINT('',(5.37894480186,13.230974666973));
#6290 = CARTESIAN_POINT('',(5.456503864579,13.262551831272));
#6291 = CARTESIAN_POINT('',(5.492760778714,13.279636536449));
#6292 = CARTESIAN_POINT('',(5.529114683632,13.298930621235));
#6293 = CARTESIAN_POINT('',(5.565598274238,13.320264498872));
#6294 = CARTESIAN_POINT('',(5.602243350964,13.343440856725));
#6295 = CARTESIAN_POINT('',(5.713153263161,13.418095354612));
#6296 = CARTESIAN_POINT('',(5.787934639623,13.474454664023));
#6297 = CARTESIAN_POINT('',(5.86393531266,13.535651345584));
#6298 = CARTESIAN_POINT('',(5.941659617101,13.599775738517));
#6299 = CARTESIAN_POINT('',(6.021606774249,13.664468621389));
#6300 = CARTESIAN_POINT('',(6.133224594924,13.748462602469));
#6301 = CARTESIAN_POINT('',(6.162437376062,13.769894538885));
#6302 = CARTESIAN_POINT('',(6.19202060309,13.790908089595));
#6303 = CARTESIAN_POINT('',(6.221992741772,13.811361283436));
#6304 = CARTESIAN_POINT('',(6.252373578675,13.831103467755));
#6305 = CARTESIAN_POINT('',(6.28318530718,13.849976258261));
#6306 = ( GEOMETRIC_REPRESENTATION_CONTEXT(2) 
PARAMETRIC_REPRESENTATION_CONTEXT() REPRESENTATION_CONTEXT('2D SPACE',''
  ) );
#6307 = ADVANCED_FACE('',(#6308),#767,.T.);
#6308 = FACE_BOUND('',#6309,.T.);
#6309 = EDGE_LOOP('',(#6310));
#6310 = ORIENTED_EDGE('',*,*,#752,.T.);
#6311 = ADVANCED_FACE('',(#6312),#1092,.F.);
#6312 = FACE_BOUND('',#6313,.F.);
#6313 = EDGE_LOOP('',(#6314,#6315,#6336,#6337));
#6314 = ORIENTED_EDGE('',*,*,#878,.F.);
#6315 = ORIENTED_EDGE('',*,*,#6316,.F.);
#6316 = EDGE_CURVE('',#1206,#879,#6317,.T.);
#6317 = SEAM_CURVE('',#6318,(#6322,#6329),.PCURVE_S1.);
#6318 = LINE('',#6319,#6320);
#6319 = CARTESIAN_POINT('',(20.743866798953,0.848156029358,
    -23.0873313717));
#6320 = VECTOR('',#6321,1.);
#6321 = DIRECTION('',(-0.347314355824,-0.937748760724,0.));
#6322 = PCURVE('',#1092,#6323);
#6323 = DEFINITIONAL_REPRESENTATION('',(#6324),#6328);
#6324 = LINE('',#6325,#6326);
#6325 = CARTESIAN_POINT('',(6.28318530718,-0.));
#6326 = VECTOR('',#6327,1.);
#6327 = DIRECTION('',(0.,1.));
#6328 = ( GEOMETRIC_REPRESENTATION_CONTEXT(2) 
PARAMETRIC_REPRESENTATION_CONTEXT() REPRESENTATION_CONTEXT('2D SPACE',''
  ) );
#6329 = PCURVE('',#1092,#6330);
#6330 = DEFINITIONAL_REPRESENTATION('',(#6331),#6335);
#6331 = LINE('',#6332,#6333);
#6332 = CARTESIAN_POINT('',(0.,-0.));
#6333 = VECTOR('',#6334,1.);
#6334 = DIRECTION('',(0.,1.));
#6335 = ( GEOMETRIC_REPRESENTATION_CONTEXT(2) 
PARAMETRIC_REPRESENTATION_CONTEXT() REPRESENTATION_CONTEXT('2D SPACE',''
  ) );
#6336 = ORIENTED_EDGE('',*,*,#1205,.T.);
#6337 = ORIENTED_EDGE('',*,*,#6316,.T.);
#6338 = ADVANCED_FACE('',(#6339),#1566,.T.);
#6339 = FACE_BOUND('',#6340,.T.);
#6340 = EDGE_LOOP('',(#6341,#6365,#6366));
#6341 = ORIENTED_EDGE('',*,*,#6342,.T.);
#6342 = EDGE_CURVE('',#1529,#6343,#6345,.T.);
#6343 = VERTEX_POINT('',#6344);
#6344 = CARTESIAN_POINT('',(0.,0.,69.));
#6345 = SEAM_CURVE('',#6346,(#6351,#6358),.PCURVE_S1.);
#6346 = CIRCLE('',#6347,14.);
#6347 = AXIS2_PLACEMENT_3D('',#6348,#6349,#6350);
#6348 = CARTESIAN_POINT('',(0.,0.,55.));
#6349 = DIRECTION('',(-2.449293598295E-16,-1.,0.));
#6350 = DIRECTION('',(1.,-2.449293598295E-16,0.));
#6351 = PCURVE('',#1566,#6352);
#6352 = DEFINITIONAL_REPRESENTATION('',(#6353),#6357);
#6353 = LINE('',#6354,#6355);
#6354 = CARTESIAN_POINT('',(6.28318530718,-6.28318530718));
#6355 = VECTOR('',#6356,1.);
#6356 = DIRECTION('',(0.,1.));
#6357 = ( GEOMETRIC_REPRESENTATION_CONTEXT(2) 
PARAMETRIC_REPRESENTATION_CONTEXT() REPRESENTATION_CONTEXT('2D SPACE',''
  ) );
#6358 = PCURVE('',#1566,#6359);
#6359 = DEFINITIONAL_REPRESENTATION('',(#6360),#6364);
#6360 = LINE('',#6361,#6362);
#6361 = CARTESIAN_POINT('',(0.,-6.28318530718));
#6362 = VECTOR('',#6363,1.);
#6363 = DIRECTION('',(0.,1.));
#6364 = ( GEOMETRIC_REPRESENTATION_CONTEXT(2) 
PARAMETRIC_REPRESENTATION_CONTEXT() REPRESENTATION_CONTEXT('2D SPACE',''
  ) );
#6365 = ORIENTED_EDGE('',*,*,#6342,.F.);
#6366 = ORIENTED_EDGE('',*,*,#1551,.T.);
#6367 = ADVANCED_FACE('',(#6368),#3302,.T.);
#6368 = FACE_BOUND('',#6369,.T.);
#6369 = EDGE_LOOP('',(#6370,#6371,#6372,#6497));
#6370 = ORIENTED_EDGE('',*,*,#3963,.F.);
#6371 = ORIENTED_EDGE('',*,*,#3286,.T.);
#6372 = ORIENTED_EDGE('',*,*,#6373,.F.);
#6373 = EDGE_CURVE('',#6374,#3252,#6376,.T.);
#6374 = VERTEX_POINT('',#6375);
#6375 = CARTESIAN_POINT('',(-24.49104785113,-0.130610166371,
    -16.80140189265));
#6376 = SURFACE_CURVE('',#6377,(#6415,#6456),.PCURVE_S1.);
#6377 = B_SPLINE_CURVE_WITH_KNOTS('',8,(#6378,#6379,#6380,#6381,#6382,
    #6383,#6384,#6385,#6386,#6387,#6388,#6389,#6390,#6391,#6392,#6393,
    #6394,#6395,#6396,#6397,#6398,#6399,#6400,#6401,#6402,#6403,#6404,
    #6405,#6406,#6407,#6408,#6409,#6410,#6411,#6412,#6413,#6414),
  .UNSPECIFIED.,.F.,.F.,(9,7,7,7,7,9),(0.,0.102304951882,0.189646124719,
    0.481310804146,0.710806688821,1.),.UNSPECIFIED.);
#6378 = CARTESIAN_POINT('',(-20.4614453168,-11.43287117189,
    -19.11986450171));
#6379 = CARTESIAN_POINT('',(-20.48092038001,-11.35691842535,
    -18.9720220784));
#6380 = CARTESIAN_POINT('',(-20.51143953884,-11.27141799927,
    -18.82995440974));
#6381 = CARTESIAN_POINT('',(-20.55152920707,-11.17753402458,
    -18.69418538868));
#6382 = CARTESIAN_POINT('',(-20.59976002909,-11.07636378404,
    -18.5650728092));
#6383 = CARTESIAN_POINT('',(-20.6547602555,-10.96897404306,
    -18.44283303767));
#6384 = CARTESIAN_POINT('',(-20.71522229414,-10.85643283963,
    -18.32756681699));
#6385 = CARTESIAN_POINT('',(-20.77990243674,-10.73983673336,
    -18.21928620314));
#6386 = CARTESIAN_POINT('',(-20.90542119244,-10.51830960189,
    -18.03142222661));
#6387 = CARTESIAN_POINT('',(-20.96568110219,-10.41373760741,
    -17.94959367603));
#6388 = CARTESIAN_POINT('',(-21.02786832227,-10.30698242679,
    -17.87223070368));
#6389 = CARTESIAN_POINT('',(-21.09154158489,-10.19835190857,
    -17.79909815964));
#6390 = CARTESIAN_POINT('',(-21.15633514174,-10.08809891402,
    -17.72995663178));
#6391 = CARTESIAN_POINT('',(-21.22195038324,-9.976423378178,
    -17.66456705443));
#6392 = CARTESIAN_POINT('',(-21.28814745771,-9.863474370692,
    -17.60269531702));
#6393 = CARTESIAN_POINT('',(-21.57710378777,-9.3682556151,
    -17.34850164795));
#6394 = CARTESIAN_POINT('',(-21.80554192147,-8.971171346759,
    -17.18811845372));
#6395 = CARTESIAN_POINT('',(-22.03148251981,-8.564295688538,
    -17.05701571334));
#6396 = CARTESIAN_POINT('',(-22.25027970517,-8.151571305432,
    -16.94980652115));
#6397 = CARTESIAN_POINT('',(-22.45953232593,-7.735245252357,
    -16.86201146658));
#6398 = CARTESIAN_POINT('',(-22.65847118154,-7.315724444054,
    -16.7900633109));
#6399 = CARTESIAN_POINT('',(-22.84736782849,-6.891216121684,
    -16.73122460509));
#6400 = CARTESIAN_POINT('',(-23.16801197874,-6.117014088502,
    -16.64621134203));
#6401 = CARTESIAN_POINT('',(-23.30229722359,-5.773223146745,
    -16.61602879576));
#6402 = CARTESIAN_POINT('',(-23.42929064865,-5.426851759691,
    -16.5922345422));
#6403 = CARTESIAN_POINT('',(-23.54874459045,-5.078104061915,
    -16.57417433274));
#6404 = CARTESIAN_POINT('',(-23.66050462764,-4.727115948091,
    -16.56138122406));
#6405 = CARTESIAN_POINT('',(-23.76448220359,-4.373972690298,
    -16.55356100207));
#6406 = CARTESIAN_POINT('',(-23.86063863788,-4.018730120412,
    -16.55058668902));
#6407 = CARTESIAN_POINT('',(-24.06030227582,-3.211208676871,
    -16.55491583164));
#6408 = CARTESIAN_POINT('',(-24.1591411453,-2.758024165905,
    -16.56509196017));
#6409 = CARTESIAN_POINT('',(-24.24549608207,-2.302170020664,
    -16.58309887679));
#6410 = CARTESIAN_POINT('',(-24.31948596095,-1.843993363293,
    -16.60941028535));
#6411 = CARTESIAN_POINT('',(-24.38136391501,-1.383942993419,
    -16.64490200511));
#6412 = CARTESIAN_POINT('',(-24.43153730031,-0.922627313463,
    -16.69085185726));
#6413 = CARTESIAN_POINT('',(-24.47062931651,-0.460902253352,
    -16.74896363241));
#6414 = CARTESIAN_POINT('',(-24.49961830453,0.,-16.82143610248));
#6415 = PCURVE('',#3302,#6416);
#6416 = DEFINITIONAL_REPRESENTATION('',(#6417),#6455);
#6417 = B_SPLINE_CURVE_WITH_KNOTS('',8,(#6418,#6419,#6420,#6421,#6422,
    #6423,#6424,#6425,#6426,#6427,#6428,#6429,#6430,#6431,#6432,#6433,
    #6434,#6435,#6436,#6437,#6438,#6439,#6440,#6441,#6442,#6443,#6444,
    #6445,#6446,#6447,#6448,#6449,#6450,#6451,#6452,#6453,#6454),
  .UNSPECIFIED.,.F.,.F.,(9,7,7,7,7,9),(0.,0.102304951882,0.189646124719,
    0.481310804146,0.710806688821,1.),.UNSPECIFIED.);
#6418 = CARTESIAN_POINT('',(5.51768020342,25.35153853812));
#6419 = CARTESIAN_POINT('',(5.524064377504,25.221503151046));
#6420 = CARTESIAN_POINT('',(5.531206327133,25.100931163205));
#6421 = CARTESIAN_POINT('',(5.53898994257,24.98976172081));
#6422 = CARTESIAN_POINT('',(5.547306768156,24.887796177867));
#6423 = CARTESIAN_POINT('',(5.556054562841,24.794725970594));
#6424 = CARTESIAN_POINT('',(5.565135659598,24.71015900887));
#6425 = CARTESIAN_POINT('',(5.57445512373,24.633644584738));
#6426 = CARTESIAN_POINT('',(5.591998091473,24.50583375705));
#6427 = CARTESIAN_POINT('',(5.600216507582,24.452237823834));
#6428 = CARTESIAN_POINT('',(5.608542110106,24.403503860988));
#6429 = CARTESIAN_POINT('',(5.616948952586,24.359249654569));
#6430 = CARTESIAN_POINT('',(5.625416496989,24.319117080489));
#6431 = CARTESIAN_POINT('',(5.633929120326,24.282773271013));
#6432 = CARTESIAN_POINT('',(5.642475621262,24.249911781261));
#6433 = CARTESIAN_POINT('',(5.67967751632,24.121214571411));
#6434 = CARTESIAN_POINT('',(5.708821315338,24.057142306947));
#6435 = CARTESIAN_POINT('',(5.738007161087,24.019328700021));
#6436 = CARTESIAN_POINT('',(5.767000611989,24.00104669868));
#6437 = CARTESIAN_POINT('',(5.795705963579,23.997245509291));
#6438 = CARTESIAN_POINT('',(5.824153825723,24.004327359926));
#6439 = CARTESIAN_POINT('',(5.852507778385,24.019851446528));
#6440 = CARTESIAN_POINT('',(5.903496769728,24.060002861197));
#6441 = CARTESIAN_POINT('',(5.925893800714,24.081851358423));
#6442 = CARTESIAN_POINT('',(5.948235134208,24.106923122642));
#6443 = CARTESIAN_POINT('',(5.970526551299,24.134518719364));
#6444 = CARTESIAN_POINT('',(5.992777713813,24.164147251946));
#6445 = CARTESIAN_POINT('',(6.0150008494,24.195502660372));
#6446 = CARTESIAN_POINT('',(6.037209471299,24.228452683197));
#6447 = CARTESIAN_POINT('',(6.087401543783,24.306625404755));
#6448 = CARTESIAN_POINT('',(6.115365869138,24.352781537479));
#6449 = CARTESIAN_POINT('',(6.143326339228,24.401571958207));
#6450 = CARTESIAN_POINT('',(6.171294793474,24.453480638926));
#6451 = CARTESIAN_POINT('',(6.199276755842,24.509414768651));
#6452 = CARTESIAN_POINT('',(6.227268501908,24.570712062825));
#6453 = CARTESIAN_POINT('',(6.255251837279,24.639185901856));
#6454 = CARTESIAN_POINT('',(6.28318530718,24.717241140917));
#6455 = ( GEOMETRIC_REPRESENTATION_CONTEXT(2) 
PARAMETRIC_REPRESENTATION_CONTEXT() REPRESENTATION_CONTEXT('2D SPACE',''
  ) );
#6456 = PCURVE('',#2071,#6457);
#6457 = DEFINITIONAL_REPRESENTATION('',(#6458),#6496);
#6458 = B_SPLINE_CURVE_WITH_KNOTS('',8,(#6459,#6460,#6461,#6462,#6463,
    #6464,#6465,#6466,#6467,#6468,#6469,#6470,#6471,#6472,#6473,#6474,
    #6475,#6476,#6477,#6478,#6479,#6480,#6481,#6482,#6483,#6484,#6485,
    #6486,#6487,#6488,#6489,#6490,#6491,#6492,#6493,#6494,#6495),
  .UNSPECIFIED.,.F.,.F.,(9,7,7,7,7,9),(0.,0.102304951882,0.189646124719,
    0.481310804146,0.710806688821,1.),.UNSPECIFIED.);
#6459 = CARTESIAN_POINT('',(6.28318530718,2.007509458193));
#6460 = CARTESIAN_POINT('',(6.233904499407,2.085919264939));
#6461 = CARTESIAN_POINT('',(6.186548627021,2.176320644983));
#6462 = CARTESIAN_POINT('',(6.141109866765,2.27721994425));
#6463 = CARTESIAN_POINT('',(6.097585080146,2.387199247893));
#6464 = CARTESIAN_POINT('',(6.055974224072,2.504884510066));
#6465 = CARTESIAN_POINT('',(6.016279867587,2.628916387293));
#6466 = CARTESIAN_POINT('',(5.978507814703,2.757923775434));
#6467 = CARTESIAN_POINT('',(5.912071891445,3.003684867952));
#6468 = CARTESIAN_POINT('',(5.882754852646,3.119947056597));
#6469 = CARTESIAN_POINT('',(5.854650299653,3.238802715137));
#6470 = CARTESIAN_POINT('',(5.827694448411,3.359844041796));
#6471 = CARTESIAN_POINT('',(5.801826573392,3.482735256114));
#6472 = CARTESIAN_POINT('',(5.776988432889,3.607208521004));
#6473 = CARTESIAN_POINT('',(5.753123694316,3.73305986482));
#6474 = CARTESIAN_POINT('',(5.653551008288,4.284530008841));
#6475 = CARTESIAN_POINT('',(5.586583617603,4.72590959283));
#6476 = CARTESIAN_POINT('',(5.528086596983,5.176153416171));
#6477 = CARTESIAN_POINT('',(5.477183054388,5.630288440274));
#6478 = CARTESIAN_POINT('',(5.433084966899,6.085541637355));
#6479 = CARTESIAN_POINT('',(5.395101917568,6.541327793357));
#6480 = CARTESIAN_POINT('',(5.362667213353,6.999450936921));
#6481 = CARTESIAN_POINT('',(5.314106803583,7.829032574613));
#6482 = CARTESIAN_POINT('',(5.296139017222,8.195403582091));
#6483 = CARTESIAN_POINT('',(5.2814847016,8.562463065392));
#6484 = CARTESIAN_POINT('',(5.270072230614,8.929951773231));
#6485 = CARTESIAN_POINT('',(5.261852425601,9.297699714886));
#6486 = CARTESIAN_POINT('',(5.256793581027,9.665602295092));
#6487 = CARTESIAN_POINT('',(5.254880025391,10.03359582427));
#6488 = CARTESIAN_POINT('',(5.257669452409,10.865404193692));
#6489 = CARTESIAN_POINT('',(5.264221770157,11.328936792942));
#6490 = CARTESIAN_POINT('',(5.275763601925,11.791954669294));
#6491 = CARTESIAN_POINT('',(5.292318205481,12.254151103636));
#6492 = CARTESIAN_POINT('',(5.313938815416,12.715154232004));
#6493 = CARTESIAN_POINT('',(5.340712588461,13.17447589417));
#6494 = CARTESIAN_POINT('',(5.372778412929,13.63144176916));
#6495 = CARTESIAN_POINT('',(5.410367651484,14.085101277815));
#6496 = ( GEOMETRIC_REPRESENTATION_CONTEXT(2) 
PARAMETRIC_REPRESENTATION_CONTEXT() REPRESENTATION_CONTEXT('2D SPACE',''
  ) );
#6497 = ORIENTED_EDGE('',*,*,#6498,.F.);
#6498 = EDGE_CURVE('',#3818,#6374,#6499,.T.);
#6499 = SURFACE_CURVE('',#6500,(#6594,#6691),.PCURVE_S1.);
#6500 = B_SPLINE_CURVE_WITH_KNOTS('',8,(#6501,#6502,#6503,#6504,#6505,
    #6506,#6507,#6508,#6509,#6510,#6511,#6512,#6513,#6514,#6515,#6516,
    #6517,#6518,#6519,#6520,#6521,#6522,#6523,#6524,#6525,#6526,#6527,
    #6528,#6529,#6530,#6531,#6532,#6533,#6534,#6535,#6536,#6537,#6538,
    #6539,#6540,#6541,#6542,#6543,#6544,#6545,#6546,#6547,#6548,#6549,
    #6550,#6551,#6552,#6553,#6554,#6555,#6556,#6557,#6558,#6559,#6560,
    #6561,#6562,#6563,#6564,#6565,#6566,#6567,#6568,#6569,#6570,#6571,
    #6572,#6573,#6574,#6575,#6576,#6577,#6578,#6579,#6580,#6581,#6582,
    #6583,#6584,#6585,#6586,#6587,#6588,#6589,#6590,#6591,#6592,#6593),
  .UNSPECIFIED.,.F.,.F.,(9,7,7,7,7,7,7,7,7,7,7,7,7,9),(0.,
    5.282461020923E-02,0.182897982383,0.262247809551,0.381364086912,
    0.450606841889,0.488226314905,0.520601224721,0.567998662148,
    0.603606074961,0.742838333437,0.814611375806,0.969275619875,1.),
  .UNSPECIFIED.);
#6501 = CARTESIAN_POINT('',(-26.56686129824,-8.273162446189,
    -27.97778959637));
#6502 = CARTESIAN_POINT('',(-26.36149033594,-8.482777278093,
    -27.79144323681));
#6503 = CARTESIAN_POINT('',(-26.15748373985,-8.673404375654,
    -27.5915319064));
#6504 = CARTESIAN_POINT('',(-25.95708197542,-8.847062864642,
    -27.38322404188));
#6505 = CARTESIAN_POINT('',(-25.76144451177,-9.005861435147,
    -27.17004265311));
#6506 = CARTESIAN_POINT('',(-25.57069638032,-9.151985637895,
    -26.95387775502));
#6507 = CARTESIAN_POINT('',(-25.38401505255,-9.287657115798,
    -26.7350332156));
#6508 = CARTESIAN_POINT('',(-25.19975763654,-9.415064770716,
    -26.51230802009));
#6509 = CARTESIAN_POINT('',(-24.56223533213,-9.834713896363,
    -25.71874800338));
#6510 = CARTESIAN_POINT('',(-24.11715250343,-10.09057910546,
    -25.12452690179));
#6511 = CARTESIAN_POINT('',(-23.6869594448,-10.30984778144,
    -24.51495874321));
#6512 = CARTESIAN_POINT('',(-23.2741032282,-10.49800713082,
    -23.89781735261));
#6513 = CARTESIAN_POINT('',(-22.87816413284,-10.65970910226,
    -23.27549710341));
#6514 = CARTESIAN_POINT('',(-22.49704386228,-10.7985355313,
    -22.6461603177));
#6515 = CARTESIAN_POINT('',(-22.128179216,-10.91672224246,
    -22.00497775446));
#6516 = CARTESIAN_POINT('',(-21.5513101553,-11.07446662149,
    -20.94361903192));
#6517 = CARTESIAN_POINT('',(-21.33843047277,-11.126232556,
    -20.53800329294));
#6518 = CARTESIAN_POINT('',(-21.13139313757,-11.17012939335,
    -20.12888174076));
#6519 = CARTESIAN_POINT('',(-20.93039263572,-11.20616672858,
    -19.71616816729));
#6520 = CARTESIAN_POINT('',(-20.73569286548,-11.23423251518,
    -19.29976237966));
#6521 = CARTESIAN_POINT('',(-20.54764602877,-11.25409075355,
    -18.87958935127));
#6522 = CARTESIAN_POINT('',(-20.3667074285,-11.26537426021,
    -18.4556410372));
#6523 = CARTESIAN_POINT('',(-19.93335441605,-11.27087243999,
    -17.38609728382));
#6524 = CARTESIAN_POINT('',(-19.69263344169,-11.25367318356,
    -16.74100775102));
#6525 = CARTESIAN_POINT('',(-19.47062494502,-11.21484496096,
    -16.08816338319));
#6526 = CARTESIAN_POINT('',(-19.26834169962,-11.15171686565,
    -15.42419676797));
#6527 = CARTESIAN_POINT('',(-19.08856860296,-11.06012582454,
    -14.74774776301));
#6528 = CARTESIAN_POINT('',(-18.93575755762,-10.93428260304,
    -14.05974249081));
#6529 = CARTESIAN_POINT('',(-18.81567213589,-10.7663816896,
    -13.36389451852));
#6530 = CARTESIAN_POINT('',(-18.6876906353,-10.41770449424,
    -12.26372242853));
#6531 = CARTESIAN_POINT('',(-18.65406419389,-10.27227285354,
    -11.86096603924));
#6532 = CARTESIAN_POINT('',(-18.63442922081,-10.10640169503,
    -11.45713732966));
#6533 = CARTESIAN_POINT('',(-18.63034840094,-9.916023823451,
    -11.05127642891));
#6534 = CARTESIAN_POINT('',(-18.64417647582,-9.696249163223,
    -10.64463788407));
#6535 = CARTESIAN_POINT('',(-18.67884758226,-9.441308972595,
    -10.24089678387));
#6536 = CARTESIAN_POINT('',(-18.73740783356,-9.144524463386,
    -9.846755087386));
#6537 = CARTESIAN_POINT('',(-18.86896503013,-8.611178871473,
    -9.2703712588));
#6538 = CARTESIAN_POINT('',(-18.92372838155,-8.406691259933,
    -9.071050692639));
#6539 = CARTESIAN_POINT('',(-18.98745341883,-8.184854321301,
    -8.8785697235));
#6540 = CARTESIAN_POINT('',(-19.06048265398,-7.945147879561,
    -8.696295681324));
#6541 = CARTESIAN_POINT('',(-19.14296455608,-7.687228485644,
    -8.527758491509));
#6542 = CARTESIAN_POINT('',(-19.23486321372,-7.411025338567,
    -8.376681712843));
#6543 = CARTESIAN_POINT('',(-19.33600286133,-7.116854396583,
    -8.2469976987));
#6544 = CARTESIAN_POINT('',(-19.54093635057,-6.537646080134,
    -8.053215819606));
#6545 = CARTESIAN_POINT('',(-19.64116998842,-6.260513245103,
    -7.983652128573));
#6546 = CARTESIAN_POINT('',(-19.74556127955,-5.977626809527,
    -7.936735230222));
#6547 = CARTESIAN_POINT('',(-19.85264756517,-5.692819082316,
    -7.913774902229));
#6548 = CARTESIAN_POINT('',(-19.96095214209,-5.410123955633,
    -7.914758155906));
#6549 = CARTESIAN_POINT('',(-20.06902787641,-5.133601047101,
    -7.938344974836));
#6550 = CARTESIAN_POINT('',(-20.17540824399,-4.867191872206,
    -7.981898074373));
#6551 = CARTESIAN_POINT('',(-20.42940675969,-4.244948516397,
    -8.128836726806));
#6552 = CARTESIAN_POINT('',(-20.57477901191,-3.901247653646,
    -8.251490381609));
#6553 = CARTESIAN_POINT('',(-20.71450238027,-3.583775738587,
    -8.401518484274));
#6554 = CARTESIAN_POINT('',(-20.84893983466,-3.291665096947,
    -8.572496532907));
#6555 = CARTESIAN_POINT('',(-20.97857765487,-3.023382254186,
    -8.759389391163));
#6556 = CARTESIAN_POINT('',(-21.10393030944,-2.777059124832,
    -8.958377635016));
#6557 = CARTESIAN_POINT('',(-21.22557066183,-2.550709197914,
    -9.166722693554));
#6558 = CARTESIAN_POINT('',(-21.43325150223,-2.185737248095,
    -9.544993239285));
#6559 = CARTESIAN_POINT('',(-21.52072475009,-2.039116508677,
    -9.711773068728));
#6560 = CARTESIAN_POINT('',(-21.60674341751,-1.901819165486,
    -9.882156264888));
#6561 = CARTESIAN_POINT('',(-21.69146219532,-1.773227517954,
    -10.05543197146));
#6562 = CARTESIAN_POINT('',(-21.77503486694,-1.652738060924,
    -10.23106797644));
#6563 = CARTESIAN_POINT('',(-21.85762029916,-1.539771347332,
    -10.40869517288));
#6564 = CARTESIAN_POINT('',(-21.939386943,-1.433781314483,
    -10.58809297957));
#6565 = CARTESIAN_POINT('',(-22.33774642304,-0.945131332641,
    -11.47724623727));
#6566 = CARTESIAN_POINT('',(-22.6487002459,-0.650702302725,
    -12.21883280087));
#6567 = CARTESIAN_POINT('',(-22.95576983376,-0.434513134603,
    -12.97180705959));
#6568 = CARTESIAN_POINT('',(-23.25921588749,-0.282073878089,
    -13.72473355047));
#6569 = CARTESIAN_POINT('',(-23.55902781809,-0.181936359127,
    -14.47216115449));
#6570 = CARTESIAN_POINT('',(-23.85627977116,-0.125672238286,
    -15.21445040155));
#6571 = CARTESIAN_POINT('',(-24.15328538506,-0.108139028072,
    -15.95652624423));
#6572 = CARTESIAN_POINT('',(-24.60768775343,-0.138021995501,
    -17.09315568111));
#6573 = CARTESIAN_POINT('',(-24.76196856772,-0.158017543313,
    -17.47929413291));
#6574 = CARTESIAN_POINT('',(-24.915878191,-0.187376759824,
    -17.86478473834));
#6575 = CARTESIAN_POINT('',(-25.06933115442,-0.225729231528,
    -18.24955412167));
#6576 = CARTESIAN_POINT('',(-25.22224019705,-0.27279855756,
    -18.63359138741));
#6577 = CARTESIAN_POINT('',(-25.37450889397,-0.328399660151,
    -19.01692176108));
#6578 = CARTESIAN_POINT('',(-25.52602116012,-0.392436225283,
    -19.39958202261));
#6579 = CARTESIAN_POINT('',(-26.00117059129,-0.621047261375,
    -20.60480612628));
#6580 = CARTESIAN_POINT('',(-26.31103692196,-0.811283817879,
    -21.39846152487));
#6581 = CARTESIAN_POINT('',(-26.61196091316,-1.034341519036,
    -22.18029734225));
#6582 = CARTESIAN_POINT('',(-26.90857375267,-1.295494925062,
    -22.96659884702));
#6583 = CARTESIAN_POINT('',(-27.20125918367,-1.603326256216,
    -23.76582326779));
#6584 = CARTESIAN_POINT('',(-27.48391598726,-1.967698456564,
    -24.57488394973));
#6585 = CARTESIAN_POINT('',(-27.74150342995,-2.397848703011,
    -25.37631981808));
#6586 = CARTESIAN_POINT('',(-27.98898454802,-2.999973160838,
    -26.28449775713));
#6587 = CARTESIAN_POINT('',(-28.02816992105,-3.10306848366,
    -26.43397176069));
#6588 = CARTESIAN_POINT('',(-28.06550903933,-3.210100560652,
    -26.58290336946));
#6589 = CARTESIAN_POINT('',(-28.10085588491,-3.321676472407,
    -26.73153604513));
#6590 = CARTESIAN_POINT('',(-28.13393063276,-3.438370046715,
    -26.8798533258));
#6591 = CARTESIAN_POINT('',(-28.16431517722,-3.560712794248,
    -27.02757099716));
#6592 = CARTESIAN_POINT('',(-28.19144865853,-3.689184844234,
    -27.17412926371));
#6593 = CARTESIAN_POINT('',(-28.21462298937,-3.824205880141,
    -27.31868491992));
#6594 = PCURVE('',#3302,#6595);
#6595 = DEFINITIONAL_REPRESENTATION('',(#6596),#6690);
#6596 = B_SPLINE_CURVE_WITH_KNOTS('',8,(#6597,#6598,#6599,#6600,#6601,
    #6602,#6603,#6604,#6605,#6606,#6607,#6608,#6609,#6610,#6611,#6612,
    #6613,#6614,#6615,#6616,#6617,#6618,#6619,#6620,#6621,#6622,#6623,
    #6624,#6625,#6626,#6627,#6628,#6629,#6630,#6631,#6632,#6633,#6634,
    #6635,#6636,#6637,#6638,#6639,#6640,#6641,#6642,#6643,#6644,#6645,
    #6646,#6647,#6648,#6649,#6650,#6651,#6652,#6653,#6654,#6655,#6656,
    #6657,#6658,#6659,#6660,#6661,#6662,#6663,#6664,#6665,#6666,#6667,
    #6668,#6669,#6670,#6671,#6672,#6673,#6674,#6675,#6676,#6677,#6678,
    #6679,#6680,#6681,#6682,#6683,#6684,#6685,#6686,#6687,#6688,#6689),
  .UNSPECIFIED.,.F.,.F.,(9,7,7,7,7,7,7,7,7,7,7,7,7,9),(0.,
    5.282461020923E-02,0.182897982383,0.262247809551,0.381364086912,
    0.450606841889,0.488226314905,0.520601224721,0.567998662148,
    0.603606074961,0.742838333437,0.814611375806,0.969275619875,1.),
  .UNSPECIFIED.);
#6597 = CARTESIAN_POINT('',(5.757964820817,35.843410088885));
#6598 = CARTESIAN_POINT('',(5.743281819999,35.594118977008));
#6599 = CARTESIAN_POINT('',(5.729786061805,35.33273981878));
#6600 = CARTESIAN_POINT('',(5.717371765721,35.06490347521));
#6601 = CARTESIAN_POINT('',(5.70591970414,34.794311594859));
#6602 = CARTESIAN_POINT('',(5.6952973398,34.522765448045));
#6603 = CARTESIAN_POINT('',(5.685361738032,34.250241689686));
#6604 = CARTESIAN_POINT('',(5.675965253816,33.975015050825));
#6605 = CARTESIAN_POINT('',(5.64479962252,33.001443232659));
#6606 = CARTESIAN_POINT('',(5.625399914299,32.284423177819));
#6607 = CARTESIAN_POINT('',(5.608477558115,31.558683660069));
#6608 = CARTESIAN_POINT('',(5.59374032493,30.832351314392));
#6609 = CARTESIAN_POINT('',(5.580917632503,30.107493380326));
#6610 = CARTESIAN_POINT('',(5.569792047438,29.381624329022));
#6611 = CARTESIAN_POINT('',(5.560236990898,28.649308373985));
#6612 = CARTESIAN_POINT('',(5.547396807172,27.449617748813));
#6613 = CARTESIAN_POINT('',(5.543158872747,26.993951460446));
#6614 = CARTESIAN_POINT('',(5.539547996465,26.537199899553));
#6615 = CARTESIAN_POINT('',(5.536572357456,26.079355254242));
#6616 = CARTESIAN_POINT('',(5.534248531749,25.620422507125));
#6617 = CARTESIAN_POINT('',(5.532601644946,25.160462802253));
#6618 = CARTESIAN_POINT('',(5.531665574663,24.699637765368));
#6619 = CARTESIAN_POINT('',(5.531209434441,23.545648052075));
#6620 = CARTESIAN_POINT('',(5.532636225691,22.857295931858));
#6621 = CARTESIAN_POINT('',(5.535859124152,22.16869326782));
#6622 = CARTESIAN_POINT('',(5.541086312697,21.477089630742));
#6623 = CARTESIAN_POINT('',(5.548631016505,20.782256445102));
#6624 = CARTESIAN_POINT('',(5.558906319149,20.086706989169));
#6625 = CARTESIAN_POINT('',(5.572424136965,19.396029760504));
#6626 = CARTESIAN_POINT('',(5.599900816446,18.327014482927));
#6627 = CARTESIAN_POINT('',(5.61126431666,17.940576016548));
#6628 = CARTESIAN_POINT('',(5.624100749291,17.558338226641));
#6629 = CARTESIAN_POINT('',(5.638672871334,17.179990262132));
#6630 = CARTESIAN_POINT('',(5.655281828975,16.807571469686));
#6631 = CARTESIAN_POINT('',(5.674262156845,16.44558379468));
#6632 = CARTESIAN_POINT('',(5.695966312625,16.101381147926));
#6633 = CARTESIAN_POINT('',(5.734176768746,15.615081314292));
#6634 = CARTESIAN_POINT('',(5.74869649526,15.450355412722));
#6635 = CARTESIAN_POINT('',(5.764296339693,15.295308204132));
#6636 = CARTESIAN_POINT('',(5.780978821219,15.153193381654));
#6637 = CARTESIAN_POINT('',(5.798733284398,15.027343538773));
#6638 = CARTESIAN_POINT('',(5.817531759746,14.921202575863));
#6639 = CARTESIAN_POINT('',(5.837324487596,14.838356313684));
#6640 = CARTESIAN_POINT('',(5.875858437819,14.734544743005));
#6641 = CARTESIAN_POINT('',(5.894131335599,14.707182315901));
#6642 = CARTESIAN_POINT('',(5.912616751525,14.702391021594));
#6643 = CARTESIAN_POINT('',(5.931067505786,14.720843740284));
#6644 = CARTESIAN_POINT('',(5.949236729559,14.761979978476));
#6645 = CARTESIAN_POINT('',(5.966885493828,14.824018110133));
#6646 = CARTESIAN_POINT('',(5.983787200421,14.903964824534));
#6647 = CARTESIAN_POINT('',(6.023066380666,15.134726618848));
#6648 = CARTESIAN_POINT('',(6.044581193362,15.302597577459));
#6649 = CARTESIAN_POINT('',(6.064328003988,15.493787130039));
#6650 = CARTESIAN_POINT('',(6.08240992808,15.702465079962));
#6651 = CARTESIAN_POINT('',(6.098955128114,15.924137020277));
#6652 = CARTESIAN_POINT('',(6.114101257861,16.155447773615));
#6653 = CARTESIAN_POINT('',(6.127986482609,16.394067396873));
#6654 = CARTESIAN_POINT('',(6.150332297092,16.822413509217));
#6655 = CARTESIAN_POINT('',(6.159294256497,17.009751442049));
#6656 = CARTESIAN_POINT('',(6.167675087361,17.199894799276));
#6657 = CARTESIAN_POINT('',(6.175515975462,17.392241018119));
#6658 = CARTESIAN_POINT('',(6.1828562559,17.586353065863));
#6659 = CARTESIAN_POINT('',(6.189733122117,17.781947236957));
#6660 = CARTESIAN_POINT('',(6.196181262964,17.978881288017));
#6661 = CARTESIAN_POINT('',(6.225893718559,18.952386359147));
#6662 = CARTESIAN_POINT('',(6.243744655468,19.756417548309));
#6663 = CARTESIAN_POINT('',(6.256850854505,20.569579378276));
#6664 = CARTESIAN_POINT('',(6.266089287122,21.381351110159));
#6665 = CARTESIAN_POINT('',(6.272158839088,22.18666757429));
#6666 = CARTESIAN_POINT('',(6.275568702781,22.986262441982));
#6667 = CARTESIAN_POINT('',(6.27663138502,23.785567680606));
#6668 = CARTESIAN_POINT('',(6.274820241708,25.009662421844));
#6669 = CARTESIAN_POINT('',(6.273608350535,25.425481429768));
#6670 = CARTESIAN_POINT('',(6.271828932215,25.840561070546));
#6671 = CARTESIAN_POINT('',(6.269504407803,26.254801474211));
#6672 = CARTESIAN_POINT('',(6.26665147288,26.668160116641));
#6673 = CARTESIAN_POINT('',(6.263281232213,27.080624607843));
#6674 = CARTESIAN_POINT('',(6.259399308466,27.492185984197));
#6675 = CARTESIAN_POINT('',(6.24553859128,28.787674540364));
#6676 = CARTESIAN_POINT('',(6.234001644932,29.639646544675));
#6677 = CARTESIAN_POINT('',(6.22046830467,30.477323241841));
#6678 = CARTESIAN_POINT('',(6.20461256496,31.317545104101));
#6679 = CARTESIAN_POINT('',(6.18590125242,32.168306989752));
#6680 = CARTESIAN_POINT('',(6.163711569178,33.024477075911));
#6681 = CARTESIAN_POINT('',(6.137424744469,33.864257173467));
#6682 = CARTESIAN_POINT('',(6.100355236273,34.799391400882));
#6683 = CARTESIAN_POINT('',(6.09400052627,34.952727611269));
#6684 = CARTESIAN_POINT('',(6.087394455711,35.104874538943));
#6685 = CARTESIAN_POINT('',(6.080497958354,35.256004002698));
#6686 = CARTESIAN_POINT('',(6.073273487816,35.405996793626));
#6687 = CARTESIAN_POINT('',(6.065685438831,35.554433744833));
#6688 = CARTESIAN_POINT('',(6.057700568515,35.700586801158));
#6689 = CARTESIAN_POINT('',(6.049288417617,35.843410088885));
#6690 = ( GEOMETRIC_REPRESENTATION_CONTEXT(2) 
PARAMETRIC_REPRESENTATION_CONTEXT() REPRESENTATION_CONTEXT('2D SPACE',''
  ) );
#6691 = PCURVE('',#1885,#6692);
#6692 = DEFINITIONAL_REPRESENTATION('',(#6693),#6787);
#6693 = B_SPLINE_CURVE_WITH_KNOTS('',8,(#6694,#6695,#6696,#6697,#6698,
    #6699,#6700,#6701,#6702,#6703,#6704,#6705,#6706,#6707,#6708,#6709,
    #6710,#6711,#6712,#6713,#6714,#6715,#6716,#6717,#6718,#6719,#6720,
    #6721,#6722,#6723,#6724,#6725,#6726,#6727,#6728,#6729,#6730,#6731,
    #6732,#6733,#6734,#6735,#6736,#6737,#6738,#6739,#6740,#6741,#6742,
    #6743,#6744,#6745,#6746,#6747,#6748,#6749,#6750,#6751,#6752,#6753,
    #6754,#6755,#6756,#6757,#6758,#6759,#6760,#6761,#6762,#6763,#6764,
    #6765,#6766,#6767,#6768,#6769,#6770,#6771,#6772,#6773,#6774,#6775,
    #6776,#6777,#6778,#6779,#6780,#6781,#6782,#6783,#6784,#6785,#6786),
  .UNSPECIFIED.,.F.,.F.,(9,7,7,7,7,7,7,7,7,7,7,7,7,9),(0.,
    5.282461020923E-02,0.182897982383,0.262247809551,0.381364086912,
    0.450606841889,0.488226314905,0.520601224721,0.567998662148,
    0.603606074961,0.742838333437,0.814611375806,0.969275619875,1.),
  .UNSPECIFIED.);
#6694 = CARTESIAN_POINT('',(8.611574557129E-02,39.0000006));
#6695 = CARTESIAN_POINT('',(0.129687965628,38.77088666623));
#6696 = CARTESIAN_POINT('',(0.170574395379,38.530945786805));
#6697 = CARTESIAN_POINT('',(0.20902695823,38.285408489695));
#6698 = CARTESIAN_POINT('',(0.245319297338,38.037700347422));
#6699 = CARTESIAN_POINT('',(0.279772204562,37.789483039155));
#6700 = CARTESIAN_POINT('',(0.312768034669,37.540741704301));
#6701 = CARTESIAN_POINT('',(0.344754104791,37.28991858756));
#6702 = CARTESIAN_POINT('',(0.45375266946,36.40415742234));
#6703 = CARTESIAN_POINT('',(0.526920266281,35.754356652761));
#6704 = CARTESIAN_POINT('',(0.596463558025,35.099662870689));
#6705 = CARTESIAN_POINT('',(0.663100463548,34.447714514195));
#6706 = CARTESIAN_POINT('',(0.727616215533,33.800542701987));
#6707 = CARTESIAN_POINT('',(0.790892644595,33.156132966274));
#6708 = CARTESIAN_POINT('',(0.8539065679,32.510054202667));
#6709 = CARTESIAN_POINT('',(0.956636100288,31.459234192131));
#6710 = CARTESIAN_POINT('',(0.99554107354,31.06183735958));
#6711 = CARTESIAN_POINT('',(1.034543918124,30.665316578864));
#6712 = CARTESIAN_POINT('',(1.073757959552,30.269773317958));
#6713 = CARTESIAN_POINT('',(1.113295136588,29.875330377813));
#6714 = CARTESIAN_POINT('',(1.15326755529,29.482169498324));
#6715 = CARTESIAN_POINT('',(1.193788497073,29.090566396525));
#6716 = CARTESIAN_POINT('',(1.296796966005,28.116009012067));
#6717 = CARTESIAN_POINT('',(1.359623804799,27.540166561684));
#6718 = CARTESIAN_POINT('',(1.424300552808,26.96991770568));
#6719 = CARTESIAN_POINT('',(1.491617430555,26.403505143949));
#6720 = CARTESIAN_POINT('',(1.562340689644,25.84145021146));
#6721 = CARTESIAN_POINT('',(1.637242611019,25.286611238918));
#6722 = CARTESIAN_POINT('',(1.717166265431,24.744129303339));
#6723 = CARTESIAN_POINT('',(1.853152866388,23.91792782936));
#6724 = CARTESIAN_POINT('',(1.904992465827,23.622198509058));
#6725 = CARTESIAN_POINT('',(1.959392289769,23.332625436128));
#6726 = CARTESIAN_POINT('',(2.017038152809,23.049038854754));
#6727 = CARTESIAN_POINT('',(2.078578368811,22.773043450769));
#6728 = CARTESIAN_POINT('',(2.144669565146,22.507965215922));
#6729 = CARTESIAN_POINT('',(2.215989763568,22.258844411519));
#6730 = CARTESIAN_POINT('',(2.335314660408,21.910419931856));
#6731 = CARTESIAN_POINT('',(2.37961193952,21.793137041986));
#6732 = CARTESIAN_POINT('',(2.426149043708,21.683446339372));
#6733 = CARTESIAN_POINT('',(2.474889726769,21.583522232736));
#6734 = CARTESIAN_POINT('',(2.5258078723,21.495520756971));
#6735 = CARTESIAN_POINT('',(2.578883988349,21.421624727598));
#6736 = CARTESIAN_POINT('',(2.634102479457,21.364110112079));
#6737 = CARTESIAN_POINT('',(2.740802087741,21.292149047365));
#6738 = CARTESIAN_POINT('',(2.791093530899,21.273245731155));
#6739 = CARTESIAN_POINT('',(2.841807527035,21.269957294663));
#6740 = CARTESIAN_POINT('',(2.892442415938,21.28269347512));
#6741 = CARTESIAN_POINT('',(2.94250723239,21.311102901914));
#6742 = CARTESIAN_POINT('',(2.991504771981,21.354069402416));
#6743 = CARTESIAN_POINT('',(3.038909605058,21.409663108593));
#6744 = CARTESIAN_POINT('',(3.150379722368,21.57082102337));
#6745 = CARTESIAN_POINT('',(3.212637630263,21.688569889399));
#6746 = CARTESIAN_POINT('',(3.271225615023,21.823511027738));
#6747 = CARTESIAN_POINT('',(3.326435179752,21.971914949995));
#6748 = CARTESIAN_POINT('',(3.378560001685,22.130845483831));
#6749 = CARTESIAN_POINT('',(3.427896608693,22.298048092443));
#6750 = CARTESIAN_POINT('',(3.474745660652,22.471935815885));
#6751 = CARTESIAN_POINT('',(3.552994899825,22.786576083285));
#6752 = CARTESIAN_POINT('',(3.58537823056,22.924968931956));
#6753 = CARTESIAN_POINT('',(3.616666122606,23.066241836229));
#6754 = CARTESIAN_POINT('',(3.646943018305,23.209967193222));
#6755 = CARTESIAN_POINT('',(3.676291571875,23.355826261679));
#6756 = CARTESIAN_POINT('',(3.704794105037,23.503606494959));
#6757 = CARTESIAN_POINT('',(3.732533166926,23.653198183388));
#6758 = CARTESIAN_POINT('',(3.865393628758,24.396564924863));
#6759 = CARTESIAN_POINT('',(3.961942844939,25.022551393831));
#6760 = CARTESIAN_POINT('',(4.051083620858,25.667907566288));
#6761 = CARTESIAN_POINT('',(4.134163847677,26.32311740493));
#6762 = CARTESIAN_POINT('',(4.212415486316,26.982635585691));
#6763 = CARTESIAN_POINT('',(4.287051650225,27.645833228026));
#6764 = CARTESIAN_POINT('',(4.359370255133,28.316425871245));
#6765 = CARTESIAN_POINT('',(4.467611139615,29.35446333408));
#6766 = CARTESIAN_POINT('',(4.503944343135,29.708998615624));
#6767 = CARTESIAN_POINT('',(4.539876228413,30.06472340859));
#6768 = CARTESIAN_POINT('',(4.575489340097,30.42145371035));
#6769 = CARTESIAN_POINT('',(4.610865616971,30.779060181977));
#6770 = CARTESIAN_POINT('',(4.646086956932,31.137446137048));
#6771 = CARTESIAN_POINT('',(4.681236093043,31.496524200551));
#6772 = CARTESIAN_POINT('',(4.792167953676,32.631241579688));
#6773 = CARTESIAN_POINT('',(4.865552004849,33.384022798732));
#6774 = CARTESIAN_POINT('',(4.938967952329,34.12933278676));
#6775 = CARTESIAN_POINT('',(5.014592837993,34.881549681501));
#6776 = CARTESIAN_POINT('',(5.09426020659,35.647733991798));
#6777 = CARTESIAN_POINT('',(5.179436364086,36.42326672198));
#6778 = CARTESIAN_POINT('',(5.271382255149,37.187871871584));
#6779 = CARTESIAN_POINT('',(5.39132803765,38.04265621215));
#6780 = CARTESIAN_POINT('',(5.411618059413,38.182936325436));
#6781 = CARTESIAN_POINT('',(5.432442093483,38.322242356568));
#6782 = CARTESIAN_POINT('',(5.453911251075,38.460727263604));
#6783 = CARTESIAN_POINT('',(5.476126096748,38.598278144618));
#6784 = CARTESIAN_POINT('',(5.499177546063,38.734506279962));
#6785 = CARTESIAN_POINT('',(5.523147763251,38.868737174526));
#6786 = CARTESIAN_POINT('',(5.548111058874,39.0000006));
#6787 = ( GEOMETRIC_REPRESENTATION_CONTEXT(2) 
PARAMETRIC_REPRESENTATION_CONTEXT() REPRESENTATION_CONTEXT('2D SPACE',''
  ) );
#6788 = ADVANCED_FACE('',(#6789),#2071,.F.);
#6789 = FACE_BOUND('',#6790,.F.);
#6790 = EDGE_LOOP('',(#6791,#6814,#6836,#6837,#6838,#7216,#7217,#7218,
    #7240,#7241,#7242,#7620));
#6791 = ORIENTED_EDGE('',*,*,#6792,.T.);
#6792 = EDGE_CURVE('',#1988,#6793,#6795,.T.);
#6793 = VERTEX_POINT('',#6794);
#6794 = CARTESIAN_POINT('',(-23.93683505624,2.121148811916,
    -19.11986450171));
#6795 = SEAM_CURVE('',#6796,(#6800,#6807),.PCURVE_S1.);
#6796 = LINE('',#6797,#6798);
#6797 = CARTESIAN_POINT('',(-19.96282945196,-13.37747304478,
    -19.11986450171));
#6798 = VECTOR('',#6799,1.);
#6799 = DIRECTION('',(-0.248375350268,0.968663866044,0.));
#6800 = PCURVE('',#2071,#6801);
#6801 = DEFINITIONAL_REPRESENTATION('',(#6802),#6806);
#6802 = LINE('',#6803,#6804);
#6803 = CARTESIAN_POINT('',(6.28318530718,-0.));
#6804 = VECTOR('',#6805,1.);
#6805 = DIRECTION('',(0.,1.));
#6806 = ( GEOMETRIC_REPRESENTATION_CONTEXT(2) 
PARAMETRIC_REPRESENTATION_CONTEXT() REPRESENTATION_CONTEXT('2D SPACE',''
  ) );
#6807 = PCURVE('',#2071,#6808);
#6808 = DEFINITIONAL_REPRESENTATION('',(#6809),#6813);
#6809 = LINE('',#6810,#6811);
#6810 = CARTESIAN_POINT('',(0.,-0.));
#6811 = VECTOR('',#6812,1.);
#6812 = DIRECTION('',(0.,1.));
#6813 = ( GEOMETRIC_REPRESENTATION_CONTEXT(2) 
PARAMETRIC_REPRESENTATION_CONTEXT() REPRESENTATION_CONTEXT('2D SPACE',''
  ) );
#6814 = ORIENTED_EDGE('',*,*,#6815,.F.);
#6815 = EDGE_CURVE('',#3220,#6793,#6816,.T.);
#6816 = SURFACE_CURVE('',#6817,(#6822,#6829),.PCURVE_S1.);
#6817 = CIRCLE('',#6818,3.);
#6818 = AXIS2_PLACEMENT_3D('',#6819,#6820,#6821);
#6819 = CARTESIAN_POINT('',(-26.84282665437,1.376022761113,
    -19.11986450171));
#6820 = DIRECTION('',(-0.248375350268,0.968663866044,0.));
#6821 = DIRECTION('',(0.968663866044,0.248375350268,0.));
#6822 = PCURVE('',#2071,#6823);
#6823 = DEFINITIONAL_REPRESENTATION('',(#6824),#6828);
#6824 = LINE('',#6825,#6826);
#6825 = CARTESIAN_POINT('',(0.,16.));
#6826 = VECTOR('',#6827,1.);
#6827 = DIRECTION('',(1.,0.));
#6828 = ( GEOMETRIC_REPRESENTATION_CONTEXT(2) 
PARAMETRIC_REPRESENTATION_CONTEXT() REPRESENTATION_CONTEXT('2D SPACE',''
  ) );
#6829 = PCURVE('',#3239,#6830);
#6830 = DEFINITIONAL_REPRESENTATION('',(#6831),#6835);
#6831 = CIRCLE('',#6832,3.);
#6832 = AXIS2_PLACEMENT_2D('',#6833,#6834);
#6833 = CARTESIAN_POINT('',(0.,0.));
#6834 = DIRECTION('',(1.,0.));
#6835 = ( GEOMETRIC_REPRESENTATION_CONTEXT(2) 
PARAMETRIC_REPRESENTATION_CONTEXT() REPRESENTATION_CONTEXT('2D SPACE',''
  ) );
#6836 = ORIENTED_EDGE('',*,*,#3251,.F.);
#6837 = ORIENTED_EDGE('',*,*,#6373,.F.);
#6838 = ORIENTED_EDGE('',*,*,#6839,.F.);
#6839 = EDGE_CURVE('',#2644,#6374,#6840,.T.);
#6840 = SURFACE_CURVE('',#6841,(#6964,#7090),.PCURVE_S1.);
#6841 = B_SPLINE_CURVE_WITH_KNOTS('',7,(#6842,#6843,#6844,#6845,#6846,
    #6847,#6848,#6849,#6850,#6851,#6852,#6853,#6854,#6855,#6856,#6857,
    #6858,#6859,#6860,#6861,#6862,#6863,#6864,#6865,#6866,#6867,#6868,
    #6869,#6870,#6871,#6872,#6873,#6874,#6875,#6876,#6877,#6878,#6879,
    #6880,#6881,#6882,#6883,#6884,#6885,#6886,#6887,#6888,#6889,#6890,
    #6891,#6892,#6893,#6894,#6895,#6896,#6897,#6898,#6899,#6900,#6901,
    #6902,#6903,#6904,#6905,#6906,#6907,#6908,#6909,#6910,#6911,#6912,
    #6913,#6914,#6915,#6916,#6917,#6918,#6919,#6920,#6921,#6922,#6923,
    #6924,#6925,#6926,#6927,#6928,#6929,#6930,#6931,#6932,#6933,#6934,
    #6935,#6936,#6937,#6938,#6939,#6940,#6941,#6942,#6943,#6944,#6945,
    #6946,#6947,#6948,#6949,#6950,#6951,#6952,#6953,#6954,#6955,#6956,
    #6957,#6958,#6959,#6960,#6961,#6962,#6963),.UNSPECIFIED.,.T.,.F.,(8,
    6,6,6,6,6,6,6,6,6,6,6,6,6,6,6,6,6,6,6,8),(0.,1.990735323647E-02,
    3.476179340114E-02,7.721587104405E-02,0.11636461163,0.159868720905,
    0.242500579111,0.301633772482,0.350461415206,0.40902165605,
    0.468849493587,0.496204342731,0.532718092639,0.576432086119,
    0.659337269258,0.702842623223,0.742299150052,0.822406545277,
    0.850163553534,0.90870506863,1.),.UNSPECIFIED.);
#6842 = CARTESIAN_POINT('',(-23.37202762913,-8.160015381438E-02,
    -19.11986450171));
#6843 = CARTESIAN_POINT('',(-23.36861752048,-9.489957754982E-02,
    -19.17455971522));
#6844 = CARTESIAN_POINT('',(-23.36630667657,-0.108595952571,
    -19.22885160063));
#6845 = CARTESIAN_POINT('',(-23.36507232367,-0.122653548997,
    -19.28272781397));
#6846 = CARTESIAN_POINT('',(-23.36489298359,-0.137038237247,
    -19.33617766011));
#6847 = CARTESIAN_POINT('',(-23.36574847364,-0.151717488039,
    -19.38919209265));
#6848 = CARTESIAN_POINT('',(-23.36761990668,-0.166660372391,
    -19.44176371401));
#6849 = CARTESIAN_POINT('',(-23.37263106264,-0.193162454822,
    -19.53277988625));
#6850 = CARTESIAN_POINT('',(-23.37532829844,-0.20461772688,
    -19.57142299733));
#6851 = CARTESIAN_POINT('',(-23.37857412017,-0.216191159737,
    -19.60981356508));
#6852 = CARTESIAN_POINT('',(-23.3823616389,-0.227870913502,
    -19.64794923059));
#6853 = CARTESIAN_POINT('',(-23.38668435506,-0.23964552645,
    -19.6858278196));
#6854 = CARTESIAN_POINT('',(-23.39153615844,-0.25150391502,
    -19.72344734252));
#6855 = CARTESIAN_POINT('',(-23.41227359505,-0.297535553475,
    -19.86757724186));
#6856 = CARTESIAN_POINT('',(-23.43191297406,-0.332237846344,
    -19.97223448801));
#6857 = CARTESIAN_POINT('',(-23.45569694825,-0.367288052121,
    -20.07471995557));
#6858 = CARTESIAN_POINT('',(-23.48351156712,-0.402452130058,
    -20.17498207263));
#6859 = CARTESIAN_POINT('',(-23.51526145501,-0.437515588583,
    -20.27297516084));
#6860 = CARTESIAN_POINT('',(-23.55086981928,-0.472282874908,
    -20.3686591236));
#6861 = CARTESIAN_POINT('',(-23.62661886895,-0.538200643147,
    -20.54807199399));
#6862 = CARTESIAN_POINT('',(-23.66619019249,-0.56942132674,
    -20.63214977591));
#6863 = CARTESIAN_POINT('',(-23.70893063136,-0.600085375623,
    -20.71416546578));
#6864 = CARTESIAN_POINT('',(-23.75478147862,-0.630051866211,
    -20.79405532793));
#6865 = CARTESIAN_POINT('',(-23.80368730909,-0.659193362737,
    -20.87175812196));
#6866 = CARTESIAN_POINT('',(-23.85559617008,-0.687396888859,
    -20.94721431959));
#6867 = CARTESIAN_POINT('',(-23.97142704995,-0.744755400291,
    -21.10165450513));
#6868 = CARTESIAN_POINT('',(-24.03603988707,-0.773665680692,
    -21.18009274818));
#6869 = CARTESIAN_POINT('',(-24.10420031151,-0.801146000114,
    -21.25555820948));
#6870 = CARTESIAN_POINT('',(-24.17580281546,-0.827073885094,
    -21.32793613708));
#6871 = CARTESIAN_POINT('',(-24.25073472039,-0.851355377179,
    -21.39711778072));
#6872 = CARTESIAN_POINT('',(-24.32887654202,-0.87392628105,
    -21.46299930446));
#6873 = CARTESIAN_POINT('',(-24.56438295074,-0.934312539695,
    -21.64415808039));
#6874 = CARTESIAN_POINT('',(-24.72950079067,-0.967506198911,
    -21.75034667082));
#6875 = CARTESIAN_POINT('',(-24.90464404152,-0.994176809493,
    -21.84353759404));
#6876 = CARTESIAN_POINT('',(-25.08891799052,-1.014514069988,
    -21.92317438483));
#6877 = CARTESIAN_POINT('',(-25.28130275587,-1.029041474536,
    -21.9886420209));
#6878 = CARTESIAN_POINT('',(-25.48060361621,-1.038567179253,
    -22.0392833317));
#6879 = CARTESIAN_POINT('',(-25.83194647821,-1.048058069107,
    -22.0996036696));
#6880 = CARTESIAN_POINT('',(-25.98143971386,-1.049975186166,
    -22.1168584208));
#6881 = CARTESIAN_POINT('',(-26.13361515631,-1.050221239859,
    -22.12598640081));
#6882 = CARTESIAN_POINT('',(-26.28818591449,-1.049200548903,
    -22.1266846571));
#6883 = CARTESIAN_POINT('',(-26.44480847638,-1.047355670106,
    -22.1185677817));
#6884 = CARTESIAN_POINT('',(-26.6030544693,-1.045171987665,
    -22.10116777118));
#6885 = CARTESIAN_POINT('',(-26.89394318681,-1.041539373479,
    -22.05144623956));
#6886 = CARTESIAN_POINT('',(-27.02635816522,-1.040027592977,
    -22.02223369073));
#6887 = CARTESIAN_POINT('',(-27.1592936629,-1.038946656272,
    -21.98597003202));
#6888 = CARTESIAN_POINT('',(-27.29235228651,-1.038622989178,
    -21.9422978879));
#6889 = CARTESIAN_POINT('',(-27.42505929371,-1.039406569879,
    -21.89083382441));
#6890 = CARTESIAN_POINT('',(-27.55684894509,-1.041667750792,
    -21.83117345828));
#6891 = CARTESIAN_POINT('',(-27.84320533814,-1.050742893104,
    -21.6810103425));
#6892 = CARTESIAN_POINT('',(-27.99817030845,-1.058408669286,
    -21.58615652866));
#6893 = CARTESIAN_POINT('',(-28.14908960652,-1.069473702094,
    -21.47815709117));
#6894 = CARTESIAN_POINT('',(-28.29340864406,-1.084536937659,
    -21.35730102134));
#6895 = CARTESIAN_POINT('',(-28.42889919691,-1.103991456376,
    -21.22427450546));
#6896 = CARTESIAN_POINT('',(-28.55369118331,-1.127956291959,
    -21.08010407854));
#6897 = CARTESIAN_POINT('',(-28.78136945475,-1.185181603546,
    -20.76878814417));
#6898 = CARTESIAN_POINT('',(-28.88215113808,-1.21823697281,
    -20.60336225109));
#6899 = CARTESIAN_POINT('',(-28.96772872907,-1.255029280635,
    -20.43172721895));
#6900 = CARTESIAN_POINT('',(-29.0376849812,-1.294853539064,
    -20.25602884972));
#6901 = CARTESIAN_POINT('',(-29.09214269741,-1.336728605877,
    -20.07861264716));
#6902 = CARTESIAN_POINT('',(-29.13180018985,-1.379490776471,
    -19.90198888383));
#6903 = CARTESIAN_POINT('',(-29.16993938584,-1.441365723206,
    -19.6496378547));
#6904 = CARTESIAN_POINT('',(-29.17913228741,-1.460790409961,
    -19.5708807963));
#6905 = CARTESIAN_POINT('',(-29.18566623132,-1.480156214685,
    -19.4926256109));
#6906 = CARTESIAN_POINT('',(-29.18965277984,-1.499395974876,
    -19.41494509428));
#6907 = CARTESIAN_POINT('',(-29.19120013377,-1.518445140764,
    -19.3379049641));
#6908 = CARTESIAN_POINT('',(-29.19041308264,-1.537242155592,
    -19.26156407378));
#6909 = CARTESIAN_POINT('',(-29.18336163377,-1.580405192804,
    -19.08507645749));
#6910 = CARTESIAN_POINT('',(-29.17535085828,-1.604533566621,
    -18.98549703735));
#6911 = CARTESIAN_POINT('',(-29.1635960497,-1.627986670738,
    -18.88731337695));
#6912 = CARTESIAN_POINT('',(-29.14831168797,-1.650645653717,
    -18.79058778266));
#6913 = CARTESIAN_POINT('',(-29.12969134022,-1.67239948367,
    -18.69536816626));
#6914 = CARTESIAN_POINT('',(-29.10790768923,-1.693144332645,
    -18.60168835501));
#6915 = CARTESIAN_POINT('',(-29.0534280172,-1.736294182818,
    -18.39928306987));
#6916 = CARTESIAN_POINT('',(-29.01942399878,-1.758222454241,
    -18.29122127603));
#6917 = CARTESIAN_POINT('',(-28.98136470377,-1.778393678748,
    -18.18544637872));
#6918 = CARTESIAN_POINT('',(-28.93948477509,-1.796643644069,
    -18.08201444785));
#6919 = CARTESIAN_POINT('',(-28.89398965924,-1.812817333489,
    -17.98097461755));
#6920 = CARTESIAN_POINT('',(-28.84505596426,-1.826768237122,
    -17.88236943896));
#6921 = CARTESIAN_POINT('',(-28.69378681865,-1.860337432474,
    -17.60391320466));
#6922 = CARTESIAN_POINT('',(-28.58275128299,-1.873856922043,
    -17.43019560744));
#6923 = CARTESIAN_POINT('',(-28.46099287901,-1.877848589783,
    -17.26598605397));
#6924 = CARTESIAN_POINT('',(-28.32966764945,-1.87147702526,
    -17.11201799327));
#6925 = CARTESIAN_POINT('',(-28.18978328038,-1.85420047906,
    -16.96894140586));
#6926 = CARTESIAN_POINT('',(-28.04219149352,-1.825805976359,
    -16.83738634851));
#6927 = CARTESIAN_POINT('',(-27.80649109173,-1.765748773661,
    -16.65535588218));
#6928 = CARTESIAN_POINT('',(-27.72352833852,-1.742072851624,
    -16.59612264242));
#6929 = CARTESIAN_POINT('',(-27.63885034857,-1.715423070053,
    -16.54040013139));
#6930 = CARTESIAN_POINT('',(-27.55258225311,-1.685863938655,
    -16.4882850682));
#6931 = CARTESIAN_POINT('',(-27.4648463564,-1.653490797098,
    -16.43987345603));
#6932 = CARTESIAN_POINT('',(-27.37576322363,-1.618428956726,
    -16.39525964924));
#6933 = CARTESIAN_POINT('',(-27.20354705928,-1.546735611405,
    -16.31760119331));
#6934 = CARTESIAN_POINT('',(-27.12063626798,-1.510555617158,
    -16.28386821096));
#6935 = CARTESIAN_POINT('',(-27.03677545329,-1.472393536173,
    -16.25338886007));
#6936 = CARTESIAN_POINT('',(-26.95201905129,-1.432364883593,
    -16.2262225158));
#6937 = CARTESIAN_POINT('',(-26.86642174022,-1.390599272122,
    -16.20243488074));
#6938 = CARTESIAN_POINT('',(-26.78003930498,-1.347239671086,
    -16.18209732379));
#6939 = CARTESIAN_POINT('',(-26.51607309766,-1.211489627172,
    -16.13115514092));
#6940 = CARTESIAN_POINT('',(-26.33637859526,-1.114690311746,
    -16.11159143374));
#6941 = CARTESIAN_POINT('',(-26.15390157086,-1.013141651957,
    -16.10710237584));
#6942 = CARTESIAN_POINT('',(-25.96873374681,-0.908072460843,
    -16.11851064512));
#6943 = CARTESIAN_POINT('',(-25.78111065473,-0.800944350816,
    -16.14694561775));
#6944 = CARTESIAN_POINT('',(-25.59153118952,-0.693549646424,
    -16.19383043102));
#6945 = CARTESIAN_POINT('',(-25.33483203988,-0.551569090384,
    -16.28409205202));
#6946 = CARTESIAN_POINT('',(-25.26862576548,-0.515255019443,
    -16.3097461218));
#6947 = CARTESIAN_POINT('',(-25.20232286491,-0.479264092759,
    -16.33789533823));
#6948 = CARTESIAN_POINT('',(-25.1359822085,-0.443703496157,
    -16.36860867264));
#6949 = CARTESIAN_POINT('',(-25.06966922661,-0.408686259005,
    -16.40195572765));
#6950 = CARTESIAN_POINT('',(-25.0034562335,-0.374330926683,
    -16.4380067157));
#6951 = CARTESIAN_POINT('',(-24.79815341568,-0.269960348883,
    -16.55871866093));
#6952 = CARTESIAN_POINT('',(-24.65861946859,-0.202113582143,
    -16.65357247477));
#6953 = CARTESIAN_POINT('',(-24.52099636671,-0.139193384195,
    -16.76157191226));
#6954 = CARTESIAN_POINT('',(-24.38723530805,-8.295403099055E-02,
    -16.88242798209));
#6955 = CARTESIAN_POINT('',(-24.2591004529,-3.481229124537E-02,
    -17.01545449797));
#6956 = CARTESIAN_POINT('',(-24.13817387397,4.227633512301E-03,
    -17.15962492488));
#6957 = CARTESIAN_POINT('',(-23.85062629045,7.941845769952E-02,
    -17.5537642237));
#6958 = CARTESIAN_POINT('',(-23.70226123414,0.100171706919,
    -17.80961565633));
#6959 = CARTESIAN_POINT('',(-23.58180599512,9.703479888427E-02,
    -18.0753822101));
#6960 = CARTESIAN_POINT('',(-23.48968909513,7.279415187537E-02,
    -18.34519130413));
#6961 = CARTESIAN_POINT('',(-23.42545071759,3.155621994668E-02,
    -18.61312121087));
#6962 = CARTESIAN_POINT('',(-23.38740094588,-2.164421848482E-02,
    -18.8732897065));
#6963 = CARTESIAN_POINT('',(-23.37202762913,-8.160015381438E-02,
    -19.11986450171));
#6964 = PCURVE('',#2071,#6965);
#6965 = DEFINITIONAL_REPRESENTATION('',(#6966),#7089);
#6966 = B_SPLINE_CURVE_WITH_KNOTS('',7,(#6967,#6968,#6969,#6970,#6971,
    #6972,#6973,#6974,#6975,#6976,#6977,#6978,#6979,#6980,#6981,#6982,
    #6983,#6984,#6985,#6986,#6987,#6988,#6989,#6990,#6991,#6992,#6993,
    #6994,#6995,#6996,#6997,#6998,#6999,#7000,#7001,#7002,#7003,#7004,
    #7005,#7006,#7007,#7008,#7009,#7010,#7011,#7012,#7013,#7014,#7015,
    #7016,#7017,#7018,#7019,#7020,#7021,#7022,#7023,#7024,#7025,#7026,
    #7027,#7028,#7029,#7030,#7031,#7032,#7033,#7034,#7035,#7036,#7037,
    #7038,#7039,#7040,#7041,#7042,#7043,#7044,#7045,#7046,#7047,#7048,
    #7049,#7050,#7051,#7052,#7053,#7054,#7055,#7056,#7057,#7058,#7059,
    #7060,#7061,#7062,#7063,#7064,#7065,#7066,#7067,#7068,#7069,#7070,
    #7071,#7072,#7073,#7074,#7075,#7076,#7077,#7078,#7079,#7080,#7081,
    #7082,#7083,#7084,#7085,#7086,#7087,#7088),.UNSPECIFIED.,.F.,.F.,(8,
    6,6,6,6,6,6,6,6,6,6,6,6,6,6,6,6,6,6,6,8),(0.,1.990735323647E-02,
    3.476179340114E-02,7.721587104405E-02,0.11636461163,0.159868720905,
    0.242500579111,0.301633772482,0.350461415206,0.40902165605,
    0.468849493587,0.496204342731,0.532718092639,0.576432086119,
    0.659337269258,0.702842623223,0.742299150052,0.822406545277,
    0.850163553534,0.90870506863,1.),.UNSPECIFIED.);
#6967 = CARTESIAN_POINT('',(0.,13.725992428389));
#6968 = CARTESIAN_POINT('',(1.823173783662E-02,13.712262770247));
#6969 = CARTESIAN_POINT('',(3.632907479335E-02,13.698421630002));
#6970 = CARTESIAN_POINT('',(5.429769377041E-02,13.684497961467));
#6971 = CARTESIAN_POINT('',(7.21432978081E-02,13.67051949008));
#6972 = CARTESIAN_POINT('',(8.98716100869E-02,13.656512712899));
#6973 = CARTESIAN_POINT('',(0.107488373927,13.642502898608));
#6974 = CARTESIAN_POINT('',(0.138065669776,13.6180759366));
#6975 = CARTESIAN_POINT('',(0.151073034134,13.607649555368));
#6976 = CARTESIAN_POINT('',(0.164023809946,13.597244971262));
#6977 = CARTESIAN_POINT('',(0.176920318449,13.586871942116));
#6978 = CARTESIAN_POINT('',(0.189764838038,13.576539956158));
#6979 = CARTESIAN_POINT('',(0.202559604265,13.566258232005));
#6980 = CARTESIAN_POINT('',(0.251738398583,13.526819715219));
#6981 = CARTESIAN_POINT('',(0.287787311858,13.49808279569));
#6982 = CARTESIAN_POINT('',(0.323499994881,13.470038280776));
#6983 = CARTESIAN_POINT('',(0.358919303687,13.442884574801));
#6984 = CARTESIAN_POINT('',(0.394086407775,13.416805759034));
#6985 = CARTESIAN_POINT('',(0.429042692769,13.391972184999));
#6986 = CARTESIAN_POINT('',(0.495912076732,13.34693422152));
#6987 = CARTESIAN_POINT('',(0.527849505818,13.326520414796));
#6988 = CARTESIAN_POINT('',(0.55966329854,13.307432930131));
#6989 = CARTESIAN_POINT('',(0.591372510064,13.289793693755));
#6990 = CARTESIAN_POINT('',(0.622996373384,13.273712381839));
#6991 = CARTESIAN_POINT('',(0.654554770222,13.25928552672));
#6992 = CARTESIAN_POINT('',(0.721088615917,13.232493944645));
#6993 = CARTESIAN_POINT('',(0.756051773623,13.220537836717));
#6994 = CARTESIAN_POINT('',(0.790969044162,13.210848013558));
#6995 = CARTESIAN_POINT('',(0.825851906919,13.203516905254));
#6996 = CARTESIAN_POINT('',(0.860712635053,13.198607539393));
#6997 = CARTESIAN_POINT('',(0.895564479016,13.196152422707));
#6998 = CARTESIAN_POINT('',(0.996630063265,13.196152422707));
#6999 = CARTESIAN_POINT('',(1.062734221354,13.205010125771));
#7000 = CARTESIAN_POINT('',(1.128886615644,13.222676535292));
#7001 = CARTESIAN_POINT('',(1.195224177142,13.248745672545));
#7002 = CARTESIAN_POINT('',(1.261874789084,13.282457134171));
#7003 = CARTESIAN_POINT('',(1.328955299638,13.322731349209));
#7004 = CARTESIAN_POINT('',(1.444941543808,13.400802773564));
#7005 = CARTESIAN_POINT('',(1.49363349098,13.436076166307));
#7006 = CARTESIAN_POINT('',(1.542757937397,13.473634451808));
#7007 = CARTESIAN_POINT('',(1.592434150942,13.513014724459));
#7008 = CARTESIAN_POINT('',(1.642782904704,13.553702975557));
#7009 = CARTESIAN_POINT('',(1.693929575407,13.595122633753));
#7010 = CARTESIAN_POINT('',(1.789008973101,13.670891002953));
#7011 = CARTESIAN_POINT('',(1.832683577636,13.705244026742));
#7012 = CARTESIAN_POINT('',(1.877098817502,13.739308991869));
#7013 = CARTESIAN_POINT('',(1.922323252664,13.772670998733));
#7014 = CARTESIAN_POINT('',(1.968428577186,13.804873121819));
#7015 = CARTESIAN_POINT('',(2.015491955415,13.835416098396));
#7016 = CARTESIAN_POINT('',(2.121293597475,13.897749205385));
#7017 = CARTESIAN_POINT('',(2.180893572052,13.928813123771));
#7018 = CARTESIAN_POINT('',(2.241977505317,13.955579459833));
#7019 = CARTESIAN_POINT('',(2.304223406703,13.976833539336));
#7020 = CARTESIAN_POINT('',(2.367371696409,13.991641163546));
#7021 = CARTESIAN_POINT('',(2.431196634377,13.999422546594));
#7022 = CARTESIAN_POINT('',(2.561166072487,14.000540125452));
#7023 = CARTESIAN_POINT('',(2.626433437762,13.993552269567));
#7024 = CARTESIAN_POINT('',(2.691046916084,13.979168254566));
#7025 = CARTESIAN_POINT('',(2.75475485823,13.957967343059));
#7026 = CARTESIAN_POINT('',(2.81727015,13.930930433288));
#7027 = CARTESIAN_POINT('',(2.878236873913,13.899358207374));
#7028 = CARTESIAN_POINT('',(2.964142258409,13.848895018423));
#7029 = CARTESIAN_POINT('',(2.990777049722,13.832362316401));
#7030 = CARTESIAN_POINT('',(3.017104739242,13.815226231735));
#7031 = CARTESIAN_POINT('',(3.043136358018,13.797579531633));
#7032 = CARTESIAN_POINT('',(3.068882086867,13.779511617531));
#7033 = CARTESIAN_POINT('',(3.094351558805,13.761108144379));
#7034 = CARTESIAN_POINT('',(3.153195053656,13.717546263801));
#7035 = CARTESIAN_POINT('',(3.186367171752,13.692184300768));
#7036 = CARTESIAN_POINT('',(3.219108403272,13.666546521565));
#7037 = CARTESIAN_POINT('',(3.251453800365,13.640801324814));
#7038 = CARTESIAN_POINT('',(3.283437087568,13.615104340398));
#7039 = CARTESIAN_POINT('',(3.31509216958,13.589599032842));
#7040 = CARTESIAN_POINT('',(3.384001557311,13.534269924533));
#7041 = CARTESIAN_POINT('',(3.421133206233,13.504583040374));
#7042 = CARTESIAN_POINT('',(3.457900843672,13.475590913333));
#7043 = CARTESIAN_POINT('',(3.494351543741,13.447510889413));
#7044 = CARTESIAN_POINT('',(3.530530423582,13.420544155556));
#7045 = CARTESIAN_POINT('',(3.566482870167,13.394876495678));
#7046 = CARTESIAN_POINT('',(3.670103267516,13.324787702102));
#7047 = CARTESIAN_POINT('',(3.737413049576,13.284113371008));
#7048 = CARTESIAN_POINT('',(3.804283912769,13.250005000466));
#7049 = CARTESIAN_POINT('',(3.870834925113,13.223558954901));
#7050 = CARTESIAN_POINT('',(3.937196184423,13.205550291769));
#7051 = CARTESIAN_POINT('',(4.00350700925,13.196396858771));
#7052 = CARTESIAN_POINT('',(4.104774807707,13.196029931068));
#7053 = CARTESIAN_POINT('',(4.139621227172,13.198358038352));
#7054 = CARTESIAN_POINT('',(4.174476115231,13.203140793384));
#7055 = CARTESIAN_POINT('',(4.209352623514,13.210346787455));
#7056 = CARTESIAN_POINT('',(4.24426293899,13.219914045836));
#7057 = CARTESIAN_POINT('',(4.279218465008,13.231751129375));
#7058 = CARTESIAN_POINT('',(4.345983189886,13.258423632282));
#7059 = CARTESIAN_POINT('',(4.377780738956,13.272876888553));
#7060 = CARTESIAN_POINT('',(4.409644089931,13.289014158234));
#7061 = CARTESIAN_POINT('',(4.441593521707,13.30673706656));
#7062 = CARTESIAN_POINT('',(4.473648638359,13.325933643115));
#7063 = CARTESIAN_POINT('',(4.50582885579,13.346479254275));
#7064 = CARTESIAN_POINT('',(4.603782426118,13.412412717427));
#7065 = CARTESIAN_POINT('',(4.669948694243,13.461547031563));
#7066 = CARTESIAN_POINT('',(4.736976722895,13.514590754096));
#7067 = CARTESIAN_POINT('',(4.805187884189,13.570376359806));
#7068 = CARTESIAN_POINT('',(4.874900335804,13.627546537814));
#7069 = CARTESIAN_POINT('',(4.946444877555,13.684489041286));
#7070 = CARTESIAN_POINT('',(5.045752219874,13.758262734399));
#7071 = CARTESIAN_POINT('',(5.071580701019,13.776994856153));
#7072 = CARTESIAN_POINT('',(5.097692681387,13.795389960185));
#7073 = CARTESIAN_POINT('',(5.124098410625,13.813358841396));
#7074 = CARTESIAN_POINT('',(5.150808701205,13.830808263609));
#7075 = CARTESIAN_POINT('',(5.17783525865,13.847641357279));
#7076 = CARTESIAN_POINT('',(5.262886251065,13.897749205385));
#7077 = CARTESIAN_POINT('',(5.322486225642,13.928813123771));
#7078 = CARTESIAN_POINT('',(5.383570158907,13.955579459833));
#7079 = CARTESIAN_POINT('',(5.445816060293,13.976833539336));
#7080 = CARTESIAN_POINT('',(5.508964349999,13.991641163546));
#7081 = CARTESIAN_POINT('',(5.572789287967,13.999422546594));
#7082 = CARTESIAN_POINT('',(5.737336159963,14.000837449267));
#7083 = CARTESIAN_POINT('',(5.835307038231,13.98409014906));
#7084 = CARTESIAN_POINT('',(5.930946267235,13.951133427413));
#7085 = CARTESIAN_POINT('',(6.024054173559,13.904772821264));
#7086 = CARTESIAN_POINT('',(6.114270854191,13.848871897172));
#7087 = CARTESIAN_POINT('',(6.200993708775,13.78788792943));
#7088 = CARTESIAN_POINT('',(6.28318530718,13.725992428389));
#7089 = ( GEOMETRIC_REPRESENTATION_CONTEXT(2) 
PARAMETRIC_REPRESENTATION_CONTEXT() REPRESENTATION_CONTEXT('2D SPACE',''
  ) );
#7090 = PCURVE('',#1885,#7091);
#7091 = DEFINITIONAL_REPRESENTATION('',(#7092),#7215);
#7092 = B_SPLINE_CURVE_WITH_KNOTS('',7,(#7093,#7094,#7095,#7096,#7097,
    #7098,#7099,#7100,#7101,#7102,#7103,#7104,#7105,#7106,#7107,#7108,
    #7109,#7110,#7111,#7112,#7113,#7114,#7115,#7116,#7117,#7118,#7119,
    #7120,#7121,#7122,#7123,#7124,#7125,#7126,#7127,#7128,#7129,#7130,
    #7131,#7132,#7133,#7134,#7135,#7136,#7137,#7138,#7139,#7140,#7141,
    #7142,#7143,#7144,#7145,#7146,#7147,#7148,#7149,#7150,#7151,#7152,
    #7153,#7154,#7155,#7156,#7157,#7158,#7159,#7160,#7161,#7162,#7163,
    #7164,#7165,#7166,#7167,#7168,#7169,#7170,#7171,#7172,#7173,#7174,
    #7175,#7176,#7177,#7178,#7179,#7180,#7181,#7182,#7183,#7184,#7185,
    #7186,#7187,#7188,#7189,#7190,#7191,#7192,#7193,#7194,#7195,#7196,
    #7197,#7198,#7199,#7200,#7201,#7202,#7203,#7204,#7205,#7206,#7207,
    #7208,#7209,#7210,#7211,#7212,#7213,#7214),.UNSPECIFIED.,.F.,.F.,(8,
    6,6,6,6,6,6,6,6,6,6,6,6,6,6,6,6,6,6,6,8),(0.,1.990735323647E-02,
    3.476179340114E-02,7.721587104405E-02,0.11636461163,0.159868720905,
    0.242500579111,0.301633772482,0.350461415206,0.40902165605,
    0.468849493587,0.496204342731,0.532718092639,0.576432086119,
    0.659337269258,0.702842623223,0.742299150052,0.822406545277,
    0.850163553534,0.90870506863,1.),.UNSPECIFIED.);
#7093 = CARTESIAN_POINT('',(4.863747326304,29.59438380244));
#7094 = CARTESIAN_POINT('',(4.871406883036,29.627063960915));
#7095 = CARTESIAN_POINT('',(4.87890999176,29.660436039293));
#7096 = CARTESIAN_POINT('',(4.886257293214,29.694467856602));
#7097 = CARTESIAN_POINT('',(4.893449429298,29.729129542028));
#7098 = CARTESIAN_POINT('',(4.900487043068,29.764393534913));
#7099 = CARTESIAN_POINT('',(4.907370778742,29.800234584755));
#7100 = CARTESIAN_POINT('',(4.919123438698,29.863787044097));
#7101 = CARTESIAN_POINT('',(4.924060249762,29.891252694583));
#7102 = CARTESIAN_POINT('',(4.928911962815,29.919017096123));
#7103 = CARTESIAN_POINT('',(4.933678792993,29.94707113025));
#7104 = CARTESIAN_POINT('',(4.938360922638,29.975406166572));
#7105 = CARTESIAN_POINT('',(4.9429585013,30.004014062777));
#7106 = CARTESIAN_POINT('',(4.960370239171,30.115406660097));
#7107 = CARTESIAN_POINT('',(4.972581232676,30.200105192075));
#7108 = CARTESIAN_POINT('',(4.98410519604,30.286794679192));
#7109 = CARTESIAN_POINT('',(4.994940655394,30.375309184257));
#7110 = CARTESIAN_POINT('',(5.005084393132,30.465504612835));
#7111 = CARTESIAN_POINT('',(5.014531747828,30.557258411821));
#7112 = CARTESIAN_POINT('',(5.031341210128,30.736423028688));
#7113 = CARTESIAN_POINT('',(5.038808206385,30.82361403052));
#7114 = CARTESIAN_POINT('',(5.045669548279,30.911923671685));
#7115 = CARTESIAN_POINT('',(5.051917019622,31.001240203));
#7116 = CARTESIAN_POINT('',(5.057542644214,31.091458601617));
#7117 = CARTESIAN_POINT('',(5.062538787397,31.182480444703));
#7118 = CARTESIAN_POINT('',(5.071742726795,31.376152622519));
#7119 = CARTESIAN_POINT('',(5.075800733027,31.478964729556));
#7120 = CARTESIAN_POINT('',(5.079059935422,31.582471382447));
#7121 = CARTESIAN_POINT('',(5.081510946447,31.686497672346));
#7122 = CARTESIAN_POINT('',(5.083147355566,31.790872385743));
#7123 = CARTESIAN_POINT('',(5.083965752903,31.895427886853));
#7124 = CARTESIAN_POINT('',(5.083965752903,32.1986246396));
#7125 = CARTESIAN_POINT('',(5.08101320544,32.396937269609));
#7126 = CARTESIAN_POINT('',(5.075124332318,32.593971866601));
#7127 = CARTESIAN_POINT('',(5.066339591286,32.788738763092));
#7128 = CARTESIAN_POINT('',(5.05472478709,32.980182560148));
#7129 = CARTESIAN_POINT('',(5.040370550912,33.16714356453));
#7130 = CARTESIAN_POINT('',(5.011238663453,33.477978600557));
#7131 = CARTESIAN_POINT('',(4.997731605388,33.604788112327));
#7132 = CARTESIAN_POINT('',(4.982885135639,33.728492484337));
#7133 = CARTESIAN_POINT('',(4.966707641798,33.848768388903));
#7134 = CARTESIAN_POINT('',(4.9492008264,33.965206867269));
#7135 = CARTESIAN_POINT('',(4.930360755885,34.077292224905));
#7136 = CARTESIAN_POINT('',(4.893514293213,34.272806539858));
#7137 = CARTESIAN_POINT('',(4.875920045995,34.357903677064));
#7138 = CARTESIAN_POINT('',(4.85739221068,34.43927792557));
#7139 = CARTESIAN_POINT('',(4.837926739186,34.516472094589));
#7140 = CARTESIAN_POINT('',(4.81752021785,34.588958033967));
#7141 = CARTESIAN_POINT('',(4.796170592702,34.656128452753));
#7142 = CARTESIAN_POINT('',(4.747141691856,34.790639831967));
#7143 = CARTESIAN_POINT('',(4.718861589757,34.855860023772));
#7144 = CARTESIAN_POINT('',(4.689284460224,34.910760321279));
#7145 = CARTESIAN_POINT('',(4.658669426308,34.953648422446));
#7146 = CARTESIAN_POINT('',(4.627279112229,34.983281847771));
#7147 = CARTESIAN_POINT('',(4.595377340634,34.998845079259));
#7148 = CARTESIAN_POINT('',(4.530393422428,35.001080264521));
#7149 = CARTESIAN_POINT('',(4.49774924598,34.987104092695));
#7150 = CARTESIAN_POINT('',(4.465595344192,34.958352559863));
#7151 = CARTESIAN_POINT('',(4.434220504619,34.915643270556));
#7152 = CARTESIAN_POINT('',(4.403912504713,34.860277630432));
#7153 = CARTESIAN_POINT('',(4.37495561712,34.794066157298));
#7154 = CARTESIAN_POINT('',(4.335122639512,34.685235236034));
#7155 = CARTESIAN_POINT('',(4.322916236293,34.649187485502));
#7156 = CARTESIAN_POINT('',(4.311003100664,34.611362543996));
#7157 = CARTESIAN_POINT('',(4.299384593703,34.571877185606));
#7158 = CARTESIAN_POINT('',(4.288061889445,34.530841864666));
#7159 = CARTESIAN_POINT('',(4.277035915457,34.488360880572));
#7160 = CARTESIAN_POINT('',(4.251986533738,34.386029680378));
#7161 = CARTESIAN_POINT('',(4.238192706159,34.325114606457));
#7162 = CARTESIAN_POINT('',(4.224920938632,34.261990845718));
#7163 = CARTESIAN_POINT('',(4.212167119045,34.19683855099));
#7164 = CARTESIAN_POINT('',(4.199927706272,34.129814587857));
#7165 = CARTESIAN_POINT('',(4.188199541202,34.061052619446));
#7166 = CARTESIAN_POINT('',(4.163547295662,33.906393484193));
#7167 = CARTESIAN_POINT('',(4.150841954835,33.819781935585));
#7168 = CARTESIAN_POINT('',(4.138862520204,33.731036941512));
#7169 = CARTESIAN_POINT('',(4.127610201326,33.640341555706));
#7170 = CARTESIAN_POINT('',(4.117088186223,33.547853841113));
#7171 = CARTESIAN_POINT('',(4.107301295198,33.453707221499));
#7172 = CARTESIAN_POINT('',(4.081100209469,33.17651914177));
#7173 = CARTESIAN_POINT('',(4.066584430591,32.989169984483));
#7174 = CARTESIAN_POINT('',(4.054822361682,32.797275303066));
#7175 = CARTESIAN_POINT('',(4.045905555799,32.602004895312));
#7176 = CARTESIAN_POINT('',(4.039900823993,32.404421938767));
#7177 = CARTESIAN_POINT('',(4.036849680571,32.205522042661));
#7178 = CARTESIAN_POINT('',(4.036727371069,31.901719312047));
#7179 = CARTESIAN_POINT('',(4.037503437351,31.79717141917));
#7180 = CARTESIAN_POINT('',(4.039097402733,31.692796581655));
#7181 = CARTESIAN_POINT('',(4.041505969348,31.588762631846));
#7182 = CARTESIAN_POINT('',(4.044722825583,31.485240918749));
#7183 = CARTESIAN_POINT('',(4.048738669075,31.382406424701));
#7184 = CARTESIAN_POINT('',(4.057896839894,31.187959045021));
#7185 = CARTESIAN_POINT('',(4.062899320851,31.096197432369));
#7186 = CARTESIAN_POINT('',(4.068541334051,31.005247162487));
#7187 = CARTESIAN_POINT('',(4.07481507308,30.915209001305));
#7188 = CARTESIAN_POINT('',(4.081712368578,30.826190491213));
#7189 = CARTESIAN_POINT('',(4.089224793168,30.738306079974));
#7190 = CARTESIAN_POINT('',(4.113827472627,30.475797350773));
#7191 = CARTESIAN_POINT('',(4.132796569131,30.305252342616));
#7192 = CARTESIAN_POINT('',(4.154211730368,30.140607160551));
#7193 = CARTESIAN_POINT('',(4.178066697145,29.982669332826));
#7194 = CARTESIAN_POINT('',(4.204376787524,29.832587707217));
#7195 = CARTESIAN_POINT('',(4.233171127906,29.691957084865));
#7196 = CARTESIAN_POINT('',(4.275340030005,29.518220776084));
#7197 = CARTESIAN_POINT('',(4.28649795553,29.474891113738));
#7198 = CARTESIAN_POINT('',(4.297961834671,29.433041596222));
#7199 = CARTESIAN_POINT('',(4.309730799851,29.392780508497));
#7200 = CARTESIAN_POINT('',(4.321803726141,29.354222772032));
#7201 = CARTESIAN_POINT('',(4.33417929531,29.317490118291));
#7202 = CARTESIAN_POINT('',(4.373592262752,29.209360168033));
#7203 = CARTESIAN_POINT('',(4.401872364852,29.144139976228));
#7204 = CARTESIAN_POINT('',(4.431449494385,29.089239678721));
#7205 = CARTESIAN_POINT('',(4.462064528301,29.046351577554));
#7206 = CARTESIAN_POINT('',(4.49345484238,29.016718152229));
#7207 = CARTESIAN_POINT('',(4.525356613975,29.001154920741));
#7208 = CARTESIAN_POINT('',(4.607629036063,28.998325080522));
#7209 = CARTESIAN_POINT('',(4.656639112671,29.031820161184));
#7210 = CARTESIAN_POINT('',(4.703889098209,29.09767637096));
#7211 = CARTESIAN_POINT('',(4.748787743323,29.192162761839));
#7212 = CARTESIAN_POINT('',(4.790750950445,29.310566103703));
#7213 = CARTESIAN_POINT('',(4.829216816022,29.447056406376));
#7214 = CARTESIAN_POINT('',(4.863747326304,29.59438380244));
#7215 = ( GEOMETRIC_REPRESENTATION_CONTEXT(2) 
PARAMETRIC_REPRESENTATION_CONTEXT() REPRESENTATION_CONTEXT('2D SPACE',''
  ) );
#7216 = ORIENTED_EDGE('',*,*,#2936,.T.);
#7217 = ORIENTED_EDGE('',*,*,#3187,.F.);
#7218 = ORIENTED_EDGE('',*,*,#7219,.F.);
#7219 = EDGE_CURVE('',#6793,#3188,#7220,.T.);
#7220 = SURFACE_CURVE('',#7221,(#7226,#7233),.PCURVE_S1.);
#7221 = CIRCLE('',#7222,3.);
#7222 = AXIS2_PLACEMENT_3D('',#7223,#7224,#7225);
#7223 = CARTESIAN_POINT('',(-26.84282665437,1.376022761113,
    -19.11986450171));
#7224 = DIRECTION('',(-0.248375350268,0.968663866044,0.));
#7225 = DIRECTION('',(0.968663866044,0.248375350268,0.));
#7226 = PCURVE('',#2071,#7227);
#7227 = DEFINITIONAL_REPRESENTATION('',(#7228),#7232);
#7228 = LINE('',#7229,#7230);
#7229 = CARTESIAN_POINT('',(0.,16.));
#7230 = VECTOR('',#7231,1.);
#7231 = DIRECTION('',(1.,0.));
#7232 = ( GEOMETRIC_REPRESENTATION_CONTEXT(2) 
PARAMETRIC_REPRESENTATION_CONTEXT() REPRESENTATION_CONTEXT('2D SPACE',''
  ) );
#7233 = PCURVE('',#3239,#7234);
#7234 = DEFINITIONAL_REPRESENTATION('',(#7235),#7239);
#7235 = CIRCLE('',#7236,3.);
#7236 = AXIS2_PLACEMENT_2D('',#7237,#7238);
#7237 = CARTESIAN_POINT('',(0.,0.));
#7238 = DIRECTION('',(1.,0.));
#7239 = ( GEOMETRIC_REPRESENTATION_CONTEXT(2) 
PARAMETRIC_REPRESENTATION_CONTEXT() REPRESENTATION_CONTEXT('2D SPACE',''
  ) );
#7240 = ORIENTED_EDGE('',*,*,#6792,.F.);
#7241 = ORIENTED_EDGE('',*,*,#2117,.T.);
#7242 = ORIENTED_EDGE('',*,*,#7243,.T.);
#7243 = EDGE_CURVE('',#2118,#1690,#7244,.T.);
#7244 = SURFACE_CURVE('',#7245,(#7368,#7494),.PCURVE_S1.);
#7245 = B_SPLINE_CURVE_WITH_KNOTS('',7,(#7246,#7247,#7248,#7249,#7250,
    #7251,#7252,#7253,#7254,#7255,#7256,#7257,#7258,#7259,#7260,#7261,
    #7262,#7263,#7264,#7265,#7266,#7267,#7268,#7269,#7270,#7271,#7272,
    #7273,#7274,#7275,#7276,#7277,#7278,#7279,#7280,#7281,#7282,#7283,
    #7284,#7285,#7286,#7287,#7288,#7289,#7290,#7291,#7292,#7293,#7294,
    #7295,#7296,#7297,#7298,#7299,#7300,#7301,#7302,#7303,#7304,#7305,
    #7306,#7307,#7308,#7309,#7310,#7311,#7312,#7313,#7314,#7315,#7316,
    #7317,#7318,#7319,#7320,#7321,#7322,#7323,#7324,#7325,#7326,#7327,
    #7328,#7329,#7330,#7331,#7332,#7333,#7334,#7335,#7336,#7337,#7338,
    #7339,#7340,#7341,#7342,#7343,#7344,#7345,#7346,#7347,#7348,#7349,
    #7350,#7351,#7352,#7353,#7354,#7355,#7356,#7357,#7358,#7359,#7360,
    #7361,#7362,#7363,#7364,#7365,#7366,#7367),.UNSPECIFIED.,.T.,.F.,(8,
    6,6,6,6,6,6,6,6,6,6,6,6,6,6,6,6,6,6,6,8),(0.,1.990735330427E-02,
    3.476179351953E-02,7.721587130705E-02,0.116364612026,0.15986872145,
    0.242500579938,0.301633768938,0.35046141206,0.409021653285,
    0.468849491141,0.49620434041,0.532718090484,0.576432084164,
    0.659337267682,0.702842621845,0.742299148854,0.822406544445,
    0.85016355283,0.9087050682,1.),.UNSPECIFIED.);
#7246 = CARTESIAN_POINT('',(-20.52763687907,-11.17472407905,
    -19.11986450171));
#7247 = CARTESIAN_POINT('',(-20.53104698772,-11.16142465532,
    -19.17455971522));
#7248 = CARTESIAN_POINT('',(-20.53561173992,-11.1483062055,
    -19.22885160063));
#7249 = CARTESIAN_POINT('',(-20.54129397912,-11.13538909274,
    -19.28272781397));
#7250 = CARTESIAN_POINT('',(-20.54805845449,-11.12269290072,
    -19.33617766011));
#7251 = CARTESIAN_POINT('',(-20.55587182092,-11.11023643364,
    -19.38919209265));
#7252 = CARTESIAN_POINT('',(-20.56470263902,-11.09803771625,
    -19.44176371401));
#7253 = CARTESIAN_POINT('',(-20.58184790547,-11.07721676777,
    -19.53277988625));
#7254 = CARTESIAN_POINT('',(-20.58972445345,-11.06847272232,
    -19.57142299733));
#7255 = CARTESIAN_POINT('',(-20.59813875963,-11.05988906585,
    -19.60981356508));
#7256 = CARTESIAN_POINT('',(-20.60707908785,-11.05147286258,
    -19.64794923059));
#7257 = CARTESIAN_POINT('',(-20.61653422527,-11.04323103261,
    -19.6858278196));
#7258 = CARTESIAN_POINT('',(-20.62649348233,-11.03517035184,
    -19.72344734252));
#7259 = CARTESIAN_POINT('',(-20.66682202978,-11.00479665802,
    -19.86757724186));
#7260 = CARTESIAN_POINT('',(-20.7007364937,-10.98382611975,
    -19.97223448801));
#7261 = CARTESIAN_POINT('',(-20.73845160031,-10.96454490905,
    -20.07471995557));
#7262 = CARTESIAN_POINT('',(-20.77975484166,-10.94710335937,
    -20.17498207263));
#7263 = CARTESIAN_POINT('',(-20.82445939954,-10.93164360489,
    -20.27297516084));
#7264 = CARTESIAN_POINT('',(-20.87240385911,-10.91830011955,
    -20.3686591236));
#7265 = CARTESIAN_POINT('',(-20.97052554869,-10.89696459214,
    -20.54807199399));
#7266 = CARTESIAN_POINT('',(-21.02023744503,-10.88863704185,
    -20.63214977591));
#7267 = CARTESIAN_POINT('',(-21.07245960528,-10.88232237736,
    -20.71416546578));
#7268 = CARTESIAN_POINT('',(-21.12707275556,-10.87811588614,
    -20.79405532793));
#7269 = CARTESIAN_POINT('',(-21.18396698899,-10.87610261113,
    -20.87175812196));
#7270 = CARTESIAN_POINT('',(-21.24304240036,-10.87635659074,
    -20.94721431959));
#7271 = CARTESIAN_POINT('',(-21.3721820174,-10.88181102723,
    -21.10165450513));
#7272 = CARTESIAN_POINT('',(-21.44273405951,-10.88755840817,
    -21.18009274818));
#7273 = CARTESIAN_POINT('',(-21.51570791039,-10.89626636447,
    -21.25555820948));
#7274 = CARTESIAN_POINT('',(-21.59095214752,-10.90799149003,
    -21.32793613708));
#7275 = CARTESIAN_POINT('',(-21.66832278339,-10.92276193148,
    -21.39711778072));
#7276 = CARTESIAN_POINT('',(-21.74768418596,-10.94057646971,
    -21.46299930446));
#7277 = CARTESIAN_POINT('',(-21.98319059467,-11.00096272836,
    -21.64415808039));
#7278 = CARTESIAN_POINT('',(-22.1439083644,-11.05131666136,
    -21.75034667082));
#7279 = CARTESIAN_POINT('',(-22.31027581395,-11.11221289704,
    -21.84353759404));
#7280 = CARTESIAN_POINT('',(-22.48159990075,-11.18305462008,
    -21.92317438483));
#7281 = CARTESIAN_POINT('',(-22.65723847393,-11.26289217413,
    -21.9886420209));
#7282 = CARTESIAN_POINT('',(-22.83653308973,-11.35044223253,
    -22.0392833317));
#7283 = CARTESIAN_POINT('',(-23.14909390691,-11.51118305268,
    -22.09960366765));
#7284 = CARTESIAN_POINT('',(-23.28106508103,-11.58143630288,
    -22.11685842043));
#7285 = CARTESIAN_POINT('',(-23.414583416,-11.65444506285,
    -22.12598640228));
#7286 = CARTESIAN_POINT('',(-23.5495919788,-11.72971685678,
    -22.1266846587));
#7287 = CARTESIAN_POINT('',(-23.68600262195,-11.80669845462,
    -22.11856778143));
#7288 = CARTESIAN_POINT('',(-23.82367339299,-11.88475823701,
    -22.1011677689));
#7289 = CARTESIAN_POINT('',(-24.07692410827,-12.02791377905,
    -22.05144623959));
#7290 = CARTESIAN_POINT('',(-24.19227419819,-12.0929550643,
    -22.02223369075));
#7291 = CARTESIAN_POINT('',(-24.30828790071,-12.1578691293,-21.985970032
    ));
#7292 = CARTESIAN_POINT('',(-24.42477392403,-12.22217860329,
    -21.94229788784));
#7293 = CARTESIAN_POINT('',(-24.54148450391,-12.28534825001,
    -21.8908338244));
#7294 = CARTESIAN_POINT('',(-24.65810191016,-12.34678118642,
    -21.83117345836));
#7295 = CARTESIAN_POINT('',(-24.91349428871,-12.47661598556,
    -21.68101034254));
#7296 = CARTESIAN_POINT('',(-25.05302823587,-12.54446275234,
    -21.58615652867));
#7297 = CARTESIAN_POINT('',(-25.19065133781,-12.60738295031,
    -21.47815709112));
#7298 = CARTESIAN_POINT('',(-25.32441239645,-12.6636223035,
    -21.35730102129));
#7299 = CARTESIAN_POINT('',(-25.45254725154,-12.71176404322,
    -21.22427450546));
#7300 = CARTESIAN_POINT('',(-25.57347383043,-12.75080396797,
    -21.08010407862));
#7301 = CARTESIAN_POINT('',(-25.80059694376,-12.81019439607,
    -20.76878814428));
#7302 = CARTESIAN_POINT('',(-25.90484984948,-12.82971199837,
    -20.60336225111));
#7303 = CARTESIAN_POINT('',(-25.99757271005,-12.83863775503,
    -20.43172721887));
#7304 = CARTESIAN_POINT('',(-26.0780605298,-12.83738889963,
    -20.25602884961));
#7305 = CARTESIAN_POINT('',(-26.14594884983,-12.82688461136,
    -20.07861264715));
#7306 = CARTESIAN_POINT('',(-26.20128986759,-12.80848103315,
    -19.90198888396));
#7307 = CARTESIAN_POINT('',(-26.26449668808,-12.77259224446,
    -19.6496378547));
#7308 = CARTESIAN_POINT('',(-26.28190222096,-12.7599876691,
    -19.5708807963));
#7309 = CARTESIAN_POINT('',(-26.29694852693,-12.74615526179,
    -19.4926256109));
#7310 = CARTESIAN_POINT('',(-26.3097010861,-12.73120758049,
    -19.41494509428));
#7311 = CARTESIAN_POINT('',(-26.32022368901,-12.71525327533,
    -19.3379049641));
#7312 = CARTESIAN_POINT('',(-26.32857857606,-12.69839673125,
    -19.26156407378));
#7313 = CARTESIAN_POINT('',(-26.34316652189,-12.65716612916,
    -19.08507645749));
#7314 = CARTESIAN_POINT('',(-26.34775431929,-12.63216006865,
    -18.98549703735));
#7315 = CARTESIAN_POINT('',(-26.34873509549,-12.60594439213,
    -18.88731337695));
#7316 = CARTESIAN_POINT('',(-26.34623967829,-12.57872649147,
    -18.79058778266));
#7317 = CARTESIAN_POINT('',(-26.34038432555,-12.55069684089,
    -18.69536816626));
#7318 = CARTESIAN_POINT('',(-26.33127045395,-12.52202955022,
    -18.60168835501));
#7319 = CARTESIAN_POINT('',(-26.30427555524,-12.45798878447,
    -18.39928306987));
#7320 = CARTESIAN_POINT('',(-26.28501851732,-12.42240383194,
    -18.29122127603));
#7321 = CARTESIAN_POINT('',(-26.26136108173,-12.38640780471,
    -18.18544637872));
#7322 = CARTESIAN_POINT('',(-26.2334299246,-12.35025756098,
    -18.08201444785));
#7323 = CARTESIAN_POINT('',(-26.20133055268,-12.31418784905,
    -17.98097461755));
#7324 = CARTESIAN_POINT('',(-26.16514728573,-12.27841208338,
    -17.88236943896));
#7325 = CARTESIAN_POINT('',(-26.04869479742,-12.17619631523,
    -17.60391320466));
#7326 = CARTESIAN_POINT('',(-25.95786426423,-12.11091629519,
    -17.43019560744));
#7327 = CARTESIAN_POINT('',(-25.85304921721,-12.04882887078,
    -17.26598605397));
#7328 = CARTESIAN_POINT('',(-25.73486107932,-11.99122264878,
    -17.11201799327));
#7329 = CARTESIAN_POINT('',(-25.60392252627,-11.93905742008,
    -16.96894140586));
#7330 = CARTESIAN_POINT('',(-25.46087771366,-11.89292971779,
    -16.83738634851));
#7331 = CARTESIAN_POINT('',(-25.22535958347,-11.83216165587,
    -16.65535588218));
#7332 = CARTESIAN_POINT('',(-25.14124034133,-11.81299604064,
    -16.59612264242));
#7333 = CARTESIAN_POINT('',(-25.05418651447,-11.79561202303,
    -16.54040013139));
#7334 = CARTESIAN_POINT('',(-24.96433883641,-11.78001326378,
    -16.4882850682));
#7335 = CARTESIAN_POINT('',(-24.8718503974,-11.76617503721,
    -16.43987345603));
#7336 = CARTESIAN_POINT('',(-24.77688718508,-11.75404550704,
    -16.39525964924));
#7337 = CARTESIAN_POINT('',(-24.59142143623,-11.73402554129,
    -16.31760119331));
#7338 = CARTESIAN_POINT('',(-24.50133097976,-11.72584624123,
    -16.28386821096));
#7339 = CARTESIAN_POINT('',(-24.40945396505,-11.71894734032,
    -16.25338886007));
#7340 = CARTESIAN_POINT('',(-24.31589369592,-11.71325376953,
    -16.2262225158));
#7341 = CARTESIAN_POINT('',(-24.22076047199,-11.70867821819,
    -16.20243488074));
#7342 = CARTESIAN_POINT('',(-24.12417199002,-11.70512219942,
    -16.18209732379));
#7343 = CARTESIAN_POINT('',(-23.82745328869,-11.69710688215,
    -16.13115514092));
#7344 = CARTESIAN_POINT('',(-23.62335128132,-11.69549683609,
    -16.11159143374));
#7345 = CARTESIAN_POINT('',(-23.4145247506,-11.69671125098,
    -16.10710237584));
#7346 = CARTESIAN_POINT('',(-23.20164538783,-11.69971706086,
    -16.11851064512));
#7347 = CARTESIAN_POINT('',(-22.98562296978,-11.70334632213,
    -16.14694561775));
#7348 = CARTESIAN_POINT('',(-22.76775727607,-11.70626790885,
    -16.19383043102));
#7349 = CARTESIAN_POINT('',(-22.4744109927,-11.70721117438,
    -16.28409205202));
#7350 = CARTESIAN_POINT('',(-22.39889952369,-11.70718736239,
    -16.3097461218));
#7351 = CARTESIAN_POINT('',(-22.32345884232,-11.70683378089,
    -16.33789533823));
#7352 = CARTESIAN_POINT('',(-22.24819213158,-11.70608479617,
    -16.36860867263));
#7353 = CARTESIAN_POINT('',(-22.17321113697,-11.70487280858,
    -16.40195572765));
#7354 = CARTESIAN_POINT('',(-22.09863629279,-11.70312869544,
    -16.4380067157));
#7355 = CARTESIAN_POINT('',(-21.86844236632,-11.69583344137,
    -16.55871866093));
#7356 = CARTESIAN_POINT('',(-21.71347739601,-11.68816766519,
    -16.65357247477));
#7357 = CARTESIAN_POINT('',(-21.56255809794,-11.67710263238,
    -16.76157191226));
#7358 = CARTESIAN_POINT('',(-21.4182390604,-11.66203939682,
    -16.88242798209));
#7359 = CARTESIAN_POINT('',(-21.28274850755,-11.6425848781,
    -17.01545449797));
#7360 = CARTESIAN_POINT('',(-21.15795652114,-11.61862004251,
    -17.15962492488));
#7361 = CARTESIAN_POINT('',(-20.86970608373,-11.54617034851,
    -17.5537642237));
#7362 = CARTESIAN_POINT('',(-20.72966026053,-11.49297209016,
    -17.80961565633));
#7363 = CARTESIAN_POINT('',(-20.62557629608,-11.43226102739,
    -18.07538221009));
#7364 = CARTESIAN_POINT('',(-20.55648905966,-11.36668598644,
    -18.34519130413));
#7365 = CARTESIAN_POINT('',(-20.52001950533,-11.29962550787,
    -18.61312121087));
#7366 = CARTESIAN_POINT('',(-20.51226356231,-11.23468001438,
    -18.8732897065));
#7367 = CARTESIAN_POINT('',(-20.52763687907,-11.17472407905,
    -19.11986450171));
#7368 = PCURVE('',#2071,#7369);
#7369 = DEFINITIONAL_REPRESENTATION('',(#7370),#7493);
#7370 = B_SPLINE_CURVE_WITH_KNOTS('',7,(#7371,#7372,#7373,#7374,#7375,
    #7376,#7377,#7378,#7379,#7380,#7381,#7382,#7383,#7384,#7385,#7386,
    #7387,#7388,#7389,#7390,#7391,#7392,#7393,#7394,#7395,#7396,#7397,
    #7398,#7399,#7400,#7401,#7402,#7403,#7404,#7405,#7406,#7407,#7408,
    #7409,#7410,#7411,#7412,#7413,#7414,#7415,#7416,#7417,#7418,#7419,
    #7420,#7421,#7422,#7423,#7424,#7425,#7426,#7427,#7428,#7429,#7430,
    #7431,#7432,#7433,#7434,#7435,#7436,#7437,#7438,#7439,#7440,#7441,
    #7442,#7443,#7444,#7445,#7446,#7447,#7448,#7449,#7450,#7451,#7452,
    #7453,#7454,#7455,#7456,#7457,#7458,#7459,#7460,#7461,#7462,#7463,
    #7464,#7465,#7466,#7467,#7468,#7469,#7470,#7471,#7472,#7473,#7474,
    #7475,#7476,#7477,#7478,#7479,#7480,#7481,#7482,#7483,#7484,#7485,
    #7486,#7487,#7488,#7489,#7490,#7491,#7492),.UNSPECIFIED.,.F.,.F.,(8,
    6,6,6,6,6,6,6,6,6,6,6,6,6,6,6,6,6,6,6,8),(0.,1.990735330427E-02,
    3.476179351953E-02,7.721587130705E-02,0.116364612026,0.15986872145,
    0.242500579938,0.301633768938,0.35046141206,0.409021653285,
    0.468849491141,0.49620434041,0.532718090484,0.576432084164,
    0.659337267682,0.702842621845,0.742299148854,0.822406544445,
    0.85016355283,0.9087050682,1.),.UNSPECIFIED.);
#7371 = CARTESIAN_POINT('',(0.,2.274007571611));
#7372 = CARTESIAN_POINT('',(1.823173783662E-02,2.287737229754));
#7373 = CARTESIAN_POINT('',(3.632907479335E-02,2.301578369998));
#7374 = CARTESIAN_POINT('',(5.42976937704E-02,2.315502038533));
#7375 = CARTESIAN_POINT('',(7.21432978081E-02,2.32948050992));
#7376 = CARTESIAN_POINT('',(8.98716100869E-02,2.343487287101));
#7377 = CARTESIAN_POINT('',(0.107488373927,2.357497101392));
#7378 = CARTESIAN_POINT('',(0.138065669776,2.3819240634));
#7379 = CARTESIAN_POINT('',(0.151073034134,2.392350444632));
#7380 = CARTESIAN_POINT('',(0.164023809946,2.402755028738));
#7381 = CARTESIAN_POINT('',(0.176920318449,2.413128057884));
#7382 = CARTESIAN_POINT('',(0.189764838038,2.423460043842));
#7383 = CARTESIAN_POINT('',(0.202559604265,2.433741767995));
#7384 = CARTESIAN_POINT('',(0.251738398583,2.473180284781));
#7385 = CARTESIAN_POINT('',(0.287787311858,2.50191720431));
#7386 = CARTESIAN_POINT('',(0.323499994881,2.529961719224));
#7387 = CARTESIAN_POINT('',(0.358919303687,2.557115425199));
#7388 = CARTESIAN_POINT('',(0.394086407775,2.583194240966));
#7389 = CARTESIAN_POINT('',(0.429042692769,2.608027815001));
#7390 = CARTESIAN_POINT('',(0.495912076732,2.65306577848));
#7391 = CARTESIAN_POINT('',(0.527849505818,2.673479585204));
#7392 = CARTESIAN_POINT('',(0.55966329854,2.692567069869));
#7393 = CARTESIAN_POINT('',(0.591372510064,2.710206306245));
#7394 = CARTESIAN_POINT('',(0.622996373384,2.726287618161));
#7395 = CARTESIAN_POINT('',(0.654554770222,2.74071447328));
#7396 = CARTESIAN_POINT('',(0.721088615917,2.767506055355));
#7397 = CARTESIAN_POINT('',(0.756051773623,2.779462163283));
#7398 = CARTESIAN_POINT('',(0.790969044162,2.789151986442));
#7399 = CARTESIAN_POINT('',(0.825851906919,2.796483094746));
#7400 = CARTESIAN_POINT('',(0.860712635053,2.801392460607));
#7401 = CARTESIAN_POINT('',(0.895564479016,2.803847577293));
#7402 = CARTESIAN_POINT('',(0.996630063265,2.803847577293));
#7403 = CARTESIAN_POINT('',(1.062734221354,2.794989874229));
#7404 = CARTESIAN_POINT('',(1.128886615644,2.777323464708));
#7405 = CARTESIAN_POINT('',(1.195224177142,2.751254327456));
#7406 = CARTESIAN_POINT('',(1.261874789084,2.717542865829));
#7407 = CARTESIAN_POINT('',(1.328955299638,2.677268650791));
#7408 = CARTESIAN_POINT('',(1.444941540067,2.599197228955));
#7409 = CARTESIAN_POINT('',(1.493633495062,2.563923830609));
#7410 = CARTESIAN_POINT('',(1.542757940399,2.526365546137));
#7411 = CARTESIAN_POINT('',(1.592434147477,2.486985278304));
#7412 = CARTESIAN_POINT('',(1.642782900703,2.446297027394));
#7413 = CARTESIAN_POINT('',(1.693929579756,2.404877362782));
#7414 = CARTESIAN_POINT('',(1.78900897304,2.329108997096));
#7415 = CARTESIAN_POINT('',(1.832683577628,2.294755973261));
#7416 = CARTESIAN_POINT('',(1.877098817545,2.260691008097));
#7417 = CARTESIAN_POINT('',(1.922323252706,2.22732900124));
#7418 = CARTESIAN_POINT('',(1.968428577178,2.19512687819));
#7419 = CARTESIAN_POINT('',(2.015491955361,2.164583901636));
#7420 = CARTESIAN_POINT('',(2.121293597445,2.102250794633));
#7421 = CARTESIAN_POINT('',(2.180893572052,2.071186876225));
#7422 = CARTESIAN_POINT('',(2.241977505342,2.044420540153));
#7423 = CARTESIAN_POINT('',(2.304223406726,2.023166460661));
#7424 = CARTESIAN_POINT('',(2.367371696404,2.008358836461));
#7425 = CARTESIAN_POINT('',(2.431196634346,2.000577453406));
#7426 = CARTESIAN_POINT('',(2.561166072441,1.999459874548));
#7427 = CARTESIAN_POINT('',(2.626433437755,2.006447730422));
#7428 = CARTESIAN_POINT('',(2.691046916118,2.020831745438));
#7429 = CARTESIAN_POINT('',(2.754754858268,2.042032656961));
#7430 = CARTESIAN_POINT('',(2.81727015,2.069069566718));
#7431 = CARTESIAN_POINT('',(2.878236873868,2.100641792599));
#7432 = CARTESIAN_POINT('',(2.964142258409,2.151104981577));
#7433 = CARTESIAN_POINT('',(2.990777049722,2.1676376836));
#7434 = CARTESIAN_POINT('',(3.017104739242,2.184773768265));
#7435 = CARTESIAN_POINT('',(3.043136358018,2.202420468367));
#7436 = CARTESIAN_POINT('',(3.068882086867,2.220488382469));
#7437 = CARTESIAN_POINT('',(3.094351558805,2.238891855621));
#7438 = CARTESIAN_POINT('',(3.153195053656,2.282453736199));
#7439 = CARTESIAN_POINT('',(3.186367171752,2.307815699232));
#7440 = CARTESIAN_POINT('',(3.219108403272,2.333453478435));
#7441 = CARTESIAN_POINT('',(3.251453800365,2.359198675186));
#7442 = CARTESIAN_POINT('',(3.283437087568,2.384895659602));
#7443 = CARTESIAN_POINT('',(3.31509216958,2.410400967158));
#7444 = CARTESIAN_POINT('',(3.384001557311,2.465730075468));
#7445 = CARTESIAN_POINT('',(3.421133206233,2.495416959626));
#7446 = CARTESIAN_POINT('',(3.457900843672,2.524409086667));
#7447 = CARTESIAN_POINT('',(3.494351543741,2.552489110587));
#7448 = CARTESIAN_POINT('',(3.530530423582,2.579455844444));
#7449 = CARTESIAN_POINT('',(3.566482870167,2.605123504322));
#7450 = CARTESIAN_POINT('',(3.670103267516,2.675212297898));
#7451 = CARTESIAN_POINT('',(3.737413049576,2.715886628992));
#7452 = CARTESIAN_POINT('',(3.804283912769,2.749994999534));
#7453 = CARTESIAN_POINT('',(3.870834925113,2.776441045099));
#7454 = CARTESIAN_POINT('',(3.937196184423,2.794449708231));
#7455 = CARTESIAN_POINT('',(4.00350700925,2.803603141229));
#7456 = CARTESIAN_POINT('',(4.104774807707,2.803970068932));
#7457 = CARTESIAN_POINT('',(4.139621227172,2.801641961648));
#7458 = CARTESIAN_POINT('',(4.174476115231,2.796859206616));
#7459 = CARTESIAN_POINT('',(4.209352623514,2.789653212545));
#7460 = CARTESIAN_POINT('',(4.24426293899,2.780085954164));
#7461 = CARTESIAN_POINT('',(4.279218465008,2.768248870625));
#7462 = CARTESIAN_POINT('',(4.345983189886,2.741576367718));
#7463 = CARTESIAN_POINT('',(4.377780738956,2.727123111447));
#7464 = CARTESIAN_POINT('',(4.409644089931,2.710985841766));
#7465 = CARTESIAN_POINT('',(4.441593521707,2.69326293344));
#7466 = CARTESIAN_POINT('',(4.473648638359,2.674066356885));
#7467 = CARTESIAN_POINT('',(4.50582885579,2.653520745725));
#7468 = CARTESIAN_POINT('',(4.603782426118,2.587587282573));
#7469 = CARTESIAN_POINT('',(4.669948694243,2.538452968437));
#7470 = CARTESIAN_POINT('',(4.736976722895,2.485409245904));
#7471 = CARTESIAN_POINT('',(4.805187884189,2.429623640195));
#7472 = CARTESIAN_POINT('',(4.874900335804,2.372453462186));
#7473 = CARTESIAN_POINT('',(4.946444877555,2.315510958714));
#7474 = CARTESIAN_POINT('',(5.045752219876,2.2417372656));
#7475 = CARTESIAN_POINT('',(5.07158070102,2.223005143847));
#7476 = CARTESIAN_POINT('',(5.097692681385,2.204610039816));
#7477 = CARTESIAN_POINT('',(5.124098410623,2.186641158605));
#7478 = CARTESIAN_POINT('',(5.150808701205,2.169191736391));
#7479 = CARTESIAN_POINT('',(5.177835258652,2.15235864272));
#7480 = CARTESIAN_POINT('',(5.262886251065,2.102250794615));
#7481 = CARTESIAN_POINT('',(5.322486225642,2.071186876229));
#7482 = CARTESIAN_POINT('',(5.383570158907,2.044420540167));
#7483 = CARTESIAN_POINT('',(5.445816060293,2.023166460664));
#7484 = CARTESIAN_POINT('',(5.508964349999,2.008358836454));
#7485 = CARTESIAN_POINT('',(5.572789287967,2.000577453406));
#7486 = CARTESIAN_POINT('',(5.737336159964,1.999162550733));
#7487 = CARTESIAN_POINT('',(5.835307038232,2.01590985094));
#7488 = CARTESIAN_POINT('',(5.930946267235,2.048866572587));
#7489 = CARTESIAN_POINT('',(6.024054173558,2.095227178735));
#7490 = CARTESIAN_POINT('',(6.114270854191,2.151128102827));
#7491 = CARTESIAN_POINT('',(6.200993708776,2.212112070571));
#7492 = CARTESIAN_POINT('',(6.28318530718,2.274007571611));
#7493 = ( GEOMETRIC_REPRESENTATION_CONTEXT(2) 
PARAMETRIC_REPRESENTATION_CONTEXT() REPRESENTATION_CONTEXT('2D SPACE',''
  ) );
#7494 = PCURVE('',#1885,#7495);
#7495 = DEFINITIONAL_REPRESENTATION('',(#7496),#7619);
#7496 = B_SPLINE_CURVE_WITH_KNOTS('',7,(#7497,#7498,#7499,#7500,#7501,
    #7502,#7503,#7504,#7505,#7506,#7507,#7508,#7509,#7510,#7511,#7512,
    #7513,#7514,#7515,#7516,#7517,#7518,#7519,#7520,#7521,#7522,#7523,
    #7524,#7525,#7526,#7527,#7528,#7529,#7530,#7531,#7532,#7533,#7534,
    #7535,#7536,#7537,#7538,#7539,#7540,#7541,#7542,#7543,#7544,#7545,
    #7546,#7547,#7548,#7549,#7550,#7551,#7552,#7553,#7554,#7555,#7556,
    #7557,#7558,#7559,#7560,#7561,#7562,#7563,#7564,#7565,#7566,#7567,
    #7568,#7569,#7570,#7571,#7572,#7573,#7574,#7575,#7576,#7577,#7578,
    #7579,#7580,#7581,#7582,#7583,#7584,#7585,#7586,#7587,#7588,#7589,
    #7590,#7591,#7592,#7593,#7594,#7595,#7596,#7597,#7598,#7599,#7600,
    #7601,#7602,#7603,#7604,#7605,#7606,#7607,#7608,#7609,#7610,#7611,
    #7612,#7613,#7614,#7615,#7616,#7617,#7618),.UNSPECIFIED.,.F.,.F.,(8,
    6,6,6,6,6,6,6,6,6,6,6,6,6,6,6,6,6,6,6,8),(0.,1.990735330427E-02,
    3.476179351953E-02,7.721587130705E-02,0.116364612026,0.15986872145,
    0.242500579938,0.301633768938,0.35046141206,0.409021653285,
    0.468849491141,0.49620434041,0.532718090484,0.576432084164,
    0.659337267682,0.702842621845,0.742299148854,0.822406544445,
    0.85016355283,0.9087050682,1.),.UNSPECIFIED.);
#7497 = CARTESIAN_POINT('',(1.115393974715,29.59438380244));
#7498 = CARTESIAN_POINT('',(1.107734417983,29.627063960915));
#7499 = CARTESIAN_POINT('',(1.100231309259,29.660436039293));
#7500 = CARTESIAN_POINT('',(1.092884007805,29.694467856602));
#7501 = CARTESIAN_POINT('',(1.085691871721,29.729129542028));
#7502 = CARTESIAN_POINT('',(1.078654257951,29.764393534913));
#7503 = CARTESIAN_POINT('',(1.071770522277,29.800234584755));
#7504 = CARTESIAN_POINT('',(1.060017862321,29.863787044097));
#7505 = CARTESIAN_POINT('',(1.055081051257,29.891252694583));
#7506 = CARTESIAN_POINT('',(1.050229338204,29.919017096123));
#7507 = CARTESIAN_POINT('',(1.045462508026,29.94707113025));
#7508 = CARTESIAN_POINT('',(1.040780378381,29.975406166572));
#7509 = CARTESIAN_POINT('',(1.036182799719,30.004014062777));
#7510 = CARTESIAN_POINT('',(1.018771061848,30.115406660097));
#7511 = CARTESIAN_POINT('',(1.006560068343,30.200105192075));
#7512 = CARTESIAN_POINT('',(0.995036104979,30.286794679192));
#7513 = CARTESIAN_POINT('',(0.984200645625,30.375309184257));
#7514 = CARTESIAN_POINT('',(0.974056907887,30.465504612835));
#7515 = CARTESIAN_POINT('',(0.964609553191,30.557258411821));
#7516 = CARTESIAN_POINT('',(0.947800090891,30.736423028688));
#7517 = CARTESIAN_POINT('',(0.940333094634,30.82361403052));
#7518 = CARTESIAN_POINT('',(0.933471752739,30.911923671685));
#7519 = CARTESIAN_POINT('',(0.927224281397,31.001240203));
#7520 = CARTESIAN_POINT('',(0.921598656805,31.091458601617));
#7521 = CARTESIAN_POINT('',(0.916602513622,31.182480444703));
#7522 = CARTESIAN_POINT('',(0.907398574224,31.376152622519));
#7523 = CARTESIAN_POINT('',(0.903340567992,31.478964729556));
#7524 = CARTESIAN_POINT('',(0.900081365597,31.582471382447));
#7525 = CARTESIAN_POINT('',(0.897630354572,31.686497672346));
#7526 = CARTESIAN_POINT('',(0.895993945453,31.790872385743));
#7527 = CARTESIAN_POINT('',(0.895175548116,31.895427886853));
#7528 = CARTESIAN_POINT('',(0.895175548116,32.1986246396));
#7529 = CARTESIAN_POINT('',(0.898128095579,32.396937269609));
#7530 = CARTESIAN_POINT('',(0.904016968701,32.593971866601));
#7531 = CARTESIAN_POINT('',(0.912801709733,32.788738763091));
#7532 = CARTESIAN_POINT('',(0.924416513929,32.980182560148));
#7533 = CARTESIAN_POINT('',(0.938770750107,33.16714356453));
#7534 = CARTESIAN_POINT('',(0.967902636626,33.477978590531));
#7535 = CARTESIAN_POINT('',(0.981409696988,33.604788121804));
#7536 = CARTESIAN_POINT('',(0.99625616615,33.728492492346));
#7537 = CARTESIAN_POINT('',(1.012433657903,33.848768381628));
#7538 = CARTESIAN_POINT('',(1.029940473372,33.965206857597));
#7539 = CARTESIAN_POINT('',(1.048780546819,34.077292233847));
#7540 = CARTESIAN_POINT('',(1.085627007783,34.272806539731));
#7541 = CARTESIAN_POINT('',(1.10322125502,34.357903677062));
#7542 = CARTESIAN_POINT('',(1.121749090356,34.439277925656));
#7543 = CARTESIAN_POINT('',(1.141214561852,34.516472094649));
#7544 = CARTESIAN_POINT('',(1.161621083167,34.588958033941));
#7545 = CARTESIAN_POINT('',(1.182970708292,34.656128452683));
#7546 = CARTESIAN_POINT('',(1.231999609149,34.79063983193));
#7547 = CARTESIAN_POINT('',(1.260279711261,34.855860023783));
#7548 = CARTESIAN_POINT('',(1.289856840807,34.910760321306));
#7549 = CARTESIAN_POINT('',(1.320471874723,34.953648422451));
#7550 = CARTESIAN_POINT('',(1.351862188788,34.983281847757));
#7551 = CARTESIAN_POINT('',(1.383763960369,34.998845079259));
#7552 = CARTESIAN_POINT('',(1.448747878568,35.001080264521));
#7553 = CARTESIAN_POINT('',(1.481392055035,34.987104092715));
#7554 = CARTESIAN_POINT('',(1.513545956844,34.958352559856));
#7555 = CARTESIAN_POINT('',(1.544920796418,34.915643270516));
#7556 = CARTESIAN_POINT('',(1.575228796305,34.860277630415));
#7557 = CARTESIAN_POINT('',(1.604185683878,34.794066157355));
#7558 = CARTESIAN_POINT('',(1.644018661507,34.685235236034));
#7559 = CARTESIAN_POINT('',(1.656225064725,34.649187485502));
#7560 = CARTESIAN_POINT('',(1.668138200355,34.611362543996));
#7561 = CARTESIAN_POINT('',(1.679756707316,34.571877185606));
#7562 = CARTESIAN_POINT('',(1.691079411574,34.530841864666));
#7563 = CARTESIAN_POINT('',(1.702105385561,34.488360880572));
#7564 = CARTESIAN_POINT('',(1.727154767281,34.386029680378));
#7565 = CARTESIAN_POINT('',(1.74094859486,34.325114606457));
#7566 = CARTESIAN_POINT('',(1.754220362387,34.261990845718));
#7567 = CARTESIAN_POINT('',(1.766974181974,34.196838550989));
#7568 = CARTESIAN_POINT('',(1.779213594747,34.129814587857));
#7569 = CARTESIAN_POINT('',(1.790941759817,34.061052619446));
#7570 = CARTESIAN_POINT('',(1.815594005357,33.906393484193));
#7571 = CARTESIAN_POINT('',(1.828299346184,33.819781935585));
#7572 = CARTESIAN_POINT('',(1.840278780815,33.731036941512));
#7573 = CARTESIAN_POINT('',(1.851531099693,33.640341555706));
#7574 = CARTESIAN_POINT('',(1.862053114796,33.547853841113));
#7575 = CARTESIAN_POINT('',(1.871840005821,33.453707221499));
#7576 = CARTESIAN_POINT('',(1.89804109155,33.17651914177));
#7577 = CARTESIAN_POINT('',(1.912556870428,32.989169984483));
#7578 = CARTESIAN_POINT('',(1.924318939337,32.797275303066));
#7579 = CARTESIAN_POINT('',(1.93323574522,32.602004895312));
#7580 = CARTESIAN_POINT('',(1.939240477026,32.404421938767));
#7581 = CARTESIAN_POINT('',(1.942291620448,32.205522042661));
#7582 = CARTESIAN_POINT('',(1.94241392995,31.901719312047));
#7583 = CARTESIAN_POINT('',(1.941637863668,31.79717141917));
#7584 = CARTESIAN_POINT('',(1.940043898286,31.692796581655));
#7585 = CARTESIAN_POINT('',(1.937635331671,31.588762631847));
#7586 = CARTESIAN_POINT('',(1.934418475436,31.485240918749));
#7587 = CARTESIAN_POINT('',(1.930402631944,31.382406424701));
#7588 = CARTESIAN_POINT('',(1.921244461125,31.187959045021));
#7589 = CARTESIAN_POINT('',(1.916241980168,31.096197432369));
#7590 = CARTESIAN_POINT('',(1.910599966968,31.005247162487));
#7591 = CARTESIAN_POINT('',(1.904326227939,30.915209001305));
#7592 = CARTESIAN_POINT('',(1.897428932441,30.826190491213));
#7593 = CARTESIAN_POINT('',(1.889916507851,30.738306079974));
#7594 = CARTESIAN_POINT('',(1.865313828392,30.475797350773));
#7595 = CARTESIAN_POINT('',(1.846344731888,30.305252342616));
#7596 = CARTESIAN_POINT('',(1.82492957065,30.140607160551));
#7597 = CARTESIAN_POINT('',(1.801074603874,29.982669332826));
#7598 = CARTESIAN_POINT('',(1.774764513495,29.832587707217));
#7599 = CARTESIAN_POINT('',(1.745970173113,29.691957084865));
#7600 = CARTESIAN_POINT('',(1.703801271013,29.518220776081));
#7601 = CARTESIAN_POINT('',(1.692643345489,29.474891113738));
#7602 = CARTESIAN_POINT('',(1.681179466349,29.433041596224));
#7603 = CARTESIAN_POINT('',(1.669410501169,29.392780508499));
#7604 = CARTESIAN_POINT('',(1.657337574878,29.354222772031));
#7605 = CARTESIAN_POINT('',(1.644962005708,29.317490118289));
#7606 = CARTESIAN_POINT('',(1.605549038267,29.209360168033));
#7607 = CARTESIAN_POINT('',(1.577268936167,29.144139976228));
#7608 = CARTESIAN_POINT('',(1.547691806634,29.089239678721));
#7609 = CARTESIAN_POINT('',(1.517076772718,29.046351577554));
#7610 = CARTESIAN_POINT('',(1.485686458639,29.016718152229));
#7611 = CARTESIAN_POINT('',(1.453784687044,29.001154920741));
#7612 = CARTESIAN_POINT('',(1.371512264955,28.998325080522));
#7613 = CARTESIAN_POINT('',(1.322502188348,29.031820161185));
#7614 = CARTESIAN_POINT('',(1.275252202811,29.097676370959));
#7615 = CARTESIAN_POINT('',(1.230353557696,29.192162761838));
#7616 = CARTESIAN_POINT('',(1.188390350574,29.310566103702));
#7617 = CARTESIAN_POINT('',(1.149924484997,29.447056406378));
#7618 = CARTESIAN_POINT('',(1.115393974715,29.59438380244));
#7619 = ( GEOMETRIC_REPRESENTATION_CONTEXT(2) 
PARAMETRIC_REPRESENTATION_CONTEXT() REPRESENTATION_CONTEXT('2D SPACE',''
  ) );
#7620 = ORIENTED_EDGE('',*,*,#1987,.F.);
#7621 = ADVANCED_FACE('',(#7622),#3239,.F.);
#7622 = FACE_BOUND('',#7623,.F.);
#7623 = EDGE_LOOP('',(#7624,#7625,#7626));
#7624 = ORIENTED_EDGE('',*,*,#6815,.T.);
#7625 = ORIENTED_EDGE('',*,*,#7219,.T.);
#7626 = ORIENTED_EDGE('',*,*,#3219,.T.);
#7627 = ADVANCED_FACE('',(#7628,#7631),#3174,.T.);
#7628 = FACE_BOUND('',#7629,.T.);
#7629 = EDGE_LOOP('',(#7630));
#7630 = ORIENTED_EDGE('',*,*,#3159,.T.);
#7631 = FACE_BOUND('',#7632,.T.);
#7632 = EDGE_LOOP('',(#7633));
#7633 = ORIENTED_EDGE('',*,*,#7634,.F.);
#7634 = EDGE_CURVE('',#7635,#7635,#7637,.T.);
#7635 = VERTEX_POINT('',#7636);
#7636 = CARTESIAN_POINT('',(-34.77145207365,0.,-52.867462779));
#7637 = SURFACE_CURVE('',#7638,(#7643,#7650),.PCURVE_S1.);
#7638 = CIRCLE('',#7639,12.65);
#7639 = AXIS2_PLACEMENT_3D('',#7640,#7641,#7642);
#7640 = CARTESIAN_POINT('',(-23.02622193395,0.,-57.56555483488));
#7641 = DIRECTION('',(-0.371390676354,0.,-0.928476690885));
#7642 = DIRECTION('',(-0.928476690885,0.,0.371390676354));
#7643 = PCURVE('',#3174,#7644);
#7644 = DEFINITIONAL_REPRESENTATION('',(#7645),#7649);
#7645 = CIRCLE('',#7646,12.65);
#7646 = AXIS2_PLACEMENT_2D('',#7647,#7648);
#7647 = CARTESIAN_POINT('',(-4.156250918596E-14,0.));
#7648 = DIRECTION('',(1.,0.));
#7649 = ( GEOMETRIC_REPRESENTATION_CONTEXT(2) 
PARAMETRIC_REPRESENTATION_CONTEXT() REPRESENTATION_CONTEXT('2D SPACE',''
  ) );
#7650 = PCURVE('',#7651,#7656);
#7651 = CYLINDRICAL_SURFACE('',#7652,12.65);
#7652 = AXIS2_PLACEMENT_3D('',#7653,#7654,#7655);
#7653 = CARTESIAN_POINT('',(-2.971125410833,0.,-7.427813527082));
#7654 = DIRECTION('',(-0.371390676354,0.,-0.928476690885));
#7655 = DIRECTION('',(-0.928476690885,0.,0.371390676354));
#7656 = DEFINITIONAL_REPRESENTATION('',(#7657),#7661);
#7657 = LINE('',#7658,#7659);
#7658 = CARTESIAN_POINT('',(0.,54.));
#7659 = VECTOR('',#7660,1.);
#7660 = DIRECTION('',(1.,0.));
#7661 = ( GEOMETRIC_REPRESENTATION_CONTEXT(2) 
PARAMETRIC_REPRESENTATION_CONTEXT() REPRESENTATION_CONTEXT('2D SPACE',''
  ) );
#7662 = ADVANCED_FACE('',(#7663),#1885,.T.);
#7663 = FACE_BOUND('',#7664,.T.);
#7664 = EDGE_LOOP('',(#7665,#7687,#7688,#7689,#7690,#7691,#7692,#7693,
    #7694,#7695));
#7665 = ORIENTED_EDGE('',*,*,#7666,.F.);
#7666 = EDGE_CURVE('',#2318,#2611,#7667,.T.);
#7667 = SURFACE_CURVE('',#7668,(#7673,#7680),.PCURVE_S1.);
#7668 = CIRCLE('',#7669,6.);
#7669 = AXIS2_PLACEMENT_3D('',#7670,#7671,#7672);
#7670 = CARTESIAN_POINT('',(-30.29303531991,-7.767444953823,
    -23.30233486146));
#7671 = DIRECTION('',(-0.776744495382,-0.199165255226,-0.597495765679));
#7672 = DIRECTION('',(0.60971076085,0.,-0.792623989105));
#7673 = PCURVE('',#1885,#7674);
#7674 = DEFINITIONAL_REPRESENTATION('',(#7675),#7679);
#7675 = LINE('',#7676,#7677);
#7676 = CARTESIAN_POINT('',(0.,39.));
#7677 = VECTOR('',#7678,1.);
#7678 = DIRECTION('',(1.,0.));
#7679 = ( GEOMETRIC_REPRESENTATION_CONTEXT(2) 
PARAMETRIC_REPRESENTATION_CONTEXT() REPRESENTATION_CONTEXT('2D SPACE',''
  ) );
#7680 = PCURVE('',#2631,#7681);
#7681 = DEFINITIONAL_REPRESENTATION('',(#7682),#7686);
#7682 = CIRCLE('',#7683,6.);
#7683 = AXIS2_PLACEMENT_2D('',#7684,#7685);
#7684 = CARTESIAN_POINT('',(0.,0.));
#7685 = DIRECTION('',(1.,1.387778780781E-17));
#7686 = ( GEOMETRIC_REPRESENTATION_CONTEXT(2) 
PARAMETRIC_REPRESENTATION_CONTEXT() REPRESENTATION_CONTEXT('2D SPACE',''
  ) );
#7687 = ORIENTED_EDGE('',*,*,#2317,.T.);
#7688 = ORIENTED_EDGE('',*,*,#7243,.T.);
#7689 = ORIENTED_EDGE('',*,*,#1689,.T.);
#7690 = ORIENTED_EDGE('',*,*,#3930,.T.);
#7691 = ORIENTED_EDGE('',*,*,#3900,.T.);
#7692 = ORIENTED_EDGE('',*,*,#3815,.T.);
#7693 = ORIENTED_EDGE('',*,*,#6498,.T.);
#7694 = ORIENTED_EDGE('',*,*,#6839,.F.);
#7695 = ORIENTED_EDGE('',*,*,#2643,.T.);
#7696 = ADVANCED_FACE('',(#7697),#2631,.T.);
#7697 = FACE_BOUND('',#7698,.T.);
#7698 = EDGE_LOOP('',(#7699,#7700));
#7699 = ORIENTED_EDGE('',*,*,#2610,.F.);
#7700 = ORIENTED_EDGE('',*,*,#7666,.T.);
#7701 = ADVANCED_FACE('',(#7702),#3534,.F.);
#7702 = FACE_BOUND('',#7703,.F.);
#7703 = EDGE_LOOP('',(#7704,#7904,#7925,#7926));
#7704 = ORIENTED_EDGE('',*,*,#7705,.F.);
#7705 = EDGE_CURVE('',#7706,#7706,#7708,.T.);
#7706 = VERTEX_POINT('',#7707);
#7707 = CARTESIAN_POINT('',(-17.08397111228,12.613091857546,
    -45.30992778072));
#7708 = SURFACE_CURVE('',#7709,(#7772,#7838),.PCURVE_S1.);
#7709 = B_SPLINE_CURVE_WITH_KNOTS('',7,(#7710,#7711,#7712,#7713,#7714,
    #7715,#7716,#7717,#7718,#7719,#7720,#7721,#7722,#7723,#7724,#7725,
    #7726,#7727,#7728,#7729,#7730,#7731,#7732,#7733,#7734,#7735,#7736,
    #7737,#7738,#7739,#7740,#7741,#7742,#7743,#7744,#7745,#7746,#7747,
    #7748,#7749,#7750,#7751,#7752,#7753,#7754,#7755,#7756,#7757,#7758,
    #7759,#7760,#7761,#7762,#7763,#7764,#7765,#7766,#7767,#7768,#7769,
    #7770,#7771),.UNSPECIFIED.,.T.,.F.,(8,6,6,6,6,6,6,6,6,6,8),(0.,
    4.755655326997E-02,0.113064235464,0.1974902265,0.328301855906,
    0.450316131916,0.562267733417,0.699927002425,0.832682308854,
    0.949353084591,1.),.UNSPECIFIED.);
#7710 = CARTESIAN_POINT('',(-17.08397111228,12.613091857546,
    -45.30992778072));
#7711 = CARTESIAN_POINT('',(-16.96016984303,12.604291934208,
    -45.30992778072));
#7712 = CARTESIAN_POINT('',(-16.83846617221,12.594607253171,
    -45.30305058046));
#7713 = CARTESIAN_POINT('',(-16.71923578659,12.584222707294,
    -45.28971489874));
#7714 = CARTESIAN_POINT('',(-16.60281082561,12.573321929756,
    -45.27034129868));
#7715 = CARTESIAN_POINT('',(-16.48948104083,12.562082274359,
    -45.2453526709));
#7716 = CARTESIAN_POINT('',(-16.37949495542,12.550669795828,
    -45.21517471666));
#7717 = CARTESIAN_POINT('',(-16.12645157224,12.523482091808,
    -45.13211002259));
#7718 = CARTESIAN_POINT('',(-15.98641601461,12.507668486765,
    -45.07489656284));
#7719 = CARTESIAN_POINT('',(-15.85316056828,12.492146572383,
    -45.00955828215));
#7720 = CARTESIAN_POINT('',(-15.72679889911,12.477211080039,
    -44.93692514866));
#7721 = CARTESIAN_POINT('',(-15.60738227605,12.463102292827,
    -44.85770934072));
#7722 = CARTESIAN_POINT('',(-15.4949273684,12.450012917992,
    -44.77251932291));
#7723 = CARTESIAN_POINT('',(-15.25349223574,12.422741775974,
    -44.56504965086));
#7724 = CARTESIAN_POINT('',(-15.12908556413,12.409332397187,
    -44.43913574622));
#7725 = CARTESIAN_POINT('',(-15.01626723552,12.398204969727,
    -44.30525008417));
#7726 = CARTESIAN_POINT('',(-14.91508575608,12.389591480835,
    -44.16431462942));
#7727 = CARTESIAN_POINT('',(-14.82562307994,12.383640545407,
    -44.01710364682));
#7728 = CARTESIAN_POINT('',(-14.74802633675,12.380429451141,
    -43.86428984335));
#7729 = CARTESIAN_POINT('',(-14.58107590759,12.379253925219,
    -43.4619862002));
#7730 = CARTESIAN_POINT('',(-14.50883770965,12.385142233122,
    -43.20587662775));
#7731 = CARTESIAN_POINT('',(-14.46650163308,12.397635444388,
    -42.94030904921));
#7732 = CARTESIAN_POINT('',(-14.45552516886,12.416371364513,
    -42.66730580614));
#7733 = CARTESIAN_POINT('',(-14.47811595882,12.440604832098,
    -42.38918733951));
#7734 = CARTESIAN_POINT('',(-14.53726003549,12.468996945583,
    -42.10909927359));
#7735 = CARTESIAN_POINT('',(-14.72948139063,12.52776500869,
    -41.57333779787));
#7736 = CARTESIAN_POINT('',(-14.85994176555,12.558680708745,
    -41.30997826304));
#7737 = CARTESIAN_POINT('',(-15.03227929044,12.58984461482,
    -41.05284698895));
#7738 = CARTESIAN_POINT('',(-15.24736150375,12.617841896163,
    -40.812813083));
#7739 = CARTESIAN_POINT('',(-15.50326565026,12.638865755425,
    -40.60026676299));
#7740 = CARTESIAN_POINT('',(-15.79575449271,12.65,-40.42492872884));
#7741 = CARTESIAN_POINT('',(-16.41435090626,12.65,-40.17749016342));
#7742 = CARTESIAN_POINT('',(-16.71982917703,12.640626612387,
    -40.10441527626));
#7743 = CARTESIAN_POINT('',(-17.02604301732,12.622731495511,
    -40.07571301916));
#7744 = CARTESIAN_POINT('',(-17.32478040233,12.598452009675,
    -40.08861880969));
#7745 = CARTESIAN_POINT('',(-17.60859785088,12.57075005257,
    -40.13848480382));
#7746 = CARTESIAN_POINT('',(-17.87124976825,12.54246276118,
    -40.21861719395));
#7747 = CARTESIAN_POINT('',(-18.39947526957,12.482769697366,
    -40.44499955166));
#7748 = CARTESIAN_POINT('',(-18.6607160702,12.451139968545,
    -40.60599753424));
#7749 = CARTESIAN_POINT('',(-18.89080325334,12.423641379589,
    -40.79522933147));
#7750 = CARTESIAN_POINT('',(-19.08972123605,12.402043670678,
    -41.00718440202));
#7751 = CARTESIAN_POINT('',(-19.25756160886,12.387309390802,
    -41.23788663881));
#7752 = CARTESIAN_POINT('',(-19.39403404905,12.37992326309,
    -41.48437087337));
#7753 = CARTESIAN_POINT('',(-19.5982829192,12.37992326309,
    -41.99499304873));
#7754 = CARTESIAN_POINT('',(-19.66805415302,12.386792585972,
    -42.25749171913));
#7755 = CARTESIAN_POINT('',(-19.70658978916,12.400500480499,
    -42.52957282034));
#7756 = CARTESIAN_POINT('',(-19.71227545859,12.420625664314,
    -42.80910405646));
#7757 = CARTESIAN_POINT('',(-19.68266605754,12.446329860557,
    -43.09358108675));
#7758 = CARTESIAN_POINT('',(-19.61446954727,12.476102839686,
    -43.37952782832));
#7759 = CARTESIAN_POINT('',(-19.40614750436,12.53515803046,
    -43.90925641259));
#7760 = CARTESIAN_POINT('',(-19.27315391606,12.564794937106,
    -44.16052016399));
#7761 = CARTESIAN_POINT('',(-19.1011494685,12.594233492705,
    -44.4049502747));
#7762 = CARTESIAN_POINT('',(-18.8896848123,12.620348828992,
    -44.63254048086));
#7763 = CARTESIAN_POINT('',(-18.64084149345,12.63977189941,
    -44.8338705563));
#7764 = CARTESIAN_POINT('',(-18.35878273715,12.65,-45.00028883048));
#7765 = CARTESIAN_POINT('',(-17.9153645963,12.65,-45.17765608682));
#7766 = CARTESIAN_POINT('',(-17.77797954161,12.648072674374,
    -45.22251033663));
#7767 = CARTESIAN_POINT('',(-17.63853248397,12.644234365602,
    -45.25817651099));
#7768 = CARTESIAN_POINT('',(-17.49819559797,12.638592379863,
    -45.28452553038));
#7769 = CARTESIAN_POINT('',(-17.35818022447,12.631340239586,
    -45.30166066674));
#7770 = CARTESIAN_POINT('',(-17.2197059665,12.62274003255,
    -45.30992778072));
#7771 = CARTESIAN_POINT('',(-17.08397111228,12.613091857546,
    -45.30992778072));
#7772 = PCURVE('',#3534,#7773);
#7773 = DEFINITIONAL_REPRESENTATION('',(#7774),#7837);
#7774 = B_SPLINE_CURVE_WITH_KNOTS('',7,(#7775,#7776,#7777,#7778,#7779,
    #7780,#7781,#7782,#7783,#7784,#7785,#7786,#7787,#7788,#7789,#7790,
    #7791,#7792,#7793,#7794,#7795,#7796,#7797,#7798,#7799,#7800,#7801,
    #7802,#7803,#7804,#7805,#7806,#7807,#7808,#7809,#7810,#7811,#7812,
    #7813,#7814,#7815,#7816,#7817,#7818,#7819,#7820,#7821,#7822,#7823,
    #7824,#7825,#7826,#7827,#7828,#7829,#7830,#7831,#7832,#7833,#7834,
    #7835,#7836),.UNSPECIFIED.,.F.,.F.,(8,6,6,6,6,6,6,6,6,6,8),(0.,
    4.755655326997E-02,0.113064235464,0.1974902265,0.328301855906,
    0.450316131916,0.562267733417,0.699927002425,0.832682308854,
    0.949353084591,1.),.UNSPECIFIED.);
#7775 = CARTESIAN_POINT('',(0.,5.886908142454));
#7776 = CARTESIAN_POINT('',(4.761587278936E-02,5.895708065792));
#7777 = CARTESIAN_POINT('',(9.442507336034E-02,5.905392746829));
#7778 = CARTESIAN_POINT('',(0.140459050358,5.915777292706));
#7779 = CARTESIAN_POINT('',(0.185740044053,5.926678070244));
#7780 = CARTESIAN_POINT('',(0.230282544682,5.937917725641));
#7781 = CARTESIAN_POINT('',(0.274094750781,5.949330204172));
#7782 = CARTESIAN_POINT('',(0.376528664511,5.976517908192));
#7783 = CARTESIAN_POINT('',(0.434565094607,5.992331513235));
#7784 = CARTESIAN_POINT('',(0.491439755371,6.007853427617));
#7785 = CARTESIAN_POINT('',(0.547285601154,6.022788919961));
#7786 = CARTESIAN_POINT('',(0.602227297061,6.036897707173));
#7787 = CARTESIAN_POINT('',(0.656385911771,6.049987082008));
#7788 = CARTESIAN_POINT('',(0.778820889142,6.077258224026));
#7789 = CARTESIAN_POINT('',(0.846674244642,6.090667602813));
#7790 = CARTESIAN_POINT('',(0.913680216844,6.101795030273));
#7791 = CARTESIAN_POINT('',(0.980054131335,6.110408519165));
#7792 = CARTESIAN_POINT('',(1.04600123518,6.116359454593));
#7793 = CARTESIAN_POINT('',(1.111726416054,6.119570548859));
#7794 = CARTESIAN_POINT('',(1.279253092853,6.120746074781));
#7795 = CARTESIAN_POINT('',(1.380882910558,6.114857766878));
#7796 = CARTESIAN_POINT('',(1.483189514187,6.102364555612));
#7797 = CARTESIAN_POINT('',(1.58693129473,6.083628635487));
#7798 = CARTESIAN_POINT('',(1.692922699772,6.059395167902));
#7799 = CARTESIAN_POINT('',(1.802002363254,6.031003054417));
#7800 = CARTESIAN_POINT('',(2.020925699732,5.97223499131));
#7801 = CARTESIAN_POINT('',(2.133212151145,5.941319291255));
#7802 = CARTESIAN_POINT('',(2.250609118995,5.91015538518));
#7803 = CARTESIAN_POINT('',(2.37231202441,5.882158103837));
#7804 = CARTESIAN_POINT('',(2.497955650483,5.861134244575));
#7805 = CARTESIAN_POINT('',(2.627450983886,5.85));
#7806 = CARTESIAN_POINT('',(2.883700494353,5.85));
#7807 = CARTESIAN_POINT('',(3.003226830482,5.859373387613));
#7808 = CARTESIAN_POINT('',(3.119689090232,5.877268504489));
#7809 = CARTESIAN_POINT('',(3.232876148686,5.901547990325));
#7810 = CARTESIAN_POINT('',(3.342356288428,5.92924994743));
#7811 = CARTESIAN_POINT('',(3.447349034101,5.95753723882));
#7812 = CARTESIAN_POINT('',(3.668384504802,6.017230302634));
#7813 = CARTESIAN_POINT('',(3.785130308128,6.048860031455));
#7814 = CARTESIAN_POINT('',(3.898096915672,6.076358620411));
#7815 = CARTESIAN_POINT('',(4.008287959368,6.097956329322));
#7816 = CARTESIAN_POINT('',(4.116688878193,6.112690609198));
#7817 = CARTESIAN_POINT('',(4.224203685841,6.12007673691));
#7818 = CARTESIAN_POINT('',(4.435725575725,6.12007673691));
#7819 = CARTESIAN_POINT('',(4.539431570093,6.113207414028));
#7820 = CARTESIAN_POINT('',(4.643928202735,6.099499519501));
#7821 = CARTESIAN_POINT('',(4.750025645658,6.079374335686));
#7822 = CARTESIAN_POINT('',(4.858599839488,6.053670139443));
#7823 = CARTESIAN_POINT('',(4.970548930834,6.023897160314));
#7824 = CARTESIAN_POINT('',(5.189479375114,5.96484196954));
#7825 = CARTESIAN_POINT('',(5.298135087858,5.935205062894));
#7826 = CARTESIAN_POINT('',(5.411589551242,5.905766507295));
#7827 = CARTESIAN_POINT('',(5.529045694756,5.879651171008));
#7828 = CARTESIAN_POINT('',(5.650100061687,5.86022810059));
#7829 = CARTESIAN_POINT('',(5.774596568686,5.85));
#7830 = CARTESIAN_POINT('',(5.958279627682,5.85));
#7831 = CARTESIAN_POINT('',(6.013747797567,5.851927325626));
#7832 = CARTESIAN_POINT('',(6.068920676348,5.855765634398));
#7833 = CARTESIAN_POINT('',(6.12363577975,5.861407620137));
#7834 = CARTESIAN_POINT('',(6.177720274058,5.868659760414));
#7835 = CARTESIAN_POINT('',(6.230979594018,5.87725996745));
#7836 = CARTESIAN_POINT('',(6.28318530718,5.886908142454));
#7837 = ( GEOMETRIC_REPRESENTATION_CONTEXT(2) 
PARAMETRIC_REPRESENTATION_CONTEXT() REPRESENTATION_CONTEXT('2D SPACE',''
  ) );
#7838 = PCURVE('',#7651,#7839);
#7839 = DEFINITIONAL_REPRESENTATION('',(#7840),#7903);
#7840 = B_SPLINE_CURVE_WITH_KNOTS('',7,(#7841,#7842,#7843,#7844,#7845,
    #7846,#7847,#7848,#7849,#7850,#7851,#7852,#7853,#7854,#7855,#7856,
    #7857,#7858,#7859,#7860,#7861,#7862,#7863,#7864,#7865,#7866,#7867,
    #7868,#7869,#7870,#7871,#7872,#7873,#7874,#7875,#7876,#7877,#7878,
    #7879,#7880,#7881,#7882,#7883,#7884,#7885,#7886,#7887,#7888,#7889,
    #7890,#7891,#7892,#7893,#7894,#7895,#7896,#7897,#7898,#7899,#7900,
    #7901,#7902),.UNSPECIFIED.,.T.,.F.,(8,6,6,6,6,6,6,6,6,6,8),(0.,
    4.755655326997E-02,0.113064235464,0.1974902265,0.328301855906,
    0.450316131916,0.562267733417,0.699927002425,0.832682308854,
    0.949353084591,1.),.UNSPECIFIED.);
#7841 = CARTESIAN_POINT('',(1.647203912738,40.414039396302));
#7842 = CARTESIAN_POINT('',(1.656317189173,40.368060759181));
#7843 = CARTESIAN_POINT('',(1.665080974782,40.316475830422));
#7844 = CARTESIAN_POINT('',(1.673480163082,40.259812907231));
#7845 = CARTESIAN_POINT('',(1.681502446392,40.198585826154));
#7846 = CARTESIAN_POINT('',(1.689138346172,40.133294842299));
#7847 = CARTESIAN_POINT('',(1.696381243367,40.064427508561));
#7848 = CARTESIAN_POINT('',(1.712657789957,39.893325923057));
#7849 = CARTESIAN_POINT('',(1.721346081016,39.788196658811));
#7850 = CARTESIAN_POINT('',(1.729302964671,39.678041757824));
#7851 = CARTESIAN_POINT('',(1.736541647817,39.563674040615));
#7852 = CARTESIAN_POINT('',(1.743076469768,39.445773788992));
#7853 = CARTESIAN_POINT('',(1.748921507561,39.324912138942));
#7854 = CARTESIAN_POINT('',(1.760749247859,39.042614627165));
#7855 = CARTESIAN_POINT('',(1.766285848468,38.879503023737));
#7856 = CARTESIAN_POINT('',(1.770723618442,38.713293631915));
#7857 = CARTESIAN_POINT('',(1.774082095748,38.544860489174));
#7858 = CARTESIAN_POINT('',(1.77637523012,38.374952919391));
#7859 = CARTESIAN_POINT('',(1.777610537422,38.204250157887));
#7860 = CARTESIAN_POINT('',(1.778062700119,37.76871676976));
#7861 = CARTESIAN_POINT('',(1.775797349971,37.504096408235));
#7862 = CARTESIAN_POINT('',(1.771005043205,37.24179987759));
#7863 = CARTESIAN_POINT('',(1.76364513824,36.984246173396));
#7864 = CARTESIAN_POINT('',(1.75363777545,36.734409668588));
#7865 = CARTESIAN_POINT('',(1.740877944568,36.496319986622));
#7866 = CARTESIAN_POINT('',(1.710680514203,36.070267163636));
#7867 = CARTESIAN_POINT('',(1.693203189021,35.874195741106));
#7868 = CARTESIAN_POINT('',(1.672861244193,35.699459896545));
#7869 = CARTESIAN_POINT('',(1.649935057605,35.556473538524));
#7870 = CARTESIAN_POINT('',(1.624878549376,35.454169648719));
#7871 = CARTESIAN_POINT('',(1.598262869146,35.4));
#7872 = CARTESIAN_POINT('',(1.545594985571,35.4));
#7873 = CARTESIAN_POINT('',(1.521028261368,35.445603452178));
#7874 = CARTESIAN_POINT('',(1.497684281169,35.532679040741));
#7875 = CARTESIAN_POINT('',(1.47606379425,35.655610045893));
#7876 = CARTESIAN_POINT('',(1.456578579516,35.807316613286));
#7877 = CARTESIAN_POINT('',(1.439507955372,35.979264142951));
#7878 = CARTESIAN_POINT('',(1.407039209054,36.385632911512));
#7879 = CARTESIAN_POINT('',(1.392381558503,36.632138183254));
#7880 = CARTESIAN_POINT('',(1.380844428863,36.89328773073));
#7881 = CARTESIAN_POINT('',(1.372295136103,37.163959357386));
#7882 = CARTESIAN_POINT('',(1.366628261755,37.440495356356));
#7883 = CARTESIAN_POINT('',(1.363787413092,37.720034814678));
#7884 = CARTESIAN_POINT('',(1.363787413092,38.269991728378));
#7885 = CARTESIAN_POINT('',(1.366429477854,38.539628010954));
#7886 = CARTESIAN_POINT('',(1.371701654713,38.806560747429));
#7887 = CARTESIAN_POINT('',(1.379651730594,39.06821058916));
#7888 = CARTESIAN_POINT('',(1.390369958157,39.321344225387));
#7889 = CARTESIAN_POINT('',(1.403971813909,39.561511561693));
#7890 = CARTESIAN_POINT('',(1.435165684811,39.975983340274));
#7891 = CARTESIAN_POINT('',(1.45246149296,40.159883297997));
#7892 = CARTESIAN_POINT('',(1.472392839185,40.322950110226));
#7893 = CARTESIAN_POINT('',(1.494677897454,40.455726310038));
#7894 = CARTESIAN_POINT('',(1.518882837478,40.550238503757));
#7895 = CARTESIAN_POINT('',(1.544471098369,40.6));
#7896 = CARTESIAN_POINT('',(1.582224138162,40.6));
#7897 = CARTESIAN_POINT('',(1.593624714746,40.590622597052));
#7898 = CARTESIAN_POINT('',(1.604909314169,40.571948471543));
#7899 = CARTESIAN_POINT('',(1.615990521698,40.54429311087));
#7900 = CARTESIAN_POINT('',(1.626784284623,40.508202281311));
#7901 = CARTESIAN_POINT('',(1.637212179568,40.464450055615));
#7902 = CARTESIAN_POINT('',(1.647203912738,40.414039396302));
#7903 = ( GEOMETRIC_REPRESENTATION_CONTEXT(2) 
PARAMETRIC_REPRESENTATION_CONTEXT() REPRESENTATION_CONTEXT('2D SPACE',''
  ) );
#7904 = ORIENTED_EDGE('',*,*,#7905,.F.);
#7905 = EDGE_CURVE('',#3401,#7706,#7906,.T.);
#7906 = SEAM_CURVE('',#7907,(#7911,#7918),.PCURVE_S1.);
#7907 = LINE('',#7908,#7909);
#7908 = CARTESIAN_POINT('',(-17.08397111228,18.5,-45.30992778072));
#7909 = VECTOR('',#7910,1.);
#7910 = DIRECTION('',(0.,-1.,-0.));
#7911 = PCURVE('',#3534,#7912);
#7912 = DEFINITIONAL_REPRESENTATION('',(#7913),#7917);
#7913 = LINE('',#7914,#7915);
#7914 = CARTESIAN_POINT('',(6.28318530718,-0.));
#7915 = VECTOR('',#7916,1.);
#7916 = DIRECTION('',(0.,1.));
#7917 = ( GEOMETRIC_REPRESENTATION_CONTEXT(2) 
PARAMETRIC_REPRESENTATION_CONTEXT() REPRESENTATION_CONTEXT('2D SPACE',''
  ) );
#7918 = PCURVE('',#3534,#7919);
#7919 = DEFINITIONAL_REPRESENTATION('',(#7920),#7924);
#7920 = LINE('',#7921,#7922);
#7921 = CARTESIAN_POINT('',(0.,-0.));
#7922 = VECTOR('',#7923,1.);
#7923 = DIRECTION('',(0.,1.));
#7924 = ( GEOMETRIC_REPRESENTATION_CONTEXT(2) 
PARAMETRIC_REPRESENTATION_CONTEXT() REPRESENTATION_CONTEXT('2D SPACE',''
  ) );
#7925 = ORIENTED_EDGE('',*,*,#3400,.T.);
#7926 = ORIENTED_EDGE('',*,*,#7905,.T.);
#7927 = ADVANCED_FACE('',(#7928),#3741,.F.);
#7928 = FACE_BOUND('',#7929,.F.);
#7929 = EDGE_LOOP('',(#7930,#7931,#7954,#8152));
#7930 = ORIENTED_EDGE('',*,*,#3607,.F.);
#7931 = ORIENTED_EDGE('',*,*,#7932,.F.);
#7932 = EDGE_CURVE('',#7933,#3608,#7935,.T.);
#7933 = VERTEX_POINT('',#7934);
#7934 = CARTESIAN_POINT('',(-17.08397111228,-12.61309185754,
    -45.30992778072));
#7935 = SEAM_CURVE('',#7936,(#7940,#7947),.PCURVE_S1.);
#7936 = LINE('',#7937,#7938);
#7937 = CARTESIAN_POINT('',(-17.08397111228,18.5,-45.30992778072));
#7938 = VECTOR('',#7939,1.);
#7939 = DIRECTION('',(0.,-1.,-0.));
#7940 = PCURVE('',#3741,#7941);
#7941 = DEFINITIONAL_REPRESENTATION('',(#7942),#7946);
#7942 = LINE('',#7943,#7944);
#7943 = CARTESIAN_POINT('',(6.28318530718,-0.));
#7944 = VECTOR('',#7945,1.);
#7945 = DIRECTION('',(0.,1.));
#7946 = ( GEOMETRIC_REPRESENTATION_CONTEXT(2) 
PARAMETRIC_REPRESENTATION_CONTEXT() REPRESENTATION_CONTEXT('2D SPACE',''
  ) );
#7947 = PCURVE('',#3741,#7948);
#7948 = DEFINITIONAL_REPRESENTATION('',(#7949),#7953);
#7949 = LINE('',#7950,#7951);
#7950 = CARTESIAN_POINT('',(0.,-0.));
#7951 = VECTOR('',#7952,1.);
#7952 = DIRECTION('',(0.,1.));
#7953 = ( GEOMETRIC_REPRESENTATION_CONTEXT(2) 
PARAMETRIC_REPRESENTATION_CONTEXT() REPRESENTATION_CONTEXT('2D SPACE',''
  ) );
#7954 = ORIENTED_EDGE('',*,*,#7955,.T.);
#7955 = EDGE_CURVE('',#7933,#7933,#7956,.T.);
#7956 = SURFACE_CURVE('',#7957,(#8020,#8086),.PCURVE_S1.);
#7957 = B_SPLINE_CURVE_WITH_KNOTS('',7,(#7958,#7959,#7960,#7961,#7962,
    #7963,#7964,#7965,#7966,#7967,#7968,#7969,#7970,#7971,#7972,#7973,
    #7974,#7975,#7976,#7977,#7978,#7979,#7980,#7981,#7982,#7983,#7984,
    #7985,#7986,#7987,#7988,#7989,#7990,#7991,#7992,#7993,#7994,#7995,
    #7996,#7997,#7998,#7999,#8000,#8001,#8002,#8003,#8004,#8005,#8006,
    #8007,#8008,#8009,#8010,#8011,#8012,#8013,#8014,#8015,#8016,#8017,
    #8018,#8019),.UNSPECIFIED.,.T.,.F.,(8,6,6,6,6,6,6,6,6,6,8),(0.,
    4.755655325983E-02,0.113064235457,0.197490226476,0.328301855887,
    0.4503161319,0.562267733416,0.699927002425,0.832682308854,
    0.949353084591,1.),.UNSPECIFIED.);
#7958 = CARTESIAN_POINT('',(-17.08397111228,-12.61309185754,
    -45.30992778072));
#7959 = CARTESIAN_POINT('',(-16.960169843,-12.6042919342,-45.30992778072
    ));
#7960 = CARTESIAN_POINT('',(-16.83846617221,-12.59460725317,
    -45.30305058046));
#7961 = CARTESIAN_POINT('',(-16.71923578661,-12.58422270729,
    -45.28971489874));
#7962 = CARTESIAN_POINT('',(-16.60281082563,-12.57332192975,
    -45.27034129869));
#7963 = CARTESIAN_POINT('',(-16.48948104083,-12.56208227435,
    -45.2453526709));
#7964 = CARTESIAN_POINT('',(-16.37949495539,-12.55066979582,
    -45.21517471665));
#7965 = CARTESIAN_POINT('',(-16.12645157224,-12.5234820918,
    -45.13211002259));
#7966 = CARTESIAN_POINT('',(-15.98641601461,-12.50766848676,
    -45.07489656284));
#7967 = CARTESIAN_POINT('',(-15.85316056828,-12.49214657238,
    -45.00955828215));
#7968 = CARTESIAN_POINT('',(-15.72679889911,-12.47721108003,
    -44.93692514866));
#7969 = CARTESIAN_POINT('',(-15.60738227605,-12.46310229282,
    -44.85770934072));
#7970 = CARTESIAN_POINT('',(-15.4949273684,-12.45001291799,
    -44.77251932291));
#7971 = CARTESIAN_POINT('',(-15.25349223577,-12.42274177597,
    -44.56504965089));
#7972 = CARTESIAN_POINT('',(-15.1290855641,-12.40933239718,
    -44.43913574619));
#7973 = CARTESIAN_POINT('',(-15.01626723551,-12.39820496972,
    -44.30525008414));
#7974 = CARTESIAN_POINT('',(-14.9150857561,-12.38959148083,
    -44.16431462944));
#7975 = CARTESIAN_POINT('',(-14.82562307995,-12.3836405454,
    -44.01710364686));
#7976 = CARTESIAN_POINT('',(-14.74802633673,-12.38042945114,
    -43.86428984332));
#7977 = CARTESIAN_POINT('',(-14.58107590759,-12.37925392521,
    -43.4619862002));
#7978 = CARTESIAN_POINT('',(-14.50883770965,-12.38514223312,
    -43.20587662775));
#7979 = CARTESIAN_POINT('',(-14.46650163308,-12.39763544438,
    -42.94030904921));
#7980 = CARTESIAN_POINT('',(-14.45552516886,-12.41637136451,
    -42.66730580614));
#7981 = CARTESIAN_POINT('',(-14.47811595882,-12.44060483209,
    -42.38918733951));
#7982 = CARTESIAN_POINT('',(-14.53726003549,-12.46899694558,
    -42.10909927359));
#7983 = CARTESIAN_POINT('',(-14.72948139063,-12.52776500869,
    -41.57333779787));
#7984 = CARTESIAN_POINT('',(-14.85994176555,-12.55868070874,
    -41.30997826304));
#7985 = CARTESIAN_POINT('',(-15.03227929044,-12.58984461482,
    -41.05284698895));
#7986 = CARTESIAN_POINT('',(-15.24736150375,-12.61784189616,
    -40.812813083));
#7987 = CARTESIAN_POINT('',(-15.50326565026,-12.63886575542,
    -40.60026676299));
#7988 = CARTESIAN_POINT('',(-15.79575449271,-12.65,-40.42492872884));
#7989 = CARTESIAN_POINT('',(-16.41435090629,-12.65,-40.1774901634));
#7990 = CARTESIAN_POINT('',(-16.719829177,-12.64062661238,
    -40.10441527628));
#7991 = CARTESIAN_POINT('',(-17.02604301729,-12.62273149551,
    -40.07571301915));
#7992 = CARTESIAN_POINT('',(-17.32478040236,-12.59845200967,
    -40.08861880968));
#7993 = CARTESIAN_POINT('',(-17.60859785091,-12.57075005256,
    -40.13848480384));
#7994 = CARTESIAN_POINT('',(-17.87124976822,-12.54246276118,
    -40.21861719394));
#7995 = CARTESIAN_POINT('',(-18.39947526957,-12.48276969736,
    -40.44499955166));
#7996 = CARTESIAN_POINT('',(-18.6607160702,-12.45113996854,
    -40.60599753424));
#7997 = CARTESIAN_POINT('',(-18.89080325334,-12.42364137958,
    -40.79522933147));
#7998 = CARTESIAN_POINT('',(-19.08972123605,-12.40204367067,
    -41.00718440202));
#7999 = CARTESIAN_POINT('',(-19.25756160886,-12.3873093908,
    -41.23788663881));
#8000 = CARTESIAN_POINT('',(-19.39403404905,-12.37992326309,
    -41.48437087337));
#8001 = CARTESIAN_POINT('',(-19.5982829192,-12.37992326309,
    -41.99499304873));
#8002 = CARTESIAN_POINT('',(-19.66805415302,-12.38679258597,
    -42.25749171913));
#8003 = CARTESIAN_POINT('',(-19.70658978916,-12.40050048049,
    -42.52957282034));
#8004 = CARTESIAN_POINT('',(-19.71227545859,-12.42062566431,
    -42.80910405647));
#8005 = CARTESIAN_POINT('',(-19.68266605754,-12.44632986055,
    -43.09358108675));
#8006 = CARTESIAN_POINT('',(-19.61446954727,-12.47610283968,
    -43.37952782832));
#8007 = CARTESIAN_POINT('',(-19.40614750436,-12.53515803046,
    -43.90925641259));
#8008 = CARTESIAN_POINT('',(-19.27315391606,-12.5647949371,
    -44.16052016399));
#8009 = CARTESIAN_POINT('',(-19.1011494685,-12.5942334927,-44.4049502747
    ));
#8010 = CARTESIAN_POINT('',(-18.8896848123,-12.62034882899,
    -44.63254048086));
#8011 = CARTESIAN_POINT('',(-18.64084149345,-12.63977189941,
    -44.8338705563));
#8012 = CARTESIAN_POINT('',(-18.35878273715,-12.65,-45.00028883048));
#8013 = CARTESIAN_POINT('',(-17.9153645963,-12.65,-45.17765608682));
#8014 = CARTESIAN_POINT('',(-17.77797954161,-12.64807267437,
    -45.22251033663));
#8015 = CARTESIAN_POINT('',(-17.63853248397,-12.6442343656,
    -45.25817651099));
#8016 = CARTESIAN_POINT('',(-17.49819559797,-12.63859237986,
    -45.28452553038));
#8017 = CARTESIAN_POINT('',(-17.35818022447,-12.63134023958,
    -45.30166066674));
#8018 = CARTESIAN_POINT('',(-17.2197059665,-12.62274003255,
    -45.30992778072));
#8019 = CARTESIAN_POINT('',(-17.08397111228,-12.61309185754,
    -45.30992778072));
#8020 = PCURVE('',#3741,#8021);
#8021 = DEFINITIONAL_REPRESENTATION('',(#8022),#8085);
#8022 = B_SPLINE_CURVE_WITH_KNOTS('',7,(#8023,#8024,#8025,#8026,#8027,
    #8028,#8029,#8030,#8031,#8032,#8033,#8034,#8035,#8036,#8037,#8038,
    #8039,#8040,#8041,#8042,#8043,#8044,#8045,#8046,#8047,#8048,#8049,
    #8050,#8051,#8052,#8053,#8054,#8055,#8056,#8057,#8058,#8059,#8060,
    #8061,#8062,#8063,#8064,#8065,#8066,#8067,#8068,#8069,#8070,#8071,
    #8072,#8073,#8074,#8075,#8076,#8077,#8078,#8079,#8080,#8081,#8082,
    #8083,#8084),.UNSPECIFIED.,.F.,.F.,(8,6,6,6,6,6,6,6,6,6,8),(0.,
    4.755655325983E-02,0.113064235457,0.197490226476,0.328301855887,
    0.4503161319,0.562267733416,0.699927002425,0.832682308854,
    0.949353084591,1.),.UNSPECIFIED.);
#8023 = CARTESIAN_POINT('',(0.,31.113091857546));
#8024 = CARTESIAN_POINT('',(4.761587280175E-02,31.104291934206));
#8025 = CARTESIAN_POINT('',(9.442507336146E-02,31.09460725317));
#8026 = CARTESIAN_POINT('',(0.140459050348,31.084222707296));
#8027 = CARTESIAN_POINT('',(0.185740044044,31.073321929758));
#8028 = CARTESIAN_POINT('',(0.230282544683,31.062082274359));
#8029 = CARTESIAN_POINT('',(0.274094750792,31.050669795825));
#8030 = CARTESIAN_POINT('',(0.376528664511,31.023482091808));
#8031 = CARTESIAN_POINT('',(0.434565094607,31.007668486765));
#8032 = CARTESIAN_POINT('',(0.491439755371,30.992146572383));
#8033 = CARTESIAN_POINT('',(0.547285601154,30.977211080039));
#8034 = CARTESIAN_POINT('',(0.602227297061,30.963102292827));
#8035 = CARTESIAN_POINT('',(0.656385911771,30.950012917992));
#8036 = CARTESIAN_POINT('',(0.778820889126,30.922741775978));
#8037 = CARTESIAN_POINT('',(0.846674244659,30.909332397182));
#8038 = CARTESIAN_POINT('',(0.913680216857,30.898204969727));
#8039 = CARTESIAN_POINT('',(0.980054131322,30.889591480838));
#8040 = CARTESIAN_POINT('',(1.046001235164,30.883640545406));
#8041 = CARTESIAN_POINT('',(1.111726416069,30.880429451141));
#8042 = CARTESIAN_POINT('',(1.279253092853,30.879253925219));
#8043 = CARTESIAN_POINT('',(1.380882910558,30.885142233122));
#8044 = CARTESIAN_POINT('',(1.483189514187,30.897635444388));
#8045 = CARTESIAN_POINT('',(1.58693129473,30.916371364513));
#8046 = CARTESIAN_POINT('',(1.692922699772,30.940604832098));
#8047 = CARTESIAN_POINT('',(1.802002363254,30.968996945583));
#8048 = CARTESIAN_POINT('',(2.020925699732,31.02776500869));
#8049 = CARTESIAN_POINT('',(2.133212151145,31.058680708745));
#8050 = CARTESIAN_POINT('',(2.250609118995,31.08984461482));
#8051 = CARTESIAN_POINT('',(2.37231202441,31.117841896163));
#8052 = CARTESIAN_POINT('',(2.497955650483,31.138865755425));
#8053 = CARTESIAN_POINT('',(2.627450983886,31.15));
#8054 = CARTESIAN_POINT('',(2.883700494365,31.15));
#8055 = CARTESIAN_POINT('',(3.003226830469,31.140626612385));
#8056 = CARTESIAN_POINT('',(3.119689090224,31.122731495516));
#8057 = CARTESIAN_POINT('',(3.232876148692,31.098452009673));
#8058 = CARTESIAN_POINT('',(3.342356288443,31.070750052566));
#8059 = CARTESIAN_POINT('',(3.447349034088,31.042462761184));
#8060 = CARTESIAN_POINT('',(3.668384504802,30.982769697366));
#8061 = CARTESIAN_POINT('',(3.785130308128,30.951139968545));
#8062 = CARTESIAN_POINT('',(3.898096915672,30.923641379589));
#8063 = CARTESIAN_POINT('',(4.008287959369,30.902043670678));
#8064 = CARTESIAN_POINT('',(4.116688878193,30.887309390802));
#8065 = CARTESIAN_POINT('',(4.224203685841,30.87992326309));
#8066 = CARTESIAN_POINT('',(4.435725575725,30.87992326309));
#8067 = CARTESIAN_POINT('',(4.539431570093,30.886792585972));
#8068 = CARTESIAN_POINT('',(4.643928202735,30.900500480499));
#8069 = CARTESIAN_POINT('',(4.750025645658,30.920625664314));
#8070 = CARTESIAN_POINT('',(4.858599839487,30.946329860557));
#8071 = CARTESIAN_POINT('',(4.970548930834,30.976102839686));
#8072 = CARTESIAN_POINT('',(5.189479375114,31.03515803046));
#8073 = CARTESIAN_POINT('',(5.298135087858,31.064794937106));
#8074 = CARTESIAN_POINT('',(5.411589551242,31.094233492705));
#8075 = CARTESIAN_POINT('',(5.529045694756,31.120348828992));
#8076 = CARTESIAN_POINT('',(5.650100061687,31.13977189941));
#8077 = CARTESIAN_POINT('',(5.774596568687,31.15));
#8078 = CARTESIAN_POINT('',(5.958279627682,31.15));
#8079 = CARTESIAN_POINT('',(6.013747797567,31.148072674374));
#8080 = CARTESIAN_POINT('',(6.068920676348,31.144234365602));
#8081 = CARTESIAN_POINT('',(6.12363577975,31.138592379863));
#8082 = CARTESIAN_POINT('',(6.177720274058,31.131340239586));
#8083 = CARTESIAN_POINT('',(6.230979594018,31.12274003255));
#8084 = CARTESIAN_POINT('',(6.28318530718,31.113091857546));
#8085 = ( GEOMETRIC_REPRESENTATION_CONTEXT(2) 
PARAMETRIC_REPRESENTATION_CONTEXT() REPRESENTATION_CONTEXT('2D SPACE',''
  ) );
#8086 = PCURVE('',#7651,#8087);
#8087 = DEFINITIONAL_REPRESENTATION('',(#8088),#8151);
#8088 = B_SPLINE_CURVE_WITH_KNOTS('',7,(#8089,#8090,#8091,#8092,#8093,
    #8094,#8095,#8096,#8097,#8098,#8099,#8100,#8101,#8102,#8103,#8104,
    #8105,#8106,#8107,#8108,#8109,#8110,#8111,#8112,#8113,#8114,#8115,
    #8116,#8117,#8118,#8119,#8120,#8121,#8122,#8123,#8124,#8125,#8126,
    #8127,#8128,#8129,#8130,#8131,#8132,#8133,#8134,#8135,#8136,#8137,
    #8138,#8139,#8140,#8141,#8142,#8143,#8144,#8145,#8146,#8147,#8148,
    #8149,#8150),.UNSPECIFIED.,.T.,.F.,(8,6,6,6,6,6,6,6,6,6,8),(0.,
    4.755655325983E-02,0.113064235457,0.197490226476,0.328301855887,
    0.4503161319,0.562267733416,0.699927002425,0.832682308854,
    0.949353084591,1.),.UNSPECIFIED.);
#8089 = CARTESIAN_POINT('',(4.635981394442,40.414039396302));
#8090 = CARTESIAN_POINT('',(4.626868118004,40.368060759169));
#8091 = CARTESIAN_POINT('',(4.618104332398,40.316475830418));
#8092 = CARTESIAN_POINT('',(4.6097051441,40.259812907241));
#8093 = CARTESIAN_POINT('',(4.601682860789,40.198585826168));
#8094 = CARTESIAN_POINT('',(4.594046961007,40.1332948423));
#8095 = CARTESIAN_POINT('',(4.586804063811,40.064427508543));
#8096 = CARTESIAN_POINT('',(4.570527517223,39.893325923056));
#8097 = CARTESIAN_POINT('',(4.561839226164,39.788196658811));
#8098 = CARTESIAN_POINT('',(4.553882342508,39.678041757824));
#8099 = CARTESIAN_POINT('',(4.546643659363,39.563674040615));
#8100 = CARTESIAN_POINT('',(4.540108837412,39.445773788992));
#8101 = CARTESIAN_POINT('',(4.534263799618,39.324912138942));
#8102 = CARTESIAN_POINT('',(4.522436059322,39.042614627203));
#8103 = CARTESIAN_POINT('',(4.51689945871,38.879503023701));
#8104 = CARTESIAN_POINT('',(4.512461688737,38.713293631882));
#8105 = CARTESIAN_POINT('',(4.509103211433,38.544860489203));
#8106 = CARTESIAN_POINT('',(4.506810077059,38.374952919433));
#8107 = CARTESIAN_POINT('',(4.505574769757,38.204250157849));
#8108 = CARTESIAN_POINT('',(4.505122607061,37.76871676976));
#8109 = CARTESIAN_POINT('',(4.507387957209,37.504096408234));
#8110 = CARTESIAN_POINT('',(4.512180263975,37.24179987759));
#8111 = CARTESIAN_POINT('',(4.51954016894,36.984246173396));
#8112 = CARTESIAN_POINT('',(4.529547531729,36.734409668588));
#8113 = CARTESIAN_POINT('',(4.542307362612,36.496319986622));
#8114 = CARTESIAN_POINT('',(4.572504792976,36.070267163636));
#8115 = CARTESIAN_POINT('',(4.589982118159,35.874195741106));
#8116 = CARTESIAN_POINT('',(4.610324062987,35.699459896544));
#8117 = CARTESIAN_POINT('',(4.633250249575,35.556473538524));
#8118 = CARTESIAN_POINT('',(4.658306757803,35.454169648719));
#8119 = CARTESIAN_POINT('',(4.684922438034,35.4));
#8120 = CARTESIAN_POINT('',(4.737590321611,35.4));
#8121 = CARTESIAN_POINT('',(4.762157045809,35.445603452186));
#8122 = CARTESIAN_POINT('',(4.785501026009,35.532679040721));
#8123 = CARTESIAN_POINT('',(4.807121512932,35.655610045892));
#8124 = CARTESIAN_POINT('',(4.826606727666,35.807316613319));
#8125 = CARTESIAN_POINT('',(4.843677351806,35.979264142928));
#8126 = CARTESIAN_POINT('',(4.876146098126,36.385632911512));
#8127 = CARTESIAN_POINT('',(4.890803748676,36.632138183255));
#8128 = CARTESIAN_POINT('',(4.902340878317,36.893287730729));
#8129 = CARTESIAN_POINT('',(4.910890171076,37.163959357386));
#8130 = CARTESIAN_POINT('',(4.916557045425,37.440495356356));
#8131 = CARTESIAN_POINT('',(4.919397894087,37.720034814678));
#8132 = CARTESIAN_POINT('',(4.919397894087,38.269991728378));
#8133 = CARTESIAN_POINT('',(4.916755829325,38.539628010954));
#8134 = CARTESIAN_POINT('',(4.911483652466,38.806560747429));
#8135 = CARTESIAN_POINT('',(4.903533576586,39.068210589161));
#8136 = CARTESIAN_POINT('',(4.892815349023,39.321344225387));
#8137 = CARTESIAN_POINT('',(4.87921349327,39.561511561693));
#8138 = CARTESIAN_POINT('',(4.848019622369,39.975983340274));
#8139 = CARTESIAN_POINT('',(4.83072381422,40.159883297997));
#8140 = CARTESIAN_POINT('',(4.810792467994,40.322950110226));
#8141 = CARTESIAN_POINT('',(4.788507409725,40.455726310038));
#8142 = CARTESIAN_POINT('',(4.764302469702,40.550238503757));
#8143 = CARTESIAN_POINT('',(4.738714208811,40.6));
#8144 = CARTESIAN_POINT('',(4.700961169017,40.6));
#8145 = CARTESIAN_POINT('',(4.689560592434,40.590622597052));
#8146 = CARTESIAN_POINT('',(4.678275993011,40.571948471543));
#8147 = CARTESIAN_POINT('',(4.667194785482,40.54429311087));
#8148 = CARTESIAN_POINT('',(4.656401022556,40.508202281311));
#8149 = CARTESIAN_POINT('',(4.645973127611,40.464450055615));
#8150 = CARTESIAN_POINT('',(4.635981394442,40.414039396302));
#8151 = ( GEOMETRIC_REPRESENTATION_CONTEXT(2) 
PARAMETRIC_REPRESENTATION_CONTEXT() REPRESENTATION_CONTEXT('2D SPACE',''
  ) );
#8152 = ORIENTED_EDGE('',*,*,#7932,.T.);
#8153 = ADVANCED_FACE('',(#8154),#3887,.T.);
#8154 = FACE_BOUND('',#8155,.T.);
#8155 = EDGE_LOOP('',(#8156));
#8156 = ORIENTED_EDGE('',*,*,#3872,.T.);
#8157 = ADVANCED_FACE('',(#8158),#4309,.F.);
#8158 = FACE_BOUND('',#8159,.F.);
#8159 = EDGE_LOOP('',(#8160,#8161,#8182,#8183));
#8160 = ORIENTED_EDGE('',*,*,#4454,.F.);
#8161 = ORIENTED_EDGE('',*,*,#8162,.F.);
#8162 = EDGE_CURVE('',#4032,#4455,#8163,.T.);
#8163 = SEAM_CURVE('',#8164,(#8168,#8175),.PCURVE_S1.);
#8164 = LINE('',#8165,#8166);
#8165 = CARTESIAN_POINT('',(-26.8496668831,-11.41846610868,
    -7.704694597489));
#8166 = VECTOR('',#8167,1.);
#8167 = DIRECTION('',(-0.124034734589,0.992277876714,0.));
#8168 = PCURVE('',#4309,#8169);
#8169 = DEFINITIONAL_REPRESENTATION('',(#8170),#8174);
#8170 = LINE('',#8171,#8172);
#8171 = CARTESIAN_POINT('',(6.28318530718,-0.));
#8172 = VECTOR('',#8173,1.);
#8173 = DIRECTION('',(0.,1.));
#8174 = ( GEOMETRIC_REPRESENTATION_CONTEXT(2) 
PARAMETRIC_REPRESENTATION_CONTEXT() REPRESENTATION_CONTEXT('2D SPACE',''
  ) );
#8175 = PCURVE('',#4309,#8176);
#8176 = DEFINITIONAL_REPRESENTATION('',(#8177),#8181);
#8177 = LINE('',#8178,#8179);
#8178 = CARTESIAN_POINT('',(0.,-0.));
#8179 = VECTOR('',#8180,1.);
#8180 = DIRECTION('',(0.,1.));
#8181 = ( GEOMETRIC_REPRESENTATION_CONTEXT(2) 
PARAMETRIC_REPRESENTATION_CONTEXT() REPRESENTATION_CONTEXT('2D SPACE',''
  ) );
#8182 = ORIENTED_EDGE('',*,*,#4031,.T.);
#8183 = ORIENTED_EDGE('',*,*,#8162,.T.);
#8184 = ADVANCED_FACE('',(#8185),#4912,.T.);
#8185 = FACE_BOUND('',#8186,.T.);
#8186 = EDGE_LOOP('',(#8187));
#8187 = ORIENTED_EDGE('',*,*,#4897,.T.);
#8188 = ADVANCED_FACE('',(#8189),#5131,.F.);
#8189 = FACE_BOUND('',#8190,.F.);
#8190 = EDGE_LOOP('',(#8191,#8192,#8213,#8214));
#8191 = ORIENTED_EDGE('',*,*,#4927,.F.);
#8192 = ORIENTED_EDGE('',*,*,#8193,.F.);
#8193 = EDGE_CURVE('',#5240,#4928,#8194,.T.);
#8194 = SEAM_CURVE('',#8195,(#8199,#8206),.PCURVE_S1.);
#8195 = LINE('',#8196,#8197);
#8196 = CARTESIAN_POINT('',(-8.,32.,3.));
#8197 = VECTOR('',#8198,1.);
#8198 = DIRECTION('',(1.,0.,0.));
#8199 = PCURVE('',#5131,#8200);
#8200 = DEFINITIONAL_REPRESENTATION('',(#8201),#8205);
#8201 = LINE('',#8202,#8203);
#8202 = CARTESIAN_POINT('',(6.28318530718,-0.));
#8203 = VECTOR('',#8204,1.);
#8204 = DIRECTION('',(0.,1.));
#8205 = ( GEOMETRIC_REPRESENTATION_CONTEXT(2) 
PARAMETRIC_REPRESENTATION_CONTEXT() REPRESENTATION_CONTEXT('2D SPACE',''
  ) );
#8206 = PCURVE('',#5131,#8207);
#8207 = DEFINITIONAL_REPRESENTATION('',(#8208),#8212);
#8208 = LINE('',#8209,#8210);
#8209 = CARTESIAN_POINT('',(0.,-0.));
#8210 = VECTOR('',#8211,1.);
#8211 = DIRECTION('',(0.,1.));
#8212 = ( GEOMETRIC_REPRESENTATION_CONTEXT(2) 
PARAMETRIC_REPRESENTATION_CONTEXT() REPRESENTATION_CONTEXT('2D SPACE',''
  ) );
#8213 = ORIENTED_EDGE('',*,*,#5239,.T.);
#8214 = ORIENTED_EDGE('',*,*,#8193,.T.);
#8215 = ADVANCED_FACE('',(#8216),#5586,.T.);
#8216 = FACE_BOUND('',#8217,.T.);
#8217 = EDGE_LOOP('',(#8218));
#8218 = ORIENTED_EDGE('',*,*,#5571,.T.);
#8219 = ADVANCED_FACE('',(#8220),#5835,.F.);
#8220 = FACE_BOUND('',#8221,.F.);
#8221 = EDGE_LOOP('',(#8222,#8223,#8244,#8245));
#8222 = ORIENTED_EDGE('',*,*,#5958,.F.);
#8223 = ORIENTED_EDGE('',*,*,#8224,.F.);
#8224 = EDGE_CURVE('',#5602,#5959,#8225,.T.);
#8225 = SEAM_CURVE('',#8226,(#8230,#8237),.PCURVE_S1.);
#8226 = LINE('',#8227,#8228);
#8227 = CARTESIAN_POINT('',(-24.47533293759,-11.12167436549,
    14.222222222222));
#8228 = VECTOR('',#8229,1.);
#8229 = DIRECTION('',(-0.124034734589,0.992277876714,0.));
#8230 = PCURVE('',#5835,#8231);
#8231 = DEFINITIONAL_REPRESENTATION('',(#8232),#8236);
#8232 = LINE('',#8233,#8234);
#8233 = CARTESIAN_POINT('',(6.28318530718,-0.));
#8234 = VECTOR('',#8235,1.);
#8235 = DIRECTION('',(0.,1.));
#8236 = ( GEOMETRIC_REPRESENTATION_CONTEXT(2) 
PARAMETRIC_REPRESENTATION_CONTEXT() REPRESENTATION_CONTEXT('2D SPACE',''
  ) );
#8237 = PCURVE('',#5835,#8238);
#8238 = DEFINITIONAL_REPRESENTATION('',(#8239),#8243);
#8239 = LINE('',#8240,#8241);
#8240 = CARTESIAN_POINT('',(0.,-0.));
#8241 = VECTOR('',#8242,1.);
#8242 = DIRECTION('',(0.,1.));
#8243 = ( GEOMETRIC_REPRESENTATION_CONTEXT(2) 
PARAMETRIC_REPRESENTATION_CONTEXT() REPRESENTATION_CONTEXT('2D SPACE',''
  ) );
#8244 = ORIENTED_EDGE('',*,*,#5601,.T.);
#8245 = ORIENTED_EDGE('',*,*,#8224,.T.);
#8246 = ADVANCED_FACE('',(#8247,#8301,#8304),#7651,.F.);
#8247 = FACE_BOUND('',#8248,.F.);
#8248 = EDGE_LOOP('',(#8249,#8272,#8273,#8274));
#8249 = ORIENTED_EDGE('',*,*,#8250,.T.);
#8250 = EDGE_CURVE('',#8251,#7635,#8253,.T.);
#8251 = VERTEX_POINT('',#8252);
#8252 = CARTESIAN_POINT('',(-14.71635555053,0.,-2.729721471203));
#8253 = SEAM_CURVE('',#8254,(#8258,#8265),.PCURVE_S1.);
#8254 = LINE('',#8255,#8256);
#8255 = CARTESIAN_POINT('',(-14.71635555053,0.,-2.729721471203));
#8256 = VECTOR('',#8257,1.);
#8257 = DIRECTION('',(-0.371390676354,0.,-0.928476690885));
#8258 = PCURVE('',#7651,#8259);
#8259 = DEFINITIONAL_REPRESENTATION('',(#8260),#8264);
#8260 = LINE('',#8261,#8262);
#8261 = CARTESIAN_POINT('',(6.28318530718,-0.));
#8262 = VECTOR('',#8263,1.);
#8263 = DIRECTION('',(0.,1.));
#8264 = ( GEOMETRIC_REPRESENTATION_CONTEXT(2) 
PARAMETRIC_REPRESENTATION_CONTEXT() REPRESENTATION_CONTEXT('2D SPACE',''
  ) );
#8265 = PCURVE('',#7651,#8266);
#8266 = DEFINITIONAL_REPRESENTATION('',(#8267),#8271);
#8267 = LINE('',#8268,#8269);
#8268 = CARTESIAN_POINT('',(0.,-0.));
#8269 = VECTOR('',#8270,1.);
#8270 = DIRECTION('',(0.,1.));
#8271 = ( GEOMETRIC_REPRESENTATION_CONTEXT(2) 
PARAMETRIC_REPRESENTATION_CONTEXT() REPRESENTATION_CONTEXT('2D SPACE',''
  ) );
#8272 = ORIENTED_EDGE('',*,*,#7634,.F.);
#8273 = ORIENTED_EDGE('',*,*,#8250,.F.);
#8274 = ORIENTED_EDGE('',*,*,#8275,.T.);
#8275 = EDGE_CURVE('',#8251,#8251,#8276,.T.);
#8276 = SURFACE_CURVE('',#8277,(#8282,#8289),.PCURVE_S1.);
#8277 = CIRCLE('',#8278,12.65);
#8278 = AXIS2_PLACEMENT_3D('',#8279,#8280,#8281);
#8279 = CARTESIAN_POINT('',(-2.971125410833,0.,-7.427813527082));
#8280 = DIRECTION('',(-0.371390676354,0.,-0.928476690885));
#8281 = DIRECTION('',(-0.928476690885,0.,0.371390676354));
#8282 = PCURVE('',#7651,#8283);
#8283 = DEFINITIONAL_REPRESENTATION('',(#8284),#8288);
#8284 = LINE('',#8285,#8286);
#8285 = CARTESIAN_POINT('',(0.,0.));
#8286 = VECTOR('',#8287,1.);
#8287 = DIRECTION('',(1.,0.));
#8288 = ( GEOMETRIC_REPRESENTATION_CONTEXT(2) 
PARAMETRIC_REPRESENTATION_CONTEXT() REPRESENTATION_CONTEXT('2D SPACE',''
  ) );
#8289 = PCURVE('',#8290,#8295);
#8290 = PLANE('',#8291);
#8291 = AXIS2_PLACEMENT_3D('',#8292,#8293,#8294);
#8292 = CARTESIAN_POINT('',(-2.971125410833,0.,-7.427813527082));
#8293 = DIRECTION('',(-0.371390676354,0.,-0.928476690885));
#8294 = DIRECTION('',(-0.928476690885,0.,0.371390676354));
#8295 = DEFINITIONAL_REPRESENTATION('',(#8296),#8300);
#8296 = CIRCLE('',#8297,12.65);
#8297 = AXIS2_PLACEMENT_2D('',#8298,#8299);
#8298 = CARTESIAN_POINT('',(0.,0.));
#8299 = DIRECTION('',(1.,0.));
#8300 = ( GEOMETRIC_REPRESENTATION_CONTEXT(2) 
PARAMETRIC_REPRESENTATION_CONTEXT() REPRESENTATION_CONTEXT('2D SPACE',''
  ) );
#8301 = FACE_BOUND('',#8302,.F.);
#8302 = EDGE_LOOP('',(#8303));
#8303 = ORIENTED_EDGE('',*,*,#7705,.T.);
#8304 = FACE_BOUND('',#8305,.F.);
#8305 = EDGE_LOOP('',(#8306));
#8306 = ORIENTED_EDGE('',*,*,#7955,.F.);
#8307 = ADVANCED_FACE('',(#8308),#8290,.T.);
#8308 = FACE_BOUND('',#8309,.F.);
#8309 = EDGE_LOOP('',(#8310));
#8310 = ORIENTED_EDGE('',*,*,#8275,.F.);
#8311 = ( GEOMETRIC_REPRESENTATION_CONTEXT(3) 
GLOBAL_UNCERTAINTY_ASSIGNED_CONTEXT((#8315)) 
GLOBAL_UNIT_ASSIGNED_CONTEXT((#8312,#8313,#8314)) REPRESENTATION_CONTEXT
('Context #1','3D Context with UNIT and UNCERTAINTY') );
#8312 = ( LENGTH_UNIT() NAMED_UNIT(*) SI_UNIT(.MILLI.,.METRE.) );
#8313 = ( NAMED_UNIT(*) PLANE_ANGLE_UNIT() SI_UNIT($,.RADIAN.) );
#8314 = ( NAMED_UNIT(*) SI_UNIT($,.STERADIAN.) SOLID_ANGLE_UNIT() );
#8315 = UNCERTAINTY_MEASURE_WITH_UNIT(LENGTH_MEASURE(1.E-07),#8312,
  'distance_accuracy_value','confusion accuracy');
#8316 = PRODUCT_RELATED_PRODUCT_CATEGORY('part',$,(#7));
ENDSEC;
END-ISO-10303-21;
