ISO-10303-21;
HEADER;
FILE_DESCRIPTION(('Open CASCADE Model'),'2;1');
FILE_NAME('Open CASCADE Shape Model','2026-09-09T07:51:03',('Author'),(
    'Open CASCADE'),'Open CASCADE STEP processor 7.9','Open CASCADE 7.9'
  ,'Unknown');
FILE_SCHEMA(('AUTOMOTIVE_DESIGN { 1 0 10303 214 1 1 1 1 }'));
ENDSEC;
DATA;
#1 = APPLICATION_PROTOCOL_DEFINITION('international standard',
  'automotive_design',2000,#2);
#2 = APPLICATION_CONTEXT(
  'core data for automotive mechanical design processes');
#3 = SHAPE_DEFINITION_REPRESENTATION(#4,#10);
#4 = PRODUCT_DEFINITION_SHAPE('','',#5);
#5 = PRODUCT_DEFINITION('design','',#6,#9);
#6 = PRODUCT_DEFINITION_FORMATION('','',#7);
#7 = PRODUCT('Open CASCADE STEP translator 7.9 5',
  'Open CASCADE STEP translator 7.9 5','',(#8));
#8 = PRODUCT_CONTEXT('',#2,'mechanical');
#9 = PRODUCT_DEFINITION_CONTEXT('part definition',#2,'design');
#10 = ADVANCED_BREP_SHAPE_REPRESENTATION('',(#11,#15),#4990);
#11 = AXIS2_PLACEMENT_3D('',#12,#13,#14);
#12 = CARTESIAN_POINT('',(0.,0.,0.));
#13 = DIRECTION('',(0.,0.,1.));
#14 = DIRECTION('',(1.,0.,-0.));
#15 = MANIFOLD_SOLID_BREP('',#16);
#16 = CLOSED_SHELL('',(#17,#314,#1483,#2353,#2431,#2530,#3238,#3273,
    #3322,#3349,#3355,#3563,#3771,#3806,#4020,#4234,#4263,#4267,#4294,
    #4838,#4900,#4926,#4952,#4980,#4985));
#17 = ADVANCED_FACE('',(#18),#33,.T.);
#18 = FACE_BOUND('',#19,.T.);
#19 = EDGE_LOOP('',(#20,#125,#154,#183));
#20 = ORIENTED_EDGE('',*,*,#21,.F.);
#21 = EDGE_CURVE('',#22,#24,#26,.T.);
#22 = VERTEX_POINT('',#23);
#23 = CARTESIAN_POINT('',(20.895441629942,0.,2.092968965293));
#24 = VERTEX_POINT('',#25);
#25 = CARTESIAN_POINT('',(16.496814388378,-12.99038105676,
    -0.324214489829));
#26 = SURFACE_CURVE('',#27,(#32,#113),.PCURVE_S1.);
#27 = CIRCLE('',#28,16.5);
#28 = AXIS2_PLACEMENT_3D('',#29,#30,#31);
#29 = CARTESIAN_POINT('',(9.004363032217,-1.32417103415,-9.269197239047)
  );
#30 = DIRECTION('',(0.693156189404,-0.101934733736,-0.713543136151));
#31 = DIRECTION('',(0.717279380859,-6.938893903907E-18,0.696785684263));
#32 = PCURVE('',#33,#38);
#33 = SPHERICAL_SURFACE('',#34,21.);
#34 = AXIS2_PLACEMENT_3D('',#35,#36,#37);
#35 = CARTESIAN_POINT('',(0.,0.,0.));
#36 = DIRECTION('',(0.,0.,1.));
#37 = DIRECTION('',(1.,0.,-0.));
#38 = DEFINITIONAL_REPRESENTATION('',(#39),#112);
#39 = B_SPLINE_CURVE_WITH_KNOTS('',8,(#40,#41,#42,#43,#44,#45,#46,#47,
    #48,#49,#50,#51,#52,#53,#54,#55,#56,#57,#58,#59,#60,#61,#62,#63,#64,
    #65,#66,#67,#68,#69,#70,#71,#72,#73,#74,#75,#76,#77,#78,#79,#80,#81,
    #82,#83,#84,#85,#86,#87,#88,#89,#90,#91,#92,#93,#94,#95,#96,#97,#98,
    #99,#100,#101,#102,#103,#104,#105,#106,#107,#108,#109,#110,#111),
  .UNSPECIFIED.,.F.,.F.,(9,7,7,7,7,7,7,7,7,7,9),(6.202424536283,
    7.008012892404,7.612204159496,8.065347609814,8.405205197553,
    8.660098388357,8.85126828146,9.138023121115,9.281400540942,
    9.353089250856,9.424777960769),.UNSPECIFIED.);
#40 = CARTESIAN_POINT('',(6.28318530718,9.98309289517E-02));
#41 = CARTESIAN_POINT('',(6.204341129659,0.110095608274));
#42 = CARTESIAN_POINT('',(6.124577231443,0.114070767235));
#43 = CARTESIAN_POINT('',(6.044522295786,0.111573791407));
#44 = CARTESIAN_POINT('',(5.964899678103,0.102569813695));
#45 = CARTESIAN_POINT('',(5.886444527187,8.720788038244E-02));
#46 = CARTESIAN_POINT('',(5.809730071916,6.580462290756E-02));
#47 = CARTESIAN_POINT('',(5.735137786601,3.876649998742E-02));
#48 = CARTESIAN_POINT('',(5.608676583492,-1.762107732488E-02));
#49 = CARTESIAN_POINT('',(5.555788820618,-4.4702823931E-02));
#50 = CARTESIAN_POINT('',(5.504298119199,-7.450988202892E-02));
#51 = CARTESIAN_POINT('',(5.454235840544,-0.106837862537));
#52 = CARTESIAN_POINT('',(5.405582052955,-0.141480854756));
#53 = CARTESIAN_POINT('',(5.358276452396,-0.178239636489));
#54 = CARTESIAN_POINT('',(5.312228677438,-0.216926025476));
#55 = CARTESIAN_POINT('',(5.233640248258,-0.287692201325));
#56 = CARTESIAN_POINT('',(5.200600782125,-0.319005745459));
#57 = CARTESIAN_POINT('',(5.168153084356,-0.351230147452));
#58 = CARTESIAN_POINT('',(5.136238770121,-0.384294965398));
#59 = CARTESIAN_POINT('',(5.104791974289,-0.41813386546));
#60 = CARTESIAN_POINT('',(5.073738998725,-0.452684541119));
#61 = CARTESIAN_POINT('',(5.04299622322,-0.487888326889));
#62 = CARTESIAN_POINT('',(4.989568822666,-0.550540391237));
#63 = CARTESIAN_POINT('',(4.966791040151,-0.577727309543));
#64 = CARTESIAN_POINT('',(4.944091920383,-0.605226767837));
#65 = CARTESIAN_POINT('',(4.92142562828,-0.633016192897));
#66 = CARTESIAN_POINT('',(4.898740980043,-0.661073811619));
#67 = CARTESIAN_POINT('',(4.875979506621,-0.689378435264));
#68 = CARTESIAN_POINT('',(4.853072106357,-0.717909148213));
#69 = CARTESIAN_POINT('',(4.812580922215,-0.768196715999));
#70 = CARTESIAN_POINT('',(4.79509790304,-0.789863862874));
#71 = CARTESIAN_POINT('',(4.77744963465,-0.811637465722));
#72 = CARTESIAN_POINT('',(4.759595181618,-0.833508574172));
#73 = CARTESIAN_POINT('',(4.741487469865,-0.855468091517));
#74 = CARTESIAN_POINT('',(4.723071137242,-0.877506610606));
#75 = CARTESIAN_POINT('',(4.704279032624,-0.899614157722));
#76 = CARTESIAN_POINT('',(4.67058861165,-0.938404109511));
#77 = CARTESIAN_POINT('',(4.655891317661,-0.955061075386));
#78 = CARTESIAN_POINT('',(4.64090016269,-0.971746151188));
#79 = CARTESIAN_POINT('',(4.62557416784,-0.988454427586));
#80 = CARTESIAN_POINT('',(4.609865781609,-1.005180613012));
#81 = CARTESIAN_POINT('',(4.593718801289,-1.021918885574));
#82 = CARTESIAN_POINT('',(4.577065128324,-1.038662660654));
#83 = CARTESIAN_POINT('',(4.533953201537,-1.080516694575));
#84 = CARTESIAN_POINT('',(4.506755993374,-1.105624241102));
#85 = CARTESIAN_POINT('',(4.47794373344,-1.130701073576));
#86 = CARTESIAN_POINT('',(4.447145724618,-1.155715467061));
#87 = CARTESIAN_POINT('',(4.41387218389,-1.180628094929));
#88 = CARTESIAN_POINT('',(4.377432271063,-1.205384420906));
#89 = CARTESIAN_POINT('',(4.336838488093,-1.229910298609));
#90 = CARTESIAN_POINT('',(4.267154636858,-1.266154130048));
#91 = CARTESIAN_POINT('',(4.242461090933,-1.278144574906));
#92 = CARTESIAN_POINT('',(4.21608877612,-1.29002756448));
#93 = CARTESIAN_POINT('',(4.187777986874,-1.301782797288));
#94 = CARTESIAN_POINT('',(4.157212949787,-1.313384953091));
#95 = CARTESIAN_POINT('',(4.123998998849,-1.324801863094));
#96 = CARTESIAN_POINT('',(4.087636876671,-1.335991240966));
#97 = CARTESIAN_POINT('',(4.027438426679,-1.352346917027));
#98 = CARTESIAN_POINT('',(4.006429788702,-1.35772741162));
#99 = CARTESIAN_POINT('',(3.984400812588,-1.363029246268));
#100 = CARTESIAN_POINT('',(3.961266590685,-1.368244185346));
#101 = CARTESIAN_POINT('',(3.936933992708,-1.373362823265));
#102 = CARTESIAN_POINT('',(3.911302130073,-1.378374378571));
#103 = CARTESIAN_POINT('',(3.8842644497,-1.383266478988));
#104 = CARTESIAN_POINT('',(3.827160464854,-1.392783395817));
#105 = CARTESIAN_POINT('',(3.797094217451,-1.397408220841));
#106 = CARTESIAN_POINT('',(3.765405326766,-1.401885197625));
#107 = CARTESIAN_POINT('',(3.731984384612,-1.40619841101));
#108 = CARTESIAN_POINT('',(3.696725042041,-1.410329891444));
#109 = CARTESIAN_POINT('',(3.65953345404,-1.414259578115));
#110 = CARTESIAN_POINT('',(3.620343089792,-1.417965599295));
#111 = CARTESIAN_POINT('',(3.579134908525,-1.421424869906));
#112 = ( GEOMETRIC_REPRESENTATION_CONTEXT(2) 
PARAMETRIC_REPRESENTATION_CONTEXT() REPRESENTATION_CONTEXT('2D SPACE',''
  ) );
#113 = PCURVE('',#114,#119);
#114 = CYLINDRICAL_SURFACE('',#115,16.5);
#115 = AXIS2_PLACEMENT_3D('',#116,#117,#118);
#116 = CARTESIAN_POINT('',(0.,0.,0.));
#117 = DIRECTION('',(0.693156189404,-0.101934733736,-0.713543136151));
#118 = DIRECTION('',(-0.717279380859,6.938893903907E-18,-0.696785684263)
  );
#119 = DEFINITIONAL_REPRESENTATION('',(#120),#124);
#120 = LINE('',#121,#122);
#121 = CARTESIAN_POINT('',(-3.14159265359,12.990381056767));
#122 = VECTOR('',#123,1.);
#123 = DIRECTION('',(1.,0.));
#124 = ( GEOMETRIC_REPRESENTATION_CONTEXT(2) 
PARAMETRIC_REPRESENTATION_CONTEXT() REPRESENTATION_CONTEXT('2D SPACE',''
  ) );
#125 = ORIENTED_EDGE('',*,*,#126,.T.);
#126 = EDGE_CURVE('',#22,#127,#129,.T.);
#127 = VERTEX_POINT('',#128);
#128 = CARTESIAN_POINT('',(14.,0.,15.652475842498));
#129 = SURFACE_CURVE('',#130,(#135,#142),.PCURVE_S1.);
#130 = CIRCLE('',#131,21.);
#131 = AXIS2_PLACEMENT_3D('',#132,#133,#134);
#132 = CARTESIAN_POINT('',(0.,0.,0.));
#133 = DIRECTION('',(-2.449293598295E-16,-1.,0.));
#134 = DIRECTION('',(1.,-2.449293598295E-16,0.));
#135 = PCURVE('',#33,#136);
#136 = DEFINITIONAL_REPRESENTATION('',(#137),#141);
#137 = LINE('',#138,#139);
#138 = CARTESIAN_POINT('',(6.28318530718,-6.28318530718));
#139 = VECTOR('',#140,1.);
#140 = DIRECTION('',(0.,1.));
#141 = ( GEOMETRIC_REPRESENTATION_CONTEXT(2) 
PARAMETRIC_REPRESENTATION_CONTEXT() REPRESENTATION_CONTEXT('2D SPACE',''
  ) );
#142 = PCURVE('',#143,#148);
#143 = SPHERICAL_SURFACE('',#144,21.);
#144 = AXIS2_PLACEMENT_3D('',#145,#146,#147);
#145 = CARTESIAN_POINT('',(0.,0.,0.));
#146 = DIRECTION('',(0.,0.,1.));
#147 = DIRECTION('',(1.,0.,-0.));
#148 = DEFINITIONAL_REPRESENTATION('',(#149),#153);
#149 = LINE('',#150,#151);
#150 = CARTESIAN_POINT('',(0.,-6.28318530718));
#151 = VECTOR('',#152,1.);
#152 = DIRECTION('',(0.,1.));
#153 = ( GEOMETRIC_REPRESENTATION_CONTEXT(2) 
PARAMETRIC_REPRESENTATION_CONTEXT() REPRESENTATION_CONTEXT('2D SPACE',''
  ) );
#154 = ORIENTED_EDGE('',*,*,#155,.F.);
#155 = EDGE_CURVE('',#156,#127,#158,.T.);
#156 = VERTEX_POINT('',#157);
#157 = CARTESIAN_POINT('',(5.220153254455,-12.99038105676,
    15.652475842499));
#158 = SURFACE_CURVE('',#159,(#164,#171),.PCURVE_S1.);
#159 = CIRCLE('',#160,14.);
#160 = AXIS2_PLACEMENT_3D('',#161,#162,#163);
#161 = CARTESIAN_POINT('',(0.,0.,15.652475842499));
#162 = DIRECTION('',(0.,0.,1.));
#163 = DIRECTION('',(0.,-1.,0.));
#164 = PCURVE('',#33,#165);
#165 = DEFINITIONAL_REPRESENTATION('',(#166),#170);
#166 = LINE('',#167,#168);
#167 = CARTESIAN_POINT('',(-1.570796326795,0.841068670568));
#168 = VECTOR('',#169,1.);
#169 = DIRECTION('',(1.,0.));
#170 = ( GEOMETRIC_REPRESENTATION_CONTEXT(2) 
PARAMETRIC_REPRESENTATION_CONTEXT() REPRESENTATION_CONTEXT('2D SPACE',''
  ) );
#171 = PCURVE('',#172,#177);
#172 = CYLINDRICAL_SURFACE('',#173,14.);
#173 = AXIS2_PLACEMENT_3D('',#174,#175,#176);
#174 = CARTESIAN_POINT('',(0.,0.,0.));
#175 = DIRECTION('',(0.,0.,1.));
#176 = DIRECTION('',(1.,0.,-0.));
#177 = DEFINITIONAL_REPRESENTATION('',(#178),#182);
#178 = LINE('',#179,#180);
#179 = CARTESIAN_POINT('',(-1.570796326795,15.652475842499));
#180 = VECTOR('',#181,1.);
#181 = DIRECTION('',(1.,0.));
#182 = ( GEOMETRIC_REPRESENTATION_CONTEXT(2) 
PARAMETRIC_REPRESENTATION_CONTEXT() REPRESENTATION_CONTEXT('2D SPACE',''
  ) );
#183 = ORIENTED_EDGE('',*,*,#184,.F.);
#184 = EDGE_CURVE('',#24,#156,#185,.T.);
#185 = SURFACE_CURVE('',#186,(#191,#302),.PCURVE_S1.);
#186 = CIRCLE('',#187,16.5);
#187 = AXIS2_PLACEMENT_3D('',#188,#189,#190);
#188 = CARTESIAN_POINT('',(0.,-12.99038105676,0.));
#189 = DIRECTION('',(0.,-1.,0.));
#190 = DIRECTION('',(0.,-0.,-1.));
#191 = PCURVE('',#33,#192);
#192 = DEFINITIONAL_REPRESENTATION('',(#193),#301);
#193 = B_SPLINE_CURVE_WITH_KNOTS('',8,(#194,#195,#196,#197,#198,#199,
    #200,#201,#202,#203,#204,#205,#206,#207,#208,#209,#210,#211,#212,
    #213,#214,#215,#216,#217,#218,#219,#220,#221,#222,#223,#224,#225,
    #226,#227,#228,#229,#230,#231,#232,#233,#234,#235,#236,#237,#238,
    #239,#240,#241,#242,#243,#244,#245,#246,#247,#248,#249,#250,#251,
    #252,#253,#254,#255,#256,#257,#258,#259,#260,#261,#262,#263,#264,
    #265,#266,#267,#268,#269,#270,#271,#272,#273,#274,#275,#276,#277,
    #278,#279,#280,#281,#282,#283,#284,#285,#286,#287,#288,#289,#290,
    #291,#292,#293,#294,#295,#296,#297,#298,#299,#300),.UNSPECIFIED.,.T.
  ,.F.,(9,7,7,7,7,7,7,7,7,7,7,7,7,7,7,9),(0.,0.392699081699,
    0.760854470791,1.106000148066,1.753148292955,2.319402919733,
    2.567139318948,2.799392193213,3.234866332459,3.615906204299,
    3.949316092159,4.532783395914,4.97038387373,5.626784590455,
    5.954984948817,6.28318530718),.UNSPECIFIED.);
#194 = CARTESIAN_POINT('',(4.712388980385,-0.903849982291));
#195 = CARTESIAN_POINT('',(4.77473833353,-0.903849982291));
#196 = CARTESIAN_POINT('',(4.837087622723,-0.900352170511));
#197 = CARTESIAN_POINT('',(4.898469778142,-0.893356744434));
#198 = CARTESIAN_POINT('',(4.957915152041,-0.882967825699));
#199 = CARTESIAN_POINT('',(5.014629340167,-0.869398058423));
#200 = CARTESIAN_POINT('',(5.068149435218,-0.852917456271));
#201 = CARTESIAN_POINT('',(5.118238706691,-0.833809080357));
#202 = CARTESIAN_POINT('',(5.208515612109,-0.792231697264));
#203 = CARTESIAN_POINT('',(5.249126448424,-0.770047354398));
#204 = CARTESIAN_POINT('',(5.286611855287,-0.746024776263));
#205 = CARTESIAN_POINT('',(5.321050740176,-0.72038662057));
#206 = CARTESIAN_POINT('',(5.352595675389,-0.693334287255));
#207 = CARTESIAN_POINT('',(5.381428694967,-0.665044514791));
#208 = CARTESIAN_POINT('',(5.407734207365,-0.635672010577));
#209 = CARTESIAN_POINT('',(5.454150895869,-0.576926324947));
#210 = CARTESIAN_POINT('',(5.474546399253,-0.547667925249));
#211 = CARTESIAN_POINT('',(5.493024908733,-0.517687645967));
#212 = CARTESIAN_POINT('',(5.509728080084,-0.487081437413));
#213 = CARTESIAN_POINT('',(5.524783977459,-0.455932206518));
#214 = CARTESIAN_POINT('',(5.538305095209,-0.424312243238));
#215 = CARTESIAN_POINT('',(5.55038914291,-0.392285455117));
#216 = CARTESIAN_POINT('',(5.581238282115,-0.299203107656));
#217 = CARTESIAN_POINT('',(5.596597375501,-0.237267889071));
#218 = CARTESIAN_POINT('',(5.60774559281,-0.1744800931));
#219 = CARTESIAN_POINT('',(5.615051472862,-0.111133388129));
#220 = CARTESIAN_POINT('',(5.618727863315,-4.74788795993E-02));
#221 = CARTESIAN_POINT('',(5.618852607071,1.625053441894E-02));
#222 = CARTESIAN_POINT('',(5.615374924112,7.982070423547E-02));
#223 = CARTESIAN_POINT('',(5.601729383099,0.198226359831));
#224 = CARTESIAN_POINT('',(5.592452201239,0.253160402622));
#225 = CARTESIAN_POINT('',(5.580133557723,0.307597465295));
#226 = CARTESIAN_POINT('',(5.564556952311,0.361346839818));
#227 = CARTESIAN_POINT('',(5.545411309391,0.414188114685));
#228 = CARTESIAN_POINT('',(5.522285307584,0.465856991198));
#229 = CARTESIAN_POINT('',(5.49463507924,0.516018274753));
#230 = CARTESIAN_POINT('',(5.44749494985,0.585333517661));
#231 = CARTESIAN_POINT('',(5.432163588255,0.606057760513));
#232 = CARTESIAN_POINT('',(5.415795995582,0.626373902745));
#233 = CARTESIAN_POINT('',(5.398337801018,0.646241999107));
#234 = CARTESIAN_POINT('',(5.379732721112,0.665617985283));
#235 = CARTESIAN_POINT('',(5.35992447051,0.684453323558));
#236 = CARTESIAN_POINT('',(5.338859990619,0.702694867956));
#237 = CARTESIAN_POINT('',(5.295525876485,0.736775649672));
#238 = CARTESIAN_POINT('',(5.273413830085,0.752693786839));
#239 = CARTESIAN_POINT('',(5.250120736604,0.767991841925));
#240 = CARTESIAN_POINT('',(5.225615266504,0.782618958444));
#241 = CARTESIAN_POINT('',(5.199876027299,0.796520985178));
#242 = CARTESIAN_POINT('',(5.172896215006,0.809641160853));
#243 = CARTESIAN_POINT('',(5.144688770899,0.821921440163));
#244 = CARTESIAN_POINT('',(5.060173179819,0.854647625487));
#245 = CARTESIAN_POINT('',(5.000873126944,0.872836446144));
#246 = CARTESIAN_POINT('',(4.937643120666,0.887492378841));
#247 = CARTESIAN_POINT('',(4.871043798445,0.898248950616));
#248 = CARTESIAN_POINT('',(4.802033603093,0.904787621028));
#249 = CARTESIAN_POINT('',(4.732056236145,0.906943806905));
#250 = CARTESIAN_POINT('',(4.662524628019,0.904743031024));
#251 = CARTESIAN_POINT('',(4.535230655537,0.892752264877));
#252 = CARTESIAN_POINT('',(4.477083564333,0.883945358827));
#253 = CARTESIAN_POINT('',(4.420992998841,0.872036613416));
#254 = CARTESIAN_POINT('',(4.367631059096,0.857217278376));
#255 = CARTESIAN_POINT('',(4.317416747777,0.839740115563));
#256 = CARTESIAN_POINT('',(4.270524631114,0.819870499821));
#257 = CARTESIAN_POINT('',(4.22698144917,0.797865907301));
#258 = CARTESIAN_POINT('',(4.151479336947,0.753052290403));
#259 = CARTESIAN_POINT('',(4.118752764991,0.730687638387));
#260 = CARTESIAN_POINT('',(4.088485152887,0.7070314807));
#261 = CARTESIAN_POINT('',(4.060569936262,0.682233043573));
#262 = CARTESIAN_POINT('',(4.034874389118,0.656425694502));
#263 = CARTESIAN_POINT('',(4.011259025328,0.629726859113));
#264 = CARTESIAN_POINT('',(3.989587883901,0.602240103714));
#265 = CARTESIAN_POINT('',(3.934986391779,0.52473566792));
#266 = CARTESIAN_POINT('',(3.905801714406,0.473281097864));
#267 = CARTESIAN_POINT('',(3.881492034299,0.42018220639));
#268 = CARTESIAN_POINT('',(3.861447546595,0.365813267688));
#269 = CARTESIAN_POINT('',(3.845211539658,0.310466275149));
#270 = CARTESIAN_POINT('',(3.832439821196,0.254383380705));
#271 = CARTESIAN_POINT('',(3.822895274557,0.197772992503));
#272 = CARTESIAN_POINT('',(3.811590659329,9.811611973087E-02));
#273 = CARTESIAN_POINT('',(3.808481016873,5.521682268731E-02));
#274 = CARTESIAN_POINT('',(3.807046582007,1.22088249957E-02));
#275 = CARTESIAN_POINT('',(3.807257676651,-3.08326927924E-02));
#276 = CARTESIAN_POINT('',(3.809112961929,-7.383472358927E-02));
#277 = CARTESIAN_POINT('',(3.812639068697,-0.116723150843));
#278 = CARTESIAN_POINT('',(3.81789182634,-0.159419336728));
#279 = CARTESIAN_POINT('',(3.83555998516,-0.265462448565));
#280 = CARTESIAN_POINT('',(3.850243435077,-0.328460696929));
#281 = CARTESIAN_POINT('',(3.86930651158,-0.390538076074));
#282 = CARTESIAN_POINT('',(3.893204419797,-0.451361037674));
#283 = CARTESIAN_POINT('',(3.922584485093,-0.510518386797));
#284 = CARTESIAN_POINT('',(3.958279719568,-0.567496656618));
#285 = CARTESIAN_POINT('',(4.001414598195,-0.62158642505));
#286 = CARTESIAN_POINT('',(4.078773931082,-0.69698765867));
#287 = CARTESIAN_POINT('',(4.106669812638,-0.721165848456));
#288 = CARTESIAN_POINT('',(4.13680020591,-0.744271800776));
#289 = CARTESIAN_POINT('',(4.169280889093,-0.766175022544));
#290 = CARTESIAN_POINT('',(4.204208708847,-0.786730548262));
#291 = CARTESIAN_POINT('',(4.241635651298,-0.805780043164));
#292 = CARTESIAN_POINT('',(4.281536830377,-0.823157427633));
#293 = CARTESIAN_POINT('',(4.366028378851,-0.854246130327));
#294 = CARTESIAN_POINT('',(4.410618793805,-0.867957447703));
#295 = CARTESIAN_POINT('',(4.457424721417,-0.879674726558));
#296 = CARTESIAN_POINT('',(4.506213227458,-0.889242148595));
#297 = CARTESIAN_POINT('',(4.556627388629,-0.896520530627));
#298 = CARTESIAN_POINT('',(4.608171376199,-0.901406815843));
#299 = CARTESIAN_POINT('',(4.660280174941,-0.903849982291));
#300 = CARTESIAN_POINT('',(4.712388980385,-0.903849982291));
#301 = ( GEOMETRIC_REPRESENTATION_CONTEXT(2) 
PARAMETRIC_REPRESENTATION_CONTEXT() REPRESENTATION_CONTEXT('2D SPACE',''
  ) );
#302 = PCURVE('',#303,#308);
#303 = CYLINDRICAL_SURFACE('',#304,16.5);
#304 = AXIS2_PLACEMENT_3D('',#305,#306,#307);
#305 = CARTESIAN_POINT('',(0.,0.,0.));
#306 = DIRECTION('',(0.,-1.,0.));
#307 = DIRECTION('',(0.,-0.,-1.));
#308 = DEFINITIONAL_REPRESENTATION('',(#309),#313);
#309 = LINE('',#310,#311);
#310 = CARTESIAN_POINT('',(0.,12.990381056767));
#311 = VECTOR('',#312,1.);
#312 = DIRECTION('',(1.,0.));
#313 = ( GEOMETRIC_REPRESENTATION_CONTEXT(2) 
PARAMETRIC_REPRESENTATION_CONTEXT() REPRESENTATION_CONTEXT('2D SPACE',''
  ) );
#314 = ADVANCED_FACE('',(#315,#840,#1105,#1294),#114,.T.);
#315 = FACE_BOUND('',#316,.T.);
#316 = EDGE_LOOP('',(#317,#368,#461,#484,#511,#512,#610,#611,#643,#675)
  );
#317 = ORIENTED_EDGE('',*,*,#318,.F.);
#318 = EDGE_CURVE('',#319,#321,#323,.T.);
#319 = VERTEX_POINT('',#320);
#320 = CARTESIAN_POINT('',(-1.513500522949,-10.37901941033,
    -18.19300063889));
#321 = VERTEX_POINT('',#322);
#322 = CARTESIAN_POINT('',(0.302792768527,-11.24200272934,
    -19.42407546123));
#323 = SURFACE_CURVE('',#324,(#335,#349),.PCURVE_S1.);
#324 = B_SPLINE_CURVE_WITH_KNOTS('',5,(#325,#326,#327,#328,#329,#330,
    #331,#332,#333,#334),.UNSPECIFIED.,.F.,.F.,(6,4,6),(0.,
    0.287682886965,1.),.UNSPECIFIED.);
#325 = CARTESIAN_POINT('',(-1.513500983778,-10.37901923836,
    -18.19300027025));
#326 = CARTESIAN_POINT('',(-1.412809119694,-10.41659803074,
    -18.27354810306));
#327 = CARTESIAN_POINT('',(-1.311572063432,-10.45598736385,
    -18.35278206021));
#328 = CARTESIAN_POINT('',(-1.209795624527,-10.49715706094,
    -18.43068886251));
#329 = CARTESIAN_POINT('',(-1.1074813797,-10.54008219102,-18.50724963152
    ));
#330 = CARTESIAN_POINT('',(-0.749953311451,-10.69532562004,
    -18.76861470214));
#331 = CARTESIAN_POINT('',(-0.492072381905,-10.8165040356,
    -18.94630965156));
#332 = CARTESIAN_POINT('',(-0.23079122898,-10.9480300941,-19.11527853317
    ));
#333 = CARTESIAN_POINT('',(3.413728712229E-02,-11.08986705749,
    -19.27492284177));
#334 = CARTESIAN_POINT('',(0.302792768527,-11.24200272934,
    -19.42407546123));
#335 = PCURVE('',#114,#336);
#336 = DEFINITIONAL_REPRESENTATION('',(#337),#348);
#337 = B_SPLINE_CURVE_WITH_KNOTS('',5,(#338,#339,#340,#341,#342,#343,
    #344,#345,#346,#347),.UNSPECIFIED.,.F.,.F.,(6,4,6),(0.,
    0.287682886965,1.),.UNSPECIFIED.);
#338 = CARTESIAN_POINT('',(5.698841496997,12.990380456765));
#339 = CARTESIAN_POINT('',(5.697072747355,13.121480583008));
#340 = CARTESIAN_POINT('',(5.695166370302,13.252205662613));
#341 = CARTESIAN_POINT('',(5.693123633592,13.382539117324));
#342 = CARTESIAN_POINT('',(5.690945288688,13.51246384232));
#343 = CARTESIAN_POINT('',(5.682902690267,13.962606585484));
#344 = CARTESIAN_POINT('',(5.676346229624,14.280503648941));
#345 = CARTESIAN_POINT('',(5.668963431702,14.595585956715));
#346 = CARTESIAN_POINT('',(5.660733670412,14.907594011128));
#347 = CARTESIAN_POINT('',(5.651620956565,15.215748957938));
#348 = ( GEOMETRIC_REPRESENTATION_CONTEXT(2) 
PARAMETRIC_REPRESENTATION_CONTEXT() REPRESENTATION_CONTEXT('2D SPACE',''
  ) );
#349 = PCURVE('',#350,#355);
#350 = CYLINDRICAL_SURFACE('',#351,6.);
#351 = AXIS2_PLACEMENT_3D('',#352,#353,#354);
#352 = CARTESIAN_POINT('',(0.,0.,0.));
#353 = DIRECTION('',(1.400005600034E-02,-0.714002856017,-0.700002800017)
  );
#354 = DIRECTION('',(0.,0.700071410926,-0.714072839145));
#355 = DEFINITIONAL_REPRESENTATION('',(#356),#367);
#356 = B_SPLINE_CURVE_WITH_KNOTS('',5,(#357,#358,#359,#360,#361,#362,
    #363,#364,#365,#366),.UNSPECIFIED.,.F.,.F.,(6,4,6),(0.,
    0.287682886965,1.),.UNSPECIFIED.);
#357 = CARTESIAN_POINT('',(5.979292283626,20.124611410199));
#358 = CARTESIAN_POINT('',(5.996674921511,20.209236175523));
#359 = CARTESIAN_POINT('',(6.014033435668,20.294241588181));
#360 = CARTESIAN_POINT('',(6.031378419681,20.379596725077));
#361 = CARTESIAN_POINT('',(6.048720760093,20.465270548387));
#362 = CARTESIAN_POINT('',(6.109033267699,20.764076494321));
#363 = CARTESIAN_POINT('',(6.152029448407,20.978595538719));
#364 = CARTESIAN_POINT('',(6.195257562178,21.194442161146));
#365 = CARTESIAN_POINT('',(6.238910908574,21.411174635181));
#366 = CARTESIAN_POINT('',(6.28318530718,21.627968382421));
#367 = ( GEOMETRIC_REPRESENTATION_CONTEXT(2) 
PARAMETRIC_REPRESENTATION_CONTEXT() REPRESENTATION_CONTEXT('2D SPACE',''
  ) );
#368 = ORIENTED_EDGE('',*,*,#369,.T.);
#369 = EDGE_CURVE('',#319,#370,#372,.T.);
#370 = VERTEX_POINT('',#371);
#371 = CARTESIAN_POINT('',(-2.83074675196,-1.32417103415,-20.76616102939
    ));
#372 = SURFACE_CURVE('',#373,(#378,#385),.PCURVE_S1.);
#373 = CIRCLE('',#374,16.5);
#374 = AXIS2_PLACEMENT_3D('',#375,#376,#377);
#375 = CARTESIAN_POINT('',(9.004363032217,-1.32417103415,-9.269197239047
    ));
#376 = DIRECTION('',(0.693156189404,-0.101934733736,-0.713543136151));
#377 = DIRECTION('',(0.717279380859,-6.938893903907E-18,0.696785684263)
  );
#378 = PCURVE('',#114,#379);
#379 = DEFINITIONAL_REPRESENTATION('',(#380),#384);
#380 = LINE('',#381,#382);
#381 = CARTESIAN_POINT('',(-3.14159265359,12.990381056767));
#382 = VECTOR('',#383,1.);
#383 = DIRECTION('',(1.,0.));
#384 = ( GEOMETRIC_REPRESENTATION_CONTEXT(2) 
PARAMETRIC_REPRESENTATION_CONTEXT() REPRESENTATION_CONTEXT('2D SPACE',''
  ) );
#385 = PCURVE('',#143,#386);
#386 = DEFINITIONAL_REPRESENTATION('',(#387),#460);
#387 = B_SPLINE_CURVE_WITH_KNOTS('',8,(#388,#389,#390,#391,#392,#393,
    #394,#395,#396,#397,#398,#399,#400,#401,#402,#403,#404,#405,#406,
    #407,#408,#409,#410,#411,#412,#413,#414,#415,#416,#417,#418,#419,
    #420,#421,#422,#423,#424,#425,#426,#427,#428,#429,#430,#431,#432,
    #433,#434,#435,#436,#437,#438,#439,#440,#441,#442,#443,#444,#445,
    #446,#447,#448,#449,#450,#451,#452,#453,#454,#455,#456,#457,#458,
    #459),.UNSPECIFIED.,.F.,.F.,(9,7,7,7,7,7,7,7,7,7,9),(6.202424536283,
    7.008012892404,7.612204159496,8.065347609814,8.405205197553,
    8.660098388357,8.85126828146,9.138023121115,9.281400540942,
    9.353089250856,9.424777960769),.UNSPECIFIED.);
#388 = CARTESIAN_POINT('',(6.28318530718,9.98309289517E-02));
#389 = CARTESIAN_POINT('',(6.204341129659,0.110095608274));
#390 = CARTESIAN_POINT('',(6.124577231443,0.114070767235));
#391 = CARTESIAN_POINT('',(6.044522295786,0.111573791407));
#392 = CARTESIAN_POINT('',(5.964899678103,0.102569813695));
#393 = CARTESIAN_POINT('',(5.886444527187,8.720788038244E-02));
#394 = CARTESIAN_POINT('',(5.809730071916,6.580462290756E-02));
#395 = CARTESIAN_POINT('',(5.735137786601,3.876649998742E-02));
#396 = CARTESIAN_POINT('',(5.608676583492,-1.762107732488E-02));
#397 = CARTESIAN_POINT('',(5.555788820618,-4.4702823931E-02));
#398 = CARTESIAN_POINT('',(5.504298119199,-7.450988202892E-02));
#399 = CARTESIAN_POINT('',(5.454235840544,-0.106837862537));
#400 = CARTESIAN_POINT('',(5.405582052955,-0.141480854756));
#401 = CARTESIAN_POINT('',(5.358276452396,-0.178239636489));
#402 = CARTESIAN_POINT('',(5.312228677438,-0.216926025476));
#403 = CARTESIAN_POINT('',(5.233640248258,-0.287692201325));
#404 = CARTESIAN_POINT('',(5.200600782125,-0.319005745459));
#405 = CARTESIAN_POINT('',(5.168153084356,-0.351230147452));
#406 = CARTESIAN_POINT('',(5.136238770121,-0.384294965398));
#407 = CARTESIAN_POINT('',(5.104791974289,-0.41813386546));
#408 = CARTESIAN_POINT('',(5.073738998725,-0.452684541119));
#409 = CARTESIAN_POINT('',(5.04299622322,-0.487888326889));
#410 = CARTESIAN_POINT('',(4.989568822666,-0.550540391237));
#411 = CARTESIAN_POINT('',(4.966791040151,-0.577727309543));
#412 = CARTESIAN_POINT('',(4.944091920383,-0.605226767837));
#413 = CARTESIAN_POINT('',(4.92142562828,-0.633016192897));
#414 = CARTESIAN_POINT('',(4.898740980043,-0.661073811619));
#415 = CARTESIAN_POINT('',(4.875979506621,-0.689378435264));
#416 = CARTESIAN_POINT('',(4.853072106357,-0.717909148213));
#417 = CARTESIAN_POINT('',(4.812580922215,-0.768196715999));
#418 = CARTESIAN_POINT('',(4.79509790304,-0.789863862874));
#419 = CARTESIAN_POINT('',(4.77744963465,-0.811637465722));
#420 = CARTESIAN_POINT('',(4.759595181618,-0.833508574172));
#421 = CARTESIAN_POINT('',(4.741487469865,-0.855468091517));
#422 = CARTESIAN_POINT('',(4.723071137242,-0.877506610606));
#423 = CARTESIAN_POINT('',(4.704279032624,-0.899614157722));
#424 = CARTESIAN_POINT('',(4.67058861165,-0.938404109511));
#425 = CARTESIAN_POINT('',(4.655891317661,-0.955061075386));
#426 = CARTESIAN_POINT('',(4.64090016269,-0.971746151188));
#427 = CARTESIAN_POINT('',(4.62557416784,-0.988454427586));
#428 = CARTESIAN_POINT('',(4.609865781609,-1.005180613012));
#429 = CARTESIAN_POINT('',(4.593718801289,-1.021918885574));
#430 = CARTESIAN_POINT('',(4.577065128324,-1.038662660654));
#431 = CARTESIAN_POINT('',(4.533953201537,-1.080516694575));
#432 = CARTESIAN_POINT('',(4.506755993374,-1.105624241102));
#433 = CARTESIAN_POINT('',(4.47794373344,-1.130701073576));
#434 = CARTESIAN_POINT('',(4.447145724618,-1.155715467061));
#435 = CARTESIAN_POINT('',(4.41387218389,-1.180628094929));
#436 = CARTESIAN_POINT('',(4.377432271063,-1.205384420906));
#437 = CARTESIAN_POINT('',(4.336838488093,-1.229910298609));
#438 = CARTESIAN_POINT('',(4.267154636858,-1.266154130048));
#439 = CARTESIAN_POINT('',(4.242461090933,-1.278144574906));
#440 = CARTESIAN_POINT('',(4.21608877612,-1.29002756448));
#441 = CARTESIAN_POINT('',(4.187777986874,-1.301782797288));
#442 = CARTESIAN_POINT('',(4.157212949787,-1.313384953091));
#443 = CARTESIAN_POINT('',(4.123998998849,-1.324801863094));
#444 = CARTESIAN_POINT('',(4.087636876671,-1.335991240966));
#445 = CARTESIAN_POINT('',(4.027438426679,-1.352346917027));
#446 = CARTESIAN_POINT('',(4.006429788702,-1.35772741162));
#447 = CARTESIAN_POINT('',(3.984400812588,-1.363029246268));
#448 = CARTESIAN_POINT('',(3.961266590685,-1.368244185346));
#449 = CARTESIAN_POINT('',(3.936933992708,-1.373362823265));
#450 = CARTESIAN_POINT('',(3.911302130073,-1.378374378571));
#451 = CARTESIAN_POINT('',(3.8842644497,-1.383266478988));
#452 = CARTESIAN_POINT('',(3.827160464854,-1.392783395817));
#453 = CARTESIAN_POINT('',(3.797094217451,-1.397408220841));
#454 = CARTESIAN_POINT('',(3.765405326766,-1.401885197625));
#455 = CARTESIAN_POINT('',(3.731984384612,-1.40619841101));
#456 = CARTESIAN_POINT('',(3.696725042041,-1.410329891444));
#457 = CARTESIAN_POINT('',(3.65953345404,-1.414259578115));
#458 = CARTESIAN_POINT('',(3.620343089792,-1.417965599295));
#459 = CARTESIAN_POINT('',(3.579134908525,-1.421424869906));
#460 = ( GEOMETRIC_REPRESENTATION_CONTEXT(2) 
PARAMETRIC_REPRESENTATION_CONTEXT() REPRESENTATION_CONTEXT('2D SPACE',''
  ) );
#461 = ORIENTED_EDGE('',*,*,#462,.T.);
#462 = EDGE_CURVE('',#370,#463,#465,.T.);
#463 = VERTEX_POINT('',#464);
#464 = CARTESIAN_POINT('',(31.140573958885,-6.319953491627,
    -55.73663823173));
#465 = SEAM_CURVE('',#466,(#470,#477),.PCURVE_S1.);
#466 = LINE('',#467,#468);
#467 = CARTESIAN_POINT('',(-11.83510978417,0.,-11.49696379034));
#468 = VECTOR('',#469,1.);
#469 = DIRECTION('',(0.693156189404,-0.101934733736,-0.713543136151));
#470 = PCURVE('',#114,#471);
#471 = DEFINITIONAL_REPRESENTATION('',(#472),#476);
#472 = LINE('',#473,#474);
#473 = CARTESIAN_POINT('',(0.,-0.));
#474 = VECTOR('',#475,1.);
#475 = DIRECTION('',(0.,1.));
#476 = ( GEOMETRIC_REPRESENTATION_CONTEXT(2) 
PARAMETRIC_REPRESENTATION_CONTEXT() REPRESENTATION_CONTEXT('2D SPACE',''
  ) );
#477 = PCURVE('',#114,#478);
#478 = DEFINITIONAL_REPRESENTATION('',(#479),#483);
#479 = LINE('',#480,#481);
#480 = CARTESIAN_POINT('',(6.28318530718,-0.));
#481 = VECTOR('',#482,1.);
#482 = DIRECTION('',(0.,1.));
#483 = ( GEOMETRIC_REPRESENTATION_CONTEXT(2) 
PARAMETRIC_REPRESENTATION_CONTEXT() REPRESENTATION_CONTEXT('2D SPACE',''
  ) );
#484 = ORIENTED_EDGE('',*,*,#485,.F.);
#485 = EDGE_CURVE('',#463,#463,#486,.T.);
#486 = SURFACE_CURVE('',#487,(#492,#499),.PCURVE_S1.);
#487 = CIRCLE('',#488,16.5);
#488 = AXIS2_PLACEMENT_3D('',#489,#490,#491);
#489 = CARTESIAN_POINT('',(42.975683743062,-6.319953491627,
    -44.23967444138));
#490 = DIRECTION('',(0.693156189404,-0.101934733736,-0.713543136151));
#491 = DIRECTION('',(-0.717279380859,-6.938893903907E-18,-0.696785684263
    ));
#492 = PCURVE('',#114,#493);
#493 = DEFINITIONAL_REPRESENTATION('',(#494),#498);
#494 = LINE('',#495,#496);
#495 = CARTESIAN_POINT('',(0.,62.));
#496 = VECTOR('',#497,1.);
#497 = DIRECTION('',(1.,0.));
#498 = ( GEOMETRIC_REPRESENTATION_CONTEXT(2) 
PARAMETRIC_REPRESENTATION_CONTEXT() REPRESENTATION_CONTEXT('2D SPACE',''
  ) );
#499 = PCURVE('',#500,#505);
#500 = PLANE('',#501);
#501 = AXIS2_PLACEMENT_3D('',#502,#503,#504);
#502 = CARTESIAN_POINT('',(42.975683743062,-6.319953491627,
    -44.23967444138));
#503 = DIRECTION('',(0.693156189404,-0.101934733736,-0.713543136151));
#504 = DIRECTION('',(-0.717279380859,6.938893903907E-18,-0.696785684263)
  );
#505 = DEFINITIONAL_REPRESENTATION('',(#506),#510);
#506 = CIRCLE('',#507,16.5);
#507 = AXIS2_PLACEMENT_2D('',#508,#509);
#508 = CARTESIAN_POINT('',(0.,0.));
#509 = DIRECTION('',(1.,-6.938893903907E-18));
#510 = ( GEOMETRIC_REPRESENTATION_CONTEXT(2) 
PARAMETRIC_REPRESENTATION_CONTEXT() REPRESENTATION_CONTEXT('2D SPACE',''
  ) );
#511 = ORIENTED_EDGE('',*,*,#462,.F.);
#512 = ORIENTED_EDGE('',*,*,#513,.T.);
#513 = EDGE_CURVE('',#370,#22,#514,.T.);
#514 = SURFACE_CURVE('',#515,(#520,#527),.PCURVE_S1.);
#515 = CIRCLE('',#516,16.5);
#516 = AXIS2_PLACEMENT_3D('',#517,#518,#519);
#517 = CARTESIAN_POINT('',(9.004363032217,-1.32417103415,-9.269197239047
    ));
#518 = DIRECTION('',(0.693156189404,-0.101934733736,-0.713543136151));
#519 = DIRECTION('',(0.717279380859,-6.938893903907E-18,0.696785684263)
  );
#520 = PCURVE('',#114,#521);
#521 = DEFINITIONAL_REPRESENTATION('',(#522),#526);
#522 = LINE('',#523,#524);
#523 = CARTESIAN_POINT('',(-3.14159265359,12.990381056767));
#524 = VECTOR('',#525,1.);
#525 = DIRECTION('',(1.,0.));
#526 = ( GEOMETRIC_REPRESENTATION_CONTEXT(2) 
PARAMETRIC_REPRESENTATION_CONTEXT() REPRESENTATION_CONTEXT('2D SPACE',''
  ) );
#527 = PCURVE('',#143,#528);
#528 = DEFINITIONAL_REPRESENTATION('',(#529),#609);
#529 = B_SPLINE_CURVE_WITH_KNOTS('',8,(#530,#531,#532,#533,#534,#535,
    #536,#537,#538,#539,#540,#541,#542,#543,#544,#545,#546,#547,#548,
    #549,#550,#551,#552,#553,#554,#555,#556,#557,#558,#559,#560,#561,
    #562,#563,#564,#565,#566,#567,#568,#569,#570,#571,#572,#573,#574,
    #575,#576,#577,#578,#579,#580,#581,#582,#583,#584,#585,#586,#587,
    #588,#589,#590,#591,#592,#593,#594,#595,#596,#597,#598,#599,#600,
    #601,#602,#603,#604,#605,#606,#607,#608),.UNSPECIFIED.,.F.,.F.,(9,7,
    7,7,7,7,7,7,7,7,7,9),(3.14159265359,3.189418151757,3.236496376515,
    3.329181631508,3.418970472282,3.505953411782,3.674482857063,
    3.990475566966,4.26696918813,4.750833025168,5.476628780726,
    6.202424536283),.UNSPECIFIED.);
#530 = CARTESIAN_POINT('',(3.579134908525,-1.421424869906));
#531 = CARTESIAN_POINT('',(3.551643804276,-1.423732643897));
#532 = CARTESIAN_POINT('',(3.523254621431,-1.425930602464));
#533 = CARTESIAN_POINT('',(3.49396181435,-1.428011904138));
#534 = CARTESIAN_POINT('',(3.463768820819,-1.429969484743));
#535 = CARTESIAN_POINT('',(3.432691237726,-1.431796168976));
#536 = CARTESIAN_POINT('',(3.400759238232,-1.433484836137));
#537 = CARTESIAN_POINT('',(3.368019230413,-1.435028640018));
#538 = CARTESIAN_POINT('',(3.301573479245,-1.437792165825));
#539 = CARTESIAN_POINT('',(3.267890798029,-1.439016572293));
#540 = CARTESIAN_POINT('',(3.233547162837,-1.440088501574));
#541 = CARTESIAN_POINT('',(3.19861879183,-1.4410024354));
#542 = CARTESIAN_POINT('',(3.16319777405,-1.441753621675));
#543 = CARTESIAN_POINT('',(3.127390179345,-1.442338302821));
#544 = CARTESIAN_POINT('',(3.091312176389,-1.442753888762));
#545 = CARTESIAN_POINT('',(2.983760249194,-1.443481784156));
#546 = CARTESIAN_POINT('',(2.911854955039,-1.443304015269));
#547 = CARTESIAN_POINT('',(2.840287518029,-1.442455787446));
#548 = CARTESIAN_POINT('',(2.770044314288,-1.440945852327));
#549 = CARTESIAN_POINT('',(2.702024869845,-1.438804781714));
#550 = CARTESIAN_POINT('',(2.636819854515,-1.436078120516));
#551 = CARTESIAN_POINT('',(2.574773750562,-1.432816544364));
#552 = CARTESIAN_POINT('',(2.459130750501,-1.425443552874));
#553 = CARTESIAN_POINT('',(2.405330436777,-1.421361876831));
#554 = CARTESIAN_POINT('',(2.354768483145,-1.41687326685));
#555 = CARTESIAN_POINT('',(2.307408315468,-1.412025059188));
#556 = CARTESIAN_POINT('',(2.263096467294,-1.40686068049));
#557 = CARTESIAN_POINT('',(2.221636298508,-1.401418288091));
#558 = CARTESIAN_POINT('',(2.182813207002,-1.395731101667));
#559 = CARTESIAN_POINT('',(2.111152546195,-1.38410902352));
#560 = CARTESIAN_POINT('',(2.078165840437,-1.37818742623));
#561 = CARTESIAN_POINT('',(2.047260142408,-1.37208913622));
#562 = CARTESIAN_POINT('',(2.018242656065,-1.365836278088));
#563 = CARTESIAN_POINT('',(1.990935222403,-1.359447495982));
#564 = CARTESIAN_POINT('',(1.965177613234,-1.352938571617));
#565 = CARTESIAN_POINT('',(1.940826121383,-1.346323000782));
#566 = CARTESIAN_POINT('',(1.873048831594,-1.326610516885));
#567 = CARTESIAN_POINT('',(1.833143541163,-1.313251813905));
#568 = CARTESIAN_POINT('',(1.797107223806,-1.29962054898));
#569 = CARTESIAN_POINT('',(1.76423271062,-1.285774266225));
#570 = CARTESIAN_POINT('',(1.733991781754,-1.27175528943));
#571 = CARTESIAN_POINT('',(1.705968292034,-1.257595964064));
#572 = CARTESIAN_POINT('',(1.679834279651,-1.24332171187));
#573 = CARTESIAN_POINT('',(1.609367959543,-1.202011637686));
#574 = CARTESIAN_POINT('',(1.569121009362,-1.174738176361));
#575 = CARTESIAN_POINT('',(1.532835245955,-1.147267348683));
#576 = CARTESIAN_POINT('',(1.499543588442,-1.119673019373));
#577 = CARTESIAN_POINT('',(1.468565504841,-1.092010604721));
#578 = CARTESIAN_POINT('',(1.439428109871,-1.064320303338));
#579 = CARTESIAN_POINT('',(1.411771844627,-1.036635345693));
#580 = CARTESIAN_POINT('',(1.362178291033,-0.984787914555));
#581 = CARTESIAN_POINT('',(1.339958201409,-0.960617715295));
#582 = CARTESIAN_POINT('',(1.318477357029,-0.93649134938));
#583 = CARTESIAN_POINT('',(1.297599176526,-0.91242435414));
#584 = CARTESIAN_POINT('',(1.277215951012,-0.888430583668));
#585 = CARTESIAN_POINT('',(1.257239572174,-0.864522868823));
#586 = CARTESIAN_POINT('',(1.237597095017,-0.840713338859));
#587 = CARTESIAN_POINT('',(1.184327607264,-0.77553947084));
#588 = CARTESIAN_POINT('',(1.151261055168,-0.734401889679));
#589 = CARTESIAN_POINT('',(1.118694524583,-0.693663951382));
#590 = CARTESIAN_POINT('',(1.086397618849,-0.653385059136));
#591 = CARTESIAN_POINT('',(1.054189600132,-0.613625039315));
#592 = CARTESIAN_POINT('',(1.021919457366,-0.574446000993));
#593 = CARTESIAN_POINT('',(0.989460334116,-0.535913230837));
#594 = CARTESIAN_POINT('',(0.907560680136,-0.441370812763));
#595 = CARTESIAN_POINT('',(0.857744310719,-0.386255918177));
#596 = CARTESIAN_POINT('',(0.806875640654,-0.332986114178));
#597 = CARTESIAN_POINT('',(0.754660770426,-0.281817215542));
#598 = CARTESIAN_POINT('',(0.70085092291,-0.23303160863));
#599 = CARTESIAN_POINT('',(0.6452419642,-0.186941283243));
#600 = CARTESIAN_POINT('',(0.587693513851,-0.143883636657));
#601 = CARTESIAN_POINT('',(0.468608508989,-6.452652600854E-02));
#602 = CARTESIAN_POINT('',(0.407071986896,-2.822705429977E-02));
#603 = CARTESIAN_POINT('',(0.343486816869,4.346930805042E-03));
#604 = CARTESIAN_POINT('',(0.277885207436,3.284019894929E-02));
#605 = CARTESIAN_POINT('',(0.210405284245,5.690493941717E-02));
#606 = CARTESIAN_POINT('',(0.141322967049,7.622970944324E-02));
#607 = CARTESIAN_POINT('',(7.103475237711E-02,9.058295431553E-02));
#608 = CARTESIAN_POINT('',(1.360187065378E-15,9.98309289517E-02));
#609 = ( GEOMETRIC_REPRESENTATION_CONTEXT(2) 
PARAMETRIC_REPRESENTATION_CONTEXT() REPRESENTATION_CONTEXT('2D SPACE',''
  ) );
#610 = ORIENTED_EDGE('',*,*,#21,.T.);
#611 = ORIENTED_EDGE('',*,*,#612,.F.);
#612 = EDGE_CURVE('',#613,#24,#615,.T.);
#613 = VERTEX_POINT('',#614);
#614 = CARTESIAN_POINT('',(11.496963790344,-18.27712704112,
    -11.83510978417));
#615 = SURFACE_CURVE('',#616,(#621,#632),.PCURVE_S1.);
#616 = ELLIPSE('',#617,24.623228319565,16.5);
#617 = AXIS2_PLACEMENT_3D('',#618,#619,#620);
#618 = CARTESIAN_POINT('',(0.,0.,0.));
#619 = DIRECTION('',(-0.517204336752,-0.670098972639,0.53241622901));
#620 = DIRECTION('',(0.466915371174,-0.742271760791,-0.480648176209));
#621 = PCURVE('',#114,#622);
#622 = DEFINITIONAL_REPRESENTATION('',(#623),#631);
#623 = B_SPLINE_CURVE_WITH_KNOTS('',6,(#624,#625,#626,#627,#628,#629,
    #630),.UNSPECIFIED.,.F.,.F.,(7,7),(0.,0.780239321462),
  .PIECEWISE_BEZIER_KNOTS.);
#624 = CARTESIAN_POINT('',(4.712388980385,18.277127041126));
#625 = CARTESIAN_POINT('',(4.582349093474,18.277127041126));
#626 = CARTESIAN_POINT('',(4.452309206564,17.906240692988));
#627 = CARTESIAN_POINT('',(4.322269319654,17.164459024498));
#628 = CARTESIAN_POINT('',(4.192229432744,16.070627490657));
#629 = CARTESIAN_POINT('',(4.062189545833,14.662308033801));
#630 = CARTESIAN_POINT('',(3.932149658923,12.99038045677));
#631 = ( GEOMETRIC_REPRESENTATION_CONTEXT(2) 
PARAMETRIC_REPRESENTATION_CONTEXT() REPRESENTATION_CONTEXT('2D SPACE',''
  ) );
#632 = PCURVE('',#303,#633);
#633 = DEFINITIONAL_REPRESENTATION('',(#634),#642);
#634 = B_SPLINE_CURVE_WITH_KNOTS('',6,(#635,#636,#637,#638,#639,#640,
    #641),.UNSPECIFIED.,.F.,.F.,(7,7),(0.,0.780239321462),
  .PIECEWISE_BEZIER_KNOTS.);
#635 = CARTESIAN_POINT('',(0.770906424332,18.277127041126));
#636 = CARTESIAN_POINT('',(0.900946311242,18.277127041126));
#637 = CARTESIAN_POINT('',(1.030986198153,17.906240692987));
#638 = CARTESIAN_POINT('',(1.161026085063,17.164459024498));
#639 = CARTESIAN_POINT('',(1.291065971973,16.070627490656));
#640 = CARTESIAN_POINT('',(1.421105858883,14.6623080338));
#641 = CARTESIAN_POINT('',(1.551145745794,12.99038045677));
#642 = ( GEOMETRIC_REPRESENTATION_CONTEXT(2) 
PARAMETRIC_REPRESENTATION_CONTEXT() REPRESENTATION_CONTEXT('2D SPACE',''
  ) );
#643 = ORIENTED_EDGE('',*,*,#644,.F.);
#644 = EDGE_CURVE('',#645,#613,#647,.T.);
#645 = VERTEX_POINT('',#646);
#646 = CARTESIAN_POINT('',(6.242164159031,-16.95336277618,
    -15.27368281102));
#647 = SURFACE_CURVE('',#648,(#653,#664),.PCURVE_S1.);
#648 = ELLIPSE('',#649,24.623228319565,16.5);
#649 = AXIS2_PLACEMENT_3D('',#650,#651,#652);
#650 = CARTESIAN_POINT('',(0.,0.,0.));
#651 = DIRECTION('',(-0.517204336752,-0.670098972639,0.53241622901));
#652 = DIRECTION('',(0.466915371174,-0.742271760791,-0.480648176209));
#653 = PCURVE('',#114,#654);
#654 = DEFINITIONAL_REPRESENTATION('',(#655),#663);
#655 = B_SPLINE_CURVE_WITH_KNOTS('',6,(#656,#657,#658,#659,#660,#661,
    #662),.UNSPECIFIED.,.F.,.F.,(7,7),(5.512278882848,6.28318530718),
  .PIECEWISE_BEZIER_KNOTS.);
#656 = CARTESIAN_POINT('',(5.483295404717,13.109806367945));
#657 = CARTESIAN_POINT('',(5.354811000661,14.746086150455));
#658 = CARTESIAN_POINT('',(5.226326596606,16.122660724318));
#659 = CARTESIAN_POINT('',(5.097842192551,17.190918712303));
#660 = CARTESIAN_POINT('',(4.969357788495,17.915060316116));
#661 = CARTESIAN_POINT('',(4.84087338444,18.277127041126));
#662 = CARTESIAN_POINT('',(4.712388980385,18.277127041126));
#663 = ( GEOMETRIC_REPRESENTATION_CONTEXT(2) 
PARAMETRIC_REPRESENTATION_CONTEXT() REPRESENTATION_CONTEXT('2D SPACE',''
  ) );
#664 = PCURVE('',#303,#665);
#665 = DEFINITIONAL_REPRESENTATION('',(#666),#674);
#666 = B_SPLINE_CURVE_WITH_KNOTS('',6,(#667,#668,#669,#670,#671,#672,
    #673),.UNSPECIFIED.,.F.,.F.,(7,7),(5.512278882848,6.28318530718),
  .PIECEWISE_BEZIER_KNOTS.);
#667 = CARTESIAN_POINT('',(9.301650359041E-14,13.109806367945));
#668 = CARTESIAN_POINT('',(0.128484404055,14.746086150455));
#669 = CARTESIAN_POINT('',(0.256968808111,16.122660724319));
#670 = CARTESIAN_POINT('',(0.385453212166,17.190918712301));
#671 = CARTESIAN_POINT('',(0.513937616221,17.915060316116));
#672 = CARTESIAN_POINT('',(0.642422020277,18.277127041126));
#673 = CARTESIAN_POINT('',(0.770906424332,18.277127041126));
#674 = ( GEOMETRIC_REPRESENTATION_CONTEXT(2) 
PARAMETRIC_REPRESENTATION_CONTEXT() REPRESENTATION_CONTEXT('2D SPACE',''
  ) );
#675 = ORIENTED_EDGE('',*,*,#676,.F.);
#676 = EDGE_CURVE('',#321,#645,#677,.T.);
#677 = SURFACE_CURVE('',#678,(#730,#785),.PCURVE_S1.);
#678 = B_SPLINE_CURVE_WITH_KNOTS('',8,(#679,#680,#681,#682,#683,#684,
    #685,#686,#687,#688,#689,#690,#691,#692,#693,#694,#695,#696,#697,
    #698,#699,#700,#701,#702,#703,#704,#705,#706,#707,#708,#709,#710,
    #711,#712,#713,#714,#715,#716,#717,#718,#719,#720,#721,#722,#723,
    #724,#725,#726,#727,#728,#729),.UNSPECIFIED.,.F.,.F.,(9,7,7,7,7,7,7,
    9),(0.,0.269051465135,0.346011997391,0.457659202338,0.518789852633,
    0.584539969059,0.951933998681,1.),.UNSPECIFIED.);
#679 = CARTESIAN_POINT('',(0.302792768527,-11.24200272934,
    -19.42407546123));
#680 = CARTESIAN_POINT('',(0.674601541011,-11.452552602,-19.63049690503)
  );
#681 = CARTESIAN_POINT('',(1.046330568914,-11.67739496319,
    -19.81487700465));
#682 = CARTESIAN_POINT('',(1.423787267978,-11.91881970753,-19.9794604047
    ));
#683 = CARTESIAN_POINT('',(1.811738337914,-12.18005002421,
    -20.12338480899));
#684 = CARTESIAN_POINT('',(2.212883670505,-12.46399247183,
    -20.24231074505));
#685 = CARTESIAN_POINT('',(2.62738815332,-12.77233162255,-20.32815703285
    ));
#686 = CARTESIAN_POINT('',(3.052450304687,-13.10478560195,
    -20.36889723063));
#687 = CARTESIAN_POINT('',(3.604081310942,-13.55947060277,
    -20.34250130774));
#688 = CARTESIAN_POINT('',(3.727748375992,-13.66286882231,
    -20.33158612452));
#689 = CARTESIAN_POINT('',(3.852332204426,-13.76857433561,
    -20.31515048181));
#690 = CARTESIAN_POINT('',(3.977715738138,-13.87658861842,
    -20.29265214118));
#691 = CARTESIAN_POINT('',(4.103716981699,-13.98687066174,
    -20.26348390106));
#692 = CARTESIAN_POINT('',(4.230085456818,-14.09933383811,
    -20.22697457307));
#693 = CARTESIAN_POINT('',(4.356498656815,-14.21384276774,
    -20.18238995834));
#694 = CARTESIAN_POINT('',(4.665434435755,-14.49902524475,
    -20.05138462006));
#695 = CARTESIAN_POINT('',(4.851043847072,-14.67496156232,
    -19.95369117921));
#696 = CARTESIAN_POINT('',(5.033547394358,-14.8534904525,-19.8341131901)
  );
#697 = CARTESIAN_POINT('',(5.208299114529,-15.03071480814,
    -19.69216231353));
#698 = CARTESIAN_POINT('',(5.371684539311,-15.2033161109,-19.52870952063
    ));
#699 = CARTESIAN_POINT('',(5.521042949744,-15.36854645908,
    -19.34602738339));
#700 = CARTESIAN_POINT('',(5.654656828135,-15.52422501547,
    -19.14779349124));
#701 = CARTESIAN_POINT('',(5.835926830129,-15.74780231335,
    -18.82480405614));
#702 = CARTESIAN_POINT('',(5.894814954619,-15.82316871977,
    -18.70793204506));
#703 = CARTESIAN_POINT('',(5.948652862552,-15.89487285287,-18.5889295568
    ));
#704 = CARTESIAN_POINT('',(5.997643051768,-15.96299732308,
    -18.46826045881));
#705 = CARTESIAN_POINT('',(6.041994389559,-16.02763111557,
    -18.34638797041));
#706 = CARTESIAN_POINT('',(6.08192290573,-16.08886871056,-18.22377456955
    ));
#707 = CARTESIAN_POINT('',(6.11765258567,-16.1468092035,-18.10088189972)
  );
#708 = CARTESIAN_POINT('',(6.1835800227,-16.26043866053,-17.84618652216)
  );
#709 = CARTESIAN_POINT('',(6.213236103114,-16.3157650189,-17.71410216355
    ));
#710 = CARTESIAN_POINT('',(6.238715811982,-16.36777090063,-17.582180035)
  );
#711 = CARTESIAN_POINT('',(6.260324720258,-16.41668078821,
    -17.45062978265));
#712 = CARTESIAN_POINT('',(6.27834223299,-16.46270746126,-17.31960842788
    ));
#713 = CARTESIAN_POINT('',(6.293021259786,-16.50605221144,
    -17.18922053049));
#714 = CARTESIAN_POINT('',(6.304587885285,-16.54690505734,
    -17.05951835198));
#715 = CARTESIAN_POINT('',(6.361592547035,-16.80079560317,
    -16.20959332437));
#716 = CARTESIAN_POINT('',(6.32038210925,-16.95020915907,-15.4890685386)
  );
#717 = CARTESIAN_POINT('',(6.213451116939,-17.05099945105,
    -14.79287114874));
#718 = CARTESIAN_POINT('',(6.057885898549,-17.11679679779,
    -14.13089311669));
#719 = CARTESIAN_POINT('',(5.864568191248,-17.15688225669,
    -13.50324252019));
#720 = CARTESIAN_POINT('',(5.63769375291,-17.17714361203,-12.90335166069
    ));
#721 = CARTESIAN_POINT('',(5.374639967405,-17.18060727452,
    -12.32146374004));
#722 = CARTESIAN_POINT('',(5.025893542,-17.16591351468,-11.67572018722)
  );
#723 = CARTESIAN_POINT('',(4.984908348113,-17.16393769289,
    -11.60145428629));
#724 = CARTESIAN_POINT('',(4.943286101663,-17.16169063332,-11.5276341664
    ));
#725 = CARTESIAN_POINT('',(4.90102688911,-17.15917658378,-11.45426358228
    ));
#726 = CARTESIAN_POINT('',(4.858130416662,-17.15639942752,
    -11.38134665617));
#727 = CARTESIAN_POINT('',(4.814596010276,-17.15336268325,
    -11.30888787785));
#728 = CARTESIAN_POINT('',(4.770422615659,-17.15006950512,
    -11.23689210464));
#729 = CARTESIAN_POINT('',(4.725608798265,-17.14652268272,
    -11.16536456135));
#730 = PCURVE('',#114,#731);
#731 = DEFINITIONAL_REPRESENTATION('',(#732),#784);
#732 = B_SPLINE_CURVE_WITH_KNOTS('',8,(#733,#734,#735,#736,#737,#738,
    #739,#740,#741,#742,#743,#744,#745,#746,#747,#748,#749,#750,#751,
    #752,#753,#754,#755,#756,#757,#758,#759,#760,#761,#762,#763,#764,
    #765,#766,#767,#768,#769,#770,#771,#772,#773,#774,#775,#776,#777,
    #778,#779,#780,#781,#782,#783),.UNSPECIFIED.,.F.,.F.,(9,7,7,7,7,7,7,
    9),(0.,0.269051465135,0.346011997391,0.457659202338,0.518789852633,
    0.584539969059,0.951933998681,1.),.UNSPECIFIED.);
#733 = CARTESIAN_POINT('',(5.651620956565,15.215748957938));
#734 = CARTESIAN_POINT('',(5.639009313832,15.642223459442));
#735 = CARTESIAN_POINT('',(5.625075572672,16.054372136664));
#736 = CARTESIAN_POINT('',(5.609640408472,16.458055506315));
#737 = CARTESIAN_POINT('',(5.592410772906,16.856290905208));
#738 = CARTESIAN_POINT('',(5.573051081096,17.248149658519));
#739 = CARTESIAN_POINT('',(5.5512248219,17.628151504977));
#740 = CARTESIAN_POINT('',(5.526622703629,17.985744462439));
#741 = CARTESIAN_POINT('',(5.491090267136,18.395624473578));
#742 = CARTESIAN_POINT('',(5.482897193308,18.484096481059));
#743 = CARTESIAN_POINT('',(5.474397561,18.569500056144));
#744 = CARTESIAN_POINT('',(5.465575695181,18.651367299211));
#745 = CARTESIAN_POINT('',(5.456417083072,18.729134614249));
#746 = CARTESIAN_POINT('',(5.446908546412,18.802140628468));
#747 = CARTESIAN_POINT('',(5.437038413719,18.869624111905));
#748 = CARTESIAN_POINT('',(5.411938953034,19.019356899135));
#749 = CARTESIAN_POINT('',(5.396016702543,19.096238748923));
#750 = CARTESIAN_POINT('',(5.379318551972,19.155616453832));
#751 = CARTESIAN_POINT('',(5.362112937673,19.193523934132));
#752 = CARTESIAN_POINT('',(5.344659819522,19.207739001959));
#753 = CARTESIAN_POINT('',(5.327217569643,19.197758835016));
#754 = CARTESIAN_POINT('',(5.310046545214,19.164794740906));
#755 = CARTESIAN_POINT('',(5.284302222427,19.082766562605));
#756 = CARTESIAN_POINT('',(5.275397655357,19.04787446384));
#757 = CARTESIAN_POINT('',(5.266704321036,19.007588275976));
#758 = CARTESIAN_POINT('',(5.258229176941,18.96238777197));
#759 = CARTESIAN_POINT('',(5.249978942125,18.912757327111));
#760 = CARTESIAN_POINT('',(5.241960084804,18.859186312588));
#761 = CARTESIAN_POINT('',(5.234178809941,18.80216948906));
#762 = CARTESIAN_POINT('',(5.218533676812,18.677714150072));
#763 = CARTESIAN_POINT('',(5.210688954478,18.609662235893));
#764 = CARTESIAN_POINT('',(5.203097441972,18.538492730175));
#765 = CARTESIAN_POINT('',(5.195749133341,18.464589915437));
#766 = CARTESIAN_POINT('',(5.188633426844,18.388281194175));
#767 = CARTESIAN_POINT('',(5.181739097246,18.309836998807));
#768 = CARTESIAN_POINT('',(5.175054268115,18.22947070161));
#769 = CARTESIAN_POINT('',(5.132313827095,17.68840593122));
#770 = CARTESIAN_POINT('',(5.101153251292,17.160945576924));
#771 = CARTESIAN_POINT('',(5.074621289931,16.600332860403));
#772 = CARTESIAN_POINT('',(5.052129590374,16.026859020384));
#773 = CARTESIAN_POINT('',(5.033056702296,15.449089980592));
#774 = CARTESIAN_POINT('',(5.01684456041,14.865847890067));
#775 = CARTESIAN_POINT('',(5.003135578675,14.268661466222));
#776 = CARTESIAN_POINT('',(4.990537457965,13.564662038596));
#777 = CARTESIAN_POINT('',(4.989128905417,13.48305956905));
#778 = CARTESIAN_POINT('',(4.987769361842,13.401305958031));
#779 = CARTESIAN_POINT('',(4.986458906649,13.319404377623));
#780 = CARTESIAN_POINT('',(4.985197657094,13.237357961425));
#781 = CARTESIAN_POINT('',(4.983985768278,13.155169804548));
#782 = CARTESIAN_POINT('',(4.982823433152,13.072842963615));
#783 = CARTESIAN_POINT('',(4.981710882511,12.990380456765));
#784 = ( GEOMETRIC_REPRESENTATION_CONTEXT(2) 
PARAMETRIC_REPRESENTATION_CONTEXT() REPRESENTATION_CONTEXT('2D SPACE',''
  ) );
#785 = PCURVE('',#350,#786);
#786 = DEFINITIONAL_REPRESENTATION('',(#787),#839);
#787 = B_SPLINE_CURVE_WITH_KNOTS('',8,(#788,#789,#790,#791,#792,#793,
    #794,#795,#796,#797,#798,#799,#800,#801,#802,#803,#804,#805,#806,
    #807,#808,#809,#810,#811,#812,#813,#814,#815,#816,#817,#818,#819,
    #820,#821,#822,#823,#824,#825,#826,#827,#828,#829,#830,#831,#832,
    #833,#834,#835,#836,#837,#838),.UNSPECIFIED.,.F.,.F.,(9,7,7,7,7,7,7,
    9),(0.,0.269051465135,0.346011997391,0.457659202338,0.518789852633,
    0.584539969059,0.951933998681,1.),.UNSPECIFIED.);
#788 = CARTESIAN_POINT('',(0.,21.627968382421));
#789 = CARTESIAN_POINT('',(6.127405148006E-02,21.928002525115));
#790 = CARTESIAN_POINT('',(0.122546928062,22.22281142637));
#791 = CARTESIAN_POINT('',(0.185129898676,22.515682639133));
#792 = CARTESIAN_POINT('',(0.250163284186,22.808380654023));
#793 = CARTESIAN_POINT('',(0.318602292974,23.099980917917));
#794 = CARTESIAN_POINT('',(0.391249657688,23.386031679967));
#795 = CARTESIAN_POINT('',(0.468834988511,23.657873917193));
#796 = CARTESIAN_POINT('',(0.575969866201,23.971765951404));
#797 = CARTESIAN_POINT('',(0.600394263459,24.039683262488));
#798 = CARTESIAN_POINT('',(0.625459702324,24.10539648554));
#799 = CARTESIAN_POINT('',(0.651209077351,24.16852546701));
#800 = CARTESIAN_POINT('',(0.677683280992,24.228613335623));
#801 = CARTESIAN_POINT('',(0.70492205915,24.28512489865));
#802 = CARTESIAN_POINT('',(0.732964866739,24.33744503818));
#803 = CARTESIAN_POINT('',(0.803758096454,24.453687155843));
#804 = CARTESIAN_POINT('',(0.848237694898,24.513519049081));
#805 = CARTESIAN_POINT('',(0.894484169596,24.559839319234));
#806 = CARTESIAN_POINT('',(0.94183928749,24.589458538123));
#807 = CARTESIAN_POINT('',(0.989727533872,24.600566353637));
#808 = CARTESIAN_POINT('',(1.037600728785,24.592754312672));
#809 = CARTESIAN_POINT('',(1.084891362522,24.567015568767));
#810 = CARTESIAN_POINT('',(1.156204817077,24.503094679227));
#811 = CARTESIAN_POINT('',(1.180953264983,24.475920210705));
#812 = CARTESIAN_POINT('',(1.20521468148,24.444568825261));
#813 = CARTESIAN_POINT('',(1.228982397506,24.40942705048));
#814 = CARTESIAN_POINT('',(1.252247170541,24.370885601001));
#815 = CARTESIAN_POINT('',(1.274997262665,24.329338696264));
#816 = CARTESIAN_POINT('',(1.297218518624,24.285183378238));
#817 = CARTESIAN_POINT('',(1.342208356041,24.188950645455));
#818 = CARTESIAN_POINT('',(1.364946203431,24.13640958926));
#819 = CARTESIAN_POINT('',(1.387137250604,24.081552795332));
#820 = CARTESIAN_POINT('',(1.408810581071,24.024691575689));
#821 = CARTESIAN_POINT('',(1.429995813706,23.966091682679));
#822 = CARTESIAN_POINT('',(1.450723819131,23.905973572043));
#823 = CARTESIAN_POINT('',(1.471027436106,23.844512665968));
#824 = CARTESIAN_POINT('',(1.602220483845,23.431639410135));
#825 = CARTESIAN_POINT('',(1.704602804641,23.033374799814));
#826 = CARTESIAN_POINT('',(1.799670478595,22.616502193996));
#827 = CARTESIAN_POINT('',(1.88876207411,22.197917289745));
#828 = CARTESIAN_POINT('',(1.973364971533,21.784474788158));
#829 = CARTESIAN_POINT('',(2.055284486157,21.375839917552));
#830 = CARTESIAN_POINT('',(2.136700519182,20.967307040979));
#831 = CARTESIAN_POINT('',(2.231035258543,20.499910889938));
#832 = CARTESIAN_POINT('',(2.241946003467,20.445940013926));
#833 = CARTESIAN_POINT('',(2.252855618471,20.392078602576));
#834 = CARTESIAN_POINT('',(2.263766117903,20.338332318357));
#835 = CARTESIAN_POINT('',(2.274679494539,20.284706815398));
#836 = CARTESIAN_POINT('',(2.285597719582,20.231207739483));
#837 = CARTESIAN_POINT('',(2.296522742659,20.177840728051));
#838 = CARTESIAN_POINT('',(2.307456491822,20.124611410199));
#839 = ( GEOMETRIC_REPRESENTATION_CONTEXT(2) 
PARAMETRIC_REPRESENTATION_CONTEXT() REPRESENTATION_CONTEXT('2D SPACE',''
  ) );
#840 = FACE_BOUND('',#841,.T.);
#841 = EDGE_LOOP('',(#842,#941,#974));
#842 = ORIENTED_EDGE('',*,*,#843,.F.);
#843 = EDGE_CURVE('',#844,#846,#848,.T.);
#844 = VERTEX_POINT('',#845);
#845 = CARTESIAN_POINT('',(36.556425033856,0.782975434559,
    -14.83289379092));
#846 = VERTEX_POINT('',#847);
#847 = CARTESIAN_POINT('',(32.018613598908,-3.666916503238,
    -9.301102866954));
#848 = SURFACE_CURVE('',#849,(#876,#906),.PCURVE_S1.);
#849 = B_SPLINE_CURVE_WITH_KNOTS('',7,(#850,#851,#852,#853,#854,#855,
    #856,#857,#858,#859,#860,#861,#862,#863,#864,#865,#866,#867,#868,
    #869,#870,#871,#872,#873,#874,#875),.UNSPECIFIED.,.F.,.F.,(8,6,6,6,8
    ),(0.,0.53920783274,0.794782648397,0.91013556459,1.),.UNSPECIFIED.);
#850 = CARTESIAN_POINT('',(36.556425466061,0.782975523049,
    -14.83289429864));
#851 = CARTESIAN_POINT('',(36.160928752946,0.702002207675,
    -14.36830486503));
#852 = CARTESIAN_POINT('',(35.774818760629,0.602304719307,
    -13.90859878956));
#853 = CARTESIAN_POINT('',(35.391371661755,0.480621251594,
    -13.44612899882));
#854 = CARTESIAN_POINT('',(35.007295941507,0.331662981671,
    -12.97676813145));
#855 = CARTESIAN_POINT('',(34.623227058954,0.14840957846,-12.50099994627
    ));
#856 = CARTESIAN_POINT('',(34.243202477168,-7.801977759112E-02,
    -12.02416941868));
#857 = CARTESIAN_POINT('',(33.700674064536,-0.490497083784,
    -11.33803839058));
#858 = CARTESIAN_POINT('',(33.52992760366,-0.634353909296,
    -11.12124587726));
#859 = CARTESIAN_POINT('',(33.360531904869,-0.79266080904,
    -10.90558715539));
#860 = CARTESIAN_POINT('',(33.191673637083,-0.969105418085,
    -10.69030051552));
#861 = CARTESIAN_POINT('',(33.024097957086,-1.167705573,-10.47679960445)
  );
#862 = CARTESIAN_POINT('',(32.860158136129,-1.392626123984,
    -10.26896175651));
#863 = CARTESIAN_POINT('',(32.633379583196,-1.763172532701,
    -9.985246231601));
#864 = CARTESIAN_POINT('',(32.564116713363,-1.885095158289,
    -9.899151041533));
#865 = CARTESIAN_POINT('',(32.496265062935,-2.014580851678,
    -9.815536492162));
#866 = CARTESIAN_POINT('',(32.430187354246,-2.152495443728,
    -9.735057692546));
#867 = CARTESIAN_POINT('',(32.366463401944,-2.299671525453,
    -9.658699954504));
#868 = CARTESIAN_POINT('',(32.305898443208,-2.456883195385,
    -9.587794323409));
#869 = CARTESIAN_POINT('',(32.205627522491,-2.755649079317,
    -9.474353235728));
#870 = CARTESIAN_POINT('',(32.163902039855,-2.89408236585,
    -9.428594716978));
#871 = CARTESIAN_POINT('',(32.125421651109,-3.039179468748,
    -9.388239957504));
#872 = CARTESIAN_POINT('',(32.091055336496,-3.189993272528,
    -9.354506733287));
#873 = CARTESIAN_POINT('',(32.061487527992,-3.345558163369,
    -9.328340255121));
#874 = CARTESIAN_POINT('',(32.037226639812,-3.50487840311,
    -9.310409387406));
#875 = CARTESIAN_POINT('',(32.018613598911,-3.666916503239,
    -9.301102866956));
#876 = PCURVE('',#114,#877);
#877 = DEFINITIONAL_REPRESENTATION('',(#878),#905);
#878 = B_SPLINE_CURVE_WITH_KNOTS('',7,(#879,#880,#881,#882,#883,#884,
    #885,#886,#887,#888,#889,#890,#891,#892,#893,#894,#895,#896,#897,
    #898,#899,#900,#901,#902,#903,#904),.UNSPECIFIED.,.F.,.F.,(8,6,6,6,8
    ),(0.,0.53920783274,0.794782648397,0.91013556459,1.),.UNSPECIFIED.);
#879 = CARTESIAN_POINT('',(2.867891487378,35.843410088885));
#880 = CARTESIAN_POINT('',(2.876868745187,35.246018486165));
#881 = CARTESIAN_POINT('',(2.886927675276,34.660526477334));
#882 = CARTESIAN_POINT('',(2.89832766031,34.07714937446));
#883 = CARTESIAN_POINT('',(2.911417516409,33.49119970806));
#884 = CARTESIAN_POINT('',(2.926608174614,32.904178748892));
#885 = CARTESIAN_POINT('',(2.944373062424,32.323604223947));
#886 = CARTESIAN_POINT('',(2.975093895007,31.500008975586));
#887 = CARTESIAN_POINT('',(2.985605871679,31.241628206763));
#888 = CARTESIAN_POINT('',(2.996968268759,30.98646570062));
#889 = CARTESIAN_POINT('',(3.009408858836,30.733790077231));
#890 = CARTESIAN_POINT('',(3.023156302831,30.485536101706));
#891 = CARTESIAN_POINT('',(3.038429218081,30.246526146765));
#892 = CARTESIAN_POINT('',(3.063094528453,29.924661473262));
#893 = CARTESIAN_POINT('',(3.071148926419,29.827647004788));
#894 = CARTESIAN_POINT('',(3.079637610706,29.734151715226));
#895 = CARTESIAN_POINT('',(3.088608185569,29.644982734612));
#896 = CARTESIAN_POINT('',(3.098104018145,29.561329897493));
#897 = CARTESIAN_POINT('',(3.10816290371,29.484780024816));
#898 = CARTESIAN_POINT('',(3.127114841934,29.364786126859));
#899 = CARTESIAN_POINT('',(3.135843859388,29.317324333543));
#900 = CARTESIAN_POINT('',(3.144935558096,29.276646986829));
#901 = CARTESIAN_POINT('',(3.154324814707,29.24412881748));
#902 = CARTESIAN_POINT('',(3.163947783626,29.220820262842));
#903 = CARTESIAN_POINT('',(3.173740993231,29.207449496673));
#904 = CARTESIAN_POINT('',(3.183640442095,29.204424458972));
#905 = ( GEOMETRIC_REPRESENTATION_CONTEXT(2) 
PARAMETRIC_REPRESENTATION_CONTEXT() REPRESENTATION_CONTEXT('2D SPACE',''
  ) );
#906 = PCURVE('',#907,#912);
#907 = CYLINDRICAL_SURFACE('',#908,6.);
#908 = AXIS2_PLACEMENT_3D('',#909,#910,#911);
#909 = CARTESIAN_POINT('',(0.,0.,0.));
#910 = DIRECTION('',(0.888888888889,-0.111111111111,-0.444444444444));
#911 = DIRECTION('',(0.4472135955,0.,0.894427191));
#912 = DEFINITIONAL_REPRESENTATION('',(#913),#940);
#913 = B_SPLINE_CURVE_WITH_KNOTS('',7,(#914,#915,#916,#917,#918,#919,
    #920,#921,#922,#923,#924,#925,#926,#927,#928,#929,#930,#931,#932,
    #933,#934,#935,#936,#937,#938,#939),.UNSPECIFIED.,.F.,.F.,(8,6,6,6,8
    ),(0.,0.53920783274,0.794782648397,0.91013556459,1.),.UNSPECIFIED.);
#914 = CARTESIAN_POINT('',(5.25176156192,39.0000006));
#915 = CARTESIAN_POINT('',(5.298121559343,38.450960808448));
#916 = CARTESIAN_POINT('',(5.345949380339,37.914515613777));
#917 = CARTESIAN_POINT('',(5.396323843192,37.381652004194));
#918 = CARTESIAN_POINT('',(5.450264363389,36.84819745291));
#919 = CARTESIAN_POINT('',(5.508701547646,36.315711853142));
#920 = CARTESIAN_POINT('',(5.572536578023,35.791146363295));
#921 = CARTESIAN_POINT('',(5.676035118765,35.049782573603));
#922 = CARTESIAN_POINT('',(5.710554970724,34.817639805291));
#923 = CARTESIAN_POINT('',(5.746986868197,34.588807185506));
#924 = CARTESIAN_POINT('',(5.785951315189,34.362632952982));
#925 = CARTESIAN_POINT('',(5.828000712073,34.140854183057));
#926 = CARTESIAN_POINT('',(5.873629196992,33.927748693231));
#927 = CARTESIAN_POINT('',(5.945729164923,33.64124379163));
#928 = CARTESIAN_POINT('',(5.969072882276,33.554959225703));
#929 = CARTESIAN_POINT('',(5.993473162254,33.471871924868));
#930 = CARTESIAN_POINT('',(6.019053932958,33.392691671986));
#931 = CARTESIAN_POINT('',(6.045927232762,33.318464284336));
#932 = CARTESIAN_POINT('',(6.074194302513,33.250583114965));
#933 = CARTESIAN_POINT('',(6.127128615749,33.144231355795));
#934 = CARTESIAN_POINT('',(6.151405308371,33.102186394733));
#935 = CARTESIAN_POINT('',(6.176590719971,33.066168056404));
#936 = CARTESIAN_POINT('',(6.202515101575,33.037384766405));
#937 = CARTESIAN_POINT('',(6.229021601342,33.016757711977));
#938 = CARTESIAN_POINT('',(6.255960810148,33.004925452359));
#939 = CARTESIAN_POINT('',(6.28318530718,33.00224852915));
#940 = ( GEOMETRIC_REPRESENTATION_CONTEXT(2) 
PARAMETRIC_REPRESENTATION_CONTEXT() REPRESENTATION_CONTEXT('2D SPACE',''
  ) );
#941 = ORIENTED_EDGE('',*,*,#942,.T.);
#942 = EDGE_CURVE('',#844,#943,#945,.T.);
#943 = VERTEX_POINT('',#944);
#944 = CARTESIAN_POINT('',(35.484711645043,-9.505473098042,
    -14.4042084354));
#945 = SURFACE_CURVE('',#946,(#951,#962),.PCURVE_S1.);
#946 = ELLIPSE('',#947,17.467799976614,16.5);
#947 = AXIS2_PLACEMENT_3D('',#948,#949,#950);
#948 = CARTESIAN_POINT('',(28.618705035971,-4.208633093525,
    -29.46043165467));
#949 = DIRECTION('',(0.888888888889,-0.111111111111,-0.444444444444));
#950 = DIRECTION('',(-0.446274272914,9.201531400283E-03,-0.894848928677)
  );
#951 = PCURVE('',#114,#952);
#952 = DEFINITIONAL_REPRESENTATION('',(#953),#961);
#953 = B_SPLINE_CURVE_WITH_KNOTS('',6,(#954,#955,#956,#957,#958,#959,
    #960),.UNSPECIFIED.,.F.,.F.,(7,7),(2.688674455848,3.591810598517),
  .PIECEWISE_BEZIER_KNOTS.);
#954 = CARTESIAN_POINT('',(2.734089109757,36.132033854921));
#955 = CARTESIAN_POINT('',(2.884611800202,35.754377127726));
#956 = CARTESIAN_POINT('',(3.035134490647,35.516890649237));
#957 = CARTESIAN_POINT('',(3.185657181092,35.434974915123));
#958 = CARTESIAN_POINT('',(3.336179871536,35.514511922975));
#959 = CARTESIAN_POINT('',(3.486702561981,35.749717902333));
#960 = CARTESIAN_POINT('',(3.637225252426,36.125277808495));
#961 = ( GEOMETRIC_REPRESENTATION_CONTEXT(2) 
PARAMETRIC_REPRESENTATION_CONTEXT() REPRESENTATION_CONTEXT('2D SPACE',''
  ) );
#962 = PCURVE('',#963,#968);
#963 = PLANE('',#964);
#964 = AXIS2_PLACEMENT_3D('',#965,#966,#967);
#965 = CARTESIAN_POINT('',(34.666666666667,-4.333333333333,
    -17.33333333333));
#966 = DIRECTION('',(0.888888888889,-0.111111111111,-0.444444444444));
#967 = DIRECTION('',(0.4472135955,0.,0.894427191));
#968 = DEFINITIONAL_REPRESENTATION('',(#969),#973);
#969 = ELLIPSE('',#970,17.467799976614,16.5);
#970 = AXIS2_PLACEMENT_2D('',#971,#972);
#971 = CARTESIAN_POINT('',(-13.55153715284,-0.12547719586));
#972 = DIRECTION('',(-0.999957135815,-9.258862368659E-03));
#973 = ( GEOMETRIC_REPRESENTATION_CONTEXT(2) 
PARAMETRIC_REPRESENTATION_CONTEXT() REPRESENTATION_CONTEXT('2D SPACE',''
  ) );
#974 = ORIENTED_EDGE('',*,*,#975,.F.);
#975 = EDGE_CURVE('',#846,#943,#976,.T.);
#976 = SURFACE_CURVE('',#977,(#1016,#1058),.PCURVE_S1.);
#977 = B_SPLINE_CURVE_WITH_KNOTS('',7,(#978,#979,#980,#981,#982,#983,
    #984,#985,#986,#987,#988,#989,#990,#991,#992,#993,#994,#995,#996,
    #997,#998,#999,#1000,#1001,#1002,#1003,#1004,#1005,#1006,#1007,#1008
    ,#1009,#1010,#1011,#1012,#1013,#1014,#1015),.UNSPECIFIED.,.F.,.F.,(8
    ,6,6,6,6,6,8),(0.,4.373402736895E-03,7.465771044954E-02,
    0.129046500441,0.223374263825,0.485588388219,1.),.UNSPECIFIED.);
#978 = CARTESIAN_POINT('',(32.018613598911,-3.666916503239,
    -9.301102866956));
#979 = CARTESIAN_POINT('',(32.017702933043,-3.674844416144,
    -9.300647534022));
#980 = CARTESIAN_POINT('',(32.016806122437,-3.682775905704,
    -9.300213014047));
#981 = CARTESIAN_POINT('',(32.015923202576,-3.690710722208,
    -9.299799331931));
#982 = CARTESIAN_POINT('',(32.015054206633,-3.698648615215,
    -9.299406508956));
#983 = CARTESIAN_POINT('',(32.014199165475,-3.706589333552,
    -9.299034562786));
#984 = CARTESIAN_POINT('',(32.013358107663,-3.714532625314,
    -9.29868350747));
#985 = CARTESIAN_POINT('',(31.999239690088,-3.850171000474,
    -9.293047496873));
#986 = CARTESIAN_POINT('',(31.9896088179,-3.978059034223,-9.293156604136
    ));
#987 = CARTESIAN_POINT('',(31.983671392347,-4.105414879076,
    -9.298648894512));
#988 = CARTESIAN_POINT('',(31.981361004761,-4.231495470776,
    -9.309332933841));
#989 = CARTESIAN_POINT('',(31.982510168146,-4.355536601248,
    -9.324859022009));
#990 = CARTESIAN_POINT('',(31.986848596973,-4.476747378998,
    -9.344720580456));
#991 = CARTESIAN_POINT('',(31.99953667748,-4.685275207429,
    -9.386467826243));
#992 = CARTESIAN_POINT('',(32.006772877295,-4.774316886459,
    -9.406931865283));
#993 = CARTESIAN_POINT('',(32.015577120491,-4.861406545979,
    -9.42943987343));
#994 = CARTESIAN_POINT('',(32.025821556868,-4.946526998468,
    -9.453793139308));
#995 = CARTESIAN_POINT('',(32.037383451956,-5.029667049507,
    -9.479802023522));
#996 = CARTESIAN_POINT('',(32.050145187019,-5.110821497785,
    -9.507285958654));
#997 = CARTESIAN_POINT('',(32.088013031854,-5.327296907409,
    -9.586000274326));
#998 = CARTESIAN_POINT('',(32.115341658021,-5.458858404361,
    -9.639930539581));
#999 = CARTESIAN_POINT('',(32.145464111116,-5.584938996942,
    -9.69710128183));
#1000 = CARTESIAN_POINT('',(32.177957467402,-5.705861208633,
    -9.756903106991));
#1001 = CARTESIAN_POINT('',(32.21249111821,-5.821997749731,
    -9.818874578758));
#1002 = CARTESIAN_POINT('',(32.2488259823,-5.933762551688,
    -9.882696607246));
#1003 = CARTESIAN_POINT('',(32.392412754564,-6.341375414558,
    -10.13023783521));
#1004 = CARTESIAN_POINT('',(32.511746197143,-6.613547602111,
    -10.32683869217));
#1005 = CARTESIAN_POINT('',(32.639989519073,-6.860839388535,
    -10.53092603547));
#1006 = CARTESIAN_POINT('',(32.773983975407,-7.086618762401,
    -10.73830611387));
#1007 = CARTESIAN_POINT('',(32.912201794342,-7.294615411002,
    -10.94729987041));
#1008 = CARTESIAN_POINT('',(33.054736457411,-7.488707435843,
    -11.1584533037));
#1009 = CARTESIAN_POINT('',(33.49480544108,-8.033893661314,
    -11.79778685472));
#1010 = CARTESIAN_POINT('',(33.805779569025,-8.351754190393,
    -12.23387677659));
#1011 = CARTESIAN_POINT('',(34.128244154295,-8.632724135891,
    -12.67196954704));
#1012 = CARTESIAN_POINT('',(34.457459635214,-8.883118433191,
    -13.10712567458));
#1013 = CARTESIAN_POINT('',(34.791696916631,-9.108660765654,
    -13.53845775319));
#1014 = CARTESIAN_POINT('',(35.132563430273,-9.314619494814,
    -13.96885838549));
#1015 = CARTESIAN_POINT('',(35.484712045427,-9.505473315039,
    -14.40420893038));
#1016 = PCURVE('',#114,#1017);
#1017 = DEFINITIONAL_REPRESENTATION('',(#1018),#1057);
#1018 = B_SPLINE_CURVE_WITH_KNOTS('',7,(#1019,#1020,#1021,#1022,#1023,
    #1024,#1025,#1026,#1027,#1028,#1029,#1030,#1031,#1032,#1033,#1034,
    #1035,#1036,#1037,#1038,#1039,#1040,#1041,#1042,#1043,#1044,#1045,
    #1046,#1047,#1048,#1049,#1050,#1051,#1052,#1053,#1054,#1055,#1056),
  .UNSPECIFIED.,.F.,.F.,(8,6,6,6,6,6,8),(0.,4.373402736895E-03,
    7.465771044954E-02,0.129046500441,0.223374263825,0.485588388219,1.),
  .UNSPECIFIED.);
#1019 = CARTESIAN_POINT('',(3.183640442095,29.204424458972));
#1020 = CARTESIAN_POINT('',(3.184124784779,29.20427645529));
#1021 = CARTESIAN_POINT('',(3.184609202803,29.204153270999));
#1022 = CARTESIAN_POINT('',(3.185093681026,29.204054923005));
#1023 = CARTESIAN_POINT('',(3.18557820429,29.203981423961));
#1024 = CARTESIAN_POINT('',(3.186062757413,29.203932782264));
#1025 = CARTESIAN_POINT('',(3.186547325196,29.203909002055));
#1026 = CARTESIAN_POINT('',(3.194819300477,29.203927458509));
#1027 = CARTESIAN_POINT('',(3.202581915031,29.210365845248));
#1028 = CARTESIAN_POINT('',(3.210276574439,29.223151252211));
#1029 = CARTESIAN_POINT('',(3.217860163479,29.24202530723));
#1030 = CARTESIAN_POINT('',(3.225289200211,29.266544490194));
#1031 = CARTESIAN_POINT('',(3.232519422825,29.296079366046));
#1032 = CARTESIAN_POINT('',(3.244911385042,29.355918876934));
#1033 = CARTESIAN_POINT('',(3.250186513232,29.384613108061));
#1034 = CARTESIAN_POINT('',(3.255330813087,29.415653719701));
#1035 = CARTESIAN_POINT('',(3.260344604256,29.448808550553));
#1036 = CARTESIAN_POINT('',(3.265228474018,29.48385606947));
#1037 = CARTESIAN_POINT('',(3.269983277287,29.520585375461));
#1038 = CARTESIAN_POINT('',(3.282634608034,29.625066129393));
#1039 = CARTESIAN_POINT('',(3.290287451106,29.695901392534));
#1040 = CARTESIAN_POINT('',(3.297589491902,29.770426739691));
#1041 = CARTESIAN_POINT('',(3.304564015835,29.84794706604));
#1042 = CARTESIAN_POINT('',(3.311236330612,29.92794194555));
#1043 = CARTESIAN_POINT('',(3.317633329182,30.010060167176));
#1044 = CARTESIAN_POINT('',(3.340878171956,30.327769479862));
#1045 = CARTESIAN_POINT('',(3.356218351558,30.578513185702));
#1046 = CARTESIAN_POINT('',(3.370008137599,30.838238583441));
#1047 = CARTESIAN_POINT('',(3.382472553453,31.102107062073));
#1048 = CARTESIAN_POINT('',(3.393844757022,31.368241742223));
#1049 = CARTESIAN_POINT('',(3.404355030777,31.637492328006));
#1050 = CARTESIAN_POINT('',(3.433576365997,32.45429434757));
#1051 = CARTESIAN_POINT('',(3.450200937895,33.013417987992));
#1052 = CARTESIAN_POINT('',(3.464527382196,33.578174997069));
#1053 = CARTESIAN_POINT('',(3.476959485031,34.142399289304));
#1054 = CARTESIAN_POINT('',(3.487848905241,34.704842571345));
#1055 = CARTESIAN_POINT('',(3.497494529886,35.269220070227));
#1056 = CARTESIAN_POINT('',(3.506123127619,35.843410088885));
#1057 = ( GEOMETRIC_REPRESENTATION_CONTEXT(2) 
PARAMETRIC_REPRESENTATION_CONTEXT() REPRESENTATION_CONTEXT('2D SPACE',''
  ) );
#1058 = PCURVE('',#1059,#1064);
#1059 = CYLINDRICAL_SURFACE('',#1060,6.);
#1060 = AXIS2_PLACEMENT_3D('',#1061,#1062,#1063);
#1061 = CARTESIAN_POINT('',(0.,0.,0.));
#1062 = DIRECTION('',(0.888888888889,-0.111111111111,-0.444444444444));
#1063 = DIRECTION('',(0.4472135955,0.,0.894427191));
#1064 = DEFINITIONAL_REPRESENTATION('',(#1065),#1104);
#1065 = B_SPLINE_CURVE_WITH_KNOTS('',7,(#1066,#1067,#1068,#1069,#1070,
    #1071,#1072,#1073,#1074,#1075,#1076,#1077,#1078,#1079,#1080,#1081,
    #1082,#1083,#1084,#1085,#1086,#1087,#1088,#1089,#1090,#1091,#1092,
    #1093,#1094,#1095,#1096,#1097,#1098,#1099,#1100,#1101,#1102,#1103),
  .UNSPECIFIED.,.F.,.F.,(8,6,6,6,6,6,8),(0.,4.373402736895E-03,
    7.465771044954E-02,0.129046500441,0.223374263825,0.485588388219,1.),
  .UNSPECIFIED.);
#1066 = CARTESIAN_POINT('',(0.,33.00224852915));
#1067 = CARTESIAN_POINT('',(1.33199192776E-03,33.002117557397));
#1068 = CARTESIAN_POINT('',(2.664174413433E-03,33.002008549044));
#1069 = CARTESIAN_POINT('',(3.996509165863E-03,33.001921518949));
#1070 = CARTESIAN_POINT('',(5.328957841618E-03,33.001856478234));
#1071 = CARTESIAN_POINT('',(6.661482044988E-03,33.001813434278));
#1072 = CARTESIAN_POINT('',(7.994043327986E-03,33.001792390722));
#1073 = CARTESIAN_POINT('',(3.074197539498E-02,33.001808723186));
#1074 = CARTESIAN_POINT('',(5.208917843534E-02,33.007506221552));
#1075 = CARTESIAN_POINT('',(7.326350586622E-02,33.018820177322));
#1076 = CARTESIAN_POINT('',(9.415984008496E-02,33.035523916025));
#1077 = CARTESIAN_POINT('',(0.114670005026,33.057228226051));
#1078 = CARTESIAN_POINT('',(0.134680118856,33.083379830734));
#1079 = CARTESIAN_POINT('',(0.169071018186,33.136382214694));
#1080 = CARTESIAN_POINT('',(0.183744241456,33.161803040661));
#1081 = CARTESIAN_POINT('',(0.198089829714,33.189309222625));
#1082 = CARTESIAN_POINT('',(0.212110071045,33.218696890072));
#1083 = CARTESIAN_POINT('',(0.225807328386,33.249771417694));
#1084 = CARTESIAN_POINT('',(0.239184039523,33.282347425395));
#1085 = CARTESIAN_POINT('',(0.274890690105,33.375044695505));
#1086 = CARTESIAN_POINT('',(0.29661954676,33.437923758539));
#1087 = CARTESIAN_POINT('',(0.317485938489,33.50411744591));
#1088 = CARTESIAN_POINT('',(0.337550727719,33.573014819535));
#1089 = CARTESIAN_POINT('',(0.356879326774,33.644158334493));
#1090 = CARTESIAN_POINT('',(0.375542036767,33.717239648785));
#1091 = CARTESIAN_POINT('',(0.44385225065,34.00018097688));
#1092 = CARTESIAN_POINT('',(0.489986102863,34.223874660882));
#1093 = CARTESIAN_POINT('',(0.532499656703,34.456051075891));
#1094 = CARTESIAN_POINT('',(0.571897599807,34.69241278013));
#1095 = CARTESIAN_POINT('',(0.608741396848,34.931269916378));
#1096 = CARTESIAN_POINT('',(0.643659698109,35.173379145552));
#1097 = CARTESIAN_POINT('',(0.743394323816,35.90927606765));
#1098 = CARTESIAN_POINT('',(0.803808153998,36.414833094331));
#1099 = CARTESIAN_POINT('',(0.85941991112,36.927395062048));
#1100 = CARTESIAN_POINT('',(0.911009040912,37.441255357029));
#1101 = CARTESIAN_POINT('',(0.959375139483,37.955118567943));
#1102 = CARTESIAN_POINT('',(1.005382273647,38.472284497664));
#1103 = CARTESIAN_POINT('',(1.049941734584,39.0000006));
#1104 = ( GEOMETRIC_REPRESENTATION_CONTEXT(2) 
PARAMETRIC_REPRESENTATION_CONTEXT() REPRESENTATION_CONTEXT('2D SPACE',''
  ) );
#1105 = FACE_BOUND('',#1106,.T.);
#1106 = EDGE_LOOP('',(#1107));
#1107 = ORIENTED_EDGE('',*,*,#1108,.T.);
#1108 = EDGE_CURVE('',#1109,#1109,#1111,.T.);
#1109 = VERTEX_POINT('',#1110);
#1110 = CARTESIAN_POINT('',(31.69827890259,11.910196628655,
    -32.82298426296));
#1111 = SURFACE_CURVE('',#1112,(#1169,#1229),.PCURVE_S1.);
#1112 = B_SPLINE_CURVE_WITH_KNOTS('',7,(#1113,#1114,#1115,#1116,#1117,
    #1118,#1119,#1120,#1121,#1122,#1123,#1124,#1125,#1126,#1127,#1128,
    #1129,#1130,#1131,#1132,#1133,#1134,#1135,#1136,#1137,#1138,#1139,
    #1140,#1141,#1142,#1143,#1144,#1145,#1146,#1147,#1148,#1149,#1150,
    #1151,#1152,#1153,#1154,#1155,#1156,#1157,#1158,#1159,#1160,#1161,
    #1162,#1163,#1164,#1165,#1166,#1167,#1168),.UNSPECIFIED.,.T.,.F.,(8,
    6,6,6,6,6,6,6,6,8),(0.,6.17621254595E-02,0.134624444671,
    0.265633692396,0.387695468652,0.499702415323,0.63756049035,
    0.76557400751,0.887043068697,1.),.UNSPECIFIED.);
#1113 = CARTESIAN_POINT('',(31.69827890259,11.910196628655,
    -32.82298426296));
#1114 = CARTESIAN_POINT('',(31.696649320272,11.899115468889,
    -32.96426461771));
#1115 = CARTESIAN_POINT('',(31.703914366035,11.886959012605,
    -33.10285469687));
#1116 = CARTESIAN_POINT('',(31.719494623735,11.874005273242,
    -33.23838179774));
#1117 = CARTESIAN_POINT('',(31.742873920985,11.860487880245,
    -33.37055837308));
#1118 = CARTESIAN_POINT('',(31.773596993765,11.846601070539,
    -33.49916156272));
#1119 = CARTESIAN_POINT('',(31.81126715103,11.832504680002,
    -33.62401272518));
#1120 = CARTESIAN_POINT('',(31.907778370336,11.801605891005,
    -33.88763790931));
#1121 = CARTESIAN_POINT('',(31.969210668337,11.784771745229,
    -34.02489038141));
#1122 = CARTESIAN_POINT('',(32.039276505031,11.768042461557,
    -34.15643899091));
#1123 = CARTESIAN_POINT('',(32.117500978082,11.75158214515,
    -34.28203781925));
#1124 = CARTESIAN_POINT('',(32.203484824822,11.735509666766,
    -34.40144787498));
#1125 = CARTESIAN_POINT('',(32.296890635966,11.719905087154,
    -34.51441454484));
#1126 = CARTESIAN_POINT('',(32.578201033007,11.677685469781,
    -34.81165156279));
#1127 = CARTESIAN_POINT('',(32.781802159677,11.652255346356,
    -34.98063841806));
#1128 = CARTESIAN_POINT('',(33.006615900807,11.628765603283,
    -35.12617568415));
#1129 = CARTESIAN_POINT('',(33.251438844933,11.607132053888,
    -35.24612632371));
#1130 = CARTESIAN_POINT('',(33.51505546152,11.586993963648,
    -35.33749379479));
#1131 = CARTESIAN_POINT('',(33.795717255243,11.56760520911,
    -35.39619042388));
#1132 = CARTESIAN_POINT('',(34.364749414671,11.529296254151,
    -35.43580248231));
#1133 = CARTESIAN_POINT('',(34.65889795113,11.509921798198,
    -35.42228650704));
#1134 = CARTESIAN_POINT('',(34.964102272785,11.489142049204,
    -35.36785100236));
#1135 = CARTESIAN_POINT('',(35.270398233889,11.465777752707,
    -35.26732975919));
#1136 = CARTESIAN_POINT('',(35.567071298954,11.438416639782,
    -35.11837821306));
#1137 = CARTESIAN_POINT('',(35.84323640987,11.406398444299,
    -34.92115018711));
#1138 = CARTESIAN_POINT('',(36.312681073564,11.337362464344,
    -34.45525594524));
#1139 = CARTESIAN_POINT('',(36.499374200223,11.302670886774,
    -34.20526534698));
#1140 = CARTESIAN_POINT('',(36.645386308946,11.267353672621,
    -33.93654630306));
#1141 = CARTESIAN_POINT('',(36.750049597664,11.233163627356,
    -33.65776812152));
#1142 = CARTESIAN_POINT('',(36.81488011064,11.202199198825,
    -33.37768437822));
#1143 = CARTESIAN_POINT('',(36.843755055546,11.176089379921,
    -33.10475547558));
#1144 = CARTESIAN_POINT('',(36.842322997838,11.130177737293,
    -32.52921745747));
#1145 = CARTESIAN_POINT('',(36.79679595065,11.112475147373,
    -32.22492752342));
#1146 = CARTESIAN_POINT('',(36.713734637724,11.10354066908,
    -31.93807617389));
#1147 = CARTESIAN_POINT('',(36.598427437007,11.103930510695,
    -31.67084638889));
#1148 = CARTESIAN_POINT('',(36.454675990835,11.113783983477,
    -31.42466202007));
#1149 = CARTESIAN_POINT('',(36.285101944279,11.133065036346,
    -31.20088136137));
#1150 = CARTESIAN_POINT('',(35.911366696176,11.188026102244,
    -30.81615390009));
#1151 = CARTESIAN_POINT('',(35.710958909799,11.222375244148,
    -30.65229283953));
#1152 = CARTESIAN_POINT('',(35.491586726977,11.264373487523,
    -30.51119895391));
#1153 = CARTESIAN_POINT('',(35.254311698551,11.313602489148,
    -30.39493399507));
#1154 = CARTESIAN_POINT('',(35.000146308946,11.369387574038,
    -30.30637151811));
#1155 = CARTESIAN_POINT('',(34.730490939435,11.430561811487,
    -30.24940852364));
#1156 = CARTESIAN_POINT('',(34.179687513062,11.556512931061,
    -30.21016456696));
#1157 = CARTESIAN_POINT('',(33.892400547312,11.622644911229,
    -30.22368476264));
#1158 = CARTESIAN_POINT('',(33.5941285133,11.690612060904,
    -30.27812784385));
#1159 = CARTESIAN_POINT('',(33.29407583353,11.756415930275,
    -30.37865617497));
#1160 = CARTESIAN_POINT('',(33.002094727815,11.815620216976,
    -30.52761105572));
#1161 = CARTESIAN_POINT('',(32.728418518792,11.864459898869,
    -30.72483439928));
#1162 = CARTESIAN_POINT('',(32.255994374557,11.933934037727,
    -31.1936855878));
#1163 = CARTESIAN_POINT('',(32.065282813139,11.954548854475,
    -31.44727838299));
#1164 = CARTESIAN_POINT('',(31.91442679268,11.96253707927,
    -31.71989353232));
#1165 = CARTESIAN_POINT('',(31.804524739262,11.95947337021,
    -32.00256985465));
#1166 = CARTESIAN_POINT('',(31.734619758586,11.947915414168,
    -32.28629947992));
#1167 = CARTESIAN_POINT('',(31.70128444563,11.930634321328,
    -32.56241185611));
#1168 = CARTESIAN_POINT('',(31.69827890259,11.910196628655,
    -32.82298426296));
#1169 = PCURVE('',#114,#1170);
#1170 = DEFINITIONAL_REPRESENTATION('',(#1171),#1228);
#1171 = B_SPLINE_CURVE_WITH_KNOTS('',7,(#1172,#1173,#1174,#1175,#1176,
    #1177,#1178,#1179,#1180,#1181,#1182,#1183,#1184,#1185,#1186,#1187,
    #1188,#1189,#1190,#1191,#1192,#1193,#1194,#1195,#1196,#1197,#1198,
    #1199,#1200,#1201,#1202,#1203,#1204,#1205,#1206,#1207,#1208,#1209,
    #1210,#1211,#1212,#1213,#1214,#1215,#1216,#1217,#1218,#1219,#1220,
    #1221,#1222,#1223,#1224,#1225,#1226,#1227),.UNSPECIFIED.,.T.,.F.,(8,
    6,6,6,6,6,6,6,6,8),(0.,6.17621254595E-02,0.134624444671,
    0.265633692396,0.387695468652,0.499702415323,0.63756049035,
    0.76557400751,0.887043068697,1.),.UNSPECIFIED.);
#1172 = CARTESIAN_POINT('',(1.562671165656,44.178410621552));
#1173 = CARTESIAN_POINT('',(1.556633936406,44.279220248954));
#1174 = CARTESIAN_POINT('',(1.551096646417,44.384385225254));
#1175 = CARTESIAN_POINT('',(1.546049602309,44.493209645873));
#1176 = CARTESIAN_POINT('',(1.541482487702,44.605106730412));
#1177 = CARTESIAN_POINT('',(1.537385046347,44.719582089972));
#1178 = CARTESIAN_POINT('',(1.533747765255,44.836216994469));
#1179 = CARTESIAN_POINT('',(1.526804889227,45.094371943959));
#1180 = CARTESIAN_POINT('',(1.523676148971,45.236605665099));
#1181 = CARTESIAN_POINT('',(1.521163752595,45.380743135927));
#1182 = CARTESIAN_POINT('',(1.519257742161,45.526262973424));
#1183 = CARTESIAN_POINT('',(1.517951097505,45.672705778438));
#1184 = CARTESIAN_POINT('',(1.517240047467,45.819647835118));
#1185 = CARTESIAN_POINT('',(1.516916408609,46.231034957399));
#1186 = CARTESIAN_POINT('',(1.518633499632,46.495333962055));
#1187 = CARTESIAN_POINT('',(1.522265850704,46.75740653616));
#1188 = CARTESIAN_POINT('',(1.527850249177,47.014902240825));
#1189 = CARTESIAN_POINT('',(1.535458172689,47.264877132962));
#1190 = CARTESIAN_POINT('',(1.545183414154,47.503278556746));
#1191 = CARTESIAN_POINT('',(1.568249443882,47.92987664555));
#1192 = CARTESIAN_POINT('',(1.58160654948,48.126098222823));
#1193 = CARTESIAN_POINT('',(1.597171404919,48.300928584869));
#1194 = CARTESIAN_POINT('',(1.61473318235,48.44389491634));
#1195 = CARTESIAN_POINT('',(1.633938209961,48.546041382019));
#1196 = CARTESIAN_POINT('',(1.654329925779,48.6));
#1197 = CARTESIAN_POINT('',(1.694631894478,48.6));
#1198 = CARTESIAN_POINT('',(1.713452746438,48.554564697495));
#1199 = CARTESIAN_POINT('',(1.731343880976,48.467631315862));
#1200 = CARTESIAN_POINT('',(1.747907071614,48.344744217457));
#1201 = CARTESIAN_POINT('',(1.76282131647,48.192986406989));
#1202 = CARTESIAN_POINT('',(1.775875103726,48.020916206066));
#1203 = CARTESIAN_POINT('',(1.800695345253,47.613932355057));
#1204 = CARTESIAN_POINT('',(1.811873386144,47.367055515458));
#1205 = CARTESIAN_POINT('',(1.820647337653,47.105710974417));
#1206 = CARTESIAN_POINT('',(1.827134817774,46.835065357295));
#1207 = CARTESIAN_POINT('',(1.831429403245,46.558755574925));
#1208 = CARTESIAN_POINT('',(1.833581788336,46.27957171298));
#1209 = CARTESIAN_POINT('',(1.833581788336,45.740392731654));
#1210 = CARTESIAN_POINT('',(1.831725811788,45.481055528444));
#1211 = CARTESIAN_POINT('',(1.828020482871,45.224038688746));
#1212 = CARTESIAN_POINT('',(1.822429305937,44.971591825673));
#1213 = CARTESIAN_POINT('',(1.814883647083,44.726535927405));
#1214 = CARTESIAN_POINT('',(1.805294442512,44.492741305694));
#1215 = CARTESIAN_POINT('',(1.782442757767,44.070107451797));
#1216 = CARTESIAN_POINT('',(1.769084848099,43.873878810391));
#1217 = CARTESIAN_POINT('',(1.75351937091,43.699048977497));
#1218 = CARTESIAN_POINT('',(1.73595739025,43.556089206124));
#1219 = CARTESIAN_POINT('',(1.716752615048,43.453951455057));
#1220 = CARTESIAN_POINT('',(1.696361746419,43.4));
#1221 = CARTESIAN_POINT('',(1.6558039884,43.4));
#1222 = CARTESIAN_POINT('',(1.636746823176,43.446655133343));
#1223 = CARTESIAN_POINT('',(1.618654488334,43.5357967401));
#1224 = CARTESIAN_POINT('',(1.601934784006,43.661631499458));
#1225 = CARTESIAN_POINT('',(1.586914466619,43.81680791324));
#1226 = CARTESIAN_POINT('',(1.573806014227,43.992480969172));
#1227 = CARTESIAN_POINT('',(1.562671165656,44.178410621552));
#1228 = ( GEOMETRIC_REPRESENTATION_CONTEXT(2) 
PARAMETRIC_REPRESENTATION_CONTEXT() REPRESENTATION_CONTEXT('2D SPACE',''
  ) );
#1229 = PCURVE('',#1230,#1235);
#1230 = CYLINDRICAL_SURFACE('',#1231,2.6);
#1231 = AXIS2_PLACEMENT_3D('',#1232,#1233,#1234);
#1232 = CARTESIAN_POINT('',(34.576823536749,13.614146252398,
    -32.82298426296));
#1233 = DIRECTION('',(-0.145493990495,-0.989359135365,0.));
#1234 = DIRECTION('',(-0.989359135365,0.145493990495,0.));
#1235 = DEFINITIONAL_REPRESENTATION('',(#1236),#1293);
#1236 = B_SPLINE_CURVE_WITH_KNOTS('',7,(#1237,#1238,#1239,#1240,#1241,
    #1242,#1243,#1244,#1245,#1246,#1247,#1248,#1249,#1250,#1251,#1252,
    #1253,#1254,#1255,#1256,#1257,#1258,#1259,#1260,#1261,#1262,#1263,
    #1264,#1265,#1266,#1267,#1268,#1269,#1270,#1271,#1272,#1273,#1274,
    #1275,#1276,#1277,#1278,#1279,#1280,#1281,#1282,#1283,#1284,#1285,
    #1286,#1287,#1288,#1289,#1290,#1291,#1292),.UNSPECIFIED.,.F.,.F.,(8,
    6,6,6,6,6,6,6,6,8),(0.,6.17621254595E-02,0.134624444671,
    0.265633692396,0.387695468652,0.499702415323,0.63756049035,
    0.76557400751,0.887043068697,1.),.UNSPECIFIED.);
#1237 = CARTESIAN_POINT('',(0.,2.104629072093));
#1238 = CARTESIAN_POINT('',(5.433859797889E-02,2.115829413172));
#1239 = CARTESIAN_POINT('',(0.107642730562,2.126799493751));
#1240 = CARTESIAN_POINT('',(0.160030084594,2.137348560261));
#1241 = CARTESIAN_POINT('',(0.211608635645,2.147320569257));
#1242 = CARTESIAN_POINT('',(0.262479786225,2.156589588841));
#1243 = CARTESIAN_POINT('',(0.312741504004,2.165055200092));
#1244 = CARTESIAN_POINT('',(0.421182723482,2.181583396834));
#1245 = CARTESIAN_POINT('',(0.479165320296,2.189300382562));
#1246 = CARTESIAN_POINT('',(0.536589139456,2.195657494012));
#1247 = CARTESIAN_POINT('',(0.593593992549,2.200561467683));
#1248 = CARTESIAN_POINT('',(0.650314109217,2.20395278802));
#1249 = CARTESIAN_POINT('',(0.706882632619,2.205801337213));
#1250 = CARTESIAN_POINT('',(0.865121447566,2.20664272912));
#1251 = CARTESIAN_POINT('',(0.966628411871,2.202179513655));
#1252 = CARTESIAN_POINT('',(1.068843860797,2.192710257236));
#1253 = CARTESIAN_POINT('',(1.172546648289,2.178493339856));
#1254 = CARTESIAN_POINT('',(1.278568454992,2.160062509896));
#1255 = CARTESIAN_POINT('',(1.387759975263,2.138410346973));
#1256 = CARTESIAN_POINT('',(1.606963491582,2.093520901932));
#1257 = CARTESIAN_POINT('',(1.719343302174,2.069892352555));
#1258 = CARTESIAN_POINT('',(1.836834348055,2.046045592379));
#1259 = CARTESIAN_POINT('',(1.958609049694,2.024597050906));
#1260 = CARTESIAN_POINT('',(2.084266763595,2.008502869823));
#1261 = CARTESIAN_POINT('',(2.213675564822,2.));
#1262 = CARTESIAN_POINT('',(2.469438058488,2.));
#1263 = CARTESIAN_POINT('',(2.588877884693,2.007159701193));
#1264 = CARTESIAN_POINT('',(2.705338646505,2.020857225292));
#1265 = CARTESIAN_POINT('',(2.818575830181,2.03945557938));
#1266 = CARTESIAN_POINT('',(2.928132630696,2.06065806958));
#1267 = CARTESIAN_POINT('',(3.033214833986,2.082288926475));
#1268 = CARTESIAN_POINT('',(3.254584865434,2.127920385319));
#1269 = CARTESIAN_POINT('',(3.37146548353,2.152058516147));
#1270 = CARTESIAN_POINT('',(3.484477827935,2.172982845739));
#1271 = CARTESIAN_POINT('',(3.594635490324,2.189373657141));
#1272 = CARTESIAN_POINT('',(3.702940894566,2.200540005373));
#1273 = CARTESIAN_POINT('',(3.810318918175,2.206136124295));
#1274 = CARTESIAN_POINT('',(4.017695449454,2.206136124295));
#1275 = CARTESIAN_POINT('',(4.117440329854,2.201310615526));
#1276 = CARTESIAN_POINT('',(4.217919812593,2.191676604056));
#1277 = CARTESIAN_POINT('',(4.319875606952,2.177493532304));
#1278 = CARTESIAN_POINT('',(4.424098064121,2.15928158573));
#1279 = CARTESIAN_POINT('',(4.531397786043,2.13799153083));
#1280 = CARTESIAN_POINT('',(4.748564316604,2.093519228551));
#1281 = CARTESIAN_POINT('',(4.860949529625,2.069889476896));
#1282 = CARTESIAN_POINT('',(4.978443501772,2.046042344942));
#1283 = CARTESIAN_POINT('',(5.100218237376,2.024594547376));
#1284 = CARTESIAN_POINT('',(5.225873613345,2.008501741696));
#1285 = CARTESIAN_POINT('',(5.355277035143,2.));
#1286 = CARTESIAN_POINT('',(5.612662807189,2.));
#1287 = CARTESIAN_POINT('',(5.733602310063,2.007351928831));
#1288 = CARTESIAN_POINT('',(5.851458307242,2.021397350061));
#1289 = CARTESIAN_POINT('',(5.965997751764,2.040418546923));
#1290 = CARTESIAN_POINT('',(6.076767982765,2.062024270914));
#1291 = CARTESIAN_POINT('',(6.182965150698,2.08397156569));
#1292 = CARTESIAN_POINT('',(6.28318530718,2.104629072093));
#1293 = ( GEOMETRIC_REPRESENTATION_CONTEXT(2) 
PARAMETRIC_REPRESENTATION_CONTEXT() REPRESENTATION_CONTEXT('2D SPACE',''
  ) );
#1294 = FACE_BOUND('',#1295,.T.);
#1295 = EDGE_LOOP('',(#1296));
#1296 = ORIENTED_EDGE('',*,*,#1297,.F.);
#1297 = EDGE_CURVE('',#1298,#1298,#1300,.T.);
#1298 = VERTEX_POINT('',#1299);
#1299 = CARTESIAN_POINT('',(26.927423018702,-20.53162338178,
    -32.82298426296));
#1300 = SURFACE_CURVE('',#1301,(#1358,#1418),.PCURVE_S1.);
#1301 = B_SPLINE_CURVE_WITH_KNOTS('',7,(#1302,#1303,#1304,#1305,#1306,
    #1307,#1308,#1309,#1310,#1311,#1312,#1313,#1314,#1315,#1316,#1317,
    #1318,#1319,#1320,#1321,#1322,#1323,#1324,#1325,#1326,#1327,#1328,
    #1329,#1330,#1331,#1332,#1333,#1334,#1335,#1336,#1337,#1338,#1339,
    #1340,#1341,#1342,#1343,#1344,#1345,#1346,#1347,#1348,#1349,#1350,
    #1351,#1352,#1353,#1354,#1355,#1356,#1357),.UNSPECIFIED.,.T.,.F.,(8,
    6,6,6,6,6,6,6,6,8),(0.,6.17621254604E-02,0.134624444673,
    0.265633692401,0.387695468658,0.499702415338,0.637560490365,
    0.765574007525,0.887043068712,1.),.UNSPECIFIED.);
#1302 = CARTESIAN_POINT('',(26.927423018702,-20.53162338178,
    -32.82298426296));
#1303 = CARTESIAN_POINT('',(26.92905260102,-20.52054222202,
    -32.96426461771));
#1304 = CARTESIAN_POINT('',(26.939509808383,-20.51099197943,
    -33.10285469687));
#1305 = CARTESIAN_POINT('',(26.958159717648,-20.50307208815,
    -33.23838179774));
#1306 = CARTESIAN_POINT('',(26.984440749662,-20.49685768475,
    -33.37055837308));
#1307 = CARTESIAN_POINT('',(27.017860995737,-20.49240371605,
    -33.49916156272));
#1308 = CARTESIAN_POINT('',(27.057994544128,-20.48974904693,
    -33.62401272518));
#1309 = CARTESIAN_POINT('',(27.159315270032,-20.48794319105,
    -33.88763790931));
#1310 = CARTESIAN_POINT('',(27.22299311813,-20.48950759618,
    -34.02489038141));
#1311 = CARTESIAN_POINT('',(27.29490879785,-20.49365794727,
    -34.15643899091));
#1312 = CARTESIAN_POINT('',(27.374560268298,-20.50041468138,
    -34.28203781925));
#1313 = CARTESIAN_POINT('',(27.461530948496,-20.50977669225,
    -34.40144787498));
#1314 = CARTESIAN_POINT('',(27.555474665237,-20.5217235138,
    -34.51441454484));
#1315 = CARTESIAN_POINT('',(27.837029897211,-20.56227825363,
    -34.81165156279));
#1316 = CARTESIAN_POINT('',(28.039332281823,-20.59653982304,
    -34.98063841806));
#1317 = CARTESIAN_POINT('',(28.261390583147,-20.6387665568,
    -35.12617568415));
#1318 = CARTESIAN_POINT('',(28.502076575188,-20.68853138037,
    -35.24612632371));
#1319 = CARTESIAN_POINT('',(28.760330041777,-20.7451388906,
    -35.33749379479));
#1320 = CARTESIAN_POINT('',(29.034691316328,-20.80737117551,
    -35.39619042388));
#1321 = CARTESIAN_POINT('',(29.590661186775,-20.93450369554,
    -35.43580248231));
#1322 = CARTESIAN_POINT('',(29.877934099358,-21.00063239385,
    -35.42228650704));
#1323 = CARTESIAN_POINT('',(30.176199300414,-21.06859816291,
    -35.36785100236));
#1324 = CARTESIAN_POINT('',(30.476253993743,-21.1344030803,
    -35.26732975919));
#1325 = CARTESIAN_POINT('',(30.768243845547,-21.19361004338,
    -35.11837821306));
#1326 = CARTESIAN_POINT('',(31.04193472354,-21.24245302274,
    -34.92115018711));
#1327 = CARTESIAN_POINT('',(31.511379387249,-21.31148900269,
    -34.45525594522));
#1328 = CARTESIAN_POINT('',(31.70015590087,-21.33201354869,
    -34.20526534699));
#1329 = CARTESIAN_POINT('',(31.850153824493,-21.34022722165,
    -33.93654630308));
#1330 = CARTESIAN_POINT('',(31.960229010728,-21.33761636388,
    -33.65776812151));
#1331 = CARTESIAN_POINT('',(32.031229193505,-21.32662703766,
    -33.3776843782));
#1332 = CARTESIAN_POINT('',(32.066398457789,-21.30993548482,
    -33.1047554756));
#1333 = CARTESIAN_POINT('',(32.07824460616,-21.26555532611,
    -32.52921745747));
#1334 = CARTESIAN_POINT('',(32.039741464926,-21.23549535554,
    -32.22492752342));
#1335 = CARTESIAN_POINT('',(31.962768880422,-21.20302648057,
    -31.93807617389));
#1336 = CARTESIAN_POINT('',(31.852231208822,-21.17020384096,
    -31.67084638889));
#1337 = CARTESIAN_POINT('',(31.711729035776,-21.13825531092,
    -31.42466202007));
#1338 = CARTESIAN_POINT('',(31.543783392567,-21.10790111529,
    -31.20088136137));
#1339 = CARTESIAN_POINT('',(31.170048144464,-21.05294004939,
    -30.81615390009));
#1340 = CARTESIAN_POINT('',(30.968236193034,-21.02813922985,
    -30.65229283953));
#1341 = CARTESIAN_POINT('',(30.746060628664,-21.005203981,
    -30.51119895391));
#1342 = CARTESIAN_POINT('',(30.504658496826,-20.98403928258,
    -30.39493399507));
#1343 = CARTESIAN_POINT('',(30.245193649656,-20.96429050912,
    -30.30637151811));
#1344 = CARTESIAN_POINT('',(29.969343130055,-20.94524329229,
    -30.24940852364));
#1345 = CARTESIAN_POINT('',(29.405598798232,-20.90729032978,
    -30.21016456696));
#1346 = CARTESIAN_POINT('',(29.111435858757,-20.88791497094,
    -30.22368476264));
#1347 = CARTESIAN_POINT('',(28.806224595966,-20.86713457697,
    -30.27812784385));
#1348 = CARTESIAN_POINT('',(28.499930864885,-20.84376985651,
    -30.37865617497));
#1349 = CARTESIAN_POINT('',(28.203266946136,-20.81640869843,
    -30.52761105572));
#1350 = CARTESIAN_POINT('',(27.927116832463,-20.78439156817,
    -30.72483439928));
#1351 = CARTESIAN_POINT('',(27.454692688258,-20.71491742931,
    -31.19368558777));
#1352 = CARTESIAN_POINT('',(27.266120449698,-20.67975521665,
    -31.44727838302));
#1353 = CARTESIAN_POINT('',(27.119351478042,-20.64397506025,
    -31.71989353237));
#1354 = CARTESIAN_POINT('',(27.014984364321,-20.60940117956,
    -32.00256985462));
#1355 = CARTESIAN_POINT('',(26.951366389612,-20.57820749478,
    -32.28629947987));
#1356 = CARTESIAN_POINT('',(26.924417475662,-20.55206107445,
    -32.56241185615));
#1357 = CARTESIAN_POINT('',(26.927423018702,-20.53162338178,
    -32.82298426296));
#1358 = PCURVE('',#114,#1359);
#1359 = DEFINITIONAL_REPRESENTATION('',(#1360),#1417);
#1360 = B_SPLINE_CURVE_WITH_KNOTS('',7,(#1361,#1362,#1363,#1364,#1365,
    #1366,#1367,#1368,#1369,#1370,#1371,#1372,#1373,#1374,#1375,#1376,
    #1377,#1378,#1379,#1380,#1381,#1382,#1383,#1384,#1385,#1386,#1387,
    #1388,#1389,#1390,#1391,#1392,#1393,#1394,#1395,#1396,#1397,#1398,
    #1399,#1400,#1401,#1402,#1403,#1404,#1405,#1406,#1407,#1408,#1409,
    #1410,#1411,#1412,#1413,#1414,#1415,#1416),.UNSPECIFIED.,.T.,.F.,(8,
    6,6,6,6,6,6,6,6,8),(0.,6.17621254604E-02,0.134624444673,
    0.265633692401,0.387695468658,0.499702415338,0.637560490365,
    0.765574007525,0.887043068712,1.),.UNSPECIFIED.);
#1361 = CARTESIAN_POINT('',(4.929614549435,44.178410621552));
#1362 = CARTESIAN_POINT('',(4.935651778684,44.279220248954));
#1363 = CARTESIAN_POINT('',(4.941189068673,44.384385225254));
#1364 = CARTESIAN_POINT('',(4.946236112781,44.493209645873));
#1365 = CARTESIAN_POINT('',(4.950803227388,44.605106730412));
#1366 = CARTESIAN_POINT('',(4.954900668744,44.719582089972));
#1367 = CARTESIAN_POINT('',(4.958537949836,44.836216994469));
#1368 = CARTESIAN_POINT('',(4.965480825864,45.094371943959));
#1369 = CARTESIAN_POINT('',(4.968609566119,45.236605665099));
#1370 = CARTESIAN_POINT('',(4.971121962495,45.380743135927));
#1371 = CARTESIAN_POINT('',(4.973027972929,45.526262973424));
#1372 = CARTESIAN_POINT('',(4.974334617586,45.672705778438));
#1373 = CARTESIAN_POINT('',(4.975045667624,45.819647835118));
#1374 = CARTESIAN_POINT('',(4.975369306482,46.231034957399));
#1375 = CARTESIAN_POINT('',(4.973652215458,46.495333962055));
#1376 = CARTESIAN_POINT('',(4.970019864386,46.75740653616));
#1377 = CARTESIAN_POINT('',(4.964435465914,47.014902240826));
#1378 = CARTESIAN_POINT('',(4.956827542402,47.264877132962));
#1379 = CARTESIAN_POINT('',(4.947102300937,47.503278556746));
#1380 = CARTESIAN_POINT('',(4.924036271208,47.92987664555));
#1381 = CARTESIAN_POINT('',(4.91067916561,48.126098222824));
#1382 = CARTESIAN_POINT('',(4.895114310172,48.300928584868));
#1383 = CARTESIAN_POINT('',(4.877552532741,48.443894916341));
#1384 = CARTESIAN_POINT('',(4.85834750513,48.546041382018));
#1385 = CARTESIAN_POINT('',(4.837955789312,48.6));
#1386 = CARTESIAN_POINT('',(4.797653820612,48.6));
#1387 = CARTESIAN_POINT('',(4.778832968654,48.554564697489));
#1388 = CARTESIAN_POINT('',(4.760941834115,48.467631315875));
#1389 = CARTESIAN_POINT('',(4.744378643476,48.344744217457));
#1390 = CARTESIAN_POINT('',(4.72946439862,48.192986406969));
#1391 = CARTESIAN_POINT('',(4.716410611365,48.02091620608));
#1392 = CARTESIAN_POINT('',(4.691590369838,47.613932355057));
#1393 = CARTESIAN_POINT('',(4.680412328947,47.367055515458));
#1394 = CARTESIAN_POINT('',(4.671638377438,47.105710974417));
#1395 = CARTESIAN_POINT('',(4.665150897317,46.835065357296));
#1396 = CARTESIAN_POINT('',(4.660856311845,46.558755574924));
#1397 = CARTESIAN_POINT('',(4.658703926754,46.279571712981));
#1398 = CARTESIAN_POINT('',(4.658703926754,45.740392731654));
#1399 = CARTESIAN_POINT('',(4.660559903302,45.481055528444));
#1400 = CARTESIAN_POINT('',(4.664265232219,45.224038688746));
#1401 = CARTESIAN_POINT('',(4.669856409153,44.971591825674));
#1402 = CARTESIAN_POINT('',(4.677402068008,44.726535927404));
#1403 = CARTESIAN_POINT('',(4.686991272578,44.492741305694));
#1404 = CARTESIAN_POINT('',(4.709842957324,44.070107451797));
#1405 = CARTESIAN_POINT('',(4.723200866992,43.873878810391));
#1406 = CARTESIAN_POINT('',(4.73876634418,43.699048977497));
#1407 = CARTESIAN_POINT('',(4.75632832484,43.556089206124));
#1408 = CARTESIAN_POINT('',(4.775533100042,43.453951455057));
#1409 = CARTESIAN_POINT('',(4.795923968672,43.4));
#1410 = CARTESIAN_POINT('',(4.836481726688,43.4));
#1411 = CARTESIAN_POINT('',(4.855538891918,43.446655133331));
#1412 = CARTESIAN_POINT('',(4.873631226759,43.535796740128));
#1413 = CARTESIAN_POINT('',(4.890350931082,43.661631499458));
#1414 = CARTESIAN_POINT('',(4.90537124847,43.816807913197));
#1415 = CARTESIAN_POINT('',(4.918479700866,43.992480969204));
#1416 = CARTESIAN_POINT('',(4.929614549435,44.178410621552));
#1417 = ( GEOMETRIC_REPRESENTATION_CONTEXT(2) 
PARAMETRIC_REPRESENTATION_CONTEXT() REPRESENTATION_CONTEXT('2D SPACE',''
  ) );
#1418 = PCURVE('',#1419,#1424);
#1419 = CYLINDRICAL_SURFACE('',#1420,2.6);
#1420 = AXIS2_PLACEMENT_3D('',#1421,#1422,#1423);
#1421 = CARTESIAN_POINT('',(34.576823536749,13.614146252398,
    -32.82298426296));
#1422 = DIRECTION('',(-0.145493990495,-0.989359135365,0.));
#1423 = DIRECTION('',(-0.989359135365,0.145493990495,0.));
#1424 = DEFINITIONAL_REPRESENTATION('',(#1425),#1482);
#1425 = B_SPLINE_CURVE_WITH_KNOTS('',7,(#1426,#1427,#1428,#1429,#1430,
    #1431,#1432,#1433,#1434,#1435,#1436,#1437,#1438,#1439,#1440,#1441,
    #1442,#1443,#1444,#1445,#1446,#1447,#1448,#1449,#1450,#1451,#1452,
    #1453,#1454,#1455,#1456,#1457,#1458,#1459,#1460,#1461,#1462,#1463,
    #1464,#1465,#1466,#1467,#1468,#1469,#1470,#1471,#1472,#1473,#1474,
    #1475,#1476,#1477,#1478,#1479,#1480,#1481),.UNSPECIFIED.,.F.,.F.,(8,
    6,6,6,6,6,6,6,6,8),(0.,6.17621254604E-02,0.134624444673,
    0.265633692401,0.387695468658,0.499702415338,0.637560490365,
    0.765574007525,0.887043068712,1.),.UNSPECIFIED.);
#1426 = CARTESIAN_POINT('',(0.,34.895370927907));
#1427 = CARTESIAN_POINT('',(5.433859797903E-02,34.884170586828));
#1428 = CARTESIAN_POINT('',(0.107642730562,34.873200506249));
#1429 = CARTESIAN_POINT('',(0.160030084594,34.862651439739));
#1430 = CARTESIAN_POINT('',(0.211608635645,34.852679430743));
#1431 = CARTESIAN_POINT('',(0.262479786225,34.843410411159));
#1432 = CARTESIAN_POINT('',(0.312741504004,34.834944799908));
#1433 = CARTESIAN_POINT('',(0.421182723482,34.818416603166));
#1434 = CARTESIAN_POINT('',(0.479165320296,34.810699617438));
#1435 = CARTESIAN_POINT('',(0.536589139457,34.804342505988));
#1436 = CARTESIAN_POINT('',(0.593593992549,34.799438532317));
#1437 = CARTESIAN_POINT('',(0.650314109217,34.79604721198));
#1438 = CARTESIAN_POINT('',(0.70688263262,34.794198662787));
#1439 = CARTESIAN_POINT('',(0.865121447567,34.79335727088));
#1440 = CARTESIAN_POINT('',(0.966628411871,34.797820486345));
#1441 = CARTESIAN_POINT('',(1.068843860797,34.807289742764));
#1442 = CARTESIAN_POINT('',(1.172546648289,34.821506660144));
#1443 = CARTESIAN_POINT('',(1.278568454992,34.839937490104));
#1444 = CARTESIAN_POINT('',(1.387759975263,34.861589653027));
#1445 = CARTESIAN_POINT('',(1.606963491582,34.906479098068));
#1446 = CARTESIAN_POINT('',(1.719343302174,34.930107647445));
#1447 = CARTESIAN_POINT('',(1.836834348054,34.953954407621));
#1448 = CARTESIAN_POINT('',(1.958609049695,34.975402949094));
#1449 = CARTESIAN_POINT('',(2.084266763595,34.991497130177));
#1450 = CARTESIAN_POINT('',(2.213675564822,35.));
#1451 = CARTESIAN_POINT('',(2.469438058496,35.));
#1452 = CARTESIAN_POINT('',(2.588877884685,34.992840298806));
#1453 = CARTESIAN_POINT('',(2.705338646501,34.97914277471));
#1454 = CARTESIAN_POINT('',(2.818575830184,34.960544420619));
#1455 = CARTESIAN_POINT('',(2.928132630705,34.939341930418));
#1456 = CARTESIAN_POINT('',(3.033214833979,34.917711073526));
#1457 = CARTESIAN_POINT('',(3.254584865434,34.872079614681));
#1458 = CARTESIAN_POINT('',(3.37146548353,34.847941483853));
#1459 = CARTESIAN_POINT('',(3.484477827935,34.827017154261));
#1460 = CARTESIAN_POINT('',(3.594635490324,34.810626342858));
#1461 = CARTESIAN_POINT('',(3.702940894566,34.799459994628));
#1462 = CARTESIAN_POINT('',(3.810318918175,34.793863875705));
#1463 = CARTESIAN_POINT('',(4.017695449455,34.793863875705));
#1464 = CARTESIAN_POINT('',(4.117440329854,34.798689384474));
#1465 = CARTESIAN_POINT('',(4.217919812593,34.808323395944));
#1466 = CARTESIAN_POINT('',(4.319875606952,34.822506467696));
#1467 = CARTESIAN_POINT('',(4.424098064121,34.84071841427));
#1468 = CARTESIAN_POINT('',(4.531397786043,34.86200846917));
#1469 = CARTESIAN_POINT('',(4.748564316604,34.906480771449));
#1470 = CARTESIAN_POINT('',(4.860949529625,34.930110523104));
#1471 = CARTESIAN_POINT('',(4.978443501772,34.953957655058));
#1472 = CARTESIAN_POINT('',(5.100218237376,34.975405452624));
#1473 = CARTESIAN_POINT('',(5.225873613346,34.991498258305));
#1474 = CARTESIAN_POINT('',(5.355277035143,35.));
#1475 = CARTESIAN_POINT('',(5.612662807173,35.));
#1476 = CARTESIAN_POINT('',(5.733602310079,34.992648071171));
#1477 = CARTESIAN_POINT('',(5.851458307253,34.978602649934));
#1478 = CARTESIAN_POINT('',(5.965997751756,34.959581453079));
#1479 = CARTESIAN_POINT('',(6.076767982745,34.937975729091));
#1480 = CARTESIAN_POINT('',(6.182965150715,34.916028434306));
#1481 = CARTESIAN_POINT('',(6.28318530718,34.895370927907));
#1482 = ( GEOMETRIC_REPRESENTATION_CONTEXT(2) 
PARAMETRIC_REPRESENTATION_CONTEXT() REPRESENTATION_CONTEXT('2D SPACE',''
  ) );
#1483 = ADVANCED_FACE('',(#1484,#1987,#2182),#303,.T.);
#1484 = FACE_BOUND('',#1485,.T.);
#1485 = EDGE_LOOP('',(#1486,#1487,#1488,#1489,#1581,#1709,#1834,#1857,
    #1884,#1885));
#1486 = ORIENTED_EDGE('',*,*,#644,.T.);
#1487 = ORIENTED_EDGE('',*,*,#612,.T.);
#1488 = ORIENTED_EDGE('',*,*,#184,.T.);
#1489 = ORIENTED_EDGE('',*,*,#1490,.F.);
#1490 = EDGE_CURVE('',#1491,#156,#1493,.T.);
#1491 = VERTEX_POINT('',#1492);
#1492 = CARTESIAN_POINT('',(-5.220153254455,-12.99038105676,
    15.652475842499));
#1493 = SURFACE_CURVE('',#1494,(#1521,#1551),.PCURVE_S1.);
#1494 = B_SPLINE_CURVE_WITH_KNOTS('',5,(#1495,#1496,#1497,#1498,#1499,
    #1500,#1501,#1502,#1503,#1504,#1505,#1506,#1507,#1508,#1509,#1510,
    #1511,#1512,#1513,#1514,#1515,#1516,#1517,#1518,#1519,#1520),
  .UNSPECIFIED.,.F.,.F.,(6,4,4,4,4,4,6),(0.,0.195302569667,
    0.297440255904,0.498792351917,0.702580272368,0.804557556628,1.),
  .UNSPECIFIED.);
#1495 = CARTESIAN_POINT('',(-5.220154747562,-12.99038045676,
    15.652475344542));
#1496 = CARTESIAN_POINT('',(-4.865720465789,-13.13280906421,
    15.770680405274));
#1497 = CARTESIAN_POINT('',(-4.498974281474,-13.2661450721,
    15.881843486556));
#1498 = CARTESIAN_POINT('',(-4.120232953932,-13.38907975098,
    15.984730617403));
#1499 = CARTESIAN_POINT('',(-3.729902785664,-13.5003192444,
    16.078115597332));
#1500 = CARTESIAN_POINT('',(-3.118546952351,-13.64995886692,
    16.204030554163));
#1501 = CARTESIAN_POINT('',(-2.905633767493,-13.69777906332,
    16.244328780321));
#1502 = CARTESIAN_POINT('',(-2.689952197226,-13.74182043001,
    16.281489354741));
#1503 = CARTESIAN_POINT('',(-2.471720092333,-13.78189164056,
    16.315335384575));
#1504 = CARTESIAN_POINT('',(-1.816355929193,-13.88866173005,
    16.405593333083));
#1505 = CARTESIAN_POINT('',(-1.372224192236,-13.94346173347,
    16.452028129507));
#1506 = CARTESIAN_POINT('',(-0.921706352221,-13.98069075349,
    16.483616636115));
#1507 = CARTESIAN_POINT('',(-0.467781917655,-13.99955644835,
    16.499623653199));
#1508 = CARTESIAN_POINT('',(0.446340459426,-14.00043588145,
    16.500369838766));
#1509 = CARTESIAN_POINT('',(0.905840684357,-13.98200035052,
    16.484727835034));
#1510 = CARTESIAN_POINT('',(1.361916766268,-13.94473996498,
    16.45311124319));
#1511 = CARTESIAN_POINT('',(1.811491527311,-13.88946629789,
    16.40627339807));
#1512 = CARTESIAN_POINT('',(2.471730108122,-13.7818839597,
    16.315328929314));
#1513 = CARTESIAN_POINT('',(2.689609977585,-13.7418788069,
    16.281538702547));
#1514 = CARTESIAN_POINT('',(2.904947631717,-13.6979162448,
    16.244444564085));
#1515 = CARTESIAN_POINT('',(3.11752628913,-13.65018665156,
    16.204222530467));
#1516 = CARTESIAN_POINT('',(3.728856207567,-13.50061744646,
    16.078365937515));
#1517 = CARTESIAN_POINT('',(4.119471248106,-13.38932697496,
    15.984937526103));
#1518 = CARTESIAN_POINT('',(4.49848270675,-13.26632379896,15.88199249202
    ));
#1519 = CARTESIAN_POINT('',(4.86548310413,-13.13290444745,
    15.770759566209));
#1520 = CARTESIAN_POINT('',(5.220154747562,-12.99038045676,
    15.652475344542));
#1521 = PCURVE('',#303,#1522);
#1522 = DEFINITIONAL_REPRESENTATION('',(#1523),#1550);
#1523 = B_SPLINE_CURVE_WITH_KNOTS('',5,(#1524,#1525,#1526,#1527,#1528,
    #1529,#1530,#1531,#1532,#1533,#1534,#1535,#1536,#1537,#1538,#1539,
    #1540,#1541,#1542,#1543,#1544,#1545,#1546,#1547,#1548,#1549),
  .UNSPECIFIED.,.F.,.F.,(6,4,4,4,4,4,6),(0.,0.195302569667,
    0.297440255904,0.498792351917,0.702580272368,0.804557556628,1.),
  .UNSPECIFIED.);
#1524 = CARTESIAN_POINT('',(3.46349631777,12.990380456765));
#1525 = CARTESIAN_POINT('',(3.440852341404,13.132809064215));
#1526 = CARTESIAN_POINT('',(3.417635539916,13.266145072102));
#1527 = CARTESIAN_POINT('',(3.39386359902,13.389079750989));
#1528 = CARTESIAN_POINT('',(3.369551845761,13.500319244406));
#1529 = CARTESIAN_POINT('',(3.331722276221,13.649958866924));
#1530 = CARTESIAN_POINT('',(3.318591054272,13.697779063327));
#1531 = CARTESIAN_POINT('',(3.305329267534,13.741820430011));
#1532 = CARTESIAN_POINT('',(3.291946900224,13.781891640567));
#1533 = CARTESIAN_POINT('',(3.251852947954,13.888661730056));
#1534 = CARTESIAN_POINT('',(3.22480360788,13.943461733476));
#1535 = CARTESIAN_POINT('',(3.197454430469,13.980690753494));
#1536 = CARTESIAN_POINT('',(3.169943082106,13.999556448356));
#1537 = CARTESIAN_POINT('',(3.114541707461,14.000435881459));
#1538 = CARTESIAN_POINT('',(3.086693998921,13.982000350525));
#1539 = CARTESIAN_POINT('',(3.059009486008,13.944739964988));
#1540 = CARTESIAN_POINT('',(3.031630037998,13.889466297891));
#1541 = CARTESIAN_POINT('',(2.991237752234,13.781883959709));
#1542 = CARTESIAN_POINT('',(2.97787698904,13.741878806903));
#1543 = CARTESIAN_POINT('',(2.964636415135,13.697916244801));
#1544 = CARTESIAN_POINT('',(2.951525964763,13.650186651568));
#1545 = CARTESIAN_POINT('',(2.913698646948,13.500617446464));
#1546 = CARTESIAN_POINT('',(2.889369516841,13.389326974963));
#1547 = CARTESIAN_POINT('',(2.865580886433,13.266323798968));
#1548 = CARTESIAN_POINT('',(2.842348130257,13.132904447456));
#1549 = CARTESIAN_POINT('',(2.81968898941,12.990380456765));
#1550 = ( GEOMETRIC_REPRESENTATION_CONTEXT(2) 
PARAMETRIC_REPRESENTATION_CONTEXT() REPRESENTATION_CONTEXT('2D SPACE',''
  ) );
#1551 = PCURVE('',#172,#1552);
#1552 = DEFINITIONAL_REPRESENTATION('',(#1553),#1580);
#1553 = B_SPLINE_CURVE_WITH_KNOTS('',5,(#1554,#1555,#1556,#1557,#1558,
    #1559,#1560,#1561,#1562,#1563,#1564,#1565,#1566,#1567,#1568,#1569,
    #1570,#1571,#1572,#1573,#1574,#1575,#1576,#1577,#1578,#1579),
  .UNSPECIFIED.,.F.,.F.,(6,4,4,4,4,4,6),(0.,0.195302569667,
    0.297440255904,0.498792351917,0.702580272368,0.804557556628,1.),
  .UNSPECIFIED.);
#1554 = CARTESIAN_POINT('',(4.330290758172,15.652475344542));
#1555 = CARTESIAN_POINT('',(4.357575123165,15.770680405274));
#1556 = CARTESIAN_POINT('',(4.385433319328,15.881843486556));
#1557 = CARTESIAN_POINT('',(4.413851831907,15.984730617403));
#1558 = CARTESIAN_POINT('',(4.442822203479,16.078115597332));
#1559 = CARTESIAN_POINT('',(4.487779551267,16.204030554163));
#1560 = CARTESIAN_POINT('',(4.50336364134,16.244328780321));
#1561 = CARTESIAN_POINT('',(4.519083335827,16.281489354741));
#1562 = CARTESIAN_POINT('',(4.534928729614,16.315335384575));
#1563 = CARTESIAN_POINT('',(4.582357625823,16.405593333083));
#1564 = CARTESIAN_POINT('',(4.614297925944,16.452028129507));
#1565 = CARTESIAN_POINT('',(4.646551517828,16.483616636115));
#1566 = CARTESIAN_POINT('',(4.678975971101,16.499623653199));
#1567 = CARTESIAN_POINT('',(4.744270456823,16.500369838766));
#1568 = CARTESIAN_POINT('',(4.777090617178,16.484727835034));
#1569 = CARTESIAN_POINT('',(4.809738723202,16.45311124319));
#1570 = CARTESIAN_POINT('',(4.842068158081,16.40627339807));
#1571 = CARTESIAN_POINT('',(4.889850025483,16.315328929314));
#1572 = CARTESIAN_POINT('',(4.905669837011,16.281538702547));
#1573 = CARTESIAN_POINT('',(4.921364355876,16.244444564085));
#1574 = CARTESIAN_POINT('',(4.936923727074,16.204222530467));
#1575 = CARTESIAN_POINT('',(4.981878081264,16.078365937515));
#1576 = CARTESIAN_POINT('',(5.010868975407,15.984937526103));
#1577 = CARTESIAN_POINT('',(5.039307301021,15.88199249202));
#1578 = CARTESIAN_POINT('',(5.067184565495,15.770759566209));
#1579 = CARTESIAN_POINT('',(5.094487202597,15.652475344542));
#1580 = ( GEOMETRIC_REPRESENTATION_CONTEXT(2) 
PARAMETRIC_REPRESENTATION_CONTEXT() REPRESENTATION_CONTEXT('2D SPACE',''
  ) );
#1581 = ORIENTED_EDGE('',*,*,#1582,.T.);
#1582 = EDGE_CURVE('',#1491,#1583,#1585,.T.);
#1583 = VERTEX_POINT('',#1584);
#1584 = CARTESIAN_POINT('',(-5.356693151446,-12.99038105676,
    -15.60627561211));
#1585 = SURFACE_CURVE('',#1586,(#1591,#1598),.PCURVE_S1.);
#1586 = CIRCLE('',#1587,16.5);
#1587 = AXIS2_PLACEMENT_3D('',#1588,#1589,#1590);
#1588 = CARTESIAN_POINT('',(0.,-12.99038105676,0.));
#1589 = DIRECTION('',(0.,-1.,0.));
#1590 = DIRECTION('',(0.,-0.,-1.));
#1591 = PCURVE('',#303,#1592);
#1592 = DEFINITIONAL_REPRESENTATION('',(#1593),#1597);
#1593 = LINE('',#1594,#1595);
#1594 = CARTESIAN_POINT('',(0.,12.990381056767));
#1595 = VECTOR('',#1596,1.);
#1596 = DIRECTION('',(1.,0.));
#1597 = ( GEOMETRIC_REPRESENTATION_CONTEXT(2) 
PARAMETRIC_REPRESENTATION_CONTEXT() REPRESENTATION_CONTEXT('2D SPACE',''
  ) );
#1598 = PCURVE('',#143,#1599);
#1599 = DEFINITIONAL_REPRESENTATION('',(#1600),#1708);
#1600 = B_SPLINE_CURVE_WITH_KNOTS('',8,(#1601,#1602,#1603,#1604,#1605,
    #1606,#1607,#1608,#1609,#1610,#1611,#1612,#1613,#1614,#1615,#1616,
    #1617,#1618,#1619,#1620,#1621,#1622,#1623,#1624,#1625,#1626,#1627,
    #1628,#1629,#1630,#1631,#1632,#1633,#1634,#1635,#1636,#1637,#1638,
    #1639,#1640,#1641,#1642,#1643,#1644,#1645,#1646,#1647,#1648,#1649,
    #1650,#1651,#1652,#1653,#1654,#1655,#1656,#1657,#1658,#1659,#1660,
    #1661,#1662,#1663,#1664,#1665,#1666,#1667,#1668,#1669,#1670,#1671,
    #1672,#1673,#1674,#1675,#1676,#1677,#1678,#1679,#1680,#1681,#1682,
    #1683,#1684,#1685,#1686,#1687,#1688,#1689,#1690,#1691,#1692,#1693,
    #1694,#1695,#1696,#1697,#1698,#1699,#1700,#1701,#1702,#1703,#1704,
    #1705,#1706,#1707),.UNSPECIFIED.,.T.,.F.,(9,7,7,7,7,7,7,7,7,7,7,7,7,
    7,7,9),(0.,0.392699081699,0.760854470791,1.106000148066,
    1.753148292955,2.319402919733,2.567139318948,2.799392193213,
    3.234866332459,3.615906204299,3.949316092159,4.532783395914,
    4.97038387373,5.626784590455,5.954984948817,6.28318530718),
  .UNSPECIFIED.);
#1601 = CARTESIAN_POINT('',(4.712388980385,-0.903849982291));
#1602 = CARTESIAN_POINT('',(4.77473833353,-0.903849982291));
#1603 = CARTESIAN_POINT('',(4.837087622723,-0.900352170511));
#1604 = CARTESIAN_POINT('',(4.898469778142,-0.893356744434));
#1605 = CARTESIAN_POINT('',(4.957915152041,-0.882967825699));
#1606 = CARTESIAN_POINT('',(5.014629340167,-0.869398058423));
#1607 = CARTESIAN_POINT('',(5.068149435218,-0.852917456271));
#1608 = CARTESIAN_POINT('',(5.118238706691,-0.833809080357));
#1609 = CARTESIAN_POINT('',(5.208515612109,-0.792231697264));
#1610 = CARTESIAN_POINT('',(5.249126448424,-0.770047354398));
#1611 = CARTESIAN_POINT('',(5.286611855287,-0.746024776263));
#1612 = CARTESIAN_POINT('',(5.321050740176,-0.72038662057));
#1613 = CARTESIAN_POINT('',(5.352595675389,-0.693334287255));
#1614 = CARTESIAN_POINT('',(5.381428694967,-0.665044514791));
#1615 = CARTESIAN_POINT('',(5.407734207365,-0.635672010577));
#1616 = CARTESIAN_POINT('',(5.454150895869,-0.576926324947));
#1617 = CARTESIAN_POINT('',(5.474546399253,-0.547667925249));
#1618 = CARTESIAN_POINT('',(5.493024908733,-0.517687645967));
#1619 = CARTESIAN_POINT('',(5.509728080084,-0.487081437413));
#1620 = CARTESIAN_POINT('',(5.524783977459,-0.455932206518));
#1621 = CARTESIAN_POINT('',(5.538305095209,-0.424312243238));
#1622 = CARTESIAN_POINT('',(5.55038914291,-0.392285455117));
#1623 = CARTESIAN_POINT('',(5.581238282115,-0.299203107656));
#1624 = CARTESIAN_POINT('',(5.596597375501,-0.237267889071));
#1625 = CARTESIAN_POINT('',(5.60774559281,-0.1744800931));
#1626 = CARTESIAN_POINT('',(5.615051472862,-0.111133388129));
#1627 = CARTESIAN_POINT('',(5.618727863315,-4.74788795993E-02));
#1628 = CARTESIAN_POINT('',(5.618852607071,1.625053441894E-02));
#1629 = CARTESIAN_POINT('',(5.615374924112,7.982070423547E-02));
#1630 = CARTESIAN_POINT('',(5.601729383099,0.198226359831));
#1631 = CARTESIAN_POINT('',(5.592452201239,0.253160402622));
#1632 = CARTESIAN_POINT('',(5.580133557723,0.307597465295));
#1633 = CARTESIAN_POINT('',(5.564556952311,0.361346839818));
#1634 = CARTESIAN_POINT('',(5.545411309391,0.414188114685));
#1635 = CARTESIAN_POINT('',(5.522285307584,0.465856991198));
#1636 = CARTESIAN_POINT('',(5.49463507924,0.516018274753));
#1637 = CARTESIAN_POINT('',(5.44749494985,0.585333517661));
#1638 = CARTESIAN_POINT('',(5.432163588255,0.606057760513));
#1639 = CARTESIAN_POINT('',(5.415795995582,0.626373902745));
#1640 = CARTESIAN_POINT('',(5.398337801018,0.646241999107));
#1641 = CARTESIAN_POINT('',(5.379732721112,0.665617985283));
#1642 = CARTESIAN_POINT('',(5.35992447051,0.684453323558));
#1643 = CARTESIAN_POINT('',(5.338859990619,0.702694867956));
#1644 = CARTESIAN_POINT('',(5.295525876485,0.736775649672));
#1645 = CARTESIAN_POINT('',(5.273413830085,0.752693786839));
#1646 = CARTESIAN_POINT('',(5.250120736604,0.767991841925));
#1647 = CARTESIAN_POINT('',(5.225615266504,0.782618958444));
#1648 = CARTESIAN_POINT('',(5.199876027299,0.796520985178));
#1649 = CARTESIAN_POINT('',(5.172896215006,0.809641160853));
#1650 = CARTESIAN_POINT('',(5.144688770899,0.821921440163));
#1651 = CARTESIAN_POINT('',(5.060173179819,0.854647625487));
#1652 = CARTESIAN_POINT('',(5.000873126944,0.872836446144));
#1653 = CARTESIAN_POINT('',(4.937643120666,0.887492378841));
#1654 = CARTESIAN_POINT('',(4.871043798445,0.898248950616));
#1655 = CARTESIAN_POINT('',(4.802033603093,0.904787621028));
#1656 = CARTESIAN_POINT('',(4.732056236145,0.906943806905));
#1657 = CARTESIAN_POINT('',(4.662524628019,0.904743031024));
#1658 = CARTESIAN_POINT('',(4.535230655537,0.892752264877));
#1659 = CARTESIAN_POINT('',(4.477083564333,0.883945358827));
#1660 = CARTESIAN_POINT('',(4.420992998841,0.872036613416));
#1661 = CARTESIAN_POINT('',(4.367631059096,0.857217278376));
#1662 = CARTESIAN_POINT('',(4.317416747777,0.839740115563));
#1663 = CARTESIAN_POINT('',(4.270524631114,0.819870499821));
#1664 = CARTESIAN_POINT('',(4.22698144917,0.797865907301));
#1665 = CARTESIAN_POINT('',(4.151479336947,0.753052290403));
#1666 = CARTESIAN_POINT('',(4.118752764991,0.730687638387));
#1667 = CARTESIAN_POINT('',(4.088485152887,0.7070314807));
#1668 = CARTESIAN_POINT('',(4.060569936262,0.682233043573));
#1669 = CARTESIAN_POINT('',(4.034874389118,0.656425694502));
#1670 = CARTESIAN_POINT('',(4.011259025328,0.629726859113));
#1671 = CARTESIAN_POINT('',(3.989587883901,0.602240103714));
#1672 = CARTESIAN_POINT('',(3.934986391779,0.52473566792));
#1673 = CARTESIAN_POINT('',(3.905801714406,0.473281097864));
#1674 = CARTESIAN_POINT('',(3.881492034299,0.42018220639));
#1675 = CARTESIAN_POINT('',(3.861447546595,0.365813267688));
#1676 = CARTESIAN_POINT('',(3.845211539658,0.310466275149));
#1677 = CARTESIAN_POINT('',(3.832439821196,0.254383380705));
#1678 = CARTESIAN_POINT('',(3.822895274557,0.197772992503));
#1679 = CARTESIAN_POINT('',(3.811590659329,9.811611973087E-02));
#1680 = CARTESIAN_POINT('',(3.808481016873,5.521682268731E-02));
#1681 = CARTESIAN_POINT('',(3.807046582007,1.22088249957E-02));
#1682 = CARTESIAN_POINT('',(3.807257676651,-3.08326927924E-02));
#1683 = CARTESIAN_POINT('',(3.809112961929,-7.383472358927E-02));
#1684 = CARTESIAN_POINT('',(3.812639068697,-0.116723150843));
#1685 = CARTESIAN_POINT('',(3.81789182634,-0.159419336728));
#1686 = CARTESIAN_POINT('',(3.83555998516,-0.265462448565));
#1687 = CARTESIAN_POINT('',(3.850243435077,-0.328460696929));
#1688 = CARTESIAN_POINT('',(3.86930651158,-0.390538076074));
#1689 = CARTESIAN_POINT('',(3.893204419797,-0.451361037674));
#1690 = CARTESIAN_POINT('',(3.922584485093,-0.510518386797));
#1691 = CARTESIAN_POINT('',(3.958279719568,-0.567496656618));
#1692 = CARTESIAN_POINT('',(4.001414598195,-0.62158642505));
#1693 = CARTESIAN_POINT('',(4.078773931082,-0.69698765867));
#1694 = CARTESIAN_POINT('',(4.106669812638,-0.721165848456));
#1695 = CARTESIAN_POINT('',(4.13680020591,-0.744271800776));
#1696 = CARTESIAN_POINT('',(4.169280889093,-0.766175022544));
#1697 = CARTESIAN_POINT('',(4.204208708847,-0.786730548262));
#1698 = CARTESIAN_POINT('',(4.241635651298,-0.805780043164));
#1699 = CARTESIAN_POINT('',(4.281536830377,-0.823157427633));
#1700 = CARTESIAN_POINT('',(4.366028378851,-0.854246130327));
#1701 = CARTESIAN_POINT('',(4.410618793805,-0.867957447703));
#1702 = CARTESIAN_POINT('',(4.457424721417,-0.879674726558));
#1703 = CARTESIAN_POINT('',(4.506213227458,-0.889242148595));
#1704 = CARTESIAN_POINT('',(4.556627388629,-0.896520530627));
#1705 = CARTESIAN_POINT('',(4.608171376199,-0.901406815843));
#1706 = CARTESIAN_POINT('',(4.660280174941,-0.903849982291));
#1707 = CARTESIAN_POINT('',(4.712388980385,-0.903849982291));
#1708 = ( GEOMETRIC_REPRESENTATION_CONTEXT(2) 
PARAMETRIC_REPRESENTATION_CONTEXT() REPRESENTATION_CONTEXT('2D SPACE',''
  ) );
#1709 = ORIENTED_EDGE('',*,*,#1710,.F.);
#1710 = EDGE_CURVE('',#1711,#1583,#1713,.T.);
#1711 = VERTEX_POINT('',#1712);
#1712 = CARTESIAN_POINT('',(0.,-25.37998494418,-16.5));
#1713 = SURFACE_CURVE('',#1714,(#1752,#1793),.PCURVE_S1.);
#1714 = B_SPLINE_CURVE_WITH_KNOTS('',8,(#1715,#1716,#1717,#1718,#1719,
    #1720,#1721,#1722,#1723,#1724,#1725,#1726,#1727,#1728,#1729,#1730,
    #1731,#1732,#1733,#1734,#1735,#1736,#1737,#1738,#1739,#1740,#1741,
    #1742,#1743,#1744,#1745,#1746,#1747,#1748,#1749,#1750,#1751),
  .UNSPECIFIED.,.F.,.F.,(9,7,7,7,7,9),(0.,6.848585826618E-02,
    0.126092717253,0.315858956629,0.588574285643,1.),.UNSPECIFIED.);
#1715 = CARTESIAN_POINT('',(0.,-25.37998494417,-16.5));
#1716 = CARTESIAN_POINT('',(-0.181264482995,-25.3620334472,-16.5));
#1717 = CARTESIAN_POINT('',(-0.357894306088,-25.33324814236,
    -16.49772411775));
#1718 = CARTESIAN_POINT('',(-0.52947241462,-25.29462939749,
    -16.49337630795));
#1719 = CARTESIAN_POINT('',(-0.695595285281,-25.24724055259,
    -16.48718021854));
#1720 = CARTESIAN_POINT('',(-0.855866878497,-25.19221056467,
    -16.47937602038));
#1721 = CARTESIAN_POINT('',(-1.009892590828,-25.13073665282,
    -16.47021723702));
#1722 = CARTESIAN_POINT('',(-1.15727320736,-25.06408694305,
    -16.45996757444));
#1723 = CARTESIAN_POINT('',(-1.41563372944,-24.93431566125,
    -16.43958637185));
#1724 = CARTESIAN_POINT('',(-1.529517231804,-24.87189350531,
    -16.42962844697));
#1725 = CARTESIAN_POINT('',(-1.639430142281,-24.8067906291,
    -16.41912743946));
#1726 = CARTESIAN_POINT('',(-1.745567460372,-24.73939147631,
    -16.40817169531));
#1727 = CARTESIAN_POINT('',(-1.848138283192,-24.67001085445,
    -16.39683481952));
#1728 = CARTESIAN_POINT('',(-1.947365684679,-24.59889383844,
    -16.38517605254));
#1729 = CARTESIAN_POINT('',(-2.043486594803,-24.52621567433,
    -16.3732406467));
#1730 = CARTESIAN_POINT('',(-2.443981834389,-24.20787241662,
    -16.32093603668));
#1731 = CARTESIAN_POINT('',(-2.723593524473,-23.94518383547,
    -16.27771291825));
#1732 = CARTESIAN_POINT('',(-2.977960180893,-23.67143395075,
    -16.2331252207));
#1733 = CARTESIAN_POINT('',(-3.209842067302,-23.39161445771,
    -16.18833373314));
#1734 = CARTESIAN_POINT('',(-3.422265050792,-23.10840843116,
    -16.14397749314));
#1735 = CARTESIAN_POINT('',(-3.618370000661,-22.8223351022,
    -16.10027533308));
#1736 = CARTESIAN_POINT('',(-3.801222323086,-22.53193475778,
    -16.05715546818));
#1737 = CARTESIAN_POINT('',(-4.221255684341,-21.80585098482,
    -15.95293468332));
#1738 = CARTESIAN_POINT('',(-4.443569886486,-21.36850371277,
    -15.89312494704));
#1739 = CARTESIAN_POINT('',(-4.642647953654,-20.92561945614,
    -15.83602960934));
#1740 = CARTESIAN_POINT('',(-4.820464579391,-20.47922799071,
    -15.78233869235));
#1741 = CARTESIAN_POINT('',(-4.978713394273,-20.03007760967,
    -15.73250876004));
#1742 = CARTESIAN_POINT('',(-5.118687315506,-19.57796819153,
    -15.68689173335));
#1743 = CARTESIAN_POINT('',(-5.241160795907,-19.12207412683,
    -15.64584859744));
#1744 = CARTESIAN_POINT('',(-5.504850550335,-17.96605609049,
    -15.55553652837));
#1745 = CARTESIAN_POINT('',(-5.622196078818,-17.26718664315,
    -15.51328929177));
#1746 = CARTESIAN_POINT('',(-5.699656590256,-16.56393793854,
    -15.48448931354));
#1747 = CARTESIAN_POINT('',(-5.735977576482,-15.85503997771,
    -15.47068850945));
#1748 = CARTESIAN_POINT('',(-5.72746881777,-15.14029665627,
    -15.47390050808));
#1749 = CARTESIAN_POINT('',(-5.66793276088,-14.42133774033,
    -15.49643557519));
#1750 = CARTESIAN_POINT('',(-5.54846128265,-13.70215667377,
    -15.54045318106));
#1751 = CARTESIAN_POINT('',(-5.356692989795,-12.99038045676,
    -15.60627566759));
#1752 = PCURVE('',#303,#1753);
#1753 = DEFINITIONAL_REPRESENTATION('',(#1754),#1792);
#1754 = B_SPLINE_CURVE_WITH_KNOTS('',8,(#1755,#1756,#1757,#1758,#1759,
    #1760,#1761,#1762,#1763,#1764,#1765,#1766,#1767,#1768,#1769,#1770,
    #1771,#1772,#1773,#1774,#1775,#1776,#1777,#1778,#1779,#1780,#1781,
    #1782,#1783,#1784,#1785,#1786,#1787,#1788,#1789,#1790,#1791),
  .UNSPECIFIED.,.F.,.F.,(9,7,7,7,7,9),(0.,6.848585826618E-02,
    0.126092717253,0.315858956629,0.588574285643,1.),.UNSPECIFIED.);
#1755 = CARTESIAN_POINT('',(6.28318530718,25.379984944179));
#1756 = CARTESIAN_POINT('',(6.272199580937,25.362033447209));
#1757 = CARTESIAN_POINT('',(6.261494749555,25.333248142362));
#1758 = CARTESIAN_POINT('',(6.251094048166,25.294629397498));
#1759 = CARTESIAN_POINT('',(6.241020362878,25.24724055259));
#1760 = CARTESIAN_POINT('',(6.231296594608,25.192210564678));
#1761 = CARTESIAN_POINT('',(6.221946022917,25.13073665282));
#1762 = CARTESIAN_POINT('',(6.212992669851,25.06408694305));
#1763 = CARTESIAN_POINT('',(6.197285810583,24.934315661253));
#1764 = CARTESIAN_POINT('',(6.190357693445,24.871893505319));
#1765 = CARTESIAN_POINT('',(6.183666324794,24.806790629105));
#1766 = CARTESIAN_POINT('',(6.177199940528,24.739391476319));
#1767 = CARTESIAN_POINT('',(6.170945976813,24.670010854455));
#1768 = CARTESIAN_POINT('',(6.164891046887,24.598893838449));
#1769 = CARTESIAN_POINT('',(6.159020917864,24.526215674335));
#1770 = CARTESIAN_POINT('',(6.134542355127,24.207872416627));
#1771 = CARTESIAN_POINT('',(6.117399653437,23.945183835479));
#1772 = CARTESIAN_POINT('',(6.101753265346,23.67143395075));
#1773 = CARTESIAN_POINT('',(6.087443731928,23.391614457714));
#1774 = CARTESIAN_POINT('',(6.074294489914,23.108408431163));
#1775 = CARTESIAN_POINT('',(6.062119387926,22.822335102201));
#1776 = CARTESIAN_POINT('',(6.050734232024,22.531934757787));
#1777 = CARTESIAN_POINT('',(6.024505738517,21.805850984824));
#1778 = CARTESIAN_POINT('',(6.010555726357,21.368503712777));
#1779 = CARTESIAN_POINT('',(5.998006580898,20.925619456142));
#1780 = CARTESIAN_POINT('',(5.986751034955,20.479227990719));
#1781 = CARTESIAN_POINT('',(5.976697024917,20.030077609676));
#1782 = CARTESIAN_POINT('',(5.967775206809,19.577968191532));
#1783 = CARTESIAN_POINT('',(5.959947011373,19.122074126833));
#1784 = CARTESIAN_POINT('',(5.943054485936,17.966056090494));
#1785 = CARTESIAN_POINT('',(5.935496697714,17.267186643146));
#1786 = CARTESIAN_POINT('',(5.930488170282,16.563937938561));
#1787 = CARTESIAN_POINT('',(5.928133446713,15.855039977696));
#1788 = CARTESIAN_POINT('',(5.928684248588,15.14029665629));
#1789 = CARTESIAN_POINT('',(5.932543216092,14.421337740326));
#1790 = CARTESIAN_POINT('',(5.940257801386,13.702156673772));
#1791 = CARTESIAN_POINT('',(5.952545697419,12.990380456765));
#1792 = ( GEOMETRIC_REPRESENTATION_CONTEXT(2) 
PARAMETRIC_REPRESENTATION_CONTEXT() REPRESENTATION_CONTEXT('2D SPACE',''
  ) );
#1793 = PCURVE('',#350,#1794);
#1794 = DEFINITIONAL_REPRESENTATION('',(#1795),#1833);
#1795 = B_SPLINE_CURVE_WITH_KNOTS('',8,(#1796,#1797,#1798,#1799,#1800,
    #1801,#1802,#1803,#1804,#1805,#1806,#1807,#1808,#1809,#1810,#1811,
    #1812,#1813,#1814,#1815,#1816,#1817,#1818,#1819,#1820,#1821,#1822,
    #1823,#1824,#1825,#1826,#1827,#1828,#1829,#1830,#1831,#1832),
  .UNSPECIFIED.,.F.,.F.,(9,7,7,7,7,9),(0.,6.848585826618E-02,
    0.126092717253,0.315858956629,0.588574285643,1.),.UNSPECIFIED.);
#1796 = CARTESIAN_POINT('',(3.210888493779,29.671427936093));
#1797 = CARTESIAN_POINT('',(3.241138970785,29.656072803073));
#1798 = CARTESIAN_POINT('',(3.270665992411,29.63145406184));
#1799 = CARTESIAN_POINT('',(3.29943797869,29.598434585555));
#1800 = CARTESIAN_POINT('',(3.327416969284,29.557935805516));
#1801 = CARTESIAN_POINT('',(3.354557312817,29.510937465135));
#1802 = CARTESIAN_POINT('',(3.380804356201,29.458477373907));
#1803 = CARTESIAN_POINT('',(3.406093133969,29.401651161383));
#1804 = CARTESIAN_POINT('',(3.450748238142,29.291110134895));
#1805 = CARTESIAN_POINT('',(3.470562473953,29.237975586569));
#1806 = CARTESIAN_POINT('',(3.489820827635,29.182602425457));
#1807 = CARTESIAN_POINT('',(3.508555293367,29.125324257896));
#1808 = CARTESIAN_POINT('',(3.526799423268,29.066414453674));
#1809 = CARTESIAN_POINT('',(3.544588953759,29.006086342427));
#1810 = CARTESIAN_POINT('',(3.561962431926,28.944493410049));
#1811 = CARTESIAN_POINT('',(3.634960626667,28.6749750856));
#1812 = CARTESIAN_POINT('',(3.687514600667,28.453243805168));
#1813 = CARTESIAN_POINT('',(3.736984187247,28.223012945077));
#1814 = CARTESIAN_POINT('',(3.78373675585,27.98862050177));
#1815 = CARTESIAN_POINT('',(3.828194490771,27.752387164112));
#1816 = CARTESIAN_POINT('',(3.870856771054,27.514792875511));
#1817 = CARTESIAN_POINT('',(3.912306696807,27.274702231295));
#1818 = CARTESIAN_POINT('',(4.011996030589,26.677441011892));
#1819 = CARTESIAN_POINT('',(4.068782128096,26.320194416429));
#1820 = CARTESIAN_POINT('',(4.123911159472,25.961219791964));
#1821 = CARTESIAN_POINT('',(4.17772371013,25.602421775802));
#1822 = CARTESIAN_POINT('',(4.230570313207,25.244630536543));
#1823 = CARTESIAN_POINT('',(4.282817904749,24.887931431613));
#1824 = CARTESIAN_POINT('',(4.334851902008,24.531976821732));
#1825 = CARTESIAN_POINT('',(4.465857429388,23.639666269626));
#1826 = CARTESIAN_POINT('',(4.54421546723,23.109455460349));
#1827 = CARTESIAN_POINT('',(4.623198422426,22.586089359893));
#1828 = CARTESIAN_POINT('',(4.703770918298,22.069765093851));
#1829 = CARTESIAN_POINT('',(4.786848032729,21.561803852196));
#1830 = CARTESIAN_POINT('',(4.873371935534,21.065073251036));
#1831 = CARTESIAN_POINT('',(4.964346389057,20.584060970269));
#1832 = CARTESIAN_POINT('',(5.061047412079,20.124611410199));
#1833 = ( GEOMETRIC_REPRESENTATION_CONTEXT(2) 
PARAMETRIC_REPRESENTATION_CONTEXT() REPRESENTATION_CONTEXT('2D SPACE',''
  ) );
#1834 = ORIENTED_EDGE('',*,*,#1835,.T.);
#1835 = EDGE_CURVE('',#1711,#1836,#1838,.T.);
#1836 = VERTEX_POINT('',#1837);
#1837 = CARTESIAN_POINT('',(0.,-62.,-16.5));
#1838 = SEAM_CURVE('',#1839,(#1843,#1850),.PCURVE_S1.);
#1839 = LINE('',#1840,#1841);
#1840 = CARTESIAN_POINT('',(0.,0.,-16.5));
#1841 = VECTOR('',#1842,1.);
#1842 = DIRECTION('',(0.,-1.,0.));
#1843 = PCURVE('',#303,#1844);
#1844 = DEFINITIONAL_REPRESENTATION('',(#1845),#1849);
#1845 = LINE('',#1846,#1847);
#1846 = CARTESIAN_POINT('',(0.,-0.));
#1847 = VECTOR('',#1848,1.);
#1848 = DIRECTION('',(0.,1.));
#1849 = ( GEOMETRIC_REPRESENTATION_CONTEXT(2) 
PARAMETRIC_REPRESENTATION_CONTEXT() REPRESENTATION_CONTEXT('2D SPACE',''
  ) );
#1850 = PCURVE('',#303,#1851);
#1851 = DEFINITIONAL_REPRESENTATION('',(#1852),#1856);
#1852 = LINE('',#1853,#1854);
#1853 = CARTESIAN_POINT('',(6.28318530718,-0.));
#1854 = VECTOR('',#1855,1.);
#1855 = DIRECTION('',(0.,1.));
#1856 = ( GEOMETRIC_REPRESENTATION_CONTEXT(2) 
PARAMETRIC_REPRESENTATION_CONTEXT() REPRESENTATION_CONTEXT('2D SPACE',''
  ) );
#1857 = ORIENTED_EDGE('',*,*,#1858,.F.);
#1858 = EDGE_CURVE('',#1836,#1836,#1859,.T.);
#1859 = SURFACE_CURVE('',#1860,(#1865,#1872),.PCURVE_S1.);
#1860 = CIRCLE('',#1861,16.5);
#1861 = AXIS2_PLACEMENT_3D('',#1862,#1863,#1864);
#1862 = CARTESIAN_POINT('',(0.,-62.,0.));
#1863 = DIRECTION('',(0.,-1.,0.));
#1864 = DIRECTION('',(0.,-0.,-1.));
#1865 = PCURVE('',#303,#1866);
#1866 = DEFINITIONAL_REPRESENTATION('',(#1867),#1871);
#1867 = LINE('',#1868,#1869);
#1868 = CARTESIAN_POINT('',(0.,62.));
#1869 = VECTOR('',#1870,1.);
#1870 = DIRECTION('',(1.,0.));
#1871 = ( GEOMETRIC_REPRESENTATION_CONTEXT(2) 
PARAMETRIC_REPRESENTATION_CONTEXT() REPRESENTATION_CONTEXT('2D SPACE',''
  ) );
#1872 = PCURVE('',#1873,#1878);
#1873 = PLANE('',#1874);
#1874 = AXIS2_PLACEMENT_3D('',#1875,#1876,#1877);
#1875 = CARTESIAN_POINT('',(0.,-62.,0.));
#1876 = DIRECTION('',(0.,-1.,0.));
#1877 = DIRECTION('',(0.,-0.,-1.));
#1878 = DEFINITIONAL_REPRESENTATION('',(#1879),#1883);
#1879 = CIRCLE('',#1880,16.5);
#1880 = AXIS2_PLACEMENT_2D('',#1881,#1882);
#1881 = CARTESIAN_POINT('',(0.,0.));
#1882 = DIRECTION('',(1.,0.));
#1883 = ( GEOMETRIC_REPRESENTATION_CONTEXT(2) 
PARAMETRIC_REPRESENTATION_CONTEXT() REPRESENTATION_CONTEXT('2D SPACE',''
  ) );
#1884 = ORIENTED_EDGE('',*,*,#1835,.F.);
#1885 = ORIENTED_EDGE('',*,*,#1886,.F.);
#1886 = EDGE_CURVE('',#645,#1711,#1887,.T.);
#1887 = SURFACE_CURVE('',#1888,(#1919,#1953),.PCURVE_S1.);
#1888 = B_SPLINE_CURVE_WITH_KNOTS('',8,(#1889,#1890,#1891,#1892,#1893,
    #1894,#1895,#1896,#1897,#1898,#1899,#1900,#1901,#1902,#1903,#1904,
    #1905,#1906,#1907,#1908,#1909,#1910,#1911,#1912,#1913,#1914,#1915,
    #1916,#1917,#1918),.UNSPECIFIED.,.F.,.F.,(9,7,7,7,9),(0.,
    0.394254233373,0.793895120742,0.912828799696,1.),.UNSPECIFIED.);
#1889 = CARTESIAN_POINT('',(5.976410774993,-12.99038045676,
    -15.3796135923));
#1890 = CARTESIAN_POINT('',(6.165115727779,-13.70110910136,
    -15.30628416134));
#1891 = CARTESIAN_POINT('',(6.282661822813,-14.41921472134,
    -15.25756093291));
#1892 = CARTESIAN_POINT('',(6.341337395785,-15.13711108696,
    -15.23262965296));
#1893 = CARTESIAN_POINT('',(6.349921634357,-15.85082218342,
    -15.22899031097));
#1894 = CARTESIAN_POINT('',(6.314493867192,-16.55871820454,
    -15.24409931555));
#1895 = CARTESIAN_POINT('',(6.238655234234,-17.26098087397,
    -15.27580497003));
#1896 = CARTESIAN_POINT('',(6.123608147476,-17.958858755,-15.32250916168
    ));
#1897 = CARTESIAN_POINT('',(5.810235974061,-19.35672701713,
    -15.44408586741));
#1898 = CARTESIAN_POINT('',(5.616373770342,-20.03172954022,
    -15.51717069715));
#1899 = CARTESIAN_POINT('',(5.387134276061,-20.69265318423,
    -15.60017869586));
#1900 = CARTESIAN_POINT('',(5.116487725649,-21.35188235378,
    -15.69337194442));
#1901 = CARTESIAN_POINT('',(4.794779714171,-22.01397995157,
    -15.79721200495));
#1902 = CARTESIAN_POINT('',(4.410527940924,-22.67241619211,
    -15.91071993849));
#1903 = CARTESIAN_POINT('',(3.951872622219,-23.30693001759,
    -16.02936837596));
#1904 = CARTESIAN_POINT('',(3.247329638386,-24.05003027171,
    -16.17813722587));
#1905 = CARTESIAN_POINT('',(3.077711494347,-24.21557914916,
    -16.21202274977));
#1906 = CARTESIAN_POINT('',(2.897968360965,-24.37701497488,
    -16.2457947486));
#1907 = CARTESIAN_POINT('',(2.706073700622,-24.53407542975,
    -16.27940584842));
#1908 = CARTESIAN_POINT('',(2.500134667077,-24.68543430599,
    -16.31259981169));
#1909 = CARTESIAN_POINT('',(2.278449856017,-24.82867051451,
    -16.34488266528));
#1910 = CARTESIAN_POINT('',(2.039556456666,-24.96024155828,
    -16.37550576035));
#1911 = CARTESIAN_POINT('',(1.593689035724,-25.15991070603,
    -16.42395009262));
#1912 = CARTESIAN_POINT('',(1.389582664885,-25.23810526553,
    -16.44361958074));
#1913 = CARTESIAN_POINT('',(1.173075391674,-25.30519956344,
    -16.46142001375));
#1914 = CARTESIAN_POINT('',(0.946987557793,-25.35745115856,
    -16.47649067601));
#1915 = CARTESIAN_POINT('',(0.714000917383,-25.39218133534,
    -16.4881836831));
#1916 = CARTESIAN_POINT('',(0.476758440888,-25.40774999385,
    -16.49608040782));
#1917 = CARTESIAN_POINT('',(0.237895152329,-25.40354484977,-16.5));
#1918 = CARTESIAN_POINT('',(0.,-25.37998494417,-16.5));
#1919 = PCURVE('',#303,#1920);
#1920 = DEFINITIONAL_REPRESENTATION('',(#1921),#1952);
#1921 = B_SPLINE_CURVE_WITH_KNOTS('',8,(#1922,#1923,#1924,#1925,#1926,
    #1927,#1928,#1929,#1930,#1931,#1932,#1933,#1934,#1935,#1936,#1937,
    #1938,#1939,#1940,#1941,#1942,#1943,#1944,#1945,#1946,#1947,#1948,
    #1949,#1950,#1951),.UNSPECIFIED.,.F.,.F.,(9,7,7,7,9),(0.,
    0.394254233373,0.793895120742,0.912828799696,1.),.UNSPECIFIED.);
#1922 = CARTESIAN_POINT('',(0.370634277707,12.990380456765));
#1923 = CARTESIAN_POINT('',(0.382904088756,13.70110910136));
#1924 = CARTESIAN_POINT('',(0.390613935313,14.419214721348));
#1925 = CARTESIAN_POINT('',(0.394478612729,15.137111086944));
#1926 = CARTESIAN_POINT('',(0.395043298507,15.850822183451));
#1927 = CARTESIAN_POINT('',(0.392709149976,16.558718204527));
#1928 = CARTESIAN_POINT('',(0.387727395761,17.26098087398));
#1929 = CARTESIAN_POINT('',(0.380203124909,17.958858755002));
#1930 = CARTESIAN_POINT('',(0.359831642434,19.356727017138));
#1931 = CARTESIAN_POINT('',(0.347275808564,20.03172954022));
#1932 = CARTESIAN_POINT('',(0.332501809629,20.692653184239));
#1933 = CARTESIAN_POINT('',(0.315158786613,21.351882353778));
#1934 = CARTESIAN_POINT('',(0.29467982013,22.013979951581));
#1935 = CARTESIAN_POINT('',(0.270414950996,22.672416192114));
#1936 = CARTESIAN_POINT('',(0.241731760758,23.306930017594));
#1937 = CARTESIAN_POINT('',(0.198090642046,24.050030271712));
#1938 = CARTESIAN_POINT('',(0.187608248473,24.215579149165));
#1939 = CARTESIAN_POINT('',(0.176525359358,24.37701497488));
#1940 = CARTESIAN_POINT('',(0.164720242725,24.534075429754));
#1941 = CARTESIAN_POINT('',(0.152080608491,24.685434305994));
#1942 = CARTESIAN_POINT('',(0.138506561748,24.828670514516));
#1943 = CARTESIAN_POINT('',(0.123912410353,24.960241558281));
#1944 = CARTESIAN_POINT('',(9.673110834844E-02,25.15991070603));
#1945 = CARTESIAN_POINT('',(8.430462548897E-02,25.238105265532));
#1946 = CARTESIAN_POINT('',(7.114092746594E-02,25.30519956344));
#1947 = CARTESIAN_POINT('',(5.741161222053E-02,25.357451158568));
#1948 = CARTESIAN_POINT('',(4.327733361689E-02,25.392181335342));
#1949 = CARTESIAN_POINT('',(2.889446055823E-02,25.40774999385));
#1950 = CARTESIAN_POINT('',(1.441788801995E-02,25.403544849771));
#1951 = CARTESIAN_POINT('',(0.,25.379984944179));
#1952 = ( GEOMETRIC_REPRESENTATION_CONTEXT(2) 
PARAMETRIC_REPRESENTATION_CONTEXT() REPRESENTATION_CONTEXT('2D SPACE',''
  ) );
#1953 = PCURVE('',#350,#1954);
#1954 = DEFINITIONAL_REPRESENTATION('',(#1955),#1986);
#1955 = B_SPLINE_CURVE_WITH_KNOTS('',8,(#1956,#1957,#1958,#1959,#1960,
    #1961,#1962,#1963,#1964,#1965,#1966,#1967,#1968,#1969,#1970,#1971,
    #1972,#1973,#1974,#1975,#1976,#1977,#1978,#1979,#1980,#1981,#1982,
    #1983,#1984,#1985),.UNSPECIFIED.,.F.,.F.,(9,7,7,7,9),(0.,
    0.394254233373,0.793895120742,0.912828799696,1.),.UNSPECIFIED.);
#1956 = CARTESIAN_POINT('',(1.250696068252,20.124611410199));
#1957 = CARTESIAN_POINT('',(1.347254769402,20.583384765203));
#1958 = CARTESIAN_POINT('',(1.43810291507,21.063653484386));
#1959 = CARTESIAN_POINT('',(1.5245120849,21.559603035277));
#1960 = CARTESIAN_POINT('',(1.607482316381,22.066767426792));
#1961 = CARTESIAN_POINT('',(1.687951786172,22.582287562396));
#1962 = CARTESIAN_POINT('',(1.766830965807,23.104837415859));
#1963 = CARTESIAN_POINT('',(1.845079098325,23.63420661533));
#1964 = CARTESIAN_POINT('',(2.003474873358,24.71300535328));
#1965 = CARTESIAN_POINT('',(2.080814345076,25.243404586333));
#1966 = CARTESIAN_POINT('',(2.158309887792,25.770202421526));
#1967 = CARTESIAN_POINT('',(2.238229621226,26.302340399435));
#1968 = CARTESIAN_POINT('',(2.322468681969,26.843264378162));
#1969 = CARTESIAN_POINT('',(2.412553422827,27.387466059373));
#1970 = CARTESIAN_POINT('',(2.509817573117,27.917143781247));
#1971 = CARTESIAN_POINT('',(2.647281973522,28.541994455258));
#1972 = CARTESIAN_POINT('',(2.679687918395,28.681542124662));
#1973 = CARTESIAN_POINT('',(2.713360404063,28.817931845101));
#1974 = CARTESIAN_POINT('',(2.74863834961,28.950914786443));
#1975 = CARTESIAN_POINT('',(2.78581313148,29.079338165588));
#1976 = CARTESIAN_POINT('',(2.825135977787,29.201103715695));
#1977 = CARTESIAN_POINT('',(2.866831533042,29.313137548039));
#1978 = CARTESIAN_POINT('',(2.943576599572,29.483370889159));
#1979 = CARTESIAN_POINT('',(2.978399248887,29.550113224106));
#1980 = CARTESIAN_POINT('',(3.015019570665,29.607447983434));
#1981 = CARTESIAN_POINT('',(3.05298110703,29.652140035031));
#1982 = CARTESIAN_POINT('',(3.091895443805,29.681860792129));
#1983 = CARTESIAN_POINT('',(3.13141029767,29.695183180231));
#1984 = CARTESIAN_POINT('',(3.171187159482,29.691580321428));
#1985 = CARTESIAN_POINT('',(3.210888493779,29.671427936093));
#1986 = ( GEOMETRIC_REPRESENTATION_CONTEXT(2) 
PARAMETRIC_REPRESENTATION_CONTEXT() REPRESENTATION_CONTEXT('2D SPACE',''
  ) );
#1987 = FACE_BOUND('',#1988,.T.);
#1988 = EDGE_LOOP('',(#1989));
#1989 = ORIENTED_EDGE('',*,*,#1990,.T.);
#1990 = EDGE_CURVE('',#1991,#1991,#1993,.T.);
#1991 = VERTEX_POINT('',#1992);
#1992 = CARTESIAN_POINT('',(16.293863875705,-46.,-2.6));
#1993 = SURFACE_CURVE('',#1994,(#2053,#2115),.PCURVE_S1.);
#1994 = B_SPLINE_CURVE_WITH_KNOTS('',8,(#1995,#1996,#1997,#1998,#1999,
    #2000,#2001,#2002,#2003,#2004,#2005,#2006,#2007,#2008,#2009,#2010,
    #2011,#2012,#2013,#2014,#2015,#2016,#2017,#2018,#2019,#2020,#2021,
    #2022,#2023,#2024,#2025,#2026,#2027,#2028,#2029,#2030,#2031,#2032,
    #2033,#2034,#2035,#2036,#2037,#2038,#2039,#2040,#2041,#2042,#2043,
    #2044,#2045,#2046,#2047,#2048,#2049,#2050,#2051,#2052),
  .UNSPECIFIED.,.T.,.F.,(9,7,7,7,7,7,7,7,9),(0.,0.188934766518,
    0.349646507559,0.461202058439,0.582893290409,0.718091209017,
    0.83309329646,0.91292020353,1.),.UNSPECIFIED.);
#1995 = CARTESIAN_POINT('',(16.293863875705,-46.,-2.6));
#1996 = CARTESIAN_POINT('',(16.293863875705,-46.26178838066,-2.6));
#1997 = CARTESIAN_POINT('',(16.298670645523,-46.52318482343,
    -2.569875282145));
#1998 = CARTESIAN_POINT('',(16.308259938567,-46.78231681557,
    -2.509785424999));
#1999 = CARTESIAN_POINT('',(16.322404058536,-47.03715314727,
    -2.419134624586));
#2000 = CARTESIAN_POINT('',(16.340654531548,-47.28509431667,
    -2.296797391335));
#2001 = CARTESIAN_POINT('',(16.362226758222,-47.52269565558,
    -2.141260708195));
#2002 = CARTESIAN_POINT('',(16.385853543498,-47.74527140199,
    -1.950839080907));
#2003 = CARTESIAN_POINT('',(16.429936906934,-48.11698059116,
    -1.531266140929));
#2004 = CARTESIAN_POINT('',(16.451083332102,-48.27838588608,-1.305075472
    ));
#2005 = CARTESIAN_POINT('',(16.471287436163,-48.41829572923,
    -1.047966165479));
#2006 = CARTESIAN_POINT('',(16.488272036706,-48.52727094496,
    -0.764932235732));
#2007 = CARTESIAN_POINT('',(16.499789662015,-48.59846547775,
    -0.463116312418));
#2008 = CARTESIAN_POINT('',(16.504452259529,-48.62768712241,
    -0.150939114811));
#2009 = CARTESIAN_POINT('',(16.502039958161,-48.61350210761,
    0.162587966774));
#2010 = CARTESIAN_POINT('',(16.487305709809,-48.5184775159,
    0.681120381703));
#2011 = CARTESIAN_POINT('',(16.47824393049,-48.45937346614,
    0.889872231892));
#2012 = CARTESIAN_POINT('',(16.466406624673,-48.38051349142,
    1.092680048325));
#2013 = CARTESIAN_POINT('',(16.452220569214,-48.2826057877,
    1.287378223208));
#2014 = CARTESIAN_POINT('',(16.436263647769,-48.16663716595,
    1.471904032978));
#2015 = CARTESIAN_POINT('',(16.41922305184,-48.0338586199,1.644332419942
    ));
#2016 = CARTESIAN_POINT('',(16.401838135188,-47.88577215967,
    1.802915664118));
#2017 = CARTESIAN_POINT('',(16.3662721991,-47.54777822038,2.102352165251
    ));
#2018 = CARTESIAN_POINT('',(16.348154020705,-47.35521088788,
    2.240358243772));
#2019 = CARTESIAN_POINT('',(16.33141033654,-47.14866685929,
    2.358123309573));
#2020 = CARTESIAN_POINT('',(16.316948968956,-46.9306612198,
    2.454013993364));
#2021 = CARTESIAN_POINT('',(16.305546426326,-46.70390918082,
    2.526786413123));
#2022 = CARTESIAN_POINT('',(16.297758396963,-46.47125907964,
    2.575593695952));
#2023 = CARTESIAN_POINT('',(16.293863875705,-46.23563492239,2.6));
#2024 = CARTESIAN_POINT('',(16.293863875705,-45.73821161522,2.6));
#2025 = CARTESIAN_POINT('',(16.298670645203,-45.47681518851,
    2.569875284897));
#2026 = CARTESIAN_POINT('',(16.308259939263,-45.21768317206,
    2.509785418905));
#2027 = CARTESIAN_POINT('',(16.322404058269,-44.9628468521,
    2.419134627095));
#2028 = CARTESIAN_POINT('',(16.340654530865,-44.71490569573,
    2.296797397298));
#2029 = CARTESIAN_POINT('',(16.362226759126,-44.47730433384,
    2.141260699936));
#2030 = CARTESIAN_POINT('',(16.38585354312,-44.25472860118,1.9508390845)
  );
#2031 = CARTESIAN_POINT('',(16.429936906934,-43.88301940884,
    1.531266140929));
#2032 = CARTESIAN_POINT('',(16.451083332102,-43.72161411391,
    1.305075472001));
#2033 = CARTESIAN_POINT('',(16.471287436164,-43.58170427076,
    1.047966165475));
#2034 = CARTESIAN_POINT('',(16.488272036706,-43.47272905504,
    0.764932235737));
#2035 = CARTESIAN_POINT('',(16.499789662015,-43.40153452225,
    0.463116312415));
#2036 = CARTESIAN_POINT('',(16.504452259529,-43.37231287758,
    0.150939114812));
#2037 = CARTESIAN_POINT('',(16.502039958161,-43.38649789238,
    -0.162587966774));
#2038 = CARTESIAN_POINT('',(16.487305709809,-43.48152248409,
    -0.681120381703));
#2039 = CARTESIAN_POINT('',(16.47824393049,-43.54062653385,
    -0.889872231893));
#2040 = CARTESIAN_POINT('',(16.466406624673,-43.61948650857,
    -1.092680048325));
#2041 = CARTESIAN_POINT('',(16.452220569215,-43.71739421229,
    -1.287378223208));
#2042 = CARTESIAN_POINT('',(16.436263647769,-43.83336283404,
    -1.471904032978));
#2043 = CARTESIAN_POINT('',(16.41922305184,-43.96614138009,
    -1.644332419943));
#2044 = CARTESIAN_POINT('',(16.401838135188,-44.11422784032,
    -1.802915664118));
#2045 = CARTESIAN_POINT('',(16.366272199099,-44.45222177961,
    -2.102352165251));
#2046 = CARTESIAN_POINT('',(16.348154020705,-44.64478911211,
    -2.240358243772));
#2047 = CARTESIAN_POINT('',(16.33141033654,-44.8513331407,
    -2.358123309572));
#2048 = CARTESIAN_POINT('',(16.316948968956,-45.06933878019,
    -2.454013993364));
#2049 = CARTESIAN_POINT('',(16.305546426326,-45.29609081918,
    -2.526786413123));
#2050 = CARTESIAN_POINT('',(16.297758396963,-45.52874092035,
    -2.575593695952));
#2051 = CARTESIAN_POINT('',(16.293863875705,-45.7643650776,-2.6));
#2052 = CARTESIAN_POINT('',(16.293863875705,-46.,-2.6));
#2053 = PCURVE('',#303,#2054);
#2054 = DEFINITIONAL_REPRESENTATION('',(#2055),#2114);
#2055 = B_SPLINE_CURVE_WITH_KNOTS('',8,(#2056,#2057,#2058,#2059,#2060,
    #2061,#2062,#2063,#2064,#2065,#2066,#2067,#2068,#2069,#2070,#2071,
    #2072,#2073,#2074,#2075,#2076,#2077,#2078,#2079,#2080,#2081,#2082,
    #2083,#2084,#2085,#2086,#2087,#2088,#2089,#2090,#2091,#2092,#2093,
    #2094,#2095,#2096,#2097,#2098,#2099,#2100,#2101,#2102,#2103,#2104,
    #2105,#2106,#2107,#2108,#2109,#2110,#2111,#2112,#2113),
  .UNSPECIFIED.,.T.,.F.,(9,7,7,7,7,7,7,7,9),(0.,0.188934766518,
    0.349646507559,0.461202058439,0.582893290409,0.718091209017,
    0.83309329646,0.91292020353,1.),.UNSPECIFIED.);
#2056 = CARTESIAN_POINT('',(1.412561069209,46.));
#2057 = CARTESIAN_POINT('',(1.412561069209,46.261788380665));
#2058 = CARTESIAN_POINT('',(1.414409904771,46.523184823437));
#2059 = CARTESIAN_POINT('',(1.418097798713,46.78231681557));
#2060 = CARTESIAN_POINT('',(1.423658215681,47.037153147273));
#2061 = CARTESIAN_POINT('',(1.431154280762,47.285094316675));
#2062 = CARTESIAN_POINT('',(1.440669777227,47.522695655584));
#2063 = CARTESIAN_POINT('',(1.452296929843,47.745271401995));
#2064 = CARTESIAN_POINT('',(1.477865562694,48.11698059116));
#2065 = CARTESIAN_POINT('',(1.491632959247,48.278385886086));
#2066 = CARTESIAN_POINT('',(1.507260470969,48.418295729237));
#2067 = CARTESIAN_POINT('',(1.524438664598,48.52727094496));
#2068 = CARTESIAN_POINT('',(1.542734424518,48.59846547775));
#2069 = CARTESIAN_POINT('',(1.561648351735,48.627687122419));
#2070 = CARTESIAN_POINT('',(1.580646476217,48.613502107618));
#2071 = CARTESIAN_POINT('',(1.612085367832,48.518477515902));
#2072 = CARTESIAN_POINT('',(1.624747493121,48.459373466142));
#2073 = CARTESIAN_POINT('',(1.63705754112,48.380513491428));
#2074 = CARTESIAN_POINT('',(1.648886406171,48.282605787706));
#2075 = CARTESIAN_POINT('',(1.660109749933,48.166637165959));
#2076 = CARTESIAN_POINT('',(1.67060983563,48.033858619908));
#2077 = CARTESIAN_POINT('',(1.680278129884,47.885772159677));
#2078 = CARTESIAN_POINT('',(1.698553360028,47.547778220385));
#2079 = CARTESIAN_POINT('',(1.706988496656,47.355210887885));
#2080 = CARTESIAN_POINT('',(1.714196966851,47.148666859293));
#2081 = CARTESIAN_POINT('',(1.720074012103,46.930661219803));
#2082 = CARTESIAN_POINT('',(1.724538266253,46.70390918082));
#2083 = CARTESIAN_POINT('',(1.727533699961,46.471259079646));
#2084 = CARTESIAN_POINT('',(1.729031584381,46.235634922396));
#2085 = CARTESIAN_POINT('',(1.729031584381,45.738211615221));
#2086 = CARTESIAN_POINT('',(1.727182748986,45.47681518851));
#2087 = CARTESIAN_POINT('',(1.723494854505,45.217683172063));
#2088 = CARTESIAN_POINT('',(1.717934438062,44.962846852103));
#2089 = CARTESIAN_POINT('',(1.710438373192,44.714905695737));
#2090 = CARTESIAN_POINT('',(1.700922875859,44.477304333849));
#2091 = CARTESIAN_POINT('',(1.689295723965,44.254728601188));
#2092 = CARTESIAN_POINT('',(1.663727090896,43.88301940884));
#2093 = CARTESIAN_POINT('',(1.649959694343,43.721614113914));
#2094 = CARTESIAN_POINT('',(1.634332182621,43.581704270762));
#2095 = CARTESIAN_POINT('',(1.617153988992,43.47272905504));
#2096 = CARTESIAN_POINT('',(1.598858229072,43.40153452225));
#2097 = CARTESIAN_POINT('',(1.579944301855,43.372312877581));
#2098 = CARTESIAN_POINT('',(1.560946177373,43.386497892382));
#2099 = CARTESIAN_POINT('',(1.529507285757,43.481522484098));
#2100 = CARTESIAN_POINT('',(1.516845160469,43.540626533858));
#2101 = CARTESIAN_POINT('',(1.50453511247,43.619486508572));
#2102 = CARTESIAN_POINT('',(1.492706247419,43.717394212293));
#2103 = CARTESIAN_POINT('',(1.481482903657,43.833362834041));
#2104 = CARTESIAN_POINT('',(1.47098281796,43.966141380092));
#2105 = CARTESIAN_POINT('',(1.461314523705,44.114227840323));
#2106 = CARTESIAN_POINT('',(1.443039293562,44.452221779616));
#2107 = CARTESIAN_POINT('',(1.434604156933,44.644789112115));
#2108 = CARTESIAN_POINT('',(1.427395686739,44.851333140707));
#2109 = CARTESIAN_POINT('',(1.421518641487,45.069338780197));
#2110 = CARTESIAN_POINT('',(1.417054387337,45.296090819181));
#2111 = CARTESIAN_POINT('',(1.414058953628,45.528740920354));
#2112 = CARTESIAN_POINT('',(1.412561069209,45.764365077604));
#2113 = CARTESIAN_POINT('',(1.412561069209,46.));
#2114 = ( GEOMETRIC_REPRESENTATION_CONTEXT(2) 
PARAMETRIC_REPRESENTATION_CONTEXT() REPRESENTATION_CONTEXT('2D SPACE',''
  ) );
#2115 = PCURVE('',#2116,#2121);
#2116 = CYLINDRICAL_SURFACE('',#2117,2.6);
#2117 = AXIS2_PLACEMENT_3D('',#2118,#2119,#2120);
#2118 = CARTESIAN_POINT('',(18.5,-46.,0.));
#2119 = DIRECTION('',(-1.,0.,0.));
#2120 = DIRECTION('',(0.,0.,-1.));
#2121 = DEFINITIONAL_REPRESENTATION('',(#2122),#2181);
#2122 = B_SPLINE_CURVE_WITH_KNOTS('',8,(#2123,#2124,#2125,#2126,#2127,
    #2128,#2129,#2130,#2131,#2132,#2133,#2134,#2135,#2136,#2137,#2138,
    #2139,#2140,#2141,#2142,#2143,#2144,#2145,#2146,#2147,#2148,#2149,
    #2150,#2151,#2152,#2153,#2154,#2155,#2156,#2157,#2158,#2159,#2160,
    #2161,#2162,#2163,#2164,#2165,#2166,#2167,#2168,#2169,#2170,#2171,
    #2172,#2173,#2174,#2175,#2176,#2177,#2178,#2179,#2180),
  .UNSPECIFIED.,.F.,.F.,(9,7,7,7,7,7,7,7,9),(0.,0.188934766518,
    0.349646507559,0.461202058439,0.582893290409,0.718091209017,
    0.83309329646,0.91292020353,1.),.UNSPECIFIED.);
#2123 = CARTESIAN_POINT('',(0.,2.206136124295));
#2124 = CARTESIAN_POINT('',(0.100687838717,2.206136124295));
#2125 = CARTESIAN_POINT('',(0.201224598866,2.201329354477));
#2126 = CARTESIAN_POINT('',(0.30244744341,2.191740061433));
#2127 = CARTESIAN_POINT('',(0.405106684291,2.177595941464));
#2128 = CARTESIAN_POINT('',(0.509943742558,2.159345468452));
#2129 = CARTESIAN_POINT('',(0.617727202169,2.137773241778));
#2130 = CARTESIAN_POINT('',(0.729315326517,2.114146456502));
#2131 = CARTESIAN_POINT('',(0.944909034528,2.070063093066));
#2132 = CARTESIAN_POINT('',(1.051192873677,2.048916667898));
#2133 = CARTESIAN_POINT('',(1.162377329818,2.028712563837));
#2134 = CARTESIAN_POINT('',(1.277008857732,2.011727963293));
#2135 = CARTESIAN_POINT('',(1.394077928941,2.000210337985));
#2136 = CARTESIAN_POINT('',(1.51276474249,1.995547740471));
#2137 = CARTESIAN_POINT('',(1.632360456623,1.997960041839));
#2138 = CARTESIAN_POINT('',(1.835117174736,2.012694290191));
#2139 = CARTESIAN_POINT('',(1.918188687538,2.02175606951));
#2140 = CARTESIAN_POINT('',(2.001255277642,2.033593375327));
#2141 = CARTESIAN_POINT('',(2.084320864015,2.047779430786));
#2142 = CARTESIAN_POINT('',(2.167390692145,2.063736352231));
#2143 = CARTESIAN_POINT('',(2.250467204888,2.08077694816));
#2144 = CARTESIAN_POINT('',(2.333545694167,2.098161864812));
#2145 = CARTESIAN_POINT('',(2.507220780699,2.1337278009));
#2146 = CARTESIAN_POINT('',(2.597856826704,2.151845979295));
#2147 = CARTESIAN_POINT('',(2.688487768185,2.16858966346));
#2148 = CARTESIAN_POINT('',(2.77910929919,2.183051031044));
#2149 = CARTESIAN_POINT('',(2.869724080814,2.194453573674));
#2150 = CARTESIAN_POINT('',(2.960339143203,2.202241603037));
#2151 = CARTESIAN_POINT('',(3.050963837284,2.206136124295));
#2152 = CARTESIAN_POINT('',(3.242280493889,2.206136124295));
#2153 = CARTESIAN_POINT('',(3.342817247459,2.201329354797));
#2154 = CARTESIAN_POINT('',(3.444040102683,2.191740060737));
#2155 = CARTESIAN_POINT('',(3.546699337689,2.177595941731));
#2156 = CARTESIAN_POINT('',(3.651536390472,2.159345469135));
#2157 = CARTESIAN_POINT('',(3.759319861173,2.137773240874));
#2158 = CARTESIAN_POINT('',(3.87090797826,2.11414645688));
#2159 = CARTESIAN_POINT('',(4.086501688117,2.070063093066));
#2160 = CARTESIAN_POINT('',(4.192785527266,2.048916667898));
#2161 = CARTESIAN_POINT('',(4.303969983409,2.028712563837));
#2162 = CARTESIAN_POINT('',(4.41860151132,2.011727963293));
#2163 = CARTESIAN_POINT('',(4.535670582532,2.000210337985));
#2164 = CARTESIAN_POINT('',(4.65435739608,1.995547740471));
#2165 = CARTESIAN_POINT('',(4.773953110213,1.997960041839));
#2166 = CARTESIAN_POINT('',(4.976709828326,2.012694290191));
#2167 = CARTESIAN_POINT('',(5.059781341128,2.02175606951));
#2168 = CARTESIAN_POINT('',(5.142847931232,2.033593375327));
#2169 = CARTESIAN_POINT('',(5.225913517604,2.047779430786));
#2170 = CARTESIAN_POINT('',(5.308983345735,2.063736352231));
#2171 = CARTESIAN_POINT('',(5.392059858478,2.08077694816));
#2172 = CARTESIAN_POINT('',(5.475138347756,2.098161864812));
#2173 = CARTESIAN_POINT('',(5.648813434288,2.1337278009));
#2174 = CARTESIAN_POINT('',(5.739449480294,2.151845979295));
#2175 = CARTESIAN_POINT('',(5.830080421775,2.16858966346));
#2176 = CARTESIAN_POINT('',(5.92070195278,2.183051031044));
#2177 = CARTESIAN_POINT('',(6.011316734404,2.194453573674));
#2178 = CARTESIAN_POINT('',(6.101931796793,2.202241603037));
#2179 = CARTESIAN_POINT('',(6.192556490874,2.206136124295));
#2180 = CARTESIAN_POINT('',(6.28318530718,2.206136124295));
#2181 = ( GEOMETRIC_REPRESENTATION_CONTEXT(2) 
PARAMETRIC_REPRESENTATION_CONTEXT() REPRESENTATION_CONTEXT('2D SPACE',''
  ) );
#2182 = FACE_BOUND('',#2183,.T.);
#2183 = EDGE_LOOP('',(#2184));
#2184 = ORIENTED_EDGE('',*,*,#2185,.F.);
#2185 = EDGE_CURVE('',#2186,#2186,#2188,.T.);
#2186 = VERTEX_POINT('',#2187);
#2187 = CARTESIAN_POINT('',(-16.2938638757,-46.,-2.6));
#2188 = SURFACE_CURVE('',#2189,(#2240,#2294),.PCURVE_S1.);
#2189 = B_SPLINE_CURVE_WITH_KNOTS('',7,(#2190,#2191,#2192,#2193,#2194,
    #2195,#2196,#2197,#2198,#2199,#2200,#2201,#2202,#2203,#2204,#2205,
    #2206,#2207,#2208,#2209,#2210,#2211,#2212,#2213,#2214,#2215,#2216,
    #2217,#2218,#2219,#2220,#2221,#2222,#2223,#2224,#2225,#2226,#2227,
    #2228,#2229,#2230,#2231,#2232,#2233,#2234,#2235,#2236,#2237,#2238,
    #2239),.UNSPECIFIED.,.T.,.F.,(8,6,6,6,6,6,6,6,8),(0.,0.13793254663,
    0.25,0.36206745337,0.5,0.63793254663,0.75,0.86206745337,1.),
  .UNSPECIFIED.);
#2190 = CARTESIAN_POINT('',(-16.2938638757,-46.,-2.6));
#2191 = CARTESIAN_POINT('',(-16.2938638757,-46.27957171298,-2.6));
#2192 = CARTESIAN_POINT('',(-16.29945999462,-46.55875557492,
    -2.564929297729));
#2193 = CARTESIAN_POINT('',(-16.31062634285,-46.83506535729,
    -2.494954091512));
#2194 = CARTESIAN_POINT('',(-16.32701715426,-47.10571097441,
    -2.389171523298));
#2195 = CARTESIAN_POINT('',(-16.34794148385,-47.36705551545,
    -2.245909851405));
#2196 = CARTESIAN_POINT('',(-16.37207961468,-47.61393235505,
    -2.063022907113));
#2197 = CARTESIAN_POINT('',(-16.41771107352,-48.02091620606,
    -1.656039056104));
#2198 = CARTESIAN_POINT('',(-16.43934193042,-48.19298640698,
    -1.441727080306));
#2199 = CARTESIAN_POINT('',(-16.46054442062,-48.34474421745,
    -1.196515506603));
#2200 = CARTESIAN_POINT('',(-16.4791427747,-48.46763131586,
    -0.923763788053));
#2201 = CARTESIAN_POINT('',(-16.4928402988,-48.55456469749,
    -0.628752379686));
#2202 = CARTESIAN_POINT('',(-16.5,-48.6,-0.3182085015));
#2203 = CARTESIAN_POINT('',(-16.5,-48.6,0.318208501499));
#2204 = CARTESIAN_POINT('',(-16.4928402988,-48.55456469749,
    0.628752379686));
#2205 = CARTESIAN_POINT('',(-16.4791427747,-48.46763131586,
    0.923763788053));
#2206 = CARTESIAN_POINT('',(-16.46054442062,-48.34474421745,
    1.196515506603));
#2207 = CARTESIAN_POINT('',(-16.43934193042,-48.19298640698,
    1.441727080306));
#2208 = CARTESIAN_POINT('',(-16.41771107352,-48.02091620606,
    1.656039056104));
#2209 = CARTESIAN_POINT('',(-16.37207961468,-47.61393235505,
    2.063022907113));
#2210 = CARTESIAN_POINT('',(-16.34794148385,-47.36705551546,
    2.245909851404));
#2211 = CARTESIAN_POINT('',(-16.32701715426,-47.10571097441,
    2.389171523299));
#2212 = CARTESIAN_POINT('',(-16.31062634285,-46.83506535729,
    2.494954091511));
#2213 = CARTESIAN_POINT('',(-16.29945999462,-46.55875557492,
    2.56492929773));
#2214 = CARTESIAN_POINT('',(-16.2938638757,-46.27957171298,2.6));
#2215 = CARTESIAN_POINT('',(-16.2938638757,-45.72042828702,2.6));
#2216 = CARTESIAN_POINT('',(-16.29945999462,-45.44124442507,
    2.564929297729));
#2217 = CARTESIAN_POINT('',(-16.31062634285,-45.1649346427,
    2.494954091512));
#2218 = CARTESIAN_POINT('',(-16.32701715426,-44.89428902558,
    2.389171523298));
#2219 = CARTESIAN_POINT('',(-16.34794148385,-44.63294448454,
    2.245909851404));
#2220 = CARTESIAN_POINT('',(-16.37207961468,-44.38606764494,
    2.063022907113));
#2221 = CARTESIAN_POINT('',(-16.41771107352,-43.97908379393,
    1.656039056104));
#2222 = CARTESIAN_POINT('',(-16.43934193042,-43.80701359301,
    1.441727080306));
#2223 = CARTESIAN_POINT('',(-16.46054442062,-43.65525578254,
    1.196515506603));
#2224 = CARTESIAN_POINT('',(-16.4791427747,-43.53236868413,
    0.923763788053));
#2225 = CARTESIAN_POINT('',(-16.4928402988,-43.4454353025,0.628752379686
    ));
#2226 = CARTESIAN_POINT('',(-16.5,-43.4,0.3182085015));
#2227 = CARTESIAN_POINT('',(-16.5,-43.4,-0.3182085015));
#2228 = CARTESIAN_POINT('',(-16.4928402988,-43.4454353025,
    -0.628752379686));
#2229 = CARTESIAN_POINT('',(-16.4791427747,-43.53236868413,
    -0.923763788052));
#2230 = CARTESIAN_POINT('',(-16.46054442062,-43.65525578254,
    -1.196515506604));
#2231 = CARTESIAN_POINT('',(-16.43934193042,-43.80701359301,
    -1.441727080305));
#2232 = CARTESIAN_POINT('',(-16.41771107352,-43.97908379393,
    -1.656039056105));
#2233 = CARTESIAN_POINT('',(-16.37207961468,-44.38606764494,
    -2.063022907113));
#2234 = CARTESIAN_POINT('',(-16.34794148385,-44.63294448454,
    -2.245909851405));
#2235 = CARTESIAN_POINT('',(-16.32701715426,-44.89428902558,
    -2.389171523298));
#2236 = CARTESIAN_POINT('',(-16.31062634285,-45.1649346427,
    -2.494954091512));
#2237 = CARTESIAN_POINT('',(-16.29945999462,-45.44124442507,
    -2.564929297729));
#2238 = CARTESIAN_POINT('',(-16.2938638757,-45.72042828702,-2.6));
#2239 = CARTESIAN_POINT('',(-16.2938638757,-46.,-2.6));
#2240 = PCURVE('',#303,#2241);
#2241 = DEFINITIONAL_REPRESENTATION('',(#2242),#2293);
#2242 = B_SPLINE_CURVE_WITH_KNOTS('',7,(#2243,#2244,#2245,#2246,#2247,
    #2248,#2249,#2250,#2251,#2252,#2253,#2254,#2255,#2256,#2257,#2258,
    #2259,#2260,#2261,#2262,#2263,#2264,#2265,#2266,#2267,#2268,#2269,
    #2270,#2271,#2272,#2273,#2274,#2275,#2276,#2277,#2278,#2279,#2280,
    #2281,#2282,#2283,#2284,#2285,#2286,#2287,#2288,#2289,#2290,#2291,
    #2292),.UNSPECIFIED.,.T.,.F.,(8,6,6,6,6,6,6,6,8),(0.,0.13793254663,
    0.25,0.36206745337,0.5,0.63793254663,0.75,0.86206745337,1.),
  .UNSPECIFIED.);
#2243 = CARTESIAN_POINT('',(4.870624237971,46.));
#2244 = CARTESIAN_POINT('',(4.870624237971,46.27957171298));
#2245 = CARTESIAN_POINT('',(4.86847185288,46.558755574925));
#2246 = CARTESIAN_POINT('',(4.864177267408,46.835065357295));
#2247 = CARTESIAN_POINT('',(4.857689787287,47.105710974417));
#2248 = CARTESIAN_POINT('',(4.848915835778,47.367055515459));
#2249 = CARTESIAN_POINT('',(4.837737794887,47.613932355057));
#2250 = CARTESIAN_POINT('',(4.812917553361,48.020916206066));
#2251 = CARTESIAN_POINT('',(4.799863766104,48.192986406989));
#2252 = CARTESIAN_POINT('',(4.784949521248,48.344744217457));
#2253 = CARTESIAN_POINT('',(4.768386330611,48.467631315863));
#2254 = CARTESIAN_POINT('',(4.750495196072,48.554564697495));
#2255 = CARTESIAN_POINT('',(4.731674344112,48.6));
#2256 = CARTESIAN_POINT('',(4.693103616657,48.6));
#2257 = CARTESIAN_POINT('',(4.674282764697,48.554564697495));
#2258 = CARTESIAN_POINT('',(4.656391630159,48.467631315863));
#2259 = CARTESIAN_POINT('',(4.639828439522,48.344744217457));
#2260 = CARTESIAN_POINT('',(4.624914194665,48.192986406989));
#2261 = CARTESIAN_POINT('',(4.611860407409,48.020916206066));
#2262 = CARTESIAN_POINT('',(4.587040165883,47.613932355057));
#2263 = CARTESIAN_POINT('',(4.575862124991,47.36705551546));
#2264 = CARTESIAN_POINT('',(4.567088173482,47.105710974415));
#2265 = CARTESIAN_POINT('',(4.560600693361,46.835065357296));
#2266 = CARTESIAN_POINT('',(4.55630610789,46.558755574924));
#2267 = CARTESIAN_POINT('',(4.554153722799,46.27957171298));
#2268 = CARTESIAN_POINT('',(4.554153722799,45.72042828702));
#2269 = CARTESIAN_POINT('',(4.55630610789,45.441244425075));
#2270 = CARTESIAN_POINT('',(4.560600693361,45.164934642705));
#2271 = CARTESIAN_POINT('',(4.567088173482,44.894289025583));
#2272 = CARTESIAN_POINT('',(4.575862124991,44.632944484541));
#2273 = CARTESIAN_POINT('',(4.587040165883,44.386067644943));
#2274 = CARTESIAN_POINT('',(4.611860407409,43.979083793934));
#2275 = CARTESIAN_POINT('',(4.624914194665,43.807013593011));
#2276 = CARTESIAN_POINT('',(4.639828439522,43.655255782543));
#2277 = CARTESIAN_POINT('',(4.656391630159,43.532368684138));
#2278 = CARTESIAN_POINT('',(4.674282764697,43.445435302505));
#2279 = CARTESIAN_POINT('',(4.693103616657,43.4));
#2280 = CARTESIAN_POINT('',(4.731674344112,43.4));
#2281 = CARTESIAN_POINT('',(4.750495196072,43.445435302505));
#2282 = CARTESIAN_POINT('',(4.768386330611,43.532368684137));
#2283 = CARTESIAN_POINT('',(4.784949521248,43.655255782544));
#2284 = CARTESIAN_POINT('',(4.799863766104,43.807013593011));
#2285 = CARTESIAN_POINT('',(4.812917553361,43.979083793934));
#2286 = CARTESIAN_POINT('',(4.837737794887,44.386067644942));
#2287 = CARTESIAN_POINT('',(4.848915835778,44.632944484542));
#2288 = CARTESIAN_POINT('',(4.857689787287,44.894289025583));
#2289 = CARTESIAN_POINT('',(4.864177267408,45.164934642705));
#2290 = CARTESIAN_POINT('',(4.868471852879,45.441244425075));
#2291 = CARTESIAN_POINT('',(4.870624237971,45.72042828702));
#2292 = CARTESIAN_POINT('',(4.870624237971,46.));
#2293 = ( GEOMETRIC_REPRESENTATION_CONTEXT(2) 
PARAMETRIC_REPRESENTATION_CONTEXT() REPRESENTATION_CONTEXT('2D SPACE',''
  ) );
#2294 = PCURVE('',#2295,#2300);
#2295 = CYLINDRICAL_SURFACE('',#2296,2.6);
#2296 = AXIS2_PLACEMENT_3D('',#2297,#2298,#2299);
#2297 = CARTESIAN_POINT('',(18.5,-46.,0.));
#2298 = DIRECTION('',(-1.,0.,0.));
#2299 = DIRECTION('',(0.,0.,-1.));
#2300 = DEFINITIONAL_REPRESENTATION('',(#2301),#2352);
#2301 = B_SPLINE_CURVE_WITH_KNOTS('',7,(#2302,#2303,#2304,#2305,#2306,
    #2307,#2308,#2309,#2310,#2311,#2312,#2313,#2314,#2315,#2316,#2317,
    #2318,#2319,#2320,#2321,#2322,#2323,#2324,#2325,#2326,#2327,#2328,
    #2329,#2330,#2331,#2332,#2333,#2334,#2335,#2336,#2337,#2338,#2339,
    #2340,#2341,#2342,#2343,#2344,#2345,#2346,#2347,#2348,#2349,#2350,
    #2351),.UNSPECIFIED.,.F.,.F.,(8,6,6,6,6,6,6,6,8),(0.,0.13793254663,
    0.25,0.36206745337,0.5,0.63793254663,0.75,0.86206745337,1.),
  .UNSPECIFIED.);
#2302 = CARTESIAN_POINT('',(0.,34.793863875705));
#2303 = CARTESIAN_POINT('',(0.107527581915,34.793863875705));
#2304 = CARTESIAN_POINT('',(0.214905605525,34.799459994627));
#2305 = CARTESIAN_POINT('',(0.323211009767,34.810626342859));
#2306 = CARTESIAN_POINT('',(0.433368672156,34.827017154261));
#2307 = CARTESIAN_POINT('',(0.546381016562,34.847941483853));
#2308 = CARTESIAN_POINT('',(0.663261634657,34.872079614681));
#2309 = CARTESIAN_POINT('',(0.884631666104,34.917711073525));
#2310 = CARTESIAN_POINT('',(0.989713869395,34.93934193042));
#2311 = CARTESIAN_POINT('',(1.09927066991,34.96054442062));
#2312 = CARTESIAN_POINT('',(1.212507853586,34.979142774708));
#2313 = CARTESIAN_POINT('',(1.328968615398,34.992840298807));
#2314 = CARTESIAN_POINT('',(1.448408441603,35.));
#2315 = CARTESIAN_POINT('',(1.693184211987,35.));
#2316 = CARTESIAN_POINT('',(1.812624038192,34.992840298807));
#2317 = CARTESIAN_POINT('',(1.929084800004,34.979142774707));
#2318 = CARTESIAN_POINT('',(2.04232198368,34.96054442062));
#2319 = CARTESIAN_POINT('',(2.151878784195,34.93934193042));
#2320 = CARTESIAN_POINT('',(2.256960987485,34.917711073525));
#2321 = CARTESIAN_POINT('',(2.478331018933,34.872079614681));
#2322 = CARTESIAN_POINT('',(2.595211637028,34.847941483853));
#2323 = CARTESIAN_POINT('',(2.708223981435,34.827017154261));
#2324 = CARTESIAN_POINT('',(2.818381643822,34.810626342859));
#2325 = CARTESIAN_POINT('',(2.926687048065,34.799459994627));
#2326 = CARTESIAN_POINT('',(3.034065071674,34.793863875705));
#2327 = CARTESIAN_POINT('',(3.249120235505,34.793863875705));
#2328 = CARTESIAN_POINT('',(3.356498259115,34.799459994627));
#2329 = CARTESIAN_POINT('',(3.464803663357,34.810626342859));
#2330 = CARTESIAN_POINT('',(3.574961325745,34.827017154261));
#2331 = CARTESIAN_POINT('',(3.687973670151,34.847941483853));
#2332 = CARTESIAN_POINT('',(3.804854288247,34.872079614681));
#2333 = CARTESIAN_POINT('',(4.026224319694,34.917711073525));
#2334 = CARTESIAN_POINT('',(4.131306522984,34.93934193042));
#2335 = CARTESIAN_POINT('',(4.2408633235,34.96054442062));
#2336 = CARTESIAN_POINT('',(4.354100507175,34.979142774707));
#2337 = CARTESIAN_POINT('',(4.470561268988,34.992840298807));
#2338 = CARTESIAN_POINT('',(4.590001095193,35.));
#2339 = CARTESIAN_POINT('',(4.834776865577,35.));
#2340 = CARTESIAN_POINT('',(4.954216691782,34.992840298807));
#2341 = CARTESIAN_POINT('',(5.070677453594,34.979142774707));
#2342 = CARTESIAN_POINT('',(5.18391463727,34.96054442062));
#2343 = CARTESIAN_POINT('',(5.293471437785,34.93934193042));
#2344 = CARTESIAN_POINT('',(5.398553641075,34.917711073525));
#2345 = CARTESIAN_POINT('',(5.619923672522,34.872079614681));
#2346 = CARTESIAN_POINT('',(5.736804290619,34.847941483853));
#2347 = CARTESIAN_POINT('',(5.849816635023,34.827017154261));
#2348 = CARTESIAN_POINT('',(5.959974297413,34.810626342858));
#2349 = CARTESIAN_POINT('',(6.068279701655,34.799459994627));
#2350 = CARTESIAN_POINT('',(6.175657725264,34.793863875705));
#2351 = CARTESIAN_POINT('',(6.28318530718,34.793863875705));
#2352 = ( GEOMETRIC_REPRESENTATION_CONTEXT(2) 
PARAMETRIC_REPRESENTATION_CONTEXT() REPRESENTATION_CONTEXT('2D SPACE',''
  ) );
#2353 = ADVANCED_FACE('',(#2354),#172,.T.);
#2354 = FACE_BOUND('',#2355,.T.);
#2355 = EDGE_LOOP('',(#2356,#2379,#2406,#2407,#2429,#2430));
#2356 = ORIENTED_EDGE('',*,*,#2357,.T.);
#2357 = EDGE_CURVE('',#127,#2358,#2360,.T.);
#2358 = VERTEX_POINT('',#2359);
#2359 = CARTESIAN_POINT('',(14.,0.,55.));
#2360 = SEAM_CURVE('',#2361,(#2365,#2372),.PCURVE_S1.);
#2361 = LINE('',#2362,#2363);
#2362 = CARTESIAN_POINT('',(14.,0.,0.));
#2363 = VECTOR('',#2364,1.);
#2364 = DIRECTION('',(0.,0.,1.));
#2365 = PCURVE('',#172,#2366);
#2366 = DEFINITIONAL_REPRESENTATION('',(#2367),#2371);
#2367 = LINE('',#2368,#2369);
#2368 = CARTESIAN_POINT('',(6.28318530718,-0.));
#2369 = VECTOR('',#2370,1.);
#2370 = DIRECTION('',(0.,1.));
#2371 = ( GEOMETRIC_REPRESENTATION_CONTEXT(2) 
PARAMETRIC_REPRESENTATION_CONTEXT() REPRESENTATION_CONTEXT('2D SPACE',''
  ) );
#2372 = PCURVE('',#172,#2373);
#2373 = DEFINITIONAL_REPRESENTATION('',(#2374),#2378);
#2374 = LINE('',#2375,#2376);
#2375 = CARTESIAN_POINT('',(0.,-0.));
#2376 = VECTOR('',#2377,1.);
#2377 = DIRECTION('',(0.,1.));
#2378 = ( GEOMETRIC_REPRESENTATION_CONTEXT(2) 
PARAMETRIC_REPRESENTATION_CONTEXT() REPRESENTATION_CONTEXT('2D SPACE',''
  ) );
#2379 = ORIENTED_EDGE('',*,*,#2380,.F.);
#2380 = EDGE_CURVE('',#2358,#2358,#2381,.T.);
#2381 = SURFACE_CURVE('',#2382,(#2387,#2394),.PCURVE_S1.);
#2382 = CIRCLE('',#2383,14.);
#2383 = AXIS2_PLACEMENT_3D('',#2384,#2385,#2386);
#2384 = CARTESIAN_POINT('',(0.,0.,55.));
#2385 = DIRECTION('',(0.,0.,1.));
#2386 = DIRECTION('',(1.,0.,-0.));
#2387 = PCURVE('',#172,#2388);
#2388 = DEFINITIONAL_REPRESENTATION('',(#2389),#2393);
#2389 = LINE('',#2390,#2391);
#2390 = CARTESIAN_POINT('',(0.,55.));
#2391 = VECTOR('',#2392,1.);
#2392 = DIRECTION('',(1.,0.));
#2393 = ( GEOMETRIC_REPRESENTATION_CONTEXT(2) 
PARAMETRIC_REPRESENTATION_CONTEXT() REPRESENTATION_CONTEXT('2D SPACE',''
  ) );
#2394 = PCURVE('',#2395,#2400);
#2395 = SPHERICAL_SURFACE('',#2396,14.);
#2396 = AXIS2_PLACEMENT_3D('',#2397,#2398,#2399);
#2397 = CARTESIAN_POINT('',(0.,0.,55.));
#2398 = DIRECTION('',(0.,0.,1.));
#2399 = DIRECTION('',(1.,0.,-0.));
#2400 = DEFINITIONAL_REPRESENTATION('',(#2401),#2405);
#2401 = LINE('',#2402,#2403);
#2402 = CARTESIAN_POINT('',(0.,0.));
#2403 = VECTOR('',#2404,1.);
#2404 = DIRECTION('',(1.,0.));
#2405 = ( GEOMETRIC_REPRESENTATION_CONTEXT(2) 
PARAMETRIC_REPRESENTATION_CONTEXT() REPRESENTATION_CONTEXT('2D SPACE',''
  ) );
#2406 = ORIENTED_EDGE('',*,*,#2357,.F.);
#2407 = ORIENTED_EDGE('',*,*,#2408,.T.);
#2408 = EDGE_CURVE('',#127,#1491,#2409,.T.);
#2409 = SURFACE_CURVE('',#2410,(#2415,#2422),.PCURVE_S1.);
#2410 = CIRCLE('',#2411,14.);
#2411 = AXIS2_PLACEMENT_3D('',#2412,#2413,#2414);
#2412 = CARTESIAN_POINT('',(0.,0.,15.652475842499));
#2413 = DIRECTION('',(0.,0.,1.));
#2414 = DIRECTION('',(0.,-1.,0.));
#2415 = PCURVE('',#172,#2416);
#2416 = DEFINITIONAL_REPRESENTATION('',(#2417),#2421);
#2417 = LINE('',#2418,#2419);
#2418 = CARTESIAN_POINT('',(-1.570796326795,15.652475842499));
#2419 = VECTOR('',#2420,1.);
#2420 = DIRECTION('',(1.,0.));
#2421 = ( GEOMETRIC_REPRESENTATION_CONTEXT(2) 
PARAMETRIC_REPRESENTATION_CONTEXT() REPRESENTATION_CONTEXT('2D SPACE',''
  ) );
#2422 = PCURVE('',#143,#2423);
#2423 = DEFINITIONAL_REPRESENTATION('',(#2424),#2428);
#2424 = LINE('',#2425,#2426);
#2425 = CARTESIAN_POINT('',(-1.570796326795,0.841068670568));
#2426 = VECTOR('',#2427,1.);
#2427 = DIRECTION('',(1.,0.));
#2428 = ( GEOMETRIC_REPRESENTATION_CONTEXT(2) 
PARAMETRIC_REPRESENTATION_CONTEXT() REPRESENTATION_CONTEXT('2D SPACE',''
  ) );
#2429 = ORIENTED_EDGE('',*,*,#1490,.T.);
#2430 = ORIENTED_EDGE('',*,*,#155,.T.);
#2431 = ADVANCED_FACE('',(#2432),#143,.T.);
#2432 = FACE_BOUND('',#2433,.T.);
#2433 = EDGE_LOOP('',(#2434,#2435,#2436,#2437,#2528,#2529));
#2434 = ORIENTED_EDGE('',*,*,#126,.F.);
#2435 = ORIENTED_EDGE('',*,*,#513,.F.);
#2436 = ORIENTED_EDGE('',*,*,#369,.F.);
#2437 = ORIENTED_EDGE('',*,*,#2438,.F.);
#2438 = EDGE_CURVE('',#1583,#319,#2439,.T.);
#2439 = SURFACE_CURVE('',#2440,(#2445,#2521),.PCURVE_S1.);
#2440 = CIRCLE('',#2441,6.);
#2441 = AXIS2_PLACEMENT_3D('',#2442,#2443,#2444);
#2442 = CARTESIAN_POINT('',(0.28174569215,-14.36903029965,-14.0872846075
    ));
#2443 = DIRECTION('',(1.400005600034E-02,-0.714002856017,-0.700002800017
    ));
#2444 = DIRECTION('',(0.,0.700071410926,-0.714072839145));
#2445 = PCURVE('',#143,#2446);
#2446 = DEFINITIONAL_REPRESENTATION('',(#2447),#2520);
#2447 = B_SPLINE_CURVE_WITH_KNOTS('',8,(#2448,#2449,#2450,#2451,#2452,
    #2453,#2454,#2455,#2456,#2457,#2458,#2459,#2460,#2461,#2462,#2463,
    #2464,#2465,#2466,#2467,#2468,#2469,#2470,#2471,#2472,#2473,#2474,
    #2475,#2476,#2477,#2478,#2479,#2480,#2481,#2482,#2483,#2484,#2485,
    #2486,#2487,#2488,#2489,#2490,#2491,#2492,#2493,#2494,#2495,#2496,
    #2497,#2498,#2499,#2500,#2501,#2502,#2503,#2504,#2505,#2506,#2507,
    #2508,#2509,#2510,#2511,#2512,#2513,#2514,#2515,#2516,#2517,#2518,
    #2519),.UNSPECIFIED.,.F.,.F.,(9,7,7,7,7,7,7,7,7,7,9),(0.,
    0.392699081699,0.760854470791,1.45114582534,2.05515076057,
    3.112159397222,3.904915874712,4.499483232829,5.391334270004,
    5.837259788592,6.28318530718),.UNSPECIFIED.);
#2448 = CARTESIAN_POINT('',(4.740089310393,-1.065113446305));
#2449 = CARTESIAN_POINT('',(4.769036363149,-1.064829677022));
#2450 = CARTESIAN_POINT('',(4.797917971623,-1.063386233463));
#2451 = CARTESIAN_POINT('',(4.826422731267,-1.06078654806));
#2452 = CARTESIAN_POINT('',(4.854241664207,-1.057053542753));
#2453 = CARTESIAN_POINT('',(4.881096611109,-1.052229522205));
#2454 = CARTESIAN_POINT('',(4.906759796235,-1.046372207323));
#2455 = CARTESIAN_POINT('',(4.931061399341,-1.039549395414));
#2456 = CARTESIAN_POINT('',(4.975276251314,-1.024602237572));
#2457 = CARTESIAN_POINT('',(4.995368886975,-1.016585891013));
#2458 = CARTESIAN_POINT('',(5.01406161982,-1.007846365637));
#2459 = CARTESIAN_POINT('',(5.031296096739,-0.998448893928));
#2460 = CARTESIAN_POINT('',(5.04704996697,-0.988460022477));
#2461 = CARTESIAN_POINT('',(5.061328553795,-0.977945338813));
#2462 = CARTESIAN_POINT('',(5.074155968643,-0.966968100707));
#2463 = CARTESIAN_POINT('',(5.106969981843,-0.93425231595));
#2464 = CARTESIAN_POINT('',(5.123399847623,-0.911502021109));
#2465 = CARTESIAN_POINT('',(5.135104765932,-0.887736146077));
#2466 = CARTESIAN_POINT('',(5.142491769238,-0.863315878831));
#2467 = CARTESIAN_POINT('',(5.145981320205,-0.838554475057));
#2468 = CARTESIAN_POINT('',(5.145957989148,-0.813724344656));
#2469 = CARTESIAN_POINT('',(5.142769624,-0.789068676887));
#2470 = CARTESIAN_POINT('',(5.131435683504,-0.743572912642));
#2471 = CARTESIAN_POINT('',(5.123959600713,-0.722641145384));
#2472 = CARTESIAN_POINT('',(5.114503627888,-0.702154394561));
#2473 = CARTESIAN_POINT('',(5.103252342682,-0.682243203924));
#2474 = CARTESIAN_POINT('',(5.090369628565,-0.663026281021));
#2475 = CARTESIAN_POINT('',(5.076003127388,-0.644612347193));
#2476 = CARTESIAN_POINT('',(5.060289096861,-0.627101024697));
#2477 = CARTESIAN_POINT('',(5.013721358871,-0.581676443431));
#2478 = CARTESIAN_POINT('',(4.980352001873,-0.555811869492));
#2479 = CARTESIAN_POINT('',(4.943933045578,-0.533475187009));
#2480 = CARTESIAN_POINT('',(4.905071311474,-0.515068973682));
#2481 = CARTESIAN_POINT('',(4.864355788947,-0.500914729891));
#2482 = CARTESIAN_POINT('',(4.822381869719,-0.491238622162));
#2483 = CARTESIAN_POINT('',(4.77975239393,-0.486157025851));
#2484 = CARTESIAN_POINT('',(4.705056759138,-0.485319048157));
#2485 = CARTESIAN_POINT('',(4.673014145945,-0.487548953807));
#2486 = CARTESIAN_POINT('',(4.641195339163,-0.49237128577));
#2487 = CARTESIAN_POINT('',(4.609854540402,-0.499755104358));
#2488 = CARTESIAN_POINT('',(4.579244722631,-0.509634743286));
#2489 = CARTESIAN_POINT('',(4.549616736789,-0.521911993446));
#2490 = CARTESIAN_POINT('',(4.521221679166,-0.536459104914));
#2491 = CARTESIAN_POINT('',(4.474142424876,-0.565617145033));
#2492 = CARTESIAN_POINT('',(4.454805192611,-0.579302915052));
#2493 = CARTESIAN_POINT('',(4.436417138452,-0.59411269442));
#2494 = CARTESIAN_POINT('',(4.419090430119,-0.609972193917));
#2495 = CARTESIAN_POINT('',(4.402941874235,-0.626798956443));
#2496 = CARTESIAN_POINT('',(4.388095700426,-0.644502434702));
#2497 = CARTESIAN_POINT('',(4.374687071216,-0.662983482985));
#2498 = CARTESIAN_POINT('',(4.345135187494,-0.710857933197));
#2499 = CARTESIAN_POINT('',(4.330976733761,-0.741087254507));
#2500 = CARTESIAN_POINT('',(4.320898271895,-0.772453563545));
#2501 = CARTESIAN_POINT('',(4.31548189394,-0.804540622893));
#2502 = CARTESIAN_POINT('',(4.315417861986,-0.836869617482));
#2503 = CARTESIAN_POINT('',(4.321515741697,-0.868888981626));
#2504 = CARTESIAN_POINT('',(4.334740472337,-0.899919976275));
#2505 = CARTESIAN_POINT('',(4.36635647654,-0.943790940356));
#2506 = CARTESIAN_POINT('',(4.378858264549,-0.957968683762));
#2507 = CARTESIAN_POINT('',(4.393414143112,-0.971601108746));
#2508 = CARTESIAN_POINT('',(4.410099329386,-0.984581683488));
#2509 = CARTESIAN_POINT('',(4.428963786787,-0.996797039273));
#2510 = CARTESIAN_POINT('',(4.450010848863,-1.008128978961));
#2511 = CARTESIAN_POINT('',(4.473174203133,-1.018459126748));
#2512 = CARTESIAN_POINT('',(4.523432738397,-1.036895152997));
#2513 = CARTESIAN_POINT('',(4.550527951795,-1.045001028726));
#2514 = CARTESIAN_POINT('',(4.579439012297,-1.051884370154));
#2515 = CARTESIAN_POINT('',(4.609932499676,-1.057442766267));
#2516 = CARTESIAN_POINT('',(4.641681079363,-1.061589124438));
#2517 = CARTESIAN_POINT('',(4.67426390394,-1.064262565691));
#2518 = CARTESIAN_POINT('',(4.707218773859,-1.065435677678));
#2519 = CARTESIAN_POINT('',(4.740089310393,-1.065113446305));
#2520 = ( GEOMETRIC_REPRESENTATION_CONTEXT(2) 
PARAMETRIC_REPRESENTATION_CONTEXT() REPRESENTATION_CONTEXT('2D SPACE',''
  ) );
#2521 = PCURVE('',#350,#2522);
#2522 = DEFINITIONAL_REPRESENTATION('',(#2523),#2527);
#2523 = LINE('',#2524,#2525);
#2524 = CARTESIAN_POINT('',(0.,20.124611797498));
#2525 = VECTOR('',#2526,1.);
#2526 = DIRECTION('',(1.,0.));
#2527 = ( GEOMETRIC_REPRESENTATION_CONTEXT(2) 
PARAMETRIC_REPRESENTATION_CONTEXT() REPRESENTATION_CONTEXT('2D SPACE',''
  ) );
#2528 = ORIENTED_EDGE('',*,*,#1582,.F.);
#2529 = ORIENTED_EDGE('',*,*,#2408,.F.);
#2530 = ADVANCED_FACE('',(#2531,#2589,#2916),#350,.T.);
#2531 = FACE_BOUND('',#2532,.T.);
#2532 = EDGE_LOOP('',(#2533,#2534,#2557,#2584,#2585,#2586,#2587,#2588));
#2533 = ORIENTED_EDGE('',*,*,#318,.T.);
#2534 = ORIENTED_EDGE('',*,*,#2535,.T.);
#2535 = EDGE_CURVE('',#321,#2536,#2538,.T.);
#2536 = VERTEX_POINT('',#2537);
#2537 = CARTESIAN_POINT('',(0.546002184013,-23.64568291911,
    -31.58454623552));
#2538 = SEAM_CURVE('',#2539,(#2543,#2550),.PCURVE_S1.);
#2539 = LINE('',#2540,#2541);
#2540 = CARTESIAN_POINT('',(0.,4.200428465556,-4.284437034867));
#2541 = VECTOR('',#2542,1.);
#2542 = DIRECTION('',(1.400005600034E-02,-0.714002856017,-0.700002800017
    ));
#2543 = PCURVE('',#350,#2544);
#2544 = DEFINITIONAL_REPRESENTATION('',(#2545),#2549);
#2545 = LINE('',#2546,#2547);
#2546 = CARTESIAN_POINT('',(0.,-0.));
#2547 = VECTOR('',#2548,1.);
#2548 = DIRECTION('',(0.,1.));
#2549 = ( GEOMETRIC_REPRESENTATION_CONTEXT(2) 
PARAMETRIC_REPRESENTATION_CONTEXT() REPRESENTATION_CONTEXT('2D SPACE',''
  ) );
#2550 = PCURVE('',#350,#2551);
#2551 = DEFINITIONAL_REPRESENTATION('',(#2552),#2556);
#2552 = LINE('',#2553,#2554);
#2553 = CARTESIAN_POINT('',(6.28318530718,-0.));
#2554 = VECTOR('',#2555,1.);
#2555 = DIRECTION('',(0.,1.));
#2556 = ( GEOMETRIC_REPRESENTATION_CONTEXT(2) 
PARAMETRIC_REPRESENTATION_CONTEXT() REPRESENTATION_CONTEXT('2D SPACE',''
  ) );
#2557 = ORIENTED_EDGE('',*,*,#2558,.F.);
#2558 = EDGE_CURVE('',#2536,#2536,#2559,.T.);
#2559 = SURFACE_CURVE('',#2560,(#2565,#2572),.PCURVE_S1.);
#2560 = CIRCLE('',#2561,6.);
#2561 = AXIS2_PLACEMENT_3D('',#2562,#2563,#2564);
#2562 = CARTESIAN_POINT('',(0.546002184013,-27.84611138466,
    -27.30010920065));
#2563 = DIRECTION('',(1.400005600034E-02,-0.714002856017,-0.700002800017
    ));
#2564 = DIRECTION('',(0.,0.700071410926,-0.714072839145));
#2565 = PCURVE('',#350,#2566);
#2566 = DEFINITIONAL_REPRESENTATION('',(#2567),#2571);
#2567 = LINE('',#2568,#2569);
#2568 = CARTESIAN_POINT('',(0.,39.));
#2569 = VECTOR('',#2570,1.);
#2570 = DIRECTION('',(1.,0.));
#2571 = ( GEOMETRIC_REPRESENTATION_CONTEXT(2) 
PARAMETRIC_REPRESENTATION_CONTEXT() REPRESENTATION_CONTEXT('2D SPACE',''
  ) );
#2572 = PCURVE('',#2573,#2578);
#2573 = PLANE('',#2574);
#2574 = AXIS2_PLACEMENT_3D('',#2575,#2576,#2577);
#2575 = CARTESIAN_POINT('',(0.546002184013,-27.84611138466,
    -27.30010920065));
#2576 = DIRECTION('',(1.400005600034E-02,-0.714002856017,-0.700002800017
    ));
#2577 = DIRECTION('',(0.,0.700071410926,-0.714072839145));
#2578 = DEFINITIONAL_REPRESENTATION('',(#2579),#2583);
#2579 = CIRCLE('',#2580,6.);
#2580 = AXIS2_PLACEMENT_2D('',#2581,#2582);
#2581 = CARTESIAN_POINT('',(0.,0.));
#2582 = DIRECTION('',(1.,-8.673617379884E-19));
#2583 = ( GEOMETRIC_REPRESENTATION_CONTEXT(2) 
PARAMETRIC_REPRESENTATION_CONTEXT() REPRESENTATION_CONTEXT('2D SPACE',''
  ) );
#2584 = ORIENTED_EDGE('',*,*,#2535,.F.);
#2585 = ORIENTED_EDGE('',*,*,#676,.T.);
#2586 = ORIENTED_EDGE('',*,*,#1886,.T.);
#2587 = ORIENTED_EDGE('',*,*,#1710,.T.);
#2588 = ORIENTED_EDGE('',*,*,#2438,.T.);
#2589 = FACE_BOUND('',#2590,.T.);
#2590 = EDGE_LOOP('',(#2591));
#2591 = ORIENTED_EDGE('',*,*,#2592,.F.);
#2592 = EDGE_CURVE('',#2593,#2593,#2595,.T.);
#2593 = VERTEX_POINT('',#2594);
#2594 = CARTESIAN_POINT('',(-5.112600905778,-25.95769946384,
    -22.40008960053));
#2595 = SURFACE_CURVE('',#2596,(#2699,#2805),.PCURVE_S1.);
#2596 = B_SPLINE_CURVE_WITH_KNOTS('',6,(#2597,#2598,#2599,#2600,#2601,
    #2602,#2603,#2604,#2605,#2606,#2607,#2608,#2609,#2610,#2611,#2612,
    #2613,#2614,#2615,#2616,#2617,#2618,#2619,#2620,#2621,#2622,#2623,
    #2624,#2625,#2626,#2627,#2628,#2629,#2630,#2631,#2632,#2633,#2634,
    #2635,#2636,#2637,#2638,#2639,#2640,#2641,#2642,#2643,#2644,#2645,
    #2646,#2647,#2648,#2649,#2650,#2651,#2652,#2653,#2654,#2655,#2656,
    #2657,#2658,#2659,#2660,#2661,#2662,#2663,#2664,#2665,#2666,#2667,
    #2668,#2669,#2670,#2671,#2672,#2673,#2674,#2675,#2676,#2677,#2678,
    #2679,#2680,#2681,#2682,#2683,#2684,#2685,#2686,#2687,#2688,#2689,
    #2690,#2691,#2692,#2693,#2694,#2695,#2696,#2697,#2698),
  .UNSPECIFIED.,.T.,.F.,(7,5,5,5,5,5,5,5,5,5,5,5,5,5,5,5,5,5,5,5,7),(0.,
    1.476725591856E-02,5.560703195076E-02,9.479451069271E-02,
    0.138017927959,0.221132474031,0.280312579035,0.329178961795,
    0.387785664497,0.447660969565,0.475037522081,0.511580242041,
    0.555328918255,0.638299878464,0.681839749627,0.72132756596,
    0.801502796986,0.82928183967,0.887869826949,0.942164531848,1.),
  .UNSPECIFIED.);
#2597 = CARTESIAN_POINT('',(-5.112600905778,-25.95769946384,
    -22.40008960053));
#2598 = CARTESIAN_POINT('',(-5.100516940299,-25.95746252334,
    -22.35479326538));
#2599 = CARTESIAN_POINT('',(-5.088472899614,-25.95640551512,
    -22.30973596444));
#2600 = CARTESIAN_POINT('',(-5.076485435184,-25.9545449769,
    -22.26492409549));
#2601 = CARTESIAN_POINT('',(-5.064570625334,-25.95189644237,
    -22.22036354808));
#2602 = CARTESIAN_POINT('',(-5.052743975251,-25.94847444125,
    -22.17605970361));
#2603 = CARTESIAN_POINT('',(-5.008598178437,-25.93272707543,
    -22.01021576925));
#2604 = CARTESIAN_POINT('',(-4.976958855882,-25.91534769573,
    -21.89039367206));
#2605 = CARTESIAN_POINT('',(-4.946425251005,-25.89243810028,
    -21.77267848719));
#2606 = CARTESIAN_POINT('',(-4.917291628824,-25.86423825068,
    -21.65717964692));
#2607 = CARTESIAN_POINT('',(-4.889825296327,-25.83094462736,
    -21.54398960755));
#2608 = CARTESIAN_POINT('',(-4.839745056687,-25.75602330313,
    -21.3268629074));
#2609 = CARTESIAN_POINT('',(-4.816979865513,-25.71478723423,
    -21.22273753565));
#2610 = CARTESIAN_POINT('',(-4.796203096445,-25.66916119353,
    -21.12094791479));
#2611 = CARTESIAN_POINT('',(-4.777619014619,-25.61929039073,
    -21.02162379197));
#2612 = CARTESIAN_POINT('',(-4.761402572811,-25.5653044676,
    -20.92488793046));
#2613 = CARTESIAN_POINT('',(-4.732578459071,-25.44335441608,
    -20.72714519127));
#2614 = CARTESIAN_POINT('',(-4.720515307562,-25.37452734993,
    -20.62673121797));
#2615 = CARTESIAN_POINT('',(-4.711710034826,-25.30103439505,
    -20.52985372968));
#2616 = CARTESIAN_POINT('',(-4.706301755037,-25.22307754995,
    -20.43673396231));
#2617 = CARTESIAN_POINT('',(-4.704361770491,-25.14085799127,
    -20.34758072315));
#2618 = CARTESIAN_POINT('',(-4.708828091693,-24.88865585707,
    -20.09917183839));
#2619 = CARTESIAN_POINT('',(-4.724583355506,-24.70808322398,
    -19.95152482476));
#2620 = CARTESIAN_POINT('',(-4.753056697807,-24.51418654495,
    -19.82074866719));
#2621 = CARTESIAN_POINT('',(-4.7932989272,-24.30825055787,
    -19.70804727891));
#2622 = CARTESIAN_POINT('',(-4.843515208002,-24.09166497501,
    -19.6147944498));
#2623 = CARTESIAN_POINT('',(-4.942451811295,-23.70570061267,
    -19.49087741255));
#2624 = CARTESIAN_POINT('',(-4.987482966152,-23.54051566529,
    -19.44986707443));
#2625 = CARTESIAN_POINT('',(-5.035652751657,-23.37087583891,
    -19.41980320751));
#2626 = CARTESIAN_POINT('',(-5.086123409806,-23.19700568025,
    -19.40130204078));
#2627 = CARTESIAN_POINT('',(-5.137922455522,-23.01923635356,
    -19.39518896731));
#2628 = CARTESIAN_POINT('',(-5.232820430259,-22.68852394897,
    -19.40855770642));
#2629 = CARTESIAN_POINT('',(-5.275907500221,-22.53649438677,
    -19.42377109381));
#2630 = CARTESIAN_POINT('',(-5.318502059688,-22.38234888324,
    -19.44877584461));
#2631 = CARTESIAN_POINT('',(-5.359844589675,-22.2265447505,
    -19.4842855972));
#2632 = CARTESIAN_POINT('',(-5.399073862826,-22.06970586049,
    -19.53109223049));
#2633 = CARTESIAN_POINT('',(-5.478581662953,-21.72434081337,
    -19.66076999917));
#2634 = CARTESIAN_POINT('',(-5.517876008735,-21.53414638841,
    -19.74956460463));
#2635 = CARTESIAN_POINT('',(-5.550622836487,-21.34650424394,
    -19.85735913124));
#2636 = CARTESIAN_POINT('',(-5.574709604035,-21.16535464661,
    -19.9839090878));
#2637 = CARTESIAN_POINT('',(-5.588833337215,-20.99416213655,
    -20.12805012492));
#2638 = CARTESIAN_POINT('',(-5.596415789193,-20.67396580928,
    -20.4510767339));
#2639 = CARTESIAN_POINT('',(-5.589357741047,-20.52817536863,
    -20.62797057231));
#2640 = CARTESIAN_POINT('',(-5.57164093271,-20.40058794091,
    -20.8154695821));
#2641 = CARTESIAN_POINT('',(-5.544500211781,-20.29251594841,
    -21.00980975869));
#2642 = CARTESIAN_POINT('',(-5.510103069438,-20.20425168801,
    -21.20667933731));
#2643 = CARTESIAN_POINT('',(-5.453203187813,-20.10300876889,
    -21.4901932605));
#2644 = CARTESIAN_POINT('',(-5.434296852769,-20.07502569981,
    -21.57907068886));
#2645 = CARTESIAN_POINT('',(-5.414507717912,-20.05068512597,
    -21.6677078547));
#2646 = CARTESIAN_POINT('',(-5.393999105287,-20.02984986537,
    -21.75596141986));
#2647 = CARTESIAN_POINT('',(-5.372925966697,-20.01238635758,
    -21.84370497582));
#2648 = CARTESIAN_POINT('',(-5.322745087607,-19.97918108779,
    -22.04712205154));
#2649 = CARTESIAN_POINT('',(-5.293302716756,-19.96596880985,
    -22.16233851207));
#2650 = CARTESIAN_POINT('',(-5.263430799654,-19.95821156227,
    -22.27629784465));
#2651 = CARTESIAN_POINT('',(-5.23342176633,-19.95562998239,
    -22.38885994413));
#2652 = CARTESIAN_POINT('',(-5.203538217301,-19.95798214884,
    -22.4999234012));
#2653 = CARTESIAN_POINT('',(-5.138670072753,-19.97354278786,
    -22.74051838086));
#2654 = CARTESIAN_POINT('',(-5.103836993899,-19.98880163464,
    -22.86939030992));
#2655 = CARTESIAN_POINT('',(-5.069932602519,-20.01049497779,
    -22.99588030264));
#2656 = CARTESIAN_POINT('',(-5.037333111639,-20.03833449167,
    -23.11985346152));
#2657 = CARTESIAN_POINT('',(-5.006376786147,-20.0720889002,
    -23.24119865581));
#2658 = CARTESIAN_POINT('',(-4.922347715408,-20.18648669795,
    -23.58481060565));
#2659 = CARTESIAN_POINT('',(-4.874226436394,-20.28217843695,
    -23.80044243363));
#2660 = CARTESIAN_POINT('',(-4.835391520569,-20.39724868215,
    -24.00492895612));
#2661 = CARTESIAN_POINT('',(-4.80764124237,-20.53033899314,-24.196885718
    ));
#2662 = CARTESIAN_POINT('',(-4.791940720367,-20.68024911553,
    -24.37504644448));
#2663 = CARTESIAN_POINT('',(-4.786560764221,-20.93279048417,
    -24.62368250834));
#2664 = CARTESIAN_POINT('',(-4.788063177569,-21.02392925415,
    -24.70499392805));
#2665 = CARTESIAN_POINT('',(-4.792924099753,-21.1190842332,
    -24.78184765949));
#2666 = CARTESIAN_POINT('',(-4.801074371274,-21.21803649685,
    -24.85404320994));
#2667 = CARTESIAN_POINT('',(-4.812375059872,-21.32055303369,
    -24.9213811433));
#2668 = CARTESIAN_POINT('',(-4.839541863048,-21.52236474953,
    -25.04015413911));
#2669 = CARTESIAN_POINT('',(-4.854884501781,-21.62106563663,
    -25.09248240943));
#2670 = CARTESIAN_POINT('',(-4.872505015638,-21.72235976016,
    -25.14054142129));
#2671 = CARTESIAN_POINT('',(-4.892225326736,-21.82611516294,
    -25.18420474548));
#2672 = CARTESIAN_POINT('',(-4.913836873668,-21.93219177795,
    -25.22333081414));
#2673 = CARTESIAN_POINT('',(-4.98434485368,-22.26022160204,
    -25.32767914929));
#2674 = CARTESIAN_POINT('',(-5.038357979765,-22.48870449608,
    -25.37817144645));
#2675 = CARTESIAN_POINT('',(-5.097313266969,-22.7254013979,
    -25.40828789168));
#2676 = CARTESIAN_POINT('',(-5.159110464566,-22.96977343058,
    -25.41632716006));
#2677 = CARTESIAN_POINT('',(-5.221135840613,-23.2207667405,
    -25.39980218372));
#2678 = CARTESIAN_POINT('',(-5.300479283904,-23.5648022105,
    -25.34004361322));
#2679 = CARTESIAN_POINT('',(-5.320531653672,-23.65390458257,
    -25.32131661703));
#2680 = CARTESIAN_POINT('',(-5.340073495991,-23.74346261596,
    -25.29910344715));
#2681 = CARTESIAN_POINT('',(-5.358948758854,-23.83334009577,
    -25.27326382461));
#2682 = CARTESIAN_POINT('',(-5.376992805376,-23.92338251366,
    -25.24365354726));
#2683 = CARTESIAN_POINT('',(-5.429974543051,-24.20330392838,
    -25.13940920189));
#2684 = CARTESIAN_POINT('',(-5.461782947235,-24.39489252491,
    -25.05061459643));
#2685 = CARTESIAN_POINT('',(-5.487148917035,-24.583674136,
    -24.94282006983));
#2686 = CARTESIAN_POINT('',(-5.504115994935,-24.7656287107,
    -24.81627011327));
#2687 = CARTESIAN_POINT('',(-5.511518020393,-24.93724329446,
    -24.67212907615));
#2688 = CARTESIAN_POINT('',(-5.506776362248,-25.24245370369,
    -24.36427000035));
#2689 = CARTESIAN_POINT('',(-5.496055713037,-25.3759534313,
    -24.20473811041));
#2690 = CARTESIAN_POINT('',(-5.477085053272,-25.49432762728,
    -24.03608741264));
#2691 = CARTESIAN_POINT('',(-5.450762915775,-25.59643551004,
    -23.86122510878));
#2692 = CARTESIAN_POINT('',(-5.41865573872,-25.6819197075,
    -23.68350868276));
#2693 = CARTESIAN_POINT('',(-5.344362764887,-25.82538447903,
    -23.31841486436));
#2694 = CARTESIAN_POINT('',(-5.301417055274,-25.88166946315,
    -23.12998847058));
#2695 = CARTESIAN_POINT('',(-5.255440722589,-25.92174648521,
    -22.94299854677));
#2696 = CARTESIAN_POINT('',(-5.207861464533,-25.94699111126,
    -22.7585399492));
#2697 = CARTESIAN_POINT('',(-5.159899461838,-25.95862688651,
    -22.57738663532));
#2698 = CARTESIAN_POINT('',(-5.112600905778,-25.95769946384,
    -22.40008960053));
#2699 = PCURVE('',#350,#2700);
#2700 = DEFINITIONAL_REPRESENTATION('',(#2701),#2804);
#2701 = B_SPLINE_CURVE_WITH_KNOTS('',6,(#2702,#2703,#2704,#2705,#2706,
    #2707,#2708,#2709,#2710,#2711,#2712,#2713,#2714,#2715,#2716,#2717,
    #2718,#2719,#2720,#2721,#2722,#2723,#2724,#2725,#2726,#2727,#2728,
    #2729,#2730,#2731,#2732,#2733,#2734,#2735,#2736,#2737,#2738,#2739,
    #2740,#2741,#2742,#2743,#2744,#2745,#2746,#2747,#2748,#2749,#2750,
    #2751,#2752,#2753,#2754,#2755,#2756,#2757,#2758,#2759,#2760,#2761,
    #2762,#2763,#2764,#2765,#2766,#2767,#2768,#2769,#2770,#2771,#2772,
    #2773,#2774,#2775,#2776,#2777,#2778,#2779,#2780,#2781,#2782,#2783,
    #2784,#2785,#2786,#2787,#2788,#2789,#2790,#2791,#2792,#2793,#2794,
    #2795,#2796,#2797,#2798,#2799,#2800,#2801,#2802,#2803),
  .UNSPECIFIED.,.T.,.F.,(7,5,5,5,5,5,5,5,5,5,5,5,5,5,5,5,5,5,5,5,7),(0.,
    1.476725591856E-02,5.560703195076E-02,9.479451069271E-02,
    0.138017927959,0.221132474031,0.280312579035,0.329178961795,
    0.387785664497,0.447660969565,0.475037522081,0.511580242041,
    0.555328918255,0.638299878464,0.681839749627,0.72132756596,
    0.801502796986,0.82928183967,0.887869826949,0.942164531848,1.),
  .UNSPECIFIED.);
#2702 = CARTESIAN_POINT('',(4.341091698926,34.142420294834));
#2703 = CARTESIAN_POINT('',(4.335336346613,34.110712733395));
#2704 = CARTESIAN_POINT('',(4.329698726083,34.07858640694));
#2705 = CARTESIAN_POINT('',(4.324178431623,34.046057368761));
#2706 = CARTESIAN_POINT('',(4.318775135781,34.013140607593));
#2707 = CARTESIAN_POINT('',(4.313488589365,33.97985004761));
#2708 = CARTESIAN_POINT('',(4.29402074965,33.853133208637));
#2709 = CARTESIAN_POINT('',(4.280611986046,33.757291430654));
#2710 = CARTESIAN_POINT('',(4.268092012379,33.658960427234));
#2711 = CARTESIAN_POINT('',(4.25646451552,33.558384014838));
#2712 = CARTESIAN_POINT('',(4.245736327919,33.455763458397));
#2713 = CARTESIAN_POINT('',(4.226494096408,33.250981247014));
#2714 = CARTESIAN_POINT('',(4.217908087874,33.14896923823));
#2715 = CARTESIAN_POINT('',(4.210173146404,33.045429971177));
#2716 = CARTESIAN_POINT('',(4.203303565638,32.940555089646));
#2717 = CARTESIAN_POINT('',(4.197312971998,32.83452064352));
#2718 = CARTESIAN_POINT('',(4.186589814521,32.609431026533));
#2719 = CARTESIAN_POINT('',(4.182050711361,32.490167127058));
#2720 = CARTESIAN_POINT('',(4.178617802618,32.370001708622));
#2721 = CARTESIAN_POINT('',(4.176305559785,32.249231916901));
#2722 = CARTESIAN_POINT('',(4.1751217001,32.128146560036));
#2723 = CARTESIAN_POINT('',(4.174962124108,31.774124072293));
#2724 = CARTESIAN_POINT('',(4.179032887696,31.541620799018));
#2725 = CARTESIAN_POINT('',(4.187251915807,31.311235711555));
#2726 = CARTESIAN_POINT('',(4.199533716357,31.084742147801));
#2727 = CARTESIAN_POINT('',(4.215730738783,30.864119150832));
#2728 = CARTESIAN_POINT('',(4.249817863992,30.500412102774));
#2729 = CARTESIAN_POINT('',(4.265892392939,30.353131788366));
#2730 = CARTESIAN_POINT('',(4.283836449499,30.210289297122));
#2731 = CARTESIAN_POINT('',(4.303639873697,30.072488046708));
#2732 = CARTESIAN_POINT('',(4.325306879443,29.940555881647));
#2733 = CARTESIAN_POINT('',(4.368294417236,29.712455858098));
#2734 = CARTESIAN_POINT('',(4.389037952887,29.613952508876));
#2735 = CARTESIAN_POINT('',(4.411089896896,29.520799248466));
#2736 = CARTESIAN_POINT('',(4.434457386377,29.433832781218));
#2737 = CARTESIAN_POINT('',(4.459145232025,29.354064928157));
#2738 = CARTESIAN_POINT('',(4.516345616371,29.197134985668));
#2739 = CARTESIAN_POINT('',(4.549699311971,29.122941972454));
#2740 = CARTESIAN_POINT('',(4.584782440854,29.063962958423));
#2741 = CARTESIAN_POINT('',(4.621134391109,29.022869736398));
#2742 = CARTESIAN_POINT('',(4.658296589874,29.001339191811));
#2743 = CARTESIAN_POINT('',(4.734111161087,28.998731475672));
#2744 = CARTESIAN_POINT('',(4.772150375367,29.018561679929));
#2745 = CARTESIAN_POINT('',(4.809400096393,29.058961760303));
#2746 = CARTESIAN_POINT('',(4.845358334373,29.118216688389));
#2747 = CARTESIAN_POINT('',(4.879519858017,29.193486572569));
#2748 = CARTESIAN_POINT('',(4.925991665249,29.320455980774));
#2749 = CARTESIAN_POINT('',(4.940164387269,29.362955127983));
#2750 = CARTESIAN_POINT('',(4.953926013612,29.40789920202));
#2751 = CARTESIAN_POINT('',(4.967274236843,29.455087630893));
#2752 = CARTESIAN_POINT('',(4.980207255286,29.50433439643));
#2753 = CARTESIAN_POINT('',(5.00943153396,29.623720796659));
#2754 = CARTESIAN_POINT('',(5.025401381973,29.695351232293));
#2755 = CARTESIAN_POINT('',(5.040642051138,29.770002595771));
#2756 = CARTESIAN_POINT('',(5.055160294343,29.847373253326));
#2757 = CARTESIAN_POINT('',(5.068961752641,29.92721580918));
#2758 = CARTESIAN_POINT('',(5.097722705772,30.107651466974));
#2759 = CARTESIAN_POINT('',(5.112375965103,30.209244703388));
#2760 = CARTESIAN_POINT('',(5.126013346041,30.313751824808));
#2761 = CARTESIAN_POINT('',(5.138631375817,30.420867270268));
#2762 = CARTESIAN_POINT('',(5.150222369125,30.530343380425));
#2763 = CARTESIAN_POINT('',(5.180790302475,30.853729473441));
#2764 = CARTESIAN_POINT('',(5.197109460363,31.073670232345));
#2765 = CARTESIAN_POINT('',(5.209533502009,31.299515545372));
#2766 = CARTESIAN_POINT('',(5.217915340756,31.52930118377));
#2767 = CARTESIAN_POINT('',(5.222168224584,31.761270254881));
#2768 = CARTESIAN_POINT('',(5.222310919003,32.115706773932));
#2769 = CARTESIAN_POINT('',(5.221214604288,32.237677303587));
#2770 = CARTESIAN_POINT('',(5.218973322226,32.35934800441));
#2771 = CARTESIAN_POINT('',(5.21559461552,32.480423186474));
#2772 = CARTESIAN_POINT('',(5.211093032112,32.600598818188));
#2773 = CARTESIAN_POINT('',(5.200408501466,32.827454052539));
#2774 = CARTESIAN_POINT('',(5.194421338307,32.934341905766));
#2775 = CARTESIAN_POINT('',(5.187541397532,33.040060953949));
#2776 = CARTESIAN_POINT('',(5.179782613201,33.144430971594));
#2777 = CARTESIAN_POINT('',(5.171159644316,33.247255772415));
#2778 = CARTESIAN_POINT('',(5.14245548188,33.553527014793));
#2779 = CARTESIAN_POINT('',(5.11974431817,33.751253016282));
#2780 = CARTESIAN_POINT('',(5.09362366438,33.940511498858));
#2781 = CARTESIAN_POINT('',(5.0640849944,34.119756174272));
#2782 = CARTESIAN_POINT('',(5.031081660021,34.286530225957));
#2783 = CARTESIAN_POINT('',(4.981882673454,34.489230554786));
#2784 = CARTESIAN_POINT('',(4.968793577058,34.53946021885));
#2785 = CARTESIAN_POINT('',(4.955276336759,34.587582042471));
#2786 = CARTESIAN_POINT('',(4.941332658304,34.633402756874));
#2787 = CARTESIAN_POINT('',(4.926964773199,34.676713405697));
#2788 = CARTESIAN_POINT('',(4.88098297785,34.802865014331));
#2789 = CARTESIAN_POINT('',(4.847629282249,34.877058027546));
#2790 = CARTESIAN_POINT('',(4.812546153366,34.936037041577));
#2791 = CARTESIAN_POINT('',(4.776194203111,34.977130263602));
#2792 = CARTESIAN_POINT('',(4.739032004346,34.998660808189));
#2793 = CARTESIAN_POINT('',(4.666777263786,35.00114608048));
#2794 = CARTESIAN_POINT('',(4.632196657013,34.984942587313));
#2795 = CARTESIAN_POINT('',(4.598204917854,34.951671730954));
#2796 = CARTESIAN_POINT('',(4.565209943559,34.902541459945));
#2797 = CARTESIAN_POINT('',(4.533621304038,34.839624927533));
#2798 = CARTESIAN_POINT('',(4.47209827195,34.687532594788));
#2799 = CARTESIAN_POINT('',(4.442208100991,34.596422473298));
#2800 = CARTESIAN_POINT('',(4.414168088851,34.494787782497));
#2801 = CARTESIAN_POINT('',(4.387974859682,34.38435709509));
#2802 = CARTESIAN_POINT('',(4.363619060038,34.266528715618));
#2803 = CARTESIAN_POINT('',(4.341091698926,34.142420294834));
#2804 = ( GEOMETRIC_REPRESENTATION_CONTEXT(2) 
PARAMETRIC_REPRESENTATION_CONTEXT() REPRESENTATION_CONTEXT('2D SPACE',''
  ) );
#2805 = PCURVE('',#2806,#2811);
#2806 = CYLINDRICAL_SURFACE('',#2807,3.);
#2807 = AXIS2_PLACEMENT_3D('',#2808,#2809,#2810);
#2808 = CARTESIAN_POINT('',(8.446464365265,-22.69125879307,
    -22.40008960053));
#2809 = DIRECTION('',(-0.999807821657,-1.960407493445E-02,0.));
#2810 = DIRECTION('',(1.960407493445E-02,-0.999807821657,0.));
#2811 = DEFINITIONAL_REPRESENTATION('',(#2812),#2915);
#2812 = B_SPLINE_CURVE_WITH_KNOTS('',6,(#2813,#2814,#2815,#2816,#2817,
    #2818,#2819,#2820,#2821,#2822,#2823,#2824,#2825,#2826,#2827,#2828,
    #2829,#2830,#2831,#2832,#2833,#2834,#2835,#2836,#2837,#2838,#2839,
    #2840,#2841,#2842,#2843,#2844,#2845,#2846,#2847,#2848,#2849,#2850,
    #2851,#2852,#2853,#2854,#2855,#2856,#2857,#2858,#2859,#2860,#2861,
    #2862,#2863,#2864,#2865,#2866,#2867,#2868,#2869,#2870,#2871,#2872,
    #2873,#2874,#2875,#2876,#2877,#2878,#2879,#2880,#2881,#2882,#2883,
    #2884,#2885,#2886,#2887,#2888,#2889,#2890,#2891,#2892,#2893,#2894,
    #2895,#2896,#2897,#2898,#2899,#2900,#2901,#2902,#2903,#2904,#2905,
    #2906,#2907,#2908,#2909,#2910,#2911,#2912,#2913,#2914),
  .UNSPECIFIED.,.F.,.F.,(7,5,5,5,5,5,5,5,5,5,5,5,5,5,5,5,5,5,5,5,7),(0.,
    1.476725591856E-02,5.560703195076E-02,9.479451069271E-02,
    0.138017927959,0.221132474031,0.280312579035,0.329178961795,
    0.387785664497,0.447660969565,0.475037522081,0.511580242041,
    0.555328918255,0.638299878464,0.681839749627,0.72132756596,
    0.801502796986,0.82928183967,0.887869826949,0.942164531848,1.),
  .UNSPECIFIED.);
#2813 = CARTESIAN_POINT('',(-8.881784197001E-16,13.620495060021));
#2814 = CARTESIAN_POINT('',(1.509877838535E-02,13.60840877182));
#2815 = CARTESIAN_POINT('',(3.011788922837E-02,13.59634632407));
#2816 = CARTESIAN_POINT('',(4.506136388974E-02,13.58432468924));
#2817 = CARTESIAN_POINT('',(5.993313035045E-02,13.572360247089));
#2818 = CARTESIAN_POINT('',(7.473701321183E-02,13.560468784665));
#2819 = CARTESIAN_POINT('',(0.130240358749,13.516022759178));
#2820 = CARTESIAN_POINT('',(0.170520384414,13.484048810354));
#2821 = CARTESIAN_POINT('',(0.210388086484,13.453071951948));
#2822 = CARTESIAN_POINT('',(0.249907901708,13.423391096654));
#2823 = CARTESIAN_POINT('',(0.289142829481,13.395277351905));
#2824 = CARTESIAN_POINT('',(0.365598286087,13.343737973348));
#2825 = CARTESIAN_POINT('',(0.402835944888,13.320168762166));
#2826 = CARTESIAN_POINT('',(0.439906765965,13.298501529623));
#2827 = CARTESIAN_POINT('',(0.476844009049,13.278943348299));
#2828 = CARTESIAN_POINT('',(0.513681892995,13.261671678858));
#2829 = CARTESIAN_POINT('',(0.591020122419,13.23046238654));
#2830 = CARTESIAN_POINT('',(0.631504309187,13.217052262345));
#2831 = CARTESIAN_POINT('',(0.671928500523,13.206807920397));
#2832 = CARTESIAN_POINT('',(0.712312784949,13.19987240813));
#2833 = CARTESIAN_POINT('',(0.752679276476,13.196320958017));
#2834 = CARTESIAN_POINT('',(0.870687096071,13.195842231351));
#2835 = CARTESIAN_POINT('',(0.948171383815,13.208054507913));
#2836 = CARTESIAN_POINT('',(1.025775436048,13.232721213229));
#2837 = CARTESIAN_POINT('',(1.103732720926,13.268918524415));
#2838 = CARTESIAN_POINT('',(1.182262862723,13.314879194739));
#2839 = CARTESIAN_POINT('',(1.317977983585,13.406230310278));
#2840 = CARTESIAN_POINT('',(1.374857982677,13.448014513036));
#2841 = CARTESIAN_POINT('',(1.432385762472,13.492849409483));
#2842 = CARTESIAN_POINT('',(1.490769132524,13.539901804646));
#2843 = CARTESIAN_POINT('',(1.550223028713,13.588205892505));
#2844 = CARTESIAN_POINT('',(1.661148987552,13.676602319145));
#2845 = CARTESIAN_POINT('',(1.712259696684,13.716700709776));
#2846 = CARTESIAN_POINT('',(1.764431011963,13.75626520349));
#2847 = CARTESIAN_POINT('',(1.817783378727,13.794545392445));
#2848 = CARTESIAN_POINT('',(1.872447280869,13.830692445226));
#2849 = CARTESIAN_POINT('',(1.995882529995,13.903414403413));
#2850 = CARTESIAN_POINT('',(2.065860271898,13.938972611913));
#2851 = CARTESIAN_POINT('',(2.13776828416,13.968034595773));
#2852 = CARTESIAN_POINT('',(2.211100708467,13.988565464086));
#2853 = CARTESIAN_POINT('',(2.285454873823,13.999330412194));
#2854 = CARTESIAN_POINT('',(2.437085884898,14.000634254196));
#2855 = CARTESIAN_POINT('',(2.513134741921,13.990719475731));
#2856 = CARTESIAN_POINT('',(2.588183900545,13.970504838687));
#2857 = CARTESIAN_POINT('',(2.661786606937,13.941250682178));
#2858 = CARTESIAN_POINT('',(2.733384715216,13.905129811045));
#2859 = CARTESIAN_POINT('',(2.833607663844,13.846256090572));
#2860 = CARTESIAN_POINT('',(2.864607087097,13.826804806733));
#2861 = CARTESIAN_POINT('',(2.895180832134,13.806542300486));
#2862 = CARTESIAN_POINT('',(2.925347530906,13.785629173162));
#2863 = CARTESIAN_POINT('',(2.955124184328,13.764217728457));
#2864 = CARTESIAN_POINT('',(3.023774928323,13.713395534449));
#2865 = CARTESIAN_POINT('',(3.062366352147,13.683699807297));
#2866 = CARTESIAN_POINT('',(3.100367795397,13.653681557267));
#2867 = CARTESIAN_POINT('',(3.137838945362,13.623627681545));
#2868 = CARTESIAN_POINT('',(3.174838150643,13.593795987533));
#2869 = CARTESIAN_POINT('',(3.25523243633,13.529245361172));
#2870 = CARTESIAN_POINT('',(3.298455797219,13.494718112056));
#2871 = CARTESIAN_POINT('',(3.341187482292,13.461245514291));
#2872 = CARTESIAN_POINT('',(3.383507430713,13.429198056244));
#2873 = CARTESIAN_POINT('',(3.425493613315,13.398909403841));
#2874 = CARTESIAN_POINT('',(3.546384076888,13.317139144669));
#2875 = CARTESIAN_POINT('',(3.624786921675,13.270903061544));
#2876 = CARTESIAN_POINT('',(3.702609509869,13.234331454659));
#2877 = CARTESIAN_POINT('',(3.780072617144,13.209195621893));
#2878 = CARTESIAN_POINT('',(3.857410810181,13.196436966462));
#2879 = CARTESIAN_POINT('',(3.975556575048,13.196008884142));
#2880 = CARTESIAN_POINT('',(4.016209371047,13.199297700035));
#2881 = CARTESIAN_POINT('',(4.056879027149,13.206023113395));
#2882 = CARTESIAN_POINT('',(4.097587890376,13.216111686202));
#2883 = CARTESIAN_POINT('',(4.138356268086,13.229419944922));
#2884 = CARTESIAN_POINT('',(4.216248432709,13.260537859227));
#2885 = CARTESIAN_POINT('',(4.253355920868,13.277812489023));
#2886 = CARTESIAN_POINT('',(4.290563041371,13.297415394187));
#2887 = CARTESIAN_POINT('',(4.327904602577,13.31916594416));
#2888 = CARTESIAN_POINT('',(4.365414406222,13.34285287173));
#2889 = CARTESIAN_POINT('',(4.479697697948,13.419778022887));
#2890 = CARTESIAN_POINT('',(4.557018193169,13.478259964595));
#2891 = CARTESIAN_POINT('',(4.635654599782,13.54184414567));
#2892 = CARTESIAN_POINT('',(4.716170438787,13.608420154824));
#2893 = CARTESIAN_POINT('',(4.799121324806,13.675354102593));
#2894 = CARTESIAN_POINT('',(4.914984445674,13.761426794926));
#2895 = CARTESIAN_POINT('',(4.945181486182,13.783222080642));
#2896 = CARTESIAN_POINT('',(4.97577893157,13.80451586984));
#2897 = CARTESIAN_POINT('',(5.006794854404,13.825149470135));
#2898 = CARTESIAN_POINT('',(5.038249025768,13.84495524729));
#2899 = CARTESIAN_POINT('',(5.137475183584,13.903414403413));
#2900 = CARTESIAN_POINT('',(5.207452925488,13.938972611913));
#2901 = CARTESIAN_POINT('',(5.27936093775,13.968034595773));
#2902 = CARTESIAN_POINT('',(5.352693362056,13.988565464086));
#2903 = CARTESIAN_POINT('',(5.427047527412,13.999330412194));
#2904 = CARTESIAN_POINT('',(5.571558789439,14.000573033026));
#2905 = CARTESIAN_POINT('',(5.640695798908,13.992471582756));
#2906 = CARTESIAN_POINT('',(5.709084782951,13.975825185349));
#2907 = CARTESIAN_POINT('',(5.776336681138,13.951509836982));
#2908 = CARTESIAN_POINT('',(5.841984256476,13.921084668843));
#2909 = CARTESIAN_POINT('',(5.972915818245,13.849618466643));
#2910 = CARTESIAN_POINT('',(6.038318216681,13.807784425312));
#2911 = CARTESIAN_POINT('',(6.101844330937,13.762602601225));
#2912 = CARTESIAN_POINT('',(6.163701798953,13.715527384414));
#2913 = CARTESIAN_POINT('',(6.224086295585,13.667802707587));
#2914 = CARTESIAN_POINT('',(6.28318530718,13.620495060021));
#2915 = ( GEOMETRIC_REPRESENTATION_CONTEXT(2) 
PARAMETRIC_REPRESENTATION_CONTEXT() REPRESENTATION_CONTEXT('2D SPACE',''
  ) );
#2916 = FACE_BOUND('',#2917,.T.);
#2917 = EDGE_LOOP('',(#2918));
#2918 = ORIENTED_EDGE('',*,*,#2919,.T.);
#2919 = EDGE_CURVE('',#2920,#2920,#2922,.T.);
#2920 = VERTEX_POINT('',#2921);
#2921 = CARTESIAN_POINT('',(6.126228939406,-25.73733025119,
    -22.40008960053));
#2922 = SURFACE_CURVE('',#2923,(#3026,#3132),.PCURVE_S1.);
#2923 = B_SPLINE_CURVE_WITH_KNOTS('',6,(#2924,#2925,#2926,#2927,#2928,
    #2929,#2930,#2931,#2932,#2933,#2934,#2935,#2936,#2937,#2938,#2939,
    #2940,#2941,#2942,#2943,#2944,#2945,#2946,#2947,#2948,#2949,#2950,
    #2951,#2952,#2953,#2954,#2955,#2956,#2957,#2958,#2959,#2960,#2961,
    #2962,#2963,#2964,#2965,#2966,#2967,#2968,#2969,#2970,#2971,#2972,
    #2973,#2974,#2975,#2976,#2977,#2978,#2979,#2980,#2981,#2982,#2983,
    #2984,#2985,#2986,#2987,#2988,#2989,#2990,#2991,#2992,#2993,#2994,
    #2995,#2996,#2997,#2998,#2999,#3000,#3001,#3002,#3003,#3004,#3005,
    #3006,#3007,#3008,#3009,#3010,#3011,#3012,#3013,#3014,#3015,#3016,
    #3017,#3018,#3019,#3020,#3021,#3022,#3023,#3024,#3025),
  .UNSPECIFIED.,.T.,.F.,(7,5,5,5,5,5,5,5,5,5,5,5,5,5,5,5,5,5,5,5,7),(0.,
    1.476725592515E-02,5.560703197567E-02,9.479451073522E-02,
    0.138017928021,0.22113247413,0.280312579161,0.329178961923,
    0.387785664607,0.447660969657,0.475037522167,0.51158024212,
    0.555328918327,0.638299878523,0.681839749679,0.721327566006,
    0.801502797019,0.829281839698,0.887869826967,0.942164531858,1.),
  .UNSPECIFIED.);
#2924 = CARTESIAN_POINT('',(6.126228939406,-25.73733025119,
    -22.40008960053));
#2925 = CARTESIAN_POINT('',(6.114144973928,-25.73756719169,
    -22.35479326538));
#2926 = CARTESIAN_POINT('',(6.102068755396,-25.73698312973,
    -22.30973596444));
#2927 = CARTESIAN_POINT('',(6.090017570762,-25.73559393757,
    -22.26492409549));
#2928 = CARTESIAN_POINT('',(6.078008094924,-25.73341450668,
    -22.22036354808));
#2929 = CARTESIAN_POINT('',(6.066056390723,-25.7304587478,
    -22.17605970361));
#2930 = CARTESIAN_POINT('',(6.021327219689,-25.7164540284,
    -22.01021576925));
#2931 = CARTESIAN_POINT('',(5.989030933996,-25.70032828808,
    -21.89039367206));
#2932 = CARTESIAN_POINT('',(5.957622728225,-25.67863323794,
    -21.77267848719));
#2933 = CARTESIAN_POINT('',(5.927406047852,-25.65159711976,
    -21.65717964692));
#2934 = CARTESIAN_POINT('',(5.898655696557,-25.61940578436,
    -21.54398960755));
#2935 = CARTESIAN_POINT('',(5.845676988588,-25.54650522381,
    -21.3268629074));
#2936 = CARTESIAN_POINT('',(5.821312816382,-25.50619326008,
    -21.22273753565));
#2937 = CARTESIAN_POINT('',(5.798763448308,-25.46141675148,
    -21.12094791479));
#2938 = CARTESIAN_POINT('',(5.778238684805,-25.41231278878,
    -21.02162379197));
#2939 = CARTESIAN_POINT('',(5.759918426212,-25.35900405585,
    -20.92488793046));
#2940 = CARTESIAN_POINT('',(5.726335950817,-25.23827766294,
    -20.72714519127));
#2941 = CARTESIAN_POINT('',(5.711584008207,-25.16997638295,
    -20.62673121797));
#2942 = CARTESIAN_POINT('',(5.699904534528,-25.09688508977,
    -20.52985372968));
#2943 = CARTESIAN_POINT('',(5.691444455493,-25.01920017327,
    -20.43673396231));
#2944 = CARTESIAN_POINT('',(5.686282904837,-24.93711986038,
    -20.34758072315));
#2945 = CARTESIAN_POINT('',(5.680859314306,-24.68493649617,
    -20.09917183839));
#2946 = CARTESIAN_POINT('',(5.689523909747,-24.50388504231,
    -19.95152482476));
#2947 = CARTESIAN_POINT('',(5.710374497265,-24.3090212274,
    -19.82074866719));
#2948 = CARTESIAN_POINT('',(5.742512977565,-24.10166601072,
    -19.70804727891));
#2949 = CARTESIAN_POINT('',(5.78420037212,-23.88327839501,-19.6147944498
    ));
#2950 = CARTESIAN_POINT('',(5.867930888493,-23.49373232444,
    -19.49087741255));
#2951 = CARTESIAN_POINT('',(5.906452079114,-23.32690909578,
    -19.44986707443));
#2952 = CARTESIAN_POINT('',(5.947934853911,-23.15551137605,
    -19.41980320751));
#2953 = CARTESIAN_POINT('',(5.991550901185,-22.97979638003,
    -19.40130204078));
#2954 = CARTESIAN_POINT('',(6.036341465188,-22.80013313942,
    -19.39518896731));
#2955 = CARTESIAN_POINT('',(6.118202367958,-22.46595487455,
    -19.40855770641));
#2956 = CARTESIAN_POINT('',(6.155296667194,-22.31235312857,
    -19.42377109381));
#2957 = CARTESIAN_POINT('',(6.191815888283,-22.1566563744,
    -19.44877584462));
#2958 = CARTESIAN_POINT('',(6.227019022947,-21.99935134632,
    -19.48428559721));
#2959 = CARTESIAN_POINT('',(6.260069961988,-21.84109519732,
    -19.53109223047));
#2960 = CARTESIAN_POINT('',(6.325978127073,-21.49287885671,
    -19.66076999917));
#2961 = CARTESIAN_POINT('',(6.357786531256,-21.30129026017,
    -19.74956460464));
#2962 = CARTESIAN_POINT('',(6.383152501056,-21.11250864909,
    -19.85735913124));
#2963 = CARTESIAN_POINT('',(6.400119578957,-20.93055407439,
    -19.9839090878));
#2964 = CARTESIAN_POINT('',(6.407521604415,-20.75893949063,
    -20.12805012492));
#2965 = CARTESIAN_POINT('',(6.402546335299,-20.43869204214,
    -20.4510767339));
#2966 = CARTESIAN_POINT('',(6.389778637327,-20.2932903416,
    -20.62797057231));
#2967 = CARTESIAN_POINT('',(6.367073941206,-20.1664954924,-20.8154695821
    ));
#2968 = CARTESIAN_POINT('',(6.335717593148,-20.05957050126,
    -21.00980975869));
#2969 = CARTESIAN_POINT('',(6.297886876524,-19.97272247338,
    -21.20667933731));
#2970 = CARTESIAN_POINT('',(6.23706194571,-19.87378788391,
    -21.49019326051));
#2971 = CARTESIAN_POINT('',(6.217073189309,-19.84656746369,
    -21.57907068885));
#2972 = CARTESIAN_POINT('',(6.196345099702,-19.82302134523,
    -21.6677078547));
#2973 = CARTESIAN_POINT('',(6.175035495779,-19.80300604967,
    -21.75596141985));
#2974 = CARTESIAN_POINT('',(6.15329397459,-19.78638204501,
    -21.84370497582));
#2975 = CARTESIAN_POINT('',(6.101849999514,-19.75516941941,
    -22.04712205154));
#2976 = CARTESIAN_POINT('',(6.071912329812,-19.74312145599,
    -22.16233851207));
#2977 = CARTESIAN_POINT('',(6.04175928457,-19.73654116846,
    -22.27629784465));
#2978 = CARTESIAN_POINT('',(6.011672117857,-19.73513794544,
    -22.38885994413));
#2979 = CARTESIAN_POINT('',(5.981903744875,-19.73865975743,
    -22.4999234012));
#2980 = CARTESIAN_POINT('',(5.917695447164,-19.75675130708,
    -22.74051838086));
#2981 = CARTESIAN_POINT('',(5.883487298567,-19.77336390341,
    -22.86939030992));
#2982 = CARTESIAN_POINT('',(5.850459359833,-19.7963696452,
    -22.99588030264));
#2983 = CARTESIAN_POINT('',(5.818976252272,-19.82546568061,
    -23.11985346152));
#2984 = CARTESIAN_POINT('',(5.789366914605,-19.86040765117,
    -23.24119865581));
#2985 = CARTESIAN_POINT('',(5.709886895946,-19.97801150949,
    -23.58481060565));
#2986 = CARTESIAN_POINT('',(5.665553779859,-20.07551607976,
    -23.80044243363));
#2987 = CARTESIAN_POINT('',(5.631259538454,-20.19202023002,
    -24.00492895612));
#2988 = CARTESIAN_POINT('',(5.608747812246,-20.3260960705,-24.196885718)
  );
#2989 = CARTESIAN_POINT('',(5.598935927263,-20.47650643616,
    -24.37504644448));
#2990 = CARTESIAN_POINT('',(5.603459883305,-20.72906458913,
    -24.62368250834));
#2991 = CARTESIAN_POINT('',(5.608533837665,-20.82007441072,
    -24.70499392805));
#2992 = CARTESIAN_POINT('',(5.617121157243,-20.91496569875,
    -24.78184765949));
#2993 = CARTESIAN_POINT('',(5.629144153725,-21.01352240813,
    -24.85404320994));
#2994 = CARTESIAN_POINT('',(5.644454867449,-21.11551715276,
    -24.9213811433));
#2995 = CARTESIAN_POINT('',(5.679511932505,-21.31610879275,
    -25.04015413911));
#2996 = CARTESIAN_POINT('',(5.698711913746,-21.41413237358,
    -25.09248240943));
#2997 = CARTESIAN_POINT('',(5.720289675709,-21.51465790347,
    -25.14054142129));
#2998 = CARTESIAN_POINT('',(5.744062104587,-21.61756050742,
    -25.18420474548));
#2999 = CARTESIAN_POINT('',(5.769815308566,-21.72270840182,
    -25.22333081414));
#3000 = CARTESIAN_POINT('',(5.853128064172,-22.04772213306,
    -25.32767914929));
#3001 = CARTESIAN_POINT('',(5.916056343577,-22.27391205836,
    -25.37817144644));
#3002 = CARTESIAN_POINT('',(5.984244979518,-22.50811594208,
    -25.40828789168));
#3003 = CARTESIAN_POINT('',(6.055574211295,-22.74987765262,
    -25.41632716006));
#3004 = CARTESIAN_POINT('',(6.127391004275,-22.99824660629,
    -25.39980218372));
#3005 = CARTESIAN_POINT('',(6.220159863036,-23.33890732527,
    -25.34004361322));
#3006 = CARTESIAN_POINT('',(6.243689687536,-23.42715514451,
    -25.32131661703));
#3007 = CARTESIAN_POINT('',(6.266727239203,-23.51587828782,
    -25.29910344715));
#3008 = CARTESIAN_POINT('',(6.289111246268,-23.60494676233,
    -25.27326382461));
#3009 = CARTESIAN_POINT('',(6.310671141572,-23.69421263234,
    -25.24365354726));
#3010 = CARTESIAN_POINT('',(6.374585246975,-23.97184197171,
    -25.13940920189));
#3011 = CARTESIAN_POINT('',(6.413879592756,-24.16203639668,
    -25.05061459643));
#3012 = CARTESIAN_POINT('',(6.446626420508,-24.34967854114,
    -24.94282006983));
#3013 = CARTESIAN_POINT('',(6.470713188057,-24.53082813848,
    -24.81627011327));
#3014 = CARTESIAN_POINT('',(6.484836921237,-24.70202064854,
    -24.67212907615));
#3015 = CARTESIAN_POINT('',(6.492063343436,-25.00718233691,
    -24.36427000035));
#3016 = CARTESIAN_POINT('',(6.486584205953,-25.1409997074,
    -24.20473811041));
#3017 = CARTESIAN_POINT('',(6.472268469059,-25.26002657782,
    -24.03608741264));
#3018 = CARTESIAN_POINT('',(6.449969255588,-25.36308782041,
    -23.86122510878));
#3019 = CARTESIAN_POINT('',(6.421237790483,-25.44976493242,
    -23.68350868276));
#3020 = CARTESIAN_POINT('',(6.352625828427,-25.59603176151,
    -23.31841486436));
#3021 = CARTESIAN_POINT('',(6.311919534571,-25.653956981,-23.12998847058
    ));
#3022 = CARTESIAN_POINT('',(6.26754958502,-25.69580549879,
    -22.94299854677));
#3023 = CARTESIAN_POINT('',(6.220996503127,-25.722895857,-22.7585399492)
  );
#3024 = CARTESIAN_POINT('',(6.173527495466,-25.73640282852,
    -22.57738663532));
#3025 = CARTESIAN_POINT('',(6.126228939406,-25.73733025119,
    -22.40008960053));
#3026 = PCURVE('',#350,#3027);
#3027 = DEFINITIONAL_REPRESENTATION('',(#3028),#3131);
#3028 = B_SPLINE_CURVE_WITH_KNOTS('',6,(#3029,#3030,#3031,#3032,#3033,
    #3034,#3035,#3036,#3037,#3038,#3039,#3040,#3041,#3042,#3043,#3044,
    #3045,#3046,#3047,#3048,#3049,#3050,#3051,#3052,#3053,#3054,#3055,
    #3056,#3057,#3058,#3059,#3060,#3061,#3062,#3063,#3064,#3065,#3066,
    #3067,#3068,#3069,#3070,#3071,#3072,#3073,#3074,#3075,#3076,#3077,
    #3078,#3079,#3080,#3081,#3082,#3083,#3084,#3085,#3086,#3087,#3088,
    #3089,#3090,#3091,#3092,#3093,#3094,#3095,#3096,#3097,#3098,#3099,
    #3100,#3101,#3102,#3103,#3104,#3105,#3106,#3107,#3108,#3109,#3110,
    #3111,#3112,#3113,#3114,#3115,#3116,#3117,#3118,#3119,#3120,#3121,
    #3122,#3123,#3124,#3125,#3126,#3127,#3128,#3129,#3130),
  .UNSPECIFIED.,.T.,.F.,(7,5,5,5,5,5,5,5,5,5,5,5,5,5,5,5,5,5,5,5,7),(0.,
    1.476725592515E-02,5.560703197567E-02,9.479451073522E-02,
    0.138017928021,0.22113247413,0.280312579161,0.329178961923,
    0.387785664607,0.447660969657,0.475037522167,0.51158024212,
    0.555328918327,0.638299878523,0.681839749679,0.721327566006,
    0.801502797019,0.829281839698,0.887869826967,0.942164531858,1.),
  .UNSPECIFIED.);
#3029 = CARTESIAN_POINT('',(1.914644241705,34.142420294834));
#3030 = CARTESIAN_POINT('',(1.920399594017,34.110712733395));
#3031 = CARTESIAN_POINT('',(1.926037214547,34.07858640694));
#3032 = CARTESIAN_POINT('',(1.931557509007,34.046057368762));
#3033 = CARTESIAN_POINT('',(1.93696080485,34.013140607593));
#3034 = CARTESIAN_POINT('',(1.942247351265,33.97985004761));
#3035 = CARTESIAN_POINT('',(1.961715190981,33.853133208637));
#3036 = CARTESIAN_POINT('',(1.975123954584,33.757291430654));
#3037 = CARTESIAN_POINT('',(1.987643928251,33.658960427235));
#3038 = CARTESIAN_POINT('',(1.99927142511,33.558384014838));
#3039 = CARTESIAN_POINT('',(2.009999612712,33.455763458397));
#3040 = CARTESIAN_POINT('',(2.029241844223,33.250981247014));
#3041 = CARTESIAN_POINT('',(2.037827852757,33.14896923823));
#3042 = CARTESIAN_POINT('',(2.045562794226,33.045429971177));
#3043 = CARTESIAN_POINT('',(2.052432374992,32.940555089646));
#3044 = CARTESIAN_POINT('',(2.058422968632,32.834520643519));
#3045 = CARTESIAN_POINT('',(2.06914612611,32.609431026533));
#3046 = CARTESIAN_POINT('',(2.07368522927,32.490167127058));
#3047 = CARTESIAN_POINT('',(2.077118138013,32.370001708622));
#3048 = CARTESIAN_POINT('',(2.079430380846,32.249231916901));
#3049 = CARTESIAN_POINT('',(2.08061424053,32.128146560036));
#3050 = CARTESIAN_POINT('',(2.080773816523,31.774124072293));
#3051 = CARTESIAN_POINT('',(2.076703052934,31.541620799018));
#3052 = CARTESIAN_POINT('',(2.068484024823,31.311235711555));
#3053 = CARTESIAN_POINT('',(2.056202224273,31.084742147801));
#3054 = CARTESIAN_POINT('',(2.040005201847,30.864119150832));
#3055 = CARTESIAN_POINT('',(2.005918076639,30.500412102774));
#3056 = CARTESIAN_POINT('',(1.989843547691,30.353131788366));
#3057 = CARTESIAN_POINT('',(1.971899491131,30.210289297122));
#3058 = CARTESIAN_POINT('',(1.952096066934,30.072488046708));
#3059 = CARTESIAN_POINT('',(1.930429061188,29.940555881646));
#3060 = CARTESIAN_POINT('',(1.887441523402,29.712455858141));
#3061 = CARTESIAN_POINT('',(1.866697987742,29.61395250886));
#3062 = CARTESIAN_POINT('',(1.844646043727,29.520799248434));
#3063 = CARTESIAN_POINT('',(1.821278554251,29.433832781219));
#3064 = CARTESIAN_POINT('',(1.796590708614,29.354064928181));
#3065 = CARTESIAN_POINT('',(1.73939032426,29.197134985668));
#3066 = CARTESIAN_POINT('',(1.706036628659,29.122941972454));
#3067 = CARTESIAN_POINT('',(1.670953499777,29.063962958423));
#3068 = CARTESIAN_POINT('',(1.634601549521,29.022869736398));
#3069 = CARTESIAN_POINT('',(1.597439350756,29.001339191811));
#3070 = CARTESIAN_POINT('',(1.521624779543,28.998731475672));
#3071 = CARTESIAN_POINT('',(1.483585565263,29.018561679929));
#3072 = CARTESIAN_POINT('',(1.446335844237,29.058961760303));
#3073 = CARTESIAN_POINT('',(1.410377606258,29.118216688389));
#3074 = CARTESIAN_POINT('',(1.376216082614,29.193486572569));
#3075 = CARTESIAN_POINT('',(1.32974427538,29.320455980777));
#3076 = CARTESIAN_POINT('',(1.315571553362,29.362955127983));
#3077 = CARTESIAN_POINT('',(1.301809927019,29.407899202017));
#3078 = CARTESIAN_POINT('',(1.288461703788,29.455087630892));
#3079 = CARTESIAN_POINT('',(1.275528685344,29.504334396434));
#3080 = CARTESIAN_POINT('',(1.246304406671,29.623720796659));
#3081 = CARTESIAN_POINT('',(1.230334558657,29.695351232293));
#3082 = CARTESIAN_POINT('',(1.215093889492,29.770002595771));
#3083 = CARTESIAN_POINT('',(1.200575646287,29.847373253326));
#3084 = CARTESIAN_POINT('',(1.186774187989,29.92721580918));
#3085 = CARTESIAN_POINT('',(1.158013234859,30.107651466974));
#3086 = CARTESIAN_POINT('',(1.143359975528,30.209244703388));
#3087 = CARTESIAN_POINT('',(1.129722594589,30.313751824809));
#3088 = CARTESIAN_POINT('',(1.117104564813,30.420867270268));
#3089 = CARTESIAN_POINT('',(1.105513571506,30.530343380425));
#3090 = CARTESIAN_POINT('',(1.074945638155,30.853729473441));
#3091 = CARTESIAN_POINT('',(1.058626480267,31.073670232345));
#3092 = CARTESIAN_POINT('',(1.046202438621,31.299515545371));
#3093 = CARTESIAN_POINT('',(1.037820599874,31.52930118377));
#3094 = CARTESIAN_POINT('',(1.033567716047,31.761270254881));
#3095 = CARTESIAN_POINT('',(1.033425021628,32.115706773931));
#3096 = CARTESIAN_POINT('',(1.034521336342,32.237677303587));
#3097 = CARTESIAN_POINT('',(1.036762618404,32.359348004411));
#3098 = CARTESIAN_POINT('',(1.040141325111,32.480423186474));
#3099 = CARTESIAN_POINT('',(1.044642908518,32.600598818188));
#3100 = CARTESIAN_POINT('',(1.055327439165,32.82745405254));
#3101 = CARTESIAN_POINT('',(1.061314602324,32.934341905766));
#3102 = CARTESIAN_POINT('',(1.068194543098,33.040060953949));
#3103 = CARTESIAN_POINT('',(1.075953327429,33.144430971594));
#3104 = CARTESIAN_POINT('',(1.084576296314,33.247255772415));
#3105 = CARTESIAN_POINT('',(1.113280458751,33.553527014793));
#3106 = CARTESIAN_POINT('',(1.13599162246,33.751253016281));
#3107 = CARTESIAN_POINT('',(1.16211227625,33.940511498859));
#3108 = CARTESIAN_POINT('',(1.19165094623,34.119756174272));
#3109 = CARTESIAN_POINT('',(1.22465428061,34.286530225957));
#3110 = CARTESIAN_POINT('',(1.273853267177,34.489230554785));
#3111 = CARTESIAN_POINT('',(1.286942363573,34.53946021885));
#3112 = CARTESIAN_POINT('',(1.300459603871,34.587582042471));
#3113 = CARTESIAN_POINT('',(1.314403282327,34.633402756874));
#3114 = CARTESIAN_POINT('',(1.328771167431,34.676713405696));
#3115 = CARTESIAN_POINT('',(1.374752962781,34.802865014332));
#3116 = CARTESIAN_POINT('',(1.408106658381,34.877058027545));
#3117 = CARTESIAN_POINT('',(1.443189787264,34.936037041578));
#3118 = CARTESIAN_POINT('',(1.479541737519,34.977130263602));
#3119 = CARTESIAN_POINT('',(1.516703936284,34.998660808189));
#3120 = CARTESIAN_POINT('',(1.588958676844,35.00114608048));
#3121 = CARTESIAN_POINT('',(1.623539283617,34.984942587313));
#3122 = CARTESIAN_POINT('',(1.657531022776,34.951671730954));
#3123 = CARTESIAN_POINT('',(1.690525997072,34.902541459945));
#3124 = CARTESIAN_POINT('',(1.722114636592,34.839624927533));
#3125 = CARTESIAN_POINT('',(1.78363766868,34.687532594788));
#3126 = CARTESIAN_POINT('',(1.813527839639,34.596422473298));
#3127 = CARTESIAN_POINT('',(1.841567851779,34.494787782498));
#3128 = CARTESIAN_POINT('',(1.867761080948,34.384357095091));
#3129 = CARTESIAN_POINT('',(1.892116880593,34.266528715617));
#3130 = CARTESIAN_POINT('',(1.914644241705,34.142420294834));
#3131 = ( GEOMETRIC_REPRESENTATION_CONTEXT(2) 
PARAMETRIC_REPRESENTATION_CONTEXT() REPRESENTATION_CONTEXT('2D SPACE',''
  ) );
#3132 = PCURVE('',#2806,#3133);
#3133 = DEFINITIONAL_REPRESENTATION('',(#3134),#3237);
#3134 = B_SPLINE_CURVE_WITH_KNOTS('',6,(#3135,#3136,#3137,#3138,#3139,
    #3140,#3141,#3142,#3143,#3144,#3145,#3146,#3147,#3148,#3149,#3150,
    #3151,#3152,#3153,#3154,#3155,#3156,#3157,#3158,#3159,#3160,#3161,
    #3162,#3163,#3164,#3165,#3166,#3167,#3168,#3169,#3170,#3171,#3172,
    #3173,#3174,#3175,#3176,#3177,#3178,#3179,#3180,#3181,#3182,#3183,
    #3184,#3185,#3186,#3187,#3188,#3189,#3190,#3191,#3192,#3193,#3194,
    #3195,#3196,#3197,#3198,#3199,#3200,#3201,#3202,#3203,#3204,#3205,
    #3206,#3207,#3208,#3209,#3210,#3211,#3212,#3213,#3214,#3215,#3216,
    #3217,#3218,#3219,#3220,#3221,#3222,#3223,#3224,#3225,#3226,#3227,
    #3228,#3229,#3230,#3231,#3232,#3233,#3234,#3235,#3236),
  .UNSPECIFIED.,.F.,.F.,(7,5,5,5,5,5,5,5,5,5,5,5,5,5,5,5,5,5,5,5,7),(0.,
    1.476725592515E-02,5.560703197567E-02,9.479451073522E-02,
    0.138017928021,0.22113247413,0.280312579161,0.329178961923,
    0.387785664607,0.447660969657,0.475037522167,0.51158024212,
    0.555328918327,0.638299878523,0.681839749679,0.721327566006,
    0.801502797019,0.829281839698,0.887869826967,0.942164531858,1.),
  .UNSPECIFIED.);
#3135 = CARTESIAN_POINT('',(-8.881784197001E-16,2.379504939979));
#3136 = CARTESIAN_POINT('',(1.509877838534E-02,2.39159122818));
#3137 = CARTESIAN_POINT('',(3.011788922837E-02,2.40365367593));
#3138 = CARTESIAN_POINT('',(4.506136388974E-02,2.41567531076));
#3139 = CARTESIAN_POINT('',(5.993313035045E-02,2.427639752911));
#3140 = CARTESIAN_POINT('',(7.473701321183E-02,2.439531215335));
#3141 = CARTESIAN_POINT('',(0.130240358749,2.483977240822));
#3142 = CARTESIAN_POINT('',(0.170520384414,2.515951189646));
#3143 = CARTESIAN_POINT('',(0.210388086484,2.546928048052));
#3144 = CARTESIAN_POINT('',(0.249907901708,2.576608903346));
#3145 = CARTESIAN_POINT('',(0.289142829481,2.604722648095));
#3146 = CARTESIAN_POINT('',(0.365598286087,2.656262026652));
#3147 = CARTESIAN_POINT('',(0.402835944888,2.679831237834));
#3148 = CARTESIAN_POINT('',(0.439906765965,2.701498470377));
#3149 = CARTESIAN_POINT('',(0.476844009049,2.721056651701));
#3150 = CARTESIAN_POINT('',(0.513681892995,2.738328321142));
#3151 = CARTESIAN_POINT('',(0.591020122419,2.76953761346));
#3152 = CARTESIAN_POINT('',(0.631504309187,2.782947737655));
#3153 = CARTESIAN_POINT('',(0.671928500523,2.793192079603));
#3154 = CARTESIAN_POINT('',(0.712312784949,2.80012759187));
#3155 = CARTESIAN_POINT('',(0.752679276476,2.803679041983));
#3156 = CARTESIAN_POINT('',(0.870687096071,2.804157768649));
#3157 = CARTESIAN_POINT('',(0.948171383815,2.791945492087));
#3158 = CARTESIAN_POINT('',(1.025775436048,2.767278786771));
#3159 = CARTESIAN_POINT('',(1.103732720926,2.731081475585));
#3160 = CARTESIAN_POINT('',(1.182262862723,2.685120805261));
#3161 = CARTESIAN_POINT('',(1.317977983585,2.593769689722));
#3162 = CARTESIAN_POINT('',(1.374857982677,2.551985486964));
#3163 = CARTESIAN_POINT('',(1.432385762472,2.507150590517));
#3164 = CARTESIAN_POINT('',(1.490769132524,2.460098195354));
#3165 = CARTESIAN_POINT('',(1.550223028713,2.411794107495));
#3166 = CARTESIAN_POINT('',(1.661148987531,2.323397680872));
#3167 = CARTESIAN_POINT('',(1.712259696689,2.283299290218));
#3168 = CARTESIAN_POINT('',(1.764431011981,2.243734796497));
#3169 = CARTESIAN_POINT('',(1.817783378731,2.205454607555));
#3170 = CARTESIAN_POINT('',(1.87244728085,2.169307554785));
#3171 = CARTESIAN_POINT('',(1.995882529995,2.096585596587));
#3172 = CARTESIAN_POINT('',(2.065860271898,2.061027388087));
#3173 = CARTESIAN_POINT('',(2.13776828416,2.031965404227));
#3174 = CARTESIAN_POINT('',(2.211100708467,2.011434535914));
#3175 = CARTESIAN_POINT('',(2.285454873823,2.000669587806));
#3176 = CARTESIAN_POINT('',(2.437085884897,1.999365745804));
#3177 = CARTESIAN_POINT('',(2.513134741921,2.009280524269));
#3178 = CARTESIAN_POINT('',(2.588183900545,2.029495161313));
#3179 = CARTESIAN_POINT('',(2.661786606937,2.058749317822));
#3180 = CARTESIAN_POINT('',(2.733384715216,2.094870188955));
#3181 = CARTESIAN_POINT('',(2.833607663847,2.15374390943));
#3182 = CARTESIAN_POINT('',(2.864607087096,2.173195193266));
#3183 = CARTESIAN_POINT('',(2.895180832132,2.193457699513));
#3184 = CARTESIAN_POINT('',(2.925347530905,2.214370826837));
#3185 = CARTESIAN_POINT('',(2.95512418433,2.235782271544));
#3186 = CARTESIAN_POINT('',(3.023774928323,2.286604465551));
#3187 = CARTESIAN_POINT('',(3.062366352147,2.316300192703));
#3188 = CARTESIAN_POINT('',(3.100367795397,2.346318442733));
#3189 = CARTESIAN_POINT('',(3.137838945362,2.376372318455));
#3190 = CARTESIAN_POINT('',(3.174838150643,2.406204012467));
#3191 = CARTESIAN_POINT('',(3.25523243633,2.470754638828));
#3192 = CARTESIAN_POINT('',(3.298455797219,2.505281887944));
#3193 = CARTESIAN_POINT('',(3.341187482292,2.538754485709));
#3194 = CARTESIAN_POINT('',(3.383507430713,2.570801943756));
#3195 = CARTESIAN_POINT('',(3.425493613315,2.601090596159));
#3196 = CARTESIAN_POINT('',(3.546384076888,2.682860855331));
#3197 = CARTESIAN_POINT('',(3.624786921675,2.729096938456));
#3198 = CARTESIAN_POINT('',(3.702609509869,2.765668545341));
#3199 = CARTESIAN_POINT('',(3.780072617144,2.790804378107));
#3200 = CARTESIAN_POINT('',(3.857410810181,2.803563033538));
#3201 = CARTESIAN_POINT('',(3.975556575047,2.803991115858));
#3202 = CARTESIAN_POINT('',(4.016209371047,2.800702299965));
#3203 = CARTESIAN_POINT('',(4.056879027149,2.793976886605));
#3204 = CARTESIAN_POINT('',(4.097587890376,2.783888313798));
#3205 = CARTESIAN_POINT('',(4.138356268086,2.770580055078));
#3206 = CARTESIAN_POINT('',(4.216248432709,2.739462140773));
#3207 = CARTESIAN_POINT('',(4.253355920868,2.722187510977));
#3208 = CARTESIAN_POINT('',(4.290563041371,2.702584605813));
#3209 = CARTESIAN_POINT('',(4.327904602577,2.68083405584));
#3210 = CARTESIAN_POINT('',(4.365414406222,2.65714712827));
#3211 = CARTESIAN_POINT('',(4.479697697948,2.580221977113));
#3212 = CARTESIAN_POINT('',(4.557018193168,2.521740035405));
#3213 = CARTESIAN_POINT('',(4.635654599783,2.45815585433));
#3214 = CARTESIAN_POINT('',(4.716170438787,2.391579845176));
#3215 = CARTESIAN_POINT('',(4.799121324806,2.324645897407));
#3216 = CARTESIAN_POINT('',(4.914984445673,2.238573205074));
#3217 = CARTESIAN_POINT('',(4.945181486182,2.216777919358));
#3218 = CARTESIAN_POINT('',(4.97577893157,2.19548413016));
#3219 = CARTESIAN_POINT('',(5.006794854404,2.174850529865));
#3220 = CARTESIAN_POINT('',(5.038249025768,2.15504475271));
#3221 = CARTESIAN_POINT('',(5.137475183584,2.096585596587));
#3222 = CARTESIAN_POINT('',(5.207452925488,2.061027388087));
#3223 = CARTESIAN_POINT('',(5.27936093775,2.031965404227));
#3224 = CARTESIAN_POINT('',(5.352693362056,2.011434535914));
#3225 = CARTESIAN_POINT('',(5.427047527412,2.000669587806));
#3226 = CARTESIAN_POINT('',(5.571558789439,1.999426966974));
#3227 = CARTESIAN_POINT('',(5.640695798908,2.007528417244));
#3228 = CARTESIAN_POINT('',(5.709084782951,2.024174814651));
#3229 = CARTESIAN_POINT('',(5.776336681138,2.048490163018));
#3230 = CARTESIAN_POINT('',(5.841984256476,2.078915331157));
#3231 = CARTESIAN_POINT('',(5.972915818245,2.150381533357));
#3232 = CARTESIAN_POINT('',(6.038318216681,2.192215574688));
#3233 = CARTESIAN_POINT('',(6.101844330937,2.237397398775));
#3234 = CARTESIAN_POINT('',(6.163701798953,2.284472615586));
#3235 = CARTESIAN_POINT('',(6.224086295585,2.332197292413));
#3236 = CARTESIAN_POINT('',(6.28318530718,2.379504939979));
#3237 = ( GEOMETRIC_REPRESENTATION_CONTEXT(2) 
PARAMETRIC_REPRESENTATION_CONTEXT() REPRESENTATION_CONTEXT('2D SPACE',''
  ) );
#3238 = ADVANCED_FACE('',(#3239,#3242),#500,.T.);
#3239 = FACE_BOUND('',#3240,.T.);
#3240 = EDGE_LOOP('',(#3241));
#3241 = ORIENTED_EDGE('',*,*,#485,.T.);
#3242 = FACE_BOUND('',#3243,.T.);
#3243 = EDGE_LOOP('',(#3244));
#3244 = ORIENTED_EDGE('',*,*,#3245,.F.);
#3245 = EDGE_CURVE('',#3246,#3246,#3248,.T.);
#3246 = VERTEX_POINT('',#3247);
#3247 = CARTESIAN_POINT('',(33.902099575193,-6.319953491627,
    -53.05401334731));
#3248 = SURFACE_CURVE('',#3249,(#3254,#3261),.PCURVE_S1.);
#3249 = CIRCLE('',#3250,12.65);
#3250 = AXIS2_PLACEMENT_3D('',#3251,#3252,#3253);
#3251 = CARTESIAN_POINT('',(42.975683743062,-6.319953491627,
    -44.23967444138));
#3252 = DIRECTION('',(0.693156189404,-0.101934733736,-0.713543136151));
#3253 = DIRECTION('',(-0.717279380859,-6.938893903907E-18,
    -0.696785684263));
#3254 = PCURVE('',#500,#3255);
#3255 = DEFINITIONAL_REPRESENTATION('',(#3256),#3260);
#3256 = CIRCLE('',#3257,12.65);
#3257 = AXIS2_PLACEMENT_2D('',#3258,#3259);
#3258 = CARTESIAN_POINT('',(8.038029279319E-14,2.044044248291E-14));
#3259 = DIRECTION('',(1.,-6.938893903907E-18));
#3260 = ( GEOMETRIC_REPRESENTATION_CONTEXT(2) 
PARAMETRIC_REPRESENTATION_CONTEXT() REPRESENTATION_CONTEXT('2D SPACE',''
  ) );
#3261 = PCURVE('',#3262,#3267);
#3262 = CYLINDRICAL_SURFACE('',#3263,12.65);
#3263 = AXIS2_PLACEMENT_3D('',#3264,#3265,#3266);
#3264 = CARTESIAN_POINT('',(5.545249515234,-0.815477869887,
    -5.708345089211));
#3265 = DIRECTION('',(0.693156189404,-0.101934733736,-0.713543136151));
#3266 = DIRECTION('',(-0.717279380859,6.938893903907E-18,-0.696785684263
    ));
#3267 = DEFINITIONAL_REPRESENTATION('',(#3268),#3272);
#3268 = LINE('',#3269,#3270);
#3269 = CARTESIAN_POINT('',(0.,54.));
#3270 = VECTOR('',#3271,1.);
#3271 = DIRECTION('',(1.,0.));
#3272 = ( GEOMETRIC_REPRESENTATION_CONTEXT(2) 
PARAMETRIC_REPRESENTATION_CONTEXT() REPRESENTATION_CONTEXT('2D SPACE',''
  ) );
#3273 = ADVANCED_FACE('',(#3274),#907,.T.);
#3274 = FACE_BOUND('',#3275,.T.);
#3275 = EDGE_LOOP('',(#3276,#3299,#3321));
#3276 = ORIENTED_EDGE('',*,*,#3277,.T.);
#3277 = EDGE_CURVE('',#846,#3278,#3280,.T.);
#3278 = VERTEX_POINT('',#3279);
#3279 = CARTESIAN_POINT('',(37.349948239666,-4.333333333333,
    -11.96677018733));
#3280 = SURFACE_CURVE('',#3281,(#3285,#3292),.PCURVE_S1.);
#3281 = LINE('',#3282,#3283);
#3282 = CARTESIAN_POINT('',(2.683281573,0.,5.366563146));
#3283 = VECTOR('',#3284,1.);
#3284 = DIRECTION('',(0.888888888889,-0.111111111111,-0.444444444444));
#3285 = PCURVE('',#907,#3286);
#3286 = DEFINITIONAL_REPRESENTATION('',(#3287),#3291);
#3287 = LINE('',#3288,#3289);
#3288 = CARTESIAN_POINT('',(6.28318530718,-0.));
#3289 = VECTOR('',#3290,1.);
#3290 = DIRECTION('',(0.,1.));
#3291 = ( GEOMETRIC_REPRESENTATION_CONTEXT(2) 
PARAMETRIC_REPRESENTATION_CONTEXT() REPRESENTATION_CONTEXT('2D SPACE',''
  ) );
#3292 = PCURVE('',#1059,#3293);
#3293 = DEFINITIONAL_REPRESENTATION('',(#3294),#3298);
#3294 = LINE('',#3295,#3296);
#3295 = CARTESIAN_POINT('',(0.,-0.));
#3296 = VECTOR('',#3297,1.);
#3297 = DIRECTION('',(0.,1.));
#3298 = ( GEOMETRIC_REPRESENTATION_CONTEXT(2) 
PARAMETRIC_REPRESENTATION_CONTEXT() REPRESENTATION_CONTEXT('2D SPACE',''
  ) );
#3299 = ORIENTED_EDGE('',*,*,#3300,.F.);
#3300 = EDGE_CURVE('',#844,#3278,#3301,.T.);
#3301 = SURFACE_CURVE('',#3302,(#3307,#3314),.PCURVE_S1.);
#3302 = CIRCLE('',#3303,6.);
#3303 = AXIS2_PLACEMENT_3D('',#3304,#3305,#3306);
#3304 = CARTESIAN_POINT('',(34.666666666667,-4.333333333333,
    -17.33333333333));
#3305 = DIRECTION('',(0.888888888889,-0.111111111111,-0.444444444444));
#3306 = DIRECTION('',(0.4472135955,0.,0.894427191));
#3307 = PCURVE('',#907,#3308);
#3308 = DEFINITIONAL_REPRESENTATION('',(#3309),#3313);
#3309 = LINE('',#3310,#3311);
#3310 = CARTESIAN_POINT('',(0.,39.));
#3311 = VECTOR('',#3312,1.);
#3312 = DIRECTION('',(1.,0.));
#3313 = ( GEOMETRIC_REPRESENTATION_CONTEXT(2) 
PARAMETRIC_REPRESENTATION_CONTEXT() REPRESENTATION_CONTEXT('2D SPACE',''
  ) );
#3314 = PCURVE('',#963,#3315);
#3315 = DEFINITIONAL_REPRESENTATION('',(#3316),#3320);
#3316 = CIRCLE('',#3317,6.);
#3317 = AXIS2_PLACEMENT_2D('',#3318,#3319);
#3318 = CARTESIAN_POINT('',(0.,0.));
#3319 = DIRECTION('',(1.,0.));
#3320 = ( GEOMETRIC_REPRESENTATION_CONTEXT(2) 
PARAMETRIC_REPRESENTATION_CONTEXT() REPRESENTATION_CONTEXT('2D SPACE',''
  ) );
#3321 = ORIENTED_EDGE('',*,*,#843,.T.);
#3322 = ADVANCED_FACE('',(#3323),#963,.T.);
#3323 = FACE_BOUND('',#3324,.T.);
#3324 = EDGE_LOOP('',(#3325,#3326,#3348));
#3325 = ORIENTED_EDGE('',*,*,#3300,.T.);
#3326 = ORIENTED_EDGE('',*,*,#3327,.T.);
#3327 = EDGE_CURVE('',#3278,#943,#3328,.T.);
#3328 = SURFACE_CURVE('',#3329,(#3334,#3341),.PCURVE_S1.);
#3329 = CIRCLE('',#3330,6.);
#3330 = AXIS2_PLACEMENT_3D('',#3331,#3332,#3333);
#3331 = CARTESIAN_POINT('',(34.666666666667,-4.333333333333,
    -17.33333333333));
#3332 = DIRECTION('',(0.888888888889,-0.111111111111,-0.444444444444));
#3333 = DIRECTION('',(0.4472135955,0.,0.894427191));
#3334 = PCURVE('',#963,#3335);
#3335 = DEFINITIONAL_REPRESENTATION('',(#3336),#3340);
#3336 = CIRCLE('',#3337,6.);
#3337 = AXIS2_PLACEMENT_2D('',#3338,#3339);
#3338 = CARTESIAN_POINT('',(0.,0.));
#3339 = DIRECTION('',(1.,0.));
#3340 = ( GEOMETRIC_REPRESENTATION_CONTEXT(2) 
PARAMETRIC_REPRESENTATION_CONTEXT() REPRESENTATION_CONTEXT('2D SPACE',''
  ) );
#3341 = PCURVE('',#1059,#3342);
#3342 = DEFINITIONAL_REPRESENTATION('',(#3343),#3347);
#3343 = LINE('',#3344,#3345);
#3344 = CARTESIAN_POINT('',(0.,39.));
#3345 = VECTOR('',#3346,1.);
#3346 = DIRECTION('',(1.,0.));
#3347 = ( GEOMETRIC_REPRESENTATION_CONTEXT(2) 
PARAMETRIC_REPRESENTATION_CONTEXT() REPRESENTATION_CONTEXT('2D SPACE',''
  ) );
#3348 = ORIENTED_EDGE('',*,*,#942,.F.);
#3349 = ADVANCED_FACE('',(#3350),#1059,.T.);
#3350 = FACE_BOUND('',#3351,.T.);
#3351 = EDGE_LOOP('',(#3352,#3353,#3354));
#3352 = ORIENTED_EDGE('',*,*,#3327,.F.);
#3353 = ORIENTED_EDGE('',*,*,#3277,.F.);
#3354 = ORIENTED_EDGE('',*,*,#975,.T.);
#3355 = ADVANCED_FACE('',(#3356),#1230,.F.);
#3356 = FACE_BOUND('',#3357,.F.);
#3357 = EDGE_LOOP('',(#3358,#3540,#3561,#3562));
#3358 = ORIENTED_EDGE('',*,*,#3359,.F.);
#3359 = EDGE_CURVE('',#3360,#3360,#3362,.T.);
#3360 = VERTEX_POINT('',#3361);
#3361 = CARTESIAN_POINT('',(31.133449348516,8.069355660953,
    -32.82298426296));
#3362 = SURFACE_CURVE('',#3363,(#3420,#3480),.PCURVE_S1.);
#3363 = B_SPLINE_CURVE_WITH_KNOTS('',7,(#3364,#3365,#3366,#3367,#3368,
    #3369,#3370,#3371,#3372,#3373,#3374,#3375,#3376,#3377,#3378,#3379,
    #3380,#3381,#3382,#3383,#3384,#3385,#3386,#3387,#3388,#3389,#3390,
    #3391,#3392,#3393,#3394,#3395,#3396,#3397,#3398,#3399,#3400,#3401,
    #3402,#3403,#3404,#3405,#3406,#3407,#3408,#3409,#3410,#3411,#3412,
    #3413,#3414,#3415,#3416,#3417,#3418,#3419),.UNSPECIFIED.,.T.,.F.,(8,
    6,6,6,6,6,6,6,6,8),(0.,6.17668003565E-02,0.134501478736,
    0.265376550551,0.387455858206,0.499467128104,0.637199767288,
    0.77002583016,0.886758789543,1.),.UNSPECIFIED.);
#3364 = CARTESIAN_POINT('',(31.133449348517,8.069355660954,
    -32.82298426296));
#3365 = CARTESIAN_POINT('',(31.131315920132,8.054848347936,
    -32.96415068055));
#3366 = CARTESIAN_POINT('',(31.138071490917,8.039326675195,
    -33.10266117281));
#3367 = CARTESIAN_POINT('',(31.153153422433,8.023125635567,
    -33.23814707099));
#3368 = CARTESIAN_POINT('',(31.176061596746,8.006526696185,
    -33.37032304033));
#3369 = CARTESIAN_POINT('',(31.206355794759,7.989763850839,
    -33.49896655298));
#3370 = CARTESIAN_POINT('',(31.243653074531,7.973029672336,
    -33.62389736099));
#3371 = CARTESIAN_POINT('',(31.339405308514,7.936994588561,
    -33.88751302887));
#3372 = CARTESIAN_POINT('',(31.40044299064,7.917765136767,
    -34.02470661926));
#3373 = CARTESIAN_POINT('',(31.470192549799,7.899053073345,
    -34.15624846685));
#3374 = CARTESIAN_POINT('',(31.548189971441,7.881055908382,
    -34.28187704843));
#3375 = CARTESIAN_POINT('',(31.634039637332,7.86391541925,-34.401337678)
  );
#3376 = CARTESIAN_POINT('',(31.72740109024,7.847724471645,
    -34.51436159374));
#3377 = CARTESIAN_POINT('',(32.008944800968,7.80520059373,
    -34.81188606765));
#3378 = CARTESIAN_POINT('',(32.213018654748,7.78114269127,
    -34.98104152281));
#3379 = CARTESIAN_POINT('',(32.438519701564,7.760608959195,
    -35.12662831424));
#3380 = CARTESIAN_POINT('',(32.684143800196,7.743425087926,
    -35.24649871315));
#3381 = CARTESIAN_POINT('',(32.948559620584,7.729033739346,
    -35.33769841198));
#3382 = CARTESIAN_POINT('',(33.229911913768,7.716354600771,
    -35.39622868326));
#3383 = CARTESIAN_POINT('',(33.80023020081,7.691882922093,
    -35.43578912881));
#3384 = CARTESIAN_POINT('',(34.095196231769,7.679753772606,
    -35.42230362439));
#3385 = CARTESIAN_POINT('',(34.401225275019,7.666248585099,
    -35.36797372248));
#3386 = CARTESIAN_POINT('',(34.708320963898,7.649385855177,
    -35.26763246247));
#3387 = CARTESIAN_POINT('',(35.005753051796,7.626895819646,
    -35.11886007121));
#3388 = CARTESIAN_POINT('',(35.282606068304,7.59743613758,
    -34.92162504652));
#3389 = CARTESIAN_POINT('',(35.752944637249,7.52826870097,
    -34.45484366003));
#3390 = CARTESIAN_POINT('',(35.939357905454,7.491380783751,
    -34.20457550694));
#3391 = CARTESIAN_POINT('',(36.084633013317,7.451929212885,
    -33.93578248741));
#3392 = CARTESIAN_POINT('',(36.188316384142,7.412141039111,
    -33.65709496007));
#3393 = CARTESIAN_POINT('',(36.252086095584,7.374763240117,
    -33.37719732889));
#3394 = CARTESIAN_POINT('',(36.279932021851,7.342076720967,
    -33.1045004342));
#3395 = CARTESIAN_POINT('',(36.276446215617,7.282254258286,
    -32.52983223768));
#3396 = CARTESIAN_POINT('',(36.229999132172,7.257114795361,
    -32.22589437907));
#3397 = CARTESIAN_POINT('',(36.14617999304,7.241646794534,-31.9391191183
    ));
#3398 = CARTESIAN_POINT('',(36.03023132555,7.236868070189,
    -31.67173765464));
#3399 = CARTESIAN_POINT('',(35.885931040031,7.243195948782,
    -31.4252657549));
#3400 = CARTESIAN_POINT('',(35.715919843779,7.260732027482,
    -31.20116212086));
#3401 = CARTESIAN_POINT('',(35.334713805142,7.316791739046,
    -30.80874413991));
#3402 = CARTESIAN_POINT('',(35.12572254619,7.354468952298,
    -30.63926303208));
#3403 = CARTESIAN_POINT('',(34.896614245383,7.402016676663,
    -30.49452317001));
#3404 = CARTESIAN_POINT('',(34.648616400828,7.458828584336,
    -30.37686035485));
#3405 = CARTESIAN_POINT('',(34.382902170145,7.523884859347,
    -30.28952060567));
#3406 = CARTESIAN_POINT('',(34.101090010939,7.595421020699,
    -30.23691625361));
#3407 = CARTESIAN_POINT('',(33.546956008332,7.736601662884,
    -30.21452215725));
#3408 = CARTESIAN_POINT('',(33.27074764133,7.807176201162,
    -30.23519305639));
#3409 = CARTESIAN_POINT('',(32.985172706668,7.878927691486,
    -30.29432779989));
#3410 = CARTESIAN_POINT('',(32.698661002983,7.947457980393,
    -30.39636336578));
#3411 = CARTESIAN_POINT('',(32.420083355422,8.008057253075,
    -30.54318391851));
#3412 = CARTESIAN_POINT('',(32.158569071688,8.056853342964,
    -30.73445863991));
#3413 = CARTESIAN_POINT('',(31.695418249966,8.124963757923,
    -31.19410664029));
#3414 = CARTESIAN_POINT('',(31.504337597402,8.14333499635,
    -31.44798134292));
#3415 = CARTESIAN_POINT('',(31.352988546704,8.147045525073,
    -31.72066695951));
#3416 = CARTESIAN_POINT('',(31.242398505963,8.138210585084,
    -32.00324481896));
#3417 = CARTESIAN_POINT('',(31.171644521377,8.1200821818,-32.28678124756
    ));
#3418 = CARTESIAN_POINT('',(31.137383598546,8.096108561156,-32.56265962)
  );
#3419 = CARTESIAN_POINT('',(31.133449348517,8.069355660954,
    -32.82298426296));
#3420 = PCURVE('',#1230,#3421);
#3421 = DEFINITIONAL_REPRESENTATION('',(#3422),#3479);
#3422 = B_SPLINE_CURVE_WITH_KNOTS('',7,(#3423,#3424,#3425,#3426,#3427,
    #3428,#3429,#3430,#3431,#3432,#3433,#3434,#3435,#3436,#3437,#3438,
    #3439,#3440,#3441,#3442,#3443,#3444,#3445,#3446,#3447,#3448,#3449,
    #3450,#3451,#3452,#3453,#3454,#3455,#3456,#3457,#3458,#3459,#3460,
    #3461,#3462,#3463,#3464,#3465,#3466,#3467,#3468,#3469,#3470,#3471,
    #3472,#3473,#3474,#3475,#3476,#3477,#3478),.UNSPECIFIED.,.F.,.F.,(8,
    6,6,6,6,6,6,6,6,8),(0.,6.17668003565E-02,0.134501478736,
    0.265376550551,0.387455858206,0.499467128104,0.637199767288,
    0.77002583016,0.886758789543,1.),.UNSPECIFIED.);
#3423 = CARTESIAN_POINT('',(0.,5.986779476742));
#3424 = CARTESIAN_POINT('',(5.429477599629E-02,6.001442820415));
#3425 = CARTESIAN_POINT('',(0.107568300719,6.015816434187));
#3426 = CARTESIAN_POINT('',(0.159939169802,6.029650750345));
#3427 = CARTESIAN_POINT('',(0.211516231266,6.042740060963));
#3428 = CARTESIAN_POINT('',(0.262401662858,6.054916911384));
#3429 = CARTESIAN_POINT('',(0.312694049382,6.06604649369));
#3430 = CARTESIAN_POINT('',(0.421131354385,6.087766758395));
#3431 = CARTESIAN_POINT('',(0.479087055973,6.097910976252));
#3432 = CARTESIAN_POINT('',(0.536504252975,6.106275785444));
#3433 = CARTESIAN_POINT('',(0.593518362218,6.112733288887));
#3434 = CARTESIAN_POINT('',(0.650258998394,6.117200777921));
#3435 = CARTESIAN_POINT('',(0.706854443268,6.119635909502));
#3436 = CARTESIAN_POINT('',(0.865246289927,6.120744378616));
#3437 = CARTESIAN_POINT('',(0.96687139262,6.114854764851));
#3438 = CARTESIAN_POINT('',(1.069173352348,6.1023609531));
#3439 = CARTESIAN_POINT('',(1.17291046501,6.08362514285));
#3440 = CARTESIAN_POINT('',(1.278897068183,6.059392442179));
#3441 = CARTESIAN_POINT('',(1.387971693403,6.031001595887));
#3442 = CARTESIAN_POINT('',(1.60688959655,5.97223499131));
#3443 = CARTESIAN_POINT('',(1.719176047963,5.941319291255));
#3444 = CARTESIAN_POINT('',(1.836573015813,5.91015538518));
#3445 = CARTESIAN_POINT('',(1.958275921229,5.882158103837));
#3446 = CARTESIAN_POINT('',(2.083919547302,5.861134244575));
#3447 = CARTESIAN_POINT('',(2.213414880705,5.85));
#3448 = CARTESIAN_POINT('',(2.469664391167,5.85));
#3449 = CARTESIAN_POINT('',(2.589190727305,5.859373387612));
#3450 = CARTESIAN_POINT('',(2.705652987053,5.877268504491));
#3451 = CARTESIAN_POINT('',(2.818840045502,5.901547990324));
#3452 = CARTESIAN_POINT('',(2.928320185241,5.929249947429));
#3453 = CARTESIAN_POINT('',(3.033312930924,5.957537238821));
#3454 = CARTESIAN_POINT('',(3.254348401621,6.017230302634));
#3455 = CARTESIAN_POINT('',(3.371094204946,6.048860031455));
#3456 = CARTESIAN_POINT('',(3.484060812491,6.076358620411));
#3457 = CARTESIAN_POINT('',(3.594251856186,6.097956329322));
#3458 = CARTESIAN_POINT('',(3.702652775012,6.112690609198));
#3459 = CARTESIAN_POINT('',(3.810167582659,6.12007673691));
#3460 = CARTESIAN_POINT('',(4.021689472544,6.12007673691));
#3461 = CARTESIAN_POINT('',(4.125395466911,6.113207414028));
#3462 = CARTESIAN_POINT('',(4.229892099554,6.099499519501));
#3463 = CARTESIAN_POINT('',(4.335989542476,6.079374335685));
#3464 = CARTESIAN_POINT('',(4.444563736306,6.053670139443));
#3465 = CARTESIAN_POINT('',(4.556512827652,6.023897160314));
#3466 = CARTESIAN_POINT('',(4.775443271933,5.96484196954));
#3467 = CARTESIAN_POINT('',(4.884098984677,5.935205062894));
#3468 = CARTESIAN_POINT('',(4.99755344806,5.905766507295));
#3469 = CARTESIAN_POINT('',(5.115009591575,5.879651171008));
#3470 = CARTESIAN_POINT('',(5.236063958505,5.86022810059));
#3471 = CARTESIAN_POINT('',(5.360560465505,5.85));
#3472 = CARTESIAN_POINT('',(5.612893952854,5.85));
#3473 = CARTESIAN_POINT('',(5.733920059848,5.859625334082));
#3474 = CARTESIAN_POINT('',(5.851775498508,5.877974665937));
#3475 = CARTESIAN_POINT('',(5.96626198647,5.902805780862));
#3476 = CARTESIAN_POINT('',(6.076953292599,5.931035561822));
#3477 = CARTESIAN_POINT('',(6.183060444504,5.959738840794));
#3478 = CARTESIAN_POINT('',(6.28318530718,5.986779476742));
#3479 = ( GEOMETRIC_REPRESENTATION_CONTEXT(2) 
PARAMETRIC_REPRESENTATION_CONTEXT() REPRESENTATION_CONTEXT('2D SPACE',''
  ) );
#3480 = PCURVE('',#3262,#3481);
#3481 = DEFINITIONAL_REPRESENTATION('',(#3482),#3539);
#3482 = B_SPLINE_CURVE_WITH_KNOTS('',7,(#3483,#3484,#3485,#3486,#3487,
    #3488,#3489,#3490,#3491,#3492,#3493,#3494,#3495,#3496,#3497,#3498,
    #3499,#3500,#3501,#3502,#3503,#3504,#3505,#3506,#3507,#3508,#3509,
    #3510,#3511,#3512,#3513,#3514,#3515,#3516,#3517,#3518,#3519,#3520,
    #3521,#3522,#3523,#3524,#3525,#3526,#3527,#3528,#3529,#3530,#3531,
    #3532,#3533,#3534,#3535,#3536,#3537,#3538),.UNSPECIFIED.,.T.,.F.,(8,
    6,6,6,6,6,6,6,6,8),(0.,6.17668003565E-02,0.134501478736,
    0.265376550551,0.387455858206,0.499467128104,0.637199767288,
    0.77002583016,0.886758789543,1.),.UNSPECIFIED.);
#3483 = CARTESIAN_POINT('',(1.528158564885,36.178410621552));
#3484 = CARTESIAN_POINT('',(1.520254701361,36.279138949879));
#3485 = CARTESIAN_POINT('',(1.512998629739,36.384237024193));
#3486 = CARTESIAN_POINT('',(1.506378881804,36.493017639725));
#3487 = CARTESIAN_POINT('',(1.500383337425,36.604901846691));
#3488 = CARTESIAN_POINT('',(1.49500004059,36.719401869187));
#3489 = CARTESIAN_POINT('',(1.490218015431,36.83610402409));
#3490 = CARTESIAN_POINT('',(1.481094146233,37.094249654791));
#3491 = CARTESIAN_POINT('',(1.476981038804,37.236411995737));
#3492 = CARTESIAN_POINT('',(1.473674981889,37.380527526045));
#3493 = CARTESIAN_POINT('',(1.471165128213,37.52606786992));
#3494 = CARTESIAN_POINT('',(1.469443875269,37.672562620663));
#3495 = CARTESIAN_POINT('',(1.468507179271,37.819574548825));
#3496 = CARTESIAN_POINT('',(1.468080809972,38.231359520873));
#3497 = CARTESIAN_POINT('',(1.470346659149,38.495966625571));
#3498 = CARTESIAN_POINT('',(1.47513922943,38.758249628137));
#3499 = CARTESIAN_POINT('',(1.482499161749,39.015789826087));
#3500 = CARTESIAN_POINT('',(1.492506307199,39.265613185965));
#3501 = CARTESIAN_POINT('',(1.50526566243,39.503690587335));
#3502 = CARTESIAN_POINT('',(1.535462343342,39.929732836364));
#3503 = CARTESIAN_POINT('',(1.552939668525,40.125804258894));
#3504 = CARTESIAN_POINT('',(1.573281613353,40.300540103455));
#3505 = CARTESIAN_POINT('',(1.596207799941,40.443526461477));
#3506 = CARTESIAN_POINT('',(1.621264308169,40.545830351281));
#3507 = CARTESIAN_POINT('',(1.6478799884,40.6));
#3508 = CARTESIAN_POINT('',(1.700547871973,40.6));
#3509 = CARTESIAN_POINT('',(1.725114596178,40.554396547826));
#3510 = CARTESIAN_POINT('',(1.748458576377,40.467320959251));
#3511 = CARTESIAN_POINT('',(1.770079063295,40.344389954108));
#3512 = CARTESIAN_POINT('',(1.789564278029,40.192683386724));
#3513 = CARTESIAN_POINT('',(1.806634902174,40.020735857041));
#3514 = CARTESIAN_POINT('',(1.839103648491,39.614367088488));
#3515 = CARTESIAN_POINT('',(1.853761299042,39.367861816746));
#3516 = CARTESIAN_POINT('',(1.865298428683,39.10671226927));
#3517 = CARTESIAN_POINT('',(1.873847721442,38.836040642615));
#3518 = CARTESIAN_POINT('',(1.879514595791,38.559504643643));
#3519 = CARTESIAN_POINT('',(1.882355444453,38.279965185322));
#3520 = CARTESIAN_POINT('',(1.882355444453,37.730008271622));
#3521 = CARTESIAN_POINT('',(1.879713379691,37.460371989046));
#3522 = CARTESIAN_POINT('',(1.874441202832,37.193439252571));
#3523 = CARTESIAN_POINT('',(1.866491126951,36.93178941084));
#3524 = CARTESIAN_POINT('',(1.855772899389,36.678655774613));
#3525 = CARTESIAN_POINT('',(1.842171043636,36.438488438307));
#3526 = CARTESIAN_POINT('',(1.810977172735,36.024016659726));
#3527 = CARTESIAN_POINT('',(1.793681364586,35.840116702003));
#3528 = CARTESIAN_POINT('',(1.77375001836,35.677049889774));
#3529 = CARTESIAN_POINT('',(1.751464960091,35.544273689962));
#3530 = CARTESIAN_POINT('',(1.727260020067,35.449761496243));
#3531 = CARTESIAN_POINT('',(1.701671759176,35.4));
#3532 = CARTESIAN_POINT('',(1.649808749919,35.4));
#3533 = CARTESIAN_POINT('',(1.624933771643,35.446829147204));
#3534 = CARTESIAN_POINT('',(1.601327503897,35.536115334239));
#3535 = CARTESIAN_POINT('',(1.579502384256,35.661991242311));
#3536 = CARTESIAN_POINT('',(1.559877613571,35.817111066404));
#3537 = CARTESIAN_POINT('',(1.542734060141,35.9926577594));
#3538 = CARTESIAN_POINT('',(1.528158564885,36.178410621552));
#3539 = ( GEOMETRIC_REPRESENTATION_CONTEXT(2) 
PARAMETRIC_REPRESENTATION_CONTEXT() REPRESENTATION_CONTEXT('2D SPACE',''
  ) );
#3540 = ORIENTED_EDGE('',*,*,#3541,.F.);
#3541 = EDGE_CURVE('',#1109,#3360,#3542,.T.);
#3542 = SEAM_CURVE('',#3543,(#3547,#3554),.PCURVE_S1.);
#3543 = LINE('',#3544,#3545);
#3544 = CARTESIAN_POINT('',(32.0044897848,13.992430627684,
    -32.82298426296));
#3545 = VECTOR('',#3546,1.);
#3546 = DIRECTION('',(-0.145493990495,-0.989359135365,
    -6.162975822039E-33));
#3547 = PCURVE('',#1230,#3548);
#3548 = DEFINITIONAL_REPRESENTATION('',(#3549),#3553);
#3549 = LINE('',#3550,#3551);
#3550 = CARTESIAN_POINT('',(6.28318530718,-0.));
#3551 = VECTOR('',#3552,1.);
#3552 = DIRECTION('',(0.,1.));
#3553 = ( GEOMETRIC_REPRESENTATION_CONTEXT(2) 
PARAMETRIC_REPRESENTATION_CONTEXT() REPRESENTATION_CONTEXT('2D SPACE',''
  ) );
#3554 = PCURVE('',#1230,#3555);
#3555 = DEFINITIONAL_REPRESENTATION('',(#3556),#3560);
#3556 = LINE('',#3557,#3558);
#3557 = CARTESIAN_POINT('',(0.,-0.));
#3558 = VECTOR('',#3559,1.);
#3559 = DIRECTION('',(0.,1.));
#3560 = ( GEOMETRIC_REPRESENTATION_CONTEXT(2) 
PARAMETRIC_REPRESENTATION_CONTEXT() REPRESENTATION_CONTEXT('2D SPACE',''
  ) );
#3561 = ORIENTED_EDGE('',*,*,#1108,.T.);
#3562 = ORIENTED_EDGE('',*,*,#3541,.T.);
#3563 = ADVANCED_FACE('',(#3564),#1419,.F.);
#3564 = FACE_BOUND('',#3565,.F.);
#3565 = EDGE_LOOP('',(#3566,#3567,#3590,#3770));
#3566 = ORIENTED_EDGE('',*,*,#1297,.F.);
#3567 = ORIENTED_EDGE('',*,*,#3568,.F.);
#3568 = EDGE_CURVE('',#3569,#1298,#3571,.T.);
#3569 = VERTEX_POINT('',#3570);
#3570 = CARTESIAN_POINT('',(27.492252572776,-16.69078241408,
    -32.82298426296));
#3571 = SEAM_CURVE('',#3572,(#3576,#3583),.PCURVE_S1.);
#3572 = LINE('',#3573,#3574);
#3573 = CARTESIAN_POINT('',(32.0044897848,13.992430627684,
    -32.82298426296));
#3574 = VECTOR('',#3575,1.);
#3575 = DIRECTION('',(-0.145493990495,-0.989359135365,
    -6.162975822039E-33));
#3576 = PCURVE('',#1419,#3577);
#3577 = DEFINITIONAL_REPRESENTATION('',(#3578),#3582);
#3578 = LINE('',#3579,#3580);
#3579 = CARTESIAN_POINT('',(6.28318530718,-0.));
#3580 = VECTOR('',#3581,1.);
#3581 = DIRECTION('',(0.,1.));
#3582 = ( GEOMETRIC_REPRESENTATION_CONTEXT(2) 
PARAMETRIC_REPRESENTATION_CONTEXT() REPRESENTATION_CONTEXT('2D SPACE',''
  ) );
#3583 = PCURVE('',#1419,#3584);
#3584 = DEFINITIONAL_REPRESENTATION('',(#3585),#3589);
#3585 = LINE('',#3586,#3587);
#3586 = CARTESIAN_POINT('',(0.,-0.));
#3587 = VECTOR('',#3588,1.);
#3588 = DIRECTION('',(0.,1.));
#3589 = ( GEOMETRIC_REPRESENTATION_CONTEXT(2) 
PARAMETRIC_REPRESENTATION_CONTEXT() REPRESENTATION_CONTEXT('2D SPACE',''
  ) );
#3590 = ORIENTED_EDGE('',*,*,#3591,.T.);
#3591 = EDGE_CURVE('',#3569,#3569,#3592,.T.);
#3592 = SURFACE_CURVE('',#3593,(#3650,#3710),.PCURVE_S1.);
#3593 = B_SPLINE_CURVE_WITH_KNOTS('',7,(#3594,#3595,#3596,#3597,#3598,
    #3599,#3600,#3601,#3602,#3603,#3604,#3605,#3606,#3607,#3608,#3609,
    #3610,#3611,#3612,#3613,#3614,#3615,#3616,#3617,#3618,#3619,#3620,
    #3621,#3622,#3623,#3624,#3625,#3626,#3627,#3628,#3629,#3630,#3631,
    #3632,#3633,#3634,#3635,#3636,#3637,#3638,#3639,#3640,#3641,#3642,
    #3643,#3644,#3645,#3646,#3647,#3648,#3649),.UNSPECIFIED.,.T.,.F.,(8,
    6,6,6,6,6,6,6,6,8),(0.,6.176680417764E-02,0.134501482262,
    0.265376553546,0.387455860705,0.499467130151,0.637199768775,
    0.770025831107,0.886758790015,1.),.UNSPECIFIED.);
#3594 = CARTESIAN_POINT('',(27.492252572775,-16.69078241408,
    -32.82298426296));
#3595 = CARTESIAN_POINT('',(27.494386001303,-16.67627510009,
    -32.96415068999));
#3596 = CARTESIAN_POINT('',(27.505324118934,-16.66335544216,
    -33.10266116412));
#3597 = CARTESIAN_POINT('',(27.524431671804,-16.65218226786,
    -33.23814706344));
#3598 = CARTESIAN_POINT('',(27.551148680802,-16.64288114821,
    -33.37032304681));
#3599 = CARTESIAN_POINT('',(27.584986194972,-16.63554943669,
    -33.49896656188));
#3600 = CARTESIAN_POINT('',(27.62552204492,-16.63026130821,
    -33.62389735301));
#3601 = CARTESIAN_POINT('',(27.727594617967,-16.62331810716,
    -33.88751302887));
#3602 = CARTESIAN_POINT('',(27.791584145565,-16.62247500973,
    -34.02470661926));
#3603 = CARTESIAN_POINT('',(27.863767763662,-16.62463547238,
    -34.15624846685));
#3604 = CARTESIAN_POINT('',(27.943644241194,-16.62985505729,
    -34.28187704843));
#3605 = CARTESIAN_POINT('',(28.030793892699,-16.63815564425,
    -34.401337678));
#3606 = CARTESIAN_POINT('',(28.124863939629,-16.6495281525,
    -34.51436159374));
#3607 = CARTESIAN_POINT('',(28.406730201546,-16.68985868233,
    -34.81188606765));
#3608 = CARTESIAN_POINT('',(28.609090248508,-16.72557047116,
    -34.98104152281));
#3609 = CARTESIAN_POINT('',(28.830955746268,-16.77082593681,
    -35.12662831424));
#3610 = CARTESIAN_POINT('',(29.071127949303,-16.82508269814,
    -35.24649871315));
#3611 = CARTESIAN_POINT('',(29.328492345049,-16.88742373429,
    -35.33769841198));
#3612 = CARTESIAN_POINT('',(29.601583243191,-16.95628035914,
    -35.39622868326));
#3613 = CARTESIAN_POINT('',(30.154801154619,-17.097034592,
    -35.43578912881));
#3614 = CARTESIAN_POINT('',(30.440771088436,-17.17033720204,
    -35.42230362439));
#3615 = CARTESIAN_POINT('',(30.737731809581,-17.24550697989,
    -35.36797372248));
#3616 = CARTESIAN_POINT('',(31.036680626085,-17.31776844193,
    -35.26763246248));
#3617 = CARTESIAN_POINT('',(31.327995023626,-17.38185877191,
    -35.11886007121));
#3618 = CARTESIAN_POINT('',(31.601608108784,-17.43334998715,
    -34.92162504652));
#3619 = CARTESIAN_POINT('',(32.071946677734,-17.50251742376,
    -34.45484366003));
#3620 = CARTESIAN_POINT('',(32.261087489067,-17.52085804765,
    -34.20457550694));
#3621 = CARTESIAN_POINT('',(32.411569860862,-17.52490022379,
    -33.93578248742));
#3622 = CARTESIAN_POINT('',(32.522318270256,-17.51664613534,
    -33.65709496006));
#3623 = CARTESIAN_POINT('',(32.594148918259,-17.49920956568,
    -33.37719732888));
#3624 = CARTESIAN_POINT('',(32.630226106338,-17.47592350452,
    -33.10450043421));
#3625 = CARTESIAN_POINT('',(32.644110264222,-17.4176302112,
    -32.52983223768));
#3626 = CARTESIAN_POINT('',(32.606867051705,-17.38018335181,
    -32.22589437907));
#3627 = CARTESIAN_POINT('',(32.531049671454,-17.34123939225,
    -31.9391191183));
#3628 = CARTESIAN_POINT('',(32.421385677674,-17.30328233536,
    -31.67173765464));
#3629 = CARTESIAN_POINT('',(32.281372890507,-17.26779946797,
    -31.4252657549));
#3630 = CARTESIAN_POINT('',(32.113510968645,-17.23564832342,
    -31.20116212086));
#3631 = CARTESIAN_POINT('',(31.732304930008,-17.17958861186,
    -30.80874413991));
#3632 = CARTESIAN_POINT('',(31.521314780659,-17.1555038533,
    -30.63926303208));
#3633 = CARTESIAN_POINT('',(31.288217647303,-17.13508019029,
    -30.49452317001));
#3634 = CARTESIAN_POINT('',(31.034363616139,-17.11809035153,
    -30.37686035485));
#3635 = CARTESIAN_POINT('',(30.761169773291,-17.10389543926,
    -30.28952060567));
#3636 = CARTESIAN_POINT('',(30.470694034999,-17.09127161569,
    -30.23691625361));
#3637 = CARTESIAN_POINT('',(29.899375681662,-17.06694455847,
    -30.21452215725));
#3638 = CARTESIAN_POINT('',(29.614543331033,-17.05501310886,
    -30.23519305639));
#3639 = CARTESIAN_POINT('',(29.320402130512,-17.04151222636,
    -30.29432779989));
#3640 = CARTESIAN_POINT('',(29.026291177851,-17.02465683051,
    -30.39636336578));
#3641 = CARTESIAN_POINT('',(28.742061650242,-17.00249034214,
    -30.54318391851));
#3642 = CARTESIAN_POINT('',(28.477571112169,-16.97393278176,
    -30.73445863991));
#3643 = CARTESIAN_POINT('',(28.014420290472,-16.90582236681,
    -31.19410664027));
#3644 = CARTESIAN_POINT('',(27.826140494382,-16.86840530396,
    -31.44798134294));
#3645 = CARTESIAN_POINT('',(27.680130878743,-16.82838661704,
    -31.72066695954));
#3646 = CARTESIAN_POINT('',(27.576766394021,-16.78808777626,
    -32.00324481894));
#3647 = CARTESIAN_POINT('',(27.514226936372,-16.75035739617,
    -32.28678124751));
#3648 = CARTESIAN_POINT('',(27.488318322746,-16.71753531428,
    -32.56265962004));
#3649 = CARTESIAN_POINT('',(27.492252572775,-16.69078241408,
    -32.82298426296));
#3650 = PCURVE('',#1419,#3651);
#3651 = DEFINITIONAL_REPRESENTATION('',(#3652),#3709);
#3652 = B_SPLINE_CURVE_WITH_KNOTS('',7,(#3653,#3654,#3655,#3656,#3657,
    #3658,#3659,#3660,#3661,#3662,#3663,#3664,#3665,#3666,#3667,#3668,
    #3669,#3670,#3671,#3672,#3673,#3674,#3675,#3676,#3677,#3678,#3679,
    #3680,#3681,#3682,#3683,#3684,#3685,#3686,#3687,#3688,#3689,#3690,
    #3691,#3692,#3693,#3694,#3695,#3696,#3697,#3698,#3699,#3700,#3701,
    #3702,#3703,#3704,#3705,#3706,#3707,#3708),.UNSPECIFIED.,.F.,.F.,(8,
    6,6,6,6,6,6,6,6,8),(0.,6.176680417764E-02,0.134501482262,
    0.265376553546,0.387455860705,0.499467130151,0.637199768775,
    0.770025831107,0.886758790015,1.),.UNSPECIFIED.);
#3653 = CARTESIAN_POINT('',(0.,31.013220523258));
#3654 = CARTESIAN_POINT('',(5.429477962635E-02,30.998557178604));
#3655 = CARTESIAN_POINT('',(0.107568297268,30.984183566624));
#3656 = CARTESIAN_POINT('',(0.159939166896,30.970349250439));
#3657 = CARTESIAN_POINT('',(0.211516233915,30.95725993849));
#3658 = CARTESIAN_POINT('',(0.26240166636,30.945083087757));
#3659 = CARTESIAN_POINT('',(0.312694046099,30.933953506968));
#3660 = CARTESIAN_POINT('',(0.421131354385,30.912233241605));
#3661 = CARTESIAN_POINT('',(0.479087055973,30.902089023748));
#3662 = CARTESIAN_POINT('',(0.536504252975,30.893724214556));
#3663 = CARTESIAN_POINT('',(0.593518362218,30.887266711113));
#3664 = CARTESIAN_POINT('',(0.650258998394,30.882799222079));
#3665 = CARTESIAN_POINT('',(0.706854443268,30.880364090498));
#3666 = CARTESIAN_POINT('',(0.865246289927,30.879255621384));
#3667 = CARTESIAN_POINT('',(0.96687139262,30.885145235149));
#3668 = CARTESIAN_POINT('',(1.069173352348,30.8976390469));
#3669 = CARTESIAN_POINT('',(1.17291046501,30.91637485715));
#3670 = CARTESIAN_POINT('',(1.278897068183,30.940607557821));
#3671 = CARTESIAN_POINT('',(1.387971693403,30.968998404113));
#3672 = CARTESIAN_POINT('',(1.60688959655,31.02776500869));
#3673 = CARTESIAN_POINT('',(1.719176047963,31.058680708745));
#3674 = CARTESIAN_POINT('',(1.836573015814,31.08984461482));
#3675 = CARTESIAN_POINT('',(1.958275921228,31.117841896163));
#3676 = CARTESIAN_POINT('',(2.083919547302,31.138865755425));
#3677 = CARTESIAN_POINT('',(2.213414880704,31.15));
#3678 = CARTESIAN_POINT('',(2.469664391169,31.15));
#3679 = CARTESIAN_POINT('',(2.589190727302,31.140626612387));
#3680 = CARTESIAN_POINT('',(2.705652987051,31.12273149551));
#3681 = CARTESIAN_POINT('',(2.818840045504,31.098452009675));
#3682 = CARTESIAN_POINT('',(2.928320185244,31.07075005257));
#3683 = CARTESIAN_POINT('',(3.033312930921,31.04246276118));
#3684 = CARTESIAN_POINT('',(3.254348401621,30.982769697366));
#3685 = CARTESIAN_POINT('',(3.371094204946,30.951139968545));
#3686 = CARTESIAN_POINT('',(3.48406081249,30.923641379589));
#3687 = CARTESIAN_POINT('',(3.594251856187,30.902043670678));
#3688 = CARTESIAN_POINT('',(3.702652775012,30.887309390802));
#3689 = CARTESIAN_POINT('',(3.810167582659,30.87992326309));
#3690 = CARTESIAN_POINT('',(4.021689472544,30.87992326309));
#3691 = CARTESIAN_POINT('',(4.125395466911,30.886792585972));
#3692 = CARTESIAN_POINT('',(4.229892099553,30.900500480499));
#3693 = CARTESIAN_POINT('',(4.335989542477,30.920625664314));
#3694 = CARTESIAN_POINT('',(4.444563736306,30.946329860557));
#3695 = CARTESIAN_POINT('',(4.556512827652,30.976102839686));
#3696 = CARTESIAN_POINT('',(4.775443271933,31.03515803046));
#3697 = CARTESIAN_POINT('',(4.884098984677,31.064794937106));
#3698 = CARTESIAN_POINT('',(4.99755344806,31.094233492705));
#3699 = CARTESIAN_POINT('',(5.115009591574,31.120348828992));
#3700 = CARTESIAN_POINT('',(5.236063958505,31.13977189941));
#3701 = CARTESIAN_POINT('',(5.360560465505,31.15));
#3702 = CARTESIAN_POINT('',(5.61289395284,31.15));
#3703 = CARTESIAN_POINT('',(5.733920059862,31.14037466592));
#3704 = CARTESIAN_POINT('',(5.851775498517,31.122025334058));
#3705 = CARTESIAN_POINT('',(5.966261986464,31.09719421914));
#3706 = CARTESIAN_POINT('',(6.076953292583,31.068964438183));
#3707 = CARTESIAN_POINT('',(6.183060444518,31.040261159202));
#3708 = CARTESIAN_POINT('',(6.28318530718,31.013220523258));
#3709 = ( GEOMETRIC_REPRESENTATION_CONTEXT(2) 
PARAMETRIC_REPRESENTATION_CONTEXT() REPRESENTATION_CONTEXT('2D SPACE',''
  ) );
#3710 = PCURVE('',#3262,#3711);
#3711 = DEFINITIONAL_REPRESENTATION('',(#3712),#3769);
#3712 = B_SPLINE_CURVE_WITH_KNOTS('',7,(#3713,#3714,#3715,#3716,#3717,
    #3718,#3719,#3720,#3721,#3722,#3723,#3724,#3725,#3726,#3727,#3728,
    #3729,#3730,#3731,#3732,#3733,#3734,#3735,#3736,#3737,#3738,#3739,
    #3740,#3741,#3742,#3743,#3744,#3745,#3746,#3747,#3748,#3749,#3750,
    #3751,#3752,#3753,#3754,#3755,#3756,#3757,#3758,#3759,#3760,#3761,
    #3762,#3763,#3764,#3765,#3766,#3767,#3768),.UNSPECIFIED.,.T.,.F.,(8,
    6,6,6,6,6,6,6,6,8),(0.,6.176680417764E-02,0.134501482262,
    0.265376553546,0.387455860705,0.499467130151,0.637199768775,
    0.770025831107,0.886758790015,1.),.UNSPECIFIED.);
#3713 = CARTESIAN_POINT('',(4.964127150206,36.178410621552));
#3714 = CARTESIAN_POINT('',(4.972031014258,36.279138956613));
#3715 = CARTESIAN_POINT('',(4.979287084965,36.384237016762));
#3716 = CARTESIAN_POINT('',(4.985906832871,36.493017634252));
#3717 = CARTESIAN_POINT('',(4.991902377897,36.604901852944));
#3718 = CARTESIAN_POINT('',(4.997285674925,36.719401876451));
#3719 = CARTESIAN_POINT('',(5.002067699383,36.836104016275));
#3720 = CARTESIAN_POINT('',(5.011191568858,37.094249654791));
#3721 = CARTESIAN_POINT('',(5.015304676286,37.236411995737));
#3722 = CARTESIAN_POINT('',(5.018610733202,37.380527526045));
#3723 = CARTESIAN_POINT('',(5.021120586878,37.52606786992));
#3724 = CARTESIAN_POINT('',(5.022841839822,37.672562620663));
#3725 = CARTESIAN_POINT('',(5.02377853582,37.819574548825));
#3726 = CARTESIAN_POINT('',(5.024204905119,38.231359520873));
#3727 = CARTESIAN_POINT('',(5.021939055941,38.495966625571));
#3728 = CARTESIAN_POINT('',(5.01714648566,38.758249628136));
#3729 = CARTESIAN_POINT('',(5.009786553342,39.015789826087));
#3730 = CARTESIAN_POINT('',(4.999779407891,39.265613185964));
#3731 = CARTESIAN_POINT('',(4.987020052661,39.503690587335));
#3732 = CARTESIAN_POINT('',(4.956823371749,39.929732836364));
#3733 = CARTESIAN_POINT('',(4.939346046566,40.125804258894));
#3734 = CARTESIAN_POINT('',(4.919004101738,40.300540103455));
#3735 = CARTESIAN_POINT('',(4.89607791515,40.443526461477));
#3736 = CARTESIAN_POINT('',(4.871021406921,40.545830351281));
#3737 = CARTESIAN_POINT('',(4.844405726691,40.6));
#3738 = CARTESIAN_POINT('',(4.791737843117,40.6));
#3739 = CARTESIAN_POINT('',(4.767171118913,40.554396547824));
#3740 = CARTESIAN_POINT('',(4.743827138714,40.467320959256));
#3741 = CARTESIAN_POINT('',(4.722206651796,40.344389954107));
#3742 = CARTESIAN_POINT('',(4.702721437061,40.192683386719));
#3743 = CARTESIAN_POINT('',(4.685650812917,40.020735857045));
#3744 = CARTESIAN_POINT('',(4.653182066599,39.614367088488));
#3745 = CARTESIAN_POINT('',(4.638524416049,39.367861816745));
#3746 = CARTESIAN_POINT('',(4.626987286408,39.106712269271));
#3747 = CARTESIAN_POINT('',(4.618437993649,38.836040642614));
#3748 = CARTESIAN_POINT('',(4.6127711193,38.559504643644));
#3749 = CARTESIAN_POINT('',(4.609930270638,38.279965185322));
#3750 = CARTESIAN_POINT('',(4.609930270638,37.730008271622));
#3751 = CARTESIAN_POINT('',(4.6125723354,37.460371989045));
#3752 = CARTESIAN_POINT('',(4.617844512259,37.193439252572));
#3753 = CARTESIAN_POINT('',(4.625794588139,36.931789410839));
#3754 = CARTESIAN_POINT('',(4.636512815702,36.678655774613));
#3755 = CARTESIAN_POINT('',(4.650114671455,36.438488438307));
#3756 = CARTESIAN_POINT('',(4.681308542356,36.024016659726));
#3757 = CARTESIAN_POINT('',(4.698604350505,35.840116702003));
#3758 = CARTESIAN_POINT('',(4.718535696731,35.677049889774));
#3759 = CARTESIAN_POINT('',(4.740820754999,35.544273689962));
#3760 = CARTESIAN_POINT('',(4.765025695023,35.449761496243));
#3761 = CARTESIAN_POINT('',(4.790613955914,35.4));
#3762 = CARTESIAN_POINT('',(4.842476965169,35.4));
#3763 = CARTESIAN_POINT('',(4.86735194345,35.446829147194));
#3764 = CARTESIAN_POINT('',(4.890958211196,35.536115334261));
#3765 = CARTESIAN_POINT('',(4.912783330832,35.661991242312));
#3766 = CARTESIAN_POINT('',(4.932408101518,35.817111066368));
#3767 = CARTESIAN_POINT('',(4.949551654952,35.992657759426));
#3768 = CARTESIAN_POINT('',(4.964127150206,36.178410621552));
#3769 = ( GEOMETRIC_REPRESENTATION_CONTEXT(2) 
PARAMETRIC_REPRESENTATION_CONTEXT() REPRESENTATION_CONTEXT('2D SPACE',''
  ) );
#3770 = ORIENTED_EDGE('',*,*,#3568,.T.);
#3771 = ADVANCED_FACE('',(#3772,#3775),#1873,.T.);
#3772 = FACE_BOUND('',#3773,.T.);
#3773 = EDGE_LOOP('',(#3774));
#3774 = ORIENTED_EDGE('',*,*,#1858,.T.);
#3775 = FACE_BOUND('',#3776,.T.);
#3776 = EDGE_LOOP('',(#3777));
#3777 = ORIENTED_EDGE('',*,*,#3778,.F.);
#3778 = EDGE_CURVE('',#3779,#3779,#3781,.T.);
#3779 = VERTEX_POINT('',#3780);
#3780 = CARTESIAN_POINT('',(0.,-62.,-12.65));
#3781 = SURFACE_CURVE('',#3782,(#3787,#3794),.PCURVE_S1.);
#3782 = CIRCLE('',#3783,12.65);
#3783 = AXIS2_PLACEMENT_3D('',#3784,#3785,#3786);
#3784 = CARTESIAN_POINT('',(0.,-62.,0.));
#3785 = DIRECTION('',(0.,-1.,0.));
#3786 = DIRECTION('',(0.,-0.,-1.));
#3787 = PCURVE('',#1873,#3788);
#3788 = DEFINITIONAL_REPRESENTATION('',(#3789),#3793);
#3789 = CIRCLE('',#3790,12.65);
#3790 = AXIS2_PLACEMENT_2D('',#3791,#3792);
#3791 = CARTESIAN_POINT('',(0.,0.));
#3792 = DIRECTION('',(1.,0.));
#3793 = ( GEOMETRIC_REPRESENTATION_CONTEXT(2) 
PARAMETRIC_REPRESENTATION_CONTEXT() REPRESENTATION_CONTEXT('2D SPACE',''
  ) );
#3794 = PCURVE('',#3795,#3800);
#3795 = CYLINDRICAL_SURFACE('',#3796,12.65);
#3796 = AXIS2_PLACEMENT_3D('',#3797,#3798,#3799);
#3797 = CARTESIAN_POINT('',(0.,-8.,0.));
#3798 = DIRECTION('',(0.,-1.,0.));
#3799 = DIRECTION('',(0.,-0.,-1.));
#3800 = DEFINITIONAL_REPRESENTATION('',(#3801),#3805);
#3801 = LINE('',#3802,#3803);
#3802 = CARTESIAN_POINT('',(0.,54.));
#3803 = VECTOR('',#3804,1.);
#3804 = DIRECTION('',(1.,0.));
#3805 = ( GEOMETRIC_REPRESENTATION_CONTEXT(2) 
PARAMETRIC_REPRESENTATION_CONTEXT() REPRESENTATION_CONTEXT('2D SPACE',''
  ) );
#3806 = ADVANCED_FACE('',(#3807),#2116,.F.);
#3807 = FACE_BOUND('',#3808,.F.);
#3808 = EDGE_LOOP('',(#3809,#3997,#4018,#4019));
#3809 = ORIENTED_EDGE('',*,*,#3810,.F.);
#3810 = EDGE_CURVE('',#3811,#3811,#3813,.T.);
#3811 = VERTEX_POINT('',#3812);
#3812 = CARTESIAN_POINT('',(12.379923263088,-46.,-2.6));
#3813 = SURFACE_CURVE('',#3814,(#3873,#3935),.PCURVE_S1.);
#3814 = B_SPLINE_CURVE_WITH_KNOTS('',8,(#3815,#3816,#3817,#3818,#3819,
    #3820,#3821,#3822,#3823,#3824,#3825,#3826,#3827,#3828,#3829,#3830,
    #3831,#3832,#3833,#3834,#3835,#3836,#3837,#3838,#3839,#3840,#3841,
    #3842,#3843,#3844,#3845,#3846,#3847,#3848,#3849,#3850,#3851,#3852,
    #3853,#3854,#3855,#3856,#3857,#3858,#3859,#3860,#3861,#3862,#3863,
    #3864,#3865,#3866,#3867,#3868,#3869,#3870,#3871,#3872),
  .UNSPECIFIED.,.T.,.F.,(9,7,7,7,7,7,7,7,9),(0.,0.144369299498,
    0.26177784309,0.379186386683,0.52355568618,0.678078043436,
    0.8095215682,0.900625527222,1.),.UNSPECIFIED.);
#3815 = CARTESIAN_POINT('',(12.37992326309,-46.,-2.6));
#3816 = CARTESIAN_POINT('',(12.37992326309,-46.24496953715,-2.6));
#3817 = CARTESIAN_POINT('',(12.385462858874,-46.48961977906,
    -2.573622850186));
#3818 = CARTESIAN_POINT('',(12.396518315724,-46.732339643,
    -2.520983458048));
#3819 = CARTESIAN_POINT('',(12.412842525134,-46.97137645594,
    -2.44168896606));
#3820 = CARTESIAN_POINT('',(12.433953350448,-47.20464334957,
    -2.334945806424));
#3821 = CARTESIAN_POINT('',(12.45904740075,-47.42948813468,
    -2.199660307027));
#3822 = CARTESIAN_POINT('',(12.486884754291,-47.64238090631,
    -2.034574355858));
#3823 = CARTESIAN_POINT('',(12.539116185128,-47.9979535788,
    -1.679001683366));
#3824 = CARTESIAN_POINT('',(12.563678229723,-48.14969650429,
    -1.495640084729));
#3825 = CARTESIAN_POINT('',(12.58806377576,-48.28749999133,
    -1.288989819501));
#3826 = CARTESIAN_POINT('',(12.610591752593,-48.40585545668,
    -1.060826720236));
#3827 = CARTESIAN_POINT('',(12.629442164339,-48.49997430497,
    -0.813923354602));
#3828 = CARTESIAN_POINT('',(12.64296995929,-48.56579741086,
    -0.551873555786));
#3829 = CARTESIAN_POINT('',(12.65,-48.6,-0.278947345666));
#3830 = CARTESIAN_POINT('',(12.65,-48.6,0.278947345666));
#3831 = CARTESIAN_POINT('',(12.64296995929,-48.56579741086,
    0.551873555786));
#3832 = CARTESIAN_POINT('',(12.629442164339,-48.49997430497,
    0.813923354602));
#3833 = CARTESIAN_POINT('',(12.610591752593,-48.40585545668,
    1.060826720236));
#3834 = CARTESIAN_POINT('',(12.58806377576,-48.28749999133,1.2889898195)
  );
#3835 = CARTESIAN_POINT('',(12.563678229722,-48.14969650429,
    1.495640084729));
#3836 = CARTESIAN_POINT('',(12.539116185128,-47.9979535788,
    1.679001683366));
#3837 = CARTESIAN_POINT('',(12.486884754291,-47.64238090631,
    2.034574355858));
#3838 = CARTESIAN_POINT('',(12.45904740075,-47.42948813468,
    2.199660307026));
#3839 = CARTESIAN_POINT('',(12.433953350448,-47.20464334957,
    2.334945806424));
#3840 = CARTESIAN_POINT('',(12.412842525134,-46.97137645594,
    2.441688966061));
#3841 = CARTESIAN_POINT('',(12.396518315724,-46.732339643,2.520983458047
    ));
#3842 = CARTESIAN_POINT('',(12.385462858874,-46.48961977906,
    2.573622850186));
#3843 = CARTESIAN_POINT('',(12.37992326309,-46.24496953715,2.6));
#3844 = CARTESIAN_POINT('',(12.37992326309,-45.73780249354,2.6));
#3845 = CARTESIAN_POINT('',(12.386269535601,-45.47603981026,
    2.569781044845));
#3846 = CARTESIAN_POINT('',(12.39892624073,-45.21665104609,
    2.509520280609));
#3847 = CARTESIAN_POINT('',(12.417573438092,-44.96172031709,
    2.418672000507));
#3848 = CARTESIAN_POINT('',(12.441585463735,-44.71386952597,
    2.29618421281));
#3849 = CARTESIAN_POINT('',(12.469895807957,-44.47652865495,
    2.140626281622));
#3850 = CARTESIAN_POINT('',(12.500825963358,-44.25432991166,
    1.950389057063));
#3851 = CARTESIAN_POINT('',(12.558436048522,-43.88335377023,
    1.531643556924));
#3852 = CARTESIAN_POINT('',(12.586078149982,-43.72201661638,
    1.305701967141));
#3853 = CARTESIAN_POINT('',(12.612478865366,-43.58206286211,
    1.048745797651));
#3854 = CARTESIAN_POINT('',(12.634655115728,-43.47299364683,
    0.765792489982));
#3855 = CARTESIAN_POINT('',(12.649695653966,-43.40166835458,0.46397946)
  );
#3856 = CARTESIAN_POINT('',(12.655807376931,-43.37230745602,0.1516856036
    ));
#3857 = CARTESIAN_POINT('',(12.652680006814,-43.38641283349,
    -0.162123815434));
#3858 = CARTESIAN_POINT('',(12.633438542427,-43.4815236107,
    -0.68112652941));
#3859 = CARTESIAN_POINT('',(12.621612930409,-43.54062837879,
    -0.889875671063));
#3860 = CARTESIAN_POINT('',(12.60616049312,-43.61948680459,
    -1.092678225661));
#3861 = CARTESIAN_POINT('',(12.587630569292,-43.71739199679,
    -1.287373588999));
#3862 = CARTESIAN_POINT('',(12.566769909579,-43.83335979712,
    -1.471900849721));
#3863 = CARTESIAN_POINT('',(12.544471293767,-43.96614092344,
    -1.644333205239));
#3864 = CARTESIAN_POINT('',(12.521700757227,-44.11423137342,
    -1.802918794169));
#3865 = CARTESIAN_POINT('',(12.475081920703,-44.45220553583,
    -2.10233777452));
#3866 = CARTESIAN_POINT('',(12.451307246754,-44.64478275171,
    -2.240358562156));
#3867 = CARTESIAN_POINT('',(12.429313100234,-44.85134464367,
    -2.358132866046));
#3868 = CARTESIAN_POINT('',(12.410300359207,-45.06935796506,
    -2.454020244535));
#3869 = CARTESIAN_POINT('',(12.395299616036,-45.29609992472,
    -2.526784723519));
#3870 = CARTESIAN_POINT('',(12.385049958505,-45.52872998709,
    -2.575589371743));
#3871 = CARTESIAN_POINT('',(12.37992326309,-45.76434440163,-2.6));
#3872 = CARTESIAN_POINT('',(12.37992326309,-46.,-2.6));
#3873 = PCURVE('',#2116,#3874);
#3874 = DEFINITIONAL_REPRESENTATION('',(#3875),#3934);
#3875 = B_SPLINE_CURVE_WITH_KNOTS('',8,(#3876,#3877,#3878,#3879,#3880,
    #3881,#3882,#3883,#3884,#3885,#3886,#3887,#3888,#3889,#3890,#3891,
    #3892,#3893,#3894,#3895,#3896,#3897,#3898,#3899,#3900,#3901,#3902,
    #3903,#3904,#3905,#3906,#3907,#3908,#3909,#3910,#3911,#3912,#3913,
    #3914,#3915,#3916,#3917,#3918,#3919,#3920,#3921,#3922,#3923,#3924,
    #3925,#3926,#3927,#3928,#3929,#3930,#3931,#3932,#3933),
  .UNSPECIFIED.,.F.,.F.,(9,7,7,7,7,7,7,7,9),(0.,0.144369299498,
    0.26177784309,0.379186386683,0.52355568618,0.678078043436,
    0.8095215682,0.900625527222,1.),.UNSPECIFIED.);
#3876 = CARTESIAN_POINT('',(0.,6.12007673691));
#3877 = CARTESIAN_POINT('',(9.42190527524E-02,6.12007673691));
#3878 = CARTESIAN_POINT('',(0.188315023168,6.114537141126));
#3879 = CARTESIAN_POINT('',(0.282944299344,6.103481684276));
#3880 = CARTESIAN_POINT('',(0.378690165752,6.087157474866));
#3881 = CARTESIAN_POINT('',(0.47614816543,6.066046649552));
#3882 = CARTESIAN_POINT('',(0.575938745976,6.040952599249));
#3883 = CARTESIAN_POINT('',(0.678735606586,6.013115245709));
#3884 = CARTESIAN_POINT('',(0.87214164345,5.960883814872));
#3885 = CARTESIAN_POINT('',(0.963278128426,5.936321770278));
#3886 = CARTESIAN_POINT('',(1.057951402183,5.91193622424));
#3887 = CARTESIAN_POINT('',(1.155599983813,5.889408247407));
#3888 = CARTESIAN_POINT('',(1.255866860447,5.870557835661));
#3889 = CARTESIAN_POINT('',(1.358537356823,5.85703004071));
#3890 = CARTESIAN_POINT('',(1.463508886154,5.85));
#3891 = CARTESIAN_POINT('',(1.678083767436,5.85));
#3892 = CARTESIAN_POINT('',(1.783055296767,5.85703004071));
#3893 = CARTESIAN_POINT('',(1.885725793143,5.870557835661));
#3894 = CARTESIAN_POINT('',(1.985992669776,5.889408247407));
#3895 = CARTESIAN_POINT('',(2.083641251406,5.911936224239));
#3896 = CARTESIAN_POINT('',(2.178314525164,5.936321770278));
#3897 = CARTESIAN_POINT('',(2.26945101014,5.960883814872));
#3898 = CARTESIAN_POINT('',(2.462857047004,6.013115245709));
#3899 = CARTESIAN_POINT('',(2.565653907614,6.040952599249));
#3900 = CARTESIAN_POINT('',(2.66544448816,6.066046649552));
#3901 = CARTESIAN_POINT('',(2.762902487838,6.087157474866));
#3902 = CARTESIAN_POINT('',(2.858648354245,6.103481684276));
#3903 = CARTESIAN_POINT('',(2.953277630422,6.114537141126));
#3904 = CARTESIAN_POINT('',(3.047373600837,6.12007673691));
#3905 = CARTESIAN_POINT('',(3.242437848381,6.12007673691));
#3906 = CARTESIAN_POINT('',(3.343115487354,6.113730464399));
#3907 = CARTESIAN_POINT('',(3.44444432934,6.10107375927));
#3908 = CARTESIAN_POINT('',(3.547159677857,6.082426561908));
#3909 = CARTESIAN_POINT('',(3.651991442512,6.058414536265));
#3910 = CARTESIAN_POINT('',(3.759700355958,6.030104192043));
#3911 = CARTESIAN_POINT('',(3.871139220733,5.999174036642));
#3912 = CARTESIAN_POINT('',(4.086307756369,5.941563951478));
#3913 = CARTESIAN_POINT('',(4.192502519888,5.913921850019));
#3914 = CARTESIAN_POINT('',(4.303645325984,5.887521134633));
#3915 = CARTESIAN_POINT('',(4.418261436848,5.865344884273));
#3916 = CARTESIAN_POINT('',(4.535341493309,5.850304346034));
#3917 = CARTESIAN_POINT('',(4.654074594677,5.844192623069));
#3918 = CARTESIAN_POINT('',(4.773771617601,5.847319993186));
#3919 = CARTESIAN_POINT('',(4.976712232204,5.866561457573));
#3920 = CARTESIAN_POINT('',(5.059782757247,5.878387069591));
#3921 = CARTESIAN_POINT('',(5.142847357472,5.89383950688));
#3922 = CARTESIAN_POINT('',(5.22591161767,5.912369430708));
#3923 = CARTESIAN_POINT('',(5.308981691713,5.933230090421));
#3924 = CARTESIAN_POINT('',(5.392059942152,5.955528706233));
#3925 = CARTESIAN_POINT('',(5.475140163206,5.978299242773));
#3926 = CARTESIAN_POINT('',(5.648805087572,6.024918079297));
#3927 = CARTESIAN_POINT('',(5.739447733963,6.048692753246));
#3928 = CARTESIAN_POINT('',(5.830085850629,6.070686899766));
#3929 = CARTESIAN_POINT('',(5.920709380047,6.089699640793));
#3930 = CARTESIAN_POINT('',(6.011319941125,6.104700383964));
#3931 = CARTESIAN_POINT('',(6.101927589244,6.114950041495));
#3932 = CARTESIAN_POINT('',(6.192548538578,6.12007673691));
#3933 = CARTESIAN_POINT('',(6.28318530718,6.12007673691));
#3934 = ( GEOMETRIC_REPRESENTATION_CONTEXT(2) 
PARAMETRIC_REPRESENTATION_CONTEXT() REPRESENTATION_CONTEXT('2D SPACE',''
  ) );
#3935 = PCURVE('',#3795,#3936);
#3936 = DEFINITIONAL_REPRESENTATION('',(#3937),#3996);
#3937 = B_SPLINE_CURVE_WITH_KNOTS('',8,(#3938,#3939,#3940,#3941,#3942,
    #3943,#3944,#3945,#3946,#3947,#3948,#3949,#3950,#3951,#3952,#3953,
    #3954,#3955,#3956,#3957,#3958,#3959,#3960,#3961,#3962,#3963,#3964,
    #3965,#3966,#3967,#3968,#3969,#3970,#3971,#3972,#3973,#3974,#3975,
    #3976,#3977,#3978,#3979,#3980,#3981,#3982,#3983,#3984,#3985,#3986,
    #3987,#3988,#3989,#3990,#3991,#3992,#3993,#3994,#3995),
  .UNSPECIFIED.,.T.,.F.,(9,7,7,7,7,7,7,7,9),(0.,0.144369299498,
    0.26177784309,0.379186386683,0.52355568618,0.678078043436,
    0.8095215682,0.900625527222,1.),.UNSPECIFIED.);
#3938 = CARTESIAN_POINT('',(1.363787413092,38.));
#3939 = CARTESIAN_POINT('',(1.363787413092,38.244969537156));
#3940 = CARTESIAN_POINT('',(1.365918049589,38.489619779064));
#3941 = CARTESIAN_POINT('',(1.370170058223,38.732339643));
#3942 = CARTESIAN_POINT('',(1.376569782483,38.971376455942));
#3943 = CARTESIAN_POINT('',(1.385170852478,39.204643349574));
#3944 = CARTESIAN_POINT('',(1.396045971141,39.429488134681));
#3945 = CARTESIAN_POINT('',(1.409277504944,39.642380906312));
#3946 = CARTESIAN_POINT('',(1.437687657972,39.997953578804));
#3947 = CARTESIAN_POINT('',(1.45231092348,40.149696504297));
#3948 = CARTESIAN_POINT('',(1.468756838725,40.287499991335));
#3949 = CARTESIAN_POINT('',(1.48687403771,40.405855456683));
#3950 = CARTESIAN_POINT('',(1.506438273744,40.49997430497));
#3951 = CARTESIAN_POINT('',(1.527169942419,40.565797410867));
#3952 = CARTESIAN_POINT('',(1.548745153224,40.6));
#3953 = CARTESIAN_POINT('',(1.592847500365,40.6));
#3954 = CARTESIAN_POINT('',(1.614422711171,40.565797410867));
#3955 = CARTESIAN_POINT('',(1.635154379846,40.49997430497));
#3956 = CARTESIAN_POINT('',(1.65471861588,40.405855456683));
#3957 = CARTESIAN_POINT('',(1.672835814865,40.287499991335));
#3958 = CARTESIAN_POINT('',(1.68928173011,40.149696504297));
#3959 = CARTESIAN_POINT('',(1.703904995618,39.997953578804));
#3960 = CARTESIAN_POINT('',(1.732315148646,39.642380906312));
#3961 = CARTESIAN_POINT('',(1.745546682449,39.429488134682));
#3962 = CARTESIAN_POINT('',(1.756421801112,39.204643349574));
#3963 = CARTESIAN_POINT('',(1.765022871107,38.971376455942));
#3964 = CARTESIAN_POINT('',(1.771422595367,38.732339643001));
#3965 = CARTESIAN_POINT('',(1.775674604001,38.489619779063));
#3966 = CARTESIAN_POINT('',(1.777805240497,38.244969537156));
#3967 = CARTESIAN_POINT('',(1.777805240497,37.737802493543));
#3968 = CARTESIAN_POINT('',(1.775364280696,37.476039810267));
#3969 = CARTESIAN_POINT('',(1.770496639533,37.216651046093));
#3970 = CARTESIAN_POINT('',(1.763165331903,36.961720317093));
#3971 = CARTESIAN_POINT('',(1.753299044827,36.713869525976));
#3972 = CARTESIAN_POINT('',(1.740802730945,36.476528654957));
#3973 = CARTESIAN_POINT('',(1.725571299691,36.254329911669));
#3974 = CARTESIAN_POINT('',(1.692157081691,35.883353770234));
#3975 = CARTESIAN_POINT('',(1.674164939355,35.72201661638));
#3976 = CARTESIAN_POINT('',(1.653751758059,35.582062862119));
#3977 = CARTESIAN_POINT('',(1.631329241577,35.472993646834));
#3978 = CARTESIAN_POINT('',(1.60746175708,35.40166835458));
#3979 = CARTESIAN_POINT('',(1.582787572086,35.372307456026));
#3980 = CARTESIAN_POINT('',(1.557988381948,35.386412833493));
#3981 = CARTESIAN_POINT('',(1.516932313194,35.481523610707));
#3982 = CARTESIAN_POINT('',(1.500407091286,35.540628378792));
#3983 = CARTESIAN_POINT('',(1.484333809576,35.619486804591));
#3984 = CARTESIAN_POINT('',(1.468878460447,35.717391996798));
#3985 = CARTESIAN_POINT('',(1.454202383278,35.833359797121));
#3986 = CARTESIAN_POINT('',(1.440460177598,35.96614092344));
#3987 = CARTESIAN_POINT('',(1.427796079377,36.11423137342));
#3988 = CARTESIAN_POINT('',(1.403841417692,36.452205535837));
#3989 = CARTESIAN_POINT('',(1.392771438064,36.644782751718));
#3990 = CARTESIAN_POINT('',(1.383301589611,36.851344643674));
#3991 = CARTESIAN_POINT('',(1.375574511145,37.069357965067));
#3992 = CARTESIAN_POINT('',(1.369701435849,37.296099924723));
#3993 = CARTESIAN_POINT('',(1.36575920759,37.528729987093));
#3994 = CARTESIAN_POINT('',(1.363787413092,37.764344401635));
#3995 = CARTESIAN_POINT('',(1.363787413092,38.));
#3996 = ( GEOMETRIC_REPRESENTATION_CONTEXT(2) 
PARAMETRIC_REPRESENTATION_CONTEXT() REPRESENTATION_CONTEXT('2D SPACE',''
  ) );
#3997 = ORIENTED_EDGE('',*,*,#3998,.F.);
#3998 = EDGE_CURVE('',#1991,#3811,#3999,.T.);
#3999 = SEAM_CURVE('',#4000,(#4004,#4011),.PCURVE_S1.);
#4000 = LINE('',#4001,#4002);
#4001 = CARTESIAN_POINT('',(18.5,-46.,-2.6));
#4002 = VECTOR('',#4003,1.);
#4003 = DIRECTION('',(-1.,0.,0.));
#4004 = PCURVE('',#2116,#4005);
#4005 = DEFINITIONAL_REPRESENTATION('',(#4006),#4010);
#4006 = LINE('',#4007,#4008);
#4007 = CARTESIAN_POINT('',(6.28318530718,-0.));
#4008 = VECTOR('',#4009,1.);
#4009 = DIRECTION('',(0.,1.));
#4010 = ( GEOMETRIC_REPRESENTATION_CONTEXT(2) 
PARAMETRIC_REPRESENTATION_CONTEXT() REPRESENTATION_CONTEXT('2D SPACE',''
  ) );
#4011 = PCURVE('',#2116,#4012);
#4012 = DEFINITIONAL_REPRESENTATION('',(#4013),#4017);
#4013 = LINE('',#4014,#4015);
#4014 = CARTESIAN_POINT('',(0.,-0.));
#4015 = VECTOR('',#4016,1.);
#4016 = DIRECTION('',(0.,1.));
#4017 = ( GEOMETRIC_REPRESENTATION_CONTEXT(2) 
PARAMETRIC_REPRESENTATION_CONTEXT() REPRESENTATION_CONTEXT('2D SPACE',''
  ) );
#4018 = ORIENTED_EDGE('',*,*,#1990,.T.);
#4019 = ORIENTED_EDGE('',*,*,#3998,.T.);
#4020 = ADVANCED_FACE('',(#4021),#2295,.F.);
#4021 = FACE_BOUND('',#4022,.F.);
#4022 = EDGE_LOOP('',(#4023,#4024,#4047,#4233));
#4023 = ORIENTED_EDGE('',*,*,#2185,.F.);
#4024 = ORIENTED_EDGE('',*,*,#4025,.F.);
#4025 = EDGE_CURVE('',#4026,#2186,#4028,.T.);
#4026 = VERTEX_POINT('',#4027);
#4027 = CARTESIAN_POINT('',(-12.37992326308,-46.,-2.6));
#4028 = SEAM_CURVE('',#4029,(#4033,#4040),.PCURVE_S1.);
#4029 = LINE('',#4030,#4031);
#4030 = CARTESIAN_POINT('',(18.5,-46.,-2.6));
#4031 = VECTOR('',#4032,1.);
#4032 = DIRECTION('',(-1.,0.,0.));
#4033 = PCURVE('',#2295,#4034);
#4034 = DEFINITIONAL_REPRESENTATION('',(#4035),#4039);
#4035 = LINE('',#4036,#4037);
#4036 = CARTESIAN_POINT('',(6.28318530718,-0.));
#4037 = VECTOR('',#4038,1.);
#4038 = DIRECTION('',(0.,1.));
#4039 = ( GEOMETRIC_REPRESENTATION_CONTEXT(2) 
PARAMETRIC_REPRESENTATION_CONTEXT() REPRESENTATION_CONTEXT('2D SPACE',''
  ) );
#4040 = PCURVE('',#2295,#4041);
#4041 = DEFINITIONAL_REPRESENTATION('',(#4042),#4046);
#4042 = LINE('',#4043,#4044);
#4043 = CARTESIAN_POINT('',(0.,-0.));
#4044 = VECTOR('',#4045,1.);
#4045 = DIRECTION('',(0.,1.));
#4046 = ( GEOMETRIC_REPRESENTATION_CONTEXT(2) 
PARAMETRIC_REPRESENTATION_CONTEXT() REPRESENTATION_CONTEXT('2D SPACE',''
  ) );
#4047 = ORIENTED_EDGE('',*,*,#4048,.T.);
#4048 = EDGE_CURVE('',#4026,#4026,#4049,.T.);
#4049 = SURFACE_CURVE('',#4050,(#4109,#4171),.PCURVE_S1.);
#4050 = B_SPLINE_CURVE_WITH_KNOTS('',8,(#4051,#4052,#4053,#4054,#4055,
    #4056,#4057,#4058,#4059,#4060,#4061,#4062,#4063,#4064,#4065,#4066,
    #4067,#4068,#4069,#4070,#4071,#4072,#4073,#4074,#4075,#4076,#4077,
    #4078,#4079,#4080,#4081,#4082,#4083,#4084,#4085,#4086,#4087,#4088,
    #4089,#4090,#4091,#4092,#4093,#4094,#4095,#4096,#4097,#4098,#4099,
    #4100,#4101,#4102,#4103,#4104,#4105,#4106,#4107,#4108),
  .UNSPECIFIED.,.T.,.F.,(9,7,7,7,7,7,7,7,9),(0.,0.181562522402,
    0.336007600557,0.443054015333,0.559818216859,0.681197350657,
    0.779909108429,0.878620866203,1.),.UNSPECIFIED.);
#4051 = CARTESIAN_POINT('',(-12.37992326309,-46.,-2.6));
#4052 = CARTESIAN_POINT('',(-12.37992326309,-46.26219751047,-2.6));
#4053 = CARTESIAN_POINT('',(-12.38626953519,-46.52396017808,
    -2.569781047513));
#4054 = CARTESIAN_POINT('',(-12.39892624161,-46.78334896593,
    -2.509520274705));
#4055 = CARTESIAN_POINT('',(-12.41757343775,-47.03827968353,
    -2.418672002932));
#4056 = CARTESIAN_POINT('',(-12.44158546286,-47.28613046195,
    -2.296184218588));
#4057 = CARTESIAN_POINT('',(-12.4698958091,-47.52347135529,
    -2.140626273631));
#4058 = CARTESIAN_POINT('',(-12.50082596288,-47.74567008525,
    -1.950389060537));
#4059 = CARTESIAN_POINT('',(-12.55843604852,-48.11664622976,
    -1.531643556924));
#4060 = CARTESIAN_POINT('',(-12.58607814998,-48.27798338362,
    -1.30570196714));
#4061 = CARTESIAN_POINT('',(-12.61247886536,-48.41793713788,
    -1.048745797652));
#4062 = CARTESIAN_POINT('',(-12.63465511572,-48.52700635316,
    -0.765792489981));
#4063 = CARTESIAN_POINT('',(-12.64969565396,-48.59833164541,
    -0.463979460001));
#4064 = CARTESIAN_POINT('',(-12.65580737693,-48.62769254397,
    -0.1516856036));
#4065 = CARTESIAN_POINT('',(-12.65268000681,-48.6135871665,
    0.162123815434));
#4066 = CARTESIAN_POINT('',(-12.63343854242,-48.51847638929,
    0.68112652941));
#4067 = CARTESIAN_POINT('',(-12.6216129304,-48.4593716212,0.889875671063
    ));
#4068 = CARTESIAN_POINT('',(-12.60616049312,-48.3805131954,
    1.092678225661));
#4069 = CARTESIAN_POINT('',(-12.58763056929,-48.2826080032,
    1.287373588999));
#4070 = CARTESIAN_POINT('',(-12.56676990957,-48.16664020287,
    1.471900849721));
#4071 = CARTESIAN_POINT('',(-12.54447129376,-48.03385907656,
    1.644333205239));
#4072 = CARTESIAN_POINT('',(-12.52170075722,-47.88576862658,
    1.802918794169));
#4073 = CARTESIAN_POINT('',(-12.4750819207,-47.54779446416,2.10233777452
    ));
#4074 = CARTESIAN_POINT('',(-12.45130724675,-47.35521724828,
    2.240358562156));
#4075 = CARTESIAN_POINT('',(-12.42931310023,-47.14865535632,
    2.358132866047));
#4076 = CARTESIAN_POINT('',(-12.4103003592,-46.93064203493,
    2.454020244535));
#4077 = CARTESIAN_POINT('',(-12.39529961603,-46.70390007527,
    2.526784723519));
#4078 = CARTESIAN_POINT('',(-12.3850499585,-46.4712700129,2.575589371743
    ));
#4079 = CARTESIAN_POINT('',(-12.37992326309,-46.23565559836,2.6));
#4080 = CARTESIAN_POINT('',(-12.37992326309,-45.75503046284,2.6));
#4081 = CARTESIAN_POINT('',(-12.38546285887,-45.51038022093,
    2.573622850186));
#4082 = CARTESIAN_POINT('',(-12.39651831572,-45.267660357,2.520983458048
    ));
#4083 = CARTESIAN_POINT('',(-12.41284252513,-45.02862354405,
    2.44168896606));
#4084 = CARTESIAN_POINT('',(-12.43395335044,-44.79535665042,
    2.334945806424));
#4085 = CARTESIAN_POINT('',(-12.45904740075,-44.57051186531,
    2.199660307027));
#4086 = CARTESIAN_POINT('',(-12.48688475429,-44.35761909368,
    2.034574355858));
#4087 = CARTESIAN_POINT('',(-12.53911618512,-44.00204642119,
    1.679001683366));
#4088 = CARTESIAN_POINT('',(-12.56367822972,-43.8503034957,
    1.495640084729));
#4089 = CARTESIAN_POINT('',(-12.58806377576,-43.71250000866,
    1.288989819501));
#4090 = CARTESIAN_POINT('',(-12.61059175259,-43.59414454331,
    1.060826720236));
#4091 = CARTESIAN_POINT('',(-12.62944216433,-43.50002569503,
    0.813923354602));
#4092 = CARTESIAN_POINT('',(-12.64296995929,-43.43420258913,
    0.551873555786));
#4093 = CARTESIAN_POINT('',(-12.65,-43.4,0.278947345666));
#4094 = CARTESIAN_POINT('',(-12.65,-43.4,-0.278947345671));
#4095 = CARTESIAN_POINT('',(-12.64296995929,-43.43420258913,
    -0.551873555783));
#4096 = CARTESIAN_POINT('',(-12.62944216434,-43.50002569502,
    -0.813923354597));
#4097 = CARTESIAN_POINT('',(-12.61059175259,-43.59414454331,
    -1.060826720236));
#4098 = CARTESIAN_POINT('',(-12.58806377576,-43.71250000866,
    -1.288989819505));
#4099 = CARTESIAN_POINT('',(-12.56367822972,-43.8503034957,
    -1.495640084731));
#4100 = CARTESIAN_POINT('',(-12.53911618512,-44.00204642119,
    -1.679001683363));
#4101 = CARTESIAN_POINT('',(-12.48688475429,-44.35761909368,
    -2.034574355858));
#4102 = CARTESIAN_POINT('',(-12.45904740075,-44.57051186531,
    -2.199660307027));
#4103 = CARTESIAN_POINT('',(-12.43395335044,-44.79535665042,
    -2.334945806424));
#4104 = CARTESIAN_POINT('',(-12.41284252513,-45.02862354405,
    -2.44168896606));
#4105 = CARTESIAN_POINT('',(-12.39651831572,-45.26766035699,
    -2.520983458047));
#4106 = CARTESIAN_POINT('',(-12.38546285887,-45.51038022093,
    -2.573622850186));
#4107 = CARTESIAN_POINT('',(-12.37992326309,-45.75503046284,-2.6));
#4108 = CARTESIAN_POINT('',(-12.37992326309,-46.,-2.6));
#4109 = PCURVE('',#2295,#4110);
#4110 = DEFINITIONAL_REPRESENTATION('',(#4111),#4170);
#4111 = B_SPLINE_CURVE_WITH_KNOTS('',8,(#4112,#4113,#4114,#4115,#4116,
    #4117,#4118,#4119,#4120,#4121,#4122,#4123,#4124,#4125,#4126,#4127,
    #4128,#4129,#4130,#4131,#4132,#4133,#4134,#4135,#4136,#4137,#4138,
    #4139,#4140,#4141,#4142,#4143,#4144,#4145,#4146,#4147,#4148,#4149,
    #4150,#4151,#4152,#4153,#4154,#4155,#4156,#4157,#4158,#4159,#4160,
    #4161,#4162,#4163,#4164,#4165,#4166,#4167,#4168,#4169),
  .UNSPECIFIED.,.F.,.F.,(9,7,7,7,7,7,7,7,9),(0.,0.181562522402,
    0.336007600557,0.443054015333,0.559818216859,0.681197350657,
    0.779909108429,0.878620866203,1.),.UNSPECIFIED.);
#4112 = CARTESIAN_POINT('',(0.,30.87992326309));
#4113 = CARTESIAN_POINT('',(0.100845196336,30.87992326309));
#4114 = CARTESIAN_POINT('',(0.201522828896,30.886269535193));
#4115 = CARTESIAN_POINT('',(0.302851681274,30.898926241614));
#4116 = CARTESIAN_POINT('',(0.405567024093,30.917573437754));
#4117 = CARTESIAN_POINT('',(0.510398783405,30.941585462866));
#4118 = CARTESIAN_POINT('',(0.618107707615,30.969895809103));
#4119 = CARTESIAN_POINT('',(0.729546565358,31.00082596288));
#4120 = CARTESIAN_POINT('',(0.944715102779,31.058436048522));
#4121 = CARTESIAN_POINT('',(1.050909866299,31.086078149981));
#4122 = CARTESIAN_POINT('',(1.162052672393,31.112478865367));
#4123 = CARTESIAN_POINT('',(1.27666878326,31.134655115727));
#4124 = CARTESIAN_POINT('',(1.393748839718,31.149695653966));
#4125 = CARTESIAN_POINT('',(1.512481941087,31.155807376931));
#4126 = CARTESIAN_POINT('',(1.632178964011,31.152680006814));
#4127 = CARTESIAN_POINT('',(1.835119578614,31.133438542427));
#4128 = CARTESIAN_POINT('',(1.918190103657,31.121612930409));
#4129 = CARTESIAN_POINT('',(2.001254703882,31.10616049312));
#4130 = CARTESIAN_POINT('',(2.08431896408,31.087630569292));
#4131 = CARTESIAN_POINT('',(2.167389038123,31.066769909579));
#4132 = CARTESIAN_POINT('',(2.250467288562,31.044471293767));
#4133 = CARTESIAN_POINT('',(2.333547509616,31.021700757227));
#4134 = CARTESIAN_POINT('',(2.507212433982,30.975081920703));
#4135 = CARTESIAN_POINT('',(2.597855080373,30.951307246754));
#4136 = CARTESIAN_POINT('',(2.688493197039,30.929313100234));
#4137 = CARTESIAN_POINT('',(2.779116726457,30.910300359207));
#4138 = CARTESIAN_POINT('',(2.869727287535,30.895299616036));
#4139 = CARTESIAN_POINT('',(2.960334935654,30.885049958505));
#4140 = CARTESIAN_POINT('',(3.050955884988,30.87992326309));
#4141 = CARTESIAN_POINT('',(3.235811706342,30.87992326309));
#4142 = CARTESIAN_POINT('',(3.329907676757,30.885462858874));
#4143 = CARTESIAN_POINT('',(3.424536952934,30.896518315724));
#4144 = CARTESIAN_POINT('',(3.520282819342,30.912842525134));
#4145 = CARTESIAN_POINT('',(3.617740819019,30.933953350448));
#4146 = CARTESIAN_POINT('',(3.717531399566,30.959047400751));
#4147 = CARTESIAN_POINT('',(3.820328260175,30.986884754291));
#4148 = CARTESIAN_POINT('',(4.01373429704,31.039116185128));
#4149 = CARTESIAN_POINT('',(4.104870782016,31.063678229722));
#4150 = CARTESIAN_POINT('',(4.199544055773,31.08806377576));
#4151 = CARTESIAN_POINT('',(4.297192637403,31.110591752593));
#4152 = CARTESIAN_POINT('',(4.397459514036,31.129442164339));
#4153 = CARTESIAN_POINT('',(4.500130010412,31.14296995929));
#4154 = CARTESIAN_POINT('',(4.605101539744,31.15));
#4155 = CARTESIAN_POINT('',(4.819676421028,31.15));
#4156 = CARTESIAN_POINT('',(4.924647950356,31.14296995929));
#4157 = CARTESIAN_POINT('',(5.027318446731,31.12944216434));
#4158 = CARTESIAN_POINT('',(5.127585323366,31.110591752593));
#4159 = CARTESIAN_POINT('',(5.225233904998,31.08806377576));
#4160 = CARTESIAN_POINT('',(5.319907178755,31.063678229722));
#4161 = CARTESIAN_POINT('',(5.411043663728,31.039116185129));
#4162 = CARTESIAN_POINT('',(5.604449700594,30.986884754291));
#4163 = CARTESIAN_POINT('',(5.707246561204,30.95904740075));
#4164 = CARTESIAN_POINT('',(5.80703714175,30.933953350448));
#4165 = CARTESIAN_POINT('',(5.904495141427,30.912842525134));
#4166 = CARTESIAN_POINT('',(6.000241007835,30.896518315724));
#4167 = CARTESIAN_POINT('',(6.094870284012,30.885462858874));
#4168 = CARTESIAN_POINT('',(6.188966254427,30.87992326309));
#4169 = CARTESIAN_POINT('',(6.28318530718,30.87992326309));
#4170 = ( GEOMETRIC_REPRESENTATION_CONTEXT(2) 
PARAMETRIC_REPRESENTATION_CONTEXT() REPRESENTATION_CONTEXT('2D SPACE',''
  ) );
#4171 = PCURVE('',#3795,#4172);
#4172 = DEFINITIONAL_REPRESENTATION('',(#4173),#4232);
#4173 = B_SPLINE_CURVE_WITH_KNOTS('',8,(#4174,#4175,#4176,#4177,#4178,
    #4179,#4180,#4181,#4182,#4183,#4184,#4185,#4186,#4187,#4188,#4189,
    #4190,#4191,#4192,#4193,#4194,#4195,#4196,#4197,#4198,#4199,#4200,
    #4201,#4202,#4203,#4204,#4205,#4206,#4207,#4208,#4209,#4210,#4211,
    #4212,#4213,#4214,#4215,#4216,#4217,#4218,#4219,#4220,#4221,#4222,
    #4223,#4224,#4225,#4226,#4227,#4228,#4229,#4230,#4231),
  .UNSPECIFIED.,.T.,.F.,(9,7,7,7,7,7,7,7,9),(0.,0.181562522402,
    0.336007600557,0.443054015333,0.559818216859,0.681197350657,
    0.779909108429,0.878620866203,1.),.UNSPECIFIED.);
#4174 = CARTESIAN_POINT('',(4.919397894087,38.));
#4175 = CARTESIAN_POINT('',(4.919397894087,38.262197510473));
#4176 = CARTESIAN_POINT('',(4.916956934499,38.523960178088));
#4177 = CARTESIAN_POINT('',(4.912089292651,38.783348965936));
#4178 = CARTESIAN_POINT('',(4.904757985686,39.038279683539));
#4179 = CARTESIAN_POINT('',(4.894891698878,39.286130461952));
#4180 = CARTESIAN_POINT('',(4.882395383897,39.52347135529));
#4181 = CARTESIAN_POINT('',(4.867163953558,39.745670085254));
#4182 = CARTESIAN_POINT('',(4.833749735281,40.116646229766));
#4183 = CARTESIAN_POINT('',(4.815757592945,40.277983383621));
#4184 = CARTESIAN_POINT('',(4.795344411649,40.41793713788));
#4185 = CARTESIAN_POINT('',(4.772921895167,40.527006353168));
#4186 = CARTESIAN_POINT('',(4.74905441067,40.598331645419));
#4187 = CARTESIAN_POINT('',(4.724380225675,40.627692543974));
#4188 = CARTESIAN_POINT('',(4.699581035538,40.613587166507));
#4189 = CARTESIAN_POINT('',(4.658524966783,40.518476389293));
#4190 = CARTESIAN_POINT('',(4.641999744876,40.459371621208));
#4191 = CARTESIAN_POINT('',(4.625926463166,40.380513195409));
#4192 = CARTESIAN_POINT('',(4.610471114037,40.282608003202));
#4193 = CARTESIAN_POINT('',(4.595795036868,40.166640202879));
#4194 = CARTESIAN_POINT('',(4.582052831187,40.03385907656));
#4195 = CARTESIAN_POINT('',(4.569388732967,39.88576862658));
#4196 = CARTESIAN_POINT('',(4.545434071282,39.547794464163));
#4197 = CARTESIAN_POINT('',(4.534364091654,39.355217248282));
#4198 = CARTESIAN_POINT('',(4.524894243201,39.148655356326));
#4199 = CARTESIAN_POINT('',(4.517167164734,38.930642034933));
#4200 = CARTESIAN_POINT('',(4.511294089439,38.703900075278));
#4201 = CARTESIAN_POINT('',(4.50735186118,38.471270012907));
#4202 = CARTESIAN_POINT('',(4.505380066682,38.235655598365));
#4203 = CARTESIAN_POINT('',(4.505380066682,37.755030462844));
#4204 = CARTESIAN_POINT('',(4.507510703179,37.510380220936));
#4205 = CARTESIAN_POINT('',(4.511762711812,37.267660357));
#4206 = CARTESIAN_POINT('',(4.518162436073,37.028623544058));
#4207 = CARTESIAN_POINT('',(4.526763506068,36.795356650426));
#4208 = CARTESIAN_POINT('',(4.537638624731,36.570511865319));
#4209 = CARTESIAN_POINT('',(4.550870158533,36.357619093688));
#4210 = CARTESIAN_POINT('',(4.579280311561,36.002046421196));
#4211 = CARTESIAN_POINT('',(4.593903577069,35.850303495703));
#4212 = CARTESIAN_POINT('',(4.610349492314,35.712500008665));
#4213 = CARTESIAN_POINT('',(4.628466691299,35.594144543317));
#4214 = CARTESIAN_POINT('',(4.648030927334,35.50002569503));
#4215 = CARTESIAN_POINT('',(4.668762596009,35.434202589133));
#4216 = CARTESIAN_POINT('',(4.690337806814,35.4));
#4217 = CARTESIAN_POINT('',(4.734440153956,35.4));
#4218 = CARTESIAN_POINT('',(4.75601536476,35.434202589134));
#4219 = CARTESIAN_POINT('',(4.776747033435,35.500025695028));
#4220 = CARTESIAN_POINT('',(4.79631126947,35.594144543315));
#4221 = CARTESIAN_POINT('',(4.814428468455,35.712500008667));
#4222 = CARTESIAN_POINT('',(4.8308743837,35.850303495706));
#4223 = CARTESIAN_POINT('',(4.845497649208,36.002046421193));
#4224 = CARTESIAN_POINT('',(4.873907802236,36.357619093687));
#4225 = CARTESIAN_POINT('',(4.887139336039,36.570511865319));
#4226 = CARTESIAN_POINT('',(4.898014454702,36.795356650426));
#4227 = CARTESIAN_POINT('',(4.906615524697,37.028623544057));
#4228 = CARTESIAN_POINT('',(4.913015248957,37.267660357));
#4229 = CARTESIAN_POINT('',(4.917267257591,37.510380220937));
#4230 = CARTESIAN_POINT('',(4.919397894087,37.755030462843));
#4231 = CARTESIAN_POINT('',(4.919397894087,38.));
#4232 = ( GEOMETRIC_REPRESENTATION_CONTEXT(2) 
PARAMETRIC_REPRESENTATION_CONTEXT() REPRESENTATION_CONTEXT('2D SPACE',''
  ) );
#4233 = ORIENTED_EDGE('',*,*,#4025,.T.);
#4234 = ADVANCED_FACE('',(#4235),#2395,.T.);
#4235 = FACE_BOUND('',#4236,.T.);
#4236 = EDGE_LOOP('',(#4237,#4261,#4262));
#4237 = ORIENTED_EDGE('',*,*,#4238,.T.);
#4238 = EDGE_CURVE('',#2358,#4239,#4241,.T.);
#4239 = VERTEX_POINT('',#4240);
#4240 = CARTESIAN_POINT('',(0.,0.,69.));
#4241 = SEAM_CURVE('',#4242,(#4247,#4254),.PCURVE_S1.);
#4242 = CIRCLE('',#4243,14.);
#4243 = AXIS2_PLACEMENT_3D('',#4244,#4245,#4246);
#4244 = CARTESIAN_POINT('',(0.,0.,55.));
#4245 = DIRECTION('',(-2.449293598295E-16,-1.,0.));
#4246 = DIRECTION('',(1.,-2.449293598295E-16,0.));
#4247 = PCURVE('',#2395,#4248);
#4248 = DEFINITIONAL_REPRESENTATION('',(#4249),#4253);
#4249 = LINE('',#4250,#4251);
#4250 = CARTESIAN_POINT('',(6.28318530718,-6.28318530718));
#4251 = VECTOR('',#4252,1.);
#4252 = DIRECTION('',(0.,1.));
#4253 = ( GEOMETRIC_REPRESENTATION_CONTEXT(2) 
PARAMETRIC_REPRESENTATION_CONTEXT() REPRESENTATION_CONTEXT('2D SPACE',''
  ) );
#4254 = PCURVE('',#2395,#4255);
#4255 = DEFINITIONAL_REPRESENTATION('',(#4256),#4260);
#4256 = LINE('',#4257,#4258);
#4257 = CARTESIAN_POINT('',(0.,-6.28318530718));
#4258 = VECTOR('',#4259,1.);
#4259 = DIRECTION('',(0.,1.));
#4260 = ( GEOMETRIC_REPRESENTATION_CONTEXT(2) 
PARAMETRIC_REPRESENTATION_CONTEXT() REPRESENTATION_CONTEXT('2D SPACE',''
  ) );
#4261 = ORIENTED_EDGE('',*,*,#4238,.F.);
#4262 = ORIENTED_EDGE('',*,*,#2380,.T.);
#4263 = ADVANCED_FACE('',(#4264),#2573,.T.);
#4264 = FACE_BOUND('',#4265,.T.);
#4265 = EDGE_LOOP('',(#4266));
#4266 = ORIENTED_EDGE('',*,*,#2558,.T.);
#4267 = ADVANCED_FACE('',(#4268),#2806,.F.);
#4268 = FACE_BOUND('',#4269,.F.);
#4269 = EDGE_LOOP('',(#4270,#4271,#4292,#4293));
#4270 = ORIENTED_EDGE('',*,*,#2592,.F.);
#4271 = ORIENTED_EDGE('',*,*,#4272,.F.);
#4272 = EDGE_CURVE('',#2920,#2593,#4273,.T.);
#4273 = SEAM_CURVE('',#4274,(#4278,#4285),.PCURVE_S1.);
#4274 = LINE('',#4275,#4276);
#4275 = CARTESIAN_POINT('',(8.505276590068,-25.69068225804,
    -22.40008960053));
#4276 = VECTOR('',#4277,1.);
#4277 = DIRECTION('',(-0.999807821657,-1.960407493445E-02,0.));
#4278 = PCURVE('',#2806,#4279);
#4279 = DEFINITIONAL_REPRESENTATION('',(#4280),#4284);
#4280 = LINE('',#4281,#4282);
#4281 = CARTESIAN_POINT('',(6.28318530718,-0.));
#4282 = VECTOR('',#4283,1.);
#4283 = DIRECTION('',(0.,1.));
#4284 = ( GEOMETRIC_REPRESENTATION_CONTEXT(2) 
PARAMETRIC_REPRESENTATION_CONTEXT() REPRESENTATION_CONTEXT('2D SPACE',''
  ) );
#4285 = PCURVE('',#2806,#4286);
#4286 = DEFINITIONAL_REPRESENTATION('',(#4287),#4291);
#4287 = LINE('',#4288,#4289);
#4288 = CARTESIAN_POINT('',(0.,-0.));
#4289 = VECTOR('',#4290,1.);
#4290 = DIRECTION('',(0.,1.));
#4291 = ( GEOMETRIC_REPRESENTATION_CONTEXT(2) 
PARAMETRIC_REPRESENTATION_CONTEXT() REPRESENTATION_CONTEXT('2D SPACE',''
  ) );
#4292 = ORIENTED_EDGE('',*,*,#2919,.T.);
#4293 = ORIENTED_EDGE('',*,*,#4272,.T.);
#4294 = ADVANCED_FACE('',(#4295,#4469,#4832,#4835),#3262,.F.);
#4295 = FACE_BOUND('',#4296,.F.);
#4296 = EDGE_LOOP('',(#4297,#4328,#4349,#4350,#4351,#4375,#4409,#4441));
#4297 = ORIENTED_EDGE('',*,*,#4298,.T.);
#4298 = EDGE_CURVE('',#4299,#4301,#4303,.T.);
#4299 = VERTEX_POINT('',#4300);
#4300 = CARTESIAN_POINT('',(-2.417177586175,-8.,-12.41691396913));
#4301 = VERTEX_POINT('',#4302);
#4302 = CARTESIAN_POINT('',(-3.528334652635,-0.815477869887,
    -14.52268399514));
#4303 = SURFACE_CURVE('',#4304,(#4309,#4316),.PCURVE_S1.);
#4304 = CIRCLE('',#4305,12.65);
#4305 = AXIS2_PLACEMENT_3D('',#4306,#4307,#4308);
#4306 = CARTESIAN_POINT('',(5.545249515234,-0.815477869887,
    -5.708345089211));
#4307 = DIRECTION('',(0.693156189404,-0.101934733736,-0.713543136151));
#4308 = DIRECTION('',(-0.717279380859,-6.938893903907E-18,
    -0.696785684263));
#4309 = PCURVE('',#3262,#4310);
#4310 = DEFINITIONAL_REPRESENTATION('',(#4311),#4315);
#4311 = LINE('',#4312,#4313);
#4312 = CARTESIAN_POINT('',(0.,0.));
#4313 = VECTOR('',#4314,1.);
#4314 = DIRECTION('',(1.,0.));
#4315 = ( GEOMETRIC_REPRESENTATION_CONTEXT(2) 
PARAMETRIC_REPRESENTATION_CONTEXT() REPRESENTATION_CONTEXT('2D SPACE',''
  ) );
#4316 = PCURVE('',#4317,#4322);
#4317 = PLANE('',#4318);
#4318 = AXIS2_PLACEMENT_3D('',#4319,#4320,#4321);
#4319 = CARTESIAN_POINT('',(5.545249515234,-0.815477869887,
    -5.708345089211));
#4320 = DIRECTION('',(0.693156189404,-0.101934733736,-0.713543136151));
#4321 = DIRECTION('',(-0.717279380859,6.938893903907E-18,-0.696785684263
    ));
#4322 = DEFINITIONAL_REPRESENTATION('',(#4323),#4327);
#4323 = CIRCLE('',#4324,12.65);
#4324 = AXIS2_PLACEMENT_2D('',#4325,#4326);
#4325 = CARTESIAN_POINT('',(0.,0.));
#4326 = DIRECTION('',(1.,-6.938893903907E-18));
#4327 = ( GEOMETRIC_REPRESENTATION_CONTEXT(2) 
PARAMETRIC_REPRESENTATION_CONTEXT() REPRESENTATION_CONTEXT('2D SPACE',''
  ) );
#4328 = ORIENTED_EDGE('',*,*,#4329,.T.);
#4329 = EDGE_CURVE('',#4301,#3246,#4330,.T.);
#4330 = SEAM_CURVE('',#4331,(#4335,#4342),.PCURVE_S1.);
#4331 = LINE('',#4332,#4333);
#4332 = CARTESIAN_POINT('',(-3.528334652635,-0.815477869887,
    -14.52268399514));
#4333 = VECTOR('',#4334,1.);
#4334 = DIRECTION('',(0.693156189404,-0.101934733736,-0.713543136151));
#4335 = PCURVE('',#3262,#4336);
#4336 = DEFINITIONAL_REPRESENTATION('',(#4337),#4341);
#4337 = LINE('',#4338,#4339);
#4338 = CARTESIAN_POINT('',(0.,-0.));
#4339 = VECTOR('',#4340,1.);
#4340 = DIRECTION('',(0.,1.));
#4341 = ( GEOMETRIC_REPRESENTATION_CONTEXT(2) 
PARAMETRIC_REPRESENTATION_CONTEXT() REPRESENTATION_CONTEXT('2D SPACE',''
  ) );
#4342 = PCURVE('',#3262,#4343);
#4343 = DEFINITIONAL_REPRESENTATION('',(#4344),#4348);
#4344 = LINE('',#4345,#4346);
#4345 = CARTESIAN_POINT('',(6.28318530718,-0.));
#4346 = VECTOR('',#4347,1.);
#4347 = DIRECTION('',(0.,1.));
#4348 = ( GEOMETRIC_REPRESENTATION_CONTEXT(2) 
PARAMETRIC_REPRESENTATION_CONTEXT() REPRESENTATION_CONTEXT('2D SPACE',''
  ) );
#4349 = ORIENTED_EDGE('',*,*,#3245,.F.);
#4350 = ORIENTED_EDGE('',*,*,#4329,.F.);
#4351 = ORIENTED_EDGE('',*,*,#4352,.T.);
#4352 = EDGE_CURVE('',#4301,#4353,#4355,.T.);
#4353 = VERTEX_POINT('',#4354);
#4354 = CARTESIAN_POINT('',(12.481747375047,-8.,2.056327421766));
#4355 = SURFACE_CURVE('',#4356,(#4361,#4368),.PCURVE_S1.);
#4356 = CIRCLE('',#4357,12.65);
#4357 = AXIS2_PLACEMENT_3D('',#4358,#4359,#4360);
#4358 = CARTESIAN_POINT('',(5.545249515234,-0.815477869887,
    -5.708345089211));
#4359 = DIRECTION('',(0.693156189404,-0.101934733736,-0.713543136151));
#4360 = DIRECTION('',(-0.717279380859,-6.938893903907E-18,
    -0.696785684263));
#4361 = PCURVE('',#3262,#4362);
#4362 = DEFINITIONAL_REPRESENTATION('',(#4363),#4367);
#4363 = LINE('',#4364,#4365);
#4364 = CARTESIAN_POINT('',(0.,0.));
#4365 = VECTOR('',#4366,1.);
#4366 = DIRECTION('',(1.,0.));
#4367 = ( GEOMETRIC_REPRESENTATION_CONTEXT(2) 
PARAMETRIC_REPRESENTATION_CONTEXT() REPRESENTATION_CONTEXT('2D SPACE',''
  ) );
#4368 = PCURVE('',#4317,#4369);
#4369 = DEFINITIONAL_REPRESENTATION('',(#4370),#4374);
#4370 = CIRCLE('',#4371,12.65);
#4371 = AXIS2_PLACEMENT_2D('',#4372,#4373);
#4372 = CARTESIAN_POINT('',(0.,0.));
#4373 = DIRECTION('',(1.,-6.938893903907E-18));
#4374 = ( GEOMETRIC_REPRESENTATION_CONTEXT(2) 
PARAMETRIC_REPRESENTATION_CONTEXT() REPRESENTATION_CONTEXT('2D SPACE',''
  ) );
#4375 = ORIENTED_EDGE('',*,*,#4376,.F.);
#4376 = EDGE_CURVE('',#4377,#4353,#4379,.T.);
#4377 = VERTEX_POINT('',#4378);
#4378 = CARTESIAN_POINT('',(8.81433890593,-14.01246406486,
    -9.073584167869));
#4379 = SURFACE_CURVE('',#4380,(#4385,#4397),.PCURVE_S1.);
#4380 = ELLIPSE('',#4381,18.877808378334,12.65);
#4381 = AXIS2_PLACEMENT_3D('',#4382,#4383,#4384);
#4382 = CARTESIAN_POINT('',(0.,0.,0.));
#4383 = DIRECTION('',(-0.517204336752,-0.670098972639,0.53241622901));
#4384 = DIRECTION('',(0.466915371174,-0.742271760791,-0.480648176209));
#4385 = PCURVE('',#3262,#4386);
#4386 = DEFINITIONAL_REPRESENTATION('',(#4387),#4396);
#4387 = B_SPLINE_CURVE_WITH_KNOTS('',7,(#4388,#4389,#4390,#4391,#4392,
    #4393,#4394,#4395),.UNSPECIFIED.,.F.,.F.,(8,8),(0.,0.963170033789),
  .PIECEWISE_BEZIER_KNOTS.);
#4388 = CARTESIAN_POINT('',(4.712388980385,6.012464064863));
#4389 = CARTESIAN_POINT('',(4.574793261272,6.012464064863));
#4390 = CARTESIAN_POINT('',(4.43719754216,5.702956235276));
#4391 = CARTESIAN_POINT('',(4.299601823046,5.083943461565));
#4392 = CARTESIAN_POINT('',(4.162006103936,4.169770758642));
#4393 = CARTESIAN_POINT('',(4.024410384821,2.989182713344));
#4394 = CARTESIAN_POINT('',(3.886814665708,1.5829432683));
#4395 = CARTESIAN_POINT('',(3.749218946596,-6.000017265251E-07));
#4396 = ( GEOMETRIC_REPRESENTATION_CONTEXT(2) 
PARAMETRIC_REPRESENTATION_CONTEXT() REPRESENTATION_CONTEXT('2D SPACE',''
  ) );
#4397 = PCURVE('',#3795,#4398);
#4398 = DEFINITIONAL_REPRESENTATION('',(#4399),#4408);
#4399 = B_SPLINE_CURVE_WITH_KNOTS('',7,(#4400,#4401,#4402,#4403,#4404,
    #4405,#4406,#4407),.UNSPECIFIED.,.F.,.F.,(8,8),(0.,0.963170033789),
  .PIECEWISE_BEZIER_KNOTS.);
#4400 = CARTESIAN_POINT('',(0.770906424332,6.012464064863));
#4401 = CARTESIAN_POINT('',(0.908502143445,6.012464064863));
#4402 = CARTESIAN_POINT('',(1.046097862557,5.702956235276));
#4403 = CARTESIAN_POINT('',(1.18369358167,5.083943461565));
#4404 = CARTESIAN_POINT('',(1.321289300783,4.169770758642));
#4405 = CARTESIAN_POINT('',(1.458885019895,2.989182713344));
#4406 = CARTESIAN_POINT('',(1.596480739008,1.5829432683));
#4407 = CARTESIAN_POINT('',(1.734076458121,-6.000016696817E-07));
#4408 = ( GEOMETRIC_REPRESENTATION_CONTEXT(2) 
PARAMETRIC_REPRESENTATION_CONTEXT() REPRESENTATION_CONTEXT('2D SPACE',''
  ) );
#4409 = ORIENTED_EDGE('',*,*,#4410,.F.);
#4410 = EDGE_CURVE('',#4411,#4377,#4413,.T.);
#4411 = VERTEX_POINT('',#4412);
#4412 = CARTESIAN_POINT('',(0.,-10.05085154875,-12.65));
#4413 = SURFACE_CURVE('',#4414,(#4419,#4430),.PCURVE_S1.);
#4414 = ELLIPSE('',#4415,18.877808378334,12.65);
#4415 = AXIS2_PLACEMENT_3D('',#4416,#4417,#4418);
#4416 = CARTESIAN_POINT('',(0.,0.,0.));
#4417 = DIRECTION('',(-0.517204336752,-0.670098972639,0.53241622901));
#4418 = DIRECTION('',(0.466915371174,-0.742271760791,-0.480648176209));
#4419 = PCURVE('',#3262,#4420);
#4420 = DEFINITIONAL_REPRESENTATION('',(#4421),#4429);
#4421 = B_SPLINE_CURVE_WITH_KNOTS('',6,(#4422,#4423,#4424,#4425,#4426,
    #4427,#4428),.UNSPECIFIED.,.F.,.F.,(7,7),(5.512278882848,
    6.28318530718),.PIECEWISE_BEZIER_KNOTS.);
#4422 = CARTESIAN_POINT('',(5.483295404717,2.050851548757));
#4423 = CARTESIAN_POINT('',(5.354811000661,3.305332715348));
#4424 = CARTESIAN_POINT('',(5.226326596606,4.360706555313));
#4425 = CARTESIAN_POINT('',(5.09784219255,5.179704346095));
#4426 = CARTESIAN_POINT('',(4.969357788495,5.73487957569));
#4427 = CARTESIAN_POINT('',(4.84087338444,6.012464064863));
#4428 = CARTESIAN_POINT('',(4.712388980385,6.012464064863));
#4429 = ( GEOMETRIC_REPRESENTATION_CONTEXT(2) 
PARAMETRIC_REPRESENTATION_CONTEXT() REPRESENTATION_CONTEXT('2D SPACE',''
  ) );
#4430 = PCURVE('',#3795,#4431);
#4431 = DEFINITIONAL_REPRESENTATION('',(#4432),#4440);
#4432 = B_SPLINE_CURVE_WITH_KNOTS('',6,(#4433,#4434,#4435,#4436,#4437,
    #4438,#4439),.UNSPECIFIED.,.F.,.F.,(7,7),(5.512278882848,
    6.28318530718),.PIECEWISE_BEZIER_KNOTS.);
#4433 = CARTESIAN_POINT('',(8.987101796175E-15,2.050851548757));
#4434 = CARTESIAN_POINT('',(0.128484404055,3.305332715348));
#4435 = CARTESIAN_POINT('',(0.256968808111,4.360706555311));
#4436 = CARTESIAN_POINT('',(0.385453212166,5.179704346098));
#4437 = CARTESIAN_POINT('',(0.513937616221,5.734879575689));
#4438 = CARTESIAN_POINT('',(0.642422020277,6.012464064863));
#4439 = CARTESIAN_POINT('',(0.770906424332,6.012464064863));
#4440 = ( GEOMETRIC_REPRESENTATION_CONTEXT(2) 
PARAMETRIC_REPRESENTATION_CONTEXT() REPRESENTATION_CONTEXT('2D SPACE',''
  ) );
#4441 = ORIENTED_EDGE('',*,*,#4442,.F.);
#4442 = EDGE_CURVE('',#4299,#4411,#4443,.T.);
#4443 = SURFACE_CURVE('',#4444,(#4449,#4459),.PCURVE_S1.);
#4444 = ELLIPSE('',#4445,18.877808378334,12.65);
#4445 = AXIS2_PLACEMENT_3D('',#4446,#4447,#4448);
#4446 = CARTESIAN_POINT('',(0.,0.,0.));
#4447 = DIRECTION('',(-0.517204336752,-0.670098972639,0.53241622901));
#4448 = DIRECTION('',(0.466915371174,-0.742271760791,-0.480648176209));
#4449 = PCURVE('',#3262,#4450);
#4450 = DEFINITIONAL_REPRESENTATION('',(#4451),#4458);
#4451 = B_SPLINE_CURVE_WITH_KNOTS('',5,(#4452,#4453,#4454,#4455,#4456,
    #4457),.UNSPECIFIED.,.F.,.F.,(6,6),(5.320015273391,5.512278882848),
  .PIECEWISE_BEZIER_KNOTS.);
#4452 = CARTESIAN_POINT('',(5.675559014174,-6.000017265251E-07));
#4453 = CARTESIAN_POINT('',(5.637106292282,0.442371450016));
#4454 = CARTESIAN_POINT('',(5.598653570391,0.869957396673));
#4455 = CARTESIAN_POINT('',(5.560200848499,1.281394449178));
#4456 = CARTESIAN_POINT('',(5.521748126608,1.675411309363));
#4457 = CARTESIAN_POINT('',(5.483295404717,2.050851548757));
#4458 = ( GEOMETRIC_REPRESENTATION_CONTEXT(2) 
PARAMETRIC_REPRESENTATION_CONTEXT() REPRESENTATION_CONTEXT('2D SPACE',''
  ) );
#4459 = PCURVE('',#3795,#4460);
#4460 = DEFINITIONAL_REPRESENTATION('',(#4461),#4468);
#4461 = B_SPLINE_CURVE_WITH_KNOTS('',5,(#4462,#4463,#4464,#4465,#4466,
    #4467),.UNSPECIFIED.,.F.,.F.,(6,6),(5.320015273391,5.512278882848),
  .PIECEWISE_BEZIER_KNOTS.);
#4462 = CARTESIAN_POINT('',(6.090921697723,-6.000017833685E-07));
#4463 = CARTESIAN_POINT('',(6.129374419614,0.442371450016));
#4464 = CARTESIAN_POINT('',(6.167827141505,0.869957396674));
#4465 = CARTESIAN_POINT('',(6.206279863397,1.281394449177));
#4466 = CARTESIAN_POINT('',(6.244732585288,1.675411309363));
#4467 = CARTESIAN_POINT('',(6.28318530718,2.050851548757));
#4468 = ( GEOMETRIC_REPRESENTATION_CONTEXT(2) 
PARAMETRIC_REPRESENTATION_CONTEXT() REPRESENTATION_CONTEXT('2D SPACE',''
  ) );
#4469 = FACE_BOUND('',#4470,.F.);
#4470 = EDGE_LOOP('',(#4471,#4505,#4656,#4688));
#4471 = ORIENTED_EDGE('',*,*,#4472,.F.);
#4472 = EDGE_CURVE('',#4473,#4475,#4477,.T.);
#4473 = VERTEX_POINT('',#4474);
#4474 = CARTESIAN_POINT('',(30.573438343281,4.240577955389,
    -16.99489011763));
#4475 = VERTEX_POINT('',#4476);
#4476 = CARTESIAN_POINT('',(26.740397880372,4.719708013252,
    -12.9509086597));
#4477 = SURFACE_CURVE('',#4478,(#4483,#4493),.PCURVE_S1.);
#4478 = ELLIPSE('',#4479,833.76520101085,12.65);
#4479 = AXIS2_PLACEMENT_3D('',#4480,#4481,#4482);
#4480 = CARTESIAN_POINT('',(-365.4890179228,53.748384988657,
    376.2386949206));
#4481 = DIRECTION('',(-0.124034734589,-0.992277876714,0.));
#4482 = DIRECTION('',(0.695118071933,-8.688975899162E-02,-0.713625276917
    ));
#4483 = PCURVE('',#3262,#4484);
#4484 = DEFINITIONAL_REPRESENTATION('',(#4485),#4492);
#4485 = B_SPLINE_CURVE_WITH_KNOTS('',5,(#4486,#4487,#4488,#4489,#4490,
    #4491),.UNSPECIFIED.,.F.,.F.,(6,6),(0.832128331027,0.84505172503),
  .PIECEWISE_BEZIER_KNOTS.);
#4486 = CARTESIAN_POINT('',(2.492020284302,26.030213140663));
#4487 = CARTESIAN_POINT('',(2.494604963103,24.43705141817));
#4488 = CARTESIAN_POINT('',(2.497189641904,22.839202339776));
#4489 = CARTESIAN_POINT('',(2.499774320704,21.236688078856));
#4490 = CARTESIAN_POINT('',(2.502358999505,19.629530939259));
#4491 = CARTESIAN_POINT('',(2.504943678305,18.017753353454));
#4492 = ( GEOMETRIC_REPRESENTATION_CONTEXT(2) 
PARAMETRIC_REPRESENTATION_CONTEXT() REPRESENTATION_CONTEXT('2D SPACE',''
  ) );
#4493 = PCURVE('',#4494,#4499);
#4494 = PLANE('',#4495);
#4495 = AXIS2_PLACEMENT_3D('',#4496,#4497,#4498);
#4496 = CARTESIAN_POINT('',(29.436722321158,4.382667458154,
    -14.22222222222));
#4497 = DIRECTION('',(-0.124034734589,-0.992277876714,0.));
#4498 = DIRECTION('',(-0.992277876714,0.124034734589,0.));
#4499 = DEFINITIONAL_REPRESENTATION('',(#4500),#4504);
#4500 = ELLIPSE('',#4501,833.76520101085,12.65);
#4501 = AXIS2_PLACEMENT_2D('',#4502,#4503);
#4502 = CARTESIAN_POINT('',(397.99913866061,-390.4609171428));
#4503 = DIRECTION('',(-0.700527632678,0.713625276917));
#4504 = ( GEOMETRIC_REPRESENTATION_CONTEXT(2) 
PARAMETRIC_REPRESENTATION_CONTEXT() REPRESENTATION_CONTEXT('2D SPACE',''
  ) );
#4505 = ORIENTED_EDGE('',*,*,#4506,.T.);
#4506 = EDGE_CURVE('',#4473,#4507,#4509,.T.);
#4507 = VERTEX_POINT('',#4508);
#4508 = CARTESIAN_POINT('',(29.312201865813,-11.72628298152,
    -16.56448830193));
#4509 = SURFACE_CURVE('',#4510,(#4555,#4603),.PCURVE_S1.);
#4510 = B_SPLINE_CURVE_WITH_KNOTS('',8,(#4511,#4512,#4513,#4514,#4515,
    #4516,#4517,#4518,#4519,#4520,#4521,#4522,#4523,#4524,#4525,#4526,
    #4527,#4528,#4529,#4530,#4531,#4532,#4533,#4534,#4535,#4536,#4537,
    #4538,#4539,#4540,#4541,#4542,#4543,#4544,#4545,#4546,#4547,#4548,
    #4549,#4550,#4551,#4552,#4553,#4554),.UNSPECIFIED.,.F.,.F.,(9,7,7,7,
    7,7,9),(0.,8.588499907767E-02,0.316178196889,0.536925770541,
    0.642133088851,0.757081034135,1.),.UNSPECIFIED.);
#4511 = CARTESIAN_POINT('',(30.573437882239,4.240578617688,
    -16.99489034058));
#4512 = CARTESIAN_POINT('',(30.683011450001,4.083174086471,
    -16.94190185218));
#4513 = CARTESIAN_POINT('',(30.785502519957,3.92310137143,
    -16.88374321219));
#4514 = CARTESIAN_POINT('',(30.88102128586,3.760750460906,
    -16.82123270539));
#4515 = CARTESIAN_POINT('',(30.969722951696,3.596492170072,
    -16.75510771072));
#4516 = CARTESIAN_POINT('',(31.051798745994,3.430681561483,
    -16.68603577961));
#4517 = CARTESIAN_POINT('',(31.127468166542,3.263661678806,
    -16.61462397126));
#4518 = CARTESIAN_POINT('',(31.196972455496,3.095767593713,
    -16.54142644475));
#4519 = CARTESIAN_POINT('',(31.431098756769,2.47568197847,
    -16.26724898797));
#4520 = CARTESIAN_POINT('',(31.55998117919,2.01793999197,-16.05738595147
    ));
#4521 = CARTESIAN_POINT('',(31.652620291057,1.557373451297,
    -15.84563273321));
#4522 = CARTESIAN_POINT('',(31.714274873848,1.096127317403,
    -15.63743762426));
#4523 = CARTESIAN_POINT('',(31.749771039718,0.635290540752,
    -15.43666360216));
#4524 = CARTESIAN_POINT('',(31.763381795945,0.174856338262,
    -15.24608593409));
#4525 = CARTESIAN_POINT('',(31.758790628881,-0.28659694984,
    -15.06776943648));
#4526 = CARTESIAN_POINT('',(31.720139037134,-1.199437007224,
    -14.74691179879));
#4527 = CARTESIAN_POINT('',(31.687212914509,-1.652700644264,
    -14.60240287543));
#4528 = CARTESIAN_POINT('',(31.643014447663,-2.108997459006,
    -14.4749877008));
#4529 = CARTESIAN_POINT('',(31.591049431655,-2.56630863614,
    -14.36840932789));
#4530 = CARTESIAN_POINT('',(31.534787437405,-3.024031931414,
    -14.28563763647));
#4531 = CARTESIAN_POINT('',(31.476984616898,-3.483077885715,
    -14.22892882908));
#4532 = CARTESIAN_POINT('',(31.418949521407,-3.945621861569,
    -14.19995393801));
#4533 = CARTESIAN_POINT('',(31.332457443245,-4.63755848687,
    -14.19995393801));
#4534 = CARTESIAN_POINT('',(31.304633363017,-4.860544920249,
    -14.20653525131));
#4535 = CARTESIAN_POINT('',(31.276897582045,-5.083216443587,
    -14.21965426611));
#4536 = CARTESIAN_POINT('',(31.249168429791,-5.30556768211,
    -14.23920276971));
#4537 = CARTESIAN_POINT('',(31.221293504993,-5.527524761104,
    -14.26500430779));
#4538 = CARTESIAN_POINT('',(31.193066257433,-5.74891607952,
    -14.29680776559));
#4539 = CARTESIAN_POINT('',(31.164252577191,-5.969444365803,
    -14.33427817113));
#4540 = CARTESIAN_POINT('',(31.102259355635,-6.428171762534,
    -14.42364525836));
#4541 = CARTESIAN_POINT('',(31.068887414206,-6.666376544495,
    -14.47660698758));
#4542 = CARTESIAN_POINT('',(31.034122306931,-6.903363719433,
    -14.5354644137));
#4543 = CARTESIAN_POINT('',(30.997545309611,-7.139150186179,
    -14.59980311876));
#4544 = CARTESIAN_POINT('',(30.958727690095,-7.373698712544,
    -14.66920605467));
#4545 = CARTESIAN_POINT('',(30.917241532445,-7.606935799483,
    -14.74325895847));
#4546 = CARTESIAN_POINT('',(30.872661929181,-7.838769081687,
    -14.82155488936));
#4547 = CARTESIAN_POINT('',(30.722908099725,-8.555870550863,
    -15.07729030867));
#4548 = CARTESIAN_POINT('',(30.606302141477,-9.032233663154,
    -15.26673896008));
#4549 = CARTESIAN_POINT('',(30.470034771547,-9.502686564992,
    -15.46971075345));
#4550 = CARTESIAN_POINT('',(30.309297781558,-9.968104086064,
    -15.6841785577));
#4551 = CARTESIAN_POINT('',(30.118860774632,-10.42717020303,
    -15.90698414593));
#4552 = CARTESIAN_POINT('',(29.893070425816,-10.87675357609,
    -16.13342189324));
#4553 = CARTESIAN_POINT('',(29.626033978526,-11.31198416396,
    -16.35639394383));
#4554 = CARTESIAN_POINT('',(29.312201447395,-11.72628353389,
    -16.56448857937));
#4555 = PCURVE('',#3262,#4556);
#4556 = DEFINITIONAL_REPRESENTATION('',(#4557),#4602);
#4557 = B_SPLINE_CURVE_WITH_KNOTS('',8,(#4558,#4559,#4560,#4561,#4562,
    #4563,#4564,#4565,#4566,#4567,#4568,#4569,#4570,#4571,#4572,#4573,
    #4574,#4575,#4576,#4577,#4578,#4579,#4580,#4581,#4582,#4583,#4584,
    #4585,#4586,#4587,#4588,#4589,#4590,#4591,#4592,#4593,#4594,#4595,
    #4596,#4597,#4598,#4599,#4600,#4601),.UNSPECIFIED.,.F.,.F.,(9,7,7,7,
    7,7,9),(0.,8.588499907767E-02,0.316178196889,0.536925770541,
    0.642133088851,0.757081034135,1.),.UNSPECIFIED.);
#4558 = CARTESIAN_POINT('',(2.493874180229,24.886492799333));
#4559 = CARTESIAN_POINT('',(2.509008773657,24.940679812804));
#4560 = CARTESIAN_POINT('',(2.524295757645,24.986540403517));
#4561 = CARTESIAN_POINT('',(2.539688269342,25.024695081079));
#4562 = CARTESIAN_POINT('',(2.555145489994,25.055739778825));
#4563 = CARTESIAN_POINT('',(2.57063142483,25.080247181538));
#4564 = CARTESIAN_POINT('',(2.586113820709,25.098767630323));
#4565 = CARTESIAN_POINT('',(2.60156322155,25.111829604631));
#4566 = CARTESIAN_POINT('',(2.65821627323,25.141686519173));
#4567 = CARTESIAN_POINT('',(2.699245757437,25.127935646266));
#4568 = CARTESIAN_POINT('',(2.739783295754,25.088001692284));
#4569 = CARTESIAN_POINT('',(2.779729784749,25.029198758828));
#4570 = CARTESIAN_POINT('',(2.819083205356,24.957517494633));
#4571 = CARTESIAN_POINT('',(2.857923452478,24.87790072543));
#4572 = CARTESIAN_POINT('',(2.896435758787,24.794519934687));
#4573 = CARTESIAN_POINT('',(2.971897888042,24.631832687776));
#4574 = CARTESIAN_POINT('',(3.009032577029,24.552099699866));
#4575 = CARTESIAN_POINT('',(3.046118441739,24.477059530027));
#4576 = CARTESIAN_POINT('',(3.083038388372,24.41160728417));
#4577 = CARTESIAN_POINT('',(3.119789738688,24.360205664574));
#4578 = CARTESIAN_POINT('',(3.156488444327,24.326467828626));
#4579 = CARTESIAN_POINT('',(3.193360606068,24.312714905357));
#4580 = CARTESIAN_POINT('',(3.248478484581,24.323294761707));
#4581 = CARTESIAN_POINT('',(3.266234844306,24.331434441933));
#4582 = CARTESIAN_POINT('',(3.283968600745,24.34426815909));
#4583 = CARTESIAN_POINT('',(3.301688698437,24.361661540439));
#4584 = CARTESIAN_POINT('',(3.319399553729,24.383375509929));
#4585 = CARTESIAN_POINT('',(3.337098588241,24.409070222687));
#4586 = CARTESIAN_POINT('',(3.354773527024,24.438314084714));
#4587 = CARTESIAN_POINT('',(3.391657294179,24.505870626224));
#4588 = CARTESIAN_POINT('',(3.410877530795,24.544810477856));
#4589 = CARTESIAN_POINT('',(3.430082228421,24.586867365568));
#4590 = CARTESIAN_POINT('',(3.449288241093,24.63145706558));
#4591 = CARTESIAN_POINT('',(3.468508477895,24.677981022485));
#4592 = CARTESIAN_POINT('',(3.487753237296,24.725839537109));
#4593 = CARTESIAN_POINT('',(3.507031617651,24.77443829715));
#4594 = CARTESIAN_POINT('',(3.567184800835,24.926211303817));
#4595 = CARTESIAN_POINT('',(3.607897249759,25.029122894016));
#4596 = CARTESIAN_POINT('',(3.649010501091,25.127452944416));
#4597 = CARTESIAN_POINT('',(3.690785992771,25.216511345674));
#4598 = CARTESIAN_POINT('',(3.733343175802,25.290284936209));
#4599 = CARTESIAN_POINT('',(3.776676073908,25.341178220203));
#4600 = CARTESIAN_POINT('',(3.820641381816,25.359545544303));
#4601 = CARTESIAN_POINT('',(3.864847926579,25.332726577737));
#4602 = ( GEOMETRIC_REPRESENTATION_CONTEXT(2) 
PARAMETRIC_REPRESENTATION_CONTEXT() REPRESENTATION_CONTEXT('2D SPACE',''
  ) );
#4603 = PCURVE('',#4604,#4609);
#4604 = CYLINDRICAL_SURFACE('',#4605,3.);
#4605 = AXIS2_PLACEMENT_3D('',#4606,#4607,#4608);
#4606 = CARTESIAN_POINT('',(29.436722321158,4.382667458154,
    -14.22222222222));
#4607 = DIRECTION('',(-0.124034734589,-0.992277876714,0.));
#4608 = DIRECTION('',(-0.992277876714,0.124034734589,0.));
#4609 = DEFINITIONAL_REPRESENTATION('',(#4610),#4655);
#4610 = B_SPLINE_CURVE_WITH_KNOTS('',8,(#4611,#4612,#4613,#4614,#4615,
    #4616,#4617,#4618,#4619,#4620,#4621,#4622,#4623,#4624,#4625,#4626,
    #4627,#4628,#4629,#4630,#4631,#4632,#4633,#4634,#4635,#4636,#4637,
    #4638,#4639,#4640,#4641,#4642,#4643,#4644,#4645,#4646,#4647,#4648,
    #4649,#4650,#4651,#4652,#4653,#4654),.UNSPECIFIED.,.F.,.F.,(9,7,7,7,
    7,7,9),(0.,8.588499907767E-02,0.316178196889,0.536925770541,
    0.642133088851,0.757081034135,1.),.UNSPECIFIED.);
#4611 = CARTESIAN_POINT('',(1.962597679683,-6.E-07));
#4612 = CARTESIAN_POINT('',(2.008853145877,0.142597505625));
#4613 = CARTESIAN_POINT('',(2.053703597364,0.288721666767));
#4614 = CARTESIAN_POINT('',(2.097214308867,0.437971238767));
#4615 = CARTESIAN_POINT('',(2.139437321171,0.589959019248));
#4616 = CARTESIAN_POINT('',(2.180414721086,0.744308968514));
#4617 = CARTESIAN_POINT('',(2.220180839224,0.900653466572));
#4618 = CARTESIAN_POINT('',(2.258763365581,1.058630106807));
#4619 = CARTESIAN_POINT('',(2.39652192341,1.644887550843));
#4620 = CARTESIAN_POINT('',(2.488990100407,2.083108900231));
#4621 = CARTESIAN_POINT('',(2.574527084647,2.528628421641));
#4622 = CARTESIAN_POINT('',(2.653709968874,2.978665446213));
#4623 = CARTESIAN_POINT('',(2.726915793147,3.431540826948));
#4624 = CARTESIAN_POINT('',(2.794400541898,3.886731293223));
#4625 = CARTESIAN_POINT('',(2.856273952876,4.345190646333));
#4626 = CARTESIAN_POINT('',(2.966099700512,5.255775780176));
#4627 = CARTESIAN_POINT('',(3.014792904357,5.709623242411));
#4628 = CARTESIAN_POINT('',(3.057355048575,6.167878621999));
#4629 = CARTESIAN_POINT('',(3.09286547501,6.628103852812));
#4630 = CARTESIAN_POINT('',(3.120453628219,7.089270993892));
#4631 = CARTESIAN_POINT('',(3.139356892272,7.55194169624));
#4632 = CARTESIAN_POINT('',(3.149015483158,8.018112218153));
#4633 = CARTESIAN_POINT('',(3.149015483158,8.715433645487));
#4634 = CARTESIAN_POINT('',(3.146821691045,8.940149302542));
#4635 = CARTESIAN_POINT('',(3.142448469568,9.164541529156));
#4636 = CARTESIAN_POINT('',(3.135932361312,9.388615122042));
#4637 = CARTESIAN_POINT('',(3.127332501979,9.612315680007));
#4638 = CARTESIAN_POINT('',(3.116731494212,9.835498546527));
#4639 = CARTESIAN_POINT('',(3.104236741964,10.057897783377));
#4640 = CARTESIAN_POINT('',(3.07440799527,10.520772143377));
#4641 = CARTESIAN_POINT('',(3.056716209083,10.761276758542));
#4642 = CARTESIAN_POINT('',(3.037029741562,11.000745970151));
#4643 = CARTESIAN_POINT('',(3.015467004123,11.239248482887));
#4644 = CARTESIAN_POINT('',(2.992137559305,11.476800529749));
#4645 = CARTESIAN_POINT('',(2.967138227101,11.713382255701));
#4646 = CARTESIAN_POINT('',(2.940549703183,11.948954711977));
#4647 = CARTESIAN_POINT('',(2.85301624518,12.67909331169));
#4648 = CARTESIAN_POINT('',(2.787230065495,13.166241078379));
#4649 = CARTESIAN_POINT('',(2.715203351701,13.649962971979));
#4650 = CARTESIAN_POINT('',(2.63662629652,14.131723451451));
#4651 = CARTESIAN_POINT('',(2.551124005191,14.610865406899));
#4652 = CARTESIAN_POINT('',(2.458082844496,15.084982887696));
#4653 = CARTESIAN_POINT('',(2.356731516214,15.549974366178));
#4654 = CARTESIAN_POINT('',(2.245718708276,16.0000006));
#4655 = ( GEOMETRIC_REPRESENTATION_CONTEXT(2) 
PARAMETRIC_REPRESENTATION_CONTEXT() REPRESENTATION_CONTEXT('2D SPACE',''
  ) );
#4656 = ORIENTED_EDGE('',*,*,#4657,.T.);
#4657 = EDGE_CURVE('',#4507,#4658,#4660,.T.);
#4658 = VERTEX_POINT('',#4659);
#4659 = CARTESIAN_POINT('',(25.120560352968,-11.20232779241,
    -12.35710321691));
#4660 = SURFACE_CURVE('',#4661,(#4666,#4676),.PCURVE_S1.);
#4661 = ELLIPSE('',#4662,833.76520101085,12.65);
#4662 = AXIS2_PLACEMENT_3D('',#4663,#4664,#4665);
#4663 = CARTESIAN_POINT('',(365.48901792286,-53.74838498865,
    -376.2386949205));
#4664 = DIRECTION('',(-0.124034734589,-0.992277876714,0.));
#4665 = DIRECTION('',(0.695118071933,-8.688975899162E-02,-0.713625276917
    ));
#4666 = PCURVE('',#3262,#4667);
#4667 = DEFINITIONAL_REPRESENTATION('',(#4668),#4675);
#4668 = B_SPLINE_CURVE_WITH_KNOTS('',5,(#4669,#4670,#4671,#4672,#4673,
    #4674),.UNSPECIFIED.,.F.,.F.,(6,6),(2.202305466454,2.216508074407),
  .PIECEWISE_BEZIER_KNOTS.);
#4669 = CARTESIAN_POINT('',(3.862197419729,27.114444284895));
#4670 = CARTESIAN_POINT('',(3.86503794132,25.203097958653));
#4671 = CARTESIAN_POINT('',(3.867878462911,23.296715491949));
#4672 = CARTESIAN_POINT('',(3.870718984501,21.395329013577));
#4673 = CARTESIAN_POINT('',(3.873559506092,19.498970485434));
#4674 = CARTESIAN_POINT('',(3.876400027683,17.607671699323));
#4675 = ( GEOMETRIC_REPRESENTATION_CONTEXT(2) 
PARAMETRIC_REPRESENTATION_CONTEXT() REPRESENTATION_CONTEXT('2D SPACE',''
  ) );
#4676 = PCURVE('',#4677,#4682);
#4677 = PLANE('',#4678);
#4678 = AXIS2_PLACEMENT_3D('',#4679,#4680,#4681);
#4679 = CARTESIAN_POINT('',(27.452166567731,-11.49377856926,
    -14.22222222222));
#4680 = DIRECTION('',(-0.124034734589,-0.992277876714,0.));
#4681 = DIRECTION('',(-0.992277876714,0.124034734589,0.));
#4682 = DEFINITIONAL_REPRESENTATION('',(#4683),#4687);
#4683 = ELLIPSE('',#4684,833.76520101085,12.65);
#4684 = AXIS2_PLACEMENT_2D('',#4685,#4686);
#4685 = CARTESIAN_POINT('',(-340.667528006,362.01647269837));
#4686 = DIRECTION('',(-0.700527632678,0.713625276917));
#4687 = ( GEOMETRIC_REPRESENTATION_CONTEXT(2) 
PARAMETRIC_REPRESENTATION_CONTEXT() REPRESENTATION_CONTEXT('2D SPACE',''
  ) );
#4688 = ORIENTED_EDGE('',*,*,#4689,.T.);
#4689 = EDGE_CURVE('',#4658,#4475,#4690,.T.);
#4690 = SURFACE_CURVE('',#4691,(#4736,#4784),.PCURVE_S1.);
#4691 = B_SPLINE_CURVE_WITH_KNOTS('',8,(#4692,#4693,#4694,#4695,#4696,
    #4697,#4698,#4699,#4700,#4701,#4702,#4703,#4704,#4705,#4706,#4707,
    #4708,#4709,#4710,#4711,#4712,#4713,#4714,#4715,#4716,#4717,#4718,
    #4719,#4720,#4721,#4722,#4723,#4724,#4725,#4726,#4727,#4728,#4729,
    #4730,#4731,#4732,#4733,#4734,#4735),.UNSPECIFIED.,.F.,.F.,(9,7,7,7,
    7,7,9),(0.,0.250647491853,0.471517714049,0.577588503147,
    0.692104437462,0.918838701745,1.),.UNSPECIFIED.);
#4692 = CARTESIAN_POINT('',(25.120559999481,-11.2023283529,
    -12.35710357123));
#4693 = CARTESIAN_POINT('',(25.389087809218,-10.77655406251,
    -12.08794700998));
#4694 = CARTESIAN_POINT('',(25.676160988691,-10.33705331666,
    -11.87010892357));
#4695 = CARTESIAN_POINT('',(25.968829419842,-9.888099526723,
    -11.69715580081));
#4696 = CARTESIAN_POINT('',(26.258914518531,-9.432903549689,
    -11.56241795053));
#4697 = CARTESIAN_POINT('',(26.540916125638,-8.973395489497,
    -11.45962295626));
#4698 = CARTESIAN_POINT('',(26.811175379071,-8.510041861579,
    -11.38309430117));
#4699 = CARTESIAN_POINT('',(27.067496704031,-8.041361759954,
    -11.3278151839));
#4700 = CARTESIAN_POINT('',(27.519712347837,-7.140002243025,
    -11.25534914831));
#4701 = CARTESIAN_POINT('',(27.719892102642,-6.708215995563,
    -11.23430070556));
#4702 = CARTESIAN_POINT('',(27.903524478174,-6.269982758704,
    -11.2237686271));
#4703 = CARTESIAN_POINT('',(28.06670209179,-5.827199749291,
    -11.22046577968));
#4704 = CARTESIAN_POINT('',(28.206433261598,-5.380485143273,
    -11.22098784978));
#4705 = CARTESIAN_POINT('',(28.320593886904,-4.928987889927,
    -11.22244372171));
#4706 = CARTESIAN_POINT('',(28.407774697094,-4.470504108515,
    -11.22321300407));
#4707 = CARTESIAN_POINT('',(28.495480820026,-3.777448665051,
    -11.22324066237));
#4708 = CARTESIAN_POINT('',(28.517272896023,-3.552106350633,
    -11.2230765532));
#4709 = CARTESIAN_POINT('',(28.532444940662,-3.326250221193,
    -11.22273728247));
#4710 = CARTESIAN_POINT('',(28.541101616656,-3.099893667277,
    -11.22230575288));
#4711 = CARTESIAN_POINT('',(28.5434092986,-2.87311897751,-11.22194753014
    ));
#4712 = CARTESIAN_POINT('',(28.539599001971,-2.646110905757,
    -11.22189780514));
#4713 = CARTESIAN_POINT('',(28.529972448613,-2.419190567438,
    -11.22243763701));
#4714 = CARTESIAN_POINT('',(28.498650947614,-1.948487950138,
    -11.2253945211));
#4715 = CARTESIAN_POINT('',(28.476035785149,-1.704494397437,
    -11.22795958387));
#4716 = CARTESIAN_POINT('',(28.447471423441,-1.460786177888,
    -11.23193153004));
#4717 = CARTESIAN_POINT('',(28.413363693585,-1.217348091465,
    -11.23772490882));
#4718 = CARTESIAN_POINT('',(28.374114756362,-0.974216468865,
    -11.24577070704));
#4719 = CARTESIAN_POINT('',(28.330119981372,-0.731462575524,
    -11.2565034732));
#4720 = CARTESIAN_POINT('',(28.28176556457,-0.489175517876,
    -11.27035681247));
#4721 = CARTESIAN_POINT('',(28.125799626996,0.231167083589,
    -11.32223881608));
#4722 = CARTESIAN_POINT('',(28.007141419572,0.704884721771,
    -11.37045955619));
#4723 = CARTESIAN_POINT('',(27.875822229904,1.176986648849,
    -11.43582360698));
#4724 = CARTESIAN_POINT('',(27.733693176651,1.648408256225,
    -11.52209913382));
#4725 = CARTESIAN_POINT('',(27.583118220276,2.118469133388,
    -11.63355273119));
#4726 = CARTESIAN_POINT('',(27.427352598767,2.58509436449,
    -11.77494265379));
#4727 = CARTESIAN_POINT('',(27.271107878109,3.044795895895,
    -11.95143573405));
#4728 = CARTESIAN_POINT('',(27.068286186846,3.652751707699,
    -12.24598809203));
#4729 = CARTESIAN_POINT('',(27.015592438,3.811808034892,-12.32897408511)
  );
#4730 = CARTESIAN_POINT('',(26.964050400717,3.969307460718,
    -12.41752962313));
#4731 = CARTESIAN_POINT('',(26.914085564077,4.124878370469,
    -12.51187366845));
#4732 = CARTESIAN_POINT('',(26.866172764793,4.278130036589,
    -12.61221164438));
#4733 = CARTESIAN_POINT('',(26.820843367925,4.428649347158,
    -12.71872952185));
#4734 = CARTESIAN_POINT('',(26.778694125594,4.575997782335,
    -12.83158691407));
#4735 = CARTESIAN_POINT('',(26.740397713688,4.719708638757,
    -12.95090917905));
#4736 = PCURVE('',#3262,#4737);
#4737 = DEFINITIONAL_REPRESENTATION('',(#4738),#4783);
#4738 = B_SPLINE_CURVE_WITH_KNOTS('',8,(#4739,#4740,#4741,#4742,#4743,
    #4744,#4745,#4746,#4747,#4748,#4749,#4750,#4751,#4752,#4753,#4754,
    #4755,#4756,#4757,#4758,#4759,#4760,#4761,#4762,#4763,#4764,#4765,
    #4766,#4767,#4768,#4769,#4770,#4771,#4772,#4773,#4774,#4775,#4776,
    #4777,#4778,#4779,#4780,#4781,#4782),.UNSPECIFIED.,.F.,.F.,(9,7,7,7,
    7,7,9),(0.,0.250647491853,0.471517714049,0.577588503147,
    0.692104437462,0.918838701745,1.),.UNSPECIFIED.);
#4739 = CARTESIAN_POINT('',(3.873753340895,19.37170443878));
#4740 = CARTESIAN_POINT('',(3.828797958334,19.322380146379));
#4741 = CARTESIAN_POINT('',(3.783928362094,19.321129434689));
#4742 = CARTESIAN_POINT('',(3.73959181059,19.354820870519));
#4743 = CARTESIAN_POINT('',(3.695966889588,19.413353603171));
#4744 = CARTESIAN_POINT('',(3.653090303394,19.488636268199));
#4745 = CARTESIAN_POINT('',(3.610870684823,19.574129817218));
#4746 = CARTESIAN_POINT('',(3.569071045928,19.664581714019));
#4747 = CARTESIAN_POINT('',(3.490283186493,19.834450301812));
#4748 = CARTESIAN_POINT('',(3.453187039381,19.914173149833));
#4749 = CARTESIAN_POINT('',(3.416145044737,19.989272786896));
#4750 = CARTESIAN_POINT('',(3.379268754445,20.054888667478));
#4751 = CARTESIAN_POINT('',(3.342557805602,20.106580977797));
#4752 = CARTESIAN_POINT('',(3.305894972519,20.140727696931));
#4753 = CARTESIAN_POINT('',(3.26905322678,20.154971109081));
#4754 = CARTESIAN_POINT('',(3.213834744409,20.145138464335));
#4755 = CARTESIAN_POINT('',(3.195952907303,20.1371564689));
#4756 = CARTESIAN_POINT('',(3.178093002923,20.124408396832));
#4757 = CARTESIAN_POINT('',(3.160246308829,20.107027315347));
#4758 = CARTESIAN_POINT('',(3.142408741742,20.085255074373));
#4759 = CARTESIAN_POINT('',(3.124583478294,20.059438455401));
#4760 = CARTESIAN_POINT('',(3.106783819738,20.030019879413));
#4761 = CARTESIAN_POINT('',(3.069875759326,19.962438105522));
#4762 = CARTESIAN_POINT('',(3.050751904052,19.923721130786));
#4763 = CARTESIAN_POINT('',(3.03164319369,19.881913389133));
#4764 = CARTESIAN_POINT('',(3.012533204636,19.837590434221));
#4765 = CARTESIAN_POINT('',(2.99340939529,19.791342257335));
#4766 = CARTESIAN_POINT('',(2.974261798774,19.743760244895));
#4767 = CARTESIAN_POINT('',(2.955081643891,19.695430570044));
#4768 = CARTESIAN_POINT('',(2.897802082785,19.550913931368));
#4769 = CARTESIAN_POINT('',(2.859797016363,19.454784557279));
#4770 = CARTESIAN_POINT('',(2.821465379361,19.362276333728));
#4771 = CARTESIAN_POINT('',(2.782599617178,19.277265774743));
#4772 = CARTESIAN_POINT('',(2.743095389287,19.204505230812));
#4773 = CARTESIAN_POINT('',(2.702938307527,19.149857816273));
#4774 = CARTESIAN_POINT('',(2.662210375579,19.120631693884));
#4775 = CARTESIAN_POINT('',(2.60645532883,19.12824858271));
#4776 = CARTESIAN_POINT('',(2.591685083792,19.134724305952));
#4777 = CARTESIAN_POINT('',(2.576862605657,19.146131158084));
#4778 = CARTESIAN_POINT('',(2.562011043074,19.16295818903));
#4779 = CARTESIAN_POINT('',(2.547156371964,19.185720941893));
#4780 = CARTESIAN_POINT('',(2.532328178236,19.214962544396));
#4781 = CARTESIAN_POINT('',(2.51756056803,19.251255230271));
#4782 = CARTESIAN_POINT('',(2.502893205501,19.295202290606));
#4783 = ( GEOMETRIC_REPRESENTATION_CONTEXT(2) 
PARAMETRIC_REPRESENTATION_CONTEXT() REPRESENTATION_CONTEXT('2D SPACE',''
  ) );
#4784 = PCURVE('',#4604,#4785);
#4785 = DEFINITIONAL_REPRESENTATION('',(#4786),#4831);
#4786 = B_SPLINE_CURVE_WITH_KNOTS('',8,(#4787,#4788,#4789,#4790,#4791,
    #4792,#4793,#4794,#4795,#4796,#4797,#4798,#4799,#4800,#4801,#4802,
    #4803,#4804,#4805,#4806,#4807,#4808,#4809,#4810,#4811,#4812,#4813,
    #4814,#4815,#4816,#4817,#4818,#4819,#4820,#4821,#4822,#4823,#4824,
    #4825,#4826,#4827,#4828,#4829,#4830),.UNSPECIFIED.,.F.,.F.,(9,7,7,7,
    7,7,9),(0.,0.250647491853,0.471517714049,0.577588503147,
    0.692104437462,0.918838701745,1.),.UNSPECIFIED.);
#4787 = CARTESIAN_POINT('',(5.612266102671,16.0000006));
#4788 = CARTESIAN_POINT('',(5.497719286216,15.544207415568));
#4789 = CARTESIAN_POINT('',(5.393109862,15.072493503032));
#4790 = CARTESIAN_POINT('',(5.297023465011,14.590705538423));
#4791 = CARTESIAN_POINT('',(5.208685456857,14.103044012629));
#4792 = CARTESIAN_POINT('',(5.127496533431,13.612106335828));
#4793 = CARTESIAN_POINT('',(5.053124212349,13.118809246985));
#4794 = CARTESIAN_POINT('',(4.985308425519,12.621955603375));
#4795 = CARTESIAN_POINT('',(4.870432212205,11.671466048404));
#4796 = CARTESIAN_POINT('',(4.821678924181,11.218184864822));
#4797 = CARTESIAN_POINT('',(4.779036780844,10.760558926081));
#4798 = CARTESIAN_POINT('',(4.743412164932,10.300955449667));
#4799 = CARTESIAN_POINT('',(4.715668359395,9.840358910343));
#4800 = CARTESIAN_POINT('',(4.696569787378,9.378188291594));
#4801 = CARTESIAN_POINT('',(4.686686544024,8.912431529813));
#4802 = CARTESIAN_POINT('',(4.686331125279,8.213849340248));
#4803 = CARTESIAN_POINT('',(4.688440622179,7.987544172601));
#4804 = CARTESIAN_POINT('',(4.692761906203,7.761550271508));
#4805 = CARTESIAN_POINT('',(4.699258825059,7.535867942299));
#4806 = CARTESIAN_POINT('',(4.707871587181,7.310558201926));
#4807 = CARTESIAN_POINT('',(4.718515776499,7.085775723622));
#4808 = CARTESIAN_POINT('',(4.731080888643,6.861801719122));
#4809 = CARTESIAN_POINT('',(4.760918207979,6.398618879528));
#4810 = CARTESIAN_POINT('',(4.778504947644,6.159314540795));
#4811 = CARTESIAN_POINT('',(4.798067677362,5.921031239187));
#4812 = CARTESIAN_POINT('',(4.819489628569,5.6837035549));
#4813 = CARTESIAN_POINT('',(4.842662538766,5.447317656176));
#4814 = CARTESIAN_POINT('',(4.867490487365,5.211895218567));
#4815 = CARTESIAN_POINT('',(4.893893222989,4.977476758703));
#4816 = CARTESIAN_POINT('',(4.977080409462,4.282041925286));
#4817 = CARTESIAN_POINT('',(5.037969829465,3.826700132372));
#4818 = CARTESIAN_POINT('',(5.104334575452,3.374531975423));
#4819 = CARTESIAN_POINT('',(5.176355309598,2.924379683203));
#4820 = CARTESIAN_POINT('',(5.254304563747,2.476625198849));
#4821 = CARTESIAN_POINT('',(5.338624634571,2.032923652824));
#4822 = CARTESIAN_POINT('',(5.429899644234,1.596151765779));
#4823 = CARTESIAN_POINT('',(5.564602432601,1.018047598352));
#4824 = CARTESIAN_POINT('',(5.60119967659,0.86675537888));
#4825 = CARTESIAN_POINT('',(5.638913359485,0.716865185952));
#4826 = CARTESIAN_POINT('',(5.677775816892,0.568692989197));
#4827 = CARTESIAN_POINT('',(5.717824887444,0.42256760268));
#4828 = CARTESIAN_POINT('',(5.759104919655,0.278833040493));
#4829 = CARTESIAN_POINT('',(5.801668756056,0.137850418185));
#4830 = CARTESIAN_POINT('',(5.845580694603,-6.E-07));
#4831 = ( GEOMETRIC_REPRESENTATION_CONTEXT(2) 
PARAMETRIC_REPRESENTATION_CONTEXT() REPRESENTATION_CONTEXT('2D SPACE',''
  ) );
#4832 = FACE_BOUND('',#4833,.F.);
#4833 = EDGE_LOOP('',(#4834));
#4834 = ORIENTED_EDGE('',*,*,#3359,.T.);
#4835 = FACE_BOUND('',#4836,.F.);
#4836 = EDGE_LOOP('',(#4837));
#4837 = ORIENTED_EDGE('',*,*,#3591,.F.);
#4838 = ADVANCED_FACE('',(#4839,#4894,#4897),#3795,.F.);
#4839 = FACE_BOUND('',#4840,.F.);
#4840 = EDGE_LOOP('',(#4841,#4842,#4863,#4864,#4865,#4866,#4867));
#4841 = ORIENTED_EDGE('',*,*,#4442,.T.);
#4842 = ORIENTED_EDGE('',*,*,#4843,.T.);
#4843 = EDGE_CURVE('',#4411,#3779,#4844,.T.);
#4844 = SEAM_CURVE('',#4845,(#4849,#4856),.PCURVE_S1.);
#4845 = LINE('',#4846,#4847);
#4846 = CARTESIAN_POINT('',(0.,-8.,-12.65));
#4847 = VECTOR('',#4848,1.);
#4848 = DIRECTION('',(0.,-1.,0.));
#4849 = PCURVE('',#3795,#4850);
#4850 = DEFINITIONAL_REPRESENTATION('',(#4851),#4855);
#4851 = LINE('',#4852,#4853);
#4852 = CARTESIAN_POINT('',(0.,-0.));
#4853 = VECTOR('',#4854,1.);
#4854 = DIRECTION('',(0.,1.));
#4855 = ( GEOMETRIC_REPRESENTATION_CONTEXT(2) 
PARAMETRIC_REPRESENTATION_CONTEXT() REPRESENTATION_CONTEXT('2D SPACE',''
  ) );
#4856 = PCURVE('',#3795,#4857);
#4857 = DEFINITIONAL_REPRESENTATION('',(#4858),#4862);
#4858 = LINE('',#4859,#4860);
#4859 = CARTESIAN_POINT('',(6.28318530718,-0.));
#4860 = VECTOR('',#4861,1.);
#4861 = DIRECTION('',(0.,1.));
#4862 = ( GEOMETRIC_REPRESENTATION_CONTEXT(2) 
PARAMETRIC_REPRESENTATION_CONTEXT() REPRESENTATION_CONTEXT('2D SPACE',''
  ) );
#4863 = ORIENTED_EDGE('',*,*,#3778,.F.);
#4864 = ORIENTED_EDGE('',*,*,#4843,.F.);
#4865 = ORIENTED_EDGE('',*,*,#4410,.T.);
#4866 = ORIENTED_EDGE('',*,*,#4376,.T.);
#4867 = ORIENTED_EDGE('',*,*,#4868,.T.);
#4868 = EDGE_CURVE('',#4353,#4299,#4869,.T.);
#4869 = SURFACE_CURVE('',#4870,(#4875,#4882),.PCURVE_S1.);
#4870 = CIRCLE('',#4871,12.65);
#4871 = AXIS2_PLACEMENT_3D('',#4872,#4873,#4874);
#4872 = CARTESIAN_POINT('',(0.,-8.,0.));
#4873 = DIRECTION('',(0.,-1.,0.));
#4874 = DIRECTION('',(0.,-0.,-1.));
#4875 = PCURVE('',#3795,#4876);
#4876 = DEFINITIONAL_REPRESENTATION('',(#4877),#4881);
#4877 = LINE('',#4878,#4879);
#4878 = CARTESIAN_POINT('',(0.,0.));
#4879 = VECTOR('',#4880,1.);
#4880 = DIRECTION('',(1.,0.));
#4881 = ( GEOMETRIC_REPRESENTATION_CONTEXT(2) 
PARAMETRIC_REPRESENTATION_CONTEXT() REPRESENTATION_CONTEXT('2D SPACE',''
  ) );
#4882 = PCURVE('',#4883,#4888);
#4883 = PLANE('',#4884);
#4884 = AXIS2_PLACEMENT_3D('',#4885,#4886,#4887);
#4885 = CARTESIAN_POINT('',(0.,-8.,0.));
#4886 = DIRECTION('',(0.,-1.,0.));
#4887 = DIRECTION('',(0.,-0.,-1.));
#4888 = DEFINITIONAL_REPRESENTATION('',(#4889),#4893);
#4889 = CIRCLE('',#4890,12.65);
#4890 = AXIS2_PLACEMENT_2D('',#4891,#4892);
#4891 = CARTESIAN_POINT('',(0.,0.));
#4892 = DIRECTION('',(1.,0.));
#4893 = ( GEOMETRIC_REPRESENTATION_CONTEXT(2) 
PARAMETRIC_REPRESENTATION_CONTEXT() REPRESENTATION_CONTEXT('2D SPACE',''
  ) );
#4894 = FACE_BOUND('',#4895,.F.);
#4895 = EDGE_LOOP('',(#4896));
#4896 = ORIENTED_EDGE('',*,*,#3810,.T.);
#4897 = FACE_BOUND('',#4898,.F.);
#4898 = EDGE_LOOP('',(#4899));
#4899 = ORIENTED_EDGE('',*,*,#4048,.F.);
#4900 = ADVANCED_FACE('',(#4901),#4317,.T.);
#4901 = FACE_BOUND('',#4902,.T.);
#4902 = EDGE_LOOP('',(#4903,#4904,#4905));
#4903 = ORIENTED_EDGE('',*,*,#4298,.T.);
#4904 = ORIENTED_EDGE('',*,*,#4352,.T.);
#4905 = ORIENTED_EDGE('',*,*,#4906,.F.);
#4906 = EDGE_CURVE('',#4299,#4353,#4907,.T.);
#4907 = SURFACE_CURVE('',#4908,(#4912,#4919),.PCURVE_S1.);
#4908 = LINE('',#4909,#4910);
#4909 = CARTESIAN_POINT('',(5.032284894436,-8.,-5.180293273684));
#4910 = VECTOR('',#4911,1.);
#4911 = DIRECTION('',(0.717279380859,0.,0.696785684263));
#4912 = PCURVE('',#4317,#4913);
#4913 = DEFINITIONAL_REPRESENTATION('',(#4914),#4918);
#4914 = LINE('',#4915,#4916);
#4915 = CARTESIAN_POINT('',(-3.330669073875E-15,-7.222141625595));
#4916 = VECTOR('',#4917,1.);
#4917 = DIRECTION('',(-1.,-6.938893903907E-18));
#4918 = ( GEOMETRIC_REPRESENTATION_CONTEXT(2) 
PARAMETRIC_REPRESENTATION_CONTEXT() REPRESENTATION_CONTEXT('2D SPACE',''
  ) );
#4919 = PCURVE('',#4883,#4920);
#4920 = DEFINITIONAL_REPRESENTATION('',(#4921),#4925);
#4921 = LINE('',#4922,#4923);
#4922 = CARTESIAN_POINT('',(5.180293273684,5.032284894436));
#4923 = VECTOR('',#4924,1.);
#4924 = DIRECTION('',(-0.696785684263,0.717279380859));
#4925 = ( GEOMETRIC_REPRESENTATION_CONTEXT(2) 
PARAMETRIC_REPRESENTATION_CONTEXT() REPRESENTATION_CONTEXT('2D SPACE',''
  ) );
#4926 = ADVANCED_FACE('',(#4927),#4494,.T.);
#4927 = FACE_BOUND('',#4928,.T.);
#4928 = EDGE_LOOP('',(#4929,#4930));
#4929 = ORIENTED_EDGE('',*,*,#4472,.F.);
#4930 = ORIENTED_EDGE('',*,*,#4931,.T.);
#4931 = EDGE_CURVE('',#4473,#4475,#4932,.T.);
#4932 = SURFACE_CURVE('',#4933,(#4938,#4945),.PCURVE_S1.);
#4933 = CIRCLE('',#4934,3.);
#4934 = AXIS2_PLACEMENT_3D('',#4935,#4936,#4937);
#4935 = CARTESIAN_POINT('',(29.436722321158,4.382667458154,
    -14.22222222222));
#4936 = DIRECTION('',(-0.124034734589,-0.992277876714,0.));
#4937 = DIRECTION('',(-0.992277876714,0.124034734589,0.));
#4938 = PCURVE('',#4494,#4939);
#4939 = DEFINITIONAL_REPRESENTATION('',(#4940),#4944);
#4940 = CIRCLE('',#4941,3.);
#4941 = AXIS2_PLACEMENT_2D('',#4942,#4943);
#4942 = CARTESIAN_POINT('',(0.,0.));
#4943 = DIRECTION('',(1.,0.));
#4944 = ( GEOMETRIC_REPRESENTATION_CONTEXT(2) 
PARAMETRIC_REPRESENTATION_CONTEXT() REPRESENTATION_CONTEXT('2D SPACE',''
  ) );
#4945 = PCURVE('',#4604,#4946);
#4946 = DEFINITIONAL_REPRESENTATION('',(#4947),#4951);
#4947 = LINE('',#4948,#4949);
#4948 = CARTESIAN_POINT('',(0.,0.));
#4949 = VECTOR('',#4950,1.);
#4950 = DIRECTION('',(1.,0.));
#4951 = ( GEOMETRIC_REPRESENTATION_CONTEXT(2) 
PARAMETRIC_REPRESENTATION_CONTEXT() REPRESENTATION_CONTEXT('2D SPACE',''
  ) );
#4952 = ADVANCED_FACE('',(#4953),#4604,.F.);
#4953 = FACE_BOUND('',#4954,.F.);
#4954 = EDGE_LOOP('',(#4955,#4977,#4978,#4979));
#4955 = ORIENTED_EDGE('',*,*,#4956,.F.);
#4956 = EDGE_CURVE('',#4507,#4658,#4957,.T.);
#4957 = SURFACE_CURVE('',#4958,(#4963,#4970),.PCURVE_S1.);
#4958 = CIRCLE('',#4959,3.);
#4959 = AXIS2_PLACEMENT_3D('',#4960,#4961,#4962);
#4960 = CARTESIAN_POINT('',(27.452166567731,-11.49377856926,
    -14.22222222222));
#4961 = DIRECTION('',(-0.124034734589,-0.992277876714,0.));
#4962 = DIRECTION('',(-0.992277876714,0.124034734589,0.));
#4963 = PCURVE('',#4604,#4964);
#4964 = DEFINITIONAL_REPRESENTATION('',(#4965),#4969);
#4965 = LINE('',#4966,#4967);
#4966 = CARTESIAN_POINT('',(0.,16.));
#4967 = VECTOR('',#4968,1.);
#4968 = DIRECTION('',(1.,0.));
#4969 = ( GEOMETRIC_REPRESENTATION_CONTEXT(2) 
PARAMETRIC_REPRESENTATION_CONTEXT() REPRESENTATION_CONTEXT('2D SPACE',''
  ) );
#4970 = PCURVE('',#4677,#4971);
#4971 = DEFINITIONAL_REPRESENTATION('',(#4972),#4976);
#4972 = CIRCLE('',#4973,3.);
#4973 = AXIS2_PLACEMENT_2D('',#4974,#4975);
#4974 = CARTESIAN_POINT('',(0.,0.));
#4975 = DIRECTION('',(1.,0.));
#4976 = ( GEOMETRIC_REPRESENTATION_CONTEXT(2) 
PARAMETRIC_REPRESENTATION_CONTEXT() REPRESENTATION_CONTEXT('2D SPACE',''
  ) );
#4977 = ORIENTED_EDGE('',*,*,#4506,.F.);
#4978 = ORIENTED_EDGE('',*,*,#4931,.T.);
#4979 = ORIENTED_EDGE('',*,*,#4689,.F.);
#4980 = ADVANCED_FACE('',(#4981),#4677,.F.);
#4981 = FACE_BOUND('',#4982,.F.);
#4982 = EDGE_LOOP('',(#4983,#4984));
#4983 = ORIENTED_EDGE('',*,*,#4657,.F.);
#4984 = ORIENTED_EDGE('',*,*,#4956,.T.);
#4985 = ADVANCED_FACE('',(#4986),#4883,.T.);
#4986 = FACE_BOUND('',#4987,.T.);
#4987 = EDGE_LOOP('',(#4988,#4989));
#4988 = ORIENTED_EDGE('',*,*,#4906,.T.);
#4989 = ORIENTED_EDGE('',*,*,#4868,.T.);
#4990 = ( GEOMETRIC_REPRESENTATION_CONTEXT(3) 
GLOBAL_UNCERTAINTY_ASSIGNED_CONTEXT((#4994)) 
GLOBAL_UNIT_ASSIGNED_CONTEXT((#4991,#4992,#4993)) REPRESENTATION_CONTEXT
('Context #1','3D Context with UNIT and UNCERTAINTY') );
#4991 = ( LENGTH_UNIT() NAMED_UNIT(*) SI_UNIT(.MILLI.,.METRE.) );
#4992 = ( NAMED_UNIT(*) PLANE_ANGLE_UNIT() SI_UNIT($,.RADIAN.) );
#4993 = ( NAMED_UNIT(*) SI_UNIT($,.STERADIAN.) SOLID_ANGLE_UNIT() );
#4994 = UNCERTAINTY_MEASURE_WITH_UNIT(LENGTH_MEASURE(1.E-07),#4991,
  'distance_accuracy_value','confusion accuracy');
#4995 = PRODUCT_RELATED_PRODUCT_CATEGORY('part',$,(#7));
ENDSEC;
END-ISO-10303-21;
