ISO-10303-21;
HEADER;
FILE_DESCRIPTION(('Open CASCADE Model'),'2;1');
FILE_NAME('Open CASCADE Shape Model','2026-09-09T07:51:07',('Author'),(
    'Open CASCADE'),'Open CASCADE STEP processor 7.9','Open CASCADE 7.9'
  ,'Unknown');
FILE_SCHEMA(('AUTOMOTIVE_DESIGN { 1 0 10303 214 1 1 1 1 }'));
ENDSEC;
DATA;
#1 = APPLICATION_PROTOCOL_DEFINITION('international standard',
  'automotive_design',2000,#2);
#2 = APPLICATION_CONTEXT(
  'core data for automotive mechanical design processes');
#3 = SHAPE_DEFINITION_REPRESENTATION(#4,#10);
#4 = PRODUCT_DEFINITION_SHAPE('','',#5);
#5 = PRODUCT_DEFINITION('design','',#6,#9);
#6 = PRODUCT_DEFINITION_FORMATION('','',#7);
#7 = PRODUCT('Open CASCADE STEP translator 7.9 10',
  'Open CASCADE STEP translator 7.9 10','',(#8));
#8 = PRODUCT_CONTEXT('',#2,'mechanical');
#9 = PRODUCT_DEFINITION_CONTEXT('part definition',#2,'design');
#10 = ADVANCED_BREP_SHAPE_REPRESENTATION('',(#11,#15),#4974);
#11 = AXIS2_PLACEMENT_3D('',#12,#13,#14);
#12 = CARTESIAN_POINT('',(0.,0.,0.));
#13 = DIRECTION('',(0.,0.,1.));
#14 = DIRECTION('',(1.,0.,-0.));
#15 = MANIFOLD_SOLID_BREP('',#16);
#16 = CLOSED_SHELL('',(#17,#505,#1533,#2465,#3140,#3219,#3226,#3261,
    #3310,#3337,#3343,#3551,#3759,#3763,#3790,#3825,#4039,#4253,#4282,
    #4798,#4883,#4909,#4935,#4963,#4968));
#17 = ADVANCED_FACE('',(#18),#33,.T.);
#18 = FACE_BOUND('',#19,.T.);
#19 = EDGE_LOOP('',(#20,#139,#168,#197,#330,#428));
#20 = ORIENTED_EDGE('',*,*,#21,.F.);
#21 = EDGE_CURVE('',#22,#24,#26,.T.);
#22 = VERTEX_POINT('',#23);
#23 = CARTESIAN_POINT('',(20.895441629942,0.,2.092968965293));
#24 = VERTEX_POINT('',#25);
#25 = CARTESIAN_POINT('',(-2.83074675196,1.32417103415,-20.76616102939)
  );
#26 = SURFACE_CURVE('',#27,(#32,#127),.PCURVE_S1.);
#27 = CIRCLE('',#28,16.5);
#28 = AXIS2_PLACEMENT_3D('',#29,#30,#31);
#29 = CARTESIAN_POINT('',(9.004363032217,1.32417103415,-9.269197239047)
  );
#30 = DIRECTION('',(0.693156189404,0.101934733736,-0.713543136151));
#31 = DIRECTION('',(0.717279380859,6.938893903907E-18,0.696785684263));
#32 = PCURVE('',#33,#38);
#33 = SPHERICAL_SURFACE('',#34,21.);
#34 = AXIS2_PLACEMENT_3D('',#35,#36,#37);
#35 = CARTESIAN_POINT('',(0.,0.,0.));
#36 = DIRECTION('',(0.,0.,1.));
#37 = DIRECTION('',(1.,0.,-0.));
#38 = DEFINITIONAL_REPRESENTATION('',(#39),#126);
#39 = B_SPLINE_CURVE_WITH_KNOTS('',8,(#40,#41,#42,#43,#44,#45,#46,#47,
    #48,#49,#50,#51,#52,#53,#54,#55,#56,#57,#58,#59,#60,#61,#62,#63,#64,
    #65,#66,#67,#68,#69,#70,#71,#72,#73,#74,#75,#76,#77,#78,#79,#80,#81,
    #82,#83,#84,#85,#86,#87,#88,#89,#90,#91,#92,#93,#94,#95,#96,#97,#98,
    #99,#100,#101,#102,#103,#104,#105,#106,#107,#108,#109,#110,#111,#112
    ,#113,#114,#115,#116,#117,#118,#119,#120,#121,#122,#123,#124,#125),
  .UNSPECIFIED.,.F.,.F.,(9,7,7,7,7,7,7,7,7,7,7,7,9),(8.076077089699E-02,
    0.84596874157,1.419874719575,1.850304203079,2.173126315707,
    2.415242900177,2.59683033853,2.733020917295,2.835163851369,
    2.911771051924,2.969226452341,3.055409552965,3.14159265359),
  .UNSPECIFIED.);
#40 = CARTESIAN_POINT('',(6.28318530718,9.98309289517E-02));
#41 = CARTESIAN_POINT('',(6.208293220394,9.00807701088E-02));
#42 = CARTESIAN_POINT('',(6.13423095801,7.465583245975E-02));
#43 = CARTESIAN_POINT('',(6.061536783516,5.371286197194E-02));
#44 = CARTESIAN_POINT('',(5.990671589381,2.752941480962E-02));
#45 = CARTESIAN_POINT('',(5.921942701312,-3.519357262967E-03));
#46 = CARTESIAN_POINT('',(5.855486151342,-3.901944633563E-02));
#47 = CARTESIAN_POINT('',(5.79131286043,-7.855318034141E-02));
#48 = CARTESIAN_POINT('',(5.682846599713,-0.154091606209));
#49 = CARTESIAN_POINT('',(5.637594395661,-0.188507702391));
#50 = CARTESIAN_POINT('',(5.593537366148,-0.224796458482));
#51 = CARTESIAN_POINT('',(5.550605578841,-0.26279286816));
#52 = CARTESIAN_POINT('',(5.508704130846,-0.302341249997));
#53 = CARTESIAN_POINT('',(5.467718494081,-0.343296834921));
#54 = CARTESIAN_POINT('',(5.427515500638,-0.38552547141));
#55 = CARTESIAN_POINT('',(5.358253234357,-0.461435244702));
#56 = CARTESIAN_POINT('',(5.328920725469,-0.494613966784));
#57 = CARTESIAN_POINT('',(5.299872777241,-0.528386046444));
#58 = CARTESIAN_POINT('',(5.27103492672,-0.562701885283));
#59 = CARTESIAN_POINT('',(5.242322830608,-0.597514549123));
#60 = CARTESIAN_POINT('',(5.21363990362,-0.63277933549));
#61 = CARTESIAN_POINT('',(5.184871386088,-0.6684530761));
#62 = CARTESIAN_POINT('',(5.134121507453,-0.731522942881));
#63 = CARTESIAN_POINT('',(5.11224139531,-0.758758864262));
#64 = CARTESIAN_POINT('',(5.090169492392,-0.786182712239));
#65 = CARTESIAN_POINT('',(5.067834535613,-0.813776574123));
#66 = CARTESIAN_POINT('',(5.045151521322,-0.841522330859));
#67 = CARTESIAN_POINT('',(5.022017684716,-0.869401326961));
#68 = CARTESIAN_POINT('',(4.998303744853,-0.897393719579));
#69 = CARTESIAN_POINT('',(4.955484486688,-0.946539758306));
#70 = CARTESIAN_POINT('',(4.936709140118,-0.967653567061));
#71 = CARTESIAN_POINT('',(4.917435974045,-0.988809162014));
#72 = CARTESIAN_POINT('',(4.897577438014,-1.009996337731));
#73 = CARTESIAN_POINT('',(4.87702638086,-1.031203705422));
#74 = CARTESIAN_POINT('',(4.855650254357,-1.052418292427));
#75 = CARTESIAN_POINT('',(4.833279054406,-1.073624682253));
#76 = CARTESIAN_POINT('',(4.791982283904,-1.110687129921));
#77 = CARTESIAN_POINT('',(4.773593506921,-1.126555371886));
#78 = CARTESIAN_POINT('',(4.754416627029,-1.142399646905));
#79 = CARTESIAN_POINT('',(4.734334234601,-1.158210331433));
#80 = CARTESIAN_POINT('',(4.713202544559,-1.173975935907));
#81 = CARTESIAN_POINT('',(4.690843281925,-1.189682532859));
#82 = CARTESIAN_POINT('',(4.66702861782,-1.205312582744));
#83 = CARTESIAN_POINT('',(4.622272009607,-1.232490081093));
#84 = CARTESIAN_POINT('',(4.602100274673,-1.24408129016));
#85 = CARTESIAN_POINT('',(4.580809557238,-1.25560634026));
#86 = CARTESIAN_POINT('',(4.558246300767,-1.267053324955));
#87 = CARTESIAN_POINT('',(4.534226007008,-1.278407965562));
#88 = CARTESIAN_POINT('',(4.508523163815,-1.289652662453));
#89 = CARTESIAN_POINT('',(4.480857137066,-1.30076493219));
#90 = CARTESIAN_POINT('',(4.428386693886,-1.319927954248));
#91 = CARTESIAN_POINT('',(4.404595977878,-1.328049561554));
#92 = CARTESIAN_POINT('',(4.379352715806,-1.336067567059));
#93 = CARTESIAN_POINT('',(4.352484073454,-1.343967180518));
#94 = CARTESIAN_POINT('',(4.323790885684,-1.351730745895));
#95 = CARTESIAN_POINT('',(4.293041418896,-1.359336875592));
#96 = CARTESIAN_POINT('',(4.259969069428,-1.366759318978));
#97 = CARTESIAN_POINT('',(4.197515843559,-1.379370318363));
#98 = CARTESIAN_POINT('',(4.169279137414,-1.384653443379));
#99 = CARTESIAN_POINT('',(4.13944812296,-1.389801287171));
#100 = CARTESIAN_POINT('',(4.107891665497,-1.394798181468));
#101 = CARTESIAN_POINT('',(4.074473344608,-1.399626227458));
#102 = CARTESIAN_POINT('',(4.039057176431,-1.404264934703));
#103 = CARTESIAN_POINT('',(4.001519960951,-1.40869108548));
#104 = CARTESIAN_POINT('',(3.931964066746,-1.416020209783));
#105 = CARTESIAN_POINT('',(3.900911832333,-1.41902734378));
#106 = CARTESIAN_POINT('',(3.868579864933,-1.421889791142));
#107 = CARTESIAN_POINT('',(3.834942239628,-1.424596065909));
#108 = CARTESIAN_POINT('',(3.799988973078,-1.427134059469));
#109 = CARTESIAN_POINT('',(3.763733240124,-1.429491290034));
#110 = CARTESIAN_POINT('',(3.726218226446,-1.43165532362));
#111 = CARTESIAN_POINT('',(3.629474499646,-1.43655297584));
#112 = CARTESIAN_POINT('',(3.568767664771,-1.439030380485));
#113 = CARTESIAN_POINT('',(3.505659405684,-1.441006826171));
#114 = CARTESIAN_POINT('',(3.440578047097,-1.442445953112));
#115 = CARTESIAN_POINT('',(3.374145591648,-1.443318771089));
#116 = CARTESIAN_POINT('',(3.307158240706,-1.443610744863));
#117 = CARTESIAN_POINT('',(3.240409157896,-1.443323681434));
#118 = CARTESIAN_POINT('',(3.108794037056,-1.441621500425));
#119 = CARTESIAN_POINT('',(3.043928013373,-1.44020638436));
#120 = CARTESIAN_POINT('',(2.980706042426,-1.438242281314));
#121 = CARTESIAN_POINT('',(2.9197410948,-1.435757491045));
#122 = CARTESIAN_POINT('',(2.861452247093,-1.432791061538));
#123 = CARTESIAN_POINT('',(2.806046340699,-1.429385632729));
#124 = CARTESIAN_POINT('',(2.753590261166,-1.425583553574));
#125 = CARTESIAN_POINT('',(2.704050398655,-1.421424869906));
#126 = ( GEOMETRIC_REPRESENTATION_CONTEXT(2) 
PARAMETRIC_REPRESENTATION_CONTEXT() REPRESENTATION_CONTEXT('2D SPACE',''
  ) );
#127 = PCURVE('',#128,#133);
#128 = CYLINDRICAL_SURFACE('',#129,16.5);
#129 = AXIS2_PLACEMENT_3D('',#130,#131,#132);
#130 = CARTESIAN_POINT('',(0.,0.,0.));
#131 = DIRECTION('',(0.693156189404,0.101934733736,-0.713543136151));
#132 = DIRECTION('',(-0.717279380859,-6.938893903907E-18,-0.696785684263
    ));
#133 = DEFINITIONAL_REPRESENTATION('',(#134),#138);
#134 = LINE('',#135,#136);
#135 = CARTESIAN_POINT('',(3.14159265359,12.990381056767));
#136 = VECTOR('',#137,1.);
#137 = DIRECTION('',(1.,0.));
#138 = ( GEOMETRIC_REPRESENTATION_CONTEXT(2) 
PARAMETRIC_REPRESENTATION_CONTEXT() REPRESENTATION_CONTEXT('2D SPACE',''
  ) );
#139 = ORIENTED_EDGE('',*,*,#140,.T.);
#140 = EDGE_CURVE('',#22,#141,#143,.T.);
#141 = VERTEX_POINT('',#142);
#142 = CARTESIAN_POINT('',(14.,0.,15.652475842498));
#143 = SURFACE_CURVE('',#144,(#149,#156),.PCURVE_S1.);
#144 = CIRCLE('',#145,21.);
#145 = AXIS2_PLACEMENT_3D('',#146,#147,#148);
#146 = CARTESIAN_POINT('',(0.,0.,0.));
#147 = DIRECTION('',(-2.449293598295E-16,-1.,0.));
#148 = DIRECTION('',(1.,-2.449293598295E-16,0.));
#149 = PCURVE('',#33,#150);
#150 = DEFINITIONAL_REPRESENTATION('',(#151),#155);
#151 = LINE('',#152,#153);
#152 = CARTESIAN_POINT('',(6.28318530718,-6.28318530718));
#153 = VECTOR('',#154,1.);
#154 = DIRECTION('',(0.,1.));
#155 = ( GEOMETRIC_REPRESENTATION_CONTEXT(2) 
PARAMETRIC_REPRESENTATION_CONTEXT() REPRESENTATION_CONTEXT('2D SPACE',''
  ) );
#156 = PCURVE('',#157,#162);
#157 = SPHERICAL_SURFACE('',#158,21.);
#158 = AXIS2_PLACEMENT_3D('',#159,#160,#161);
#159 = CARTESIAN_POINT('',(0.,0.,0.));
#160 = DIRECTION('',(0.,0.,1.));
#161 = DIRECTION('',(1.,0.,-0.));
#162 = DEFINITIONAL_REPRESENTATION('',(#163),#167);
#163 = LINE('',#164,#165);
#164 = CARTESIAN_POINT('',(0.,-6.28318530718));
#165 = VECTOR('',#166,1.);
#166 = DIRECTION('',(0.,1.));
#167 = ( GEOMETRIC_REPRESENTATION_CONTEXT(2) 
PARAMETRIC_REPRESENTATION_CONTEXT() REPRESENTATION_CONTEXT('2D SPACE',''
  ) );
#168 = ORIENTED_EDGE('',*,*,#169,.F.);
#169 = EDGE_CURVE('',#170,#141,#172,.T.);
#170 = VERTEX_POINT('',#171);
#171 = CARTESIAN_POINT('',(-5.220153254455,12.990381056767,
    15.652475842499));
#172 = SURFACE_CURVE('',#173,(#178,#185),.PCURVE_S1.);
#173 = CIRCLE('',#174,14.);
#174 = AXIS2_PLACEMENT_3D('',#175,#176,#177);
#175 = CARTESIAN_POINT('',(0.,0.,15.652475842499));
#176 = DIRECTION('',(0.,0.,1.));
#177 = DIRECTION('',(0.,-1.,0.));
#178 = PCURVE('',#33,#179);
#179 = DEFINITIONAL_REPRESENTATION('',(#180),#184);
#180 = LINE('',#181,#182);
#181 = CARTESIAN_POINT('',(-1.570796326795,0.841068670568));
#182 = VECTOR('',#183,1.);
#183 = DIRECTION('',(1.,0.));
#184 = ( GEOMETRIC_REPRESENTATION_CONTEXT(2) 
PARAMETRIC_REPRESENTATION_CONTEXT() REPRESENTATION_CONTEXT('2D SPACE',''
  ) );
#185 = PCURVE('',#186,#191);
#186 = CYLINDRICAL_SURFACE('',#187,14.);
#187 = AXIS2_PLACEMENT_3D('',#188,#189,#190);
#188 = CARTESIAN_POINT('',(0.,0.,0.));
#189 = DIRECTION('',(0.,0.,1.));
#190 = DIRECTION('',(1.,0.,-0.));
#191 = DEFINITIONAL_REPRESENTATION('',(#192),#196);
#192 = LINE('',#193,#194);
#193 = CARTESIAN_POINT('',(-1.570796326795,15.652475842499));
#194 = VECTOR('',#195,1.);
#195 = DIRECTION('',(1.,0.));
#196 = ( GEOMETRIC_REPRESENTATION_CONTEXT(2) 
PARAMETRIC_REPRESENTATION_CONTEXT() REPRESENTATION_CONTEXT('2D SPACE',''
  ) );
#197 = ORIENTED_EDGE('',*,*,#198,.F.);
#198 = EDGE_CURVE('',#199,#170,#201,.T.);
#199 = VERTEX_POINT('',#200);
#200 = CARTESIAN_POINT('',(-5.356693151446,12.990381056767,
    -15.60627561211));
#201 = SURFACE_CURVE('',#202,(#207,#318),.PCURVE_S1.);
#202 = CIRCLE('',#203,16.5);
#203 = AXIS2_PLACEMENT_3D('',#204,#205,#206);
#204 = CARTESIAN_POINT('',(0.,12.990381056767,0.));
#205 = DIRECTION('',(0.,1.,0.));
#206 = DIRECTION('',(0.,-0.,1.));
#207 = PCURVE('',#33,#208);
#208 = DEFINITIONAL_REPRESENTATION('',(#209),#317);
#209 = B_SPLINE_CURVE_WITH_KNOTS('',8,(#210,#211,#212,#213,#214,#215,
    #216,#217,#218,#219,#220,#221,#222,#223,#224,#225,#226,#227,#228,
    #229,#230,#231,#232,#233,#234,#235,#236,#237,#238,#239,#240,#241,
    #242,#243,#244,#245,#246,#247,#248,#249,#250,#251,#252,#253,#254,
    #255,#256,#257,#258,#259,#260,#261,#262,#263,#264,#265,#266,#267,
    #268,#269,#270,#271,#272,#273,#274,#275,#276,#277,#278,#279,#280,
    #281,#282,#283,#284,#285,#286,#287,#288,#289,#290,#291,#292,#293,
    #294,#295,#296,#297,#298,#299,#300,#301,#302,#303,#304,#305,#306,
    #307,#308,#309,#310,#311,#312,#313,#314,#315,#316),.UNSPECIFIED.,.T.
  ,.F.,(9,7,7,7,7,7,7,7,7,7,7,7,7,7,7,9),(0.,0.392699081699,
    0.760854470791,1.106000148066,1.753148292955,2.319402919733,
    2.567139318948,2.799392193213,3.234866332459,3.615906204299,
    3.949316092159,4.532783395914,4.97038387373,5.626784590455,
    5.954984948817,6.28318530718),.UNSPECIFIED.);
#210 = CARTESIAN_POINT('',(1.570796326795,0.903849982291));
#211 = CARTESIAN_POINT('',(1.508446973649,0.903849982291));
#212 = CARTESIAN_POINT('',(1.44609768445,0.900352170511));
#213 = CARTESIAN_POINT('',(1.384715529044,0.893356744434));
#214 = CARTESIAN_POINT('',(1.325270155126,0.882967825699));
#215 = CARTESIAN_POINT('',(1.268555967016,0.869398058423));
#216 = CARTESIAN_POINT('',(1.215035871955,0.852917456271));
#217 = CARTESIAN_POINT('',(1.164946600488,0.833809080357));
#218 = CARTESIAN_POINT('',(1.07466969507,0.792231697264));
#219 = CARTESIAN_POINT('',(1.034058858756,0.770047354398));
#220 = CARTESIAN_POINT('',(0.996573451893,0.746024776263));
#221 = CARTESIAN_POINT('',(0.962134567004,0.72038662057));
#222 = CARTESIAN_POINT('',(0.930589631791,0.693334287255));
#223 = CARTESIAN_POINT('',(0.901756612213,0.665044514791));
#224 = CARTESIAN_POINT('',(0.875451099814,0.635672010577));
#225 = CARTESIAN_POINT('',(0.82903441131,0.576926324947));
#226 = CARTESIAN_POINT('',(0.808638907926,0.547667925249));
#227 = CARTESIAN_POINT('',(0.790160398447,0.517687645967));
#228 = CARTESIAN_POINT('',(0.773457227096,0.487081437413));
#229 = CARTESIAN_POINT('',(0.75840132972,0.455932206518));
#230 = CARTESIAN_POINT('',(0.74488021197,0.424312243238));
#231 = CARTESIAN_POINT('',(0.732796164269,0.392285455117));
#232 = CARTESIAN_POINT('',(0.701947025065,0.299203107656));
#233 = CARTESIAN_POINT('',(0.686587931679,0.237267889071));
#234 = CARTESIAN_POINT('',(0.675439714368,0.1744800931));
#235 = CARTESIAN_POINT('',(0.668133834317,0.111133388129));
#236 = CARTESIAN_POINT('',(0.664457443865,4.74788795993E-02));
#237 = CARTESIAN_POINT('',(0.664332700109,-1.625053441894E-02));
#238 = CARTESIAN_POINT('',(0.667810383067,-7.982070423547E-02));
#239 = CARTESIAN_POINT('',(0.681455924081,-0.198226359831));
#240 = CARTESIAN_POINT('',(0.690733105936,-0.253160402622));
#241 = CARTESIAN_POINT('',(0.703051749462,-0.307597465295));
#242 = CARTESIAN_POINT('',(0.71862835484,-0.361346839818));
#243 = CARTESIAN_POINT('',(0.737773997802,-0.414188114685));
#244 = CARTESIAN_POINT('',(0.760899999587,-0.465856991198));
#245 = CARTESIAN_POINT('',(0.788550227939,-0.516018274753));
#246 = CARTESIAN_POINT('',(0.835690357329,-0.585333517661));
#247 = CARTESIAN_POINT('',(0.851021718924,-0.606057760513));
#248 = CARTESIAN_POINT('',(0.867389311597,-0.626373902745));
#249 = CARTESIAN_POINT('',(0.884847506161,-0.646241999107));
#250 = CARTESIAN_POINT('',(0.903452586067,-0.665617985283));
#251 = CARTESIAN_POINT('',(0.92326083667,-0.684453323558));
#252 = CARTESIAN_POINT('',(0.944325316561,-0.702694867956));
#253 = CARTESIAN_POINT('',(0.987659430695,-0.736775649672));
#254 = CARTESIAN_POINT('',(1.009771477094,-0.752693786839));
#255 = CARTESIAN_POINT('',(1.033064570576,-0.767991841925));
#256 = CARTESIAN_POINT('',(1.057570040676,-0.782618958444));
#257 = CARTESIAN_POINT('',(1.08330927988,-0.796520985178));
#258 = CARTESIAN_POINT('',(1.110289092174,-0.809641160853));
#259 = CARTESIAN_POINT('',(1.138496536281,-0.821921440163));
#260 = CARTESIAN_POINT('',(1.223012127361,-0.854647625487));
#261 = CARTESIAN_POINT('',(1.282312180236,-0.872836446144));
#262 = CARTESIAN_POINT('',(1.345542186504,-0.887492378841));
#263 = CARTESIAN_POINT('',(1.412141508723,-0.898248950616));
#264 = CARTESIAN_POINT('',(1.481151704066,-0.904787621028));
#265 = CARTESIAN_POINT('',(1.551129071034,-0.906943806905));
#266 = CARTESIAN_POINT('',(1.62066067916,-0.904743031024));
#267 = CARTESIAN_POINT('',(1.747954651643,-0.892752264877));
#268 = CARTESIAN_POINT('',(1.806101742849,-0.883945358827));
#269 = CARTESIAN_POINT('',(1.862192308308,-0.872036613416));
#270 = CARTESIAN_POINT('',(1.915554248102,-0.857217278376));
#271 = CARTESIAN_POINT('',(1.965768559383,-0.839740115563));
#272 = CARTESIAN_POINT('',(2.012660676065,-0.819870499821));
#273 = CARTESIAN_POINT('',(2.05620385801,-0.797865907301));
#274 = CARTESIAN_POINT('',(2.131705970233,-0.753052290403));
#275 = CARTESIAN_POINT('',(2.164432542188,-0.730687638387));
#276 = CARTESIAN_POINT('',(2.194700154294,-0.7070314807));
#277 = CARTESIAN_POINT('',(2.222615370918,-0.682233043573));
#278 = CARTESIAN_POINT('',(2.248310918061,-0.656425694502));
#279 = CARTESIAN_POINT('',(2.271926281853,-0.629726859113));
#280 = CARTESIAN_POINT('',(2.293597423279,-0.602240103714));
#281 = CARTESIAN_POINT('',(2.348198915401,-0.52473566792));
#282 = CARTESIAN_POINT('',(2.37738359277,-0.473281097864));
#283 = CARTESIAN_POINT('',(2.401693272877,-0.42018220639));
#284 = CARTESIAN_POINT('',(2.421737760573,-0.365813267688));
#285 = CARTESIAN_POINT('',(2.437973767528,-0.310466275149));
#286 = CARTESIAN_POINT('',(2.450745485982,-0.254383380705));
#287 = CARTESIAN_POINT('',(2.460290032622,-0.197772992503));
#288 = CARTESIAN_POINT('',(2.471594647851,-9.811611973087E-02));
#289 = CARTESIAN_POINT('',(2.474704290307,-5.521682268731E-02));
#290 = CARTESIAN_POINT('',(2.476138725172,-1.22088249957E-02));
#291 = CARTESIAN_POINT('',(2.475927630529,3.08326927924E-02));
#292 = CARTESIAN_POINT('',(2.47407234525,7.383472358927E-02));
#293 = CARTESIAN_POINT('',(2.470546238483,0.116723150843));
#294 = CARTESIAN_POINT('',(2.46529348084,0.159419336728));
#295 = CARTESIAN_POINT('',(2.447625322019,0.265462448565));
#296 = CARTESIAN_POINT('',(2.432941872096,0.328460696929));
#297 = CARTESIAN_POINT('',(2.413878795595,0.390538076074));
#298 = CARTESIAN_POINT('',(2.389980887358,0.451361037674));
#299 = CARTESIAN_POINT('',(2.360600822083,0.510518386797));
#300 = CARTESIAN_POINT('',(2.324905587606,0.567496656618));
#301 = CARTESIAN_POINT('',(2.281770708985,0.62158642505));
#302 = CARTESIAN_POINT('',(2.204411376097,0.69698765867));
#303 = CARTESIAN_POINT('',(2.176515494543,0.721165848456));
#304 = CARTESIAN_POINT('',(2.146385101268,0.744271800776));
#305 = CARTESIAN_POINT('',(2.113904418088,0.766175022544));
#306 = CARTESIAN_POINT('',(2.078976598335,0.786730548262));
#307 = CARTESIAN_POINT('',(2.04154965588,0.805780043164));
#308 = CARTESIAN_POINT('',(2.001648476802,0.823157427633));
#309 = CARTESIAN_POINT('',(1.917156928329,0.854246130327));
#310 = CARTESIAN_POINT('',(1.872566513382,0.867957447703));
#311 = CARTESIAN_POINT('',(1.825760585717,0.879674726558));
#312 = CARTESIAN_POINT('',(1.776972079779,0.889242148595));
#313 = CARTESIAN_POINT('',(1.726557918505,0.896520530627));
#314 = CARTESIAN_POINT('',(1.675013930993,0.901406815843));
#315 = CARTESIAN_POINT('',(1.622905132238,0.903849982291));
#316 = CARTESIAN_POINT('',(1.570796326795,0.903849982291));
#317 = ( GEOMETRIC_REPRESENTATION_CONTEXT(2) 
PARAMETRIC_REPRESENTATION_CONTEXT() REPRESENTATION_CONTEXT('2D SPACE',''
  ) );
#318 = PCURVE('',#319,#324);
#319 = CYLINDRICAL_SURFACE('',#320,16.5);
#320 = AXIS2_PLACEMENT_3D('',#321,#322,#323);
#321 = CARTESIAN_POINT('',(0.,0.,0.));
#322 = DIRECTION('',(0.,1.,0.));
#323 = DIRECTION('',(0.,-0.,1.));
#324 = DEFINITIONAL_REPRESENTATION('',(#325),#329);
#325 = LINE('',#326,#327);
#326 = CARTESIAN_POINT('',(0.,12.990381056767));
#327 = VECTOR('',#328,1.);
#328 = DIRECTION('',(1.,0.));
#329 = ( GEOMETRIC_REPRESENTATION_CONTEXT(2) 
PARAMETRIC_REPRESENTATION_CONTEXT() REPRESENTATION_CONTEXT('2D SPACE',''
  ) );
#330 = ORIENTED_EDGE('',*,*,#331,.F.);
#331 = EDGE_CURVE('',#332,#199,#334,.T.);
#332 = VERTEX_POINT('',#333);
#333 = CARTESIAN_POINT('',(-1.513500522949,10.379019410339,
    -18.19300063889));
#334 = SURFACE_CURVE('',#335,(#340,#416),.PCURVE_S1.);
#335 = CIRCLE('',#336,6.);
#336 = AXIS2_PLACEMENT_3D('',#337,#338,#339);
#337 = CARTESIAN_POINT('',(0.28174569215,14.36903029965,-14.0872846075)
  );
#338 = DIRECTION('',(1.400005600034E-02,0.714002856017,-0.700002800017)
  );
#339 = DIRECTION('',(0.,0.700071410926,0.714072839145));
#340 = PCURVE('',#33,#341);
#341 = DEFINITIONAL_REPRESENTATION('',(#342),#415);
#342 = B_SPLINE_CURVE_WITH_KNOTS('',8,(#343,#344,#345,#346,#347,#348,
    #349,#350,#351,#352,#353,#354,#355,#356,#357,#358,#359,#360,#361,
    #362,#363,#364,#365,#366,#367,#368,#369,#370,#371,#372,#373,#374,
    #375,#376,#377,#378,#379,#380,#381,#382,#383,#384,#385,#386,#387,
    #388,#389,#390,#391,#392,#393,#394,#395,#396,#397,#398,#399,#400,
    #401,#402,#403,#404,#405,#406,#407,#408,#409,#410,#411,#412,#413,
    #414),.UNSPECIFIED.,.T.,.F.,(9,7,7,7,7,7,7,7,7,7,9),(0.,
    0.785398163397,1.47262155637,2.073942025221,2.600097435466,
    3.06048341943,3.463321155399,4.168287193344,4.697011721803,
    5.490098514491,6.28318530718),.UNSPECIFIED.);
#343 = CARTESIAN_POINT('',(1.55562495972,-0.485671445543));
#344 = CARTESIAN_POINT('',(1.523909190896,-0.485360578966));
#345 = CARTESIAN_POINT('',(1.492167525416,-0.487590958733));
#346 = CARTESIAN_POINT('',(1.460646962765,-0.492365460898));
#347 = CARTESIAN_POINT('',(1.429594677364,-0.499653887251));
#348 = CARTESIAN_POINT('',(1.399256665315,-0.509392604054));
#349 = CARTESIAN_POINT('',(1.369876900303,-0.521486611594));
#350 = CARTESIAN_POINT('',(1.341699563312,-0.535812395601));
#351 = CARTESIAN_POINT('',(1.291594589983,-0.56657648814));
#352 = CARTESIAN_POINT('',(1.269325976824,-0.582526866298));
#353 = CARTESIAN_POINT('',(1.248340188376,-0.599970625599));
#354 = CARTESIAN_POINT('',(1.228810645993,-0.618791449616));
#355 = CARTESIAN_POINT('',(1.210919522255,-0.638858658006));
#356 = CARTESIAN_POINT('',(1.194863724875,-0.660027236079));
#357 = CARTESIAN_POINT('',(1.180862417676,-0.682136361904));
#358 = CARTESIAN_POINT('',(1.158931781963,-0.725017741388));
#359 = CARTESIAN_POINT('',(1.150462215098,-0.745611627178));
#360 = CARTESIAN_POINT('',(1.143924861202,-0.766667731392));
#361 = CARTESIAN_POINT('',(1.139505727483,-0.788054391691));
#362 = CARTESIAN_POINT('',(1.137411353739,-0.809627189306));
#363 = CARTESIAN_POINT('',(1.137873877839,-0.831225703727));
#364 = CARTESIAN_POINT('',(1.141148444419,-0.852669671138));
#365 = CARTESIAN_POINT('',(1.153043066949,-0.892206059028));
#366 = CARTESIAN_POINT('',(1.160943688783,-0.910382363331));
#367 = CARTESIAN_POINT('',(1.171366700735,-0.928148480008));
#368 = CARTESIAN_POINT('',(1.184483960119,-0.9453547264));
#369 = CARTESIAN_POINT('',(1.200458899853,-0.961836846942));
#370 = CARTESIAN_POINT('',(1.219419563459,-0.977415126547));
#371 = CARTESIAN_POINT('',(1.241416989199,-0.991898123704));
#372 = CARTESIAN_POINT('',(1.288210574182,-1.016643132575));
#373 = CARTESIAN_POINT('',(1.312313230217,-1.027206471895));
#374 = CARTESIAN_POINT('',(1.338630044185,-1.03665792884));
#375 = CARTESIAN_POINT('',(1.367034848805,-1.044870607161));
#376 = CARTESIAN_POINT('',(1.397306748607,-1.051724520516));
#377 = CARTESIAN_POINT('',(1.429105383414,-1.057116998096));
#378 = CARTESIAN_POINT('',(1.461995074227,-1.06097579641));
#379 = CARTESIAN_POINT('',(1.524810164804,-1.065265278654));
#380 = CARTESIAN_POINT('',(1.554592154878,-1.066064176807));
#381 = CARTESIAN_POINT('',(1.584521441374,-1.065635227761));
#382 = CARTESIAN_POINT('',(1.614250275319,-1.06397370803));
#383 = CARTESIAN_POINT('',(1.643431616749,-1.061098309255));
#384 = CARTESIAN_POINT('',(1.671751804031,-1.057049347902));
#385 = CARTESIAN_POINT('',(1.698954037039,-1.051884056249));
#386 = CARTESIAN_POINT('',(1.770135738171,-1.034798090762));
#387 = CARTESIAN_POINT('',(1.811397002371,-1.020716417304));
#388 = CARTESIAN_POINT('',(1.847551862788,-1.003793148953));
#389 = CARTESIAN_POINT('',(1.878072136946,-0.984504954522));
#390 = CARTESIAN_POINT('',(1.903043880926,-0.963344282662));
#391 = CARTESIAN_POINT('',(1.922755525237,-0.940750481697));
#392 = CARTESIAN_POINT('',(1.937598804063,-0.917119087183));
#393 = CARTESIAN_POINT('',(1.955771401174,-0.87455864263));
#394 = CARTESIAN_POINT('',(1.961051526179,-0.855930986032));
#395 = CARTESIAN_POINT('',(1.963996546749,-0.837063147689));
#396 = CARTESIAN_POINT('',(1.964785866737,-0.818088036927));
#397 = CARTESIAN_POINT('',(1.96358921807,-0.799125348455));
#398 = CARTESIAN_POINT('',(1.960562094294,-0.780283632438));
#399 = CARTESIAN_POINT('',(1.95584670757,-0.761662350881));
#400 = CARTESIAN_POINT('',(1.940161213029,-0.715888966069));
#401 = CARTESIAN_POINT('',(1.927242575697,-0.6891267763));
#402 = CARTESIAN_POINT('',(1.911253987218,-0.663375302496));
#403 = CARTESIAN_POINT('',(1.892568409038,-0.638903364429));
#404 = CARTESIAN_POINT('',(1.87150775688,-0.615950111196));
#405 = CARTESIAN_POINT('',(1.848361025226,-0.59472909545));
#406 = CARTESIAN_POINT('',(1.823400157251,-0.575428287472));
#407 = CARTESIAN_POINT('',(1.770373169721,-0.540988270669));
#408 = CARTESIAN_POINT('',(1.742307074252,-0.525849066288));
#409 = CARTESIAN_POINT('',(1.712950109291,-0.512951251437));
#410 = CARTESIAN_POINT('',(1.68255414528,-0.502428140553));
#411 = CARTESIAN_POINT('',(1.651370141862,-0.494383903699));
#412 = CARTESIAN_POINT('',(1.619651043663,-0.48889050987));
#413 = CARTESIAN_POINT('',(1.587651209011,-0.485985355339));
#414 = CARTESIAN_POINT('',(1.55562495972,-0.485671445543));
#415 = ( GEOMETRIC_REPRESENTATION_CONTEXT(2) 
PARAMETRIC_REPRESENTATION_CONTEXT() REPRESENTATION_CONTEXT('2D SPACE',''
  ) );
#416 = PCURVE('',#417,#422);
#417 = CYLINDRICAL_SURFACE('',#418,6.);
#418 = AXIS2_PLACEMENT_3D('',#419,#420,#421);
#419 = CARTESIAN_POINT('',(0.,0.,0.));
#420 = DIRECTION('',(1.400005600034E-02,0.714002856017,-0.700002800017)
  );
#421 = DIRECTION('',(0.,0.700071410926,0.714072839145));
#422 = DEFINITIONAL_REPRESENTATION('',(#423),#427);
#423 = LINE('',#424,#425);
#424 = CARTESIAN_POINT('',(0.,20.124611797498));
#425 = VECTOR('',#426,1.);
#426 = DIRECTION('',(1.,0.));
#427 = ( GEOMETRIC_REPRESENTATION_CONTEXT(2) 
PARAMETRIC_REPRESENTATION_CONTEXT() REPRESENTATION_CONTEXT('2D SPACE',''
  ) );
#428 = ORIENTED_EDGE('',*,*,#429,.F.);
#429 = EDGE_CURVE('',#24,#332,#430,.T.);
#430 = SURFACE_CURVE('',#431,(#436,#498),.PCURVE_S1.);
#431 = CIRCLE('',#432,16.5);
#432 = AXIS2_PLACEMENT_3D('',#433,#434,#435);
#433 = CARTESIAN_POINT('',(9.004363032217,1.32417103415,-9.269197239047)
  );
#434 = DIRECTION('',(0.693156189404,0.101934733736,-0.713543136151));
#435 = DIRECTION('',(0.717279380859,6.938893903907E-18,0.696785684263));
#436 = PCURVE('',#33,#437);
#437 = DEFINITIONAL_REPRESENTATION('',(#438),#497);
#438 = B_SPLINE_CURVE_WITH_KNOTS('',8,(#439,#440,#441,#442,#443,#444,
    #445,#446,#447,#448,#449,#450,#451,#452,#453,#454,#455,#456,#457,
    #458,#459,#460,#461,#462,#463,#464,#465,#466,#467,#468,#469,#470,
    #471,#472,#473,#474,#475,#476,#477,#478,#479,#480,#481,#482,#483,
    #484,#485,#486,#487,#488,#489,#490,#491,#492,#493,#494,#495,#496),
  .UNSPECIFIED.,.F.,.F.,(9,7,7,7,7,7,7,7,9),(3.14159265359,
    3.242291198105,3.339842913104,3.528849360915,3.88323645056,
    4.193325154,4.735980385019,5.549963231548,6.363946078077),
  .UNSPECIFIED.);
#439 = CARTESIAN_POINT('',(2.704050398655,-1.421424869906));
#440 = CARTESIAN_POINT('',(2.646166753089,-1.416565757278));
#441 = CARTESIAN_POINT('',(2.592264414717,-1.411219801447));
#442 = CARTESIAN_POINT('',(2.542290647576,-1.40545087437));
#443 = CARTESIAN_POINT('',(2.496007856589,-1.399318558054));
#444 = CARTESIAN_POINT('',(2.453103041007,-1.392873614164));
#445 = CARTESIAN_POINT('',(2.413261453718,-1.386158754947));
#446 = CARTESIAN_POINT('',(2.376181502247,-1.379209816857));
#447 = CARTESIAN_POINT('',(2.308074578389,-1.365127592027));
#448 = CARTESIAN_POINT('',(2.276894657443,-1.358006851781));
#449 = CARTESIAN_POINT('',(2.247796826961,-1.350722127364));
#450 = CARTESIAN_POINT('',(2.220552609388,-1.343295794674));
#451 = CARTESIAN_POINT('',(2.194962196989,-1.335746265172));
#452 = CARTESIAN_POINT('',(2.170852569097,-1.328088871504));
#453 = CARTESIAN_POINT('',(2.148072770921,-1.320336549904));
#454 = CARTESIAN_POINT('',(2.084678158423,-1.29731755849));
#455 = CARTESIAN_POINT('',(2.047364331635,-1.281819761427));
#456 = CARTESIAN_POINT('',(2.01359491655,-1.266086851507));
#457 = CARTESIAN_POINT('',(1.98269058717,-1.250171834185));
#458 = CARTESIAN_POINT('',(1.95414942653,-1.234113310011));
#459 = CARTESIAN_POINT('',(1.927586334689,-1.217941049383));
#460 = CARTESIAN_POINT('',(1.90269821214,-1.201678180249));
#461 = CARTESIAN_POINT('',(1.835263878449,-1.154716152191));
#462 = CARTESIAN_POINT('',(1.796321606516,-1.12383648268));
#463 = CARTESIAN_POINT('',(1.760818837276,-1.092828421186));
#464 = CARTESIAN_POINT('',(1.727898266829,-1.061761224403));
#465 = CARTESIAN_POINT('',(1.696948043416,-1.030688748701));
#466 = CARTESIAN_POINT('',(1.667548482811,-0.999651542083));
#467 = CARTESIAN_POINT('',(1.639376609402,-0.968684584534));
#468 = CARTESIAN_POINT('',(1.588393163112,-0.910810375144));
#469 = CARTESIAN_POINT('',(1.565351663275,-0.883879526188));
#470 = CARTESIAN_POINT('',(1.542895083606,-0.857046244035));
#471 = CARTESIAN_POINT('',(1.520899604852,-0.830328578601));
#472 = CARTESIAN_POINT('',(1.499266626533,-0.803743377091));
#473 = CARTESIAN_POINT('',(1.477914587282,-0.777306885431));
#474 = CARTESIAN_POINT('',(1.456775108981,-0.751035055293));
#475 = CARTESIAN_POINT('',(1.399063725214,-0.679284267244));
#476 = CARTESIAN_POINT('',(1.36280842625,-0.634177870404));
#477 = CARTESIAN_POINT('',(1.326707629148,-0.589710214809));
#478 = CARTESIAN_POINT('',(1.290533839019,-0.545967012903));
#479 = CARTESIAN_POINT('',(1.254102328258,-0.503038022979));
#480 = CARTESIAN_POINT('',(1.217254325435,-0.461019173341));
#481 = CARTESIAN_POINT('',(1.179853403404,-0.420013667728));
#482 = CARTESIAN_POINT('',(1.084669179801,-0.320311518852));
#483 = CARTESIAN_POINT('',(1.026045011622,-0.263020683176));
#484 = CARTESIAN_POINT('',(0.965503899389,-0.208635783711));
#485 = CARTESIAN_POINT('',(0.902731591172,-0.157573214238));
#486 = CARTESIAN_POINT('',(0.837486629878,-0.110292912003));
#487 = CARTESIAN_POINT('',(0.769626569281,-6.729627848614E-02));
#488 = CARTESIAN_POINT('',(0.699172500772,-2.909498475419E-02));
#489 = CARTESIAN_POINT('',(0.553483594566,3.678144800877E-02));
#490 = CARTESIAN_POINT('',(0.478248729949,6.445660668903E-02));
#491 = CARTESIAN_POINT('',(0.4008271314,8.640061680114E-02));
#492 = CARTESIAN_POINT('',(0.321604129668,0.102190257346));
#493 = CARTESIAN_POINT('',(0.241165694134,0.111493634867));
#494 = CARTESIAN_POINT('',(0.160270507929,0.114152927127));
#495 = CARTESIAN_POINT('',(7.966575927137E-02,0.110202569543));
#496 = CARTESIAN_POINT('',(-1.7763568394E-15,9.98309289517E-02));
#497 = ( GEOMETRIC_REPRESENTATION_CONTEXT(2) 
PARAMETRIC_REPRESENTATION_CONTEXT() REPRESENTATION_CONTEXT('2D SPACE',''
  ) );
#498 = PCURVE('',#128,#499);
#499 = DEFINITIONAL_REPRESENTATION('',(#500),#504);
#500 = LINE('',#501,#502);
#501 = CARTESIAN_POINT('',(-3.14159265359,12.990381056767));
#502 = VECTOR('',#503,1.);
#503 = DIRECTION('',(1.,0.));
#504 = ( GEOMETRIC_REPRESENTATION_CONTEXT(2) 
PARAMETRIC_REPRESENTATION_CONTEXT() REPRESENTATION_CONTEXT('2D SPACE',''
  ) );
#505 = ADVANCED_FACE('',(#506,#890,#1155,#1344),#128,.T.);
#506 = FACE_BOUND('',#507,.T.);
#507 = EDGE_LOOP('',(#508,#542,#619,#620,#643,#670,#671,#672,#860));
#508 = ORIENTED_EDGE('',*,*,#509,.F.);
#509 = EDGE_CURVE('',#510,#512,#514,.T.);
#510 = VERTEX_POINT('',#511);
#511 = CARTESIAN_POINT('',(16.496814388378,12.990381056767,
    -0.324214489829));
#512 = VERTEX_POINT('',#513);
#513 = CARTESIAN_POINT('',(11.496963790344,18.277127041126,
    -11.83510978417));
#514 = SURFACE_CURVE('',#515,(#520,#531),.PCURVE_S1.);
#515 = ELLIPSE('',#516,24.623228319565,16.5);
#516 = AXIS2_PLACEMENT_3D('',#517,#518,#519);
#517 = CARTESIAN_POINT('',(0.,0.,0.));
#518 = DIRECTION('',(-0.517204336752,0.670098972639,0.53241622901));
#519 = DIRECTION('',(0.466915371174,0.742271760791,-0.480648176209));
#520 = PCURVE('',#128,#521);
#521 = DEFINITIONAL_REPRESENTATION('',(#522),#530);
#522 = B_SPLINE_CURVE_WITH_KNOTS('',6,(#523,#524,#525,#526,#527,#528,
    #529),.UNSPECIFIED.,.F.,.F.,(7,7),(5.502945985718,6.28318530718),
  .PIECEWISE_BEZIER_KNOTS.);
#523 = CARTESIAN_POINT('',(2.351035648257,12.99038045677));
#524 = CARTESIAN_POINT('',(2.220995761346,14.662308033801));
#525 = CARTESIAN_POINT('',(2.090955874436,16.070627490657));
#526 = CARTESIAN_POINT('',(1.960915987526,17.164459024497));
#527 = CARTESIAN_POINT('',(1.830876100615,17.906240692988));
#528 = CARTESIAN_POINT('',(1.700836213705,18.277127041126));
#529 = CARTESIAN_POINT('',(1.570796326795,18.277127041126));
#530 = ( GEOMETRIC_REPRESENTATION_CONTEXT(2) 
PARAMETRIC_REPRESENTATION_CONTEXT() REPRESENTATION_CONTEXT('2D SPACE',''
  ) );
#531 = PCURVE('',#319,#532);
#532 = DEFINITIONAL_REPRESENTATION('',(#533),#541);
#533 = B_SPLINE_CURVE_WITH_KNOTS('',6,(#534,#535,#536,#537,#538,#539,
    #540),.UNSPECIFIED.,.F.,.F.,(7,7),(5.502945985718,6.28318530718),
  .PIECEWISE_BEZIER_KNOTS.);
#534 = CARTESIAN_POINT('',(1.590446907796,12.99038045677));
#535 = CARTESIAN_POINT('',(1.720486794706,14.6623080338));
#536 = CARTESIAN_POINT('',(1.850526681617,16.070627490656));
#537 = CARTESIAN_POINT('',(1.980566568527,17.164459024499));
#538 = CARTESIAN_POINT('',(2.110606455437,17.906240692987));
#539 = CARTESIAN_POINT('',(2.240646342348,18.277127041126));
#540 = CARTESIAN_POINT('',(2.370686229258,18.277127041126));
#541 = ( GEOMETRIC_REPRESENTATION_CONTEXT(2) 
PARAMETRIC_REPRESENTATION_CONTEXT() REPRESENTATION_CONTEXT('2D SPACE',''
  ) );
#542 = ORIENTED_EDGE('',*,*,#543,.T.);
#543 = EDGE_CURVE('',#510,#22,#544,.T.);
#544 = SURFACE_CURVE('',#545,(#550,#557),.PCURVE_S1.);
#545 = CIRCLE('',#546,16.5);
#546 = AXIS2_PLACEMENT_3D('',#547,#548,#549);
#547 = CARTESIAN_POINT('',(9.004363032217,1.32417103415,-9.269197239047)
  );
#548 = DIRECTION('',(0.693156189404,0.101934733736,-0.713543136151));
#549 = DIRECTION('',(0.717279380859,6.938893903907E-18,0.696785684263));
#550 = PCURVE('',#128,#551);
#551 = DEFINITIONAL_REPRESENTATION('',(#552),#556);
#552 = LINE('',#553,#554);
#553 = CARTESIAN_POINT('',(-3.14159265359,12.990381056767));
#554 = VECTOR('',#555,1.);
#555 = DIRECTION('',(1.,0.));
#556 = ( GEOMETRIC_REPRESENTATION_CONTEXT(2) 
PARAMETRIC_REPRESENTATION_CONTEXT() REPRESENTATION_CONTEXT('2D SPACE',''
  ) );
#557 = PCURVE('',#157,#558);
#558 = DEFINITIONAL_REPRESENTATION('',(#559),#618);
#559 = B_SPLINE_CURVE_WITH_KNOTS('',8,(#560,#561,#562,#563,#564,#565,
    #566,#567,#568,#569,#570,#571,#572,#573,#574,#575,#576,#577,#578,
    #579,#580,#581,#582,#583,#584,#585,#586,#587,#588,#589,#590,#591,
    #592,#593,#594,#595,#596,#597,#598,#599,#600,#601,#602,#603,#604,
    #605,#606,#607,#608,#609,#610,#611,#612,#613,#614,#615,#616,#617),
  .UNSPECIFIED.,.F.,.F.,(9,7,7,7,7,7,7,7,9),(3.14159265359,
    3.242291198105,3.339842913104,3.528849360915,3.88323645056,
    4.193325154,4.735980385019,5.549963231548,6.363946078077),
  .UNSPECIFIED.);
#560 = CARTESIAN_POINT('',(2.704050398655,-1.421424869906));
#561 = CARTESIAN_POINT('',(2.646166753089,-1.416565757278));
#562 = CARTESIAN_POINT('',(2.592264414717,-1.411219801447));
#563 = CARTESIAN_POINT('',(2.542290647576,-1.40545087437));
#564 = CARTESIAN_POINT('',(2.496007856589,-1.399318558054));
#565 = CARTESIAN_POINT('',(2.453103041007,-1.392873614164));
#566 = CARTESIAN_POINT('',(2.413261453718,-1.386158754947));
#567 = CARTESIAN_POINT('',(2.376181502247,-1.379209816857));
#568 = CARTESIAN_POINT('',(2.308074578389,-1.365127592027));
#569 = CARTESIAN_POINT('',(2.276894657443,-1.358006851781));
#570 = CARTESIAN_POINT('',(2.247796826961,-1.350722127364));
#571 = CARTESIAN_POINT('',(2.220552609388,-1.343295794674));
#572 = CARTESIAN_POINT('',(2.194962196989,-1.335746265172));
#573 = CARTESIAN_POINT('',(2.170852569097,-1.328088871504));
#574 = CARTESIAN_POINT('',(2.148072770921,-1.320336549904));
#575 = CARTESIAN_POINT('',(2.084678158423,-1.29731755849));
#576 = CARTESIAN_POINT('',(2.047364331635,-1.281819761427));
#577 = CARTESIAN_POINT('',(2.01359491655,-1.266086851507));
#578 = CARTESIAN_POINT('',(1.98269058717,-1.250171834185));
#579 = CARTESIAN_POINT('',(1.95414942653,-1.234113310011));
#580 = CARTESIAN_POINT('',(1.927586334689,-1.217941049383));
#581 = CARTESIAN_POINT('',(1.90269821214,-1.201678180249));
#582 = CARTESIAN_POINT('',(1.835263878449,-1.154716152191));
#583 = CARTESIAN_POINT('',(1.796321606516,-1.12383648268));
#584 = CARTESIAN_POINT('',(1.760818837276,-1.092828421186));
#585 = CARTESIAN_POINT('',(1.727898266829,-1.061761224403));
#586 = CARTESIAN_POINT('',(1.696948043416,-1.030688748701));
#587 = CARTESIAN_POINT('',(1.667548482811,-0.999651542083));
#588 = CARTESIAN_POINT('',(1.639376609402,-0.968684584534));
#589 = CARTESIAN_POINT('',(1.588393163112,-0.910810375144));
#590 = CARTESIAN_POINT('',(1.565351663275,-0.883879526188));
#591 = CARTESIAN_POINT('',(1.542895083606,-0.857046244035));
#592 = CARTESIAN_POINT('',(1.520899604852,-0.830328578601));
#593 = CARTESIAN_POINT('',(1.499266626533,-0.803743377091));
#594 = CARTESIAN_POINT('',(1.477914587282,-0.777306885431));
#595 = CARTESIAN_POINT('',(1.456775108981,-0.751035055293));
#596 = CARTESIAN_POINT('',(1.399063725214,-0.679284267244));
#597 = CARTESIAN_POINT('',(1.36280842625,-0.634177870404));
#598 = CARTESIAN_POINT('',(1.326707629148,-0.589710214809));
#599 = CARTESIAN_POINT('',(1.290533839019,-0.545967012903));
#600 = CARTESIAN_POINT('',(1.254102328258,-0.503038022979));
#601 = CARTESIAN_POINT('',(1.217254325435,-0.461019173341));
#602 = CARTESIAN_POINT('',(1.179853403404,-0.420013667728));
#603 = CARTESIAN_POINT('',(1.084669179801,-0.320311518852));
#604 = CARTESIAN_POINT('',(1.026045011622,-0.263020683176));
#605 = CARTESIAN_POINT('',(0.965503899389,-0.208635783711));
#606 = CARTESIAN_POINT('',(0.902731591172,-0.157573214238));
#607 = CARTESIAN_POINT('',(0.837486629878,-0.110292912003));
#608 = CARTESIAN_POINT('',(0.769626569281,-6.729627848614E-02));
#609 = CARTESIAN_POINT('',(0.699172500772,-2.909498475419E-02));
#610 = CARTESIAN_POINT('',(0.553483594566,3.678144800877E-02));
#611 = CARTESIAN_POINT('',(0.478248729949,6.445660668903E-02));
#612 = CARTESIAN_POINT('',(0.4008271314,8.640061680114E-02));
#613 = CARTESIAN_POINT('',(0.321604129668,0.102190257346));
#614 = CARTESIAN_POINT('',(0.241165694134,0.111493634867));
#615 = CARTESIAN_POINT('',(0.160270507929,0.114152927127));
#616 = CARTESIAN_POINT('',(7.966575927137E-02,0.110202569543));
#617 = CARTESIAN_POINT('',(-1.7763568394E-15,9.98309289517E-02));
#618 = ( GEOMETRIC_REPRESENTATION_CONTEXT(2) 
PARAMETRIC_REPRESENTATION_CONTEXT() REPRESENTATION_CONTEXT('2D SPACE',''
  ) );
#619 = ORIENTED_EDGE('',*,*,#21,.T.);
#620 = ORIENTED_EDGE('',*,*,#621,.T.);
#621 = EDGE_CURVE('',#24,#622,#624,.T.);
#622 = VERTEX_POINT('',#623);
#623 = CARTESIAN_POINT('',(31.140573958885,6.319953491627,
    -55.73663823173));
#624 = SEAM_CURVE('',#625,(#629,#636),.PCURVE_S1.);
#625 = LINE('',#626,#627);
#626 = CARTESIAN_POINT('',(-11.83510978417,0.,-11.49696379034));
#627 = VECTOR('',#628,1.);
#628 = DIRECTION('',(0.693156189404,0.101934733736,-0.713543136151));
#629 = PCURVE('',#128,#630);
#630 = DEFINITIONAL_REPRESENTATION('',(#631),#635);
#631 = LINE('',#632,#633);
#632 = CARTESIAN_POINT('',(0.,-0.));
#633 = VECTOR('',#634,1.);
#634 = DIRECTION('',(0.,1.));
#635 = ( GEOMETRIC_REPRESENTATION_CONTEXT(2) 
PARAMETRIC_REPRESENTATION_CONTEXT() REPRESENTATION_CONTEXT('2D SPACE',''
  ) );
#636 = PCURVE('',#128,#637);
#637 = DEFINITIONAL_REPRESENTATION('',(#638),#642);
#638 = LINE('',#639,#640);
#639 = CARTESIAN_POINT('',(6.28318530718,-0.));
#640 = VECTOR('',#641,1.);
#641 = DIRECTION('',(0.,1.));
#642 = ( GEOMETRIC_REPRESENTATION_CONTEXT(2) 
PARAMETRIC_REPRESENTATION_CONTEXT() REPRESENTATION_CONTEXT('2D SPACE',''
  ) );
#643 = ORIENTED_EDGE('',*,*,#644,.F.);
#644 = EDGE_CURVE('',#622,#622,#645,.T.);
#645 = SURFACE_CURVE('',#646,(#651,#658),.PCURVE_S1.);
#646 = CIRCLE('',#647,16.5);
#647 = AXIS2_PLACEMENT_3D('',#648,#649,#650);
#648 = CARTESIAN_POINT('',(42.975683743062,6.319953491627,
    -44.23967444138));
#649 = DIRECTION('',(0.693156189404,0.101934733736,-0.713543136151));
#650 = DIRECTION('',(-0.717279380859,6.938893903907E-18,-0.696785684263)
  );
#651 = PCURVE('',#128,#652);
#652 = DEFINITIONAL_REPRESENTATION('',(#653),#657);
#653 = LINE('',#654,#655);
#654 = CARTESIAN_POINT('',(0.,62.));
#655 = VECTOR('',#656,1.);
#656 = DIRECTION('',(1.,0.));
#657 = ( GEOMETRIC_REPRESENTATION_CONTEXT(2) 
PARAMETRIC_REPRESENTATION_CONTEXT() REPRESENTATION_CONTEXT('2D SPACE',''
  ) );
#658 = PCURVE('',#659,#664);
#659 = PLANE('',#660);
#660 = AXIS2_PLACEMENT_3D('',#661,#662,#663);
#661 = CARTESIAN_POINT('',(42.975683743062,6.319953491627,
    -44.23967444138));
#662 = DIRECTION('',(0.693156189404,0.101934733736,-0.713543136151));
#663 = DIRECTION('',(-0.717279380859,-6.938893903907E-18,-0.696785684263
    ));
#664 = DEFINITIONAL_REPRESENTATION('',(#665),#669);
#665 = CIRCLE('',#666,16.5);
#666 = AXIS2_PLACEMENT_2D('',#667,#668);
#667 = CARTESIAN_POINT('',(0.,0.));
#668 = DIRECTION('',(1.,6.938893903907E-18));
#669 = ( GEOMETRIC_REPRESENTATION_CONTEXT(2) 
PARAMETRIC_REPRESENTATION_CONTEXT() REPRESENTATION_CONTEXT('2D SPACE',''
  ) );
#670 = ORIENTED_EDGE('',*,*,#621,.F.);
#671 = ORIENTED_EDGE('',*,*,#429,.T.);
#672 = ORIENTED_EDGE('',*,*,#673,.F.);
#673 = EDGE_CURVE('',#674,#332,#676,.T.);
#674 = VERTEX_POINT('',#675);
#675 = CARTESIAN_POINT('',(6.242164159031,16.953362776187,
    -15.27368281102));
#676 = SURFACE_CURVE('',#677,(#736,#798),.PCURVE_S1.);
#677 = B_SPLINE_CURVE_WITH_KNOTS('',8,(#678,#679,#680,#681,#682,#683,
    #684,#685,#686,#687,#688,#689,#690,#691,#692,#693,#694,#695,#696,
    #697,#698,#699,#700,#701,#702,#703,#704,#705,#706,#707,#708,#709,
    #710,#711,#712,#713,#714,#715,#716,#717,#718,#719,#720,#721,#722,
    #723,#724,#725,#726,#727,#728,#729,#730,#731,#732,#733,#734,#735),
  .UNSPECIFIED.,.F.,.F.,(9,7,7,7,7,7,7,7,9),(0.,4.195996062151E-02,
    0.362175824864,0.436368264341,0.535403891509,0.587840771618,
    0.644230028019,0.958488089867,1.),.UNSPECIFIED.);
#678 = CARTESIAN_POINT('',(4.725608798265,17.146522682727,
    -11.16536456135));
#679 = CARTESIAN_POINT('',(4.770669674163,17.150089058751,
    -11.23728643587));
#680 = CARTESIAN_POINT('',(4.815083043812,17.15339898578,-11.30968171318
    ));
#681 = CARTESIAN_POINT('',(4.858850367448,17.156449628162,
    -11.38254508397));
#682 = CARTESIAN_POINT('',(4.901972715941,17.159237777442,
    -11.45587161378));
#683 = CARTESIAN_POINT('',(4.944450770791,17.161759852361,-11.5296567431
    ));
#684 = CARTESIAN_POINT('',(4.986284824134,17.164011898851,
    -11.60389628728));
#685 = CARTESIAN_POINT('',(5.027474778739,17.165989590044,-11.6785864366
    ));
#686 = CARTESIAN_POINT('',(5.377440611437,17.180651304798,
    -12.32713139006));
#687 = CARTESIAN_POINT('',(5.641016433062,17.177014464488,
    -12.91119458131));
#688 = CARTESIAN_POINT('',(5.868164085827,17.156458460033,
    -13.51327718857));
#689 = CARTESIAN_POINT('',(6.061577495713,17.115915076905,
    -14.14341680095));
#690 = CARTESIAN_POINT('',(6.216965001014,17.049391352578,
    -14.80834147094));
#691 = CARTESIAN_POINT('',(6.323197053976,16.947430693874,
    -15.50790842039));
#692 = CARTESIAN_POINT('',(6.362820389316,16.796127628687,
    -16.23193733477));
#693 = CARTESIAN_POINT('',(6.299601168643,16.527265637982,
    -17.12355983228));
#694 = CARTESIAN_POINT('',(6.28274175173,16.472733826523,-17.29247106506
    ));
#695 = CARTESIAN_POINT('',(6.260471676802,16.413856005857,-17.4625321536
    ));
#696 = CARTESIAN_POINT('',(6.232269575864,16.350208220235,
    -17.63356960837));
#697 = CARTESIAN_POINT('',(6.197540083321,16.281333570076,
    -17.80526591237));
#698 = CARTESIAN_POINT('',(6.15561672705,16.206744447283,-17.9771514306)
  );
#699 = CARTESIAN_POINT('',(6.10576379588,16.125926020815,-18.14859637274
    ));
#700 = CARTESIAN_POINT('',(5.968972962945,15.92142824869,-18.54600252464
    ));
#701 = CARTESIAN_POINT('',(5.873475997617,15.789870736286,
    -18.77602455648));
#702 = CARTESIAN_POINT('',(5.759691436861,15.644633992932,
    -19.00062477295));
#703 = CARTESIAN_POINT('',(5.627600196081,15.487002386793,
    -19.21329551545));
#704 = CARTESIAN_POINT('',(5.478247477704,15.318822507293,
    -19.40905447099));
#705 = CARTESIAN_POINT('',(5.313711522842,15.14256353368,-19.58442436837
    ));
#706 = CARTESIAN_POINT('',(5.137073730469,14.961299383445,
    -19.73746306679));
#707 = CARTESIAN_POINT('',(4.854790093986,14.682044915855,
    -19.93666270443));
#708 = CARTESIAN_POINT('',(4.755452958641,14.585602091531,
    -19.99880326295));
#709 = CARTESIAN_POINT('',(4.654847151019,14.489627275135,
    -20.05442061421));
#710 = CARTESIAN_POINT('',(4.553319468985,14.394358519219,
    -20.10382144036));
#711 = CARTESIAN_POINT('',(4.45121712459,14.300032761175,-20.14732363044
    ));
#712 = CARTESIAN_POINT('',(4.348888636498,14.206884941067,
    -20.18525613765));
#713 = CARTESIAN_POINT('',(4.246684722425,14.115147119451,-20.2179588366
    ));
#714 = CARTESIAN_POINT('',(4.035566202684,13.92815691131,-20.27570309582
    ));
#715 = CARTESIAN_POINT('',(3.926445138525,13.832911580911,
    -20.30005846213));
#716 = CARTESIAN_POINT('',(3.81776187161,13.739366195542,-20.31930870661
    ));
#717 = CARTESIAN_POINT('',(3.709643828839,13.647549987068,
    -20.33387431021));
#718 = CARTESIAN_POINT('',(3.602179829591,13.557467219652,
    -20.34413598532));
#719 = CARTESIAN_POINT('',(3.495419923843,13.469097581738,
    -20.35043465356));
#720 = CARTESIAN_POINT('',(3.389375230279,13.382396578029,
    -20.35307142343));
#721 = CARTESIAN_POINT('',(2.696859297812,12.823028851782,
    -20.34805059142));
#722 = CARTESIAN_POINT('',(2.113798073626,12.384538399217,
    -20.23804446914));
#723 = CARTESIAN_POINT('',(1.549721101225,11.98935995892,-20.05667265273
    ));
#724 = CARTESIAN_POINT('',(1.00974012452,11.638095291329,-19.82753377055
    ));
#725 = CARTESIAN_POINT('',(0.492659709075,11.326892204279,
    -19.56444976538));
#726 = CARTESIAN_POINT('',(-7.796602097869E-03,11.050272372893,
    -19.27264793869));
#727 = CARTESIAN_POINT('',(-0.501089462802,10.803871840048,
    -18.94997021756));
#728 = CARTESIAN_POINT('',(-1.061419583587,10.56002334006,
    -18.54099238854));
#729 = CARTESIAN_POINT('',(-1.12660038552,10.532211058424,
    -18.49276568035));
#730 = CARTESIAN_POINT('',(-1.191582141275,10.505042857862,
    -18.44403719713));
#731 = CARTESIAN_POINT('',(-1.256365052883,10.478522799654,
    -18.39481114127));
#732 = CARTESIAN_POINT('',(-1.320948999099,10.45265534572,
    -18.34509128749));
#733 = CARTESIAN_POINT('',(-1.385333535398,10.427445358621,
    -18.2948809828));
#734 = CARTESIAN_POINT('',(-1.449517893983,10.402898101555,
    -18.2441831465));
#735 = CARTESIAN_POINT('',(-1.513500983778,10.379019238361,
    -18.19300027025));
#736 = PCURVE('',#128,#737);
#737 = DEFINITIONAL_REPRESENTATION('',(#738),#797);
#738 = B_SPLINE_CURVE_WITH_KNOTS('',8,(#739,#740,#741,#742,#743,#744,
    #745,#746,#747,#748,#749,#750,#751,#752,#753,#754,#755,#756,#757,
    #758,#759,#760,#761,#762,#763,#764,#765,#766,#767,#768,#769,#770,
    #771,#772,#773,#774,#775,#776,#777,#778,#779,#780,#781,#782,#783,
    #784,#785,#786,#787,#788,#789,#790,#791,#792,#793,#794,#795,#796),
  .UNSPECIFIED.,.F.,.F.,(9,7,7,7,7,7,7,7,9),(0.,4.195996062151E-02,
    0.362175824864,0.436368264341,0.535403891509,0.587840771618,
    0.644230028019,0.958488089867,1.),.UNSPECIFIED.);
#739 = CARTESIAN_POINT('',(1.301474424668,12.990380456765));
#740 = CARTESIAN_POINT('',(1.300355740537,13.073297579284));
#741 = CARTESIAN_POINT('',(1.299186721536,13.156077531098));
#742 = CARTESIAN_POINT('',(1.297967602283,13.238717246889));
#743 = CARTESIAN_POINT('',(1.296698578709,13.321213620951));
#744 = CARTESIAN_POINT('',(1.295379808061,13.403563507193));
#745 = CARTESIAN_POINT('',(1.294011408899,13.485763719137));
#746 = CARTESIAN_POINT('',(1.292593461098,13.56781102992));
#747 = CARTESIAN_POINT('',(1.279927176174,14.274651350952));
#748 = CARTESIAN_POINT('',(1.266145543715,14.873734123937));
#749 = CARTESIAN_POINT('',(1.249847883689,15.458699466322));
#750 = CARTESIAN_POINT('',(1.230666987413,16.038264184768));
#751 = CARTESIAN_POINT('',(1.208032139388,16.613643352026));
#752 = CARTESIAN_POINT('',(1.181309865978,17.176056619512));
#753 = CARTESIAN_POINT('',(1.149902417577,17.704724604215));
#754 = CARTESIAN_POINT('',(1.104871369765,18.269708547819));
#755 = CARTESIAN_POINT('',(1.096063605827,18.372989103726));
#756 = CARTESIAN_POINT('',(1.086892635146,18.472896690926));
#757 = CARTESIAN_POINT('',(1.077333503515,18.568902911904));
#758 = CARTESIAN_POINT('',(1.067362948412,18.660321949289));
#759 = CARTESIAN_POINT('',(1.056959742749,18.746307024775));
#760 = CARTESIAN_POINT('',(1.046105003203,18.825846313886));
#761 = CARTESIAN_POINT('',(1.019668593464,18.993749907387));
#762 = CARTESIAN_POINT('',(1.003386646287,19.078275956781));
#763 = CARTESIAN_POINT('',(0.986244063844,19.144862758316));
#764 = CARTESIAN_POINT('',(0.968522070466,19.188984509972));
#765 = CARTESIAN_POINT('',(0.950495413262,19.207998836657));
#766 = CARTESIAN_POINT('',(0.932436949383,19.201116796185));
#767 = CARTESIAN_POINT('',(0.914618276538,19.169401817048));
#768 = CARTESIAN_POINT('',(0.888157331076,19.087406971618));
#769 = CARTESIAN_POINT('',(0.879199045421,19.053059916801));
#770 = CARTESIAN_POINT('',(0.870450833942,19.013226590446));
#771 = CARTESIAN_POINT('',(0.861920579906,18.968390474401));
#772 = CARTESIAN_POINT('',(0.853615953151,18.91904322054));
#773 = CARTESIAN_POINT('',(0.845544400829,18.865685077583));
#774 = CARTESIAN_POINT('',(0.837713138158,18.808825317914));
#775 = CARTESIAN_POINT('',(0.821973504,18.684629431999));
#776 = CARTESIAN_POINT('',(0.814082830193,18.616661288043));
#777 = CARTESIAN_POINT('',(0.806447637822,18.54552716477));
#778 = CARTESIAN_POINT('',(0.799057866751,18.47161839994));
#779 = CARTESIAN_POINT('',(0.791902848296,18.395268648655));
#780 = CARTESIAN_POINT('',(0.78497127689,18.316753795188));
#781 = CARTESIAN_POINT('',(0.778251181755,18.236291864799));
#782 = CARTESIAN_POINT('',(0.735386702205,17.695668579498));
#783 = CARTESIAN_POINT('',(0.704151160183,17.168324562134));
#784 = CARTESIAN_POINT('',(0.677559168874,16.607632093631));
#785 = CARTESIAN_POINT('',(0.655019911663,16.034034390507));
#786 = CARTESIAN_POINT('',(0.635908426889,15.456172710181));
#787 = CARTESIAN_POINT('',(0.619662508961,14.872867961157));
#788 = CARTESIAN_POINT('',(0.605920736868,14.275577715759));
#789 = CARTESIAN_POINT('',(0.593271294151,13.570501469775));
#790 = CARTESIAN_POINT('',(0.591845304652,13.488074119355));
#791 = CARTESIAN_POINT('',(0.590469327243,13.405492355128));
#792 = CARTESIAN_POINT('',(0.589143442162,13.322759449633));
#793 = CARTESIAN_POINT('',(0.587867769083,13.239878635152));
#794 = CARTESIAN_POINT('',(0.58664246712,13.156853103711));
#795 = CARTESIAN_POINT('',(0.585467734824,13.073686007078));
#796 = CARTESIAN_POINT('',(0.584343810183,12.990380456765));
#797 = ( GEOMETRIC_REPRESENTATION_CONTEXT(2) 
PARAMETRIC_REPRESENTATION_CONTEXT() REPRESENTATION_CONTEXT('2D SPACE',''
  ) );
#798 = PCURVE('',#417,#799);
#799 = DEFINITIONAL_REPRESENTATION('',(#800),#859);
#800 = B_SPLINE_CURVE_WITH_KNOTS('',8,(#801,#802,#803,#804,#805,#806,
    #807,#808,#809,#810,#811,#812,#813,#814,#815,#816,#817,#818,#819,
    #820,#821,#822,#823,#824,#825,#826,#827,#828,#829,#830,#831,#832,
    #833,#834,#835,#836,#837,#838,#839,#840,#841,#842,#843,#844,#845,
    #846,#847,#848,#849,#850,#851,#852,#853,#854,#855,#856,#857,#858),
  .UNSPECIFIED.,.F.,.F.,(9,7,7,7,7,7,7,7,9),(0.,4.195996062151E-02,
    0.362175824864,0.436368264341,0.535403891509,0.587840771618,
    0.644230028019,0.958488089867,1.),.UNSPECIFIED.);
#801 = CARTESIAN_POINT('',(0.834136161767,20.124611410199));
#802 = CARTESIAN_POINT('',(0.845130188673,20.178134181196));
#803 = CARTESIAN_POINT('',(0.856115392508,20.231796165039));
#804 = CARTESIAN_POINT('',(0.867093733612,20.285591640961));
#805 = CARTESIAN_POINT('',(0.878067194325,20.339514878991));
#806 = CARTESIAN_POINT('',(0.889037778996,20.393560139954));
#807 = CARTESIAN_POINT('',(0.900007513973,20.44772167547));
#808 = CARTESIAN_POINT('',(0.910978447612,20.501993727954));
#809 = CARTESIAN_POINT('',(1.005701865879,20.971345058778));
#810 = CARTESIAN_POINT('',(1.087394706356,21.381284289937));
#811 = CARTESIAN_POINT('',(1.169592803569,21.791246834824));
#812 = CARTESIAN_POINT('',(1.254518794883,22.206106035124));
#813 = CARTESIAN_POINT('',(1.344007965437,22.626232470525));
#814 = CARTESIAN_POINT('',(1.439567183033,23.044618347117));
#815 = CARTESIAN_POINT('',(1.542550941333,23.443964522721));
#816 = CARTESIAN_POINT('',(1.680519075331,23.875249465669));
#817 = CARTESIAN_POINT('',(1.707142031599,23.954315899665));
#818 = CARTESIAN_POINT('',(1.734508268003,24.031008423403));
#819 = CARTESIAN_POINT('',(1.76268616441,24.104895588945));
#820 = CARTESIAN_POINT('',(1.7917397242,24.175420570736));
#821 = CARTESIAN_POINT('',(1.821729839259,24.241897138743));
#822 = CARTESIAN_POINT('',(1.852715964082,24.303506547146));
#823 = CARTESIAN_POINT('',(1.927529711248,24.433764893554));
#824 = CARTESIAN_POINT('',(1.973129820097,24.499511557455));
#825 = CARTESIAN_POINT('',(2.020684712535,24.551439898095));
#826 = CARTESIAN_POINT('',(2.069499823908,24.585911311575));
#827 = CARTESIAN_POINT('',(2.11896831568,24.600771267876));
#828 = CARTESIAN_POINT('',(2.168518126287,24.59537776394));
#829 = CARTESIAN_POINT('',(2.217569465859,24.570609221395));
#830 = CARTESIAN_POINT('',(2.290839205899,24.506709051374));
#831 = CARTESIAN_POINT('',(2.315725272324,24.479956438861));
#832 = CARTESIAN_POINT('',(2.340126818501,24.448953960519));
#833 = CARTESIAN_POINT('',(2.364035081365,24.4140911201));
#834 = CARTESIAN_POINT('',(2.387438573215,24.375764475786));
#835 = CARTESIAN_POINT('',(2.41032311377,24.334376922892));
#836 = CARTESIAN_POINT('',(2.432671862228,24.290336976568));
#837 = CARTESIAN_POINT('',(2.477901498257,24.194290905949));
#838 = CARTESIAN_POINT('',(2.500755815209,24.14180659162));
#839 = CARTESIAN_POINT('',(2.523057826832,24.08696857252));
#840 = CARTESIAN_POINT('',(2.544836855757,24.030093842085));
#841 = CARTESIAN_POINT('',(2.566122750861,23.971453188177));
#842 = CARTESIAN_POINT('',(2.586946617535,23.91127145507));
#843 = CARTESIAN_POINT('',(2.607341547948,23.84972780544));
#844 = CARTESIAN_POINT('',(2.738813662482,23.437127793037));
#845 = CARTESIAN_POINT('',(2.841347535983,23.038876874162));
#846 = CARTESIAN_POINT('',(2.936532508188,22.62186045062));
#847 = CARTESIAN_POINT('',(3.025710781183,22.203098851713));
#848 = CARTESIAN_POINT('',(3.110374375262,21.789500263726));
#849 = CARTESIAN_POINT('',(3.192336640309,21.38072440197));
#850 = CARTESIAN_POINT('',(3.273789770517,20.972012281824));
#851 = CARTESIAN_POINT('',(3.36828363015,20.503773477869));
#852 = CARTESIAN_POINT('',(3.379305992646,20.449244063705));
#853 = CARTESIAN_POINT('',(3.39032709673,20.394826067996));
#854 = CARTESIAN_POINT('',(3.401349020332,20.340525329372));
#855 = CARTESIAN_POINT('',(3.412373818771,20.286347677658));
#856 = CARTESIAN_POINT('',(3.423403524755,20.232298933878));
#857 = CARTESIAN_POINT('',(3.434440148383,20.178384910252));
#858 = CARTESIAN_POINT('',(3.445485677143,20.124611410199));
#859 = ( GEOMETRIC_REPRESENTATION_CONTEXT(2) 
PARAMETRIC_REPRESENTATION_CONTEXT() REPRESENTATION_CONTEXT('2D SPACE',''
  ) );
#860 = ORIENTED_EDGE('',*,*,#861,.F.);
#861 = EDGE_CURVE('',#512,#674,#862,.T.);
#862 = SURFACE_CURVE('',#863,(#868,#879),.PCURVE_S1.);
#863 = ELLIPSE('',#864,24.623228319565,16.5);
#864 = AXIS2_PLACEMENT_3D('',#865,#866,#867);
#865 = CARTESIAN_POINT('',(0.,0.,0.));
#866 = DIRECTION('',(-0.517204336752,0.670098972639,0.53241622901));
#867 = DIRECTION('',(0.466915371174,0.742271760791,-0.480648176209));
#868 = PCURVE('',#128,#869);
#869 = DEFINITIONAL_REPRESENTATION('',(#870),#878);
#870 = B_SPLINE_CURVE_WITH_KNOTS('',6,(#871,#872,#873,#874,#875,#876,
    #877),.UNSPECIFIED.,.F.,.F.,(7,7),(0.,0.780239321462),
  .PIECEWISE_BEZIER_KNOTS.);
#871 = CARTESIAN_POINT('',(1.570796326795,18.277127041126));
#872 = CARTESIAN_POINT('',(1.440756439885,18.277127041126));
#873 = CARTESIAN_POINT('',(1.310716552974,17.906240692988));
#874 = CARTESIAN_POINT('',(1.180676666064,17.164459024498));
#875 = CARTESIAN_POINT('',(1.050636779154,16.070627490656));
#876 = CARTESIAN_POINT('',(0.920596892244,14.662308033801));
#877 = CARTESIAN_POINT('',(0.790557005333,12.99038045677));
#878 = ( GEOMETRIC_REPRESENTATION_CONTEXT(2) 
PARAMETRIC_REPRESENTATION_CONTEXT() REPRESENTATION_CONTEXT('2D SPACE',''
  ) );
#879 = PCURVE('',#319,#880);
#880 = DEFINITIONAL_REPRESENTATION('',(#881),#889);
#881 = B_SPLINE_CURVE_WITH_KNOTS('',6,(#882,#883,#884,#885,#886,#887,
    #888),.UNSPECIFIED.,.F.,.F.,(7,7),(0.,0.780239321462),
  .PIECEWISE_BEZIER_KNOTS.);
#882 = CARTESIAN_POINT('',(2.370686229258,18.277127041126));
#883 = CARTESIAN_POINT('',(2.500726116168,18.277127041126));
#884 = CARTESIAN_POINT('',(2.630766003078,17.906240692988));
#885 = CARTESIAN_POINT('',(2.760805889989,17.164459024498));
#886 = CARTESIAN_POINT('',(2.890845776899,16.070627490657));
#887 = CARTESIAN_POINT('',(3.020885663809,14.6623080338));
#888 = CARTESIAN_POINT('',(3.15092555072,12.99038045677));
#889 = ( GEOMETRIC_REPRESENTATION_CONTEXT(2) 
PARAMETRIC_REPRESENTATION_CONTEXT() REPRESENTATION_CONTEXT('2D SPACE',''
  ) );
#890 = FACE_BOUND('',#891,.T.);
#891 = EDGE_LOOP('',(#892,#1009,#1042));
#892 = ORIENTED_EDGE('',*,*,#893,.F.);
#893 = EDGE_CURVE('',#894,#896,#898,.T.);
#894 = VERTEX_POINT('',#895);
#895 = CARTESIAN_POINT('',(35.484711645043,9.505473098042,-14.4042084354
    ));
#896 = VERTEX_POINT('',#897);
#897 = CARTESIAN_POINT('',(32.018613598908,3.666916503238,
    -9.301102866954));
#898 = SURFACE_CURVE('',#899,(#932,#968),.PCURVE_S1.);
#899 = B_SPLINE_CURVE_WITH_KNOTS('',7,(#900,#901,#902,#903,#904,#905,
    #906,#907,#908,#909,#910,#911,#912,#913,#914,#915,#916,#917,#918,
    #919,#920,#921,#922,#923,#924,#925,#926,#927,#928,#929,#930,#931),
  .UNSPECIFIED.,.F.,.F.,(8,6,6,6,6,8),(0.,0.534318182873,0.787595950498,
    0.901912101044,0.937487058217,1.),.UNSPECIFIED.);
#900 = CARTESIAN_POINT('',(35.484712045427,9.505473315039,
    -14.40420893038));
#901 = CARTESIAN_POINT('',(35.118262401919,9.306868773166,
    -13.95117846225));
#902 = CARTESIAN_POINT('',(34.76484600265,9.092349861649,-13.50451722658
    ));
#903 = CARTESIAN_POINT('',(34.418618286036,8.856728485943,
    -13.05693179681));
#904 = CARTESIAN_POINT('',(34.077465497854,8.593828873099,-12.6047550724
    ));
#905 = CARTESIAN_POINT('',(33.743439408571,8.296973085805,
    -12.14902989239));
#906 = CARTESIAN_POINT('',(33.422263528842,7.958769590424,
    -11.69576800623));
#907 = CARTESIAN_POINT('',(32.982133185487,7.388489522658,
    -11.05062203896));
#908 = CARTESIAN_POINT('',(32.846502219491,7.195237597318,
    -10.84787572359));
#909 = CARTESIAN_POINT('',(32.715156358357,6.988266055554,
    -10.64743693678));
#910 = CARTESIAN_POINT('',(32.58806493949,6.763748914975,-10.44885703648
    ));
#911 = CARTESIAN_POINT('',(32.466771675516,6.518037876075,
    -10.25386909182));
#912 = CARTESIAN_POINT('',(32.354403055793,6.247874895212,
    -10.06665972438));
#913 = CARTESIAN_POINT('',(32.211154513288,5.816533203818,
    -9.816356203638));
#914 = CARTESIAN_POINT('',(32.169198933457,5.676305845385,
    -9.741183929571));
#915 = CARTESIAN_POINT('',(32.130159116007,5.529197942193,
    -9.669094113391));
#916 = CARTESIAN_POINT('',(32.094562532739,5.374493730187,
    -9.600807763943));
#917 = CARTESIAN_POINT('',(32.063139425532,5.211581699012,
    -9.537370363939));
#918 = CARTESIAN_POINT('',(32.036825629301,5.039982208887,
    -9.480165197846));
#919 = CARTESIAN_POINT('',(32.01052834579,4.803172544745,-9.415598167536
    ));
#920 = CARTESIAN_POINT('',(32.00489257652,4.746091969252,-9.401043828449
    ));
#921 = CARTESIAN_POINT('',(31.999901417785,4.688163393701,
    -9.387322291779));
#922 = CARTESIAN_POINT('',(31.995592972918,4.629415728095,
    -9.374495229928));
#923 = CARTESIAN_POINT('',(31.99200443125,4.569878309351,-9.362623099735
    ));
#924 = CARTESIAN_POINT('',(31.989172068111,4.509580901304,
    -9.351765142475));
#925 = CARTESIAN_POINT('',(31.983545074185,4.341315611608,
    -9.324783676341));
#926 = CARTESIAN_POINT('',(31.98239442881,4.231567033476,-9.310857204867
    ));
#927 = CARTESIAN_POINT('',(31.983909359391,4.119946776431,-9.3006234162)
  );
#928 = CARTESIAN_POINT('',(31.98824476505,4.00707595675,-9.294392542109)
  );
#929 = CARTESIAN_POINT('',(31.995481252805,3.893558501163,
    -9.292360712079));
#930 = CARTESIAN_POINT('',(32.005625997029,3.77998165715,-9.294609066015
    ));
#931 = CARTESIAN_POINT('',(32.018613598911,3.666916503239,
    -9.301102866956));
#932 = PCURVE('',#128,#933);
#933 = DEFINITIONAL_REPRESENTATION('',(#934),#967);
#934 = B_SPLINE_CURVE_WITH_KNOTS('',7,(#935,#936,#937,#938,#939,#940,
    #941,#942,#943,#944,#945,#946,#947,#948,#949,#950,#951,#952,#953,
    #954,#955,#956,#957,#958,#959,#960,#961,#962,#963,#964,#965,#966),
  .UNSPECIFIED.,.F.,.F.,(8,6,6,6,6,8),(0.,0.534318182873,0.787595950498,
    0.901912101044,0.937487058217,1.),.UNSPECIFIED.);
#935 = CARTESIAN_POINT('',(2.77706217956,35.843410088885));
#936 = CARTESIAN_POINT('',(2.786041191339,35.245901768281));
#937 = CARTESIAN_POINT('',(2.796101512738,34.660350016669));
#938 = CARTESIAN_POINT('',(2.807502180816,34.076970618505));
#939 = CARTESIAN_POINT('',(2.820591976205,33.49105225178));
#940 = CARTESIAN_POINT('',(2.835781899233,32.904080510772));
#941 = CARTESIAN_POINT('',(2.853545446317,32.323558870851));
#942 = CARTESIAN_POINT('',(2.884264587189,31.500008975586));
#943 = CARTESIAN_POINT('',(2.894776563861,31.241628206763));
#944 = CARTESIAN_POINT('',(2.906138960941,30.98646570062));
#945 = CARTESIAN_POINT('',(2.918579551018,30.733790077231));
#946 = CARTESIAN_POINT('',(2.932326995014,30.485536101705));
#947 = CARTESIAN_POINT('',(2.947599910263,30.246526146765));
#948 = CARTESIAN_POINT('',(2.972265220635,29.924661473262));
#949 = CARTESIAN_POINT('',(2.980319618601,29.827647004788));
#950 = CARTESIAN_POINT('',(2.988808302888,29.734151715225));
#951 = CARTESIAN_POINT('',(2.997778877751,29.644982734612));
#952 = CARTESIAN_POINT('',(3.007274710327,29.561329897493));
#953 = CARTESIAN_POINT('',(3.017333595892,29.484780024815));
#954 = CARTESIAN_POINT('',(3.031301666095,29.396341408626));
#955 = CARTESIAN_POINT('',(3.034674610663,29.376231298253));
#956 = CARTESIAN_POINT('',(3.038104024687,29.35707580345));
#957 = CARTESIAN_POINT('',(3.041588572354,29.338948288632));
#958 = CARTESIAN_POINT('',(3.045126893841,29.321920660827));
#959 = CARTESIAN_POINT('',(3.048717605324,29.306063369676));
#960 = CARTESIAN_POINT('',(3.058758547238,29.265758466543));
#961 = CARTESIAN_POINT('',(3.065330556528,29.243836559359));
#962 = CARTESIAN_POINT('',(3.072039542783,29.226206412026));
#963 = CARTESIAN_POINT('',(3.078850211171,29.213260070901));
#964 = CARTESIAN_POINT('',(3.085727668746,29.205254917197));
#965 = CARTESIAN_POINT('',(3.092637337112,29.202313681612));
#966 = CARTESIAN_POINT('',(3.099544865085,29.204424458972));
#967 = ( GEOMETRIC_REPRESENTATION_CONTEXT(2) 
PARAMETRIC_REPRESENTATION_CONTEXT() REPRESENTATION_CONTEXT('2D SPACE',''
  ) );
#968 = PCURVE('',#969,#974);
#969 = CYLINDRICAL_SURFACE('',#970,6.);
#970 = AXIS2_PLACEMENT_3D('',#971,#972,#973);
#971 = CARTESIAN_POINT('',(0.,0.,0.));
#972 = DIRECTION('',(0.888888888889,0.111111111111,-0.444444444444));
#973 = DIRECTION('',(0.4472135955,0.,0.894427191));
#974 = DEFINITIONAL_REPRESENTATION('',(#975),#1008);
#975 = B_SPLINE_CURVE_WITH_KNOTS('',7,(#976,#977,#978,#979,#980,#981,
    #982,#983,#984,#985,#986,#987,#988,#989,#990,#991,#992,#993,#994,
    #995,#996,#997,#998,#999,#1000,#1001,#1002,#1003,#1004,#1005,#1006,
    #1007),.UNSPECIFIED.,.F.,.F.,(8,6,6,6,6,8),(0.,0.534318182873,
    0.787595950498,0.901912101044,0.937487058217,1.),.UNSPECIFIED.);
#976 = CARTESIAN_POINT('',(5.233243572596,39.0000006));
#977 = CARTESIAN_POINT('',(5.279612627797,38.450853537501));
#978 = CARTESIAN_POINT('',(5.327446023559,37.914354087686));
#979 = CARTESIAN_POINT('',(5.377821944342,37.381489106831));
#980 = CARTESIAN_POINT('',(5.431760952808,36.848063682838));
#981 = CARTESIAN_POINT('',(5.49019441667,36.315623102663));
#982 = CARTESIAN_POINT('',(5.554024288075,35.791105538457));
#983 = CARTESIAN_POINT('',(5.65751712944,35.049782573602));
#984 = CARTESIAN_POINT('',(5.6920369814,34.817639805291));
#985 = CARTESIAN_POINT('',(5.728468878873,34.588807185506));
#986 = CARTESIAN_POINT('',(5.767433325865,34.362632952982));
#987 = CARTESIAN_POINT('',(5.809482722748,34.140854183057));
#988 = CARTESIAN_POINT('',(5.855111207668,33.927748693231));
#989 = CARTESIAN_POINT('',(5.927211175598,33.64124379163));
#990 = CARTESIAN_POINT('',(5.950554892952,33.554959225703));
#991 = CARTESIAN_POINT('',(5.974955172929,33.471871924868));
#992 = CARTESIAN_POINT('',(6.000535943634,33.392691671986));
#993 = CARTESIAN_POINT('',(6.027409243438,33.318464284336));
#994 = CARTESIAN_POINT('',(6.055676313189,33.250583114965));
#995 = CARTESIAN_POINT('',(6.094690275493,33.172199109024));
#996 = CARTESIAN_POINT('',(6.104094550696,33.154378655023));
#997 = CARTESIAN_POINT('',(6.113640123172,33.137407100344));
#998 = CARTESIAN_POINT('',(6.123323648844,33.121348936795));
#999 = CARTESIAN_POINT('',(6.133141895302,33.106267350921));
#1000 = CARTESIAN_POINT('',(6.143091741803,33.09222422401));
#1001 = CARTESIAN_POINT('',(6.170880187217,33.056534545605));
#1002 = CARTESIAN_POINT('',(6.189029720647,33.03712792038));
#1003 = CARTESIAN_POINT('',(6.207524179963,33.02152392404));
#1004 = CARTESIAN_POINT('',(6.226273320532,33.010067138398));
#1005 = CARTESIAN_POINT('',(6.245189995506,33.002983485769));
#1006 = CARTESIAN_POINT('',(6.264188898652,33.000380655272));
#1007 = CARTESIAN_POINT('',(6.28318530718,33.00224852915));
#1008 = ( GEOMETRIC_REPRESENTATION_CONTEXT(2) 
PARAMETRIC_REPRESENTATION_CONTEXT() REPRESENTATION_CONTEXT('2D SPACE',''
  ) );
#1009 = ORIENTED_EDGE('',*,*,#1010,.T.);
#1010 = EDGE_CURVE('',#894,#1011,#1013,.T.);
#1011 = VERTEX_POINT('',#1012);
#1012 = CARTESIAN_POINT('',(36.556425033856,-0.782975434559,
    -14.83289379092));
#1013 = SURFACE_CURVE('',#1014,(#1019,#1030),.PCURVE_S1.);
#1014 = ELLIPSE('',#1015,17.467799976614,16.5);
#1015 = AXIS2_PLACEMENT_3D('',#1016,#1017,#1018);
#1016 = CARTESIAN_POINT('',(28.618705035971,4.208633093525,
    -29.46043165467));
#1017 = DIRECTION('',(0.888888888889,0.111111111111,-0.444444444444));
#1018 = DIRECTION('',(-0.446274272914,-9.201531400283E-03,
    -0.894848928677));
#1019 = PCURVE('',#128,#1020);
#1020 = DEFINITIONAL_REPRESENTATION('',(#1021),#1029);
#1021 = B_SPLINE_CURVE_WITH_KNOTS('',6,(#1022,#1023,#1024,#1025,#1026,
    #1027,#1028),.UNSPECIFIED.,.F.,.F.,(7,7),(2.691374708662,
    3.594510851331),.PIECEWISE_BEZIER_KNOTS.);
#1022 = CARTESIAN_POINT('',(2.645960054753,36.125277808495));
#1023 = CARTESIAN_POINT('',(2.796482745198,35.749717902333));
#1024 = CARTESIAN_POINT('',(2.947005435643,35.514511922975));
#1025 = CARTESIAN_POINT('',(3.097528126088,35.434974915122));
#1026 = CARTESIAN_POINT('',(3.248050816533,35.516890649236));
#1027 = CARTESIAN_POINT('',(3.398573506978,35.754377127726));
#1028 = CARTESIAN_POINT('',(3.549096197423,36.132033854921));
#1029 = ( GEOMETRIC_REPRESENTATION_CONTEXT(2) 
PARAMETRIC_REPRESENTATION_CONTEXT() REPRESENTATION_CONTEXT('2D SPACE',''
  ) );
#1030 = PCURVE('',#1031,#1036);
#1031 = PLANE('',#1032);
#1032 = AXIS2_PLACEMENT_3D('',#1033,#1034,#1035);
#1033 = CARTESIAN_POINT('',(34.666666666667,4.333333333333,
    -17.33333333333));
#1034 = DIRECTION('',(0.888888888889,0.111111111111,-0.444444444444));
#1035 = DIRECTION('',(0.4472135955,0.,0.894427191));
#1036 = DEFINITIONAL_REPRESENTATION('',(#1037),#1041);
#1037 = ELLIPSE('',#1038,17.467799976614,16.5);
#1038 = AXIS2_PLACEMENT_2D('',#1039,#1040);
#1039 = CARTESIAN_POINT('',(-13.55153715284,0.12547719586));
#1040 = DIRECTION('',(-0.999957135815,9.258862368659E-03));
#1041 = ( GEOMETRIC_REPRESENTATION_CONTEXT(2) 
PARAMETRIC_REPRESENTATION_CONTEXT() REPRESENTATION_CONTEXT('2D SPACE',''
  ) );
#1042 = ORIENTED_EDGE('',*,*,#1043,.F.);
#1043 = EDGE_CURVE('',#896,#1011,#1044,.T.);
#1044 = SURFACE_CURVE('',#1045,(#1078,#1114),.PCURVE_S1.);
#1045 = B_SPLINE_CURVE_WITH_KNOTS('',7,(#1046,#1047,#1048,#1049,#1050,
    #1051,#1052,#1053,#1054,#1055,#1056,#1057,#1058,#1059,#1060,#1061,
    #1062,#1063,#1064,#1065,#1066,#1067,#1068,#1069,#1070,#1071,#1072,
    #1073,#1074,#1075,#1076,#1077),.UNSPECIFIED.,.F.,.F.,(8,6,6,6,6,8),(
    0.,6.757131496839E-02,0.122585004311,0.218028183687,0.485874158905,
    1.),.UNSPECIFIED.);
#1046 = CARTESIAN_POINT('',(32.018613598911,3.666916503239,
    -9.301102866956));
#1047 = CARTESIAN_POINT('',(32.032553536025,3.545560678692,
    -9.308072835513));
#1048 = CARTESIAN_POINT('',(32.049696558622,3.425420831205,
    -9.319897714651));
#1049 = CARTESIAN_POINT('',(32.069915456026,3.307066624461,
    -9.336452509876));
#1050 = CARTESIAN_POINT('',(32.093006526971,3.191058788085,
    -9.357489540842));
#1051 = CARTESIAN_POINT('',(32.11868805037,3.077949457495,
    -9.382639872111));
#1052 = CARTESIAN_POINT('',(32.146598756076,2.968282513743,
    -9.411414743902));
#1053 = CARTESIAN_POINT('',(32.200474768672,2.776546770351,
    -9.469090907251));
#1054 = CARTESIAN_POINT('',(32.225894767504,2.692933283783,
    -9.497036336337));
#1055 = CARTESIAN_POINT('',(32.252422800449,2.611728516393,
    -9.526834493851));
#1056 = CARTESIAN_POINT('',(32.279931938293,2.532903441321,
    -9.558286679429));
#1057 = CARTESIAN_POINT('',(32.308301814301,2.456424952117,
    -9.591204288598));
#1058 = CARTESIAN_POINT('',(32.337418624218,2.382255862734,
    -9.625408812777));
#1059 = CARTESIAN_POINT('',(32.418799643668,2.185614032188,
    -9.722013712839));
#1060 = CARTESIAN_POINT('',(32.472434166246,2.06749498431,
    -9.786763220414));
#1061 = CARTESIAN_POINT('',(32.527635247096,1.955568660295,
    -9.854246996105));
#1062 = CARTESIAN_POINT('',(32.584061973496,1.849380278343,
    -9.923889737509));
#1063 = CARTESIAN_POINT('',(32.641473398394,1.748457518883,
    -9.995267802049));
#1064 = CARTESIAN_POINT('',(32.699725971881,1.652318665001,
    -10.0681028033));
#1065 = CARTESIAN_POINT('',(32.92447129744,1.302752343853,
    -10.35035203635));
#1066 = CARTESIAN_POINT('',(33.097938763888,1.076520774581,
    -10.57074122021));
#1067 = CARTESIAN_POINT('',(33.274965446289,0.877444673501,
    -10.7964723734));
#1068 = CARTESIAN_POINT('',(33.453137727693,0.701135485319,
    -11.02359080253));
#1069 = CARTESIAN_POINT('',(33.631743029079,0.543407753767,
    -11.25074224317));
#1070 = CARTESIAN_POINT('',(33.811716669993,0.400467134987,
    -11.47885289823));
#1071 = CARTESIAN_POINT('',(34.348645215066,1.675653258025E-02,
    -12.15626606526));
#1072 = CARTESIAN_POINT('',(34.711385083715,-0.189695237889,
    -12.6100578892));
#1073 = CARTESIAN_POINT('',(35.077766943777,-0.358696541882,
    -13.06281413265));
#1074 = CARTESIAN_POINT('',(35.444525524052,-0.497427609535,
    -13.51021949641));
#1075 = CARTESIAN_POINT('',(35.811209999135,-0.61171405048,
    -13.9519300417));
#1076 = CARTESIAN_POINT('',(36.180144219982,-0.705936349277,
    -14.39087724718));
#1077 = CARTESIAN_POINT('',(36.556425466061,-0.782975523049,
    -14.83289429864));
#1078 = PCURVE('',#128,#1079);
#1079 = DEFINITIONAL_REPRESENTATION('',(#1080),#1113);
#1080 = B_SPLINE_CURVE_WITH_KNOTS('',7,(#1081,#1082,#1083,#1084,#1085,
    #1086,#1087,#1088,#1089,#1090,#1091,#1092,#1093,#1094,#1095,#1096,
    #1097,#1098,#1099,#1100,#1101,#1102,#1103,#1104,#1105,#1106,#1107,
    #1108,#1109,#1110,#1111,#1112),.UNSPECIFIED.,.F.,.F.,(8,6,6,6,6,8),(
    0.,6.757131496839E-02,0.122585004311,0.218028183687,0.485874158905,
    1.),.UNSPECIFIED.);
#1081 = CARTESIAN_POINT('',(3.099544865085,29.204424458972));
#1082 = CARTESIAN_POINT('',(3.106958897825,29.206690012223));
#1083 = CARTESIAN_POINT('',(3.11433218736,29.214763942421));
#1084 = CARTESIAN_POINT('',(3.121629979304,29.228526952251));
#1085 = CARTESIAN_POINT('',(3.128817218206,29.247718272136));
#1086 = CARTESIAN_POINT('',(3.135858459884,29.271935655785));
#1087 = CARTESIAN_POINT('',(3.142717783737,29.300635375745));
#1088 = CARTESIAN_POINT('',(3.154765460639,29.359589765863));
#1089 = CARTESIAN_POINT('',(3.160040233585,29.38862694601));
#1090 = CARTESIAN_POINT('',(3.16518325415,29.41999970066));
#1091 = CARTESIAN_POINT('',(3.170195026792,29.453475307919));
#1092 = CARTESIAN_POINT('',(3.17507633018,29.488832382714));
#1093 = CARTESIAN_POINT('',(3.179828217201,29.525860876799));
#1094 = CARTESIAN_POINT('',(3.192473835777,29.631157764851));
#1095 = CARTESIAN_POINT('',(3.200123320373,29.702495999147));
#1096 = CARTESIAN_POINT('',(3.207421492928,29.777502374909));
#1097 = CARTESIAN_POINT('',(3.214391832866,29.855483725232));
#1098 = CARTESIAN_POINT('',(3.221059836222,29.935922603153));
#1099 = CARTESIAN_POINT('',(3.227452577006,30.018471761761));
#1100 = CARTESIAN_POINT('',(3.250845166224,30.340019428267));
#1101 = CARTESIAN_POINT('',(3.266305365627,30.594455810945));
#1102 = CARTESIAN_POINT('',(3.280188897342,30.857939097162));
#1103 = CARTESIAN_POINT('',(3.292726579727,31.125527082843));
#1104 = CARTESIAN_POINT('',(3.304157229169,31.395332869974));
#1105 = CARTESIAN_POINT('',(3.314716260649,31.668278891387));
#1106 = CARTESIAN_POINT('',(3.343646639591,32.48470431326));
#1107 = CARTESIAN_POINT('',(3.360016298589,33.038895133321));
#1108 = CARTESIAN_POINT('',(3.374151080537,33.598688994247));
#1109 = CARTESIAN_POINT('',(3.386434088513,34.158011486132));
#1110 = CARTESIAN_POINT('',(3.397206487283,34.715710869422));
#1111 = CARTESIAN_POINT('',(3.406752727947,35.275043148746));
#1112 = CARTESIAN_POINT('',(3.415293819802,35.843410088885));
#1113 = ( GEOMETRIC_REPRESENTATION_CONTEXT(2) 
PARAMETRIC_REPRESENTATION_CONTEXT() REPRESENTATION_CONTEXT('2D SPACE',''
  ) );
#1114 = PCURVE('',#1115,#1120);
#1115 = CYLINDRICAL_SURFACE('',#1116,6.);
#1116 = AXIS2_PLACEMENT_3D('',#1117,#1118,#1119);
#1117 = CARTESIAN_POINT('',(0.,0.,0.));
#1118 = DIRECTION('',(0.888888888889,0.111111111111,-0.444444444444));
#1119 = DIRECTION('',(0.4472135955,0.,0.894427191));
#1120 = DEFINITIONAL_REPRESENTATION('',(#1121),#1154);
#1121 = B_SPLINE_CURVE_WITH_KNOTS('',7,(#1122,#1123,#1124,#1125,#1126,
    #1127,#1128,#1129,#1130,#1131,#1132,#1133,#1134,#1135,#1136,#1137,
    #1138,#1139,#1140,#1141,#1142,#1143,#1144,#1145,#1146,#1147,#1148,
    #1149,#1150,#1151,#1152,#1153),.UNSPECIFIED.,.F.,.F.,(8,6,6,6,6,8),(
    0.,6.757131496839E-02,0.122585004311,0.218028183687,0.485874158905,
    1.),.UNSPECIFIED.);
#1122 = CARTESIAN_POINT('',(0.,33.00224852915));
#1123 = CARTESIAN_POINT('',(2.038934844638E-02,33.00425336766));
#1124 = CARTESIAN_POINT('',(4.067053105326E-02,33.011398239865));
#1125 = CARTESIAN_POINT('',(6.075996435268E-02,33.023577812463));
#1126 = CARTESIAN_POINT('',(8.057245861485E-02,33.040563240802));
#1127 = CARTESIAN_POINT('',(0.100019901784,33.062001483211));
#1128 = CARTESIAN_POINT('',(0.119009943411,33.087414615328));
#1129 = CARTESIAN_POINT('',(0.152453455543,33.139634283192));
#1130 = CARTESIAN_POINT('',(0.167129709012,33.165359641018));
#1131 = CARTESIAN_POINT('',(0.181476090847,33.193160988376));
#1132 = CARTESIAN_POINT('',(0.195495353186,33.22283396282));
#1133 = CARTESIAN_POINT('',(0.209190348462,33.254184068991));
#1134 = CARTESIAN_POINT('',(0.2225640294,33.28702667862));
#1135 = CARTESIAN_POINT('',(0.258269279842,33.380451781432));
#1136 = CARTESIAN_POINT('',(0.279998653075,33.443780132882));
#1137 = CARTESIAN_POINT('',(0.300864629338,33.510404291276));
#1138 = CARTESIAN_POINT('',(0.320928504236,33.579715001816));
#1139 = CARTESIAN_POINT('',(0.340256147259,33.651257323803));
#1140 = CARTESIAN_POINT('',(0.358918340677,33.724726405919));
#1141 = CARTESIAN_POINT('',(0.427709470586,34.011103429865));
#1142 = CARTESIAN_POINT('',(0.474253208849,34.238110640726));
#1143 = CARTESIAN_POINT('',(0.517118133055,34.473673081938));
#1144 = CARTESIAN_POINT('',(0.556820866584,34.713400057445));
#1145 = CARTESIAN_POINT('',(0.593936223985,34.955591217677));
#1146 = CARTESIAN_POINT('',(0.62910799231,35.201068009761));
#1147 = CARTESIAN_POINT('',(0.728151849572,35.936775834908));
#1148 = CARTESIAN_POINT('',(0.787795660148,36.437957443184));
#1149 = CARTESIAN_POINT('',(0.842779812123,36.946077282106));
#1150 = CARTESIAN_POINT('',(0.893836922297,37.455517174285));
#1151 = CARTESIAN_POINT('',(0.941745283157,37.965076234381));
#1152 = CARTESIAN_POINT('',(0.987316178698,38.47763626659));
#1153 = CARTESIAN_POINT('',(1.03142374526,39.0000006));
#1154 = ( GEOMETRIC_REPRESENTATION_CONTEXT(2) 
PARAMETRIC_REPRESENTATION_CONTEXT() REPRESENTATION_CONTEXT('2D SPACE',''
  ) );
#1155 = FACE_BOUND('',#1156,.T.);
#1156 = EDGE_LOOP('',(#1157));
#1157 = ORIENTED_EDGE('',*,*,#1158,.T.);
#1158 = EDGE_CURVE('',#1159,#1159,#1161,.T.);
#1159 = VERTEX_POINT('',#1160);
#1160 = CARTESIAN_POINT('',(26.927423018702,20.531623381788,
    -32.82298426296));
#1161 = SURFACE_CURVE('',#1162,(#1219,#1279),.PCURVE_S1.);
#1162 = B_SPLINE_CURVE_WITH_KNOTS('',7,(#1163,#1164,#1165,#1166,#1167,
    #1168,#1169,#1170,#1171,#1172,#1173,#1174,#1175,#1176,#1177,#1178,
    #1179,#1180,#1181,#1182,#1183,#1184,#1185,#1186,#1187,#1188,#1189,
    #1190,#1191,#1192,#1193,#1194,#1195,#1196,#1197,#1198,#1199,#1200,
    #1201,#1202,#1203,#1204,#1205,#1206,#1207,#1208,#1209,#1210,#1211,
    #1212,#1213,#1214,#1215,#1216,#1217,#1218),.UNSPECIFIED.,.T.,.F.,(8,
    6,6,6,6,6,6,6,6,8),(0.,6.176212545825E-02,0.134624444669,
    0.265633692392,0.387695468645,0.49970241532,0.637560490342,
    0.765574007497,0.887043068681,1.),.UNSPECIFIED.);
#1163 = CARTESIAN_POINT('',(26.927423018702,20.531623381786,
    -32.82298426296));
#1164 = CARTESIAN_POINT('',(26.92905260102,20.52054222202,
    -32.96426461771));
#1165 = CARTESIAN_POINT('',(26.939509808383,20.510991979431,
    -33.10285469687));
#1166 = CARTESIAN_POINT('',(26.958159717648,20.503072088152,
    -33.23838179774));
#1167 = CARTESIAN_POINT('',(26.984440749662,20.496857684752,
    -33.37055837308));
#1168 = CARTESIAN_POINT('',(27.017860995737,20.492403716054,
    -33.49916156272));
#1169 = CARTESIAN_POINT('',(27.057994544128,20.489749046937,
    -33.62401272518));
#1170 = CARTESIAN_POINT('',(27.159315270032,20.487943191059,
    -33.88763790931));
#1171 = CARTESIAN_POINT('',(27.22299311813,20.48950759618,
    -34.02489038141));
#1172 = CARTESIAN_POINT('',(27.29490879785,20.493657947275,
    -34.15643899091));
#1173 = CARTESIAN_POINT('',(27.374560268298,20.500414681382,
    -34.28203781925));
#1174 = CARTESIAN_POINT('',(27.461530948496,20.509776692254,
    -34.40144787498));
#1175 = CARTESIAN_POINT('',(27.555474665237,20.521723513801,
    -34.51441454484));
#1176 = CARTESIAN_POINT('',(27.837029897211,20.562278253636,
    -34.81165156279));
#1177 = CARTESIAN_POINT('',(28.039332281822,20.596539823047,
    -34.98063841806));
#1178 = CARTESIAN_POINT('',(28.261390583147,20.638766556806,
    -35.12617568415));
#1179 = CARTESIAN_POINT('',(28.502076575188,20.688531380376,
    -35.24612632371));
#1180 = CARTESIAN_POINT('',(28.760330041777,20.745138890603,
    -35.33749379479));
#1181 = CARTESIAN_POINT('',(29.034691316328,20.807371175517,
    -35.39619042388));
#1182 = CARTESIAN_POINT('',(29.590661186775,20.93450369554,
    -35.43580248231));
#1183 = CARTESIAN_POINT('',(29.877934099357,21.000632393858,
    -35.42228650704));
#1184 = CARTESIAN_POINT('',(30.176199300414,21.06859816291,
    -35.36785100236));
#1185 = CARTESIAN_POINT('',(30.476253993742,21.1344030803,
    -35.26732975919));
#1186 = CARTESIAN_POINT('',(30.768243845547,21.193610043386,
    -35.11837821306));
#1187 = CARTESIAN_POINT('',(31.04193472354,21.242453022741,
    -34.92115018711));
#1188 = CARTESIAN_POINT('',(31.511379387247,21.311489002698,
    -34.45525594523));
#1189 = CARTESIAN_POINT('',(31.700155900872,21.332013548699,
    -34.20526534699));
#1190 = CARTESIAN_POINT('',(31.850153824492,21.340227221658,
    -33.93654630308));
#1191 = CARTESIAN_POINT('',(31.960229010727,21.337616363884,
    -33.65776812151));
#1192 = CARTESIAN_POINT('',(32.031229193506,21.326627037668,
    -33.3776843782));
#1193 = CARTESIAN_POINT('',(32.066398457789,21.309935484825,
    -33.1047554756));
#1194 = CARTESIAN_POINT('',(32.07824460616,21.265555326117,
    -32.52921745747));
#1195 = CARTESIAN_POINT('',(32.039741464926,21.235495355546,
    -32.22492752342));
#1196 = CARTESIAN_POINT('',(31.962768880422,21.203026480573,
    -31.93807617389));
#1197 = CARTESIAN_POINT('',(31.852231208822,21.170203840964,
    -31.67084638889));
#1198 = CARTESIAN_POINT('',(31.711729035776,21.13825531092,
    -31.42466202007));
#1199 = CARTESIAN_POINT('',(31.543783392567,21.107901115294,
    -31.20088136137));
#1200 = CARTESIAN_POINT('',(31.170048144464,21.052940049396,
    -30.81615390009));
#1201 = CARTESIAN_POINT('',(30.968236193034,21.028139229859,
    -30.65229283953));
#1202 = CARTESIAN_POINT('',(30.746060628663,21.005203981,-30.51119895391
    ));
#1203 = CARTESIAN_POINT('',(30.504658496827,20.984039282586,
    -30.39493399507));
#1204 = CARTESIAN_POINT('',(30.245193649656,20.964290509127,
    -30.30637151811));
#1205 = CARTESIAN_POINT('',(29.969343130055,20.945243292294,
    -30.24940852364));
#1206 = CARTESIAN_POINT('',(29.405598798232,20.907290329781,
    -30.21016456696));
#1207 = CARTESIAN_POINT('',(29.111435858757,20.887914970945,
    -30.22368476264));
#1208 = CARTESIAN_POINT('',(28.806224595966,20.867134576972,
    -30.27812784385));
#1209 = CARTESIAN_POINT('',(28.499930864885,20.843769856512,
    -30.37865617497));
#1210 = CARTESIAN_POINT('',(28.203266946136,20.816408698439,
    -30.52761105572));
#1211 = CARTESIAN_POINT('',(27.927116832463,20.784391568171,
    -30.72483439928));
#1212 = CARTESIAN_POINT('',(27.454692688186,20.714917429307,
    -31.19368558784));
#1213 = CARTESIAN_POINT('',(27.266120449789,20.679755216667,
    -31.44727838297));
#1214 = CARTESIAN_POINT('',(27.119351478047,20.643975060267,
    -31.71989353227));
#1215 = CARTESIAN_POINT('',(27.014984364262,20.609401179549,
    -32.00256985468));
#1216 = CARTESIAN_POINT('',(26.951366389636,20.578207494783,
    -32.28629947999));
#1217 = CARTESIAN_POINT('',(26.924417475661,20.552061074464,
    -32.56241185605));
#1218 = CARTESIAN_POINT('',(26.927423018702,20.531623381786,
    -32.82298426296));
#1219 = PCURVE('',#128,#1220);
#1220 = DEFINITIONAL_REPRESENTATION('',(#1221),#1278);
#1221 = B_SPLINE_CURVE_WITH_KNOTS('',7,(#1222,#1223,#1224,#1225,#1226,
    #1227,#1228,#1229,#1230,#1231,#1232,#1233,#1234,#1235,#1236,#1237,
    #1238,#1239,#1240,#1241,#1242,#1243,#1244,#1245,#1246,#1247,#1248,
    #1249,#1250,#1251,#1252,#1253,#1254,#1255,#1256,#1257,#1258,#1259,
    #1260,#1261,#1262,#1263,#1264,#1265,#1266,#1267,#1268,#1269,#1270,
    #1271,#1272,#1273,#1274,#1275,#1276,#1277),.UNSPECIFIED.,.F.,.F.,(8,
    6,6,6,6,6,6,6,6,8),(0.,6.176212545825E-02,0.134624444669,
    0.265633692392,0.387695468645,0.49970241532,0.637560490342,
    0.765574007497,0.887043068681,1.),.UNSPECIFIED.);
#1222 = CARTESIAN_POINT('',(1.353570757745,44.178410621552));
#1223 = CARTESIAN_POINT('',(1.347533528495,44.279220248953));
#1224 = CARTESIAN_POINT('',(1.341996238506,44.384385225254));
#1225 = CARTESIAN_POINT('',(1.336949194398,44.493209645873));
#1226 = CARTESIAN_POINT('',(1.332382079791,44.605106730412));
#1227 = CARTESIAN_POINT('',(1.328284638436,44.719582089971));
#1228 = CARTESIAN_POINT('',(1.324647357344,44.836216994469));
#1229 = CARTESIAN_POINT('',(1.317704481316,45.094371943959));
#1230 = CARTESIAN_POINT('',(1.31457574106,45.236605665099));
#1231 = CARTESIAN_POINT('',(1.312063344684,45.380743135927));
#1232 = CARTESIAN_POINT('',(1.31015733425,45.526262973424));
#1233 = CARTESIAN_POINT('',(1.308850689594,45.672705778438));
#1234 = CARTESIAN_POINT('',(1.308139639555,45.819647835118));
#1235 = CARTESIAN_POINT('',(1.307816000698,46.231034957399));
#1236 = CARTESIAN_POINT('',(1.309533091721,46.495333962055));
#1237 = CARTESIAN_POINT('',(1.313165442793,46.757406536161));
#1238 = CARTESIAN_POINT('',(1.318749841266,47.014902240825));
#1239 = CARTESIAN_POINT('',(1.326357764778,47.264877132963));
#1240 = CARTESIAN_POINT('',(1.336083006243,47.503278556746));
#1241 = CARTESIAN_POINT('',(1.359149035971,47.92987664555));
#1242 = CARTESIAN_POINT('',(1.372506141569,48.126098222824));
#1243 = CARTESIAN_POINT('',(1.388070997008,48.300928584868));
#1244 = CARTESIAN_POINT('',(1.405632774439,48.44389491634));
#1245 = CARTESIAN_POINT('',(1.42483780205,48.546041382018));
#1246 = CARTESIAN_POINT('',(1.445229517868,48.6));
#1247 = CARTESIAN_POINT('',(1.485531486568,48.6));
#1248 = CARTESIAN_POINT('',(1.504352338526,48.55456469749));
#1249 = CARTESIAN_POINT('',(1.522243473064,48.467631315874));
#1250 = CARTESIAN_POINT('',(1.538806663703,48.344744217457));
#1251 = CARTESIAN_POINT('',(1.55372090856,48.19298640697));
#1252 = CARTESIAN_POINT('',(1.566774695815,48.020916206079));
#1253 = CARTESIAN_POINT('',(1.591594937341,47.613932355057));
#1254 = CARTESIAN_POINT('',(1.602772978233,47.367055515458));
#1255 = CARTESIAN_POINT('',(1.611546929742,47.105710974417));
#1256 = CARTESIAN_POINT('',(1.618034409863,46.835065357295));
#1257 = CARTESIAN_POINT('',(1.622328995334,46.558755574924));
#1258 = CARTESIAN_POINT('',(1.624481380425,46.27957171298));
#1259 = CARTESIAN_POINT('',(1.624481380425,45.740392731654));
#1260 = CARTESIAN_POINT('',(1.622625403877,45.481055528444));
#1261 = CARTESIAN_POINT('',(1.61892007496,45.224038688745));
#1262 = CARTESIAN_POINT('',(1.613328898026,44.971591825674));
#1263 = CARTESIAN_POINT('',(1.605783239171,44.726535927404));
#1264 = CARTESIAN_POINT('',(1.596194034601,44.492741305694));
#1265 = CARTESIAN_POINT('',(1.573342349856,44.070107451797));
#1266 = CARTESIAN_POINT('',(1.559984440188,43.873878810391));
#1267 = CARTESIAN_POINT('',(1.544418962999,43.699048977498));
#1268 = CARTESIAN_POINT('',(1.526856982339,43.556089206124));
#1269 = CARTESIAN_POINT('',(1.507652207137,43.453951455057));
#1270 = CARTESIAN_POINT('',(1.487261338508,43.4));
#1271 = CARTESIAN_POINT('',(1.446703580485,43.4));
#1272 = CARTESIAN_POINT('',(1.427646415268,43.446655133359));
#1273 = CARTESIAN_POINT('',(1.409554080425,43.535796740062));
#1274 = CARTESIAN_POINT('',(1.392834376092,43.661631499457));
#1275 = CARTESIAN_POINT('',(1.377814058706,43.8168079133));
#1276 = CARTESIAN_POINT('',(1.364705606318,43.992480969129));
#1277 = CARTESIAN_POINT('',(1.353570757745,44.178410621552));
#1278 = ( GEOMETRIC_REPRESENTATION_CONTEXT(2) 
PARAMETRIC_REPRESENTATION_CONTEXT() REPRESENTATION_CONTEXT('2D SPACE',''
  ) );
#1279 = PCURVE('',#1280,#1285);
#1280 = CYLINDRICAL_SURFACE('',#1281,2.6);
#1281 = AXIS2_PLACEMENT_3D('',#1282,#1283,#1284);
#1282 = CARTESIAN_POINT('',(29.19354588844,22.992141756102,
    -32.82298426296));
#1283 = DIRECTION('',(0.145493990495,-0.989359135365,0.));
#1284 = DIRECTION('',(-0.989359135365,-0.145493990495,0.));
#1285 = DEFINITIONAL_REPRESENTATION('',(#1286),#1343);
#1286 = B_SPLINE_CURVE_WITH_KNOTS('',7,(#1287,#1288,#1289,#1290,#1291,
    #1292,#1293,#1294,#1295,#1296,#1297,#1298,#1299,#1300,#1301,#1302,
    #1303,#1304,#1305,#1306,#1307,#1308,#1309,#1310,#1311,#1312,#1313,
    #1314,#1315,#1316,#1317,#1318,#1319,#1320,#1321,#1322,#1323,#1324,
    #1325,#1326,#1327,#1328,#1329,#1330,#1331,#1332,#1333,#1334,#1335,
    #1336,#1337,#1338,#1339,#1340,#1341,#1342),.UNSPECIFIED.,.F.,.F.,(8,
    6,6,6,6,6,6,6,6,8),(0.,6.176212545825E-02,0.134624444669,
    0.265633692392,0.387695468645,0.49970241532,0.637560490342,
    0.765574007497,0.887043068681,1.),.UNSPECIFIED.);
#1287 = CARTESIAN_POINT('',(0.,2.104629072093));
#1288 = CARTESIAN_POINT('',(5.433859797886E-02,2.115829413172));
#1289 = CARTESIAN_POINT('',(0.107642730562,2.126799493751));
#1290 = CARTESIAN_POINT('',(0.160030084594,2.137348560261));
#1291 = CARTESIAN_POINT('',(0.211608635645,2.147320569257));
#1292 = CARTESIAN_POINT('',(0.262479786225,2.156589588841));
#1293 = CARTESIAN_POINT('',(0.312741504004,2.165055200092));
#1294 = CARTESIAN_POINT('',(0.421182723482,2.181583396834));
#1295 = CARTESIAN_POINT('',(0.479165320296,2.189300382562));
#1296 = CARTESIAN_POINT('',(0.536589139456,2.195657494012));
#1297 = CARTESIAN_POINT('',(0.593593992549,2.200561467683));
#1298 = CARTESIAN_POINT('',(0.650314109217,2.20395278802));
#1299 = CARTESIAN_POINT('',(0.706882632619,2.205801337213));
#1300 = CARTESIAN_POINT('',(0.865121447567,2.20664272912));
#1301 = CARTESIAN_POINT('',(0.966628411871,2.202179513655));
#1302 = CARTESIAN_POINT('',(1.068843860797,2.192710257236));
#1303 = CARTESIAN_POINT('',(1.172546648289,2.178493339856));
#1304 = CARTESIAN_POINT('',(1.278568454992,2.160062509895));
#1305 = CARTESIAN_POINT('',(1.387759975263,2.138410346973));
#1306 = CARTESIAN_POINT('',(1.606963491582,2.093520901932));
#1307 = CARTESIAN_POINT('',(1.719343302174,2.069892352555));
#1308 = CARTESIAN_POINT('',(1.836834348055,2.046045592379));
#1309 = CARTESIAN_POINT('',(1.958609049694,2.024597050906));
#1310 = CARTESIAN_POINT('',(2.084266763595,2.008502869823));
#1311 = CARTESIAN_POINT('',(2.213675564822,2.));
#1312 = CARTESIAN_POINT('',(2.469438058495,2.));
#1313 = CARTESIAN_POINT('',(2.588877884686,2.007159701194));
#1314 = CARTESIAN_POINT('',(2.7053386465,2.02085722529));
#1315 = CARTESIAN_POINT('',(2.818575830184,2.03945557938));
#1316 = CARTESIAN_POINT('',(2.928132630705,2.060658069582));
#1317 = CARTESIAN_POINT('',(3.033214833979,2.082288926474));
#1318 = CARTESIAN_POINT('',(3.254584865434,2.127920385319));
#1319 = CARTESIAN_POINT('',(3.37146548353,2.152058516147));
#1320 = CARTESIAN_POINT('',(3.484477827935,2.172982845739));
#1321 = CARTESIAN_POINT('',(3.594635490324,2.189373657142));
#1322 = CARTESIAN_POINT('',(3.702940894566,2.200540005373));
#1323 = CARTESIAN_POINT('',(3.810318918175,2.206136124295));
#1324 = CARTESIAN_POINT('',(4.017695449454,2.206136124295));
#1325 = CARTESIAN_POINT('',(4.117440329854,2.201310615526));
#1326 = CARTESIAN_POINT('',(4.217919812594,2.191676604056));
#1327 = CARTESIAN_POINT('',(4.319875606951,2.177493532304));
#1328 = CARTESIAN_POINT('',(4.424098064121,2.15928158573));
#1329 = CARTESIAN_POINT('',(4.531397786043,2.13799153083));
#1330 = CARTESIAN_POINT('',(4.748564316604,2.093519228551));
#1331 = CARTESIAN_POINT('',(4.860949529625,2.069889476896));
#1332 = CARTESIAN_POINT('',(4.978443501772,2.046042344942));
#1333 = CARTESIAN_POINT('',(5.100218237376,2.024594547376));
#1334 = CARTESIAN_POINT('',(5.225873613345,2.008501741695));
#1335 = CARTESIAN_POINT('',(5.355277035143,2.));
#1336 = CARTESIAN_POINT('',(5.612662807212,2.));
#1337 = CARTESIAN_POINT('',(5.733602310041,2.007351928834));
#1338 = CARTESIAN_POINT('',(5.851458307227,2.021397350054));
#1339 = CARTESIAN_POINT('',(5.965997751776,2.040418546926));
#1340 = CARTESIAN_POINT('',(6.076767982792,2.062024270919));
#1341 = CARTESIAN_POINT('',(6.182965150675,2.083971565685));
#1342 = CARTESIAN_POINT('',(6.28318530718,2.104629072093));
#1343 = ( GEOMETRIC_REPRESENTATION_CONTEXT(2) 
PARAMETRIC_REPRESENTATION_CONTEXT() REPRESENTATION_CONTEXT('2D SPACE',''
  ) );
#1344 = FACE_BOUND('',#1345,.T.);
#1345 = EDGE_LOOP('',(#1346));
#1346 = ORIENTED_EDGE('',*,*,#1347,.F.);
#1347 = EDGE_CURVE('',#1348,#1348,#1350,.T.);
#1348 = VERTEX_POINT('',#1349);
#1349 = CARTESIAN_POINT('',(31.69827890259,-11.91019662865,
    -32.82298426296));
#1350 = SURFACE_CURVE('',#1351,(#1408,#1468),.PCURVE_S1.);
#1351 = B_SPLINE_CURVE_WITH_KNOTS('',7,(#1352,#1353,#1354,#1355,#1356,
    #1357,#1358,#1359,#1360,#1361,#1362,#1363,#1364,#1365,#1366,#1367,
    #1368,#1369,#1370,#1371,#1372,#1373,#1374,#1375,#1376,#1377,#1378,
    #1379,#1380,#1381,#1382,#1383,#1384,#1385,#1386,#1387,#1388,#1389,
    #1390,#1391,#1392,#1393,#1394,#1395,#1396,#1397,#1398,#1399,#1400,
    #1401,#1402,#1403,#1404,#1405,#1406,#1407),.UNSPECIFIED.,.T.,.F.,(8,
    6,6,6,6,6,6,6,6,8),(0.,6.176212658024E-02,0.134624440925,
    0.265633689214,0.387695465996,0.499702413154,0.637560488773,
    0.765574006482,0.887043068192,1.),.UNSPECIFIED.);
#1352 = CARTESIAN_POINT('',(31.69827890259,-11.91019662865,
    -32.82298426296));
#1353 = CARTESIAN_POINT('',(31.696649320272,-11.89911546888,
    -32.96426461771));
#1354 = CARTESIAN_POINT('',(31.703914366035,-11.8869590126,
    -33.10285469687));
#1355 = CARTESIAN_POINT('',(31.719494623735,-11.87400527324,
    -33.23838179774));
#1356 = CARTESIAN_POINT('',(31.742873920985,-11.86048788024,
    -33.37055837308));
#1357 = CARTESIAN_POINT('',(31.773596993765,-11.84660107053,
    -33.49916156272));
#1358 = CARTESIAN_POINT('',(31.81126715103,-11.83250468,-33.62401272518)
  );
#1359 = CARTESIAN_POINT('',(31.907778365899,-11.80160589242,
    -33.88763789719));
#1360 = CARTESIAN_POINT('',(31.969210674687,-11.78477174399,
    -34.02489039079));
#1361 = CARTESIAN_POINT('',(32.039276509018,-11.76804246039,
    -34.15643900067));
#1362 = CARTESIAN_POINT('',(32.117500972506,-11.75158214595,
    -34.28203781368));
#1363 = CARTESIAN_POINT('',(32.203484819095,-11.73550966798,
    -34.40144786539));
#1364 = CARTESIAN_POINT('',(32.296890643114,-11.71990508608,
    -34.51441455239));
#1365 = CARTESIAN_POINT('',(32.578201033007,-11.67768546978,
    -34.81165156279));
#1366 = CARTESIAN_POINT('',(32.781802159676,-11.65225534635,
    -34.98063841806));
#1367 = CARTESIAN_POINT('',(33.006615900807,-11.62876560328,
    -35.12617568415));
#1368 = CARTESIAN_POINT('',(33.251438844932,-11.60713205388,
    -35.24612632371));
#1369 = CARTESIAN_POINT('',(33.51505546152,-11.58699396364,
    -35.33749379479));
#1370 = CARTESIAN_POINT('',(33.795717255243,-11.56760520911,
    -35.39619042388));
#1371 = CARTESIAN_POINT('',(34.364749414671,-11.52929625415,
    -35.43580248231));
#1372 = CARTESIAN_POINT('',(34.658897951131,-11.50992179819,
    -35.42228650704));
#1373 = CARTESIAN_POINT('',(34.964102272782,-11.4891420492,
    -35.36785100236));
#1374 = CARTESIAN_POINT('',(35.270398233892,-11.4657777527,
    -35.26732975919));
#1375 = CARTESIAN_POINT('',(35.567071298953,-11.43841663978,
    -35.11837821306));
#1376 = CARTESIAN_POINT('',(35.84323640987,-11.40639844429,
    -34.92115018711));
#1377 = CARTESIAN_POINT('',(36.312681073573,-11.33736246434,
    -34.45525594523));
#1378 = CARTESIAN_POINT('',(36.499374200212,-11.30267088677,
    -34.20526534698));
#1379 = CARTESIAN_POINT('',(36.645386308945,-11.26735367262,
    -33.93654630307));
#1380 = CARTESIAN_POINT('',(36.750049597672,-11.23316362735,
    -33.65776812151));
#1381 = CARTESIAN_POINT('',(36.814880110638,-11.20219919882,
    -33.37768437821));
#1382 = CARTESIAN_POINT('',(36.843755055546,-11.17608937992,
    -33.10475547559));
#1383 = CARTESIAN_POINT('',(36.842322997838,-11.13017773729,
    -32.52921745747));
#1384 = CARTESIAN_POINT('',(36.79679595065,-11.11247514737,
    -32.22492752342));
#1385 = CARTESIAN_POINT('',(36.713734637724,-11.10354066908,
    -31.93807617389));
#1386 = CARTESIAN_POINT('',(36.598427437007,-11.10393051069,
    -31.67084638889));
#1387 = CARTESIAN_POINT('',(36.454675990835,-11.11378398347,
    -31.42466202007));
#1388 = CARTESIAN_POINT('',(36.285101944279,-11.13306503634,
    -31.20088136137));
#1389 = CARTESIAN_POINT('',(35.911366696176,-11.18802610224,
    -30.81615390009));
#1390 = CARTESIAN_POINT('',(35.710958909798,-11.22237524414,
    -30.65229283953));
#1391 = CARTESIAN_POINT('',(35.491586726977,-11.26437348752,
    -30.51119895391));
#1392 = CARTESIAN_POINT('',(35.254311698551,-11.31360248914,
    -30.39493399507));
#1393 = CARTESIAN_POINT('',(35.000146308946,-11.36938757403,
    -30.30637151811));
#1394 = CARTESIAN_POINT('',(34.730490939435,-11.43056181148,
    -30.24940852364));
#1395 = CARTESIAN_POINT('',(34.179687513061,-11.55651293106,
    -30.21016456696));
#1396 = CARTESIAN_POINT('',(33.892400547312,-11.62264491123,
    -30.22368476264));
#1397 = CARTESIAN_POINT('',(33.594128513299,-11.6906120609,
    -30.27812784385));
#1398 = CARTESIAN_POINT('',(33.294075833531,-11.75641593027,
    -30.37865617497));
#1399 = CARTESIAN_POINT('',(33.002094727814,-11.81562021697,
    -30.52761105572));
#1400 = CARTESIAN_POINT('',(32.728418518792,-11.86445989886,
    -30.72483439928));
#1401 = CARTESIAN_POINT('',(32.255994374516,-11.93393403773,
    -31.19368558784));
#1402 = CARTESIAN_POINT('',(32.065282813191,-11.95454885446,
    -31.44727838297));
#1403 = CARTESIAN_POINT('',(31.914426792685,-11.96253707927,
    -31.71989353227));
#1404 = CARTESIAN_POINT('',(31.804524739227,-11.95947337021,
    -32.00256985468));
#1405 = CARTESIAN_POINT('',(31.734619758599,-11.94791541416,
    -32.28629947999));
#1406 = CARTESIAN_POINT('',(31.701284445631,-11.93063432133,
    -32.56241185605));
#1407 = CARTESIAN_POINT('',(31.69827890259,-11.91019662865,
    -32.82298426296));
#1408 = PCURVE('',#128,#1409);
#1409 = DEFINITIONAL_REPRESENTATION('',(#1410),#1467);
#1410 = B_SPLINE_CURVE_WITH_KNOTS('',7,(#1411,#1412,#1413,#1414,#1415,
    #1416,#1417,#1418,#1419,#1420,#1421,#1422,#1423,#1424,#1425,#1426,
    #1427,#1428,#1429,#1430,#1431,#1432,#1433,#1434,#1435,#1436,#1437,
    #1438,#1439,#1440,#1441,#1442,#1443,#1444,#1445,#1446,#1447,#1448,
    #1449,#1450,#1451,#1452,#1453,#1454,#1455,#1456,#1457,#1458,#1459,
    #1460,#1461,#1462,#1463,#1464,#1465,#1466),.UNSPECIFIED.,.T.,.F.,(8,
    6,6,6,6,6,6,6,6,8),(0.,6.176212658024E-02,0.134624440925,
    0.265633689214,0.387695465996,0.499702413154,0.637560488773,
    0.765574006482,0.887043068192,1.),.UNSPECIFIED.);
#1411 = CARTESIAN_POINT('',(4.720514141524,44.178410621552));
#1412 = CARTESIAN_POINT('',(4.726551370773,44.279220248953));
#1413 = CARTESIAN_POINT('',(4.732088660762,44.384385225254));
#1414 = CARTESIAN_POINT('',(4.73713570487,44.493209645873));
#1415 = CARTESIAN_POINT('',(4.741702819477,44.605106730412));
#1416 = CARTESIAN_POINT('',(4.745800260833,44.719582089972));
#1417 = CARTESIAN_POINT('',(4.749437541925,44.836216994469));
#1418 = CARTESIAN_POINT('',(4.756380417634,45.094371932091));
#1419 = CARTESIAN_POINT('',(4.759509158328,45.236605676321));
#1420 = CARTESIAN_POINT('',(4.762021554823,45.38074314577));
#1421 = CARTESIAN_POINT('',(4.763927565026,45.526262965506));
#1422 = CARTESIAN_POINT('',(4.765234209518,45.672705767499));
#1423 = CARTESIAN_POINT('',(4.765945259721,45.819647845572));
#1424 = CARTESIAN_POINT('',(4.76626889857,46.231034957399));
#1425 = CARTESIAN_POINT('',(4.764551807547,46.495333962055));
#1426 = CARTESIAN_POINT('',(4.760919456475,46.757406536161));
#1427 = CARTESIAN_POINT('',(4.755335058003,47.014902240825));
#1428 = CARTESIAN_POINT('',(4.747727134491,47.264877132963));
#1429 = CARTESIAN_POINT('',(4.738001893026,47.503278556746));
#1430 = CARTESIAN_POINT('',(4.714935863297,47.92987664555));
#1431 = CARTESIAN_POINT('',(4.701578757699,48.126098222824));
#1432 = CARTESIAN_POINT('',(4.686013902261,48.300928584868));
#1433 = CARTESIAN_POINT('',(4.66845212483,48.44389491634));
#1434 = CARTESIAN_POINT('',(4.649247097219,48.546041382018));
#1435 = CARTESIAN_POINT('',(4.628855381401,48.6));
#1436 = CARTESIAN_POINT('',(4.588553412701,48.6));
#1437 = CARTESIAN_POINT('',(4.569732560743,48.554564697491));
#1438 = CARTESIAN_POINT('',(4.551841426204,48.467631315871));
#1439 = CARTESIAN_POINT('',(4.535278235565,48.344744217456));
#1440 = CARTESIAN_POINT('',(4.520363990709,48.192986406977));
#1441 = CARTESIAN_POINT('',(4.507310203454,48.020916206075));
#1442 = CARTESIAN_POINT('',(4.482489961927,47.613932355057));
#1443 = CARTESIAN_POINT('',(4.471311921036,47.367055515459));
#1444 = CARTESIAN_POINT('',(4.462537969527,47.105710974417));
#1445 = CARTESIAN_POINT('',(4.456050489406,46.835065357295));
#1446 = CARTESIAN_POINT('',(4.451755903934,46.558755574924));
#1447 = CARTESIAN_POINT('',(4.449603518843,46.27957171298));
#1448 = CARTESIAN_POINT('',(4.449603518843,45.740392731655));
#1449 = CARTESIAN_POINT('',(4.451459495391,45.481055528443));
#1450 = CARTESIAN_POINT('',(4.455164824308,45.224038688747));
#1451 = CARTESIAN_POINT('',(4.460756001242,44.971591825673));
#1452 = CARTESIAN_POINT('',(4.468301660097,44.726535927405));
#1453 = CARTESIAN_POINT('',(4.477890864667,44.492741305694));
#1454 = CARTESIAN_POINT('',(4.500742549413,44.070107451797));
#1455 = CARTESIAN_POINT('',(4.514100459081,43.873878810391));
#1456 = CARTESIAN_POINT('',(4.529665936269,43.699048977497));
#1457 = CARTESIAN_POINT('',(4.547227916929,43.556089206124));
#1458 = CARTESIAN_POINT('',(4.566432692131,43.453951455057));
#1459 = CARTESIAN_POINT('',(4.586823560761,43.4));
#1460 = CARTESIAN_POINT('',(4.627381318784,43.4));
#1461 = CARTESIAN_POINT('',(4.646438484001,43.446655133359));
#1462 = CARTESIAN_POINT('',(4.664530818843,43.535796740062));
#1463 = CARTESIAN_POINT('',(4.681250523176,43.661631499457));
#1464 = CARTESIAN_POINT('',(4.696270840563,43.8168079133));
#1465 = CARTESIAN_POINT('',(4.70937929295,43.992480969129));
#1466 = CARTESIAN_POINT('',(4.720514141524,44.178410621552));
#1467 = ( GEOMETRIC_REPRESENTATION_CONTEXT(2) 
PARAMETRIC_REPRESENTATION_CONTEXT() REPRESENTATION_CONTEXT('2D SPACE',''
  ) );
#1468 = PCURVE('',#1469,#1474);
#1469 = CYLINDRICAL_SURFACE('',#1470,2.6);
#1470 = AXIS2_PLACEMENT_3D('',#1471,#1472,#1473);
#1471 = CARTESIAN_POINT('',(29.19354588844,22.992141756102,
    -32.82298426296));
#1472 = DIRECTION('',(0.145493990495,-0.989359135365,0.));
#1473 = DIRECTION('',(-0.989359135365,-0.145493990495,0.));
#1474 = DEFINITIONAL_REPRESENTATION('',(#1475),#1532);
#1475 = B_SPLINE_CURVE_WITH_KNOTS('',7,(#1476,#1477,#1478,#1479,#1480,
    #1481,#1482,#1483,#1484,#1485,#1486,#1487,#1488,#1489,#1490,#1491,
    #1492,#1493,#1494,#1495,#1496,#1497,#1498,#1499,#1500,#1501,#1502,
    #1503,#1504,#1505,#1506,#1507,#1508,#1509,#1510,#1511,#1512,#1513,
    #1514,#1515,#1516,#1517,#1518,#1519,#1520,#1521,#1522,#1523,#1524,
    #1525,#1526,#1527,#1528,#1529,#1530,#1531),.UNSPECIFIED.,.F.,.F.,(8,
    6,6,6,6,6,6,6,6,8),(0.,6.176212658024E-02,0.134624440925,
    0.265633689214,0.387695465996,0.499702413154,0.637560488773,
    0.765574006482,0.887043068192,1.),.UNSPECIFIED.);
#1476 = CARTESIAN_POINT('',(0.,34.895370927907));
#1477 = CARTESIAN_POINT('',(5.433859797885E-02,34.884170586828));
#1478 = CARTESIAN_POINT('',(0.107642730562,34.873200506249));
#1479 = CARTESIAN_POINT('',(0.160030084594,34.862651439739));
#1480 = CARTESIAN_POINT('',(0.211608635645,34.852679430743));
#1481 = CARTESIAN_POINT('',(0.262479786225,34.843410411159));
#1482 = CARTESIAN_POINT('',(0.312741504004,34.834944799908));
#1483 = CARTESIAN_POINT('',(0.421182718496,34.818416603926));
#1484 = CARTESIAN_POINT('',(0.479165324744,34.810699617145));
#1485 = CARTESIAN_POINT('',(0.536589143542,34.804342505415));
#1486 = CARTESIAN_POINT('',(0.59359398953,34.799438532303));
#1487 = CARTESIAN_POINT('',(0.650314104825,34.796047212357));
#1488 = CARTESIAN_POINT('',(0.706882636641,34.794198662765));
#1489 = CARTESIAN_POINT('',(0.865121447566,34.79335727088));
#1490 = CARTESIAN_POINT('',(0.966628411871,34.797820486345));
#1491 = CARTESIAN_POINT('',(1.068843860797,34.807289742764));
#1492 = CARTESIAN_POINT('',(1.172546648289,34.821506660144));
#1493 = CARTESIAN_POINT('',(1.278568454992,34.839937490105));
#1494 = CARTESIAN_POINT('',(1.387759975263,34.861589653027));
#1495 = CARTESIAN_POINT('',(1.606963491582,34.906479098068));
#1496 = CARTESIAN_POINT('',(1.719343302174,34.930107647445));
#1497 = CARTESIAN_POINT('',(1.836834348054,34.953954407621));
#1498 = CARTESIAN_POINT('',(1.958609049695,34.975402949094));
#1499 = CARTESIAN_POINT('',(2.084266763595,34.991497130177));
#1500 = CARTESIAN_POINT('',(2.213675564822,35.));
#1501 = CARTESIAN_POINT('',(2.469438058493,35.));
#1502 = CARTESIAN_POINT('',(2.588877884688,34.992840298806));
#1503 = CARTESIAN_POINT('',(2.705338646502,34.979142774709));
#1504 = CARTESIAN_POINT('',(2.818575830184,34.96054442062));
#1505 = CARTESIAN_POINT('',(2.928132630702,34.939341930419));
#1506 = CARTESIAN_POINT('',(3.033214833982,34.917711073526));
#1507 = CARTESIAN_POINT('',(3.254584865434,34.872079614681));
#1508 = CARTESIAN_POINT('',(3.371465483529,34.847941483853));
#1509 = CARTESIAN_POINT('',(3.484477827935,34.827017154261));
#1510 = CARTESIAN_POINT('',(3.594635490324,34.810626342859));
#1511 = CARTESIAN_POINT('',(3.702940894566,34.799459994627));
#1512 = CARTESIAN_POINT('',(3.810318918175,34.793863875705));
#1513 = CARTESIAN_POINT('',(4.017695449454,34.793863875705));
#1514 = CARTESIAN_POINT('',(4.117440329855,34.798689384474));
#1515 = CARTESIAN_POINT('',(4.217919812593,34.808323395944));
#1516 = CARTESIAN_POINT('',(4.319875606952,34.822506467696));
#1517 = CARTESIAN_POINT('',(4.424098064121,34.84071841427));
#1518 = CARTESIAN_POINT('',(4.531397786043,34.86200846917));
#1519 = CARTESIAN_POINT('',(4.748564316604,34.906480771449));
#1520 = CARTESIAN_POINT('',(4.860949529625,34.930110523104));
#1521 = CARTESIAN_POINT('',(4.978443501772,34.953957655058));
#1522 = CARTESIAN_POINT('',(5.100218237376,34.975405452625));
#1523 = CARTESIAN_POINT('',(5.225873613346,34.991498258304));
#1524 = CARTESIAN_POINT('',(5.355277035143,35.));
#1525 = CARTESIAN_POINT('',(5.612662807212,35.));
#1526 = CARTESIAN_POINT('',(5.73360231004,34.992648071166));
#1527 = CARTESIAN_POINT('',(5.851458307227,34.978602649946));
#1528 = CARTESIAN_POINT('',(5.965997751775,34.959581453074));
#1529 = CARTESIAN_POINT('',(6.076767982792,34.937975729081));
#1530 = CARTESIAN_POINT('',(6.182965150675,34.916028434315));
#1531 = CARTESIAN_POINT('',(6.28318530718,34.895370927907));
#1532 = ( GEOMETRIC_REPRESENTATION_CONTEXT(2) 
PARAMETRIC_REPRESENTATION_CONTEXT() REPRESENTATION_CONTEXT('2D SPACE',''
  ) );
#1533 = ADVANCED_FACE('',(#1534,#1816,#2143),#417,.T.);
#1534 = FACE_BOUND('',#1535,.T.);
#1535 = EDGE_LOOP('',(#1536,#1640,#1663,#1690,#1691,#1814,#1815));
#1536 = ORIENTED_EDGE('',*,*,#1537,.T.);
#1537 = EDGE_CURVE('',#199,#1538,#1540,.T.);
#1538 = VERTEX_POINT('',#1539);
#1539 = CARTESIAN_POINT('',(0.415584051301,25.395215081929,
    -16.4947655302));
#1540 = SURFACE_CURVE('',#1541,(#1572,#1606),.PCURVE_S1.);
#1541 = B_SPLINE_CURVE_WITH_KNOTS('',8,(#1542,#1543,#1544,#1545,#1546,
    #1547,#1548,#1549,#1550,#1551,#1552,#1553,#1554,#1555,#1556,#1557,
    #1558,#1559,#1560,#1561,#1562,#1563,#1564,#1565,#1566,#1567,#1568,
    #1569,#1570,#1571),.UNSPECIFIED.,.F.,.F.,(9,7,7,7,9),(0.,
    0.398551394155,0.802566185843,0.922845380882,1.),.UNSPECIFIED.);
#1542 = CARTESIAN_POINT('',(-5.356692989795,12.990380456765,
    -15.60627566759));
#1543 = CARTESIAN_POINT('',(-5.548178465978,13.701106958111,
    -15.54055025496));
#1544 = CARTESIAN_POINT('',(-5.667579344987,14.419213278157,
    -15.49656575381));
#1545 = CARTESIAN_POINT('',(-5.72720570003,15.137113827986,
    -15.47400016317));
#1546 = CARTESIAN_POINT('',(-5.735928605886,15.85083236154,
    -15.47070693039));
#1547 = CARTESIAN_POINT('',(-5.699923530095,16.558736418479,
    -15.48438792272));
#1548 = CARTESIAN_POINT('',(-5.622875409333,17.261003111818,
    -15.51303677502));
#1549 = CARTESIAN_POINT('',(-5.50605206802,17.958875668208,
    -15.55510376115));
#1550 = CARTESIAN_POINT('',(-5.188069971265,19.356741279789,
    -15.66405316283));
#1551 = CARTESIAN_POINT('',(-4.991392814738,20.031945928249,
    -15.72934444305));
#1552 = CARTESIAN_POINT('',(-4.758921201945,20.693101974019,
    -15.80315093965));
#1553 = CARTESIAN_POINT('',(-4.484660181137,21.352471843517,
    -15.88547593605));
#1554 = CARTESIAN_POINT('',(-4.158991239781,22.014560231382,
    -15.97637887094));
#1555 = CARTESIAN_POINT('',(-3.770518278717,22.672848172288,
    -16.0744151256));
#1556 = CARTESIAN_POINT('',(-3.307594625331,23.307138729786,
    -16.17459554749));
#1557 = CARTESIAN_POINT('',(-2.597866071068,24.050030271711,
    -16.29504114006));
#1558 = CARTESIAN_POINT('',(-2.427028688282,24.215579149165,
    -16.32211755342));
#1559 = CARTESIAN_POINT('',(-2.246078952094,24.377014974881,
    -16.34867569486));
#1560 = CARTESIAN_POINT('',(-2.052993839668,24.534075429754,
    -16.37458719923));
#1561 = CARTESIAN_POINT('',(-1.845892263838,24.685434305993,
    -16.39952035031));
#1562 = CARTESIAN_POINT('',(-1.623093931891,24.828670514516,
    -16.42291354104));
#1563 = CARTESIAN_POINT('',(-1.383167136813,24.960241558281,
    -16.44396023222));
#1564 = CARTESIAN_POINT('',(-0.959338745613,25.149370750066,
    -16.47292413326));
#1565 = CARTESIAN_POINT('',(-0.782811988081,25.218060521884,
    -16.48307428877));
#1566 = CARTESIAN_POINT('',(-0.597105939601,25.278668718872,
    -16.49150308735));
#1567 = CARTESIAN_POINT('',(-0.403802732345,25.328844311117,
    -16.49773905391));
#1568 = CARTESIAN_POINT('',(-0.204412780185,25.366728667677,
    -16.50140404321));
#1569 = CARTESIAN_POINT('',(-4.152535223056E-04,25.390943078328,
    -16.50222245419));
#1570 = CARTESIAN_POINT('',(0.206727851771,25.400582436284,
    -16.50002764231));
#1571 = CARTESIAN_POINT('',(0.415584051301,25.395215081926,
    -16.4947655302));
#1572 = PCURVE('',#417,#1573);
#1573 = DEFINITIONAL_REPRESENTATION('',(#1574),#1605);
#1574 = B_SPLINE_CURVE_WITH_KNOTS('',8,(#1575,#1576,#1577,#1578,#1579,
    #1580,#1581,#1582,#1583,#1584,#1585,#1586,#1587,#1588,#1589,#1590,
    #1591,#1592,#1593,#1594,#1595,#1596,#1597,#1598,#1599,#1600,#1601,
    #1602,#1603,#1604),.UNSPECIFIED.,.F.,.F.,(9,7,7,7,9),(0.,
    0.398551394155,0.802566185843,0.922845380882,1.),.UNSPECIFIED.);
#1575 = CARTESIAN_POINT('',(4.36373054869,20.124611410199));
#1576 = CARTESIAN_POINT('',(4.460288958661,20.583383381741));
#1577 = CARTESIAN_POINT('',(4.551137239656,21.06365245222));
#1578 = CARTESIAN_POINT('',(4.637546944467,21.559604746194));
#1579 = CARTESIAN_POINT('',(4.72051801625,22.066774424204));
#1580 = CARTESIAN_POINT('',(4.800988329437,22.582300748668));
#1581 = CARTESIAN_POINT('',(4.879867925665,23.104854128224));
#1582 = CARTESIAN_POINT('',(4.958115495239,23.634219668023));
#1583 = CARTESIAN_POINT('',(5.116510969931,24.713016360419));
#1584 = CARTESIAN_POINT('',(5.193873384244,25.243571977992));
#1585 = CARTESIAN_POINT('',(5.271396169188,25.770558652818));
#1586 = CARTESIAN_POINT('',(5.351335670331,26.302818020459));
#1587 = CARTESIAN_POINT('',(5.435579600759,26.843742712692));
#1588 = CARTESIAN_POINT('',(5.525653154003,27.38782647856));
#1589 = CARTESIAN_POINT('',(5.622890662742,27.917319281058));
#1590 = CARTESIAN_POINT('',(5.76031645396,28.541994455257));
#1591 = CARTESIAN_POINT('',(5.792722398833,28.681542124662));
#1592 = CARTESIAN_POINT('',(5.826394884501,28.817931845102));
#1593 = CARTESIAN_POINT('',(5.861672830048,28.950914786443));
#1594 = CARTESIAN_POINT('',(5.898847611918,29.079338165588));
#1595 = CARTESIAN_POINT('',(5.938170458225,29.201103715695));
#1596 = CARTESIAN_POINT('',(5.97986601348,29.31313754804));
#1597 = CARTESIAN_POINT('',(6.052559930242,29.474384764165));
#1598 = CARTESIAN_POINT('',(6.082613588248,29.533005979193));
#1599 = CARTESIAN_POINT('',(6.114007439298,29.584780482631));
#1600 = CARTESIAN_POINT('',(6.146487464166,29.627677448569));
#1601 = CARTESIAN_POINT('',(6.17983493198,29.660083960623));
#1602 = CARTESIAN_POINT('',(6.213853799916,29.680801985758));
#1603 = CARTESIAN_POINT('',(6.248361813449,29.689048155483));
#1604 = CARTESIAN_POINT('',(6.28318530718,29.684456354417));
#1605 = ( GEOMETRIC_REPRESENTATION_CONTEXT(2) 
PARAMETRIC_REPRESENTATION_CONTEXT() REPRESENTATION_CONTEXT('2D SPACE',''
  ) );
#1606 = PCURVE('',#319,#1607);
#1607 = DEFINITIONAL_REPRESENTATION('',(#1608),#1639);
#1608 = B_SPLINE_CURVE_WITH_KNOTS('',8,(#1609,#1610,#1611,#1612,#1613,
    #1614,#1615,#1616,#1617,#1618,#1619,#1620,#1621,#1622,#1623,#1624,
    #1625,#1626,#1627,#1628,#1629,#1630,#1631,#1632,#1633,#1634,#1635,
    #1636,#1637,#1638),.UNSPECIFIED.,.F.,.F.,(9,7,7,7,9),(0.,
    0.398551394155,0.802566185843,0.922845380882,1.),.UNSPECIFIED.);
#1609 = CARTESIAN_POINT('',(3.472232263351,12.990380456765));
#1610 = CARTESIAN_POINT('',(3.484502037399,13.701106958111));
#1611 = CARTESIAN_POINT('',(3.492211924176,14.419213278158));
#1612 = CARTESIAN_POINT('',(3.496076656983,15.137113827984));
#1613 = CARTESIAN_POINT('',(3.496641344315,15.850832361543));
#1614 = CARTESIAN_POINT('',(3.494307096442,16.558736418477));
#1615 = CARTESIAN_POINT('',(3.489325186442,17.261003111819));
#1616 = CARTESIAN_POINT('',(3.481800864073,17.958875668208));
#1617 = CARTESIAN_POINT('',(3.461429420224,19.356741279789));
#1618 = CARTESIAN_POINT('',(3.448870528462,20.031945928248));
#1619 = CARTESIAN_POINT('',(3.434090395161,20.693101974022));
#1620 = CARTESIAN_POINT('',(3.416740819489,21.352471843513));
#1621 = CARTESIAN_POINT('',(3.396257855655,22.014560231385));
#1622 = CARTESIAN_POINT('',(3.371993823571,22.672848172287));
#1623 = CARTESIAN_POINT('',(3.34331748906,23.307138729786));
#1624 = CARTESIAN_POINT('',(3.299688627689,24.050030271711));
#1625 = CARTESIAN_POINT('',(3.289206234116,24.215579149165));
#1626 = CARTESIAN_POINT('',(3.278123345002,24.377014974881));
#1627 = CARTESIAN_POINT('',(3.266318228368,24.534075429754));
#1628 = CARTESIAN_POINT('',(3.253678594134,24.685434305993));
#1629 = CARTESIAN_POINT('',(3.240104547392,24.828670514516));
#1630 = CARTESIAN_POINT('',(3.225510395996,24.960241558281));
#1631 = CARTESIAN_POINT('',(3.199763916194,25.149370750066));
#1632 = CARTESIAN_POINT('',(3.189048275681,25.218060521884));
#1633 = CARTESIAN_POINT('',(3.177783179076,25.278668718872));
#1634 = CARTESIAN_POINT('',(3.166063819488,25.328844311117));
#1635 = CARTESIAN_POINT('',(3.153979945709,25.366728667677));
#1636 = CARTESIAN_POINT('',(3.141618543289,25.390943078328));
#1637 = CARTESIAN_POINT('',(3.129065045992,25.400582436284));
#1638 = CARTESIAN_POINT('',(3.116403077615,25.395215081926));
#1639 = ( GEOMETRIC_REPRESENTATION_CONTEXT(2) 
PARAMETRIC_REPRESENTATION_CONTEXT() REPRESENTATION_CONTEXT('2D SPACE',''
  ) );
#1640 = ORIENTED_EDGE('',*,*,#1641,.T.);
#1641 = EDGE_CURVE('',#1538,#1642,#1644,.T.);
#1642 = VERTEX_POINT('',#1643);
#1643 = CARTESIAN_POINT('',(0.546002184013,32.046539850225,
    -23.01567216578));
#1644 = SEAM_CURVE('',#1645,(#1649,#1656),.PCURVE_S1.);
#1645 = LINE('',#1646,#1647);
#1646 = CARTESIAN_POINT('',(0.,4.200428465556,4.284437034867));
#1647 = VECTOR('',#1648,1.);
#1648 = DIRECTION('',(1.400005600034E-02,0.714002856017,-0.700002800017)
  );
#1649 = PCURVE('',#417,#1650);
#1650 = DEFINITIONAL_REPRESENTATION('',(#1651),#1655);
#1651 = LINE('',#1652,#1653);
#1652 = CARTESIAN_POINT('',(0.,-0.));
#1653 = VECTOR('',#1654,1.);
#1654 = DIRECTION('',(0.,1.));
#1655 = ( GEOMETRIC_REPRESENTATION_CONTEXT(2) 
PARAMETRIC_REPRESENTATION_CONTEXT() REPRESENTATION_CONTEXT('2D SPACE',''
  ) );
#1656 = PCURVE('',#417,#1657);
#1657 = DEFINITIONAL_REPRESENTATION('',(#1658),#1662);
#1658 = LINE('',#1659,#1660);
#1659 = CARTESIAN_POINT('',(6.28318530718,-0.));
#1660 = VECTOR('',#1661,1.);
#1661 = DIRECTION('',(0.,1.));
#1662 = ( GEOMETRIC_REPRESENTATION_CONTEXT(2) 
PARAMETRIC_REPRESENTATION_CONTEXT() REPRESENTATION_CONTEXT('2D SPACE',''
  ) );
#1663 = ORIENTED_EDGE('',*,*,#1664,.F.);
#1664 = EDGE_CURVE('',#1642,#1642,#1665,.T.);
#1665 = SURFACE_CURVE('',#1666,(#1671,#1678),.PCURVE_S1.);
#1666 = CIRCLE('',#1667,6.);
#1667 = AXIS2_PLACEMENT_3D('',#1668,#1669,#1670);
#1668 = CARTESIAN_POINT('',(0.546002184013,27.846111384668,
    -27.30010920065));
#1669 = DIRECTION('',(1.400005600034E-02,0.714002856017,-0.700002800017)
  );
#1670 = DIRECTION('',(0.,0.700071410926,0.714072839145));
#1671 = PCURVE('',#417,#1672);
#1672 = DEFINITIONAL_REPRESENTATION('',(#1673),#1677);
#1673 = LINE('',#1674,#1675);
#1674 = CARTESIAN_POINT('',(0.,39.));
#1675 = VECTOR('',#1676,1.);
#1676 = DIRECTION('',(1.,0.));
#1677 = ( GEOMETRIC_REPRESENTATION_CONTEXT(2) 
PARAMETRIC_REPRESENTATION_CONTEXT() REPRESENTATION_CONTEXT('2D SPACE',''
  ) );
#1678 = PCURVE('',#1679,#1684);
#1679 = PLANE('',#1680);
#1680 = AXIS2_PLACEMENT_3D('',#1681,#1682,#1683);
#1681 = CARTESIAN_POINT('',(0.546002184013,27.846111384668,
    -27.30010920065));
#1682 = DIRECTION('',(1.400005600034E-02,0.714002856017,-0.700002800017)
  );
#1683 = DIRECTION('',(0.,0.700071410926,0.714072839145));
#1684 = DEFINITIONAL_REPRESENTATION('',(#1685),#1689);
#1685 = CIRCLE('',#1686,6.);
#1686 = AXIS2_PLACEMENT_2D('',#1687,#1688);
#1687 = CARTESIAN_POINT('',(0.,0.));
#1688 = DIRECTION('',(1.,8.673617379884E-19));
#1689 = ( GEOMETRIC_REPRESENTATION_CONTEXT(2) 
PARAMETRIC_REPRESENTATION_CONTEXT() REPRESENTATION_CONTEXT('2D SPACE',''
  ) );
#1690 = ORIENTED_EDGE('',*,*,#1641,.F.);
#1691 = ORIENTED_EDGE('',*,*,#1692,.T.);
#1692 = EDGE_CURVE('',#1538,#674,#1693,.T.);
#1693 = SURFACE_CURVE('',#1694,(#1732,#1773),.PCURVE_S1.);
#1694 = B_SPLINE_CURVE_WITH_KNOTS('',8,(#1695,#1696,#1697,#1698,#1699,
    #1700,#1701,#1702,#1703,#1704,#1705,#1706,#1707,#1708,#1709,#1710,
    #1711,#1712,#1713,#1714,#1715,#1716,#1717,#1718,#1719,#1720,#1721,
    #1722,#1723,#1724,#1725,#1726,#1727,#1728,#1729,#1730,#1731),
  .UNSPECIFIED.,.F.,.F.,(9,7,7,7,7,9),(0.,4.343642109393E-02,
    0.130077546329,0.309020139826,0.593433012343,1.),.UNSPECIFIED.);
#1695 = CARTESIAN_POINT('',(0.415584051301,25.395215081926,
    -16.4947655302));
#1696 = CARTESIAN_POINT('',(0.532716758061,25.392204911553,
    -16.49181438277));
#1697 = CARTESIAN_POINT('',(0.649297206056,25.384502670097,
    -16.48792596313));
#1698 = CARTESIAN_POINT('',(0.764925765916,25.372189432143,
    -16.48312524395));
#1699 = CARTESIAN_POINT('',(0.879200955276,25.355426176117,
    -16.47745525654));
#1700 = CARTESIAN_POINT('',(0.991716329253,25.33445456555,
    -16.47097674235));
#1701 = CARTESIAN_POINT('',(1.102057370909,25.309597730347,
    -16.46376780451));
#1702 = CARTESIAN_POINT('',(1.209798381723,25.281261048052,
    -16.45592355939));
#1703 = CARTESIAN_POINT('',(1.523342812365,25.187443802989,
    -16.43086488426));
#1704 = CARTESIAN_POINT('',(1.721223067264,25.112713817279,
    -16.41200011131));
#1705 = CARTESIAN_POINT('',(1.908556140244,25.028152586061,
    -16.39147653886));
#1706 = CARTESIAN_POINT('',(2.08587299921,24.935777377704,-16.3697262135
    ));
#1707 = CARTESIAN_POINT('',(2.253805634569,24.837220420032,
    -16.34709512608));
#1708 = CARTESIAN_POINT('',(2.413073635368,24.733735051481,
    -16.3238436784));
#1709 = CARTESIAN_POINT('',(2.564471283474,24.626200714233,
    -16.30015064906));
#1710 = CARTESIAN_POINT('',(3.007055660017,24.28572237962,
    -16.22649077642));
#1711 = CARTESIAN_POINT('',(3.278877696302,24.038497604324,
    -16.17483418521));
#1712 = CARTESIAN_POINT('',(3.526597848153,23.780407631205,
    -16.12268058366));
#1713 = CARTESIAN_POINT('',(3.752842017293,23.516181242612,
    -16.07102316473));
#1714 = CARTESIAN_POINT('',(3.96048173942,23.248418805254,-16.0203649934
    ));
#1715 = CARTESIAN_POINT('',(4.152505379835,22.977713441787,
    -15.97081101574));
#1716 = CARTESIAN_POINT('',(4.331854112955,22.702806953149,
    -15.92218667154));
#1717 = CARTESIAN_POINT('',(4.770392359973,21.972555151771,
    -15.7978365726));
#1718 = CARTESIAN_POINT('',(5.010379189047,21.51294550772,
    -15.72415087101));
#1719 = CARTESIAN_POINT('',(5.223861080204,21.046825976251,
    -15.65437576809));
#1720 = CARTESIAN_POINT('',(5.41334866984,20.576871322106,
    -15.58927426406));
#1721 = CARTESIAN_POINT('',(5.581007088159,20.104033413172,
    -15.52929055137));
#1722 = CARTESIAN_POINT('',(5.728497432309,19.627989869321,
    -15.47474305988));
#1723 = CARTESIAN_POINT('',(5.856818935487,19.147583153344,
    -15.42599822799));
#1724 = CARTESIAN_POINT('',(6.122421102806,17.966056090503,
    -15.32299109531));
#1725 = CARTESIAN_POINT('',(6.237983578626,17.267186643106,
    -15.27608569862));
#1726 = CARTESIAN_POINT('',(6.314230607926,16.563937938644,
    -15.24421156958));
#1727 = CARTESIAN_POINT('',(6.349970737519,15.855039977604,
    -15.22896954317));
#1728 = CARTESIAN_POINT('',(6.341597211696,15.140296656359,
    -15.23251918749));
#1729 = CARTESIAN_POINT('',(6.283009806853,14.421337740293,
    -15.25741672384));
#1730 = CARTESIAN_POINT('',(6.165393867834,13.702156673779,
    -15.30617607805));
#1731 = CARTESIAN_POINT('',(5.976410774993,12.990380456765,
    -15.3796135923));
#1732 = PCURVE('',#417,#1733);
#1733 = DEFINITIONAL_REPRESENTATION('',(#1734),#1772);
#1734 = B_SPLINE_CURVE_WITH_KNOTS('',8,(#1735,#1736,#1737,#1738,#1739,
    #1740,#1741,#1742,#1743,#1744,#1745,#1746,#1747,#1748,#1749,#1750,
    #1751,#1752,#1753,#1754,#1755,#1756,#1757,#1758,#1759,#1760,#1761,
    #1762,#1763,#1764,#1765,#1766,#1767,#1768,#1769,#1770,#1771),
  .UNSPECIFIED.,.F.,.F.,(9,7,7,7,7,9),(0.,4.343642109393E-02,
    0.130077546329,0.309020139826,0.593433012343,1.),.UNSPECIFIED.);
#1735 = CARTESIAN_POINT('',(0.,29.684456354417));
#1736 = CARTESIAN_POINT('',(1.95300407107E-02,29.681881137167));
#1737 = CARTESIAN_POINT('',(3.89773922187E-02,29.675291942934));
#1738 = CARTESIAN_POINT('',(5.828664781577E-02,29.664758545314));
#1739 = CARTESIAN_POINT('',(7.740149403844E-02,29.65042038462));
#1740 = CARTESIAN_POINT('',(9.626354335424E-02,29.632486838242));
#1741 = CARTESIAN_POINT('',(0.114811166848,29.611237491011));
#1742 = CARTESIAN_POINT('',(0.132978326908,29.587022405554));
#1743 = CARTESIAN_POINT('',(0.186029072624,29.506885121467));
#1744 = CARTESIAN_POINT('',(0.219757697094,29.443092639002));
#1745 = CARTESIAN_POINT('',(0.251977129362,29.37097179374));
#1746 = CARTESIAN_POINT('',(0.282784980697,29.292272788445));
#1747 = CARTESIAN_POINT('',(0.312284168777,29.208412080926));
#1748 = CARTESIAN_POINT('',(0.340587295175,29.120476914678));
#1749 = CARTESIAN_POINT('',(0.367819859169,29.029231479433));
#1750 = CARTESIAN_POINT('',(0.44844556803,28.740763065071));
#1751 = CARTESIAN_POINT('',(0.499446156797,28.531889634675));
#1752 = CARTESIAN_POINT('',(0.547463890438,28.314573085637));
#1753 = CARTESIAN_POINT('',(0.59284658706,28.092921782694));
#1754 = CARTESIAN_POINT('',(0.635993636286,27.869184743646));
#1755 = CARTESIAN_POINT('',(0.67737685441,27.6439007596));
#1756 = CARTESIAN_POINT('',(0.717546922305,27.41609045679));
#1757 = CARTESIAN_POINT('',(0.820053268172,26.813782727574));
#1758 = CARTESIAN_POINT('',(0.880574905072,26.437399760681));
#1759 = CARTESIAN_POINT('',(0.939110293417,26.058735074983));
#1760 = CARTESIAN_POINT('',(0.996065733845,25.680267711482));
#1761 = CARTESIAN_POINT('',(1.051865248882,25.303018554477));
#1762 = CARTESIAN_POINT('',(1.106956542086,24.927003580881));
#1763 = CARTESIAN_POINT('',(1.161810269616,24.551666803043));
#1764 = CARTESIAN_POINT('',(1.295706602646,23.639666269633));
#1765 = CARTESIAN_POINT('',(1.374064640493,23.109455460322));
#1766 = CARTESIAN_POINT('',(1.453047595674,22.586089359945));
#1767 = CARTESIAN_POINT('',(1.533620091568,22.069765093795));
#1768 = CARTESIAN_POINT('',(1.616697205978,21.561803852237));
#1769 = CARTESIAN_POINT('',(1.703221108797,21.065073251016));
#1770 = CARTESIAN_POINT('',(1.794195562315,20.584060970273));
#1771 = CARTESIAN_POINT('',(1.890896585338,20.124611410199));
#1772 = ( GEOMETRIC_REPRESENTATION_CONTEXT(2) 
PARAMETRIC_REPRESENTATION_CONTEXT() REPRESENTATION_CONTEXT('2D SPACE',''
  ) );
#1773 = PCURVE('',#319,#1774);
#1774 = DEFINITIONAL_REPRESENTATION('',(#1775),#1813);
#1775 = B_SPLINE_CURVE_WITH_KNOTS('',8,(#1776,#1777,#1778,#1779,#1780,
    #1781,#1782,#1783,#1784,#1785,#1786,#1787,#1788,#1789,#1790,#1791,
    #1792,#1793,#1794,#1795,#1796,#1797,#1798,#1799,#1800,#1801,#1802,
    #1803,#1804,#1805,#1806,#1807,#1808,#1809,#1810,#1811,#1812),
  .UNSPECIFIED.,.F.,.F.,(9,7,7,7,7,9),(0.,4.343642109393E-02,
    0.130077546329,0.309020139826,0.593433012343,1.),.UNSPECIFIED.);
#1776 = CARTESIAN_POINT('',(3.116403077615,25.395215081926));
#1777 = CARTESIAN_POINT('',(3.109301872899,25.392204911553));
#1778 = CARTESIAN_POINT('',(3.102232697671,25.384502670097));
#1779 = CARTESIAN_POINT('',(3.095219254137,25.372189432143));
#1780 = CARTESIAN_POINT('',(3.088285409964,25.355426176117));
#1781 = CARTESIAN_POINT('',(3.081455418658,25.33445456555));
#1782 = CARTESIAN_POINT('',(3.074754139935,25.309597730347));
#1783 = CARTESIAN_POINT('',(3.068207260095,25.281261048052));
#1784 = CARTESIAN_POINT('',(3.049143975879,25.187443802989));
#1785 = CARTESIAN_POINT('',(3.037098267298,25.112713817279));
#1786 = CARTESIAN_POINT('',(3.025678619862,25.028152586061));
#1787 = CARTESIAN_POINT('',(3.014853272045,24.935777377704));
#1788 = CARTESIAN_POINT('',(3.004584845715,24.837220420032));
#1789 = CARTESIAN_POINT('',(2.994830796742,24.733735051481));
#1790 = CARTESIAN_POINT('',(2.985543938093,24.626200714233));
#1791 = CARTESIAN_POINT('',(2.958351685969,24.28572237962));
#1792 = CARTESIAN_POINT('',(2.941587174501,24.038497604324));
#1793 = CARTESIAN_POINT('',(2.926249242112,23.780407631205));
#1794 = CARTESIAN_POINT('',(2.912188120515,23.516181242612));
#1795 = CARTESIAN_POINT('',(2.899237239049,23.248418805254));
#1796 = CARTESIAN_POINT('',(2.887219715183,22.977713441788));
#1797 = CARTESIAN_POINT('',(2.875958448311,22.702806953149));
#1798 = CARTESIAN_POINT('',(2.84833253713,21.972555151771));
#1799 = CARTESIAN_POINT('',(2.833121276927,21.51294550772));
#1800 = CARTESIAN_POINT('',(2.819512679196,21.046825976251));
#1801 = CARTESIAN_POINT('',(2.807371948128,20.576871322105));
#1802 = CARTESIAN_POINT('',(2.796581428798,20.104033413172));
#1803 = CARTESIAN_POINT('',(2.787051508208,19.627989869321));
#1804 = CARTESIAN_POINT('',(2.778732445163,19.147583153344));
#1805 = CARTESIAN_POINT('',(2.7614671644,17.966056090503));
#1806 = CARTESIAN_POINT('',(2.753909376177,17.267186643107));
#1807 = CARTESIAN_POINT('',(2.748900848746,16.56393793864));
#1808 = CARTESIAN_POINT('',(2.746546125178,15.855039977609));
#1809 = CARTESIAN_POINT('',(2.747096927051,15.140296656356));
#1810 = CARTESIAN_POINT('',(2.750955894557,14.421337740294));
#1811 = CARTESIAN_POINT('',(2.75867047985,13.702156673779));
#1812 = CARTESIAN_POINT('',(2.770958375883,12.990380456765));
#1813 = ( GEOMETRIC_REPRESENTATION_CONTEXT(2) 
PARAMETRIC_REPRESENTATION_CONTEXT() REPRESENTATION_CONTEXT('2D SPACE',''
  ) );
#1814 = ORIENTED_EDGE('',*,*,#673,.T.);
#1815 = ORIENTED_EDGE('',*,*,#331,.T.);
#1816 = FACE_BOUND('',#1817,.T.);
#1817 = EDGE_LOOP('',(#1818));
#1818 = ORIENTED_EDGE('',*,*,#1819,.T.);
#1819 = EDGE_CURVE('',#1820,#1820,#1822,.T.);
#1820 = VERTEX_POINT('',#1821);
#1821 = CARTESIAN_POINT('',(-5.112600905778,25.957699463844,
    -22.40008960053));
#1822 = SURFACE_CURVE('',#1823,(#1926,#2032),.PCURVE_S1.);
#1823 = B_SPLINE_CURVE_WITH_KNOTS('',6,(#1824,#1825,#1826,#1827,#1828,
    #1829,#1830,#1831,#1832,#1833,#1834,#1835,#1836,#1837,#1838,#1839,
    #1840,#1841,#1842,#1843,#1844,#1845,#1846,#1847,#1848,#1849,#1850,
    #1851,#1852,#1853,#1854,#1855,#1856,#1857,#1858,#1859,#1860,#1861,
    #1862,#1863,#1864,#1865,#1866,#1867,#1868,#1869,#1870,#1871,#1872,
    #1873,#1874,#1875,#1876,#1877,#1878,#1879,#1880,#1881,#1882,#1883,
    #1884,#1885,#1886,#1887,#1888,#1889,#1890,#1891,#1892,#1893,#1894,
    #1895,#1896,#1897,#1898,#1899,#1900,#1901,#1902,#1903,#1904,#1905,
    #1906,#1907,#1908,#1909,#1910,#1911,#1912,#1913,#1914,#1915,#1916,
    #1917,#1918,#1919,#1920,#1921,#1922,#1923,#1924,#1925),
  .UNSPECIFIED.,.T.,.F.,(7,5,5,5,5,5,5,5,5,5,5,5,5,5,5,5,5,5,5,5,7),(0.,
    1.476725593465E-02,5.560703201134E-02,9.479451079603E-02,
    0.13801792811,0.221132474272,0.280312583917,0.329178966411,
    0.387785668739,0.44766097339,0.475037525715,0.511580245421,
    0.55532892133,0.638299880962,0.681839751822,0.72132756788,
    0.801502798347,0.829281840839,0.887869827717,0.942164532244,1.),
  .UNSPECIFIED.);
#1824 = CARTESIAN_POINT('',(-5.112600905778,25.957699463844,
    -22.40008960053));
#1825 = CARTESIAN_POINT('',(-5.100516940299,25.957462523344,
    -22.35479326538));
#1826 = CARTESIAN_POINT('',(-5.088472899614,25.956405515129,
    -22.30973596444));
#1827 = CARTESIAN_POINT('',(-5.076485435184,25.954544976902,
    -22.26492409549));
#1828 = CARTESIAN_POINT('',(-5.064570625334,25.951896442372,
    -22.22036354808));
#1829 = CARTESIAN_POINT('',(-5.052743975251,25.948474441257,
    -22.17605970361));
#1830 = CARTESIAN_POINT('',(-5.008598178437,25.93272707543,
    -22.01021576925));
#1831 = CARTESIAN_POINT('',(-4.976958855882,25.915347695733,
    -21.89039367206));
#1832 = CARTESIAN_POINT('',(-4.946425251005,25.89243810028,
    -21.77267848719));
#1833 = CARTESIAN_POINT('',(-4.917291628824,25.864238250681,
    -21.65717964692));
#1834 = CARTESIAN_POINT('',(-4.889825296327,25.830944627364,
    -21.54398960755));
#1835 = CARTESIAN_POINT('',(-4.839745056687,25.756023303132,
    -21.3268629074));
#1836 = CARTESIAN_POINT('',(-4.816979865513,25.714787234235,
    -21.22273753565));
#1837 = CARTESIAN_POINT('',(-4.796203096445,25.669161193535,
    -21.12094791479));
#1838 = CARTESIAN_POINT('',(-4.777619014619,25.61929039073,
    -21.02162379197));
#1839 = CARTESIAN_POINT('',(-4.761402572811,25.565304467601,
    -20.92488793046));
#1840 = CARTESIAN_POINT('',(-4.732578459071,25.443354416081,
    -20.72714519127));
#1841 = CARTESIAN_POINT('',(-4.720515307562,25.374527349932,
    -20.62673121797));
#1842 = CARTESIAN_POINT('',(-4.711710034826,25.301034395052,
    -20.52985372968));
#1843 = CARTESIAN_POINT('',(-4.706301755037,25.223077549952,
    -20.43673396231));
#1844 = CARTESIAN_POINT('',(-4.704361770491,25.140857991274,
    -20.34758072315));
#1845 = CARTESIAN_POINT('',(-4.708828091693,24.888655857072,
    -20.09917183839));
#1846 = CARTESIAN_POINT('',(-4.724583355506,24.708083223986,
    -19.95152482476));
#1847 = CARTESIAN_POINT('',(-4.753056697807,24.514186544955,
    -19.82074866719));
#1848 = CARTESIAN_POINT('',(-4.7932989272,24.308250557875,
    -19.70804727891));
#1849 = CARTESIAN_POINT('',(-4.843515208002,24.091664975013,
    -19.6147944498));
#1850 = CARTESIAN_POINT('',(-4.942451814477,23.705700600263,
    -19.49087740857));
#1851 = CARTESIAN_POINT('',(-4.987482960231,23.540515687021,
    -19.44986707778));
#1852 = CARTESIAN_POINT('',(-5.035652752205,23.370875837616,
    -19.41980320964));
#1853 = CARTESIAN_POINT('',(-5.086123415994,23.197005657885,
    -19.40130203842));
#1854 = CARTESIAN_POINT('',(-5.137922451182,23.019236368685,
    -19.3951889667));
#1855 = CARTESIAN_POINT('',(-5.232820430243,22.688523949026,
    -19.40855770641));
#1856 = CARTESIAN_POINT('',(-5.275907500227,22.536494386763,
    -19.42377109381));
#1857 = CARTESIAN_POINT('',(-5.318502059701,22.382348883196,
    -19.44877584462));
#1858 = CARTESIAN_POINT('',(-5.359844589676,22.226544750497,
    -19.48428559721));
#1859 = CARTESIAN_POINT('',(-5.399073862815,22.069705860545,
    -19.53109223047));
#1860 = CARTESIAN_POINT('',(-5.478581662927,21.724340813496,
    -19.66076999913));
#1861 = CARTESIAN_POINT('',(-5.517876008754,21.534146388359,
    -19.74956460463));
#1862 = CARTESIAN_POINT('',(-5.550622836504,21.346504243838,
    -19.85735913131));
#1863 = CARTESIAN_POINT('',(-5.574709604024,21.165354646605,
    -19.98390908784));
#1864 = CARTESIAN_POINT('',(-5.588833337213,20.994162136643,
    -20.12805012483));
#1865 = CARTESIAN_POINT('',(-5.596415789193,20.673965809286,
    -20.4510767339));
#1866 = CARTESIAN_POINT('',(-5.589357741047,20.52817536863,
    -20.62797057231));
#1867 = CARTESIAN_POINT('',(-5.57164093271,20.400587940909,
    -20.8154695821));
#1868 = CARTESIAN_POINT('',(-5.544500211781,20.292515948415,
    -21.00980975869));
#1869 = CARTESIAN_POINT('',(-5.510103069438,20.204251688015,
    -21.20667933731));
#1870 = CARTESIAN_POINT('',(-5.453203187813,20.103008768891,
    -21.49019326051));
#1871 = CARTESIAN_POINT('',(-5.434296852769,20.075025699811,
    -21.57907068886));
#1872 = CARTESIAN_POINT('',(-5.414507717912,20.05068512597,
    -21.6677078547));
#1873 = CARTESIAN_POINT('',(-5.393999105287,20.029849865377,
    -21.75596141986));
#1874 = CARTESIAN_POINT('',(-5.372925966697,20.012386357585,
    -21.84370497582));
#1875 = CARTESIAN_POINT('',(-5.322745087607,19.979181087794,
    -22.04712205154));
#1876 = CARTESIAN_POINT('',(-5.293302716756,19.965968809851,
    -22.16233851207));
#1877 = CARTESIAN_POINT('',(-5.263430799654,19.95821156227,
    -22.27629784465));
#1878 = CARTESIAN_POINT('',(-5.23342176633,19.955629982392,
    -22.38885994413));
#1879 = CARTESIAN_POINT('',(-5.203538217301,19.957982148846,
    -22.4999234012));
#1880 = CARTESIAN_POINT('',(-5.138670072753,19.973542787869,
    -22.74051838086));
#1881 = CARTESIAN_POINT('',(-5.103836993899,19.988801634641,
    -22.86939030992));
#1882 = CARTESIAN_POINT('',(-5.069932602519,20.010494977795,
    -22.99588030264));
#1883 = CARTESIAN_POINT('',(-5.037333111639,20.038334491673,
    -23.11985346152));
#1884 = CARTESIAN_POINT('',(-5.006376786147,20.072088900204,
    -23.24119865581));
#1885 = CARTESIAN_POINT('',(-4.922347715408,20.18648669795,
    -23.58481060565));
#1886 = CARTESIAN_POINT('',(-4.874226436394,20.28217843695,
    -23.80044243363));
#1887 = CARTESIAN_POINT('',(-4.835391520569,20.397248682158,
    -24.00492895612));
#1888 = CARTESIAN_POINT('',(-4.807641242371,20.530338993143,
    -24.196885718));
#1889 = CARTESIAN_POINT('',(-4.791940720367,20.680249115533,
    -24.37504644448));
#1890 = CARTESIAN_POINT('',(-4.786560764221,20.932790484179,
    -24.62368250834));
#1891 = CARTESIAN_POINT('',(-4.788063177569,21.023929254158,
    -24.70499392805));
#1892 = CARTESIAN_POINT('',(-4.792924099753,21.119084233203,
    -24.78184765949));
#1893 = CARTESIAN_POINT('',(-4.801074371275,21.218036496856,
    -24.85404320994));
#1894 = CARTESIAN_POINT('',(-4.812375059872,21.32055303369,
    -24.9213811433));
#1895 = CARTESIAN_POINT('',(-4.839541863048,21.52236474953,
    -25.04015413911));
#1896 = CARTESIAN_POINT('',(-4.854884501781,21.621065636634,
    -25.09248240943));
#1897 = CARTESIAN_POINT('',(-4.872505015638,21.722359760164,
    -25.14054142129));
#1898 = CARTESIAN_POINT('',(-4.892225326736,21.826115162942,
    -25.18420474548));
#1899 = CARTESIAN_POINT('',(-4.913836873668,21.932191777949,
    -25.22333081414));
#1900 = CARTESIAN_POINT('',(-4.98434485368,22.260221602043,
    -25.32767914929));
#1901 = CARTESIAN_POINT('',(-5.038357979765,22.488704496081,
    -25.37817144645));
#1902 = CARTESIAN_POINT('',(-5.097313266969,22.725401397901,
    -25.40828789168));
#1903 = CARTESIAN_POINT('',(-5.159110464566,22.969773430582,
    -25.41632716006));
#1904 = CARTESIAN_POINT('',(-5.221135840613,23.220766740507,
    -25.39980218372));
#1905 = CARTESIAN_POINT('',(-5.300479283905,23.564802210512,
    -25.34004361322));
#1906 = CARTESIAN_POINT('',(-5.320531653671,23.653904582573,
    -25.32131661703));
#1907 = CARTESIAN_POINT('',(-5.34007349599,23.743462615961,
    -25.29910344715));
#1908 = CARTESIAN_POINT('',(-5.358948758854,23.83334009577,
    -25.27326382461));
#1909 = CARTESIAN_POINT('',(-5.376992805377,23.923382513666,
    -25.24365354726));
#1910 = CARTESIAN_POINT('',(-5.429974543051,24.203303928383,
    -25.1394092019));
#1911 = CARTESIAN_POINT('',(-5.461782947235,24.394892524917,
    -25.05061459643));
#1912 = CARTESIAN_POINT('',(-5.487148917034,24.583674136002,
    -24.94282006983));
#1913 = CARTESIAN_POINT('',(-5.504115994936,24.7656287107,
    -24.81627011327));
#1914 = CARTESIAN_POINT('',(-5.511518020393,24.937243294459,
    -24.67212907615));
#1915 = CARTESIAN_POINT('',(-5.506776362248,25.242453703695,
    -24.36427000035));
#1916 = CARTESIAN_POINT('',(-5.496055713037,25.375953431304,
    -24.20473811042));
#1917 = CARTESIAN_POINT('',(-5.477085053272,25.494327627284,
    -24.03608741264));
#1918 = CARTESIAN_POINT('',(-5.450762915775,25.596435510045,
    -23.86122510878));
#1919 = CARTESIAN_POINT('',(-5.41865573872,25.681919707507,
    -23.68350868276));
#1920 = CARTESIAN_POINT('',(-5.344362764887,25.825384479035,
    -23.31841486436));
#1921 = CARTESIAN_POINT('',(-5.301417055274,25.881669463158,
    -23.12998847058));
#1922 = CARTESIAN_POINT('',(-5.255440722589,25.921746485215,
    -22.94299854677));
#1923 = CARTESIAN_POINT('',(-5.207861464533,25.946991111269,
    -22.7585399492));
#1924 = CARTESIAN_POINT('',(-5.159899461838,25.958626886512,
    -22.57738663532));
#1925 = CARTESIAN_POINT('',(-5.112600905778,25.957699463844,
    -22.40008960053));
#1926 = PCURVE('',#417,#1927);
#1927 = DEFINITIONAL_REPRESENTATION('',(#1928),#2031);
#1928 = B_SPLINE_CURVE_WITH_KNOTS('',6,(#1929,#1930,#1931,#1932,#1933,
    #1934,#1935,#1936,#1937,#1938,#1939,#1940,#1941,#1942,#1943,#1944,
    #1945,#1946,#1947,#1948,#1949,#1950,#1951,#1952,#1953,#1954,#1955,
    #1956,#1957,#1958,#1959,#1960,#1961,#1962,#1963,#1964,#1965,#1966,
    #1967,#1968,#1969,#1970,#1971,#1972,#1973,#1974,#1975,#1976,#1977,
    #1978,#1979,#1980,#1981,#1982,#1983,#1984,#1985,#1986,#1987,#1988,
    #1989,#1990,#1991,#1992,#1993,#1994,#1995,#1996,#1997,#1998,#1999,
    #2000,#2001,#2002,#2003,#2004,#2005,#2006,#2007,#2008,#2009,#2010,
    #2011,#2012,#2013,#2014,#2015,#2016,#2017,#2018,#2019,#2020,#2021,
    #2022,#2023,#2024,#2025,#2026,#2027,#2028,#2029,#2030),
  .UNSPECIFIED.,.T.,.F.,(7,5,5,5,5,5,5,5,5,5,5,5,5,5,5,5,5,5,5,5,7),(0.,
    1.476725593465E-02,5.560703201134E-02,9.479451079603E-02,
    0.13801792811,0.221132474272,0.280312583917,0.329178966411,
    0.387785668739,0.44766097339,0.475037525715,0.511580245421,
    0.55532892133,0.638299880962,0.681839751822,0.72132756788,
    0.801502798347,0.829281840839,0.887869827717,0.942164532244,1.),
  .UNSPECIFIED.);
#1929 = CARTESIAN_POINT('',(5.083686261844,34.142420294834));
#1930 = CARTESIAN_POINT('',(5.089441614156,34.110712733395));
#1931 = CARTESIAN_POINT('',(5.095079234686,34.07858640694));
#1932 = CARTESIAN_POINT('',(5.100599529146,34.046057368761));
#1933 = CARTESIAN_POINT('',(5.106002824989,34.013140607593));
#1934 = CARTESIAN_POINT('',(5.111289371404,33.97985004761));
#1935 = CARTESIAN_POINT('',(5.13075721112,33.853133208637));
#1936 = CARTESIAN_POINT('',(5.144165974723,33.757291430654));
#1937 = CARTESIAN_POINT('',(5.15668594839,33.658960427234));
#1938 = CARTESIAN_POINT('',(5.168313445249,33.558384014838));
#1939 = CARTESIAN_POINT('',(5.179041632851,33.455763458397));
#1940 = CARTESIAN_POINT('',(5.198283864362,33.250981247014));
#1941 = CARTESIAN_POINT('',(5.206869872896,33.14896923823));
#1942 = CARTESIAN_POINT('',(5.214604814365,33.045429971177));
#1943 = CARTESIAN_POINT('',(5.221474395131,32.940555089645));
#1944 = CARTESIAN_POINT('',(5.227464988771,32.834520643519));
#1945 = CARTESIAN_POINT('',(5.238188146249,32.609431026532));
#1946 = CARTESIAN_POINT('',(5.242727249409,32.490167127058));
#1947 = CARTESIAN_POINT('',(5.246160158152,32.370001708622));
#1948 = CARTESIAN_POINT('',(5.248472400985,32.2492319169));
#1949 = CARTESIAN_POINT('',(5.249656260669,32.128146560036));
#1950 = CARTESIAN_POINT('',(5.249815836662,31.774124072293));
#1951 = CARTESIAN_POINT('',(5.245745073073,31.541620799017));
#1952 = CARTESIAN_POINT('',(5.237526044962,31.311235711555));
#1953 = CARTESIAN_POINT('',(5.225244244412,31.084742147801));
#1954 = CARTESIAN_POINT('',(5.209047221986,30.864119150832));
#1955 = CARTESIAN_POINT('',(5.174960095682,30.500412091077));
#1956 = CARTESIAN_POINT('',(5.158885570168,30.353131806312));
#1957 = CARTESIAN_POINT('',(5.140941510863,30.210289297676));
#1958 = CARTESIAN_POINT('',(5.12113808454,30.072488028994));
#1959 = CARTESIAN_POINT('',(5.099471083293,29.940555892078));
#1960 = CARTESIAN_POINT('',(5.05648354354,29.712455858136));
#1961 = CARTESIAN_POINT('',(5.035740007881,29.613952508861));
#1962 = CARTESIAN_POINT('',(5.013688063867,29.520799248437));
#1963 = CARTESIAN_POINT('',(4.99032057439,29.433832781218));
#1964 = CARTESIAN_POINT('',(4.965632728752,29.354064928178));
#1965 = CARTESIAN_POINT('',(4.908432344418,29.197134985721));
#1966 = CARTESIAN_POINT('',(4.875078648791,29.122941972414));
#1967 = CARTESIAN_POINT('',(4.839995519894,29.063962958395));
#1968 = CARTESIAN_POINT('',(4.803643569655,29.022869736421));
#1969 = CARTESIAN_POINT('',(4.766481370917,29.001339191812));
#1970 = CARTESIAN_POINT('',(4.690666799682,28.998731475672));
#1971 = CARTESIAN_POINT('',(4.652627585402,29.018561679929));
#1972 = CARTESIAN_POINT('',(4.615377864376,29.058961760303));
#1973 = CARTESIAN_POINT('',(4.579419626397,29.118216688389));
#1974 = CARTESIAN_POINT('',(4.545258102753,29.193486572569));
#1975 = CARTESIAN_POINT('',(4.49878629552,29.320455980775));
#1976 = CARTESIAN_POINT('',(4.4846135735,29.362955127984));
#1977 = CARTESIAN_POINT('',(4.470851947157,29.40789920202));
#1978 = CARTESIAN_POINT('',(4.457503723927,29.455087630894));
#1979 = CARTESIAN_POINT('',(4.444570705483,29.504334396431));
#1980 = CARTESIAN_POINT('',(4.41534642681,29.62372079666));
#1981 = CARTESIAN_POINT('',(4.399376578796,29.695351232293));
#1982 = CARTESIAN_POINT('',(4.384135909631,29.770002595771));
#1983 = CARTESIAN_POINT('',(4.369617666426,29.847373253326));
#1984 = CARTESIAN_POINT('',(4.355816208128,29.92721580918));
#1985 = CARTESIAN_POINT('',(4.327055254998,30.107651466975));
#1986 = CARTESIAN_POINT('',(4.312401995667,30.209244703388));
#1987 = CARTESIAN_POINT('',(4.298764614728,30.313751824809));
#1988 = CARTESIAN_POINT('',(4.286146584952,30.420867270268));
#1989 = CARTESIAN_POINT('',(4.274555591645,30.530343380425));
#1990 = CARTESIAN_POINT('',(4.243987658294,30.853729473442));
#1991 = CARTESIAN_POINT('',(4.227668500406,31.073670232345));
#1992 = CARTESIAN_POINT('',(4.215244458761,31.299515545371));
#1993 = CARTESIAN_POINT('',(4.206862620013,31.52930118377));
#1994 = CARTESIAN_POINT('',(4.202609736186,31.761270254882));
#1995 = CARTESIAN_POINT('',(4.202467041767,32.115706773932));
#1996 = CARTESIAN_POINT('',(4.203563356481,32.237677303587));
#1997 = CARTESIAN_POINT('',(4.205804638543,32.35934800441));
#1998 = CARTESIAN_POINT('',(4.20918334525,32.480423186474));
#1999 = CARTESIAN_POINT('',(4.213684928657,32.600598818188));
#2000 = CARTESIAN_POINT('',(4.224369459304,32.827454052539));
#2001 = CARTESIAN_POINT('',(4.230356622463,32.934341905766));
#2002 = CARTESIAN_POINT('',(4.237236563237,33.040060953949));
#2003 = CARTESIAN_POINT('',(4.244995347568,33.144430971594));
#2004 = CARTESIAN_POINT('',(4.253618316453,33.247255772415));
#2005 = CARTESIAN_POINT('',(4.28232247889,33.553527014793));
#2006 = CARTESIAN_POINT('',(4.305033642599,33.751253016282));
#2007 = CARTESIAN_POINT('',(4.331154296389,33.940511498859));
#2008 = CARTESIAN_POINT('',(4.360692966369,34.119756174272));
#2009 = CARTESIAN_POINT('',(4.393696300749,34.286530225957));
#2010 = CARTESIAN_POINT('',(4.442895287316,34.489230554788));
#2011 = CARTESIAN_POINT('',(4.455984383711,34.539460218848));
#2012 = CARTESIAN_POINT('',(4.469501624009,34.587582042468));
#2013 = CARTESIAN_POINT('',(4.483445302465,34.633402756874));
#2014 = CARTESIAN_POINT('',(4.497813187571,34.676713405699));
#2015 = CARTESIAN_POINT('',(4.54379498292,34.802865014331));
#2016 = CARTESIAN_POINT('',(4.57714867852,34.877058027545));
#2017 = CARTESIAN_POINT('',(4.612231807403,34.936037041577));
#2018 = CARTESIAN_POINT('',(4.648583757658,34.977130263602));
#2019 = CARTESIAN_POINT('',(4.685745956423,34.998660808189));
#2020 = CARTESIAN_POINT('',(4.758000696983,35.00114608048));
#2021 = CARTESIAN_POINT('',(4.792581303756,34.984942587313));
#2022 = CARTESIAN_POINT('',(4.826573042915,34.951671730954));
#2023 = CARTESIAN_POINT('',(4.859568017211,34.902541459945));
#2024 = CARTESIAN_POINT('',(4.891156656731,34.839624927533));
#2025 = CARTESIAN_POINT('',(4.952679688819,34.687532594788));
#2026 = CARTESIAN_POINT('',(4.982569859778,34.596422473298));
#2027 = CARTESIAN_POINT('',(5.010609871918,34.494787782498));
#2028 = CARTESIAN_POINT('',(5.036803101087,34.38435709509));
#2029 = CARTESIAN_POINT('',(5.061158900732,34.266528715618));
#2030 = CARTESIAN_POINT('',(5.083686261844,34.142420294834));
#2031 = ( GEOMETRIC_REPRESENTATION_CONTEXT(2) 
PARAMETRIC_REPRESENTATION_CONTEXT() REPRESENTATION_CONTEXT('2D SPACE',''
  ) );
#2032 = PCURVE('',#2033,#2038);
#2033 = CYLINDRICAL_SURFACE('',#2034,3.);
#2034 = AXIS2_PLACEMENT_3D('',#2035,#2036,#2037);
#2035 = CARTESIAN_POINT('',(-7.550460781243,23.004923992024,
    -22.40008960053));
#2036 = DIRECTION('',(0.999807821657,-1.960407493445E-02,0.));
#2037 = DIRECTION('',(1.960407493445E-02,0.999807821657,0.));
#2038 = DEFINITIONAL_REPRESENTATION('',(#2039),#2142);
#2039 = B_SPLINE_CURVE_WITH_KNOTS('',6,(#2040,#2041,#2042,#2043,#2044,
    #2045,#2046,#2047,#2048,#2049,#2050,#2051,#2052,#2053,#2054,#2055,
    #2056,#2057,#2058,#2059,#2060,#2061,#2062,#2063,#2064,#2065,#2066,
    #2067,#2068,#2069,#2070,#2071,#2072,#2073,#2074,#2075,#2076,#2077,
    #2078,#2079,#2080,#2081,#2082,#2083,#2084,#2085,#2086,#2087,#2088,
    #2089,#2090,#2091,#2092,#2093,#2094,#2095,#2096,#2097,#2098,#2099,
    #2100,#2101,#2102,#2103,#2104,#2105,#2106,#2107,#2108,#2109,#2110,
    #2111,#2112,#2113,#2114,#2115,#2116,#2117,#2118,#2119,#2120,#2121,
    #2122,#2123,#2124,#2125,#2126,#2127,#2128,#2129,#2130,#2131,#2132,
    #2133,#2134,#2135,#2136,#2137,#2138,#2139,#2140,#2141),
  .UNSPECIFIED.,.F.,.F.,(7,5,5,5,5,5,5,5,5,5,5,5,5,5,5,5,5,5,5,5,7),(0.,
    1.476725593465E-02,5.560703201134E-02,9.479451079603E-02,
    0.13801792811,0.221132474272,0.280312583917,0.329178966411,
    0.387785668739,0.44766097339,0.475037525715,0.511580245421,
    0.55532892133,0.638299880962,0.681839751822,0.72132756788,
    0.801502798347,0.829281840839,0.887869827717,0.942164532244,1.),
  .UNSPECIFIED.);
#2040 = CARTESIAN_POINT('',(-8.881784197001E-16,2.379504939979));
#2041 = CARTESIAN_POINT('',(1.509877838535E-02,2.39159122818));
#2042 = CARTESIAN_POINT('',(3.011788922837E-02,2.40365367593));
#2043 = CARTESIAN_POINT('',(4.506136388973E-02,2.41567531076));
#2044 = CARTESIAN_POINT('',(5.993313035045E-02,2.427639752911));
#2045 = CARTESIAN_POINT('',(7.473701321184E-02,2.439531215335));
#2046 = CARTESIAN_POINT('',(0.130240358749,2.483977240822));
#2047 = CARTESIAN_POINT('',(0.170520384414,2.515951189646));
#2048 = CARTESIAN_POINT('',(0.210388086484,2.546928048052));
#2049 = CARTESIAN_POINT('',(0.249907901708,2.576608903346));
#2050 = CARTESIAN_POINT('',(0.289142829481,2.604722648095));
#2051 = CARTESIAN_POINT('',(0.365598286087,2.656262026652));
#2052 = CARTESIAN_POINT('',(0.402835944888,2.679831237834));
#2053 = CARTESIAN_POINT('',(0.439906765965,2.701498470377));
#2054 = CARTESIAN_POINT('',(0.476844009049,2.721056651701));
#2055 = CARTESIAN_POINT('',(0.513681892995,2.738328321142));
#2056 = CARTESIAN_POINT('',(0.591020122419,2.76953761346));
#2057 = CARTESIAN_POINT('',(0.631504309187,2.782947737655));
#2058 = CARTESIAN_POINT('',(0.671928500523,2.793192079603));
#2059 = CARTESIAN_POINT('',(0.71231278495,2.80012759187));
#2060 = CARTESIAN_POINT('',(0.752679276476,2.803679041983));
#2061 = CARTESIAN_POINT('',(0.870687096071,2.804157768649));
#2062 = CARTESIAN_POINT('',(0.948171383815,2.791945492087));
#2063 = CARTESIAN_POINT('',(1.025775436048,2.767278786771));
#2064 = CARTESIAN_POINT('',(1.103732720926,2.731081475585));
#2065 = CARTESIAN_POINT('',(1.182262862723,2.685120805261));
#2066 = CARTESIAN_POINT('',(1.31797798795,2.593769686784));
#2067 = CARTESIAN_POINT('',(1.374857975218,2.551985492457));
#2068 = CARTESIAN_POINT('',(1.432385762813,2.507150589994));
#2069 = CARTESIAN_POINT('',(1.490769140155,2.460098189605));
#2070 = CARTESIAN_POINT('',(1.550223023639,2.411794111538));
#2071 = CARTESIAN_POINT('',(1.661148987534,2.32339768087));
#2072 = CARTESIAN_POINT('',(1.712259696688,2.283299290218));
#2073 = CARTESIAN_POINT('',(1.76443101198,2.243734796499));
#2074 = CARTESIAN_POINT('',(1.817783378731,2.205454607555));
#2075 = CARTESIAN_POINT('',(1.872447280852,2.169307554783));
#2076 = CARTESIAN_POINT('',(1.995882529953,2.096585596612));
#2077 = CARTESIAN_POINT('',(2.065860271916,2.06102738807));
#2078 = CARTESIAN_POINT('',(2.137768284201,2.031965404212));
#2079 = CARTESIAN_POINT('',(2.211100708477,2.011434535926));
#2080 = CARTESIAN_POINT('',(2.285454873779,2.000669587806));
#2081 = CARTESIAN_POINT('',(2.437085884898,1.999365745804));
#2082 = CARTESIAN_POINT('',(2.513134741922,2.009280524269));
#2083 = CARTESIAN_POINT('',(2.588183900545,2.029495161313));
#2084 = CARTESIAN_POINT('',(2.661786606938,2.058749317823));
#2085 = CARTESIAN_POINT('',(2.733384715216,2.094870188955));
#2086 = CARTESIAN_POINT('',(2.833607663845,2.153743909429));
#2087 = CARTESIAN_POINT('',(2.864607087097,2.173195193267));
#2088 = CARTESIAN_POINT('',(2.895180832134,2.193457699514));
#2089 = CARTESIAN_POINT('',(2.925347530906,2.214370826838));
#2090 = CARTESIAN_POINT('',(2.955124184328,2.235782271543));
#2091 = CARTESIAN_POINT('',(3.023774928323,2.286604465551));
#2092 = CARTESIAN_POINT('',(3.062366352147,2.316300192703));
#2093 = CARTESIAN_POINT('',(3.100367795397,2.346318442733));
#2094 = CARTESIAN_POINT('',(3.137838945362,2.376372318456));
#2095 = CARTESIAN_POINT('',(3.174838150644,2.406204012467));
#2096 = CARTESIAN_POINT('',(3.25523243633,2.470754638828));
#2097 = CARTESIAN_POINT('',(3.298455797219,2.505281887944));
#2098 = CARTESIAN_POINT('',(3.341187482292,2.538754485709));
#2099 = CARTESIAN_POINT('',(3.383507430713,2.570801943757));
#2100 = CARTESIAN_POINT('',(3.425493613315,2.601090596159));
#2101 = CARTESIAN_POINT('',(3.546384076888,2.682860855331));
#2102 = CARTESIAN_POINT('',(3.624786921676,2.729096938456));
#2103 = CARTESIAN_POINT('',(3.702609509869,2.765668545341));
#2104 = CARTESIAN_POINT('',(3.780072617144,2.790804378107));
#2105 = CARTESIAN_POINT('',(3.857410810181,2.803563033538));
#2106 = CARTESIAN_POINT('',(3.975556575048,2.803991115858));
#2107 = CARTESIAN_POINT('',(4.016209371047,2.800702299965));
#2108 = CARTESIAN_POINT('',(4.056879027149,2.793976886605));
#2109 = CARTESIAN_POINT('',(4.097587890376,2.783888313798));
#2110 = CARTESIAN_POINT('',(4.138356268086,2.770580055078));
#2111 = CARTESIAN_POINT('',(4.216248432709,2.739462140773));
#2112 = CARTESIAN_POINT('',(4.253355920868,2.722187510977));
#2113 = CARTESIAN_POINT('',(4.290563041371,2.702584605813));
#2114 = CARTESIAN_POINT('',(4.327904602577,2.68083405584));
#2115 = CARTESIAN_POINT('',(4.365414406222,2.65714712827));
#2116 = CARTESIAN_POINT('',(4.479697697948,2.580221977113));
#2117 = CARTESIAN_POINT('',(4.557018193169,2.521740035405));
#2118 = CARTESIAN_POINT('',(4.635654599782,2.45815585433));
#2119 = CARTESIAN_POINT('',(4.716170438787,2.391579845176));
#2120 = CARTESIAN_POINT('',(4.799121324806,2.324645897407));
#2121 = CARTESIAN_POINT('',(4.914984445675,2.238573205072));
#2122 = CARTESIAN_POINT('',(4.945181486181,2.216777919358));
#2123 = CARTESIAN_POINT('',(4.975778931568,2.195484130161));
#2124 = CARTESIAN_POINT('',(5.006794854403,2.174850529865));
#2125 = CARTESIAN_POINT('',(5.03824902577,2.155044752709));
#2126 = CARTESIAN_POINT('',(5.137475183584,2.096585596587));
#2127 = CARTESIAN_POINT('',(5.207452925488,2.061027388087));
#2128 = CARTESIAN_POINT('',(5.279360937749,2.031965404228));
#2129 = CARTESIAN_POINT('',(5.352693362056,2.011434535914));
#2130 = CARTESIAN_POINT('',(5.427047527412,2.000669587806));
#2131 = CARTESIAN_POINT('',(5.571558789439,1.999426966974));
#2132 = CARTESIAN_POINT('',(5.640695798908,2.007528417244));
#2133 = CARTESIAN_POINT('',(5.709084782951,2.024174814651));
#2134 = CARTESIAN_POINT('',(5.776336681138,2.048490163018));
#2135 = CARTESIAN_POINT('',(5.841984256475,2.078915331157));
#2136 = CARTESIAN_POINT('',(5.972915818244,2.150381533357));
#2137 = CARTESIAN_POINT('',(6.038318216681,2.192215574688));
#2138 = CARTESIAN_POINT('',(6.101844330936,2.237397398775));
#2139 = CARTESIAN_POINT('',(6.163701798953,2.284472615586));
#2140 = CARTESIAN_POINT('',(6.224086295585,2.332197292413));
#2141 = CARTESIAN_POINT('',(6.28318530718,2.379504939979));
#2142 = ( GEOMETRIC_REPRESENTATION_CONTEXT(2) 
PARAMETRIC_REPRESENTATION_CONTEXT() REPRESENTATION_CONTEXT('2D SPACE',''
  ) );
#2143 = FACE_BOUND('',#2144,.T.);
#2144 = EDGE_LOOP('',(#2145));
#2145 = ORIENTED_EDGE('',*,*,#2146,.F.);
#2146 = EDGE_CURVE('',#2147,#2147,#2149,.T.);
#2147 = VERTEX_POINT('',#2148);
#2148 = CARTESIAN_POINT('',(6.126228939406,25.737330251193,
    -22.40008960053));
#2149 = SURFACE_CURVE('',#2150,(#2253,#2359),.PCURVE_S1.);
#2150 = B_SPLINE_CURVE_WITH_KNOTS('',6,(#2151,#2152,#2153,#2154,#2155,
    #2156,#2157,#2158,#2159,#2160,#2161,#2162,#2163,#2164,#2165,#2166,
    #2167,#2168,#2169,#2170,#2171,#2172,#2173,#2174,#2175,#2176,#2177,
    #2178,#2179,#2180,#2181,#2182,#2183,#2184,#2185,#2186,#2187,#2188,
    #2189,#2190,#2191,#2192,#2193,#2194,#2195,#2196,#2197,#2198,#2199,
    #2200,#2201,#2202,#2203,#2204,#2205,#2206,#2207,#2208,#2209,#2210,
    #2211,#2212,#2213,#2214,#2215,#2216,#2217,#2218,#2219,#2220,#2221,
    #2222,#2223,#2224,#2225,#2226,#2227,#2228,#2229,#2230,#2231,#2232,
    #2233,#2234,#2235,#2236,#2237,#2238,#2239,#2240,#2241,#2242,#2243,
    #2244,#2245,#2246,#2247,#2248,#2249,#2250,#2251,#2252),
  .UNSPECIFIED.,.T.,.F.,(7,5,5,5,5,5,5,5,5,5,5,5,5,5,5,5,5,5,5,5,7),(0.,
    1.47672559188E-02,5.560703195162E-02,9.479451069413E-02,
    0.138017927961,0.221132474034,0.280312583615,0.329178966067,
    0.38778566839,0.447660973072,0.475037525411,0.511580245135,
    0.555328921067,0.638299880741,0.681839751623,0.721327567701,
    0.80150279821,0.829281840716,0.887869827624,0.942164532204,1.),
  .UNSPECIFIED.);
#2151 = CARTESIAN_POINT('',(6.126228939406,25.737330251193,
    -22.40008960053));
#2152 = CARTESIAN_POINT('',(6.114144973928,25.737567191693,
    -22.35479326538));
#2153 = CARTESIAN_POINT('',(6.102068755396,25.736983129737,
    -22.30973596444));
#2154 = CARTESIAN_POINT('',(6.090017570762,25.73559393757,
    -22.26492409549));
#2155 = CARTESIAN_POINT('',(6.078008094924,25.733414506681,
    -22.22036354808));
#2156 = CARTESIAN_POINT('',(6.066056390723,25.730458747807,
    -22.17605970361));
#2157 = CARTESIAN_POINT('',(6.021327219689,25.716454028408,
    -22.01021576925));
#2158 = CARTESIAN_POINT('',(5.989030933996,25.700328288089,
    -21.89039367206));
#2159 = CARTESIAN_POINT('',(5.957622728225,25.678633237942,
    -21.77267848719));
#2160 = CARTESIAN_POINT('',(5.927406047852,25.651597119766,
    -21.65717964692));
#2161 = CARTESIAN_POINT('',(5.898655696557,25.619405784366,
    -21.54398960755));
#2162 = CARTESIAN_POINT('',(5.845676988588,25.546505223813,
    -21.3268629074));
#2163 = CARTESIAN_POINT('',(5.821312816382,25.50619326008,
    -21.22273753565));
#2164 = CARTESIAN_POINT('',(5.798763448308,25.461416751481,
    -21.12094791479));
#2165 = CARTESIAN_POINT('',(5.778238684805,25.41231278878,
    -21.02162379197));
#2166 = CARTESIAN_POINT('',(5.759918426212,25.359004055855,
    -20.92488793046));
#2167 = CARTESIAN_POINT('',(5.726335950817,25.238277662946,
    -20.72714519127));
#2168 = CARTESIAN_POINT('',(5.711584008207,25.169976382956,
    -20.62673121797));
#2169 = CARTESIAN_POINT('',(5.699904534528,25.096885089771,
    -20.52985372968));
#2170 = CARTESIAN_POINT('',(5.691444455493,25.019200173275,
    -20.43673396231));
#2171 = CARTESIAN_POINT('',(5.686282904837,24.937119860385,
    -20.34758072315));
#2172 = CARTESIAN_POINT('',(5.680859314306,24.68493649617,
    -20.09917183839));
#2173 = CARTESIAN_POINT('',(5.689523909747,24.503885042315,
    -19.95152482476));
#2174 = CARTESIAN_POINT('',(5.710374497265,24.309021227404,
    -19.82074866719));
#2175 = CARTESIAN_POINT('',(5.742512977565,24.101666010722,
    -19.70804727891));
#2176 = CARTESIAN_POINT('',(5.78420037212,23.883278395011,-19.6147944498
    ));
#2177 = CARTESIAN_POINT('',(5.867930891186,23.493732311916,
    -19.49087740857));
#2178 = CARTESIAN_POINT('',(5.90645207405,23.326909117723,
    -19.44986707778));
#2179 = CARTESIAN_POINT('',(5.947934854408,23.155511374742,
    -19.41980320964));
#2180 = CARTESIAN_POINT('',(5.991550906491,22.979796357444,
    -19.40130203842));
#2181 = CARTESIAN_POINT('',(6.036341461444,22.800133154712,
    -19.3951889667));
#2182 = CARTESIAN_POINT('',(6.118202367968,22.46595487452,
    -19.40855770642));
#2183 = CARTESIAN_POINT('',(6.155296667192,22.312353128586,
    -19.42377109381));
#2184 = CARTESIAN_POINT('',(6.191815888275,22.15665637444,
    -19.44877584462));
#2185 = CARTESIAN_POINT('',(6.227019022947,21.999351346333,
    -19.48428559721));
#2186 = CARTESIAN_POINT('',(6.260069961994,21.841095197286,
    -19.53109223048));
#2187 = CARTESIAN_POINT('',(6.325978127073,21.492878856711,
    -19.66076999917));
#2188 = CARTESIAN_POINT('',(6.357786531256,21.301290260178,
    -19.74956460464));
#2189 = CARTESIAN_POINT('',(6.383152501056,21.112508649093,
    -19.85735913124));
#2190 = CARTESIAN_POINT('',(6.400119578957,20.930554074394,
    -19.9839090878));
#2191 = CARTESIAN_POINT('',(6.407521604415,20.758939490635,
    -20.12805012492));
#2192 = CARTESIAN_POINT('',(6.402546335299,20.438692042139,
    -20.4510767339));
#2193 = CARTESIAN_POINT('',(6.389778637326,20.293290341602,
    -20.62797057231));
#2194 = CARTESIAN_POINT('',(6.367073941206,20.166495492401,
    -20.8154695821));
#2195 = CARTESIAN_POINT('',(6.335717593147,20.05957050126,
    -21.00980975869));
#2196 = CARTESIAN_POINT('',(6.297886876524,19.972722473388,
    -21.20667933731));
#2197 = CARTESIAN_POINT('',(6.237061945711,19.87378788392,
    -21.49019326051));
#2198 = CARTESIAN_POINT('',(6.217073189309,19.846567463692,
    -21.57907068886));
#2199 = CARTESIAN_POINT('',(6.1963450997,19.823021345233,-21.6677078547)
  );
#2200 = CARTESIAN_POINT('',(6.175035495778,19.80300604967,
    -21.75596141986));
#2201 = CARTESIAN_POINT('',(6.153293974591,19.786382045011,
    -21.84370497582));
#2202 = CARTESIAN_POINT('',(6.101849999513,19.755169419419,
    -22.04712205154));
#2203 = CARTESIAN_POINT('',(6.071912329812,19.743121455996,
    -22.16233851207));
#2204 = CARTESIAN_POINT('',(6.04175928457,19.736541168462,
    -22.27629784465));
#2205 = CARTESIAN_POINT('',(6.011672117856,19.735137945447,
    -22.38885994413));
#2206 = CARTESIAN_POINT('',(5.981903744875,19.738659757431,
    -22.4999234012));
#2207 = CARTESIAN_POINT('',(5.917695447164,19.756751307086,
    -22.74051838086));
#2208 = CARTESIAN_POINT('',(5.883487298566,19.773363903416,
    -22.86939030992));
#2209 = CARTESIAN_POINT('',(5.850459359833,19.7963696452,-22.99588030264
    ));
#2210 = CARTESIAN_POINT('',(5.818976252272,19.825465680616,
    -23.11985346152));
#2211 = CARTESIAN_POINT('',(5.789366914605,19.86040765117,
    -23.24119865581));
#2212 = CARTESIAN_POINT('',(5.709886895946,19.978011509492,
    -23.58481060565));
#2213 = CARTESIAN_POINT('',(5.665553779859,20.075516079769,
    -23.80044243363));
#2214 = CARTESIAN_POINT('',(5.631259538454,20.19202023002,
    -24.00492895612));
#2215 = CARTESIAN_POINT('',(5.608747812246,20.326096070504,-24.196885718
    ));
#2216 = CARTESIAN_POINT('',(5.598935927263,20.476506436168,
    -24.37504644448));
#2217 = CARTESIAN_POINT('',(5.603459883305,20.72906458913,
    -24.62368250834));
#2218 = CARTESIAN_POINT('',(5.608533837665,20.820074410722,
    -24.70499392805));
#2219 = CARTESIAN_POINT('',(5.617121157243,20.914965698752,
    -24.78184765949));
#2220 = CARTESIAN_POINT('',(5.629144153725,21.013522408131,
    -24.85404320994));
#2221 = CARTESIAN_POINT('',(5.644454867449,21.115517152762,
    -24.9213811433));
#2222 = CARTESIAN_POINT('',(5.679511932505,21.316108792754,
    -25.04015413911));
#2223 = CARTESIAN_POINT('',(5.698711913746,21.414132373584,
    -25.09248240943));
#2224 = CARTESIAN_POINT('',(5.720289675709,21.51465790347,
    -25.14054142129));
#2225 = CARTESIAN_POINT('',(5.744062104587,21.617560507426,
    -25.18420474548));
#2226 = CARTESIAN_POINT('',(5.769815308566,21.722708401827,
    -25.22333081414));
#2227 = CARTESIAN_POINT('',(5.853128064172,22.047722133065,
    -25.32767914929));
#2228 = CARTESIAN_POINT('',(5.916056343577,22.273912058368,
    -25.37817144645));
#2229 = CARTESIAN_POINT('',(5.984244979518,22.508115942088,
    -25.40828789168));
#2230 = CARTESIAN_POINT('',(6.055574211295,22.749877652623,
    -25.41632716006));
#2231 = CARTESIAN_POINT('',(6.127391004275,22.998246606294,
    -25.39980218372));
#2232 = CARTESIAN_POINT('',(6.220159863038,23.338907325278,
    -25.34004361322));
#2233 = CARTESIAN_POINT('',(6.243689687536,23.42715514451,
    -25.32131661703));
#2234 = CARTESIAN_POINT('',(6.266727239201,23.51587828782,
    -25.29910344715));
#2235 = CARTESIAN_POINT('',(6.289111246267,23.604946762336,
    -25.27326382461));
#2236 = CARTESIAN_POINT('',(6.310671141573,23.694212632353,
    -25.24365354726));
#2237 = CARTESIAN_POINT('',(6.374585246975,23.971841971717,
    -25.13940920189));
#2238 = CARTESIAN_POINT('',(6.413879592756,24.162036396681,
    -25.05061459643));
#2239 = CARTESIAN_POINT('',(6.446626420508,24.349678541149,
    -24.94282006983));
#2240 = CARTESIAN_POINT('',(6.470713188057,24.530828138485,
    -24.81627011327));
#2241 = CARTESIAN_POINT('',(6.484836921237,24.702020648545,
    -24.67212907615));
#2242 = CARTESIAN_POINT('',(6.492063343438,25.007182336984,
    -24.36427000028));
#2243 = CARTESIAN_POINT('',(6.486584205945,25.140999707376,
    -24.20473811042));
#2244 = CARTESIAN_POINT('',(6.472268469068,25.260026577774,
    -24.03608741272));
#2245 = CARTESIAN_POINT('',(6.4499692556,25.363087820411,-23.86122510882
    ));
#2246 = CARTESIAN_POINT('',(6.421237790467,25.44976493246,
    -23.68350868267));
#2247 = CARTESIAN_POINT('',(6.352625828455,25.596031761459,
    -23.31841486451));
#2248 = CARTESIAN_POINT('',(6.311919534577,25.653956981037,
    -23.12998847057));
#2249 = CARTESIAN_POINT('',(6.267549584983,25.695805498821,
    -22.94299854663));
#2250 = CARTESIAN_POINT('',(6.220996503108,25.722895856982,
    -22.75853994914));
#2251 = CARTESIAN_POINT('',(6.173527495505,25.736402828525,
    -22.57738663546));
#2252 = CARTESIAN_POINT('',(6.126228939406,25.737330251193,
    -22.40008960053));
#2253 = PCURVE('',#417,#2254);
#2254 = DEFINITIONAL_REPRESENTATION('',(#2255),#2358);
#2255 = B_SPLINE_CURVE_WITH_KNOTS('',6,(#2256,#2257,#2258,#2259,#2260,
    #2261,#2262,#2263,#2264,#2265,#2266,#2267,#2268,#2269,#2270,#2271,
    #2272,#2273,#2274,#2275,#2276,#2277,#2278,#2279,#2280,#2281,#2282,
    #2283,#2284,#2285,#2286,#2287,#2288,#2289,#2290,#2291,#2292,#2293,
    #2294,#2295,#2296,#2297,#2298,#2299,#2300,#2301,#2302,#2303,#2304,
    #2305,#2306,#2307,#2308,#2309,#2310,#2311,#2312,#2313,#2314,#2315,
    #2316,#2317,#2318,#2319,#2320,#2321,#2322,#2323,#2324,#2325,#2326,
    #2327,#2328,#2329,#2330,#2331,#2332,#2333,#2334,#2335,#2336,#2337,
    #2338,#2339,#2340,#2341,#2342,#2343,#2344,#2345,#2346,#2347,#2348,
    #2349,#2350,#2351,#2352,#2353,#2354,#2355,#2356,#2357),
  .UNSPECIFIED.,.T.,.F.,(7,5,5,5,5,5,5,5,5,5,5,5,5,5,5,5,5,5,5,5,7),(0.,
    1.47672559188E-02,5.560703195162E-02,9.479451069413E-02,
    0.138017927961,0.221132474034,0.280312583615,0.329178966067,
    0.38778566839,0.447660973072,0.475037525411,0.511580245135,
    0.555328921067,0.638299880741,0.681839751623,0.721327567701,
    0.80150279821,0.829281840716,0.887869827624,0.942164532204,1.),
  .UNSPECIFIED.);
#2256 = CARTESIAN_POINT('',(1.226948411885,34.142420294834));
#2257 = CARTESIAN_POINT('',(1.221193059573,34.110712733395));
#2258 = CARTESIAN_POINT('',(1.215555439043,34.07858640694));
#2259 = CARTESIAN_POINT('',(1.210035144583,34.046057368761));
#2260 = CARTESIAN_POINT('',(1.20463184874,34.013140607593));
#2261 = CARTESIAN_POINT('',(1.199345302325,33.97985004761));
#2262 = CARTESIAN_POINT('',(1.179877462609,33.853133208637));
#2263 = CARTESIAN_POINT('',(1.166468699006,33.757291430654));
#2264 = CARTESIAN_POINT('',(1.153948725338,33.658960427234));
#2265 = CARTESIAN_POINT('',(1.14232122848,33.558384014838));
#2266 = CARTESIAN_POINT('',(1.131593040878,33.455763458397));
#2267 = CARTESIAN_POINT('',(1.112350809367,33.250981247014));
#2268 = CARTESIAN_POINT('',(1.103764800833,33.14896923823));
#2269 = CARTESIAN_POINT('',(1.096029859363,33.045429971177));
#2270 = CARTESIAN_POINT('',(1.089160278598,32.940555089645));
#2271 = CARTESIAN_POINT('',(1.083169684957,32.834520643519));
#2272 = CARTESIAN_POINT('',(1.07244652748,32.609431026532));
#2273 = CARTESIAN_POINT('',(1.06790742432,32.490167127058));
#2274 = CARTESIAN_POINT('',(1.064474515577,32.370001708622));
#2275 = CARTESIAN_POINT('',(1.062162272744,32.2492319169));
#2276 = CARTESIAN_POINT('',(1.06097841306,32.128146560035));
#2277 = CARTESIAN_POINT('',(1.060818837067,31.774124072293));
#2278 = CARTESIAN_POINT('',(1.064889600655,31.541620799018));
#2279 = CARTESIAN_POINT('',(1.073108628766,31.311235711555));
#2280 = CARTESIAN_POINT('',(1.085390429317,31.084742147801));
#2281 = CARTESIAN_POINT('',(1.101587451743,30.864119150833));
#2282 = CARTESIAN_POINT('',(1.135674578047,30.500412091076));
#2283 = CARTESIAN_POINT('',(1.151749103561,30.353131806313));
#2284 = CARTESIAN_POINT('',(1.169693162866,30.210289297676));
#2285 = CARTESIAN_POINT('',(1.189496589189,30.072488028994));
#2286 = CARTESIAN_POINT('',(1.211163590436,29.940555892079));
#2287 = CARTESIAN_POINT('',(1.254151130193,29.712455858115));
#2288 = CARTESIAN_POINT('',(1.274894665847,29.613952508869));
#2289 = CARTESIAN_POINT('',(1.296946609858,29.520799248453));
#2290 = CARTESIAN_POINT('',(1.320314099338,29.433832781218));
#2291 = CARTESIAN_POINT('',(1.345001944981,29.354064928166));
#2292 = CARTESIAN_POINT('',(1.40220232933,29.197134985668));
#2293 = CARTESIAN_POINT('',(1.435556024931,29.122941972454));
#2294 = CARTESIAN_POINT('',(1.470639153813,29.063962958422));
#2295 = CARTESIAN_POINT('',(1.506991104069,29.022869736397));
#2296 = CARTESIAN_POINT('',(1.544153302834,29.001339191811));
#2297 = CARTESIAN_POINT('',(1.619967874047,28.998731475672));
#2298 = CARTESIAN_POINT('',(1.658007088327,29.018561679929));
#2299 = CARTESIAN_POINT('',(1.695256809353,29.058961760303));
#2300 = CARTESIAN_POINT('',(1.731215047332,29.118216688389));
#2301 = CARTESIAN_POINT('',(1.765376570976,29.193486572569));
#2302 = CARTESIAN_POINT('',(1.811848378209,29.320455980775));
#2303 = CARTESIAN_POINT('',(1.826021100228,29.362955127984));
#2304 = CARTESIAN_POINT('',(1.839782726572,29.40789920202));
#2305 = CARTESIAN_POINT('',(1.853130949802,29.455087630894));
#2306 = CARTESIAN_POINT('',(1.866063968245,29.504334396431));
#2307 = CARTESIAN_POINT('',(1.895288246919,29.62372079666));
#2308 = CARTESIAN_POINT('',(1.911258094933,29.695351232293));
#2309 = CARTESIAN_POINT('',(1.926498764097,29.770002595771));
#2310 = CARTESIAN_POINT('',(1.941017007303,29.847373253326));
#2311 = CARTESIAN_POINT('',(1.9548184656,29.92721580918));
#2312 = CARTESIAN_POINT('',(1.983579418731,30.107651466974));
#2313 = CARTESIAN_POINT('',(1.998232678062,30.209244703388));
#2314 = CARTESIAN_POINT('',(2.011870059001,30.313751824809));
#2315 = CARTESIAN_POINT('',(2.024488088777,30.420867270268));
#2316 = CARTESIAN_POINT('',(2.036079082084,30.530343380425));
#2317 = CARTESIAN_POINT('',(2.066647015435,30.853729473442));
#2318 = CARTESIAN_POINT('',(2.082966173322,31.073670232345));
#2319 = CARTESIAN_POINT('',(2.095390214968,31.299515545372));
#2320 = CARTESIAN_POINT('',(2.103772053716,31.529301183771));
#2321 = CARTESIAN_POINT('',(2.108024937543,31.761270254881));
#2322 = CARTESIAN_POINT('',(2.108167631962,32.115706773932));
#2323 = CARTESIAN_POINT('',(2.107071317248,32.237677303587));
#2324 = CARTESIAN_POINT('',(2.104830035186,32.35934800441));
#2325 = CARTESIAN_POINT('',(2.101451328479,32.480423186474));
#2326 = CARTESIAN_POINT('',(2.096949745072,32.600598818189));
#2327 = CARTESIAN_POINT('',(2.086265214425,32.827454052539));
#2328 = CARTESIAN_POINT('',(2.080278051266,32.934341905766));
#2329 = CARTESIAN_POINT('',(2.073398110492,33.040060953949));
#2330 = CARTESIAN_POINT('',(2.065639326161,33.144430971594));
#2331 = CARTESIAN_POINT('',(2.057016357275,33.247255772415));
#2332 = CARTESIAN_POINT('',(2.028312194839,33.553527014793));
#2333 = CARTESIAN_POINT('',(2.00560103113,33.751253016282));
#2334 = CARTESIAN_POINT('',(1.97948037734,33.940511498858));
#2335 = CARTESIAN_POINT('',(1.94994170736,34.119756174272));
#2336 = CARTESIAN_POINT('',(1.91693837298,34.286530225957));
#2337 = CARTESIAN_POINT('',(1.867739386412,34.489230554789));
#2338 = CARTESIAN_POINT('',(1.854650290017,34.539460218848));
#2339 = CARTESIAN_POINT('',(1.84113304972,34.587582042468));
#2340 = CARTESIAN_POINT('',(1.827189371263,34.633402756874));
#2341 = CARTESIAN_POINT('',(1.812821486158,34.676713405699));
#2342 = CARTESIAN_POINT('',(1.766839690809,34.802865014331));
#2343 = CARTESIAN_POINT('',(1.733485995209,34.877058027545));
#2344 = CARTESIAN_POINT('',(1.698402866326,34.936037041577));
#2345 = CARTESIAN_POINT('',(1.66205091607,34.977130263602));
#2346 = CARTESIAN_POINT('',(1.624888717306,34.998660808189));
#2347 = CARTESIAN_POINT('',(1.55263397673,35.00114608048));
#2348 = CARTESIAN_POINT('',(1.518053369976,34.984942587297));
#2349 = CARTESIAN_POINT('',(1.484061630829,34.951671730972));
#2350 = CARTESIAN_POINT('',(1.451066656523,34.902541459971));
#2351 = CARTESIAN_POINT('',(1.419478016983,34.839624927497));
#2352 = CARTESIAN_POINT('',(1.357954984935,34.68753259485));
#2353 = CARTESIAN_POINT('',(1.328064813945,34.596422473312));
#2354 = CARTESIAN_POINT('',(1.300024801789,34.494787782419));
#2355 = CARTESIAN_POINT('',(1.273831572636,34.384357095032));
#2356 = CARTESIAN_POINT('',(1.249475773015,34.266528715717));
#2357 = CARTESIAN_POINT('',(1.226948411885,34.142420294834));
#2358 = ( GEOMETRIC_REPRESENTATION_CONTEXT(2) 
PARAMETRIC_REPRESENTATION_CONTEXT() REPRESENTATION_CONTEXT('2D SPACE',''
  ) );
#2359 = PCURVE('',#2033,#2360);
#2360 = DEFINITIONAL_REPRESENTATION('',(#2361),#2464);
#2361 = B_SPLINE_CURVE_WITH_KNOTS('',6,(#2362,#2363,#2364,#2365,#2366,
    #2367,#2368,#2369,#2370,#2371,#2372,#2373,#2374,#2375,#2376,#2377,
    #2378,#2379,#2380,#2381,#2382,#2383,#2384,#2385,#2386,#2387,#2388,
    #2389,#2390,#2391,#2392,#2393,#2394,#2395,#2396,#2397,#2398,#2399,
    #2400,#2401,#2402,#2403,#2404,#2405,#2406,#2407,#2408,#2409,#2410,
    #2411,#2412,#2413,#2414,#2415,#2416,#2417,#2418,#2419,#2420,#2421,
    #2422,#2423,#2424,#2425,#2426,#2427,#2428,#2429,#2430,#2431,#2432,
    #2433,#2434,#2435,#2436,#2437,#2438,#2439,#2440,#2441,#2442,#2443,
    #2444,#2445,#2446,#2447,#2448,#2449,#2450,#2451,#2452,#2453,#2454,
    #2455,#2456,#2457,#2458,#2459,#2460,#2461,#2462,#2463),
  .UNSPECIFIED.,.F.,.F.,(7,5,5,5,5,5,5,5,5,5,5,5,5,5,5,5,5,5,5,5,7),(0.,
    1.47672559188E-02,5.560703195162E-02,9.479451069413E-02,
    0.138017927961,0.221132474034,0.280312583615,0.329178966067,
    0.38778566839,0.447660973072,0.475037525411,0.511580245135,
    0.555328921067,0.638299880741,0.681839751623,0.721327567701,
    0.80150279821,0.829281840716,0.887869827624,0.942164532204,1.),
  .UNSPECIFIED.);
#2362 = CARTESIAN_POINT('',(-8.881784197001E-16,13.620495060021));
#2363 = CARTESIAN_POINT('',(1.509877838534E-02,13.60840877182));
#2364 = CARTESIAN_POINT('',(3.011788922838E-02,13.59634632407));
#2365 = CARTESIAN_POINT('',(4.506136388976E-02,13.58432468924));
#2366 = CARTESIAN_POINT('',(5.993313035046E-02,13.572360247089));
#2367 = CARTESIAN_POINT('',(7.473701321183E-02,13.560468784665));
#2368 = CARTESIAN_POINT('',(0.130240358749,13.516022759178));
#2369 = CARTESIAN_POINT('',(0.170520384414,13.484048810354));
#2370 = CARTESIAN_POINT('',(0.210388086485,13.453071951948));
#2371 = CARTESIAN_POINT('',(0.249907901708,13.423391096654));
#2372 = CARTESIAN_POINT('',(0.289142829481,13.395277351905));
#2373 = CARTESIAN_POINT('',(0.365598286087,13.343737973348));
#2374 = CARTESIAN_POINT('',(0.402835944888,13.320168762166));
#2375 = CARTESIAN_POINT('',(0.439906765965,13.298501529623));
#2376 = CARTESIAN_POINT('',(0.476844009049,13.278943348299));
#2377 = CARTESIAN_POINT('',(0.513681892995,13.261671678858));
#2378 = CARTESIAN_POINT('',(0.591020122419,13.23046238654));
#2379 = CARTESIAN_POINT('',(0.631504309187,13.217052262345));
#2380 = CARTESIAN_POINT('',(0.671928500523,13.206807920397));
#2381 = CARTESIAN_POINT('',(0.71231278495,13.19987240813));
#2382 = CARTESIAN_POINT('',(0.752679276476,13.196320958017));
#2383 = CARTESIAN_POINT('',(0.870687096071,13.195842231351));
#2384 = CARTESIAN_POINT('',(0.948171383815,13.208054507913));
#2385 = CARTESIAN_POINT('',(1.025775436048,13.232721213229));
#2386 = CARTESIAN_POINT('',(1.103732720926,13.268918524415));
#2387 = CARTESIAN_POINT('',(1.182262862723,13.314879194739));
#2388 = CARTESIAN_POINT('',(1.31797798795,13.406230313216));
#2389 = CARTESIAN_POINT('',(1.374857975217,13.448014507543));
#2390 = CARTESIAN_POINT('',(1.432385762813,13.492849410006));
#2391 = CARTESIAN_POINT('',(1.490769140155,13.539901810395));
#2392 = CARTESIAN_POINT('',(1.550223023639,13.588205888462));
#2393 = CARTESIAN_POINT('',(1.661148987544,13.676602319139));
#2394 = CARTESIAN_POINT('',(1.712259696686,13.716700709779));
#2395 = CARTESIAN_POINT('',(1.76443101197,13.756265203495));
#2396 = CARTESIAN_POINT('',(1.817783378729,13.794545392445));
#2397 = CARTESIAN_POINT('',(1.872447280862,13.830692445222));
#2398 = CARTESIAN_POINT('',(1.995882529995,13.903414403413));
#2399 = CARTESIAN_POINT('',(2.065860271899,13.938972611913));
#2400 = CARTESIAN_POINT('',(2.13776828416,13.968034595773));
#2401 = CARTESIAN_POINT('',(2.211100708467,13.988565464086));
#2402 = CARTESIAN_POINT('',(2.285454873823,13.999330412194));
#2403 = CARTESIAN_POINT('',(2.437085884898,14.000634254196));
#2404 = CARTESIAN_POINT('',(2.513134741922,13.990719475731));
#2405 = CARTESIAN_POINT('',(2.588183900545,13.970504838687));
#2406 = CARTESIAN_POINT('',(2.661786606938,13.941250682177));
#2407 = CARTESIAN_POINT('',(2.733384715216,13.905129811045));
#2408 = CARTESIAN_POINT('',(2.833607663845,13.846256090571));
#2409 = CARTESIAN_POINT('',(2.864607087097,13.826804806733));
#2410 = CARTESIAN_POINT('',(2.895180832134,13.806542300486));
#2411 = CARTESIAN_POINT('',(2.925347530906,13.785629173162));
#2412 = CARTESIAN_POINT('',(2.955124184328,13.764217728457));
#2413 = CARTESIAN_POINT('',(3.023774928323,13.713395534449));
#2414 = CARTESIAN_POINT('',(3.062366352147,13.683699807297));
#2415 = CARTESIAN_POINT('',(3.100367795397,13.653681557267));
#2416 = CARTESIAN_POINT('',(3.137838945362,13.623627681544));
#2417 = CARTESIAN_POINT('',(3.174838150644,13.593795987533));
#2418 = CARTESIAN_POINT('',(3.25523243633,13.529245361172));
#2419 = CARTESIAN_POINT('',(3.298455797219,13.494718112056));
#2420 = CARTESIAN_POINT('',(3.341187482292,13.461245514291));
#2421 = CARTESIAN_POINT('',(3.383507430713,13.429198056243));
#2422 = CARTESIAN_POINT('',(3.425493613315,13.398909403841));
#2423 = CARTESIAN_POINT('',(3.546384076888,13.317139144669));
#2424 = CARTESIAN_POINT('',(3.624786921675,13.270903061544));
#2425 = CARTESIAN_POINT('',(3.702609509869,13.234331454658));
#2426 = CARTESIAN_POINT('',(3.780072617144,13.209195621893));
#2427 = CARTESIAN_POINT('',(3.857410810181,13.196436966462));
#2428 = CARTESIAN_POINT('',(3.975556575048,13.196008884142));
#2429 = CARTESIAN_POINT('',(4.016209371047,13.199297700035));
#2430 = CARTESIAN_POINT('',(4.056879027149,13.206023113395));
#2431 = CARTESIAN_POINT('',(4.097587890376,13.216111686202));
#2432 = CARTESIAN_POINT('',(4.138356268086,13.229419944922));
#2433 = CARTESIAN_POINT('',(4.216248432709,13.260537859227));
#2434 = CARTESIAN_POINT('',(4.253355920868,13.277812489023));
#2435 = CARTESIAN_POINT('',(4.290563041371,13.297415394187));
#2436 = CARTESIAN_POINT('',(4.327904602577,13.31916594416));
#2437 = CARTESIAN_POINT('',(4.365414406222,13.34285287173));
#2438 = CARTESIAN_POINT('',(4.479697697948,13.419778022887));
#2439 = CARTESIAN_POINT('',(4.557018193169,13.478259964595));
#2440 = CARTESIAN_POINT('',(4.635654599782,13.54184414567));
#2441 = CARTESIAN_POINT('',(4.716170438787,13.608420154824));
#2442 = CARTESIAN_POINT('',(4.799121324806,13.675354102593));
#2443 = CARTESIAN_POINT('',(4.914984445675,13.761426794928));
#2444 = CARTESIAN_POINT('',(4.945181486181,13.783222080642));
#2445 = CARTESIAN_POINT('',(4.975778931568,13.804515869839));
#2446 = CARTESIAN_POINT('',(5.006794854403,13.825149470135));
#2447 = CARTESIAN_POINT('',(5.03824902577,13.844955247291));
#2448 = CARTESIAN_POINT('',(5.137475183584,13.903414403413));
#2449 = CARTESIAN_POINT('',(5.207452925487,13.938972611913));
#2450 = CARTESIAN_POINT('',(5.279360937749,13.968034595773));
#2451 = CARTESIAN_POINT('',(5.352693362056,13.988565464086));
#2452 = CARTESIAN_POINT('',(5.427047527412,13.999330412194));
#2453 = CARTESIAN_POINT('',(5.57155878947,14.000573033026));
#2454 = CARTESIAN_POINT('',(5.6406957989,13.992471582748));
#2455 = CARTESIAN_POINT('',(5.709084782921,13.975825185359));
#2456 = CARTESIAN_POINT('',(5.776336681126,13.951509836994));
#2457 = CARTESIAN_POINT('',(5.841984256507,13.921084668826));
#2458 = CARTESIAN_POINT('',(5.972915818191,13.849618466672));
#2459 = CARTESIAN_POINT('',(6.038318216689,13.807784425317));
#2460 = CARTESIAN_POINT('',(6.101844330983,13.762602601187));
#2461 = CARTESIAN_POINT('',(6.163701798974,13.715527384396));
#2462 = CARTESIAN_POINT('',(6.224086295537,13.667802707625));
#2463 = CARTESIAN_POINT('',(6.28318530718,13.620495060021));
#2464 = ( GEOMETRIC_REPRESENTATION_CONTEXT(2) 
PARAMETRIC_REPRESENTATION_CONTEXT() REPRESENTATION_CONTEXT('2D SPACE',''
  ) );
#2465 = ADVANCED_FACE('',(#2466,#2750,#2945),#319,.T.);
#2466 = FACE_BOUND('',#2467,.T.);
#2467 = EDGE_LOOP('',(#2468,#2469,#2470,#2520,#2543,#2570,#2571,#2621,
    #2747,#2748,#2749));
#2468 = ORIENTED_EDGE('',*,*,#1537,.F.);
#2469 = ORIENTED_EDGE('',*,*,#198,.T.);
#2470 = ORIENTED_EDGE('',*,*,#2471,.F.);
#2471 = EDGE_CURVE('',#2472,#170,#2474,.T.);
#2472 = VERTEX_POINT('',#2473);
#2473 = CARTESIAN_POINT('',(-5.684341886081E-14,13.999999999998,16.5));
#2474 = SURFACE_CURVE('',#2475,(#2488,#2504),.PCURVE_S1.);
#2475 = B_SPLINE_CURVE_WITH_KNOTS('',6,(#2476,#2477,#2478,#2479,#2480,
    #2481,#2482,#2483,#2484,#2485,#2486,#2487),.UNSPECIFIED.,.F.,.F.,(7,
    5,7),(0.,0.608884179185,1.),.UNSPECIFIED.);
#2476 = CARTESIAN_POINT('',(0.,14.,16.5));
#2477 = CARTESIAN_POINT('',(-0.573226300699,14.,16.5));
#2478 = CARTESIAN_POINT('',(-1.144918502805,13.971835131759,
    16.476102515266));
#2479 = CARTESIAN_POINT('',(-1.710571337948,13.915788977558,
    16.428548292032));
#2480 = CARTESIAN_POINT('',(-2.265713063099,13.833190931526,
    16.358565881247));
#2481 = CARTESIAN_POINT('',(-2.805972900624,13.726411929051,
    16.268363098134));
#2482 = CARTESIAN_POINT('',(-3.661902672509,13.516998432762,
    16.092149892061));
#2483 = CARTESIAN_POINT('',(-3.989266234594,13.426423798796,
    16.016080329907));
#2484 = CARTESIAN_POINT('',(-4.308976977428,13.327825386966,
    15.933465009061));
#2485 = CARTESIAN_POINT('',(-4.620816172543,13.221850681798,
    15.844914850083));
#2486 = CARTESIAN_POINT('',(-4.924595044702,13.109150449007,
    15.751045529265));
#2487 = CARTESIAN_POINT('',(-5.220154747562,12.990380456765,
    15.652475344542));
#2488 = PCURVE('',#319,#2489);
#2489 = DEFINITIONAL_REPRESENTATION('',(#2490),#2503);
#2490 = B_SPLINE_CURVE_WITH_KNOTS('',6,(#2491,#2492,#2493,#2494,#2495,
    #2496,#2497,#2498,#2499,#2500,#2501,#2502),.UNSPECIFIED.,.F.,.F.,(7,
    5,7),(0.,0.608884179185,1.),.UNSPECIFIED.);
#2491 = CARTESIAN_POINT('',(6.28318530718,14.));
#2492 = CARTESIAN_POINT('',(6.248444319258,14.));
#2493 = CARTESIAN_POINT('',(6.213796299637,13.971835131759));
#2494 = CARTESIAN_POINT('',(6.1794388669,13.915788977558));
#2495 = CARTESIAN_POINT('',(6.145569436979,13.833190931526));
#2496 = CARTESIAN_POINT('',(6.112396636143,13.726411929051));
#2497 = CARTESIAN_POINT('',(6.05943419061,13.516998432762));
#2498 = CARTESIAN_POINT('',(6.039071880466,13.426423798796));
#2499 = CARTESIAN_POINT('',(6.019067855226,13.327825386966));
#2500 = CARTESIAN_POINT('',(5.999429287964,13.221850681798));
#2501 = CARTESIAN_POINT('',(5.980164260372,13.109150449007));
#2502 = CARTESIAN_POINT('',(5.961281643,12.990380456765));
#2503 = ( GEOMETRIC_REPRESENTATION_CONTEXT(2) 
PARAMETRIC_REPRESENTATION_CONTEXT() REPRESENTATION_CONTEXT('2D SPACE',''
  ) );
#2504 = PCURVE('',#186,#2505);
#2505 = DEFINITIONAL_REPRESENTATION('',(#2506),#2519);
#2506 = B_SPLINE_CURVE_WITH_KNOTS('',6,(#2507,#2508,#2509,#2510,#2511,
    #2512,#2513,#2514,#2515,#2516,#2517,#2518),.UNSPECIFIED.,.F.,.F.,(7,
    5,7),(0.,0.608884179185,1.),.UNSPECIFIED.);
#2507 = CARTESIAN_POINT('',(1.570796326795,16.5));
#2508 = CARTESIAN_POINT('',(1.611741062559,16.5));
#2509 = CARTESIAN_POINT('',(1.652576222389,16.476102515267));
#2510 = CARTESIAN_POINT('',(1.6931035441,16.428548292032));
#2511 = CARTESIAN_POINT('',(1.733123900243,16.358565881247));
#2512 = CARTESIAN_POINT('',(1.772420888731,16.268363098134));
#2513 = CARTESIAN_POINT('',(1.835361976623,16.092149892061));
#2514 = CARTESIAN_POINT('',(1.859612690436,16.016080329907));
#2515 = CARTESIAN_POINT('',(1.883495484624,15.933465009061));
#2516 = CARTESIAN_POINT('',(1.907007068922,15.844914850083));
#2517 = CARTESIAN_POINT('',(1.930142351422,15.751045529265));
#2518 = CARTESIAN_POINT('',(1.952894549007,15.652475344542));
#2519 = ( GEOMETRIC_REPRESENTATION_CONTEXT(2) 
PARAMETRIC_REPRESENTATION_CONTEXT() REPRESENTATION_CONTEXT('2D SPACE',''
  ) );
#2520 = ORIENTED_EDGE('',*,*,#2521,.T.);
#2521 = EDGE_CURVE('',#2472,#2522,#2524,.T.);
#2522 = VERTEX_POINT('',#2523);
#2523 = CARTESIAN_POINT('',(-5.684341886081E-14,62.,16.5));
#2524 = SEAM_CURVE('',#2525,(#2529,#2536),.PCURVE_S1.);
#2525 = LINE('',#2526,#2527);
#2526 = CARTESIAN_POINT('',(-5.684341886081E-14,0.,16.5));
#2527 = VECTOR('',#2528,1.);
#2528 = DIRECTION('',(0.,1.,0.));
#2529 = PCURVE('',#319,#2530);
#2530 = DEFINITIONAL_REPRESENTATION('',(#2531),#2535);
#2531 = LINE('',#2532,#2533);
#2532 = CARTESIAN_POINT('',(0.,-0.));
#2533 = VECTOR('',#2534,1.);
#2534 = DIRECTION('',(0.,1.));
#2535 = ( GEOMETRIC_REPRESENTATION_CONTEXT(2) 
PARAMETRIC_REPRESENTATION_CONTEXT() REPRESENTATION_CONTEXT('2D SPACE',''
  ) );
#2536 = PCURVE('',#319,#2537);
#2537 = DEFINITIONAL_REPRESENTATION('',(#2538),#2542);
#2538 = LINE('',#2539,#2540);
#2539 = CARTESIAN_POINT('',(6.28318530718,-0.));
#2540 = VECTOR('',#2541,1.);
#2541 = DIRECTION('',(0.,1.));
#2542 = ( GEOMETRIC_REPRESENTATION_CONTEXT(2) 
PARAMETRIC_REPRESENTATION_CONTEXT() REPRESENTATION_CONTEXT('2D SPACE',''
  ) );
#2543 = ORIENTED_EDGE('',*,*,#2544,.F.);
#2544 = EDGE_CURVE('',#2522,#2522,#2545,.T.);
#2545 = SURFACE_CURVE('',#2546,(#2551,#2558),.PCURVE_S1.);
#2546 = CIRCLE('',#2547,16.5);
#2547 = AXIS2_PLACEMENT_3D('',#2548,#2549,#2550);
#2548 = CARTESIAN_POINT('',(0.,62.,0.));
#2549 = DIRECTION('',(0.,1.,0.));
#2550 = DIRECTION('',(0.,-0.,1.));
#2551 = PCURVE('',#319,#2552);
#2552 = DEFINITIONAL_REPRESENTATION('',(#2553),#2557);
#2553 = LINE('',#2554,#2555);
#2554 = CARTESIAN_POINT('',(0.,62.));
#2555 = VECTOR('',#2556,1.);
#2556 = DIRECTION('',(1.,0.));
#2557 = ( GEOMETRIC_REPRESENTATION_CONTEXT(2) 
PARAMETRIC_REPRESENTATION_CONTEXT() REPRESENTATION_CONTEXT('2D SPACE',''
  ) );
#2558 = PCURVE('',#2559,#2564);
#2559 = PLANE('',#2560);
#2560 = AXIS2_PLACEMENT_3D('',#2561,#2562,#2563);
#2561 = CARTESIAN_POINT('',(0.,62.,0.));
#2562 = DIRECTION('',(0.,1.,0.));
#2563 = DIRECTION('',(0.,-0.,1.));
#2564 = DEFINITIONAL_REPRESENTATION('',(#2565),#2569);
#2565 = CIRCLE('',#2566,16.5);
#2566 = AXIS2_PLACEMENT_2D('',#2567,#2568);
#2567 = CARTESIAN_POINT('',(0.,0.));
#2568 = DIRECTION('',(1.,0.));
#2569 = ( GEOMETRIC_REPRESENTATION_CONTEXT(2) 
PARAMETRIC_REPRESENTATION_CONTEXT() REPRESENTATION_CONTEXT('2D SPACE',''
  ) );
#2570 = ORIENTED_EDGE('',*,*,#2521,.F.);
#2571 = ORIENTED_EDGE('',*,*,#2572,.F.);
#2572 = EDGE_CURVE('',#2573,#2472,#2575,.T.);
#2573 = VERTEX_POINT('',#2574);
#2574 = CARTESIAN_POINT('',(5.220153254455,12.990381056767,
    15.652475842499));
#2575 = SURFACE_CURVE('',#2576,(#2589,#2605),.PCURVE_S1.);
#2576 = B_SPLINE_CURVE_WITH_KNOTS('',6,(#2577,#2578,#2579,#2580,#2581,
    #2582,#2583,#2584,#2585,#2586,#2587,#2588),.UNSPECIFIED.,.F.,.F.,(7,
    5,7),(0.,0.390867815731,1.),.UNSPECIFIED.);
#2577 = CARTESIAN_POINT('',(5.220154747562,12.990380456765,
    15.652475344542));
#2578 = CARTESIAN_POINT('',(4.924792846087,13.109070962972,
    15.750979561818));
#2579 = CARTESIAN_POINT('',(4.621223009578,13.22169973614,
    15.844789126129));
#2580 = CARTESIAN_POINT('',(4.309603617701,13.327612411546,
    15.93328705198));
#2581 = CARTESIAN_POINT('',(3.990122897842,13.426159582128,
    16.015858944046));
#2582 = CARTESIAN_POINT('',(3.662998949318,13.516695083599,
    16.091895123439));
#2583 = CARTESIAN_POINT('',(2.807161839475,13.726175610446,
    16.268163487733));
#2584 = CARTESIAN_POINT('',(2.266682318785,13.833047983502,
    16.358444734565));
#2585 = CARTESIAN_POINT('',(1.711283443473,13.915721576993,
    16.428491101519));
#2586 = CARTESIAN_POINT('',(1.145364216437,13.971815639408,
    16.476085977431));
#2587 = CARTESIAN_POINT('',(0.573424596402,14.,16.5));
#2588 = CARTESIAN_POINT('',(0.,14.,16.5));
#2589 = PCURVE('',#319,#2590);
#2590 = DEFINITIONAL_REPRESENTATION('',(#2591),#2604);
#2591 = B_SPLINE_CURVE_WITH_KNOTS('',6,(#2592,#2593,#2594,#2595,#2596,
    #2597,#2598,#2599,#2600,#2601,#2602,#2603),.UNSPECIFIED.,.F.,.F.,(7,
    5,7),(0.,0.390867815731,1.),.UNSPECIFIED.);
#2592 = CARTESIAN_POINT('',(0.32190366418,12.990380456765));
#2593 = CARTESIAN_POINT('',(0.303033683875,13.109070962972));
#2594 = CARTESIAN_POINT('',(0.283781820155,13.22169973614));
#2595 = CARTESIAN_POINT('',(0.264156915878,13.327612411546));
#2596 = CARTESIAN_POINT('',(0.244167027677,13.426159582128));
#2597 = CARTESIAN_POINT('',(0.223819306377,13.516695083599));
#2598 = CARTESIAN_POINT('',(0.170861687102,13.726175610446));
#2599 = CARTESIAN_POINT('',(0.137674990312,13.833047983502));
#2600 = CARTESIAN_POINT('',(0.103789676511,13.915721576993));
#2601 = CARTESIAN_POINT('',(6.941602033112E-02,13.971815639408));
#2602 = CARTESIAN_POINT('',(3.475300584252E-02,14.));
#2603 = CARTESIAN_POINT('',(0.,14.));
#2604 = ( GEOMETRIC_REPRESENTATION_CONTEXT(2) 
PARAMETRIC_REPRESENTATION_CONTEXT() REPRESENTATION_CONTEXT('2D SPACE',''
  ) );
#2605 = PCURVE('',#186,#2606);
#2606 = DEFINITIONAL_REPRESENTATION('',(#2607),#2620);
#2607 = B_SPLINE_CURVE_WITH_KNOTS('',6,(#2608,#2609,#2610,#2611,#2612,
    #2613,#2614,#2615,#2616,#2617,#2618,#2619),.UNSPECIFIED.,.F.,.F.,(7,
    5,7),(0.,0.390867815731,1.),.UNSPECIFIED.);
#2608 = CARTESIAN_POINT('',(1.188698104582,15.652475344542));
#2609 = CARTESIAN_POINT('',(1.211435075409,15.750979561818));
#2610 = CARTESIAN_POINT('',(1.23455460035,15.844789126129));
#2611 = CARTESIAN_POINT('',(1.258049922028,15.93328705198));
#2612 = CARTESIAN_POINT('',(1.281915968841,16.015858944046));
#2613 = CARTESIAN_POINT('',(1.306149465387,16.091895123439));
#2614 = CARTESIAN_POINT('',(1.36908526235,16.268163487733));
#2615 = CARTESIAN_POINT('',(1.408398903738,16.358444734565));
#2616 = CARTESIAN_POINT('',(1.44843811671,16.428491101519));
#2617 = CARTESIAN_POINT('',(1.488984594513,16.476085977431));
#2618 = CARTESIAN_POINT('',(1.529837427052,16.5));
#2619 = CARTESIAN_POINT('',(1.570796326795,16.5));
#2620 = ( GEOMETRIC_REPRESENTATION_CONTEXT(2) 
PARAMETRIC_REPRESENTATION_CONTEXT() REPRESENTATION_CONTEXT('2D SPACE',''
  ) );
#2621 = ORIENTED_EDGE('',*,*,#2622,.T.);
#2622 = EDGE_CURVE('',#2573,#510,#2623,.T.);
#2623 = SURFACE_CURVE('',#2624,(#2629,#2636),.PCURVE_S1.);
#2624 = CIRCLE('',#2625,16.5);
#2625 = AXIS2_PLACEMENT_3D('',#2626,#2627,#2628);
#2626 = CARTESIAN_POINT('',(0.,12.990381056767,0.));
#2627 = DIRECTION('',(0.,1.,0.));
#2628 = DIRECTION('',(0.,-0.,1.));
#2629 = PCURVE('',#319,#2630);
#2630 = DEFINITIONAL_REPRESENTATION('',(#2631),#2635);
#2631 = LINE('',#2632,#2633);
#2632 = CARTESIAN_POINT('',(0.,12.990381056767));
#2633 = VECTOR('',#2634,1.);
#2634 = DIRECTION('',(1.,0.));
#2635 = ( GEOMETRIC_REPRESENTATION_CONTEXT(2) 
PARAMETRIC_REPRESENTATION_CONTEXT() REPRESENTATION_CONTEXT('2D SPACE',''
  ) );
#2636 = PCURVE('',#157,#2637);
#2637 = DEFINITIONAL_REPRESENTATION('',(#2638),#2746);
#2638 = B_SPLINE_CURVE_WITH_KNOTS('',8,(#2639,#2640,#2641,#2642,#2643,
    #2644,#2645,#2646,#2647,#2648,#2649,#2650,#2651,#2652,#2653,#2654,
    #2655,#2656,#2657,#2658,#2659,#2660,#2661,#2662,#2663,#2664,#2665,
    #2666,#2667,#2668,#2669,#2670,#2671,#2672,#2673,#2674,#2675,#2676,
    #2677,#2678,#2679,#2680,#2681,#2682,#2683,#2684,#2685,#2686,#2687,
    #2688,#2689,#2690,#2691,#2692,#2693,#2694,#2695,#2696,#2697,#2698,
    #2699,#2700,#2701,#2702,#2703,#2704,#2705,#2706,#2707,#2708,#2709,
    #2710,#2711,#2712,#2713,#2714,#2715,#2716,#2717,#2718,#2719,#2720,
    #2721,#2722,#2723,#2724,#2725,#2726,#2727,#2728,#2729,#2730,#2731,
    #2732,#2733,#2734,#2735,#2736,#2737,#2738,#2739,#2740,#2741,#2742,
    #2743,#2744,#2745),.UNSPECIFIED.,.T.,.F.,(9,7,7,7,7,7,7,7,7,7,7,7,7,
    7,7,9),(0.,0.392699081699,0.760854470791,1.106000148066,
    1.753148292955,2.319402919733,2.567139318948,2.799392193213,
    3.234866332459,3.615906204299,3.949316092159,4.532783395914,
    4.97038387373,5.626784590455,5.954984948817,6.28318530718),
  .UNSPECIFIED.);
#2639 = CARTESIAN_POINT('',(1.570796326795,0.903849982291));
#2640 = CARTESIAN_POINT('',(1.508446973649,0.903849982291));
#2641 = CARTESIAN_POINT('',(1.44609768445,0.900352170511));
#2642 = CARTESIAN_POINT('',(1.384715529044,0.893356744434));
#2643 = CARTESIAN_POINT('',(1.325270155126,0.882967825699));
#2644 = CARTESIAN_POINT('',(1.268555967016,0.869398058423));
#2645 = CARTESIAN_POINT('',(1.215035871955,0.852917456271));
#2646 = CARTESIAN_POINT('',(1.164946600488,0.833809080357));
#2647 = CARTESIAN_POINT('',(1.07466969507,0.792231697264));
#2648 = CARTESIAN_POINT('',(1.034058858756,0.770047354398));
#2649 = CARTESIAN_POINT('',(0.996573451893,0.746024776263));
#2650 = CARTESIAN_POINT('',(0.962134567004,0.72038662057));
#2651 = CARTESIAN_POINT('',(0.930589631791,0.693334287255));
#2652 = CARTESIAN_POINT('',(0.901756612213,0.665044514791));
#2653 = CARTESIAN_POINT('',(0.875451099814,0.635672010577));
#2654 = CARTESIAN_POINT('',(0.82903441131,0.576926324947));
#2655 = CARTESIAN_POINT('',(0.808638907926,0.547667925249));
#2656 = CARTESIAN_POINT('',(0.790160398447,0.517687645967));
#2657 = CARTESIAN_POINT('',(0.773457227096,0.487081437413));
#2658 = CARTESIAN_POINT('',(0.75840132972,0.455932206518));
#2659 = CARTESIAN_POINT('',(0.74488021197,0.424312243238));
#2660 = CARTESIAN_POINT('',(0.732796164269,0.392285455117));
#2661 = CARTESIAN_POINT('',(0.701947025065,0.299203107656));
#2662 = CARTESIAN_POINT('',(0.686587931679,0.237267889071));
#2663 = CARTESIAN_POINT('',(0.675439714368,0.1744800931));
#2664 = CARTESIAN_POINT('',(0.668133834317,0.111133388129));
#2665 = CARTESIAN_POINT('',(0.664457443865,4.74788795993E-02));
#2666 = CARTESIAN_POINT('',(0.664332700109,-1.625053441894E-02));
#2667 = CARTESIAN_POINT('',(0.667810383067,-7.982070423547E-02));
#2668 = CARTESIAN_POINT('',(0.681455924081,-0.198226359831));
#2669 = CARTESIAN_POINT('',(0.690733105936,-0.253160402622));
#2670 = CARTESIAN_POINT('',(0.703051749462,-0.307597465295));
#2671 = CARTESIAN_POINT('',(0.71862835484,-0.361346839818));
#2672 = CARTESIAN_POINT('',(0.737773997802,-0.414188114685));
#2673 = CARTESIAN_POINT('',(0.760899999587,-0.465856991198));
#2674 = CARTESIAN_POINT('',(0.788550227939,-0.516018274753));
#2675 = CARTESIAN_POINT('',(0.835690357329,-0.585333517661));
#2676 = CARTESIAN_POINT('',(0.851021718924,-0.606057760513));
#2677 = CARTESIAN_POINT('',(0.867389311597,-0.626373902745));
#2678 = CARTESIAN_POINT('',(0.884847506161,-0.646241999107));
#2679 = CARTESIAN_POINT('',(0.903452586067,-0.665617985283));
#2680 = CARTESIAN_POINT('',(0.92326083667,-0.684453323558));
#2681 = CARTESIAN_POINT('',(0.944325316561,-0.702694867956));
#2682 = CARTESIAN_POINT('',(0.987659430695,-0.736775649672));
#2683 = CARTESIAN_POINT('',(1.009771477094,-0.752693786839));
#2684 = CARTESIAN_POINT('',(1.033064570576,-0.767991841925));
#2685 = CARTESIAN_POINT('',(1.057570040676,-0.782618958444));
#2686 = CARTESIAN_POINT('',(1.08330927988,-0.796520985178));
#2687 = CARTESIAN_POINT('',(1.110289092174,-0.809641160853));
#2688 = CARTESIAN_POINT('',(1.138496536281,-0.821921440163));
#2689 = CARTESIAN_POINT('',(1.223012127361,-0.854647625487));
#2690 = CARTESIAN_POINT('',(1.282312180236,-0.872836446144));
#2691 = CARTESIAN_POINT('',(1.345542186504,-0.887492378841));
#2692 = CARTESIAN_POINT('',(1.412141508723,-0.898248950616));
#2693 = CARTESIAN_POINT('',(1.481151704066,-0.904787621028));
#2694 = CARTESIAN_POINT('',(1.551129071034,-0.906943806905));
#2695 = CARTESIAN_POINT('',(1.62066067916,-0.904743031024));
#2696 = CARTESIAN_POINT('',(1.747954651643,-0.892752264877));
#2697 = CARTESIAN_POINT('',(1.806101742849,-0.883945358827));
#2698 = CARTESIAN_POINT('',(1.862192308308,-0.872036613416));
#2699 = CARTESIAN_POINT('',(1.915554248102,-0.857217278376));
#2700 = CARTESIAN_POINT('',(1.965768559383,-0.839740115563));
#2701 = CARTESIAN_POINT('',(2.012660676065,-0.819870499821));
#2702 = CARTESIAN_POINT('',(2.05620385801,-0.797865907301));
#2703 = CARTESIAN_POINT('',(2.131705970233,-0.753052290403));
#2704 = CARTESIAN_POINT('',(2.164432542188,-0.730687638387));
#2705 = CARTESIAN_POINT('',(2.194700154294,-0.7070314807));
#2706 = CARTESIAN_POINT('',(2.222615370918,-0.682233043573));
#2707 = CARTESIAN_POINT('',(2.248310918061,-0.656425694502));
#2708 = CARTESIAN_POINT('',(2.271926281853,-0.629726859113));
#2709 = CARTESIAN_POINT('',(2.293597423279,-0.602240103714));
#2710 = CARTESIAN_POINT('',(2.348198915401,-0.52473566792));
#2711 = CARTESIAN_POINT('',(2.37738359277,-0.473281097864));
#2712 = CARTESIAN_POINT('',(2.401693272877,-0.42018220639));
#2713 = CARTESIAN_POINT('',(2.421737760573,-0.365813267688));
#2714 = CARTESIAN_POINT('',(2.437973767528,-0.310466275149));
#2715 = CARTESIAN_POINT('',(2.450745485982,-0.254383380705));
#2716 = CARTESIAN_POINT('',(2.460290032622,-0.197772992503));
#2717 = CARTESIAN_POINT('',(2.471594647851,-9.811611973087E-02));
#2718 = CARTESIAN_POINT('',(2.474704290307,-5.521682268731E-02));
#2719 = CARTESIAN_POINT('',(2.476138725172,-1.22088249957E-02));
#2720 = CARTESIAN_POINT('',(2.475927630529,3.08326927924E-02));
#2721 = CARTESIAN_POINT('',(2.47407234525,7.383472358927E-02));
#2722 = CARTESIAN_POINT('',(2.470546238483,0.116723150843));
#2723 = CARTESIAN_POINT('',(2.46529348084,0.159419336728));
#2724 = CARTESIAN_POINT('',(2.447625322019,0.265462448565));
#2725 = CARTESIAN_POINT('',(2.432941872096,0.328460696929));
#2726 = CARTESIAN_POINT('',(2.413878795595,0.390538076074));
#2727 = CARTESIAN_POINT('',(2.389980887358,0.451361037674));
#2728 = CARTESIAN_POINT('',(2.360600822083,0.510518386797));
#2729 = CARTESIAN_POINT('',(2.324905587606,0.567496656618));
#2730 = CARTESIAN_POINT('',(2.281770708985,0.62158642505));
#2731 = CARTESIAN_POINT('',(2.204411376097,0.69698765867));
#2732 = CARTESIAN_POINT('',(2.176515494543,0.721165848456));
#2733 = CARTESIAN_POINT('',(2.146385101268,0.744271800776));
#2734 = CARTESIAN_POINT('',(2.113904418088,0.766175022544));
#2735 = CARTESIAN_POINT('',(2.078976598335,0.786730548262));
#2736 = CARTESIAN_POINT('',(2.04154965588,0.805780043164));
#2737 = CARTESIAN_POINT('',(2.001648476802,0.823157427633));
#2738 = CARTESIAN_POINT('',(1.917156928329,0.854246130327));
#2739 = CARTESIAN_POINT('',(1.872566513382,0.867957447703));
#2740 = CARTESIAN_POINT('',(1.825760585717,0.879674726558));
#2741 = CARTESIAN_POINT('',(1.776972079779,0.889242148595));
#2742 = CARTESIAN_POINT('',(1.726557918505,0.896520530627));
#2743 = CARTESIAN_POINT('',(1.675013930993,0.901406815843));
#2744 = CARTESIAN_POINT('',(1.622905132238,0.903849982291));
#2745 = CARTESIAN_POINT('',(1.570796326795,0.903849982291));
#2746 = ( GEOMETRIC_REPRESENTATION_CONTEXT(2) 
PARAMETRIC_REPRESENTATION_CONTEXT() REPRESENTATION_CONTEXT('2D SPACE',''
  ) );
#2747 = ORIENTED_EDGE('',*,*,#509,.T.);
#2748 = ORIENTED_EDGE('',*,*,#861,.T.);
#2749 = ORIENTED_EDGE('',*,*,#1692,.F.);
#2750 = FACE_BOUND('',#2751,.T.);
#2751 = EDGE_LOOP('',(#2752));
#2752 = ORIENTED_EDGE('',*,*,#2753,.F.);
#2753 = EDGE_CURVE('',#2754,#2754,#2756,.T.);
#2754 = VERTEX_POINT('',#2755);
#2755 = CARTESIAN_POINT('',(16.293863875705,46.,2.6));
#2756 = SURFACE_CURVE('',#2757,(#2816,#2878),.PCURVE_S1.);
#2757 = B_SPLINE_CURVE_WITH_KNOTS('',8,(#2758,#2759,#2760,#2761,#2762,
    #2763,#2764,#2765,#2766,#2767,#2768,#2769,#2770,#2771,#2772,#2773,
    #2774,#2775,#2776,#2777,#2778,#2779,#2780,#2781,#2782,#2783,#2784,
    #2785,#2786,#2787,#2788,#2789,#2790,#2791,#2792,#2793,#2794,#2795,
    #2796,#2797,#2798,#2799,#2800,#2801,#2802,#2803,#2804,#2805,#2806,
    #2807,#2808,#2809,#2810,#2811,#2812,#2813,#2814,#2815),
  .UNSPECIFIED.,.T.,.F.,(9,7,7,7,7,7,7,7,9),(0.,0.1815197382,
    0.335924103444,0.443101487694,0.560016762873,0.681392779615,
    0.780008381436,0.878623983258,1.),.UNSPECIFIED.);
#2758 = CARTESIAN_POINT('',(16.293863875705,46.,2.6));
#2759 = CARTESIAN_POINT('',(16.293863875705,45.738211615222,2.6));
#2760 = CARTESIAN_POINT('',(16.298670645203,45.476815188509,
    2.569875284897));
#2761 = CARTESIAN_POINT('',(16.308259939263,45.217683172063,
    2.509785418904));
#2762 = CARTESIAN_POINT('',(16.322404058269,44.962846852104,
    2.419134627095));
#2763 = CARTESIAN_POINT('',(16.340654530865,44.714905695737,
    2.296797397299));
#2764 = CARTESIAN_POINT('',(16.362226759126,44.477304333849,
    2.141260699936));
#2765 = CARTESIAN_POINT('',(16.38585354312,44.254728601189,
    1.950839084501));
#2766 = CARTESIAN_POINT('',(16.429936906934,43.88301940884,
    1.531266140929));
#2767 = CARTESIAN_POINT('',(16.451083332102,43.721614113912,
    1.305075471998));
#2768 = CARTESIAN_POINT('',(16.471287436163,43.581704270765,
    1.047966165482));
#2769 = CARTESIAN_POINT('',(16.488272036707,43.472729055038,
    0.764932235729));
#2770 = CARTESIAN_POINT('',(16.499789662015,43.40153452225,
    0.463116312421));
#2771 = CARTESIAN_POINT('',(16.504452259529,43.372312877581,
    0.150939114809));
#2772 = CARTESIAN_POINT('',(16.502039958161,43.386497892382,
    -0.162587966774));
#2773 = CARTESIAN_POINT('',(16.487305709809,43.481522484098,
    -0.681120381703));
#2774 = CARTESIAN_POINT('',(16.47824393049,43.540626533857,
    -0.889872231892));
#2775 = CARTESIAN_POINT('',(16.466406624673,43.619486508572,
    -1.092680048325));
#2776 = CARTESIAN_POINT('',(16.452220569214,43.717394212294,
    -1.287378223208));
#2777 = CARTESIAN_POINT('',(16.436263647769,43.833362834041,
    -1.471904032977));
#2778 = CARTESIAN_POINT('',(16.41922305184,43.966141380092,
    -1.644332419942));
#2779 = CARTESIAN_POINT('',(16.401838135188,44.114227840323,
    -1.802915664118));
#2780 = CARTESIAN_POINT('',(16.3662721991,44.452221779615,
    -2.102352165251));
#2781 = CARTESIAN_POINT('',(16.348154020705,44.644789112115,
    -2.240358243772));
#2782 = CARTESIAN_POINT('',(16.33141033654,44.851333140707,
    -2.358123309572));
#2783 = CARTESIAN_POINT('',(16.316948968956,45.069338780197,
    -2.454013993364));
#2784 = CARTESIAN_POINT('',(16.305546426326,45.29609081918,
    -2.526786413123));
#2785 = CARTESIAN_POINT('',(16.297758396963,45.528740920354,
    -2.575593695952));
#2786 = CARTESIAN_POINT('',(16.293863875705,45.764365077604,-2.6));
#2787 = CARTESIAN_POINT('',(16.293863875705,46.244625248858,-2.6));
#2788 = CARTESIAN_POINT('',(16.298060964897,46.488959609438,
    -2.573696973297));
#2789 = CARTESIAN_POINT('',(16.306438962272,46.731449188906,
    -2.521194793844));
#2790 = CARTESIAN_POINT('',(16.31882174856,46.970388165856,
    -2.442062807405));
#2791 = CARTESIAN_POINT('',(16.334863777858,47.203715177307,
    -2.335448396338));
#2792 = CARTESIAN_POINT('',(16.35397601656,47.428774725359,
    -2.200188115332));
#2793 = CARTESIAN_POINT('',(16.375226646343,47.64200051456,
    -2.03495474761));
#2794 = CARTESIAN_POINT('',(16.415154172831,47.998111384193,
    -1.678843877977));
#2795 = CARTESIAN_POINT('',(16.433934216196,48.149968856758,
    -1.495305074256));
#2796 = CARTESIAN_POINT('',(16.452593486795,48.287835038531,
    -1.288469846742));
#2797 = CARTESIAN_POINT('',(16.469843597664,48.40618776666,
    -1.060139647328));
#2798 = CARTESIAN_POINT('',(16.484279346245,48.500231333975,
    -0.813134509915));
#2799 = CARTESIAN_POINT('',(16.494630224105,48.565923523121,
    -0.551116410139));
#2800 = CARTESIAN_POINT('',(16.5,48.6,-0.278432438812));
#2801 = CARTESIAN_POINT('',(16.5,48.6,0.27843243882));
#2802 = CARTESIAN_POINT('',(16.494630224105,48.565923523119,
    0.551116410135));
#2803 = CARTESIAN_POINT('',(16.484279346245,48.500231333977,
    0.813134509907));
#2804 = CARTESIAN_POINT('',(16.469843597664,48.406187766663,
    1.060139647328));
#2805 = CARTESIAN_POINT('',(16.452593486795,48.287835038528,
    1.288469846749));
#2806 = CARTESIAN_POINT('',(16.433934216195,48.149968856753,
    1.495305074258));
#2807 = CARTESIAN_POINT('',(16.415154172832,47.998111384199,
    1.678843877971));
#2808 = CARTESIAN_POINT('',(16.375226646343,47.642000514561,
    2.03495474761));
#2809 = CARTESIAN_POINT('',(16.35397601656,47.428774725358,
    2.200188115332));
#2810 = CARTESIAN_POINT('',(16.334863777858,47.203715177307,
    2.335448396338));
#2811 = CARTESIAN_POINT('',(16.31882174856,46.970388165856,
    2.442062807405));
#2812 = CARTESIAN_POINT('',(16.306438962272,46.731449188907,
    2.521194793843));
#2813 = CARTESIAN_POINT('',(16.298060964897,46.488959609438,
    2.573696973297));
#2814 = CARTESIAN_POINT('',(16.293863875705,46.244625248858,2.6));
#2815 = CARTESIAN_POINT('',(16.293863875705,46.,2.6));
#2816 = PCURVE('',#319,#2817);
#2817 = DEFINITIONAL_REPRESENTATION('',(#2818),#2877);
#2818 = B_SPLINE_CURVE_WITH_KNOTS('',8,(#2819,#2820,#2821,#2822,#2823,
    #2824,#2825,#2826,#2827,#2828,#2829,#2830,#2831,#2832,#2833,#2834,
    #2835,#2836,#2837,#2838,#2839,#2840,#2841,#2842,#2843,#2844,#2845,
    #2846,#2847,#2848,#2849,#2850,#2851,#2852,#2853,#2854,#2855,#2856,
    #2857,#2858,#2859,#2860,#2861,#2862,#2863,#2864,#2865,#2866,#2867,
    #2868,#2869,#2870,#2871,#2872,#2873,#2874,#2875,#2876),
  .UNSPECIFIED.,.T.,.F.,(9,7,7,7,7,7,7,7,9),(0.,0.1815197382,
    0.335924103444,0.443101487694,0.560016762873,0.681392779615,
    0.780008381436,0.878623983258,1.),.UNSPECIFIED.);
#2819 = CARTESIAN_POINT('',(1.412561069209,46.));
#2820 = CARTESIAN_POINT('',(1.412561069209,45.738211615222));
#2821 = CARTESIAN_POINT('',(1.414409904603,45.476815188509));
#2822 = CARTESIAN_POINT('',(1.418097799085,45.217683172063));
#2823 = CARTESIAN_POINT('',(1.423658215528,44.962846852104));
#2824 = CARTESIAN_POINT('',(1.431154280398,44.714905695737));
#2825 = CARTESIAN_POINT('',(1.440669777731,44.477304333849));
#2826 = CARTESIAN_POINT('',(1.452296929624,44.254728601189));
#2827 = CARTESIAN_POINT('',(1.477865562694,43.88301940884));
#2828 = CARTESIAN_POINT('',(1.491632959247,43.721614113912));
#2829 = CARTESIAN_POINT('',(1.507260470968,43.581704270765));
#2830 = CARTESIAN_POINT('',(1.524438664598,43.472729055038));
#2831 = CARTESIAN_POINT('',(1.542734424518,43.40153452225));
#2832 = CARTESIAN_POINT('',(1.561648351735,43.372312877581));
#2833 = CARTESIAN_POINT('',(1.580646476217,43.386497892382));
#2834 = CARTESIAN_POINT('',(1.612085367832,43.481522484098));
#2835 = CARTESIAN_POINT('',(1.624747493121,43.540626533857));
#2836 = CARTESIAN_POINT('',(1.63705754112,43.619486508572));
#2837 = CARTESIAN_POINT('',(1.648886406171,43.717394212294));
#2838 = CARTESIAN_POINT('',(1.660109749933,43.833362834041));
#2839 = CARTESIAN_POINT('',(1.670609835629,43.966141380092));
#2840 = CARTESIAN_POINT('',(1.680278129884,44.114227840323));
#2841 = CARTESIAN_POINT('',(1.698553360028,44.452221779615));
#2842 = CARTESIAN_POINT('',(1.706988496656,44.644789112115));
#2843 = CARTESIAN_POINT('',(1.714196966851,44.851333140707));
#2844 = CARTESIAN_POINT('',(1.720074012103,45.069338780197));
#2845 = CARTESIAN_POINT('',(1.724538266253,45.29609081918));
#2846 = CARTESIAN_POINT('',(1.727533699961,45.528740920354));
#2847 = CARTESIAN_POINT('',(1.729031584381,45.764365077604));
#2848 = CARTESIAN_POINT('',(1.729031584381,46.244625248858));
#2849 = CARTESIAN_POINT('',(1.727417295563,46.488959609438));
#2850 = CARTESIAN_POINT('',(1.72419508337,46.731449188906));
#2851 = CARTESIAN_POINT('',(1.719340873758,46.970388165856));
#2852 = CARTESIAN_POINT('',(1.712806901881,47.203715177307));
#2853 = CARTESIAN_POINT('',(1.704528671966,47.428774725359));
#2854 = CARTESIAN_POINT('',(1.694433381736,47.64200051456));
#2855 = CARTESIAN_POINT('',(1.672715670401,47.998111384193));
#2856 = CARTESIAN_POINT('',(1.661534559328,48.149968856758));
#2857 = CARTESIAN_POINT('',(1.648949709479,48.287835038531));
#2858 = CARTESIAN_POINT('',(1.635075272339,48.40618776666));
#2859 = CARTESIAN_POINT('',(1.620084501569,48.500231333974));
#2860 = CARTESIAN_POINT('',(1.604197329492,48.565923523121));
#2861 = CARTESIAN_POINT('',(1.587671020056,48.6));
#2862 = CARTESIAN_POINT('',(1.553921633533,48.6));
#2863 = CARTESIAN_POINT('',(1.537395324098,48.565923523119));
#2864 = CARTESIAN_POINT('',(1.521508152021,48.500231333977));
#2865 = CARTESIAN_POINT('',(1.50651738125,48.406187766663));
#2866 = CARTESIAN_POINT('',(1.49264294411,48.287835038528));
#2867 = CARTESIAN_POINT('',(1.480058094261,48.149968856753));
#2868 = CARTESIAN_POINT('',(1.468876983189,47.998111384199));
#2869 = CARTESIAN_POINT('',(1.447159271854,47.642000514561));
#2870 = CARTESIAN_POINT('',(1.437063981624,47.428774725358));
#2871 = CARTESIAN_POINT('',(1.428785751708,47.203715177307));
#2872 = CARTESIAN_POINT('',(1.422251779832,46.970388165856));
#2873 = CARTESIAN_POINT('',(1.41739757022,46.731449188906));
#2874 = CARTESIAN_POINT('',(1.414175358027,46.488959609438));
#2875 = CARTESIAN_POINT('',(1.412561069209,46.244625248858));
#2876 = CARTESIAN_POINT('',(1.412561069209,46.));
#2877 = ( GEOMETRIC_REPRESENTATION_CONTEXT(2) 
PARAMETRIC_REPRESENTATION_CONTEXT() REPRESENTATION_CONTEXT('2D SPACE',''
  ) );
#2878 = PCURVE('',#2879,#2884);
#2879 = CYLINDRICAL_SURFACE('',#2880,2.6);
#2880 = AXIS2_PLACEMENT_3D('',#2881,#2882,#2883);
#2881 = CARTESIAN_POINT('',(-18.5,46.,0.));
#2882 = DIRECTION('',(1.,0.,0.));
#2883 = DIRECTION('',(-0.,0.,1.));
#2884 = DEFINITIONAL_REPRESENTATION('',(#2885),#2944);
#2885 = B_SPLINE_CURVE_WITH_KNOTS('',8,(#2886,#2887,#2888,#2889,#2890,
    #2891,#2892,#2893,#2894,#2895,#2896,#2897,#2898,#2899,#2900,#2901,
    #2902,#2903,#2904,#2905,#2906,#2907,#2908,#2909,#2910,#2911,#2912,
    #2913,#2914,#2915,#2916,#2917,#2918,#2919,#2920,#2921,#2922,#2923,
    #2924,#2925,#2926,#2927,#2928,#2929,#2930,#2931,#2932,#2933,#2934,
    #2935,#2936,#2937,#2938,#2939,#2940,#2941,#2942,#2943),
  .UNSPECIFIED.,.F.,.F.,(9,7,7,7,7,7,7,7,9),(0.,0.1815197382,
    0.335924103444,0.443101487694,0.560016762873,0.681392779615,
    0.780008381436,0.878623983258,1.),.UNSPECIFIED.);
#2886 = CARTESIAN_POINT('',(0.,34.793863875705));
#2887 = CARTESIAN_POINT('',(0.100687840299,34.793863875705));
#2888 = CARTESIAN_POINT('',(0.20122459387,34.798670645203));
#2889 = CARTESIAN_POINT('',(0.302447449093,34.808259939263));
#2890 = CARTESIAN_POINT('',(0.405106684099,34.822404058269));
#2891 = CARTESIAN_POINT('',(0.509943736882,34.840654530865));
#2892 = CARTESIAN_POINT('',(0.617727207583,34.862226759126));
#2893 = CARTESIAN_POINT('',(0.729315324671,34.88585354312));
#2894 = CARTESIAN_POINT('',(0.944909034527,34.929936906934));
#2895 = CARTESIAN_POINT('',(1.051192873678,34.951083332102));
#2896 = CARTESIAN_POINT('',(1.162377329815,34.971287436163));
#2897 = CARTESIAN_POINT('',(1.277008857734,34.988272036707));
#2898 = CARTESIAN_POINT('',(1.394077928939,34.999789662015));
#2899 = CARTESIAN_POINT('',(1.512764742491,35.004452259529));
#2900 = CARTESIAN_POINT('',(1.632360456623,35.002039958161));
#2901 = CARTESIAN_POINT('',(1.835117174736,34.987305709809));
#2902 = CARTESIAN_POINT('',(1.918188687538,34.97824393049));
#2903 = CARTESIAN_POINT('',(2.001255277642,34.966406624673));
#2904 = CARTESIAN_POINT('',(2.084320864015,34.952220569214));
#2905 = CARTESIAN_POINT('',(2.167390692145,34.936263647769));
#2906 = CARTESIAN_POINT('',(2.250467204888,34.91922305184));
#2907 = CARTESIAN_POINT('',(2.333545694167,34.901838135188));
#2908 = CARTESIAN_POINT('',(2.507220780699,34.8662721991));
#2909 = CARTESIAN_POINT('',(2.597856826704,34.848154020705));
#2910 = CARTESIAN_POINT('',(2.688487768185,34.83141033654));
#2911 = CARTESIAN_POINT('',(2.77910929919,34.816948968956));
#2912 = CARTESIAN_POINT('',(2.869724080814,34.805546426326));
#2913 = CARTESIAN_POINT('',(2.960339143203,34.797758396963));
#2914 = CARTESIAN_POINT('',(3.050963837284,34.793863875705));
#2915 = CARTESIAN_POINT('',(3.235679287766,34.793863875705));
#2916 = CARTESIAN_POINT('',(3.329653753212,34.798060964897));
#2917 = CARTESIAN_POINT('',(3.424189136766,34.806438962272));
#2918 = CARTESIAN_POINT('',(3.519882494551,34.81882174856));
#2919 = CARTESIAN_POINT('',(3.617340954898,34.834863777858));
#2920 = CARTESIAN_POINT('',(3.717193824675,34.85397601656));
#2921 = CARTESIAN_POINT('',(3.820121354339,34.875226646343));
#2922 = CARTESIAN_POINT('',(4.013820131856,34.915154172832));
#2923 = CARTESIAN_POINT('',(4.105035972162,34.933934216196));
#2924 = CARTESIAN_POINT('',(4.199779523306,34.952593486795));
#2925 = CARTESIAN_POINT('',(4.297481915337,34.969843597664));
#2926 = CARTESIAN_POINT('',(4.397773292855,34.984279346245));
#2927 = CARTESIAN_POINT('',(4.500421225539,34.994630224105));
#2928 = CARTESIAN_POINT('',(4.605299580842,35.));
#2929 = CARTESIAN_POINT('',(4.819478379931,35.));
#2930 = CARTESIAN_POINT('',(4.924356735229,34.994630224105));
#2931 = CARTESIAN_POINT('',(5.027004667912,34.984279346245));
#2932 = CARTESIAN_POINT('',(5.127296045432,34.969843597664));
#2933 = CARTESIAN_POINT('',(5.224998437466,34.952593486795));
#2934 = CARTESIAN_POINT('',(5.31974198861,34.933934216195));
#2935 = CARTESIAN_POINT('',(5.410957828911,34.915154172832));
#2936 = CARTESIAN_POINT('',(5.60465660643,34.875226646343));
#2937 = CARTESIAN_POINT('',(5.707584136094,34.85397601656));
#2938 = CARTESIAN_POINT('',(5.807437005872,34.834863777858));
#2939 = CARTESIAN_POINT('',(5.904895466218,34.81882174856));
#2940 = CARTESIAN_POINT('',(6.000588824003,34.806438962272));
#2941 = CARTESIAN_POINT('',(6.095124207557,34.798060964897));
#2942 = CARTESIAN_POINT('',(6.189098673004,34.793863875705));
#2943 = CARTESIAN_POINT('',(6.28318530718,34.793863875705));
#2944 = ( GEOMETRIC_REPRESENTATION_CONTEXT(2) 
PARAMETRIC_REPRESENTATION_CONTEXT() REPRESENTATION_CONTEXT('2D SPACE',''
  ) );
#2945 = FACE_BOUND('',#2946,.T.);
#2946 = EDGE_LOOP('',(#2947));
#2947 = ORIENTED_EDGE('',*,*,#2948,.T.);
#2948 = EDGE_CURVE('',#2949,#2949,#2951,.T.);
#2949 = VERTEX_POINT('',#2950);
#2950 = CARTESIAN_POINT('',(-16.2938638757,46.,2.6));
#2951 = SURFACE_CURVE('',#2952,(#3011,#3073),.PCURVE_S1.);
#2952 = B_SPLINE_CURVE_WITH_KNOTS('',8,(#2953,#2954,#2955,#2956,#2957,
    #2958,#2959,#2960,#2961,#2962,#2963,#2964,#2965,#2966,#2967,#2968,
    #2969,#2970,#2971,#2972,#2973,#2974,#2975,#2976,#2977,#2978,#2979,
    #2980,#2981,#2982,#2983,#2984,#2985,#2986,#2987,#2988,#2989,#2990,
    #2991,#2992,#2993,#2994,#2995,#2996,#2997,#2998,#2999,#3000,#3001,
    #3002,#3003,#3004,#3005,#3006,#3007,#3008,#3009,#3010),
  .UNSPECIFIED.,.T.,.F.,(9,7,7,7,7,7,7,7,9),(0.,0.181519738199,
    0.335924103443,0.443101487694,0.560016762874,0.681392779617,
    0.780008381437,0.878623983257,1.),.UNSPECIFIED.);
#2953 = CARTESIAN_POINT('',(-16.2938638757,46.,2.6));
#2954 = CARTESIAN_POINT('',(-16.2938638757,45.738211615222,2.6));
#2955 = CARTESIAN_POINT('',(-16.2986706452,45.476815188509,
    2.569875284897));
#2956 = CARTESIAN_POINT('',(-16.30825993926,45.217683172063,
    2.509785418904));
#2957 = CARTESIAN_POINT('',(-16.32240405826,44.962846852104,
    2.419134627095));
#2958 = CARTESIAN_POINT('',(-16.34065453086,44.714905695737,
    2.296797397299));
#2959 = CARTESIAN_POINT('',(-16.36222675912,44.477304333849,
    2.141260699936));
#2960 = CARTESIAN_POINT('',(-16.38585354312,44.254728601188,1.9508390845
    ));
#2961 = CARTESIAN_POINT('',(-16.42993690693,43.88301940884,
    1.531266140929));
#2962 = CARTESIAN_POINT('',(-16.4510833321,43.721614113914,
    1.305075472001));
#2963 = CARTESIAN_POINT('',(-16.47128743616,43.581704270763,
    1.047966165475));
#2964 = CARTESIAN_POINT('',(-16.4882720367,43.47272905504,0.764932235737
    ));
#2965 = CARTESIAN_POINT('',(-16.49978966201,43.40153452225,
    0.463116312413));
#2966 = CARTESIAN_POINT('',(-16.50445225952,43.372312877581,
    0.150939114813));
#2967 = CARTESIAN_POINT('',(-16.50203995816,43.386497892382,
    -0.162587966775));
#2968 = CARTESIAN_POINT('',(-16.4873057098,43.481522484098,
    -0.681120381703));
#2969 = CARTESIAN_POINT('',(-16.47824393049,43.540626533857,
    -0.889872231892));
#2970 = CARTESIAN_POINT('',(-16.46640662467,43.619486508572,
    -1.092680048325));
#2971 = CARTESIAN_POINT('',(-16.45222056921,43.717394212294,
    -1.287378223208));
#2972 = CARTESIAN_POINT('',(-16.43626364776,43.833362834041,
    -1.471904032977));
#2973 = CARTESIAN_POINT('',(-16.41922305184,43.966141380092,
    -1.644332419942));
#2974 = CARTESIAN_POINT('',(-16.40183813518,44.114227840323,
    -1.802915664118));
#2975 = CARTESIAN_POINT('',(-16.3662721991,44.452221779615,
    -2.102352165251));
#2976 = CARTESIAN_POINT('',(-16.3481540207,44.644789112115,
    -2.240358243772));
#2977 = CARTESIAN_POINT('',(-16.33141033654,44.851333140707,
    -2.358123309572));
#2978 = CARTESIAN_POINT('',(-16.31694896895,45.069338780197,
    -2.454013993364));
#2979 = CARTESIAN_POINT('',(-16.30554642632,45.29609081918,
    -2.526786413123));
#2980 = CARTESIAN_POINT('',(-16.29775839696,45.528740920354,
    -2.575593695952));
#2981 = CARTESIAN_POINT('',(-16.2938638757,45.764365077604,-2.6));
#2982 = CARTESIAN_POINT('',(-16.2938638757,46.244625248858,-2.6));
#2983 = CARTESIAN_POINT('',(-16.29806096489,46.488959609438,
    -2.573696973297));
#2984 = CARTESIAN_POINT('',(-16.30643896227,46.731449188907,
    -2.521194793843));
#2985 = CARTESIAN_POINT('',(-16.31882174856,46.970388165856,
    -2.442062807405));
#2986 = CARTESIAN_POINT('',(-16.33486377785,47.203715177307,
    -2.335448396338));
#2987 = CARTESIAN_POINT('',(-16.35397601656,47.428774725359,
    -2.200188115331));
#2988 = CARTESIAN_POINT('',(-16.37522664634,47.64200051456,
    -2.03495474761));
#2989 = CARTESIAN_POINT('',(-16.41515417283,47.998111384193,
    -1.678843877977));
#2990 = CARTESIAN_POINT('',(-16.43393421619,48.149968856758,
    -1.495305074255));
#2991 = CARTESIAN_POINT('',(-16.45259348679,48.287835038531,
    -1.288469846742));
#2992 = CARTESIAN_POINT('',(-16.46984359766,48.40618776666,
    -1.060139647328));
#2993 = CARTESIAN_POINT('',(-16.48427934624,48.500231333975,
    -0.813134509915));
#2994 = CARTESIAN_POINT('',(-16.4946302241,48.565923523121,
    -0.55111641014));
#2995 = CARTESIAN_POINT('',(-16.5,48.6,-0.278432438812));
#2996 = CARTESIAN_POINT('',(-16.5,48.6,0.278432438812));
#2997 = CARTESIAN_POINT('',(-16.4946302241,48.565923523121,
    0.551116410139));
#2998 = CARTESIAN_POINT('',(-16.48427934624,48.500231333974,
    0.813134509915));
#2999 = CARTESIAN_POINT('',(-16.46984359766,48.40618776666,
    1.060139647328));
#3000 = CARTESIAN_POINT('',(-16.45259348679,48.287835038532,
    1.288469846742));
#3001 = CARTESIAN_POINT('',(-16.43393421619,48.149968856758,
    1.495305074255));
#3002 = CARTESIAN_POINT('',(-16.41515417283,47.998111384193,
    1.678843877977));
#3003 = CARTESIAN_POINT('',(-16.37522664634,47.642000514561,
    2.034954747609));
#3004 = CARTESIAN_POINT('',(-16.35397601656,47.428774725358,
    2.200188115332));
#3005 = CARTESIAN_POINT('',(-16.33486377785,47.203715177307,
    2.335448396338));
#3006 = CARTESIAN_POINT('',(-16.31882174856,46.970388165856,
    2.442062807405));
#3007 = CARTESIAN_POINT('',(-16.30643896227,46.731449188906,
    2.521194793844));
#3008 = CARTESIAN_POINT('',(-16.29806096489,46.488959609438,
    2.573696973297));
#3009 = CARTESIAN_POINT('',(-16.2938638757,46.244625248858,2.6));
#3010 = CARTESIAN_POINT('',(-16.2938638757,46.,2.6));
#3011 = PCURVE('',#319,#3012);
#3012 = DEFINITIONAL_REPRESENTATION('',(#3013),#3072);
#3013 = B_SPLINE_CURVE_WITH_KNOTS('',8,(#3014,#3015,#3016,#3017,#3018,
    #3019,#3020,#3021,#3022,#3023,#3024,#3025,#3026,#3027,#3028,#3029,
    #3030,#3031,#3032,#3033,#3034,#3035,#3036,#3037,#3038,#3039,#3040,
    #3041,#3042,#3043,#3044,#3045,#3046,#3047,#3048,#3049,#3050,#3051,
    #3052,#3053,#3054,#3055,#3056,#3057,#3058,#3059,#3060,#3061,#3062,
    #3063,#3064,#3065,#3066,#3067,#3068,#3069,#3070,#3071),
  .UNSPECIFIED.,.T.,.F.,(9,7,7,7,7,7,7,7,9),(0.,0.181519738199,
    0.335924103443,0.443101487694,0.560016762874,0.681392779617,
    0.780008381437,0.878623983257,1.),.UNSPECIFIED.);
#3014 = CARTESIAN_POINT('',(4.870624237971,46.));
#3015 = CARTESIAN_POINT('',(4.870624237971,45.738211615222));
#3016 = CARTESIAN_POINT('',(4.868775402576,45.476815188509));
#3017 = CARTESIAN_POINT('',(4.865087508095,45.217683172063));
#3018 = CARTESIAN_POINT('',(4.859527091652,44.962846852104));
#3019 = CARTESIAN_POINT('',(4.852031026781,44.714905695737));
#3020 = CARTESIAN_POINT('',(4.842515529449,44.477304333849));
#3021 = CARTESIAN_POINT('',(4.830888377555,44.254728601188));
#3022 = CARTESIAN_POINT('',(4.805319744486,43.88301940884));
#3023 = CARTESIAN_POINT('',(4.791552347933,43.721614113914));
#3024 = CARTESIAN_POINT('',(4.775924836211,43.581704270763));
#3025 = CARTESIAN_POINT('',(4.758746642582,43.472729055039));
#3026 = CARTESIAN_POINT('',(4.740450882661,43.40153452225));
#3027 = CARTESIAN_POINT('',(4.721536955445,43.372312877581));
#3028 = CARTESIAN_POINT('',(4.702538830962,43.386497892382));
#3029 = CARTESIAN_POINT('',(4.671099939347,43.481522484098));
#3030 = CARTESIAN_POINT('',(4.658437814059,43.540626533857));
#3031 = CARTESIAN_POINT('',(4.64612776606,43.619486508572));
#3032 = CARTESIAN_POINT('',(4.634298901009,43.717394212294));
#3033 = CARTESIAN_POINT('',(4.623075557246,43.833362834041));
#3034 = CARTESIAN_POINT('',(4.61257547155,43.966141380092));
#3035 = CARTESIAN_POINT('',(4.602907177295,44.114227840323));
#3036 = CARTESIAN_POINT('',(4.584631947151,44.452221779615));
#3037 = CARTESIAN_POINT('',(4.576196810523,44.644789112115));
#3038 = CARTESIAN_POINT('',(4.568988340329,44.851333140707));
#3039 = CARTESIAN_POINT('',(4.563111295077,45.069338780197));
#3040 = CARTESIAN_POINT('',(4.558647040927,45.29609081918));
#3041 = CARTESIAN_POINT('',(4.555651607218,45.528740920354));
#3042 = CARTESIAN_POINT('',(4.554153722799,45.764365077604));
#3043 = CARTESIAN_POINT('',(4.554153722799,46.244625248858));
#3044 = CARTESIAN_POINT('',(4.555768011617,46.488959609438));
#3045 = CARTESIAN_POINT('',(4.55899022381,46.731449188907));
#3046 = CARTESIAN_POINT('',(4.563844433422,46.970388165856));
#3047 = CARTESIAN_POINT('',(4.570378405298,47.203715177307));
#3048 = CARTESIAN_POINT('',(4.578656635214,47.428774725359));
#3049 = CARTESIAN_POINT('',(4.588751925443,47.64200051456));
#3050 = CARTESIAN_POINT('',(4.610469636779,47.998111384193));
#3051 = CARTESIAN_POINT('',(4.621650747851,48.149968856758));
#3052 = CARTESIAN_POINT('',(4.6342355977,48.287835038531));
#3053 = CARTESIAN_POINT('',(4.64811003484,48.40618776666));
#3054 = CARTESIAN_POINT('',(4.663100805611,48.500231333975));
#3055 = CARTESIAN_POINT('',(4.678987977687,48.565923523121));
#3056 = CARTESIAN_POINT('',(4.695514287123,48.6));
#3057 = CARTESIAN_POINT('',(4.729263673646,48.6));
#3058 = CARTESIAN_POINT('',(4.745789983082,48.565923523121));
#3059 = CARTESIAN_POINT('',(4.761677155159,48.500231333974));
#3060 = CARTESIAN_POINT('',(4.776667925929,48.40618776666));
#3061 = CARTESIAN_POINT('',(4.790542363069,48.287835038531));
#3062 = CARTESIAN_POINT('',(4.803127212918,48.149968856758));
#3063 = CARTESIAN_POINT('',(4.814308323991,47.998111384193));
#3064 = CARTESIAN_POINT('',(4.836026035326,47.642000514561));
#3065 = CARTESIAN_POINT('',(4.846121325555,47.428774725358));
#3066 = CARTESIAN_POINT('',(4.854399555471,47.203715177307));
#3067 = CARTESIAN_POINT('',(4.860933527347,46.970388165856));
#3068 = CARTESIAN_POINT('',(4.86578773696,46.731449188906));
#3069 = CARTESIAN_POINT('',(4.869009949152,46.488959609438));
#3070 = CARTESIAN_POINT('',(4.870624237971,46.244625248858));
#3071 = CARTESIAN_POINT('',(4.870624237971,46.));
#3072 = ( GEOMETRIC_REPRESENTATION_CONTEXT(2) 
PARAMETRIC_REPRESENTATION_CONTEXT() REPRESENTATION_CONTEXT('2D SPACE',''
  ) );
#3073 = PCURVE('',#3074,#3079);
#3074 = CYLINDRICAL_SURFACE('',#3075,2.6);
#3075 = AXIS2_PLACEMENT_3D('',#3076,#3077,#3078);
#3076 = CARTESIAN_POINT('',(-18.5,46.,0.));
#3077 = DIRECTION('',(1.,0.,0.));
#3078 = DIRECTION('',(-0.,0.,1.));
#3079 = DEFINITIONAL_REPRESENTATION('',(#3080),#3139);
#3080 = B_SPLINE_CURVE_WITH_KNOTS('',8,(#3081,#3082,#3083,#3084,#3085,
    #3086,#3087,#3088,#3089,#3090,#3091,#3092,#3093,#3094,#3095,#3096,
    #3097,#3098,#3099,#3100,#3101,#3102,#3103,#3104,#3105,#3106,#3107,
    #3108,#3109,#3110,#3111,#3112,#3113,#3114,#3115,#3116,#3117,#3118,
    #3119,#3120,#3121,#3122,#3123,#3124,#3125,#3126,#3127,#3128,#3129,
    #3130,#3131,#3132,#3133,#3134,#3135,#3136,#3137,#3138),
  .UNSPECIFIED.,.F.,.F.,(9,7,7,7,7,7,7,7,9),(0.,0.181519738199,
    0.335924103443,0.443101487694,0.560016762874,0.681392779617,
    0.780008381437,0.878623983257,1.),.UNSPECIFIED.);
#3081 = CARTESIAN_POINT('',(0.,2.206136124295));
#3082 = CARTESIAN_POINT('',(0.100687840299,2.206136124295));
#3083 = CARTESIAN_POINT('',(0.20122459387,2.201329354797));
#3084 = CARTESIAN_POINT('',(0.302447449093,2.191740060737));
#3085 = CARTESIAN_POINT('',(0.405106684099,2.177595941731));
#3086 = CARTESIAN_POINT('',(0.509943736882,2.159345469135));
#3087 = CARTESIAN_POINT('',(0.617727207583,2.137773240874));
#3088 = CARTESIAN_POINT('',(0.729315324671,2.11414645688));
#3089 = CARTESIAN_POINT('',(0.944909034527,2.070063093066));
#3090 = CARTESIAN_POINT('',(1.051192873677,2.048916667898));
#3091 = CARTESIAN_POINT('',(1.162377329819,2.028712563837));
#3092 = CARTESIAN_POINT('',(1.27700885773,2.011727963293));
#3093 = CARTESIAN_POINT('',(1.394077928942,2.000210337985));
#3094 = CARTESIAN_POINT('',(1.512764742489,1.995547740471));
#3095 = CARTESIAN_POINT('',(1.632360456623,1.997960041839));
#3096 = CARTESIAN_POINT('',(1.835117174736,2.012694290191));
#3097 = CARTESIAN_POINT('',(1.918188687538,2.02175606951));
#3098 = CARTESIAN_POINT('',(2.001255277642,2.033593375327));
#3099 = CARTESIAN_POINT('',(2.084320864015,2.047779430786));
#3100 = CARTESIAN_POINT('',(2.167390692145,2.063736352231));
#3101 = CARTESIAN_POINT('',(2.250467204888,2.08077694816));
#3102 = CARTESIAN_POINT('',(2.333545694167,2.098161864812));
#3103 = CARTESIAN_POINT('',(2.507220780699,2.1337278009));
#3104 = CARTESIAN_POINT('',(2.597856826704,2.151845979295));
#3105 = CARTESIAN_POINT('',(2.688487768185,2.16858966346));
#3106 = CARTESIAN_POINT('',(2.77910929919,2.183051031044));
#3107 = CARTESIAN_POINT('',(2.869724080814,2.194453573674));
#3108 = CARTESIAN_POINT('',(2.960339143203,2.202241603037));
#3109 = CARTESIAN_POINT('',(3.050963837284,2.206136124295));
#3110 = CARTESIAN_POINT('',(3.235679287766,2.206136124295));
#3111 = CARTESIAN_POINT('',(3.329653753212,2.201939035103));
#3112 = CARTESIAN_POINT('',(3.424189136766,2.193561037728));
#3113 = CARTESIAN_POINT('',(3.519882494551,2.18117825144));
#3114 = CARTESIAN_POINT('',(3.617340954898,2.165136222142));
#3115 = CARTESIAN_POINT('',(3.717193824675,2.14602398344));
#3116 = CARTESIAN_POINT('',(3.820121354339,2.124773353657));
#3117 = CARTESIAN_POINT('',(4.013820131856,2.084845827168));
#3118 = CARTESIAN_POINT('',(4.105035972162,2.066065783804));
#3119 = CARTESIAN_POINT('',(4.199779523306,2.047406513205));
#3120 = CARTESIAN_POINT('',(4.297481915337,2.030156402336));
#3121 = CARTESIAN_POINT('',(4.397773292855,2.015720653755));
#3122 = CARTESIAN_POINT('',(4.500421225539,2.005369775895));
#3123 = CARTESIAN_POINT('',(4.605299580842,2.));
#3124 = CARTESIAN_POINT('',(4.819478379928,2.));
#3125 = CARTESIAN_POINT('',(4.92435673523,2.005369775895));
#3126 = CARTESIAN_POINT('',(5.027004667915,2.015720653755));
#3127 = CARTESIAN_POINT('',(5.127296045432,2.030156402336));
#3128 = CARTESIAN_POINT('',(5.224998437463,2.047406513205));
#3129 = CARTESIAN_POINT('',(5.319741988608,2.066065783804));
#3130 = CARTESIAN_POINT('',(5.410957828914,2.084845827169));
#3131 = CARTESIAN_POINT('',(5.60465660643,2.124773353657));
#3132 = CARTESIAN_POINT('',(5.707584136095,2.14602398344));
#3133 = CARTESIAN_POINT('',(5.807437005872,2.165136222142));
#3134 = CARTESIAN_POINT('',(5.904895466218,2.18117825144));
#3135 = CARTESIAN_POINT('',(6.000588824003,2.193561037728));
#3136 = CARTESIAN_POINT('',(6.095124207557,2.201939035103));
#3137 = CARTESIAN_POINT('',(6.189098673004,2.206136124295));
#3138 = CARTESIAN_POINT('',(6.28318530718,2.206136124295));
#3139 = ( GEOMETRIC_REPRESENTATION_CONTEXT(2) 
PARAMETRIC_REPRESENTATION_CONTEXT() REPRESENTATION_CONTEXT('2D SPACE',''
  ) );
#3140 = ADVANCED_FACE('',(#3141),#186,.T.);
#3141 = FACE_BOUND('',#3142,.T.);
#3142 = EDGE_LOOP('',(#3143,#3166,#3193,#3194,#3216,#3217,#3218));
#3143 = ORIENTED_EDGE('',*,*,#3144,.T.);
#3144 = EDGE_CURVE('',#141,#3145,#3147,.T.);
#3145 = VERTEX_POINT('',#3146);
#3146 = CARTESIAN_POINT('',(14.,0.,55.));
#3147 = SEAM_CURVE('',#3148,(#3152,#3159),.PCURVE_S1.);
#3148 = LINE('',#3149,#3150);
#3149 = CARTESIAN_POINT('',(14.,0.,0.));
#3150 = VECTOR('',#3151,1.);
#3151 = DIRECTION('',(0.,0.,1.));
#3152 = PCURVE('',#186,#3153);
#3153 = DEFINITIONAL_REPRESENTATION('',(#3154),#3158);
#3154 = LINE('',#3155,#3156);
#3155 = CARTESIAN_POINT('',(6.28318530718,-0.));
#3156 = VECTOR('',#3157,1.);
#3157 = DIRECTION('',(0.,1.));
#3158 = ( GEOMETRIC_REPRESENTATION_CONTEXT(2) 
PARAMETRIC_REPRESENTATION_CONTEXT() REPRESENTATION_CONTEXT('2D SPACE',''
  ) );
#3159 = PCURVE('',#186,#3160);
#3160 = DEFINITIONAL_REPRESENTATION('',(#3161),#3165);
#3161 = LINE('',#3162,#3163);
#3162 = CARTESIAN_POINT('',(0.,-0.));
#3163 = VECTOR('',#3164,1.);
#3164 = DIRECTION('',(0.,1.));
#3165 = ( GEOMETRIC_REPRESENTATION_CONTEXT(2) 
PARAMETRIC_REPRESENTATION_CONTEXT() REPRESENTATION_CONTEXT('2D SPACE',''
  ) );
#3166 = ORIENTED_EDGE('',*,*,#3167,.F.);
#3167 = EDGE_CURVE('',#3145,#3145,#3168,.T.);
#3168 = SURFACE_CURVE('',#3169,(#3174,#3181),.PCURVE_S1.);
#3169 = CIRCLE('',#3170,14.);
#3170 = AXIS2_PLACEMENT_3D('',#3171,#3172,#3173);
#3171 = CARTESIAN_POINT('',(0.,0.,55.));
#3172 = DIRECTION('',(0.,0.,1.));
#3173 = DIRECTION('',(1.,0.,-0.));
#3174 = PCURVE('',#186,#3175);
#3175 = DEFINITIONAL_REPRESENTATION('',(#3176),#3180);
#3176 = LINE('',#3177,#3178);
#3177 = CARTESIAN_POINT('',(0.,55.));
#3178 = VECTOR('',#3179,1.);
#3179 = DIRECTION('',(1.,0.));
#3180 = ( GEOMETRIC_REPRESENTATION_CONTEXT(2) 
PARAMETRIC_REPRESENTATION_CONTEXT() REPRESENTATION_CONTEXT('2D SPACE',''
  ) );
#3181 = PCURVE('',#3182,#3187);
#3182 = SPHERICAL_SURFACE('',#3183,14.);
#3183 = AXIS2_PLACEMENT_3D('',#3184,#3185,#3186);
#3184 = CARTESIAN_POINT('',(0.,0.,55.));
#3185 = DIRECTION('',(0.,0.,1.));
#3186 = DIRECTION('',(1.,0.,-0.));
#3187 = DEFINITIONAL_REPRESENTATION('',(#3188),#3192);
#3188 = LINE('',#3189,#3190);
#3189 = CARTESIAN_POINT('',(0.,0.));
#3190 = VECTOR('',#3191,1.);
#3191 = DIRECTION('',(1.,0.));
#3192 = ( GEOMETRIC_REPRESENTATION_CONTEXT(2) 
PARAMETRIC_REPRESENTATION_CONTEXT() REPRESENTATION_CONTEXT('2D SPACE',''
  ) );
#3193 = ORIENTED_EDGE('',*,*,#3144,.F.);
#3194 = ORIENTED_EDGE('',*,*,#3195,.T.);
#3195 = EDGE_CURVE('',#141,#2573,#3196,.T.);
#3196 = SURFACE_CURVE('',#3197,(#3202,#3209),.PCURVE_S1.);
#3197 = CIRCLE('',#3198,14.);
#3198 = AXIS2_PLACEMENT_3D('',#3199,#3200,#3201);
#3199 = CARTESIAN_POINT('',(0.,0.,15.652475842499));
#3200 = DIRECTION('',(0.,0.,1.));
#3201 = DIRECTION('',(0.,-1.,0.));
#3202 = PCURVE('',#186,#3203);
#3203 = DEFINITIONAL_REPRESENTATION('',(#3204),#3208);
#3204 = LINE('',#3205,#3206);
#3205 = CARTESIAN_POINT('',(-1.570796326795,15.652475842499));
#3206 = VECTOR('',#3207,1.);
#3207 = DIRECTION('',(1.,0.));
#3208 = ( GEOMETRIC_REPRESENTATION_CONTEXT(2) 
PARAMETRIC_REPRESENTATION_CONTEXT() REPRESENTATION_CONTEXT('2D SPACE',''
  ) );
#3209 = PCURVE('',#157,#3210);
#3210 = DEFINITIONAL_REPRESENTATION('',(#3211),#3215);
#3211 = LINE('',#3212,#3213);
#3212 = CARTESIAN_POINT('',(-1.570796326795,0.841068670568));
#3213 = VECTOR('',#3214,1.);
#3214 = DIRECTION('',(1.,0.));
#3215 = ( GEOMETRIC_REPRESENTATION_CONTEXT(2) 
PARAMETRIC_REPRESENTATION_CONTEXT() REPRESENTATION_CONTEXT('2D SPACE',''
  ) );
#3216 = ORIENTED_EDGE('',*,*,#2572,.T.);
#3217 = ORIENTED_EDGE('',*,*,#2471,.T.);
#3218 = ORIENTED_EDGE('',*,*,#169,.T.);
#3219 = ADVANCED_FACE('',(#3220),#157,.T.);
#3220 = FACE_BOUND('',#3221,.T.);
#3221 = EDGE_LOOP('',(#3222,#3223,#3224,#3225));
#3222 = ORIENTED_EDGE('',*,*,#140,.F.);
#3223 = ORIENTED_EDGE('',*,*,#543,.F.);
#3224 = ORIENTED_EDGE('',*,*,#2622,.F.);
#3225 = ORIENTED_EDGE('',*,*,#3195,.F.);
#3226 = ADVANCED_FACE('',(#3227,#3230),#659,.T.);
#3227 = FACE_BOUND('',#3228,.T.);
#3228 = EDGE_LOOP('',(#3229));
#3229 = ORIENTED_EDGE('',*,*,#644,.T.);
#3230 = FACE_BOUND('',#3231,.T.);
#3231 = EDGE_LOOP('',(#3232));
#3232 = ORIENTED_EDGE('',*,*,#3233,.F.);
#3233 = EDGE_CURVE('',#3234,#3234,#3236,.T.);
#3234 = VERTEX_POINT('',#3235);
#3235 = CARTESIAN_POINT('',(33.902099575193,6.319953491627,
    -53.05401334731));
#3236 = SURFACE_CURVE('',#3237,(#3242,#3249),.PCURVE_S1.);
#3237 = CIRCLE('',#3238,12.65);
#3238 = AXIS2_PLACEMENT_3D('',#3239,#3240,#3241);
#3239 = CARTESIAN_POINT('',(42.975683743062,6.319953491627,
    -44.23967444138));
#3240 = DIRECTION('',(0.693156189404,0.101934733736,-0.713543136151));
#3241 = DIRECTION('',(-0.717279380859,6.938893903907E-18,-0.696785684263
    ));
#3242 = PCURVE('',#659,#3243);
#3243 = DEFINITIONAL_REPRESENTATION('',(#3244),#3248);
#3244 = CIRCLE('',#3245,12.65);
#3245 = AXIS2_PLACEMENT_2D('',#3246,#3247);
#3246 = CARTESIAN_POINT('',(8.038029279319E-14,-2.044044248291E-14));
#3247 = DIRECTION('',(1.,6.938893903907E-18));
#3248 = ( GEOMETRIC_REPRESENTATION_CONTEXT(2) 
PARAMETRIC_REPRESENTATION_CONTEXT() REPRESENTATION_CONTEXT('2D SPACE',''
  ) );
#3249 = PCURVE('',#3250,#3255);
#3250 = CYLINDRICAL_SURFACE('',#3251,12.65);
#3251 = AXIS2_PLACEMENT_3D('',#3252,#3253,#3254);
#3252 = CARTESIAN_POINT('',(5.545249515234,0.815477869887,
    -5.708345089211));
#3253 = DIRECTION('',(0.693156189404,0.101934733736,-0.713543136151));
#3254 = DIRECTION('',(-0.717279380859,-6.938893903907E-18,
    -0.696785684263));
#3255 = DEFINITIONAL_REPRESENTATION('',(#3256),#3260);
#3256 = LINE('',#3257,#3258);
#3257 = CARTESIAN_POINT('',(5.721958498153E-17,54.));
#3258 = VECTOR('',#3259,1.);
#3259 = DIRECTION('',(1.,0.));
#3260 = ( GEOMETRIC_REPRESENTATION_CONTEXT(2) 
PARAMETRIC_REPRESENTATION_CONTEXT() REPRESENTATION_CONTEXT('2D SPACE',''
  ) );
#3261 = ADVANCED_FACE('',(#3262),#969,.T.);
#3262 = FACE_BOUND('',#3263,.T.);
#3263 = EDGE_LOOP('',(#3264,#3287,#3309));
#3264 = ORIENTED_EDGE('',*,*,#3265,.T.);
#3265 = EDGE_CURVE('',#896,#3266,#3268,.T.);
#3266 = VERTEX_POINT('',#3267);
#3267 = CARTESIAN_POINT('',(37.349948239666,4.333333333333,
    -11.96677018733));
#3268 = SURFACE_CURVE('',#3269,(#3273,#3280),.PCURVE_S1.);
#3269 = LINE('',#3270,#3271);
#3270 = CARTESIAN_POINT('',(2.683281573,0.,5.366563146));
#3271 = VECTOR('',#3272,1.);
#3272 = DIRECTION('',(0.888888888889,0.111111111111,-0.444444444444));
#3273 = PCURVE('',#969,#3274);
#3274 = DEFINITIONAL_REPRESENTATION('',(#3275),#3279);
#3275 = LINE('',#3276,#3277);
#3276 = CARTESIAN_POINT('',(6.28318530718,-0.));
#3277 = VECTOR('',#3278,1.);
#3278 = DIRECTION('',(0.,1.));
#3279 = ( GEOMETRIC_REPRESENTATION_CONTEXT(2) 
PARAMETRIC_REPRESENTATION_CONTEXT() REPRESENTATION_CONTEXT('2D SPACE',''
  ) );
#3280 = PCURVE('',#1115,#3281);
#3281 = DEFINITIONAL_REPRESENTATION('',(#3282),#3286);
#3282 = LINE('',#3283,#3284);
#3283 = CARTESIAN_POINT('',(0.,-0.));
#3284 = VECTOR('',#3285,1.);
#3285 = DIRECTION('',(0.,1.));
#3286 = ( GEOMETRIC_REPRESENTATION_CONTEXT(2) 
PARAMETRIC_REPRESENTATION_CONTEXT() REPRESENTATION_CONTEXT('2D SPACE',''
  ) );
#3287 = ORIENTED_EDGE('',*,*,#3288,.F.);
#3288 = EDGE_CURVE('',#894,#3266,#3289,.T.);
#3289 = SURFACE_CURVE('',#3290,(#3295,#3302),.PCURVE_S1.);
#3290 = CIRCLE('',#3291,6.);
#3291 = AXIS2_PLACEMENT_3D('',#3292,#3293,#3294);
#3292 = CARTESIAN_POINT('',(34.666666666667,4.333333333333,
    -17.33333333333));
#3293 = DIRECTION('',(0.888888888889,0.111111111111,-0.444444444444));
#3294 = DIRECTION('',(0.4472135955,0.,0.894427191));
#3295 = PCURVE('',#969,#3296);
#3296 = DEFINITIONAL_REPRESENTATION('',(#3297),#3301);
#3297 = LINE('',#3298,#3299);
#3298 = CARTESIAN_POINT('',(0.,39.));
#3299 = VECTOR('',#3300,1.);
#3300 = DIRECTION('',(1.,0.));
#3301 = ( GEOMETRIC_REPRESENTATION_CONTEXT(2) 
PARAMETRIC_REPRESENTATION_CONTEXT() REPRESENTATION_CONTEXT('2D SPACE',''
  ) );
#3302 = PCURVE('',#1031,#3303);
#3303 = DEFINITIONAL_REPRESENTATION('',(#3304),#3308);
#3304 = CIRCLE('',#3305,6.);
#3305 = AXIS2_PLACEMENT_2D('',#3306,#3307);
#3306 = CARTESIAN_POINT('',(0.,0.));
#3307 = DIRECTION('',(1.,0.));
#3308 = ( GEOMETRIC_REPRESENTATION_CONTEXT(2) 
PARAMETRIC_REPRESENTATION_CONTEXT() REPRESENTATION_CONTEXT('2D SPACE',''
  ) );
#3309 = ORIENTED_EDGE('',*,*,#893,.T.);
#3310 = ADVANCED_FACE('',(#3311),#1031,.T.);
#3311 = FACE_BOUND('',#3312,.T.);
#3312 = EDGE_LOOP('',(#3313,#3314,#3336));
#3313 = ORIENTED_EDGE('',*,*,#3288,.T.);
#3314 = ORIENTED_EDGE('',*,*,#3315,.T.);
#3315 = EDGE_CURVE('',#3266,#1011,#3316,.T.);
#3316 = SURFACE_CURVE('',#3317,(#3322,#3329),.PCURVE_S1.);
#3317 = CIRCLE('',#3318,6.);
#3318 = AXIS2_PLACEMENT_3D('',#3319,#3320,#3321);
#3319 = CARTESIAN_POINT('',(34.666666666667,4.333333333333,
    -17.33333333333));
#3320 = DIRECTION('',(0.888888888889,0.111111111111,-0.444444444444));
#3321 = DIRECTION('',(0.4472135955,0.,0.894427191));
#3322 = PCURVE('',#1031,#3323);
#3323 = DEFINITIONAL_REPRESENTATION('',(#3324),#3328);
#3324 = CIRCLE('',#3325,6.);
#3325 = AXIS2_PLACEMENT_2D('',#3326,#3327);
#3326 = CARTESIAN_POINT('',(0.,0.));
#3327 = DIRECTION('',(1.,0.));
#3328 = ( GEOMETRIC_REPRESENTATION_CONTEXT(2) 
PARAMETRIC_REPRESENTATION_CONTEXT() REPRESENTATION_CONTEXT('2D SPACE',''
  ) );
#3329 = PCURVE('',#1115,#3330);
#3330 = DEFINITIONAL_REPRESENTATION('',(#3331),#3335);
#3331 = LINE('',#3332,#3333);
#3332 = CARTESIAN_POINT('',(0.,39.));
#3333 = VECTOR('',#3334,1.);
#3334 = DIRECTION('',(1.,0.));
#3335 = ( GEOMETRIC_REPRESENTATION_CONTEXT(2) 
PARAMETRIC_REPRESENTATION_CONTEXT() REPRESENTATION_CONTEXT('2D SPACE',''
  ) );
#3336 = ORIENTED_EDGE('',*,*,#1010,.F.);
#3337 = ADVANCED_FACE('',(#3338),#1115,.T.);
#3338 = FACE_BOUND('',#3339,.T.);
#3339 = EDGE_LOOP('',(#3340,#3341,#3342));
#3340 = ORIENTED_EDGE('',*,*,#3315,.F.);
#3341 = ORIENTED_EDGE('',*,*,#3265,.F.);
#3342 = ORIENTED_EDGE('',*,*,#1043,.T.);
#3343 = ADVANCED_FACE('',(#3344),#1280,.F.);
#3344 = FACE_BOUND('',#3345,.F.);
#3345 = EDGE_LOOP('',(#3346,#3528,#3549,#3550));
#3346 = ORIENTED_EDGE('',*,*,#3347,.F.);
#3347 = EDGE_CURVE('',#3348,#3348,#3350,.T.);
#3348 = VERTEX_POINT('',#3349);
#3349 = CARTESIAN_POINT('',(27.492252572775,16.690782414089,
    -32.82298426296));
#3350 = SURFACE_CURVE('',#3351,(#3408,#3468),.PCURVE_S1.);
#3351 = B_SPLINE_CURVE_WITH_KNOTS('',7,(#3352,#3353,#3354,#3355,#3356,
    #3357,#3358,#3359,#3360,#3361,#3362,#3363,#3364,#3365,#3366,#3367,
    #3368,#3369,#3370,#3371,#3372,#3373,#3374,#3375,#3376,#3377,#3378,
    #3379,#3380,#3381,#3382,#3383,#3384,#3385,#3386,#3387,#3388,#3389,
    #3390,#3391,#3392,#3393,#3394,#3395,#3396,#3397,#3398,#3399,#3400,
    #3401,#3402,#3403,#3404,#3405,#3406,#3407),.UNSPECIFIED.,.T.,.F.,(8,
    6,6,6,6,6,6,6,6,8),(0.,6.176680140607E-02,0.134501475221,
    0.265376547566,0.387455855714,0.499467126069,0.637199765808,
    0.770025829215,0.886758789069,1.),.UNSPECIFIED.);
#3352 = CARTESIAN_POINT('',(27.492252572775,16.690782414085,
    -32.82298426296));
#3353 = CARTESIAN_POINT('',(27.49438600116,16.676275101068,
    -32.96415068055));
#3354 = CARTESIAN_POINT('',(27.505324120797,16.663355441623,
    -33.10266117281));
#3355 = CARTESIAN_POINT('',(27.524431672039,16.652182267107,
    -33.23814707099));
#3356 = CARTESIAN_POINT('',(27.551148678422,16.642881148416,
    -33.37032304033));
#3357 = CARTESIAN_POINT('',(27.584986193554,16.635549437356,
    -33.49896655298));
#3358 = CARTESIAN_POINT('',(27.62552204801,16.630261308004,
    -33.62389736099));
#3359 = CARTESIAN_POINT('',(27.727594613565,16.62331810746,
    -33.8875130175));
#3360 = CARTESIAN_POINT('',(27.791584151625,16.622475010265,
    -34.02470662807));
#3361 = CARTESIAN_POINT('',(27.863767767585,16.624635472247,
    -34.156248476));
#3362 = CARTESIAN_POINT('',(27.943644235955,16.629855056511,
    -34.28187704319));
#3363 = CARTESIAN_POINT('',(28.030793887199,16.638155643916,
    -34.401337669));
#3364 = CARTESIAN_POINT('',(28.124863946355,16.649528153471,
    -34.51436160084));
#3365 = CARTESIAN_POINT('',(28.406730201547,16.689858682335,
    -34.81188606765));
#3366 = CARTESIAN_POINT('',(28.609090248507,16.72557047116,
    -34.98104152281));
#3367 = CARTESIAN_POINT('',(28.830955746268,16.770825936817,
    -35.12662831424));
#3368 = CARTESIAN_POINT('',(29.071127949303,16.825082698147,
    -35.24649871315));
#3369 = CARTESIAN_POINT('',(29.328492345049,16.887423734292,
    -35.33769841198));
#3370 = CARTESIAN_POINT('',(29.601583243192,16.956280359147,
    -35.39622868326));
#3371 = CARTESIAN_POINT('',(30.154801154619,17.097034592009,
    -35.43578912881));
#3372 = CARTESIAN_POINT('',(30.440771088436,17.170337202048,
    -35.42230362439));
#3373 = CARTESIAN_POINT('',(30.737731809581,17.245506979894,
    -35.36797372248));
#3374 = CARTESIAN_POINT('',(31.036680626085,17.317768441939,
    -35.26763246248));
#3375 = CARTESIAN_POINT('',(31.327995023626,17.381858771914,
    -35.11886007121));
#3376 = CARTESIAN_POINT('',(31.601608108784,17.433349987151,
    -34.92162504652));
#3377 = CARTESIAN_POINT('',(32.071946677737,17.502517423762,
    -34.45484366003));
#3378 = CARTESIAN_POINT('',(32.261087489063,17.52085804765,
    -34.20457550694));
#3379 = CARTESIAN_POINT('',(32.411569860862,17.524900223796,
    -33.93578248742));
#3380 = CARTESIAN_POINT('',(32.522318270259,17.516646135346,
    -33.65709496006));
#3381 = CARTESIAN_POINT('',(32.594148918258,17.49920956568,
    -33.37719732887));
#3382 = CARTESIAN_POINT('',(32.630226106338,17.475923504526,
    -33.10450043421));
#3383 = CARTESIAN_POINT('',(32.644110264222,17.417630211203,
    -32.52983223768));
#3384 = CARTESIAN_POINT('',(32.606867051705,17.380183351813,
    -32.22589437907));
#3385 = CARTESIAN_POINT('',(32.531049671454,17.341239392253,
    -31.9391191183));
#3386 = CARTESIAN_POINT('',(32.421385677674,17.303282335369,
    -31.67173765464));
#3387 = CARTESIAN_POINT('',(32.281372890507,17.267799467979,
    -31.4252657549));
#3388 = CARTESIAN_POINT('',(32.113510968645,17.235648323426,
    -31.20116212086));
#3389 = CARTESIAN_POINT('',(31.732304930008,17.179588611862,
    -30.80874413991));
#3390 = CARTESIAN_POINT('',(31.52131478066,17.155503853305,
    -30.63926303208));
#3391 = CARTESIAN_POINT('',(31.288217647303,17.135080190293,
    -30.49452317001));
#3392 = CARTESIAN_POINT('',(31.03436361614,17.118090351537,
    -30.37686035485));
#3393 = CARTESIAN_POINT('',(30.76116977329,17.103895439264,
    -30.28952060567));
#3394 = CARTESIAN_POINT('',(30.470694035,17.09127161569,-30.23691625361)
  );
#3395 = CARTESIAN_POINT('',(29.899375681662,17.066944558472,
    -30.21452215725));
#3396 = CARTESIAN_POINT('',(29.614543331033,17.055013108862,
    -30.23519305639));
#3397 = CARTESIAN_POINT('',(29.320402130512,17.041512226366,
    -30.29432779989));
#3398 = CARTESIAN_POINT('',(29.026291177851,17.024656830515,
    -30.39636336578));
#3399 = CARTESIAN_POINT('',(28.742061650242,17.002490342144,
    -30.54318391851));
#3400 = CARTESIAN_POINT('',(28.477571112169,16.973932781767,
    -30.73445863991));
#3401 = CARTESIAN_POINT('',(28.014420290412,16.905822366802,
    -31.19410664033));
#3402 = CARTESIAN_POINT('',(27.826140494458,16.868405303974,
    -31.44798134289));
#3403 = CARTESIAN_POINT('',(27.680130878747,16.828386617059,
    -31.72066695946));
#3404 = CARTESIAN_POINT('',(27.576766393973,16.788087776248,
    -32.00324481899));
#3405 = CARTESIAN_POINT('',(27.514226936393,16.750357396171,
    -32.28678124762));
#3406 = CARTESIAN_POINT('',(27.488318322745,16.717535314292,
    -32.56265961995));
#3407 = CARTESIAN_POINT('',(27.492252572775,16.690782414085,
    -32.82298426296));
#3408 = PCURVE('',#1280,#3409);
#3409 = DEFINITIONAL_REPRESENTATION('',(#3410),#3467);
#3410 = B_SPLINE_CURVE_WITH_KNOTS('',7,(#3411,#3412,#3413,#3414,#3415,
    #3416,#3417,#3418,#3419,#3420,#3421,#3422,#3423,#3424,#3425,#3426,
    #3427,#3428,#3429,#3430,#3431,#3432,#3433,#3434,#3435,#3436,#3437,
    #3438,#3439,#3440,#3441,#3442,#3443,#3444,#3445,#3446,#3447,#3448,
    #3449,#3450,#3451,#3452,#3453,#3454,#3455,#3456,#3457,#3458,#3459,
    #3460,#3461,#3462,#3463,#3464,#3465,#3466),.UNSPECIFIED.,.F.,.F.,(8,
    6,6,6,6,6,6,6,6,8),(0.,6.176680140607E-02,0.134501475221,
    0.265376547566,0.387455855714,0.499467126069,0.637199765808,
    0.770025829215,0.886758789069,1.),.UNSPECIFIED.);
#3411 = CARTESIAN_POINT('',(0.,5.986779476742));
#3412 = CARTESIAN_POINT('',(5.429477599628E-02,6.001442820415));
#3413 = CARTESIAN_POINT('',(0.107568300719,6.015816434187));
#3414 = CARTESIAN_POINT('',(0.159939169802,6.029650750345));
#3415 = CARTESIAN_POINT('',(0.211516231266,6.042740060963));
#3416 = CARTESIAN_POINT('',(0.262401662858,6.054916911384));
#3417 = CARTESIAN_POINT('',(0.312694049382,6.06604649369));
#3418 = CARTESIAN_POINT('',(0.421131349709,6.087766757459));
#3419 = CARTESIAN_POINT('',(0.479087060152,6.097910976613));
#3420 = CARTESIAN_POINT('',(0.536504256808,6.10627578615));
#3421 = CARTESIAN_POINT('',(0.593518359379,6.112733288904));
#3422 = CARTESIAN_POINT('',(0.65025899427,6.117200777456));
#3423 = CARTESIAN_POINT('',(0.706854447047,6.119635909529));
#3424 = CARTESIAN_POINT('',(0.865246289927,6.120744378616));
#3425 = CARTESIAN_POINT('',(0.966871392619,6.114854764851));
#3426 = CARTESIAN_POINT('',(1.069173352348,6.1023609531));
#3427 = CARTESIAN_POINT('',(1.17291046501,6.08362514285));
#3428 = CARTESIAN_POINT('',(1.278897068183,6.059392442179));
#3429 = CARTESIAN_POINT('',(1.387971693403,6.031001595887));
#3430 = CARTESIAN_POINT('',(1.60688959655,5.97223499131));
#3431 = CARTESIAN_POINT('',(1.719176047963,5.941319291255));
#3432 = CARTESIAN_POINT('',(1.836573015814,5.91015538518));
#3433 = CARTESIAN_POINT('',(1.958275921228,5.882158103837));
#3434 = CARTESIAN_POINT('',(2.083919547302,5.861134244575));
#3435 = CARTESIAN_POINT('',(2.213414880704,5.85));
#3436 = CARTESIAN_POINT('',(2.469664391171,5.85));
#3437 = CARTESIAN_POINT('',(2.5891907273,5.859373387613));
#3438 = CARTESIAN_POINT('',(2.70565298705,5.877268504489));
#3439 = CARTESIAN_POINT('',(2.818840045504,5.901547990325));
#3440 = CARTESIAN_POINT('',(2.928320185246,5.92924994743));
#3441 = CARTESIAN_POINT('',(3.033312930919,5.95753723882));
#3442 = CARTESIAN_POINT('',(3.254348401621,6.017230302634));
#3443 = CARTESIAN_POINT('',(3.371094204947,6.048860031455));
#3444 = CARTESIAN_POINT('',(3.48406081249,6.076358620411));
#3445 = CARTESIAN_POINT('',(3.594251856187,6.097956329322));
#3446 = CARTESIAN_POINT('',(3.702652775011,6.112690609198));
#3447 = CARTESIAN_POINT('',(3.810167582659,6.12007673691));
#3448 = CARTESIAN_POINT('',(4.021689472544,6.12007673691));
#3449 = CARTESIAN_POINT('',(4.125395466911,6.113207414028));
#3450 = CARTESIAN_POINT('',(4.229892099553,6.099499519501));
#3451 = CARTESIAN_POINT('',(4.335989542476,6.079374335686));
#3452 = CARTESIAN_POINT('',(4.444563736306,6.053670139443));
#3453 = CARTESIAN_POINT('',(4.556512827652,6.023897160314));
#3454 = CARTESIAN_POINT('',(4.775443271933,5.96484196954));
#3455 = CARTESIAN_POINT('',(4.884098984676,5.935205062894));
#3456 = CARTESIAN_POINT('',(4.997553448061,5.905766507295));
#3457 = CARTESIAN_POINT('',(5.115009591575,5.879651171008));
#3458 = CARTESIAN_POINT('',(5.236063958505,5.86022810059));
#3459 = CARTESIAN_POINT('',(5.360560465505,5.85));
#3460 = CARTESIAN_POINT('',(5.612893952873,5.85));
#3461 = CARTESIAN_POINT('',(5.73392005983,5.859625334085));
#3462 = CARTESIAN_POINT('',(5.851775498495,5.877974665929));
#3463 = CARTESIAN_POINT('',(5.96626198648,5.902805780865));
#3464 = CARTESIAN_POINT('',(6.076953292622,5.931035561828));
#3465 = CARTESIAN_POINT('',(6.183060444485,5.959738840789));
#3466 = CARTESIAN_POINT('',(6.28318530718,5.986779476742));
#3467 = ( GEOMETRIC_REPRESENTATION_CONTEXT(2) 
PARAMETRIC_REPRESENTATION_CONTEXT() REPRESENTATION_CONTEXT('2D SPACE',''
  ) );
#3468 = PCURVE('',#3250,#3469);
#3469 = DEFINITIONAL_REPRESENTATION('',(#3470),#3527);
#3470 = B_SPLINE_CURVE_WITH_KNOTS('',7,(#3471,#3472,#3473,#3474,#3475,
    #3476,#3477,#3478,#3479,#3480,#3481,#3482,#3483,#3484,#3485,#3486,
    #3487,#3488,#3489,#3490,#3491,#3492,#3493,#3494,#3495,#3496,#3497,
    #3498,#3499,#3500,#3501,#3502,#3503,#3504,#3505,#3506,#3507,#3508,
    #3509,#3510,#3511,#3512,#3513,#3514,#3515,#3516,#3517,#3518,#3519,
    #3520,#3521,#3522,#3523,#3524,#3525,#3526),.UNSPECIFIED.,.T.,.F.,(8,
    6,6,6,6,6,6,6,6,8),(0.,6.176680140607E-02,0.134501475221,
    0.265376547566,0.387455855714,0.499467126069,0.637199765808,
    0.770025829215,0.886758789069,1.),.UNSPECIFIED.);
#3471 = CARTESIAN_POINT('',(1.319058156974,36.178410621552));
#3472 = CARTESIAN_POINT('',(1.31115429345,36.279138949879));
#3473 = CARTESIAN_POINT('',(1.303898221828,36.384237024193));
#3474 = CARTESIAN_POINT('',(1.297278473893,36.493017639725));
#3475 = CARTESIAN_POINT('',(1.291282929514,36.604901846691));
#3476 = CARTESIAN_POINT('',(1.285899632679,36.719401869187));
#3477 = CARTESIAN_POINT('',(1.28111760752,36.83610402409));
#3478 = CARTESIAN_POINT('',(1.271993738715,37.094249643659));
#3479 = CARTESIAN_POINT('',(1.267880630745,37.23641200628));
#3480 = CARTESIAN_POINT('',(1.264574573683,37.380527535281));
#3481 = CARTESIAN_POINT('',(1.262064720293,37.526067862474));
#3482 = CARTESIAN_POINT('',(1.26034346755,37.672562610389));
#3483 = CARTESIAN_POINT('',(1.25940677135,37.81957455865));
#3484 = CARTESIAN_POINT('',(1.258980402061,38.231359520873));
#3485 = CARTESIAN_POINT('',(1.261246251238,38.49596662557));
#3486 = CARTESIAN_POINT('',(1.266038821519,38.758249628137));
#3487 = CARTESIAN_POINT('',(1.273398753838,39.015789826087));
#3488 = CARTESIAN_POINT('',(1.283405899288,39.265613185964));
#3489 = CARTESIAN_POINT('',(1.296165254519,39.503690587336));
#3490 = CARTESIAN_POINT('',(1.326361935431,39.929732836364));
#3491 = CARTESIAN_POINT('',(1.343839260614,40.125804258893));
#3492 = CARTESIAN_POINT('',(1.364181205442,40.300540103456));
#3493 = CARTESIAN_POINT('',(1.38710739203,40.443526461476));
#3494 = CARTESIAN_POINT('',(1.412163900258,40.545830351281));
#3495 = CARTESIAN_POINT('',(1.438779580489,40.6));
#3496 = CARTESIAN_POINT('',(1.491447464063,40.6));
#3497 = CARTESIAN_POINT('',(1.516014188266,40.554396547823));
#3498 = CARTESIAN_POINT('',(1.539358168465,40.467320959258));
#3499 = CARTESIAN_POINT('',(1.560978655384,40.344389954108));
#3500 = CARTESIAN_POINT('',(1.580463870119,40.192683386714));
#3501 = CARTESIAN_POINT('',(1.597534494263,40.020735857049));
#3502 = CARTESIAN_POINT('',(1.63000324058,39.614367088488));
#3503 = CARTESIAN_POINT('',(1.644660891131,39.367861816745));
#3504 = CARTESIAN_POINT('',(1.656198020772,39.106712269271));
#3505 = CARTESIAN_POINT('',(1.664747313531,38.836040642614));
#3506 = CARTESIAN_POINT('',(1.67041418788,38.559504643644));
#3507 = CARTESIAN_POINT('',(1.673255036542,38.279965185322));
#3508 = CARTESIAN_POINT('',(1.673255036542,37.730008271622));
#3509 = CARTESIAN_POINT('',(1.67061297178,37.460371989046));
#3510 = CARTESIAN_POINT('',(1.665340794921,37.193439252572));
#3511 = CARTESIAN_POINT('',(1.65739071904,36.931789410839));
#3512 = CARTESIAN_POINT('',(1.646672491478,36.678655774612));
#3513 = CARTESIAN_POINT('',(1.633070635725,36.438488438307));
#3514 = CARTESIAN_POINT('',(1.601876764824,36.024016659726));
#3515 = CARTESIAN_POINT('',(1.584580956675,35.840116702003));
#3516 = CARTESIAN_POINT('',(1.564649610449,35.677049889774));
#3517 = CARTESIAN_POINT('',(1.54236455218,35.544273689962));
#3518 = CARTESIAN_POINT('',(1.518159612156,35.449761496243));
#3519 = CARTESIAN_POINT('',(1.492571351265,35.4));
#3520 = CARTESIAN_POINT('',(1.440708342004,35.4));
#3521 = CARTESIAN_POINT('',(1.415833363736,35.446829147218));
#3522 = CARTESIAN_POINT('',(1.392227095989,35.536115334207));
#3523 = CARTESIAN_POINT('',(1.370401976342,35.66199124231));
#3524 = CARTESIAN_POINT('',(1.350777205657,35.817111066455));
#3525 = CARTESIAN_POINT('',(1.333633652232,35.992657759363));
#3526 = CARTESIAN_POINT('',(1.319058156974,36.178410621552));
#3527 = ( GEOMETRIC_REPRESENTATION_CONTEXT(2) 
PARAMETRIC_REPRESENTATION_CONTEXT() REPRESENTATION_CONTEXT('2D SPACE',''
  ) );
#3528 = ORIENTED_EDGE('',*,*,#3529,.F.);
#3529 = EDGE_CURVE('',#1159,#3348,#3530,.T.);
#3530 = SEAM_CURVE('',#3531,(#3535,#3542),.PCURVE_S1.);
#3531 = LINE('',#3532,#3533);
#3532 = CARTESIAN_POINT('',(26.621212136492,22.613857380815,
    -32.82298426296));
#3533 = VECTOR('',#3534,1.);
#3534 = DIRECTION('',(0.145493990495,-0.989359135365,6.162975822039E-33)
  );
#3535 = PCURVE('',#1280,#3536);
#3536 = DEFINITIONAL_REPRESENTATION('',(#3537),#3541);
#3537 = LINE('',#3538,#3539);
#3538 = CARTESIAN_POINT('',(6.28318530718,-0.));
#3539 = VECTOR('',#3540,1.);
#3540 = DIRECTION('',(0.,1.));
#3541 = ( GEOMETRIC_REPRESENTATION_CONTEXT(2) 
PARAMETRIC_REPRESENTATION_CONTEXT() REPRESENTATION_CONTEXT('2D SPACE',''
  ) );
#3542 = PCURVE('',#1280,#3543);
#3543 = DEFINITIONAL_REPRESENTATION('',(#3544),#3548);
#3544 = LINE('',#3545,#3546);
#3545 = CARTESIAN_POINT('',(0.,-0.));
#3546 = VECTOR('',#3547,1.);
#3547 = DIRECTION('',(0.,1.));
#3548 = ( GEOMETRIC_REPRESENTATION_CONTEXT(2) 
PARAMETRIC_REPRESENTATION_CONTEXT() REPRESENTATION_CONTEXT('2D SPACE',''
  ) );
#3549 = ORIENTED_EDGE('',*,*,#1158,.T.);
#3550 = ORIENTED_EDGE('',*,*,#3529,.T.);
#3551 = ADVANCED_FACE('',(#3552),#1469,.F.);
#3552 = FACE_BOUND('',#3553,.F.);
#3553 = EDGE_LOOP('',(#3554,#3555,#3578,#3758));
#3554 = ORIENTED_EDGE('',*,*,#1347,.F.);
#3555 = ORIENTED_EDGE('',*,*,#3556,.F.);
#3556 = EDGE_CURVE('',#3557,#1348,#3559,.T.);
#3557 = VERTEX_POINT('',#3558);
#3558 = CARTESIAN_POINT('',(31.133449348517,-8.069355660957,
    -32.82298426296));
#3559 = SEAM_CURVE('',#3560,(#3564,#3571),.PCURVE_S1.);
#3560 = LINE('',#3561,#3562);
#3561 = CARTESIAN_POINT('',(26.621212136492,22.613857380815,
    -32.82298426296));
#3562 = VECTOR('',#3563,1.);
#3563 = DIRECTION('',(0.145493990495,-0.989359135365,6.162975822039E-33)
  );
#3564 = PCURVE('',#1469,#3565);
#3565 = DEFINITIONAL_REPRESENTATION('',(#3566),#3570);
#3566 = LINE('',#3567,#3568);
#3567 = CARTESIAN_POINT('',(6.28318530718,-0.));
#3568 = VECTOR('',#3569,1.);
#3569 = DIRECTION('',(0.,1.));
#3570 = ( GEOMETRIC_REPRESENTATION_CONTEXT(2) 
PARAMETRIC_REPRESENTATION_CONTEXT() REPRESENTATION_CONTEXT('2D SPACE',''
  ) );
#3571 = PCURVE('',#1469,#3572);
#3572 = DEFINITIONAL_REPRESENTATION('',(#3573),#3577);
#3573 = LINE('',#3574,#3575);
#3574 = CARTESIAN_POINT('',(0.,-0.));
#3575 = VECTOR('',#3576,1.);
#3576 = DIRECTION('',(0.,1.));
#3577 = ( GEOMETRIC_REPRESENTATION_CONTEXT(2) 
PARAMETRIC_REPRESENTATION_CONTEXT() REPRESENTATION_CONTEXT('2D SPACE',''
  ) );
#3578 = ORIENTED_EDGE('',*,*,#3579,.T.);
#3579 = EDGE_CURVE('',#3557,#3557,#3580,.T.);
#3580 = SURFACE_CURVE('',#3581,(#3638,#3698),.PCURVE_S1.);
#3581 = B_SPLINE_CURVE_WITH_KNOTS('',7,(#3582,#3583,#3584,#3585,#3586,
    #3587,#3588,#3589,#3590,#3591,#3592,#3593,#3594,#3595,#3596,#3597,
    #3598,#3599,#3600,#3601,#3602,#3603,#3604,#3605,#3606,#3607,#3608,
    #3609,#3610,#3611,#3612,#3613,#3614,#3615,#3616,#3617,#3618,#3619,
    #3620,#3621,#3622,#3623,#3624,#3625,#3626,#3627,#3628,#3629,#3630,
    #3631,#3632,#3633,#3634,#3635,#3636,#3637),.UNSPECIFIED.,.T.,.F.,(8,
    6,6,6,6,6,6,6,6,8),(0.,6.176680522456E-02,0.134501478741,
    0.265376550549,0.387455858197,0.499467128087,0.637199767263,
    0.770025830126,0.886758789527,1.),.UNSPECIFIED.);
#3582 = CARTESIAN_POINT('',(31.133449348517,-8.069355660954,
    -32.82298426296));
#3583 = CARTESIAN_POINT('',(31.131315919989,-8.054848346966,
    -32.96415068999));
#3584 = CARTESIAN_POINT('',(31.13807148929,-8.039326676254,
    -33.10266116412));
#3585 = CARTESIAN_POINT('',(31.153153422425,-8.02312563636,
    -33.23814706344));
#3586 = CARTESIAN_POINT('',(31.176061598967,-8.006526695306,
    -33.37032304681));
#3587 = CARTESIAN_POINT('',(31.206355795927,-7.989763849799,
    -33.49896656188));
#3588 = CARTESIAN_POINT('',(31.243653071632,-7.973029673427,
    -33.62389735301));
#3589 = CARTESIAN_POINT('',(31.339405304385,-7.936994590115,
    -33.8875130175));
#3590 = CARTESIAN_POINT('',(31.400442996594,-7.917765135527,
    -34.02470662807));
#3591 = CARTESIAN_POINT('',(31.470192553516,-7.899053072085,
    -34.156248476));
#3592 = CARTESIAN_POINT('',(31.548189966197,-7.881055909136,
    -34.28187704319));
#3593 = CARTESIAN_POINT('',(31.634039631968,-7.863915420509,
    -34.401337669));
#3594 = CARTESIAN_POINT('',(31.727401096958,-7.847724470631,
    -34.51436160084));
#3595 = CARTESIAN_POINT('',(32.008944800968,-7.80520059373,
    -34.81188606765));
#3596 = CARTESIAN_POINT('',(32.213018654747,-7.78114269127,
    -34.98104152281));
#3597 = CARTESIAN_POINT('',(32.438519701564,-7.760608959195,
    -35.12662831424));
#3598 = CARTESIAN_POINT('',(32.684143800196,-7.743425087926,
    -35.24649871315));
#3599 = CARTESIAN_POINT('',(32.948559620584,-7.729033739346,
    -35.33769841198));
#3600 = CARTESIAN_POINT('',(33.229911913768,-7.716354600771,
    -35.39622868326));
#3601 = CARTESIAN_POINT('',(33.800230200811,-7.691882922093,
    -35.43578912881));
#3602 = CARTESIAN_POINT('',(34.095196231768,-7.679753772606,
    -35.42230362439));
#3603 = CARTESIAN_POINT('',(34.40122527502,-7.666248585099,
    -35.36797372248));
#3604 = CARTESIAN_POINT('',(34.708320963897,-7.649385855177,
    -35.26763246247));
#3605 = CARTESIAN_POINT('',(35.005753051796,-7.626895819646,
    -35.11886007121));
#3606 = CARTESIAN_POINT('',(35.282606068304,-7.59743613758,
    -34.92162504652));
#3607 = CARTESIAN_POINT('',(35.752944637246,-7.52826870097,
    -34.45484366004));
#3608 = CARTESIAN_POINT('',(35.939357905458,-7.491380783751,
    -34.20457550694));
#3609 = CARTESIAN_POINT('',(36.084633013317,-7.451929212884,
    -33.93578248741));
#3610 = CARTESIAN_POINT('',(36.18831638414,-7.412141039111,
    -33.65709496007));
#3611 = CARTESIAN_POINT('',(36.252086095585,-7.374763240117,
    -33.37719732889));
#3612 = CARTESIAN_POINT('',(36.279932021851,-7.342076720967,
    -33.1045004342));
#3613 = CARTESIAN_POINT('',(36.276446215617,-7.282254258286,
    -32.52983223768));
#3614 = CARTESIAN_POINT('',(36.229999132172,-7.257114795361,
    -32.22589437907));
#3615 = CARTESIAN_POINT('',(36.14617999304,-7.241646794534,
    -31.9391191183));
#3616 = CARTESIAN_POINT('',(36.03023132555,-7.236868070189,
    -31.67173765464));
#3617 = CARTESIAN_POINT('',(35.885931040031,-7.243195948782,
    -31.4252657549));
#3618 = CARTESIAN_POINT('',(35.715919843778,-7.260732027482,
    -31.20116212086));
#3619 = CARTESIAN_POINT('',(35.334713805141,-7.316791739046,
    -30.80874413991));
#3620 = CARTESIAN_POINT('',(35.12572254619,-7.354468952298,
    -30.63926303208));
#3621 = CARTESIAN_POINT('',(34.896614245383,-7.402016676663,
    -30.49452317001));
#3622 = CARTESIAN_POINT('',(34.648616400828,-7.458828584336,
    -30.37686035485));
#3623 = CARTESIAN_POINT('',(34.382902170145,-7.523884859347,
    -30.28952060567));
#3624 = CARTESIAN_POINT('',(34.101090010939,-7.595421020699,
    -30.23691625361));
#3625 = CARTESIAN_POINT('',(33.546956008278,-7.736601662898,
    -30.21452215725));
#3626 = CARTESIAN_POINT('',(33.270747641395,-7.807176201145,
    -30.2351930564));
#3627 = CARTESIAN_POINT('',(32.985172706695,-7.878927691479,
    -30.29432779986));
#3628 = CARTESIAN_POINT('',(32.698661002935,-7.947457980409,
    -30.39636336578));
#3629 = CARTESIAN_POINT('',(32.420083355393,-8.008057253076,
    -30.54318391856));
#3630 = CARTESIAN_POINT('',(32.158569071727,-8.056853342958,
    -30.73445863987));
#3631 = CARTESIAN_POINT('',(31.695418249932,-8.124963757928,
    -31.19410664033));
#3632 = CARTESIAN_POINT('',(31.504337597446,-8.143334996341,
    -31.44798134289));
#3633 = CARTESIAN_POINT('',(31.352988546709,-8.14704552508,
    -31.72066695946));
#3634 = CARTESIAN_POINT('',(31.242398505934,-8.138210585085,
    -32.00324481899));
#3635 = CARTESIAN_POINT('',(31.171644521388,-8.120082181792,
    -32.28678124762));
#3636 = CARTESIAN_POINT('',(31.137383598547,-8.096108561161,
    -32.56265961995));
#3637 = CARTESIAN_POINT('',(31.133449348517,-8.069355660954,
    -32.82298426296));
#3638 = PCURVE('',#1469,#3639);
#3639 = DEFINITIONAL_REPRESENTATION('',(#3640),#3697);
#3640 = B_SPLINE_CURVE_WITH_KNOTS('',7,(#3641,#3642,#3643,#3644,#3645,
    #3646,#3647,#3648,#3649,#3650,#3651,#3652,#3653,#3654,#3655,#3656,
    #3657,#3658,#3659,#3660,#3661,#3662,#3663,#3664,#3665,#3666,#3667,
    #3668,#3669,#3670,#3671,#3672,#3673,#3674,#3675,#3676,#3677,#3678,
    #3679,#3680,#3681,#3682,#3683,#3684,#3685,#3686,#3687,#3688,#3689,
    #3690,#3691,#3692,#3693,#3694,#3695,#3696),.UNSPECIFIED.,.F.,.F.,(8,
    6,6,6,6,6,6,6,6,8),(0.,6.176680522456E-02,0.134501478741,
    0.265376550549,0.387455858197,0.499467128087,0.637199767263,
    0.770025830126,0.886758789527,1.),.UNSPECIFIED.);
#3641 = CARTESIAN_POINT('',(0.,31.013220523258));
#3642 = CARTESIAN_POINT('',(5.429477962636E-02,30.998557178604));
#3643 = CARTESIAN_POINT('',(0.107568297268,30.984183566624));
#3644 = CARTESIAN_POINT('',(0.159939166896,30.970349250439));
#3645 = CARTESIAN_POINT('',(0.211516233915,30.95725993849));
#3646 = CARTESIAN_POINT('',(0.26240166636,30.945083087757));
#3647 = CARTESIAN_POINT('',(0.312694046099,30.933953506968));
#3648 = CARTESIAN_POINT('',(0.421131349709,30.912233242541));
#3649 = CARTESIAN_POINT('',(0.479087060152,30.902089023387));
#3650 = CARTESIAN_POINT('',(0.536504256808,30.89372421385));
#3651 = CARTESIAN_POINT('',(0.593518359379,30.887266711096));
#3652 = CARTESIAN_POINT('',(0.65025899427,30.882799222544));
#3653 = CARTESIAN_POINT('',(0.706854447047,30.880364090471));
#3654 = CARTESIAN_POINT('',(0.865246289927,30.879255621384));
#3655 = CARTESIAN_POINT('',(0.966871392619,30.885145235149));
#3656 = CARTESIAN_POINT('',(1.069173352348,30.8976390469));
#3657 = CARTESIAN_POINT('',(1.17291046501,30.91637485715));
#3658 = CARTESIAN_POINT('',(1.278897068183,30.940607557821));
#3659 = CARTESIAN_POINT('',(1.387971693403,30.968998404113));
#3660 = CARTESIAN_POINT('',(1.60688959655,31.02776500869));
#3661 = CARTESIAN_POINT('',(1.719176047963,31.058680708745));
#3662 = CARTESIAN_POINT('',(1.836573015813,31.08984461482));
#3663 = CARTESIAN_POINT('',(1.958275921229,31.117841896163));
#3664 = CARTESIAN_POINT('',(2.083919547302,31.138865755425));
#3665 = CARTESIAN_POINT('',(2.213414880705,31.15));
#3666 = CARTESIAN_POINT('',(2.469664391165,31.15));
#3667 = CARTESIAN_POINT('',(2.589190727306,31.140626612388));
#3668 = CARTESIAN_POINT('',(2.705652987054,31.122731495508));
#3669 = CARTESIAN_POINT('',(2.818840045502,31.098452009676));
#3670 = CARTESIAN_POINT('',(2.928320185239,31.070750052572));
#3671 = CARTESIAN_POINT('',(3.033312930925,31.042462761179));
#3672 = CARTESIAN_POINT('',(3.254348401621,30.982769697366));
#3673 = CARTESIAN_POINT('',(3.371094204946,30.951139968545));
#3674 = CARTESIAN_POINT('',(3.48406081249,30.92364137959));
#3675 = CARTESIAN_POINT('',(3.594251856187,30.902043670678));
#3676 = CARTESIAN_POINT('',(3.702652775012,30.887309390802));
#3677 = CARTESIAN_POINT('',(3.810167582659,30.87992326309));
#3678 = CARTESIAN_POINT('',(4.021689472544,30.87992326309));
#3679 = CARTESIAN_POINT('',(4.125395466911,30.886792585972));
#3680 = CARTESIAN_POINT('',(4.229892099553,30.900500480499));
#3681 = CARTESIAN_POINT('',(4.335989542477,30.920625664315));
#3682 = CARTESIAN_POINT('',(4.444563736306,30.946329860557));
#3683 = CARTESIAN_POINT('',(4.556512827652,30.976102839686));
#3684 = CARTESIAN_POINT('',(4.775443271954,31.035158030466));
#3685 = CARTESIAN_POINT('',(4.884098984651,31.064794937099));
#3686 = CARTESIAN_POINT('',(4.997553448052,31.094233492702));
#3687 = CARTESIAN_POINT('',(5.115009591587,31.120348829));
#3688 = CARTESIAN_POINT('',(5.236063958526,31.139771899407));
#3689 = CARTESIAN_POINT('',(5.360560465484,31.15));
#3690 = CARTESIAN_POINT('',(5.612893952873,31.15));
#3691 = CARTESIAN_POINT('',(5.733920059829,31.140374665915));
#3692 = CARTESIAN_POINT('',(5.851775498496,31.122025334071));
#3693 = CARTESIAN_POINT('',(5.966261986479,31.097194219135));
#3694 = CARTESIAN_POINT('',(6.076953292623,31.068964438172));
#3695 = CARTESIAN_POINT('',(6.183060444485,31.040261159211));
#3696 = CARTESIAN_POINT('',(6.28318530718,31.013220523258));
#3697 = ( GEOMETRIC_REPRESENTATION_CONTEXT(2) 
PARAMETRIC_REPRESENTATION_CONTEXT() REPRESENTATION_CONTEXT('2D SPACE',''
  ) );
#3698 = PCURVE('',#3250,#3699);
#3699 = DEFINITIONAL_REPRESENTATION('',(#3700),#3757);
#3700 = B_SPLINE_CURVE_WITH_KNOTS('',7,(#3701,#3702,#3703,#3704,#3705,
    #3706,#3707,#3708,#3709,#3710,#3711,#3712,#3713,#3714,#3715,#3716,
    #3717,#3718,#3719,#3720,#3721,#3722,#3723,#3724,#3725,#3726,#3727,
    #3728,#3729,#3730,#3731,#3732,#3733,#3734,#3735,#3736,#3737,#3738,
    #3739,#3740,#3741,#3742,#3743,#3744,#3745,#3746,#3747,#3748,#3749,
    #3750,#3751,#3752,#3753,#3754,#3755,#3756),.UNSPECIFIED.,.F.,.F.,(8,
    6,6,6,6,6,6,6,6,8),(0.,6.176680522456E-02,0.134501478741,
    0.265376550549,0.387455858197,0.499467128087,0.637199767263,
    0.770025830126,0.886758789527,1.),.UNSPECIFIED.);
#3701 = CARTESIAN_POINT('',(4.755026742295,36.178410621552));
#3702 = CARTESIAN_POINT('',(4.762930606347,36.279138956613));
#3703 = CARTESIAN_POINT('',(4.770186677054,36.384237016762));
#3704 = CARTESIAN_POINT('',(4.77680642496,36.493017634252));
#3705 = CARTESIAN_POINT('',(4.782801969986,36.604901852944));
#3706 = CARTESIAN_POINT('',(4.788185267014,36.719401876451));
#3707 = CARTESIAN_POINT('',(4.792967291472,36.836104016275));
#3708 = CARTESIAN_POINT('',(4.802091160553,37.094249643659));
#3709 = CARTESIAN_POINT('',(4.806204268524,37.23641200628));
#3710 = CARTESIAN_POINT('',(4.809510325585,37.380527535281));
#3711 = CARTESIAN_POINT('',(4.812020178976,37.526067862474));
#3712 = CARTESIAN_POINT('',(4.813741431718,37.672562610389));
#3713 = CARTESIAN_POINT('',(4.814678127919,37.81957455865));
#3714 = CARTESIAN_POINT('',(4.815104497208,38.231359520873));
#3715 = CARTESIAN_POINT('',(4.81283864803,38.49596662557));
#3716 = CARTESIAN_POINT('',(4.808046077749,38.758249628137));
#3717 = CARTESIAN_POINT('',(4.800686145431,39.015789826087));
#3718 = CARTESIAN_POINT('',(4.79067899998,39.265613185965));
#3719 = CARTESIAN_POINT('',(4.77791964475,39.503690587335));
#3720 = CARTESIAN_POINT('',(4.747722963838,39.929732836364));
#3721 = CARTESIAN_POINT('',(4.730245638655,40.125804258894));
#3722 = CARTESIAN_POINT('',(4.709903693827,40.300540103455));
#3723 = CARTESIAN_POINT('',(4.686977507239,40.443526461477));
#3724 = CARTESIAN_POINT('',(4.66192099901,40.545830351281));
#3725 = CARTESIAN_POINT('',(4.63530531878,40.6));
#3726 = CARTESIAN_POINT('',(4.582637435207,40.6));
#3727 = CARTESIAN_POINT('',(4.558070711001,40.554396547827));
#3728 = CARTESIAN_POINT('',(4.534726730802,40.467320959249));
#3729 = CARTESIAN_POINT('',(4.513106243885,40.344389954108));
#3730 = CARTESIAN_POINT('',(4.493621029151,40.192683386729));
#3731 = CARTESIAN_POINT('',(4.476550405005,40.020735857038));
#3732 = CARTESIAN_POINT('',(4.444081658688,39.614367088488));
#3733 = CARTESIAN_POINT('',(4.429424008138,39.367861816746));
#3734 = CARTESIAN_POINT('',(4.417886878497,39.106712269271));
#3735 = CARTESIAN_POINT('',(4.409337585738,38.836040642614));
#3736 = CARTESIAN_POINT('',(4.403670711389,38.559504643644));
#3737 = CARTESIAN_POINT('',(4.400829862727,38.279965185322));
#3738 = CARTESIAN_POINT('',(4.400829862727,37.730008271622));
#3739 = CARTESIAN_POINT('',(4.403471927489,37.460371989046));
#3740 = CARTESIAN_POINT('',(4.408744104347,37.193439252571));
#3741 = CARTESIAN_POINT('',(4.416694180228,36.931789410839));
#3742 = CARTESIAN_POINT('',(4.427412407791,36.678655774613));
#3743 = CARTESIAN_POINT('',(4.441014263544,36.438488438307));
#3744 = CARTESIAN_POINT('',(4.472208134448,36.024016659686));
#3745 = CARTESIAN_POINT('',(4.489503942591,35.84011670206));
#3746 = CARTESIAN_POINT('',(4.509435288816,35.677049889772));
#3747 = CARTESIAN_POINT('',(4.531720347091,35.544273689927));
#3748 = CARTESIAN_POINT('',(4.555925287117,35.449761496258));
#3749 = CARTESIAN_POINT('',(4.581513547999,35.4));
#3750 = CARTESIAN_POINT('',(4.633376557264,35.4));
#3751 = CARTESIAN_POINT('',(4.658251535532,35.446829147218));
#3752 = CARTESIAN_POINT('',(4.68185780328,35.536115334207));
#3753 = CARTESIAN_POINT('',(4.703682922926,35.66199124231));
#3754 = CARTESIAN_POINT('',(4.723307693611,35.817111066455));
#3755 = CARTESIAN_POINT('',(4.740451247036,35.992657759363));
#3756 = CARTESIAN_POINT('',(4.755026742295,36.178410621552));
#3757 = ( GEOMETRIC_REPRESENTATION_CONTEXT(2) 
PARAMETRIC_REPRESENTATION_CONTEXT() REPRESENTATION_CONTEXT('2D SPACE',''
  ) );
#3758 = ORIENTED_EDGE('',*,*,#3556,.T.);
#3759 = ADVANCED_FACE('',(#3760),#1679,.T.);
#3760 = FACE_BOUND('',#3761,.T.);
#3761 = EDGE_LOOP('',(#3762));
#3762 = ORIENTED_EDGE('',*,*,#1664,.T.);
#3763 = ADVANCED_FACE('',(#3764),#2033,.F.);
#3764 = FACE_BOUND('',#3765,.F.);
#3765 = EDGE_LOOP('',(#3766,#3767,#3788,#3789));
#3766 = ORIENTED_EDGE('',*,*,#2146,.F.);
#3767 = ORIENTED_EDGE('',*,*,#3768,.F.);
#3768 = EDGE_CURVE('',#1820,#2147,#3769,.T.);
#3769 = SEAM_CURVE('',#3770,(#3774,#3781),.PCURVE_S1.);
#3770 = LINE('',#3771,#3772);
#3771 = CARTESIAN_POINT('',(-7.49164855644,26.004347456994,
    -22.40008960053));
#3772 = VECTOR('',#3773,1.);
#3773 = DIRECTION('',(0.999807821657,-1.960407493445E-02,0.));
#3774 = PCURVE('',#2033,#3775);
#3775 = DEFINITIONAL_REPRESENTATION('',(#3776),#3780);
#3776 = LINE('',#3777,#3778);
#3777 = CARTESIAN_POINT('',(6.28318530718,-0.));
#3778 = VECTOR('',#3779,1.);
#3779 = DIRECTION('',(0.,1.));
#3780 = ( GEOMETRIC_REPRESENTATION_CONTEXT(2) 
PARAMETRIC_REPRESENTATION_CONTEXT() REPRESENTATION_CONTEXT('2D SPACE',''
  ) );
#3781 = PCURVE('',#2033,#3782);
#3782 = DEFINITIONAL_REPRESENTATION('',(#3783),#3787);
#3783 = LINE('',#3784,#3785);
#3784 = CARTESIAN_POINT('',(0.,-0.));
#3785 = VECTOR('',#3786,1.);
#3786 = DIRECTION('',(0.,1.));
#3787 = ( GEOMETRIC_REPRESENTATION_CONTEXT(2) 
PARAMETRIC_REPRESENTATION_CONTEXT() REPRESENTATION_CONTEXT('2D SPACE',''
  ) );
#3788 = ORIENTED_EDGE('',*,*,#1819,.T.);
#3789 = ORIENTED_EDGE('',*,*,#3768,.T.);
#3790 = ADVANCED_FACE('',(#3791,#3794),#2559,.T.);
#3791 = FACE_BOUND('',#3792,.T.);
#3792 = EDGE_LOOP('',(#3793));
#3793 = ORIENTED_EDGE('',*,*,#2544,.T.);
#3794 = FACE_BOUND('',#3795,.T.);
#3795 = EDGE_LOOP('',(#3796));
#3796 = ORIENTED_EDGE('',*,*,#3797,.F.);
#3797 = EDGE_CURVE('',#3798,#3798,#3800,.T.);
#3798 = VERTEX_POINT('',#3799);
#3799 = CARTESIAN_POINT('',(-5.684341886081E-14,62.,12.65));
#3800 = SURFACE_CURVE('',#3801,(#3806,#3813),.PCURVE_S1.);
#3801 = CIRCLE('',#3802,12.65);
#3802 = AXIS2_PLACEMENT_3D('',#3803,#3804,#3805);
#3803 = CARTESIAN_POINT('',(0.,62.,0.));
#3804 = DIRECTION('',(0.,1.,0.));
#3805 = DIRECTION('',(0.,-0.,1.));
#3806 = PCURVE('',#2559,#3807);
#3807 = DEFINITIONAL_REPRESENTATION('',(#3808),#3812);
#3808 = CIRCLE('',#3809,12.65);
#3809 = AXIS2_PLACEMENT_2D('',#3810,#3811);
#3810 = CARTESIAN_POINT('',(0.,0.));
#3811 = DIRECTION('',(1.,0.));
#3812 = ( GEOMETRIC_REPRESENTATION_CONTEXT(2) 
PARAMETRIC_REPRESENTATION_CONTEXT() REPRESENTATION_CONTEXT('2D SPACE',''
  ) );
#3813 = PCURVE('',#3814,#3819);
#3814 = CYLINDRICAL_SURFACE('',#3815,12.65);
#3815 = AXIS2_PLACEMENT_3D('',#3816,#3817,#3818);
#3816 = CARTESIAN_POINT('',(0.,8.,0.));
#3817 = DIRECTION('',(0.,1.,0.));
#3818 = DIRECTION('',(0.,-0.,1.));
#3819 = DEFINITIONAL_REPRESENTATION('',(#3820),#3824);
#3820 = LINE('',#3821,#3822);
#3821 = CARTESIAN_POINT('',(0.,54.));
#3822 = VECTOR('',#3823,1.);
#3823 = DIRECTION('',(1.,0.));
#3824 = ( GEOMETRIC_REPRESENTATION_CONTEXT(2) 
PARAMETRIC_REPRESENTATION_CONTEXT() REPRESENTATION_CONTEXT('2D SPACE',''
  ) );
#3825 = ADVANCED_FACE('',(#3826),#2879,.F.);
#3826 = FACE_BOUND('',#3827,.F.);
#3827 = EDGE_LOOP('',(#3828,#3829,#3852,#4038));
#3828 = ORIENTED_EDGE('',*,*,#2753,.F.);
#3829 = ORIENTED_EDGE('',*,*,#3830,.F.);
#3830 = EDGE_CURVE('',#3831,#2754,#3833,.T.);
#3831 = VERTEX_POINT('',#3832);
#3832 = CARTESIAN_POINT('',(12.379923263088,46.,2.6));
#3833 = SEAM_CURVE('',#3834,(#3838,#3845),.PCURVE_S1.);
#3834 = LINE('',#3835,#3836);
#3835 = CARTESIAN_POINT('',(-18.5,46.,2.6));
#3836 = VECTOR('',#3837,1.);
#3837 = DIRECTION('',(1.,0.,0.));
#3838 = PCURVE('',#2879,#3839);
#3839 = DEFINITIONAL_REPRESENTATION('',(#3840),#3844);
#3840 = LINE('',#3841,#3842);
#3841 = CARTESIAN_POINT('',(6.28318530718,-0.));
#3842 = VECTOR('',#3843,1.);
#3843 = DIRECTION('',(0.,1.));
#3844 = ( GEOMETRIC_REPRESENTATION_CONTEXT(2) 
PARAMETRIC_REPRESENTATION_CONTEXT() REPRESENTATION_CONTEXT('2D SPACE',''
  ) );
#3845 = PCURVE('',#2879,#3846);
#3846 = DEFINITIONAL_REPRESENTATION('',(#3847),#3851);
#3847 = LINE('',#3848,#3849);
#3848 = CARTESIAN_POINT('',(0.,-0.));
#3849 = VECTOR('',#3850,1.);
#3850 = DIRECTION('',(0.,1.));
#3851 = ( GEOMETRIC_REPRESENTATION_CONTEXT(2) 
PARAMETRIC_REPRESENTATION_CONTEXT() REPRESENTATION_CONTEXT('2D SPACE',''
  ) );
#3852 = ORIENTED_EDGE('',*,*,#3853,.T.);
#3853 = EDGE_CURVE('',#3831,#3831,#3854,.T.);
#3854 = SURFACE_CURVE('',#3855,(#3914,#3976),.PCURVE_S1.);
#3855 = B_SPLINE_CURVE_WITH_KNOTS('',8,(#3856,#3857,#3858,#3859,#3860,
    #3861,#3862,#3863,#3864,#3865,#3866,#3867,#3868,#3869,#3870,#3871,
    #3872,#3873,#3874,#3875,#3876,#3877,#3878,#3879,#3880,#3881,#3882,
    #3883,#3884,#3885,#3886,#3887,#3888,#3889,#3890,#3891,#3892,#3893,
    #3894,#3895,#3896,#3897,#3898,#3899,#3900,#3901,#3902,#3903,#3904,
    #3905,#3906,#3907,#3908,#3909,#3910,#3911,#3912,#3913),
  .UNSPECIFIED.,.T.,.F.,(9,7,7,7,7,7,7,7,9),(0.,0.181562520121,
    0.336007598707,0.443054013782,0.559818215634,0.681197349771,
    0.779909107816,0.878620865864,1.),.UNSPECIFIED.);
#3856 = CARTESIAN_POINT('',(12.37992326309,46.,2.6));
#3857 = CARTESIAN_POINT('',(12.37992326309,45.737802493543,2.6));
#3858 = CARTESIAN_POINT('',(12.386269535601,45.476039810268,
    2.569781044845));
#3859 = CARTESIAN_POINT('',(12.39892624073,45.216651046093,
    2.509520280609));
#3860 = CARTESIAN_POINT('',(12.417573438092,44.961720317093,
    2.418672000507));
#3861 = CARTESIAN_POINT('',(12.441585463735,44.713869525976,
    2.296184212811));
#3862 = CARTESIAN_POINT('',(12.469895807957,44.476528654957,
    2.140626281622));
#3863 = CARTESIAN_POINT('',(12.500825963358,44.254329911669,
    1.950389057063));
#3864 = CARTESIAN_POINT('',(12.558436048522,43.883353770234,
    1.531643556923));
#3865 = CARTESIAN_POINT('',(12.586078149981,43.72201661638,
    1.305701967142));
#3866 = CARTESIAN_POINT('',(12.612478865368,43.582062862118,
    1.04874579765));
#3867 = CARTESIAN_POINT('',(12.634655115727,43.472993646833,
    0.765792489984));
#3868 = CARTESIAN_POINT('',(12.649695653966,43.40166835458,
    0.463979459998));
#3869 = CARTESIAN_POINT('',(12.655807376931,43.372307456026,
    0.151685603602));
#3870 = CARTESIAN_POINT('',(12.652680006814,43.386412833493,
    -0.162123815435));
#3871 = CARTESIAN_POINT('',(12.633438542427,43.481523610707,
    -0.68112652941));
#3872 = CARTESIAN_POINT('',(12.621612930409,43.540628378792,
    -0.889875671063));
#3873 = CARTESIAN_POINT('',(12.60616049312,43.619486804591,
    -1.092678225661));
#3874 = CARTESIAN_POINT('',(12.587630569292,43.717391996798,
    -1.287373588999));
#3875 = CARTESIAN_POINT('',(12.566769909579,43.833359797121,
    -1.471900849721));
#3876 = CARTESIAN_POINT('',(12.544471293767,43.966140923439,
    -1.644333205239));
#3877 = CARTESIAN_POINT('',(12.521700757227,44.11423137342,
    -1.802918794169));
#3878 = CARTESIAN_POINT('',(12.475081920703,44.452205535837,
    -2.10233777452));
#3879 = CARTESIAN_POINT('',(12.451307246754,44.644782751718,
    -2.240358562156));
#3880 = CARTESIAN_POINT('',(12.429313100234,44.851344643674,
    -2.358132866046));
#3881 = CARTESIAN_POINT('',(12.410300359207,45.069357965067,
    -2.454020244535));
#3882 = CARTESIAN_POINT('',(12.395299616036,45.296099924723,
    -2.526784723519));
#3883 = CARTESIAN_POINT('',(12.385049958505,45.528729987093,
    -2.575589371743));
#3884 = CARTESIAN_POINT('',(12.37992326309,45.764344401635,-2.6));
#3885 = CARTESIAN_POINT('',(12.37992326309,46.244969537156,-2.6));
#3886 = CARTESIAN_POINT('',(12.385462858874,46.489619779064,
    -2.573622850186));
#3887 = CARTESIAN_POINT('',(12.396518315724,46.732339643,-2.520983458048
    ));
#3888 = CARTESIAN_POINT('',(12.412842525134,46.971376455942,
    -2.44168896606));
#3889 = CARTESIAN_POINT('',(12.433953350448,47.204643349574,
    -2.334945806424));
#3890 = CARTESIAN_POINT('',(12.459047400751,47.429488134681,
    -2.199660307027));
#3891 = CARTESIAN_POINT('',(12.486884754291,47.642380906312,
    -2.034574355858));
#3892 = CARTESIAN_POINT('',(12.539116185128,47.997953578799,
    -1.679001683371));
#3893 = CARTESIAN_POINT('',(12.563678229723,48.149696504301,
    -1.495640084727));
#3894 = CARTESIAN_POINT('',(12.588063775761,48.287499991338,
    -1.288989819495));
#3895 = CARTESIAN_POINT('',(12.610591752592,48.405855456681,
    -1.060826720236));
#3896 = CARTESIAN_POINT('',(12.629442164339,48.499974304967,
    -0.813923354609));
#3897 = CARTESIAN_POINT('',(12.642969959291,48.565797410869,
    -0.551873555789));
#3898 = CARTESIAN_POINT('',(12.65,48.6,-0.27894734566));
#3899 = CARTESIAN_POINT('',(12.65,48.6,0.278947345666));
#3900 = CARTESIAN_POINT('',(12.64296995929,48.565797410867,
    0.551873555786));
#3901 = CARTESIAN_POINT('',(12.629442164339,48.49997430497,
    0.813923354602));
#3902 = CARTESIAN_POINT('',(12.610591752593,48.405855456683,
    1.060826720236));
#3903 = CARTESIAN_POINT('',(12.588063775761,48.287499991335,
    1.288989819501));
#3904 = CARTESIAN_POINT('',(12.563678229722,48.149696504297,
    1.495640084729));
#3905 = CARTESIAN_POINT('',(12.539116185128,47.997953578803,
    1.679001683367));
#3906 = CARTESIAN_POINT('',(12.486884754291,47.642380906313,
    2.034574355857));
#3907 = CARTESIAN_POINT('',(12.45904740075,47.42948813468,2.199660307027
    ));
#3908 = CARTESIAN_POINT('',(12.433953350448,47.204643349574,
    2.334945806424));
#3909 = CARTESIAN_POINT('',(12.412842525134,46.971376455943,
    2.44168896606));
#3910 = CARTESIAN_POINT('',(12.396518315724,46.732339643,2.520983458048)
  );
#3911 = CARTESIAN_POINT('',(12.385462858874,46.489619779064,
    2.573622850186));
#3912 = CARTESIAN_POINT('',(12.37992326309,46.244969537156,2.6));
#3913 = CARTESIAN_POINT('',(12.37992326309,46.,2.6));
#3914 = PCURVE('',#2879,#3915);
#3915 = DEFINITIONAL_REPRESENTATION('',(#3916),#3975);
#3916 = B_SPLINE_CURVE_WITH_KNOTS('',8,(#3917,#3918,#3919,#3920,#3921,
    #3922,#3923,#3924,#3925,#3926,#3927,#3928,#3929,#3930,#3931,#3932,
    #3933,#3934,#3935,#3936,#3937,#3938,#3939,#3940,#3941,#3942,#3943,
    #3944,#3945,#3946,#3947,#3948,#3949,#3950,#3951,#3952,#3953,#3954,
    #3955,#3956,#3957,#3958,#3959,#3960,#3961,#3962,#3963,#3964,#3965,
    #3966,#3967,#3968,#3969,#3970,#3971,#3972,#3973,#3974),
  .UNSPECIFIED.,.F.,.F.,(9,7,7,7,7,7,7,7,9),(0.,0.181562520121,
    0.336007598707,0.443054013782,0.559818215634,0.681197349771,
    0.779909107816,0.878620865864,1.),.UNSPECIFIED.);
#3917 = CARTESIAN_POINT('',(0.,30.87992326309));
#3918 = CARTESIAN_POINT('',(0.100845194791,30.87992326309));
#3919 = CARTESIAN_POINT('',(0.201522833764,30.886269535601));
#3920 = CARTESIAN_POINT('',(0.30285167575,30.89892624073));
#3921 = CARTESIAN_POINT('',(0.405567024267,30.917573438092));
#3922 = CARTESIAN_POINT('',(0.510398788922,30.941585463735));
#3923 = CARTESIAN_POINT('',(0.618107702368,30.969895807957));
#3924 = CARTESIAN_POINT('',(0.729546567143,31.000825963358));
#3925 = CARTESIAN_POINT('',(0.944715102779,31.058436048522));
#3926 = CARTESIAN_POINT('',(1.050909866299,31.086078149981));
#3927 = CARTESIAN_POINT('',(1.162052672393,31.112478865367));
#3928 = CARTESIAN_POINT('',(1.276668783259,31.134655115727));
#3929 = CARTESIAN_POINT('',(1.393748839719,31.149695653966));
#3930 = CARTESIAN_POINT('',(1.512481941087,31.155807376931));
#3931 = CARTESIAN_POINT('',(1.632178964011,31.152680006814));
#3932 = CARTESIAN_POINT('',(1.835119578614,31.133438542427));
#3933 = CARTESIAN_POINT('',(1.918190103657,31.121612930409));
#3934 = CARTESIAN_POINT('',(2.001254703882,31.10616049312));
#3935 = CARTESIAN_POINT('',(2.08431896408,31.087630569292));
#3936 = CARTESIAN_POINT('',(2.167389038123,31.066769909579));
#3937 = CARTESIAN_POINT('',(2.250467288562,31.044471293767));
#3938 = CARTESIAN_POINT('',(2.333547509616,31.021700757227));
#3939 = CARTESIAN_POINT('',(2.507212433982,30.975081920703));
#3940 = CARTESIAN_POINT('',(2.597855080373,30.951307246754));
#3941 = CARTESIAN_POINT('',(2.688493197039,30.929313100234));
#3942 = CARTESIAN_POINT('',(2.779116726457,30.910300359207));
#3943 = CARTESIAN_POINT('',(2.869727287535,30.895299616036));
#3944 = CARTESIAN_POINT('',(2.960334935654,30.885049958505));
#3945 = CARTESIAN_POINT('',(3.050955884988,30.87992326309));
#3946 = CARTESIAN_POINT('',(3.235811706342,30.87992326309));
#3947 = CARTESIAN_POINT('',(3.329907676757,30.885462858874));
#3948 = CARTESIAN_POINT('',(3.424536952934,30.896518315724));
#3949 = CARTESIAN_POINT('',(3.520282819342,30.912842525134));
#3950 = CARTESIAN_POINT('',(3.617740819019,30.933953350448));
#3951 = CARTESIAN_POINT('',(3.717531399566,30.959047400751));
#3952 = CARTESIAN_POINT('',(3.820328260175,30.986884754291));
#3953 = CARTESIAN_POINT('',(4.013734297037,31.039116185128));
#3954 = CARTESIAN_POINT('',(4.104870782018,31.063678229723));
#3955 = CARTESIAN_POINT('',(4.199544055775,31.088063775761));
#3956 = CARTESIAN_POINT('',(4.297192637403,31.110591752592));
#3957 = CARTESIAN_POINT('',(4.397459514034,31.129442164339));
#3958 = CARTESIAN_POINT('',(4.500130010411,31.142969959291));
#3959 = CARTESIAN_POINT('',(4.605101539746,31.15));
#3960 = CARTESIAN_POINT('',(4.819676421026,31.15));
#3961 = CARTESIAN_POINT('',(4.924647950357,31.14296995929));
#3962 = CARTESIAN_POINT('',(5.027318446733,31.129442164339));
#3963 = CARTESIAN_POINT('',(5.127585323366,31.110591752593));
#3964 = CARTESIAN_POINT('',(5.225233904996,31.088063775761));
#3965 = CARTESIAN_POINT('',(5.319907178753,31.063678229722));
#3966 = CARTESIAN_POINT('',(5.41104366373,31.039116185128));
#3967 = CARTESIAN_POINT('',(5.604449700594,30.986884754291));
#3968 = CARTESIAN_POINT('',(5.707246561204,30.95904740075));
#3969 = CARTESIAN_POINT('',(5.80703714175,30.933953350448));
#3970 = CARTESIAN_POINT('',(5.904495141427,30.912842525134));
#3971 = CARTESIAN_POINT('',(6.000241007835,30.896518315724));
#3972 = CARTESIAN_POINT('',(6.094870284012,30.885462858874));
#3973 = CARTESIAN_POINT('',(6.188966254427,30.87992326309));
#3974 = CARTESIAN_POINT('',(6.28318530718,30.87992326309));
#3975 = ( GEOMETRIC_REPRESENTATION_CONTEXT(2) 
PARAMETRIC_REPRESENTATION_CONTEXT() REPRESENTATION_CONTEXT('2D SPACE',''
  ) );
#3976 = PCURVE('',#3814,#3977);
#3977 = DEFINITIONAL_REPRESENTATION('',(#3978),#4037);
#3978 = B_SPLINE_CURVE_WITH_KNOTS('',8,(#3979,#3980,#3981,#3982,#3983,
    #3984,#3985,#3986,#3987,#3988,#3989,#3990,#3991,#3992,#3993,#3994,
    #3995,#3996,#3997,#3998,#3999,#4000,#4001,#4002,#4003,#4004,#4005,
    #4006,#4007,#4008,#4009,#4010,#4011,#4012,#4013,#4014,#4015,#4016,
    #4017,#4018,#4019,#4020,#4021,#4022,#4023,#4024,#4025,#4026,#4027,
    #4028,#4029,#4030,#4031,#4032,#4033,#4034,#4035,#4036),
  .UNSPECIFIED.,.T.,.F.,(9,7,7,7,7,7,7,7,9),(0.,0.181562520121,
    0.336007598707,0.443054013782,0.559818215634,0.681197349771,
    0.779909107816,0.878620865864,1.),.UNSPECIFIED.);
#3979 = CARTESIAN_POINT('',(1.363787413092,38.));
#3980 = CARTESIAN_POINT('',(1.363787413092,37.737802493543));
#3981 = CARTESIAN_POINT('',(1.366228372894,37.476039810267));
#3982 = CARTESIAN_POINT('',(1.371096014056,37.216651046093));
#3983 = CARTESIAN_POINT('',(1.378427321687,36.961720317093));
#3984 = CARTESIAN_POINT('',(1.388293608763,36.713869525976));
#3985 = CARTESIAN_POINT('',(1.400789922645,36.476528654957));
#3986 = CARTESIAN_POINT('',(1.416021353899,36.254329911669));
#3987 = CARTESIAN_POINT('',(1.449435571899,35.883353770234));
#3988 = CARTESIAN_POINT('',(1.467427714235,35.72201661638));
#3989 = CARTESIAN_POINT('',(1.487840895531,35.582062862119));
#3990 = CARTESIAN_POINT('',(1.510263412012,35.472993646833));
#3991 = CARTESIAN_POINT('',(1.53413089651,35.401668354581));
#3992 = CARTESIAN_POINT('',(1.558805081504,35.372307456026));
#3993 = CARTESIAN_POINT('',(1.583604271642,35.386412833493));
#3994 = CARTESIAN_POINT('',(1.624660340396,35.481523610707));
#3995 = CARTESIAN_POINT('',(1.641185562303,35.540628378792));
#3996 = CARTESIAN_POINT('',(1.657258844014,35.619486804591));
#3997 = CARTESIAN_POINT('',(1.672714193143,35.717391996798));
#3998 = CARTESIAN_POINT('',(1.687390270311,35.833359797121));
#3999 = CARTESIAN_POINT('',(1.701132475992,35.966140923439));
#4000 = CARTESIAN_POINT('',(1.713796574212,36.11423137342));
#4001 = CARTESIAN_POINT('',(1.737751235898,36.452205535837));
#4002 = CARTESIAN_POINT('',(1.748821215525,36.644782751718));
#4003 = CARTESIAN_POINT('',(1.758291063979,36.851344643674));
#4004 = CARTESIAN_POINT('',(1.766018142445,37.069357965067));
#4005 = CARTESIAN_POINT('',(1.771891217741,37.296099924723));
#4006 = CARTESIAN_POINT('',(1.775833446,37.528729987092));
#4007 = CARTESIAN_POINT('',(1.777805240497,37.764344401635));
#4008 = CARTESIAN_POINT('',(1.777805240497,38.244969537156));
#4009 = CARTESIAN_POINT('',(1.775674604001,38.489619779064));
#4010 = CARTESIAN_POINT('',(1.771422595367,38.732339643));
#4011 = CARTESIAN_POINT('',(1.765022871107,38.971376455942));
#4012 = CARTESIAN_POINT('',(1.756421801112,39.204643349574));
#4013 = CARTESIAN_POINT('',(1.745546682449,39.429488134681));
#4014 = CARTESIAN_POINT('',(1.732315148646,39.642380906312));
#4015 = CARTESIAN_POINT('',(1.703904995619,39.997953578799));
#4016 = CARTESIAN_POINT('',(1.68928173011,40.149696504301));
#4017 = CARTESIAN_POINT('',(1.672835814865,40.287499991338));
#4018 = CARTESIAN_POINT('',(1.65471861588,40.405855456681));
#4019 = CARTESIAN_POINT('',(1.635154379847,40.499974304967));
#4020 = CARTESIAN_POINT('',(1.614422711171,40.565797410869));
#4021 = CARTESIAN_POINT('',(1.592847500365,40.6));
#4022 = CARTESIAN_POINT('',(1.548745153224,40.6));
#4023 = CARTESIAN_POINT('',(1.527169942419,40.565797410867));
#4024 = CARTESIAN_POINT('',(1.506438273744,40.49997430497));
#4025 = CARTESIAN_POINT('',(1.48687403771,40.405855456683));
#4026 = CARTESIAN_POINT('',(1.468756838725,40.287499991335));
#4027 = CARTESIAN_POINT('',(1.45231092348,40.149696504298));
#4028 = CARTESIAN_POINT('',(1.437687657972,39.997953578803));
#4029 = CARTESIAN_POINT('',(1.409277504944,39.642380906313));
#4030 = CARTESIAN_POINT('',(1.396045971141,39.42948813468));
#4031 = CARTESIAN_POINT('',(1.385170852478,39.204643349574));
#4032 = CARTESIAN_POINT('',(1.376569782483,38.971376455942));
#4033 = CARTESIAN_POINT('',(1.370170058223,38.732339643));
#4034 = CARTESIAN_POINT('',(1.365918049589,38.489619779064));
#4035 = CARTESIAN_POINT('',(1.363787413092,38.244969537156));
#4036 = CARTESIAN_POINT('',(1.363787413092,38.));
#4037 = ( GEOMETRIC_REPRESENTATION_CONTEXT(2) 
PARAMETRIC_REPRESENTATION_CONTEXT() REPRESENTATION_CONTEXT('2D SPACE',''
  ) );
#4038 = ORIENTED_EDGE('',*,*,#3830,.T.);
#4039 = ADVANCED_FACE('',(#4040),#3074,.F.);
#4040 = FACE_BOUND('',#4041,.F.);
#4041 = EDGE_LOOP('',(#4042,#4230,#4251,#4252));
#4042 = ORIENTED_EDGE('',*,*,#4043,.F.);
#4043 = EDGE_CURVE('',#4044,#4044,#4046,.T.);
#4044 = VERTEX_POINT('',#4045);
#4045 = CARTESIAN_POINT('',(-12.37992326308,46.,2.6));
#4046 = SURFACE_CURVE('',#4047,(#4106,#4168),.PCURVE_S1.);
#4047 = B_SPLINE_CURVE_WITH_KNOTS('',8,(#4048,#4049,#4050,#4051,#4052,
    #4053,#4054,#4055,#4056,#4057,#4058,#4059,#4060,#4061,#4062,#4063,
    #4064,#4065,#4066,#4067,#4068,#4069,#4070,#4071,#4072,#4073,#4074,
    #4075,#4076,#4077,#4078,#4079,#4080,#4081,#4082,#4083,#4084,#4085,
    #4086,#4087,#4088,#4089,#4090,#4091,#4092,#4093,#4094,#4095,#4096,
    #4097,#4098,#4099,#4100,#4101,#4102,#4103,#4104,#4105),
  .UNSPECIFIED.,.T.,.F.,(9,7,7,7,7,7,7,7,9),(0.,0.189050645472,
    0.349865453381,0.461326749753,0.582906620495,0.718180041392,
    0.833249572851,0.913004660807,1.),.UNSPECIFIED.);
#4048 = CARTESIAN_POINT('',(-12.37992326309,46.,2.6));
#4049 = CARTESIAN_POINT('',(-12.37992326309,45.737802493543,2.6));
#4050 = CARTESIAN_POINT('',(-12.3862695356,45.476039810267,
    2.569781044845));
#4051 = CARTESIAN_POINT('',(-12.39892624073,45.216651046093,
    2.509520280609));
#4052 = CARTESIAN_POINT('',(-12.41757343809,44.961720317093,
    2.418672000507));
#4053 = CARTESIAN_POINT('',(-12.44158546373,44.713869525976,
    2.29618421281));
#4054 = CARTESIAN_POINT('',(-12.46989580795,44.476528654957,
    2.140626281622));
#4055 = CARTESIAN_POINT('',(-12.50082596335,44.254329911669,
    1.950389057063));
#4056 = CARTESIAN_POINT('',(-12.55843604852,43.883353770234,
    1.531643556924));
#4057 = CARTESIAN_POINT('',(-12.58607814998,43.722016616379,
    1.30570196714));
#4058 = CARTESIAN_POINT('',(-12.61247886536,43.582062862119,
    1.048745797654));
#4059 = CARTESIAN_POINT('',(-12.63465511572,43.472993646833,
    0.765792489977));
#4060 = CARTESIAN_POINT('',(-12.64969565396,43.40166835458,
    0.463979460004));
#4061 = CARTESIAN_POINT('',(-12.65580737693,43.372307456026,
    0.151685603598));
#4062 = CARTESIAN_POINT('',(-12.65268000681,43.386412833492,
    -0.162123815434));
#4063 = CARTESIAN_POINT('',(-12.63343854242,43.481523610707,
    -0.68112652941));
#4064 = CARTESIAN_POINT('',(-12.6216129304,43.540628378792,
    -0.889875671063));
#4065 = CARTESIAN_POINT('',(-12.60616049312,43.619486804591,
    -1.092678225661));
#4066 = CARTESIAN_POINT('',(-12.58763056929,43.717391996798,
    -1.287373588999));
#4067 = CARTESIAN_POINT('',(-12.56676990957,43.833359797121,
    -1.471900849721));
#4068 = CARTESIAN_POINT('',(-12.54447129376,43.966140923439,
    -1.644333205239));
#4069 = CARTESIAN_POINT('',(-12.52170075722,44.11423137342,
    -1.802918794169));
#4070 = CARTESIAN_POINT('',(-12.4750819207,44.452205535837,
    -2.10233777452));
#4071 = CARTESIAN_POINT('',(-12.45130724675,44.644782751719,
    -2.240358562156));
#4072 = CARTESIAN_POINT('',(-12.42931310023,44.851344643674,
    -2.358132866046));
#4073 = CARTESIAN_POINT('',(-12.4103003592,45.069357965067,
    -2.454020244535));
#4074 = CARTESIAN_POINT('',(-12.39529961603,45.296099924723,
    -2.526784723519));
#4075 = CARTESIAN_POINT('',(-12.3850499585,45.528729987092,
    -2.575589371743));
#4076 = CARTESIAN_POINT('',(-12.37992326309,45.764344401635,-2.6));
#4077 = CARTESIAN_POINT('',(-12.37992326309,46.262197506457,-2.6));
#4078 = CARTESIAN_POINT('',(-12.3862695356,46.523960189732,
    -2.569781044845));
#4079 = CARTESIAN_POINT('',(-12.39892624073,46.783348953908,
    -2.509520280609));
#4080 = CARTESIAN_POINT('',(-12.41757343809,47.038279682907,
    -2.418672000507));
#4081 = CARTESIAN_POINT('',(-12.44158546373,47.286130474024,
    -2.29618421281));
#4082 = CARTESIAN_POINT('',(-12.46989580795,47.523471345044,
    -2.140626281621));
#4083 = CARTESIAN_POINT('',(-12.50082596335,47.745670088331,
    -1.950389057064));
#4084 = CARTESIAN_POINT('',(-12.55843604852,48.116646229766,
    -1.531643556924));
#4085 = CARTESIAN_POINT('',(-12.58607814998,48.277983383621,
    -1.305701967141));
#4086 = CARTESIAN_POINT('',(-12.61247886536,48.417937137879,
    -1.048745797652));
#4087 = CARTESIAN_POINT('',(-12.63465511572,48.527006353169,
    -0.765792489981));
#4088 = CARTESIAN_POINT('',(-12.64969565396,48.598331645418,-0.46397946)
  );
#4089 = CARTESIAN_POINT('',(-12.65580737693,48.627692543974,
    -0.1516856036));
#4090 = CARTESIAN_POINT('',(-12.65268000681,48.613587166507,
    0.162123815435));
#4091 = CARTESIAN_POINT('',(-12.63343854242,48.518476389293,
    0.681126529409));
#4092 = CARTESIAN_POINT('',(-12.6216129304,48.459371621208,
    0.889875671063));
#4093 = CARTESIAN_POINT('',(-12.60616049312,48.380513195409,
    1.092678225661));
#4094 = CARTESIAN_POINT('',(-12.58763056929,48.282608003202,
    1.287373588999));
#4095 = CARTESIAN_POINT('',(-12.56676990957,48.166640202879,
    1.47190084972));
#4096 = CARTESIAN_POINT('',(-12.54447129376,48.03385907656,
    1.644333205239));
#4097 = CARTESIAN_POINT('',(-12.52170075722,47.88576862658,
    1.802918794169));
#4098 = CARTESIAN_POINT('',(-12.4750819207,47.547794464163,2.10233777452
    ));
#4099 = CARTESIAN_POINT('',(-12.45130724675,47.355217248282,
    2.240358562156));
#4100 = CARTESIAN_POINT('',(-12.42931310023,47.148655356326,
    2.358132866046));
#4101 = CARTESIAN_POINT('',(-12.4103003592,46.930642034933,
    2.454020244535));
#4102 = CARTESIAN_POINT('',(-12.39529961603,46.703900075277,
    2.526784723519));
#4103 = CARTESIAN_POINT('',(-12.3850499585,46.471270012908,
    2.575589371743));
#4104 = CARTESIAN_POINT('',(-12.37992326309,46.235655598365,2.6));
#4105 = CARTESIAN_POINT('',(-12.37992326309,46.,2.6));
#4106 = PCURVE('',#3074,#4107);
#4107 = DEFINITIONAL_REPRESENTATION('',(#4108),#4167);
#4108 = B_SPLINE_CURVE_WITH_KNOTS('',8,(#4109,#4110,#4111,#4112,#4113,
    #4114,#4115,#4116,#4117,#4118,#4119,#4120,#4121,#4122,#4123,#4124,
    #4125,#4126,#4127,#4128,#4129,#4130,#4131,#4132,#4133,#4134,#4135,
    #4136,#4137,#4138,#4139,#4140,#4141,#4142,#4143,#4144,#4145,#4146,
    #4147,#4148,#4149,#4150,#4151,#4152,#4153,#4154,#4155,#4156,#4157,
    #4158,#4159,#4160,#4161,#4162,#4163,#4164,#4165,#4166),
  .UNSPECIFIED.,.F.,.F.,(9,7,7,7,7,7,7,7,9),(0.,0.189050645472,
    0.349865453381,0.461326749753,0.582906620495,0.718180041392,
    0.833249572851,0.913004660807,1.),.UNSPECIFIED.);
#4109 = CARTESIAN_POINT('',(0.,6.12007673691));
#4110 = CARTESIAN_POINT('',(0.100845194791,6.12007673691));
#4111 = CARTESIAN_POINT('',(0.201522833764,6.113730464399));
#4112 = CARTESIAN_POINT('',(0.30285167575,6.10107375927));
#4113 = CARTESIAN_POINT('',(0.405567024267,6.082426561908));
#4114 = CARTESIAN_POINT('',(0.510398788922,6.058414536265));
#4115 = CARTESIAN_POINT('',(0.618107702368,6.030104192043));
#4116 = CARTESIAN_POINT('',(0.729546567143,5.999174036642));
#4117 = CARTESIAN_POINT('',(0.944715102779,5.941563951478));
#4118 = CARTESIAN_POINT('',(1.050909866299,5.913921850019));
#4119 = CARTESIAN_POINT('',(1.162052672392,5.887521134633));
#4120 = CARTESIAN_POINT('',(1.27666878326,5.865344884273));
#4121 = CARTESIAN_POINT('',(1.393748839717,5.850304346034));
#4122 = CARTESIAN_POINT('',(1.512481941088,5.844192623069));
#4123 = CARTESIAN_POINT('',(1.632178964011,5.847319993186));
#4124 = CARTESIAN_POINT('',(1.835119578614,5.866561457573));
#4125 = CARTESIAN_POINT('',(1.918190103657,5.878387069591));
#4126 = CARTESIAN_POINT('',(2.001254703882,5.89383950688));
#4127 = CARTESIAN_POINT('',(2.08431896408,5.912369430708));
#4128 = CARTESIAN_POINT('',(2.167389038123,5.933230090421));
#4129 = CARTESIAN_POINT('',(2.250467288562,5.955528706233));
#4130 = CARTESIAN_POINT('',(2.333547509616,5.978299242773));
#4131 = CARTESIAN_POINT('',(2.507212433982,6.024918079297));
#4132 = CARTESIAN_POINT('',(2.597855080373,6.048692753246));
#4133 = CARTESIAN_POINT('',(2.688493197039,6.070686899766));
#4134 = CARTESIAN_POINT('',(2.779116726457,6.089699640793));
#4135 = CARTESIAN_POINT('',(2.869727287535,6.104700383964));
#4136 = CARTESIAN_POINT('',(2.960334935654,6.114950041495));
#4137 = CARTESIAN_POINT('',(3.050955884988,6.12007673691));
#4138 = CARTESIAN_POINT('',(3.242437848381,6.12007673691));
#4139 = CARTESIAN_POINT('',(3.343115487354,6.113730464399));
#4140 = CARTESIAN_POINT('',(3.44444432934,6.10107375927));
#4141 = CARTESIAN_POINT('',(3.547159677857,6.082426561908));
#4142 = CARTESIAN_POINT('',(3.651991442512,6.058414536265));
#4143 = CARTESIAN_POINT('',(3.759700355958,6.030104192043));
#4144 = CARTESIAN_POINT('',(3.871139220732,5.999174036642));
#4145 = CARTESIAN_POINT('',(4.086307756369,5.941563951478));
#4146 = CARTESIAN_POINT('',(4.192502519889,5.913921850019));
#4147 = CARTESIAN_POINT('',(4.303645325983,5.887521134633));
#4148 = CARTESIAN_POINT('',(4.418261436849,5.865344884272));
#4149 = CARTESIAN_POINT('',(4.535341493308,5.850304346034));
#4150 = CARTESIAN_POINT('',(4.654074594677,5.844192623069));
#4151 = CARTESIAN_POINT('',(4.773771617601,5.847319993186));
#4152 = CARTESIAN_POINT('',(4.976712232204,5.866561457573));
#4153 = CARTESIAN_POINT('',(5.059782757247,5.878387069591));
#4154 = CARTESIAN_POINT('',(5.142847357472,5.89383950688));
#4155 = CARTESIAN_POINT('',(5.22591161767,5.912369430708));
#4156 = CARTESIAN_POINT('',(5.308981691713,5.933230090421));
#4157 = CARTESIAN_POINT('',(5.392059942152,5.955528706233));
#4158 = CARTESIAN_POINT('',(5.475140163206,5.978299242773));
#4159 = CARTESIAN_POINT('',(5.648805087572,6.024918079297));
#4160 = CARTESIAN_POINT('',(5.739447733963,6.048692753246));
#4161 = CARTESIAN_POINT('',(5.830085850628,6.070686899766));
#4162 = CARTESIAN_POINT('',(5.920709380047,6.089699640793));
#4163 = CARTESIAN_POINT('',(6.011319941125,6.104700383964));
#4164 = CARTESIAN_POINT('',(6.101927589243,6.114950041495));
#4165 = CARTESIAN_POINT('',(6.192548538578,6.12007673691));
#4166 = CARTESIAN_POINT('',(6.28318530718,6.12007673691));
#4167 = ( GEOMETRIC_REPRESENTATION_CONTEXT(2) 
PARAMETRIC_REPRESENTATION_CONTEXT() REPRESENTATION_CONTEXT('2D SPACE',''
  ) );
#4168 = PCURVE('',#3814,#4169);
#4169 = DEFINITIONAL_REPRESENTATION('',(#4170),#4229);
#4170 = B_SPLINE_CURVE_WITH_KNOTS('',8,(#4171,#4172,#4173,#4174,#4175,
    #4176,#4177,#4178,#4179,#4180,#4181,#4182,#4183,#4184,#4185,#4186,
    #4187,#4188,#4189,#4190,#4191,#4192,#4193,#4194,#4195,#4196,#4197,
    #4198,#4199,#4200,#4201,#4202,#4203,#4204,#4205,#4206,#4207,#4208,
    #4209,#4210,#4211,#4212,#4213,#4214,#4215,#4216,#4217,#4218,#4219,
    #4220,#4221,#4222,#4223,#4224,#4225,#4226,#4227,#4228),
  .UNSPECIFIED.,.T.,.F.,(9,7,7,7,7,7,7,7,9),(0.,0.189050645472,
    0.349865453381,0.461326749753,0.582906620495,0.718180041392,
    0.833249572851,0.913004660807,1.),.UNSPECIFIED.);
#4171 = CARTESIAN_POINT('',(4.919397894087,38.));
#4172 = CARTESIAN_POINT('',(4.919397894087,37.737802493543));
#4173 = CARTESIAN_POINT('',(4.916956934286,37.476039810267));
#4174 = CARTESIAN_POINT('',(4.912089293123,37.216651046093));
#4175 = CARTESIAN_POINT('',(4.904757985492,36.961720317093));
#4176 = CARTESIAN_POINT('',(4.894891698416,36.713869525976));
#4177 = CARTESIAN_POINT('',(4.882395384535,36.476528654957));
#4178 = CARTESIAN_POINT('',(4.867163953281,36.254329911669));
#4179 = CARTESIAN_POINT('',(4.833749735281,35.883353770234));
#4180 = CARTESIAN_POINT('',(4.815757592945,35.722016616379));
#4181 = CARTESIAN_POINT('',(4.795344411649,35.582062862119));
#4182 = CARTESIAN_POINT('',(4.772921895167,35.472993646833));
#4183 = CARTESIAN_POINT('',(4.74905441067,35.40166835458));
#4184 = CARTESIAN_POINT('',(4.724380225675,35.372307456026));
#4185 = CARTESIAN_POINT('',(4.699581035538,35.386412833492));
#4186 = CARTESIAN_POINT('',(4.658524966783,35.481523610707));
#4187 = CARTESIAN_POINT('',(4.641999744876,35.540628378792));
#4188 = CARTESIAN_POINT('',(4.625926463166,35.619486804591));
#4189 = CARTESIAN_POINT('',(4.610471114037,35.717391996798));
#4190 = CARTESIAN_POINT('',(4.595795036868,35.833359797121));
#4191 = CARTESIAN_POINT('',(4.582052831187,35.966140923439));
#4192 = CARTESIAN_POINT('',(4.569388732967,36.11423137342));
#4193 = CARTESIAN_POINT('',(4.545434071282,36.452205535837));
#4194 = CARTESIAN_POINT('',(4.534364091654,36.644782751719));
#4195 = CARTESIAN_POINT('',(4.524894243201,36.851344643674));
#4196 = CARTESIAN_POINT('',(4.517167164734,37.069357965067));
#4197 = CARTESIAN_POINT('',(4.511294089439,37.296099924723));
#4198 = CARTESIAN_POINT('',(4.50735186118,37.528729987092));
#4199 = CARTESIAN_POINT('',(4.505380066682,37.764344401635));
#4200 = CARTESIAN_POINT('',(4.505380066682,38.262197506457));
#4201 = CARTESIAN_POINT('',(4.507821026484,38.523960189733));
#4202 = CARTESIAN_POINT('',(4.512688667646,38.783348953907));
#4203 = CARTESIAN_POINT('',(4.520019975277,39.038279682907));
#4204 = CARTESIAN_POINT('',(4.529886262353,39.286130474024));
#4205 = CARTESIAN_POINT('',(4.542382576235,39.523471345044));
#4206 = CARTESIAN_POINT('',(4.557614007489,39.745670088331));
#4207 = CARTESIAN_POINT('',(4.591028225488,40.116646229766));
#4208 = CARTESIAN_POINT('',(4.609020367825,40.277983383621));
#4209 = CARTESIAN_POINT('',(4.629433549121,40.41793713788));
#4210 = CARTESIAN_POINT('',(4.651856065602,40.527006353169));
#4211 = CARTESIAN_POINT('',(4.6757235501,40.598331645418));
#4212 = CARTESIAN_POINT('',(4.700397735094,40.627692543974));
#4213 = CARTESIAN_POINT('',(4.725196925232,40.613587166507));
#4214 = CARTESIAN_POINT('',(4.766252993986,40.518476389293));
#4215 = CARTESIAN_POINT('',(4.782778215893,40.459371621208));
#4216 = CARTESIAN_POINT('',(4.798851497604,40.380513195409));
#4217 = CARTESIAN_POINT('',(4.814306846733,40.282608003202));
#4218 = CARTESIAN_POINT('',(4.828982923901,40.166640202879));
#4219 = CARTESIAN_POINT('',(4.842725129582,40.03385907656));
#4220 = CARTESIAN_POINT('',(4.855389227802,39.88576862658));
#4221 = CARTESIAN_POINT('',(4.879343889487,39.547794464163));
#4222 = CARTESIAN_POINT('',(4.890413869115,39.355217248282));
#4223 = CARTESIAN_POINT('',(4.899883717569,39.148655356326));
#4224 = CARTESIAN_POINT('',(4.907610796035,38.930642034933));
#4225 = CARTESIAN_POINT('',(4.913483871331,38.703900075277));
#4226 = CARTESIAN_POINT('',(4.917426099589,38.471270012908));
#4227 = CARTESIAN_POINT('',(4.919397894087,38.235655598365));
#4228 = CARTESIAN_POINT('',(4.919397894087,38.));
#4229 = ( GEOMETRIC_REPRESENTATION_CONTEXT(2) 
PARAMETRIC_REPRESENTATION_CONTEXT() REPRESENTATION_CONTEXT('2D SPACE',''
  ) );
#4230 = ORIENTED_EDGE('',*,*,#4231,.F.);
#4231 = EDGE_CURVE('',#2949,#4044,#4232,.T.);
#4232 = SEAM_CURVE('',#4233,(#4237,#4244),.PCURVE_S1.);
#4233 = LINE('',#4234,#4235);
#4234 = CARTESIAN_POINT('',(-18.5,46.,2.6));
#4235 = VECTOR('',#4236,1.);
#4236 = DIRECTION('',(1.,0.,0.));
#4237 = PCURVE('',#3074,#4238);
#4238 = DEFINITIONAL_REPRESENTATION('',(#4239),#4243);
#4239 = LINE('',#4240,#4241);
#4240 = CARTESIAN_POINT('',(6.28318530718,-0.));
#4241 = VECTOR('',#4242,1.);
#4242 = DIRECTION('',(0.,1.));
#4243 = ( GEOMETRIC_REPRESENTATION_CONTEXT(2) 
PARAMETRIC_REPRESENTATION_CONTEXT() REPRESENTATION_CONTEXT('2D SPACE',''
  ) );
#4244 = PCURVE('',#3074,#4245);
#4245 = DEFINITIONAL_REPRESENTATION('',(#4246),#4250);
#4246 = LINE('',#4247,#4248);
#4247 = CARTESIAN_POINT('',(0.,-0.));
#4248 = VECTOR('',#4249,1.);
#4249 = DIRECTION('',(0.,1.));
#4250 = ( GEOMETRIC_REPRESENTATION_CONTEXT(2) 
PARAMETRIC_REPRESENTATION_CONTEXT() REPRESENTATION_CONTEXT('2D SPACE',''
  ) );
#4251 = ORIENTED_EDGE('',*,*,#2948,.T.);
#4252 = ORIENTED_EDGE('',*,*,#4231,.T.);
#4253 = ADVANCED_FACE('',(#4254),#3182,.T.);
#4254 = FACE_BOUND('',#4255,.T.);
#4255 = EDGE_LOOP('',(#4256,#4280,#4281));
#4256 = ORIENTED_EDGE('',*,*,#4257,.T.);
#4257 = EDGE_CURVE('',#3145,#4258,#4260,.T.);
#4258 = VERTEX_POINT('',#4259);
#4259 = CARTESIAN_POINT('',(0.,0.,69.));
#4260 = SEAM_CURVE('',#4261,(#4266,#4273),.PCURVE_S1.);
#4261 = CIRCLE('',#4262,14.);
#4262 = AXIS2_PLACEMENT_3D('',#4263,#4264,#4265);
#4263 = CARTESIAN_POINT('',(0.,0.,55.));
#4264 = DIRECTION('',(-2.449293598295E-16,-1.,0.));
#4265 = DIRECTION('',(1.,-2.449293598295E-16,0.));
#4266 = PCURVE('',#3182,#4267);
#4267 = DEFINITIONAL_REPRESENTATION('',(#4268),#4272);
#4268 = LINE('',#4269,#4270);
#4269 = CARTESIAN_POINT('',(6.28318530718,-6.28318530718));
#4270 = VECTOR('',#4271,1.);
#4271 = DIRECTION('',(0.,1.));
#4272 = ( GEOMETRIC_REPRESENTATION_CONTEXT(2) 
PARAMETRIC_REPRESENTATION_CONTEXT() REPRESENTATION_CONTEXT('2D SPACE',''
  ) );
#4273 = PCURVE('',#3182,#4274);
#4274 = DEFINITIONAL_REPRESENTATION('',(#4275),#4279);
#4275 = LINE('',#4276,#4277);
#4276 = CARTESIAN_POINT('',(0.,-6.28318530718));
#4277 = VECTOR('',#4278,1.);
#4278 = DIRECTION('',(0.,1.));
#4279 = ( GEOMETRIC_REPRESENTATION_CONTEXT(2) 
PARAMETRIC_REPRESENTATION_CONTEXT() REPRESENTATION_CONTEXT('2D SPACE',''
  ) );
#4280 = ORIENTED_EDGE('',*,*,#4257,.F.);
#4281 = ORIENTED_EDGE('',*,*,#3167,.T.);
#4282 = ADVANCED_FACE('',(#4283,#4429,#4792,#4795),#3250,.F.);
#4283 = FACE_BOUND('',#4284,.F.);
#4284 = EDGE_LOOP('',(#4285,#4316,#4337,#4338,#4339,#4363,#4397));
#4285 = ORIENTED_EDGE('',*,*,#4286,.T.);
#4286 = EDGE_CURVE('',#4287,#4289,#4291,.T.);
#4287 = VERTEX_POINT('',#4288);
#4288 = CARTESIAN_POINT('',(12.481747375047,8.,2.056327421766));
#4289 = VERTEX_POINT('',#4290);
#4290 = CARTESIAN_POINT('',(-3.528334652635,0.815477869887,
    -14.52268399514));
#4291 = SURFACE_CURVE('',#4292,(#4297,#4304),.PCURVE_S1.);
#4292 = CIRCLE('',#4293,12.65);
#4293 = AXIS2_PLACEMENT_3D('',#4294,#4295,#4296);
#4294 = CARTESIAN_POINT('',(5.545249515234,0.815477869887,
    -5.708345089211));
#4295 = DIRECTION('',(0.693156189404,0.101934733736,-0.713543136151));
#4296 = DIRECTION('',(-0.717279380859,6.938893903907E-18,-0.696785684263
    ));
#4297 = PCURVE('',#3250,#4298);
#4298 = DEFINITIONAL_REPRESENTATION('',(#4299),#4303);
#4299 = LINE('',#4300,#4301);
#4300 = CARTESIAN_POINT('',(0.,0.));
#4301 = VECTOR('',#4302,1.);
#4302 = DIRECTION('',(1.,0.));
#4303 = ( GEOMETRIC_REPRESENTATION_CONTEXT(2) 
PARAMETRIC_REPRESENTATION_CONTEXT() REPRESENTATION_CONTEXT('2D SPACE',''
  ) );
#4304 = PCURVE('',#4305,#4310);
#4305 = PLANE('',#4306);
#4306 = AXIS2_PLACEMENT_3D('',#4307,#4308,#4309);
#4307 = CARTESIAN_POINT('',(5.545249515234,0.815477869887,
    -5.708345089211));
#4308 = DIRECTION('',(0.693156189404,0.101934733736,-0.713543136151));
#4309 = DIRECTION('',(-0.717279380859,-6.938893903907E-18,
    -0.696785684263));
#4310 = DEFINITIONAL_REPRESENTATION('',(#4311),#4315);
#4311 = CIRCLE('',#4312,12.65);
#4312 = AXIS2_PLACEMENT_2D('',#4313,#4314);
#4313 = CARTESIAN_POINT('',(0.,0.));
#4314 = DIRECTION('',(1.,6.938893903907E-18));
#4315 = ( GEOMETRIC_REPRESENTATION_CONTEXT(2) 
PARAMETRIC_REPRESENTATION_CONTEXT() REPRESENTATION_CONTEXT('2D SPACE',''
  ) );
#4316 = ORIENTED_EDGE('',*,*,#4317,.T.);
#4317 = EDGE_CURVE('',#4289,#3234,#4318,.T.);
#4318 = SEAM_CURVE('',#4319,(#4323,#4330),.PCURVE_S1.);
#4319 = LINE('',#4320,#4321);
#4320 = CARTESIAN_POINT('',(-3.528334652635,0.815477869887,
    -14.52268399514));
#4321 = VECTOR('',#4322,1.);
#4322 = DIRECTION('',(0.693156189404,0.101934733736,-0.713543136151));
#4323 = PCURVE('',#3250,#4324);
#4324 = DEFINITIONAL_REPRESENTATION('',(#4325),#4329);
#4325 = LINE('',#4326,#4327);
#4326 = CARTESIAN_POINT('',(0.,-0.));
#4327 = VECTOR('',#4328,1.);
#4328 = DIRECTION('',(0.,1.));
#4329 = ( GEOMETRIC_REPRESENTATION_CONTEXT(2) 
PARAMETRIC_REPRESENTATION_CONTEXT() REPRESENTATION_CONTEXT('2D SPACE',''
  ) );
#4330 = PCURVE('',#3250,#4331);
#4331 = DEFINITIONAL_REPRESENTATION('',(#4332),#4336);
#4332 = LINE('',#4333,#4334);
#4333 = CARTESIAN_POINT('',(6.28318530718,-0.));
#4334 = VECTOR('',#4335,1.);
#4335 = DIRECTION('',(0.,1.));
#4336 = ( GEOMETRIC_REPRESENTATION_CONTEXT(2) 
PARAMETRIC_REPRESENTATION_CONTEXT() REPRESENTATION_CONTEXT('2D SPACE',''
  ) );
#4337 = ORIENTED_EDGE('',*,*,#3233,.F.);
#4338 = ORIENTED_EDGE('',*,*,#4317,.F.);
#4339 = ORIENTED_EDGE('',*,*,#4340,.T.);
#4340 = EDGE_CURVE('',#4289,#4341,#4343,.T.);
#4341 = VERTEX_POINT('',#4342);
#4342 = CARTESIAN_POINT('',(-2.417177586174,8.,-12.41691396913));
#4343 = SURFACE_CURVE('',#4344,(#4349,#4356),.PCURVE_S1.);
#4344 = CIRCLE('',#4345,12.65);
#4345 = AXIS2_PLACEMENT_3D('',#4346,#4347,#4348);
#4346 = CARTESIAN_POINT('',(5.545249515234,0.815477869887,
    -5.708345089211));
#4347 = DIRECTION('',(0.693156189404,0.101934733736,-0.713543136151));
#4348 = DIRECTION('',(-0.717279380859,6.938893903907E-18,-0.696785684263
    ));
#4349 = PCURVE('',#3250,#4350);
#4350 = DEFINITIONAL_REPRESENTATION('',(#4351),#4355);
#4351 = LINE('',#4352,#4353);
#4352 = CARTESIAN_POINT('',(0.,0.));
#4353 = VECTOR('',#4354,1.);
#4354 = DIRECTION('',(1.,0.));
#4355 = ( GEOMETRIC_REPRESENTATION_CONTEXT(2) 
PARAMETRIC_REPRESENTATION_CONTEXT() REPRESENTATION_CONTEXT('2D SPACE',''
  ) );
#4356 = PCURVE('',#4305,#4357);
#4357 = DEFINITIONAL_REPRESENTATION('',(#4358),#4362);
#4358 = CIRCLE('',#4359,12.65);
#4359 = AXIS2_PLACEMENT_2D('',#4360,#4361);
#4360 = CARTESIAN_POINT('',(0.,0.));
#4361 = DIRECTION('',(1.,6.938893903907E-18));
#4362 = ( GEOMETRIC_REPRESENTATION_CONTEXT(2) 
PARAMETRIC_REPRESENTATION_CONTEXT() REPRESENTATION_CONTEXT('2D SPACE',''
  ) );
#4363 = ORIENTED_EDGE('',*,*,#4364,.F.);
#4364 = EDGE_CURVE('',#4365,#4341,#4367,.T.);
#4365 = VERTEX_POINT('',#4366);
#4366 = CARTESIAN_POINT('',(8.81433890593,14.012464064863,
    -9.073584167869));
#4367 = SURFACE_CURVE('',#4368,(#4373,#4385),.PCURVE_S1.);
#4368 = ELLIPSE('',#4369,18.877808378334,12.65);
#4369 = AXIS2_PLACEMENT_3D('',#4370,#4371,#4372);
#4370 = CARTESIAN_POINT('',(0.,0.,0.));
#4371 = DIRECTION('',(-0.517204336752,0.670098972639,0.53241622901));
#4372 = DIRECTION('',(0.466915371174,0.742271760791,-0.480648176209));
#4373 = PCURVE('',#3250,#4374);
#4374 = DEFINITIONAL_REPRESENTATION('',(#4375),#4384);
#4375 = B_SPLINE_CURVE_WITH_KNOTS('',7,(#4376,#4377,#4378,#4379,#4380,
    #4381,#4382,#4383),.UNSPECIFIED.,.F.,.F.,(8,8),(0.,0.963170033789),
  .PIECEWISE_BEZIER_KNOTS.);
#4376 = CARTESIAN_POINT('',(1.570796326795,6.012464064863));
#4377 = CARTESIAN_POINT('',(1.433200607682,6.012464064863));
#4378 = CARTESIAN_POINT('',(1.29560488857,5.702956235274));
#4379 = CARTESIAN_POINT('',(1.158009169456,5.08394346157));
#4380 = CARTESIAN_POINT('',(1.020413450344,4.16977075864));
#4381 = CARTESIAN_POINT('',(0.882817731231,2.989182713344));
#4382 = CARTESIAN_POINT('',(0.745222012119,1.5829432683));
#4383 = CARTESIAN_POINT('',(0.607626293006,-6.000017265251E-07));
#4384 = ( GEOMETRIC_REPRESENTATION_CONTEXT(2) 
PARAMETRIC_REPRESENTATION_CONTEXT() REPRESENTATION_CONTEXT('2D SPACE',''
  ) );
#4385 = PCURVE('',#3814,#4386);
#4386 = DEFINITIONAL_REPRESENTATION('',(#4387),#4396);
#4387 = B_SPLINE_CURVE_WITH_KNOTS('',7,(#4388,#4389,#4390,#4391,#4392,
    #4393,#4394,#4395),.UNSPECIFIED.,.F.,.F.,(8,8),(0.,0.963170033789),
  .PIECEWISE_BEZIER_KNOTS.);
#4388 = CARTESIAN_POINT('',(2.370686229258,6.012464064863));
#4389 = CARTESIAN_POINT('',(2.508281948371,6.012464064863));
#4390 = CARTESIAN_POINT('',(2.645877667483,5.702956235274));
#4391 = CARTESIAN_POINT('',(2.783473386596,5.083943461569));
#4392 = CARTESIAN_POINT('',(2.921069105709,4.169770758637));
#4393 = CARTESIAN_POINT('',(3.058664824821,2.989182713345));
#4394 = CARTESIAN_POINT('',(3.196260543934,1.5829432683));
#4395 = CARTESIAN_POINT('',(3.333856263047,-6.000017833685E-07));
#4396 = ( GEOMETRIC_REPRESENTATION_CONTEXT(2) 
PARAMETRIC_REPRESENTATION_CONTEXT() REPRESENTATION_CONTEXT('2D SPACE',''
  ) );
#4397 = ORIENTED_EDGE('',*,*,#4398,.F.);
#4398 = EDGE_CURVE('',#4287,#4365,#4399,.T.);
#4399 = SURFACE_CURVE('',#4400,(#4405,#4417),.PCURVE_S1.);
#4400 = ELLIPSE('',#4401,18.877808378334,12.65);
#4401 = AXIS2_PLACEMENT_3D('',#4402,#4403,#4404);
#4402 = CARTESIAN_POINT('',(0.,0.,0.));
#4403 = DIRECTION('',(-0.517204336752,0.670098972639,0.53241622901));
#4404 = DIRECTION('',(0.466915371174,0.742271760791,-0.480648176209));
#4405 = PCURVE('',#3250,#4406);
#4406 = DEFINITIONAL_REPRESENTATION('',(#4407),#4416);
#4407 = B_SPLINE_CURVE_WITH_KNOTS('',7,(#4408,#4409,#4410,#4411,#4412,
    #4413,#4414,#4415),.UNSPECIFIED.,.F.,.F.,(8,8),(5.320015273391,
    6.28318530718),.PIECEWISE_BEZIER_KNOTS.);
#4408 = CARTESIAN_POINT('',(2.533966360584,-6.000017265251E-07));
#4409 = CARTESIAN_POINT('',(2.396370641471,1.5829432683));
#4410 = CARTESIAN_POINT('',(2.258774922358,2.989182713344));
#4411 = CARTESIAN_POINT('',(2.121179203246,4.169770758637));
#4412 = CARTESIAN_POINT('',(1.983583484133,5.083943461567));
#4413 = CARTESIAN_POINT('',(1.845987765021,5.702956235275));
#4414 = CARTESIAN_POINT('',(1.708392045908,6.012464064863));
#4415 = CARTESIAN_POINT('',(1.570796326795,6.012464064863));
#4416 = ( GEOMETRIC_REPRESENTATION_CONTEXT(2) 
PARAMETRIC_REPRESENTATION_CONTEXT() REPRESENTATION_CONTEXT('2D SPACE',''
  ) );
#4417 = PCURVE('',#3814,#4418);
#4418 = DEFINITIONAL_REPRESENTATION('',(#4419),#4428);
#4419 = B_SPLINE_CURVE_WITH_KNOTS('',7,(#4420,#4421,#4422,#4423,#4424,
    #4425,#4426,#4427),.UNSPECIFIED.,.F.,.F.,(8,8),(5.320015273391,
    6.28318530718),.PIECEWISE_BEZIER_KNOTS.);
#4420 = CARTESIAN_POINT('',(1.407516195469,-6.000016696817E-07));
#4421 = CARTESIAN_POINT('',(1.545111914582,1.5829432683));
#4422 = CARTESIAN_POINT('',(1.682707633695,2.989182713344));
#4423 = CARTESIAN_POINT('',(1.820303352807,4.16977075864));
#4424 = CARTESIAN_POINT('',(1.95789907192,5.083943461568));
#4425 = CARTESIAN_POINT('',(2.095494791032,5.702956235275));
#4426 = CARTESIAN_POINT('',(2.233090510145,6.012464064863));
#4427 = CARTESIAN_POINT('',(2.370686229258,6.012464064863));
#4428 = ( GEOMETRIC_REPRESENTATION_CONTEXT(2) 
PARAMETRIC_REPRESENTATION_CONTEXT() REPRESENTATION_CONTEXT('2D SPACE',''
  ) );
#4429 = FACE_BOUND('',#4430,.F.);
#4430 = EDGE_LOOP('',(#4431,#4465,#4616,#4648));
#4431 = ORIENTED_EDGE('',*,*,#4432,.F.);
#4432 = EDGE_CURVE('',#4433,#4435,#4437,.T.);
#4433 = VERTEX_POINT('',#4434);
#4434 = CARTESIAN_POINT('',(29.312201865813,11.726282981525,
    -16.56448830193));
#4435 = VERTEX_POINT('',#4436);
#4436 = CARTESIAN_POINT('',(25.120560352968,11.202327792419,
    -12.35710321691));
#4437 = SURFACE_CURVE('',#4438,(#4443,#4453),.PCURVE_S1.);
#4438 = ELLIPSE('',#4439,833.76520101085,12.65);
#4439 = AXIS2_PLACEMENT_3D('',#4440,#4441,#4442);
#4440 = CARTESIAN_POINT('',(365.48901792286,53.748384988657,
    -376.2386949205));
#4441 = DIRECTION('',(0.124034734589,-0.992277876714,0.));
#4442 = DIRECTION('',(0.695118071933,8.688975899162E-02,-0.713625276917)
  );
#4443 = PCURVE('',#3250,#4444);
#4444 = DEFINITIONAL_REPRESENTATION('',(#4445),#4452);
#4445 = B_SPLINE_CURVE_WITH_KNOTS('',5,(#4446,#4447,#4448,#4449,#4450,
    #4451),.UNSPECIFIED.,.F.,.F.,(6,6),(2.202305466454,2.216508074407),
  .PIECEWISE_BEZIER_KNOTS.);
#4446 = CARTESIAN_POINT('',(2.42098788745,27.114444284895));
#4447 = CARTESIAN_POINT('',(2.41814736586,25.203097958653));
#4448 = CARTESIAN_POINT('',(2.415306844269,23.296715491949));
#4449 = CARTESIAN_POINT('',(2.412466322678,21.395329013577));
#4450 = CARTESIAN_POINT('',(2.409625801088,19.498970485434));
#4451 = CARTESIAN_POINT('',(2.406785279497,17.607671699323));
#4452 = ( GEOMETRIC_REPRESENTATION_CONTEXT(2) 
PARAMETRIC_REPRESENTATION_CONTEXT() REPRESENTATION_CONTEXT('2D SPACE',''
  ) );
#4453 = PCURVE('',#4454,#4459);
#4454 = PLANE('',#4455);
#4455 = AXIS2_PLACEMENT_3D('',#4456,#4457,#4458);
#4456 = CARTESIAN_POINT('',(27.452166567731,11.493778569265,
    -14.22222222222));
#4457 = DIRECTION('',(0.124034734589,-0.992277876714,0.));
#4458 = DIRECTION('',(-0.992277876714,-0.124034734589,0.));
#4459 = DEFINITIONAL_REPRESENTATION('',(#4460),#4464);
#4460 = ELLIPSE('',#4461,833.76520101085,12.65);
#4461 = AXIS2_PLACEMENT_2D('',#4462,#4463);
#4462 = CARTESIAN_POINT('',(-340.667528006,362.01647269837));
#4463 = DIRECTION('',(-0.700527632678,0.713625276917));
#4464 = ( GEOMETRIC_REPRESENTATION_CONTEXT(2) 
PARAMETRIC_REPRESENTATION_CONTEXT() REPRESENTATION_CONTEXT('2D SPACE',''
  ) );
#4465 = ORIENTED_EDGE('',*,*,#4466,.T.);
#4466 = EDGE_CURVE('',#4433,#4467,#4469,.T.);
#4467 = VERTEX_POINT('',#4468);
#4468 = CARTESIAN_POINT('',(30.573438343281,-4.240577955389,
    -16.99489011763));
#4469 = SURFACE_CURVE('',#4470,(#4515,#4563),.PCURVE_S1.);
#4470 = B_SPLINE_CURVE_WITH_KNOTS('',8,(#4471,#4472,#4473,#4474,#4475,
    #4476,#4477,#4478,#4479,#4480,#4481,#4482,#4483,#4484,#4485,#4486,
    #4487,#4488,#4489,#4490,#4491,#4492,#4493,#4494,#4495,#4496,#4497,
    #4498,#4499,#4500,#4501,#4502,#4503,#4504,#4505,#4506,#4507,#4508,
    #4509,#4510,#4511,#4512,#4513,#4514),.UNSPECIFIED.,.F.,.F.,(9,7,7,7,
    7,7,9),(0.,0.24291896586,0.357866911143,0.463074229452,
    0.683821803105,0.91411500092,1.),.UNSPECIFIED.);
#4471 = CARTESIAN_POINT('',(29.312201447395,11.726283533892,
    -16.56448857937));
#4472 = CARTESIAN_POINT('',(29.626033978528,11.311984163961,
    -16.35639394383));
#4473 = CARTESIAN_POINT('',(29.893070425809,10.876753576103,
    -16.13342189325));
#4474 = CARTESIAN_POINT('',(30.118860774646,10.427170203007,
    -15.90698414592));
#4475 = CARTESIAN_POINT('',(30.309297781543,9.968104086105,
    -15.68417855772));
#4476 = CARTESIAN_POINT('',(30.470034771556,9.502686564959,
    -15.46971075344));
#4477 = CARTESIAN_POINT('',(30.606302141473,9.032233663171,
    -15.26673896008));
#4478 = CARTESIAN_POINT('',(30.722908099726,8.555870550858,
    -15.07729030866));
#4479 = CARTESIAN_POINT('',(30.872661929181,7.838769081686,
    -14.82155488936));
#4480 = CARTESIAN_POINT('',(30.917241532445,7.606935799482,
    -14.74325895847));
#4481 = CARTESIAN_POINT('',(30.958727690095,7.373698712546,
    -14.66920605467));
#4482 = CARTESIAN_POINT('',(30.997545309611,7.139150186181,
    -14.59980311876));
#4483 = CARTESIAN_POINT('',(31.034122306931,6.903363719432,
    -14.5354644137));
#4484 = CARTESIAN_POINT('',(31.068887414206,6.666376544493,
    -14.47660698757));
#4485 = CARTESIAN_POINT('',(31.102259355635,6.428171762535,
    -14.42364525836));
#4486 = CARTESIAN_POINT('',(31.16425257719,5.969444365803,
    -14.33427817113));
#4487 = CARTESIAN_POINT('',(31.193066257433,5.748916079519,
    -14.29680776559));
#4488 = CARTESIAN_POINT('',(31.221293504993,5.527524761104,
    -14.26500430779));
#4489 = CARTESIAN_POINT('',(31.249168429791,5.30556768211,
    -14.23920276971));
#4490 = CARTESIAN_POINT('',(31.276897582045,5.083216443588,
    -14.21965426611));
#4491 = CARTESIAN_POINT('',(31.304633363017,4.86054492025,
    -14.20653525131));
#4492 = CARTESIAN_POINT('',(31.332457443245,4.63755848687,
    -14.19995393801));
#4493 = CARTESIAN_POINT('',(31.418949521408,3.945621861563,
    -14.19995393801));
#4494 = CARTESIAN_POINT('',(31.476984616897,3.483077885728,
    -14.22892882908));
#4495 = CARTESIAN_POINT('',(31.534787437405,3.024031931413,
    -14.28563763647));
#4496 = CARTESIAN_POINT('',(31.591049431657,2.566308636129,
    -14.3684093279));
#4497 = CARTESIAN_POINT('',(31.643014447661,2.108997459007,
    -14.4749877008));
#4498 = CARTESIAN_POINT('',(31.687212914509,1.652700644277,
    -14.60240287543));
#4499 = CARTESIAN_POINT('',(31.720139037134,1.199437007217,
    -14.74691179879));
#4500 = CARTESIAN_POINT('',(31.758790628881,0.286596949841,
    -15.06776943648));
#4501 = CARTESIAN_POINT('',(31.763381795945,-0.174856338262,
    -15.24608593408));
#4502 = CARTESIAN_POINT('',(31.749771039718,-0.635290540753,
    -15.43666360216));
#4503 = CARTESIAN_POINT('',(31.714274873848,-1.096127317403,
    -15.63743762427));
#4504 = CARTESIAN_POINT('',(31.652620291057,-1.557373451297,
    -15.84563273321));
#4505 = CARTESIAN_POINT('',(31.55998117919,-2.01793999197,
    -16.05738595147));
#4506 = CARTESIAN_POINT('',(31.431098756769,-2.47568197847,
    -16.26724898797));
#4507 = CARTESIAN_POINT('',(31.196972455496,-3.095767593714,
    -16.54142644475));
#4508 = CARTESIAN_POINT('',(31.127468166542,-3.263661678806,
    -16.61462397126));
#4509 = CARTESIAN_POINT('',(31.051798745994,-3.430681561483,
    -16.68603577961));
#4510 = CARTESIAN_POINT('',(30.969722951695,-3.596492170073,
    -16.75510771072));
#4511 = CARTESIAN_POINT('',(30.88102128586,-3.760750460906,
    -16.82123270539));
#4512 = CARTESIAN_POINT('',(30.785502519957,-3.923101371429,
    -16.88374321219));
#4513 = CARTESIAN_POINT('',(30.683011450001,-4.083174086472,
    -16.94190185218));
#4514 = CARTESIAN_POINT('',(30.573437882239,-4.240578617688,
    -16.99489034058));
#4515 = PCURVE('',#3250,#4516);
#4516 = DEFINITIONAL_REPRESENTATION('',(#4517),#4562);
#4517 = B_SPLINE_CURVE_WITH_KNOTS('',8,(#4518,#4519,#4520,#4521,#4522,
    #4523,#4524,#4525,#4526,#4527,#4528,#4529,#4530,#4531,#4532,#4533,
    #4534,#4535,#4536,#4537,#4538,#4539,#4540,#4541,#4542,#4543,#4544,
    #4545,#4546,#4547,#4548,#4549,#4550,#4551,#4552,#4553,#4554,#4555,
    #4556,#4557,#4558,#4559,#4560,#4561),.UNSPECIFIED.,.F.,.F.,(9,7,7,7,
    7,7,9),(0.,0.24291896586,0.357866911143,0.463074229452,
    0.683821803105,0.91411500092,1.),.UNSPECIFIED.);
#4518 = CARTESIAN_POINT('',(2.418337380601,25.332726577737));
#4519 = CARTESIAN_POINT('',(2.462543925364,25.359545544303));
#4520 = CARTESIAN_POINT('',(2.50650923327,25.341178220203));
#4521 = CARTESIAN_POINT('',(2.549842131381,25.290284936207));
#4522 = CARTESIAN_POINT('',(2.592399314405,25.216511345677));
#4523 = CARTESIAN_POINT('',(2.634174806091,25.127452944413));
#4524 = CARTESIAN_POINT('',(2.67528805742,25.029122894019));
#4525 = CARTESIAN_POINT('',(2.716000506345,24.926211303816));
#4526 = CARTESIAN_POINT('',(2.776153689528,24.77443829715));
#4527 = CARTESIAN_POINT('',(2.795432069884,24.725839537109));
#4528 = CARTESIAN_POINT('',(2.814676829284,24.677981022485));
#4529 = CARTESIAN_POINT('',(2.833897066087,24.63145706558));
#4530 = CARTESIAN_POINT('',(2.853103078759,24.586867365568));
#4531 = CARTESIAN_POINT('',(2.872307776384,24.544810477855));
#4532 = CARTESIAN_POINT('',(2.891528013001,24.505870626224));
#4533 = CARTESIAN_POINT('',(2.928411780156,24.438314084714));
#4534 = CARTESIAN_POINT('',(2.946086718939,24.409070222687));
#4535 = CARTESIAN_POINT('',(2.963785753451,24.383375509929));
#4536 = CARTESIAN_POINT('',(2.981496608743,24.361661540439));
#4537 = CARTESIAN_POINT('',(2.999216706435,24.34426815909));
#4538 = CARTESIAN_POINT('',(3.016950462873,24.331434441933));
#4539 = CARTESIAN_POINT('',(3.034706822598,24.323294761707));
#4540 = CARTESIAN_POINT('',(3.089824701112,24.312714905357));
#4541 = CARTESIAN_POINT('',(3.126696862852,24.326467828627));
#4542 = CARTESIAN_POINT('',(3.163395568491,24.360205664571));
#4543 = CARTESIAN_POINT('',(3.20014691881,24.411607284173));
#4544 = CARTESIAN_POINT('',(3.23706686544,24.477059530026));
#4545 = CARTESIAN_POINT('',(3.27415273015,24.552099699864));
#4546 = CARTESIAN_POINT('',(3.311287419138,24.631832687778));
#4547 = CARTESIAN_POINT('',(3.386749548392,24.794519934687));
#4548 = CARTESIAN_POINT('',(3.425261854701,24.87790072543));
#4549 = CARTESIAN_POINT('',(3.464102101824,24.957517494633));
#4550 = CARTESIAN_POINT('',(3.503455522431,25.029198758828));
#4551 = CARTESIAN_POINT('',(3.543402011426,25.088001692284));
#4552 = CARTESIAN_POINT('',(3.583939549742,25.127935646266));
#4553 = CARTESIAN_POINT('',(3.62496903395,25.141686519173));
#4554 = CARTESIAN_POINT('',(3.68162208563,25.111829604631));
#4555 = CARTESIAN_POINT('',(3.69707148647,25.098767630323));
#4556 = CARTESIAN_POINT('',(3.71255388235,25.080247181538));
#4557 = CARTESIAN_POINT('',(3.728039817185,25.055739778825));
#4558 = CARTESIAN_POINT('',(3.743497037837,25.024695081079));
#4559 = CARTESIAN_POINT('',(3.758889549534,24.986540403517));
#4560 = CARTESIAN_POINT('',(3.774176533523,24.940679812804));
#4561 = CARTESIAN_POINT('',(3.789311126951,24.886492799333));
#4562 = ( GEOMETRIC_REPRESENTATION_CONTEXT(2) 
PARAMETRIC_REPRESENTATION_CONTEXT() REPRESENTATION_CONTEXT('2D SPACE',''
  ) );
#4563 = PCURVE('',#4564,#4569);
#4564 = CYLINDRICAL_SURFACE('',#4565,3.);
#4565 = AXIS2_PLACEMENT_3D('',#4566,#4567,#4568);
#4566 = CARTESIAN_POINT('',(27.452166567731,11.493778569265,
    -14.22222222222));
#4567 = DIRECTION('',(0.124034734589,-0.992277876714,0.));
#4568 = DIRECTION('',(-0.992277876714,-0.124034734589,0.));
#4569 = DEFINITIONAL_REPRESENTATION('',(#4570),#4615);
#4570 = B_SPLINE_CURVE_WITH_KNOTS('',8,(#4571,#4572,#4573,#4574,#4575,
    #4576,#4577,#4578,#4579,#4580,#4581,#4582,#4583,#4584,#4585,#4586,
    #4587,#4588,#4589,#4590,#4591,#4592,#4593,#4594,#4595,#4596,#4597,
    #4598,#4599,#4600,#4601,#4602,#4603,#4604,#4605,#4606,#4607,#4608,
    #4609,#4610,#4611,#4612,#4613,#4614),.UNSPECIFIED.,.F.,.F.,(9,7,7,7,
    7,7,9),(0.,0.24291896586,0.357866911143,0.463074229452,
    0.683821803105,0.91411500092,1.),.UNSPECIFIED.);
#4571 = CARTESIAN_POINT('',(2.245718708276,-6.E-07));
#4572 = CARTESIAN_POINT('',(2.356731516214,0.450025633824));
#4573 = CARTESIAN_POINT('',(2.458082844494,0.91501711229));
#4574 = CARTESIAN_POINT('',(2.551124005196,1.389134593135));
#4575 = CARTESIAN_POINT('',(2.636626296514,1.868276548507));
#4576 = CARTESIAN_POINT('',(2.715203351705,2.350037028054));
#4577 = CARTESIAN_POINT('',(2.787230065493,2.833758921604));
#4578 = CARTESIAN_POINT('',(2.85301624518,3.320906688316));
#4579 = CARTESIAN_POINT('',(2.940549703183,4.051045288024));
#4580 = CARTESIAN_POINT('',(2.967138227101,4.2866177443));
#4581 = CARTESIAN_POINT('',(2.992137559305,4.523199470249));
#4582 = CARTESIAN_POINT('',(3.015467004123,4.760751517111));
#4583 = CARTESIAN_POINT('',(3.037029741562,4.999254029849));
#4584 = CARTESIAN_POINT('',(3.056716209083,5.23872324146));
#4585 = CARTESIAN_POINT('',(3.07440799527,5.479227856622));
#4586 = CARTESIAN_POINT('',(3.104236741964,5.942102216623));
#4587 = CARTESIAN_POINT('',(3.116731494212,6.164501453474));
#4588 = CARTESIAN_POINT('',(3.127332501979,6.387684319993));
#4589 = CARTESIAN_POINT('',(3.135932361312,6.611384877958));
#4590 = CARTESIAN_POINT('',(3.142448469568,6.835458470844));
#4591 = CARTESIAN_POINT('',(3.146821691045,7.059850697458));
#4592 = CARTESIAN_POINT('',(3.149015483158,7.284566354513));
#4593 = CARTESIAN_POINT('',(3.149015483158,7.981887781853));
#4594 = CARTESIAN_POINT('',(3.139356892272,8.448058303748));
#4595 = CARTESIAN_POINT('',(3.12045362822,8.910729006107));
#4596 = CARTESIAN_POINT('',(3.092865475009,9.371896147202));
#4597 = CARTESIAN_POINT('',(3.057355048574,9.832121377999));
#4598 = CARTESIAN_POINT('',(3.014792904359,10.290376757577));
#4599 = CARTESIAN_POINT('',(2.966099700511,10.744224219831));
#4600 = CARTESIAN_POINT('',(2.856273952876,11.654809353667));
#4601 = CARTESIAN_POINT('',(2.794400541898,12.113268706777));
#4602 = CARTESIAN_POINT('',(2.726915793147,12.568459173053));
#4603 = CARTESIAN_POINT('',(2.653709968874,13.021334553787));
#4604 = CARTESIAN_POINT('',(2.574527084647,13.471371578358));
#4605 = CARTESIAN_POINT('',(2.488990100407,13.916891099769));
#4606 = CARTESIAN_POINT('',(2.39652192341,14.355112449158));
#4607 = CARTESIAN_POINT('',(2.25876336558,14.941369893194));
#4608 = CARTESIAN_POINT('',(2.220180839224,15.099346533428));
#4609 = CARTESIAN_POINT('',(2.180414721086,15.255691031486));
#4610 = CARTESIAN_POINT('',(2.139437321171,15.410040980752));
#4611 = CARTESIAN_POINT('',(2.097214308867,15.562028761234));
#4612 = CARTESIAN_POINT('',(2.053703597364,15.711278333232));
#4613 = CARTESIAN_POINT('',(2.008853145877,15.857402494375));
#4614 = CARTESIAN_POINT('',(1.962597679683,16.0000006));
#4615 = ( GEOMETRIC_REPRESENTATION_CONTEXT(2) 
PARAMETRIC_REPRESENTATION_CONTEXT() REPRESENTATION_CONTEXT('2D SPACE',''
  ) );
#4616 = ORIENTED_EDGE('',*,*,#4617,.T.);
#4617 = EDGE_CURVE('',#4467,#4618,#4620,.T.);
#4618 = VERTEX_POINT('',#4619);
#4619 = CARTESIAN_POINT('',(26.740397880372,-4.719708013252,
    -12.9509086597));
#4620 = SURFACE_CURVE('',#4621,(#4626,#4636),.PCURVE_S1.);
#4621 = ELLIPSE('',#4622,833.76520101085,12.65);
#4622 = AXIS2_PLACEMENT_3D('',#4623,#4624,#4625);
#4623 = CARTESIAN_POINT('',(-365.4890179228,-53.74838498865,
    376.2386949206));
#4624 = DIRECTION('',(0.124034734589,-0.992277876714,0.));
#4625 = DIRECTION('',(0.695118071933,8.688975899162E-02,-0.713625276917)
  );
#4626 = PCURVE('',#3250,#4627);
#4627 = DEFINITIONAL_REPRESENTATION('',(#4628),#4635);
#4628 = B_SPLINE_CURVE_WITH_KNOTS('',5,(#4629,#4630,#4631,#4632,#4633,
    #4634),.UNSPECIFIED.,.F.,.F.,(6,6),(0.832128331027,0.84505172503),
  .PIECEWISE_BEZIER_KNOTS.);
#4629 = CARTESIAN_POINT('',(3.791165022877,26.030213140663));
#4630 = CARTESIAN_POINT('',(3.788580344077,24.43705141817));
#4631 = CARTESIAN_POINT('',(3.785995665276,22.839202339776));
#4632 = CARTESIAN_POINT('',(3.783410986476,21.236688078856));
#4633 = CARTESIAN_POINT('',(3.780826307675,19.629530939259));
#4634 = CARTESIAN_POINT('',(3.778241628874,18.017753353454));
#4635 = ( GEOMETRIC_REPRESENTATION_CONTEXT(2) 
PARAMETRIC_REPRESENTATION_CONTEXT() REPRESENTATION_CONTEXT('2D SPACE',''
  ) );
#4636 = PCURVE('',#4637,#4642);
#4637 = PLANE('',#4638);
#4638 = AXIS2_PLACEMENT_3D('',#4639,#4640,#4641);
#4639 = CARTESIAN_POINT('',(29.436722321158,-4.382667458154,
    -14.22222222222));
#4640 = DIRECTION('',(0.124034734589,-0.992277876714,0.));
#4641 = DIRECTION('',(-0.992277876714,-0.124034734589,0.));
#4642 = DEFINITIONAL_REPRESENTATION('',(#4643),#4647);
#4643 = ELLIPSE('',#4644,833.76520101085,12.65);
#4644 = AXIS2_PLACEMENT_2D('',#4645,#4646);
#4645 = CARTESIAN_POINT('',(397.99913866061,-390.4609171428));
#4646 = DIRECTION('',(-0.700527632678,0.713625276917));
#4647 = ( GEOMETRIC_REPRESENTATION_CONTEXT(2) 
PARAMETRIC_REPRESENTATION_CONTEXT() REPRESENTATION_CONTEXT('2D SPACE',''
  ) );
#4648 = ORIENTED_EDGE('',*,*,#4649,.T.);
#4649 = EDGE_CURVE('',#4618,#4435,#4650,.T.);
#4650 = SURFACE_CURVE('',#4651,(#4696,#4744),.PCURVE_S1.);
#4651 = B_SPLINE_CURVE_WITH_KNOTS('',8,(#4652,#4653,#4654,#4655,#4656,
    #4657,#4658,#4659,#4660,#4661,#4662,#4663,#4664,#4665,#4666,#4667,
    #4668,#4669,#4670,#4671,#4672,#4673,#4674,#4675,#4676,#4677,#4678,
    #4679,#4680,#4681,#4682,#4683,#4684,#4685,#4686,#4687,#4688,#4689,
    #4690,#4691,#4692,#4693,#4694,#4695),.UNSPECIFIED.,.F.,.F.,(9,7,7,7,
    7,7,9),(0.,8.11612982645E-02,0.307895562537,0.422411496855,
    0.528482285931,0.749352508118,1.),.UNSPECIFIED.);
#4652 = CARTESIAN_POINT('',(26.740397713688,-4.719708638757,
    -12.95090917905));
#4653 = CARTESIAN_POINT('',(26.778694125604,-4.575997782296,
    -12.83158691404));
#4654 = CARTESIAN_POINT('',(26.820843367948,-4.428649347081,
    -12.7187295218));
#4655 = CARTESIAN_POINT('',(26.86617276483,-4.278130036469,
    -12.6122116443));
#4656 = CARTESIAN_POINT('',(26.914085564128,-4.124878370305,
    -12.51187366835));
#4657 = CARTESIAN_POINT('',(26.964050400783,-3.969307460512,
    -12.417529623));
#4658 = CARTESIAN_POINT('',(27.015592438082,-3.811808034642,
    -12.32897408497));
#4659 = CARTESIAN_POINT('',(27.068286186944,-3.652751707401,
    -12.24598809187));
#4660 = CARTESIAN_POINT('',(27.271107878241,-3.044795895508,
    -11.95143573389));
#4661 = CARTESIAN_POINT('',(27.427352598857,-2.585094364224,
    -11.77494265372));
#4662 = CARTESIAN_POINT('',(27.583118220393,-2.118469133025,
    -11.63355273106));
#4663 = CARTESIAN_POINT('',(27.733693176785,-1.648408255812,
    -11.52209913375));
#4664 = CARTESIAN_POINT('',(27.875822229985,-1.176986648544,
    -11.43582360692));
#4665 = CARTESIAN_POINT('',(28.00714141966,-0.704884721467,
    -11.37045955615));
#4666 = CARTESIAN_POINT('',(28.125799627086,-0.23116708322,
    -11.32223881605));
#4667 = CARTESIAN_POINT('',(28.281765564638,0.489175518211,
    -11.27035681245));
#4668 = CARTESIAN_POINT('',(28.330119981434,0.731462575857,
    -11.25650347318));
#4669 = CARTESIAN_POINT('',(28.374114756419,0.974216469198,
    -11.24577070702));
#4670 = CARTESIAN_POINT('',(28.413363693635,1.217348091798,
    -11.23772490881));
#4671 = CARTESIAN_POINT('',(28.447471423485,1.46078617822,
    -11.23193153003));
#4672 = CARTESIAN_POINT('',(28.476035785186,1.704494397765,
    -11.22795958386));
#4673 = CARTESIAN_POINT('',(28.498650947643,1.948487950462,
    -11.2253945211));
#4674 = CARTESIAN_POINT('',(28.529972448625,2.419190567712,
    -11.22243763701));
#4675 = CARTESIAN_POINT('',(28.539599001974,2.646110905978,
    -11.22189780514));
#4676 = CARTESIAN_POINT('',(28.543409298597,2.873118977678,
    -11.22194753014));
#4677 = CARTESIAN_POINT('',(28.54110161665,3.099893667393,
    -11.22230575288));
#4678 = CARTESIAN_POINT('',(28.532444940656,3.326250221255,
    -11.22273728247));
#4679 = CARTESIAN_POINT('',(28.51727289602,3.552106350642,-11.2230765532
    ));
#4680 = CARTESIAN_POINT('',(28.495480820029,3.777448665009,
    -11.22324066237));
#4681 = CARTESIAN_POINT('',(28.407774697115,4.470504108396,
    -11.22321300407));
#4682 = CARTESIAN_POINT('',(28.320593886936,4.928987889769,
    -11.22244372171));
#4683 = CARTESIAN_POINT('',(28.206433261655,5.380485143076,
    -11.22098784978));
#4684 = CARTESIAN_POINT('',(28.066702091845,5.827199749118,
    -11.22046577968));
#4685 = CARTESIAN_POINT('',(27.903524478267,6.269982758451,
    -11.2237686271));
#4686 = CARTESIAN_POINT('',(27.719892102752,6.708215995306,
    -11.23430070555));
#4687 = CARTESIAN_POINT('',(27.519712347967,7.140002242746,
    -11.2553491483));
#4688 = CARTESIAN_POINT('',(27.067496704175,8.041361759691,
    -11.32781518387));
#4689 = CARTESIAN_POINT('',(26.811175379195,8.510041861372,
    -11.38309430114));
#4690 = CARTESIAN_POINT('',(26.540916125776,8.973395489255,
    -11.45962295621));
#4691 = CARTESIAN_POINT('',(26.25891451859,9.432903549623,
    -11.56241795051));
#4692 = CARTESIAN_POINT('',(25.968829419933,9.888099526565,
    -11.69715580076));
#4693 = CARTESIAN_POINT('',(25.676160988734,10.3370533166,
    -11.87010892354));
#4694 = CARTESIAN_POINT('',(25.389087809237,10.776554062489,
    -12.08794700996));
#4695 = CARTESIAN_POINT('',(25.120559999481,11.202328352903,
    -12.35710357123));
#4696 = PCURVE('',#3250,#4697);
#4697 = DEFINITIONAL_REPRESENTATION('',(#4698),#4743);
#4698 = B_SPLINE_CURVE_WITH_KNOTS('',8,(#4699,#4700,#4701,#4702,#4703,
    #4704,#4705,#4706,#4707,#4708,#4709,#4710,#4711,#4712,#4713,#4714,
    #4715,#4716,#4717,#4718,#4719,#4720,#4721,#4722,#4723,#4724,#4725,
    #4726,#4727,#4728,#4729,#4730,#4731,#4732,#4733,#4734,#4735,#4736,
    #4737,#4738,#4739,#4740,#4741,#4742),.UNSPECIFIED.,.F.,.F.,(9,7,7,7,
    7,7,9),(0.,8.11612982645E-02,0.307895562537,0.422411496855,
    0.528482285931,0.749352508118,1.),.UNSPECIFIED.);
#4699 = CARTESIAN_POINT('',(3.780292101678,19.295202290606));
#4700 = CARTESIAN_POINT('',(3.765624739146,19.251255230259));
#4701 = CARTESIAN_POINT('',(3.750857128936,19.214962544376));
#4702 = CARTESIAN_POINT('',(3.736028935203,19.18572094187));
#4703 = CARTESIAN_POINT('',(3.72117426409,19.162958189006));
#4704 = CARTESIAN_POINT('',(3.706322701503,19.146131158062));
#4705 = CARTESIAN_POINT('',(3.691500223364,19.134724305934));
#4706 = CARTESIAN_POINT('',(3.676729978322,19.128248582698));
#4707 = CARTESIAN_POINT('',(3.620974931566,19.120631693902));
#4708 = CARTESIAN_POINT('',(3.58024699963,19.149857816315));
#4709 = CARTESIAN_POINT('',(3.540089917861,19.204505230838));
#4710 = CARTESIAN_POINT('',(3.500585689968,19.277265774831));
#4711 = CARTESIAN_POINT('',(3.461719927794,19.362276333778));
#4712 = CARTESIAN_POINT('',(3.423388290792,19.45478455734));
#4713 = CARTESIAN_POINT('',(3.385383224365,19.550913931443));
#4714 = CARTESIAN_POINT('',(3.328103663262,19.695430570111));
#4715 = CARTESIAN_POINT('',(3.308923508379,19.743760244961));
#4716 = CARTESIAN_POINT('',(3.289775911864,19.791342257399));
#4717 = CARTESIAN_POINT('',(3.270652102517,19.837590434283));
#4718 = CARTESIAN_POINT('',(3.251542113464,19.881913389192));
#4719 = CARTESIAN_POINT('',(3.232433403102,19.923721130841));
#4720 = CARTESIAN_POINT('',(3.213309547828,19.962438105572));
#4721 = CARTESIAN_POINT('',(3.17640148742,20.030019879448));
#4722 = CARTESIAN_POINT('',(3.158601828869,20.059438455426));
#4723 = CARTESIAN_POINT('',(3.140776565425,20.085255074388));
#4724 = CARTESIAN_POINT('',(3.122938998341,20.107027315355));
#4725 = CARTESIAN_POINT('',(3.105092304252,20.124408396834));
#4726 = CARTESIAN_POINT('',(3.087232399876,20.137156468899));
#4727 = CARTESIAN_POINT('',(3.069350562774,20.145138464333));
#4728 = CARTESIAN_POINT('',(3.014132080409,20.154971109083));
#4729 = CARTESIAN_POINT('',(2.977290334673,20.140727696938));
#4730 = CARTESIAN_POINT('',(2.940627501592,20.106580977816));
#4731 = CARTESIAN_POINT('',(2.903916552751,20.054888667499));
#4732 = CARTESIAN_POINT('',(2.867040262462,19.989272786933));
#4733 = CARTESIAN_POINT('',(2.82999826782,19.914173149877));
#4734 = CARTESIAN_POINT('',(2.792902120711,19.834450301863));
#4735 = CARTESIAN_POINT('',(2.714114261275,19.66458171407));
#4736 = CARTESIAN_POINT('',(2.672314622375,19.574129817257));
#4737 = CARTESIAN_POINT('',(2.630095003807,19.488636268235));
#4738 = CARTESIAN_POINT('',(2.5872184176,19.413353603182));
#4739 = CARTESIAN_POINT('',(2.543593496603,19.354820870533));
#4740 = CARTESIAN_POINT('',(2.499256945093,19.321129434686));
#4741 = CARTESIAN_POINT('',(2.454387348849,19.322380146376));
#4742 = CARTESIAN_POINT('',(2.409431966284,19.37170443878));
#4743 = ( GEOMETRIC_REPRESENTATION_CONTEXT(2) 
PARAMETRIC_REPRESENTATION_CONTEXT() REPRESENTATION_CONTEXT('2D SPACE',''
  ) );
#4744 = PCURVE('',#4564,#4745);
#4745 = DEFINITIONAL_REPRESENTATION('',(#4746),#4791);
#4746 = B_SPLINE_CURVE_WITH_KNOTS('',8,(#4747,#4748,#4749,#4750,#4751,
    #4752,#4753,#4754,#4755,#4756,#4757,#4758,#4759,#4760,#4761,#4762,
    #4763,#4764,#4765,#4766,#4767,#4768,#4769,#4770,#4771,#4772,#4773,
    #4774,#4775,#4776,#4777,#4778,#4779,#4780,#4781,#4782,#4783,#4784,
    #4785,#4786,#4787,#4788,#4789,#4790),.UNSPECIFIED.,.F.,.F.,(9,7,7,7,
    7,7,9),(0.,8.11612982645E-02,0.307895562537,0.422411496855,
    0.528482285931,0.749352508118,1.),.UNSPECIFIED.);
#4747 = CARTESIAN_POINT('',(5.845580694603,16.0000006));
#4748 = CARTESIAN_POINT('',(5.801668756044,15.862149581778));
#4749 = CARTESIAN_POINT('',(5.759104919632,15.721166959432));
#4750 = CARTESIAN_POINT('',(5.717824887411,15.577432397206));
#4751 = CARTESIAN_POINT('',(5.677775816849,15.431307010647));
#4752 = CARTESIAN_POINT('',(5.638913359433,15.283134813852));
#4753 = CARTESIAN_POINT('',(5.60119967653,15.133244620881));
#4754 = CARTESIAN_POINT('',(5.564602432532,14.981952401364));
#4755 = CARTESIAN_POINT('',(5.429899644155,14.403848233853));
#4756 = CARTESIAN_POINT('',(5.338624634527,13.967076346918));
#4757 = CARTESIAN_POINT('',(5.254304563678,13.523374800818));
#4758 = CARTESIAN_POINT('',(5.176355309537,13.075620316385));
#4759 = CARTESIAN_POINT('',(5.104334575407,12.625468024297));
#4760 = CARTESIAN_POINT('',(5.037969829421,12.173299867333));
#4761 = CARTESIAN_POINT('',(4.977080409416,11.717958074358));
#4762 = CARTESIAN_POINT('',(4.893893222953,11.022523240973));
#4763 = CARTESIAN_POINT('',(4.86749048733,10.788104781111));
#4764 = CARTESIAN_POINT('',(4.842662538733,10.552682343501));
#4765 = CARTESIAN_POINT('',(4.819489628539,10.316296444776));
#4766 = CARTESIAN_POINT('',(4.798067677334,10.078968760489));
#4767 = CARTESIAN_POINT('',(4.778504947618,9.840685458883));
#4768 = CARTESIAN_POINT('',(4.760918207956,9.601381120155));
#4769 = CARTESIAN_POINT('',(4.731080888628,9.138198280608));
#4770 = CARTESIAN_POINT('',(4.718515776489,8.91422427616));
#4771 = CARTESIAN_POINT('',(4.707871587175,8.689441797907));
#4772 = CARTESIAN_POINT('',(4.699258825056,8.464132057586));
#4773 = CARTESIAN_POINT('',(4.692761906203,8.23844972843));
#4774 = CARTESIAN_POINT('',(4.68844062218,8.012455827389));
#4775 = CARTESIAN_POINT('',(4.68633112528,7.786150659794));
#4776 = CARTESIAN_POINT('',(4.686686544022,7.087568470308));
#4777 = CARTESIAN_POINT('',(4.696569787374,6.621811708567));
#4778 = CARTESIAN_POINT('',(4.715668359384,6.159641089858));
#4779 = CARTESIAN_POINT('',(4.74341216492,5.699044550514));
#4780 = CARTESIAN_POINT('',(4.779036780824,5.239441074179));
#4781 = CARTESIAN_POINT('',(4.821678924155,4.781815135447));
#4782 = CARTESIAN_POINT('',(4.870432212174,4.328533951889));
#4783 = CARTESIAN_POINT('',(4.985308425481,3.378044396904));
#4784 = CARTESIAN_POINT('',(5.053124212315,2.881190753242));
#4785 = CARTESIAN_POINT('',(5.127496533392,2.387893664407));
#4786 = CARTESIAN_POINT('',(5.208685456838,1.896955987473));
#4787 = CARTESIAN_POINT('',(5.297023464983,1.409294461725));
#4788 = CARTESIAN_POINT('',(5.393109861983,0.92750649704));
#4789 = CARTESIAN_POINT('',(5.497719286208,0.455792584464));
#4790 = CARTESIAN_POINT('',(5.612266102671,-6.E-07));
#4791 = ( GEOMETRIC_REPRESENTATION_CONTEXT(2) 
PARAMETRIC_REPRESENTATION_CONTEXT() REPRESENTATION_CONTEXT('2D SPACE',''
  ) );
#4792 = FACE_BOUND('',#4793,.F.);
#4793 = EDGE_LOOP('',(#4794));
#4794 = ORIENTED_EDGE('',*,*,#3347,.T.);
#4795 = FACE_BOUND('',#4796,.F.);
#4796 = EDGE_LOOP('',(#4797));
#4797 = ORIENTED_EDGE('',*,*,#3579,.F.);
#4798 = ADVANCED_FACE('',(#4799,#4877,#4880),#3814,.F.);
#4799 = FACE_BOUND('',#4800,.F.);
#4800 = EDGE_LOOP('',(#4801,#4830,#4851,#4852,#4853,#4875,#4876));
#4801 = ORIENTED_EDGE('',*,*,#4802,.T.);
#4802 = EDGE_CURVE('',#4341,#4803,#4805,.T.);
#4803 = VERTEX_POINT('',#4804);
#4804 = CARTESIAN_POINT('',(-5.684341886081E-14,8.,12.65));
#4805 = SURFACE_CURVE('',#4806,(#4811,#4818),.PCURVE_S1.);
#4806 = CIRCLE('',#4807,12.65);
#4807 = AXIS2_PLACEMENT_3D('',#4808,#4809,#4810);
#4808 = CARTESIAN_POINT('',(0.,8.,0.));
#4809 = DIRECTION('',(0.,1.,0.));
#4810 = DIRECTION('',(0.,-0.,1.));
#4811 = PCURVE('',#3814,#4812);
#4812 = DEFINITIONAL_REPRESENTATION('',(#4813),#4817);
#4813 = LINE('',#4814,#4815);
#4814 = CARTESIAN_POINT('',(0.,0.));
#4815 = VECTOR('',#4816,1.);
#4816 = DIRECTION('',(1.,0.));
#4817 = ( GEOMETRIC_REPRESENTATION_CONTEXT(2) 
PARAMETRIC_REPRESENTATION_CONTEXT() REPRESENTATION_CONTEXT('2D SPACE',''
  ) );
#4818 = PCURVE('',#4819,#4824);
#4819 = PLANE('',#4820);
#4820 = AXIS2_PLACEMENT_3D('',#4821,#4822,#4823);
#4821 = CARTESIAN_POINT('',(0.,8.,0.));
#4822 = DIRECTION('',(0.,1.,0.));
#4823 = DIRECTION('',(0.,-0.,1.));
#4824 = DEFINITIONAL_REPRESENTATION('',(#4825),#4829);
#4825 = CIRCLE('',#4826,12.65);
#4826 = AXIS2_PLACEMENT_2D('',#4827,#4828);
#4827 = CARTESIAN_POINT('',(0.,0.));
#4828 = DIRECTION('',(1.,0.));
#4829 = ( GEOMETRIC_REPRESENTATION_CONTEXT(2) 
PARAMETRIC_REPRESENTATION_CONTEXT() REPRESENTATION_CONTEXT('2D SPACE',''
  ) );
#4830 = ORIENTED_EDGE('',*,*,#4831,.T.);
#4831 = EDGE_CURVE('',#4803,#3798,#4832,.T.);
#4832 = SEAM_CURVE('',#4833,(#4837,#4844),.PCURVE_S1.);
#4833 = LINE('',#4834,#4835);
#4834 = CARTESIAN_POINT('',(-5.684341886081E-14,8.,12.65));
#4835 = VECTOR('',#4836,1.);
#4836 = DIRECTION('',(0.,1.,0.));
#4837 = PCURVE('',#3814,#4838);
#4838 = DEFINITIONAL_REPRESENTATION('',(#4839),#4843);
#4839 = LINE('',#4840,#4841);
#4840 = CARTESIAN_POINT('',(0.,-0.));
#4841 = VECTOR('',#4842,1.);
#4842 = DIRECTION('',(0.,1.));
#4843 = ( GEOMETRIC_REPRESENTATION_CONTEXT(2) 
PARAMETRIC_REPRESENTATION_CONTEXT() REPRESENTATION_CONTEXT('2D SPACE',''
  ) );
#4844 = PCURVE('',#3814,#4845);
#4845 = DEFINITIONAL_REPRESENTATION('',(#4846),#4850);
#4846 = LINE('',#4847,#4848);
#4847 = CARTESIAN_POINT('',(6.28318530718,-0.));
#4848 = VECTOR('',#4849,1.);
#4849 = DIRECTION('',(0.,1.));
#4850 = ( GEOMETRIC_REPRESENTATION_CONTEXT(2) 
PARAMETRIC_REPRESENTATION_CONTEXT() REPRESENTATION_CONTEXT('2D SPACE',''
  ) );
#4851 = ORIENTED_EDGE('',*,*,#3797,.F.);
#4852 = ORIENTED_EDGE('',*,*,#4831,.F.);
#4853 = ORIENTED_EDGE('',*,*,#4854,.T.);
#4854 = EDGE_CURVE('',#4803,#4287,#4855,.T.);
#4855 = SURFACE_CURVE('',#4856,(#4861,#4868),.PCURVE_S1.);
#4856 = CIRCLE('',#4857,12.65);
#4857 = AXIS2_PLACEMENT_3D('',#4858,#4859,#4860);
#4858 = CARTESIAN_POINT('',(0.,8.,0.));
#4859 = DIRECTION('',(0.,1.,0.));
#4860 = DIRECTION('',(0.,-0.,1.));
#4861 = PCURVE('',#3814,#4862);
#4862 = DEFINITIONAL_REPRESENTATION('',(#4863),#4867);
#4863 = LINE('',#4864,#4865);
#4864 = CARTESIAN_POINT('',(0.,0.));
#4865 = VECTOR('',#4866,1.);
#4866 = DIRECTION('',(1.,0.));
#4867 = ( GEOMETRIC_REPRESENTATION_CONTEXT(2) 
PARAMETRIC_REPRESENTATION_CONTEXT() REPRESENTATION_CONTEXT('2D SPACE',''
  ) );
#4868 = PCURVE('',#4819,#4869);
#4869 = DEFINITIONAL_REPRESENTATION('',(#4870),#4874);
#4870 = CIRCLE('',#4871,12.65);
#4871 = AXIS2_PLACEMENT_2D('',#4872,#4873);
#4872 = CARTESIAN_POINT('',(0.,0.));
#4873 = DIRECTION('',(1.,0.));
#4874 = ( GEOMETRIC_REPRESENTATION_CONTEXT(2) 
PARAMETRIC_REPRESENTATION_CONTEXT() REPRESENTATION_CONTEXT('2D SPACE',''
  ) );
#4875 = ORIENTED_EDGE('',*,*,#4398,.T.);
#4876 = ORIENTED_EDGE('',*,*,#4364,.T.);
#4877 = FACE_BOUND('',#4878,.F.);
#4878 = EDGE_LOOP('',(#4879));
#4879 = ORIENTED_EDGE('',*,*,#3853,.F.);
#4880 = FACE_BOUND('',#4881,.F.);
#4881 = EDGE_LOOP('',(#4882));
#4882 = ORIENTED_EDGE('',*,*,#4043,.T.);
#4883 = ADVANCED_FACE('',(#4884),#4305,.T.);
#4884 = FACE_BOUND('',#4885,.T.);
#4885 = EDGE_LOOP('',(#4886,#4887,#4888));
#4886 = ORIENTED_EDGE('',*,*,#4286,.T.);
#4887 = ORIENTED_EDGE('',*,*,#4340,.T.);
#4888 = ORIENTED_EDGE('',*,*,#4889,.F.);
#4889 = EDGE_CURVE('',#4287,#4341,#4890,.T.);
#4890 = SURFACE_CURVE('',#4891,(#4895,#4902),.PCURVE_S1.);
#4891 = LINE('',#4892,#4893);
#4892 = CARTESIAN_POINT('',(5.032284894436,8.,-5.180293273684));
#4893 = VECTOR('',#4894,1.);
#4894 = DIRECTION('',(-0.717279380859,0.,-0.696785684263));
#4895 = PCURVE('',#4305,#4896);
#4896 = DEFINITIONAL_REPRESENTATION('',(#4897),#4901);
#4897 = LINE('',#4898,#4899);
#4898 = CARTESIAN_POINT('',(-3.330669073875E-15,7.222141625595));
#4899 = VECTOR('',#4900,1.);
#4900 = DIRECTION('',(1.,-6.938893903907E-18));
#4901 = ( GEOMETRIC_REPRESENTATION_CONTEXT(2) 
PARAMETRIC_REPRESENTATION_CONTEXT() REPRESENTATION_CONTEXT('2D SPACE',''
  ) );
#4902 = PCURVE('',#4819,#4903);
#4903 = DEFINITIONAL_REPRESENTATION('',(#4904),#4908);
#4904 = LINE('',#4905,#4906);
#4905 = CARTESIAN_POINT('',(-5.180293273684,5.032284894436));
#4906 = VECTOR('',#4907,1.);
#4907 = DIRECTION('',(-0.696785684263,-0.717279380859));
#4908 = ( GEOMETRIC_REPRESENTATION_CONTEXT(2) 
PARAMETRIC_REPRESENTATION_CONTEXT() REPRESENTATION_CONTEXT('2D SPACE',''
  ) );
#4909 = ADVANCED_FACE('',(#4910),#4454,.T.);
#4910 = FACE_BOUND('',#4911,.T.);
#4911 = EDGE_LOOP('',(#4912,#4913));
#4912 = ORIENTED_EDGE('',*,*,#4432,.F.);
#4913 = ORIENTED_EDGE('',*,*,#4914,.T.);
#4914 = EDGE_CURVE('',#4433,#4435,#4915,.T.);
#4915 = SURFACE_CURVE('',#4916,(#4921,#4928),.PCURVE_S1.);
#4916 = CIRCLE('',#4917,3.);
#4917 = AXIS2_PLACEMENT_3D('',#4918,#4919,#4920);
#4918 = CARTESIAN_POINT('',(27.452166567731,11.493778569265,
    -14.22222222222));
#4919 = DIRECTION('',(0.124034734589,-0.992277876714,0.));
#4920 = DIRECTION('',(-0.992277876714,-0.124034734589,0.));
#4921 = PCURVE('',#4454,#4922);
#4922 = DEFINITIONAL_REPRESENTATION('',(#4923),#4927);
#4923 = CIRCLE('',#4924,3.);
#4924 = AXIS2_PLACEMENT_2D('',#4925,#4926);
#4925 = CARTESIAN_POINT('',(0.,0.));
#4926 = DIRECTION('',(1.,0.));
#4927 = ( GEOMETRIC_REPRESENTATION_CONTEXT(2) 
PARAMETRIC_REPRESENTATION_CONTEXT() REPRESENTATION_CONTEXT('2D SPACE',''
  ) );
#4928 = PCURVE('',#4564,#4929);
#4929 = DEFINITIONAL_REPRESENTATION('',(#4930),#4934);
#4930 = LINE('',#4931,#4932);
#4931 = CARTESIAN_POINT('',(0.,0.));
#4932 = VECTOR('',#4933,1.);
#4933 = DIRECTION('',(1.,0.));
#4934 = ( GEOMETRIC_REPRESENTATION_CONTEXT(2) 
PARAMETRIC_REPRESENTATION_CONTEXT() REPRESENTATION_CONTEXT('2D SPACE',''
  ) );
#4935 = ADVANCED_FACE('',(#4936),#4564,.F.);
#4936 = FACE_BOUND('',#4937,.F.);
#4937 = EDGE_LOOP('',(#4938,#4960,#4961,#4962));
#4938 = ORIENTED_EDGE('',*,*,#4939,.F.);
#4939 = EDGE_CURVE('',#4467,#4618,#4940,.T.);
#4940 = SURFACE_CURVE('',#4941,(#4946,#4953),.PCURVE_S1.);
#4941 = CIRCLE('',#4942,3.);
#4942 = AXIS2_PLACEMENT_3D('',#4943,#4944,#4945);
#4943 = CARTESIAN_POINT('',(29.436722321158,-4.382667458154,
    -14.22222222222));
#4944 = DIRECTION('',(0.124034734589,-0.992277876714,0.));
#4945 = DIRECTION('',(-0.992277876714,-0.124034734589,0.));
#4946 = PCURVE('',#4564,#4947);
#4947 = DEFINITIONAL_REPRESENTATION('',(#4948),#4952);
#4948 = LINE('',#4949,#4950);
#4949 = CARTESIAN_POINT('',(0.,16.));
#4950 = VECTOR('',#4951,1.);
#4951 = DIRECTION('',(1.,0.));
#4952 = ( GEOMETRIC_REPRESENTATION_CONTEXT(2) 
PARAMETRIC_REPRESENTATION_CONTEXT() REPRESENTATION_CONTEXT('2D SPACE',''
  ) );
#4953 = PCURVE('',#4637,#4954);
#4954 = DEFINITIONAL_REPRESENTATION('',(#4955),#4959);
#4955 = CIRCLE('',#4956,3.);
#4956 = AXIS2_PLACEMENT_2D('',#4957,#4958);
#4957 = CARTESIAN_POINT('',(0.,0.));
#4958 = DIRECTION('',(1.,0.));
#4959 = ( GEOMETRIC_REPRESENTATION_CONTEXT(2) 
PARAMETRIC_REPRESENTATION_CONTEXT() REPRESENTATION_CONTEXT('2D SPACE',''
  ) );
#4960 = ORIENTED_EDGE('',*,*,#4466,.F.);
#4961 = ORIENTED_EDGE('',*,*,#4914,.T.);
#4962 = ORIENTED_EDGE('',*,*,#4649,.F.);
#4963 = ADVANCED_FACE('',(#4964),#4637,.F.);
#4964 = FACE_BOUND('',#4965,.F.);
#4965 = EDGE_LOOP('',(#4966,#4967));
#4966 = ORIENTED_EDGE('',*,*,#4617,.F.);
#4967 = ORIENTED_EDGE('',*,*,#4939,.T.);
#4968 = ADVANCED_FACE('',(#4969),#4819,.T.);
#4969 = FACE_BOUND('',#4970,.T.);
#4970 = EDGE_LOOP('',(#4971,#4972,#4973));
#4971 = ORIENTED_EDGE('',*,*,#4802,.T.);
#4972 = ORIENTED_EDGE('',*,*,#4854,.T.);
#4973 = ORIENTED_EDGE('',*,*,#4889,.T.);
#4974 = ( GEOMETRIC_REPRESENTATION_CONTEXT(3) 
GLOBAL_UNCERTAINTY_ASSIGNED_CONTEXT((#4978)) 
GLOBAL_UNIT_ASSIGNED_CONTEXT((#4975,#4976,#4977)) REPRESENTATION_CONTEXT
('Context #1','3D Context with UNIT and UNCERTAINTY') );
#4975 = ( LENGTH_UNIT() NAMED_UNIT(*) SI_UNIT(.MILLI.,.METRE.) );
#4976 = ( NAMED_UNIT(*) PLANE_ANGLE_UNIT() SI_UNIT($,.RADIAN.) );
#4977 = ( NAMED_UNIT(*) SI_UNIT($,.STERADIAN.) SOLID_ANGLE_UNIT() );
#4978 = UNCERTAINTY_MEASURE_WITH_UNIT(LENGTH_MEASURE(1.E-07),#4975,
  'distance_accuracy_value','confusion accuracy');
#4979 = PRODUCT_RELATED_PRODUCT_CATEGORY('part',$,(#7));
ENDSEC;
END-ISO-10303-21;
