ISO-10303-21;
HEADER;
FILE_DESCRIPTION(('Open CASCADE Model'),'2;1');
FILE_NAME('Open CASCADE Shape Model','2026-09-09T07:51:02',('Author'),(
    'Open CASCADE'),'Open CASCADE STEP processor 7.9','Open CASCADE 7.9'
  ,'Unknown');
FILE_SCHEMA(('AUTOMOTIVE_DESIGN { 1 0 10303 214 1 1 1 1 }'));
ENDSEC;
DATA;
#1 = APPLICATION_PROTOCOL_DEFINITION('international standard',
  'automotive_design',2000,#2);
#2 = APPLICATION_CONTEXT(
  'core data for automotive mechanical design processes');
#3 = SHAPE_DEFINITION_REPRESENTATION(#4,#10);
#4 = PRODUCT_DEFINITION_SHAPE('','',#5);
#5 = PRODUCT_DEFINITION('design','',#6,#9);
#6 = PRODUCT_DEFINITION_FORMATION('','',#7);
#7 = PRODUCT('Open CASCADE STEP translator 7.9 4',
  'Open CASCADE STEP translator 7.9 4','',(#8));
#8 = PRODUCT_CONTEXT('',#2,'mechanical');
#9 = PRODUCT_DEFINITION_CONTEXT('part definition',#2,'design');
#10 = ADVANCED_BREP_SHAPE_REPRESENTATION('',(#11,#15),#8257);
#11 = AXIS2_PLACEMENT_3D('',#12,#13,#14);
#12 = CARTESIAN_POINT('',(0.,0.,0.));
#13 = DIRECTION('',(0.,0.,1.));
#14 = DIRECTION('',(1.,0.,-0.));
#15 = MANIFOLD_SOLID_BREP('',#16);
#16 = CLOSED_SHELL('',(#17,#156,#675,#1509,#3717,#4775,#4830,#5504,#6268
    ,#6272,#6299,#7379,#7565,#7570,#7605,#7611,#7618,#7844,#8070,#8074,
    #8101,#8130,#8134,#8161,#8165,#8192,#8253));
#17 = ADVANCED_FACE('',(#18),#33,.T.);
#18 = FACE_BOUND('',#19,.T.);
#19 = EDGE_LOOP('',(#20,#56,#126));
#20 = ORIENTED_EDGE('',*,*,#21,.F.);
#21 = EDGE_CURVE('',#22,#24,#26,.T.);
#22 = VERTEX_POINT('',#23);
#23 = CARTESIAN_POINT('',(10.495358992837,0.,-18.18921217676));
#24 = VERTEX_POINT('',#25);
#25 = CARTESIAN_POINT('',(11.38906299049,0.,-17.64339094954));
#26 = SURFACE_CURVE('',#27,(#32,#44),.PCURVE_S1.);
#27 = CIRCLE('',#28,21.);
#28 = AXIS2_PLACEMENT_3D('',#29,#30,#31);
#29 = CARTESIAN_POINT('',(0.,0.,0.));
#30 = DIRECTION('',(-2.449293598295E-16,-1.,0.));
#31 = DIRECTION('',(1.,-2.449293598295E-16,0.));
#32 = PCURVE('',#33,#38);
#33 = SPHERICAL_SURFACE('',#34,21.);
#34 = AXIS2_PLACEMENT_3D('',#35,#36,#37);
#35 = CARTESIAN_POINT('',(0.,0.,0.));
#36 = DIRECTION('',(0.,0.,1.));
#37 = DIRECTION('',(1.,0.,-0.));
#38 = DEFINITIONAL_REPRESENTATION('',(#39),#43);
#39 = LINE('',#40,#41);
#40 = CARTESIAN_POINT('',(0.,-6.28318530718));
#41 = VECTOR('',#42,1.);
#42 = DIRECTION('',(0.,1.));
#43 = ( GEOMETRIC_REPRESENTATION_CONTEXT(2) 
PARAMETRIC_REPRESENTATION_CONTEXT() REPRESENTATION_CONTEXT('2D SPACE',''
  ) );
#44 = PCURVE('',#45,#50);
#45 = SPHERICAL_SURFACE('',#46,21.);
#46 = AXIS2_PLACEMENT_3D('',#47,#48,#49);
#47 = CARTESIAN_POINT('',(0.,0.,0.));
#48 = DIRECTION('',(0.,0.,1.));
#49 = DIRECTION('',(1.,0.,-0.));
#50 = DEFINITIONAL_REPRESENTATION('',(#51),#55);
#51 = LINE('',#52,#53);
#52 = CARTESIAN_POINT('',(6.28318530718,-6.28318530718));
#53 = VECTOR('',#54,1.);
#54 = DIRECTION('',(0.,1.));
#55 = ( GEOMETRIC_REPRESENTATION_CONTEXT(2) 
PARAMETRIC_REPRESENTATION_CONTEXT() REPRESENTATION_CONTEXT('2D SPACE',''
  ) );
#56 = ORIENTED_EDGE('',*,*,#57,.F.);
#57 = EDGE_CURVE('',#58,#22,#60,.T.);
#58 = VERTEX_POINT('',#59);
#59 = CARTESIAN_POINT('',(10.474729466772,0.855992263654,-18.18096036634
    ));
#60 = SURFACE_CURVE('',#61,(#66,#114),.PCURVE_S1.);
#61 = CIRCLE('',#62,16.5);
#62 = AXIS2_PLACEMENT_3D('',#63,#64,#65);
#63 = CARTESIAN_POINT('',(-4.82450640677,0.,-12.06126601692));
#64 = DIRECTION('',(-0.371390676354,0.,-0.928476690885));
#65 = DIRECTION('',(0.928476690885,0.,-0.371390676354));
#66 = PCURVE('',#33,#67);
#67 = DEFINITIONAL_REPRESENTATION('',(#68),#113);
#68 = B_SPLINE_CURVE_WITH_KNOTS('',8,(#69,#70,#71,#72,#73,#74,#75,#76,
    #77,#78,#79,#80,#81,#82,#83,#84,#85,#86,#87,#88,#89,#90,#91,#92,#93,
    #94,#95,#96,#97,#98,#99,#100,#101,#102,#103,#104,#105,#106,#107,#108
    ,#109,#110,#111,#112),.UNSPECIFIED.,.F.,.F.,(9,7,7,7,7,7,9),(
    3.14159265359,3.926990816987,4.516039439535,4.957825906446,
    5.620505606813,5.951845456996,6.28318530718),.UNSPECIFIED.);
#69 = CARTESIAN_POINT('',(3.14159265359,-0.286439967391));
#70 = CARTESIAN_POINT('',(3.061178941632,-0.286439967391));
#71 = CARTESIAN_POINT('',(2.980765247665,-0.289790807889));
#72 = CARTESIAN_POINT('',(2.900422664257,-0.296492444479));
#73 = CARTESIAN_POINT('',(2.820222749714,-0.306494639891));
#74 = CARTESIAN_POINT('',(2.740216133595,-0.319696362686));
#75 = CARTESIAN_POINT('',(2.660414188655,-0.335951845691));
#76 = CARTESIAN_POINT('',(2.58077478624,-0.355078894362));
#77 = CARTESIAN_POINT('',(2.441506926591,-0.393204640945));
#78 = CARTESIAN_POINT('',(2.381853164933,-0.411039970814));
#79 = CARTESIAN_POINT('',(2.322187712656,-0.430281438063));
#80 = CARTESIAN_POINT('',(2.262446154875,-0.450829669644));
#81 = CARTESIAN_POINT('',(2.202541871224,-0.472577258989));
#82 = CARTESIAN_POINT('',(2.14236350466,-0.495409506105));
#83 = CARTESIAN_POINT('',(2.081771844185,-0.519204145));
#84 = CARTESIAN_POINT('',(1.974714329492,-0.56229949359));
#85 = CARTESIAN_POINT('',(1.928504004771,-0.581236512319));
#86 = CARTESIAN_POINT('',(1.881893010393,-0.600585780847));
#87 = CARTESIAN_POINT('',(1.834799302899,-0.620289092777));
#88 = CARTESIAN_POINT('',(1.787129700895,-0.640285025356));
#89 = CARTESIAN_POINT('',(1.738778777371,-0.660508264096));
#90 = CARTESIAN_POINT('',(1.689627875769,-0.680888595826));
#91 = CARTESIAN_POINT('',(1.564418810796,-0.732041031641));
#92 = CARTESIAN_POINT('',(1.487194746304,-0.762913943222));
#93 = CARTESIAN_POINT('',(1.407424585357,-0.79371020647));
#94 = CARTESIAN_POINT('',(1.324589487032,-0.824140411169));
#95 = CARTESIAN_POINT('',(1.238101591982,-0.853872182231));
#96 = CARTESIAN_POINT('',(1.147306143652,-0.882519546935));
#97 = CARTESIAN_POINT('',(1.051547393556,-0.909618058967));
#98 = CARTESIAN_POINT('',(0.899859601053,-0.947165422345));
#99 = CARTESIAN_POINT('',(0.847955389036,-0.959164479479));
#100 = CARTESIAN_POINT('',(0.794659040496,-0.970582038389));
#101 = CARTESIAN_POINT('',(0.739935900607,-0.981350044138));
#102 = CARTESIAN_POINT('',(0.683773897154,-0.991397817769));
#103 = CARTESIAN_POINT('',(0.626194218024,-1.000653832379));
#104 = CARTESIAN_POINT('',(0.567260729294,-1.009048587823));
#105 = CARTESIAN_POINT('',(0.446905095667,-1.023988552124));
#106 = CARTESIAN_POINT('',(0.385482910738,-1.030533757644));
#107 = CARTESIAN_POINT('',(0.322925991489,-1.03609066118));
#108 = CARTESIAN_POINT('',(0.259388548703,-1.040601641565));
#109 = CARTESIAN_POINT('',(0.195074081307,-1.044018747035));
#110 = CARTESIAN_POINT('',(0.130226756012,-1.046308058385));
#111 = CARTESIAN_POINT('',(6.511339359325E-02,-1.047452721616));
#112 = CARTESIAN_POINT('',(0.,-1.047452721616));
#113 = ( GEOMETRIC_REPRESENTATION_CONTEXT(2) 
PARAMETRIC_REPRESENTATION_CONTEXT() REPRESENTATION_CONTEXT('2D SPACE',''
  ) );
#114 = PCURVE('',#115,#120);
#115 = CYLINDRICAL_SURFACE('',#116,16.5);
#116 = AXIS2_PLACEMENT_3D('',#117,#118,#119);
#117 = CARTESIAN_POINT('',(0.,0.,0.));
#118 = DIRECTION('',(-0.371390676354,0.,-0.928476690885));
#119 = DIRECTION('',(-0.928476690885,0.,0.371390676354));
#120 = DEFINITIONAL_REPRESENTATION('',(#121),#125);
#121 = LINE('',#122,#123);
#122 = CARTESIAN_POINT('',(-3.14159265359,12.990381056767));
#123 = VECTOR('',#124,1.);
#124 = DIRECTION('',(1.,0.));
#125 = ( GEOMETRIC_REPRESENTATION_CONTEXT(2) 
PARAMETRIC_REPRESENTATION_CONTEXT() REPRESENTATION_CONTEXT('2D SPACE',''
  ) );
#126 = ORIENTED_EDGE('',*,*,#127,.F.);
#127 = EDGE_CURVE('',#24,#58,#128,.T.);
#128 = SURFACE_CURVE('',#129,(#134,#144),.PCURVE_S1.);
#129 = CIRCLE('',#130,6.);
#130 = AXIS2_PLACEMENT_3D('',#131,#132,#133);
#131 = CARTESIAN_POINT('',(13.067538223944,4.839828971831,
    -14.51948691549));
#132 = DIRECTION('',(0.649331194829,0.240493035122,-0.721479105366));
#133 = DIRECTION('',(0.743294146247,1.387778780781E-17,0.668964731622));
#134 = PCURVE('',#33,#135);
#135 = DEFINITIONAL_REPRESENTATION('',(#136),#143);
#136 = B_SPLINE_CURVE_WITH_KNOTS('',5,(#137,#138,#139,#140,#141,#142),
  .UNSPECIFIED.,.F.,.F.,(6,6),(2.160639144128,2.392513151496),
  .PIECEWISE_BEZIER_KNOTS.);
#137 = CARTESIAN_POINT('',(-7.362999099314E-13,-0.997580891104));
#138 = CARTESIAN_POINT('',(1.319055564793E-02,-1.008733707864));
#139 = CARTESIAN_POINT('',(2.809327676428E-02,-1.019389982021));
#140 = CARTESIAN_POINT('',(4.476108759805E-02,-1.02946000302));
#141 = CARTESIAN_POINT('',(6.320990241584E-02,-1.038846130079));
#142 = CARTESIAN_POINT('',(8.336702062908E-02,-1.047452721616));
#143 = ( GEOMETRIC_REPRESENTATION_CONTEXT(2) 
PARAMETRIC_REPRESENTATION_CONTEXT() REPRESENTATION_CONTEXT('2D SPACE',''
  ) );
#144 = PCURVE('',#145,#150);
#145 = CYLINDRICAL_SURFACE('',#146,6.);
#146 = AXIS2_PLACEMENT_3D('',#147,#148,#149);
#147 = CARTESIAN_POINT('',(0.,0.,0.));
#148 = DIRECTION('',(0.649331194829,0.240493035122,-0.721479105366));
#149 = DIRECTION('',(-0.743294146247,-1.387778780781E-17,-0.668964731622
    ));
#150 = DEFINITIONAL_REPRESENTATION('',(#151),#155);
#151 = LINE('',#152,#153);
#152 = CARTESIAN_POINT('',(3.14159265359,20.124611797498));
#153 = VECTOR('',#154,1.);
#154 = DIRECTION('',(1.,0.));
#155 = ( GEOMETRIC_REPRESENTATION_CONTEXT(2) 
PARAMETRIC_REPRESENTATION_CONTEXT() REPRESENTATION_CONTEXT('2D SPACE',''
  ) );
#156 = ADVANCED_FACE('',(#157,#503,#582),#45,.T.);
#157 = FACE_BOUND('',#158,.T.);
#158 = EDGE_LOOP('',(#159,#217,#218,#253,#277,#304,#305,#356,#421));
#159 = ORIENTED_EDGE('',*,*,#160,.F.);
#160 = EDGE_CURVE('',#22,#161,#163,.T.);
#161 = VERTEX_POINT('',#162);
#162 = CARTESIAN_POINT('',(-19.80852733344,-3.435953371042,
    -6.067657646255));
#163 = SURFACE_CURVE('',#164,(#169,#210),.PCURVE_S1.);
#164 = CIRCLE('',#165,16.5);
#165 = AXIS2_PLACEMENT_3D('',#166,#167,#168);
#166 = CARTESIAN_POINT('',(-4.82450640677,0.,-12.06126601692));
#167 = DIRECTION('',(-0.371390676354,0.,-0.928476690885));
#168 = DIRECTION('',(0.928476690885,0.,-0.371390676354));
#169 = PCURVE('',#45,#170);
#170 = DEFINITIONAL_REPRESENTATION('',(#171),#209);
#171 = B_SPLINE_CURVE_WITH_KNOTS('',8,(#172,#173,#174,#175,#176,#177,
    #178,#179,#180,#181,#182,#183,#184,#185,#186,#187,#188,#189,#190,
    #191,#192,#193,#194,#195,#196,#197,#198,#199,#200,#201,#202,#203,
    #204,#205,#206,#207,#208),.UNSPECIFIED.,.F.,.F.,(9,7,7,7,7,9),(0.,
    0.392699081699,0.736310778185,1.337631247036,2.239611950313,
    3.14159265359),.UNSPECIFIED.);
#172 = CARTESIAN_POINT('',(6.28318530718,-1.047452721616));
#173 = CARTESIAN_POINT('',(6.206013877736,-1.047452721616));
#174 = CARTESIAN_POINT('',(6.128842450483,-1.04584485492));
#175 = CARTESIAN_POINT('',(6.052114203303,-1.042629143514));
#176 = CARTESIAN_POINT('',(5.976272358708,-1.037838847476));
#177 = CARTESIAN_POINT('',(5.901710822109,-1.031540948214));
#178 = CARTESIAN_POINT('',(5.828723625562,-1.023827734287));
#179 = CARTESIAN_POINT('',(5.757508652599,-1.014805465746));
#180 = CARTESIAN_POINT('',(5.627517662643,-0.99564580155));
#181 = CARTESIAN_POINT('',(5.568299500842,-0.985788769929));
#182 = CARTESIAN_POINT('',(5.510602284219,-0.97509144752));
#183 = CARTESIAN_POINT('',(5.454453435143,-0.963633249431));
#184 = CARTESIAN_POINT('',(5.399839296154,-0.951493257682));
#185 = CARTESIAN_POINT('',(5.346717136986,-0.938747699712));
#186 = CARTESIAN_POINT('',(5.29502654038,-0.925468717239));
#187 = CARTESIAN_POINT('',(5.156616677824,-0.887670891374));
#188 = CARTESIAN_POINT('',(5.072701958626,-0.862191535994));
#189 = CARTESIAN_POINT('',(4.992566760893,-0.835649272456));
#190 = CARTESIAN_POINT('',(4.915723403815,-0.808364694833));
#191 = CARTESIAN_POINT('',(4.84169897143,-0.780612541254));
#192 = CARTESIAN_POINT('',(4.770069594772,-0.752630633587));
#193 = CARTESIAN_POINT('',(4.700456795747,-0.724631157729));
#194 = CARTESIAN_POINT('',(4.530643194341,-0.655064565235));
#195 = CARTESIAN_POINT('',(4.432551476806,-0.613713570647));
#196 = CARTESIAN_POINT('',(4.33714314994,-0.573394935994));
#197 = CARTESIAN_POINT('',(4.243547030772,-0.534645910238));
#198 = CARTESIAN_POINT('',(4.151110696592,-0.497945505131));
#199 = CARTESIAN_POINT('',(4.0593363086,-0.463733974996));
#200 = CARTESIAN_POINT('',(3.967870987251,-0.432412955371));
#201 = CARTESIAN_POINT('',(3.785091249566,-0.376260352613));
#202 = CARTESIAN_POINT('',(3.693776807939,-0.351428776748));
#203 = CARTESIAN_POINT('',(3.602304804446,-0.330196078496));
#204 = CARTESIAN_POINT('',(3.510561392569,-0.312869115857));
#205 = CARTESIAN_POINT('',(3.418535361246,-0.299698240171));
#206 = CARTESIAN_POINT('',(3.326292843161,-0.290859425896));
#207 = CARTESIAN_POINT('',(3.233942775916,-0.286439967391));
#208 = CARTESIAN_POINT('',(3.14159265359,-0.286439967391));
#209 = ( GEOMETRIC_REPRESENTATION_CONTEXT(2) 
PARAMETRIC_REPRESENTATION_CONTEXT() REPRESENTATION_CONTEXT('2D SPACE',''
  ) );
#210 = PCURVE('',#115,#211);
#211 = DEFINITIONAL_REPRESENTATION('',(#212),#216);
#212 = LINE('',#213,#214);
#213 = CARTESIAN_POINT('',(3.14159265359,12.990381056767));
#214 = VECTOR('',#215,1.);
#215 = DIRECTION('',(1.,0.));
#216 = ( GEOMETRIC_REPRESENTATION_CONTEXT(2) 
PARAMETRIC_REPRESENTATION_CONTEXT() REPRESENTATION_CONTEXT('2D SPACE',''
  ) );
#217 = ORIENTED_EDGE('',*,*,#21,.T.);
#218 = ORIENTED_EDGE('',*,*,#219,.F.);
#219 = EDGE_CURVE('',#220,#24,#222,.T.);
#220 = VERTEX_POINT('',#221);
#221 = CARTESIAN_POINT('',(16.350376652484,0.,-13.17820865375));
#222 = SURFACE_CURVE('',#223,(#228,#246),.PCURVE_S1.);
#223 = CIRCLE('',#224,6.);
#224 = AXIS2_PLACEMENT_3D('',#225,#226,#227);
#225 = CARTESIAN_POINT('',(13.067538223944,4.839828971831,
    -14.51948691549));
#226 = DIRECTION('',(0.649331194829,0.240493035122,-0.721479105366));
#227 = DIRECTION('',(0.743294146247,1.387778780781E-17,0.668964731622));
#228 = PCURVE('',#45,#229);
#229 = DEFINITIONAL_REPRESENTATION('',(#230),#245);
#230 = B_SPLINE_CURVE_WITH_KNOTS('',7,(#231,#232,#233,#234,#235,#236,
    #237,#238,#239,#240,#241,#242,#243,#244),.UNSPECIFIED.,.F.,.F.,(8,6,
    8),(0.980953509462,1.570796326795,2.160639144128),.UNSPECIFIED.);
#231 = CARTESIAN_POINT('',(6.283185307179,-0.678381558913));
#232 = CARTESIAN_POINT('',(6.266490572725,-0.698646285968));
#233 = CARTESIAN_POINT('',(6.251611635352,-0.719976701361));
#234 = CARTESIAN_POINT('',(6.238765126509,-0.74222450153));
#235 = CARTESIAN_POINT('',(6.228193947066,-0.765224362178));
#236 = CARTESIAN_POINT('',(6.220175878309,-0.788792027197));
#237 = CARTESIAN_POINT('',(6.215041975345,-0.812718769703));
#238 = CARTESIAN_POINT('',(6.211304415772,-0.860804067615));
#239 = CARTESIAN_POINT('',(6.212700738576,-0.884962601363));
#240 = CARTESIAN_POINT('',(6.217742957888,-0.908994056591));
#241 = CARTESIAN_POINT('',(6.2268612192,-0.932620203758));
#242 = CARTESIAN_POINT('',(6.240526460452,-0.955521485228));
#243 = CARTESIAN_POINT('',(6.259217997782,-0.977316164049));
#244 = CARTESIAN_POINT('',(6.283185307179,-0.997580891104));
#245 = ( GEOMETRIC_REPRESENTATION_CONTEXT(2) 
PARAMETRIC_REPRESENTATION_CONTEXT() REPRESENTATION_CONTEXT('2D SPACE',''
  ) );
#246 = PCURVE('',#145,#247);
#247 = DEFINITIONAL_REPRESENTATION('',(#248),#252);
#248 = LINE('',#249,#250);
#249 = CARTESIAN_POINT('',(3.14159265359,20.124611797498));
#250 = VECTOR('',#251,1.);
#251 = DIRECTION('',(1.,0.));
#252 = ( GEOMETRIC_REPRESENTATION_CONTEXT(2) 
PARAMETRIC_REPRESENTATION_CONTEXT() REPRESENTATION_CONTEXT('2D SPACE',''
  ) );
#253 = ORIENTED_EDGE('',*,*,#254,.T.);
#254 = EDGE_CURVE('',#220,#255,#257,.T.);
#255 = VERTEX_POINT('',#256);
#256 = CARTESIAN_POINT('',(14.,0.,15.652475842499));
#257 = SEAM_CURVE('',#258,(#263,#270),.PCURVE_S1.);
#258 = CIRCLE('',#259,21.);
#259 = AXIS2_PLACEMENT_3D('',#260,#261,#262);
#260 = CARTESIAN_POINT('',(0.,0.,0.));
#261 = DIRECTION('',(-2.449293598295E-16,-1.,0.));
#262 = DIRECTION('',(1.,-2.449293598295E-16,0.));
#263 = PCURVE('',#45,#264);
#264 = DEFINITIONAL_REPRESENTATION('',(#265),#269);
#265 = LINE('',#266,#267);
#266 = CARTESIAN_POINT('',(0.,-6.28318530718));
#267 = VECTOR('',#268,1.);
#268 = DIRECTION('',(0.,1.));
#269 = ( GEOMETRIC_REPRESENTATION_CONTEXT(2) 
PARAMETRIC_REPRESENTATION_CONTEXT() REPRESENTATION_CONTEXT('2D SPACE',''
  ) );
#270 = PCURVE('',#45,#271);
#271 = DEFINITIONAL_REPRESENTATION('',(#272),#276);
#272 = LINE('',#273,#274);
#273 = CARTESIAN_POINT('',(6.28318530718,-6.28318530718));
#274 = VECTOR('',#275,1.);
#275 = DIRECTION('',(0.,1.));
#276 = ( GEOMETRIC_REPRESENTATION_CONTEXT(2) 
PARAMETRIC_REPRESENTATION_CONTEXT() REPRESENTATION_CONTEXT('2D SPACE',''
  ) );
#277 = ORIENTED_EDGE('',*,*,#278,.F.);
#278 = EDGE_CURVE('',#255,#255,#279,.T.);
#279 = SURFACE_CURVE('',#280,(#285,#292),.PCURVE_S1.);
#280 = CIRCLE('',#281,14.);
#281 = AXIS2_PLACEMENT_3D('',#282,#283,#284);
#282 = CARTESIAN_POINT('',(0.,0.,15.652475842499));
#283 = DIRECTION('',(0.,0.,1.));
#284 = DIRECTION('',(0.,-1.,0.));
#285 = PCURVE('',#45,#286);
#286 = DEFINITIONAL_REPRESENTATION('',(#287),#291);
#287 = LINE('',#288,#289);
#288 = CARTESIAN_POINT('',(-1.570796326795,0.841068670568));
#289 = VECTOR('',#290,1.);
#290 = DIRECTION('',(1.,0.));
#291 = ( GEOMETRIC_REPRESENTATION_CONTEXT(2) 
PARAMETRIC_REPRESENTATION_CONTEXT() REPRESENTATION_CONTEXT('2D SPACE',''
  ) );
#292 = PCURVE('',#293,#298);
#293 = CYLINDRICAL_SURFACE('',#294,14.);
#294 = AXIS2_PLACEMENT_3D('',#295,#296,#297);
#295 = CARTESIAN_POINT('',(0.,0.,0.));
#296 = DIRECTION('',(0.,0.,1.));
#297 = DIRECTION('',(1.,0.,-0.));
#298 = DEFINITIONAL_REPRESENTATION('',(#299),#303);
#299 = LINE('',#300,#301);
#300 = CARTESIAN_POINT('',(-1.570796326795,15.652475842499));
#301 = VECTOR('',#302,1.);
#302 = DIRECTION('',(1.,0.));
#303 = ( GEOMETRIC_REPRESENTATION_CONTEXT(2) 
PARAMETRIC_REPRESENTATION_CONTEXT() REPRESENTATION_CONTEXT('2D SPACE',''
  ) );
#304 = ORIENTED_EDGE('',*,*,#254,.F.);
#305 = ORIENTED_EDGE('',*,*,#306,.F.);
#306 = EDGE_CURVE('',#307,#220,#309,.T.);
#307 = VERTEX_POINT('',#308);
#308 = CARTESIAN_POINT('',(8.714345375745,7.72149021866,-17.47680672993)
  );
#309 = SURFACE_CURVE('',#310,(#315,#349),.PCURVE_S1.);
#310 = CIRCLE('',#311,6.);
#311 = AXIS2_PLACEMENT_3D('',#312,#313,#314);
#312 = CARTESIAN_POINT('',(13.067538223944,4.839828971831,
    -14.51948691549));
#313 = DIRECTION('',(0.649331194829,0.240493035122,-0.721479105366));
#314 = DIRECTION('',(0.743294146247,1.387778780781E-17,0.668964731622));
#315 = PCURVE('',#45,#316);
#316 = DEFINITIONAL_REPRESENTATION('',(#317),#348);
#317 = B_SPLINE_CURVE_WITH_KNOTS('',8,(#318,#319,#320,#321,#322,#323,
    #324,#325,#326,#327,#328,#329,#330,#331,#332,#333,#334,#335,#336,
    #337,#338,#339,#340,#341,#342,#343,#344,#345,#346,#347),
  .UNSPECIFIED.,.F.,.F.,(9,7,7,7,9),(3.368444617323,3.855406392238,
    4.707589498339,5.98586415749,7.264138816642),.UNSPECIFIED.);
#318 = CARTESIAN_POINT('',(0.626044283393,-1.047452721616));
#319 = CARTESIAN_POINT('',(0.652501933211,-1.036155958726));
#320 = CARTESIAN_POINT('',(0.676268794388,-1.023631363171));
#321 = CARTESIAN_POINT('',(0.697224128274,-1.010036648242));
#322 = CARTESIAN_POINT('',(0.715371870636,-0.995534146427));
#323 = CARTESIAN_POINT('',(0.730800183913,-0.980278868735));
#324 = CARTESIAN_POINT('',(0.743641949747,-0.964413975727));
#325 = CARTESIAN_POINT('',(0.754045722568,-0.948070450969));
#326 = CARTESIAN_POINT('',(0.776378314364,-0.902138071908));
#327 = CARTESIAN_POINT('',(0.783598560384,-0.871808434155));
#328 = CARTESIAN_POINT('',(0.78465696191,-0.841019292507));
#329 = CARTESIAN_POINT('',(0.780428401813,-0.810302268716));
#330 = CARTESIAN_POINT('',(0.771615894019,-0.780095472697));
#331 = CARTESIAN_POINT('',(0.758814059833,-0.750780529115));
#332 = CARTESIAN_POINT('',(0.742520438125,-0.722691572873));
#333 = CARTESIAN_POINT('',(0.694143253829,-0.656273577393));
#334 = CARTESIAN_POINT('',(0.658238015291,-0.619846697047));
#335 = CARTESIAN_POINT('',(0.616919490769,-0.58784164228));
#336 = CARTESIAN_POINT('',(0.571323575224,-0.56105870283));
#337 = CARTESIAN_POINT('',(0.52246618702,-0.540153808334));
#338 = CARTESIAN_POINT('',(0.4713729687,-0.525599911215));
#339 = CARTESIAN_POINT('',(0.419073618107,-0.517649298729));
#340 = CARTESIAN_POINT('',(0.314124555827,-0.515017570617));
#341 = CARTESIAN_POINT('',(0.261474819295,-0.520336456363));
#342 = CARTESIAN_POINT('',(0.209680795634,-0.532321345207));
#343 = CARTESIAN_POINT('',(0.159773532702,-0.550782721769));
#344 = CARTESIAN_POINT('',(0.112780976589,-0.575305350472));
#345 = CARTESIAN_POINT('',(6.971073152553E-02,-0.605281282104));
#346 = CARTESIAN_POINT('',(3.165741523917E-02,-0.63995453985));
#347 = CARTESIAN_POINT('',(-5.142553050064E-13,-0.678381558913));
#348 = ( GEOMETRIC_REPRESENTATION_CONTEXT(2) 
PARAMETRIC_REPRESENTATION_CONTEXT() REPRESENTATION_CONTEXT('2D SPACE',''
  ) );
#349 = PCURVE('',#145,#350);
#350 = DEFINITIONAL_REPRESENTATION('',(#351),#355);
#351 = LINE('',#352,#353);
#352 = CARTESIAN_POINT('',(-3.14159265359,20.124611797498));
#353 = VECTOR('',#354,1.);
#354 = DIRECTION('',(1.,0.));
#355 = ( GEOMETRIC_REPRESENTATION_CONTEXT(2) 
PARAMETRIC_REPRESENTATION_CONTEXT() REPRESENTATION_CONTEXT('2D SPACE',''
  ) );
#356 = ORIENTED_EDGE('',*,*,#357,.F.);
#357 = EDGE_CURVE('',#358,#307,#360,.T.);
#358 = VERTEX_POINT('',#359);
#359 = CARTESIAN_POINT('',(-18.2190809732,8.008060422709,-6.703436190352
    ));
#360 = SURFACE_CURVE('',#361,(#366,#414),.PCURVE_S1.);
#361 = CIRCLE('',#362,16.5);
#362 = AXIS2_PLACEMENT_3D('',#363,#364,#365);
#363 = CARTESIAN_POINT('',(-4.82450640677,0.,-12.06126601692));
#364 = DIRECTION('',(-0.371390676354,0.,-0.928476690885));
#365 = DIRECTION('',(0.928476690885,0.,-0.371390676354));
#366 = PCURVE('',#45,#367);
#367 = DEFINITIONAL_REPRESENTATION('',(#368),#413);
#368 = B_SPLINE_CURVE_WITH_KNOTS('',8,(#369,#370,#371,#372,#373,#374,
    #375,#376,#377,#378,#379,#380,#381,#382,#383,#384,#385,#386,#387,
    #388,#389,#390,#391,#392,#393,#394,#395,#396,#397,#398,#399,#400,
    #401,#402,#403,#404,#405,#406,#407,#408,#409,#410,#411,#412),
  .UNSPECIFIED.,.F.,.F.,(9,7,7,7,7,7,9),(3.14159265359,3.926990816987,
    4.516039439535,4.957825906446,5.620505606813,5.951845456996,
    6.28318530718),.UNSPECIFIED.);
#369 = CARTESIAN_POINT('',(3.14159265359,-0.286439967391));
#370 = CARTESIAN_POINT('',(3.061178941632,-0.286439967391));
#371 = CARTESIAN_POINT('',(2.980765247665,-0.289790807889));
#372 = CARTESIAN_POINT('',(2.900422664257,-0.296492444479));
#373 = CARTESIAN_POINT('',(2.820222749714,-0.306494639891));
#374 = CARTESIAN_POINT('',(2.740216133595,-0.319696362686));
#375 = CARTESIAN_POINT('',(2.660414188655,-0.335951845691));
#376 = CARTESIAN_POINT('',(2.58077478624,-0.355078894362));
#377 = CARTESIAN_POINT('',(2.441506926591,-0.393204640945));
#378 = CARTESIAN_POINT('',(2.381853164933,-0.411039970814));
#379 = CARTESIAN_POINT('',(2.322187712656,-0.430281438063));
#380 = CARTESIAN_POINT('',(2.262446154875,-0.450829669644));
#381 = CARTESIAN_POINT('',(2.202541871224,-0.472577258989));
#382 = CARTESIAN_POINT('',(2.14236350466,-0.495409506105));
#383 = CARTESIAN_POINT('',(2.081771844185,-0.519204145));
#384 = CARTESIAN_POINT('',(1.974714329492,-0.56229949359));
#385 = CARTESIAN_POINT('',(1.928504004771,-0.581236512319));
#386 = CARTESIAN_POINT('',(1.881893010393,-0.600585780847));
#387 = CARTESIAN_POINT('',(1.834799302899,-0.620289092777));
#388 = CARTESIAN_POINT('',(1.787129700895,-0.640285025356));
#389 = CARTESIAN_POINT('',(1.738778777371,-0.660508264096));
#390 = CARTESIAN_POINT('',(1.689627875769,-0.680888595826));
#391 = CARTESIAN_POINT('',(1.564418810796,-0.732041031641));
#392 = CARTESIAN_POINT('',(1.487194746304,-0.762913943222));
#393 = CARTESIAN_POINT('',(1.407424585357,-0.79371020647));
#394 = CARTESIAN_POINT('',(1.324589487032,-0.824140411169));
#395 = CARTESIAN_POINT('',(1.238101591982,-0.853872182231));
#396 = CARTESIAN_POINT('',(1.147306143652,-0.882519546935));
#397 = CARTESIAN_POINT('',(1.051547393556,-0.909618058967));
#398 = CARTESIAN_POINT('',(0.899859601053,-0.947165422345));
#399 = CARTESIAN_POINT('',(0.847955389036,-0.959164479479));
#400 = CARTESIAN_POINT('',(0.794659040496,-0.970582038389));
#401 = CARTESIAN_POINT('',(0.739935900607,-0.981350044138));
#402 = CARTESIAN_POINT('',(0.683773897154,-0.991397817769));
#403 = CARTESIAN_POINT('',(0.626194218024,-1.000653832379));
#404 = CARTESIAN_POINT('',(0.567260729294,-1.009048587823));
#405 = CARTESIAN_POINT('',(0.446905095667,-1.023988552124));
#406 = CARTESIAN_POINT('',(0.385482910738,-1.030533757644));
#407 = CARTESIAN_POINT('',(0.322925991489,-1.03609066118));
#408 = CARTESIAN_POINT('',(0.259388548703,-1.040601641565));
#409 = CARTESIAN_POINT('',(0.195074081307,-1.044018747035));
#410 = CARTESIAN_POINT('',(0.130226756012,-1.046308058385));
#411 = CARTESIAN_POINT('',(6.511339359325E-02,-1.047452721616));
#412 = CARTESIAN_POINT('',(0.,-1.047452721616));
#413 = ( GEOMETRIC_REPRESENTATION_CONTEXT(2) 
PARAMETRIC_REPRESENTATION_CONTEXT() REPRESENTATION_CONTEXT('2D SPACE',''
  ) );
#414 = PCURVE('',#115,#415);
#415 = DEFINITIONAL_REPRESENTATION('',(#416),#420);
#416 = LINE('',#417,#418);
#417 = CARTESIAN_POINT('',(-3.14159265359,12.990381056767));
#418 = VECTOR('',#419,1.);
#419 = DIRECTION('',(1.,0.));
#420 = ( GEOMETRIC_REPRESENTATION_CONTEXT(2) 
PARAMETRIC_REPRESENTATION_CONTEXT() REPRESENTATION_CONTEXT('2D SPACE',''
  ) );
#421 = ORIENTED_EDGE('',*,*,#422,.F.);
#422 = EDGE_CURVE('',#161,#358,#423,.T.);
#423 = SURFACE_CURVE('',#424,(#429,#491),.PCURVE_S1.);
#424 = CIRCLE('',#425,6.);
#425 = AXIS2_PLACEMENT_3D('',#426,#427,#428);
#426 = CARTESIAN_POINT('',(-19.38174847409,2.422718559262,
    -4.845437118523));
#427 = DIRECTION('',(-0.963086824686,0.120385853086,-0.240771706172));
#428 = DIRECTION('',(0.242535625036,0.,-0.970142500145));
#429 = PCURVE('',#45,#430);
#430 = DEFINITIONAL_REPRESENTATION('',(#431),#490);
#431 = B_SPLINE_CURVE_WITH_KNOTS('',8,(#432,#433,#434,#435,#436,#437,
    #438,#439,#440,#441,#442,#443,#444,#445,#446,#447,#448,#449,#450,
    #451,#452,#453,#454,#455,#456,#457,#458,#459,#460,#461,#462,#463,
    #464,#465,#466,#467,#468,#469,#470,#471,#472,#473,#474,#475,#476,
    #477,#478,#479,#480,#481,#482,#483,#484,#485,#486,#487,#488,#489),
  .UNSPECIFIED.,.F.,.F.,(9,7,7,7,7,7,7,7,9),(0.,0.785398163397,
    1.47262155637,2.675262494073,3.577243197349,4.253728724807,
    5.268457015993,5.775821161586,6.28318530718),.UNSPECIFIED.);
#432 = CARTESIAN_POINT('',(3.007259495428,-0.532766863343));
#433 = CARTESIAN_POINT('',(3.039803786901,-0.533717633281));
#434 = CARTESIAN_POINT('',(3.072508452628,-0.531124526497));
#435 = CARTESIAN_POINT('',(3.104676552663,-0.524965739806));
#436 = CARTESIAN_POINT('',(3.135598839979,-0.515333133929));
#437 = CARTESIAN_POINT('',(3.164633055321,-0.502437587042));
#438 = CARTESIAN_POINT('',(3.191293077284,-0.486579788067));
#439 = CARTESIAN_POINT('',(3.21523353992,-0.468110988646));
#440 = CARTESIAN_POINT('',(3.254599178626,-0.429297513006));
#441 = CARTESIAN_POINT('',(3.2707147129,-0.409475894407));
#442 = CARTESIAN_POINT('',(3.284423544412,-0.388199592391));
#443 = CARTESIAN_POINT('',(3.295644410114,-0.36573892133));
#444 = CARTESIAN_POINT('',(3.304351546472,-0.342367362988));
#445 = CARTESIAN_POINT('',(3.310556775792,-0.318354866277));
#446 = CARTESIAN_POINT('',(3.31429513989,-0.293965177724));
#447 = CARTESIAN_POINT('',(3.31794042739,-0.226561546864));
#448 = CARTESIAN_POINT('',(3.312870901022,-0.183298611985));
#449 = CARTESIAN_POINT('',(3.300700617425,-0.141040232278));
#450 = CARTESIAN_POINT('',(3.281892098987,-0.101092065853));
#451 = CARTESIAN_POINT('',(3.256975812536,-6.466731985512E-02));
#452 = CARTESIAN_POINT('',(3.226638650616,-3.290424692364E-02));
#453 = CARTESIAN_POINT('',(3.191841743716,-6.755152506562E-03));
#454 = CARTESIAN_POINT('',(3.125185666269,2.799417823451E-02));
#455 = CARTESIAN_POINT('',(3.094766863638,3.934724871147E-02));
#456 = CARTESIAN_POINT('',(3.062989131122,4.687499427035E-02));
#457 = CARTESIAN_POINT('',(3.030410426067,5.037670638093E-02));
#458 = CARTESIAN_POINT('',(2.997644560721,4.976165965828E-02));
#459 = CARTESIAN_POINT('',(2.965315007264,4.506045151838E-02));
#460 = CARTESIAN_POINT('',(2.934005335965,3.642021332545E-02));
#461 = CARTESIAN_POINT('',(2.881915988443,1.482675006959E-02));
#462 = CARTESIAN_POINT('',(2.860460676204,3.491823590082E-03));
#463 = CARTESIAN_POINT('',(2.840095267192,-9.822227319989E-03));
#464 = CARTESIAN_POINT('',(2.821022369935,-2.49839259389E-02));
#465 = CARTESIAN_POINT('',(2.803420570963,-4.183649784944E-02));
#466 = CARTESIAN_POINT('',(2.78744472878,-6.020345654077E-02));
#467 = CARTESIAN_POINT('',(2.773229231422,-7.989346950976E-02));
#468 = CARTESIAN_POINT('',(2.742384817906,-0.131917091065));
#469 = CARTESIAN_POINT('',(2.72810307624,-0.165649998709));
#470 = CARTESIAN_POINT('',(2.718442152993,-0.20121454598));
#471 = CARTESIAN_POINT('',(2.713712206056,-0.237861781126));
#472 = CARTESIAN_POINT('',(2.714158509911,-0.274803297988));
#473 = CARTESIAN_POINT('',(2.719988673269,-0.311213884716));
#474 = CARTESIAN_POINT('',(2.731313172282,-0.346224379341));
#475 = CARTESIAN_POINT('',(2.756391257742,-0.395338810279));
#476 = CARTESIAN_POINT('',(2.766099230676,-0.411143396186));
#477 = CARTESIAN_POINT('',(2.777143099081,-0.426272672942));
#478 = CARTESIAN_POINT('',(2.789497698452,-0.440618268668));
#479 = CARTESIAN_POINT('',(2.803120866758,-0.454073289802));
#480 = CARTESIAN_POINT('',(2.817950020132,-0.466534509791));
#481 = CARTESIAN_POINT('',(2.83389985293,-0.477905314339));
#482 = CARTESIAN_POINT('',(2.867822471371,-0.498293492081));
#483 = CARTESIAN_POINT('',(2.885795281458,-0.507310826864));
#484 = CARTESIAN_POINT('',(2.90467075587,-0.515065216049));
#485 = CARTESIAN_POINT('',(2.924316607168,-0.52148023505));
#486 = CARTESIAN_POINT('',(2.944577620536,-0.526493456896));
#487 = CARTESIAN_POINT('',(2.96527949613,-0.530059610956));
#488 = CARTESIAN_POINT('',(2.986236010263,-0.532152669677));
#489 = CARTESIAN_POINT('',(3.007259495428,-0.532766863343));
#490 = ( GEOMETRIC_REPRESENTATION_CONTEXT(2) 
PARAMETRIC_REPRESENTATION_CONTEXT() REPRESENTATION_CONTEXT('2D SPACE',''
  ) );
#491 = PCURVE('',#492,#497);
#492 = CYLINDRICAL_SURFACE('',#493,6.);
#493 = AXIS2_PLACEMENT_3D('',#494,#495,#496);
#494 = CARTESIAN_POINT('',(0.,0.,0.));
#495 = DIRECTION('',(-0.963086824686,0.120385853086,-0.240771706172));
#496 = DIRECTION('',(0.242535625036,0.,-0.970142500145));
#497 = DEFINITIONAL_REPRESENTATION('',(#498),#502);
#498 = LINE('',#499,#500);
#499 = CARTESIAN_POINT('',(0.,20.124611797498));
#500 = VECTOR('',#501,1.);
#501 = DIRECTION('',(1.,0.));
#502 = ( GEOMETRIC_REPRESENTATION_CONTEXT(2) 
PARAMETRIC_REPRESENTATION_CONTEXT() REPRESENTATION_CONTEXT('2D SPACE',''
  ) );
#503 = FACE_BOUND('',#504,.T.);
#504 = EDGE_LOOP('',(#505));
#505 = ORIENTED_EDGE('',*,*,#506,.F.);
#506 = EDGE_CURVE('',#507,#507,#509,.T.);
#507 = VERTEX_POINT('',#508);
#508 = CARTESIAN_POINT('',(-7.105427357601E-15,-20.12461179749,-6.));
#509 = SURFACE_CURVE('',#510,(#515,#570),.PCURVE_S1.);
#510 = CIRCLE('',#511,6.);
#511 = AXIS2_PLACEMENT_3D('',#512,#513,#514);
#512 = CARTESIAN_POINT('',(0.,-20.12461179749,0.));
#513 = DIRECTION('',(0.,-1.,0.));
#514 = DIRECTION('',(0.,-0.,-1.));
#515 = PCURVE('',#45,#516);
#516 = DEFINITIONAL_REPRESENTATION('',(#517),#569);
#517 = B_SPLINE_CURVE_WITH_KNOTS('',8,(#518,#519,#520,#521,#522,#523,
    #524,#525,#526,#527,#528,#529,#530,#531,#532,#533,#534,#535,#536,
    #537,#538,#539,#540,#541,#542,#543,#544,#545,#546,#547,#548,#549,
    #550,#551,#552,#553,#554,#555,#556,#557,#558,#559,#560,#561,#562,
    #563,#564,#565,#566,#567,#568),.UNSPECIFIED.,.T.,.F.,(9,7,7,7,7,7,7,
    9),(0.,0.785398163397,1.47262155637,2.675262494073,3.577243197349,
    4.253728724807,5.268457015993,6.28318530718),.UNSPECIFIED.);
#518 = CARTESIAN_POINT('',(4.712388980385,-0.289751701436));
#519 = CARTESIAN_POINT('',(4.741659041764,-0.289751701436));
#520 = CARTESIAN_POINT('',(4.770929102321,-0.286467603784));
#521 = CARTESIAN_POINT('',(4.79969285496,-0.279899448826));
#522 = CARTESIAN_POINT('',(4.827443995411,-0.270132596095));
#523 = CARTESIAN_POINT('',(4.853715414793,-0.257338604857));
#524 = CARTESIAN_POINT('',(4.878119709646,-0.241758995095));
#525 = CARTESIAN_POINT('',(4.9003486514,-0.223682649084));
#526 = CARTESIAN_POINT('',(4.937504275732,-0.18571032006));
#527 = CARTESIAN_POINT('',(4.952996420521,-0.166324236636));
#528 = CARTESIAN_POINT('',(4.966482392814,-0.145487589347));
#529 = CARTESIAN_POINT('',(4.97784491018,-0.123434442301));
#530 = CARTESIAN_POINT('',(4.987003103843,-0.10040922683));
#531 = CARTESIAN_POINT('',(4.99390384858,-7.666159241003E-02));
#532 = CARTESIAN_POINT('',(4.998514491874,-5.244365092038E-02));
#533 = CARTESIAN_POINT('',(5.004859374334,1.475285154098E-02));
#534 = CARTESIAN_POINT('',(5.00184283733,5.817924068802E-02));
#535 = CARTESIAN_POINT('',(4.991700080465,0.100914526378));
#536 = CARTESIAN_POINT('',(4.974539592284,0.141591116939));
#537 = CARTESIAN_POINT('',(4.950614795802,0.178869418567));
#538 = CARTESIAN_POINT('',(4.920422711017,0.211419325799));
#539 = CARTESIAN_POINT('',(4.884970272527,0.238088892314));
#540 = CARTESIAN_POINT('',(4.816147241553,0.273041354189));
#541 = CARTESIAN_POINT('',(4.784471975618,0.284254041769));
#542 = CARTESIAN_POINT('',(4.751202220528,0.291355136032));
#543 = CARTESIAN_POINT('',(4.717042713641,0.294105599747));
#544 = CARTESIAN_POINT('',(4.682800151259,0.292406017441));
#545 = CARTESIAN_POINT('',(4.649289037988,0.286328645223));
#546 = CARTESIAN_POINT('',(4.617230622984,0.27608955071));
#547 = CARTESIAN_POINT('',(4.56473032193,0.251459158841));
#548 = CARTESIAN_POINT('',(4.543387935629,0.238745862871));
#549 = CARTESIAN_POINT('',(4.523458562838,0.224012754402));
#550 = CARTESIAN_POINT('',(4.505160405206,0.207432483845));
#551 = CARTESIAN_POINT('',(4.488666802998,0.189204011102));
#552 = CARTESIAN_POINT('',(4.474109502185,0.169543608789));
#553 = CARTESIAN_POINT('',(4.4615866211,0.148677626612));
#554 = CARTESIAN_POINT('',(4.435542460748,9.408114785893E-02));
#555 = CARTESIAN_POINT('',(4.424652700503,5.913487924187E-02));
#556 = CARTESIAN_POINT('',(4.418738598484,2.278625884797E-02));
#557 = CARTESIAN_POINT('',(4.417900736909,-1.414586302818E-02));
#558 = CARTESIAN_POINT('',(4.422149953589,-5.084217274734E-02));
#559 = CARTESIAN_POINT('',(4.431440514435,-8.648333057216E-02));
#560 = CARTESIAN_POINT('',(4.445620102333,-0.120255771946));
#561 = CARTESIAN_POINT('',(4.483137540463,-0.182528502831));
#562 = CARTESIAN_POINT('',(4.506475333312,-0.2110288135));
#563 = CARTESIAN_POINT('',(4.534082896451,-0.236125389416));
#564 = CARTESIAN_POINT('',(4.565490489302,-0.257097625386));
#565 = CARTESIAN_POINT('',(4.600030604794,-0.273306068439));
#566 = CARTESIAN_POINT('',(4.636755643756,-0.284269713376));
#567 = CARTESIAN_POINT('',(4.674572289755,-0.289751701436));
#568 = CARTESIAN_POINT('',(4.712388980385,-0.289751701436));
#569 = ( GEOMETRIC_REPRESENTATION_CONTEXT(2) 
PARAMETRIC_REPRESENTATION_CONTEXT() REPRESENTATION_CONTEXT('2D SPACE',''
  ) );
#570 = PCURVE('',#571,#576);
#571 = CYLINDRICAL_SURFACE('',#572,6.);
#572 = AXIS2_PLACEMENT_3D('',#573,#574,#575);
#573 = CARTESIAN_POINT('',(0.,0.,0.));
#574 = DIRECTION('',(0.,-1.,0.));
#575 = DIRECTION('',(0.,-0.,-1.));
#576 = DEFINITIONAL_REPRESENTATION('',(#577),#581);
#577 = LINE('',#578,#579);
#578 = CARTESIAN_POINT('',(0.,20.124611797498));
#579 = VECTOR('',#580,1.);
#580 = DIRECTION('',(1.,0.));
#581 = ( GEOMETRIC_REPRESENTATION_CONTEXT(2) 
PARAMETRIC_REPRESENTATION_CONTEXT() REPRESENTATION_CONTEXT('2D SPACE',''
  ) );
#582 = FACE_BOUND('',#583,.T.);
#583 = EDGE_LOOP('',(#584));
#584 = ORIENTED_EDGE('',*,*,#585,.F.);
#585 = EDGE_CURVE('',#586,#586,#588,.T.);
#586 = VERTEX_POINT('',#587);
#587 = CARTESIAN_POINT('',(-20.571825393,2.2360679775,3.577708764001));
#588 = SURFACE_CURVE('',#589,(#594,#663),.PCURVE_S1.);
#589 = CIRCLE('',#590,6.);
#590 = AXIS2_PLACEMENT_3D('',#591,#592,#593);
#591 = CARTESIAN_POINT('',(-17.88854381999,2.2360679775,8.944271909999)
  );
#592 = DIRECTION('',(-0.888888888889,0.111111111111,0.444444444444));
#593 = DIRECTION('',(-0.4472135955,0.,-0.894427191));
#594 = PCURVE('',#45,#595);
#595 = DEFINITIONAL_REPRESENTATION('',(#596),#662);
#596 = B_SPLINE_CURVE_WITH_KNOTS('',8,(#597,#598,#599,#600,#601,#602,
    #603,#604,#605,#606,#607,#608,#609,#610,#611,#612,#613,#614,#615,
    #616,#617,#618,#619,#620,#621,#622,#623,#624,#625,#626,#627,#628,
    #629,#630,#631,#632,#633,#634,#635,#636,#637,#638,#639,#640,#641,
    #642,#643,#644,#645,#646,#647,#648,#649,#650,#651,#652,#653,#654,
    #655,#656,#657,#658,#659,#660,#661),.UNSPECIFIED.,.T.,.F.,(9,7,7,7,7
    ,7,7,7,7,9),(0.,0.785398163397,1.47262155637,2.073942025221,
    2.600097435466,3.06048341943,3.866158891368,4.470415495321,
    5.37680040125,6.28318530718),.UNSPECIFIED.);
#597 = CARTESIAN_POINT('',(3.033322062729,0.171202187284));
#598 = CARTESIAN_POINT('',(3.061751935529,0.172616678653));
#599 = CARTESIAN_POINT('',(3.090043336902,0.176888268496));
#600 = CARTESIAN_POINT('',(3.117870149567,0.183998958832));
#601 = CARTESIAN_POINT('',(3.144908590071,0.193880061879));
#602 = CARTESIAN_POINT('',(3.170848279285,0.206412767977));
#603 = CARTESIAN_POINT('',(3.195399231643,0.221434036254));
#604 = CARTESIAN_POINT('',(3.218293333951,0.238744057711));
#605 = CARTESIAN_POINT('',(3.25764124149,0.27505808772));
#606 = CARTESIAN_POINT('',(3.274542372794,0.293579874536));
#607 = CARTESIAN_POINT('',(3.28981376398,0.313521970379));
#608 = CARTESIAN_POINT('',(3.303296686048,0.334710894655));
#609 = CARTESIAN_POINT('',(3.314840402224,0.356957572786));
#610 = CARTESIAN_POINT('',(3.324297987608,0.380058784019));
#611 = CARTESIAN_POINT('',(3.33152354182,0.403797297406));
#612 = CARTESIAN_POINT('',(3.340619228415,0.449066538099));
#613 = CARTESIAN_POINT('',(3.343045896807,0.470502324654));
#614 = CARTESIAN_POINT('',(3.343559114697,0.49209271443));
#615 = CARTESIAN_POINT('',(3.342065582038,0.513673374906));
#616 = CARTESIAN_POINT('',(3.338475319119,0.535071013208));
#617 = CARTESIAN_POINT('',(3.332706020908,0.556102580598));
#618 = CARTESIAN_POINT('',(3.324692429584,0.576575620313));
#619 = CARTESIAN_POINT('',(3.305398894742,0.613542954886));
#620 = CARTESIAN_POINT('',(3.294652462947,0.630214707542));
#621 = CARTESIAN_POINT('',(3.282141709956,0.646173725669));
#622 = CARTESIAN_POINT('',(3.267864757316,0.661283482958));
#623 = CARTESIAN_POINT('',(3.251846511672,0.675405454374));
#624 = CARTESIAN_POINT('',(3.234150120079,0.68840270852));
#625 = CARTESIAN_POINT('',(3.214886475654,0.700145409607));
#626 = CARTESIAN_POINT('',(3.176128383373,0.719594034391));
#627 = CARTESIAN_POINT('',(3.156963761439,0.727621071151));
#628 = CARTESIAN_POINT('',(3.136828802503,0.734521693046));
#629 = CARTESIAN_POINT('',(3.11585897131,0.7402267566));
#630 = CARTESIAN_POINT('',(3.094219340061,0.744678895439));
#631 = CARTESIAN_POINT('',(3.072099504214,0.747836294142));
#632 = CARTESIAN_POINT('',(3.049703877052,0.749675365464));
#633 = CARTESIAN_POINT('',(2.987925860915,0.751093234803));
#634 = CARTESIAN_POINT('',(2.948401046428,0.747942317417));
#635 = CARTESIAN_POINT('',(2.909772283632,0.740710965905));
#636 = CARTESIAN_POINT('',(2.873174057057,0.729543359683));
#637 = CARTESIAN_POINT('',(2.839568902751,0.71476854729));
#638 = CARTESIAN_POINT('',(2.80954557715,0.696825941588));
#639 = CARTESIAN_POINT('',(2.783438337371,0.676194665191));
#640 = CARTESIAN_POINT('',(2.744842371253,0.636240117218));
#641 = CARTESIAN_POINT('',(2.730580750785,0.617879283397));
#642 = CARTESIAN_POINT('',(2.718656681695,0.598487082194));
#643 = CARTESIAN_POINT('',(2.709066475783,0.578272289557));
#644 = CARTESIAN_POINT('',(2.701765025894,0.557437962316));
#645 = CARTESIAN_POINT('',(2.696683090796,0.536178173923));
#646 = CARTESIAN_POINT('',(2.693739283119,0.514677563413));
#647 = CARTESIAN_POINT('',(2.691502303414,0.460762076866));
#648 = CARTESIAN_POINT('',(2.69477048626,0.428265183741));
#649 = CARTESIAN_POINT('',(2.702348416617,0.396212388588));
#650 = CARTESIAN_POINT('',(2.713899864302,0.365146828439));
#651 = CARTESIAN_POINT('',(2.729093090839,0.335567123387));
#652 = CARTESIAN_POINT('',(2.747594746102,0.3079309744));
#653 = CARTESIAN_POINT('',(2.769048548215,0.282653008201));
#654 = CARTESIAN_POINT('',(2.817090915849,0.237530119138));
#655 = CARTESIAN_POINT('',(2.843679493631,0.217685238798));
#656 = CARTESIAN_POINT('',(2.872450062544,0.200915441509));
#657 = CARTESIAN_POINT('',(2.902989095277,0.187524000998));
#658 = CARTESIAN_POINT('',(2.934842035034,0.177748004454));
#659 = CARTESIAN_POINT('',(2.967519005818,0.171742565124));
#660 = CARTESIAN_POINT('',(3.00051270719,0.169569800444));
#661 = CARTESIAN_POINT('',(3.033322062729,0.171202187284));
#662 = ( GEOMETRIC_REPRESENTATION_CONTEXT(2) 
PARAMETRIC_REPRESENTATION_CONTEXT() REPRESENTATION_CONTEXT('2D SPACE',''
  ) );
#663 = PCURVE('',#664,#669);
#664 = CYLINDRICAL_SURFACE('',#665,6.);
#665 = AXIS2_PLACEMENT_3D('',#666,#667,#668);
#666 = CARTESIAN_POINT('',(0.,0.,0.));
#667 = DIRECTION('',(-0.888888888889,0.111111111111,0.444444444444));
#668 = DIRECTION('',(-0.4472135955,0.,-0.894427191));
#669 = DEFINITIONAL_REPRESENTATION('',(#670),#674);
#670 = LINE('',#671,#672);
#671 = CARTESIAN_POINT('',(0.,20.124611797498));
#672 = VECTOR('',#673,1.);
#673 = DIRECTION('',(1.,0.));
#674 = ( GEOMETRIC_REPRESENTATION_CONTEXT(2) 
PARAMETRIC_REPRESENTATION_CONTEXT() REPRESENTATION_CONTEXT('2D SPACE',''
  ) );
#675 = ADVANCED_FACE('',(#676,#860,#1187),#145,.T.);
#676 = FACE_BOUND('',#677,.T.);
#677 = EDGE_LOOP('',(#678,#758,#781,#808,#809,#857,#858,#859));
#678 = ORIENTED_EDGE('',*,*,#679,.T.);
#679 = EDGE_CURVE('',#58,#680,#682,.T.);
#680 = VERTEX_POINT('',#681);
#681 = CARTESIAN_POINT('',(9.224503982129,5.068247725782,-19.21853156708
    ));
#682 = SURFACE_CURVE('',#683,(#706,#732),.PCURVE_S1.);
#683 = B_SPLINE_CURVE_WITH_KNOTS('',6,(#684,#685,#686,#687,#688,#689,
    #690,#691,#692,#693,#694,#695,#696,#697,#698,#699,#700,#701,#702,
    #703,#704,#705),.UNSPECIFIED.,.F.,.F.,(7,5,5,5,7),(0.,0.475047480508
    ,0.62229978069,0.701971207406,1.),.UNSPECIFIED.);
#684 = CARTESIAN_POINT('',(10.474729721736,0.855991597514,-18.1809598221
    ));
#685 = CARTESIAN_POINT('',(10.383740867078,1.093714738098,
    -18.37518045977));
#686 = CARTESIAN_POINT('',(10.291346625745,1.348323793375,
    -18.55944179687));
#687 = CARTESIAN_POINT('',(10.196957308493,1.62168269136,-18.73195705488
    ));
#688 = CARTESIAN_POINT('',(10.100185380333,1.91553158666,-18.88948635145
    ));
#689 = CARTESIAN_POINT('',(10.000798498638,2.231189169882,
    -19.02719676457));
#690 = CARTESIAN_POINT('',(9.867267900905,2.674083749463,-19.17303641304
    ));
#691 = CARTESIAN_POINT('',(9.835429959378,2.781028747142,-19.20500744718
    ));
#692 = CARTESIAN_POINT('',(9.803383726672,2.890032732051,-19.23421154629
    ));
#693 = CARTESIAN_POINT('',(9.771162410467,3.001006029169,-19.26042647872
    ));
#694 = CARTESIAN_POINT('',(9.738799585333,3.113854931603,-19.28343629955
    ));
#695 = CARTESIAN_POINT('',(9.688760961194,3.290500957436,-19.31363332875
    ));
#696 = CARTESIAN_POINT('',(9.671164175648,3.353030518923,-19.32323393271
    ));
#697 = CARTESIAN_POINT('',(9.653549954884,3.416034541356,-19.33179714119
    ));
#698 = CARTESIAN_POINT('',(9.635929223375,3.479477236452,-19.33928992813
    ));
#699 = CARTESIAN_POINT('',(9.618312711279,3.543322871343,-19.3456822627)
  );
#700 = CARTESIAN_POINT('',(9.534867645809,3.847738473891,-19.37064144532
    ));
#701 = CARTESIAN_POINT('',(9.469114381202,4.09350557862,-19.37459374191)
  );
#702 = CARTESIAN_POINT('',(9.404400922193,4.341562997228,-19.36116547716
    ));
#703 = CARTESIAN_POINT('',(9.34156179057,4.588734226591,-19.32993941731)
  );
#704 = CARTESIAN_POINT('',(9.281373172702,4.831952528373,-19.2817195566)
  );
#705 = CARTESIAN_POINT('',(9.22450398213,5.068247725783,-19.21853156708)
  );
#706 = PCURVE('',#145,#707);
#707 = DEFINITIONAL_REPRESENTATION('',(#708),#731);
#708 = B_SPLINE_CURVE_WITH_KNOTS('',6,(#709,#710,#711,#712,#713,#714,
    #715,#716,#717,#718,#719,#720,#721,#722,#723,#724,#725,#726,#727,
    #728,#729,#730),.UNSPECIFIED.,.F.,.F.,(7,5,5,5,7),(0.,0.475047480508
    ,0.62229978069,0.701971207406,1.),.UNSPECIFIED.);
#709 = CARTESIAN_POINT('',(5.529885973874,20.1246114102));
#710 = CARTESIAN_POINT('',(5.578020489075,20.26282639999));
#711 = CARTESIAN_POINT('',(5.627751149945,20.397004345993));
#712 = CARTESIAN_POINT('',(5.679462152112,20.525921482906));
#713 = CARTESIAN_POINT('',(5.733491768017,20.647407159823));
#714 = CARTESIAN_POINT('',(5.790149827426,20.758140793085));
#715 = CARTESIAN_POINT('',(5.868256466939,20.8831685313));
#716 = CARTESIAN_POINT('',(5.88702158226,20.911281122885));
#717 = CARTESIAN_POINT('',(5.906061520565,20.937757350778));
#718 = CARTESIAN_POINT('',(5.925369278848,20.962436876065));
#719 = CARTESIAN_POINT('',(5.944939082717,20.985163164159));
#720 = CARTESIAN_POINT('',(5.975494025766,21.016940189068));
#721 = CARTESIAN_POINT('',(5.986295280781,21.027478606462));
#722 = CARTESIAN_POINT('',(5.997165928596,21.03737134802));
#723 = CARTESIAN_POINT('',(6.008101915358,21.0465930729));
#724 = CARTESIAN_POINT('',(6.01909935621,21.05512048839));
#725 = CARTESIAN_POINT('',(6.071508905485,21.092154365272));
#726 = CARTESIAN_POINT('',(6.113744353875,21.111415495755));
#727 = CARTESIAN_POINT('',(6.156422757976,21.119362897143));
#728 = CARTESIAN_POINT('',(6.199154041706,21.115473498145));
#729 = CARTESIAN_POINT('',(6.241551202218,21.100093836616));
#730 = CARTESIAN_POINT('',(6.28318530718,21.07440543221));
#731 = ( GEOMETRIC_REPRESENTATION_CONTEXT(2) 
PARAMETRIC_REPRESENTATION_CONTEXT() REPRESENTATION_CONTEXT('2D SPACE',''
  ) );
#732 = PCURVE('',#115,#733);
#733 = DEFINITIONAL_REPRESENTATION('',(#734),#757);
#734 = B_SPLINE_CURVE_WITH_KNOTS('',6,(#735,#736,#737,#738,#739,#740,
    #741,#742,#743,#744,#745,#746,#747,#748,#749,#750,#751,#752,#753,
    #754,#755,#756),.UNSPECIFIED.,.F.,.F.,(7,5,5,5,7),(0.,0.475047480508
    ,0.62229978069,0.701971207406,1.),.UNSPECIFIED.);
#735 = CARTESIAN_POINT('',(3.08969107624,12.990380456767));
#736 = CARTESIAN_POINT('',(3.075264186147,13.204502203997));
#737 = CARTESIAN_POINT('',(3.059799554949,13.409898920313));
#738 = CARTESIAN_POINT('',(3.043175145135,13.60513062857));
#739 = CARTESIAN_POINT('',(3.025271461601,13.787333100416));
#740 = CARTESIAN_POINT('',(3.00598586369,13.952105370301));
#741 = CARTESIAN_POINT('',(2.97881230926,14.137106103518));
#742 = CARTESIAN_POINT('',(2.972242938119,14.178614778145));
#743 = CARTESIAN_POINT('',(2.96553830097,14.217631775481));
#744 = CARTESIAN_POINT('',(2.958702695132,14.253938425613));
#745 = CARTESIAN_POINT('',(2.951740579264,14.287321759434));
#746 = CARTESIAN_POINT('',(2.940823744564,14.333942875644));
#747 = CARTESIAN_POINT('',(2.936955861713,14.349392094719));
#748 = CARTESIAN_POINT('',(2.933054916759,14.363884591555));
#749 = CARTESIAN_POINT('',(2.929122901497,14.37738564498));
#750 = CARTESIAN_POINT('',(2.925161807564,14.389863386967));
#751 = CARTESIAN_POINT('',(2.906254942902,14.444028125561));
#752 = CARTESIAN_POINT('',(2.890930816453,14.472117890232));
#753 = CARTESIAN_POINT('',(2.875392544539,14.483684034723));
#754 = CARTESIAN_POINT('',(2.859828509388,14.478029233601));
#755 = CARTESIAN_POINT('',(2.844426894875,14.455611708391));
#756 = CARTESIAN_POINT('',(2.829378469429,14.418063820124));
#757 = ( GEOMETRIC_REPRESENTATION_CONTEXT(2) 
PARAMETRIC_REPRESENTATION_CONTEXT() REPRESENTATION_CONTEXT('2D SPACE',''
  ) );
#758 = ORIENTED_EDGE('',*,*,#759,.T.);
#759 = EDGE_CURVE('',#680,#760,#762,.T.);
#760 = VERTEX_POINT('',#761);
#761 = CARTESIAN_POINT('',(20.864151720857,9.379228369756,-32.151473499)
  );
#762 = SEAM_CURVE('',#763,(#767,#774),.PCURVE_S1.);
#763 = LINE('',#764,#765);
#764 = CARTESIAN_POINT('',(-4.459764877483,0.,-4.013788389735));
#765 = VECTOR('',#766,1.);
#766 = DIRECTION('',(0.649331194829,0.240493035122,-0.721479105366));
#767 = PCURVE('',#145,#768);
#768 = DEFINITIONAL_REPRESENTATION('',(#769),#773);
#769 = LINE('',#770,#771);
#770 = CARTESIAN_POINT('',(0.,-0.));
#771 = VECTOR('',#772,1.);
#772 = DIRECTION('',(0.,1.));
#773 = ( GEOMETRIC_REPRESENTATION_CONTEXT(2) 
PARAMETRIC_REPRESENTATION_CONTEXT() REPRESENTATION_CONTEXT('2D SPACE',''
  ) );
#774 = PCURVE('',#145,#775);
#775 = DEFINITIONAL_REPRESENTATION('',(#776),#780);
#776 = LINE('',#777,#778);
#777 = CARTESIAN_POINT('',(6.28318530718,-0.));
#778 = VECTOR('',#779,1.);
#779 = DIRECTION('',(0.,1.));
#780 = ( GEOMETRIC_REPRESENTATION_CONTEXT(2) 
PARAMETRIC_REPRESENTATION_CONTEXT() REPRESENTATION_CONTEXT('2D SPACE',''
  ) );
#781 = ORIENTED_EDGE('',*,*,#782,.F.);
#782 = EDGE_CURVE('',#760,#760,#783,.T.);
#783 = SURFACE_CURVE('',#784,(#789,#796),.PCURVE_S1.);
#784 = CIRCLE('',#785,6.);
#785 = AXIS2_PLACEMENT_3D('',#786,#787,#788);
#786 = CARTESIAN_POINT('',(25.32391659834,9.379228369756,-28.13768510926
    ));
#787 = DIRECTION('',(0.649331194829,0.240493035122,-0.721479105366));
#788 = DIRECTION('',(-0.743294146247,0.,-0.668964731622));
#789 = PCURVE('',#145,#790);
#790 = DEFINITIONAL_REPRESENTATION('',(#791),#795);
#791 = LINE('',#792,#793);
#792 = CARTESIAN_POINT('',(0.,39.));
#793 = VECTOR('',#794,1.);
#794 = DIRECTION('',(1.,0.));
#795 = ( GEOMETRIC_REPRESENTATION_CONTEXT(2) 
PARAMETRIC_REPRESENTATION_CONTEXT() REPRESENTATION_CONTEXT('2D SPACE',''
  ) );
#796 = PCURVE('',#797,#802);
#797 = PLANE('',#798);
#798 = AXIS2_PLACEMENT_3D('',#799,#800,#801);
#799 = CARTESIAN_POINT('',(25.32391659834,9.379228369756,-28.13768510926
    ));
#800 = DIRECTION('',(0.649331194829,0.240493035122,-0.721479105366));
#801 = DIRECTION('',(-0.743294146247,-1.387778780781E-17,-0.668964731622
    ));
#802 = DEFINITIONAL_REPRESENTATION('',(#803),#807);
#803 = CIRCLE('',#804,6.);
#804 = AXIS2_PLACEMENT_2D('',#805,#806);
#805 = CARTESIAN_POINT('',(0.,0.));
#806 = DIRECTION('',(1.,0.));
#807 = ( GEOMETRIC_REPRESENTATION_CONTEXT(2) 
PARAMETRIC_REPRESENTATION_CONTEXT() REPRESENTATION_CONTEXT('2D SPACE',''
  ) );
#808 = ORIENTED_EDGE('',*,*,#759,.F.);
#809 = ORIENTED_EDGE('',*,*,#810,.T.);
#810 = EDGE_CURVE('',#680,#307,#811,.T.);
#811 = SURFACE_CURVE('',#812,(#825,#841),.PCURVE_S1.);
#812 = B_SPLINE_CURVE_WITH_KNOTS('',6,(#813,#814,#815,#816,#817,#818,
    #819,#820,#821,#822,#823,#824),.UNSPECIFIED.,.F.,.F.,(7,5,7),(0.,
    0.388123148959,1.),.UNSPECIFIED.);
#813 = CARTESIAN_POINT('',(9.22450398213,5.068247725783,-19.21853156708)
  );
#814 = CARTESIAN_POINT('',(9.170882755405,5.291047421486,-19.15895242627
    ));
#815 = CARTESIAN_POINT('',(9.120373854836,5.507022466452,-19.08624525044
    ));
#816 = CARTESIAN_POINT('',(9.07309203401,5.715466550337,-19.00179924645)
  );
#817 = CARTESIAN_POINT('',(9.029146416919,5.915743133585,-18.90717186149
    ));
#818 = CARTESIAN_POINT('',(8.988616207978,6.107280056795,-18.80408846426
    ));
#819 = CARTESIAN_POINT('',(8.893054255457,6.576935355085,-18.52158421716
    ));
#820 = CARTESIAN_POINT('',(8.842867101371,6.842614472348,-18.33163001862
    ));
#821 = CARTESIAN_POINT('',(8.800413990283,7.088107861815,-18.12936448003
    ));
#822 = CARTESIAN_POINT('',(8.765159835448,7.315190526141,-17.91820014712
    ));
#823 = CARTESIAN_POINT('',(8.736593055786,7.525719825109,-17.7003174278)
  );
#824 = CARTESIAN_POINT('',(8.714345308752,7.721490808152,-17.47680605691
    ));
#825 = PCURVE('',#145,#826);
#826 = DEFINITIONAL_REPRESENTATION('',(#827),#840);
#827 = B_SPLINE_CURVE_WITH_KNOTS('',6,(#828,#829,#830,#831,#832,#833,
    #834,#835,#836,#837,#838,#839),.UNSPECIFIED.,.F.,.F.,(7,5,7),(0.,
    0.388123148959,1.),.UNSPECIFIED.);
#828 = CARTESIAN_POINT('',(0.,21.07440543221));
#829 = CARTESIAN_POINT('',(3.925626088908E-02,21.05018416683));
#830 = CARTESIAN_POINT('',(7.771615734957E-02,21.016870947974));
#831 = CARTESIAN_POINT('',(0.115329728939,20.975372709743));
#832 = CARTESIAN_POINT('',(0.152031735829,20.92673089201));
#833 = CARTESIAN_POINT('',(0.187737646659,20.872104141802));
#834 = CARTESIAN_POINT('',(0.276889710428,20.719180701677));
#835 = CARTESIAN_POINT('',(0.328943771603,20.613438609006));
#836 = CARTESIAN_POINT('',(0.378773991441,20.498981570171));
#837 = CARTESIAN_POINT('',(0.426636604766,20.378351092861));
#838 = CARTESIAN_POINT('',(0.472809254512,20.253234792368));
#839 = CARTESIAN_POINT('',(0.5176034129,20.1246114102));
#840 = ( GEOMETRIC_REPRESENTATION_CONTEXT(2) 
PARAMETRIC_REPRESENTATION_CONTEXT() REPRESENTATION_CONTEXT('2D SPACE',''
  ) );
#841 = PCURVE('',#115,#842);
#842 = DEFINITIONAL_REPRESENTATION('',(#843),#856);
#843 = B_SPLINE_CURVE_WITH_KNOTS('',6,(#844,#845,#846,#847,#848,#849,
    #850,#851,#852,#853,#854,#855),.UNSPECIFIED.,.F.,.F.,(7,5,7),(0.,
    0.388123148959,1.),.UNSPECIFIED.);
#844 = CARTESIAN_POINT('',(2.829378469429,14.418063820124));
#845 = CARTESIAN_POINT('',(2.815189503056,14.382660400283));
#846 = CARTESIAN_POINT('',(2.801357194404,14.333912017006));
#847 = CARTESIAN_POINT('',(2.787928687825,14.273065898083));
#848 = CARTESIAN_POINT('',(2.774949575764,14.201527569277));
#849 = CARTESIAN_POINT('',(2.76246390051,14.120869579444));
#850 = CARTESIAN_POINT('',(2.731675361871,13.894061789113));
#851 = CARTESIAN_POINT('',(2.714083006594,13.736332784534));
#852 = CARTESIAN_POINT('',(2.697669885769,13.564300636232));
#853 = CARTESIAN_POINT('',(2.682350299993,13.381332539583));
#854 = CARTESIAN_POINT('',(2.668027011391,13.189642948963));
#855 = CARTESIAN_POINT('',(2.654601293958,12.990380456767));
#856 = ( GEOMETRIC_REPRESENTATION_CONTEXT(2) 
PARAMETRIC_REPRESENTATION_CONTEXT() REPRESENTATION_CONTEXT('2D SPACE',''
  ) );
#857 = ORIENTED_EDGE('',*,*,#306,.T.);
#858 = ORIENTED_EDGE('',*,*,#219,.T.);
#859 = ORIENTED_EDGE('',*,*,#127,.T.);
#860 = FACE_BOUND('',#861,.T.);
#861 = EDGE_LOOP('',(#862));
#862 = ORIENTED_EDGE('',*,*,#863,.T.);
#863 = EDGE_CURVE('',#864,#864,#866,.T.);
#864 = VERTEX_POINT('',#865);
#865 = CARTESIAN_POINT('',(16.021780969092,11.901475711266,
    -23.0873313717));
#866 = SURFACE_CURVE('',#867,(#970,#1076),.PCURVE_S1.);
#867 = B_SPLINE_CURVE_WITH_KNOTS('',6,(#868,#869,#870,#871,#872,#873,
    #874,#875,#876,#877,#878,#879,#880,#881,#882,#883,#884,#885,#886,
    #887,#888,#889,#890,#891,#892,#893,#894,#895,#896,#897,#898,#899,
    #900,#901,#902,#903,#904,#905,#906,#907,#908,#909,#910,#911,#912,
    #913,#914,#915,#916,#917,#918,#919,#920,#921,#922,#923,#924,#925,
    #926,#927,#928,#929,#930,#931,#932,#933,#934,#935,#936,#937,#938,
    #939,#940,#941,#942,#943,#944,#945,#946,#947,#948,#949,#950,#951,
    #952,#953,#954,#955,#956,#957,#958,#959,#960,#961,#962,#963,#964,
    #965,#966,#967,#968,#969),.UNSPECIFIED.,.T.,.F.,(7,5,5,5,5,5,5,5,5,5
    ,5,5,5,5,5,5,5,5,5,5,7),(0.,1.393959087885E-02,5.041937543731E-02,
    8.961575276711E-02,0.133288428535,0.216121650289,0.275298160378,
    0.324161574726,0.382764717327,0.442636385233,0.470011274745,
    0.506551774899,0.550297793579,0.633263713678,0.676800939991,
    0.716286357617,0.796458378475,0.824236268604,0.882821825068,
    0.939035829112,1.),.UNSPECIFIED.);
#868 = CARTESIAN_POINT('',(16.021780969089,11.901475711275,
    -23.0873313717));
#869 = CARTESIAN_POINT('',(16.025724280847,11.890828769529,
    -23.12972409041));
#870 = CARTESIAN_POINT('',(16.030327316495,11.880470305352,
    -23.17191816474));
#871 = CARTESIAN_POINT('',(16.035573489713,11.870408816909,
    -23.2139083692));
#872 = CARTESIAN_POINT('',(16.041447062997,11.860652660204,
    -23.25568979589));
#873 = CARTESIAN_POINT('',(16.047933147661,11.851210049077,
    -23.29725785447));
#874 = CARTESIAN_POINT('',(16.073557923921,11.818219495882,
    -23.44682194524));
#875 = CARTESIAN_POINT('',(16.096199146361,11.796549364096,
    -23.55355946659));
#876 = CARTESIAN_POINT('',(16.122689116884,11.77722827019,
    -23.65872722097));
#877 = CARTESIAN_POINT('',(16.152806532737,11.760397874054,
    -23.76224297243));
#878 = CARTESIAN_POINT('',(16.18636070705,11.746192516748,
    -23.86403532877));
#879 = CARTESIAN_POINT('',(16.262764471298,11.7224343254,-24.07149851403
    ));
#880 = CARTESIAN_POINT('',(16.306122317096,11.713306113533,
    -24.17689918481));
#881 = CARTESIAN_POINT('',(16.353042529681,11.707522446864,
    -24.28010143001));
#882 = CARTESIAN_POINT('',(16.403324207007,11.705230245299,
    -24.38097135753));
#883 = CARTESIAN_POINT('',(16.456790662461,11.706553857664,
    -24.47938251767));
#884 = CARTESIAN_POINT('',(16.576246531561,11.71720720105,
    -24.68198844961));
#885 = CARTESIAN_POINT('',(16.642965165137,11.727433539326,
    -24.78555390616));
#886 = CARTESIAN_POINT('',(16.71319123864,11.742405297323,
    -24.88565894367));
#887 = CARTESIAN_POINT('',(16.786687243473,11.762192029083,
    -24.98206905899));
#888 = CARTESIAN_POINT('',(16.863239330689,11.786796642821,
    -25.07456268618));
#889 = CARTESIAN_POINT('',(17.09330022404,11.871831783919,
    -25.33052829785));
#890 = CARTESIAN_POINT('',(17.253923582408,11.944478378043,
    -25.48289886104));
#891 = CARTESIAN_POINT('',(17.423354764195,12.033569778697,
    -25.61891638636));
#892 = CARTESIAN_POINT('',(17.600738721733,12.137807749499,
    -25.73735065379));
#893 = CARTESIAN_POINT('',(17.785400857158,12.255075232839,
    -25.83679983223));
#894 = CARTESIAN_POINT('',(18.113005629365,12.473636524397,
    -25.97223601326));
#895 = CARTESIAN_POINT('',(18.252946747602,12.570024561232,
    -26.01829629293));
#896 = CARTESIAN_POINT('',(18.396374186708,12.670957038066,
    -26.0535530633));
#897 = CARTESIAN_POINT('',(18.543369145769,12.775575523088,
    -26.07738302718));
#898 = CARTESIAN_POINT('',(18.693962479575,12.882861524196,
    -26.08895048574));
#899 = CARTESIAN_POINT('',(18.975308644938,13.081328316811,
    -26.08573944402));
#900 = CARTESIAN_POINT('',(19.105080870148,13.172152374395,
    -26.07519948795));
#901 = CARTESIAN_POINT('',(19.237292711149,13.263310654401,
    -26.05493702491));
#902 = CARTESIAN_POINT('',(19.371782708484,13.353943134335,
    -26.0242243356));
#903 = CARTESIAN_POINT('',(19.508267869288,13.443039822041,
    -25.98225035172));
#904 = CARTESIAN_POINT('',(19.811836511362,13.633022163818,
    -25.86322254353));
#905 = CARTESIAN_POINT('',(19.980987993046,13.733589554944,
    -25.78029834354));
#906 = CARTESIAN_POINT('',(20.150427528319,13.827336164469,
    -25.67830125455));
#907 = CARTESIAN_POINT('',(20.31712349816,13.910969196025,
    -25.55735411666));
#908 = CARTESIAN_POINT('',(20.478200761353,13.982107006925,
    -25.41851420502));
#909 = CARTESIAN_POINT('',(20.78720135493,14.09794206708,-25.10541638694
    ));
#910 = CARTESIAN_POINT('',(20.932204378146,14.141073932276,
    -24.93305089108));
#911 = CARTESIAN_POINT('',(21.063833836364,14.168269023874,
    -24.74952315911));
#912 = CARTESIAN_POINT('',(21.180337012908,14.180222192647,
    -24.5585561197));
#913 = CARTESIAN_POINT('',(21.280601725755,14.178838563009,
    -24.3644519029));
#914 = CARTESIAN_POINT('',(21.402998620591,14.161388769978,
    -24.08412642295));
#915 = CARTESIAN_POINT('',(21.43817524323,14.153674616563,
    -23.99613326421));
#916 = CARTESIAN_POINT('',(21.470197017905,14.143926926579,
    -23.90826854405));
#917 = CARTESIAN_POINT('',(21.499135620417,14.132343509261,
    -23.82067981894));
#918 = CARTESIAN_POINT('',(21.52506254547,14.11911325831,-23.73349760799
    ));
#919 = CARTESIAN_POINT('',(21.578733146631,14.08479529908,
    -23.53115887837));
#920 = CARTESIAN_POINT('',(21.604186106262,14.062555281553,
    -23.41638179558));
#921 = CARTESIAN_POINT('',(21.62459511819,14.038103202106,
    -23.30269448826));
#922 = CARTESIAN_POINT('',(21.640123700775,14.011805565577,
    -23.19024569853));
#923 = CARTESIAN_POINT('',(21.650910947975,13.983988809862,
    -23.07914433002));
#924 = CARTESIAN_POINT('',(21.664444060339,13.920165337451,
    -22.83814770526));
#925 = CARTESIAN_POINT('',(21.665185781306,13.883620753005,
    -22.70884924014));
#926 = CARTESIAN_POINT('',(21.65948010891,13.845812908108,
    -22.58173575023));
#927 = CARTESIAN_POINT('',(21.647471617215,13.807190431468,
    -22.45695109618));
#928 = CARTESIAN_POINT('',(21.629264189404,13.768147614247,
    -22.33461361886));
#929 = CARTESIAN_POINT('',(21.558751737125,13.654833419056,
    -21.98761967054));
#930 = CARTESIAN_POINT('',(21.490423614486,13.580221301234,
    -21.76913866181));
#931 = CARTESIAN_POINT('',(21.400430227091,13.507891051279,
    -21.56121181153));
#932 = CARTESIAN_POINT('',(21.289422822547,13.439972755213,
    -21.3652654708));
#933 = CARTESIAN_POINT('',(21.158180715732,13.377758945225,
    -21.18260253835));
#934 = CARTESIAN_POINT('',(20.928684354875,13.292303793045,
    -20.9263705802));
#935 = CARTESIAN_POINT('',(20.844488589826,13.264627316045,
    -20.84231604206));
#936 = CARTESIAN_POINT('',(20.755269621403,13.238755124898,
    -20.76259653354));
#937 = CARTESIAN_POINT('',(20.661251105897,13.21469174216,-20.687419095)
  );
#938 = CARTESIAN_POINT('',(20.562692973453,13.192380440415,
    -20.61699009884));
#939 = CARTESIAN_POINT('',(20.366660746091,13.152959548584,
    -20.4921286256));
#940 = CARTESIAN_POINT('',(20.269945356003,13.135560417501,
    -20.43682118387));
#941 = CARTESIAN_POINT('',(20.169910749045,13.119414781756,
    -20.38570321787));
#942 = CARTESIAN_POINT('',(20.066736430241,13.104396503204,
    -20.33890501914));
#943 = CARTESIAN_POINT('',(19.960619151605,13.09035316105,
    -20.29657224015));
#944 = CARTESIAN_POINT('',(19.630773302552,13.050220897763,
    -20.18230037571));
#945 = CARTESIAN_POINT('',(19.398782876371,13.026662502422,
    -20.12489124864));
#946 = CARTESIAN_POINT('',(19.156831665014,13.00485503505,
    -20.08759964441));
#947 = CARTESIAN_POINT('',(18.90606711676,12.982974568511,
    -20.07214140396));
#948 = CARTESIAN_POINT('',(18.648271808676,12.958872385958,
    -20.08103452727));
#949 = CARTESIAN_POINT('',(18.295717766865,12.920083430563,
    -20.13031144094));
#950 = CARTESIAN_POINT('',(18.204479634503,12.909533667271,
    -20.14632194762));
#951 = CARTESIAN_POINT('',(18.112879476593,12.898315032727,
    -20.16580278875));
#952 = CARTESIAN_POINT('',(18.021093176985,12.886323442125,
    -20.18889824236));
#953 = CARTESIAN_POINT('',(17.929316598447,12.87345267481,
    -20.21575706104));
#954 = CARTESIAN_POINT('',(17.644678816346,12.830371165665,
    -20.31144019987));
#955 = CARTESIAN_POINT('',(17.450827582105,12.796493106448,
    -20.39436439986));
#956 = CARTESIAN_POINT('',(17.261200758424,12.75725217562,
    -20.49636148885));
#957 = CARTESIAN_POINT('',(17.080243457978,12.712124736698,
    -20.61730862674));
#958 = CARTESIAN_POINT('',(16.91168855275,12.661176559294,
    -20.75614853838));
#959 = CARTESIAN_POINT('',(16.611305846566,12.551271373465,
    -21.05962470542));
#960 = CARTESIAN_POINT('',(16.480378883527,12.493494579979,
    -21.22085612623));
#961 = CARTESIAN_POINT('',(16.367450066383,12.432640956128,
    -21.39220687198));
#962 = CARTESIAN_POINT('',(16.273397427524,12.370099900189,
    -21.57052472255));
#963 = CARTESIAN_POINT('',(16.198044497865,12.307679948893,
    -21.75214602602));
#964 = CARTESIAN_POINT('',(16.077227283131,12.181581176157,
    -22.12894610503));
#965 = CARTESIAN_POINT('',(16.034366986294,12.117761611088,
    -22.3254076945));
#966 = CARTESIAN_POINT('',(16.009262938168,12.056905469234,
    -22.5205087131));
#967 = CARTESIAN_POINT('',(15.999904093337,12.000032642118,
    -22.71303440883));
#968 = CARTESIAN_POINT('',(16.004556753857,11.947981092402,
    -22.90216180963));
#969 = CARTESIAN_POINT('',(16.021780969089,11.901475711275,
    -23.0873313717));
#970 = PCURVE('',#145,#971);
#971 = DEFINITIONAL_REPRESENTATION('',(#972),#1075);
#972 = B_SPLINE_CURVE_WITH_KNOTS('',6,(#973,#974,#975,#976,#977,#978,
    #979,#980,#981,#982,#983,#984,#985,#986,#987,#988,#989,#990,#991,
    #992,#993,#994,#995,#996,#997,#998,#999,#1000,#1001,#1002,#1003,
    #1004,#1005,#1006,#1007,#1008,#1009,#1010,#1011,#1012,#1013,#1014,
    #1015,#1016,#1017,#1018,#1019,#1020,#1021,#1022,#1023,#1024,#1025,
    #1026,#1027,#1028,#1029,#1030,#1031,#1032,#1033,#1034,#1035,#1036,
    #1037,#1038,#1039,#1040,#1041,#1042,#1043,#1044,#1045,#1046,#1047,
    #1048,#1049,#1050,#1051,#1052,#1053,#1054,#1055,#1056,#1057,#1058,
    #1059,#1060,#1061,#1062,#1063,#1064,#1065,#1066,#1067,#1068,#1069,
    #1070,#1071,#1072,#1073,#1074),.UNSPECIFIED.,.T.,.F.,(7,5,5,5,5,5,5,
    5,5,5,5,5,5,5,5,5,5,5,5,5,7),(0.,1.393959087885E-02,
    5.041937543731E-02,8.961575276711E-02,0.133288428535,0.216121650289,
    0.275298160378,0.324161574726,0.382764717327,0.442636385233,
    0.470011274745,0.506551774899,0.550297793579,0.633263713678,
    0.676800939991,0.716286357617,0.796458378475,0.824236268604,
    0.882821825068,0.939035829112,1.),.UNSPECIFIED.);
#973 = CARTESIAN_POINT('',(0.94062184133,29.922691379529));
#974 = CARTESIAN_POINT('',(0.935376263125,29.953276840296));
#975 = CARTESIAN_POINT('',(0.930235171887,29.984216739443));
#976 = CARTESIAN_POINT('',(0.925198286224,30.015498580623));
#977 = CARTESIAN_POINT('',(0.920265393805,30.047110613591));
#978 = CARTESIAN_POINT('',(0.915436351362,30.079041834201));
#979 = CARTESIAN_POINT('',(0.898345104092,30.195654168922));
#980 = CARTESIAN_POINT('',(0.886688171687,30.282153196595));
#981 = CARTESIAN_POINT('',(0.875741156646,30.370583709633));
#982 = CARTESIAN_POINT('',(0.86550735626,30.46077674596));
#983 = CARTESIAN_POINT('',(0.855992011378,30.552589286751));
#984 = CARTESIAN_POINT('',(0.837757040578,30.746167308027));
#985 = CARTESIAN_POINT('',(0.829148962314,30.848170020129));
#986 = CARTESIAN_POINT('',(0.821392158631,30.951704109813));
#987 = CARTESIAN_POINT('',(0.814500912041,31.056577857987));
#988 = CARTESIAN_POINT('',(0.808488856787,31.162615210721));
#989 = CARTESIAN_POINT('',(0.797663642012,31.388919634335));
#990 = CARTESIAN_POINT('',(0.793066135071,31.50942180046));
#991 = CARTESIAN_POINT('',(0.789598003043,31.630846077099));
#992 = CARTESIAN_POINT('',(0.78727418869,31.752885780661));
#993 = CARTESIAN_POINT('',(0.78610258761,31.875242896553));
#994 = CARTESIAN_POINT('',(0.786048636663,32.229752811002));
#995 = CARTESIAN_POINT('',(0.790161097009,32.461453745733));
#996 = CARTESIAN_POINT('',(0.798393257187,32.691030361271));
#997 = CARTESIAN_POINT('',(0.810659989957,32.916727653652));
#998 = CARTESIAN_POINT('',(0.826815185962,33.136587055967));
#999 = CARTESIAN_POINT('',(0.860836124497,33.499587897228));
#1000 = CARTESIAN_POINT('',(0.876910653444,33.646868211635));
#1001 = CARTESIAN_POINT('',(0.894854710004,33.789710702879));
#1002 = CARTESIAN_POINT('',(0.914658134201,33.927511953293));
#1003 = CARTESIAN_POINT('',(0.936325139948,34.059444118355));
#1004 = CARTESIAN_POINT('',(0.979312677738,34.287544141886));
#1005 = CARTESIAN_POINT('',(1.000056213393,34.386047491132));
#1006 = CARTESIAN_POINT('',(1.022108157404,34.479200751548));
#1007 = CARTESIAN_POINT('',(1.045475646883,34.566167218782));
#1008 = CARTESIAN_POINT('',(1.070163492527,34.645935071836));
#1009 = CARTESIAN_POINT('',(1.127363876876,34.802865014333));
#1010 = CARTESIAN_POINT('',(1.160717572477,34.877058027547));
#1011 = CARTESIAN_POINT('',(1.195800701359,34.936037041578));
#1012 = CARTESIAN_POINT('',(1.232152651615,34.977130263603));
#1013 = CARTESIAN_POINT('',(1.26931485038,34.998660808189));
#1014 = CARTESIAN_POINT('',(1.345129421593,35.001268524328));
#1015 = CARTESIAN_POINT('',(1.383168635873,34.98143832007));
#1016 = CARTESIAN_POINT('',(1.420418356899,34.941038239696));
#1017 = CARTESIAN_POINT('',(1.456376594878,34.88178331161));
#1018 = CARTESIAN_POINT('',(1.490538118522,34.80651342743));
#1019 = CARTESIAN_POINT('',(1.537009925756,34.679544019221));
#1020 = CARTESIAN_POINT('',(1.551182647774,34.637044872015));
#1021 = CARTESIAN_POINT('',(1.564944274117,34.592100797982));
#1022 = CARTESIAN_POINT('',(1.578292497348,34.544912369106));
#1023 = CARTESIAN_POINT('',(1.591225515792,34.495665603565));
#1024 = CARTESIAN_POINT('',(1.620449794465,34.376279203339));
#1025 = CARTESIAN_POINT('',(1.636419642479,34.304648767705));
#1026 = CARTESIAN_POINT('',(1.651660311643,34.229997404227));
#1027 = CARTESIAN_POINT('',(1.666178554848,34.152626746672));
#1028 = CARTESIAN_POINT('',(1.679980013146,34.072784190818));
#1029 = CARTESIAN_POINT('',(1.708740966277,33.892348533024));
#1030 = CARTESIAN_POINT('',(1.723394225608,33.79075529661));
#1031 = CARTESIAN_POINT('',(1.737031606546,33.686248175189));
#1032 = CARTESIAN_POINT('',(1.749649636322,33.57913272973));
#1033 = CARTESIAN_POINT('',(1.76124062963,33.469656619573));
#1034 = CARTESIAN_POINT('',(1.79180856298,33.146270526556));
#1035 = CARTESIAN_POINT('',(1.808127720868,32.926329767653));
#1036 = CARTESIAN_POINT('',(1.820551762514,32.700484454625));
#1037 = CARTESIAN_POINT('',(1.828933601261,32.470698816227));
#1038 = CARTESIAN_POINT('',(1.833186485089,32.238729745116));
#1039 = CARTESIAN_POINT('',(1.833329179507,31.884293226066));
#1040 = CARTESIAN_POINT('',(1.832232864793,31.762322696411));
#1041 = CARTESIAN_POINT('',(1.829991582731,31.640651995588));
#1042 = CARTESIAN_POINT('',(1.826612876024,31.519576813525));
#1043 = CARTESIAN_POINT('',(1.822111292617,31.399401181811));
#1044 = CARTESIAN_POINT('',(1.81142676197,31.17254594746));
#1045 = CARTESIAN_POINT('',(1.805439598811,31.065658094233));
#1046 = CARTESIAN_POINT('',(1.798559658037,30.95993904605));
#1047 = CARTESIAN_POINT('',(1.790800873706,30.855569028405));
#1048 = CARTESIAN_POINT('',(1.782177904821,30.752744227584));
#1049 = CARTESIAN_POINT('',(1.753473344141,30.446468735975));
#1050 = CARTESIAN_POINT('',(1.730762219524,30.248744999722));
#1051 = CARTESIAN_POINT('',(1.704641904606,30.059488873288));
#1052 = CARTESIAN_POINT('',(1.675103446131,29.880244732245));
#1053 = CARTESIAN_POINT('',(1.642099973534,29.713469992441));
#1054 = CARTESIAN_POINT('',(1.592900933957,29.51076944521));
#1055 = CARTESIAN_POINT('',(1.579811837562,29.46053978115));
#1056 = CARTESIAN_POINT('',(1.566294597264,29.41241795753));
#1057 = CARTESIAN_POINT('',(1.552350918808,29.366597243124));
#1058 = CARTESIAN_POINT('',(1.537983033702,29.323286594299));
#1059 = CARTESIAN_POINT('',(1.492001238354,29.197134985666));
#1060 = CARTESIAN_POINT('',(1.458647542753,29.122941972453));
#1061 = CARTESIAN_POINT('',(1.42356441387,29.063962958421));
#1062 = CARTESIAN_POINT('',(1.387212463615,29.022869736397));
#1063 = CARTESIAN_POINT('',(1.35005026485,29.001339191811));
#1064 = CARTESIAN_POINT('',(1.276565512964,28.998811612081));
#1065 = CARTESIAN_POINT('',(1.240786280165,29.016226835553));
#1066 = CARTESIAN_POINT('',(1.205661002888,29.051889741836));
#1067 = CARTESIAN_POINT('',(1.1716296834,29.104430344406));
#1068 = CARTESIAN_POINT('',(1.139134453475,29.171525748558));
#1069 = CARTESIAN_POINT('',(1.075476982055,29.334602869483));
#1070 = CARTESIAN_POINT('',(1.044417094651,29.433167112634));
#1071 = CARTESIAN_POINT('',(1.015415972518,29.542992101162));
#1072 = CARTESIAN_POINT('',(0.988461095946,29.662140859173));
#1073 = CARTESIAN_POINT('',(0.963534300086,29.789095409545));
#1074 = CARTESIAN_POINT('',(0.94062184133,29.922691379529));
#1075 = ( GEOMETRIC_REPRESENTATION_CONTEXT(2) 
PARAMETRIC_REPRESENTATION_CONTEXT() REPRESENTATION_CONTEXT('2D SPACE',''
  ) );
#1076 = PCURVE('',#1077,#1082);
#1077 = CYLINDRICAL_SURFACE('',#1078,3.);
#1078 = AXIS2_PLACEMENT_3D('',#1079,#1080,#1081);
#1079 = CARTESIAN_POINT('',(18.000083387947,15.197767209692,
    -23.0873313717));
#1080 = DIRECTION('',(0.347314355824,-0.937748760724,0.));
#1081 = DIRECTION('',(-0.937748760724,-0.347314355824,0.));
#1082 = DEFINITIONAL_REPRESENTATION('',(#1083),#1186);
#1083 = B_SPLINE_CURVE_WITH_KNOTS('',6,(#1084,#1085,#1086,#1087,#1088,
    #1089,#1090,#1091,#1092,#1093,#1094,#1095,#1096,#1097,#1098,#1099,
    #1100,#1101,#1102,#1103,#1104,#1105,#1106,#1107,#1108,#1109,#1110,
    #1111,#1112,#1113,#1114,#1115,#1116,#1117,#1118,#1119,#1120,#1121,
    #1122,#1123,#1124,#1125,#1126,#1127,#1128,#1129,#1130,#1131,#1132,
    #1133,#1134,#1135,#1136,#1137,#1138,#1139,#1140,#1141,#1142,#1143,
    #1144,#1145,#1146,#1147,#1148,#1149,#1150,#1151,#1152,#1153,#1154,
    #1155,#1156,#1157,#1158,#1159,#1160,#1161,#1162,#1163,#1164,#1165,
    #1166,#1167,#1168,#1169,#1170,#1171,#1172,#1173,#1174,#1175,#1176,
    #1177,#1178,#1179,#1180,#1181,#1182,#1183,#1184,#1185),
  .UNSPECIFIED.,.F.,.F.,(7,5,5,5,5,5,5,5,5,5,5,5,5,5,5,5,5,5,5,5,7),(0.,
    1.393959087885E-02,5.041937543731E-02,8.961575276711E-02,
    0.133288428535,0.216121650289,0.275298160378,0.324161574726,
    0.382764717327,0.442636385233,0.470011274745,0.506551774899,
    0.550297793579,0.633263713678,0.676800939991,0.716286357617,
    0.796458378475,0.824236268604,0.882821825068,0.939035829112,1.),
  .UNSPECIFIED.);
#1084 = CARTESIAN_POINT('',(0.,2.404000437394));
#1085 = CARTESIAN_POINT('',(1.413090623593E-02,2.415354162605));
#1086 = CARTESIAN_POINT('',(2.819560510405E-02,2.426666499911));
#1087 = CARTESIAN_POINT('',(4.219741135357E-02,2.437923719501));
#1088 = CARTESIAN_POINT('',(5.613954583369E-02,2.449112519682));
#1089 = CARTESIAN_POINT('',(7.002513549366E-02,2.460220026881));
#1090 = CARTESIAN_POINT('',(0.120055637409,2.500056729915));
#1091 = CARTESIAN_POINT('',(0.155892448088,2.528241490729));
#1092 = CARTESIAN_POINT('',(0.19141672138,2.555560169644));
#1093 = CARTESIAN_POINT('',(0.22667370087,2.581803063649));
#1094 = CARTESIAN_POINT('',(0.26170776712,2.606777966295));
#1095 = CARTESIAN_POINT('',(0.334018841111,2.655593304951));
#1096 = CARTESIAN_POINT('',(0.371270504465,2.6792120766));
#1097 = CARTESIAN_POINT('',(0.40835450361,2.700931766261));
#1098 = CARTESIAN_POINT('',(0.445304228395,2.720544823808));
#1099 = CARTESIAN_POINT('',(0.48215401875,2.737873275486));
#1100 = CARTESIAN_POINT('',(0.559928765856,2.769371854155));
#1101 = CARTESIAN_POINT('',(0.600836088261,2.782954457352));
#1102 = CARTESIAN_POINT('',(0.64168202855,2.793305233325));
#1103 = CARTESIAN_POINT('',(0.682487263107,2.800276467712));
#1104 = CARTESIAN_POINT('',(0.72327457511,2.80379116053));
#1105 = CARTESIAN_POINT('',(0.84144458354,2.803953013322));
#1106 = CARTESIAN_POINT('',(0.918672497623,2.791615557953));
#1107 = CARTESIAN_POINT('',(0.996020886624,2.766916089156));
#1108 = CARTESIAN_POINT('',(1.073721363099,2.730775056163));
#1109 = CARTESIAN_POINT('',(1.151991759316,2.684943429597));
#1110 = CARTESIAN_POINT('',(1.287443363313,2.593769689721));
#1111 = CARTESIAN_POINT('',(1.344323362405,2.551985486964));
#1112 = CARTESIAN_POINT('',(1.4018511422,2.507150590517));
#1113 = CARTESIAN_POINT('',(1.460234512252,2.460098195354));
#1114 = CARTESIAN_POINT('',(1.519688408441,2.411794107494));
#1115 = CARTESIAN_POINT('',(1.630614367272,2.323397680861));
#1116 = CARTESIAN_POINT('',(1.681725076415,2.28329929022));
#1117 = CARTESIAN_POINT('',(1.733896391698,2.243734796505));
#1118 = CARTESIAN_POINT('',(1.787248758457,2.205454607555));
#1119 = CARTESIAN_POINT('',(1.84191266059,2.169307554777));
#1120 = CARTESIAN_POINT('',(1.965347909723,2.096585596587));
#1121 = CARTESIAN_POINT('',(2.035325651627,2.061027388087));
#1122 = CARTESIAN_POINT('',(2.107233663889,2.031965404227));
#1123 = CARTESIAN_POINT('',(2.180566088196,2.011434535914));
#1124 = CARTESIAN_POINT('',(2.254920253552,2.000669587805));
#1125 = CARTESIAN_POINT('',(2.406551264627,1.999365745805));
#1126 = CARTESIAN_POINT('',(2.48260012165,2.009280524269));
#1127 = CARTESIAN_POINT('',(2.557649280274,2.029495161314));
#1128 = CARTESIAN_POINT('',(2.631251986666,2.058749317823));
#1129 = CARTESIAN_POINT('',(2.702850094945,2.094870188956));
#1130 = CARTESIAN_POINT('',(2.803073043576,2.15374390943));
#1131 = CARTESIAN_POINT('',(2.834072466825,2.173195193267));
#1132 = CARTESIAN_POINT('',(2.86464621186,2.193457699513));
#1133 = CARTESIAN_POINT('',(2.894812910634,2.214370826838));
#1134 = CARTESIAN_POINT('',(2.924589564058,2.235782271545));
#1135 = CARTESIAN_POINT('',(2.993240308051,2.286604465552));
#1136 = CARTESIAN_POINT('',(3.031831731876,2.316300192704));
#1137 = CARTESIAN_POINT('',(3.069833175125,2.346318442733));
#1138 = CARTESIAN_POINT('',(3.10730432509,2.376372318456));
#1139 = CARTESIAN_POINT('',(3.144303530372,2.406204012468));
#1140 = CARTESIAN_POINT('',(3.224697816059,2.470754638829));
#1141 = CARTESIAN_POINT('',(3.267921176947,2.505281887944));
#1142 = CARTESIAN_POINT('',(3.31065286202,2.538754485709));
#1143 = CARTESIAN_POINT('',(3.352972810441,2.570801943757));
#1144 = CARTESIAN_POINT('',(3.394958993043,2.60109059616));
#1145 = CARTESIAN_POINT('',(3.515849456617,2.682860855332));
#1146 = CARTESIAN_POINT('',(3.594252301404,2.729096938456));
#1147 = CARTESIAN_POINT('',(3.672074889598,2.765668545342));
#1148 = CARTESIAN_POINT('',(3.749537996872,2.790804378108));
#1149 = CARTESIAN_POINT('',(3.826876189909,2.803563033538));
#1150 = CARTESIAN_POINT('',(3.945021954776,2.803991115858));
#1151 = CARTESIAN_POINT('',(3.985674750775,2.800702299964));
#1152 = CARTESIAN_POINT('',(4.026344406877,2.793976886605));
#1153 = CARTESIAN_POINT('',(4.067053270104,2.783888313798));
#1154 = CARTESIAN_POINT('',(4.107821647814,2.770580055078));
#1155 = CARTESIAN_POINT('',(4.185713812437,2.739462140773));
#1156 = CARTESIAN_POINT('',(4.222821300596,2.722187510977));
#1157 = CARTESIAN_POINT('',(4.260028421099,2.702584605812));
#1158 = CARTESIAN_POINT('',(4.297369982305,2.680834055839));
#1159 = CARTESIAN_POINT('',(4.33487978595,2.65714712827));
#1160 = CARTESIAN_POINT('',(4.449164663251,2.580220909847));
#1161 = CARTESIAN_POINT('',(4.526484465848,2.521739160457));
#1162 = CARTESIAN_POINT('',(4.605119939776,2.458155956846));
#1163 = CARTESIAN_POINT('',(4.68563534958,2.391580209687));
#1164 = CARTESIAN_POINT('',(4.768586579698,2.324645990145));
#1165 = CARTESIAN_POINT('',(4.884449825404,2.238573205072));
#1166 = CARTESIAN_POINT('',(4.91464686591,2.216777919357));
#1167 = CARTESIAN_POINT('',(4.945244311297,2.19548413016));
#1168 = CARTESIAN_POINT('',(4.976260234132,2.174850529864));
#1169 = CARTESIAN_POINT('',(5.007714405499,2.155044752708));
#1170 = CARTESIAN_POINT('',(5.106940563313,2.096585596586));
#1171 = CARTESIAN_POINT('',(5.176918305217,2.061027388087));
#1172 = CARTESIAN_POINT('',(5.248826317479,2.031965404227));
#1173 = CARTESIAN_POINT('',(5.322158741786,2.011434535914));
#1174 = CARTESIAN_POINT('',(5.396512907142,2.000669587805));
#1175 = CARTESIAN_POINT('',(5.543484222138,1.999405813515));
#1176 = CARTESIAN_POINT('',(5.615016691449,2.008113116178));
#1177 = CARTESIAN_POINT('',(5.685719290745,2.025956727148));
#1178 = CARTESIAN_POINT('',(5.755181773962,2.051938693171));
#1179 = CARTESIAN_POINT('',(5.822904917034,2.084301770919));
#1180 = CARTESIAN_POINT('',(5.958983419603,2.160589185673));
#1181 = CARTESIAN_POINT('',(6.027426547231,2.205549907341));
#1182 = CARTESIAN_POINT('',(6.093821454081,2.253898682643));
#1183 = CARTESIAN_POINT('',(6.158419571802,2.303980644627));
#1184 = CARTESIAN_POINT('',(6.221462119823,2.354407856658));
#1185 = CARTESIAN_POINT('',(6.28318530718,2.404000437394));
#1186 = ( GEOMETRIC_REPRESENTATION_CONTEXT(2) 
PARAMETRIC_REPRESENTATION_CONTEXT() REPRESENTATION_CONTEXT('2D SPACE',''
  ) );
#1187 = FACE_BOUND('',#1188,.T.);
#1188 = EDGE_LOOP('',(#1189));
#1189 = ORIENTED_EDGE('',*,*,#1190,.F.);
#1190 = EDGE_CURVE('',#1191,#1191,#1193,.T.);
#1191 = VERTEX_POINT('',#1192);
#1192 = CARTESIAN_POINT('',(19.908922935637,1.406192401596,
    -23.0873313717));
#1193 = SURFACE_CURVE('',#1194,(#1297,#1403),.PCURVE_S1.);
#1194 = B_SPLINE_CURVE_WITH_KNOTS('',6,(#1195,#1196,#1197,#1198,#1199,
    #1200,#1201,#1202,#1203,#1204,#1205,#1206,#1207,#1208,#1209,#1210,
    #1211,#1212,#1213,#1214,#1215,#1216,#1217,#1218,#1219,#1220,#1221,
    #1222,#1223,#1224,#1225,#1226,#1227,#1228,#1229,#1230,#1231,#1232,
    #1233,#1234,#1235,#1236,#1237,#1238,#1239,#1240,#1241,#1242,#1243,
    #1244,#1245,#1246,#1247,#1248,#1249,#1250,#1251,#1252,#1253,#1254,
    #1255,#1256,#1257,#1258,#1259,#1260,#1261,#1262,#1263,#1264,#1265,
    #1266,#1267,#1268,#1269,#1270,#1271,#1272,#1273,#1274,#1275,#1276,
    #1277,#1278,#1279,#1280,#1281,#1282,#1283,#1284,#1285,#1286,#1287,
    #1288,#1289,#1290,#1291,#1292,#1293,#1294,#1295,#1296),
  .UNSPECIFIED.,.T.,.F.,(7,5,5,5,5,5,5,5,5,5,5,5,5,5,5,5,5,5,5,5,7),(0.,
    1.393959088193E-02,5.041937544842E-02,8.961575278683E-02,
    0.133288428564,0.216121650336,0.275298160438,0.324161574797,
    0.382764717411,0.44263638533,0.470011274846,0.506551775004,
    0.550297793687,0.633263713792,0.676800940109,0.716286357739,
    0.796458378603,0.824236268733,0.882821825171,0.939035829172,1.),
  .UNSPECIFIED.);
#1195 = CARTESIAN_POINT('',(19.90892293564,1.406192401587,-23.0873313717
    ));
#1196 = CARTESIAN_POINT('',(19.904979623882,1.416839343333,
    -23.12972409041));
#1197 = CARTESIAN_POINT('',(19.901724785241,1.427697139736,
    -23.17191816474));
#1198 = CARTESIAN_POINT('',(19.899151370519,1.438748538732,
    -23.2139083692));
#1199 = CARTESIAN_POINT('',(19.897252881949,1.449976949035,
    -23.25568979589));
#1200 = CARTESIAN_POINT('',(19.896023373197,1.461366440129,
    -23.29725785447));
#1201 = CARTESIAN_POINT('',(19.893976431753,1.503089524737,
    -23.44682194524));
#1202 = CARTESIAN_POINT('',(19.8970397101,1.534279842001,-23.55355946659
    ));
#1203 = CARTESIAN_POINT('',(19.904553341885,1.566194862687,
    -23.65872722097));
#1204 = CARTESIAN_POINT('',(19.916441690085,1.598582949214,
    -23.76224297243));
#1205 = CARTESIAN_POINT('',(19.93264757995,1.631217959919,
    -23.86403532877));
#1206 = CARTESIAN_POINT('',(19.975142808398,1.699012815228,
    -24.07149851403));
#1207 = CARTESIAN_POINT('',(20.002094377275,1.734181551049,
    -24.17689918481));
#1208 = CARTESIAN_POINT('',(20.033927469814,1.769133108505,
    -24.28010143001));
#1209 = CARTESIAN_POINT('',(20.070585354245,1.803625147758,
    -24.38097135753));
#1210 = CARTESIAN_POINT('',(20.112014969634,1.837448228296,
    -24.47938251767));
#1211 = CARTESIAN_POINT('',(20.209591021615,1.907177077904,
    -24.68198844961));
#1212 = CARTESIAN_POINT('',(20.266874789031,1.94287755481,
    -24.78555390616));
#1213 = CARTESIAN_POINT('',(20.329910916356,1.977262167491,
    -24.88565894367));
#1214 = CARTESIAN_POINT('',(20.398564501628,2.010123432065,
    -24.98206905899));
#1215 = CARTESIAN_POINT('',(20.4726751823,2.041319843471,-25.07456268618
    ));
#1216 = CARTESIAN_POINT('',(20.702623648054,2.126658539079,
    -25.33052829785));
#1217 = CARTESIAN_POINT('',(20.871816957151,2.176166266238,
    -25.48289886104));
#1218 = CARTESIAN_POINT('',(21.058405099125,2.218933874384,
    -25.61891638636));
#1219 = CARTESIAN_POINT('',(21.26089365585,2.255389427383,
    -25.73735065379));
#1220 = CARTESIAN_POINT('',(21.477391754989,2.286699808696,
    -25.83679983223));
#1221 = CARTESIAN_POINT('',(21.868328424662,2.334264977095,
    -25.97223601326));
#1222 = CARTESIAN_POINT('',(22.037294049829,2.352286845223,
    -26.01829629293));
#1223 = CARTESIAN_POINT('',(22.211865095289,2.369131584896,
    -26.0535530633));
#1224 = CARTESIAN_POINT('',(22.391543998982,2.385503419412,
    -26.07738302718));
#1225 = CARTESIAN_POINT('',(22.575690739105,2.402195223463,
    -26.08895048574));
#1226 = CARTESIAN_POINT('',(22.918439600415,2.434874737024,
    -26.08573944402));
#1227 = CARTESIAN_POINT('',(23.076065319054,2.450494362346,
    -26.07519948795));
#1228 = CARTESIAN_POINT('',(23.235759793352,2.467449532451,
    -26.05493702491));
#1229 = CARTESIAN_POINT('',(23.39684030902,2.486287612889,-26.0242243356
    ));
#1230 = CARTESIAN_POINT('',(23.558434250524,2.507590592704,
    -25.98225035172));
#1231 = CARTESIAN_POINT('',(23.912517652724,2.561183082139,
    -25.86322254353));
#1232 = CARTESIAN_POINT('',(24.106368886967,2.595061141356,
    -25.78029834354));
#1233 = CARTESIAN_POINT('',(24.295995710647,2.634302072185,
    -25.67830125455));
#1234 = CARTESIAN_POINT('',(24.476953011092,2.679429511106,
    -25.55735411666));
#1235 = CARTESIAN_POINT('',(24.645507916322,2.73037768851,
    -25.41851420502));
#1236 = CARTESIAN_POINT('',(24.955414195988,2.843767396224,
    -25.10541638694));
#1237 = CARTESIAN_POINT('',(25.093530129413,2.905494403857,
    -24.93305089108));
#1238 = CARTESIAN_POINT('',(25.211117920344,2.970601997129,
    -24.74952315911));
#1239 = CARTESIAN_POINT('',(25.307300319842,3.037421263927,
    -24.5585561197));
#1240 = CARTESIAN_POINT('',(25.38247443851,3.103782238571,-24.3644519029
    ));
#1241 = CARTESIAN_POINT('',(25.463975956741,3.196749962366,
    -24.08412642296));
#1242 = CARTESIAN_POINT('',(25.485641159152,3.225516643578,
    -23.99613326421));
#1243 = CARTESIAN_POINT('',(25.503588015218,3.253771233839,
    -23.90826854404));
#1244 = CARTESIAN_POINT('',(25.517999759038,3.281410334983,
    -23.82067981894));
#1245 = CARTESIAN_POINT('',(25.52905367984,3.308337195507,-23.733497608)
  );
#1246 = CARTESIAN_POINT('',(25.547421725856,3.369336135174,
    -23.53115887837));
#1247 = CARTESIAN_POINT('',(25.552247180793,3.402790380319,
    -23.41638179558));
#1248 = CARTESIAN_POINT('',(25.551804654378,3.4346374544,-23.30269448826
    ));
#1249 = CARTESIAN_POINT('',(25.546456951989,3.464705787299,
    -23.19024569853));
#1250 = CARTESIAN_POINT('',(25.536522248012,3.492838299763,
    -23.07914433002));
#1251 = CARTESIAN_POINT('',(25.50521664195,3.5500793671,-22.83814770526)
  );
#1252 = CARTESIAN_POINT('',(25.481974744347,3.578290552793,
    -22.70884924014));
#1253 = CARTESIAN_POINT('',(25.45301804449,3.60326048204,-22.58173575023
    ));
#1254 = CARTESIAN_POINT('',(25.4187484683,3.624742933537,-22.45695109618
    ));
#1255 = CARTESIAN_POINT('',(25.379501672893,3.642506408826,
    -22.33461361886));
#1256 = CARTESIAN_POINT('',(25.252189250835,3.68255213204,
    -21.98761967054));
#1257 = CARTESIAN_POINT('',(25.151744217344,3.694655673518,
    -21.76913866181));
#1258 = CARTESIAN_POINT('',(25.036347141774,3.690915381634,
    -21.56121181153));
#1259 = CARTESIAN_POINT('',(24.9078796661,3.670139277619,-21.3652654708)
  );
#1260 = CARTESIAN_POINT('',(24.767775030902,3.631854294269,
    -21.18260253835));
#1261 = CARTESIAN_POINT('',(24.537981311774,3.547202009418,
    -20.9263705802));
#1262 = CARTESIAN_POINT('',(24.456070052672,3.513357366361,
    -20.84231604206));
#1263 = CARTESIAN_POINT('',(24.371522749466,3.474871679128,
    -20.76259653354));
#1264 = CARTESIAN_POINT('',(24.284512046292,3.431887203095,-20.687419095
    ));
#1265 = CARTESIAN_POINT('',(24.195198212456,3.384616295107,
    -20.61699009884));
#1266 = CARTESIAN_POINT('',(24.020781381817,3.286833832123,
    -20.4921286256));
#1267 = CARTESIAN_POINT('',(23.936065445569,3.237036175674,
    -20.43682118387));
#1268 = CARTESIAN_POINT('',(23.849647579369,3.184125339879,
    -20.38570321787));
#1269 = CARTESIAN_POINT('',(23.761581817071,3.128313958764,
    -20.33890501914));
#1270 = CARTESIAN_POINT('',(23.671918158416,3.069845842661,
    -20.29657224015));
#1271 = CARTESIAN_POINT('',(23.395507469358,2.885438647389,
    -20.18230037571));
#1272 = CARTESIAN_POINT('',(23.20414014541,2.752197876016,
    -20.12489124864));
#1273 = CARTESIAN_POINT('',(23.00635565286,2.611140267866,
    -20.08759964441));
#1274 = CARTESIAN_POINT('',(22.801836530082,2.464397152541,
    -20.07214140396));
#1275 = CARTESIAN_POINT('',(22.590535652684,2.314760007138,
    -20.08103452727));
#1276 = CARTESIAN_POINT('',(22.297770238681,2.114541756678,
    -20.13031144094));
#1277 = CARTESIAN_POINT('',(22.221671737549,2.063114989044,
    -20.14632194762));
#1278 = CARTESIAN_POINT('',(22.14486285699,2.011959905636,
    -20.16580278875));
#1279 = CARTESIAN_POINT('',(22.067409248576,1.961270048823,
    -20.18889824236));
#1280 = CARTESIAN_POINT('',(21.989390331514,1.911253595547,
    -20.21575706104));
#1281 = CARTESIAN_POINT('',(21.745359957772,1.758532084025,
    -20.31144019985));
#1282 = CARTESIAN_POINT('',(21.576208475998,1.657964692838,
    -20.39436439986));
#1283 = CARTESIAN_POINT('',(21.406768940692,1.564218083303,
    -20.49636148889));
#1284 = CARTESIAN_POINT('',(21.240072970906,1.480585051785,
    -20.61730862676));
#1285 = CARTESIAN_POINT('',(21.078995707773,1.4094472409,-20.75614853833
    ));
#1286 = CARTESIAN_POINT('',(20.779490855441,1.297171849501,
    -21.05962470542));
#1287 = CARTESIAN_POINT('',(20.642515549972,1.255725580577,
    -21.22085612623));
#1288 = CARTESIAN_POINT('',(20.517192048329,1.228337604876,
    -21.39220687198));
#1289 = CARTESIAN_POINT('',(20.405091589885,1.214525661814,
    -21.57052472255));
#1290 = CARTESIAN_POINT('',(20.307258337225,1.212802582622,
    -21.75214602602));
#1291 = CARTESIAN_POINT('',(20.133449693884,1.229780667173,
    -22.12894610499));
#1292 = CARTESIAN_POINT('',(20.059358388854,1.250284824151,
    -22.3254076945));
#1293 = CARTESIAN_POINT('',(20.000669893227,1.280106690552,
    -22.52050871313));
#1294 = CARTESIAN_POINT('',(19.95652267968,1.317162459005,
    -22.71303440885));
#1295 = CARTESIAN_POINT('',(19.926147150876,1.359687020452,
    -22.90216180959));
#1296 = CARTESIAN_POINT('',(19.90892293564,1.406192401587,-23.0873313717
    ));
#1297 = PCURVE('',#145,#1298);
#1298 = DEFINITIONAL_REPRESENTATION('',(#1299),#1402);
#1299 = B_SPLINE_CURVE_WITH_KNOTS('',6,(#1300,#1301,#1302,#1303,#1304,
    #1305,#1306,#1307,#1308,#1309,#1310,#1311,#1312,#1313,#1314,#1315,
    #1316,#1317,#1318,#1319,#1320,#1321,#1322,#1323,#1324,#1325,#1326,
    #1327,#1328,#1329,#1330,#1331,#1332,#1333,#1334,#1335,#1336,#1337,
    #1338,#1339,#1340,#1341,#1342,#1343,#1344,#1345,#1346,#1347,#1348,
    #1349,#1350,#1351,#1352,#1353,#1354,#1355,#1356,#1357,#1358,#1359,
    #1360,#1361,#1362,#1363,#1364,#1365,#1366,#1367,#1368,#1369,#1370,
    #1371,#1372,#1373,#1374,#1375,#1376,#1377,#1378,#1379,#1380,#1381,
    #1382,#1383,#1384,#1385,#1386,#1387,#1388,#1389,#1390,#1391,#1392,
    #1393,#1394,#1395,#1396,#1397,#1398,#1399,#1400,#1401),
  .UNSPECIFIED.,.F.,.F.,(7,5,5,5,5,5,5,5,5,5,5,5,5,5,5,5,5,5,5,5,7),(0.,
    1.393959088193E-02,5.041937544842E-02,8.961575278683E-02,
    0.133288428564,0.216121650336,0.275298160438,0.324161574797,
    0.382764717411,0.44263638533,0.470011274846,0.506551775004,
    0.550297793687,0.633263713792,0.676800940109,0.716286357739,
    0.796458378603,0.824236268733,0.882821825171,0.939035829172,1.),
  .UNSPECIFIED.);
#1300 = CARTESIAN_POINT('',(4.82033592749,29.922691379529));
#1301 = CARTESIAN_POINT('',(4.825581505695,29.953276840296));
#1302 = CARTESIAN_POINT('',(4.830722596933,29.984216739443));
#1303 = CARTESIAN_POINT('',(4.835759482596,30.015498580623));
#1304 = CARTESIAN_POINT('',(4.840692375014,30.047110613591));
#1305 = CARTESIAN_POINT('',(4.845521417457,30.079041834201));
#1306 = CARTESIAN_POINT('',(4.862612664727,30.195654168922));
#1307 = CARTESIAN_POINT('',(4.874269597133,30.282153196595));
#1308 = CARTESIAN_POINT('',(4.885216612174,30.370583709633));
#1309 = CARTESIAN_POINT('',(4.89545041256,30.46077674596));
#1310 = CARTESIAN_POINT('',(4.904965757442,30.552589286751));
#1311 = CARTESIAN_POINT('',(4.923200728242,30.746167308027));
#1312 = CARTESIAN_POINT('',(4.931808806506,30.848170020129));
#1313 = CARTESIAN_POINT('',(4.939565610188,30.951704109813));
#1314 = CARTESIAN_POINT('',(4.946456856779,31.056577857987));
#1315 = CARTESIAN_POINT('',(4.952468912032,31.162615210721));
#1316 = CARTESIAN_POINT('',(4.963294126807,31.388919634335));
#1317 = CARTESIAN_POINT('',(4.967891633749,31.50942180046));
#1318 = CARTESIAN_POINT('',(4.971359765777,31.630846077099));
#1319 = CARTESIAN_POINT('',(4.97368358013,31.752885780661));
#1320 = CARTESIAN_POINT('',(4.974855181209,31.875242896552));
#1321 = CARTESIAN_POINT('',(4.974909132157,32.229752811002));
#1322 = CARTESIAN_POINT('',(4.970796671811,32.461453745733));
#1323 = CARTESIAN_POINT('',(4.962564511633,32.691030361271));
#1324 = CARTESIAN_POINT('',(4.950297778862,32.916727653652));
#1325 = CARTESIAN_POINT('',(4.934142582858,33.136587055967));
#1326 = CARTESIAN_POINT('',(4.900121644323,33.499587897227));
#1327 = CARTESIAN_POINT('',(4.884047115375,33.646868211636));
#1328 = CARTESIAN_POINT('',(4.866103058816,33.789710702879));
#1329 = CARTESIAN_POINT('',(4.846299634618,33.927511953292));
#1330 = CARTESIAN_POINT('',(4.824632628872,34.059444118355));
#1331 = CARTESIAN_POINT('',(4.781645091081,34.287544141886));
#1332 = CARTESIAN_POINT('',(4.760901555427,34.386047491132));
#1333 = CARTESIAN_POINT('',(4.738849611416,34.479200751548));
#1334 = CARTESIAN_POINT('',(4.715482121936,34.566167218782));
#1335 = CARTESIAN_POINT('',(4.690794276293,34.645935071836));
#1336 = CARTESIAN_POINT('',(4.633593891944,34.802865014333));
#1337 = CARTESIAN_POINT('',(4.600240196343,34.877058027547));
#1338 = CARTESIAN_POINT('',(4.56515706746,34.936037041578));
#1339 = CARTESIAN_POINT('',(4.528805117205,34.977130263603));
#1340 = CARTESIAN_POINT('',(4.49164291844,34.998660808189));
#1341 = CARTESIAN_POINT('',(4.415828347227,35.001268524328));
#1342 = CARTESIAN_POINT('',(4.377789132947,34.981438320071));
#1343 = CARTESIAN_POINT('',(4.340539411921,34.941038239696));
#1344 = CARTESIAN_POINT('',(4.304581173942,34.88178331161));
#1345 = CARTESIAN_POINT('',(4.270419650297,34.80651342743));
#1346 = CARTESIAN_POINT('',(4.223947843065,34.679544019224));
#1347 = CARTESIAN_POINT('',(4.209775121045,34.637044872015));
#1348 = CARTESIAN_POINT('',(4.196013494702,34.592100797979));
#1349 = CARTESIAN_POINT('',(4.182665271472,34.544912369105));
#1350 = CARTESIAN_POINT('',(4.169732253028,34.495665603568));
#1351 = CARTESIAN_POINT('',(4.140507974355,34.376279203339));
#1352 = CARTESIAN_POINT('',(4.124538126341,34.304648767705));
#1353 = CARTESIAN_POINT('',(4.109297457176,34.229997404227));
#1354 = CARTESIAN_POINT('',(4.094779213971,34.152626746672));
#1355 = CARTESIAN_POINT('',(4.080977755673,34.072784190818));
#1356 = CARTESIAN_POINT('',(4.052216802543,33.892348533024));
#1357 = CARTESIAN_POINT('',(4.037563543212,33.79075529661));
#1358 = CARTESIAN_POINT('',(4.023926162273,33.686248175189));
#1359 = CARTESIAN_POINT('',(4.011308132497,33.57913272973));
#1360 = CARTESIAN_POINT('',(3.99971713919,33.469656619573));
#1361 = CARTESIAN_POINT('',(3.96914920584,33.146270526556));
#1362 = CARTESIAN_POINT('',(3.952830047952,32.926329767653));
#1363 = CARTESIAN_POINT('',(3.940406006306,32.700484454625));
#1364 = CARTESIAN_POINT('',(3.932024167558,32.470698816227));
#1365 = CARTESIAN_POINT('',(3.927771283731,32.238729745116));
#1366 = CARTESIAN_POINT('',(3.927628589312,31.884293226066));
#1367 = CARTESIAN_POINT('',(3.928724904027,31.762322696411));
#1368 = CARTESIAN_POINT('',(3.930966186088,31.640651995588));
#1369 = CARTESIAN_POINT('',(3.934344892795,31.519576813525));
#1370 = CARTESIAN_POINT('',(3.938846476203,31.399401181811));
#1371 = CARTESIAN_POINT('',(3.949531006849,31.17254594746));
#1372 = CARTESIAN_POINT('',(3.955518170008,31.065658094233));
#1373 = CARTESIAN_POINT('',(3.962398110782,30.95993904605));
#1374 = CARTESIAN_POINT('',(3.970156895114,30.855569028405));
#1375 = CARTESIAN_POINT('',(3.978779863999,30.752744227584));
#1376 = CARTESIAN_POINT('',(4.007484424679,30.446468735975));
#1377 = CARTESIAN_POINT('',(4.030195549295,30.248744999722));
#1378 = CARTESIAN_POINT('',(4.056315864214,30.059488873287));
#1379 = CARTESIAN_POINT('',(4.085854322688,29.880244732245));
#1380 = CARTESIAN_POINT('',(4.118857795285,29.713469992441));
#1381 = CARTESIAN_POINT('',(4.168056834862,29.510769445213));
#1382 = CARTESIAN_POINT('',(4.181145931258,29.460539781148));
#1383 = CARTESIAN_POINT('',(4.194663171556,29.412417957527));
#1384 = CARTESIAN_POINT('',(4.208606850012,29.366597243124));
#1385 = CARTESIAN_POINT('',(4.222974735116,29.323286594302));
#1386 = CARTESIAN_POINT('',(4.268956530454,29.197134985699));
#1387 = CARTESIAN_POINT('',(4.302310226071,29.122941972429));
#1388 = CARTESIAN_POINT('',(4.337393354962,29.063962958404));
#1389 = CARTESIAN_POINT('',(4.373745305208,29.022869736411));
#1390 = CARTESIAN_POINT('',(4.410907503956,29.001339191811));
#1391 = CARTESIAN_POINT('',(4.484392255856,28.998811612081));
#1392 = CARTESIAN_POINT('',(4.520171488655,29.016226835553));
#1393 = CARTESIAN_POINT('',(4.555296765932,29.051889741836));
#1394 = CARTESIAN_POINT('',(4.589328085419,29.104430344406));
#1395 = CARTESIAN_POINT('',(4.621823315345,29.171525748558));
#1396 = CARTESIAN_POINT('',(4.685480786758,29.334602869466));
#1397 = CARTESIAN_POINT('',(4.71654067417,29.43316711263));
#1398 = CARTESIAN_POINT('',(4.745541796307,29.542992101184));
#1399 = CARTESIAN_POINT('',(4.772496672876,29.66214085919));
#1400 = CARTESIAN_POINT('',(4.797423468729,29.789095409518));
#1401 = CARTESIAN_POINT('',(4.82033592749,29.922691379529));
#1402 = ( GEOMETRIC_REPRESENTATION_CONTEXT(2) 
PARAMETRIC_REPRESENTATION_CONTEXT() REPRESENTATION_CONTEXT('2D SPACE',''
  ) );
#1403 = PCURVE('',#1077,#1404);
#1404 = DEFINITIONAL_REPRESENTATION('',(#1405),#1508);
#1405 = B_SPLINE_CURVE_WITH_KNOTS('',6,(#1406,#1407,#1408,#1409,#1410,
    #1411,#1412,#1413,#1414,#1415,#1416,#1417,#1418,#1419,#1420,#1421,
    #1422,#1423,#1424,#1425,#1426,#1427,#1428,#1429,#1430,#1431,#1432,
    #1433,#1434,#1435,#1436,#1437,#1438,#1439,#1440,#1441,#1442,#1443,
    #1444,#1445,#1446,#1447,#1448,#1449,#1450,#1451,#1452,#1453,#1454,
    #1455,#1456,#1457,#1458,#1459,#1460,#1461,#1462,#1463,#1464,#1465,
    #1466,#1467,#1468,#1469,#1470,#1471,#1472,#1473,#1474,#1475,#1476,
    #1477,#1478,#1479,#1480,#1481,#1482,#1483,#1484,#1485,#1486,#1487,
    #1488,#1489,#1490,#1491,#1492,#1493,#1494,#1495,#1496,#1497,#1498,
    #1499,#1500,#1501,#1502,#1503,#1504,#1505,#1506,#1507),
  .UNSPECIFIED.,.F.,.F.,(7,5,5,5,5,5,5,5,5,5,5,5,5,5,5,5,5,5,5,5,7),(0.,
    1.393959088193E-02,5.041937544842E-02,8.961575278683E-02,
    0.133288428564,0.216121650336,0.275298160438,0.324161574797,
    0.382764717411,0.44263638533,0.470011274846,0.506551775004,
    0.550297793687,0.633263713792,0.676800940109,0.716286357739,
    0.796458378603,0.824236268733,0.882821825171,0.939035829172,1.),
  .UNSPECIFIED.);
#1406 = CARTESIAN_POINT('',(0.,13.595999562606));
#1407 = CARTESIAN_POINT('',(1.413090623593E-02,13.584645837395));
#1408 = CARTESIAN_POINT('',(2.819560510405E-02,13.573333500089));
#1409 = CARTESIAN_POINT('',(4.219741135357E-02,13.562076280499));
#1410 = CARTESIAN_POINT('',(5.613954583369E-02,13.550887480318));
#1411 = CARTESIAN_POINT('',(7.002513549366E-02,13.539779973119));
#1412 = CARTESIAN_POINT('',(0.120055637409,13.499943270085));
#1413 = CARTESIAN_POINT('',(0.155892448088,13.471758509271));
#1414 = CARTESIAN_POINT('',(0.19141672138,13.444439830356));
#1415 = CARTESIAN_POINT('',(0.22667370087,13.418196936351));
#1416 = CARTESIAN_POINT('',(0.26170776712,13.393222033705));
#1417 = CARTESIAN_POINT('',(0.334018841111,13.344406695049));
#1418 = CARTESIAN_POINT('',(0.371270504465,13.3207879234));
#1419 = CARTESIAN_POINT('',(0.40835450361,13.299068233739));
#1420 = CARTESIAN_POINT('',(0.445304228395,13.279455176192));
#1421 = CARTESIAN_POINT('',(0.48215401875,13.262126724514));
#1422 = CARTESIAN_POINT('',(0.559928765856,13.230628145845));
#1423 = CARTESIAN_POINT('',(0.600836088261,13.217045542648));
#1424 = CARTESIAN_POINT('',(0.64168202855,13.206694766675));
#1425 = CARTESIAN_POINT('',(0.682487263107,13.199723532288));
#1426 = CARTESIAN_POINT('',(0.72327457511,13.19620883947));
#1427 = CARTESIAN_POINT('',(0.84144458354,13.196046986678));
#1428 = CARTESIAN_POINT('',(0.918672497623,13.208384442047));
#1429 = CARTESIAN_POINT('',(0.996020886624,13.233083910844));
#1430 = CARTESIAN_POINT('',(1.073721363099,13.269224943837));
#1431 = CARTESIAN_POINT('',(1.151991759316,13.315056570403));
#1432 = CARTESIAN_POINT('',(1.287443363313,13.406230310279));
#1433 = CARTESIAN_POINT('',(1.344323362405,13.448014513036));
#1434 = CARTESIAN_POINT('',(1.4018511422,13.492849409483));
#1435 = CARTESIAN_POINT('',(1.460234512251,13.539901804646));
#1436 = CARTESIAN_POINT('',(1.519688408441,13.588205892506));
#1437 = CARTESIAN_POINT('',(1.630614367272,13.676602319139));
#1438 = CARTESIAN_POINT('',(1.681725076415,13.71670070978));
#1439 = CARTESIAN_POINT('',(1.733896391698,13.756265203495));
#1440 = CARTESIAN_POINT('',(1.787248758457,13.794545392445));
#1441 = CARTESIAN_POINT('',(1.84191266059,13.830692445223));
#1442 = CARTESIAN_POINT('',(1.965347909723,13.903414403413));
#1443 = CARTESIAN_POINT('',(2.035325651627,13.938972611914));
#1444 = CARTESIAN_POINT('',(2.107233663889,13.968034595773));
#1445 = CARTESIAN_POINT('',(2.180566088195,13.988565464086));
#1446 = CARTESIAN_POINT('',(2.254920253552,13.999330412195));
#1447 = CARTESIAN_POINT('',(2.406551264627,14.000634254195));
#1448 = CARTESIAN_POINT('',(2.48260012165,13.990719475731));
#1449 = CARTESIAN_POINT('',(2.557649280274,13.970504838686));
#1450 = CARTESIAN_POINT('',(2.631251986666,13.941250682177));
#1451 = CARTESIAN_POINT('',(2.702850094945,13.905129811044));
#1452 = CARTESIAN_POINT('',(2.803073043573,13.846256090571));
#1453 = CARTESIAN_POINT('',(2.834072466825,13.826804806733));
#1454 = CARTESIAN_POINT('',(2.864646211863,13.806542300485));
#1455 = CARTESIAN_POINT('',(2.894812910635,13.785629173161));
#1456 = CARTESIAN_POINT('',(2.924589564056,13.764217728457));
#1457 = CARTESIAN_POINT('',(2.993240308051,13.713395534448));
#1458 = CARTESIAN_POINT('',(3.031831731876,13.683699807296));
#1459 = CARTESIAN_POINT('',(3.069833175125,13.653681557267));
#1460 = CARTESIAN_POINT('',(3.10730432509,13.623627681544));
#1461 = CARTESIAN_POINT('',(3.144303530372,13.593795987532));
#1462 = CARTESIAN_POINT('',(3.224697816059,13.529245361171));
#1463 = CARTESIAN_POINT('',(3.267921176947,13.494718112056));
#1464 = CARTESIAN_POINT('',(3.31065286202,13.461245514291));
#1465 = CARTESIAN_POINT('',(3.352972810441,13.429198056243));
#1466 = CARTESIAN_POINT('',(3.394958993043,13.39890940384));
#1467 = CARTESIAN_POINT('',(3.515849456617,13.317139144668));
#1468 = CARTESIAN_POINT('',(3.594252301404,13.270903061544));
#1469 = CARTESIAN_POINT('',(3.672074889598,13.234331454658));
#1470 = CARTESIAN_POINT('',(3.749537996872,13.209195621892));
#1471 = CARTESIAN_POINT('',(3.826876189909,13.196436966462));
#1472 = CARTESIAN_POINT('',(3.945021954776,13.196008884142));
#1473 = CARTESIAN_POINT('',(3.985674750775,13.199297700036));
#1474 = CARTESIAN_POINT('',(4.026344406877,13.206023113395));
#1475 = CARTESIAN_POINT('',(4.067053270104,13.216111686202));
#1476 = CARTESIAN_POINT('',(4.107821647814,13.229419944922));
#1477 = CARTESIAN_POINT('',(4.185713812437,13.260537859227));
#1478 = CARTESIAN_POINT('',(4.222821300596,13.277812489023));
#1479 = CARTESIAN_POINT('',(4.260028421099,13.297415394188));
#1480 = CARTESIAN_POINT('',(4.297369982305,13.31916594416));
#1481 = CARTESIAN_POINT('',(4.33487978595,13.34285287173));
#1482 = CARTESIAN_POINT('',(4.449164663251,13.419779090153));
#1483 = CARTESIAN_POINT('',(4.526484465848,13.478260839543));
#1484 = CARTESIAN_POINT('',(4.605119939776,13.541844043154));
#1485 = CARTESIAN_POINT('',(4.68563534958,13.608419790314));
#1486 = CARTESIAN_POINT('',(4.768586579698,13.675354009855));
#1487 = CARTESIAN_POINT('',(4.884449825402,13.761426794927));
#1488 = CARTESIAN_POINT('',(4.91464686591,13.783222080643));
#1489 = CARTESIAN_POINT('',(4.945244311299,13.804515869841));
#1490 = CARTESIAN_POINT('',(4.976260234132,13.825149470136));
#1491 = CARTESIAN_POINT('',(5.007714405497,13.844955247291));
#1492 = CARTESIAN_POINT('',(5.106940563288,13.903414403399));
#1493 = CARTESIAN_POINT('',(5.176918305227,13.938972611924));
#1494 = CARTESIAN_POINT('',(5.248826317504,13.968034595783));
#1495 = CARTESIAN_POINT('',(5.322158741792,13.988565464079));
#1496 = CARTESIAN_POINT('',(5.396512907115,13.999330412194));
#1497 = CARTESIAN_POINT('',(5.543484222138,14.000594186485));
#1498 = CARTESIAN_POINT('',(5.615016691449,13.991886883822));
#1499 = CARTESIAN_POINT('',(5.685719290745,13.974043272852));
#1500 = CARTESIAN_POINT('',(5.755181773962,13.948061306829));
#1501 = CARTESIAN_POINT('',(5.822904917034,13.915698229081));
#1502 = CARTESIAN_POINT('',(5.958983419589,13.839410814335));
#1503 = CARTESIAN_POINT('',(6.027426547233,13.794450092661));
#1504 = CARTESIAN_POINT('',(6.093821454093,13.746101317347));
#1505 = CARTESIAN_POINT('',(6.158419571808,13.696019355368));
#1506 = CARTESIAN_POINT('',(6.22146211981,13.645592143352));
#1507 = CARTESIAN_POINT('',(6.28318530718,13.595999562606));
#1508 = ( GEOMETRIC_REPRESENTATION_CONTEXT(2) 
PARAMETRIC_REPRESENTATION_CONTEXT() REPRESENTATION_CONTEXT('2D SPACE',''
  ) );
#1509 = ADVANCED_FACE('',(#1510,#3303,#3510),#115,.T.);
#1510 = FACE_BOUND('',#1511,.T.);
#1511 = EDGE_LOOP('',(#1512,#1513,#1514,#1515,#1589,#1617,#1657,#1689,
    #1721,#1744,#1771,#1772,#1972,#2270,#2303,#2596,#2796,#2906,#3199,
    #3301,#3302));
#1512 = ORIENTED_EDGE('',*,*,#679,.F.);
#1513 = ORIENTED_EDGE('',*,*,#57,.T.);
#1514 = ORIENTED_EDGE('',*,*,#160,.T.);
#1515 = ORIENTED_EDGE('',*,*,#1516,.F.);
#1516 = EDGE_CURVE('',#1517,#161,#1519,.T.);
#1517 = VERTEX_POINT('',#1518);
#1518 = CARTESIAN_POINT('',(-22.15027135363,0.,-10.94806872521));
#1519 = SURFACE_CURVE('',#1520,(#1541,#1565),.PCURVE_S1.);
#1520 = B_SPLINE_CURVE_WITH_KNOTS('',7,(#1521,#1522,#1523,#1524,#1525,
    #1526,#1527,#1528,#1529,#1530,#1531,#1532,#1533,#1534,#1535,#1536,
    #1537,#1538,#1539,#1540),.UNSPECIFIED.,.F.,.F.,(8,6,6,8),(0.,
    0.517596934539,0.892626683415,1.),.UNSPECIFIED.);
#1521 = CARTESIAN_POINT('',(-22.15027135362,0.,-10.9480687252));
#1522 = CARTESIAN_POINT('',(-22.03718286883,-0.470665987555,
    -10.66534751323));
#1523 = CARTESIAN_POINT('',(-21.89370459837,-0.887154365022,
    -10.34882904387));
#1524 = CARTESIAN_POINT('',(-21.73319611575,-1.253947406467,
    -10.01442054602));
#1525 = CARTESIAN_POINT('',(-21.56399158108,-1.577631745114,
    -9.671215025632));
#1526 = CARTESIAN_POINT('',(-21.3899981608,-1.865476527978,
    -9.322630197456));
#1527 = CARTESIAN_POINT('',(-21.21160434461,-2.124624734066,
    -8.966594837496));
#1528 = CARTESIAN_POINT('',(-20.89324371135,-2.530876943935,
    -8.328788034221));
#1529 = CARTESIAN_POINT('',(-20.75781646441,-2.687153430486,
    -8.05675678973));
#1530 = CARTESIAN_POINT('',(-20.62155401715,-2.829733729865,
    -7.781326242208));
#1531 = CARTESIAN_POINT('',(-20.48504525575,-2.959217868539,
    -7.502841458164));
#1532 = CARTESIAN_POINT('',(-20.34870295816,-3.076059642126,
    -7.221398469883));
#1533 = CARTESIAN_POINT('',(-20.21282756782,-3.180529739045,
    -6.936917195426));
#1534 = CARTESIAN_POINT('',(-20.03896621082,-3.299059839032,
    -6.566848873439));
#1535 = CARTESIAN_POINT('',(-20.00033773753,-3.324424563386,
    -6.48423922346));
#1536 = CARTESIAN_POINT('',(-19.96178724527,-3.348771904633,
    -6.401391585822));
#1537 = CARTESIAN_POINT('',(-19.92332295324,-3.372101035725,
    -6.318307768601));
#1538 = CARTESIAN_POINT('',(-19.88495292156,-3.394409969989,
    -6.234989565168));
#1539 = CARTESIAN_POINT('',(-19.8466850513,-3.415695561125,
    -6.151438754187));
#1540 = CARTESIAN_POINT('',(-19.80852708448,-3.435953503205,
    -6.067657099619));
#1541 = PCURVE('',#115,#1542);
#1542 = DEFINITIONAL_REPRESENTATION('',(#1543),#1564);
#1543 = B_SPLINE_CURVE_WITH_KNOTS('',7,(#1544,#1545,#1546,#1547,#1548,
    #1549,#1550,#1551,#1552,#1553,#1554,#1555,#1556,#1557,#1558,#1559,
    #1560,#1561,#1562,#1563),.UNSPECIFIED.,.F.,.F.,(8,6,6,8),(0.,
    0.517596934539,0.892626683415,1.),.UNSPECIFIED.);
#1544 = CARTESIAN_POINT('',(6.28318530718,18.391430881016));
#1545 = CARTESIAN_POINT('',(6.254660095813,18.086930816824));
#1546 = CARTESIAN_POINT('',(6.229418382184,17.739764303883));
#1547 = CARTESIAN_POINT('',(6.207150550429,17.369662454472));
#1548 = CARTESIAN_POINT('',(6.187459009844,16.98816314203));
#1549 = CARTESIAN_POINT('',(6.169910222114,16.599890720234));
#1550 = CARTESIAN_POINT('',(6.154076167471,16.203066387328));
#1551 = CARTESIAN_POINT('',(6.129198999938,15.49264146629));
#1552 = CARTESIAN_POINT('',(6.119610866653,15.18977037975));
#1553 = CARTESIAN_POINT('',(6.110846634329,14.883432933967));
#1554 = CARTESIAN_POINT('',(6.102873438863,14.574168221992));
#1555 = CARTESIAN_POINT('',(6.09566726714,14.262218709443));
#1556 = CARTESIAN_POINT('',(6.089215067325,13.947621623997));
#1557 = CARTESIAN_POINT('',(6.081885810543,13.539451326029));
#1558 = CARTESIAN_POINT('',(6.080316765497,13.44840393676));
#1559 = CARTESIAN_POINT('',(6.078810081041,13.357164542926));
#1560 = CARTESIAN_POINT('',(6.07736588517,13.265737875812));
#1561 = CARTESIAN_POINT('',(6.075984374862,13.174128593979));
#1562 = CARTESIAN_POINT('',(6.074665816069,13.082341283261));
#1563 = CARTESIAN_POINT('',(6.073410543726,12.990380456767));
#1564 = ( GEOMETRIC_REPRESENTATION_CONTEXT(2) 
PARAMETRIC_REPRESENTATION_CONTEXT() REPRESENTATION_CONTEXT('2D SPACE',''
  ) );
#1565 = PCURVE('',#492,#1566);
#1566 = DEFINITIONAL_REPRESENTATION('',(#1567),#1588);
#1567 = B_SPLINE_CURVE_WITH_KNOTS('',7,(#1568,#1569,#1570,#1571,#1572,
    #1573,#1574,#1575,#1576,#1577,#1578,#1579,#1580,#1581,#1582,#1583,
    #1584,#1585,#1586,#1587),.UNSPECIFIED.,.F.,.F.,(8,6,6,8),(0.,
    0.517596934539,0.892626683415,1.),.UNSPECIFIED.);
#1568 = CARTESIAN_POINT('',(0.505719511517,23.968619690153));
#1569 = CARTESIAN_POINT('',(0.590646918791,23.734972865419));
#1570 = CARTESIAN_POINT('',(0.669123381684,23.470442832983));
#1571 = CARTESIAN_POINT('',(0.742108062825,23.191186430333));
#1572 = CARTESIAN_POINT('',(0.810506636347,22.906626578364));
#1573 = CARTESIAN_POINT('',(0.875391883045,22.620474004144));
#1574 = CARTESIAN_POINT('',(0.938118241706,22.331744251226));
#1575 = CARTESIAN_POINT('',(1.045359870218,21.822662468753));
#1576 = CARTESIAN_POINT('',(1.089596955365,21.607923366506));
#1577 = CARTESIAN_POINT('',(1.13317602039,21.393210265013));
#1578 = CARTESIAN_POINT('',(1.176256063457,21.179101160364));
#1579 = CARTESIAN_POINT('',(1.218997642774,20.96596208484));
#1580 = CARTESIAN_POINT('',(1.261564599555,20.754030523039));
#1581 = CARTESIAN_POINT('',(1.316308194594,20.4832156123));
#1582 = CARTESIAN_POINT('',(1.328488831251,20.423069418267));
#1583 = CARTESIAN_POINT('',(1.34066830814,20.363063504578));
#1584 = CARTESIAN_POINT('',(1.352849622865,20.303206321923));
#1585 = CARTESIAN_POINT('',(1.365035732875,20.243506303867));
#1586 = CARTESIAN_POINT('',(1.377229555467,20.183971866853));
#1587 = CARTESIAN_POINT('',(1.38943396778,20.1246114102));
#1588 = ( GEOMETRIC_REPRESENTATION_CONTEXT(2) 
PARAMETRIC_REPRESENTATION_CONTEXT() REPRESENTATION_CONTEXT('2D SPACE',''
  ) );
#1589 = ORIENTED_EDGE('',*,*,#1590,.T.);
#1590 = EDGE_CURVE('',#1517,#1591,#1593,.T.);
#1591 = VERTEX_POINT('',#1592);
#1592 = CARTESIAN_POINT('',(-24.49961830454,0.,-16.8214361025));
#1593 = SURFACE_CURVE('',#1594,(#1598,#1605),.PCURVE_S1.);
#1594 = LINE('',#1595,#1596);
#1595 = CARTESIAN_POINT('',(-15.3198653996,0.,6.127946159843));
#1596 = VECTOR('',#1597,1.);
#1597 = DIRECTION('',(-0.371390676354,0.,-0.928476690885));
#1598 = PCURVE('',#115,#1599);
#1599 = DEFINITIONAL_REPRESENTATION('',(#1600),#1604);
#1600 = LINE('',#1601,#1602);
#1601 = CARTESIAN_POINT('',(6.28318530718,-0.));
#1602 = VECTOR('',#1603,1.);
#1603 = DIRECTION('',(0.,1.));
#1604 = ( GEOMETRIC_REPRESENTATION_CONTEXT(2) 
PARAMETRIC_REPRESENTATION_CONTEXT() REPRESENTATION_CONTEXT('2D SPACE',''
  ) );
#1605 = PCURVE('',#1606,#1611);
#1606 = CYLINDRICAL_SURFACE('',#1607,16.5);
#1607 = AXIS2_PLACEMENT_3D('',#1608,#1609,#1610);
#1608 = CARTESIAN_POINT('',(0.,0.,0.));
#1609 = DIRECTION('',(-0.371390676354,0.,-0.928476690885));
#1610 = DIRECTION('',(-0.928476690885,0.,0.371390676354));
#1611 = DEFINITIONAL_REPRESENTATION('',(#1612),#1616);
#1612 = LINE('',#1613,#1614);
#1613 = CARTESIAN_POINT('',(0.,-0.));
#1614 = VECTOR('',#1615,1.);
#1615 = DIRECTION('',(0.,1.));
#1616 = ( GEOMETRIC_REPRESENTATION_CONTEXT(2) 
PARAMETRIC_REPRESENTATION_CONTEXT() REPRESENTATION_CONTEXT('2D SPACE',''
  ) );
#1617 = ORIENTED_EDGE('',*,*,#1618,.T.);
#1618 = EDGE_CURVE('',#1591,#1619,#1621,.T.);
#1619 = VERTEX_POINT('',#1620);
#1620 = CARTESIAN_POINT('',(-24.55359990039,-1.963003980082,
    -17.27192134311));
#1621 = SURFACE_CURVE('',#1622,(#1630,#1641),.PCURVE_S1.);
#1622 = B_SPLINE_CURVE_WITH_KNOTS('',6,(#1623,#1624,#1625,#1626,#1627,
    #1628,#1629),.UNSPECIFIED.,.F.,.F.,(7,7),(0.,1.),
  .PIECEWISE_BEZIER_KNOTS.);
#1623 = CARTESIAN_POINT('',(-24.49961830453,0.,-16.82143610248));
#1624 = CARTESIAN_POINT('',(-24.52039041019,-0.330260245469,
    -16.87336636661));
#1625 = CARTESIAN_POINT('',(-24.53570724672,-0.659939538787,
    -16.93301733538));
#1626 = CARTESIAN_POINT('',(-24.54602452884,-0.988854492907,
    -17.00138758639));
#1627 = CARTESIAN_POINT('',(-24.55188406314,-1.316450917583,
    -17.07968829333));
#1628 = CARTESIAN_POINT('',(-24.5540285053,-1.641704714993,
    -17.16933277596));
#1629 = CARTESIAN_POINT('',(-24.55359989956,-1.963004599704,
    -17.27192154095));
#1630 = PCURVE('',#115,#1631);
#1631 = DEFINITIONAL_REPRESENTATION('',(#1632),#1640);
#1632 = B_SPLINE_CURVE_WITH_KNOTS('',6,(#1633,#1634,#1635,#1636,#1637,
    #1638,#1639),.UNSPECIFIED.,.F.,.F.,(7,7),(0.,1.),
  .PIECEWISE_BEZIER_KNOTS.);
#1633 = CARTESIAN_POINT('',(6.28318530718,24.717241140917));
#1634 = CARTESIAN_POINT('',(6.263169534727,24.773171747081));
#1635 = CARTESIAN_POINT('',(6.243188973268,24.834244811442));
#1636 = CARTESIAN_POINT('',(6.223240291095,24.901556738242));
#1637 = CARTESIAN_POINT('',(6.203342936339,24.976433295923));
#1638 = CARTESIAN_POINT('',(6.183544889088,25.060462534339));
#1639 = CARTESIAN_POINT('',(6.163932881425,25.155554631202));
#1640 = ( GEOMETRIC_REPRESENTATION_CONTEXT(2) 
PARAMETRIC_REPRESENTATION_CONTEXT() REPRESENTATION_CONTEXT('2D SPACE',''
  ) );
#1641 = PCURVE('',#1642,#1647);
#1642 = CYLINDRICAL_SURFACE('',#1643,3.);
#1643 = AXIS2_PLACEMENT_3D('',#1644,#1645,#1646);
#1644 = CARTESIAN_POINT('',(-26.84282665437,-1.376022761113,
    -19.11986450171));
#1645 = DIRECTION('',(0.248375350268,0.968663866044,-0.));
#1646 = DIRECTION('',(0.968663866044,-0.248375350268,0.));
#1647 = DEFINITIONAL_REPRESENTATION('',(#1648),#1656);
#1648 = B_SPLINE_CURVE_WITH_KNOTS('',6,(#1649,#1650,#1651,#1652,#1653,
    #1654,#1655),.UNSPECIFIED.,.F.,.F.,(7,7),(0.,1.),
  .PIECEWISE_BEZIER_KNOTS.);
#1649 = CARTESIAN_POINT('',(5.410367651484,1.914898722185));
#1650 = CARTESIAN_POINT('',(5.437302280381,1.589828276992));
#1651 = CARTESIAN_POINT('',(5.467203610644,1.266675533533));
#1652 = CARTESIAN_POINT('',(5.500195843997,0.945504943913));
#1653 = CARTESIAN_POINT('',(5.536444854103,0.626718760801));
#1654 = CARTESIAN_POINT('',(5.57614523346,0.311124533383));
#1655 = CARTESIAN_POINT('',(5.619554661132,-6.E-07));
#1656 = ( GEOMETRIC_REPRESENTATION_CONTEXT(2) 
PARAMETRIC_REPRESENTATION_CONTEXT() REPRESENTATION_CONTEXT('2D SPACE',''
  ) );
#1657 = ORIENTED_EDGE('',*,*,#1658,.F.);
#1658 = EDGE_CURVE('',#1659,#1619,#1661,.T.);
#1659 = VERTEX_POINT('',#1660);
#1660 = CARTESIAN_POINT('',(-26.5435965682,-1.452748424233,
    -22.10391787392));
#1661 = SURFACE_CURVE('',#1662,(#1667,#1677),.PCURVE_S1.);
#1662 = ELLIPSE('',#1663,178.87286162243,16.5);
#1663 = AXIS2_PLACEMENT_3D('',#1664,#1665,#1666);
#1664 = CARTESIAN_POINT('',(-32.20931542271,0.,-80.52328855679));
#1665 = DIRECTION('',(0.248375350268,0.968663866044,-1.387778780781E-17)
  );
#1666 = DIRECTION('',(-0.34997160537,8.973630906912E-02,-0.932452288468)
  );
#1667 = PCURVE('',#115,#1668);
#1668 = DEFINITIONAL_REPRESENTATION('',(#1669),#1676);
#1669 = B_SPLINE_CURVE_WITH_KNOTS('',5,(#1670,#1671,#1672,#1673,#1674,
    #1675),.UNSPECIFIED.,.F.,.F.,(6,6),(1.88873909222,1.935139700191),
  .PIECEWISE_BEZIER_KNOTS.);
#1670 = CARTESIAN_POINT('',(6.198962733987,31.046648423332));
#1671 = CARTESIAN_POINT('',(6.189682612393,29.476605589057));
#1672 = CARTESIAN_POINT('',(6.180402490798,27.912556708074));
#1673 = CARTESIAN_POINT('',(6.171122369204,26.354783474498));
#1674 = CARTESIAN_POINT('',(6.16184224761,24.80356543108));
#1675 = CARTESIAN_POINT('',(6.152562126016,23.259179668358));
#1676 = ( GEOMETRIC_REPRESENTATION_CONTEXT(2) 
PARAMETRIC_REPRESENTATION_CONTEXT() REPRESENTATION_CONTEXT('2D SPACE',''
  ) );
#1677 = PCURVE('',#1678,#1683);
#1678 = PLANE('',#1679);
#1679 = AXIS2_PLACEMENT_3D('',#1680,#1681,#1682);
#1680 = CARTESIAN_POINT('',(-26.84282665437,-1.376022761113,
    -19.11986450171));
#1681 = DIRECTION('',(0.248375350268,0.968663866044,-0.));
#1682 = DIRECTION('',(0.968663866044,-0.248375350268,0.));
#1683 = DEFINITIONAL_REPRESENTATION('',(#1684),#1688);
#1684 = ELLIPSE('',#1685,178.87286162243,16.5);
#1685 = AXIS2_PLACEMENT_2D('',#1686,#1687);
#1686 = CARTESIAN_POINT('',(-5.540093892691,61.403424055071));
#1687 = DIRECTION('',(-0.36129313546,0.932452288468));
#1688 = ( GEOMETRIC_REPRESENTATION_CONTEXT(2) 
PARAMETRIC_REPRESENTATION_CONTEXT() REPRESENTATION_CONTEXT('2D SPACE',''
  ) );
#1689 = ORIENTED_EDGE('',*,*,#1690,.T.);
#1690 = EDGE_CURVE('',#1659,#1691,#1693,.T.);
#1691 = VERTEX_POINT('',#1692);
#1692 = CARTESIAN_POINT('',(-26.61796490903,0.,-22.11730261371));
#1693 = SURFACE_CURVE('',#1694,(#1701,#1711),.PCURVE_S1.);
#1694 = B_SPLINE_CURVE_WITH_KNOTS('',5,(#1695,#1696,#1697,#1698,#1699,
    #1700),.UNSPECIFIED.,.F.,.F.,(6,6),(0.,1.),
  .PIECEWISE_BEZIER_KNOTS.);
#1695 = CARTESIAN_POINT('',(-26.54359649816,-1.452749061601,
    -22.1039178505));
#1696 = CARTESIAN_POINT('',(-26.57559727207,-1.161541770815,
    -22.11461427127));
#1697 = CARTESIAN_POINT('',(-26.5984509602,-0.87006576296,
    -22.11988058147));
#1698 = CARTESIAN_POINT('',(-26.61276323231,-0.579223122095,
    -22.12137125337));
#1699 = CARTESIAN_POINT('',(-26.61913475693,-0.289302211541,
    -22.12022723347));
#1700 = CARTESIAN_POINT('',(-26.61796490903,0.,-22.11730261373));
#1701 = PCURVE('',#115,#1702);
#1702 = DEFINITIONAL_REPRESENTATION('',(#1703),#1710);
#1703 = B_SPLINE_CURVE_WITH_KNOTS('',5,(#1704,#1705,#1706,#1707,#1708,
    #1709),.UNSPECIFIED.,.F.,.F.,(6,6),(0.,1.),
  .PIECEWISE_BEZIER_KNOTS.);
#1704 = CARTESIAN_POINT('',(6.195025756308,30.381016757766));
#1705 = CARTESIAN_POINT('',(6.212743490498,30.402832924181));
#1706 = CARTESIAN_POINT('',(6.230442873988,30.416210217141));
#1707 = CARTESIAN_POINT('',(6.248080859315,30.422909715676));
#1708 = CARTESIAN_POINT('',(6.265651839813,30.424213844703));
#1709 = CARTESIAN_POINT('',(6.28318530718,30.42106393285));
#1710 = ( GEOMETRIC_REPRESENTATION_CONTEXT(2) 
PARAMETRIC_REPRESENTATION_CONTEXT() REPRESENTATION_CONTEXT('2D SPACE',''
  ) );
#1711 = PCURVE('',#1642,#1712);
#1712 = DEFINITIONAL_REPRESENTATION('',(#1713),#1720);
#1713 = B_SPLINE_CURVE_WITH_KNOTS('',5,(#1714,#1715,#1716,#1717,#1718,
    #1719),.UNSPECIFIED.,.F.,.F.,(6,6),(0.,1.),
  .PIECEWISE_BEZIER_KNOTS.);
#1714 = CARTESIAN_POINT('',(1.467643369794,-6.E-07));
#1715 = CARTESIAN_POINT('',(1.502269663006,0.274133176687));
#1716 = CARTESIAN_POINT('',(1.533794245366,0.55079916052));
#1717 = CARTESIAN_POINT('',(1.562478501225,0.828973101832));
#1718 = CARTESIAN_POINT('',(1.588532056589,1.108226482237));
#1719 = CARTESIAN_POINT('',(1.612126321457,1.388753642304));
#1720 = ( GEOMETRIC_REPRESENTATION_CONTEXT(2) 
PARAMETRIC_REPRESENTATION_CONTEXT() REPRESENTATION_CONTEXT('2D SPACE',''
  ) );
#1721 = ORIENTED_EDGE('',*,*,#1722,.T.);
#1722 = EDGE_CURVE('',#1691,#1723,#1725,.T.);
#1723 = VERTEX_POINT('',#1724);
#1724 = CARTESIAN_POINT('',(-38.34608733356,0.,-51.43760867504));
#1725 = SEAM_CURVE('',#1726,(#1730,#1737),.PCURVE_S1.);
#1726 = LINE('',#1727,#1728);
#1727 = CARTESIAN_POINT('',(-15.3198653996,0.,6.127946159843));
#1728 = VECTOR('',#1729,1.);
#1729 = DIRECTION('',(-0.371390676354,0.,-0.928476690885));
#1730 = PCURVE('',#115,#1731);
#1731 = DEFINITIONAL_REPRESENTATION('',(#1732),#1736);
#1732 = LINE('',#1733,#1734);
#1733 = CARTESIAN_POINT('',(0.,-0.));
#1734 = VECTOR('',#1735,1.);
#1735 = DIRECTION('',(0.,1.));
#1736 = ( GEOMETRIC_REPRESENTATION_CONTEXT(2) 
PARAMETRIC_REPRESENTATION_CONTEXT() REPRESENTATION_CONTEXT('2D SPACE',''
  ) );
#1737 = PCURVE('',#115,#1738);
#1738 = DEFINITIONAL_REPRESENTATION('',(#1739),#1743);
#1739 = LINE('',#1740,#1741);
#1740 = CARTESIAN_POINT('',(6.28318530718,-0.));
#1741 = VECTOR('',#1742,1.);
#1742 = DIRECTION('',(0.,1.));
#1743 = ( GEOMETRIC_REPRESENTATION_CONTEXT(2) 
PARAMETRIC_REPRESENTATION_CONTEXT() REPRESENTATION_CONTEXT('2D SPACE',''
  ) );
#1744 = ORIENTED_EDGE('',*,*,#1745,.F.);
#1745 = EDGE_CURVE('',#1723,#1723,#1746,.T.);
#1746 = SURFACE_CURVE('',#1747,(#1752,#1759),.PCURVE_S1.);
#1747 = CIRCLE('',#1748,16.5);
#1748 = AXIS2_PLACEMENT_3D('',#1749,#1750,#1751);
#1749 = CARTESIAN_POINT('',(-23.02622193395,0.,-57.56555483488));
#1750 = DIRECTION('',(-0.371390676354,0.,-0.928476690885));
#1751 = DIRECTION('',(-0.928476690885,0.,0.371390676354));
#1752 = PCURVE('',#115,#1753);
#1753 = DEFINITIONAL_REPRESENTATION('',(#1754),#1758);
#1754 = LINE('',#1755,#1756);
#1755 = CARTESIAN_POINT('',(0.,62.));
#1756 = VECTOR('',#1757,1.);
#1757 = DIRECTION('',(1.,0.));
#1758 = ( GEOMETRIC_REPRESENTATION_CONTEXT(2) 
PARAMETRIC_REPRESENTATION_CONTEXT() REPRESENTATION_CONTEXT('2D SPACE',''
  ) );
#1759 = PCURVE('',#1760,#1765);
#1760 = PLANE('',#1761);
#1761 = AXIS2_PLACEMENT_3D('',#1762,#1763,#1764);
#1762 = CARTESIAN_POINT('',(-23.02622193395,0.,-57.56555483488));
#1763 = DIRECTION('',(-0.371390676354,0.,-0.928476690885));
#1764 = DIRECTION('',(-0.928476690885,0.,0.371390676354));
#1765 = DEFINITIONAL_REPRESENTATION('',(#1766),#1770);
#1766 = CIRCLE('',#1767,16.5);
#1767 = AXIS2_PLACEMENT_2D('',#1768,#1769);
#1768 = CARTESIAN_POINT('',(0.,0.));
#1769 = DIRECTION('',(1.,0.));
#1770 = ( GEOMETRIC_REPRESENTATION_CONTEXT(2) 
PARAMETRIC_REPRESENTATION_CONTEXT() REPRESENTATION_CONTEXT('2D SPACE',''
  ) );
#1771 = ORIENTED_EDGE('',*,*,#1722,.F.);
#1772 = ORIENTED_EDGE('',*,*,#1773,.F.);
#1773 = EDGE_CURVE('',#1774,#1691,#1776,.T.);
#1774 = VERTEX_POINT('',#1775);
#1775 = CARTESIAN_POINT('',(-26.57543166879,1.045553894214,
    -22.10025575884));
#1776 = SURFACE_CURVE('',#1777,(#1840,#1906),.PCURVE_S1.);
#1777 = B_SPLINE_CURVE_WITH_KNOTS('',7,(#1778,#1779,#1780,#1781,#1782,
    #1783,#1784,#1785,#1786,#1787,#1788,#1789,#1790,#1791,#1792,#1793,
    #1794,#1795,#1796,#1797,#1798,#1799,#1800,#1801,#1802,#1803,#1804,
    #1805,#1806,#1807,#1808,#1809,#1810,#1811,#1812,#1813,#1814,#1815,
    #1816,#1817,#1818,#1819,#1820,#1821,#1822,#1823,#1824,#1825,#1826,
    #1827,#1828,#1829,#1830,#1831,#1832,#1833,#1834,#1835,#1836,#1837,
    #1838,#1839),.UNSPECIFIED.,.F.,.F.,(8,6,6,6,6,6,6,6,6,6,8),(0.,
    1.440676871174E-02,4.542426443839E-02,7.800409263844E-02,
    9.314916689282E-02,0.119030129255,0.17506981402,0.26496679509,
    0.509319974772,0.742573142363,1.),.UNSPECIFIED.);
#1778 = CARTESIAN_POINT('',(-20.4614453168,11.432871171896,
    -19.11986450171));
#1779 = CARTESIAN_POINT('',(-20.45762857657,11.447756458809,
    -19.14883879151));
#1780 = CARTESIAN_POINT('',(-20.45424898174,11.46225111427,
    -19.17800775581));
#1781 = CARTESIAN_POINT('',(-20.45131762668,11.476344164074,
    -19.20736055549));
#1782 = CARTESIAN_POINT('',(-20.44884491944,11.490024965049,
    -19.23688542963));
#1783 = CARTESIAN_POINT('',(-20.44684058178,11.503283205061,
    -19.26656969545));
#1784 = CARTESIAN_POINT('',(-20.44531364914,11.516108903013,
    -19.29639974838));
#1785 = CARTESIAN_POINT('',(-20.44203083343,11.555153858526,
    -19.39086719354));
#1786 = CARTESIAN_POINT('',(-20.44203992095,11.579773259641,
    -19.45599999731));
#1787 = CARTESIAN_POINT('',(-20.44438436136,11.60224490337,
    -19.52159405894));
#1788 = CARTESIAN_POINT('',(-20.4491251248,11.622483776999,
    -19.58748099895));
#1789 = CARTESIAN_POINT('',(-20.45629841764,11.640424908863,
    -19.65349006784));
#1790 = CARTESIAN_POINT('',(-20.46591457669,11.656022713293,
    -19.71944874109));
#1791 = CARTESIAN_POINT('',(-20.49060591796,11.683144225167,
    -19.85422889814));
#1792 = CARTESIAN_POINT('',(-20.50592737107,11.694418342119,
    -19.92300362445));
#1793 = CARTESIAN_POINT('',(-20.52389945207,11.703047067508,
    -19.99131276785));
#1794 = CARTESIAN_POINT('',(-20.54447049254,11.709027389929,
    -20.0589680847));
#1795 = CARTESIAN_POINT('',(-20.56755906348,11.712378903038,
    -20.125788173));
#1796 = CARTESIAN_POINT('',(-20.59305401245,11.713143803088,
    -20.19159883227));
#1797 = CARTESIAN_POINT('',(-20.63371925428,11.710570165399,
    -20.28627948988));
#1798 = CARTESIAN_POINT('',(-20.6471160841,11.70920831355,
    -20.31607709723));
#1799 = CARTESIAN_POINT('',(-20.66099224917,11.70730758753,
    -20.34561232895));
#1800 = CARTESIAN_POINT('',(-20.67533452364,11.704874843891,
    -20.37487243497));
#1801 = CARTESIAN_POINT('',(-20.69012919681,11.70191753914,
    -20.40384583161));
#1802 = CARTESIAN_POINT('',(-20.70536207312,11.69844372974,
    -20.43252210166));
#1803 = CARTESIAN_POINT('',(-20.74777322202,11.687657937018,
    -20.50937245146));
#1804 = CARTESIAN_POINT('',(-20.7757594695,11.679371993206,
    -20.55694820488));
#1805 = CARTESIAN_POINT('',(-20.80490951077,11.669646460931,
    -20.60358379959));
#1806 = CARTESIAN_POINT('',(-20.83515256418,11.658525887213,
    -20.6492478246));
#1807 = CARTESIAN_POINT('',(-20.86641506937,11.646057329161,
    -20.69391281289));
#1808 = CARTESIAN_POINT('',(-20.89862098643,11.632290537297,
    -20.73755514154));
#1809 = CARTESIAN_POINT('',(-21.0033005028,11.584772003192,
    -20.87239565975));
#1810 = CARTESIAN_POINT('',(-21.07891766737,11.546447779663,
    -20.95968674183));
#1811 = CARTESIAN_POINT('',(-21.15789499163,11.502782529587,
    -21.04203970426));
#1812 = CARTESIAN_POINT('',(-21.23962146327,11.454227194271,
    -21.11951869525));
#1813 = CARTESIAN_POINT('',(-21.32352363097,11.401214623791,
    -21.19223070736));
#1814 = CARTESIAN_POINT('',(-21.40906558039,11.344167605743,
    -21.26031579999));
#1815 = CARTESIAN_POINT('',(-21.63480339828,11.186197016558,
    -21.42599683144));
#1816 = CARTESIAN_POINT('',(-21.77689895926,11.079514913132,
    -21.5166472751));
#1817 = CARTESIAN_POINT('',(-21.92046119624,10.964832850462,
    -21.59688241464));
#1818 = CARTESIAN_POINT('',(-22.06428192558,10.843275425346,
    -21.66769245422));
#1819 = CARTESIAN_POINT('',(-22.20746015842,10.715767441996,
    -21.73002890732));
#1820 = CARTESIAN_POINT('',(-22.34933484989,10.583073825235,
    -21.78477788064));
#1821 = CARTESIAN_POINT('',(-22.87015263237,10.07278698925,
    -21.96311467486));
#1822 = CARTESIAN_POINT('',(-23.23928221323,9.664487164981,
    -22.04393729523));
#1823 = CARTESIAN_POINT('',(-23.58686730871,9.232983397899,
    -22.09062825266));
#1824 = CARTESIAN_POINT('',(-23.91059818232,8.785088379452,
    -22.11443155752));
#1825 = CARTESIAN_POINT('',(-24.21040379483,8.325351332835,
    -22.12327057734));
#1826 = CARTESIAN_POINT('',(-24.48812918934,7.854767659395,
    -22.12264335316));
#1827 = CARTESIAN_POINT('',(-24.99211317275,6.90869458088,
    -22.11070071875));
#1828 = CARTESIAN_POINT('',(-25.2186147832,6.437258089512,
    -22.09990852923));
#1829 = CARTESIAN_POINT('',(-25.42589833062,5.95802939367,
    -22.08777748793));
#1830 = CARTESIAN_POINT('',(-25.61448843743,5.47213314202,
    -22.07674510229));
#1831 = CARTESIAN_POINT('',(-25.78479642016,4.980358433447,
    -22.06842711838));
#1832 = CARTESIAN_POINT('',(-25.93701446287,4.483265802783,
    -22.06368643262));
#1833 = CARTESIAN_POINT('',(-26.21895772347,3.427203559542,
    -22.06154512389));
#1834 = CARTESIAN_POINT('',(-26.344424288,2.868256763706,-22.0649587242)
  );
#1835 = CARTESIAN_POINT('',(-26.44767472886,2.304177672136,
    -22.07306425993));
#1836 = CARTESIAN_POINT('',(-26.52822844654,1.734763524506,
    -22.08499669064));
#1837 = CARTESIAN_POINT('',(-26.58486528636,1.160121400084,
    -22.09884512409));
#1838 = CARTESIAN_POINT('',(-26.61561506985,0.581112876141,
    -22.11142801576));
#1839 = CARTESIAN_POINT('',(-26.61796490903,0.,-22.11730261373));
#1840 = PCURVE('',#115,#1841);
#1841 = DEFINITIONAL_REPRESENTATION('',(#1842),#1905);
#1842 = B_SPLINE_CURVE_WITH_KNOTS('',7,(#1843,#1844,#1845,#1846,#1847,
    #1848,#1849,#1850,#1851,#1852,#1853,#1854,#1855,#1856,#1857,#1858,
    #1859,#1860,#1861,#1862,#1863,#1864,#1865,#1866,#1867,#1868,#1869,
    #1870,#1871,#1872,#1873,#1874,#1875,#1876,#1877,#1878,#1879,#1880,
    #1881,#1882,#1883,#1884,#1885,#1886,#1887,#1888,#1889,#1890,#1891,
    #1892,#1893,#1894,#1895,#1896,#1897,#1898,#1899,#1900,#1901,#1902,
    #1903,#1904),.UNSPECIFIED.,.F.,.F.,(8,6,6,6,6,6,6,6,6,6,8),(0.,
    1.440676871174E-02,4.542426443839E-02,7.800409263844E-02,
    9.314916689282E-02,0.119030129255,0.17506981402,0.26496679509,
    0.509319974772,0.742573142363,1.),.UNSPECIFIED.);
#1843 = CARTESIAN_POINT('',(0.765505103759,25.35153853812));
#1844 = CARTESIAN_POINT('',(0.766756279882,25.377022989094));
#1845 = CARTESIAN_POINT('',(0.767976377524,25.402850542534));
#1846 = CARTESIAN_POINT('',(0.769164318651,25.429015254916));
#1847 = CARTESIAN_POINT('',(0.770319051416,25.455510071937));
#1848 = CARTESIAN_POINT('',(0.771439550157,25.482326828517));
#1849 = CARTESIAN_POINT('',(0.772524815401,25.5094562488));
#1850 = CARTESIAN_POINT('',(0.77583247653,25.595947862538));
#1851 = CARTESIAN_POINT('',(0.777923903266,25.656425527666));
#1852 = CARTESIAN_POINT('',(0.779837661094,25.718198788259));
#1853 = CARTESIAN_POINT('',(0.781565024577,25.78113395164));
#1854 = CARTESIAN_POINT('',(0.783099064375,25.845085927563));
#1855 = CARTESIAN_POINT('',(0.784434675815,25.909898370052));
#1856 = CARTESIAN_POINT('',(0.786759654548,26.044208738203));
#1857 = CARTESIAN_POINT('',(0.787727782658,26.113754713338));
#1858 = CARTESIAN_POINT('',(0.788469666724,26.183852824079));
#1859 = CARTESIAN_POINT('',(0.788984236307,26.254309101426));
#1860 = CARTESIAN_POINT('',(0.789272681678,26.324924875873));
#1861 = CARTESIAN_POINT('',(0.789338459893,26.395497125353));
#1862 = CARTESIAN_POINT('',(0.789117033026,26.498508600694));
#1863 = CARTESIAN_POINT('',(0.788999869204,26.531150442245));
#1864 = CARTESIAN_POINT('',(0.788836363094,26.563726694791));
#1865 = CARTESIAN_POINT('',(0.788627131958,26.596220608215));
#1866 = CARTESIAN_POINT('',(0.788372856638,26.628616335332));
#1867 = CARTESIAN_POINT('',(0.788074281549,26.660898931885));
#1868 = CARTESIAN_POINT('',(0.787147666907,26.748003795642));
#1869 = CARTESIAN_POINT('',(0.786436216581,26.802570605119));
#1870 = CARTESIAN_POINT('',(0.785601803093,26.85669672132));
#1871 = CARTESIAN_POINT('',(0.784648651948,26.91032669221));
#1872 = CARTESIAN_POINT('',(0.783581268379,26.963407695687));
#1873 = CARTESIAN_POINT('',(0.782404430951,27.015889557887));
#1874 = CARTESIAN_POINT('',(0.778348921637,27.179962832422));
#1875 = CARTESIAN_POINT('',(0.775086993247,27.289094077352));
#1876 = CARTESIAN_POINT('',(0.771383784902,27.394888325266));
#1877 = CARTESIAN_POINT('',(0.767283828662,27.49717821201));
#1878 = CARTESIAN_POINT('',(0.762829988054,27.595850103208));
#1879 = CARTESIAN_POINT('',(0.75806364238,27.690835007164));
#1880 = CARTESIAN_POINT('',(0.744941843172,27.928502903853));
#1881 = CARTESIAN_POINT('',(0.73615174037,28.065442694316));
#1882 = CARTESIAN_POINT('',(0.72679027195,28.193256827456));
#1883 = CARTESIAN_POINT('',(0.716967333527,28.312415976631));
#1884 = CARTESIAN_POINT('',(0.706771022771,28.423468981056));
#1885 = CARTESIAN_POINT('',(0.696271766499,28.526993064254));
#1886 = CARTESIAN_POINT('',(0.656319509388,28.886001489313));
#1887 = CARTESIAN_POINT('',(0.625166127693,29.098134693117));
#1888 = CARTESIAN_POINT('',(0.593164654853,29.270576022464));
#1889 = CARTESIAN_POINT('',(0.560811765125,29.412907464298));
#1890 = CARTESIAN_POINT('',(0.528378611532,29.532459297378));
#1891 = CARTESIAN_POINT('',(0.495874683418,29.635021556459));
#1892 = CARTESIAN_POINT('',(0.431787097049,29.811108051246));
#1893 = CARTESIAN_POINT('',(0.400422344419,29.885208341136));
#1894 = CARTESIAN_POINT('',(0.369054607161,29.950928128925));
#1895 = CARTESIAN_POINT('',(0.337705212386,30.010725423343));
#1896 = CARTESIAN_POINT('',(0.306373436406,30.066253166052));
#1897 = CARTESIAN_POINT('',(0.275044246719,30.118383911666));
#1898 = CARTESIAN_POINT('',(0.209091818028,30.221106854674));
#1899 = CARTESIAN_POINT('',(0.174532152884,30.270873415253));
#1900 = CARTESIAN_POINT('',(0.139930145889,30.316745467306));
#1901 = CARTESIAN_POINT('',(0.105208558791,30.357741350778));
#1902 = CARTESIAN_POINT('',(7.031038305118E-02,30.391633692688));
#1903 = CARTESIAN_POINT('',(3.521896219037E-02,30.414736797201));
#1904 = CARTESIAN_POINT('',(0.,30.42106393285));
#1905 = ( GEOMETRIC_REPRESENTATION_CONTEXT(2) 
PARAMETRIC_REPRESENTATION_CONTEXT() REPRESENTATION_CONTEXT('2D SPACE',''
  ) );
#1906 = PCURVE('',#1642,#1907);
#1907 = DEFINITIONAL_REPRESENTATION('',(#1908),#1971);
#1908 = B_SPLINE_CURVE_WITH_KNOTS('',7,(#1909,#1910,#1911,#1912,#1913,
    #1914,#1915,#1916,#1917,#1918,#1919,#1920,#1921,#1922,#1923,#1924,
    #1925,#1926,#1927,#1928,#1929,#1930,#1931,#1932,#1933,#1934,#1935,
    #1936,#1937,#1938,#1939,#1940,#1941,#1942,#1943,#1944,#1945,#1946,
    #1947,#1948,#1949,#1950,#1951,#1952,#1953,#1954,#1955,#1956,#1957,
    #1958,#1959,#1960,#1961,#1962,#1963,#1964,#1965,#1966,#1967,#1968,
    #1969,#1970),.UNSPECIFIED.,.F.,.F.,(8,6,6,6,6,6,6,6,6,6,8),(0.,
    1.440676871174E-02,4.542426443839E-02,7.800409263844E-02,
    9.314916689282E-02,0.119030129255,0.17506981402,0.26496679509,
    0.509319974772,0.742573142363,1.),.UNSPECIFIED.);
#1909 = CARTESIAN_POINT('',(0.,13.992490541807));
#1910 = CARTESIAN_POINT('',(9.658096598705E-03,14.007857365568));
#1911 = CARTESIAN_POINT('',(1.938108020285E-02,14.022737222613));
#1912 = CARTESIAN_POINT('',(2.916681957905E-02,14.03711672706));
#1913 = CARTESIAN_POINT('',(3.901295337477E-02,14.050982984149));
#1914 = CARTESIAN_POINT('',(4.89168901183E-02,14.064323590246));
#1915 = CARTESIAN_POINT('',(5.88758082188E-02,14.077126632839));
#1916 = CARTESIAN_POINT('',(9.043981847186E-02,14.115763440897));
#1917 = CARTESIAN_POINT('',(0.112239772445,14.139609108044));
#1918 = CARTESIAN_POINT('',(0.13424910143,14.160794276128));
#1919 = CARTESIAN_POINT('',(0.156430770815,14.179221452921));
#1920 = CARTESIAN_POINT('',(0.17874751387,14.194818709953));
#1921 = CARTESIAN_POINT('',(0.201161217802,14.207539322621));
#1922 = CARTESIAN_POINT('',(0.247235257081,14.227678230629));
#1923 = CARTESIAN_POINT('',(0.270893436927,14.234793589058));
#1924 = CARTESIAN_POINT('',(0.29456299804,14.238688101638));
#1925 = CARTESIAN_POINT('',(0.318200928207,14.239371684494));
#1926 = CARTESIAN_POINT('',(0.341764136898,14.236883542244));
#1927 = CARTESIAN_POINT('',(0.36520853788,14.231292156404));
#1928 = CARTESIAN_POINT('',(0.39930989481,14.218698922886));
#1929 = CARTESIAN_POINT('',(0.410098091452,14.21405230391));
#1930 = CARTESIAN_POINT('',(0.420849152933,14.208764641938));
#1931 = CARTESIAN_POINT('',(0.43155975015,14.202845863634));
#1932 = CARTESIAN_POINT('',(0.442226793713,14.196306597248));
#1933 = CARTESIAN_POINT('',(0.452847433952,14.189158172616));
#1934 = CARTESIAN_POINT('',(0.481484596593,14.168176480976));
#1935 = CARTESIAN_POINT('',(0.499403276084,14.153199092591));
#1936 = CARTESIAN_POINT('',(0.517165955325,14.136538169187));
#1937 = CARTESIAN_POINT('',(0.534763617277,14.118254442272));
#1938 = CARTESIAN_POINT('',(0.552187311486,14.098411764949));
#1939 = CARTESIAN_POINT('',(0.569428093653,14.077077215189));
#1940 = CARTESIAN_POINT('',(0.623392647597,14.005047916689));
#1941 = CARTESIAN_POINT('',(0.659383890003,13.949143186425));
#1942 = CARTESIAN_POINT('',(0.694442130674,13.887230215899));
#1943 = CARTESIAN_POINT('',(0.728560142369,13.819897576054));
#1944 = CARTESIAN_POINT('',(0.761731577553,13.747706984295));
#1945 = CARTESIAN_POINT('',(0.793950513596,13.671201087596));
#1946 = CARTESIAN_POINT('',(0.875358017617,13.462112976368));
#1947 = CARTESIAN_POINT('',(0.923076419243,13.323480842895));
#1948 = CARTESIAN_POINT('',(0.968506727365,13.176735151807));
#1949 = CARTESIAN_POINT('',(1.011771308692,13.023265342422));
#1950 = CARTESIAN_POINT('',(1.052987403285,12.864191022589));
#1951 = CARTESIAN_POINT('',(1.092269260522,12.700417334589));
#1952 = CARTESIAN_POINT('',(1.231514297063,12.076762616103));
#1953 = CARTESIAN_POINT('',(1.320228833397,11.58957464088));
#1954 = CARTESIAN_POINT('',(1.397771734886,11.085260963811));
#1955 = CARTESIAN_POINT('',(1.465354648908,10.570994474533));
#1956 = CARTESIAN_POINT('',(1.524029886718,10.051199485574));
#1957 = CARTESIAN_POINT('',(1.574695920352,9.526381943024));
#1958 = CARTESIAN_POINT('',(1.659193027711,8.484777938821));
#1959 = CARTESIAN_POINT('',(1.693428280262,7.971857027664));
#1960 = CARTESIAN_POINT('',(1.720956076076,7.456161382737));
#1961 = CARTESIAN_POINT('',(1.74194130419,6.938650107279));
#1962 = CARTESIAN_POINT('',(1.75648389463,6.41998541199));
#1963 = CARTESIAN_POINT('',(1.764632676903,5.900662532913));
#1964 = CARTESIAN_POINT('',(1.768305507021,4.807665441484));
#1965 = CARTESIAN_POINT('',(1.76243003985,4.235071075403));
#1966 = CARTESIAN_POINT('',(1.748795503786,3.663023177395));
#1967 = CARTESIAN_POINT('',(1.727295521853,3.091444709928));
#1968 = CARTESIAN_POINT('',(1.697668889805,2.520742453165));
#1969 = CARTESIAN_POINT('',(1.659519430017,1.952240329646));
#1970 = CARTESIAN_POINT('',(1.612126321457,1.388753642304));
#1971 = ( GEOMETRIC_REPRESENTATION_CONTEXT(2) 
PARAMETRIC_REPRESENTATION_CONTEXT() REPRESENTATION_CONTEXT('2D SPACE',''
  ) );
#1972 = ORIENTED_EDGE('',*,*,#1973,.F.);
#1973 = EDGE_CURVE('',#1974,#1774,#1976,.T.);
#1974 = VERTEX_POINT('',#1975);
#1975 = CARTESIAN_POINT('',(-28.21462288344,3.824205262966,
    -27.31868425916));
#1976 = SURFACE_CURVE('',#1977,(#2071,#2168),.PCURVE_S1.);
#1977 = B_SPLINE_CURVE_WITH_KNOTS('',8,(#1978,#1979,#1980,#1981,#1982,
    #1983,#1984,#1985,#1986,#1987,#1988,#1989,#1990,#1991,#1992,#1993,
    #1994,#1995,#1996,#1997,#1998,#1999,#2000,#2001,#2002,#2003,#2004,
    #2005,#2006,#2007,#2008,#2009,#2010,#2011,#2012,#2013,#2014,#2015,
    #2016,#2017,#2018,#2019,#2020,#2021,#2022,#2023,#2024,#2025,#2026,
    #2027,#2028,#2029,#2030,#2031,#2032,#2033,#2034,#2035,#2036,#2037,
    #2038,#2039,#2040,#2041,#2042,#2043,#2044,#2045,#2046,#2047,#2048,
    #2049,#2050,#2051,#2052,#2053,#2054,#2055,#2056,#2057,#2058,#2059,
    #2060,#2061,#2062,#2063,#2064,#2065,#2066,#2067,#2068,#2069,#2070),
  .UNSPECIFIED.,.F.,.F.,(9,7,7,7,7,7,7,7,7,7,7,7,7,9),(0.,
    5.309858839031E-02,0.183122308621,0.253338876028,0.381141419259,
    0.45040909677,0.488042110156,0.520428672668,0.567843169846,
    0.603463398829,0.742745771146,0.814544646775,0.969264559115,1.),
  .UNSPECIFIED.);
#1978 = CARTESIAN_POINT('',(-28.21462298937,3.824205880141,
    -27.31868491992));
#1979 = CARTESIAN_POINT('',(-28.17390419097,3.586965185644,
    -27.06469128076));
#1980 = CARTESIAN_POINT('',(-28.120640478,3.368064713566,-26.80250485243
    ));
#1981 = CARTESIAN_POINT('',(-28.05838970482,3.166131771246,
    -26.53689099121));
#1982 = CARTESIAN_POINT('',(-27.98976508568,2.979450385254,
    -26.27086820765));
#1983 = CARTESIAN_POINT('',(-27.91646430488,2.805998082582,
    -26.00572772428));
#1984 = CARTESIAN_POINT('',(-27.83931539179,2.643521214421,
    -25.74109882197));
#1985 = CARTESIAN_POINT('',(-27.75833936064,2.489648822505,
    -25.47505997461));
#1986 = CARTESIAN_POINT('',(-27.46343995825,1.980604330682,
    -24.54126931615));
#1987 = CARTESIAN_POINT('',(-27.23060387596,1.66321006386,
    -23.86175335431));
#1988 = CARTESIAN_POINT('',(-26.98455248096,1.385902818118,
    -23.1787589668));
#1989 = CARTESIAN_POINT('',(-26.73133608899,1.144169383835,
    -22.49843435207));
#1990 = CARTESIAN_POINT('',(-26.4737280133,0.933666291076,-21.8216119696
    ));
#1991 = CARTESIAN_POINT('',(-26.21211243244,0.75087076655,
    -21.14511841656));
#1992 = CARTESIAN_POINT('',(-25.94537470956,0.593755741938,
    -20.46319599455));
#1993 = CARTESIAN_POINT('',(-25.52408106294,0.391749820633,
    -19.39470688745));
#1994 = CARTESIAN_POINT('',(-25.37548077896,0.329018043961,
    -19.01940577823));
#1995 = CARTESIAN_POINT('',(-25.22615250501,0.274401690391,
    -18.64345868105));
#1996 = CARTESIAN_POINT('',(-25.07620638764,0.227991963312,
    -18.26683236637));
#1997 = CARTESIAN_POINT('',(-24.92573422873,0.1899620165,-17.88950403986
    ));
#1998 = CARTESIAN_POINT('',(-24.77481904363,0.160569308062,
    -17.51148368251));
#1999 = CARTESIAN_POINT('',(-24.62354185277,0.140158068766,
    -17.13283797914));
#2000 = CARTESIAN_POINT('',(-24.19613541156,0.109147515849,
    -16.06366823065));
#2001 = CARTESIAN_POINT('',(-23.9219433284,0.120511182248,
    -15.37850228865));
#2002 = CARTESIAN_POINT('',(-23.64748350324,0.164662496622,
    -14.69302271631));
#2003 = CARTESIAN_POINT('',(-23.37125862679,0.245394396043,
    -14.00402676515));
#2004 = CARTESIAN_POINT('',(-23.09256715121,0.368656730559,
    -13.31134233883));
#2005 = CARTESIAN_POINT('',(-22.81127144472,0.542493176328,
    -12.61824299236));
#2006 = CARTESIAN_POINT('',(-22.52725091188,0.77696413315,
    -11.93207765698));
#2007 = CARTESIAN_POINT('',(-22.0830990307,1.250101826667,
    -10.90555907037));
#2008 = CARTESIAN_POINT('',(-21.92636216463,1.437068332555,
    -10.55204685095));
#2009 = CARTESIAN_POINT('',(-21.76714171492,1.648077960913,-10.204052332
    ));
#2010 = CARTESIAN_POINT('',(-21.60394047052,1.887325235609,
    -9.861839601107));
#2011 = CARTESIAN_POINT('',(-21.43554959262,2.159541747847,
    -9.528088637334));
#2012 = CARTESIAN_POINT('',(-21.26087015203,2.469848034211,
    -9.208087755963));
#2013 = CARTESIAN_POINT('',(-21.07859369215,2.8233226452,-8.910280743953
    ));
#2014 = CARTESIAN_POINT('',(-20.78360797128,3.441642930366,
    -8.504514082339));
#2015 = CARTESIAN_POINT('',(-20.67586052293,3.675934478216,
    -8.370197836089));
#2016 = CARTESIAN_POINT('',(-20.56451404323,3.926790635428,
    -8.24774547374));
#2017 = CARTESIAN_POINT('',(-20.44981635655,4.193946882621,
    -8.140562200296));
#2018 = CARTESIAN_POINT('',(-20.33199550324,4.476844928309,
    -8.052146112645));
#2019 = CARTESIAN_POINT('',(-20.21133135231,4.774561364373,
    -7.986094457407));
#2020 = CARTESIAN_POINT('',(-20.08826394747,5.085749464021,
    -7.946093264246));
#2021 = CARTESIAN_POINT('',(-19.85620129581,5.686430727992,
    -7.927109841511));
#2022 = CARTESIAN_POINT('',(-19.74902244399,5.969311615061,
    -7.940511146343));
#2023 = CARTESIAN_POINT('',(-19.6434844034,6.253234375135,
    -7.977565980684));
#2024 = CARTESIAN_POINT('',(-19.54104375878,6.534149359592,
    -8.038416424788));
#2025 = CARTESIAN_POINT('',(-19.44314996469,6.808189834618,
    -8.121879026865));
#2026 = CARTESIAN_POINT('',(-19.35116585054,7.071828516954,
    -8.225489785186));
#2027 = CARTESIAN_POINT('',(-19.26624115303,7.321943017787,
    -8.345564910755));
#2028 = CARTESIAN_POINT('',(-19.07638638698,7.898103522714,
    -8.670044875889));
#2029 = CARTESIAN_POINT('',(-18.97932003098,8.208986902155,
    -8.889673973983));
#2030 = CARTESIAN_POINT('',(-18.89729516314,8.490235224845,
    -9.128401371124));
#2031 = CARTESIAN_POINT('',(-18.82942611638,8.744352136312,
    -9.380302020221));
#2032 = CARTESIAN_POINT('',(-18.77462740349,8.974047932932,
    -9.640969491721));
#2033 = CARTESIAN_POINT('',(-18.73173631692,9.181982904634,
    -9.907255232021));
#2034 = CARTESIAN_POINT('',(-18.69966137188,9.370664280782,
    -10.17708640953));
#2035 = CARTESIAN_POINT('',(-18.66076306752,9.671456021822,
    -10.65398861317));
#2036 = CARTESIAN_POINT('',(-18.64962393372,9.791088712882,
    -10.86021339527));
#2037 = CARTESIAN_POINT('',(-18.64367379272,9.902107152427,
    -11.0673841148));
#2038 = CARTESIAN_POINT('',(-18.64256867857,10.005240013178,
    -11.27498937816));
#2039 = CARTESIAN_POINT('',(-18.64598991738,10.10115942472,
    -11.48268595627));
#2040 = CARTESIAN_POINT('',(-18.65365353178,10.190481619281,
    -11.69028187984));
#2041 = CARTESIAN_POINT('',(-18.66531825612,10.273766769064,
    -11.89772045432));
#2042 = CARTESIAN_POINT('',(-18.7412982976,10.655541271341,
    -12.91582548745));
#2043 = CARTESIAN_POINT('',(-18.86070713153,10.878283711522,
    -13.73403004665));
#2044 = CARTESIAN_POINT('',(-19.02822863932,11.038874359565,
    -14.54282353733));
#2045 = CARTESIAN_POINT('',(-19.23371932026,11.150914609567,
    -15.33493217735));
#2046 = CARTESIAN_POINT('',(-19.46933901654,11.224096123375,
    -16.10803667516));
#2047 = CARTESIAN_POINT('',(-19.73055561324,11.265127464645,
    -16.86474006468));
#2048 = CARTESIAN_POINT('',(-20.01631508647,11.277958834284,
    -17.61131436368));
#2049 = CARTESIAN_POINT('',(-20.48987329352,11.256121037271,
    -18.74028146507));
#2050 = CARTESIAN_POINT('',(-20.65697364521,11.241503834094,
    -19.12129210192));
#2051 = CARTESIAN_POINT('',(-20.82971321013,11.220022208148,
    -19.49925073068));
#2052 = CARTESIAN_POINT('',(-21.007783088,11.191909010865,
    -19.87417334824));
#2053 = CARTESIAN_POINT('',(-21.19093900493,11.157311776263,
    -20.24611186425));
#2054 = CARTESIAN_POINT('',(-21.37899147217,11.116296699032,
    -20.6151287298));
#2055 = CARTESIAN_POINT('',(-21.5717938127,11.068850063293,
    -20.98127296157));
#2056 = CARTESIAN_POINT('',(-22.19468052381,10.898570443551,
    -22.12740215325));
#2057 = CARTESIAN_POINT('',(-22.62791597434,10.755710376484,
    -22.87170990394));
#2058 = CARTESIAN_POINT('',(-23.07418106115,10.586347119519,
    -23.59540928309));
#2059 = CARTESIAN_POINT('',(-23.54192335825,10.385450989887,
    -24.3132590047));
#2060 = CARTESIAN_POINT('',(-24.03772096245,10.144879453573,
    -25.03123855632));
#2061 = CARTESIAN_POINT('',(-24.56292744889,9.854367510182,
    -25.74327936509));
#2062 = CARTESIAN_POINT('',(-25.11031194956,9.502065700032,
    -26.42879641022));
#2063 = CARTESIAN_POINT('',(-25.76998860039,8.991262234105,
    -27.17209614781));
#2064 = CARTESIAN_POINT('',(-25.87993410255,8.903305184536,-27.293266081
    ));
#2065 = CARTESIAN_POINT('',(-25.99093478802,8.811451024214,
    -27.41273305818));
#2066 = CARTESIAN_POINT('',(-26.10329020746,8.715103802367,
    -27.53056231667));
#2067 = CARTESIAN_POINT('',(-26.21715190205,8.613672635732,
    -27.64656483066));
#2068 = CARTESIAN_POINT('',(-26.33251346977,8.506577413271,
    -27.76029168717));
#2069 = CARTESIAN_POINT('',(-26.44920063169,8.393254500896,
    -27.87102846213));
#2070 = CARTESIAN_POINT('',(-26.56686129824,8.273162446189,
    -27.97778959637));
#2071 = PCURVE('',#115,#2072);
#2072 = DEFINITIONAL_REPRESENTATION('',(#2073),#2167);
#2073 = B_SPLINE_CURVE_WITH_KNOTS('',8,(#2074,#2075,#2076,#2077,#2078,
    #2079,#2080,#2081,#2082,#2083,#2084,#2085,#2086,#2087,#2088,#2089,
    #2090,#2091,#2092,#2093,#2094,#2095,#2096,#2097,#2098,#2099,#2100,
    #2101,#2102,#2103,#2104,#2105,#2106,#2107,#2108,#2109,#2110,#2111,
    #2112,#2113,#2114,#2115,#2116,#2117,#2118,#2119,#2120,#2121,#2122,
    #2123,#2124,#2125,#2126,#2127,#2128,#2129,#2130,#2131,#2132,#2133,
    #2134,#2135,#2136,#2137,#2138,#2139,#2140,#2141,#2142,#2143,#2144,
    #2145,#2146,#2147,#2148,#2149,#2150,#2151,#2152,#2153,#2154,#2155,
    #2156,#2157,#2158,#2159,#2160,#2161,#2162,#2163,#2164,#2165,#2166),
  .UNSPECIFIED.,.F.,.F.,(9,7,7,7,7,7,7,7,7,7,7,7,7,9),(0.,
    5.309858839031E-02,0.183122308621,0.253338876028,0.381141419259,
    0.45040909677,0.488042110156,0.520428672668,0.567843169846,
    0.603463398829,0.742745771146,0.814544646775,0.969264559115,1.),
  .UNSPECIFIED.);
#2074 = CARTESIAN_POINT('',(0.233896889563,35.843410088885));
#2075 = CARTESIAN_POINT('',(0.21911619626,35.592460333219));
#2076 = CARTESIAN_POINT('',(0.205537627541,35.329244699457));
#2077 = CARTESIAN_POINT('',(0.193053831431,35.05950906379));
#2078 = CARTESIAN_POINT('',(0.181543685132,34.787026566289));
#2079 = CARTESIAN_POINT('',(0.170872433349,34.513626581117));
#2080 = CARTESIAN_POINT('',(0.160894691607,34.239272426572));
#2081 = CARTESIAN_POINT('',(0.151460314578,33.962187814948));
#2082 = CARTESIAN_POINT('',(0.120293568659,32.985662065891));
#2083 = CARTESIAN_POINT('',(0.100941045991,32.268274184162));
#2084 = CARTESIAN_POINT('',(8.407139697975E-02,31.542748621342));
#2085 = CARTESIAN_POINT('',(6.93859840912E-02,30.817040867258));
#2086 = CARTESIAN_POINT('',(5.660900879109E-02,30.092953823797));
#2087 = CARTESIAN_POINT('',(4.551988499059E-02,29.367683740742));
#2088 = CARTESIAN_POINT('',(3.59919964089E-02,28.635470763609));
#2089 = CARTESIAN_POINT('',(2.374439911804E-02,27.48693900084));
#2090 = CARTESIAN_POINT('',(1.994156931844E-02,27.083291908889));
#2091 = CARTESIAN_POINT('',(1.663101083122E-02,26.678774663495));
#2092 = CARTESIAN_POINT('',(1.381804789408E-02,26.273397319187));
#2093 = CARTESIAN_POINT('',(1.151306663144E-02,25.867172806349));
#2094 = CARTESIAN_POINT('',(9.731615506566E-03,25.460141223203));
#2095 = CARTESIAN_POINT('',(8.494528778557E-03,25.052394575282));
#2096 = CARTESIAN_POINT('',(6.615043743096E-03,23.900960617932));
#2097 = CARTESIAN_POINT('',(7.303794016059E-03,23.162967628183));
#2098 = CARTESIAN_POINT('',(9.979610619189E-03,22.424584003086));
#2099 = CARTESIAN_POINT('',(1.487276848078E-02,21.682279978632));
#2100 = CARTESIAN_POINT('',(2.234324648508E-02,20.935635219042));
#2101 = CARTESIAN_POINT('',(3.288081357737E-02,20.187638028692));
#2102 = CARTESIAN_POINT('',(4.709581342005E-02,19.44506693091));
#2103 = CARTESIAN_POINT('',(7.583288519182E-02,18.327014482927));
#2104 = CARTESIAN_POINT('',(8.719638540611E-02,17.940576016545));
#2105 = CARTESIAN_POINT('',(0.100032818037,17.558338226642));
#2106 = CARTESIAN_POINT('',(0.11460494008,17.179990262136));
#2107 = CARTESIAN_POINT('',(0.13121389772,16.807571469683));
#2108 = CARTESIAN_POINT('',(0.150194225591,16.445583794678));
#2109 = CARTESIAN_POINT('',(0.17189838137,16.101381147928));
#2110 = CARTESIAN_POINT('',(0.210108837492,15.615081314292));
#2111 = CARTESIAN_POINT('',(0.224628564005,15.450355412723));
#2112 = CARTESIAN_POINT('',(0.240228408439,15.295308204132));
#2113 = CARTESIAN_POINT('',(0.256910889965,15.153193381654));
#2114 = CARTESIAN_POINT('',(0.274665353144,15.027343538773));
#2115 = CARTESIAN_POINT('',(0.293463828492,14.921202575863));
#2116 = CARTESIAN_POINT('',(0.313256556342,14.838356313684));
#2117 = CARTESIAN_POINT('',(0.351790506565,14.734544743005));
#2118 = CARTESIAN_POINT('',(0.370063404345,14.707182315901));
#2119 = CARTESIAN_POINT('',(0.38854882027,14.702391021594));
#2120 = CARTESIAN_POINT('',(0.406999574532,14.720843740284));
#2121 = CARTESIAN_POINT('',(0.425168798305,14.761979978476));
#2122 = CARTESIAN_POINT('',(0.442817562574,14.824018110133));
#2123 = CARTESIAN_POINT('',(0.459719269167,14.903964824534));
#2124 = CARTESIAN_POINT('',(0.498998449411,15.134726618847));
#2125 = CARTESIAN_POINT('',(0.520513262108,15.302597577459));
#2126 = CARTESIAN_POINT('',(0.540260072734,15.493787130039));
#2127 = CARTESIAN_POINT('',(0.558341996825,15.702465079962));
#2128 = CARTESIAN_POINT('',(0.574887196859,15.924137020277));
#2129 = CARTESIAN_POINT('',(0.590033326607,16.155447773614));
#2130 = CARTESIAN_POINT('',(0.603918551355,16.394067396873));
#2131 = CARTESIAN_POINT('',(0.626264365838,16.822413509217));
#2132 = CARTESIAN_POINT('',(0.635226325243,17.009751442049));
#2133 = CARTESIAN_POINT('',(0.643607156107,17.199894799276));
#2134 = CARTESIAN_POINT('',(0.651448044208,17.392241018119));
#2135 = CARTESIAN_POINT('',(0.658788324645,17.586353065863));
#2136 = CARTESIAN_POINT('',(0.665665190862,17.781947236957));
#2137 = CARTESIAN_POINT('',(0.67211333171,17.978881288018));
#2138 = CARTESIAN_POINT('',(0.701825787305,18.952386359141));
#2139 = CARTESIAN_POINT('',(0.719676724214,19.756417548333));
#2140 = CARTESIAN_POINT('',(0.73278292325,20.569579378254));
#2141 = CARTESIAN_POINT('',(0.742021355869,21.381351110142));
#2142 = CARTESIAN_POINT('',(0.748090907834,22.186667574338));
#2143 = CARTESIAN_POINT('',(0.751500771527,22.986262441947));
#2144 = CARTESIAN_POINT('',(0.752563453766,23.785567680616));
#2145 = CARTESIAN_POINT('',(0.750752310454,25.009662421845));
#2146 = CARTESIAN_POINT('',(0.749540419281,25.425481429768));
#2147 = CARTESIAN_POINT('',(0.74776100096,25.840561070546));
#2148 = CARTESIAN_POINT('',(0.745436476549,26.254801474211));
#2149 = CARTESIAN_POINT('',(0.742583541626,26.66816011664));
#2150 = CARTESIAN_POINT('',(0.739213300959,27.080624607843));
#2151 = CARTESIAN_POINT('',(0.735331377212,27.492185984198));
#2152 = CARTESIAN_POINT('',(0.721470660025,28.787674540343));
#2153 = CARTESIAN_POINT('',(0.709933713678,29.639646544701));
#2154 = CARTESIAN_POINT('',(0.696400373414,30.477323241871));
#2155 = CARTESIAN_POINT('',(0.680544633707,31.317545104026));
#2156 = CARTESIAN_POINT('',(0.661833321165,32.168306989794));
#2157 = CARTESIAN_POINT('',(0.639643637923,33.024477075915));
#2158 = CARTESIAN_POINT('',(0.613356813215,33.864257173457));
#2159 = CARTESIAN_POINT('',(0.576287304591,34.799391411674));
#2160 = CARTESIAN_POINT('',(0.569932595379,34.952727604688));
#2161 = CARTESIAN_POINT('',(0.563326524941,35.104874527983));
#2162 = CARTESIAN_POINT('',(0.55643002698,35.256004003217));
#2163 = CARTESIAN_POINT('',(0.549205555936,35.405996805299));
#2164 = CARTESIAN_POINT('',(0.541617507302,35.554433751359));
#2165 = CARTESIAN_POINT('',(0.533632637934,35.700586789724));
#2166 = CARTESIAN_POINT('',(0.525220486363,35.843410088885));
#2167 = ( GEOMETRIC_REPRESENTATION_CONTEXT(2) 
PARAMETRIC_REPRESENTATION_CONTEXT() REPRESENTATION_CONTEXT('2D SPACE',''
  ) );
#2168 = PCURVE('',#2169,#2174);
#2169 = CYLINDRICAL_SURFACE('',#2170,6.);
#2170 = AXIS2_PLACEMENT_3D('',#2171,#2172,#2173);
#2171 = CARTESIAN_POINT('',(0.,0.,0.));
#2172 = DIRECTION('',(-0.776744495382,0.199165255226,-0.597495765679));
#2173 = DIRECTION('',(0.60971076085,-1.387778780781E-17,-0.792623989105)
  );
#2174 = DEFINITIONAL_REPRESENTATION('',(#2175),#2269);
#2175 = B_SPLINE_CURVE_WITH_KNOTS('',8,(#2176,#2177,#2178,#2179,#2180,
    #2181,#2182,#2183,#2184,#2185,#2186,#2187,#2188,#2189,#2190,#2191,
    #2192,#2193,#2194,#2195,#2196,#2197,#2198,#2199,#2200,#2201,#2202,
    #2203,#2204,#2205,#2206,#2207,#2208,#2209,#2210,#2211,#2212,#2213,
    #2214,#2215,#2216,#2217,#2218,#2219,#2220,#2221,#2222,#2223,#2224,
    #2225,#2226,#2227,#2228,#2229,#2230,#2231,#2232,#2233,#2234,#2235,
    #2236,#2237,#2238,#2239,#2240,#2241,#2242,#2243,#2244,#2245,#2246,
    #2247,#2248,#2249,#2250,#2251,#2252,#2253,#2254,#2255,#2256,#2257,
    #2258,#2259,#2260,#2261,#2262,#2263,#2264,#2265,#2266,#2267,#2268),
  .UNSPECIFIED.,.F.,.F.,(9,7,7,7,7,7,7,7,7,7,7,7,7,9),(0.,
    5.309858839031E-02,0.183122308621,0.253338876028,0.381141419259,
    0.45040909677,0.488042110156,0.520428672668,0.567843169846,
    0.603463398829,0.742745771146,0.814544646775,0.969264559115,1.),
  .UNSPECIFIED.);
#2176 = CARTESIAN_POINT('',(0.735074248306,39.0000006));
#2177 = CARTESIAN_POINT('',(0.778936373573,38.769362270111));
#2178 = CARTESIAN_POINT('',(0.820079729173,38.527737325118));
#2179 = CARTESIAN_POINT('',(0.858759842411,38.280463196344));
#2180 = CARTESIAN_POINT('',(0.895254319618,38.031031468539));
#2181 = CARTESIAN_POINT('',(0.929889028908,37.781129502295));
#2182 = CARTESIAN_POINT('',(0.963052914456,37.5307301132));
#2183 = CARTESIAN_POINT('',(0.995201442298,37.278229307734));
#2184 = CARTESIAN_POINT('',(1.104343982155,36.38984787964));
#2185 = CARTESIAN_POINT('',(1.177449567009,35.739771914331));
#2186 = CARTESIAN_POINT('',(1.246903394974,35.085336624784));
#2187 = CARTESIAN_POINT('',(1.313437858408,34.434016208461));
#2188 = CARTESIAN_POINT('',(1.377856368648,33.787597143866));
#2189 = CARTESIAN_POINT('',(1.441062178433,33.143780130775));
#2190 = CARTESIAN_POINT('',(1.504055076375,32.497855459174));
#2191 = CARTESIAN_POINT('',(1.602395956983,31.491967660183));
#2192 = CARTESIAN_POINT('',(1.636870434189,31.13980839366));
#2193 = CARTESIAN_POINT('',(1.671414809345,30.788314000186));
#2194 = CARTESIAN_POINT('',(1.706107042177,30.437568345503));
#2195 = CARTESIAN_POINT('',(1.741024332866,30.087663602947));
#2196 = CARTESIAN_POINT('',(1.776243910034,29.738721494516));
#2197 = CARTESIAN_POINT('',(1.811843540726,29.390913355092));
#2198 = CARTESIAN_POINT('',(1.913532034574,28.413927132391));
#2199 = CARTESIAN_POINT('',(1.980067278986,27.793829439507));
#2200 = CARTESIAN_POINT('',(2.048514878427,27.17986654697));
#2201 = CARTESIAN_POINT('',(2.119817427584,26.569717220671));
#2202 = CARTESIAN_POINT('',(2.194858462511,25.963918713735));
#2203 = CARTESIAN_POINT('',(2.274555321438,25.365922077528));
#2204 = CARTESIAN_POINT('',(2.359886879648,24.782028277581));
#2205 = CARTESIAN_POINT('',(2.502111369122,23.91792782936));
#2206 = CARTESIAN_POINT('',(2.553950968561,23.622198509056));
#2207 = CARTESIAN_POINT('',(2.608350792506,23.332625436128));
#2208 = CARTESIAN_POINT('',(2.665996655539,23.049038854758));
#2209 = CARTESIAN_POINT('',(2.727536871548,22.773043450767));
#2210 = CARTESIAN_POINT('',(2.793628067881,22.507965215921));
#2211 = CARTESIAN_POINT('',(2.864948266302,22.258844411521));
#2212 = CARTESIAN_POINT('',(2.984273163142,21.910419931856));
#2213 = CARTESIAN_POINT('',(3.028570442254,21.793137041986));
#2214 = CARTESIAN_POINT('',(3.075107546442,21.683446339372));
#2215 = CARTESIAN_POINT('',(3.123848229503,21.583522232736));
#2216 = CARTESIAN_POINT('',(3.174766375034,21.495520756971));
#2217 = CARTESIAN_POINT('',(3.227842491083,21.421624727598));
#2218 = CARTESIAN_POINT('',(3.283060982192,21.364110112079));
#2219 = CARTESIAN_POINT('',(3.389760590475,21.292149047365));
#2220 = CARTESIAN_POINT('',(3.440052033633,21.273245731155));
#2221 = CARTESIAN_POINT('',(3.490766029769,21.269957294663));
#2222 = CARTESIAN_POINT('',(3.541400918672,21.28269347512));
#2223 = CARTESIAN_POINT('',(3.591465735124,21.311102901914));
#2224 = CARTESIAN_POINT('',(3.640463274715,21.354069402416));
#2225 = CARTESIAN_POINT('',(3.687868107793,21.409663108593));
#2226 = CARTESIAN_POINT('',(3.799338225102,21.570821023369));
#2227 = CARTESIAN_POINT('',(3.861596132997,21.688569889399));
#2228 = CARTESIAN_POINT('',(3.920184117757,21.823511027738));
#2229 = CARTESIAN_POINT('',(3.975393682486,21.971914949995));
#2230 = CARTESIAN_POINT('',(4.027518504419,22.130845483831));
#2231 = CARTESIAN_POINT('',(4.076855111428,22.298048092442));
#2232 = CARTESIAN_POINT('',(4.123704163386,22.471935815886));
#2233 = CARTESIAN_POINT('',(4.20195340256,22.786576083285));
#2234 = CARTESIAN_POINT('',(4.234336733295,22.924968931956));
#2235 = CARTESIAN_POINT('',(4.26562462534,23.066241836229));
#2236 = CARTESIAN_POINT('',(4.295901521039,23.209967193222));
#2237 = CARTESIAN_POINT('',(4.32525007461,23.355826261679));
#2238 = CARTESIAN_POINT('',(4.353752607771,23.503606494959));
#2239 = CARTESIAN_POINT('',(4.381491669661,23.653198183389));
#2240 = CARTESIAN_POINT('',(4.514352131491,24.396564924858));
#2241 = CARTESIAN_POINT('',(4.610901347677,25.022551393847));
#2242 = CARTESIAN_POINT('',(4.70004212359,25.667907566278));
#2243 = CARTESIAN_POINT('',(4.783122350409,26.323117404904));
#2244 = CARTESIAN_POINT('',(4.861373989055,26.982635585738));
#2245 = CARTESIAN_POINT('',(4.936010152956,27.645833227994));
#2246 = CARTESIAN_POINT('',(5.008328757868,28.316425871253));
#2247 = CARTESIAN_POINT('',(5.116569642349,29.35446333408));
#2248 = CARTESIAN_POINT('',(5.152902845869,29.708998615624));
#2249 = CARTESIAN_POINT('',(5.188834731147,30.06472340859));
#2250 = CARTESIAN_POINT('',(5.224447842831,30.421453710349));
#2251 = CARTESIAN_POINT('',(5.259824119706,30.779060181976));
#2252 = CARTESIAN_POINT('',(5.295045459666,31.137446137048));
#2253 = CARTESIAN_POINT('',(5.330194595778,31.496524200551));
#2254 = CARTESIAN_POINT('',(5.441126456409,32.631241579669));
#2255 = CARTESIAN_POINT('',(5.514510507587,33.384022798755));
#2256 = CARTESIAN_POINT('',(5.587926455061,34.129332786786));
#2257 = CARTESIAN_POINT('',(5.663551340726,34.881549681435));
#2258 = CARTESIAN_POINT('',(5.743218709324,35.647733991835));
#2259 = CARTESIAN_POINT('',(5.828394866822,36.423266721984));
#2260 = CARTESIAN_POINT('',(5.920340757882,37.187871871575));
#2261 = CARTESIAN_POINT('',(6.040286541768,38.042656222015));
#2262 = CARTESIAN_POINT('',(6.060576561058,38.182936319393));
#2263 = CARTESIAN_POINT('',(6.081400594691,38.322242346536));
#2264 = CARTESIAN_POINT('',(6.102869754116,38.460727264105));
#2265 = CARTESIAN_POINT('',(6.125084601372,38.598278155332));
#2266 = CARTESIAN_POINT('',(6.148136049674,38.734506285933));
#2267 = CARTESIAN_POINT('',(6.172106263986,38.868737164018));
#2268 = CARTESIAN_POINT('',(6.197069561608,39.0000006));
#2269 = ( GEOMETRIC_REPRESENTATION_CONTEXT(2) 
PARAMETRIC_REPRESENTATION_CONTEXT() REPRESENTATION_CONTEXT('2D SPACE',''
  ) );
#2270 = ORIENTED_EDGE('',*,*,#2271,.T.);
#2271 = EDGE_CURVE('',#1974,#2272,#2274,.T.);
#2272 = VERTEX_POINT('',#2273);
#2273 = CARTESIAN_POINT('',(-26.56686076041,8.273162995123,
    -27.97778910837));
#2274 = SURFACE_CURVE('',#2275,(#2280,#2291),.PCURVE_S1.);
#2275 = ELLIPSE('',#2276,19.567462896972,16.5);
#2276 = AXIS2_PLACEMENT_3D('',#2277,#2278,#2279);
#2277 = CARTESIAN_POINT('',(-17.17695502507,0.,-42.94238756269));
#2278 = DIRECTION('',(-0.776744495382,0.199165255226,-0.597495765679));
#2279 = DIRECTION('',(0.527564966262,-0.312428083916,-0.789977150779));
#2280 = PCURVE('',#115,#2281);
#2281 = DEFINITIONAL_REPRESENTATION('',(#2282),#2290);
#2282 = B_SPLINE_CURVE_WITH_KNOTS('',6,(#2283,#2284,#2285,#2286,#2287,
    #2288,#2289),.UNSPECIFIED.,.F.,.F.,(7,7),(2.805180099094,
    3.422195791801),.PIECEWISE_BEZIER_KNOTS.);
#2283 = CARTESIAN_POINT('',(4.314613346649E-02,36.32162704528));
#2284 = CARTESIAN_POINT('',(0.145982082251,35.96456661929));
#2285 = CARTESIAN_POINT('',(0.248818031036,35.733504692813));
#2286 = CARTESIAN_POINT('',(0.35165397982,35.635237858682));
#2287 = CARTESIAN_POINT('',(0.454489928605,35.672566483887));
#2288 = CARTESIAN_POINT('',(0.55732587739,35.843857275175));
#2289 = CARTESIAN_POINT('',(0.660161826174,36.14340819006));
#2290 = ( GEOMETRIC_REPRESENTATION_CONTEXT(2) 
PARAMETRIC_REPRESENTATION_CONTEXT() REPRESENTATION_CONTEXT('2D SPACE',''
  ) );
#2291 = PCURVE('',#2292,#2297);
#2292 = PLANE('',#2293);
#2293 = AXIS2_PLACEMENT_3D('',#2294,#2295,#2296);
#2294 = CARTESIAN_POINT('',(-30.29303531991,7.767444953823,
    -23.30233486146));
#2295 = DIRECTION('',(-0.776744495382,0.199165255226,-0.597495765679));
#2296 = DIRECTION('',(0.60971076085,-1.387778780781E-17,-0.792623989105)
  );
#2297 = DEFINITIONAL_REPRESENTATION('',(#2298),#2302);
#2298 = ELLIPSE('',#2299,19.567462896972,16.5);
#2299 = AXIS2_PLACEMENT_2D('',#2300,#2301);
#2300 = CARTESIAN_POINT('',(23.564192214196,7.926239891046));
#2301 = DIRECTION('',(0.947816877529,0.318815254764));
#2302 = ( GEOMETRIC_REPRESENTATION_CONTEXT(2) 
PARAMETRIC_REPRESENTATION_CONTEXT() REPRESENTATION_CONTEXT('2D SPACE',''
  ) );
#2303 = ORIENTED_EDGE('',*,*,#2304,.F.);
#2304 = EDGE_CURVE('',#2305,#2272,#2307,.T.);
#2305 = VERTEX_POINT('',#2306);
#2306 = CARTESIAN_POINT('',(-21.89590359063,10.979308678666,
    -21.57562678534));
#2307 = SURFACE_CURVE('',#2308,(#2402,#2499),.PCURVE_S1.);
#2308 = B_SPLINE_CURVE_WITH_KNOTS('',8,(#2309,#2310,#2311,#2312,#2313,
    #2314,#2315,#2316,#2317,#2318,#2319,#2320,#2321,#2322,#2323,#2324,
    #2325,#2326,#2327,#2328,#2329,#2330,#2331,#2332,#2333,#2334,#2335,
    #2336,#2337,#2338,#2339,#2340,#2341,#2342,#2343,#2344,#2345,#2346,
    #2347,#2348,#2349,#2350,#2351,#2352,#2353,#2354,#2355,#2356,#2357,
    #2358,#2359,#2360,#2361,#2362,#2363,#2364,#2365,#2366,#2367,#2368,
    #2369,#2370,#2371,#2372,#2373,#2374,#2375,#2376,#2377,#2378,#2379,
    #2380,#2381,#2382,#2383,#2384,#2385,#2386,#2387,#2388,#2389,#2390,
    #2391,#2392,#2393,#2394,#2395,#2396,#2397,#2398,#2399,#2400,#2401),
  .UNSPECIFIED.,.F.,.F.,(9,7,7,7,7,7,7,7,7,7,7,7,7,9),(0.,
    5.309858839031E-02,0.183122308621,0.253338876028,0.381141419259,
    0.45040909677,0.488042110156,0.520428672668,0.567843169846,
    0.603463398829,0.742745771146,0.814544646775,0.969264559115,1.),
  .UNSPECIFIED.);
#2309 = CARTESIAN_POINT('',(-28.21462298937,3.824205880141,
    -27.31868491992));
#2310 = CARTESIAN_POINT('',(-28.17390419097,3.586965185644,
    -27.06469128076));
#2311 = CARTESIAN_POINT('',(-28.120640478,3.368064713566,-26.80250485243
    ));
#2312 = CARTESIAN_POINT('',(-28.05838970482,3.166131771246,
    -26.53689099121));
#2313 = CARTESIAN_POINT('',(-27.98976508568,2.979450385254,
    -26.27086820765));
#2314 = CARTESIAN_POINT('',(-27.91646430488,2.805998082582,
    -26.00572772428));
#2315 = CARTESIAN_POINT('',(-27.83931539179,2.643521214421,
    -25.74109882197));
#2316 = CARTESIAN_POINT('',(-27.75833936064,2.489648822505,
    -25.47505997461));
#2317 = CARTESIAN_POINT('',(-27.46343995825,1.980604330682,
    -24.54126931615));
#2318 = CARTESIAN_POINT('',(-27.23060387596,1.66321006386,
    -23.86175335431));
#2319 = CARTESIAN_POINT('',(-26.98455248096,1.385902818118,
    -23.1787589668));
#2320 = CARTESIAN_POINT('',(-26.73133608899,1.144169383835,
    -22.49843435207));
#2321 = CARTESIAN_POINT('',(-26.4737280133,0.933666291076,-21.8216119696
    ));
#2322 = CARTESIAN_POINT('',(-26.21211243244,0.75087076655,
    -21.14511841656));
#2323 = CARTESIAN_POINT('',(-25.94537470956,0.593755741938,
    -20.46319599455));
#2324 = CARTESIAN_POINT('',(-25.52408106294,0.391749820633,
    -19.39470688745));
#2325 = CARTESIAN_POINT('',(-25.37548077896,0.329018043961,
    -19.01940577823));
#2326 = CARTESIAN_POINT('',(-25.22615250501,0.274401690391,
    -18.64345868105));
#2327 = CARTESIAN_POINT('',(-25.07620638764,0.227991963312,
    -18.26683236637));
#2328 = CARTESIAN_POINT('',(-24.92573422873,0.1899620165,-17.88950403986
    ));
#2329 = CARTESIAN_POINT('',(-24.77481904363,0.160569308062,
    -17.51148368251));
#2330 = CARTESIAN_POINT('',(-24.62354185277,0.140158068766,
    -17.13283797914));
#2331 = CARTESIAN_POINT('',(-24.19613541156,0.109147515849,
    -16.06366823065));
#2332 = CARTESIAN_POINT('',(-23.9219433284,0.120511182248,
    -15.37850228865));
#2333 = CARTESIAN_POINT('',(-23.64748350324,0.164662496622,
    -14.69302271631));
#2334 = CARTESIAN_POINT('',(-23.37125862679,0.245394396043,
    -14.00402676515));
#2335 = CARTESIAN_POINT('',(-23.09256715121,0.368656730559,
    -13.31134233883));
#2336 = CARTESIAN_POINT('',(-22.81127144472,0.542493176328,
    -12.61824299236));
#2337 = CARTESIAN_POINT('',(-22.52725091188,0.77696413315,
    -11.93207765698));
#2338 = CARTESIAN_POINT('',(-22.0830990307,1.250101826667,
    -10.90555907037));
#2339 = CARTESIAN_POINT('',(-21.92636216463,1.437068332555,
    -10.55204685095));
#2340 = CARTESIAN_POINT('',(-21.76714171492,1.648077960913,-10.204052332
    ));
#2341 = CARTESIAN_POINT('',(-21.60394047052,1.887325235609,
    -9.861839601107));
#2342 = CARTESIAN_POINT('',(-21.43554959262,2.159541747847,
    -9.528088637334));
#2343 = CARTESIAN_POINT('',(-21.26087015203,2.469848034211,
    -9.208087755963));
#2344 = CARTESIAN_POINT('',(-21.07859369215,2.8233226452,-8.910280743953
    ));
#2345 = CARTESIAN_POINT('',(-20.78360797128,3.441642930366,
    -8.504514082339));
#2346 = CARTESIAN_POINT('',(-20.67586052293,3.675934478216,
    -8.370197836089));
#2347 = CARTESIAN_POINT('',(-20.56451404323,3.926790635428,
    -8.24774547374));
#2348 = CARTESIAN_POINT('',(-20.44981635655,4.193946882621,
    -8.140562200296));
#2349 = CARTESIAN_POINT('',(-20.33199550324,4.476844928309,
    -8.052146112645));
#2350 = CARTESIAN_POINT('',(-20.21133135231,4.774561364373,
    -7.986094457407));
#2351 = CARTESIAN_POINT('',(-20.08826394747,5.085749464021,
    -7.946093264246));
#2352 = CARTESIAN_POINT('',(-19.85620129581,5.686430727992,
    -7.927109841511));
#2353 = CARTESIAN_POINT('',(-19.74902244399,5.969311615061,
    -7.940511146343));
#2354 = CARTESIAN_POINT('',(-19.6434844034,6.253234375135,
    -7.977565980684));
#2355 = CARTESIAN_POINT('',(-19.54104375878,6.534149359592,
    -8.038416424788));
#2356 = CARTESIAN_POINT('',(-19.44314996469,6.808189834618,
    -8.121879026865));
#2357 = CARTESIAN_POINT('',(-19.35116585054,7.071828516954,
    -8.225489785186));
#2358 = CARTESIAN_POINT('',(-19.26624115303,7.321943017787,
    -8.345564910755));
#2359 = CARTESIAN_POINT('',(-19.07638638698,7.898103522714,
    -8.670044875889));
#2360 = CARTESIAN_POINT('',(-18.97932003098,8.208986902155,
    -8.889673973983));
#2361 = CARTESIAN_POINT('',(-18.89729516314,8.490235224845,
    -9.128401371124));
#2362 = CARTESIAN_POINT('',(-18.82942611638,8.744352136312,
    -9.380302020221));
#2363 = CARTESIAN_POINT('',(-18.77462740349,8.974047932932,
    -9.640969491721));
#2364 = CARTESIAN_POINT('',(-18.73173631692,9.181982904634,
    -9.907255232021));
#2365 = CARTESIAN_POINT('',(-18.69966137188,9.370664280782,
    -10.17708640953));
#2366 = CARTESIAN_POINT('',(-18.66076306752,9.671456021822,
    -10.65398861317));
#2367 = CARTESIAN_POINT('',(-18.64962393372,9.791088712882,
    -10.86021339527));
#2368 = CARTESIAN_POINT('',(-18.64367379272,9.902107152427,
    -11.0673841148));
#2369 = CARTESIAN_POINT('',(-18.64256867857,10.005240013178,
    -11.27498937816));
#2370 = CARTESIAN_POINT('',(-18.64598991738,10.10115942472,
    -11.48268595627));
#2371 = CARTESIAN_POINT('',(-18.65365353178,10.190481619281,
    -11.69028187984));
#2372 = CARTESIAN_POINT('',(-18.66531825612,10.273766769064,
    -11.89772045432));
#2373 = CARTESIAN_POINT('',(-18.7412982976,10.655541271341,
    -12.91582548745));
#2374 = CARTESIAN_POINT('',(-18.86070713153,10.878283711522,
    -13.73403004665));
#2375 = CARTESIAN_POINT('',(-19.02822863932,11.038874359565,
    -14.54282353733));
#2376 = CARTESIAN_POINT('',(-19.23371932026,11.150914609567,
    -15.33493217735));
#2377 = CARTESIAN_POINT('',(-19.46933901654,11.224096123375,
    -16.10803667516));
#2378 = CARTESIAN_POINT('',(-19.73055561324,11.265127464645,
    -16.86474006468));
#2379 = CARTESIAN_POINT('',(-20.01631508647,11.277958834284,
    -17.61131436368));
#2380 = CARTESIAN_POINT('',(-20.48987329352,11.256121037271,
    -18.74028146507));
#2381 = CARTESIAN_POINT('',(-20.65697364521,11.241503834094,
    -19.12129210192));
#2382 = CARTESIAN_POINT('',(-20.82971321013,11.220022208148,
    -19.49925073068));
#2383 = CARTESIAN_POINT('',(-21.007783088,11.191909010865,
    -19.87417334824));
#2384 = CARTESIAN_POINT('',(-21.19093900493,11.157311776263,
    -20.24611186425));
#2385 = CARTESIAN_POINT('',(-21.37899147217,11.116296699032,
    -20.6151287298));
#2386 = CARTESIAN_POINT('',(-21.5717938127,11.068850063293,
    -20.98127296157));
#2387 = CARTESIAN_POINT('',(-22.19468052381,10.898570443551,
    -22.12740215325));
#2388 = CARTESIAN_POINT('',(-22.62791597434,10.755710376484,
    -22.87170990394));
#2389 = CARTESIAN_POINT('',(-23.07418106115,10.586347119519,
    -23.59540928309));
#2390 = CARTESIAN_POINT('',(-23.54192335825,10.385450989887,
    -24.3132590047));
#2391 = CARTESIAN_POINT('',(-24.03772096245,10.144879453573,
    -25.03123855632));
#2392 = CARTESIAN_POINT('',(-24.56292744889,9.854367510182,
    -25.74327936509));
#2393 = CARTESIAN_POINT('',(-25.11031194956,9.502065700032,
    -26.42879641022));
#2394 = CARTESIAN_POINT('',(-25.76998860039,8.991262234105,
    -27.17209614781));
#2395 = CARTESIAN_POINT('',(-25.87993410255,8.903305184536,-27.293266081
    ));
#2396 = CARTESIAN_POINT('',(-25.99093478802,8.811451024214,
    -27.41273305818));
#2397 = CARTESIAN_POINT('',(-26.10329020746,8.715103802367,
    -27.53056231667));
#2398 = CARTESIAN_POINT('',(-26.21715190205,8.613672635732,
    -27.64656483066));
#2399 = CARTESIAN_POINT('',(-26.33251346977,8.506577413271,
    -27.76029168717));
#2400 = CARTESIAN_POINT('',(-26.44920063169,8.393254500896,
    -27.87102846213));
#2401 = CARTESIAN_POINT('',(-26.56686129824,8.273162446189,
    -27.97778959637));
#2402 = PCURVE('',#115,#2403);
#2403 = DEFINITIONAL_REPRESENTATION('',(#2404),#2498);
#2404 = B_SPLINE_CURVE_WITH_KNOTS('',8,(#2405,#2406,#2407,#2408,#2409,
    #2410,#2411,#2412,#2413,#2414,#2415,#2416,#2417,#2418,#2419,#2420,
    #2421,#2422,#2423,#2424,#2425,#2426,#2427,#2428,#2429,#2430,#2431,
    #2432,#2433,#2434,#2435,#2436,#2437,#2438,#2439,#2440,#2441,#2442,
    #2443,#2444,#2445,#2446,#2447,#2448,#2449,#2450,#2451,#2452,#2453,
    #2454,#2455,#2456,#2457,#2458,#2459,#2460,#2461,#2462,#2463,#2464,
    #2465,#2466,#2467,#2468,#2469,#2470,#2471,#2472,#2473,#2474,#2475,
    #2476,#2477,#2478,#2479,#2480,#2481,#2482,#2483,#2484,#2485,#2486,
    #2487,#2488,#2489,#2490,#2491,#2492,#2493,#2494,#2495,#2496,#2497),
  .UNSPECIFIED.,.F.,.F.,(9,7,7,7,7,7,7,7,7,7,7,7,7,9),(0.,
    5.309858839031E-02,0.183122308621,0.253338876028,0.381141419259,
    0.45040909677,0.488042110156,0.520428672668,0.567843169846,
    0.603463398829,0.742745771146,0.814544646775,0.969264559115,1.),
  .UNSPECIFIED.);
#2405 = CARTESIAN_POINT('',(0.233896889563,35.843410088885));
#2406 = CARTESIAN_POINT('',(0.21911619626,35.592460333219));
#2407 = CARTESIAN_POINT('',(0.205537627541,35.329244699457));
#2408 = CARTESIAN_POINT('',(0.193053831431,35.05950906379));
#2409 = CARTESIAN_POINT('',(0.181543685132,34.787026566289));
#2410 = CARTESIAN_POINT('',(0.170872433349,34.513626581117));
#2411 = CARTESIAN_POINT('',(0.160894691607,34.239272426572));
#2412 = CARTESIAN_POINT('',(0.151460314578,33.962187814948));
#2413 = CARTESIAN_POINT('',(0.120293568659,32.985662065891));
#2414 = CARTESIAN_POINT('',(0.100941045991,32.268274184162));
#2415 = CARTESIAN_POINT('',(8.407139697975E-02,31.542748621342));
#2416 = CARTESIAN_POINT('',(6.93859840912E-02,30.817040867258));
#2417 = CARTESIAN_POINT('',(5.660900879109E-02,30.092953823797));
#2418 = CARTESIAN_POINT('',(4.551988499059E-02,29.367683740742));
#2419 = CARTESIAN_POINT('',(3.59919964089E-02,28.635470763609));
#2420 = CARTESIAN_POINT('',(2.374439911804E-02,27.48693900084));
#2421 = CARTESIAN_POINT('',(1.994156931844E-02,27.083291908889));
#2422 = CARTESIAN_POINT('',(1.663101083122E-02,26.678774663495));
#2423 = CARTESIAN_POINT('',(1.381804789408E-02,26.273397319187));
#2424 = CARTESIAN_POINT('',(1.151306663144E-02,25.867172806349));
#2425 = CARTESIAN_POINT('',(9.731615506566E-03,25.460141223203));
#2426 = CARTESIAN_POINT('',(8.494528778557E-03,25.052394575282));
#2427 = CARTESIAN_POINT('',(6.615043743096E-03,23.900960617932));
#2428 = CARTESIAN_POINT('',(7.303794016059E-03,23.162967628183));
#2429 = CARTESIAN_POINT('',(9.979610619189E-03,22.424584003086));
#2430 = CARTESIAN_POINT('',(1.487276848078E-02,21.682279978632));
#2431 = CARTESIAN_POINT('',(2.234324648508E-02,20.935635219042));
#2432 = CARTESIAN_POINT('',(3.288081357737E-02,20.187638028692));
#2433 = CARTESIAN_POINT('',(4.709581342005E-02,19.44506693091));
#2434 = CARTESIAN_POINT('',(7.583288519182E-02,18.327014482927));
#2435 = CARTESIAN_POINT('',(8.719638540611E-02,17.940576016545));
#2436 = CARTESIAN_POINT('',(0.100032818037,17.558338226642));
#2437 = CARTESIAN_POINT('',(0.11460494008,17.179990262136));
#2438 = CARTESIAN_POINT('',(0.13121389772,16.807571469683));
#2439 = CARTESIAN_POINT('',(0.150194225591,16.445583794678));
#2440 = CARTESIAN_POINT('',(0.17189838137,16.101381147928));
#2441 = CARTESIAN_POINT('',(0.210108837492,15.615081314292));
#2442 = CARTESIAN_POINT('',(0.224628564005,15.450355412723));
#2443 = CARTESIAN_POINT('',(0.240228408439,15.295308204132));
#2444 = CARTESIAN_POINT('',(0.256910889965,15.153193381654));
#2445 = CARTESIAN_POINT('',(0.274665353144,15.027343538773));
#2446 = CARTESIAN_POINT('',(0.293463828492,14.921202575863));
#2447 = CARTESIAN_POINT('',(0.313256556342,14.838356313684));
#2448 = CARTESIAN_POINT('',(0.351790506565,14.734544743005));
#2449 = CARTESIAN_POINT('',(0.370063404345,14.707182315901));
#2450 = CARTESIAN_POINT('',(0.38854882027,14.702391021594));
#2451 = CARTESIAN_POINT('',(0.406999574532,14.720843740284));
#2452 = CARTESIAN_POINT('',(0.425168798305,14.761979978476));
#2453 = CARTESIAN_POINT('',(0.442817562574,14.824018110133));
#2454 = CARTESIAN_POINT('',(0.459719269167,14.903964824534));
#2455 = CARTESIAN_POINT('',(0.498998449411,15.134726618847));
#2456 = CARTESIAN_POINT('',(0.520513262108,15.302597577459));
#2457 = CARTESIAN_POINT('',(0.540260072734,15.493787130039));
#2458 = CARTESIAN_POINT('',(0.558341996825,15.702465079962));
#2459 = CARTESIAN_POINT('',(0.574887196859,15.924137020277));
#2460 = CARTESIAN_POINT('',(0.590033326607,16.155447773614));
#2461 = CARTESIAN_POINT('',(0.603918551355,16.394067396873));
#2462 = CARTESIAN_POINT('',(0.626264365838,16.822413509217));
#2463 = CARTESIAN_POINT('',(0.635226325243,17.009751442049));
#2464 = CARTESIAN_POINT('',(0.643607156107,17.199894799276));
#2465 = CARTESIAN_POINT('',(0.651448044208,17.392241018119));
#2466 = CARTESIAN_POINT('',(0.658788324645,17.586353065863));
#2467 = CARTESIAN_POINT('',(0.665665190862,17.781947236957));
#2468 = CARTESIAN_POINT('',(0.67211333171,17.978881288018));
#2469 = CARTESIAN_POINT('',(0.701825787305,18.952386359141));
#2470 = CARTESIAN_POINT('',(0.719676724214,19.756417548333));
#2471 = CARTESIAN_POINT('',(0.73278292325,20.569579378254));
#2472 = CARTESIAN_POINT('',(0.742021355869,21.381351110142));
#2473 = CARTESIAN_POINT('',(0.748090907834,22.186667574338));
#2474 = CARTESIAN_POINT('',(0.751500771527,22.986262441947));
#2475 = CARTESIAN_POINT('',(0.752563453766,23.785567680616));
#2476 = CARTESIAN_POINT('',(0.750752310454,25.009662421845));
#2477 = CARTESIAN_POINT('',(0.749540419281,25.425481429768));
#2478 = CARTESIAN_POINT('',(0.74776100096,25.840561070546));
#2479 = CARTESIAN_POINT('',(0.745436476549,26.254801474211));
#2480 = CARTESIAN_POINT('',(0.742583541626,26.66816011664));
#2481 = CARTESIAN_POINT('',(0.739213300959,27.080624607843));
#2482 = CARTESIAN_POINT('',(0.735331377212,27.492185984198));
#2483 = CARTESIAN_POINT('',(0.721470660025,28.787674540343));
#2484 = CARTESIAN_POINT('',(0.709933713678,29.639646544701));
#2485 = CARTESIAN_POINT('',(0.696400373414,30.477323241871));
#2486 = CARTESIAN_POINT('',(0.680544633707,31.317545104026));
#2487 = CARTESIAN_POINT('',(0.661833321165,32.168306989794));
#2488 = CARTESIAN_POINT('',(0.639643637923,33.024477075915));
#2489 = CARTESIAN_POINT('',(0.613356813215,33.864257173457));
#2490 = CARTESIAN_POINT('',(0.576287304591,34.799391411674));
#2491 = CARTESIAN_POINT('',(0.569932595379,34.952727604688));
#2492 = CARTESIAN_POINT('',(0.563326524941,35.104874527983));
#2493 = CARTESIAN_POINT('',(0.55643002698,35.256004003217));
#2494 = CARTESIAN_POINT('',(0.549205555936,35.405996805299));
#2495 = CARTESIAN_POINT('',(0.541617507302,35.554433751359));
#2496 = CARTESIAN_POINT('',(0.533632637934,35.700586789724));
#2497 = CARTESIAN_POINT('',(0.525220486363,35.843410088885));
#2498 = ( GEOMETRIC_REPRESENTATION_CONTEXT(2) 
PARAMETRIC_REPRESENTATION_CONTEXT() REPRESENTATION_CONTEXT('2D SPACE',''
  ) );
#2499 = PCURVE('',#2169,#2500);
#2500 = DEFINITIONAL_REPRESENTATION('',(#2501),#2595);
#2501 = B_SPLINE_CURVE_WITH_KNOTS('',8,(#2502,#2503,#2504,#2505,#2506,
    #2507,#2508,#2509,#2510,#2511,#2512,#2513,#2514,#2515,#2516,#2517,
    #2518,#2519,#2520,#2521,#2522,#2523,#2524,#2525,#2526,#2527,#2528,
    #2529,#2530,#2531,#2532,#2533,#2534,#2535,#2536,#2537,#2538,#2539,
    #2540,#2541,#2542,#2543,#2544,#2545,#2546,#2547,#2548,#2549,#2550,
    #2551,#2552,#2553,#2554,#2555,#2556,#2557,#2558,#2559,#2560,#2561,
    #2562,#2563,#2564,#2565,#2566,#2567,#2568,#2569,#2570,#2571,#2572,
    #2573,#2574,#2575,#2576,#2577,#2578,#2579,#2580,#2581,#2582,#2583,
    #2584,#2585,#2586,#2587,#2588,#2589,#2590,#2591,#2592,#2593,#2594),
  .UNSPECIFIED.,.F.,.F.,(9,7,7,7,7,7,7,7,7,7,7,7,7,9),(0.,
    5.309858839031E-02,0.183122308621,0.253338876028,0.381141419259,
    0.45040909677,0.488042110156,0.520428672668,0.567843169846,
    0.603463398829,0.742745771146,0.814544646775,0.969264559115,1.),
  .UNSPECIFIED.);
#2502 = CARTESIAN_POINT('',(0.735074248306,39.0000006));
#2503 = CARTESIAN_POINT('',(0.778936373573,38.769362270111));
#2504 = CARTESIAN_POINT('',(0.820079729173,38.527737325118));
#2505 = CARTESIAN_POINT('',(0.858759842411,38.280463196344));
#2506 = CARTESIAN_POINT('',(0.895254319618,38.031031468539));
#2507 = CARTESIAN_POINT('',(0.929889028908,37.781129502295));
#2508 = CARTESIAN_POINT('',(0.963052914456,37.5307301132));
#2509 = CARTESIAN_POINT('',(0.995201442298,37.278229307734));
#2510 = CARTESIAN_POINT('',(1.104343982155,36.38984787964));
#2511 = CARTESIAN_POINT('',(1.177449567009,35.739771914331));
#2512 = CARTESIAN_POINT('',(1.246903394974,35.085336624784));
#2513 = CARTESIAN_POINT('',(1.313437858408,34.434016208461));
#2514 = CARTESIAN_POINT('',(1.377856368648,33.787597143866));
#2515 = CARTESIAN_POINT('',(1.441062178433,33.143780130775));
#2516 = CARTESIAN_POINT('',(1.504055076375,32.497855459174));
#2517 = CARTESIAN_POINT('',(1.602395956983,31.491967660183));
#2518 = CARTESIAN_POINT('',(1.636870434189,31.13980839366));
#2519 = CARTESIAN_POINT('',(1.671414809345,30.788314000186));
#2520 = CARTESIAN_POINT('',(1.706107042177,30.437568345503));
#2521 = CARTESIAN_POINT('',(1.741024332866,30.087663602947));
#2522 = CARTESIAN_POINT('',(1.776243910034,29.738721494516));
#2523 = CARTESIAN_POINT('',(1.811843540726,29.390913355092));
#2524 = CARTESIAN_POINT('',(1.913532034574,28.413927132391));
#2525 = CARTESIAN_POINT('',(1.980067278986,27.793829439507));
#2526 = CARTESIAN_POINT('',(2.048514878427,27.17986654697));
#2527 = CARTESIAN_POINT('',(2.119817427584,26.569717220671));
#2528 = CARTESIAN_POINT('',(2.194858462511,25.963918713735));
#2529 = CARTESIAN_POINT('',(2.274555321438,25.365922077528));
#2530 = CARTESIAN_POINT('',(2.359886879648,24.782028277581));
#2531 = CARTESIAN_POINT('',(2.502111369122,23.91792782936));
#2532 = CARTESIAN_POINT('',(2.553950968561,23.622198509056));
#2533 = CARTESIAN_POINT('',(2.608350792506,23.332625436128));
#2534 = CARTESIAN_POINT('',(2.665996655539,23.049038854758));
#2535 = CARTESIAN_POINT('',(2.727536871548,22.773043450767));
#2536 = CARTESIAN_POINT('',(2.793628067881,22.507965215921));
#2537 = CARTESIAN_POINT('',(2.864948266302,22.258844411521));
#2538 = CARTESIAN_POINT('',(2.984273163142,21.910419931856));
#2539 = CARTESIAN_POINT('',(3.028570442254,21.793137041986));
#2540 = CARTESIAN_POINT('',(3.075107546442,21.683446339372));
#2541 = CARTESIAN_POINT('',(3.123848229503,21.583522232736));
#2542 = CARTESIAN_POINT('',(3.174766375034,21.495520756971));
#2543 = CARTESIAN_POINT('',(3.227842491083,21.421624727598));
#2544 = CARTESIAN_POINT('',(3.283060982192,21.364110112079));
#2545 = CARTESIAN_POINT('',(3.389760590475,21.292149047365));
#2546 = CARTESIAN_POINT('',(3.440052033633,21.273245731155));
#2547 = CARTESIAN_POINT('',(3.490766029769,21.269957294663));
#2548 = CARTESIAN_POINT('',(3.541400918672,21.28269347512));
#2549 = CARTESIAN_POINT('',(3.591465735124,21.311102901914));
#2550 = CARTESIAN_POINT('',(3.640463274715,21.354069402416));
#2551 = CARTESIAN_POINT('',(3.687868107793,21.409663108593));
#2552 = CARTESIAN_POINT('',(3.799338225102,21.570821023369));
#2553 = CARTESIAN_POINT('',(3.861596132997,21.688569889399));
#2554 = CARTESIAN_POINT('',(3.920184117757,21.823511027738));
#2555 = CARTESIAN_POINT('',(3.975393682486,21.971914949995));
#2556 = CARTESIAN_POINT('',(4.027518504419,22.130845483831));
#2557 = CARTESIAN_POINT('',(4.076855111428,22.298048092442));
#2558 = CARTESIAN_POINT('',(4.123704163386,22.471935815886));
#2559 = CARTESIAN_POINT('',(4.20195340256,22.786576083285));
#2560 = CARTESIAN_POINT('',(4.234336733295,22.924968931956));
#2561 = CARTESIAN_POINT('',(4.26562462534,23.066241836229));
#2562 = CARTESIAN_POINT('',(4.295901521039,23.209967193222));
#2563 = CARTESIAN_POINT('',(4.32525007461,23.355826261679));
#2564 = CARTESIAN_POINT('',(4.353752607771,23.503606494959));
#2565 = CARTESIAN_POINT('',(4.381491669661,23.653198183389));
#2566 = CARTESIAN_POINT('',(4.514352131491,24.396564924858));
#2567 = CARTESIAN_POINT('',(4.610901347677,25.022551393847));
#2568 = CARTESIAN_POINT('',(4.70004212359,25.667907566278));
#2569 = CARTESIAN_POINT('',(4.783122350409,26.323117404904));
#2570 = CARTESIAN_POINT('',(4.861373989055,26.982635585738));
#2571 = CARTESIAN_POINT('',(4.936010152956,27.645833227994));
#2572 = CARTESIAN_POINT('',(5.008328757868,28.316425871253));
#2573 = CARTESIAN_POINT('',(5.116569642349,29.35446333408));
#2574 = CARTESIAN_POINT('',(5.152902845869,29.708998615624));
#2575 = CARTESIAN_POINT('',(5.188834731147,30.06472340859));
#2576 = CARTESIAN_POINT('',(5.224447842831,30.421453710349));
#2577 = CARTESIAN_POINT('',(5.259824119706,30.779060181976));
#2578 = CARTESIAN_POINT('',(5.295045459666,31.137446137048));
#2579 = CARTESIAN_POINT('',(5.330194595778,31.496524200551));
#2580 = CARTESIAN_POINT('',(5.441126456409,32.631241579669));
#2581 = CARTESIAN_POINT('',(5.514510507587,33.384022798755));
#2582 = CARTESIAN_POINT('',(5.587926455061,34.129332786786));
#2583 = CARTESIAN_POINT('',(5.663551340726,34.881549681435));
#2584 = CARTESIAN_POINT('',(5.743218709324,35.647733991835));
#2585 = CARTESIAN_POINT('',(5.828394866822,36.423266721984));
#2586 = CARTESIAN_POINT('',(5.920340757882,37.187871871575));
#2587 = CARTESIAN_POINT('',(6.040286541768,38.042656222015));
#2588 = CARTESIAN_POINT('',(6.060576561058,38.182936319393));
#2589 = CARTESIAN_POINT('',(6.081400594691,38.322242346536));
#2590 = CARTESIAN_POINT('',(6.102869754116,38.460727264105));
#2591 = CARTESIAN_POINT('',(6.125084601372,38.598278155332));
#2592 = CARTESIAN_POINT('',(6.148136049674,38.734506285933));
#2593 = CARTESIAN_POINT('',(6.172106263986,38.868737164018));
#2594 = CARTESIAN_POINT('',(6.197069561608,39.0000006));
#2595 = ( GEOMETRIC_REPRESENTATION_CONTEXT(2) 
PARAMETRIC_REPRESENTATION_CONTEXT() REPRESENTATION_CONTEXT('2D SPACE',''
  ) );
#2596 = ORIENTED_EDGE('',*,*,#2597,.F.);
#2597 = EDGE_CURVE('',#2598,#2305,#2600,.T.);
#2598 = VERTEX_POINT('',#2599);
#2599 = CARTESIAN_POINT('',(-20.4614453168,11.432871171895,
    -19.11986450171));
#2600 = SURFACE_CURVE('',#2601,(#2664,#2730),.PCURVE_S1.);
#2601 = B_SPLINE_CURVE_WITH_KNOTS('',7,(#2602,#2603,#2604,#2605,#2606,
    #2607,#2608,#2609,#2610,#2611,#2612,#2613,#2614,#2615,#2616,#2617,
    #2618,#2619,#2620,#2621,#2622,#2623,#2624,#2625,#2626,#2627,#2628,
    #2629,#2630,#2631,#2632,#2633,#2634,#2635,#2636,#2637,#2638,#2639,
    #2640,#2641,#2642,#2643,#2644,#2645,#2646,#2647,#2648,#2649,#2650,
    #2651,#2652,#2653,#2654,#2655,#2656,#2657,#2658,#2659,#2660,#2661,
    #2662,#2663),.UNSPECIFIED.,.F.,.F.,(8,6,6,6,6,6,6,6,6,6,8),(0.,
    1.440676871174E-02,4.542426443839E-02,7.800409263844E-02,
    9.314916689282E-02,0.119030129255,0.17506981402,0.26496679509,
    0.509319974772,0.742573142363,1.),.UNSPECIFIED.);
#2602 = CARTESIAN_POINT('',(-20.4614453168,11.432871171896,
    -19.11986450171));
#2603 = CARTESIAN_POINT('',(-20.45762857657,11.447756458809,
    -19.14883879151));
#2604 = CARTESIAN_POINT('',(-20.45424898174,11.46225111427,
    -19.17800775581));
#2605 = CARTESIAN_POINT('',(-20.45131762668,11.476344164074,
    -19.20736055549));
#2606 = CARTESIAN_POINT('',(-20.44884491944,11.490024965049,
    -19.23688542963));
#2607 = CARTESIAN_POINT('',(-20.44684058178,11.503283205061,
    -19.26656969545));
#2608 = CARTESIAN_POINT('',(-20.44531364914,11.516108903013,
    -19.29639974838));
#2609 = CARTESIAN_POINT('',(-20.44203083343,11.555153858526,
    -19.39086719354));
#2610 = CARTESIAN_POINT('',(-20.44203992095,11.579773259641,
    -19.45599999731));
#2611 = CARTESIAN_POINT('',(-20.44438436136,11.60224490337,
    -19.52159405894));
#2612 = CARTESIAN_POINT('',(-20.4491251248,11.622483776999,
    -19.58748099895));
#2613 = CARTESIAN_POINT('',(-20.45629841764,11.640424908863,
    -19.65349006784));
#2614 = CARTESIAN_POINT('',(-20.46591457669,11.656022713293,
    -19.71944874109));
#2615 = CARTESIAN_POINT('',(-20.49060591796,11.683144225167,
    -19.85422889814));
#2616 = CARTESIAN_POINT('',(-20.50592737107,11.694418342119,
    -19.92300362445));
#2617 = CARTESIAN_POINT('',(-20.52389945207,11.703047067508,
    -19.99131276785));
#2618 = CARTESIAN_POINT('',(-20.54447049254,11.709027389929,
    -20.0589680847));
#2619 = CARTESIAN_POINT('',(-20.56755906348,11.712378903038,
    -20.125788173));
#2620 = CARTESIAN_POINT('',(-20.59305401245,11.713143803088,
    -20.19159883227));
#2621 = CARTESIAN_POINT('',(-20.63371925428,11.710570165399,
    -20.28627948988));
#2622 = CARTESIAN_POINT('',(-20.6471160841,11.70920831355,
    -20.31607709723));
#2623 = CARTESIAN_POINT('',(-20.66099224917,11.70730758753,
    -20.34561232895));
#2624 = CARTESIAN_POINT('',(-20.67533452364,11.704874843891,
    -20.37487243497));
#2625 = CARTESIAN_POINT('',(-20.69012919681,11.70191753914,
    -20.40384583161));
#2626 = CARTESIAN_POINT('',(-20.70536207312,11.69844372974,
    -20.43252210166));
#2627 = CARTESIAN_POINT('',(-20.74777322202,11.687657937018,
    -20.50937245146));
#2628 = CARTESIAN_POINT('',(-20.7757594695,11.679371993206,
    -20.55694820488));
#2629 = CARTESIAN_POINT('',(-20.80490951077,11.669646460931,
    -20.60358379959));
#2630 = CARTESIAN_POINT('',(-20.83515256418,11.658525887213,
    -20.6492478246));
#2631 = CARTESIAN_POINT('',(-20.86641506937,11.646057329161,
    -20.69391281289));
#2632 = CARTESIAN_POINT('',(-20.89862098643,11.632290537297,
    -20.73755514154));
#2633 = CARTESIAN_POINT('',(-21.0033005028,11.584772003192,
    -20.87239565975));
#2634 = CARTESIAN_POINT('',(-21.07891766737,11.546447779663,
    -20.95968674183));
#2635 = CARTESIAN_POINT('',(-21.15789499163,11.502782529587,
    -21.04203970426));
#2636 = CARTESIAN_POINT('',(-21.23962146327,11.454227194271,
    -21.11951869525));
#2637 = CARTESIAN_POINT('',(-21.32352363097,11.401214623791,
    -21.19223070736));
#2638 = CARTESIAN_POINT('',(-21.40906558039,11.344167605743,
    -21.26031579999));
#2639 = CARTESIAN_POINT('',(-21.63480339828,11.186197016558,
    -21.42599683144));
#2640 = CARTESIAN_POINT('',(-21.77689895926,11.079514913132,
    -21.5166472751));
#2641 = CARTESIAN_POINT('',(-21.92046119624,10.964832850462,
    -21.59688241464));
#2642 = CARTESIAN_POINT('',(-22.06428192558,10.843275425346,
    -21.66769245422));
#2643 = CARTESIAN_POINT('',(-22.20746015842,10.715767441996,
    -21.73002890732));
#2644 = CARTESIAN_POINT('',(-22.34933484989,10.583073825235,
    -21.78477788064));
#2645 = CARTESIAN_POINT('',(-22.87015263237,10.07278698925,
    -21.96311467486));
#2646 = CARTESIAN_POINT('',(-23.23928221323,9.664487164981,
    -22.04393729523));
#2647 = CARTESIAN_POINT('',(-23.58686730871,9.232983397899,
    -22.09062825266));
#2648 = CARTESIAN_POINT('',(-23.91059818232,8.785088379452,
    -22.11443155752));
#2649 = CARTESIAN_POINT('',(-24.21040379483,8.325351332835,
    -22.12327057734));
#2650 = CARTESIAN_POINT('',(-24.48812918934,7.854767659395,
    -22.12264335316));
#2651 = CARTESIAN_POINT('',(-24.99211317275,6.90869458088,
    -22.11070071875));
#2652 = CARTESIAN_POINT('',(-25.2186147832,6.437258089512,
    -22.09990852923));
#2653 = CARTESIAN_POINT('',(-25.42589833062,5.95802939367,
    -22.08777748793));
#2654 = CARTESIAN_POINT('',(-25.61448843743,5.47213314202,
    -22.07674510229));
#2655 = CARTESIAN_POINT('',(-25.78479642016,4.980358433447,
    -22.06842711838));
#2656 = CARTESIAN_POINT('',(-25.93701446287,4.483265802783,
    -22.06368643262));
#2657 = CARTESIAN_POINT('',(-26.21895772347,3.427203559542,
    -22.06154512389));
#2658 = CARTESIAN_POINT('',(-26.344424288,2.868256763706,-22.0649587242)
  );
#2659 = CARTESIAN_POINT('',(-26.44767472886,2.304177672136,
    -22.07306425993));
#2660 = CARTESIAN_POINT('',(-26.52822844654,1.734763524506,
    -22.08499669064));
#2661 = CARTESIAN_POINT('',(-26.58486528636,1.160121400084,
    -22.09884512409));
#2662 = CARTESIAN_POINT('',(-26.61561506985,0.581112876141,
    -22.11142801576));
#2663 = CARTESIAN_POINT('',(-26.61796490903,0.,-22.11730261373));
#2664 = PCURVE('',#115,#2665);
#2665 = DEFINITIONAL_REPRESENTATION('',(#2666),#2729);
#2666 = B_SPLINE_CURVE_WITH_KNOTS('',7,(#2667,#2668,#2669,#2670,#2671,
    #2672,#2673,#2674,#2675,#2676,#2677,#2678,#2679,#2680,#2681,#2682,
    #2683,#2684,#2685,#2686,#2687,#2688,#2689,#2690,#2691,#2692,#2693,
    #2694,#2695,#2696,#2697,#2698,#2699,#2700,#2701,#2702,#2703,#2704,
    #2705,#2706,#2707,#2708,#2709,#2710,#2711,#2712,#2713,#2714,#2715,
    #2716,#2717,#2718,#2719,#2720,#2721,#2722,#2723,#2724,#2725,#2726,
    #2727,#2728),.UNSPECIFIED.,.F.,.F.,(8,6,6,6,6,6,6,6,6,6,8),(0.,
    1.440676871174E-02,4.542426443839E-02,7.800409263844E-02,
    9.314916689282E-02,0.119030129255,0.17506981402,0.26496679509,
    0.509319974772,0.742573142363,1.),.UNSPECIFIED.);
#2667 = CARTESIAN_POINT('',(0.765505103759,25.35153853812));
#2668 = CARTESIAN_POINT('',(0.766756279882,25.377022989094));
#2669 = CARTESIAN_POINT('',(0.767976377524,25.402850542534));
#2670 = CARTESIAN_POINT('',(0.769164318651,25.429015254916));
#2671 = CARTESIAN_POINT('',(0.770319051416,25.455510071937));
#2672 = CARTESIAN_POINT('',(0.771439550157,25.482326828517));
#2673 = CARTESIAN_POINT('',(0.772524815401,25.5094562488));
#2674 = CARTESIAN_POINT('',(0.77583247653,25.595947862538));
#2675 = CARTESIAN_POINT('',(0.777923903266,25.656425527666));
#2676 = CARTESIAN_POINT('',(0.779837661094,25.718198788259));
#2677 = CARTESIAN_POINT('',(0.781565024577,25.78113395164));
#2678 = CARTESIAN_POINT('',(0.783099064375,25.845085927563));
#2679 = CARTESIAN_POINT('',(0.784434675815,25.909898370052));
#2680 = CARTESIAN_POINT('',(0.786759654548,26.044208738203));
#2681 = CARTESIAN_POINT('',(0.787727782658,26.113754713338));
#2682 = CARTESIAN_POINT('',(0.788469666724,26.183852824079));
#2683 = CARTESIAN_POINT('',(0.788984236307,26.254309101426));
#2684 = CARTESIAN_POINT('',(0.789272681678,26.324924875873));
#2685 = CARTESIAN_POINT('',(0.789338459893,26.395497125353));
#2686 = CARTESIAN_POINT('',(0.789117033026,26.498508600694));
#2687 = CARTESIAN_POINT('',(0.788999869204,26.531150442245));
#2688 = CARTESIAN_POINT('',(0.788836363094,26.563726694791));
#2689 = CARTESIAN_POINT('',(0.788627131958,26.596220608215));
#2690 = CARTESIAN_POINT('',(0.788372856638,26.628616335332));
#2691 = CARTESIAN_POINT('',(0.788074281549,26.660898931885));
#2692 = CARTESIAN_POINT('',(0.787147666907,26.748003795642));
#2693 = CARTESIAN_POINT('',(0.786436216581,26.802570605119));
#2694 = CARTESIAN_POINT('',(0.785601803093,26.85669672132));
#2695 = CARTESIAN_POINT('',(0.784648651948,26.91032669221));
#2696 = CARTESIAN_POINT('',(0.783581268379,26.963407695687));
#2697 = CARTESIAN_POINT('',(0.782404430951,27.015889557887));
#2698 = CARTESIAN_POINT('',(0.778348921637,27.179962832422));
#2699 = CARTESIAN_POINT('',(0.775086993247,27.289094077352));
#2700 = CARTESIAN_POINT('',(0.771383784902,27.394888325266));
#2701 = CARTESIAN_POINT('',(0.767283828662,27.49717821201));
#2702 = CARTESIAN_POINT('',(0.762829988054,27.595850103208));
#2703 = CARTESIAN_POINT('',(0.75806364238,27.690835007164));
#2704 = CARTESIAN_POINT('',(0.744941843172,27.928502903853));
#2705 = CARTESIAN_POINT('',(0.73615174037,28.065442694316));
#2706 = CARTESIAN_POINT('',(0.72679027195,28.193256827456));
#2707 = CARTESIAN_POINT('',(0.716967333527,28.312415976631));
#2708 = CARTESIAN_POINT('',(0.706771022771,28.423468981056));
#2709 = CARTESIAN_POINT('',(0.696271766499,28.526993064254));
#2710 = CARTESIAN_POINT('',(0.656319509388,28.886001489313));
#2711 = CARTESIAN_POINT('',(0.625166127693,29.098134693117));
#2712 = CARTESIAN_POINT('',(0.593164654853,29.270576022464));
#2713 = CARTESIAN_POINT('',(0.560811765125,29.412907464298));
#2714 = CARTESIAN_POINT('',(0.528378611532,29.532459297378));
#2715 = CARTESIAN_POINT('',(0.495874683418,29.635021556459));
#2716 = CARTESIAN_POINT('',(0.431787097049,29.811108051246));
#2717 = CARTESIAN_POINT('',(0.400422344419,29.885208341136));
#2718 = CARTESIAN_POINT('',(0.369054607161,29.950928128925));
#2719 = CARTESIAN_POINT('',(0.337705212386,30.010725423343));
#2720 = CARTESIAN_POINT('',(0.306373436406,30.066253166052));
#2721 = CARTESIAN_POINT('',(0.275044246719,30.118383911666));
#2722 = CARTESIAN_POINT('',(0.209091818028,30.221106854674));
#2723 = CARTESIAN_POINT('',(0.174532152884,30.270873415253));
#2724 = CARTESIAN_POINT('',(0.139930145889,30.316745467306));
#2725 = CARTESIAN_POINT('',(0.105208558791,30.357741350778));
#2726 = CARTESIAN_POINT('',(7.031038305118E-02,30.391633692688));
#2727 = CARTESIAN_POINT('',(3.521896219037E-02,30.414736797201));
#2728 = CARTESIAN_POINT('',(0.,30.42106393285));
#2729 = ( GEOMETRIC_REPRESENTATION_CONTEXT(2) 
PARAMETRIC_REPRESENTATION_CONTEXT() REPRESENTATION_CONTEXT('2D SPACE',''
  ) );
#2730 = PCURVE('',#1642,#2731);
#2731 = DEFINITIONAL_REPRESENTATION('',(#2732),#2795);
#2732 = B_SPLINE_CURVE_WITH_KNOTS('',7,(#2733,#2734,#2735,#2736,#2737,
    #2738,#2739,#2740,#2741,#2742,#2743,#2744,#2745,#2746,#2747,#2748,
    #2749,#2750,#2751,#2752,#2753,#2754,#2755,#2756,#2757,#2758,#2759,
    #2760,#2761,#2762,#2763,#2764,#2765,#2766,#2767,#2768,#2769,#2770,
    #2771,#2772,#2773,#2774,#2775,#2776,#2777,#2778,#2779,#2780,#2781,
    #2782,#2783,#2784,#2785,#2786,#2787,#2788,#2789,#2790,#2791,#2792,
    #2793,#2794),.UNSPECIFIED.,.F.,.F.,(8,6,6,6,6,6,6,6,6,6,8),(0.,
    1.440676871174E-02,4.542426443839E-02,7.800409263844E-02,
    9.314916689282E-02,0.119030129255,0.17506981402,0.26496679509,
    0.509319974772,0.742573142363,1.),.UNSPECIFIED.);
#2733 = CARTESIAN_POINT('',(0.,13.992490541807));
#2734 = CARTESIAN_POINT('',(9.658096598705E-03,14.007857365568));
#2735 = CARTESIAN_POINT('',(1.938108020285E-02,14.022737222613));
#2736 = CARTESIAN_POINT('',(2.916681957905E-02,14.03711672706));
#2737 = CARTESIAN_POINT('',(3.901295337477E-02,14.050982984149));
#2738 = CARTESIAN_POINT('',(4.89168901183E-02,14.064323590246));
#2739 = CARTESIAN_POINT('',(5.88758082188E-02,14.077126632839));
#2740 = CARTESIAN_POINT('',(9.043981847186E-02,14.115763440897));
#2741 = CARTESIAN_POINT('',(0.112239772445,14.139609108044));
#2742 = CARTESIAN_POINT('',(0.13424910143,14.160794276128));
#2743 = CARTESIAN_POINT('',(0.156430770815,14.179221452921));
#2744 = CARTESIAN_POINT('',(0.17874751387,14.194818709953));
#2745 = CARTESIAN_POINT('',(0.201161217802,14.207539322621));
#2746 = CARTESIAN_POINT('',(0.247235257081,14.227678230629));
#2747 = CARTESIAN_POINT('',(0.270893436927,14.234793589058));
#2748 = CARTESIAN_POINT('',(0.29456299804,14.238688101638));
#2749 = CARTESIAN_POINT('',(0.318200928207,14.239371684494));
#2750 = CARTESIAN_POINT('',(0.341764136898,14.236883542244));
#2751 = CARTESIAN_POINT('',(0.36520853788,14.231292156404));
#2752 = CARTESIAN_POINT('',(0.39930989481,14.218698922886));
#2753 = CARTESIAN_POINT('',(0.410098091452,14.21405230391));
#2754 = CARTESIAN_POINT('',(0.420849152933,14.208764641938));
#2755 = CARTESIAN_POINT('',(0.43155975015,14.202845863634));
#2756 = CARTESIAN_POINT('',(0.442226793713,14.196306597248));
#2757 = CARTESIAN_POINT('',(0.452847433952,14.189158172616));
#2758 = CARTESIAN_POINT('',(0.481484596593,14.168176480976));
#2759 = CARTESIAN_POINT('',(0.499403276084,14.153199092591));
#2760 = CARTESIAN_POINT('',(0.517165955325,14.136538169187));
#2761 = CARTESIAN_POINT('',(0.534763617277,14.118254442272));
#2762 = CARTESIAN_POINT('',(0.552187311486,14.098411764949));
#2763 = CARTESIAN_POINT('',(0.569428093653,14.077077215189));
#2764 = CARTESIAN_POINT('',(0.623392647597,14.005047916689));
#2765 = CARTESIAN_POINT('',(0.659383890003,13.949143186425));
#2766 = CARTESIAN_POINT('',(0.694442130674,13.887230215899));
#2767 = CARTESIAN_POINT('',(0.728560142369,13.819897576054));
#2768 = CARTESIAN_POINT('',(0.761731577553,13.747706984295));
#2769 = CARTESIAN_POINT('',(0.793950513596,13.671201087596));
#2770 = CARTESIAN_POINT('',(0.875358017617,13.462112976368));
#2771 = CARTESIAN_POINT('',(0.923076419243,13.323480842895));
#2772 = CARTESIAN_POINT('',(0.968506727365,13.176735151807));
#2773 = CARTESIAN_POINT('',(1.011771308692,13.023265342422));
#2774 = CARTESIAN_POINT('',(1.052987403285,12.864191022589));
#2775 = CARTESIAN_POINT('',(1.092269260522,12.700417334589));
#2776 = CARTESIAN_POINT('',(1.231514297063,12.076762616103));
#2777 = CARTESIAN_POINT('',(1.320228833397,11.58957464088));
#2778 = CARTESIAN_POINT('',(1.397771734886,11.085260963811));
#2779 = CARTESIAN_POINT('',(1.465354648908,10.570994474533));
#2780 = CARTESIAN_POINT('',(1.524029886718,10.051199485574));
#2781 = CARTESIAN_POINT('',(1.574695920352,9.526381943024));
#2782 = CARTESIAN_POINT('',(1.659193027711,8.484777938821));
#2783 = CARTESIAN_POINT('',(1.693428280262,7.971857027664));
#2784 = CARTESIAN_POINT('',(1.720956076076,7.456161382737));
#2785 = CARTESIAN_POINT('',(1.74194130419,6.938650107279));
#2786 = CARTESIAN_POINT('',(1.75648389463,6.41998541199));
#2787 = CARTESIAN_POINT('',(1.764632676903,5.900662532913));
#2788 = CARTESIAN_POINT('',(1.768305507021,4.807665441484));
#2789 = CARTESIAN_POINT('',(1.76243003985,4.235071075403));
#2790 = CARTESIAN_POINT('',(1.748795503786,3.663023177395));
#2791 = CARTESIAN_POINT('',(1.727295521853,3.091444709928));
#2792 = CARTESIAN_POINT('',(1.697668889805,2.520742453165));
#2793 = CARTESIAN_POINT('',(1.659519430017,1.952240329646));
#2794 = CARTESIAN_POINT('',(1.612126321457,1.388753642304));
#2795 = ( GEOMETRIC_REPRESENTATION_CONTEXT(2) 
PARAMETRIC_REPRESENTATION_CONTEXT() REPRESENTATION_CONTEXT('2D SPACE',''
  ) );
#2796 = ORIENTED_EDGE('',*,*,#2797,.F.);
#2797 = EDGE_CURVE('',#2798,#2598,#2800,.T.);
#2798 = VERTEX_POINT('',#2799);
#2799 = CARTESIAN_POINT('',(-20.5245767366,11.250273891024,
    -18.81236959954));
#2800 = SURFACE_CURVE('',#2801,(#2834,#2870),.PCURVE_S1.);
#2801 = B_SPLINE_CURVE_WITH_KNOTS('',7,(#2802,#2803,#2804,#2805,#2806,
    #2807,#2808,#2809,#2810,#2811,#2812,#2813,#2814,#2815,#2816,#2817,
    #2818,#2819,#2820,#2821,#2822,#2823,#2824,#2825,#2826,#2827,#2828,
    #2829,#2830,#2831,#2832,#2833),.UNSPECIFIED.,.F.,.F.,(8,6,6,6,6,8),(
    0.,0.28968614193,0.589421634757,0.78345466497,0.921613021745,1.),
  .UNSPECIFIED.);
#2802 = CARTESIAN_POINT('',(-24.49961830453,0.,-16.82143610248));
#2803 = CARTESIAN_POINT('',(-24.4664880325,0.526745432369,
    -16.73861042241));
#2804 = CARTESIAN_POINT('',(-24.41988705626,1.05458794046,
    -16.67493233555));
#2805 = CARTESIAN_POINT('',(-24.35825003027,1.581556025211,
    -16.62688380684));
#2806 = CARTESIAN_POINT('',(-24.28072189163,2.106430701426,
    -16.59193676385));
#2807 = CARTESIAN_POINT('',(-24.18678639944,2.628402219489,-16.568369065
    ));
#2808 = CARTESIAN_POINT('',(-24.07620538284,3.146890005385,
    -16.55526064565));
#2809 = CARTESIAN_POINT('',(-23.81734217922,4.193838713823,
    -16.54964792748));
#2810 = CARTESIAN_POINT('',(-23.66811263828,4.721101514277,
    -16.55787896021));
#2811 = CARTESIAN_POINT('',(-23.50125152982,5.243380841121,
    -16.57700620567));
#2812 = CARTESIAN_POINT('',(-23.31692315666,5.760718009317,-16.607849014
    ));
#2813 = CARTESIAN_POINT('',(-23.11558268779,6.272843221984,
    -16.65222756289));
#2814 = CARTESIAN_POINT('',(-22.89822277541,6.778894973715,
    -16.71304065398));
#2815 = CARTESIAN_POINT('',(-22.51754829601,7.599717583685,
    -16.84745047752));
#2816 = CARTESIAN_POINT('',(-22.36262760959,7.918102785796,
    -16.90882747017));
#2817 = CARTESIAN_POINT('',(-22.20231394331,8.23348632209,
    -16.98011743207));
#2818 = CARTESIAN_POINT('',(-22.0369307412,8.546090738259,
    -17.06303740133));
#2819 = CARTESIAN_POINT('',(-21.86739191574,8.855281680452,
    -17.15968852944));
#2820 = CARTESIAN_POINT('',(-21.69551965799,9.159589395628,
    -17.27254078602));
#2821 = CARTESIAN_POINT('',(-21.40268777821,9.668192755751,
    -17.49825614593));
#2822 = CARTESIAN_POINT('',(-21.28119184776,9.876276160805,
    -17.60185637101));
#2823 = CARTESIAN_POINT('',(-21.16073081743,10.080752958501,
    -17.71653722434));
#2824 = CARTESIAN_POINT('',(-21.04262979235,10.280780206321,
    -17.84376472592));
#2825 = CARTESIAN_POINT('',(-20.92891527873,10.474921724574,
    -17.98510124027));
#2826 = CARTESIAN_POINT('',(-20.82253286641,10.661095299752,
    -18.14207568766));
#2827 = CARTESIAN_POINT('',(-20.67383853106,10.935830310928,
    -18.41458273982));
#2828 = CARTESIAN_POINT('',(-20.62357312534,11.032045705049,
    -18.51893151086));
#2829 = CARTESIAN_POINT('',(-20.57787862057,11.124068414315,
    -18.62888045166));
#2830 = CARTESIAN_POINT('',(-20.53778079674,11.211005196263,
    -18.74425825938));
#2831 = CARTESIAN_POINT('',(-20.50431764272,11.292006255252,
    -18.86480769326));
#2832 = CARTESIAN_POINT('',(-20.47852993191,11.366241172969,
    -18.99016885599));
#2833 = CARTESIAN_POINT('',(-20.4614453168,11.432871171896,
    -19.11986450171));
#2834 = PCURVE('',#115,#2835);
#2835 = DEFINITIONAL_REPRESENTATION('',(#2836),#2869);
#2836 = B_SPLINE_CURVE_WITH_KNOTS('',7,(#2837,#2838,#2839,#2840,#2841,
    #2842,#2843,#2844,#2845,#2846,#2847,#2848,#2849,#2850,#2851,#2852,
    #2853,#2854,#2855,#2856,#2857,#2858,#2859,#2860,#2861,#2862,#2863,
    #2864,#2865,#2866,#2867,#2868),.UNSPECIFIED.,.F.,.F.,(8,6,6,6,6,8),(
    0.,0.28968614193,0.589421634757,0.78345466497,0.921613021745,1.),
  .UNSPECIFIED.);
#2837 = CARTESIAN_POINT('',(0.,24.717241140917));
#2838 = CARTESIAN_POINT('',(3.192396559813E-02,24.628035153424));
#2839 = CARTESIAN_POINT('',(6.391441849345E-02,24.551604365963));
#2840 = CARTESIAN_POINT('',(9.590503104444E-02,24.484101010262));
#2841 = CARTESIAN_POINT('',(0.127875996369,24.422860267584));
#2842 = CARTESIAN_POINT('',(0.15983058726,24.366091442567));
#2843 = CARTESIAN_POINT('',(0.1917859904,24.312851822192));
#2844 = CARTESIAN_POINT('',(0.25685983566,24.211501163922));
#2845 = CARTESIAN_POINT('',(0.289922987141,24.163721025816));
#2846 = CARTESIAN_POINT('',(0.323025380391,24.119509567461));
#2847 = CARTESIAN_POINT('',(0.35623036106,24.079688556895));
#2848 = CARTESIAN_POINT('',(0.389586118016,24.046117032208));
#2849 = CARTESIAN_POINT('',(0.423109995807,24.021855124912));
#2850 = CARTESIAN_POINT('',(0.478538995902,24.005272560715));
#2851 = CARTESIAN_POINT('',(0.500311071434,24.004723569242));
#2852 = CARTESIAN_POINT('',(0.522169063208,24.011375636205));
#2853 = CARTESIAN_POINT('',(0.544150754175,24.026943115587));
#2854 = CARTESIAN_POINT('',(0.566238516238,24.053716296127));
#2855 = CARTESIAN_POINT('',(0.588350644067,24.094665231827));
#2856 = CARTESIAN_POINT('',(0.625966036692,24.195481652392));
#2857 = CARTESIAN_POINT('',(0.641555213168,24.246549590763));
#2858 = CARTESIAN_POINT('',(0.657081084781,24.308289986437));
#2859 = CARTESIAN_POINT('',(0.67248403043,24.382556136514));
#2860 = CARTESIAN_POINT('',(0.687653295513,24.471551285537));
#2861 = CARTESIAN_POINT('',(0.70241404856,24.577788964931));
#2862 = CARTESIAN_POINT('',(0.724493914509,24.775581721192));
#2863 = CARTESIAN_POINT('',(0.732291449602,24.853799019801));
#2864 = CARTESIAN_POINT('',(0.739812057332,24.938913535484));
#2865 = CARTESIAN_POINT('',(0.746975129241,25.031147182685));
#2866 = CARTESIAN_POINT('',(0.753699930838,25.130646618739));
#2867 = CARTESIAN_POINT('',(0.75990454905,25.237464220915));
#2868 = CARTESIAN_POINT('',(0.765505103759,25.35153853812));
#2869 = ( GEOMETRIC_REPRESENTATION_CONTEXT(2) 
PARAMETRIC_REPRESENTATION_CONTEXT() REPRESENTATION_CONTEXT('2D SPACE',''
  ) );
#2870 = PCURVE('',#1642,#2871);
#2871 = DEFINITIONAL_REPRESENTATION('',(#2872),#2905);
#2872 = B_SPLINE_CURVE_WITH_KNOTS('',7,(#2873,#2874,#2875,#2876,#2877,
    #2878,#2879,#2880,#2881,#2882,#2883,#2884,#2885,#2886,#2887,#2888,
    #2889,#2890,#2891,#2892,#2893,#2894,#2895,#2896,#2897,#2898,#2899,
    #2900,#2901,#2902,#2903,#2904),.UNSPECIFIED.,.F.,.F.,(8,6,6,6,6,8),(
    0.,0.28968614193,0.589421634757,0.78345466497,0.921613021745,1.),
  .UNSPECIFIED.);
#2873 = CARTESIAN_POINT('',(5.410367651484,1.914898722185));
#2874 = CARTESIAN_POINT('',(5.36740852171,2.433366732045));
#2875 = CARTESIAN_POINT('',(5.331813944047,2.956243230393));
#2876 = CARTESIAN_POINT('',(5.303213738237,3.482007290569));
#2877 = CARTESIAN_POINT('',(5.281422672723,4.00969050221));
#2878 = CARTESIAN_POINT('',(5.266331817257,4.538636711636));
#2879 = CARTESIAN_POINT('',(5.257891628849,5.068342693552));
#2880 = CARTESIAN_POINT('',(5.254275146542,6.146779315886));
#2881 = CARTESIAN_POINT('',(5.259572224457,6.694584678098));
#2882 = CARTESIAN_POINT('',(5.271974543067,7.241941976248));
#2883 = CARTESIAN_POINT('',(5.291570975791,7.788850421897));
#2884 = CARTESIAN_POINT('',(5.318572523326,8.334935619771));
#2885 = CARTESIAN_POINT('',(5.353305052499,8.879116510394));
#2886 = CARTESIAN_POINT('',(5.424211308963,9.768767870262));
#2887 = CARTESIAN_POINT('',(5.455479329914,10.115654590783));
#2888 = CARTESIAN_POINT('',(5.490410587647,10.460973189352));
#2889 = CARTESIAN_POINT('',(5.529351877801,10.804858902413));
#2890 = CARTESIAN_POINT('',(5.57269591244,11.146470260982));
#2891 = CARTESIAN_POINT('',(5.62088395654,11.483930981051));
#2892 = CARTESIAN_POINT('',(5.71259637299,12.049328898859));
#2893 = CARTESIAN_POINT('',(5.753508358721,12.281068368741));
#2894 = CARTESIAN_POINT('',(5.797519220742,12.509057204716));
#2895 = CARTESIAN_POINT('',(5.844979144791,12.732149755375));
#2896 = CARTESIAN_POINT('',(5.896254164596,12.948451511154));
#2897 = CARTESIAN_POINT('',(5.95174004786,13.155213895166));
#2898 = CARTESIAN_POINT('',(6.046024100435,13.458271780854));
#2899 = CARTESIAN_POINT('',(6.081749471891,13.563956844247));
#2900 = CARTESIAN_POINT('',(6.119035782564,13.664445306198));
#2901 = CARTESIAN_POINT('',(6.157851232291,13.75861713654));
#2902 = CARTESIAN_POINT('',(6.198166378551,13.845391358095));
#2903 = CARTESIAN_POINT('',(6.239953425271,13.92370507219));
#2904 = CARTESIAN_POINT('',(6.28318530718,13.992490541807));
#2905 = ( GEOMETRIC_REPRESENTATION_CONTEXT(2) 
PARAMETRIC_REPRESENTATION_CONTEXT() REPRESENTATION_CONTEXT('2D SPACE',''
  ) );
#2906 = ORIENTED_EDGE('',*,*,#2907,.F.);
#2907 = EDGE_CURVE('',#2908,#2798,#2910,.T.);
#2908 = VERTEX_POINT('',#2909);
#2909 = CARTESIAN_POINT('',(-19.2324695414,7.425436910368,
    -8.406642637383));
#2910 = SURFACE_CURVE('',#2911,(#3005,#3102),.PCURVE_S1.);
#2911 = B_SPLINE_CURVE_WITH_KNOTS('',8,(#2912,#2913,#2914,#2915,#2916,
    #2917,#2918,#2919,#2920,#2921,#2922,#2923,#2924,#2925,#2926,#2927,
    #2928,#2929,#2930,#2931,#2932,#2933,#2934,#2935,#2936,#2937,#2938,
    #2939,#2940,#2941,#2942,#2943,#2944,#2945,#2946,#2947,#2948,#2949,
    #2950,#2951,#2952,#2953,#2954,#2955,#2956,#2957,#2958,#2959,#2960,
    #2961,#2962,#2963,#2964,#2965,#2966,#2967,#2968,#2969,#2970,#2971,
    #2972,#2973,#2974,#2975,#2976,#2977,#2978,#2979,#2980,#2981,#2982,
    #2983,#2984,#2985,#2986,#2987,#2988,#2989,#2990,#2991,#2992,#2993,
    #2994,#2995,#2996,#2997,#2998,#2999,#3000,#3001,#3002,#3003,#3004),
  .UNSPECIFIED.,.F.,.F.,(9,7,7,7,7,7,7,7,7,7,7,7,7,9),(0.,
    5.309858839031E-02,0.183122308621,0.253338876028,0.381141419259,
    0.45040909677,0.488042110156,0.520428672668,0.567843169846,
    0.603463398829,0.742745771146,0.814544646775,0.969264559115,1.),
  .UNSPECIFIED.);
#2912 = CARTESIAN_POINT('',(-28.21462298937,3.824205880141,
    -27.31868491992));
#2913 = CARTESIAN_POINT('',(-28.17390419097,3.586965185644,
    -27.06469128076));
#2914 = CARTESIAN_POINT('',(-28.120640478,3.368064713566,-26.80250485243
    ));
#2915 = CARTESIAN_POINT('',(-28.05838970482,3.166131771246,
    -26.53689099121));
#2916 = CARTESIAN_POINT('',(-27.98976508568,2.979450385254,
    -26.27086820765));
#2917 = CARTESIAN_POINT('',(-27.91646430488,2.805998082582,
    -26.00572772428));
#2918 = CARTESIAN_POINT('',(-27.83931539179,2.643521214421,
    -25.74109882197));
#2919 = CARTESIAN_POINT('',(-27.75833936064,2.489648822505,
    -25.47505997461));
#2920 = CARTESIAN_POINT('',(-27.46343995825,1.980604330682,
    -24.54126931615));
#2921 = CARTESIAN_POINT('',(-27.23060387596,1.66321006386,
    -23.86175335431));
#2922 = CARTESIAN_POINT('',(-26.98455248096,1.385902818118,
    -23.1787589668));
#2923 = CARTESIAN_POINT('',(-26.73133608899,1.144169383835,
    -22.49843435207));
#2924 = CARTESIAN_POINT('',(-26.4737280133,0.933666291076,-21.8216119696
    ));
#2925 = CARTESIAN_POINT('',(-26.21211243244,0.75087076655,
    -21.14511841656));
#2926 = CARTESIAN_POINT('',(-25.94537470956,0.593755741938,
    -20.46319599455));
#2927 = CARTESIAN_POINT('',(-25.52408106294,0.391749820633,
    -19.39470688745));
#2928 = CARTESIAN_POINT('',(-25.37548077896,0.329018043961,
    -19.01940577823));
#2929 = CARTESIAN_POINT('',(-25.22615250501,0.274401690391,
    -18.64345868105));
#2930 = CARTESIAN_POINT('',(-25.07620638764,0.227991963312,
    -18.26683236637));
#2931 = CARTESIAN_POINT('',(-24.92573422873,0.1899620165,-17.88950403986
    ));
#2932 = CARTESIAN_POINT('',(-24.77481904363,0.160569308062,
    -17.51148368251));
#2933 = CARTESIAN_POINT('',(-24.62354185277,0.140158068766,
    -17.13283797914));
#2934 = CARTESIAN_POINT('',(-24.19613541156,0.109147515849,
    -16.06366823065));
#2935 = CARTESIAN_POINT('',(-23.9219433284,0.120511182248,
    -15.37850228865));
#2936 = CARTESIAN_POINT('',(-23.64748350324,0.164662496622,
    -14.69302271631));
#2937 = CARTESIAN_POINT('',(-23.37125862679,0.245394396043,
    -14.00402676515));
#2938 = CARTESIAN_POINT('',(-23.09256715121,0.368656730559,
    -13.31134233883));
#2939 = CARTESIAN_POINT('',(-22.81127144472,0.542493176328,
    -12.61824299236));
#2940 = CARTESIAN_POINT('',(-22.52725091188,0.77696413315,
    -11.93207765698));
#2941 = CARTESIAN_POINT('',(-22.0830990307,1.250101826667,
    -10.90555907037));
#2942 = CARTESIAN_POINT('',(-21.92636216463,1.437068332555,
    -10.55204685095));
#2943 = CARTESIAN_POINT('',(-21.76714171492,1.648077960913,-10.204052332
    ));
#2944 = CARTESIAN_POINT('',(-21.60394047052,1.887325235609,
    -9.861839601107));
#2945 = CARTESIAN_POINT('',(-21.43554959262,2.159541747847,
    -9.528088637334));
#2946 = CARTESIAN_POINT('',(-21.26087015203,2.469848034211,
    -9.208087755963));
#2947 = CARTESIAN_POINT('',(-21.07859369215,2.8233226452,-8.910280743953
    ));
#2948 = CARTESIAN_POINT('',(-20.78360797128,3.441642930366,
    -8.504514082339));
#2949 = CARTESIAN_POINT('',(-20.67586052293,3.675934478216,
    -8.370197836089));
#2950 = CARTESIAN_POINT('',(-20.56451404323,3.926790635428,
    -8.24774547374));
#2951 = CARTESIAN_POINT('',(-20.44981635655,4.193946882621,
    -8.140562200296));
#2952 = CARTESIAN_POINT('',(-20.33199550324,4.476844928309,
    -8.052146112645));
#2953 = CARTESIAN_POINT('',(-20.21133135231,4.774561364373,
    -7.986094457407));
#2954 = CARTESIAN_POINT('',(-20.08826394747,5.085749464021,
    -7.946093264246));
#2955 = CARTESIAN_POINT('',(-19.85620129581,5.686430727992,
    -7.927109841511));
#2956 = CARTESIAN_POINT('',(-19.74902244399,5.969311615061,
    -7.940511146343));
#2957 = CARTESIAN_POINT('',(-19.6434844034,6.253234375135,
    -7.977565980684));
#2958 = CARTESIAN_POINT('',(-19.54104375878,6.534149359592,
    -8.038416424788));
#2959 = CARTESIAN_POINT('',(-19.44314996469,6.808189834618,
    -8.121879026865));
#2960 = CARTESIAN_POINT('',(-19.35116585054,7.071828516954,
    -8.225489785186));
#2961 = CARTESIAN_POINT('',(-19.26624115303,7.321943017787,
    -8.345564910755));
#2962 = CARTESIAN_POINT('',(-19.07638638698,7.898103522714,
    -8.670044875889));
#2963 = CARTESIAN_POINT('',(-18.97932003098,8.208986902155,
    -8.889673973983));
#2964 = CARTESIAN_POINT('',(-18.89729516314,8.490235224845,
    -9.128401371124));
#2965 = CARTESIAN_POINT('',(-18.82942611638,8.744352136312,
    -9.380302020221));
#2966 = CARTESIAN_POINT('',(-18.77462740349,8.974047932932,
    -9.640969491721));
#2967 = CARTESIAN_POINT('',(-18.73173631692,9.181982904634,
    -9.907255232021));
#2968 = CARTESIAN_POINT('',(-18.69966137188,9.370664280782,
    -10.17708640953));
#2969 = CARTESIAN_POINT('',(-18.66076306752,9.671456021822,
    -10.65398861317));
#2970 = CARTESIAN_POINT('',(-18.64962393372,9.791088712882,
    -10.86021339527));
#2971 = CARTESIAN_POINT('',(-18.64367379272,9.902107152427,
    -11.0673841148));
#2972 = CARTESIAN_POINT('',(-18.64256867857,10.005240013178,
    -11.27498937816));
#2973 = CARTESIAN_POINT('',(-18.64598991738,10.10115942472,
    -11.48268595627));
#2974 = CARTESIAN_POINT('',(-18.65365353178,10.190481619281,
    -11.69028187984));
#2975 = CARTESIAN_POINT('',(-18.66531825612,10.273766769064,
    -11.89772045432));
#2976 = CARTESIAN_POINT('',(-18.7412982976,10.655541271341,
    -12.91582548745));
#2977 = CARTESIAN_POINT('',(-18.86070713153,10.878283711522,
    -13.73403004665));
#2978 = CARTESIAN_POINT('',(-19.02822863932,11.038874359565,
    -14.54282353733));
#2979 = CARTESIAN_POINT('',(-19.23371932026,11.150914609567,
    -15.33493217735));
#2980 = CARTESIAN_POINT('',(-19.46933901654,11.224096123375,
    -16.10803667516));
#2981 = CARTESIAN_POINT('',(-19.73055561324,11.265127464645,
    -16.86474006468));
#2982 = CARTESIAN_POINT('',(-20.01631508647,11.277958834284,
    -17.61131436368));
#2983 = CARTESIAN_POINT('',(-20.48987329352,11.256121037271,
    -18.74028146507));
#2984 = CARTESIAN_POINT('',(-20.65697364521,11.241503834094,
    -19.12129210192));
#2985 = CARTESIAN_POINT('',(-20.82971321013,11.220022208148,
    -19.49925073068));
#2986 = CARTESIAN_POINT('',(-21.007783088,11.191909010865,
    -19.87417334824));
#2987 = CARTESIAN_POINT('',(-21.19093900493,11.157311776263,
    -20.24611186425));
#2988 = CARTESIAN_POINT('',(-21.37899147217,11.116296699032,
    -20.6151287298));
#2989 = CARTESIAN_POINT('',(-21.5717938127,11.068850063293,
    -20.98127296157));
#2990 = CARTESIAN_POINT('',(-22.19468052381,10.898570443551,
    -22.12740215325));
#2991 = CARTESIAN_POINT('',(-22.62791597434,10.755710376484,
    -22.87170990394));
#2992 = CARTESIAN_POINT('',(-23.07418106115,10.586347119519,
    -23.59540928309));
#2993 = CARTESIAN_POINT('',(-23.54192335825,10.385450989887,
    -24.3132590047));
#2994 = CARTESIAN_POINT('',(-24.03772096245,10.144879453573,
    -25.03123855632));
#2995 = CARTESIAN_POINT('',(-24.56292744889,9.854367510182,
    -25.74327936509));
#2996 = CARTESIAN_POINT('',(-25.11031194956,9.502065700032,
    -26.42879641022));
#2997 = CARTESIAN_POINT('',(-25.76998860039,8.991262234105,
    -27.17209614781));
#2998 = CARTESIAN_POINT('',(-25.87993410255,8.903305184536,-27.293266081
    ));
#2999 = CARTESIAN_POINT('',(-25.99093478802,8.811451024214,
    -27.41273305818));
#3000 = CARTESIAN_POINT('',(-26.10329020746,8.715103802367,
    -27.53056231667));
#3001 = CARTESIAN_POINT('',(-26.21715190205,8.613672635732,
    -27.64656483066));
#3002 = CARTESIAN_POINT('',(-26.33251346977,8.506577413271,
    -27.76029168717));
#3003 = CARTESIAN_POINT('',(-26.44920063169,8.393254500896,
    -27.87102846213));
#3004 = CARTESIAN_POINT('',(-26.56686129824,8.273162446189,
    -27.97778959637));
#3005 = PCURVE('',#115,#3006);
#3006 = DEFINITIONAL_REPRESENTATION('',(#3007),#3101);
#3007 = B_SPLINE_CURVE_WITH_KNOTS('',8,(#3008,#3009,#3010,#3011,#3012,
    #3013,#3014,#3015,#3016,#3017,#3018,#3019,#3020,#3021,#3022,#3023,
    #3024,#3025,#3026,#3027,#3028,#3029,#3030,#3031,#3032,#3033,#3034,
    #3035,#3036,#3037,#3038,#3039,#3040,#3041,#3042,#3043,#3044,#3045,
    #3046,#3047,#3048,#3049,#3050,#3051,#3052,#3053,#3054,#3055,#3056,
    #3057,#3058,#3059,#3060,#3061,#3062,#3063,#3064,#3065,#3066,#3067,
    #3068,#3069,#3070,#3071,#3072,#3073,#3074,#3075,#3076,#3077,#3078,
    #3079,#3080,#3081,#3082,#3083,#3084,#3085,#3086,#3087,#3088,#3089,
    #3090,#3091,#3092,#3093,#3094,#3095,#3096,#3097,#3098,#3099,#3100),
  .UNSPECIFIED.,.F.,.F.,(9,7,7,7,7,7,7,7,7,7,7,7,7,9),(0.,
    5.309858839031E-02,0.183122308621,0.253338876028,0.381141419259,
    0.45040909677,0.488042110156,0.520428672668,0.567843169846,
    0.603463398829,0.742745771146,0.814544646775,0.969264559115,1.),
  .UNSPECIFIED.);
#3008 = CARTESIAN_POINT('',(0.233896889563,35.843410088885));
#3009 = CARTESIAN_POINT('',(0.21911619626,35.592460333219));
#3010 = CARTESIAN_POINT('',(0.205537627541,35.329244699457));
#3011 = CARTESIAN_POINT('',(0.193053831431,35.05950906379));
#3012 = CARTESIAN_POINT('',(0.181543685132,34.787026566289));
#3013 = CARTESIAN_POINT('',(0.170872433349,34.513626581117));
#3014 = CARTESIAN_POINT('',(0.160894691607,34.239272426572));
#3015 = CARTESIAN_POINT('',(0.151460314578,33.962187814948));
#3016 = CARTESIAN_POINT('',(0.120293568659,32.985662065891));
#3017 = CARTESIAN_POINT('',(0.100941045991,32.268274184162));
#3018 = CARTESIAN_POINT('',(8.407139697975E-02,31.542748621342));
#3019 = CARTESIAN_POINT('',(6.93859840912E-02,30.817040867258));
#3020 = CARTESIAN_POINT('',(5.660900879109E-02,30.092953823797));
#3021 = CARTESIAN_POINT('',(4.551988499059E-02,29.367683740742));
#3022 = CARTESIAN_POINT('',(3.59919964089E-02,28.635470763609));
#3023 = CARTESIAN_POINT('',(2.374439911804E-02,27.48693900084));
#3024 = CARTESIAN_POINT('',(1.994156931844E-02,27.083291908889));
#3025 = CARTESIAN_POINT('',(1.663101083122E-02,26.678774663495));
#3026 = CARTESIAN_POINT('',(1.381804789408E-02,26.273397319187));
#3027 = CARTESIAN_POINT('',(1.151306663144E-02,25.867172806349));
#3028 = CARTESIAN_POINT('',(9.731615506566E-03,25.460141223203));
#3029 = CARTESIAN_POINT('',(8.494528778557E-03,25.052394575282));
#3030 = CARTESIAN_POINT('',(6.615043743096E-03,23.900960617932));
#3031 = CARTESIAN_POINT('',(7.303794016059E-03,23.162967628183));
#3032 = CARTESIAN_POINT('',(9.979610619189E-03,22.424584003086));
#3033 = CARTESIAN_POINT('',(1.487276848078E-02,21.682279978632));
#3034 = CARTESIAN_POINT('',(2.234324648508E-02,20.935635219042));
#3035 = CARTESIAN_POINT('',(3.288081357737E-02,20.187638028692));
#3036 = CARTESIAN_POINT('',(4.709581342005E-02,19.44506693091));
#3037 = CARTESIAN_POINT('',(7.583288519182E-02,18.327014482927));
#3038 = CARTESIAN_POINT('',(8.719638540611E-02,17.940576016545));
#3039 = CARTESIAN_POINT('',(0.100032818037,17.558338226642));
#3040 = CARTESIAN_POINT('',(0.11460494008,17.179990262136));
#3041 = CARTESIAN_POINT('',(0.13121389772,16.807571469683));
#3042 = CARTESIAN_POINT('',(0.150194225591,16.445583794678));
#3043 = CARTESIAN_POINT('',(0.17189838137,16.101381147928));
#3044 = CARTESIAN_POINT('',(0.210108837492,15.615081314292));
#3045 = CARTESIAN_POINT('',(0.224628564005,15.450355412723));
#3046 = CARTESIAN_POINT('',(0.240228408439,15.295308204132));
#3047 = CARTESIAN_POINT('',(0.256910889965,15.153193381654));
#3048 = CARTESIAN_POINT('',(0.274665353144,15.027343538773));
#3049 = CARTESIAN_POINT('',(0.293463828492,14.921202575863));
#3050 = CARTESIAN_POINT('',(0.313256556342,14.838356313684));
#3051 = CARTESIAN_POINT('',(0.351790506565,14.734544743005));
#3052 = CARTESIAN_POINT('',(0.370063404345,14.707182315901));
#3053 = CARTESIAN_POINT('',(0.38854882027,14.702391021594));
#3054 = CARTESIAN_POINT('',(0.406999574532,14.720843740284));
#3055 = CARTESIAN_POINT('',(0.425168798305,14.761979978476));
#3056 = CARTESIAN_POINT('',(0.442817562574,14.824018110133));
#3057 = CARTESIAN_POINT('',(0.459719269167,14.903964824534));
#3058 = CARTESIAN_POINT('',(0.498998449411,15.134726618847));
#3059 = CARTESIAN_POINT('',(0.520513262108,15.302597577459));
#3060 = CARTESIAN_POINT('',(0.540260072734,15.493787130039));
#3061 = CARTESIAN_POINT('',(0.558341996825,15.702465079962));
#3062 = CARTESIAN_POINT('',(0.574887196859,15.924137020277));
#3063 = CARTESIAN_POINT('',(0.590033326607,16.155447773614));
#3064 = CARTESIAN_POINT('',(0.603918551355,16.394067396873));
#3065 = CARTESIAN_POINT('',(0.626264365838,16.822413509217));
#3066 = CARTESIAN_POINT('',(0.635226325243,17.009751442049));
#3067 = CARTESIAN_POINT('',(0.643607156107,17.199894799276));
#3068 = CARTESIAN_POINT('',(0.651448044208,17.392241018119));
#3069 = CARTESIAN_POINT('',(0.658788324645,17.586353065863));
#3070 = CARTESIAN_POINT('',(0.665665190862,17.781947236957));
#3071 = CARTESIAN_POINT('',(0.67211333171,17.978881288018));
#3072 = CARTESIAN_POINT('',(0.701825787305,18.952386359141));
#3073 = CARTESIAN_POINT('',(0.719676724214,19.756417548333));
#3074 = CARTESIAN_POINT('',(0.73278292325,20.569579378254));
#3075 = CARTESIAN_POINT('',(0.742021355869,21.381351110142));
#3076 = CARTESIAN_POINT('',(0.748090907834,22.186667574338));
#3077 = CARTESIAN_POINT('',(0.751500771527,22.986262441947));
#3078 = CARTESIAN_POINT('',(0.752563453766,23.785567680616));
#3079 = CARTESIAN_POINT('',(0.750752310454,25.009662421845));
#3080 = CARTESIAN_POINT('',(0.749540419281,25.425481429768));
#3081 = CARTESIAN_POINT('',(0.74776100096,25.840561070546));
#3082 = CARTESIAN_POINT('',(0.745436476549,26.254801474211));
#3083 = CARTESIAN_POINT('',(0.742583541626,26.66816011664));
#3084 = CARTESIAN_POINT('',(0.739213300959,27.080624607843));
#3085 = CARTESIAN_POINT('',(0.735331377212,27.492185984198));
#3086 = CARTESIAN_POINT('',(0.721470660025,28.787674540343));
#3087 = CARTESIAN_POINT('',(0.709933713678,29.639646544701));
#3088 = CARTESIAN_POINT('',(0.696400373414,30.477323241871));
#3089 = CARTESIAN_POINT('',(0.680544633707,31.317545104026));
#3090 = CARTESIAN_POINT('',(0.661833321165,32.168306989794));
#3091 = CARTESIAN_POINT('',(0.639643637923,33.024477075915));
#3092 = CARTESIAN_POINT('',(0.613356813215,33.864257173457));
#3093 = CARTESIAN_POINT('',(0.576287304591,34.799391411674));
#3094 = CARTESIAN_POINT('',(0.569932595379,34.952727604688));
#3095 = CARTESIAN_POINT('',(0.563326524941,35.104874527983));
#3096 = CARTESIAN_POINT('',(0.55643002698,35.256004003217));
#3097 = CARTESIAN_POINT('',(0.549205555936,35.405996805299));
#3098 = CARTESIAN_POINT('',(0.541617507302,35.554433751359));
#3099 = CARTESIAN_POINT('',(0.533632637934,35.700586789724));
#3100 = CARTESIAN_POINT('',(0.525220486363,35.843410088885));
#3101 = ( GEOMETRIC_REPRESENTATION_CONTEXT(2) 
PARAMETRIC_REPRESENTATION_CONTEXT() REPRESENTATION_CONTEXT('2D SPACE',''
  ) );
#3102 = PCURVE('',#2169,#3103);
#3103 = DEFINITIONAL_REPRESENTATION('',(#3104),#3198);
#3104 = B_SPLINE_CURVE_WITH_KNOTS('',8,(#3105,#3106,#3107,#3108,#3109,
    #3110,#3111,#3112,#3113,#3114,#3115,#3116,#3117,#3118,#3119,#3120,
    #3121,#3122,#3123,#3124,#3125,#3126,#3127,#3128,#3129,#3130,#3131,
    #3132,#3133,#3134,#3135,#3136,#3137,#3138,#3139,#3140,#3141,#3142,
    #3143,#3144,#3145,#3146,#3147,#3148,#3149,#3150,#3151,#3152,#3153,
    #3154,#3155,#3156,#3157,#3158,#3159,#3160,#3161,#3162,#3163,#3164,
    #3165,#3166,#3167,#3168,#3169,#3170,#3171,#3172,#3173,#3174,#3175,
    #3176,#3177,#3178,#3179,#3180,#3181,#3182,#3183,#3184,#3185,#3186,
    #3187,#3188,#3189,#3190,#3191,#3192,#3193,#3194,#3195,#3196,#3197),
  .UNSPECIFIED.,.F.,.F.,(9,7,7,7,7,7,7,7,7,7,7,7,7,9),(0.,
    5.309858839031E-02,0.183122308621,0.253338876028,0.381141419259,
    0.45040909677,0.488042110156,0.520428672668,0.567843169846,
    0.603463398829,0.742745771146,0.814544646775,0.969264559115,1.),
  .UNSPECIFIED.);
#3105 = CARTESIAN_POINT('',(0.735074248306,39.0000006));
#3106 = CARTESIAN_POINT('',(0.778936373573,38.769362270111));
#3107 = CARTESIAN_POINT('',(0.820079729173,38.527737325118));
#3108 = CARTESIAN_POINT('',(0.858759842411,38.280463196344));
#3109 = CARTESIAN_POINT('',(0.895254319618,38.031031468539));
#3110 = CARTESIAN_POINT('',(0.929889028908,37.781129502295));
#3111 = CARTESIAN_POINT('',(0.963052914456,37.5307301132));
#3112 = CARTESIAN_POINT('',(0.995201442298,37.278229307734));
#3113 = CARTESIAN_POINT('',(1.104343982155,36.38984787964));
#3114 = CARTESIAN_POINT('',(1.177449567009,35.739771914331));
#3115 = CARTESIAN_POINT('',(1.246903394974,35.085336624784));
#3116 = CARTESIAN_POINT('',(1.313437858408,34.434016208461));
#3117 = CARTESIAN_POINT('',(1.377856368648,33.787597143866));
#3118 = CARTESIAN_POINT('',(1.441062178433,33.143780130775));
#3119 = CARTESIAN_POINT('',(1.504055076375,32.497855459174));
#3120 = CARTESIAN_POINT('',(1.602395956983,31.491967660183));
#3121 = CARTESIAN_POINT('',(1.636870434189,31.13980839366));
#3122 = CARTESIAN_POINT('',(1.671414809345,30.788314000186));
#3123 = CARTESIAN_POINT('',(1.706107042177,30.437568345503));
#3124 = CARTESIAN_POINT('',(1.741024332866,30.087663602947));
#3125 = CARTESIAN_POINT('',(1.776243910034,29.738721494516));
#3126 = CARTESIAN_POINT('',(1.811843540726,29.390913355092));
#3127 = CARTESIAN_POINT('',(1.913532034574,28.413927132391));
#3128 = CARTESIAN_POINT('',(1.980067278986,27.793829439507));
#3129 = CARTESIAN_POINT('',(2.048514878427,27.17986654697));
#3130 = CARTESIAN_POINT('',(2.119817427584,26.569717220671));
#3131 = CARTESIAN_POINT('',(2.194858462511,25.963918713735));
#3132 = CARTESIAN_POINT('',(2.274555321438,25.365922077528));
#3133 = CARTESIAN_POINT('',(2.359886879648,24.782028277581));
#3134 = CARTESIAN_POINT('',(2.502111369122,23.91792782936));
#3135 = CARTESIAN_POINT('',(2.553950968561,23.622198509056));
#3136 = CARTESIAN_POINT('',(2.608350792506,23.332625436128));
#3137 = CARTESIAN_POINT('',(2.665996655539,23.049038854758));
#3138 = CARTESIAN_POINT('',(2.727536871548,22.773043450767));
#3139 = CARTESIAN_POINT('',(2.793628067881,22.507965215921));
#3140 = CARTESIAN_POINT('',(2.864948266302,22.258844411521));
#3141 = CARTESIAN_POINT('',(2.984273163142,21.910419931856));
#3142 = CARTESIAN_POINT('',(3.028570442254,21.793137041986));
#3143 = CARTESIAN_POINT('',(3.075107546442,21.683446339372));
#3144 = CARTESIAN_POINT('',(3.123848229503,21.583522232736));
#3145 = CARTESIAN_POINT('',(3.174766375034,21.495520756971));
#3146 = CARTESIAN_POINT('',(3.227842491083,21.421624727598));
#3147 = CARTESIAN_POINT('',(3.283060982192,21.364110112079));
#3148 = CARTESIAN_POINT('',(3.389760590475,21.292149047365));
#3149 = CARTESIAN_POINT('',(3.440052033633,21.273245731155));
#3150 = CARTESIAN_POINT('',(3.490766029769,21.269957294663));
#3151 = CARTESIAN_POINT('',(3.541400918672,21.28269347512));
#3152 = CARTESIAN_POINT('',(3.591465735124,21.311102901914));
#3153 = CARTESIAN_POINT('',(3.640463274715,21.354069402416));
#3154 = CARTESIAN_POINT('',(3.687868107793,21.409663108593));
#3155 = CARTESIAN_POINT('',(3.799338225102,21.570821023369));
#3156 = CARTESIAN_POINT('',(3.861596132997,21.688569889399));
#3157 = CARTESIAN_POINT('',(3.920184117757,21.823511027738));
#3158 = CARTESIAN_POINT('',(3.975393682486,21.971914949995));
#3159 = CARTESIAN_POINT('',(4.027518504419,22.130845483831));
#3160 = CARTESIAN_POINT('',(4.076855111428,22.298048092442));
#3161 = CARTESIAN_POINT('',(4.123704163386,22.471935815886));
#3162 = CARTESIAN_POINT('',(4.20195340256,22.786576083285));
#3163 = CARTESIAN_POINT('',(4.234336733295,22.924968931956));
#3164 = CARTESIAN_POINT('',(4.26562462534,23.066241836229));
#3165 = CARTESIAN_POINT('',(4.295901521039,23.209967193222));
#3166 = CARTESIAN_POINT('',(4.32525007461,23.355826261679));
#3167 = CARTESIAN_POINT('',(4.353752607771,23.503606494959));
#3168 = CARTESIAN_POINT('',(4.381491669661,23.653198183389));
#3169 = CARTESIAN_POINT('',(4.514352131491,24.396564924858));
#3170 = CARTESIAN_POINT('',(4.610901347677,25.022551393847));
#3171 = CARTESIAN_POINT('',(4.70004212359,25.667907566278));
#3172 = CARTESIAN_POINT('',(4.783122350409,26.323117404904));
#3173 = CARTESIAN_POINT('',(4.861373989055,26.982635585738));
#3174 = CARTESIAN_POINT('',(4.936010152956,27.645833227994));
#3175 = CARTESIAN_POINT('',(5.008328757868,28.316425871253));
#3176 = CARTESIAN_POINT('',(5.116569642349,29.35446333408));
#3177 = CARTESIAN_POINT('',(5.152902845869,29.708998615624));
#3178 = CARTESIAN_POINT('',(5.188834731147,30.06472340859));
#3179 = CARTESIAN_POINT('',(5.224447842831,30.421453710349));
#3180 = CARTESIAN_POINT('',(5.259824119706,30.779060181976));
#3181 = CARTESIAN_POINT('',(5.295045459666,31.137446137048));
#3182 = CARTESIAN_POINT('',(5.330194595778,31.496524200551));
#3183 = CARTESIAN_POINT('',(5.441126456409,32.631241579669));
#3184 = CARTESIAN_POINT('',(5.514510507587,33.384022798755));
#3185 = CARTESIAN_POINT('',(5.587926455061,34.129332786786));
#3186 = CARTESIAN_POINT('',(5.663551340726,34.881549681435));
#3187 = CARTESIAN_POINT('',(5.743218709324,35.647733991835));
#3188 = CARTESIAN_POINT('',(5.828394866822,36.423266721984));
#3189 = CARTESIAN_POINT('',(5.920340757882,37.187871871575));
#3190 = CARTESIAN_POINT('',(6.040286541768,38.042656222015));
#3191 = CARTESIAN_POINT('',(6.060576561058,38.182936319393));
#3192 = CARTESIAN_POINT('',(6.081400594691,38.322242346536));
#3193 = CARTESIAN_POINT('',(6.102869754116,38.460727264105));
#3194 = CARTESIAN_POINT('',(6.125084601372,38.598278155332));
#3195 = CARTESIAN_POINT('',(6.148136049674,38.734506285933));
#3196 = CARTESIAN_POINT('',(6.172106263986,38.868737164018));
#3197 = CARTESIAN_POINT('',(6.197069561608,39.0000006));
#3198 = ( GEOMETRIC_REPRESENTATION_CONTEXT(2) 
PARAMETRIC_REPRESENTATION_CONTEXT() REPRESENTATION_CONTEXT('2D SPACE',''
  ) );
#3199 = ORIENTED_EDGE('',*,*,#3200,.F.);
#3200 = EDGE_CURVE('',#358,#2908,#3201,.T.);
#3201 = SURFACE_CURVE('',#3202,(#3233,#3267),.PCURVE_S1.);
#3202 = B_SPLINE_CURVE_WITH_KNOTS('',8,(#3203,#3204,#3205,#3206,#3207,
    #3208,#3209,#3210,#3211,#3212,#3213,#3214,#3215,#3216,#3217,#3218,
    #3219,#3220,#3221,#3222,#3223,#3224,#3225,#3226,#3227,#3228,#3229,
    #3230,#3231,#3232),.UNSPECIFIED.,.F.,.F.,(9,7,7,7,9),(0.,
    8.404892913937E-02,0.750256186064,0.895740364414,1.),.UNSPECIFIED.);
#3203 = CARTESIAN_POINT('',(-18.21908068947,8.008060540853,
    -6.703435657622));
#3204 = CARTESIAN_POINT('',(-18.25680950435,7.992349230075,
    -6.774274842134));
#3205 = CARTESIAN_POINT('',(-18.29481960878,7.975953860171,
    -6.844863713775));
#3206 = CARTESIAN_POINT('',(-18.33310573431,7.958875774734,
    -6.915201417126));
#3207 = CARTESIAN_POINT('',(-18.37166269088,7.941115761489,
    -6.985287028053));
#3208 = CARTESIAN_POINT('',(-18.41048536678,7.922674052287,
    -7.055119553706));
#3209 = CARTESIAN_POINT('',(-18.44956872869,7.90355032311,
    -7.124697932517));
#3210 = CARTESIAN_POINT('',(-18.48890782166,7.88374369407,
    -7.194021034207));
#3211 = CARTESIAN_POINT('',(-18.84230438816,7.700832702171,
    -7.810538860377));
#3212 = CARTESIAN_POINT('',(-19.16326601103,7.499870802762,
    -8.326861382304));
#3213 = CARTESIAN_POINT('',(-19.49360395249,7.260572942188,
    -8.823762502017));
#3214 = CARTESIAN_POINT('',(-19.83725346088,6.976615833189,
    -9.309232694472));
#3215 = CARTESIAN_POINT('',(-20.1958062197,6.638118223206,
    -9.784288109837));
#3216 = CARTESIAN_POINT('',(-20.56566440814,6.233276975073,
    -10.24127934831));
#3217 = CARTESIAN_POINT('',(-20.93497517555,5.749656629997,
    -10.66278931169));
#3218 = CARTESIAN_POINT('',(-21.35678896094,5.051785526118,
    -11.09641205901));
#3219 = CARTESIAN_POINT('',(-21.43177576688,4.921648177245,
    -11.17150220401));
#3220 = CARTESIAN_POINT('',(-21.5059962133,4.786071575754,
    -11.24369043396));
#3221 = CARTESIAN_POINT('',(-21.57922507873,4.644681531033,
    -11.31260422901));
#3222 = CARTESIAN_POINT('',(-21.65115778953,4.497120643241,
    -11.37776803976));
#3223 = CARTESIAN_POINT('',(-21.72140726245,4.343053882791,
    -11.43860144524));
#3224 = CARTESIAN_POINT('',(-21.7895007473,4.182174169832,
    -11.49441731084));
#3225 = CARTESIAN_POINT('',(-21.90172760486,3.893836813178,
    -11.58025378499));
#3226 = CARTESIAN_POINT('',(-21.94729565987,3.769537003137,
    -11.61318823696));
#3227 = CARTESIAN_POINT('',(-21.99122529275,3.641529355488,
    -11.64279992963));
#3228 = CARTESIAN_POINT('',(-22.03318173135,3.510037742204,
    -11.6686990185));
#3229 = CARTESIAN_POINT('',(-22.07285194552,3.375289190157,
    -11.69052834579));
#3230 = CARTESIAN_POINT('',(-22.10994561936,3.237513995935,
    -11.70796259898));
#3231 = CARTESIAN_POINT('',(-22.14419612354,3.096945840646,
    -11.72070746931));
#3232 = CARTESIAN_POINT('',(-22.17536148759,2.953821904727,
    -11.72849881032));
#3233 = PCURVE('',#115,#3234);
#3234 = DEFINITIONAL_REPRESENTATION('',(#3235),#3266);
#3235 = B_SPLINE_CURVE_WITH_KNOTS('',8,(#3236,#3237,#3238,#3239,#3240,
    #3241,#3242,#3243,#3244,#3245,#3246,#3247,#3248,#3249,#3250,#3251,
    #3252,#3253,#3254,#3255,#3256,#3257,#3258,#3259,#3260,#3261,#3262,
    #3263,#3264,#3265),.UNSPECIFIED.,.F.,.F.,(9,7,7,7,9),(0.,
    8.404892913937E-02,0.750256186064,0.895740364414,1.),.UNSPECIFIED.);
#3236 = CARTESIAN_POINT('',(0.506748568537,12.990380456767));
#3237 = CARTESIAN_POINT('',(0.505659501778,13.070165118461));
#3238 = CARTESIAN_POINT('',(0.504523770264,13.149821838808));
#3239 = CARTESIAN_POINT('',(0.503341578041,13.229347866918));
#3240 = CARTESIAN_POINT('',(0.50211309583,13.308740417209));
#3241 = CARTESIAN_POINT('',(0.500838461023,13.387996669404));
#3242 = CARTESIAN_POINT('',(0.499517777687,13.467113768534));
#3243 = CARTESIAN_POINT('',(0.498151116562,13.546088824936));
#3244 = CARTESIAN_POINT('',(0.485541639847,14.249759445904));
#3245 = CARTESIAN_POINT('',(0.471765440354,14.848355026694));
#3246 = CARTESIAN_POINT('',(0.455484624166,15.432400565524));
#3247 = CARTESIAN_POINT('',(0.436336673732,16.010776546695));
#3248 = CARTESIAN_POINT('',(0.413747905787,16.585017578341));
#3249 = CARTESIAN_POINT('',(0.387073808954,17.146685173963));
#3250 = CARTESIAN_POINT('',(0.355700006444,17.675205925631));
#3251 = CARTESIAN_POINT('',(0.311155548948,18.234472246212));
#3252 = CARTESIAN_POINT('',(0.302873085286,18.332041096138));
#3253 = CARTESIAN_POINT('',(0.294269866053,18.426630966787));
#3254 = CARTESIAN_POINT('',(0.285324696944,18.517812337037));
#3255 = CARTESIAN_POINT('',(0.276017689701,18.60503055453));
#3256 = CARTESIAN_POINT('',(0.266330508271,18.687602952801));
#3257 = CARTESIAN_POINT('',(0.25624661496,18.764715968391));
#3258 = CARTESIAN_POINT('',(0.238230319844,18.886093142398));
#3259 = CARTESIAN_POINT('',(0.230479859427,18.933595564149));
#3260 = CARTESIAN_POINT('',(0.222515023784,18.977404386637));
#3261 = CARTESIAN_POINT('',(0.214350602123,19.01703331708));
#3262 = CARTESIAN_POINT('',(0.206001291641,19.052034486321));
#3263 = CARTESIAN_POINT('',(0.197481704746,19.081998028644));
#3264 = CARTESIAN_POINT('',(0.18880637627,19.106551661582));
#3265 = CARTESIAN_POINT('',(0.179989770693,19.125360265739));
#3266 = ( GEOMETRIC_REPRESENTATION_CONTEXT(2) 
PARAMETRIC_REPRESENTATION_CONTEXT() REPRESENTATION_CONTEXT('2D SPACE',''
  ) );
#3267 = PCURVE('',#492,#3268);
#3268 = DEFINITIONAL_REPRESENTATION('',(#3269),#3300);
#3269 = B_SPLINE_CURVE_WITH_KNOTS('',8,(#3270,#3271,#3272,#3273,#3274,
    #3275,#3276,#3277,#3278,#3279,#3280,#3281,#3282,#3283,#3284,#3285,
    #3286,#3287,#3288,#3289,#3290,#3291,#3292,#3293,#3294,#3295,#3296,
    #3297,#3298,#3299),.UNSPECIFIED.,.F.,.F.,(9,7,7,7,9),(0.,
    8.404892913937E-02,0.750256186064,0.895740364414,1.),.UNSPECIFIED.);
#3270 = CARTESIAN_POINT('',(5.067205817787,20.1246114102));
#3271 = CARTESIAN_POINT('',(5.077794292736,20.176112186483));
#3272 = CARTESIAN_POINT('',(5.088374959344,20.227741249733));
#3273 = CARTESIAN_POINT('',(5.098949570617,20.279493481765));
#3274 = CARTESIAN_POINT('',(5.109519898914,20.331363756413));
#3275 = CARTESIAN_POINT('',(5.120087735948,20.383346939527));
#3276 = CARTESIAN_POINT('',(5.130654892783,20.435437888975));
#3277 = CARTESIAN_POINT('',(5.141223199834,20.487631454642));
#3278 = CARTESIAN_POINT('',(5.235587144523,20.954403184823));
#3279 = CARTESIAN_POINT('',(5.317270891906,21.363639979878));
#3280 = CARTESIAN_POINT('',(5.39939931902,21.772615752298));
#3281 = CARTESIAN_POINT('',(5.484210035467,22.186283133868));
#3282 = CARTESIAN_POINT('',(5.573567755387,22.605230151179));
#3283 = CARTESIAN_POINT('',(5.669016444462,23.022729100636));
#3284 = CARTESIAN_POINT('',(5.771943479513,23.421674060184));
#3285 = CARTESIAN_POINT('',(5.908464074504,23.848307639885));
#3286 = CARTESIAN_POINT('',(5.933525332489,23.922939331281));
#3287 = CARTESIAN_POINT('',(5.959241182609,23.995479443805));
#3288 = CARTESIAN_POINT('',(5.985669784172,24.065576330156));
#3289 = CARTESIAN_POINT('',(6.012865815433,24.132779134729));
#3290 = CARTESIAN_POINT('',(6.040881547883,24.196534980979));
#3291 = CARTESIAN_POINT('',(6.069767920547,24.256186158787));
#3292 = CARTESIAN_POINT('',(6.120936969999,24.350225622358));
#3293 = CARTESIAN_POINT('',(6.142822867191,24.387077361283));
#3294 = CARTESIAN_POINT('',(6.165193525271,24.421104759823));
#3295 = CARTESIAN_POINT('',(6.188013142869,24.451918490833));
#3296 = CARTESIAN_POINT('',(6.211249555928,24.47915841642));
#3297 = CARTESIAN_POINT('',(6.234873895808,24.502494335567));
#3298 = CARTESIAN_POINT('',(6.258860247391,24.521626731762));
#3299 = CARTESIAN_POINT('',(6.28318530718,24.536287520615));
#3300 = ( GEOMETRIC_REPRESENTATION_CONTEXT(2) 
PARAMETRIC_REPRESENTATION_CONTEXT() REPRESENTATION_CONTEXT('2D SPACE',''
  ) );
#3301 = ORIENTED_EDGE('',*,*,#357,.T.);
#3302 = ORIENTED_EDGE('',*,*,#810,.F.);
#3303 = FACE_BOUND('',#3304,.T.);
#3304 = EDGE_LOOP('',(#3305));
#3305 = ORIENTED_EDGE('',*,*,#3306,.T.);
#3306 = EDGE_CURVE('',#3307,#3307,#3309,.T.);
#3307 = VERTEX_POINT('',#3308);
#3308 = CARTESIAN_POINT('',(-17.08397111228,16.471720802845,
    -45.30992778072));
#3309 = SURFACE_CURVE('',#3310,(#3373,#3439),.PCURVE_S1.);
#3310 = B_SPLINE_CURVE_WITH_KNOTS('',7,(#3311,#3312,#3313,#3314,#3315,
    #3316,#3317,#3318,#3319,#3320,#3321,#3322,#3323,#3324,#3325,#3326,
    #3327,#3328,#3329,#3330,#3331,#3332,#3333,#3334,#3335,#3336,#3337,
    #3338,#3339,#3340,#3341,#3342,#3343,#3344,#3345,#3346,#3347,#3348,
    #3349,#3350,#3351,#3352,#3353,#3354,#3355,#3356,#3357,#3358,#3359,
    #3360,#3361,#3362,#3363,#3364,#3365,#3366,#3367,#3368,#3369,#3370,
    #3371,#3372),.UNSPECIFIED.,.T.,.F.,(8,6,6,6,6,6,6,6,6,6,8),(0.,
    4.988849780546E-02,0.115618773818,0.197518945928,0.32844416889,
    0.450421796849,0.562351524309,0.700114557982,0.828039820769,
    0.949425139427,1.),.UNSPECIFIED.);
#3311 = CARTESIAN_POINT('',(-17.08397111228,16.471720802846,
    -45.30992778072));
#3312 = CARTESIAN_POINT('',(-16.95401950152,16.464647568538,
    -45.30992778072));
#3313 = CARTESIAN_POINT('',(-16.82635544326,16.456829035965,
    -45.30235033777));
#3314 = CARTESIAN_POINT('',(-16.70141614112,16.44842957411,
    -45.28767465432));
#3315 = CARTESIAN_POINT('',(-16.57958644453,16.439612334984,
    -45.26638354631));
#3316 = CARTESIAN_POINT('',(-16.46120007209,16.430534308392,
    -45.23896378902));
#3317 = CARTESIAN_POINT('',(-16.34654083496,16.421341376704,
    -45.20590646299));
#3318 = CARTESIAN_POINT('',(-16.0899957587,16.400070944209,
    -45.11737823299));
#3319 = CARTESIAN_POINT('',(-15.95084722437,16.387989637589,
    -45.05806143457));
#3320 = CARTESIAN_POINT('',(-15.8185924118,16.376187392032,
    -44.99072014688));
#3321 = CARTESIAN_POINT('',(-15.69333649762,16.364884281111,
    -44.91618566491));
#3322 = CARTESIAN_POINT('',(-15.57512296433,16.354258308022,
    -44.83517157121));
#3323 = CARTESIAN_POINT('',(-15.46396088379,16.344451203909,
    -44.74828797078));
#3324 = CARTESIAN_POINT('',(-15.23013238881,16.324513478419,
    -44.54113400065));
#3325 = CARTESIAN_POINT('',(-15.11133218891,16.314894338725,
    -44.4178814357));
#3326 = CARTESIAN_POINT('',(-15.00346883082,16.306934713707,
    -44.28730302884));
#3327 = CARTESIAN_POINT('',(-14.90656564461,16.30078330323,
    -44.15022588761));
#3328 = CARTESIAN_POINT('',(-14.82068041584,16.296534497704,
    -44.007341857));
#3329 = CARTESIAN_POINT('',(-14.74593422627,16.294237280736,
    -43.85924844471));
#3330 = CARTESIAN_POINT('',(-14.58120032001,16.293355983912,
    -43.46228599919));
#3331 = CARTESIAN_POINT('',(-14.50900865315,16.297818208502,
    -43.20648967033));
#3332 = CARTESIAN_POINT('',(-14.46661738017,16.307287006142,
    -42.94117083826));
#3333 = CARTESIAN_POINT('',(-14.4555090173,16.321504000728,
    -42.66826829401));
#3334 = CARTESIAN_POINT('',(-14.47796446284,16.339935408766,
    -42.39004075567));
#3335 = CARTESIAN_POINT('',(-14.53707412506,16.361588536762,
    -42.10961744517));
#3336 = CARTESIAN_POINT('',(-14.72954627055,16.406479097561,
    -41.57315696385));
#3337 = CARTESIAN_POINT('',(-14.86013325478,16.430107648904,
    -41.30958504409));
#3338 = CARTESIAN_POINT('',(-15.03266500353,16.453954405917,
    -41.05227431321));
#3339 = CARTESIAN_POINT('',(-15.2479742153,16.475402949978,
    -40.81217115126));
#3340 = CARTESIAN_POINT('',(-15.5040254247,16.491497130025,-40.599735568
    ));
#3341 = CARTESIAN_POINT('',(-15.79638378689,16.5,-40.42467701117));
#3342 = CARTESIAN_POINT('',(-16.41380453025,16.5,-40.17770871382));
#3343 = CARTESIAN_POINT('',(-16.71901153037,16.492840298807,
    -40.10456123218));
#3344 = CARTESIAN_POINT('',(-17.02520899398,16.479142774708,
    -40.0757123642));
#3345 = CARTESIAN_POINT('',(-17.32409172965,16.46054442062,
    -40.08851272546));
#3346 = CARTESIAN_POINT('',(-17.60812639604,16.43934193042,
    -40.13834702293));
#3347 = CARTESIAN_POINT('',(-17.87101533845,16.417711073525,
    -40.21851672404));
#3348 = CARTESIAN_POINT('',(-18.40004036537,16.372079614681,
    -40.44524173557));
#3349 = CARTESIAN_POINT('',(-18.66153438664,16.347941483852,
    -40.60653862072));
#3350 = CARTESIAN_POINT('',(-18.89161043555,16.327017154261,
    -40.79598488615));
#3351 = CARTESIAN_POINT('',(-19.09034234324,16.310626342858,
    -41.00798637358));
#3352 = CARTESIAN_POINT('',(-19.25793156811,16.299459994628,
    -41.23854542681));
#3353 = CARTESIAN_POINT('',(-19.39418018101,16.293863875705,
    -41.48473620326));
#3354 = CARTESIAN_POINT('',(-19.59442622756,16.293863875705,
    -41.98535131964));
#3355 = CARTESIAN_POINT('',(-19.66266353762,16.298689384474,
    -42.2373711116));
#3356 = CARTESIAN_POINT('',(-19.70206133105,16.308323395944,
    -42.49842760222));
#3357 = CARTESIAN_POINT('',(-19.71117907738,16.322506467696,
    -42.76667409623));
#3358 = CARTESIAN_POINT('',(-19.68782851078,16.34071841427,
    -43.0399476027));
#3359 = CARTESIAN_POINT('',(-19.62906760314,16.36200846917,
    -43.31525647954));
#3360 = CARTESIAN_POINT('',(-19.43838877708,16.406480771449,
    -43.84671860122));
#3361 = CARTESIAN_POINT('',(-19.30779214917,16.430110523104,
    -44.11030196716));
#3362 = CARTESIAN_POINT('',(-19.13525066444,16.453957655058,
    -44.36761605372));
#3363 = CARTESIAN_POINT('',(-18.91993580407,16.475405452624,
    -44.60771438379));
#3364 = CARTESIAN_POINT('',(-18.66388521638,16.491498258304,
    -44.82014034338));
#3365 = CARTESIAN_POINT('',(-18.37153714619,16.5,-44.99518706687));
#3366 = CARTESIAN_POINT('',(-17.91544717031,16.5,-45.17762305722));
#3367 = CARTESIAN_POINT('',(-17.77812835088,16.498524205497,
    -45.22246323525));
#3368 = CARTESIAN_POINT('',(-17.63872560069,16.495584298606,
    -45.25813089855));
#3369 = CARTESIAN_POINT('',(-17.49840486744,16.491262080033,
    -45.28449247444));
#3370 = CARTESIAN_POINT('',(-17.35836990738,16.485705666455,
    -45.30164550272));
#3371 = CARTESIAN_POINT('',(-17.21983039767,16.479115590434,
    -45.30992778072));
#3372 = CARTESIAN_POINT('',(-17.08397111228,16.471720802846,
    -45.30992778072));
#3373 = PCURVE('',#115,#3374);
#3374 = DEFINITIONAL_REPRESENTATION('',(#3375),#3438);
#3375 = B_SPLINE_CURVE_WITH_KNOTS('',7,(#3376,#3377,#3378,#3379,#3380,
    #3381,#3382,#3383,#3384,#3385,#3386,#3387,#3388,#3389,#3390,#3391,
    #3392,#3393,#3394,#3395,#3396,#3397,#3398,#3399,#3400,#3401,#3402,
    #3403,#3404,#3405,#3406,#3407,#3408,#3409,#3410,#3411,#3412,#3413,
    #3414,#3415,#3416,#3417,#3418,#3419,#3420,#3421,#3422,#3423,#3424,
    #3425,#3426,#3427,#3428,#3429,#3430,#3431,#3432,#3433,#3434,#3435,
    #3436,#3437),.UNSPECIFIED.,.T.,.F.,(8,6,6,6,6,6,6,6,6,6,8),(0.,
    4.988849780546E-02,0.115618773818,0.197518945928,0.32844416889,
    0.450421796849,0.562351524309,0.700114557982,0.828039820769,
    0.949425139427,1.),.UNSPECIFIED.);
#3376 = CARTESIAN_POINT('',(1.629351950449,48.414039396302));
#3377 = CARTESIAN_POINT('',(1.636677052846,48.365776579687));
#3378 = CARTESIAN_POINT('',(1.643706029513,48.311327859585));
#3379 = CARTESIAN_POINT('',(1.650425153015,48.251300537658));
#3380 = CARTESIAN_POINT('',(1.656823474961,48.186285826731));
#3381 = CARTESIAN_POINT('',(1.662892824394,48.11685962629));
#3382 = CARTESIAN_POINT('',(1.668627806195,48.043583297973));
#3383 = CARTESIAN_POINT('',(1.681137891529,47.866108450552));
#3384 = CARTESIAN_POINT('',(1.687673708723,47.759355717564));
#3385 = CARTESIAN_POINT('',(1.693642845339,47.647712697314));
#3386 = CARTESIAN_POINT('',(1.699056833432,47.531990289457));
#3387 = CARTESIAN_POINT('',(1.703928028099,47.412867187739));
#3388 = CARTESIAN_POINT('',(1.708268492732,47.290913229636));
#3389 = CARTESIAN_POINT('',(1.716849106565,47.011733874053));
#3390 = CARTESIAN_POINT('',(1.720803041615,46.853175453803));
#3391 = CARTESIAN_POINT('',(1.723970438806,46.691877001194));
#3392 = CARTESIAN_POINT('',(1.726367075212,46.528615130842));
#3393 = CARTESIAN_POINT('',(1.728004217632,46.364053665713));
#3394 = CARTESIAN_POINT('',(1.728887955744,46.198792346435));
#3395 = CARTESIAN_POINT('',(1.729226944056,45.769041331749));
#3396 = CARTESIAN_POINT('',(1.727510231693,45.504729090803));
#3397 = CARTESIAN_POINT('',(1.723878081726,45.24264301603));
#3398 = CARTESIAN_POINT('',(1.718293706221,44.985133822413));
#3399 = CARTESIAN_POINT('',(1.710685619776,44.735145781408));
#3400 = CARTESIAN_POINT('',(1.700960016974,44.496732051461));
#3401 = CARTESIAN_POINT('',(1.677893413924,44.070123359267));
#3402 = CARTESIAN_POINT('',(1.664536307502,43.873901763786));
#3403 = CARTESIAN_POINT('',(1.648971452718,43.699071430711));
#3404 = CARTESIAN_POINT('',(1.631409676154,43.556105075226));
#3405 = CARTESIAN_POINT('',(1.612204646395,43.453958619691));
#3406 = CARTESIAN_POINT('',(1.591812932259,43.4));
#3407 = CARTESIAN_POINT('',(1.551510963068,43.4));
#3408 = CARTESIAN_POINT('',(1.532690111108,43.445435302505));
#3409 = CARTESIAN_POINT('',(1.514798976569,43.532368684137));
#3410 = CARTESIAN_POINT('',(1.498235785932,43.655255782543));
#3411 = CARTESIAN_POINT('',(1.483321541075,43.807013593011));
#3412 = CARTESIAN_POINT('',(1.470267753819,43.979083793934));
#3413 = CARTESIAN_POINT('',(1.445447512293,44.386067644943));
#3414 = CARTESIAN_POINT('',(1.434269471401,44.632944484541));
#3415 = CARTESIAN_POINT('',(1.425495519893,44.894289025584));
#3416 = CARTESIAN_POINT('',(1.419008039772,45.164934642704));
#3417 = CARTESIAN_POINT('',(1.4147134543,45.441244425076));
#3418 = CARTESIAN_POINT('',(1.412561069209,45.72042828702));
#3419 = CARTESIAN_POINT('',(1.412561069209,46.259607268346));
#3420 = CARTESIAN_POINT('',(1.414417045757,46.518944471555));
#3421 = CARTESIAN_POINT('',(1.418122374674,46.775961311255));
#3422 = CARTESIAN_POINT('',(1.423713551608,47.028408174326));
#3423 = CARTESIAN_POINT('',(1.431259210463,47.273464072595));
#3424 = CARTESIAN_POINT('',(1.440848415033,47.507258694306));
#3425 = CARTESIAN_POINT('',(1.463700099778,47.929892548202));
#3426 = CARTESIAN_POINT('',(1.477058009447,48.126121189609));
#3427 = CARTESIAN_POINT('',(1.492623486635,48.300951022502));
#3428 = CARTESIAN_POINT('',(1.510185467295,48.443910793876));
#3429 = CARTESIAN_POINT('',(1.529390242497,48.546048544943));
#3430 = CARTESIAN_POINT('',(1.549781111126,48.6));
#3431 = CARTESIAN_POINT('',(1.579552258847,48.6));
#3432 = CARTESIAN_POINT('',(1.588288656459,48.590634130897));
#3433 = CARTESIAN_POINT('',(1.596936952519,48.571977843211));
#3434 = CARTESIAN_POINT('',(1.605429616575,48.544340139927));
#3435 = CARTESIAN_POINT('',(1.613701928807,48.508258648329));
#3436 = CARTESIAN_POINT('',(1.621693844703,48.464496268192));
#3437 = CARTESIAN_POINT('',(1.629351950449,48.414039396302));
#3438 = ( GEOMETRIC_REPRESENTATION_CONTEXT(2) 
PARAMETRIC_REPRESENTATION_CONTEXT() REPRESENTATION_CONTEXT('2D SPACE',''
  ) );
#3439 = PCURVE('',#3440,#3445);
#3440 = CYLINDRICAL_SURFACE('',#3441,2.6);
#3441 = AXIS2_PLACEMENT_3D('',#3442,#3443,#3444);
#3442 = CARTESIAN_POINT('',(-17.08397111228,18.5,-42.70992778072));
#3443 = DIRECTION('',(0.,-1.,-0.));
#3444 = DIRECTION('',(0.,0.,-1.));
#3445 = DEFINITIONAL_REPRESENTATION('',(#3446),#3509);
#3446 = B_SPLINE_CURVE_WITH_KNOTS('',7,(#3447,#3448,#3449,#3450,#3451,
    #3452,#3453,#3454,#3455,#3456,#3457,#3458,#3459,#3460,#3461,#3462,
    #3463,#3464,#3465,#3466,#3467,#3468,#3469,#3470,#3471,#3472,#3473,
    #3474,#3475,#3476,#3477,#3478,#3479,#3480,#3481,#3482,#3483,#3484,
    #3485,#3486,#3487,#3488,#3489,#3490,#3491,#3492,#3493,#3494,#3495,
    #3496,#3497,#3498,#3499,#3500,#3501,#3502,#3503,#3504,#3505,#3506,
    #3507,#3508),.UNSPECIFIED.,.F.,.F.,(8,6,6,6,6,6,6,6,6,6,8),(0.,
    4.988849780546E-02,0.115618773818,0.197518945928,0.32844416889,
    0.450421796849,0.562351524309,0.700114557982,0.828039820769,
    0.949425139427,1.),.UNSPECIFIED.);
#3447 = CARTESIAN_POINT('',(0.,2.028279197154));
#3448 = CARTESIAN_POINT('',(4.99813887555E-02,2.035352431462));
#3449 = CARTESIAN_POINT('',(9.908307098055E-02,2.043170964035));
#3450 = CARTESIAN_POINT('',(0.147340340322,2.05157042589));
#3451 = CARTESIAN_POINT('',(0.194777498785,2.060387665016));
#3452 = CARTESIAN_POINT('',(0.241409636925,2.069465691608));
#3453 = CARTESIAN_POINT('',(0.28724441404,2.078658623296));
#3454 = CARTESIAN_POINT('',(0.39162524815,2.099929055791));
#3455 = CARTESIAN_POINT('',(0.449658913459,2.112010362411));
#3456 = CARTESIAN_POINT('',(0.506532941183,2.123812607968));
#3457 = CARTESIAN_POINT('',(0.562380847051,2.135115718889));
#3458 = CARTESIAN_POINT('',(0.61732626023,2.145741691978));
#3459 = CARTESIAN_POINT('',(0.671487627941,2.155548796091));
#3460 = CARTESIAN_POINT('',(0.791638256038,2.175486521581));
#3461 = CARTESIAN_POINT('',(0.857274795023,2.185105661275));
#3462 = CARTESIAN_POINT('',(0.922114506973,2.193065286293));
#3463 = CARTESIAN_POINT('',(0.986358035686,2.19921669677));
#3464 = CARTESIAN_POINT('',(1.050197693262,2.203465502296));
#3465 = CARTESIAN_POINT('',(1.113825747679,2.205762719264));
#3466 = CARTESIAN_POINT('',(1.279128251009,2.206644016088));
#3467 = CARTESIAN_POINT('',(1.380639923403,2.202181791498));
#3468 = CARTESIAN_POINT('',(1.482860007073,2.192712993858));
#3469 = CARTESIAN_POINT('',(1.586567455269,2.178495999272));
#3470 = CARTESIAN_POINT('',(1.692594062346,2.160064591234));
#3471 = CARTESIAN_POINT('',(1.801790627514,2.138411463238));
#3472 = CARTESIAN_POINT('',(2.020999592288,2.093520902439));
#3473 = CARTESIAN_POINT('',(2.133379411099,2.069892351096));
#3474 = CARTESIAN_POINT('',(2.250870448161,2.046045594083));
#3475 = CARTESIAN_POINT('',(2.372645148222,2.024597050022));
#3476 = CARTESIAN_POINT('',(2.498302873968,2.008502869975));
#3477 = CARTESIAN_POINT('',(2.627711664876,2.));
#3478 = CARTESIAN_POINT('',(2.88347416167,2.));
#3479 = CARTESIAN_POINT('',(3.002913987874,2.007159701193));
#3480 = CARTESIAN_POINT('',(3.119374749687,2.020857225292));
#3481 = CARTESIAN_POINT('',(3.232611933363,2.03945557938));
#3482 = CARTESIAN_POINT('',(3.342168733878,2.06065806958));
#3483 = CARTESIAN_POINT('',(3.447250937168,2.082288926475));
#3484 = CARTESIAN_POINT('',(3.668620968615,2.127920385319));
#3485 = CARTESIAN_POINT('',(3.785501586711,2.152058516147));
#3486 = CARTESIAN_POINT('',(3.898513931117,2.172982845739));
#3487 = CARTESIAN_POINT('',(4.008671593505,2.189373657141));
#3488 = CARTESIAN_POINT('',(4.116976997748,2.200540005373));
#3489 = CARTESIAN_POINT('',(4.224355021357,2.206136124295));
#3490 = CARTESIAN_POINT('',(4.431731552636,2.206136124295));
#3491 = CARTESIAN_POINT('',(4.531476433036,2.201310615526));
#3492 = CARTESIAN_POINT('',(4.631955915775,2.191676604056));
#3493 = CARTESIAN_POINT('',(4.733911710133,2.177493532304));
#3494 = CARTESIAN_POINT('',(4.838134167302,2.15928158573));
#3495 = CARTESIAN_POINT('',(4.945433889225,2.13799153083));
#3496 = CARTESIAN_POINT('',(5.162600419785,2.093519228551));
#3497 = CARTESIAN_POINT('',(5.274985632807,2.069889476896));
#3498 = CARTESIAN_POINT('',(5.392479604953,2.046042344942));
#3499 = CARTESIAN_POINT('',(5.514254340558,2.024594547376));
#3500 = CARTESIAN_POINT('',(5.639909716527,2.008501741696));
#3501 = CARTESIAN_POINT('',(5.769313138325,2.));
#3502 = CARTESIAN_POINT('',(5.958245421939,2.));
#3503 = CARTESIAN_POINT('',(6.013687930669,2.001475794503));
#3504 = CARTESIAN_POINT('',(6.068844675089,2.004415701394));
#3505 = CARTESIAN_POINT('',(6.123554655298,2.008737919967));
#3506 = CARTESIAN_POINT('',(6.177647317705,2.014294333545));
#3507 = CARTESIAN_POINT('',(6.230931735876,2.020884409566));
#3508 = CARTESIAN_POINT('',(6.28318530718,2.028279197154));
#3509 = ( GEOMETRIC_REPRESENTATION_CONTEXT(2) 
PARAMETRIC_REPRESENTATION_CONTEXT() REPRESENTATION_CONTEXT('2D SPACE',''
  ) );
#3510 = FACE_BOUND('',#3511,.T.);
#3511 = EDGE_LOOP('',(#3512));
#3512 = ORIENTED_EDGE('',*,*,#3513,.F.);
#3513 = EDGE_CURVE('',#3514,#3514,#3516,.T.);
#3514 = VERTEX_POINT('',#3515);
#3515 = CARTESIAN_POINT('',(-17.08397111228,-16.47172080284,
    -45.30992778072));
#3516 = SURFACE_CURVE('',#3517,(#3580,#3646),.PCURVE_S1.);
#3517 = B_SPLINE_CURVE_WITH_KNOTS('',7,(#3518,#3519,#3520,#3521,#3522,
    #3523,#3524,#3525,#3526,#3527,#3528,#3529,#3530,#3531,#3532,#3533,
    #3534,#3535,#3536,#3537,#3538,#3539,#3540,#3541,#3542,#3543,#3544,
    #3545,#3546,#3547,#3548,#3549,#3550,#3551,#3552,#3553,#3554,#3555,
    #3556,#3557,#3558,#3559,#3560,#3561,#3562,#3563,#3564,#3565,#3566,
    #3567,#3568,#3569,#3570,#3571,#3572,#3573,#3574,#3575,#3576,#3577,
    #3578,#3579),.UNSPECIFIED.,.T.,.F.,(8,6,6,6,6,6,6,6,6,6,8),(0.,
    4.988849744932E-02,0.11561877872,0.197518950377,0.328444172612,
    0.450421799896,0.562351526736,0.700114559645,0.828039821723,
    0.949425139707,1.),.UNSPECIFIED.);
#3518 = CARTESIAN_POINT('',(-17.08397111228,-16.47172080284,
    -45.30992778072));
#3519 = CARTESIAN_POINT('',(-16.95401950152,-16.46464756853,
    -45.30992778072));
#3520 = CARTESIAN_POINT('',(-16.82635544326,-16.45682903596,
    -45.30235033777));
#3521 = CARTESIAN_POINT('',(-16.70141614112,-16.44842957411,
    -45.28767465432));
#3522 = CARTESIAN_POINT('',(-16.57958644453,-16.43961233498,
    -45.26638354631));
#3523 = CARTESIAN_POINT('',(-16.46120007209,-16.43053430839,
    -45.23896378902));
#3524 = CARTESIAN_POINT('',(-16.34654083496,-16.4213413767,
    -45.20590646299));
#3525 = CARTESIAN_POINT('',(-16.08999574599,-16.40007094315,
    -45.11737822861));
#3526 = CARTESIAN_POINT('',(-15.95084723502,-16.38798963849,
    -45.05806144106));
#3527 = CARTESIAN_POINT('',(-15.81859242191,-16.37618739287,
    -44.99072015057));
#3528 = CARTESIAN_POINT('',(-15.6933364903,-16.36488428048,
    -44.91618565868));
#3529 = CARTESIAN_POINT('',(-15.57512295312,-16.35425830707,
    -44.83517156525));
#3530 = CARTESIAN_POINT('',(-15.46396089269,-16.34445120466,
    -44.74828797867));
#3531 = CARTESIAN_POINT('',(-15.23013238881,-16.32451347841,
    -44.54113400065));
#3532 = CARTESIAN_POINT('',(-15.11133218891,-16.31489433872,
    -44.4178814357));
#3533 = CARTESIAN_POINT('',(-15.00346883082,-16.3069347137,
    -44.28730302884));
#3534 = CARTESIAN_POINT('',(-14.90656564461,-16.30078330323,
    -44.15022588761));
#3535 = CARTESIAN_POINT('',(-14.82068041584,-16.2965344977,-44.007341857
    ));
#3536 = CARTESIAN_POINT('',(-14.74593422627,-16.29423728073,
    -43.85924844471));
#3537 = CARTESIAN_POINT('',(-14.58120032001,-16.29335598391,
    -43.46228599919));
#3538 = CARTESIAN_POINT('',(-14.50900865315,-16.2978182085,
    -43.20648967033));
#3539 = CARTESIAN_POINT('',(-14.46661738017,-16.30728700614,
    -42.94117083826));
#3540 = CARTESIAN_POINT('',(-14.45550901729,-16.32150400072,
    -42.66826829401));
#3541 = CARTESIAN_POINT('',(-14.47796446284,-16.33993540876,
    -42.39004075567));
#3542 = CARTESIAN_POINT('',(-14.53707412506,-16.36158853676,
    -42.10961744517));
#3543 = CARTESIAN_POINT('',(-14.72954627055,-16.40647909756,
    -41.57315696385));
#3544 = CARTESIAN_POINT('',(-14.86013325478,-16.4301076489,
    -41.30958504409));
#3545 = CARTESIAN_POINT('',(-15.03266500353,-16.45395440591,
    -41.05227431321));
#3546 = CARTESIAN_POINT('',(-15.2479742153,-16.47540294997,
    -40.81217115126));
#3547 = CARTESIAN_POINT('',(-15.5040254247,-16.49149713002,-40.599735568
    ));
#3548 = CARTESIAN_POINT('',(-15.79638378689,-16.5,-40.42467701117));
#3549 = CARTESIAN_POINT('',(-16.41380453025,-16.5,-40.17770871382));
#3550 = CARTESIAN_POINT('',(-16.71901153037,-16.4928402988,
    -40.10456123218));
#3551 = CARTESIAN_POINT('',(-17.02520899398,-16.4791427747,
    -40.0757123642));
#3552 = CARTESIAN_POINT('',(-17.32409172965,-16.46054442062,
    -40.08851272546));
#3553 = CARTESIAN_POINT('',(-17.60812639604,-16.43934193042,
    -40.13834702293));
#3554 = CARTESIAN_POINT('',(-17.87101533845,-16.41771107352,
    -40.21851672404));
#3555 = CARTESIAN_POINT('',(-18.40004036537,-16.37207961468,
    -40.44524173557));
#3556 = CARTESIAN_POINT('',(-18.66153438664,-16.34794148385,
    -40.60653862072));
#3557 = CARTESIAN_POINT('',(-18.89161043555,-16.32701715426,
    -40.79598488615));
#3558 = CARTESIAN_POINT('',(-19.09034234324,-16.31062634285,
    -41.00798637358));
#3559 = CARTESIAN_POINT('',(-19.25793156811,-16.29945999462,
    -41.23854542681));
#3560 = CARTESIAN_POINT('',(-19.39418018101,-16.2938638757,
    -41.48473620326));
#3561 = CARTESIAN_POINT('',(-19.59442622756,-16.2938638757,
    -41.98535131964));
#3562 = CARTESIAN_POINT('',(-19.66266353762,-16.29868938447,
    -42.2373711116));
#3563 = CARTESIAN_POINT('',(-19.70206133105,-16.30832339594,
    -42.49842760222));
#3564 = CARTESIAN_POINT('',(-19.71117907738,-16.32250646769,
    -42.76667409623));
#3565 = CARTESIAN_POINT('',(-19.68782851078,-16.34071841427,
    -43.0399476027));
#3566 = CARTESIAN_POINT('',(-19.62906760314,-16.36200846917,
    -43.31525647954));
#3567 = CARTESIAN_POINT('',(-19.43838877708,-16.40648077144,
    -43.84671860122));
#3568 = CARTESIAN_POINT('',(-19.30779214917,-16.4301105231,
    -44.11030196716));
#3569 = CARTESIAN_POINT('',(-19.13525066444,-16.45395765505,
    -44.36761605372));
#3570 = CARTESIAN_POINT('',(-18.91993580407,-16.47540545262,
    -44.6077143838));
#3571 = CARTESIAN_POINT('',(-18.66388521638,-16.4914982583,
    -44.82014034338));
#3572 = CARTESIAN_POINT('',(-18.37153714619,-16.5,-44.99518706687));
#3573 = CARTESIAN_POINT('',(-17.91544717031,-16.5,-45.17762305722));
#3574 = CARTESIAN_POINT('',(-17.77812835088,-16.49852420549,
    -45.22246323525));
#3575 = CARTESIAN_POINT('',(-17.63872560069,-16.4955842986,
    -45.25813089855));
#3576 = CARTESIAN_POINT('',(-17.49840486744,-16.49126208003,
    -45.28449247444));
#3577 = CARTESIAN_POINT('',(-17.35836990738,-16.48570566645,
    -45.30164550272));
#3578 = CARTESIAN_POINT('',(-17.21983039767,-16.47911559043,
    -45.30992778072));
#3579 = CARTESIAN_POINT('',(-17.08397111228,-16.47172080284,
    -45.30992778072));
#3580 = PCURVE('',#115,#3581);
#3581 = DEFINITIONAL_REPRESENTATION('',(#3582),#3645);
#3582 = B_SPLINE_CURVE_WITH_KNOTS('',7,(#3583,#3584,#3585,#3586,#3587,
    #3588,#3589,#3590,#3591,#3592,#3593,#3594,#3595,#3596,#3597,#3598,
    #3599,#3600,#3601,#3602,#3603,#3604,#3605,#3606,#3607,#3608,#3609,
    #3610,#3611,#3612,#3613,#3614,#3615,#3616,#3617,#3618,#3619,#3620,
    #3621,#3622,#3623,#3624,#3625,#3626,#3627,#3628,#3629,#3630,#3631,
    #3632,#3633,#3634,#3635,#3636,#3637,#3638,#3639,#3640,#3641,#3642,
    #3643,#3644),.UNSPECIFIED.,.T.,.F.,(8,6,6,6,6,6,6,6,6,6,8),(0.,
    4.988849744932E-02,0.11561877872,0.197518950377,0.328444172612,
    0.450421799896,0.562351526736,0.700114559645,0.828039821723,
    0.949425139707,1.),.UNSPECIFIED.);
#3583 = CARTESIAN_POINT('',(4.653833356731,48.414039396302));
#3584 = CARTESIAN_POINT('',(4.646508254334,48.365776579687));
#3585 = CARTESIAN_POINT('',(4.639479277667,48.311327859585));
#3586 = CARTESIAN_POINT('',(4.632760154164,48.251300537658));
#3587 = CARTESIAN_POINT('',(4.626361832219,48.186285826731));
#3588 = CARTESIAN_POINT('',(4.620292482786,48.11685962629));
#3589 = CARTESIAN_POINT('',(4.614557500984,48.043583297973));
#3590 = CARTESIAN_POINT('',(4.602047415031,47.86610844176));
#3591 = CARTESIAN_POINT('',(4.595511598913,47.759355727544));
#3592 = CARTESIAN_POINT('',(4.589542462329,47.647712704495));
#3593 = CARTESIAN_POINT('',(4.584128473473,47.531990280948));
#3594 = CARTESIAN_POINT('',(4.57925727858,47.412867178044));
#3595 = CARTESIAN_POINT('',(4.574916814774,47.290913240269));
#3596 = CARTESIAN_POINT('',(4.566336200614,47.011733874053));
#3597 = CARTESIAN_POINT('',(4.562382265564,46.853175453803));
#3598 = CARTESIAN_POINT('',(4.559214868373,46.691877001194));
#3599 = CARTESIAN_POINT('',(4.556818231968,46.528615130842));
#3600 = CARTESIAN_POINT('',(4.555181089547,46.364053665713));
#3601 = CARTESIAN_POINT('',(4.554297351436,46.198792346435));
#3602 = CARTESIAN_POINT('',(4.553958363124,45.769041331749));
#3603 = CARTESIAN_POINT('',(4.555675075487,45.504729090802));
#3604 = CARTESIAN_POINT('',(4.559307225454,45.24264301603));
#3605 = CARTESIAN_POINT('',(4.564891600958,44.985133822413));
#3606 = CARTESIAN_POINT('',(4.572499687404,44.735145781408));
#3607 = CARTESIAN_POINT('',(4.582225290205,44.496732051461));
#3608 = CARTESIAN_POINT('',(4.605291893256,44.070123359267));
#3609 = CARTESIAN_POINT('',(4.618648999678,43.873901763786));
#3610 = CARTESIAN_POINT('',(4.634213854461,43.699071430711));
#3611 = CARTESIAN_POINT('',(4.651775631025,43.556105075226));
#3612 = CARTESIAN_POINT('',(4.670980660784,43.453958619691));
#3613 = CARTESIAN_POINT('',(4.69137237492,43.4));
#3614 = CARTESIAN_POINT('',(4.731674344112,43.4));
#3615 = CARTESIAN_POINT('',(4.750495196072,43.445435302505));
#3616 = CARTESIAN_POINT('',(4.768386330611,43.532368684137));
#3617 = CARTESIAN_POINT('',(4.784949521248,43.655255782543));
#3618 = CARTESIAN_POINT('',(4.799863766104,43.807013593011));
#3619 = CARTESIAN_POINT('',(4.812917553361,43.979083793934));
#3620 = CARTESIAN_POINT('',(4.837737794887,44.386067644943));
#3621 = CARTESIAN_POINT('',(4.848915835778,44.632944484541));
#3622 = CARTESIAN_POINT('',(4.857689787287,44.894289025584));
#3623 = CARTESIAN_POINT('',(4.864177267408,45.164934642704));
#3624 = CARTESIAN_POINT('',(4.868471852879,45.441244425076));
#3625 = CARTESIAN_POINT('',(4.870624237971,45.72042828702));
#3626 = CARTESIAN_POINT('',(4.870624237971,46.259607268346));
#3627 = CARTESIAN_POINT('',(4.868768261423,46.518944471555));
#3628 = CARTESIAN_POINT('',(4.865062932506,46.775961311255));
#3629 = CARTESIAN_POINT('',(4.859471755572,47.028408174326));
#3630 = CARTESIAN_POINT('',(4.851926096717,47.273464072595));
#3631 = CARTESIAN_POINT('',(4.842336892146,47.507258694306));
#3632 = CARTESIAN_POINT('',(4.819485207401,47.929892548202));
#3633 = CARTESIAN_POINT('',(4.806127297733,48.126121189609));
#3634 = CARTESIAN_POINT('',(4.790561820545,48.300951022502));
#3635 = CARTESIAN_POINT('',(4.772999839885,48.443910793876));
#3636 = CARTESIAN_POINT('',(4.753795064683,48.546048544943));
#3637 = CARTESIAN_POINT('',(4.733404196053,48.6));
#3638 = CARTESIAN_POINT('',(4.703633048332,48.6));
#3639 = CARTESIAN_POINT('',(4.69489665072,48.590634130897));
#3640 = CARTESIAN_POINT('',(4.68624835466,48.571977843211));
#3641 = CARTESIAN_POINT('',(4.677755690604,48.544340139927));
#3642 = CARTESIAN_POINT('',(4.669483378373,48.508258648329));
#3643 = CARTESIAN_POINT('',(4.661491462477,48.464496268192));
#3644 = CARTESIAN_POINT('',(4.653833356731,48.414039396302));
#3645 = ( GEOMETRIC_REPRESENTATION_CONTEXT(2) 
PARAMETRIC_REPRESENTATION_CONTEXT() REPRESENTATION_CONTEXT('2D SPACE',''
  ) );
#3646 = PCURVE('',#3647,#3652);
#3647 = CYLINDRICAL_SURFACE('',#3648,2.6);
#3648 = AXIS2_PLACEMENT_3D('',#3649,#3650,#3651);
#3649 = CARTESIAN_POINT('',(-17.08397111228,18.5,-42.70992778072));
#3650 = DIRECTION('',(0.,-1.,-0.));
#3651 = DIRECTION('',(0.,0.,-1.));
#3652 = DEFINITIONAL_REPRESENTATION('',(#3653),#3716);
#3653 = B_SPLINE_CURVE_WITH_KNOTS('',7,(#3654,#3655,#3656,#3657,#3658,
    #3659,#3660,#3661,#3662,#3663,#3664,#3665,#3666,#3667,#3668,#3669,
    #3670,#3671,#3672,#3673,#3674,#3675,#3676,#3677,#3678,#3679,#3680,
    #3681,#3682,#3683,#3684,#3685,#3686,#3687,#3688,#3689,#3690,#3691,
    #3692,#3693,#3694,#3695,#3696,#3697,#3698,#3699,#3700,#3701,#3702,
    #3703,#3704,#3705,#3706,#3707,#3708,#3709,#3710,#3711,#3712,#3713,
    #3714,#3715),.UNSPECIFIED.,.F.,.F.,(8,6,6,6,6,6,6,6,6,6,8),(0.,
    4.988849744932E-02,0.11561877872,0.197518950377,0.328444172612,
    0.450421799896,0.562351526736,0.700114559645,0.828039821723,
    0.949425139707,1.),.UNSPECIFIED.);
#3654 = CARTESIAN_POINT('',(0.,34.971720802846));
#3655 = CARTESIAN_POINT('',(4.99813887555E-02,34.964647568538));
#3656 = CARTESIAN_POINT('',(9.908307098056E-02,34.956829035965));
#3657 = CARTESIAN_POINT('',(0.147340340322,34.94842957411));
#3658 = CARTESIAN_POINT('',(0.194777498785,34.939612334984));
#3659 = CARTESIAN_POINT('',(0.241409636925,34.930534308392));
#3660 = CARTESIAN_POINT('',(0.28724441404,34.921341376704));
#3661 = CARTESIAN_POINT('',(0.391625253321,34.900070943155));
#3662 = CARTESIAN_POINT('',(0.449658908591,34.887989638496));
#3663 = CARTESIAN_POINT('',(0.506532937042,34.876187392879));
#3664 = CARTESIAN_POINT('',(0.562380850752,34.864884280481));
#3665 = CARTESIAN_POINT('',(0.617326265184,34.854258307071));
#3666 = CARTESIAN_POINT('',(0.671487623365,34.844451204668));
#3667 = CARTESIAN_POINT('',(0.791638256038,34.824513478419));
#3668 = CARTESIAN_POINT('',(0.857274795023,34.814894338725));
#3669 = CARTESIAN_POINT('',(0.922114506973,34.806934713707));
#3670 = CARTESIAN_POINT('',(0.986358035686,34.80078330323));
#3671 = CARTESIAN_POINT('',(1.050197693262,34.796534497704));
#3672 = CARTESIAN_POINT('',(1.113825747679,34.794237280736));
#3673 = CARTESIAN_POINT('',(1.279128251009,34.793355983912));
#3674 = CARTESIAN_POINT('',(1.380639923403,34.797818208502));
#3675 = CARTESIAN_POINT('',(1.482860007073,34.807287006142));
#3676 = CARTESIAN_POINT('',(1.586567455269,34.821504000728));
#3677 = CARTESIAN_POINT('',(1.692594062346,34.839935408766));
#3678 = CARTESIAN_POINT('',(1.801790627514,34.861588536762));
#3679 = CARTESIAN_POINT('',(2.020999592288,34.906479097561));
#3680 = CARTESIAN_POINT('',(2.133379411099,34.930107648904));
#3681 = CARTESIAN_POINT('',(2.250870448161,34.953954405917));
#3682 = CARTESIAN_POINT('',(2.372645148223,34.975402949978));
#3683 = CARTESIAN_POINT('',(2.498302873967,34.991497130025));
#3684 = CARTESIAN_POINT('',(2.627711664876,35.));
#3685 = CARTESIAN_POINT('',(2.88347416167,35.));
#3686 = CARTESIAN_POINT('',(3.002913987874,34.992840298807));
#3687 = CARTESIAN_POINT('',(3.119374749687,34.979142774708));
#3688 = CARTESIAN_POINT('',(3.232611933363,34.96054442062));
#3689 = CARTESIAN_POINT('',(3.342168733878,34.93934193042));
#3690 = CARTESIAN_POINT('',(3.447250937168,34.917711073525));
#3691 = CARTESIAN_POINT('',(3.668620968615,34.872079614681));
#3692 = CARTESIAN_POINT('',(3.785501586711,34.847941483853));
#3693 = CARTESIAN_POINT('',(3.898513931117,34.827017154261));
#3694 = CARTESIAN_POINT('',(4.008671593505,34.810626342859));
#3695 = CARTESIAN_POINT('',(4.116976997747,34.799459994627));
#3696 = CARTESIAN_POINT('',(4.224355021357,34.793863875705));
#3697 = CARTESIAN_POINT('',(4.431731552636,34.793863875705));
#3698 = CARTESIAN_POINT('',(4.531476433036,34.798689384474));
#3699 = CARTESIAN_POINT('',(4.631955915775,34.808323395944));
#3700 = CARTESIAN_POINT('',(4.733911710134,34.822506467696));
#3701 = CARTESIAN_POINT('',(4.838134167302,34.84071841427));
#3702 = CARTESIAN_POINT('',(4.945433889225,34.86200846917));
#3703 = CARTESIAN_POINT('',(5.162600419785,34.906480771449));
#3704 = CARTESIAN_POINT('',(5.274985632807,34.930110523104));
#3705 = CARTESIAN_POINT('',(5.392479604954,34.953957655058));
#3706 = CARTESIAN_POINT('',(5.514254340557,34.975405452624));
#3707 = CARTESIAN_POINT('',(5.639909716527,34.991498258305));
#3708 = CARTESIAN_POINT('',(5.769313138325,35.));
#3709 = CARTESIAN_POINT('',(5.958245421939,35.));
#3710 = CARTESIAN_POINT('',(6.013687930669,34.998524205497));
#3711 = CARTESIAN_POINT('',(6.068844675089,34.995584298606));
#3712 = CARTESIAN_POINT('',(6.123554655298,34.991262080033));
#3713 = CARTESIAN_POINT('',(6.177647317705,34.985705666455));
#3714 = CARTESIAN_POINT('',(6.230931735876,34.979115590434));
#3715 = CARTESIAN_POINT('',(6.28318530718,34.971720802846));
#3716 = ( GEOMETRIC_REPRESENTATION_CONTEXT(2) 
PARAMETRIC_REPRESENTATION_CONTEXT() REPRESENTATION_CONTEXT('2D SPACE',''
  ) );
#3717 = ADVANCED_FACE('',(#3718,#3934,#4357),#492,.T.);
#3718 = FACE_BOUND('',#3719,.T.);
#3719 = EDGE_LOOP('',(#3720,#3752,#3775,#3802,#3803,#3835,#3901,#3902,
    #3903,#3904));
#3720 = ORIENTED_EDGE('',*,*,#3721,.F.);
#3721 = EDGE_CURVE('',#3722,#3724,#3726,.T.);
#3722 = VERTEX_POINT('',#3723);
#3723 = CARTESIAN_POINT('',(-25.43176801364,3.360872720483,
    -12.54260044183));
#3724 = VERTEX_POINT('',#3725);
#3725 = CARTESIAN_POINT('',(-26.00737696467,4.776719465552,
    -12.53060448226));
#3726 = SURFACE_CURVE('',#3727,(#3732,#3742),.PCURVE_S1.);
#3727 = ELLIPSE('',#3728,29.261181693942,6.);
#3728 = AXIS2_PLACEMENT_3D('',#3729,#3730,#3731);
#3729 = CARTESIAN_POINT('',(0.,0.,0.));
#3730 = DIRECTION('',(0.454383062919,0.192098199981,-0.86984729332));
#3731 = DIRECTION('',(-0.88880132172,0.163244243364,-0.428233029456));
#3732 = PCURVE('',#492,#3733);
#3733 = DEFINITIONAL_REPRESENTATION('',(#3734),#3741);
#3734 = B_SPLINE_CURVE_WITH_KNOTS('',5,(#3735,#3736,#3737,#3738,#3739,
    #3740),.UNSPECIFIED.,.F.,.F.,(6,6),(6.058179249356,6.28318530718),
  .PIECEWISE_BEZIER_KNOTS.);
#3735 = CARTESIAN_POINT('',(6.28318530718,27.9175055402));
#3736 = CARTESIAN_POINT('',(6.238184095615,28.205054614618));
#3737 = CARTESIAN_POINT('',(6.19318288405,28.421933809943));
#3738 = CARTESIAN_POINT('',(6.148181672485,28.566929227915));
#3739 = CARTESIAN_POINT('',(6.103180460921,28.639426567686));
#3740 = CARTESIAN_POINT('',(6.058179249356,28.639426567686));
#3741 = ( GEOMETRIC_REPRESENTATION_CONTEXT(2) 
PARAMETRIC_REPRESENTATION_CONTEXT() REPRESENTATION_CONTEXT('2D SPACE',''
  ) );
#3742 = PCURVE('',#2169,#3743);
#3743 = DEFINITIONAL_REPRESENTATION('',(#3744),#3751);
#3744 = B_SPLINE_CURVE_WITH_KNOTS('',5,(#3745,#3746,#3747,#3748,#3749,
    #3750),.UNSPECIFIED.,.F.,.F.,(6,6),(6.058179249356,6.28318530718),
  .PIECEWISE_BEZIER_KNOTS.);
#3745 = CARTESIAN_POINT('',(2.758222855819,27.9175055402));
#3746 = CARTESIAN_POINT('',(2.803224067384,28.205054614618));
#3747 = CARTESIAN_POINT('',(2.848225278949,28.421933809943));
#3748 = CARTESIAN_POINT('',(2.893226490513,28.566929227915));
#3749 = CARTESIAN_POINT('',(2.938227702078,28.639426567686));
#3750 = CARTESIAN_POINT('',(2.983228913643,28.639426567686));
#3751 = ( GEOMETRIC_REPRESENTATION_CONTEXT(2) 
PARAMETRIC_REPRESENTATION_CONTEXT() REPRESENTATION_CONTEXT('2D SPACE',''
  ) );
#3752 = ORIENTED_EDGE('',*,*,#3753,.T.);
#3753 = EDGE_CURVE('',#3722,#3754,#3756,.T.);
#3754 = VERTEX_POINT('',#3755);
#3755 = CARTESIAN_POINT('',(-36.10517241254,4.695048270345,
    -15.21095154156));
#3756 = SEAM_CURVE('',#3757,(#3761,#3768),.PCURVE_S1.);
#3757 = LINE('',#3758,#3759);
#3758 = CARTESIAN_POINT('',(1.455213750218,0.,-5.820855000872));
#3759 = VECTOR('',#3760,1.);
#3760 = DIRECTION('',(-0.963086824686,0.120385853086,-0.240771706172));
#3761 = PCURVE('',#492,#3762);
#3762 = DEFINITIONAL_REPRESENTATION('',(#3763),#3767);
#3763 = LINE('',#3764,#3765);
#3764 = CARTESIAN_POINT('',(0.,-0.));
#3765 = VECTOR('',#3766,1.);
#3766 = DIRECTION('',(0.,1.));
#3767 = ( GEOMETRIC_REPRESENTATION_CONTEXT(2) 
PARAMETRIC_REPRESENTATION_CONTEXT() REPRESENTATION_CONTEXT('2D SPACE',''
  ) );
#3768 = PCURVE('',#492,#3769);
#3769 = DEFINITIONAL_REPRESENTATION('',(#3770),#3774);
#3770 = LINE('',#3771,#3772);
#3771 = CARTESIAN_POINT('',(6.28318530718,-0.));
#3772 = VECTOR('',#3773,1.);
#3773 = DIRECTION('',(0.,1.));
#3774 = ( GEOMETRIC_REPRESENTATION_CONTEXT(2) 
PARAMETRIC_REPRESENTATION_CONTEXT() REPRESENTATION_CONTEXT('2D SPACE',''
  ) );
#3775 = ORIENTED_EDGE('',*,*,#3776,.F.);
#3776 = EDGE_CURVE('',#3754,#3754,#3777,.T.);
#3777 = SURFACE_CURVE('',#3778,(#3783,#3790),.PCURVE_S1.);
#3778 = CIRCLE('',#3779,6.);
#3779 = AXIS2_PLACEMENT_3D('',#3780,#3781,#3782);
#3780 = CARTESIAN_POINT('',(-37.56038616276,4.695048270345,
    -9.39009654069));
#3781 = DIRECTION('',(-0.963086824686,0.120385853086,-0.240771706172));
#3782 = DIRECTION('',(0.242535625036,0.,-0.970142500145));
#3783 = PCURVE('',#492,#3784);
#3784 = DEFINITIONAL_REPRESENTATION('',(#3785),#3789);
#3785 = LINE('',#3786,#3787);
#3786 = CARTESIAN_POINT('',(0.,39.));
#3787 = VECTOR('',#3788,1.);
#3788 = DIRECTION('',(1.,0.));
#3789 = ( GEOMETRIC_REPRESENTATION_CONTEXT(2) 
PARAMETRIC_REPRESENTATION_CONTEXT() REPRESENTATION_CONTEXT('2D SPACE',''
  ) );
#3790 = PCURVE('',#3791,#3796);
#3791 = PLANE('',#3792);
#3792 = AXIS2_PLACEMENT_3D('',#3793,#3794,#3795);
#3793 = CARTESIAN_POINT('',(-37.56038616276,4.695048270345,
    -9.39009654069));
#3794 = DIRECTION('',(-0.963086824686,0.120385853086,-0.240771706172));
#3795 = DIRECTION('',(0.242535625036,0.,-0.970142500145));
#3796 = DEFINITIONAL_REPRESENTATION('',(#3797),#3801);
#3797 = CIRCLE('',#3798,6.);
#3798 = AXIS2_PLACEMENT_2D('',#3799,#3800);
#3799 = CARTESIAN_POINT('',(0.,0.));
#3800 = DIRECTION('',(1.,0.));
#3801 = ( GEOMETRIC_REPRESENTATION_CONTEXT(2) 
PARAMETRIC_REPRESENTATION_CONTEXT() REPRESENTATION_CONTEXT('2D SPACE',''
  ) );
#3802 = ORIENTED_EDGE('',*,*,#3753,.F.);
#3803 = ORIENTED_EDGE('',*,*,#3804,.F.);
#3804 = EDGE_CURVE('',#3805,#3722,#3807,.T.);
#3805 = VERTEX_POINT('',#3806);
#3806 = CARTESIAN_POINT('',(-22.31017486544,1.010003094906,
    -11.43113956182));
#3807 = SURFACE_CURVE('',#3808,(#3813,#3824),.PCURVE_S1.);
#3808 = ELLIPSE('',#3809,29.261181693942,6.);
#3809 = AXIS2_PLACEMENT_3D('',#3810,#3811,#3812);
#3810 = CARTESIAN_POINT('',(0.,0.,0.));
#3811 = DIRECTION('',(0.454383062919,0.192098199981,-0.86984729332));
#3812 = DIRECTION('',(-0.88880132172,0.163244243364,-0.428233029456));
#3813 = PCURVE('',#492,#3814);
#3814 = DEFINITIONAL_REPRESENTATION('',(#3815),#3823);
#3815 = B_SPLINE_CURVE_WITH_KNOTS('',6,(#3816,#3817,#3818,#3819,#3820,
    #3821,#3822),.UNSPECIFIED.,.F.,.F.,(7,7),(5.549454045483,
    6.058179249356),.PIECEWISE_BEZIER_KNOTS.);
#3816 = CARTESIAN_POINT('',(0.508725203873,21.269956694647));
#3817 = CARTESIAN_POINT('',(0.423937669894,22.896034153822));
#3818 = CARTESIAN_POINT('',(0.339150135915,24.338621701939));
#3819 = CARTESIAN_POINT('',(0.254362601936,25.576678825707));
#3820 = CARTESIAN_POINT('',(0.169575067958,26.59311738968));
#3821 = CARTESIAN_POINT('',(8.478753397887E-02,27.37572952862));
#3822 = CARTESIAN_POINT('',(6.158037043254E-14,27.9175055402));
#3823 = ( GEOMETRIC_REPRESENTATION_CONTEXT(2) 
PARAMETRIC_REPRESENTATION_CONTEXT() REPRESENTATION_CONTEXT('2D SPACE',''
  ) );
#3824 = PCURVE('',#2169,#3825);
#3825 = DEFINITIONAL_REPRESENTATION('',(#3826),#3834);
#3826 = B_SPLINE_CURVE_WITH_KNOTS('',6,(#3827,#3828,#3829,#3830,#3831,
    #3832,#3833),.UNSPECIFIED.,.F.,.F.,(7,7),(5.549454045483,
    6.058179249356),.PIECEWISE_BEZIER_KNOTS.);
#3827 = CARTESIAN_POINT('',(2.249497651946,21.269956694647));
#3828 = CARTESIAN_POINT('',(2.334285185925,22.896034153822));
#3829 = CARTESIAN_POINT('',(2.419072719904,24.338621701938));
#3830 = CARTESIAN_POINT('',(2.503860253883,25.576678825708));
#3831 = CARTESIAN_POINT('',(2.588647787862,26.593117389679));
#3832 = CARTESIAN_POINT('',(2.67343532184,27.37572952862));
#3833 = CARTESIAN_POINT('',(2.758222855819,27.9175055402));
#3834 = ( GEOMETRIC_REPRESENTATION_CONTEXT(2) 
PARAMETRIC_REPRESENTATION_CONTEXT() REPRESENTATION_CONTEXT('2D SPACE',''
  ) );
#3835 = ORIENTED_EDGE('',*,*,#3836,.T.);
#3836 = EDGE_CURVE('',#3805,#1517,#3837,.T.);
#3837 = SURFACE_CURVE('',#3838,(#3857,#3879),.PCURVE_S1.);
#3838 = B_SPLINE_CURVE_WITH_KNOTS('',5,(#3839,#3840,#3841,#3842,#3843,
    #3844,#3845,#3846,#3847,#3848,#3849,#3850,#3851,#3852,#3853,#3854,
    #3855,#3856),.UNSPECIFIED.,.F.,.F.,(6,4,4,4,6),(0.,0.156073097153,
    0.42988771673,0.589128280967,1.),.UNSPECIFIED.);
#3839 = CARTESIAN_POINT('',(-22.17536148759,2.953821904727,
    -11.72849881032));
#3840 = CARTESIAN_POINT('',(-22.19724175074,2.853338901362,
    -11.73396887611));
#3841 = CARTESIAN_POINT('',(-22.21741643486,2.751672483822,
    -11.7367577905));
#3842 = CARTESIAN_POINT('',(-22.23573547604,2.649166653414,
    -11.73674916274));
#3843 = CARTESIAN_POINT('',(-22.25209870409,2.546166703879,
    -11.73389304884));
#3844 = CARTESIAN_POINT('',(-22.29164400428,2.262057292699,
    -11.71822850892));
#3845 = CARTESIAN_POINT('',(-22.3106054332,2.081017857816,
    -11.69955827523));
#3846 = CARTESIAN_POINT('',(-22.32315466894,1.901520312924,
    -11.67234172973));
#3847 = CARTESIAN_POINT('',(-22.32950906845,1.725232932019,
    -11.63725676217));
#3848 = CARTESIAN_POINT('',(-22.33072045659,1.454216071115,
    -11.57125628337));
#3849 = CARTESIAN_POINT('',(-22.32927612828,1.356124571384,
    -11.5447144744));
#3850 = CARTESIAN_POINT('',(-22.32605453797,1.25971100973,
    -11.51607465465));
#3851 = CARTESIAN_POINT('',(-22.3211779409,1.165086933067,
    -11.48552448017));
#3852 = CARTESIAN_POINT('',(-22.29826610888,0.833116307355,
    -11.37002846673));
#3853 = CARTESIAN_POINT('',(-22.27163063749,0.60675803341,
    -11.27549505966));
#3854 = CARTESIAN_POINT('',(-22.2370256891,0.392927397312,
    -11.17239354728));
#3855 = CARTESIAN_POINT('',(-22.19615343313,0.190957853087,
    -11.06277392398));
#3856 = CARTESIAN_POINT('',(-22.15027135362,0.,-10.9480687252));
#3857 = PCURVE('',#492,#3858);
#3858 = DEFINITIONAL_REPRESENTATION('',(#3859),#3878);
#3859 = B_SPLINE_CURVE_WITH_KNOTS('',5,(#3860,#3861,#3862,#3863,#3864,
    #3865,#3866,#3867,#3868,#3869,#3870,#3871,#3872,#3873,#3874,#3875,
    #3876,#3877),.UNSPECIFIED.,.F.,.F.,(6,4,4,4,6),(0.,0.156073097153,
    0.42988771673,0.589128280967,1.),.UNSPECIFIED.);
#3860 = CARTESIAN_POINT('',(0.,24.536287520615));
#3861 = CARTESIAN_POINT('',(1.707789161145E-02,24.546580418769));
#3862 = CARTESIAN_POINT('',(3.430524700815E-02,24.554442684505));
#3863 = CARTESIAN_POINT('',(5.163240060732E-02,24.559743182544));
#3864 = CARTESIAN_POINT('',(6.901095840452E-02,24.562414983683));
#3865 = CARTESIAN_POINT('',(0.116890249256,24.562526209427));
#3866 = CARTESIAN_POINT('',(0.147336133372,24.554497860973));
#3867 = CARTESIAN_POINT('',(0.177518065272,24.538421925406));
#3868 = CARTESIAN_POINT('',(0.207217660598,24.514871789611));
#3869 = CARTESIAN_POINT('',(0.253032976758,24.467520817684));
#3870 = CARTESIAN_POINT('',(0.269649711142,24.447930458613));
#3871 = CARTESIAN_POINT('',(0.286025528929,24.4263253003));
#3872 = CARTESIAN_POINT('',(0.302148013101,24.402881696085));
#3873 = CARTESIAN_POINT('',(0.358912087085,24.313042873347));
#3874 = CARTESIAN_POINT('',(0.397999524755,24.237379298162));
#3875 = CARTESIAN_POINT('',(0.435405783586,24.153485617712));
#3876 = CARTESIAN_POINT('',(0.471262899418,24.063414506883));
#3877 = CARTESIAN_POINT('',(0.505719511517,23.968619690153));
#3878 = ( GEOMETRIC_REPRESENTATION_CONTEXT(2) 
PARAMETRIC_REPRESENTATION_CONTEXT() REPRESENTATION_CONTEXT('2D SPACE',''
  ) );
#3879 = PCURVE('',#1606,#3880);
#3880 = DEFINITIONAL_REPRESENTATION('',(#3881),#3900);
#3881 = B_SPLINE_CURVE_WITH_KNOTS('',5,(#3882,#3883,#3884,#3885,#3886,
    #3887,#3888,#3889,#3890,#3891,#3892,#3893,#3894,#3895,#3896,#3897,
    #3898,#3899),.UNSPECIFIED.,.F.,.F.,(6,4,4,4,6),(0.,0.156073097153,
    0.42988771673,0.589128280967,1.),.UNSPECIFIED.);
#3882 = CARTESIAN_POINT('',(0.179989770693,19.125360265739));
#3883 = CARTESIAN_POINT('',(0.173799897545,19.138565220051));
#3884 = CARTESIAN_POINT('',(0.167545843844,19.148647351636));
#3885 = CARTESIAN_POINT('',(0.161248649831,19.155442862057));
#3886 = CARTESIAN_POINT('',(0.154929186158,19.15886817721));
#3887 = CARTESIAN_POINT('',(0.137518535779,19.159010772794));
#3888 = CARTESIAN_POINT('',(0.126447182538,19.148717993919));
#3889 = CARTESIAN_POINT('',(0.115490339799,19.128108734959));
#3890 = CARTESIAN_POINT('',(0.10474569315,19.097893125108));
#3891 = CARTESIAN_POINT('',(8.824710488126E-02,19.037063117224));
#3892 = CARTESIAN_POINT('',(8.227997949687E-02,19.011883256189));
#3893 = CARTESIAN_POINT('',(7.641859982534E-02,18.98409538252));
#3894 = CARTESIAN_POINT('',(7.066907592427E-02,18.953919134927));
#3895 = CARTESIAN_POINT('',(5.050701755403E-02,18.838174537765));
#3896 = CARTESIAN_POINT('',(3.677645513134E-02,18.740510307056));
#3897 = CARTESIAN_POINT('',(2.381377819801E-02,18.631931000832));
#3898 = CARTESIAN_POINT('',(1.157320321737E-02,18.514972160947));
#3899 = CARTESIAN_POINT('',(0.,18.391430881016));
#3900 = ( GEOMETRIC_REPRESENTATION_CONTEXT(2) 
PARAMETRIC_REPRESENTATION_CONTEXT() REPRESENTATION_CONTEXT('2D SPACE',''
  ) );
#3901 = ORIENTED_EDGE('',*,*,#1516,.T.);
#3902 = ORIENTED_EDGE('',*,*,#422,.T.);
#3903 = ORIENTED_EDGE('',*,*,#3200,.T.);
#3904 = ORIENTED_EDGE('',*,*,#3905,.F.);
#3905 = EDGE_CURVE('',#3724,#2908,#3906,.T.);
#3906 = SURFACE_CURVE('',#3907,(#3912,#3923),.PCURVE_S1.);
#3907 = ELLIPSE('',#3908,29.261181693942,6.);
#3908 = AXIS2_PLACEMENT_3D('',#3909,#3910,#3911);
#3909 = CARTESIAN_POINT('',(0.,0.,0.));
#3910 = DIRECTION('',(0.454383062919,0.192098199981,-0.86984729332));
#3911 = DIRECTION('',(-0.88880132172,0.163244243364,-0.428233029456));
#3912 = PCURVE('',#492,#3913);
#3913 = DEFINITIONAL_REPRESENTATION('',(#3914),#3922);
#3914 = B_SPLINE_CURVE_WITH_KNOTS('',6,(#3915,#3916,#3917,#3918,#3919,
    #3920,#3921),.UNSPECIFIED.,.F.,.F.,(7,7),(0.,0.733731261697),
  .PIECEWISE_BEZIER_KNOTS.);
#3915 = CARTESIAN_POINT('',(6.058179249356,28.639426567686));
#3916 = CARTESIAN_POINT('',(5.93589070574,28.639426567686));
#3917 = CARTESIAN_POINT('',(5.813602162124,28.125482245544));
#3918 = CARTESIAN_POINT('',(5.691313618507,27.097584976631));
#3919 = CARTESIAN_POINT('',(5.569025074892,25.578820883689));
#3920 = CARTESIAN_POINT('',(5.446736531275,23.615238305729));
#3921 = CARTESIAN_POINT('',(5.324447987659,21.269956694647));
#3922 = ( GEOMETRIC_REPRESENTATION_CONTEXT(2) 
PARAMETRIC_REPRESENTATION_CONTEXT() REPRESENTATION_CONTEXT('2D SPACE',''
  ) );
#3923 = PCURVE('',#2169,#3924);
#3924 = DEFINITIONAL_REPRESENTATION('',(#3925),#3933);
#3925 = B_SPLINE_CURVE_WITH_KNOTS('',6,(#3926,#3927,#3928,#3929,#3930,
    #3931,#3932),.UNSPECIFIED.,.F.,.F.,(7,7),(0.,0.733731261697),
  .PIECEWISE_BEZIER_KNOTS.);
#3926 = CARTESIAN_POINT('',(2.983228913643,28.639426567686));
#3927 = CARTESIAN_POINT('',(3.105517457259,28.639426567686));
#3928 = CARTESIAN_POINT('',(3.227806000875,28.125482245544));
#3929 = CARTESIAN_POINT('',(3.350094544491,27.097584976629));
#3930 = CARTESIAN_POINT('',(3.472383088107,25.57882088369));
#3931 = CARTESIAN_POINT('',(3.594671631723,23.615238305729));
#3932 = CARTESIAN_POINT('',(3.71696017534,21.269956694647));
#3933 = ( GEOMETRIC_REPRESENTATION_CONTEXT(2) 
PARAMETRIC_REPRESENTATION_CONTEXT() REPRESENTATION_CONTEXT('2D SPACE',''
  ) );
#3934 = FACE_BOUND('',#3935,.T.);
#3935 = EDGE_LOOP('',(#3936));
#3936 = ORIENTED_EDGE('',*,*,#3937,.T.);
#3937 = EDGE_CURVE('',#3938,#3938,#3940,.T.);
#3938 = VERTEX_POINT('',#3939);
#3939 = CARTESIAN_POINT('',(-28.58074067073,-2.430124192395,
    -7.704694597489));
#3940 = SURFACE_CURVE('',#3941,(#4076,#4214),.PCURVE_S1.);
#3941 = B_SPLINE_CURVE_WITH_KNOTS('',7,(#3942,#3943,#3944,#3945,#3946,
    #3947,#3948,#3949,#3950,#3951,#3952,#3953,#3954,#3955,#3956,#3957,
    #3958,#3959,#3960,#3961,#3962,#3963,#3964,#3965,#3966,#3967,#3968,
    #3969,#3970,#3971,#3972,#3973,#3974,#3975,#3976,#3977,#3978,#3979,
    #3980,#3981,#3982,#3983,#3984,#3985,#3986,#3987,#3988,#3989,#3990,
    #3991,#3992,#3993,#3994,#3995,#3996,#3997,#3998,#3999,#4000,#4001,
    #4002,#4003,#4004,#4005,#4006,#4007,#4008,#4009,#4010,#4011,#4012,
    #4013,#4014,#4015,#4016,#4017,#4018,#4019,#4020,#4021,#4022,#4023,
    #4024,#4025,#4026,#4027,#4028,#4029,#4030,#4031,#4032,#4033,#4034,
    #4035,#4036,#4037,#4038,#4039,#4040,#4041,#4042,#4043,#4044,#4045,
    #4046,#4047,#4048,#4049,#4050,#4051,#4052,#4053,#4054,#4055,#4056,
    #4057,#4058,#4059,#4060,#4061,#4062,#4063,#4064,#4065,#4066,#4067,
    #4068,#4069,#4070,#4071,#4072,#4073,#4074,#4075),.UNSPECIFIED.,.T.,
  .F.,(8,6,6,6,6,6,6,6,6,6,6,6,6,6,6,6,6,6,6,6,6,6,8),(0.,
    3.743067766757E-02,6.199475379339E-02,8.033308434453E-02,
    9.394415706202E-02,0.135294393605,0.174005091325,0.217772069293,
    0.300481282745,0.359669828672,0.40854318136,0.467158243333,
    0.527042088618,0.554422545943,0.590970478114,0.634725394349,
    0.674473724725,0.718151323446,0.762307142586,0.800945105338,
    0.881250753578,0.909076456,1.),.UNSPECIFIED.);
#3942 = CARTESIAN_POINT('',(-28.58074067073,-2.430124192389,
    -7.704694597489));
#3943 = CARTESIAN_POINT('',(-28.57901487364,-2.416317815644,
    -7.82290854907));
#3944 = CARTESIAN_POINT('',(-28.58240143318,-2.399595428645,
    -7.939437319759));
#3945 = CARTESIAN_POINT('',(-28.59065360454,-2.380232189353,
    -8.05398693243));
#3946 = CARTESIAN_POINT('',(-28.60351373874,-2.358520792254,
    -8.166284500396));
#3947 = CARTESIAN_POINT('',(-28.62071041142,-2.334766257166,
    -8.276077662758));
#3948 = CARTESIAN_POINT('',(-28.6419555517,-2.309280718042,
    -8.383134019748));
#3949 = CARTESIAN_POINT('',(-28.68333877553,-2.264723302678,
    -8.555561029724));
#3950 = CARTESIAN_POINT('',(-28.7013601277,-2.246443982164,
    -8.622665682696));
#3951 = CARTESIAN_POINT('',(-28.72093551649,-2.227614286134,
    -8.688541260024));
#3952 = CARTESIAN_POINT('',(-28.74199878992,-2.208304968787,
    -8.75317742294));
#3953 = CARTESIAN_POINT('',(-28.76448775507,-2.188583502626,
    -8.81656676088));
#3954 = CARTESIAN_POINT('',(-28.78834417801,-2.16851407846,
    -8.87870479148));
#3955 = CARTESIAN_POINT('',(-28.83230417309,-2.132960464265,
    -8.985043831946));
#3956 = CARTESIAN_POINT('',(-28.85182754983,-2.117602435436,
    -9.029802061147));
#3957 = CARTESIAN_POINT('',(-28.87206237528,-2.102108044245,
    -9.073865980689));
#3958 = CARTESIAN_POINT('',(-28.89298848003,-2.086500811025,
    -9.1172373857));
#3959 = CARTESIAN_POINT('',(-28.91458706399,-2.070803251117,
    -9.159918533929));
#3960 = CARTESIAN_POINT('',(-28.93684069647,-2.055036874866,
    -9.20191214574));
#3961 = CARTESIAN_POINT('',(-28.97672467255,-2.027484213035,
    -9.273881955149));
#3962 = CARTESIAN_POINT('',(-28.99406797046,-2.015719681538,
    -9.304165371028));
#3963 = CARTESIAN_POINT('',(-29.01175661529,-2.00393700748,
    -9.334072866111));
#3964 = CARTESIAN_POINT('',(-29.02978432822,-1.992144382836,
    -9.363605631108));
#3965 = CARTESIAN_POINT('',(-29.04814514619,-1.980349777217,
    -9.392764833084));
#3966 = CARTESIAN_POINT('',(-29.0668334219,-1.968560937863,
    -9.421551615462));
#3967 = CARTESIAN_POINT('',(-29.14359714211,-1.921011449259,
    -9.536292911522));
#3968 = CARTESIAN_POINT('',(-29.20433193986,-1.885354862469,
    -9.619204941157));
#3969 = CARTESIAN_POINT('',(-29.26789347712,-1.850031315412,
    -9.698721531171));
#3970 = CARTESIAN_POINT('',(-29.33414602632,-1.815240789487,
    -9.774858105574));
#3971 = CARTESIAN_POINT('',(-29.40297271759,-1.781168060731,
    -9.847626960688));
#3972 = CARTESIAN_POINT('',(-29.47427538401,-1.747983199193,
    -9.917037057713));
#3973 = CARTESIAN_POINT('',(-29.61696894817,-1.685752624907,
    -10.04493392523));
#3974 = CARTESIAN_POINT('',(-29.68806282077,-1.656578312445,
    -10.10383420909));
#3975 = CARTESIAN_POINT('',(-29.76116087583,-1.628460246489,
    -10.15977161896));
#3976 = CARTESIAN_POINT('',(-29.83617313583,-1.60152797975,
    -10.21272372485));
#3977 = CARTESIAN_POINT('',(-29.9130147749,-1.575898656452,
    -10.26266787973));
#3978 = CARTESIAN_POINT('',(-29.99160609915,-1.551676166689,
    -10.30958038466));
#3979 = CARTESIAN_POINT('',(-30.16262312514,-1.50325604752,
    -10.40301917242));
#3980 = CARTESIAN_POINT('',(-30.25551107712,-1.479475928953,
    -10.44869245616));
#3981 = CARTESIAN_POINT('',(-30.35038143491,-1.457753383729,
    -10.49039323901));
#3982 = CARTESIAN_POINT('',(-30.44707797576,-1.438202958099,
    -10.52806614384));
#3983 = CARTESIAN_POINT('',(-30.5454432553,-1.420909138451,
    -10.56166138604));
#3984 = CARTESIAN_POINT('',(-30.64531866082,-1.40592518381,
    -10.59113347705));
#3985 = CARTESIAN_POINT('',(-30.93783723793,-1.369360361672,
    -10.66426312133));
#3986 = CARTESIAN_POINT('',(-31.13359358994,-1.353817453315,
    -10.69712047146));
#3987 = CARTESIAN_POINT('',(-31.33285672379,-1.346713454965,
    -10.71486207949));
#3988 = CARTESIAN_POINT('',(-31.53461276291,-1.34776596305,
    -10.71729185209));
#3989 = CARTESIAN_POINT('',(-31.73774630987,-1.356348081269,
    -10.70417452988));
#3990 = CARTESIAN_POINT('',(-31.94099592622,-1.371529517006,
    -10.67527415259));
#3991 = CARTESIAN_POINT('',(-32.28740338477,-1.40690757539,
    -10.59832816977));
#3992 = CARTESIAN_POINT('',(-32.43134077926,-1.424463304718,
    -10.55803599572));
#3993 = CARTESIAN_POINT('',(-32.5744395765,-1.444426526314,
    -10.50940525572));
#3994 = CARTESIAN_POINT('',(-32.71636368051,-1.466372746996,
    -10.45222523605));
#3995 = CARTESIAN_POINT('',(-32.85669753211,-1.489835911316,
    -10.38622672331));
#3996 = CARTESIAN_POINT('',(-32.99492060142,-1.514300029146,
    -10.31109203552));
#3997 = CARTESIAN_POINT('',(-33.24223539446,-1.559743691732,
    -10.1565865946));
#3998 = CARTESIAN_POINT('',(-33.35230496076,-1.580605362472,
    -10.08017412006));
#3999 = CARTESIAN_POINT('',(-33.4601914157,-1.601449621733,
    -9.997023067133));
#4000 = CARTESIAN_POINT('',(-33.56542807153,-1.621916677047,
    -9.906921434702));
#4001 = CARTESIAN_POINT('',(-33.66746981951,-1.641614185595,
    -9.809659913956));
#4002 = CARTESIAN_POINT('',(-33.76568223324,-1.660118302575,
    -9.705042019313));
#4003 = CARTESIAN_POINT('',(-33.9716456399,-1.697191073591,
    -9.458392494371));
#4004 = CARTESIAN_POINT('',(-34.0781829046,-1.715179580091,
    -9.312117489632));
#4005 = CARTESIAN_POINT('',(-34.17632767018,-1.729886121933,
    -9.154909758917));
#4006 = CARTESIAN_POINT('',(-34.26391207459,-1.740357554775,
    -8.987935519967));
#4007 = CARTESIAN_POINT('',(-34.33919799844,-1.745869674672,
    -8.812624743504));
#4008 = CARTESIAN_POINT('',(-34.4008770858,-1.746001728223,
    -8.63061337585));
#4009 = CARTESIAN_POINT('',(-34.49632079692,-1.735197540435,
    -8.25271985911));
#4010 = CARTESIAN_POINT('',(-34.52879329897,-1.724096240782,
    -8.059231799952));
#4011 = CARTESIAN_POINT('',(-34.54533812842,-1.707532182538,
    -7.865356368574));
#4012 = CARTESIAN_POINT('',(-34.54632078058,-1.686043449368,
    -7.673296392344));
#4013 = CARTESIAN_POINT('',(-34.53264913648,-1.660505087983,
    -7.485263014436));
#4014 = CARTESIAN_POINT('',(-34.50580260093,-1.632042977084,
    -7.303421200122));
#4015 = CARTESIAN_POINT('',(-34.45054202577,-1.588094644436,
    -7.050480570395));
#4016 = CARTESIAN_POINT('',(-34.43082220723,-1.573898258631,
    -6.972544099273));
#4017 = CARTESIAN_POINT('',(-34.40885005402,-1.55937533636,
    -6.896072470093));
#4018 = CARTESIAN_POINT('',(-34.3847486352,-1.544603983134,
    -6.82109745866));
#4019 = CARTESIAN_POINT('',(-34.35863549967,-1.529659602518,
    -6.747645322385));
#4020 = CARTESIAN_POINT('',(-34.3306227534,-1.514614502801,
    -6.675736979537));
#4021 = CARTESIAN_POINT('',(-34.26103205731,-1.479412451159,
    -6.511485343332));
#4022 = CARTESIAN_POINT('',(-34.21804471814,-1.459226533183,
    -6.420342437694));
#4023 = CARTESIAN_POINT('',(-34.17208696354,-1.439133954504,
    -6.331954498125));
#4024 = CARTESIAN_POINT('',(-34.12336669062,-1.419278437122,
    -6.246310028084));
#4025 = CARTESIAN_POINT('',(-34.07206792825,-1.399793818452,
    -6.16339134242));
#4026 = CARTESIAN_POINT('',(-34.01835091632,-1.380804649511,
    -6.083174901855));
#4027 = CARTESIAN_POINT('',(-33.89531091436,-1.340424958234,
    -5.912797432291));
#4028 = CARTESIAN_POINT('',(-33.82499198189,-1.319296910815,
    -5.823784360258));
#4029 = CARTESIAN_POINT('',(-33.75164336892,-1.299247737326,
    -5.738568582654));
#4030 = CARTESIAN_POINT('',(-33.6754842121,-1.280469083126,
    -5.657129654833));
#4031 = CARTESIAN_POINT('',(-33.59670519309,-1.263139865629,
    -5.579450793558));
#4032 = CARTESIAN_POINT('',(-33.5154689285,-1.247426987486,
    -5.505519134331));
#4033 = CARTESIAN_POINT('',(-33.3560031501,-1.220821667219,
    -5.371560346331));
#4034 = CARTESIAN_POINT('',(-33.2781816175,-1.209619971977,
    -5.310881942485));
#4035 = CARTESIAN_POINT('',(-33.19858303305,-1.200003823652,
    -5.253315295319));
#4036 = CARTESIAN_POINT('',(-33.11733594414,-1.192085198898,
    -5.198884253887));
#4037 = CARTESIAN_POINT('',(-33.03455996533,-1.185964264526,
    -5.147612937353));
#4038 = CARTESIAN_POINT('',(-32.95036556921,-1.181728450605,
    -5.099526674183));
#4039 = CARTESIAN_POINT('',(-32.7708890408,-1.176949513936,-5.0053432753
    ));
#4040 = CARTESIAN_POINT('',(-32.67533886824,-1.176812866853,
    -4.959915500617));
#4041 = CARTESIAN_POINT('',(-32.57838678798,-1.179140963581,
    -4.918431205954));
#4042 = CARTESIAN_POINT('',(-32.48021046402,-1.184005248292,
    -4.880945181714));
#4043 = CARTESIAN_POINT('',(-32.38098145712,-1.191448133529,
    -4.847506686962));
#4044 = CARTESIAN_POINT('',(-32.28086488604,-1.201481905658,
    -4.818160716343));
#4045 = CARTESIAN_POINT('',(-32.07806914369,-1.226831373451,
    -4.767461780757));
#4046 = CARTESIAN_POINT('',(-31.97540707029,-1.242199547451,
    -4.746208136292));
#4047 = CARTESIAN_POINT('',(-31.87219706184,-1.260170690297,
    -4.729226772685));
#4048 = CARTESIAN_POINT('',(-31.76860326242,-1.280689884118,
    -4.716554851865));
#4049 = CARTESIAN_POINT('',(-31.66479036214,-1.303669890388,
    -4.708226968707));
#4050 = CARTESIAN_POINT('',(-31.56092419241,-1.328992285112,
    -4.704273861124));
#4051 = CARTESIAN_POINT('',(-31.36638562529,-1.380586374459,
    -4.705112488225));
#4052 = CARTESIAN_POINT('',(-31.27568945304,-1.406343299647,
    -4.708873123622));
#4053 = CARTESIAN_POINT('',(-31.18515946035,-1.43368987678,
    -4.716020091759));
#4054 = CARTESIAN_POINT('',(-31.09487473461,-1.462522963234,
    -4.72657527509));
#4055 = CARTESIAN_POINT('',(-31.00491820316,-1.492726544805,
    -4.740564613002));
#4056 = CARTESIAN_POINT('',(-30.91537704169,-1.524172513943,
    -4.758017341707));
#4057 = CARTESIAN_POINT('',(-30.64129373473,-1.624371579167,
    -4.822503608335));
#4058 = CARTESIAN_POINT('',(-30.45860692008,-1.696724119103,
    -4.881100519663));
#4059 = CARTESIAN_POINT('',(-30.2786459477,-1.772675761024,
    -4.955097431011));
#4060 = CARTESIAN_POINT('',(-30.10194236842,-1.85098344992,
    -5.045100528287));
#4061 = CARTESIAN_POINT('',(-29.92930229633,-1.930178547759,
    -5.151922559227));
#4062 = CARTESIAN_POINT('',(-29.76192158083,-2.008486779674,
    -5.276516695417));
#4063 = CARTESIAN_POINT('',(-29.54592756595,-2.10983384765,
    -5.469585204741));
#4064 = CARTESIAN_POINT('',(-29.49116377235,-2.135557221068,
    -5.521540462267));
#4065 = CARTESIAN_POINT('',(-29.43730376772,-2.160827980398,
    -5.575801760044));
#4066 = CARTESIAN_POINT('',(-29.38443950267,-2.1855447325,
    -5.632400340242));
#4067 = CARTESIAN_POINT('',(-29.33266981271,-2.209601161176,
    -5.6913650075));
#4068 = CARTESIAN_POINT('',(-29.28210067191,-2.232886396261,
    -5.752722019176));
#4069 = CARTESIAN_POINT('',(-29.07189857915,-2.32847653527,
    -6.024880126907));
#4070 = CARTESIAN_POINT('',(-28.920730328,-2.394137668805,
    -6.264563912878));
#4071 = CARTESIAN_POINT('',(-28.79065311536,-2.444620098994,
    -6.531037496196));
#4072 = CARTESIAN_POINT('',(-28.6890304257,-2.474121947276,
    -6.817410795047));
#4073 = CARTESIAN_POINT('',(-28.62012441299,-2.480177301323,
    -7.114914267532));
#4074 = CARTESIAN_POINT('',(-28.58498506097,-2.464079314331,
    -7.413961611205));
#4075 = CARTESIAN_POINT('',(-28.58074067073,-2.430124192389,
    -7.704694597489));
#4076 = PCURVE('',#492,#4077);
#4077 = DEFINITIONAL_REPRESENTATION('',(#4078),#4213);
#4078 = B_SPLINE_CURVE_WITH_KNOTS('',7,(#4079,#4080,#4081,#4082,#4083,
    #4084,#4085,#4086,#4087,#4088,#4089,#4090,#4091,#4092,#4093,#4094,
    #4095,#4096,#4097,#4098,#4099,#4100,#4101,#4102,#4103,#4104,#4105,
    #4106,#4107,#4108,#4109,#4110,#4111,#4112,#4113,#4114,#4115,#4116,
    #4117,#4118,#4119,#4120,#4121,#4122,#4123,#4124,#4125,#4126,#4127,
    #4128,#4129,#4130,#4131,#4132,#4133,#4134,#4135,#4136,#4137,#4138,
    #4139,#4140,#4141,#4142,#4143,#4144,#4145,#4146,#4147,#4148,#4149,
    #4150,#4151,#4152,#4153,#4154,#4155,#4156,#4157,#4158,#4159,#4160,
    #4161,#4162,#4163,#4164,#4165,#4166,#4167,#4168,#4169,#4170,#4171,
    #4172,#4173,#4174,#4175,#4176,#4177,#4178,#4179,#4180,#4181,#4182,
    #4183,#4184,#4185,#4186,#4187,#4188,#4189,#4190,#4191,#4192,#4193,
    #4194,#4195,#4196,#4197,#4198,#4199,#4200,#4201,#4202,#4203,#4204,
    #4205,#4206,#4207,#4208,#4209,#4210,#4211,#4212),.UNSPECIFIED.,.F.,
  .F.,(8,6,6,6,6,6,6,6,6,6,6,6,6,6,6,6,6,6,6,6,6,6,8),(0.,
    3.743067766757E-02,6.199475379339E-02,8.033308434453E-02,
    9.394415706202E-02,0.135294393605,0.174005091325,0.217772069293,
    0.300481282745,0.359669828672,0.40854318136,0.467158243333,
    0.527042088618,0.554422545943,0.590970478114,0.634725394349,
    0.674473724725,0.718151323446,0.762307142586,0.800945105338,
    0.881250753578,0.909076456,1.),.UNSPECIFIED.);
#4079 = CARTESIAN_POINT('',(1.480205154774,29.088254669521));
#4080 = CARTESIAN_POINT('',(1.460942341869,29.116717244337));
#4081 = CARTESIAN_POINT('',(1.442121326996,29.150048764976));
#4082 = CARTESIAN_POINT('',(1.423771330499,29.187907688254));
#4083 = CARTESIAN_POINT('',(1.405920544434,29.229944936158));
#4084 = CARTESIAN_POINT('',(1.388595983625,29.275801622046));
#4085 = CARTESIAN_POINT('',(1.371823336724,29.325106776837));
#4086 = CARTESIAN_POINT('',(1.344997767469,29.411842042311));
#4087 = CARTESIAN_POINT('',(1.334608313952,29.447555642533));
#4088 = CARTESIAN_POINT('',(1.324458185223,29.484536245729));
#4089 = CARTESIAN_POINT('',(1.314547038838,29.522709134728));
#4090 = CARTESIAN_POINT('',(1.304874461405,29.562004505339));
#4091 = CARTESIAN_POINT('',(1.295439968576,29.602357466352));
#4092 = CARTESIAN_POINT('',(1.279377004635,29.674578342803));
#4093 = CARTESIAN_POINT('',(1.272642975233,29.706006454327));
#4094 = CARTESIAN_POINT('',(1.266040379917,29.737968998713));
#4095 = CARTESIAN_POINT('',(1.259568702127,29.770444151753));
#4096 = CARTESIAN_POINT('',(1.253227445679,29.803411640423));
#4097 = CARTESIAN_POINT('',(1.247016134766,29.836852742885));
#4098 = CARTESIAN_POINT('',(1.236420265905,29.895909719268));
#4099 = CARTESIAN_POINT('',(1.231977569271,29.921320493853));
#4100 = CARTESIAN_POINT('',(1.227606049179,29.946975540519));
#4101 = CARTESIAN_POINT('',(1.223305555263,29.972868112715));
#4102 = CARTESIAN_POINT('',(1.219075961664,29.998991789066));
#4103 = CARTESIAN_POINT('',(1.214917167031,30.025340473369));
#4104 = CARTESIAN_POINT('',(1.198409591023,30.13262134428));
#4105 = CARTESIAN_POINT('',(1.186640907014,30.215369647253));
#4106 = CARTESIAN_POINT('',(1.1755228429,30.299982726738));
#4107 = CARTESIAN_POINT('',(1.165057003072,30.386309504042));
#4108 = CARTESIAN_POINT('',(1.155246535312,30.474218139505));
#4109 = CARTESIAN_POINT('',(1.146095870197,30.563595773449));
#4110 = CARTESIAN_POINT('',(1.129666705974,30.739307692846));
#4111 = CARTESIAN_POINT('',(1.122306113211,30.825470961195));
#4112 = CARTESIAN_POINT('',(1.115536738222,30.912723897908));
#4113 = CARTESIAN_POINT('',(1.109366502595,31.000958849987));
#4114 = CARTESIAN_POINT('',(1.103803097983,31.090074567497));
#4115 = CARTESIAN_POINT('',(1.098853890595,31.179976085359));
#4116 = CARTESIAN_POINT('',(1.089632441333,31.373006843598));
#4117 = CARTESIAN_POINT('',(1.085533264559,31.476325630626));
#4118 = CARTESIAN_POINT('',(1.082240874366,31.580349478042));
#4119 = CARTESIAN_POINT('',(1.079764840826,31.684900806767));
#4120 = CARTESIAN_POINT('',(1.078111700573,31.789805826517));
#4121 = CARTESIAN_POINT('',(1.077284932307,31.89489441548));
#4122 = CARTESIAN_POINT('',(1.077284932307,32.1986246396));
#4123 = CARTESIAN_POINT('',(1.08023747977,32.396937269609));
#4124 = CARTESIAN_POINT('',(1.086126352892,32.593971866602));
#4125 = CARTESIAN_POINT('',(1.094911093924,32.788738763091));
#4126 = CARTESIAN_POINT('',(1.10652589812,32.980182560148));
#4127 = CARTESIAN_POINT('',(1.120880134297,33.167143564531));
#4128 = CARTESIAN_POINT('',(1.150012020817,33.47797859053));
#4129 = CARTESIAN_POINT('',(1.163519081178,33.604788121805));
#4130 = CARTESIAN_POINT('',(1.17836555034,33.728492492346));
#4131 = CARTESIAN_POINT('',(1.194543042093,33.848768381628));
#4132 = CARTESIAN_POINT('',(1.212049857562,33.965206857596));
#4133 = CARTESIAN_POINT('',(1.23088993101,34.077292233847));
#4134 = CARTESIAN_POINT('',(1.267736391997,34.272806539858));
#4135 = CARTESIAN_POINT('',(1.285330639215,34.357903677064));
#4136 = CARTESIAN_POINT('',(1.303858474529,34.43927792557));
#4137 = CARTESIAN_POINT('',(1.323323946024,34.516472094589));
#4138 = CARTESIAN_POINT('',(1.34373046736,34.588958033967));
#4139 = CARTESIAN_POINT('',(1.365080092508,34.656128452753));
#4140 = CARTESIAN_POINT('',(1.414108993353,34.790639831967));
#4141 = CARTESIAN_POINT('',(1.442389095453,34.855860023772));
#4142 = CARTESIAN_POINT('',(1.471966224986,34.910760321279));
#4143 = CARTESIAN_POINT('',(1.502581258902,34.953648422446));
#4144 = CARTESIAN_POINT('',(1.533971572981,34.983281847771));
#4145 = CARTESIAN_POINT('',(1.565873344576,34.998845079259));
#4146 = CARTESIAN_POINT('',(1.630857262758,35.001080264521));
#4147 = CARTESIAN_POINT('',(1.663501439226,34.987104092715));
#4148 = CARTESIAN_POINT('',(1.695655341035,34.958352559856));
#4149 = CARTESIAN_POINT('',(1.727030180609,34.915643270516));
#4150 = CARTESIAN_POINT('',(1.757338180495,34.860277630416));
#4151 = CARTESIAN_POINT('',(1.786295068069,34.794066157355));
#4152 = CARTESIAN_POINT('',(1.826128045697,34.685235236036));
#4153 = CARTESIAN_POINT('',(1.838334448916,34.649187485503));
#4154 = CARTESIAN_POINT('',(1.850247584547,34.611362543994));
#4155 = CARTESIAN_POINT('',(1.861866091507,34.571877185604));
#4156 = CARTESIAN_POINT('',(1.873188795765,34.530841864666));
#4157 = CARTESIAN_POINT('',(1.884214769752,34.488360880575));
#4158 = CARTESIAN_POINT('',(1.909264151472,34.386029680378));
#4159 = CARTESIAN_POINT('',(1.923057979051,34.325114606458));
#4160 = CARTESIAN_POINT('',(1.936329746577,34.261990845718));
#4161 = CARTESIAN_POINT('',(1.949083566164,34.196838550989));
#4162 = CARTESIAN_POINT('',(1.961322978938,34.129814587857));
#4163 = CARTESIAN_POINT('',(1.973051144008,34.061052619446));
#4164 = CARTESIAN_POINT('',(1.997703389548,33.906393484193));
#4165 = CARTESIAN_POINT('',(2.010408730375,33.819781935585));
#4166 = CARTESIAN_POINT('',(2.022388165006,33.731036941512));
#4167 = CARTESIAN_POINT('',(2.033640483884,33.640341555707));
#4168 = CARTESIAN_POINT('',(2.044162498986,33.547853841113));
#4169 = CARTESIAN_POINT('',(2.053949390012,33.453707221499));
#4170 = CARTESIAN_POINT('',(2.071212410687,33.271077249568));
#4171 = CARTESIAN_POINT('',(2.078817798988,33.182867239663));
#4172 = CARTESIAN_POINT('',(2.085802584839,33.093504120078));
#4173 = CARTESIAN_POINT('',(2.092158264601,33.003103954891));
#4174 = CARTESIAN_POINT('',(2.09787657065,32.911775691843));
#4175 = CARTESIAN_POINT('',(2.102949580405,32.81962129867));
#4176 = CARTESIAN_POINT('',(2.112227027746,32.62466843755));
#4177 = CARTESIAN_POINT('',(2.11629576193,32.521724052812));
#4178 = CARTESIAN_POINT('',(2.119563615071,32.418082267376));
#4179 = CARTESIAN_POINT('',(2.122021146312,32.313918778189));
#4180 = CARTESIAN_POINT('',(2.12366191077,32.209405567494));
#4181 = CARTESIAN_POINT('',(2.124482483504,32.104711013322));
#4182 = CARTESIAN_POINT('',(2.124482483504,31.894142519242));
#4183 = CARTESIAN_POINT('',(2.123643844597,31.788302641972));
#4184 = CARTESIAN_POINT('',(2.121966980221,31.68265033941));
#4185 = CARTESIAN_POINT('',(2.119455468444,31.577359255424));
#4186 = CARTESIAN_POINT('',(2.116116026284,31.472606832631));
#4187 = CARTESIAN_POINT('',(2.111958484027,31.36857443849));
#4188 = CARTESIAN_POINT('',(2.102653193427,31.175207626817));
#4189 = CARTESIAN_POINT('',(2.097694244751,31.085664023466));
#4190 = CARTESIAN_POINT('',(2.09212579853,30.996904426961));
#4191 = CARTESIAN_POINT('',(2.085955144472,30.909022690915));
#4192 = CARTESIAN_POINT('',(2.079189882504,30.822118893509));
#4193 = CARTESIAN_POINT('',(2.0718378283,30.736299454072));
#4194 = CARTESIAN_POINT('',(2.047423212583,30.475797350772));
#4195 = CARTESIAN_POINT('',(2.028454116079,30.305252342616));
#4196 = CARTESIAN_POINT('',(2.007038954841,30.140607160551));
#4197 = CARTESIAN_POINT('',(1.983183988065,29.982669332826));
#4198 = CARTESIAN_POINT('',(1.956873897686,29.832587707217));
#4199 = CARTESIAN_POINT('',(1.928079557304,29.691957084865));
#4200 = CARTESIAN_POINT('',(1.885910655204,29.518220776081));
#4201 = CARTESIAN_POINT('',(1.87475272968,29.474891113738));
#4202 = CARTESIAN_POINT('',(1.86328885054,29.433041596224));
#4203 = CARTESIAN_POINT('',(1.851519885359,29.392780508499));
#4204 = CARTESIAN_POINT('',(1.839446959068,29.354222772031));
#4205 = CARTESIAN_POINT('',(1.827071389899,29.317490118289));
#4206 = CARTESIAN_POINT('',(1.772971902453,29.169067523744));
#4207 = CARTESIAN_POINT('',(1.727239412737,29.07328377526));
#4208 = CARTESIAN_POINT('',(1.678489365389,29.006090054458));
#4209 = CARTESIAN_POINT('',(1.628073741524,28.973617563549));
#4210 = CARTESIAN_POINT('',(1.577320355681,28.978156530264));
#4211 = CARTESIAN_POINT('',(1.527579724742,29.018254392373));
#4212 = CARTESIAN_POINT('',(1.480205154774,29.088254669521));
#4213 = ( GEOMETRIC_REPRESENTATION_CONTEXT(2) 
PARAMETRIC_REPRESENTATION_CONTEXT() REPRESENTATION_CONTEXT('2D SPACE',''
  ) );
#4214 = PCURVE('',#4215,#4220);
#4215 = CYLINDRICAL_SURFACE('',#4216,3.);
#4216 = AXIS2_PLACEMENT_3D('',#4217,#4218,#4219);
#4217 = CARTESIAN_POINT('',(-31.81105626667,-4.085875714965,
    -7.704694597489));
#4218 = DIRECTION('',(0.124034734589,0.992277876714,-0.));
#4219 = DIRECTION('',(0.992277876714,-0.124034734589,0.));
#4220 = DEFINITIONAL_REPRESENTATION('',(#4221),#4356);
#4221 = B_SPLINE_CURVE_WITH_KNOTS('',7,(#4222,#4223,#4224,#4225,#4226,
    #4227,#4228,#4229,#4230,#4231,#4232,#4233,#4234,#4235,#4236,#4237,
    #4238,#4239,#4240,#4241,#4242,#4243,#4244,#4245,#4246,#4247,#4248,
    #4249,#4250,#4251,#4252,#4253,#4254,#4255,#4256,#4257,#4258,#4259,
    #4260,#4261,#4262,#4263,#4264,#4265,#4266,#4267,#4268,#4269,#4270,
    #4271,#4272,#4273,#4274,#4275,#4276,#4277,#4278,#4279,#4280,#4281,
    #4282,#4283,#4284,#4285,#4286,#4287,#4288,#4289,#4290,#4291,#4292,
    #4293,#4294,#4295,#4296,#4297,#4298,#4299,#4300,#4301,#4302,#4303,
    #4304,#4305,#4306,#4307,#4308,#4309,#4310,#4311,#4312,#4313,#4314,
    #4315,#4316,#4317,#4318,#4319,#4320,#4321,#4322,#4323,#4324,#4325,
    #4326,#4327,#4328,#4329,#4330,#4331,#4332,#4333,#4334,#4335,#4336,
    #4337,#4338,#4339,#4340,#4341,#4342,#4343,#4344,#4345,#4346,#4347,
    #4348,#4349,#4350,#4351,#4352,#4353,#4354,#4355),.UNSPECIFIED.,.F.,
  .F.,(8,6,6,6,6,6,6,6,6,6,6,6,6,6,6,6,6,6,6,6,6,6,8),(0.,
    3.743067766757E-02,6.199475379339E-02,8.033308434453E-02,
    9.394415706202E-02,0.135294393605,0.174005091325,0.217772069293,
    0.300481282745,0.359669828672,0.40854318136,0.467158243333,
    0.527042088618,0.554422545943,0.590970478114,0.634725394349,
    0.674473724725,0.718151323446,0.762307142586,0.800945105338,
    0.881250753578,0.909076456,1.),.UNSPECIFIED.);
#4222 = CARTESIAN_POINT('',(0.,2.043636942767));
#4223 = CARTESIAN_POINT('',(3.940465052689E-02,2.057550763754));
#4224 = CARTESIAN_POINT('',(7.824762230762E-02,2.073723967405));
#4225 = CARTESIAN_POINT('',(0.116530673039,2.091914125491));
#4226 = CARTESIAN_POINT('',(0.154250182946,2.111862761173));
#4227 = CARTESIAN_POINT('',(0.191396706307,2.133300876081));
#4228 = CARTESIAN_POINT('',(0.227954522973,2.155954477394));
#4229 = CARTESIAN_POINT('',(0.287491376285,2.19503485772));
#4230 = CARTESIAN_POINT('',(0.310837310856,2.210937749432));
#4231 = CARTESIAN_POINT('',(0.33394901672,2.227194012076));
#4232 = CARTESIAN_POINT('',(0.356836226727,2.243741642964));
#4233 = CARTESIAN_POINT('',(0.379508383472,2.260521404709));
#4234 = CARTESIAN_POINT('',(0.401974639288,2.277476825219));
#4235 = CARTESIAN_POINT('',(0.440868957875,2.3073033237));
#4236 = CARTESIAN_POINT('',(0.45738529676,2.320121179085));
#4237 = CARTESIAN_POINT('',(0.473797368732,2.332986099472));
#4238 = CARTESIAN_POINT('',(0.490109653304,2.345877247865));
#4239 = CARTESIAN_POINT('',(0.506326613684,2.358774614651));
#4240 = CARTESIAN_POINT('',(0.522452696773,2.371659017602));
#4241 = CARTESIAN_POINT('',(0.550397269472,2.394051915994));
#4242 = CARTESIAN_POINT('',(0.562254551394,2.403574428975));
#4243 = CARTESIAN_POINT('',(0.574065973231,2.413072109405));
#4244 = CARTESIAN_POINT('',(0.58583329681,2.422537607359));
#4245 = CARTESIAN_POINT('',(0.597558251482,2.431963754396));
#4246 = CARTESIAN_POINT('',(0.609242534121,2.441343563561));
#4247 = CARTESIAN_POINT('',(0.656265981442,2.47900450149));
#4248 = CARTESIAN_POINT('',(0.691289500061,2.506852519202));
#4249 = CARTESIAN_POINT('',(0.726000632093,2.534019455069));
#4250 = CARTESIAN_POINT('',(0.760438544366,2.560323706907));
#4251 = CARTESIAN_POINT('',(0.794640940133,2.585596421467));
#4252 = CARTESIAN_POINT('',(0.828645695781,2.609681018108));
#4253 = CARTESIAN_POINT('',(0.894178732516,2.653732081869));
#4254 = CARTESIAN_POINT('',(0.925726084633,2.673862997074));
#4255 = CARTESIAN_POINT('',(0.957153195668,2.692697234));
#4256 = CARTESIAN_POINT('',(0.988478437416,2.710117400695));
#4257 = CARTESIAN_POINT('',(1.019720354607,2.726017778892));
#4258 = CARTESIAN_POINT('',(1.050898107842,2.740305165558));
#4259 = CARTESIAN_POINT('',(1.117232333925,2.767139327168));
#4260 = CARTESIAN_POINT('',(1.152375044884,2.779214480258));
#4261 = CARTESIAN_POINT('',(1.187471097287,2.789002061661));
#4262 = CARTESIAN_POINT('',(1.222532162105,2.796407786714));
#4263 = CARTESIAN_POINT('',(1.257570722467,2.801367350014));
#4264 = CARTESIAN_POINT('',(1.292600262731,2.803847577293));
#4265 = CARTESIAN_POINT('',(1.393843670771,2.803847577293));
#4266 = CARTESIAN_POINT('',(1.45994782886,2.794989874229));
#4267 = CARTESIAN_POINT('',(1.52610022315,2.777323464708));
#4268 = CARTESIAN_POINT('',(1.592437784648,2.751254327456));
#4269 = CARTESIAN_POINT('',(1.65908839659,2.717542865829));
#4270 = CARTESIAN_POINT('',(1.726168907144,2.677268650791));
#4271 = CARTESIAN_POINT('',(1.842155147573,2.599197228955));
#4272 = CARTESIAN_POINT('',(1.890847102568,2.563923830609));
#4273 = CARTESIAN_POINT('',(1.939971547906,2.526365546137));
#4274 = CARTESIAN_POINT('',(1.989647754983,2.486985278304));
#4275 = CARTESIAN_POINT('',(2.039996508209,2.446297027394));
#4276 = CARTESIAN_POINT('',(2.091143187262,2.404877362782));
#4277 = CARTESIAN_POINT('',(2.186222580608,2.329108997047));
#4278 = CARTESIAN_POINT('',(2.229897185142,2.294755973258));
#4279 = CARTESIAN_POINT('',(2.274312425008,2.260691008131));
#4280 = CARTESIAN_POINT('',(2.31953686017,2.227329001267));
#4281 = CARTESIAN_POINT('',(2.365642184692,2.195126878181));
#4282 = CARTESIAN_POINT('',(2.412705562921,2.164583901604));
#4283 = CARTESIAN_POINT('',(2.518507204981,2.102250794615));
#4284 = CARTESIAN_POINT('',(2.578107179558,2.071186876229));
#4285 = CARTESIAN_POINT('',(2.639191112823,2.044420540167));
#4286 = CARTESIAN_POINT('',(2.701437014209,2.023166460664));
#4287 = CARTESIAN_POINT('',(2.764585303915,2.008358836454));
#4288 = CARTESIAN_POINT('',(2.828410241883,2.000577453406));
#4289 = CARTESIAN_POINT('',(2.958379679947,1.999459874548));
#4290 = CARTESIAN_POINT('',(3.023647045261,2.006447730422));
#4291 = CARTESIAN_POINT('',(3.088260523624,2.020831745438));
#4292 = CARTESIAN_POINT('',(3.151968465774,2.042032656961));
#4293 = CARTESIAN_POINT('',(3.214483757506,2.069069566718));
#4294 = CARTESIAN_POINT('',(3.275450481374,2.100641792599));
#4295 = CARTESIAN_POINT('',(3.361355865913,2.151104981576));
#4296 = CARTESIAN_POINT('',(3.387990657228,2.167637683599));
#4297 = CARTESIAN_POINT('',(3.41431834675,2.184773768266));
#4298 = CARTESIAN_POINT('',(3.440349965525,2.202420468368));
#4299 = CARTESIAN_POINT('',(3.466095694373,2.220488382469));
#4300 = CARTESIAN_POINT('',(3.491565166309,2.23889185562));
#4301 = CARTESIAN_POINT('',(3.550408661162,2.282453736199));
#4302 = CARTESIAN_POINT('',(3.583580779258,2.307815699232));
#4303 = CARTESIAN_POINT('',(3.616322010779,2.333453478435));
#4304 = CARTESIAN_POINT('',(3.648667407871,2.359198675186));
#4305 = CARTESIAN_POINT('',(3.680650695074,2.384895659602));
#4306 = CARTESIAN_POINT('',(3.712305777086,2.410400967158));
#4307 = CARTESIAN_POINT('',(3.781215164817,2.465730075468));
#4308 = CARTESIAN_POINT('',(3.81834681374,2.495416959626));
#4309 = CARTESIAN_POINT('',(3.855114451178,2.524409086667));
#4310 = CARTESIAN_POINT('',(3.891565151247,2.552489110587));
#4311 = CARTESIAN_POINT('',(3.927744031088,2.579455844444));
#4312 = CARTESIAN_POINT('',(3.963696477673,2.605123504322));
#4313 = CARTESIAN_POINT('',(4.031968498165,2.651302670526));
#4314 = CARTESIAN_POINT('',(4.064318274112,2.672070438037));
#4315 = CARTESIAN_POINT('',(4.096539924558,2.691485318576));
#4316 = CARTESIAN_POINT('',(4.128653339001,2.709420255841));
#4317 = CARTESIAN_POINT('',(4.160678580287,2.725761020166));
#4318 = CARTESIAN_POINT('',(4.192636390564,2.740407154186));
#4319 = CARTESIAN_POINT('',(4.259615652558,2.767410510883));
#4320 = CARTESIAN_POINT('',(4.294625675459,2.779397643054));
#4321 = CARTESIAN_POINT('',(4.329589650627,2.789112949719));
#4322 = CARTESIAN_POINT('',(4.364519075242,2.7964635019));
#4323 = CARTESIAN_POINT('',(4.399426244986,2.801385935075));
#4324 = CARTESIAN_POINT('',(4.434324440053,2.803847577293));
#4325 = CARTESIAN_POINT('',(4.50451393808,2.803847577293));
#4326 = CARTESIAN_POINT('',(4.539793908294,2.801331741255));
#4327 = CARTESIAN_POINT('',(4.575083080201,2.796300999794));
#4328 = CARTESIAN_POINT('',(4.610395279823,2.788789487133));
#4329 = CARTESIAN_POINT('',(4.645743297679,2.778863340839));
#4330 = CARTESIAN_POINT('',(4.681139085665,2.766619501564));
#4331 = CARTESIAN_POINT('',(4.747618265234,2.739553367676));
#4332 = CARTESIAN_POINT('',(4.778686783237,2.725244816293));
#4333 = CARTESIAN_POINT('',(4.809819572201,2.709338276416));
#4334 = CARTESIAN_POINT('',(4.841035655486,2.691926284605));
#4335 = CARTESIAN_POINT('',(4.872353453859,2.673113673317));
#4336 = CARTESIAN_POINT('',(4.903791223812,2.653016748028));
#4337 = CARTESIAN_POINT('',(5.000996033625,2.587587282573));
#4338 = CARTESIAN_POINT('',(5.067162301749,2.538452968437));
#4339 = CARTESIAN_POINT('',(5.134190330401,2.485409245904));
#4340 = CARTESIAN_POINT('',(5.202401491695,2.429623640194));
#4341 = CARTESIAN_POINT('',(5.272113943311,2.372453462186));
#4342 = CARTESIAN_POINT('',(5.343658485061,2.315510958714));
#4343 = CARTESIAN_POINT('',(5.442965827382,2.2417372656));
#4344 = CARTESIAN_POINT('',(5.468794308526,2.223005143847));
#4345 = CARTESIAN_POINT('',(5.494906288891,2.204610039816));
#4346 = CARTESIAN_POINT('',(5.521312018129,2.186641158605));
#4347 = CARTESIAN_POINT('',(5.548022308711,2.169191736391));
#4348 = CARTESIAN_POINT('',(5.575048866158,2.15235864272));
#4349 = CARTESIAN_POINT('',(5.691792552182,2.083579023335));
#4350 = CARTESIAN_POINT('',(5.787056354589,2.037175047078));
#4351 = CARTESIAN_POINT('',(5.88563794449,2.003216540984));
#4352 = CARTESIAN_POINT('',(5.985936855323,1.986547252952));
#4353 = CARTESIAN_POINT('',(6.086592035377,1.989085398095));
#4354 = CARTESIAN_POINT('',(6.186274311751,2.009417574646));
#4355 = CARTESIAN_POINT('',(6.28318530718,2.043636942767));
#4356 = ( GEOMETRIC_REPRESENTATION_CONTEXT(2) 
PARAMETRIC_REPRESENTATION_CONTEXT() REPRESENTATION_CONTEXT('2D SPACE',''
  ) );
#4357 = FACE_BOUND('',#4358,.T.);
#4358 = EDGE_LOOP('',(#4359));
#4359 = ORIENTED_EDGE('',*,*,#4360,.F.);
#4360 = EDGE_CURVE('',#4361,#4361,#4363,.T.);
#4361 = VERTEX_POINT('',#4362);
#4362 = CARTESIAN_POINT('',(-27.10314884889,9.390610382349,
    -7.704694597489));
#4363 = SURFACE_CURVE('',#4364,(#4499,#4637),.PCURVE_S1.);
#4364 = B_SPLINE_CURVE_WITH_KNOTS('',7,(#4365,#4366,#4367,#4368,#4369,
    #4370,#4371,#4372,#4373,#4374,#4375,#4376,#4377,#4378,#4379,#4380,
    #4381,#4382,#4383,#4384,#4385,#4386,#4387,#4388,#4389,#4390,#4391,
    #4392,#4393,#4394,#4395,#4396,#4397,#4398,#4399,#4400,#4401,#4402,
    #4403,#4404,#4405,#4406,#4407,#4408,#4409,#4410,#4411,#4412,#4413,
    #4414,#4415,#4416,#4417,#4418,#4419,#4420,#4421,#4422,#4423,#4424,
    #4425,#4426,#4427,#4428,#4429,#4430,#4431,#4432,#4433,#4434,#4435,
    #4436,#4437,#4438,#4439,#4440,#4441,#4442,#4443,#4444,#4445,#4446,
    #4447,#4448,#4449,#4450,#4451,#4452,#4453,#4454,#4455,#4456,#4457,
    #4458,#4459,#4460,#4461,#4462,#4463,#4464,#4465,#4466,#4467,#4468,
    #4469,#4470,#4471,#4472,#4473,#4474,#4475,#4476,#4477,#4478,#4479,
    #4480,#4481,#4482,#4483,#4484,#4485,#4486,#4487,#4488,#4489,#4490,
    #4491,#4492,#4493,#4494,#4495,#4496,#4497,#4498),.UNSPECIFIED.,.T.,
  .F.,(8,6,6,6,6,6,6,6,6,6,6,6,6,6,6,6,6,6,6,6,6,6,8),(0.,
    3.743067767003E-02,6.199475379746E-02,8.033308434981E-02,
    9.39441570682E-02,0.135294393614,0.174005091337,0.217772069307,
    0.300481282765,0.359669833272,0.408543185593,0.46715824706,
    0.527042091827,0.554422548918,0.590970480778,0.634725396641,
    0.67447372668,0.71815132503,0.762307143794,0.800945106218,
    0.881250753775,0.90907645596,1.),.UNSPECIFIED.);
#4365 = CARTESIAN_POINT('',(-27.10314884889,9.390610382344,
    -7.704694597489));
#4366 = CARTESIAN_POINT('',(-27.10487464598,9.376804005598,
    -7.82290854907));
#4367 = CARTESIAN_POINT('',(-27.11227328357,9.36142976824,
    -7.939437319759));
#4368 = CARTESIAN_POINT('',(-27.12503787779,9.344693624647,
    -8.05398693243));
#4369 = CARTESIAN_POINT('',(-27.14284665945,9.326815842029,
    -8.166284500396));
#4370 = CARTESIAN_POINT('',(-27.16536147392,9.308025242834,
    -8.276077662758));
#4371 = CARTESIAN_POINT('',(-27.19222628105,9.288553447137,
    -8.383134019748));
#4372 = CARTESIAN_POINT('',(-27.24330415408,9.25555366888,
    -8.555561029724));
#4373 = CARTESIAN_POINT('',(-27.26527052816,9.242272814148,
    -8.622665682696));
#4374 = CARTESIAN_POINT('',(-27.28887859939,9.22884105062,
    -8.688541260024));
#4375 = CARTESIAN_POINT('',(-27.31404683484,9.215310671883,
    -8.75317742294));
#4376 = CARTESIAN_POINT('',(-27.34069834658,9.201731765333,
    -8.81656676088));
#4377 = CARTESIAN_POINT('',(-27.36876089168,9.188152212173,
    -8.87870479148));
#4378 = CARTESIAN_POINT('',(-27.4201199304,9.164513477202,
    -8.985043831946));
#4379 = CARTESIAN_POINT('',(-27.44282302572,9.154433757381,
    -9.029802061147));
#4380 = CARTESIAN_POINT('',(-27.46624924515,9.1443969968,-9.073865980689
    ));
#4381 = CARTESIAN_POINT('',(-27.49037325023,9.134421027308,-9.1172373857
    ));
#4382 = CARTESIAN_POINT('',(-27.51517127713,9.124523043758,
    -9.159918533929));
#4383 = CARTESIAN_POINT('',(-27.54062113661,9.114719604003,
    -9.20191214574));
#4384 = CARTESIAN_POINT('',(-27.58606010711,9.097832310494,
    -9.273881955149));
#4385 = CARTESIAN_POINT('',(-27.60576564976,9.090698884068,
    -9.304165371028));
#4386 = CARTESIAN_POINT('',(-27.62581037913,9.083632881784,
    -9.334072866111));
#4387 = CARTESIAN_POINT('',(-27.64618619312,9.076640698004,
    -9.363605631108));
#4388 = CARTESIAN_POINT('',(-27.66688535038,9.06972858929,
    -9.392764833085));
#4389 = CARTESIAN_POINT('',(-27.68790047037,9.062902674399,
    -9.421551615462));
#4390 = CARTESIAN_POINT('',(-27.77400671945,9.035711931955,
    -9.536292911522));
#4391 = CARTESIAN_POINT('',(-27.84164976018,9.016102574975,
    -9.619204941157));
#4392 = CARTESIAN_POINT('',(-27.9119505848,8.997511823153,
    -9.698721531171));
#4393 = CARTESIAN_POINT('',(-27.98472841579,8.980100094753,
    -9.774858105574));
#4394 = CARTESIAN_POINT('',(-28.05982449594,8.964017712424,
    -9.847626960688));
#4395 = CARTESIAN_POINT('',(-28.13710181547,8.949405349128,
    -9.917037057713));
#4396 = CARTESIAN_POINT('',(-28.29072310364,8.924214131384,
    -10.04493392523));
#4397 = CARTESIAN_POINT('',(-28.36681084168,8.913437520253,
    -10.10383420909));
#4398 = CARTESIAN_POINT('',(-28.4445810959,8.904177992958,
    -10.15977161896));
#4399 = CARTESIAN_POINT('',(-28.52391476741,8.896538967656,
    -10.21272372485));
#4400 = CARTESIAN_POINT('',(-28.60470080486,8.890613103923,
    -10.26266787973));
#4401 = CARTESIAN_POINT('',(-28.68683639353,8.886481478275,
    -10.30958038466));
#4402 = CARTESIAN_POINT('',(-28.86451015575,8.881647707633,
    -10.40301917242));
#4403 = CARTESIAN_POINT('',(-28.96039358454,8.881464011661,
    -10.44869245616));
#4404 = CARTESIAN_POINT('',(-29.05769194245,8.8837625559,-10.49039323901
    ));
#4405 = CARTESIAN_POINT('',(-29.15622561759,8.888615907268,
    -10.52806614384));
#4406 = CARTESIAN_POINT('',(-29.25582121336,8.896067197035,
    -10.56166138604));
#4407 = CARTESIAN_POINT('',(-29.35631188755,8.906129002357,
    -10.59113347705));
#4408 = CARTESIAN_POINT('',(-29.64883046466,8.942693824496,
    -10.66426312133));
#4409 = CARTESIAN_POINT('',(-29.84238949098,8.975815338431,
    -10.69712047146));
#4410 = CARTESIAN_POINT('',(-30.03727012799,9.017979311439,
    -10.71486207949));
#4411 = CARTESIAN_POINT('',(-30.23255921007,9.068662459675,
    -10.71729185209));
#4412 = CARTESIAN_POINT('',(-30.42732997264,9.126982616584,
    -10.70417452988));
#4413 = CARTESIAN_POINT('',(-30.62058878584,9.191727606015,
    -10.67527415259));
#4414 = CARTESIAN_POINT('',(-30.94762911877,9.311286640871,
    -10.59832816729));
#4415 = CARTESIAN_POINT('',(-31.08281623897,9.36373292889,
    -10.55803600074));
#4416 = CARTESIAN_POINT('',(-31.21659797461,9.418306218132,
    -10.50940525781));
#4417 = CARTESIAN_POINT('',(-31.34875305336,9.474512341514,
    -10.45222523061));
#4418 = CARTESIAN_POINT('',(-31.47899339431,9.531797280094,
    -10.38622671898));
#4419 = CARTESIAN_POINT('',(-31.60694148837,9.589532786878,
    -10.31109204259));
#4420 = CARTESIAN_POINT('',(-31.83546047344,9.694455675171,
    -10.1565865947));
#4421 = CARTESIAN_POINT('',(-31.9370081035,9.741769495502,
    -10.08017412009));
#4422 = CARTESIAN_POINT('',(-32.03644408074,9.788529058824,
    -9.997023067059));
#4423 = CARTESIAN_POINT('',(-32.13340464122,9.834270766168,
    -9.906921434609));
#4424 = CARTESIAN_POINT('',(-32.2274580255,9.878480166215,
    -9.809659913961));
#4425 = CARTESIAN_POINT('',(-32.31809365918,9.920590289096,
    -9.705042019438));
#4426 = CARTESIAN_POINT('',(-32.50859412518,10.007221044227,
    -9.458392494371));
#4427 = CARTESIAN_POINT('',(-32.60742538013,10.050880615683,
    -9.312117489632));
#4428 = CARTESIAN_POINT('',(-32.69893023493,10.089293360072,
    -9.154909758917));
#4429 = CARTESIAN_POINT('',(-32.78124215112,10.121001832991,
    -8.987935519967));
#4430 = CARTESIAN_POINT('',(-32.85285475549,10.144876268914,
    -8.812624743504));
#4431 = CARTESIAN_POINT('',(-32.91260351929,10.160186803862,
    -8.63061337585));
#4432 = CARTESIAN_POINT('',(-33.00776999321,10.173208889203,
    -8.25271985911));
#4433 = CARTESIAN_POINT('',(-33.04197596897,10.170442399276,
    -8.059231799952));
#4434 = CARTESIAN_POINT('',(-33.06208903338,10.158460577764,
    -7.865356368574));
#4435 = CARTESIAN_POINT('',(-33.06833098441,10.137874919993,
    -7.673296392344));
#4436 = CARTESIAN_POINT('',(-33.06136637216,10.109757026564,
    -7.485263014436));
#4437 = CARTESIAN_POINT('',(-33.04235194193,10.075562294942,
    -7.303421200123));
#4438 = CARTESIAN_POINT('',(-32.99960974327,10.019363615567,
    -7.050480570389));
#4439 = CARTESIAN_POINT('',(-32.98399118335,10.000749932454,
    -6.972544099272));
#4440 = CARTESIAN_POINT('',(-32.96626996957,9.981265339311,
    -6.896072470098));
#4441 = CARTESIAN_POINT('',(-32.94654615827,9.96101583232,
    -6.821097458664));
#4442 = CARTESIAN_POINT('',(-32.9249151206,9.940103430054,
    -6.747645322385));
#4443 = CARTESIAN_POINT('',(-32.90146771414,9.918625811244,
    -6.675736979533));
#4444 = CARTESIAN_POINT('',(-32.84268339065,9.867376882155,
    -6.511485343332));
#4445 = CARTESIAN_POINT('',(-32.80598758019,9.837230570475,
    -6.420342437694));
#4446 = CARTESIAN_POINT('',(-32.76638977586,9.806443546931,
    -6.331954498124));
#4447 = CARTESIAN_POINT('',(-32.72405610023,9.775206285978,
    -6.246310028084));
#4448 = CARTESIAN_POINT('',(-32.67913197515,9.743693806379,
    -6.16339134242));
#4449 = CARTESIAN_POINT('',(-32.63174205132,9.712066270468,
    -6.083174901854));
#4450 = CARTESIAN_POINT('',(-32.52242751189,9.642642261517,
    -5.912797432291));
#4451 = CARTESIAN_POINT('',(-32.45947298901,9.604855032178,
    -5.823784360258));
#4452 = CARTESIAN_POINT('',(-32.39331643761,9.567367713143,
    -5.738568582654));
#4453 = CARTESIAN_POINT('',(-32.32412307742,9.530419994316,
    -5.657129654833));
#4454 = CARTESIAN_POINT('',(-32.25203368177,9.494232224988,
    -5.579450793558));
#4455 = CARTESIAN_POINT('',(-32.17716477993,9.459006201041,
    -5.505519134331));
#4456 = CARTESIAN_POINT('',(-32.02915464278,9.39396639133,
    -5.371560346331));
#4457 = CARTESIAN_POINT('',(-31.95648495924,9.363953294072,
    -5.310881942485));
#4458 = CARTESIAN_POINT('',(-31.8817026139,9.335039529522,
    -5.253315295319));
#4459 = CARTESIAN_POINT('',(-31.80490463536,9.307365271338,
    -5.198884253887));
#4460 = CARTESIAN_POINT('',(-31.72618230128,9.281057047854,
    -5.147612937353));
#4461 = CARTESIAN_POINT('',(-31.64562116385,9.256226792239,
    -5.099526674183));
#4462 = CARTESIAN_POINT('',(-31.47284334381,9.207416062014,-5.0053432753
    ));
#4463 = CARTESIAN_POINT('',(-31.38026681276,9.18376357698,
    -4.959915500617));
#4464 = CARTESIAN_POINT('',(-31.28572480347,9.162154912514,
    -4.918431205954));
#4465 = CARTESIAN_POINT('',(-31.18937192708,9.142703047181,
    -4.880945181714));
#4466 = CARTESIAN_POINT('',(-31.09136402557,9.125491318866,
    -4.847506686962));
#4467 = CARTESIAN_POINT('',(-30.99185811277,9.11057228051,
    -4.818160716343));
#4468 = CARTESIAN_POINT('',(-30.78906237042,9.085222812717,
    -4.767461780757));
#4469 = CARTESIAN_POINT('',(-30.68577619491,9.074847455602,
    -4.746208136292));
#4470 = CARTESIAN_POINT('',(-30.5813182131,9.066860099665,
    -4.729226772685));
#4471 = CARTESIAN_POINT('',(-30.47586103672,9.061247921513,
    -4.716554851865));
#4472 = CARTESIAN_POINT('',(-30.36958576259,9.05796690598,
    -4.708226968707));
#4473 = CARTESIAN_POINT('',(-30.26268227016,9.056943092935,
    -4.704273861124));
#4474 = CARTESIAN_POINT('',(-30.06142942157,9.059063255317,
    -4.705112488225));
#4475 = CARTESIAN_POINT('',(-29.96718373457,9.0617024481,-4.708873123622
    ));
#4476 = CARTESIAN_POINT('',(-29.87270781498,9.065923286197,
    -4.716020091759));
#4477 = CARTESIAN_POINT('',(-29.77810370567,9.071645268269,
    -4.72657527509));
#4478 = CARTESIAN_POINT('',(-29.68348033973,9.078776362667,
    -4.740564613002));
#4479 = CARTESIAN_POINT('',(-29.58895374466,9.087213862238,
    -4.758017341707));
#4480 = CARTESIAN_POINT('',(-29.29863938494,9.116863219127,
    -4.822503608334));
#4481 = CARTESIAN_POINT('',(-29.10376384707,9.142020464999,
    -4.881100519664));
#4482 = CARTESIAN_POINT('',(-28.9106443466,9.171337047813,
    -4.955097431011));
#4483 = CARTESIAN_POINT('',(-28.72010206172,9.203739003688,
    -5.045100528287));
#4484 = CARTESIAN_POINT('',(-28.53327981392,9.23800131154,
    -5.151922559228));
#4485 = CARTESIAN_POINT('',(-28.35177340181,9.272698652506,
    -5.276516695417));
#4486 = CARTESIAN_POINT('',(-28.11747838604,9.31775959165,
    -5.469585204741));
#4487 = CARTESIAN_POINT('',(-28.05806772494,9.32921115823,
    -5.521540462267));
#4488 = CARTESIAN_POINT('',(-27.99964445661,9.34044650844,
    -5.575801760044));
#4489 = CARTESIAN_POINT('',(-27.94232266074,9.351390002929,
    -5.632400340242));
#4490 = CARTESIAN_POINT('',(-27.88622430188,9.361962925501,-5.6913650075
    ));
#4491 = CARTESIAN_POINT('',(-27.83147938447,9.37208390331,
    -5.752722019176));
#4492 = CARTESIAN_POINT('',(-27.60421516648,9.41299075395,-6.02488012877
    ));
#4493 = CARTESIAN_POINT('',(-27.44153551218,9.439420897562,
    -6.264563904238));
#4494 = CARTESIAN_POINT('',(-27.30303421867,9.456331017055,
    -6.531037513198));
#4495 = CARTESIAN_POINT('',(-27.19727639999,9.459910300161,
    -6.81741077739));
#4496 = CARTESIAN_POINT('',(-27.12900001686,9.448817854658,
    -7.114914277239));
#4497 = CARTESIAN_POINT('',(-27.09890445861,9.424565504552,
    -7.413961608918));
#4498 = CARTESIAN_POINT('',(-27.10314884889,9.390610382343,
    -7.704694597489));
#4499 = PCURVE('',#492,#4500);
#4500 = DEFINITIONAL_REPRESENTATION('',(#4501),#4636);
#4501 = B_SPLINE_CURVE_WITH_KNOTS('',7,(#4502,#4503,#4504,#4505,#4506,
    #4507,#4508,#4509,#4510,#4511,#4512,#4513,#4514,#4515,#4516,#4517,
    #4518,#4519,#4520,#4521,#4522,#4523,#4524,#4525,#4526,#4527,#4528,
    #4529,#4530,#4531,#4532,#4533,#4534,#4535,#4536,#4537,#4538,#4539,
    #4540,#4541,#4542,#4543,#4544,#4545,#4546,#4547,#4548,#4549,#4550,
    #4551,#4552,#4553,#4554,#4555,#4556,#4557,#4558,#4559,#4560,#4561,
    #4562,#4563,#4564,#4565,#4566,#4567,#4568,#4569,#4570,#4571,#4572,
    #4573,#4574,#4575,#4576,#4577,#4578,#4579,#4580,#4581,#4582,#4583,
    #4584,#4585,#4586,#4587,#4588,#4589,#4590,#4591,#4592,#4593,#4594,
    #4595,#4596,#4597,#4598,#4599,#4600,#4601,#4602,#4603,#4604,#4605,
    #4606,#4607,#4608,#4609,#4610,#4611,#4612,#4613,#4614,#4615,#4616,
    #4617,#4618,#4619,#4620,#4621,#4622,#4623,#4624,#4625,#4626,#4627,
    #4628,#4629,#4630,#4631,#4632,#4633,#4634,#4635),.UNSPECIFIED.,.F.,
  .F.,(8,6,6,6,6,6,6,6,6,6,6,6,6,6,6,6,6,6,6,6,6,6,8),(0.,
    3.743067767003E-02,6.199475379746E-02,8.033308434981E-02,
    9.39441570682E-02,0.135294393614,0.174005091337,0.217772069307,
    0.300481282765,0.359669833272,0.408543185593,0.46715824706,
    0.527042091827,0.554422548918,0.590970480778,0.634725396641,
    0.67447372668,0.71815132503,0.762307143794,0.800945106218,
    0.881250753775,0.90907645596,1.),.UNSPECIFIED.);
#4502 = CARTESIAN_POINT('',(4.863154914626,29.088254669521));
#4503 = CARTESIAN_POINT('',(4.882417727532,29.116717244337));
#4504 = CARTESIAN_POINT('',(4.901238742405,29.150048764976));
#4505 = CARTESIAN_POINT('',(4.919588738902,29.187907688254));
#4506 = CARTESIAN_POINT('',(4.937439524967,29.229944936158));
#4507 = CARTESIAN_POINT('',(4.954764085776,29.275801622046));
#4508 = CARTESIAN_POINT('',(4.971536732676,29.325106776837));
#4509 = CARTESIAN_POINT('',(4.998362301931,29.411842042311));
#4510 = CARTESIAN_POINT('',(5.008751755449,29.447555642533));
#4511 = CARTESIAN_POINT('',(5.018901884178,29.484536245729));
#4512 = CARTESIAN_POINT('',(5.028813030562,29.522709134728));
#4513 = CARTESIAN_POINT('',(5.038485607996,29.562004505339));
#4514 = CARTESIAN_POINT('',(5.047920100824,29.602357466352));
#4515 = CARTESIAN_POINT('',(5.063983064766,29.674578342803));
#4516 = CARTESIAN_POINT('',(5.070717094168,29.706006454327));
#4517 = CARTESIAN_POINT('',(5.077319689484,29.737968998713));
#4518 = CARTESIAN_POINT('',(5.083791367274,29.770444151753));
#4519 = CARTESIAN_POINT('',(5.090132623722,29.803411640423));
#4520 = CARTESIAN_POINT('',(5.096343934635,29.836852742885));
#4521 = CARTESIAN_POINT('',(5.106939803496,29.895909719268));
#4522 = CARTESIAN_POINT('',(5.11138250013,29.921320493853));
#4523 = CARTESIAN_POINT('',(5.115754020222,29.946975540519));
#4524 = CARTESIAN_POINT('',(5.120054514138,29.972868112715));
#4525 = CARTESIAN_POINT('',(5.124284107737,29.998991789066));
#4526 = CARTESIAN_POINT('',(5.128442902369,30.025340473369));
#4527 = CARTESIAN_POINT('',(5.144950478378,30.13262134428));
#4528 = CARTESIAN_POINT('',(5.156719162387,30.215369647253));
#4529 = CARTESIAN_POINT('',(5.1678372265,30.299982726738));
#4530 = CARTESIAN_POINT('',(5.178303066328,30.386309504042));
#4531 = CARTESIAN_POINT('',(5.188113534089,30.474218139505));
#4532 = CARTESIAN_POINT('',(5.197264199203,30.563595773449));
#4533 = CARTESIAN_POINT('',(5.213693363426,30.739307692846));
#4534 = CARTESIAN_POINT('',(5.22105395619,30.825470961195));
#4535 = CARTESIAN_POINT('',(5.227823331178,30.912723897908));
#4536 = CARTESIAN_POINT('',(5.233993566806,31.000958849987));
#4537 = CARTESIAN_POINT('',(5.239556971418,31.090074567497));
#4538 = CARTESIAN_POINT('',(5.244506178806,31.179976085359));
#4539 = CARTESIAN_POINT('',(5.253727628067,31.373006843598));
#4540 = CARTESIAN_POINT('',(5.257826804842,31.476325630626));
#4541 = CARTESIAN_POINT('',(5.261119195035,31.580349478042));
#4542 = CARTESIAN_POINT('',(5.263595228574,31.684900806767));
#4543 = CARTESIAN_POINT('',(5.265248368828,31.789805826517));
#4544 = CARTESIAN_POINT('',(5.266075137093,31.89489441548));
#4545 = CARTESIAN_POINT('',(5.266075137093,32.1986246396));
#4546 = CARTESIAN_POINT('',(5.263122589631,32.396937269609));
#4547 = CARTESIAN_POINT('',(5.257233716508,32.593971866601));
#4548 = CARTESIAN_POINT('',(5.248448975477,32.788738763091));
#4549 = CARTESIAN_POINT('',(5.23683417128,32.980182560148));
#4550 = CARTESIAN_POINT('',(5.222479935103,33.16714356453));
#4551 = CARTESIAN_POINT('',(5.193348047644,33.477978600556));
#4552 = CARTESIAN_POINT('',(5.179840989579,33.604788112328));
#4553 = CARTESIAN_POINT('',(5.16499451983,33.728492484338));
#4554 = CARTESIAN_POINT('',(5.148817025989,33.848768388903));
#4555 = CARTESIAN_POINT('',(5.131310210591,33.965206867268));
#4556 = CARTESIAN_POINT('',(5.112470140076,34.077292224905));
#4557 = CARTESIAN_POINT('',(5.075623677427,34.272806539733));
#4558 = CARTESIAN_POINT('',(5.05802943019,34.357903677062));
#4559 = CARTESIAN_POINT('',(5.039501594854,34.439277925654));
#4560 = CARTESIAN_POINT('',(5.020036123358,34.516472094648));
#4561 = CARTESIAN_POINT('',(4.999629602043,34.588958033941));
#4562 = CARTESIAN_POINT('',(4.978279976918,34.656128452684));
#4563 = CARTESIAN_POINT('',(4.929251076047,34.790639831967));
#4564 = CARTESIAN_POINT('',(4.900970973948,34.855860023772));
#4565 = CARTESIAN_POINT('',(4.871393844415,34.910760321279));
#4566 = CARTESIAN_POINT('',(4.840778810498,34.953648422446));
#4567 = CARTESIAN_POINT('',(4.809388496419,34.983281847771));
#4568 = CARTESIAN_POINT('',(4.777486724825,34.998845079259));
#4569 = CARTESIAN_POINT('',(4.712502806642,35.001080264521));
#4570 = CARTESIAN_POINT('',(4.679858630174,34.987104092715));
#4571 = CARTESIAN_POINT('',(4.647704728365,34.958352559856));
#4572 = CARTESIAN_POINT('',(4.616329888792,34.915643270516));
#4573 = CARTESIAN_POINT('',(4.586021888905,34.860277630415));
#4574 = CARTESIAN_POINT('',(4.557065001332,34.794066157355));
#4575 = CARTESIAN_POINT('',(4.517232023703,34.685235236034));
#4576 = CARTESIAN_POINT('',(4.505025620484,34.649187485502));
#4577 = CARTESIAN_POINT('',(4.493112484855,34.611362543996));
#4578 = CARTESIAN_POINT('',(4.481493977894,34.571877185606));
#4579 = CARTESIAN_POINT('',(4.470171273635,34.530841864666));
#4580 = CARTESIAN_POINT('',(4.459145299648,34.488360880572));
#4581 = CARTESIAN_POINT('',(4.434095917929,34.386029680378));
#4582 = CARTESIAN_POINT('',(4.42030209035,34.325114606457));
#4583 = CARTESIAN_POINT('',(4.407030322823,34.261990845718));
#4584 = CARTESIAN_POINT('',(4.394276503236,34.196838550989));
#4585 = CARTESIAN_POINT('',(4.382037090462,34.129814587857));
#4586 = CARTESIAN_POINT('',(4.370308925393,34.061052619446));
#4587 = CARTESIAN_POINT('',(4.345656679852,33.906393484193));
#4588 = CARTESIAN_POINT('',(4.332951339025,33.819781935585));
#4589 = CARTESIAN_POINT('',(4.320971904395,33.731036941512));
#4590 = CARTESIAN_POINT('',(4.309719585517,33.640341555707));
#4591 = CARTESIAN_POINT('',(4.299197570414,33.547853841113));
#4592 = CARTESIAN_POINT('',(4.289410679389,33.453707221499));
#4593 = CARTESIAN_POINT('',(4.272147658714,33.271077249568));
#4594 = CARTESIAN_POINT('',(4.264542270413,33.182867239663));
#4595 = CARTESIAN_POINT('',(4.257557484562,33.093504120078));
#4596 = CARTESIAN_POINT('',(4.251201804799,33.003103954891));
#4597 = CARTESIAN_POINT('',(4.24548349875,32.911775691843));
#4598 = CARTESIAN_POINT('',(4.240410488995,32.81962129867));
#4599 = CARTESIAN_POINT('',(4.231133041655,32.62466843755));
#4600 = CARTESIAN_POINT('',(4.22706430747,32.521724052812));
#4601 = CARTESIAN_POINT('',(4.22379645433,32.418082267376));
#4602 = CARTESIAN_POINT('',(4.221338923088,32.313918778189));
#4603 = CARTESIAN_POINT('',(4.219698158631,32.209405567494));
#4604 = CARTESIAN_POINT('',(4.218877585897,32.104711013322));
#4605 = CARTESIAN_POINT('',(4.218877585897,31.894142519242));
#4606 = CARTESIAN_POINT('',(4.219716224803,31.788302641972));
#4607 = CARTESIAN_POINT('',(4.22139308918,31.68265033941));
#4608 = CARTESIAN_POINT('',(4.223904600957,31.577359255424));
#4609 = CARTESIAN_POINT('',(4.227244043116,31.472606832631));
#4610 = CARTESIAN_POINT('',(4.231401585374,31.36857443849));
#4611 = CARTESIAN_POINT('',(4.240706875973,31.175207626817));
#4612 = CARTESIAN_POINT('',(4.24566582465,31.085664023466));
#4613 = CARTESIAN_POINT('',(4.251234270871,30.996904426961));
#4614 = CARTESIAN_POINT('',(4.257404924929,30.909022690915));
#4615 = CARTESIAN_POINT('',(4.264170186897,30.822118893509));
#4616 = CARTESIAN_POINT('',(4.2715222411,30.736299454072));
#4617 = CARTESIAN_POINT('',(4.295936856818,30.475797350773));
#4618 = CARTESIAN_POINT('',(4.314905953321,30.305252342616));
#4619 = CARTESIAN_POINT('',(4.336321114559,30.140607160551));
#4620 = CARTESIAN_POINT('',(4.360176081336,29.982669332826));
#4621 = CARTESIAN_POINT('',(4.386486171715,29.832587707217));
#4622 = CARTESIAN_POINT('',(4.415280512097,29.691957084865));
#4623 = CARTESIAN_POINT('',(4.457449414197,29.518220776081));
#4624 = CARTESIAN_POINT('',(4.468607339721,29.474891113738));
#4625 = CARTESIAN_POINT('',(4.480071218861,29.433041596224));
#4626 = CARTESIAN_POINT('',(4.491840184041,29.392780508499));
#4627 = CARTESIAN_POINT('',(4.503913110332,29.354222772031));
#4628 = CARTESIAN_POINT('',(4.516288679501,29.317490118289));
#4629 = CARTESIAN_POINT('',(4.570388167318,29.169067522727));
#4630 = CARTESIAN_POINT('',(4.616120655041,29.073283777974));
#4631 = CARTESIAN_POINT('',(4.664870707085,29.00609005163));
#4632 = CARTESIAN_POINT('',(4.715286324782,28.97361756433));
#4633 = CARTESIAN_POINT('',(4.766039715369,28.978156531034));
#4634 = CARTESIAN_POINT('',(4.815780344286,29.018254391823));
#4635 = CARTESIAN_POINT('',(4.863154914626,29.088254669521));
#4636 = ( GEOMETRIC_REPRESENTATION_CONTEXT(2) 
PARAMETRIC_REPRESENTATION_CONTEXT() REPRESENTATION_CONTEXT('2D SPACE',''
  ) );
#4637 = PCURVE('',#4215,#4638);
#4638 = DEFINITIONAL_REPRESENTATION('',(#4639),#4774);
#4639 = B_SPLINE_CURVE_WITH_KNOTS('',7,(#4640,#4641,#4642,#4643,#4644,
    #4645,#4646,#4647,#4648,#4649,#4650,#4651,#4652,#4653,#4654,#4655,
    #4656,#4657,#4658,#4659,#4660,#4661,#4662,#4663,#4664,#4665,#4666,
    #4667,#4668,#4669,#4670,#4671,#4672,#4673,#4674,#4675,#4676,#4677,
    #4678,#4679,#4680,#4681,#4682,#4683,#4684,#4685,#4686,#4687,#4688,
    #4689,#4690,#4691,#4692,#4693,#4694,#4695,#4696,#4697,#4698,#4699,
    #4700,#4701,#4702,#4703,#4704,#4705,#4706,#4707,#4708,#4709,#4710,
    #4711,#4712,#4713,#4714,#4715,#4716,#4717,#4718,#4719,#4720,#4721,
    #4722,#4723,#4724,#4725,#4726,#4727,#4728,#4729,#4730,#4731,#4732,
    #4733,#4734,#4735,#4736,#4737,#4738,#4739,#4740,#4741,#4742,#4743,
    #4744,#4745,#4746,#4747,#4748,#4749,#4750,#4751,#4752,#4753,#4754,
    #4755,#4756,#4757,#4758,#4759,#4760,#4761,#4762,#4763,#4764,#4765,
    #4766,#4767,#4768,#4769,#4770,#4771,#4772,#4773),.UNSPECIFIED.,.F.,
  .F.,(8,6,6,6,6,6,6,6,6,6,6,6,6,6,6,6,6,6,6,6,6,6,8),(0.,
    3.743067767003E-02,6.199475379746E-02,8.033308434981E-02,
    9.39441570682E-02,0.135294393614,0.174005091337,0.217772069307,
    0.300481282765,0.359669833272,0.408543185593,0.46715824706,
    0.527042091827,0.554422548918,0.590970480778,0.634725396641,
    0.67447372668,0.71815132503,0.762307143794,0.800945106218,
    0.881250753775,0.90907645596,1.),.UNSPECIFIED.);
#4640 = CARTESIAN_POINT('',(0.,13.956363057233));
#4641 = CARTESIAN_POINT('',(3.940465052688E-02,13.942449236246));
#4642 = CARTESIAN_POINT('',(7.824762230762E-02,13.926276032595));
#4643 = CARTESIAN_POINT('',(0.116530673039,13.908085874509));
#4644 = CARTESIAN_POINT('',(0.154250182946,13.888137238827));
#4645 = CARTESIAN_POINT('',(0.191396706307,13.866699123919));
#4646 = CARTESIAN_POINT('',(0.227954522973,13.844045522606));
#4647 = CARTESIAN_POINT('',(0.287491376285,13.80496514228));
#4648 = CARTESIAN_POINT('',(0.310837310856,13.789062250568));
#4649 = CARTESIAN_POINT('',(0.33394901672,13.772805987924));
#4650 = CARTESIAN_POINT('',(0.356836226727,13.756258357036));
#4651 = CARTESIAN_POINT('',(0.379508383472,13.739478595291));
#4652 = CARTESIAN_POINT('',(0.401974639288,13.722523174781));
#4653 = CARTESIAN_POINT('',(0.440868957875,13.6926966763));
#4654 = CARTESIAN_POINT('',(0.45738529676,13.679878820915));
#4655 = CARTESIAN_POINT('',(0.473797368732,13.667013900528));
#4656 = CARTESIAN_POINT('',(0.490109653304,13.654122752135));
#4657 = CARTESIAN_POINT('',(0.506326613684,13.641225385349));
#4658 = CARTESIAN_POINT('',(0.522452696773,13.628340982398));
#4659 = CARTESIAN_POINT('',(0.550397269472,13.605948084006));
#4660 = CARTESIAN_POINT('',(0.562254551394,13.596425571025));
#4661 = CARTESIAN_POINT('',(0.574065973231,13.586927890595));
#4662 = CARTESIAN_POINT('',(0.58583329681,13.577462392641));
#4663 = CARTESIAN_POINT('',(0.597558251482,13.568036245604));
#4664 = CARTESIAN_POINT('',(0.609242534121,13.55865643644));
#4665 = CARTESIAN_POINT('',(0.656265981442,13.52099549851));
#4666 = CARTESIAN_POINT('',(0.691289500061,13.493147480798));
#4667 = CARTESIAN_POINT('',(0.726000632093,13.465980544931));
#4668 = CARTESIAN_POINT('',(0.760438544366,13.439676293093));
#4669 = CARTESIAN_POINT('',(0.794640940133,13.414403578533));
#4670 = CARTESIAN_POINT('',(0.828645695781,13.390318981892));
#4671 = CARTESIAN_POINT('',(0.894178732516,13.346267918131));
#4672 = CARTESIAN_POINT('',(0.925726084633,13.326137002926));
#4673 = CARTESIAN_POINT('',(0.957153195668,13.307302766));
#4674 = CARTESIAN_POINT('',(0.988478437416,13.289882599305));
#4675 = CARTESIAN_POINT('',(1.019720354607,13.273982221108));
#4676 = CARTESIAN_POINT('',(1.050898107842,13.259694834442));
#4677 = CARTESIAN_POINT('',(1.117232333925,13.232860672832));
#4678 = CARTESIAN_POINT('',(1.152375044884,13.220785519742));
#4679 = CARTESIAN_POINT('',(1.187471097287,13.210997938339));
#4680 = CARTESIAN_POINT('',(1.222532162105,13.203592213286));
#4681 = CARTESIAN_POINT('',(1.257570722467,13.198632649987));
#4682 = CARTESIAN_POINT('',(1.292600262731,13.196152422707));
#4683 = CARTESIAN_POINT('',(1.393843670771,13.196152422707));
#4684 = CARTESIAN_POINT('',(1.45994782886,13.205010125771));
#4685 = CARTESIAN_POINT('',(1.52610022315,13.222676535292));
#4686 = CARTESIAN_POINT('',(1.592437784648,13.248745672544));
#4687 = CARTESIAN_POINT('',(1.65908839659,13.282457134171));
#4688 = CARTESIAN_POINT('',(1.726168907144,13.322731349209));
#4689 = CARTESIAN_POINT('',(1.842155151314,13.400802773563));
#4690 = CARTESIAN_POINT('',(1.890847098487,13.436076166307));
#4691 = CARTESIAN_POINT('',(1.939971544904,13.473634451808));
#4692 = CARTESIAN_POINT('',(1.989647758448,13.513014724459));
#4693 = CARTESIAN_POINT('',(2.03999651221,13.553702975557));
#4694 = CARTESIAN_POINT('',(2.091143182914,13.595122633753));
#4695 = CARTESIAN_POINT('',(2.186222580547,13.670891002905));
#4696 = CARTESIAN_POINT('',(2.229897185134,13.705244026739));
#4697 = CARTESIAN_POINT('',(2.274312425051,13.739308991902));
#4698 = CARTESIAN_POINT('',(2.319536860212,13.772670998759));
#4699 = CARTESIAN_POINT('',(2.365642184684,13.804873121811));
#4700 = CARTESIAN_POINT('',(2.412705562867,13.835416098364));
#4701 = CARTESIAN_POINT('',(2.518507204981,13.897749205385));
#4702 = CARTESIAN_POINT('',(2.578107179558,13.928813123771));
#4703 = CARTESIAN_POINT('',(2.639191112823,13.955579459833));
#4704 = CARTESIAN_POINT('',(2.70143701421,13.976833539336));
#4705 = CARTESIAN_POINT('',(2.764585303915,13.991641163546));
#4706 = CARTESIAN_POINT('',(2.828410241883,13.999422546594));
#4707 = CARTESIAN_POINT('',(2.958379679947,14.000540125452));
#4708 = CARTESIAN_POINT('',(3.023647045261,13.993552269578));
#4709 = CARTESIAN_POINT('',(3.088260523624,13.979168254562));
#4710 = CARTESIAN_POINT('',(3.151968465774,13.957967343039));
#4711 = CARTESIAN_POINT('',(3.214483757506,13.930930433282));
#4712 = CARTESIAN_POINT('',(3.275450481374,13.899358207401));
#4713 = CARTESIAN_POINT('',(3.361355865915,13.848895018423));
#4714 = CARTESIAN_POINT('',(3.387990657228,13.832362316401));
#4715 = CARTESIAN_POINT('',(3.414318346748,13.815226231735));
#4716 = CARTESIAN_POINT('',(3.440349965524,13.797579531633));
#4717 = CARTESIAN_POINT('',(3.466095694373,13.779511617531));
#4718 = CARTESIAN_POINT('',(3.491565166311,13.761108144379));
#4719 = CARTESIAN_POINT('',(3.550408661162,13.717546263801));
#4720 = CARTESIAN_POINT('',(3.583580779258,13.692184300768));
#4721 = CARTESIAN_POINT('',(3.616322010779,13.666546521565));
#4722 = CARTESIAN_POINT('',(3.648667407871,13.640801324814));
#4723 = CARTESIAN_POINT('',(3.680650695074,13.615104340398));
#4724 = CARTESIAN_POINT('',(3.712305777086,13.589599032842));
#4725 = CARTESIAN_POINT('',(3.781215164817,13.534269924533));
#4726 = CARTESIAN_POINT('',(3.81834681374,13.504583040374));
#4727 = CARTESIAN_POINT('',(3.855114451178,13.475590913333));
#4728 = CARTESIAN_POINT('',(3.891565151247,13.447510889413));
#4729 = CARTESIAN_POINT('',(3.927744031088,13.420544155556));
#4730 = CARTESIAN_POINT('',(3.963696477673,13.394876495678));
#4731 = CARTESIAN_POINT('',(4.031968498165,13.348697329474));
#4732 = CARTESIAN_POINT('',(4.064318274112,13.327929561963));
#4733 = CARTESIAN_POINT('',(4.096539924558,13.308514681424));
#4734 = CARTESIAN_POINT('',(4.128653339001,13.290579744159));
#4735 = CARTESIAN_POINT('',(4.160678580287,13.274238979834));
#4736 = CARTESIAN_POINT('',(4.192636390564,13.259592845814));
#4737 = CARTESIAN_POINT('',(4.259615652558,13.232589489117));
#4738 = CARTESIAN_POINT('',(4.294625675459,13.220602356946));
#4739 = CARTESIAN_POINT('',(4.329589650627,13.210887050281));
#4740 = CARTESIAN_POINT('',(4.364519075242,13.2035364981));
#4741 = CARTESIAN_POINT('',(4.399426244986,13.198614064925));
#4742 = CARTESIAN_POINT('',(4.434324440053,13.196152422707));
#4743 = CARTESIAN_POINT('',(4.50451393808,13.196152422707));
#4744 = CARTESIAN_POINT('',(4.539793908294,13.198668258745));
#4745 = CARTESIAN_POINT('',(4.575083080201,13.203699000206));
#4746 = CARTESIAN_POINT('',(4.610395279823,13.211210512867));
#4747 = CARTESIAN_POINT('',(4.645743297679,13.221136659161));
#4748 = CARTESIAN_POINT('',(4.681139085665,13.233380498436));
#4749 = CARTESIAN_POINT('',(4.747618265234,13.260446632324));
#4750 = CARTESIAN_POINT('',(4.778686783237,13.274755183707));
#4751 = CARTESIAN_POINT('',(4.809819572201,13.290661723584));
#4752 = CARTESIAN_POINT('',(4.841035655486,13.308073715395));
#4753 = CARTESIAN_POINT('',(4.872353453859,13.326886326683));
#4754 = CARTESIAN_POINT('',(4.903791223811,13.346983251972));
#4755 = CARTESIAN_POINT('',(5.000996033624,13.412412717427));
#4756 = CARTESIAN_POINT('',(5.067162301749,13.461547031563));
#4757 = CARTESIAN_POINT('',(5.134190330401,13.514590754096));
#4758 = CARTESIAN_POINT('',(5.202401491695,13.570376359806));
#4759 = CARTESIAN_POINT('',(5.272113943311,13.627546537814));
#4760 = CARTESIAN_POINT('',(5.343658485061,13.684489041286));
#4761 = CARTESIAN_POINT('',(5.442965827382,13.7582627344));
#4762 = CARTESIAN_POINT('',(5.468794308526,13.776994856153));
#4763 = CARTESIAN_POINT('',(5.494906288891,13.795389960184));
#4764 = CARTESIAN_POINT('',(5.521312018129,13.813358841395));
#4765 = CARTESIAN_POINT('',(5.548022308711,13.830808263609));
#4766 = CARTESIAN_POINT('',(5.575048866158,13.84764135728));
#4767 = CARTESIAN_POINT('',(5.691792552982,13.916420977136));
#4768 = CARTESIAN_POINT('',(5.787056351166,13.962824951665));
#4769 = CARTESIAN_POINT('',(5.885637950893,13.996783460312));
#4770 = CARTESIAN_POINT('',(5.985936848933,14.013452746723));
#4771 = CARTESIAN_POINT('',(6.086592038762,14.010914601512));
#4772 = CARTESIAN_POINT('',(6.186274310989,13.990582425623));
#4773 = CARTESIAN_POINT('',(6.28318530718,13.956363057233));
#4774 = ( GEOMETRIC_REPRESENTATION_CONTEXT(2) 
PARAMETRIC_REPRESENTATION_CONTEXT() REPRESENTATION_CONTEXT('2D SPACE',''
  ) );
#4775 = ADVANCED_FACE('',(#4776),#293,.T.);
#4776 = FACE_BOUND('',#4777,.T.);
#4777 = EDGE_LOOP('',(#4778,#4801,#4828,#4829));
#4778 = ORIENTED_EDGE('',*,*,#4779,.T.);
#4779 = EDGE_CURVE('',#255,#4780,#4782,.T.);
#4780 = VERTEX_POINT('',#4781);
#4781 = CARTESIAN_POINT('',(14.,0.,55.));
#4782 = SEAM_CURVE('',#4783,(#4787,#4794),.PCURVE_S1.);
#4783 = LINE('',#4784,#4785);
#4784 = CARTESIAN_POINT('',(14.,0.,0.));
#4785 = VECTOR('',#4786,1.);
#4786 = DIRECTION('',(0.,0.,1.));
#4787 = PCURVE('',#293,#4788);
#4788 = DEFINITIONAL_REPRESENTATION('',(#4789),#4793);
#4789 = LINE('',#4790,#4791);
#4790 = CARTESIAN_POINT('',(6.28318530718,-0.));
#4791 = VECTOR('',#4792,1.);
#4792 = DIRECTION('',(0.,1.));
#4793 = ( GEOMETRIC_REPRESENTATION_CONTEXT(2) 
PARAMETRIC_REPRESENTATION_CONTEXT() REPRESENTATION_CONTEXT('2D SPACE',''
  ) );
#4794 = PCURVE('',#293,#4795);
#4795 = DEFINITIONAL_REPRESENTATION('',(#4796),#4800);
#4796 = LINE('',#4797,#4798);
#4797 = CARTESIAN_POINT('',(0.,-0.));
#4798 = VECTOR('',#4799,1.);
#4799 = DIRECTION('',(0.,1.));
#4800 = ( GEOMETRIC_REPRESENTATION_CONTEXT(2) 
PARAMETRIC_REPRESENTATION_CONTEXT() REPRESENTATION_CONTEXT('2D SPACE',''
  ) );
#4801 = ORIENTED_EDGE('',*,*,#4802,.F.);
#4802 = EDGE_CURVE('',#4780,#4780,#4803,.T.);
#4803 = SURFACE_CURVE('',#4804,(#4809,#4816),.PCURVE_S1.);
#4804 = CIRCLE('',#4805,14.);
#4805 = AXIS2_PLACEMENT_3D('',#4806,#4807,#4808);
#4806 = CARTESIAN_POINT('',(0.,0.,55.));
#4807 = DIRECTION('',(0.,0.,1.));
#4808 = DIRECTION('',(1.,0.,-0.));
#4809 = PCURVE('',#293,#4810);
#4810 = DEFINITIONAL_REPRESENTATION('',(#4811),#4815);
#4811 = LINE('',#4812,#4813);
#4812 = CARTESIAN_POINT('',(0.,55.));
#4813 = VECTOR('',#4814,1.);
#4814 = DIRECTION('',(1.,0.));
#4815 = ( GEOMETRIC_REPRESENTATION_CONTEXT(2) 
PARAMETRIC_REPRESENTATION_CONTEXT() REPRESENTATION_CONTEXT('2D SPACE',''
  ) );
#4816 = PCURVE('',#4817,#4822);
#4817 = SPHERICAL_SURFACE('',#4818,14.);
#4818 = AXIS2_PLACEMENT_3D('',#4819,#4820,#4821);
#4819 = CARTESIAN_POINT('',(0.,0.,55.));
#4820 = DIRECTION('',(0.,0.,1.));
#4821 = DIRECTION('',(1.,0.,-0.));
#4822 = DEFINITIONAL_REPRESENTATION('',(#4823),#4827);
#4823 = LINE('',#4824,#4825);
#4824 = CARTESIAN_POINT('',(0.,0.));
#4825 = VECTOR('',#4826,1.);
#4826 = DIRECTION('',(1.,0.));
#4827 = ( GEOMETRIC_REPRESENTATION_CONTEXT(2) 
PARAMETRIC_REPRESENTATION_CONTEXT() REPRESENTATION_CONTEXT('2D SPACE',''
  ) );
#4828 = ORIENTED_EDGE('',*,*,#4779,.F.);
#4829 = ORIENTED_EDGE('',*,*,#278,.T.);
#4830 = ADVANCED_FACE('',(#4831,#4885,#5197),#571,.T.);
#4831 = FACE_BOUND('',#4832,.T.);
#4832 = EDGE_LOOP('',(#4833,#4834,#4857,#4884));
#4833 = ORIENTED_EDGE('',*,*,#506,.T.);
#4834 = ORIENTED_EDGE('',*,*,#4835,.T.);
#4835 = EDGE_CURVE('',#507,#4836,#4838,.T.);
#4836 = VERTEX_POINT('',#4837);
#4837 = CARTESIAN_POINT('',(-7.105427357601E-15,-39.,-6.));
#4838 = SEAM_CURVE('',#4839,(#4843,#4850),.PCURVE_S1.);
#4839 = LINE('',#4840,#4841);
#4840 = CARTESIAN_POINT('',(-7.105427357601E-15,0.,-6.));
#4841 = VECTOR('',#4842,1.);
#4842 = DIRECTION('',(0.,-1.,0.));
#4843 = PCURVE('',#571,#4844);
#4844 = DEFINITIONAL_REPRESENTATION('',(#4845),#4849);
#4845 = LINE('',#4846,#4847);
#4846 = CARTESIAN_POINT('',(0.,-0.));
#4847 = VECTOR('',#4848,1.);
#4848 = DIRECTION('',(0.,1.));
#4849 = ( GEOMETRIC_REPRESENTATION_CONTEXT(2) 
PARAMETRIC_REPRESENTATION_CONTEXT() REPRESENTATION_CONTEXT('2D SPACE',''
  ) );
#4850 = PCURVE('',#571,#4851);
#4851 = DEFINITIONAL_REPRESENTATION('',(#4852),#4856);
#4852 = LINE('',#4853,#4854);
#4853 = CARTESIAN_POINT('',(6.28318530718,-0.));
#4854 = VECTOR('',#4855,1.);
#4855 = DIRECTION('',(0.,1.));
#4856 = ( GEOMETRIC_REPRESENTATION_CONTEXT(2) 
PARAMETRIC_REPRESENTATION_CONTEXT() REPRESENTATION_CONTEXT('2D SPACE',''
  ) );
#4857 = ORIENTED_EDGE('',*,*,#4858,.F.);
#4858 = EDGE_CURVE('',#4836,#4836,#4859,.T.);
#4859 = SURFACE_CURVE('',#4860,(#4865,#4872),.PCURVE_S1.);
#4860 = CIRCLE('',#4861,6.);
#4861 = AXIS2_PLACEMENT_3D('',#4862,#4863,#4864);
#4862 = CARTESIAN_POINT('',(0.,-39.,0.));
#4863 = DIRECTION('',(0.,-1.,0.));
#4864 = DIRECTION('',(0.,-0.,-1.));
#4865 = PCURVE('',#571,#4866);
#4866 = DEFINITIONAL_REPRESENTATION('',(#4867),#4871);
#4867 = LINE('',#4868,#4869);
#4868 = CARTESIAN_POINT('',(0.,39.));
#4869 = VECTOR('',#4870,1.);
#4870 = DIRECTION('',(1.,0.));
#4871 = ( GEOMETRIC_REPRESENTATION_CONTEXT(2) 
PARAMETRIC_REPRESENTATION_CONTEXT() REPRESENTATION_CONTEXT('2D SPACE',''
  ) );
#4872 = PCURVE('',#4873,#4878);
#4873 = PLANE('',#4874);
#4874 = AXIS2_PLACEMENT_3D('',#4875,#4876,#4877);
#4875 = CARTESIAN_POINT('',(0.,-39.,0.));
#4876 = DIRECTION('',(0.,-1.,0.));
#4877 = DIRECTION('',(0.,-0.,-1.));
#4878 = DEFINITIONAL_REPRESENTATION('',(#4879),#4883);
#4879 = CIRCLE('',#4880,6.);
#4880 = AXIS2_PLACEMENT_2D('',#4881,#4882);
#4881 = CARTESIAN_POINT('',(0.,0.));
#4882 = DIRECTION('',(1.,0.));
#4883 = ( GEOMETRIC_REPRESENTATION_CONTEXT(2) 
PARAMETRIC_REPRESENTATION_CONTEXT() REPRESENTATION_CONTEXT('2D SPACE',''
  ) );
#4884 = ORIENTED_EDGE('',*,*,#4835,.F.);
#4885 = FACE_BOUND('',#4886,.T.);
#4886 = EDGE_LOOP('',(#4887));
#4887 = ORIENTED_EDGE('',*,*,#4888,.T.);
#4888 = EDGE_CURVE('',#4889,#4889,#4891,.T.);
#4889 = VERTEX_POINT('',#4890);
#4890 = CARTESIAN_POINT('',(5.196152422707,-32.,-3.));
#4891 = SURFACE_CURVE('',#4892,(#4990,#5091),.PCURVE_S1.);
#4892 = B_SPLINE_CURVE_WITH_KNOTS('',6,(#4893,#4894,#4895,#4896,#4897,
    #4898,#4899,#4900,#4901,#4902,#4903,#4904,#4905,#4906,#4907,#4908,
    #4909,#4910,#4911,#4912,#4913,#4914,#4915,#4916,#4917,#4918,#4919,
    #4920,#4921,#4922,#4923,#4924,#4925,#4926,#4927,#4928,#4929,#4930,
    #4931,#4932,#4933,#4934,#4935,#4936,#4937,#4938,#4939,#4940,#4941,
    #4942,#4943,#4944,#4945,#4946,#4947,#4948,#4949,#4950,#4951,#4952,
    #4953,#4954,#4955,#4956,#4957,#4958,#4959,#4960,#4961,#4962,#4963,
    #4964,#4965,#4966,#4967,#4968,#4969,#4970,#4971,#4972,#4973,#4974,
    #4975,#4976,#4977,#4978,#4979,#4980,#4981,#4982,#4983,#4984,#4985,
    #4986,#4987,#4988,#4989),.UNSPECIFIED.,.T.,.F.,(7,5,5,5,5,5,5,5,5,5,
    5,5,5,5,5,5,5,5,5,7),(0.,8.267874582234E-02,0.141845488437,
    0.190700837556,0.249294307322,0.309156093013,0.336526464117,
    0.373060933015,0.416799731119,0.499751957132,0.543281997332,
    0.582760897624,0.662913379248,0.690685252607,0.749258119271,
    0.809098855884,0.8364596028,0.872981225158,0.916704643478,1.),
  .UNSPECIFIED.);
#4893 = CARTESIAN_POINT('',(5.196152422707,-32.,-3.));
#4894 = CARTESIAN_POINT('',(5.196152422707,-32.2317287462,-3.));
#4895 = CARTESIAN_POINT('',(5.208553206997,-32.46302067897,
    -2.978521121336));
#4896 = CARTESIAN_POINT('',(5.233269031514,-32.69218525732,
    -2.935712461632));
#4897 = CARTESIAN_POINT('',(5.269381193918,-32.91747677078,
    -2.871625750251));
#4898 = CARTESIAN_POINT('',(5.315146984803,-33.13694703356,
    -2.786277235504));
#4899 = CARTESIAN_POINT('',(5.406230310279,-33.49958789722,
    -2.60382586769));
#4900 = CARTESIAN_POINT('',(5.448014513036,-33.64686821163,
    -2.516887332105));
#4901 = CARTESIAN_POINT('',(5.492849409484,-33.78971070287,
    -2.418970582871));
#4902 = CARTESIAN_POINT('',(5.539901804646,-33.92751195329,
    -2.309804195782));
#4903 = CARTESIAN_POINT('',(5.588205892506,-34.05944411835,
    -2.189043841212));
#4904 = CARTESIAN_POINT('',(5.676602319139,-34.28754414188,
    -1.946739292453));
#4905 = CARTESIAN_POINT('',(5.716700709779,-34.38604749113,
    -1.828882855207));
#4906 = CARTESIAN_POINT('',(5.756265203495,-34.47920075154,
    -1.702559891205));
#4907 = CARTESIAN_POINT('',(5.794545392446,-34.56616721878,
    -1.567591243741));
#4908 = CARTESIAN_POINT('',(5.830692445223,-34.64593507183,
    -1.423859847045));
#4909 = CARTESIAN_POINT('',(5.903414403414,-34.80286501433,
    -1.08845063473));
#4910 = CARTESIAN_POINT('',(5.938972611914,-34.87705802754,
    -0.891388569746));
#4911 = CARTESIAN_POINT('',(5.968034595773,-34.93603704157,
    -0.682634010342));
#4912 = CARTESIAN_POINT('',(5.988565464086,-34.9771302636,
    -0.465148215307));
#4913 = CARTESIAN_POINT('',(5.999330412195,-34.99866080818,
    -0.242205295564));
#4914 = CARTESIAN_POINT('',(6.000634254195,-35.00126852432,
    0.212680263113));
#4915 = CARTESIAN_POINT('',(5.99071947573,-34.98143832007,0.440944493483
    ));
#4916 = CARTESIAN_POINT('',(5.970504838686,-34.94103823969,
    0.663896321543));
#4917 = CARTESIAN_POINT('',(5.941250682177,-34.88178331161,
    0.877946143677));
#4918 = CARTESIAN_POINT('',(5.905129811044,-34.80651342742,
    1.079839930741));
#4919 = CARTESIAN_POINT('',(5.846256090571,-34.67954401922,
    1.352384467038));
#4920 = CARTESIAN_POINT('',(5.826804806733,-34.63704487201,
    1.435180414848));
#4921 = CARTESIAN_POINT('',(5.806542300485,-34.59210079797,
    1.515243400131));
#4922 = CARTESIAN_POINT('',(5.785629173161,-34.5449123691,1.592569309914
    ));
#4923 = CARTESIAN_POINT('',(5.764217728457,-34.49566560356,1.66716347193
    ));
#4924 = CARTESIAN_POINT('',(5.713395534448,-34.37627920333,
    1.834982449701));
#4925 = CARTESIAN_POINT('',(5.683699807296,-34.3046487677,1.926105963388
    ));
#4926 = CARTESIAN_POINT('',(5.653681557267,-34.22999740422,
    2.012508014285));
#4927 = CARTESIAN_POINT('',(5.623627681544,-34.15262674667,
    2.094288077743));
#4928 = CARTESIAN_POINT('',(5.593795987532,-34.07278419081,
    2.171546650037));
#4929 = CARTESIAN_POINT('',(5.529245361171,-33.89234853302,
    2.331584595337));
#4930 = CARTESIAN_POINT('',(5.494718112055,-33.79075529661,
    2.412460013542));
#4931 = CARTESIAN_POINT('',(5.461245514291,-33.68624817518,
    2.487143839904));
#4932 = CARTESIAN_POINT('',(5.429198056243,-33.57913272972,
    2.555746691433));
#4933 = CARTESIAN_POINT('',(5.39890940384,-33.46965661957,2.618355709962
    ));
#4934 = CARTESIAN_POINT('',(5.317139144668,-33.14627052655,
    2.782526269109));
#4935 = CARTESIAN_POINT('',(5.270903061544,-32.92632976765,
    2.868885627809));
#4936 = CARTESIAN_POINT('',(5.234331454658,-32.70048445462,2.93385071115
    ));
#4937 = CARTESIAN_POINT('',(5.209195621892,-32.47069881622,
    2.977408231128));
#4938 = CARTESIAN_POINT('',(5.196436966462,-32.23872974511,
    2.999507154331));
#4939 = CARTESIAN_POINT('',(5.196008884142,-31.88429322606,
    3.000248616822));
#4940 = CARTESIAN_POINT('',(5.199297700036,-31.76232269641,
    2.994551845863));
#4941 = CARTESIAN_POINT('',(5.206023113395,-31.64065199558,
    2.982906932169));
#4942 = CARTESIAN_POINT('',(5.216111686202,-31.51957681352,
    2.965322965048));
#4943 = CARTESIAN_POINT('',(5.229419944922,-31.39940118181,
    2.941818689943));
#4944 = CARTESIAN_POINT('',(5.260537859227,-31.17254594746,
    2.885770438995));
#4945 = CARTESIAN_POINT('',(5.277812489024,-31.06565809423,
    2.854273081152));
#4946 = CARTESIAN_POINT('',(5.297415394188,-30.95993904605,
    2.817943209816));
#4947 = CARTESIAN_POINT('',(5.319165944161,-30.8555690284,2.776780445721
    ));
#4948 = CARTESIAN_POINT('',(5.34285287173,-30.75274422758,2.730778855971
    ));
#4949 = CARTESIAN_POINT('',(5.419775035245,-30.44648488026,
    2.576694078376));
#4950 = CARTESIAN_POINT('',(5.47825622625,-30.24875754897,2.453588054963
    ));
#4951 = CARTESIAN_POINT('',(5.541842578733,-30.05949187592,
    2.310244413076));
#4952 = CARTESIAN_POINT('',(5.608421179269,-29.88024089863,
    2.145798973783));
#4953 = CARTESIAN_POINT('',(5.675355743442,-29.71346590986,
    1.959183053746));
#4954 = CARTESIAN_POINT('',(5.761426794929,-29.5107694452,1.676821757153
    ));
#4955 = CARTESIAN_POINT('',(5.783222080643,-29.46053978114,
    1.601363311664));
#4956 = CARTESIAN_POINT('',(5.80451586984,-29.41241795753,1.523089340929
    ));
#4957 = CARTESIAN_POINT('',(5.825149470136,-29.36659724312,
    1.441992857106));
#4958 = CARTESIAN_POINT('',(5.844955247292,-29.32328659429,
    1.358076755851));
#4959 = CARTESIAN_POINT('',(5.903414403414,-29.19713498566,1.08845063473
    ));
#4960 = CARTESIAN_POINT('',(5.938972611914,-29.12294197245,
    0.891388569745));
#4961 = CARTESIAN_POINT('',(5.968034595773,-29.06396295842,0.68263401034
    ));
#4962 = CARTESIAN_POINT('',(5.988565464086,-29.02286973639,
    0.465148215306));
#4963 = CARTESIAN_POINT('',(5.999330412195,-29.00133919181,
    0.242205295563));
#4964 = CARTESIAN_POINT('',(6.000634254195,-28.99873147567,
    -0.212680263114));
#4965 = CARTESIAN_POINT('',(5.99071947573,-29.01856167993,
    -0.440944493484));
#4966 = CARTESIAN_POINT('',(5.970504838686,-29.0589617603,
    -0.663896321544));
#4967 = CARTESIAN_POINT('',(5.941250682177,-29.11821668839,
    -0.877946143678));
#4968 = CARTESIAN_POINT('',(5.905129811044,-29.19348657257,
    -1.079839930742));
#4969 = CARTESIAN_POINT('',(5.846256090571,-29.32045598077,
    -1.35238446704));
#4970 = CARTESIAN_POINT('',(5.826804806733,-29.36295512798,
    -1.435180414848));
#4971 = CARTESIAN_POINT('',(5.806542300485,-29.40789920202,
    -1.515243400131));
#4972 = CARTESIAN_POINT('',(5.785629173161,-29.45508763089,
    -1.592569309915));
#4973 = CARTESIAN_POINT('',(5.764217728456,-29.50433439643,
    -1.667163471931));
#4974 = CARTESIAN_POINT('',(5.713395534448,-29.62372079666,
    -1.834982449702));
#4975 = CARTESIAN_POINT('',(5.683699807296,-29.69535123229,
    -1.926105963389));
#4976 = CARTESIAN_POINT('',(5.653681557266,-29.77000259577,
    -2.012508014285));
#4977 = CARTESIAN_POINT('',(5.623627681544,-29.84737325332,
    -2.094288077743));
#4978 = CARTESIAN_POINT('',(5.593795987532,-29.92721580918,
    -2.171546650038));
#4979 = CARTESIAN_POINT('',(5.529245361171,-30.10765146697,
    -2.331584595338));
#4980 = CARTESIAN_POINT('',(5.494718112055,-30.20924470339,
    -2.412460013543));
#4981 = CARTESIAN_POINT('',(5.46124551429,-30.31375182481,
    -2.487143839904));
#4982 = CARTESIAN_POINT('',(5.429198056243,-30.42086727027,
    -2.555746691433));
#4983 = CARTESIAN_POINT('',(5.39890940384,-30.53034338042,
    -2.618355709963));
#4984 = CARTESIAN_POINT('',(5.316898767101,-30.85468012179,
    -2.783008876355));
#4985 = CARTESIAN_POINT('',(5.270486870876,-31.07564997565,
    -2.869663000091));
#4986 = CARTESIAN_POINT('',(5.23383735338,-31.30256911161,
    -2.934728116293));
#4987 = CARTESIAN_POINT('',(5.20874381085,-31.53344541741,
    -2.978190980885));
#4988 = CARTESIAN_POINT('',(5.196152422707,-31.76649706818,-3.));
#4989 = CARTESIAN_POINT('',(5.196152422707,-32.,-3.));
#4990 = PCURVE('',#571,#4991);
#4991 = DEFINITIONAL_REPRESENTATION('',(#4992),#5090);
#4992 = B_SPLINE_CURVE_WITH_KNOTS('',6,(#4993,#4994,#4995,#4996,#4997,
    #4998,#4999,#5000,#5001,#5002,#5003,#5004,#5005,#5006,#5007,#5008,
    #5009,#5010,#5011,#5012,#5013,#5014,#5015,#5016,#5017,#5018,#5019,
    #5020,#5021,#5022,#5023,#5024,#5025,#5026,#5027,#5028,#5029,#5030,
    #5031,#5032,#5033,#5034,#5035,#5036,#5037,#5038,#5039,#5040,#5041,
    #5042,#5043,#5044,#5045,#5046,#5047,#5048,#5049,#5050,#5051,#5052,
    #5053,#5054,#5055,#5056,#5057,#5058,#5059,#5060,#5061,#5062,#5063,
    #5064,#5065,#5066,#5067,#5068,#5069,#5070,#5071,#5072,#5073,#5074,
    #5075,#5076,#5077,#5078,#5079,#5080,#5081,#5082,#5083,#5084,#5085,
    #5086,#5087,#5088,#5089),.UNSPECIFIED.,.T.,.F.,(7,5,5,5,5,5,5,5,5,5,
    5,5,5,5,5,5,5,5,5,7),(0.,8.267874582234E-02,0.141845488437,
    0.190700837556,0.249294307322,0.309156093013,0.336526464117,
    0.373060933015,0.416799731119,0.499751957132,0.543281997332,
    0.582760897624,0.662913379248,0.690685252607,0.749258119271,
    0.809098855884,0.8364596028,0.872981225158,0.916704643478,1.),
  .UNSPECIFIED.);
#4993 = CARTESIAN_POINT('',(1.047197551197,32.));
#4994 = CARTESIAN_POINT('',(1.047197551197,32.2317287462));
#4995 = CARTESIAN_POINT('',(1.051331117645,32.463020678974));
#4996 = CARTESIAN_POINT('',(1.059569862385,32.692185257322));
#4997 = CARTESIAN_POINT('',(1.071828846719,32.917476770783));
#4998 = CARTESIAN_POINT('',(1.087962692737,33.13694703356));
#4999 = CARTESIAN_POINT('',(1.121949893676,33.499587897227));
#5000 = CARTESIAN_POINT('',(1.138024422624,33.646868211635));
#5001 = CARTESIAN_POINT('',(1.155968479184,33.789710702879));
#5002 = CARTESIAN_POINT('',(1.175771903382,33.927511953293));
#5003 = CARTESIAN_POINT('',(1.197438909128,34.059444118355));
#5004 = CARTESIAN_POINT('',(1.240426446918,34.287544141887));
#5005 = CARTESIAN_POINT('',(1.261169982572,34.386047491132));
#5006 = CARTESIAN_POINT('',(1.283221926584,34.479200751548));
#5007 = CARTESIAN_POINT('',(1.306589416063,34.566167218783));
#5008 = CARTESIAN_POINT('',(1.331277261707,34.645935071835));
#5009 = CARTESIAN_POINT('',(1.388477646056,34.802865014333));
#5010 = CARTESIAN_POINT('',(1.421831341657,34.877058027547));
#5011 = CARTESIAN_POINT('',(1.456914470539,34.936037041578));
#5012 = CARTESIAN_POINT('',(1.493266420795,34.977130263603));
#5013 = CARTESIAN_POINT('',(1.53042861956,34.998660808189));
#5014 = CARTESIAN_POINT('',(1.606243190773,35.001268524327));
#5015 = CARTESIAN_POINT('',(1.644282405053,34.98143832007));
#5016 = CARTESIAN_POINT('',(1.681532126079,34.941038239696));
#5017 = CARTESIAN_POINT('',(1.717490364058,34.88178331161));
#5018 = CARTESIAN_POINT('',(1.751651887702,34.806513427429));
#5019 = CARTESIAN_POINT('',(1.798123694935,34.679544019224));
#5020 = CARTESIAN_POINT('',(1.812296416954,34.637044872015));
#5021 = CARTESIAN_POINT('',(1.826058043298,34.592100797978));
#5022 = CARTESIAN_POINT('',(1.839406266528,34.544912369105));
#5023 = CARTESIAN_POINT('',(1.852339284971,34.495665603568));
#5024 = CARTESIAN_POINT('',(1.881563563645,34.376279203339));
#5025 = CARTESIAN_POINT('',(1.897533411659,34.304648767705));
#5026 = CARTESIAN_POINT('',(1.912774080823,34.229997404227));
#5027 = CARTESIAN_POINT('',(1.927292324028,34.152626746672));
#5028 = CARTESIAN_POINT('',(1.941093782326,34.072784190818));
#5029 = CARTESIAN_POINT('',(1.969854735457,33.892348533023));
#5030 = CARTESIAN_POINT('',(1.984507994788,33.79075529661));
#5031 = CARTESIAN_POINT('',(1.998145375726,33.686248175189));
#5032 = CARTESIAN_POINT('',(2.010763405502,33.579132729729));
#5033 = CARTESIAN_POINT('',(2.02235439881,33.469656619573));
#5034 = CARTESIAN_POINT('',(2.05292233216,33.146270526555));
#5035 = CARTESIAN_POINT('',(2.069241490048,32.926329767654));
#5036 = CARTESIAN_POINT('',(2.081665531694,32.700484454625));
#5037 = CARTESIAN_POINT('',(2.090047370441,32.470698816226));
#5038 = CARTESIAN_POINT('',(2.094300254269,32.238729745116));
#5039 = CARTESIAN_POINT('',(2.094442948687,31.884293226065));
#5040 = CARTESIAN_POINT('',(2.093346633973,31.762322696411));
#5041 = CARTESIAN_POINT('',(2.091105351911,31.640651995588));
#5042 = CARTESIAN_POINT('',(2.087726645204,31.519576813525));
#5043 = CARTESIAN_POINT('',(2.083225061797,31.39940118181));
#5044 = CARTESIAN_POINT('',(2.07254053115,31.17254594746));
#5045 = CARTESIAN_POINT('',(2.066553367991,31.065658094233));
#5046 = CARTESIAN_POINT('',(2.059673427217,30.95993904605));
#5047 = CARTESIAN_POINT('',(2.051914642886,30.855569028405));
#5048 = CARTESIAN_POINT('',(2.043291674001,30.752744227584));
#5049 = CARTESIAN_POINT('',(2.014588626385,30.446484880261));
#5050 = CARTESIAN_POINT('',(1.991877835533,30.248757548971));
#5051 = CARTESIAN_POINT('',(1.965756512686,30.059491875926));
#5052 = CARTESIAN_POINT('',(1.936216704346,29.88024089864));
#5053 = CARTESIAN_POINT('',(1.903212751799,29.71346590986));
#5054 = CARTESIAN_POINT('',(1.854014703137,29.510769445209));
#5055 = CARTESIAN_POINT('',(1.840925606742,29.46053978115));
#5056 = CARTESIAN_POINT('',(1.827408366444,29.41241795753));
#5057 = CARTESIAN_POINT('',(1.813464687988,29.366597243124));
#5058 = CARTESIAN_POINT('',(1.799096802882,29.323286594298));
#5059 = CARTESIAN_POINT('',(1.753115007534,29.197134985666));
#5060 = CARTESIAN_POINT('',(1.719761311933,29.122941972453));
#5061 = CARTESIAN_POINT('',(1.68467818305,29.063962958421));
#5062 = CARTESIAN_POINT('',(1.648326232795,29.022869736397));
#5063 = CARTESIAN_POINT('',(1.61116403403,29.001339191811));
#5064 = CARTESIAN_POINT('',(1.535349462817,28.998731475673));
#5065 = CARTESIAN_POINT('',(1.497310248537,29.01856167993));
#5066 = CARTESIAN_POINT('',(1.460060527511,29.058961760304));
#5067 = CARTESIAN_POINT('',(1.424102289531,29.118216688391));
#5068 = CARTESIAN_POINT('',(1.389940765888,29.193486572571));
#5069 = CARTESIAN_POINT('',(1.343468958655,29.320455980777));
#5070 = CARTESIAN_POINT('',(1.329296236635,29.362955127986));
#5071 = CARTESIAN_POINT('',(1.315534610292,29.407899202022));
#5072 = CARTESIAN_POINT('',(1.302186387062,29.455087630896));
#5073 = CARTESIAN_POINT('',(1.289253368619,29.504334396433));
#5074 = CARTESIAN_POINT('',(1.260029089945,29.623720796662));
#5075 = CARTESIAN_POINT('',(1.244059241931,29.695351232296));
#5076 = CARTESIAN_POINT('',(1.228818572767,29.770002595773));
#5077 = CARTESIAN_POINT('',(1.214300329561,29.847373253328));
#5078 = CARTESIAN_POINT('',(1.200498871264,29.927215809183));
#5079 = CARTESIAN_POINT('',(1.171737918133,30.107651466977));
#5080 = CARTESIAN_POINT('',(1.157084658802,30.209244703391));
#5081 = CARTESIAN_POINT('',(1.143447277863,30.313751824811));
#5082 = CARTESIAN_POINT('',(1.130829248087,30.420867270271));
#5083 = CARTESIAN_POINT('',(1.11923825478,30.530343380428));
#5084 = CARTESIAN_POINT('',(1.088580461797,30.854680121798));
#5085 = CARTESIAN_POINT('',(1.072204266807,31.075649975657));
#5086 = CARTESIAN_POINT('',(1.05975930891,31.302569111613));
#5087 = CARTESIAN_POINT('',(1.051394650751,31.533445417416));
#5088 = CARTESIAN_POINT('',(1.047197551197,31.766497068186));
#5089 = CARTESIAN_POINT('',(1.047197551197,32.));
#5090 = ( GEOMETRIC_REPRESENTATION_CONTEXT(2) 
PARAMETRIC_REPRESENTATION_CONTEXT() REPRESENTATION_CONTEXT('2D SPACE',''
  ) );
#5091 = PCURVE('',#5092,#5097);
#5092 = CYLINDRICAL_SURFACE('',#5093,3.);
#5093 = AXIS2_PLACEMENT_3D('',#5094,#5095,#5096);
#5094 = CARTESIAN_POINT('',(8.,-32.,0.));
#5095 = DIRECTION('',(-1.,0.,0.));
#5096 = DIRECTION('',(0.,0.,-1.));
#5097 = DEFINITIONAL_REPRESENTATION('',(#5098),#5196);
#5098 = B_SPLINE_CURVE_WITH_KNOTS('',6,(#5099,#5100,#5101,#5102,#5103,
    #5104,#5105,#5106,#5107,#5108,#5109,#5110,#5111,#5112,#5113,#5114,
    #5115,#5116,#5117,#5118,#5119,#5120,#5121,#5122,#5123,#5124,#5125,
    #5126,#5127,#5128,#5129,#5130,#5131,#5132,#5133,#5134,#5135,#5136,
    #5137,#5138,#5139,#5140,#5141,#5142,#5143,#5144,#5145,#5146,#5147,
    #5148,#5149,#5150,#5151,#5152,#5153,#5154,#5155,#5156,#5157,#5158,
    #5159,#5160,#5161,#5162,#5163,#5164,#5165,#5166,#5167,#5168,#5169,
    #5170,#5171,#5172,#5173,#5174,#5175,#5176,#5177,#5178,#5179,#5180,
    #5181,#5182,#5183,#5184,#5185,#5186,#5187,#5188,#5189,#5190,#5191,
    #5192,#5193,#5194,#5195),.UNSPECIFIED.,.F.,.F.,(7,5,5,5,5,5,5,5,5,5,
    5,5,5,5,5,5,5,5,5,7),(0.,8.267874582234E-02,0.141845488437,
    0.190700837556,0.249294307322,0.309156093013,0.336526464117,
    0.373060933015,0.416799731119,0.499751957132,0.543281997332,
    0.582760897624,0.662913379248,0.690685252607,0.749258119271,
    0.809098855884,0.8364596028,0.872981225158,0.916704643478,1.),
  .UNSPECIFIED.);
#5099 = CARTESIAN_POINT('',(0.,2.803847577293));
#5100 = CARTESIAN_POINT('',(7.724291539991E-02,2.803847577293));
#5101 = CARTESIAN_POINT('',(0.154340153644,2.791446793003));
#5102 = CARTESIAN_POINT('',(0.23155822453,2.766730968486));
#5103 = CARTESIAN_POINT('',(0.30912779714,2.730618806082));
#5104 = CARTESIAN_POINT('',(0.387265793716,2.684853015197));
#5105 = CARTESIAN_POINT('',(0.522583074217,2.593769689721));
#5106 = CARTESIAN_POINT('',(0.579463073309,2.551985486964));
#5107 = CARTESIAN_POINT('',(0.636990853104,2.507150590516));
#5108 = CARTESIAN_POINT('',(0.695374223155,2.460098195354));
#5109 = CARTESIAN_POINT('',(0.754828119344,2.411794107494));
#5110 = CARTESIAN_POINT('',(0.865754078176,2.323397680861));
#5111 = CARTESIAN_POINT('',(0.916864787318,2.283299290221));
#5112 = CARTESIAN_POINT('',(0.969036102602,2.243734796505));
#5113 = CARTESIAN_POINT('',(1.022388469361,2.205454607554));
#5114 = CARTESIAN_POINT('',(1.077052371494,2.169307554777));
#5115 = CARTESIAN_POINT('',(1.200487620627,2.096585596586));
#5116 = CARTESIAN_POINT('',(1.270465362531,2.061027388086));
#5117 = CARTESIAN_POINT('',(1.342373374793,2.031965404227));
#5118 = CARTESIAN_POINT('',(1.4157057991,2.011434535914));
#5119 = CARTESIAN_POINT('',(1.490059964456,2.000669587805));
#5120 = CARTESIAN_POINT('',(1.641690975531,1.999365745805));
#5121 = CARTESIAN_POINT('',(1.717739832554,2.00928052427));
#5122 = CARTESIAN_POINT('',(1.792788991178,2.029495161314));
#5123 = CARTESIAN_POINT('',(1.86639169757,2.058749317823));
#5124 = CARTESIAN_POINT('',(1.937989805849,2.094870188956));
#5125 = CARTESIAN_POINT('',(2.038212754477,2.153743909429));
#5126 = CARTESIAN_POINT('',(2.069212177729,2.173195193267));
#5127 = CARTESIAN_POINT('',(2.099785922766,2.193457699515));
#5128 = CARTESIAN_POINT('',(2.129952621538,2.214370826839));
#5129 = CARTESIAN_POINT('',(2.15972927496,2.235782271543));
#5130 = CARTESIAN_POINT('',(2.228380018955,2.286604465552));
#5131 = CARTESIAN_POINT('',(2.266971442779,2.316300192704));
#5132 = CARTESIAN_POINT('',(2.304972886029,2.346318442733));
#5133 = CARTESIAN_POINT('',(2.342444035994,2.376372318456));
#5134 = CARTESIAN_POINT('',(2.379443241276,2.406204012468));
#5135 = CARTESIAN_POINT('',(2.459837526962,2.470754638829));
#5136 = CARTESIAN_POINT('',(2.503060887851,2.505281887945));
#5137 = CARTESIAN_POINT('',(2.545792572924,2.538754485709));
#5138 = CARTESIAN_POINT('',(2.588112521345,2.570801943757));
#5139 = CARTESIAN_POINT('',(2.630098703947,2.60109059616));
#5140 = CARTESIAN_POINT('',(2.750989167521,2.682860855332));
#5141 = CARTESIAN_POINT('',(2.829392012307,2.729096938456));
#5142 = CARTESIAN_POINT('',(2.907214600501,2.765668545342));
#5143 = CARTESIAN_POINT('',(2.984677707776,2.790804378108));
#5144 = CARTESIAN_POINT('',(3.062015900813,2.803563033538));
#5145 = CARTESIAN_POINT('',(3.18016166568,2.803991115858));
#5146 = CARTESIAN_POINT('',(3.220814461679,2.800702299964));
#5147 = CARTESIAN_POINT('',(3.261484117781,2.793976886605));
#5148 = CARTESIAN_POINT('',(3.302192981007,2.783888313798));
#5149 = CARTESIAN_POINT('',(3.342961358718,2.770580055078));
#5150 = CARTESIAN_POINT('',(3.42085352334,2.739462140773));
#5151 = CARTESIAN_POINT('',(3.457961011499,2.722187510976));
#5152 = CARTESIAN_POINT('',(3.495168132003,2.702584605812));
#5153 = CARTESIAN_POINT('',(3.532509693209,2.680834055839));
#5154 = CARTESIAN_POINT('',(3.570019496854,2.65714712827));
#5155 = CARTESIAN_POINT('',(3.684298350011,2.580224964755));
#5156 = CARTESIAN_POINT('',(3.761618894833,2.52174377375));
#5157 = CARTESIAN_POINT('',(3.840257871889,2.458157421267));
#5158 = CARTESIAN_POINT('',(3.920776550569,2.391578820731));
#5159 = CARTESIAN_POINT('',(4.003728624197,2.324644256558));
#5160 = CARTESIAN_POINT('',(4.119589536308,2.238573205071));
#5161 = CARTESIAN_POINT('',(4.149786576814,2.216777919357));
#5162 = CARTESIAN_POINT('',(4.1803840222,2.19548413016));
#5163 = CARTESIAN_POINT('',(4.211399945036,2.174850529864));
#5164 = CARTESIAN_POINT('',(4.242854116403,2.155044752708));
#5165 = CARTESIAN_POINT('',(4.342080274217,2.096585596586));
#5166 = CARTESIAN_POINT('',(4.412058016121,2.061027388086));
#5167 = CARTESIAN_POINT('',(4.483966028383,2.031965404227));
#5168 = CARTESIAN_POINT('',(4.55729845269,2.011434535914));
#5169 = CARTESIAN_POINT('',(4.631652618046,2.000669587805));
#5170 = CARTESIAN_POINT('',(4.783283629121,1.999365745805));
#5171 = CARTESIAN_POINT('',(4.859332486144,2.00928052427));
#5172 = CARTESIAN_POINT('',(4.934381644768,2.029495161314));
#5173 = CARTESIAN_POINT('',(5.00798435116,2.058749317823));
#5174 = CARTESIAN_POINT('',(5.079582459439,2.094870188956));
#5175 = CARTESIAN_POINT('',(5.179805408067,2.153743909429));
#5176 = CARTESIAN_POINT('',(5.210804831319,2.173195193268));
#5177 = CARTESIAN_POINT('',(5.241378576356,2.193457699515));
#5178 = CARTESIAN_POINT('',(5.271545275128,2.214370826839));
#5179 = CARTESIAN_POINT('',(5.30132192855,2.235782271544));
#5180 = CARTESIAN_POINT('',(5.369972672545,2.286604465552));
#5181 = CARTESIAN_POINT('',(5.408564096369,2.316300192704));
#5182 = CARTESIAN_POINT('',(5.446565539619,2.346318442734));
#5183 = CARTESIAN_POINT('',(5.484036689584,2.376372318456));
#5184 = CARTESIAN_POINT('',(5.521035894866,2.406204012468));
#5185 = CARTESIAN_POINT('',(5.601430180552,2.470754638829));
#5186 = CARTESIAN_POINT('',(5.644653541441,2.505281887945));
#5187 = CARTESIAN_POINT('',(5.687385226514,2.53875448571));
#5188 = CARTESIAN_POINT('',(5.729705174935,2.570801943757));
#5189 = CARTESIAN_POINT('',(5.771691357537,2.60109059616));
#5190 = CARTESIAN_POINT('',(5.892937199163,2.683101232899));
#5191 = CARTESIAN_POINT('',(5.971690392696,2.729513129124));
#5192 = CARTESIAN_POINT('',(6.049859332671,2.76616264662));
#5193 = CARTESIAN_POINT('',(6.127667187782,2.79125618915));
#5194 = CARTESIAN_POINT('',(6.205350996575,2.803847577293));
#5195 = CARTESIAN_POINT('',(6.28318530718,2.803847577293));
#5196 = ( GEOMETRIC_REPRESENTATION_CONTEXT(2) 
PARAMETRIC_REPRESENTATION_CONTEXT() REPRESENTATION_CONTEXT('2D SPACE',''
  ) );
#5197 = FACE_BOUND('',#5198,.T.);
#5198 = EDGE_LOOP('',(#5199));
#5199 = ORIENTED_EDGE('',*,*,#5200,.F.);
#5200 = EDGE_CURVE('',#5201,#5201,#5203,.T.);
#5201 = VERTEX_POINT('',#5202);
#5202 = CARTESIAN_POINT('',(-5.196152422707,-32.,-3.));
#5203 = SURFACE_CURVE('',#5204,(#5302,#5403),.PCURVE_S1.);
#5204 = B_SPLINE_CURVE_WITH_KNOTS('',6,(#5205,#5206,#5207,#5208,#5209,
    #5210,#5211,#5212,#5213,#5214,#5215,#5216,#5217,#5218,#5219,#5220,
    #5221,#5222,#5223,#5224,#5225,#5226,#5227,#5228,#5229,#5230,#5231,
    #5232,#5233,#5234,#5235,#5236,#5237,#5238,#5239,#5240,#5241,#5242,
    #5243,#5244,#5245,#5246,#5247,#5248,#5249,#5250,#5251,#5252,#5253,
    #5254,#5255,#5256,#5257,#5258,#5259,#5260,#5261,#5262,#5263,#5264,
    #5265,#5266,#5267,#5268,#5269,#5270,#5271,#5272,#5273,#5274,#5275,
    #5276,#5277,#5278,#5279,#5280,#5281,#5282,#5283,#5284,#5285,#5286,
    #5287,#5288,#5289,#5290,#5291,#5292,#5293,#5294,#5295,#5296,#5297,
    #5298,#5299,#5300,#5301),.UNSPECIFIED.,.T.,.F.,(7,5,5,5,5,5,5,5,5,5,
    5,5,5,5,5,5,5,5,5,7),(0.,8.267874585181E-02,0.141845488488,
    0.190700837633,0.249294307411,0.309156093089,0.336526464188,
    0.373060933084,0.416799731184,0.499751957191,0.543281997387,
    0.582760897676,0.662913379293,0.690685252648,0.749258119299,
    0.8090988559,0.836459602812,0.872981225167,0.916704643484,1.),
  .UNSPECIFIED.);
#5205 = CARTESIAN_POINT('',(-5.196152422707,-32.,-3.));
#5206 = CARTESIAN_POINT('',(-5.196152422707,-32.2317287462,-3.));
#5207 = CARTESIAN_POINT('',(-5.208553206997,-32.46302067897,
    -2.978521121336));
#5208 = CARTESIAN_POINT('',(-5.233269031514,-32.69218525732,
    -2.935712461632));
#5209 = CARTESIAN_POINT('',(-5.269381193918,-32.91747677078,
    -2.871625750251));
#5210 = CARTESIAN_POINT('',(-5.315146984803,-33.13694703356,
    -2.786277235504));
#5211 = CARTESIAN_POINT('',(-5.406230310279,-33.49958789722,
    -2.60382586769));
#5212 = CARTESIAN_POINT('',(-5.448014513036,-33.64686821163,
    -2.516887332105));
#5213 = CARTESIAN_POINT('',(-5.492849409484,-33.78971070287,
    -2.418970582871));
#5214 = CARTESIAN_POINT('',(-5.539901804646,-33.92751195329,
    -2.309804195782));
#5215 = CARTESIAN_POINT('',(-5.588205892506,-34.05944411835,
    -2.189043841212));
#5216 = CARTESIAN_POINT('',(-5.676602319146,-34.2875441419,
    -1.946739292433));
#5217 = CARTESIAN_POINT('',(-5.716700709777,-34.38604749112,
    -1.828882855209));
#5218 = CARTESIAN_POINT('',(-5.75626520349,-34.47920075153,
    -1.702559891224));
#5219 = CARTESIAN_POINT('',(-5.794545392445,-34.56616721878,
    -1.567591243748));
#5220 = CARTESIAN_POINT('',(-5.830692445227,-34.64593507184,
    -1.423859847023));
#5221 = CARTESIAN_POINT('',(-5.903414403395,-34.80286501429,
    -1.088450634815));
#5222 = CARTESIAN_POINT('',(-5.938972611927,-34.87705802757,
    -0.891388569717));
#5223 = CARTESIAN_POINT('',(-5.968034595784,-34.93603704159,
    -0.682634010248));
#5224 = CARTESIAN_POINT('',(-5.988565464077,-34.97713026358,
    -0.465148215285));
#5225 = CARTESIAN_POINT('',(-5.999330412194,-34.99866080818,
    -0.242205295663));
#5226 = CARTESIAN_POINT('',(-6.000634254195,-35.00126852432,
    0.212680263113));
#5227 = CARTESIAN_POINT('',(-5.990719475731,-34.98143832007,
    0.440944493483));
#5228 = CARTESIAN_POINT('',(-5.970504838686,-34.94103823969,
    0.663896321543));
#5229 = CARTESIAN_POINT('',(-5.941250682177,-34.88178331161,
    0.877946143676));
#5230 = CARTESIAN_POINT('',(-5.905129811044,-34.80651342742,
    1.079839930741));
#5231 = CARTESIAN_POINT('',(-5.84625609057,-34.67954401922,
    1.352384467045));
#5232 = CARTESIAN_POINT('',(-5.826804806733,-34.63704487201,
    1.435180414846));
#5233 = CARTESIAN_POINT('',(-5.806542300486,-34.59210079798,
    1.515243400126));
#5234 = CARTESIAN_POINT('',(-5.785629173162,-34.5449123691,
    1.592569309913));
#5235 = CARTESIAN_POINT('',(-5.764217728455,-34.49566560356,
    1.667163471935));
#5236 = CARTESIAN_POINT('',(-5.713395534448,-34.37627920333,
    1.834982449701));
#5237 = CARTESIAN_POINT('',(-5.683699807296,-34.3046487677,
    1.926105963388));
#5238 = CARTESIAN_POINT('',(-5.653681557267,-34.22999740422,
    2.012508014285));
#5239 = CARTESIAN_POINT('',(-5.623627681544,-34.15262674667,
    2.094288077743));
#5240 = CARTESIAN_POINT('',(-5.593795987532,-34.07278419081,
    2.171546650037));
#5241 = CARTESIAN_POINT('',(-5.529245361171,-33.89234853302,
    2.331584595337));
#5242 = CARTESIAN_POINT('',(-5.494718112055,-33.79075529661,
    2.412460013543));
#5243 = CARTESIAN_POINT('',(-5.461245514291,-33.68624817518,
    2.487143839904));
#5244 = CARTESIAN_POINT('',(-5.429198056243,-33.57913272972,
    2.555746691433));
#5245 = CARTESIAN_POINT('',(-5.39890940384,-33.46965661957,
    2.618355709962));
#5246 = CARTESIAN_POINT('',(-5.317139144668,-33.14627052655,
    2.782526269109));
#5247 = CARTESIAN_POINT('',(-5.270903061544,-32.92632976765,
    2.868885627809));
#5248 = CARTESIAN_POINT('',(-5.234331454658,-32.70048445462,
    2.93385071115));
#5249 = CARTESIAN_POINT('',(-5.209195621892,-32.47069881622,
    2.977408231128));
#5250 = CARTESIAN_POINT('',(-5.196436966462,-32.23872974511,
    2.999507154331));
#5251 = CARTESIAN_POINT('',(-5.196008884142,-31.88429322606,
    3.000248616822));
#5252 = CARTESIAN_POINT('',(-5.199297700036,-31.76232269641,
    2.994551845863));
#5253 = CARTESIAN_POINT('',(-5.206023113395,-31.64065199558,
    2.982906932169));
#5254 = CARTESIAN_POINT('',(-5.216111686202,-31.51957681352,
    2.965322965048));
#5255 = CARTESIAN_POINT('',(-5.229419944922,-31.39940118181,
    2.941818689943));
#5256 = CARTESIAN_POINT('',(-5.260537859227,-31.17254594746,
    2.885770438995));
#5257 = CARTESIAN_POINT('',(-5.277812489023,-31.06565809423,
    2.854273081152));
#5258 = CARTESIAN_POINT('',(-5.297415394188,-30.95993904605,
    2.817943209816));
#5259 = CARTESIAN_POINT('',(-5.319165944161,-30.8555690284,
    2.776780445721));
#5260 = CARTESIAN_POINT('',(-5.34285287173,-30.75274422758,
    2.730778855971));
#5261 = CARTESIAN_POINT('',(-5.419775035245,-30.44648488026,
    2.576694078376));
#5262 = CARTESIAN_POINT('',(-5.47825622625,-30.24875754897,
    2.453588054963));
#5263 = CARTESIAN_POINT('',(-5.541842578733,-30.05949187592,
    2.310244413076));
#5264 = CARTESIAN_POINT('',(-5.608421179269,-29.88024089864,
    2.145798973783));
#5265 = CARTESIAN_POINT('',(-5.675355743442,-29.71346590986,
    1.959183053746));
#5266 = CARTESIAN_POINT('',(-5.761426794927,-29.51076944521,
    1.676821757158));
#5267 = CARTESIAN_POINT('',(-5.783222080643,-29.46053978114,
    1.601363311663));
#5268 = CARTESIAN_POINT('',(-5.804515869841,-29.41241795752,
    1.523089340924));
#5269 = CARTESIAN_POINT('',(-5.825149470136,-29.36659724312,
    1.441992857105));
#5270 = CARTESIAN_POINT('',(-5.844955247291,-29.3232865943,
    1.358076755857));
#5271 = CARTESIAN_POINT('',(-5.903414403414,-29.19713498566,
    1.08845063473));
#5272 = CARTESIAN_POINT('',(-5.938972611914,-29.12294197245,
    0.891388569745));
#5273 = CARTESIAN_POINT('',(-5.968034595773,-29.06396295842,
    0.68263401034));
#5274 = CARTESIAN_POINT('',(-5.988565464086,-29.02286973639,
    0.465148215306));
#5275 = CARTESIAN_POINT('',(-5.999330412195,-29.00133919181,
    0.242205295563));
#5276 = CARTESIAN_POINT('',(-6.000634254195,-28.99873147567,
    -0.212680263114));
#5277 = CARTESIAN_POINT('',(-5.99071947573,-29.01856167993,
    -0.440944493484));
#5278 = CARTESIAN_POINT('',(-5.970504838686,-29.0589617603,
    -0.663896321544));
#5279 = CARTESIAN_POINT('',(-5.941250682177,-29.11821668839,
    -0.877946143678));
#5280 = CARTESIAN_POINT('',(-5.905129811044,-29.19348657257,
    -1.079839930742));
#5281 = CARTESIAN_POINT('',(-5.846256090569,-29.32045598078,
    -1.352384467046));
#5282 = CARTESIAN_POINT('',(-5.826804806733,-29.36295512798,
    -1.435180414846));
#5283 = CARTESIAN_POINT('',(-5.806542300486,-29.40789920201,
    -1.515243400126));
#5284 = CARTESIAN_POINT('',(-5.785629173162,-29.45508763089,
    -1.592569309914));
#5285 = CARTESIAN_POINT('',(-5.764217728455,-29.50433439643,
    -1.667163471936));
#5286 = CARTESIAN_POINT('',(-5.713395534448,-29.62372079666,
    -1.834982449702));
#5287 = CARTESIAN_POINT('',(-5.683699807296,-29.69535123229,
    -1.926105963389));
#5288 = CARTESIAN_POINT('',(-5.653681557266,-29.77000259577,
    -2.012508014285));
#5289 = CARTESIAN_POINT('',(-5.623627681544,-29.84737325332,
    -2.094288077743));
#5290 = CARTESIAN_POINT('',(-5.593795987532,-29.92721580918,
    -2.171546650038));
#5291 = CARTESIAN_POINT('',(-5.529245361171,-30.10765146697,
    -2.331584595338));
#5292 = CARTESIAN_POINT('',(-5.494718112055,-30.20924470339,
    -2.412460013543));
#5293 = CARTESIAN_POINT('',(-5.46124551429,-30.31375182481,
    -2.487143839904));
#5294 = CARTESIAN_POINT('',(-5.429198056243,-30.42086727027,
    -2.555746691433));
#5295 = CARTESIAN_POINT('',(-5.39890940384,-30.53034338042,
    -2.618355709963));
#5296 = CARTESIAN_POINT('',(-5.316898767101,-30.85468012179,
    -2.783008876355));
#5297 = CARTESIAN_POINT('',(-5.270486870876,-31.07564997565,
    -2.869663000091));
#5298 = CARTESIAN_POINT('',(-5.23383735338,-31.30256911161,
    -2.934728116293));
#5299 = CARTESIAN_POINT('',(-5.20874381085,-31.53344541741,
    -2.978190980885));
#5300 = CARTESIAN_POINT('',(-5.196152422707,-31.76649706818,-3.));
#5301 = CARTESIAN_POINT('',(-5.196152422707,-32.,-3.));
#5302 = PCURVE('',#571,#5303);
#5303 = DEFINITIONAL_REPRESENTATION('',(#5304),#5402);
#5304 = B_SPLINE_CURVE_WITH_KNOTS('',6,(#5305,#5306,#5307,#5308,#5309,
    #5310,#5311,#5312,#5313,#5314,#5315,#5316,#5317,#5318,#5319,#5320,
    #5321,#5322,#5323,#5324,#5325,#5326,#5327,#5328,#5329,#5330,#5331,
    #5332,#5333,#5334,#5335,#5336,#5337,#5338,#5339,#5340,#5341,#5342,
    #5343,#5344,#5345,#5346,#5347,#5348,#5349,#5350,#5351,#5352,#5353,
    #5354,#5355,#5356,#5357,#5358,#5359,#5360,#5361,#5362,#5363,#5364,
    #5365,#5366,#5367,#5368,#5369,#5370,#5371,#5372,#5373,#5374,#5375,
    #5376,#5377,#5378,#5379,#5380,#5381,#5382,#5383,#5384,#5385,#5386,
    #5387,#5388,#5389,#5390,#5391,#5392,#5393,#5394,#5395,#5396,#5397,
    #5398,#5399,#5400,#5401),.UNSPECIFIED.,.T.,.F.,(7,5,5,5,5,5,5,5,5,5,
    5,5,5,5,5,5,5,5,5,7),(0.,8.267874585181E-02,0.141845488488,
    0.190700837633,0.249294307411,0.309156093089,0.336526464188,
    0.373060933084,0.416799731184,0.499751957191,0.543281997387,
    0.582760897676,0.662913379293,0.690685252648,0.749258119299,
    0.8090988559,0.836459602812,0.872981225167,0.916704643484,1.),
  .UNSPECIFIED.);
#5305 = CARTESIAN_POINT('',(5.235987755983,32.));
#5306 = CARTESIAN_POINT('',(5.235987755983,32.2317287462));
#5307 = CARTESIAN_POINT('',(5.231854189535,32.463020678974));
#5308 = CARTESIAN_POINT('',(5.223615444795,32.692185257322));
#5309 = CARTESIAN_POINT('',(5.211356460461,32.917476770783));
#5310 = CARTESIAN_POINT('',(5.195222614442,33.13694703356));
#5311 = CARTESIAN_POINT('',(5.161235413503,33.499587897227));
#5312 = CARTESIAN_POINT('',(5.145160884555,33.646868211635));
#5313 = CARTESIAN_POINT('',(5.127216827996,33.789710702879));
#5314 = CARTESIAN_POINT('',(5.107413403798,33.927511953293));
#5315 = CARTESIAN_POINT('',(5.085746398052,34.059444118355));
#5316 = CARTESIAN_POINT('',(5.042758860258,34.287544141905));
#5317 = CARTESIAN_POINT('',(5.022015324608,34.386047491125));
#5318 = CARTESIAN_POINT('',(4.999963380599,34.479200751535));
#5319 = CARTESIAN_POINT('',(4.976595891117,34.566167218784));
#5320 = CARTESIAN_POINT('',(4.951908045469,34.645935071846));
#5321 = CARTESIAN_POINT('',(4.894707661138,34.802865014294));
#5322 = CARTESIAN_POINT('',(4.861353965518,34.877058027577));
#5323 = CARTESIAN_POINT('',(4.826270836625,34.936037041599));
#5324 = CARTESIAN_POINT('',(4.789918886381,34.977130263586));
#5325 = CARTESIAN_POINT('',(4.752756687636,34.998660808189));
#5326 = CARTESIAN_POINT('',(4.676942116406,35.001268524328));
#5327 = CARTESIAN_POINT('',(4.638902902127,34.98143832007));
#5328 = CARTESIAN_POINT('',(4.601653181101,34.941038239696));
#5329 = CARTESIAN_POINT('',(4.565694943122,34.88178331161));
#5330 = CARTESIAN_POINT('',(4.531533419477,34.806513427429));
#5331 = CARTESIAN_POINT('',(4.485061612244,34.679544019221));
#5332 = CARTESIAN_POINT('',(4.470888890226,34.637044872015));
#5333 = CARTESIAN_POINT('',(4.457127263883,34.592100797981));
#5334 = CARTESIAN_POINT('',(4.443779040652,34.544912369106));
#5335 = CARTESIAN_POINT('',(4.430846022208,34.495665603565));
#5336 = CARTESIAN_POINT('',(4.401621743535,34.376279203339));
#5337 = CARTESIAN_POINT('',(4.385651895521,34.304648767705));
#5338 = CARTESIAN_POINT('',(4.370411226356,34.229997404227));
#5339 = CARTESIAN_POINT('',(4.355892983151,34.152626746672));
#5340 = CARTESIAN_POINT('',(4.342091524853,34.072784190818));
#5341 = CARTESIAN_POINT('',(4.313330571723,33.892348533023));
#5342 = CARTESIAN_POINT('',(4.298677312392,33.79075529661));
#5343 = CARTESIAN_POINT('',(4.285039931453,33.686248175189));
#5344 = CARTESIAN_POINT('',(4.272421901677,33.579132729729));
#5345 = CARTESIAN_POINT('',(4.26083090837,33.469656619573));
#5346 = CARTESIAN_POINT('',(4.230262975019,33.146270526555));
#5347 = CARTESIAN_POINT('',(4.213943817132,32.926329767653));
#5348 = CARTESIAN_POINT('',(4.201519775486,32.700484454625));
#5349 = CARTESIAN_POINT('',(4.193137936738,32.470698816226));
#5350 = CARTESIAN_POINT('',(4.188885052911,32.238729745116));
#5351 = CARTESIAN_POINT('',(4.188742358492,31.884293226065));
#5352 = CARTESIAN_POINT('',(4.189838673207,31.762322696411));
#5353 = CARTESIAN_POINT('',(4.192079955268,31.640651995588));
#5354 = CARTESIAN_POINT('',(4.195458661975,31.519576813525));
#5355 = CARTESIAN_POINT('',(4.199960245383,31.39940118181));
#5356 = CARTESIAN_POINT('',(4.210644776029,31.17254594746));
#5357 = CARTESIAN_POINT('',(4.216631939188,31.065658094233));
#5358 = CARTESIAN_POINT('',(4.223511879962,30.95993904605));
#5359 = CARTESIAN_POINT('',(4.231270664294,30.855569028405));
#5360 = CARTESIAN_POINT('',(4.239893633179,30.752744227584));
#5361 = CARTESIAN_POINT('',(4.268596680794,30.446484880261));
#5362 = CARTESIAN_POINT('',(4.291307471646,30.248757548971));
#5363 = CARTESIAN_POINT('',(4.317428794493,30.059491875926));
#5364 = CARTESIAN_POINT('',(4.346968602833,29.88024089864));
#5365 = CARTESIAN_POINT('',(4.37997255538,29.71346590986));
#5366 = CARTESIAN_POINT('',(4.429170604042,29.510769445212));
#5367 = CARTESIAN_POINT('',(4.442259700438,29.460539781148));
#5368 = CARTESIAN_POINT('',(4.455776940736,29.412417957527));
#5369 = CARTESIAN_POINT('',(4.469720619192,29.366597243123));
#5370 = CARTESIAN_POINT('',(4.484088504296,29.323286594301));
#5371 = CARTESIAN_POINT('',(4.530070299646,29.197134985666));
#5372 = CARTESIAN_POINT('',(4.563423995247,29.122941972453));
#5373 = CARTESIAN_POINT('',(4.598507124129,29.063962958421));
#5374 = CARTESIAN_POINT('',(4.634859074385,29.022869736397));
#5375 = CARTESIAN_POINT('',(4.67202127315,29.001339191811));
#5376 = CARTESIAN_POINT('',(4.747835844363,28.998731475673));
#5377 = CARTESIAN_POINT('',(4.785875058643,29.01856167993));
#5378 = CARTESIAN_POINT('',(4.823124779669,29.058961760304));
#5379 = CARTESIAN_POINT('',(4.859083017648,29.118216688391));
#5380 = CARTESIAN_POINT('',(4.893244541292,29.193486572571));
#5381 = CARTESIAN_POINT('',(4.939716348526,29.32045598078));
#5382 = CARTESIAN_POINT('',(4.953889070544,29.362955127985));
#5383 = CARTESIAN_POINT('',(4.967650696887,29.407899202019));
#5384 = CARTESIAN_POINT('',(4.980998920118,29.455087630894));
#5385 = CARTESIAN_POINT('',(4.993931938562,29.504334396436));
#5386 = CARTESIAN_POINT('',(5.023156217235,29.623720796662));
#5387 = CARTESIAN_POINT('',(5.039126065249,29.695351232296));
#5388 = CARTESIAN_POINT('',(5.054366734413,29.770002595773));
#5389 = CARTESIAN_POINT('',(5.068884977618,29.847373253328));
#5390 = CARTESIAN_POINT('',(5.082686435916,29.927215809183));
#5391 = CARTESIAN_POINT('',(5.111447389047,30.107651466977));
#5392 = CARTESIAN_POINT('',(5.126100648378,30.209244703391));
#5393 = CARTESIAN_POINT('',(5.139738029316,30.313751824811));
#5394 = CARTESIAN_POINT('',(5.152356059092,30.420867270271));
#5395 = CARTESIAN_POINT('',(5.1639470524,30.530343380428));
#5396 = CARTESIAN_POINT('',(5.194604845383,30.854680121798));
#5397 = CARTESIAN_POINT('',(5.210981040372,31.075649975657));
#5398 = CARTESIAN_POINT('',(5.223425998269,31.302569111613));
#5399 = CARTESIAN_POINT('',(5.231790656428,31.533445417416));
#5400 = CARTESIAN_POINT('',(5.235987755983,31.766497068186));
#5401 = CARTESIAN_POINT('',(5.235987755983,32.));
#5402 = ( GEOMETRIC_REPRESENTATION_CONTEXT(2) 
PARAMETRIC_REPRESENTATION_CONTEXT() REPRESENTATION_CONTEXT('2D SPACE',''
  ) );
#5403 = PCURVE('',#5092,#5404);
#5404 = DEFINITIONAL_REPRESENTATION('',(#5405),#5503);
#5405 = B_SPLINE_CURVE_WITH_KNOTS('',6,(#5406,#5407,#5408,#5409,#5410,
    #5411,#5412,#5413,#5414,#5415,#5416,#5417,#5418,#5419,#5420,#5421,
    #5422,#5423,#5424,#5425,#5426,#5427,#5428,#5429,#5430,#5431,#5432,
    #5433,#5434,#5435,#5436,#5437,#5438,#5439,#5440,#5441,#5442,#5443,
    #5444,#5445,#5446,#5447,#5448,#5449,#5450,#5451,#5452,#5453,#5454,
    #5455,#5456,#5457,#5458,#5459,#5460,#5461,#5462,#5463,#5464,#5465,
    #5466,#5467,#5468,#5469,#5470,#5471,#5472,#5473,#5474,#5475,#5476,
    #5477,#5478,#5479,#5480,#5481,#5482,#5483,#5484,#5485,#5486,#5487,
    #5488,#5489,#5490,#5491,#5492,#5493,#5494,#5495,#5496,#5497,#5498,
    #5499,#5500,#5501,#5502),.UNSPECIFIED.,.F.,.F.,(7,5,5,5,5,5,5,5,5,5,
    5,5,5,5,5,5,5,5,5,7),(0.,8.267874585181E-02,0.141845488488,
    0.190700837633,0.249294307411,0.309156093089,0.336526464188,
    0.373060933084,0.416799731184,0.499751957191,0.543281997387,
    0.582760897676,0.662913379293,0.690685252648,0.749258119299,
    0.8090988559,0.836459602812,0.872981225167,0.916704643484,1.),
  .UNSPECIFIED.);
#5406 = CARTESIAN_POINT('',(0.,13.196152422707));
#5407 = CARTESIAN_POINT('',(7.724291539991E-02,13.196152422707));
#5408 = CARTESIAN_POINT('',(0.154340153644,13.208553206997));
#5409 = CARTESIAN_POINT('',(0.23155822453,13.233269031514));
#5410 = CARTESIAN_POINT('',(0.30912779714,13.269381193918));
#5411 = CARTESIAN_POINT('',(0.387265793716,13.315146984803));
#5412 = CARTESIAN_POINT('',(0.522583074217,13.406230310279));
#5413 = CARTESIAN_POINT('',(0.579463073309,13.448014513036));
#5414 = CARTESIAN_POINT('',(0.636990853104,13.492849409484));
#5415 = CARTESIAN_POINT('',(0.695374223155,13.539901804646));
#5416 = CARTESIAN_POINT('',(0.754828119344,13.588205892506));
#5417 = CARTESIAN_POINT('',(0.865754078185,13.676602319146));
#5418 = CARTESIAN_POINT('',(0.916864787316,13.716700709777));
#5419 = CARTESIAN_POINT('',(0.969036102594,13.75626520349));
#5420 = CARTESIAN_POINT('',(1.022388469359,13.794545392445));
#5421 = CARTESIAN_POINT('',(1.077052371502,13.830692445227));
#5422 = CARTESIAN_POINT('',(1.200487620596,13.903414403395));
#5423 = CARTESIAN_POINT('',(1.270465362544,13.938972611927));
#5424 = CARTESIAN_POINT('',(1.342373374823,13.968034595784));
#5425 = CARTESIAN_POINT('',(1.415705799107,13.988565464077));
#5426 = CARTESIAN_POINT('',(1.490059964423,13.999330412194));
#5427 = CARTESIAN_POINT('',(1.641690975531,14.000634254195));
#5428 = CARTESIAN_POINT('',(1.717739832554,13.990719475731));
#5429 = CARTESIAN_POINT('',(1.792788991178,13.970504838686));
#5430 = CARTESIAN_POINT('',(1.86639169757,13.941250682177));
#5431 = CARTESIAN_POINT('',(1.937989805849,13.905129811044));
#5432 = CARTESIAN_POINT('',(2.038212754479,13.84625609057));
#5433 = CARTESIAN_POINT('',(2.069212177728,13.826804806733));
#5434 = CARTESIAN_POINT('',(2.099785922764,13.806542300486));
#5435 = CARTESIAN_POINT('',(2.129952621538,13.785629173162));
#5436 = CARTESIAN_POINT('',(2.159729274962,13.764217728455));
#5437 = CARTESIAN_POINT('',(2.228380018955,13.713395534448));
#5438 = CARTESIAN_POINT('',(2.266971442779,13.683699807296));
#5439 = CARTESIAN_POINT('',(2.304972886029,13.653681557267));
#5440 = CARTESIAN_POINT('',(2.342444035994,13.623627681544));
#5441 = CARTESIAN_POINT('',(2.379443241276,13.593795987532));
#5442 = CARTESIAN_POINT('',(2.459837526962,13.529245361171));
#5443 = CARTESIAN_POINT('',(2.503060887851,13.494718112055));
#5444 = CARTESIAN_POINT('',(2.545792572924,13.461245514291));
#5445 = CARTESIAN_POINT('',(2.588112521345,13.429198056243));
#5446 = CARTESIAN_POINT('',(2.630098703947,13.39890940384));
#5447 = CARTESIAN_POINT('',(2.75098916752,13.317139144668));
#5448 = CARTESIAN_POINT('',(2.829392012307,13.270903061544));
#5449 = CARTESIAN_POINT('',(2.907214600501,13.234331454658));
#5450 = CARTESIAN_POINT('',(2.984677707776,13.209195621892));
#5451 = CARTESIAN_POINT('',(3.062015900813,13.196436966462));
#5452 = CARTESIAN_POINT('',(3.18016166568,13.196008884142));
#5453 = CARTESIAN_POINT('',(3.220814461679,13.199297700036));
#5454 = CARTESIAN_POINT('',(3.261484117781,13.206023113395));
#5455 = CARTESIAN_POINT('',(3.302192981007,13.216111686202));
#5456 = CARTESIAN_POINT('',(3.342961358718,13.229419944922));
#5457 = CARTESIAN_POINT('',(3.42085352334,13.260537859227));
#5458 = CARTESIAN_POINT('',(3.457961011499,13.277812489023));
#5459 = CARTESIAN_POINT('',(3.495168132003,13.297415394188));
#5460 = CARTESIAN_POINT('',(3.532509693209,13.319165944161));
#5461 = CARTESIAN_POINT('',(3.570019496854,13.34285287173));
#5462 = CARTESIAN_POINT('',(3.684298350011,13.419775035245));
#5463 = CARTESIAN_POINT('',(3.761618894832,13.47825622625));
#5464 = CARTESIAN_POINT('',(3.840257871889,13.541842578733));
#5465 = CARTESIAN_POINT('',(3.920776550569,13.608421179269));
#5466 = CARTESIAN_POINT('',(4.003728624197,13.675355743442));
#5467 = CARTESIAN_POINT('',(4.119589536306,13.761426794927));
#5468 = CARTESIAN_POINT('',(4.149786576814,13.783222080643));
#5469 = CARTESIAN_POINT('',(4.180384022202,13.804515869841));
#5470 = CARTESIAN_POINT('',(4.211399945036,13.825149470136));
#5471 = CARTESIAN_POINT('',(4.242854116401,13.844955247291));
#5472 = CARTESIAN_POINT('',(4.342080274217,13.903414403414));
#5473 = CARTESIAN_POINT('',(4.412058016121,13.938972611914));
#5474 = CARTESIAN_POINT('',(4.483966028383,13.968034595773));
#5475 = CARTESIAN_POINT('',(4.55729845269,13.988565464086));
#5476 = CARTESIAN_POINT('',(4.631652618046,13.999330412195));
#5477 = CARTESIAN_POINT('',(4.783283629121,14.000634254195));
#5478 = CARTESIAN_POINT('',(4.859332486144,13.99071947573));
#5479 = CARTESIAN_POINT('',(4.934381644768,13.970504838686));
#5480 = CARTESIAN_POINT('',(5.00798435116,13.941250682177));
#5481 = CARTESIAN_POINT('',(5.079582459439,13.905129811044));
#5482 = CARTESIAN_POINT('',(5.179805408069,13.846256090569));
#5483 = CARTESIAN_POINT('',(5.210804831318,13.826804806733));
#5484 = CARTESIAN_POINT('',(5.241378576354,13.806542300486));
#5485 = CARTESIAN_POINT('',(5.271545275128,13.785629173162));
#5486 = CARTESIAN_POINT('',(5.301321928552,13.764217728455));
#5487 = CARTESIAN_POINT('',(5.369972672545,13.713395534448));
#5488 = CARTESIAN_POINT('',(5.408564096369,13.683699807296));
#5489 = CARTESIAN_POINT('',(5.446565539619,13.653681557266));
#5490 = CARTESIAN_POINT('',(5.484036689584,13.623627681544));
#5491 = CARTESIAN_POINT('',(5.521035894866,13.593795987532));
#5492 = CARTESIAN_POINT('',(5.601430180552,13.529245361171));
#5493 = CARTESIAN_POINT('',(5.644653541441,13.494718112055));
#5494 = CARTESIAN_POINT('',(5.687385226514,13.46124551429));
#5495 = CARTESIAN_POINT('',(5.729705174935,13.429198056243));
#5496 = CARTESIAN_POINT('',(5.771691357537,13.39890940384));
#5497 = CARTESIAN_POINT('',(5.892937199163,13.316898767101));
#5498 = CARTESIAN_POINT('',(5.971690392696,13.270486870876));
#5499 = CARTESIAN_POINT('',(6.049859332671,13.23383735338));
#5500 = CARTESIAN_POINT('',(6.127667187782,13.20874381085));
#5501 = CARTESIAN_POINT('',(6.205350996575,13.196152422707));
#5502 = CARTESIAN_POINT('',(6.28318530718,13.196152422707));
#5503 = ( GEOMETRIC_REPRESENTATION_CONTEXT(2) 
PARAMETRIC_REPRESENTATION_CONTEXT() REPRESENTATION_CONTEXT('2D SPACE',''
  ) );
#5504 = ADVANCED_FACE('',(#5505,#5559,#5916),#664,.T.);
#5505 = FACE_BOUND('',#5506,.T.);
#5506 = EDGE_LOOP('',(#5507,#5508,#5531,#5558));
#5507 = ORIENTED_EDGE('',*,*,#585,.T.);
#5508 = ORIENTED_EDGE('',*,*,#5509,.T.);
#5509 = EDGE_CURVE('',#586,#5510,#5512,.T.);
#5510 = VERTEX_POINT('',#5511);
#5511 = CARTESIAN_POINT('',(-37.34994823966,4.333333333333,
    11.966770187334));
#5512 = SEAM_CURVE('',#5513,(#5517,#5524),.PCURVE_S1.);
#5513 = LINE('',#5514,#5515);
#5514 = CARTESIAN_POINT('',(-2.683281573,0.,-5.366563146));
#5515 = VECTOR('',#5516,1.);
#5516 = DIRECTION('',(-0.888888888889,0.111111111111,0.444444444444));
#5517 = PCURVE('',#664,#5518);
#5518 = DEFINITIONAL_REPRESENTATION('',(#5519),#5523);
#5519 = LINE('',#5520,#5521);
#5520 = CARTESIAN_POINT('',(0.,-0.));
#5521 = VECTOR('',#5522,1.);
#5522 = DIRECTION('',(0.,1.));
#5523 = ( GEOMETRIC_REPRESENTATION_CONTEXT(2) 
PARAMETRIC_REPRESENTATION_CONTEXT() REPRESENTATION_CONTEXT('2D SPACE',''
  ) );
#5524 = PCURVE('',#664,#5525);
#5525 = DEFINITIONAL_REPRESENTATION('',(#5526),#5530);
#5526 = LINE('',#5527,#5528);
#5527 = CARTESIAN_POINT('',(6.28318530718,-0.));
#5528 = VECTOR('',#5529,1.);
#5529 = DIRECTION('',(0.,1.));
#5530 = ( GEOMETRIC_REPRESENTATION_CONTEXT(2) 
PARAMETRIC_REPRESENTATION_CONTEXT() REPRESENTATION_CONTEXT('2D SPACE',''
  ) );
#5531 = ORIENTED_EDGE('',*,*,#5532,.F.);
#5532 = EDGE_CURVE('',#5510,#5510,#5533,.T.);
#5533 = SURFACE_CURVE('',#5534,(#5539,#5546),.PCURVE_S1.);
#5534 = CIRCLE('',#5535,6.);
#5535 = AXIS2_PLACEMENT_3D('',#5536,#5537,#5538);
#5536 = CARTESIAN_POINT('',(-34.66666666666,4.333333333333,
    17.333333333333));
#5537 = DIRECTION('',(-0.888888888889,0.111111111111,0.444444444444));
#5538 = DIRECTION('',(-0.4472135955,0.,-0.894427191));
#5539 = PCURVE('',#664,#5540);
#5540 = DEFINITIONAL_REPRESENTATION('',(#5541),#5545);
#5541 = LINE('',#5542,#5543);
#5542 = CARTESIAN_POINT('',(0.,39.));
#5543 = VECTOR('',#5544,1.);
#5544 = DIRECTION('',(1.,0.));
#5545 = ( GEOMETRIC_REPRESENTATION_CONTEXT(2) 
PARAMETRIC_REPRESENTATION_CONTEXT() REPRESENTATION_CONTEXT('2D SPACE',''
  ) );
#5546 = PCURVE('',#5547,#5552);
#5547 = PLANE('',#5548);
#5548 = AXIS2_PLACEMENT_3D('',#5549,#5550,#5551);
#5549 = CARTESIAN_POINT('',(-34.66666666666,4.333333333333,
    17.333333333333));
#5550 = DIRECTION('',(-0.888888888889,0.111111111111,0.444444444444));
#5551 = DIRECTION('',(-0.4472135955,0.,-0.894427191));
#5552 = DEFINITIONAL_REPRESENTATION('',(#5553),#5557);
#5553 = CIRCLE('',#5554,6.);
#5554 = AXIS2_PLACEMENT_2D('',#5555,#5556);
#5555 = CARTESIAN_POINT('',(0.,0.));
#5556 = DIRECTION('',(1.,0.));
#5557 = ( GEOMETRIC_REPRESENTATION_CONTEXT(2) 
PARAMETRIC_REPRESENTATION_CONTEXT() REPRESENTATION_CONTEXT('2D SPACE',''
  ) );
#5558 = ORIENTED_EDGE('',*,*,#5509,.F.);
#5559 = FACE_BOUND('',#5560,.T.);
#5560 = EDGE_LOOP('',(#5561));
#5561 = ORIENTED_EDGE('',*,*,#5562,.T.);
#5562 = EDGE_CURVE('',#5563,#5563,#5565,.T.);
#5563 = VERTEX_POINT('',#5564);
#5564 = CARTESIAN_POINT('',(-26.19321106684,-2.621350668577,
    14.222222222222));
#5565 = SURFACE_CURVE('',#5566,(#5679,#5795),.PCURVE_S1.);
#5566 = B_SPLINE_CURVE_WITH_KNOTS('',6,(#5567,#5568,#5569,#5570,#5571,
    #5572,#5573,#5574,#5575,#5576,#5577,#5578,#5579,#5580,#5581,#5582,
    #5583,#5584,#5585,#5586,#5587,#5588,#5589,#5590,#5591,#5592,#5593,
    #5594,#5595,#5596,#5597,#5598,#5599,#5600,#5601,#5602,#5603,#5604,
    #5605,#5606,#5607,#5608,#5609,#5610,#5611,#5612,#5613,#5614,#5615,
    #5616,#5617,#5618,#5619,#5620,#5621,#5622,#5623,#5624,#5625,#5626,
    #5627,#5628,#5629,#5630,#5631,#5632,#5633,#5634,#5635,#5636,#5637,
    #5638,#5639,#5640,#5641,#5642,#5643,#5644,#5645,#5646,#5647,#5648,
    #5649,#5650,#5651,#5652,#5653,#5654,#5655,#5656,#5657,#5658,#5659,
    #5660,#5661,#5662,#5663,#5664,#5665,#5666,#5667,#5668,#5669,#5670,
    #5671,#5672,#5673,#5674,#5675,#5676,#5677,#5678),.UNSPECIFIED.,.T.,
  .F.,(7,5,5,5,5,5,5,5,5,5,5,5,5,5,5,5,5,5,5,5,5,5,7),(0.,
    3.707779145212E-02,8.674427882136E-02,0.121863720988,0.14919193028,
    0.184535675796,0.229309750406,0.26896139683,0.312158457637,
    0.39521211991,0.4543560028,0.503192472107,0.561763298897,
    0.621601951483,0.648961745526,0.685482095973,0.72920399157,
    0.768922324969,0.812566961402,0.856689457354,0.895298282306,
    0.972927702407,1.),.UNSPECIFIED.);
#5567 = CARTESIAN_POINT('',(-26.19321106685,-2.621350668585,
    14.222222222222));
#5568 = CARTESIAN_POINT('',(-26.19642372981,-2.647051972339,
    14.095362708077));
#5569 = CARTESIAN_POINT('',(-26.20582633249,-2.670372078345,
    13.96586067381));
#5570 = CARTESIAN_POINT('',(-26.22185457534,-2.690748650807,
    13.83434928448));
#5571 = CARTESIAN_POINT('',(-26.24485653992,-2.707651262586,
    13.701480590765));
#5572 = CARTESIAN_POINT('',(-26.27510433562,-2.720602213524,
    13.56792820923));
#5573 = CARTESIAN_POINT('',(-26.36330758474,-2.740710714542,
    13.255512744988));
#5574 = CARTESIAN_POINT('',(-26.42714428105,-2.744399438364,
    13.07679886389));
#5575 = CARTESIAN_POINT('',(-26.50431517529,-2.739209361164,
    12.901553988523));
#5576 = CARTESIAN_POINT('',(-26.59389809784,-2.72482984461,
    12.732755416566));
#5577 = CARTESIAN_POINT('',(-26.69419699691,-2.701824944341,
    12.572952248246));
#5578 = CARTESIAN_POINT('',(-26.87947219726,-2.650049976462,
    12.318849444396));
#5579 = CARTESIAN_POINT('',(-26.960275459,-2.624957903003,
    12.219151142559));
#5580 = CARTESIAN_POINT('',(-27.04456981063,-2.596599867796,
    12.12524336916));
#5581 = CARTESIAN_POINT('',(-27.13176147448,-2.56542156529,
    12.03729738843));
#5582 = CARTESIAN_POINT('',(-27.2212235311,-2.531917194278,
    11.955414698477));
#5583 = CARTESIAN_POINT('',(-27.38314949578,-2.46914015428,
    11.820644096749));
#5584 = CARTESIAN_POINT('',(-27.45505894032,-2.440547532098,
    11.765289004281));
#5585 = CARTESIAN_POINT('',(-27.5278384511,-2.411026084101,
    11.713473570823));
#5586 = CARTESIAN_POINT('',(-27.60132734687,-2.380758114166,
    11.665112303387));
#5587 = CARTESIAN_POINT('',(-27.67538103962,-2.34991554949,
    11.620117684365));
#5588 = CARTESIAN_POINT('',(-27.84620733904,-2.278234021138,
    11.524447093507));
#5589 = CARTESIAN_POINT('',(-27.94329477674,-2.23710715411,
    11.475963096844));
#5590 = CARTESIAN_POINT('',(-28.04091874765,-2.195597059642,
    11.432724551729));
#5591 = CARTESIAN_POINT('',(-28.13890605785,-2.153989780407,
    11.394527282978));
#5592 = CARTESIAN_POINT('',(-28.23712358533,-2.112540306691,
    11.361187536895));
#5593 = CARTESIAN_POINT('',(-28.46007475379,-2.019451485133,
    11.296255042952));
#5594 = CARTESIAN_POINT('',(-28.58490995669,-1.96803631569,
    11.267496248992));
#5595 = CARTESIAN_POINT('',(-28.70974865927,-1.91770772785,
    11.245957527331));
#5596 = CARTESIAN_POINT('',(-28.8343984374,-1.868894744153,
    11.231382170448));
#5597 = CARTESIAN_POINT('',(-28.95870806505,-1.821979948201,
    11.223565603755));
#5598 = CARTESIAN_POINT('',(-29.1922544629,-1.737737025132,
    11.221283615137));
#5599 = CARTESIAN_POINT('',(-29.3015828716,-1.69992826222,
    11.225393393539));
#5600 = CARTESIAN_POINT('',(-29.41039401331,-1.664141358357,
    11.234580373924));
#5601 = CARTESIAN_POINT('',(-29.51854080883,-1.630611901218,
    11.248750076089));
#5602 = CARTESIAN_POINT('',(-29.62588437337,-1.599543187025,
    11.267820596335));
#5603 = CARTESIAN_POINT('',(-29.84821342313,-1.540120216648,
    11.317767465845));
#5604 = CARTESIAN_POINT('',(-29.96301439774,-1.512259516938,
    11.349544869504));
#5605 = CARTESIAN_POINT('',(-30.07643485912,-1.487761920641,
    11.386950218869));
#5606 = CARTESIAN_POINT('',(-30.1882208439,-1.466803195237,
    11.429868122424));
#5607 = CARTESIAN_POINT('',(-30.29812148122,-1.449490489517,
    11.478178848633));
#5608 = CARTESIAN_POINT('',(-30.61308223969,-1.409649559779,
    11.634784865005));
#5609 = CARTESIAN_POINT('',(-30.81190924436,-1.397108092638,
    11.757062439359));
#5610 = CARTESIAN_POINT('',(-31.00089706533,-1.398344494289,
    11.897696420909));
#5611 = CARTESIAN_POINT('',(-31.17837853012,-1.412636270968,
    12.055852020969));
#5612 = CARTESIAN_POINT('',(-31.34238315554,-1.43844932923,
    12.230635510806));
#5613 = CARTESIAN_POINT('',(-31.59629128217,-1.498766368705,
    12.556181822904));
#5614 = CARTESIAN_POINT('',(-31.69404881925,-1.528656044628,
    12.699519808442));
#5615 = CARTESIAN_POINT('',(-31.78339851694,-1.562671149889,
    12.850719833803));
#5616 = CARTESIAN_POINT('',(-31.86358093118,-1.60006692056,
    13.009756802533));
#5617 = CARTESIAN_POINT('',(-31.93358852382,-1.639995962441,
    13.176571185796));
#5618 = CARTESIAN_POINT('',(-32.04044902449,-1.715722750932,
    13.495006958322));
#5619 = CARTESIAN_POINT('',(-32.08100500126,-1.751063698838,
    13.644362777111));
#5620 = CARTESIAN_POINT('',(-32.11300527867,-1.786936057388,
    13.798925147744));
#5621 = CARTESIAN_POINT('',(-32.13553403249,-1.82269805695,
    13.958482691522));
#5622 = CARTESIAN_POINT('',(-32.1475349541,-1.857626298829,
    14.122690578302));
#5623 = CARTESIAN_POINT('',(-32.14812866687,-1.930839981057,
    14.492898943759));
#5624 = CARTESIAN_POINT('',(-32.13158165272,-1.968743288076,
    14.702403078556));
#5625 = CARTESIAN_POINT('',(-32.09554879133,-2.002535546319,
    14.915619647465));
#5626 = CARTESIAN_POINT('',(-32.03870871041,-2.03033120045,
    15.128708472382));
#5627 = CARTESIAN_POINT('',(-31.96086160996,-2.050910811294,
    15.337991301322));
#5628 = CARTESIAN_POINT('',(-31.76273113431,-2.076991109535,
    15.746639688499));
#5629 = CARTESIAN_POINT('',(-31.64320715546,-2.081939669454,
    15.942306826603));
#5630 = CARTESIAN_POINT('',(-31.50646413729,-2.078660594957,
    16.124072913466));
#5631 = CARTESIAN_POINT('',(-31.355765935,-2.068016051495,
    16.289484593987));
#5632 = CARTESIAN_POINT('',(-31.19534146713,-2.051667138333,
    16.436889062028));
#5633 = CARTESIAN_POINT('',(-30.95498186742,-2.022380199665,
    16.624605358328));
#5634 = CARTESIAN_POINT('',(-30.87827817405,-2.012365503356,
    16.679885989763));
#5635 = CARTESIAN_POINT('',(-30.80050586297,-2.001666848742,
    16.731631781686));
#5636 = CARTESIAN_POINT('',(-30.72186495441,-1.990421084461,
    16.779928192775));
#5637 = CARTESIAN_POINT('',(-30.6425373392,-1.978758963115,
    16.824862670391));
#5638 = CARTESIAN_POINT('',(-30.4561021288,-1.950845660988,
    16.922135365161));
#5639 = CARTESIAN_POINT('',(-30.34856073029,-1.93436151001,
    16.971928644243));
#5640 = CARTESIAN_POINT('',(-30.24037628215,-1.917632707417,
    17.016149772065));
#5641 = CARTESIAN_POINT('',(-30.13180861861,-1.900915903807,
    17.055021918737));
#5642 = CARTESIAN_POINT('',(-30.02306530401,-1.884444967359,
    17.088745063147));
#5643 = CARTESIAN_POINT('',(-29.78409281614,-1.8492635549,17.15191445574
    ));
#5644 = CARTESIAN_POINT('',(-29.65383807748,-1.830749449519,
    17.179210624787));
#5645 = CARTESIAN_POINT('',(-29.52385460093,-1.813264295253,
    17.199665266128));
#5646 = CARTESIAN_POINT('',(-29.39441116619,-1.797147866225,
    17.213513276068));
#5647 = CARTESIAN_POINT('',(-29.26573087043,-1.782708537879,
    17.220942787637));
#5648 = CARTESIAN_POINT('',(-29.02195160114,-1.758885980213,
    17.223142010493));
#5649 = CARTESIAN_POINT('',(-28.90669212547,-1.749161256005,
    17.219008380909));
#5650 = CARTESIAN_POINT('',(-28.79243226845,-1.741269367548,
    17.20979853939));
#5651 = CARTESIAN_POINT('',(-28.67937256149,-1.735402342813,
    17.195606913339));
#5652 = CARTESIAN_POINT('',(-28.56769765191,-1.731722921689,
    17.176515373322));
#5653 = CARTESIAN_POINT('',(-28.33657210848,-1.728864528111,
    17.126300601349));
#5654 = CARTESIAN_POINT('',(-28.21745230539,-1.730166360695,
    17.094176271233));
#5655 = CARTESIAN_POINT('',(-28.10053855215,-1.734440552968,
    17.056327492834));
#5656 = CARTESIAN_POINT('',(-27.98612865731,-1.741797053207,
    17.012872922288));
#5657 = CARTESIAN_POINT('',(-27.87449986112,-1.752277533772,
    16.963936071155));
#5658 = CARTESIAN_POINT('',(-27.65613253393,-1.779573449671,
    16.854752407559));
#5659 = CARTESIAN_POINT('',(-27.54950376642,-1.796451626364,
    16.794409050749));
#5660 = CARTESIAN_POINT('',(-27.44628658114,-1.816451294781,
    16.728747615085));
#5661 = CARTESIAN_POINT('',(-27.34673891579,-1.839460493446,
    16.657912777849));
#5662 = CARTESIAN_POINT('',(-27.25111323798,-1.865294100246,
    16.582062140845));
#5663 = CARTESIAN_POINT('',(-27.07962631317,-1.91855287054,
    16.430762672243));
#5664 = CARTESIAN_POINT('',(-27.00279171898,-1.9453748569,
    16.356450971637));
#5665 = CARTESIAN_POINT('',(-26.92926756311,-1.974009611953,
    16.278510377686));
#5666 = CARTESIAN_POINT('',(-26.85918226356,-2.004270176933,
    16.197014802624));
#5667 = CARTESIAN_POINT('',(-26.79267613244,-2.035940164658,
    16.112040005703));
#5668 = CARTESIAN_POINT('',(-26.60368074184,-2.134800063987,
    15.845976414989));
#5669 = CARTESIAN_POINT('',(-26.49266977442,-2.205474344788,
    15.654722173069));
#5670 = CARTESIAN_POINT('',(-26.3976185567,-2.279028674514,
    15.450008813952));
#5671 = CARTESIAN_POINT('',(-26.31987051288,-2.353370602963,
    15.23177525123));
#5672 = CARTESIAN_POINT('',(-26.26148919293,-2.425864604981,
    15.000144367566));
#5673 = CARTESIAN_POINT('',(-26.21280698732,-2.516597521279,
    14.670630467036));
#5674 = CARTESIAN_POINT('',(-26.20292537349,-2.539431447438,
    14.583856231574));
#5675 = CARTESIAN_POINT('',(-26.19588071849,-2.561489112066,
    14.495558421118));
#5676 = CARTESIAN_POINT('',(-26.19181274593,-2.582609973701,
    14.405799895878));
#5677 = CARTESIAN_POINT('',(-26.19087018528,-2.602623616093,
    14.314657407739));
#5678 = CARTESIAN_POINT('',(-26.19321106685,-2.621350668585,
    14.222222222222));
#5679 = PCURVE('',#664,#5680);
#5680 = DEFINITIONAL_REPRESENTATION('',(#5681),#5794);
#5681 = B_SPLINE_CURVE_WITH_KNOTS('',6,(#5682,#5683,#5684,#5685,#5686,
    #5687,#5688,#5689,#5690,#5691,#5692,#5693,#5694,#5695,#5696,#5697,
    #5698,#5699,#5700,#5701,#5702,#5703,#5704,#5705,#5706,#5707,#5708,
    #5709,#5710,#5711,#5712,#5713,#5714,#5715,#5716,#5717,#5718,#5719,
    #5720,#5721,#5722,#5723,#5724,#5725,#5726,#5727,#5728,#5729,#5730,
    #5731,#5732,#5733,#5734,#5735,#5736,#5737,#5738,#5739,#5740,#5741,
    #5742,#5743,#5744,#5745,#5746,#5747,#5748,#5749,#5750,#5751,#5752,
    #5753,#5754,#5755,#5756,#5757,#5758,#5759,#5760,#5761,#5762,#5763,
    #5764,#5765,#5766,#5767,#5768,#5769,#5770,#5771,#5772,#5773,#5774,
    #5775,#5776,#5777,#5778,#5779,#5780,#5781,#5782,#5783,#5784,#5785,
    #5786,#5787,#5788,#5789,#5790,#5791,#5792,#5793),.UNSPECIFIED.,.T.,
  .F.,(7,5,5,5,5,5,5,5,5,5,5,5,5,5,5,5,5,5,5,5,5,5,7),(0.,
    3.707779145212E-02,8.674427882136E-02,0.121863720988,0.14919193028,
    0.184535675796,0.229309750406,0.26896139683,0.312158457637,
    0.39521211991,0.4543560028,0.503192472107,0.561763298897,
    0.621601951483,0.648961745526,0.685482095973,0.72920399157,
    0.768922324969,0.812566961402,0.856689457354,0.895298282306,
    0.972927702407,1.),.UNSPECIFIED.);
#5682 = CARTESIAN_POINT('',(1.739390913851,29.312580750567));
#5683 = CARTESIAN_POINT('',(1.719964926164,29.256198744281));
#5684 = CARTESIAN_POINT('',(1.699748392009,29.204409030764));
#5685 = CARTESIAN_POINT('',(1.678802822708,29.157942787761));
#5686 = CARTESIAN_POINT('',(1.6571925028,29.117458157766));
#5687 = CARTESIAN_POINT('',(1.634984399317,29.08354947871));
#5688 = CARTESIAN_POINT('',(1.581792277541,29.020866771486));
#5689 = CARTESIAN_POINT('',(1.55041219878,28.997772251734));
#5690 = CARTESIAN_POINT('',(1.518555829294,28.989058666143));
#5691 = CARTESIAN_POINT('',(1.486669566127,28.995264067161));
#5692 = CARTESIAN_POINT('',(1.455199640792,29.01595111377));
#5693 = CARTESIAN_POINT('',(1.402953243537,29.073458375469));
#5694 = CARTESIAN_POINT('',(1.381760434405,29.103761148809));
#5695 = CARTESIAN_POINT('',(1.361082451497,29.140103565995));
#5696 = CARTESIAN_POINT('',(1.34098362417,29.181984420479));
#5697 = CARTESIAN_POINT('',(1.321526218565,29.228836649827));
#5698 = CARTESIAN_POINT('',(1.288175797947,29.319848022107));
#5699 = CARTESIAN_POINT('',(1.273989945202,29.362342223069));
#5700 = CARTESIAN_POINT('',(1.260215618678,29.407286200889));
#5701 = CARTESIAN_POINT('',(1.246855156759,29.454478874927));
#5702 = CARTESIAN_POINT('',(1.233910389317,29.503733722775));
#5703 = CARTESIAN_POINT('',(1.20517993925,29.621023673916));
#5704 = CARTESIAN_POINT('',(1.189670893346,29.690344827472));
#5705 = CARTESIAN_POINT('',(1.17484751468,29.762516792056));
#5706 = CARTESIAN_POINT('',(1.160703566646,29.837263090485));
#5707 = CARTESIAN_POINT('',(1.147233784514,29.914355391509));
#5708 = CARTESIAN_POINT('',(1.118217438657,30.094018524119));
#5709 = CARTESIAN_POINT('',(1.103073205693,30.197914259318));
#5710 = CARTESIAN_POINT('',(1.088997917881,30.304901295077));
#5711 = CARTESIAN_POINT('',(1.075994959429,30.414646826321));
#5712 = CARTESIAN_POINT('',(1.064072409906,30.526882998582));
#5713 = CARTESIAN_POINT('',(1.043650023645,30.742825904291));
#5714 = CARTESIAN_POINT('',(1.034915205868,30.846034253867));
#5715 = CARTESIAN_POINT('',(1.027052309078,30.950814693764));
#5716 = CARTESIAN_POINT('',(1.020076138837,31.056968319309));
#5717 = CARTESIAN_POINT('',(1.01400082674,31.164312687259));
#5718 = CARTESIAN_POINT('',(1.003216570025,31.390739670205));
#5719 = CARTESIAN_POINT('',(0.998678829324,31.510003904786));
#5720 = CARTESIAN_POINT('',(0.99524729203,31.630168647538));
#5721 = CARTESIAN_POINT('',(0.992936390185,31.750937338414));
#5722 = CARTESIAN_POINT('',(0.9917538391,31.872021861643));
#5723 = CARTESIAN_POINT('',(0.991598105665,32.2260164242));
#5724 = CARTESIAN_POINT('',(0.995670386929,32.458490624409));
#5725 = CARTESIAN_POINT('',(1.003889895864,32.688846412446));
#5726 = CARTESIAN_POINT('',(1.016171153491,32.915311117101));
#5727 = CARTESIAN_POINT('',(1.032366661614,33.13590643982));
#5728 = CARTESIAN_POINT('',(1.066451389527,33.499587908924));
#5729 = CARTESIAN_POINT('',(1.08252591504,33.646868193688));
#5730 = CARTESIAN_POINT('',(1.100469974345,33.789710702325));
#5731 = CARTESIAN_POINT('',(1.120273400669,33.927511971006));
#5732 = CARTESIAN_POINT('',(1.141940401916,34.059444107922));
#5733 = CARTESIAN_POINT('',(1.1849279417,34.287544142034));
#5734 = CARTESIAN_POINT('',(1.205671477322,34.386047491076));
#5735 = CARTESIAN_POINT('',(1.227723421311,34.47920075144));
#5736 = CARTESIAN_POINT('',(1.251090910809,34.566167218787));
#5737 = CARTESIAN_POINT('',(1.275778756491,34.645935071916));
#5738 = CARTESIAN_POINT('',(1.33297914081,34.802865014333));
#5739 = CARTESIAN_POINT('',(1.366332836411,34.877058027547));
#5740 = CARTESIAN_POINT('',(1.401415965294,34.936037041578));
#5741 = CARTESIAN_POINT('',(1.437767915549,34.977130263603));
#5742 = CARTESIAN_POINT('',(1.474930114314,34.998660808189));
#5743 = CARTESIAN_POINT('',(1.550744685527,35.001268524328));
#5744 = CARTESIAN_POINT('',(1.588783899807,34.981438320071));
#5745 = CARTESIAN_POINT('',(1.626033620833,34.941038239696));
#5746 = CARTESIAN_POINT('',(1.661991858812,34.88178331161));
#5747 = CARTESIAN_POINT('',(1.696153382456,34.80651342743));
#5748 = CARTESIAN_POINT('',(1.742625189689,34.679544019224));
#5749 = CARTESIAN_POINT('',(1.756797911708,34.637044872015));
#5750 = CARTESIAN_POINT('',(1.770559538052,34.592100797979));
#5751 = CARTESIAN_POINT('',(1.783907761282,34.544912369105));
#5752 = CARTESIAN_POINT('',(1.796840779725,34.495665603568));
#5753 = CARTESIAN_POINT('',(1.826065058399,34.376279203339));
#5754 = CARTESIAN_POINT('',(1.842034906413,34.304648767705));
#5755 = CARTESIAN_POINT('',(1.857275575577,34.229997404228));
#5756 = CARTESIAN_POINT('',(1.871793818783,34.152626746673));
#5757 = CARTESIAN_POINT('',(1.88559527708,34.072784190818));
#5758 = CARTESIAN_POINT('',(1.914356230211,33.892348533024));
#5759 = CARTESIAN_POINT('',(1.929009489542,33.79075529661));
#5760 = CARTESIAN_POINT('',(1.942646870481,33.686248175189));
#5761 = CARTESIAN_POINT('',(1.955264900257,33.57913272973));
#5762 = CARTESIAN_POINT('',(1.966855893564,33.469656619573));
#5763 = CARTESIAN_POINT('',(1.986996084352,33.256588318986));
#5764 = CARTESIAN_POINT('',(1.995726243943,33.153378807934));
#5765 = CARTESIAN_POINT('',(2.003584539387,33.048598104187));
#5766 = CARTESIAN_POINT('',(2.010556163389,32.942445089162));
#5767 = CARTESIAN_POINT('',(2.016626986557,32.835102198545));
#5768 = CARTESIAN_POINT('',(2.027450675121,32.607657193904));
#5769 = CARTESIAN_POINT('',(2.032013555755,32.487350796376));
#5770 = CARTESIAN_POINT('',(2.035450858433,32.366130870626));
#5771 = CARTESIAN_POINT('',(2.03774779532,32.244302654941));
#5772 = CARTESIAN_POINT('',(2.038896597147,32.122162848876));
#5773 = CARTESIAN_POINT('',(2.038896597147,31.876499605783));
#5774 = CARTESIAN_POINT('',(2.037722502679,31.753023856448));
#5775 = CARTESIAN_POINT('',(2.035375037255,31.629870201631));
#5776 = CARTESIAN_POINT('',(2.031862308532,31.507344660481));
#5777 = CARTESIAN_POINT('',(2.027199718418,31.385762263004));
#5778 = CARTESIAN_POINT('',(2.016343543268,31.160167591538));
#5779 = CARTESIAN_POINT('',(2.010414280351,31.055862531283));
#5780 = CARTESIAN_POINT('',(2.003634133376,30.952685822637));
#5781 = CARTESIAN_POINT('',(1.99601609401,30.850805238008));
#5782 = CARTESIAN_POINT('',(1.987573765653,30.750403213076));
#5783 = CARTESIAN_POINT('',(1.959716883974,30.453172392299));
#5784 = CARTESIAN_POINT('',(1.937854840779,30.261641393655));
#5785 = CARTESIAN_POINT('',(1.912797418884,30.077995003879));
#5786 = CARTESIAN_POINT('',(1.884540858832,29.903632722785));
#5787 = CARTESIAN_POINT('',(1.853047706686,29.740736267644));
#5788 = CARTESIAN_POINT('',(1.806125862623,29.540931138388));
#5789 = CARTESIAN_POINT('',(1.793588188522,29.491044051867));
#5790 = CARTESIAN_POINT('',(1.780645159036,29.443087813378));
#5791 = CARTESIAN_POINT('',(1.767297293469,29.397232397479));
#5792 = CARTESIAN_POINT('',(1.753545506731,29.353663055241));
#5793 = CARTESIAN_POINT('',(1.739390913851,29.312580750567));
#5794 = ( GEOMETRIC_REPRESENTATION_CONTEXT(2) 
PARAMETRIC_REPRESENTATION_CONTEXT() REPRESENTATION_CONTEXT('2D SPACE',''
  ) );
#5795 = PCURVE('',#5796,#5801);
#5796 = CYLINDRICAL_SURFACE('',#5797,3.);
#5797 = AXIS2_PLACEMENT_3D('',#5798,#5799,#5800);
#5798 = CARTESIAN_POINT('',(-29.43672232115,-4.382667458154,
    14.222222222222));
#5799 = DIRECTION('',(0.124034734589,0.992277876714,-0.));
#5800 = DIRECTION('',(0.992277876714,-0.124034734589,0.));
#5801 = DEFINITIONAL_REPRESENTATION('',(#5802),#5915);
#5802 = B_SPLINE_CURVE_WITH_KNOTS('',6,(#5803,#5804,#5805,#5806,#5807,
    #5808,#5809,#5810,#5811,#5812,#5813,#5814,#5815,#5816,#5817,#5818,
    #5819,#5820,#5821,#5822,#5823,#5824,#5825,#5826,#5827,#5828,#5829,
    #5830,#5831,#5832,#5833,#5834,#5835,#5836,#5837,#5838,#5839,#5840,
    #5841,#5842,#5843,#5844,#5845,#5846,#5847,#5848,#5849,#5850,#5851,
    #5852,#5853,#5854,#5855,#5856,#5857,#5858,#5859,#5860,#5861,#5862,
    #5863,#5864,#5865,#5866,#5867,#5868,#5869,#5870,#5871,#5872,#5873,
    #5874,#5875,#5876,#5877,#5878,#5879,#5880,#5881,#5882,#5883,#5884,
    #5885,#5886,#5887,#5888,#5889,#5890,#5891,#5892,#5893,#5894,#5895,
    #5896,#5897,#5898,#5899,#5900,#5901,#5902,#5903,#5904,#5905,#5906,
    #5907,#5908,#5909,#5910,#5911,#5912,#5913,#5914),.UNSPECIFIED.,.F.,
  .F.,(7,5,5,5,5,5,5,5,5,5,5,5,5,5,5,5,5,5,5,5,5,5,7),(0.,
    3.707779145212E-02,8.674427882136E-02,0.121863720988,0.14919193028,
    0.184535675796,0.229309750406,0.26896139683,0.312158457637,
    0.39521211991,0.4543560028,0.503192472107,0.561763298897,
    0.621601951483,0.648961745526,0.685482095973,0.72920399157,
    0.768922324969,0.812566961402,0.856689457354,0.895298282306,
    0.972927702407,1.),.UNSPECIFIED.);
#5803 = CARTESIAN_POINT('',(0.,2.150023741739));
#5804 = CARTESIAN_POINT('',(4.228650471491E-02,2.124122424823));
#5805 = CARTESIAN_POINT('',(8.545380100971E-02,2.099816150222));
#5806 = CARTESIAN_POINT('',(0.129427178037,2.077608869318));
#5807 = CARTESIAN_POINT('',(0.174153258718,2.057983739018));
#5808 = CARTESIAN_POINT('',(0.219595037113,2.041381019609));
#5809 = CARTESIAN_POINT('',(0.327521544881,2.01048753232));
#5810 = CARTESIAN_POINT('',(0.390506817088,1.998909325595));
#5811 = CARTESIAN_POINT('',(0.454055963502,1.994487452993));
#5812 = CARTESIAN_POINT('',(0.517640225707,1.997644535125));
#5813 = CARTESIAN_POINT('',(0.580733546004,2.008031241393));
#5814 = CARTESIAN_POINT('',(0.686547601503,2.036425836285));
#5815 = CARTESIAN_POINT('',(0.7297903824,2.051301734536));
#5816 = CARTESIAN_POINT('',(0.772412548466,2.068985357966));
#5817 = CARTESIAN_POINT('',(0.814371282053,2.089108102893));
#5818 = CARTESIAN_POINT('',(0.85560973837,2.111257346573));
#5819 = CARTESIAN_POINT('',(0.92752217701,2.153465170476));
#5820 = CARTESIAN_POINT('',(0.958544720634,2.172917728037));
#5821 = CARTESIAN_POINT('',(0.989140965879,2.19318402047));
#5822 = CARTESIAN_POINT('',(1.019329540905,2.214103081728));
#5823 = CARTESIAN_POINT('',(1.049127434276,2.235522246191));
#5824 = CARTESIAN_POINT('',(1.116604808577,2.285461846234));
#5825 = CARTESIAN_POINT('',(1.154041249907,2.314228911957));
#5826 = CARTESIAN_POINT('',(1.190920799525,2.343309697037));
#5827 = CARTESIAN_POINT('',(1.227298093449,2.372441849718));
#5828 = CARTESIAN_POINT('',(1.263226521473,2.401388860535));
#5829 = CARTESIAN_POINT('',(1.343780701239,2.466105149729));
#5830 = CARTESIAN_POINT('',(1.388176073781,2.501639383637));
#5831 = CARTESIAN_POINT('',(1.432046686055,2.536094992575));
#5832 = CARTESIAN_POINT('',(1.475479190121,2.569070134247));
#5833 = CARTESIAN_POINT('',(1.518558028461,2.600203936689));
#5834 = CARTESIAN_POINT('',(1.59929226941,2.654828460049));
#5835 = CARTESIAN_POINT('',(1.63700227001,2.678784738875));
#5836 = CARTESIAN_POINT('',(1.67453979759,2.700798930773));
#5837 = CARTESIAN_POINT('',(1.711939492344,2.720655510232));
#5838 = CARTESIAN_POINT('',(1.749236987356,2.738169977445));
#5839 = CARTESIAN_POINT('',(1.827033592349,2.769557551639));
#5840 = CARTESIAN_POINT('',(1.867517422132,2.782963799175));
#5841 = CARTESIAN_POINT('',(1.907941040856,2.79320414519));
#5842 = CARTESIAN_POINT('',(1.94832473188,2.800135679779));
#5843 = CARTESIAN_POINT('',(1.988690831546,2.803683198271));
#5844 = CARTESIAN_POINT('',(2.106689327369,2.804150397354));
#5845 = CARTESIAN_POINT('',(2.184164324673,2.791933562987));
#5846 = CARTESIAN_POINT('',(2.261759112424,2.767265654767));
#5847 = CARTESIAN_POINT('',(2.339707091418,2.731070374569));
#5848 = CARTESIAN_POINT('',(2.41822782083,2.68511437774));
#5849 = CARTESIAN_POINT('',(2.553933397058,2.593769686784));
#5850 = CARTESIAN_POINT('',(2.610813384325,2.551985492457));
#5851 = CARTESIAN_POINT('',(2.668341171921,2.507150589994));
#5852 = CARTESIAN_POINT('',(2.726724549262,2.460098189605));
#5853 = CARTESIAN_POINT('',(2.786178432747,2.411794111537));
#5854 = CARTESIAN_POINT('',(2.897104396724,2.323397680804));
#5855 = CARTESIAN_POINT('',(2.948215105777,2.28329929024));
#5856 = CARTESIAN_POINT('',(3.000386421014,2.24373479655));
#5857 = CARTESIAN_POINT('',(3.053738787823,2.205454607557));
#5858 = CARTESIAN_POINT('',(3.108402690033,2.16930755474));
#5859 = CARTESIAN_POINT('',(3.231837939103,2.096585596587));
#5860 = CARTESIAN_POINT('',(3.301815681007,2.061027388087));
#5861 = CARTESIAN_POINT('',(3.373723693269,2.031965404227));
#5862 = CARTESIAN_POINT('',(3.447056117575,2.011434535914));
#5863 = CARTESIAN_POINT('',(3.521410282931,2.000669587805));
#5864 = CARTESIAN_POINT('',(3.673041294006,1.999365745805));
#5865 = CARTESIAN_POINT('',(3.74909015103,2.009280524269));
#5866 = CARTESIAN_POINT('',(3.824139309654,2.029495161314));
#5867 = CARTESIAN_POINT('',(3.897742016046,2.058749317823));
#5868 = CARTESIAN_POINT('',(3.969340124325,2.094870188956));
#5869 = CARTESIAN_POINT('',(4.069563072953,2.153743909429));
#5870 = CARTESIAN_POINT('',(4.100562496205,2.173195193267));
#5871 = CARTESIAN_POINT('',(4.131136241242,2.193457699515));
#5872 = CARTESIAN_POINT('',(4.161302940014,2.214370826839));
#5873 = CARTESIAN_POINT('',(4.191079593436,2.235782271543));
#5874 = CARTESIAN_POINT('',(4.259730337431,2.286604465552));
#5875 = CARTESIAN_POINT('',(4.298321761255,2.316300192704));
#5876 = CARTESIAN_POINT('',(4.336323204505,2.346318442733));
#5877 = CARTESIAN_POINT('',(4.37379435447,2.376372318456));
#5878 = CARTESIAN_POINT('',(4.410793559752,2.406204012467));
#5879 = CARTESIAN_POINT('',(4.491187845438,2.470754638829));
#5880 = CARTESIAN_POINT('',(4.534411206327,2.505281887944));
#5881 = CARTESIAN_POINT('',(4.5771428914,2.538754485709));
#5882 = CARTESIAN_POINT('',(4.619462839821,2.570801943757));
#5883 = CARTESIAN_POINT('',(4.661449022423,2.60109059616));
#5884 = CARTESIAN_POINT('',(4.741099712997,2.654966290064));
#5885 = CARTESIAN_POINT('',(4.778806503825,2.678912097226));
#5886 = CARTESIAN_POINT('',(4.81634099669,2.700915234587));
#5887 = CARTESIAN_POINT('',(4.853737804193,2.72076028418));
#5888 = CARTESIAN_POINT('',(4.891032533689,2.73826286013));
#5889 = CARTESIAN_POINT('',(4.969175006016,2.769766776277));
#5890 = CARTESIAN_POINT('',(5.010006748503,2.783249989765));
#5891 = CARTESIAN_POINT('',(5.050777833804,2.793510169685));
#5892 = CARTESIAN_POINT('',(5.091508739271,2.800401278188));
#5893 = CARTESIAN_POINT('',(5.132222022441,2.803847577293));
#5894 = CARTESIAN_POINT('',(5.214109770138,2.803847577293));
#5895 = CARTESIAN_POINT('',(5.255268368823,2.800325406839));
#5896 = CARTESIAN_POINT('',(5.296445120319,2.79328269451));
#5897 = CARTESIAN_POINT('',(5.337663501274,2.782798543964));
#5898 = CARTESIAN_POINT('',(5.37894480186,2.769025333027));
#5899 = CARTESIAN_POINT('',(5.456503864579,2.737448168728));
#5900 = CARTESIAN_POINT('',(5.492760778714,2.720363463551));
#5901 = CARTESIAN_POINT('',(5.529114683632,2.701069378765));
#5902 = CARTESIAN_POINT('',(5.565598274238,2.679735501128));
#5903 = CARTESIAN_POINT('',(5.602243350964,2.656559143275));
#5904 = CARTESIAN_POINT('',(5.713153263161,2.581904645388));
#5905 = CARTESIAN_POINT('',(5.787934639623,2.525545335977));
#5906 = CARTESIAN_POINT('',(5.863935312661,2.464348654416));
#5907 = CARTESIAN_POINT('',(5.941659617101,2.400224261483));
#5908 = CARTESIAN_POINT('',(6.021606774249,2.335531378611));
#5909 = CARTESIAN_POINT('',(6.133224594923,2.251537397531));
#5910 = CARTESIAN_POINT('',(6.162437376063,2.230105461114));
#5911 = CARTESIAN_POINT('',(6.192020603091,2.209091910404));
#5912 = CARTESIAN_POINT('',(6.221992741773,2.188638716564));
#5913 = CARTESIAN_POINT('',(6.252373578674,2.168896532246));
#5914 = CARTESIAN_POINT('',(6.28318530718,2.150023741739));
#5915 = ( GEOMETRIC_REPRESENTATION_CONTEXT(2) 
PARAMETRIC_REPRESENTATION_CONTEXT() REPRESENTATION_CONTEXT('2D SPACE',''
  ) );
#5916 = FACE_BOUND('',#5917,.T.);
#5917 = EDGE_LOOP('',(#5918));
#5918 = ORIENTED_EDGE('',*,*,#5919,.F.);
#5919 = EDGE_CURVE('',#5920,#5920,#5922,.T.);
#5920 = VERTEX_POINT('',#5921);
#5921 = CARTESIAN_POINT('',(-24.74201056175,8.988253372153,
    14.222222222222));
#5922 = SURFACE_CURVE('',#5923,(#6036,#6152),.PCURVE_S1.);
#5923 = B_SPLINE_CURVE_WITH_KNOTS('',6,(#5924,#5925,#5926,#5927,#5928,
    #5929,#5930,#5931,#5932,#5933,#5934,#5935,#5936,#5937,#5938,#5939,
    #5940,#5941,#5942,#5943,#5944,#5945,#5946,#5947,#5948,#5949,#5950,
    #5951,#5952,#5953,#5954,#5955,#5956,#5957,#5958,#5959,#5960,#5961,
    #5962,#5963,#5964,#5965,#5966,#5967,#5968,#5969,#5970,#5971,#5972,
    #5973,#5974,#5975,#5976,#5977,#5978,#5979,#5980,#5981,#5982,#5983,
    #5984,#5985,#5986,#5987,#5988,#5989,#5990,#5991,#5992,#5993,#5994,
    #5995,#5996,#5997,#5998,#5999,#6000,#6001,#6002,#6003,#6004,#6005,
    #6006,#6007,#6008,#6009,#6010,#6011,#6012,#6013,#6014,#6015,#6016,
    #6017,#6018,#6019,#6020,#6021,#6022,#6023,#6024,#6025,#6026,#6027,
    #6028,#6029,#6030,#6031,#6032,#6033,#6034,#6035),.UNSPECIFIED.,.T.,
  .F.,(7,5,5,5,5,5,5,5,5,5,5,5,5,5,5,5,5,5,5,5,5,5,7),(0.,
    3.707779152798E-02,8.674427895756E-02,0.121863721193,0.149191930558,
    0.184535676168,0.229309750897,0.268961397427,0.312158458349,
    0.395212120845,0.454355999319,0.503192468988,0.561763296146,
    0.621601949108,0.648961743323,0.685482093999,0.729203989871,
    0.768922323519,0.812566960225,0.856689456454,0.895298281649,
    0.972927702236,1.),.UNSPECIFIED.);
#5924 = CARTESIAN_POINT('',(-24.74201056175,8.988253372161,
    14.222222222222));
#5925 = CARTESIAN_POINT('',(-24.73879789879,9.013954675895,
    14.095362708173));
#5926 = CARTESIAN_POINT('',(-24.74217085681,9.038871727019,
    13.965860673779));
#5927 = CARTESIAN_POINT('',(-24.75269015129,9.062566741653,
    13.834349284375));
#5928 = CARTESIAN_POINT('',(-24.77082372023,9.084611295105,
    13.701480590738));
#5929 = CARTESIAN_POINT('',(-24.79695288809,9.104609366478,
    13.567928209341));
#5930 = CARTESIAN_POINT('',(-24.87749240625,9.145810713417,
    13.255512744988));
#5931 = CARTESIAN_POINT('',(-24.93845690296,9.165099586365,
    13.07679886389));
#5932 = CARTESIAN_POINT('',(-25.01453086561,9.179065116278,
    12.901553988523));
#5933 = CARTESIAN_POINT('',(-25.10489696385,9.187179227323,
    12.732755416566));
#5934 = CARTESIAN_POINT('',(-25.20777248763,9.189571129909,
    12.572952248246));
#5935 = CARTESIAN_POINT('',(-25.40009152012,9.184995441127,
    12.318849444317));
#5936 = CARTESIAN_POINT('',(-25.48458503798,9.180565465125,
    12.219151142587));
#5937 = CARTESIAN_POINT('',(-25.57326615663,9.173829363718,
    12.125243369227));
#5938 = CARTESIAN_POINT('',(-25.66544965917,9.165072957006,
    12.037297388439));
#5939 = CARTESIAN_POINT('',(-25.760406267,9.154620919025,11.955414698424
    ));
#5940 = CARTESIAN_POINT('',(-25.93280270408,9.133634179264,
    11.820644096749));
#5941 = CARTESIAN_POINT('',(-26.00953773425,9.123622116421,
    11.765289004282));
#5942 = CARTESIAN_POINT('',(-26.08734469344,9.112923977169,
    11.713473570823));
#5943 = CARTESIAN_POINT('',(-26.16602296963,9.101676903728,
    11.665112303387));
#5944 = CARTESIAN_POINT('',(-26.24539010314,9.090011942336,
    11.620117684365));
#5945 = CARTESIAN_POINT('',(-26.42860489264,9.062585550098,
    11.524447093507));
#5946 = CARTESIAN_POINT('',(-26.53282856106,9.046622571337,
    11.475963096844));
#5947 = CARTESIAN_POINT('',(-26.63766658689,9.03042022646,
    11.432724551729));
#5948 = CARTESIAN_POINT('',(-26.74288069474,9.014213124483,
    11.394527282979));
#5949 = CARTESIAN_POINT('',(-26.84827909183,8.998215641337,
    11.361187536895));
#5950 = CARTESIAN_POINT('',(-27.0872843958,8.962871378834,
    11.296255042952));
#5951 = CARTESIAN_POINT('',(-27.22093455724,8.943766879933,
    11.267496248992));
#5952 = CARTESIAN_POINT('',(-27.35432064444,8.925716390815,
    11.245957527331));
#5953 = CARTESIAN_POINT('',(-27.48715054846,8.909088367387,
    11.231382170448));
#5954 = CARTESIAN_POINT('',(-27.61918352195,8.894216396577,
    11.223565603755));
#5955 = CARTESIAN_POINT('',(-27.86628059631,8.870053907534,
    11.221283615137));
#5956 = CARTESIAN_POINT('',(-27.98155182639,8.860320099471,
    11.225393393539));
#5957 = CARTESIAN_POINT('',(-28.095824017,8.852418612147,11.234580373924
    ));
#5958 = CARTESIAN_POINT('',(-28.20889662364,8.846541580277,
    11.248750076089));
#5959 = CARTESIAN_POINT('',(-28.32058499277,8.842851857794,
    11.267820596335));
#5960 = CARTESIAN_POINT('',(-28.5507003414,8.839984437216,
    11.317767465845));
#5961 = CARTESIAN_POINT('',(-28.66882699672,8.841239691247,
    11.349544869504));
#5962 = CARTESIAN_POINT('',(-28.7847877753,8.845414749944,
    11.386950218869));
#5963 = CARTESIAN_POINT('',(-28.89829326219,8.852617458499,
    11.429868122424));
#5964 = CARTESIAN_POINT('',(-29.00907393053,8.862889915986,
    11.478178848633));
#5965 = CARTESIAN_POINT('',(-29.32415058683,8.901803663095,
    11.634784865005));
#5966 = CARTESIAN_POINT('',(-29.51994696788,8.938590119168,
    11.757062439359));
#5967 = CARTESIAN_POINT('',(-29.70281543395,8.9863085567,11.897696420909
    ));
#5968 = CARTESIAN_POINT('',(-29.8713179548,9.043848331584,
    12.055852020969));
#5969 = CARTESIAN_POINT('',(-30.02392230049,9.109237511235,
    12.230635510806));
#5970 = CARTESIAN_POINT('',(-30.25517059068,9.230199099851,
    12.556181812434));
#5971 = CARTESIAN_POINT('',(-30.34256276188,9.283232497806,
    12.699519827965));
#5972 = CARTESIAN_POINT('',(-30.42079028116,9.338194749126,
    12.850719831873));
#5973 = CARTESIAN_POINT('',(-30.48930042094,9.394177083783,
    13.009756782074));
#5974 = CARTESIAN_POINT('',(-30.54732525929,9.450110189404,
    13.17657120036));
#5975 = CARTESIAN_POINT('',(-30.63225730037,9.549811041483,
    13.495006958116));
#5976 = CARTESIAN_POINT('',(-30.66286609077,9.594047585362,
    13.644362777156));
#5977 = CARTESIAN_POINT('',(-30.68505162522,9.63669317042,
    13.798925147931));
#5978 = CARTESIAN_POINT('',(-30.69808423283,9.676900340118,
    13.958482691567));
#5979 = CARTESIAN_POINT('',(-30.70111817427,9.71370793984,
    14.122690578112));
#5980 = CARTESIAN_POINT('',(-30.68367178948,9.784815038102,
    14.492898943759));
#5981 = CARTESIAN_POINT('',(-30.65830386941,9.817478978344,
    14.702403078556));
#5982 = CARTESIAN_POINT('',(-30.61506161712,9.841361847376,
    14.915619647464));
#5983 = CARTESIAN_POINT('',(-30.5531284546,9.854310846078,
    15.128708472382));
#5984 = CARTESIAN_POINT('',(-30.47261089918,9.855094874938,
    15.337991301323));
#5985 = CARTESIAN_POINT('',(-30.27415698013,9.831602123841,
    15.746639688499));
#5986 = CARTESIAN_POINT('',(-30.15709255511,9.806977133276,
    15.942306826603));
#5987 = CARTESIAN_POINT('',(-30.02536417123,9.770139133523,
    16.124072913467));
#5988 = CARTESIAN_POINT('',(-29.88192303202,9.722727172373,
    16.289484593986));
#5989 = CARTESIAN_POINT('',(-29.73045904948,9.66739220291,
    16.436889062028));
#5990 = CARTESIAN_POINT('',(-29.50470422235,9.579840960887,
    16.624605358328));
#5991 = CARTESIAN_POINT('',(-29.43282579864,9.551253499943,
    16.679885989763));
#5992 = CARTESIAN_POINT('',(-29.36007999673,9.521740081205,
    16.731631781686));
#5993 = CARTESIAN_POINT('',(-29.28662699656,9.491482578333,
    16.779928192775));
#5994 = CARTESIAN_POINT('',(-29.21261090708,9.460652493902,
    16.824862670391));
#5995 = CARTESIAN_POINT('',(-29.03878313136,9.387706318508,
    16.922135365161));
#5996 = CARTESIAN_POINT('',(-28.93860833613,9.345257643314,
    16.971928644243));
#5997 = CARTESIAN_POINT('',(-28.83787049933,9.302413555103,
    17.016149772065));
#5998 = CARTESIAN_POINT('',(-28.73675828479,9.259486766734,
    17.055021918738));
#5999 = CARTESIAN_POINT('',(-28.63541530269,9.216755043198,
    17.088745063147));
#6000 = CARTESIAN_POINT('',(-28.41245585444,9.123832138724,
    17.15191445574));
#6001 = CARTESIAN_POINT('',(-28.29076627214,9.073824993222,
    17.179210624787));
#6002 = CARTESIAN_POINT('',(-28.16908632514,9.024881911012,
    17.199665266128));
#6003 = CARTESIAN_POINT('',(-28.04759288631,8.977398372788,
    17.213513276068));
#6004 = CARTESIAN_POINT('',(-27.92642628048,8.931728181745,
    17.220942787637));
#6005 = CARTESIAN_POINT('',(-27.69601192597,8.848631421103,
    17.223142010493));
#6006 = CARTESIAN_POINT('',(-27.58669267398,8.810834355937,
    17.219008380908));
#6007 = CARTESIAN_POINT('',(-27.47789112357,8.775059791551,
    17.20979853939));
#6008 = CARTESIAN_POINT('',(-27.36975436752,8.741543208939,
    17.195606913339));
#6009 = CARTESIAN_POINT('',(-27.26242131266,8.710487792262,
    17.176515373322));
#6010 = CARTESIAN_POINT('',(-27.03911092899,8.650824907795,
    17.126300601349));
#6011 = CARTESIAN_POINT('',(-26.92333589951,8.622764886309,
    17.094176271233));
#6012 = CARTESIAN_POINT('',(-26.80896738366,8.598128794946,
    17.056327492834));
#6013 = CARTESIAN_POINT('',(-26.69626696245,8.577096505679,
    17.012872922288));
#6014 = CARTESIAN_POINT('',(-26.58549308785,8.559776652396,
    16.963936071155));
#6015 = CARTESIAN_POINT('',(-26.36712576066,8.532480736496,
    16.854752407559));
#6016 = CARTESIAN_POINT('',(-26.25962325019,8.522592503442,
    16.794409050749));
#6017 = CARTESIAN_POINT('',(-26.154658983,8.516569490299,16.728747615085
    ));
#6018 = CARTESIAN_POINT('',(-26.05251052,8.514366672921,16.657912777849)
  );
#6019 = CARTESIAN_POINT('',(-25.95346812906,8.515866771128,
    16.582062140845));
#6020 = CARTESIAN_POINT('',(-25.77414787386,8.52527464392,
    16.430762672242));
#6021 = CARTESIAN_POINT('',(-25.69307508593,8.532358207515,
    16.356450971637));
#6022 = CARTESIAN_POINT('',(-25.61476465669,8.54201363943,
    16.278510377687));
#6023 = CARTESIAN_POINT('',(-25.53938707344,8.554091344059,
    16.197014802624));
#6024 = CARTESIAN_POINT('',(-25.46713159552,8.568416130655,
    16.112040005702));
#6025 = CARTESIAN_POINT('',(-25.25961670326,8.617712244625,
    15.845976414989));
#6026 = CARTESIAN_POINT('',(-25.13462471188,8.658886155576,
    15.654722173068));
#6027 = CARTESIAN_POINT('',(-25.02439246584,8.706780052332,
    15.450008813953));
#6028 = CARTESIAN_POINT('',(-24.93073711791,8.759696556814,
    15.231775251229));
#6029 = CARTESIAN_POINT('',(-24.85630746885,8.815589187705,
    15.000144367566));
#6030 = CARTESIAN_POINT('',(-24.78678892094,8.891547009813,
    14.670630467034));
#6031 = CARTESIAN_POINT('',(-24.77159069801,8.911245956376,
    14.583856231574));
#6032 = CARTESIAN_POINT('',(-24.75933322265,8.93089085471,14.49555842112
    ));
#6033 = CARTESIAN_POINT('',(-24.75019143715,8.950360496587,
    14.405799895879));
#6034 = CARTESIAN_POINT('',(-24.74435144331,8.969526319669,
    14.314657407737));
#6035 = CARTESIAN_POINT('',(-24.74201056175,8.988253372161,
    14.222222222222));
#6036 = PCURVE('',#664,#6037);
#6037 = DEFINITIONAL_REPRESENTATION('',(#6038),#6151);
#6038 = B_SPLINE_CURVE_WITH_KNOTS('',6,(#6039,#6040,#6041,#6042,#6043,
    #6044,#6045,#6046,#6047,#6048,#6049,#6050,#6051,#6052,#6053,#6054,
    #6055,#6056,#6057,#6058,#6059,#6060,#6061,#6062,#6063,#6064,#6065,
    #6066,#6067,#6068,#6069,#6070,#6071,#6072,#6073,#6074,#6075,#6076,
    #6077,#6078,#6079,#6080,#6081,#6082,#6083,#6084,#6085,#6086,#6087,
    #6088,#6089,#6090,#6091,#6092,#6093,#6094,#6095,#6096,#6097,#6098,
    #6099,#6100,#6101,#6102,#6103,#6104,#6105,#6106,#6107,#6108,#6109,
    #6110,#6111,#6112,#6113,#6114,#6115,#6116,#6117,#6118,#6119,#6120,
    #6121,#6122,#6123,#6124,#6125,#6126,#6127,#6128,#6129,#6130,#6131,
    #6132,#6133,#6134,#6135,#6136,#6137,#6138,#6139,#6140,#6141,#6142,
    #6143,#6144,#6145,#6146,#6147,#6148,#6149,#6150),.UNSPECIFIED.,.T.,
  .F.,(7,5,5,5,5,5,5,5,5,5,5,5,5,5,5,5,5,5,5,5,5,5,7),(0.,
    3.707779152798E-02,8.674427895756E-02,0.121863721193,0.149191930558,
    0.184535676168,0.229309750897,0.268961397427,0.312158458349,
    0.395212120845,0.454355999319,0.503192468988,0.561763296146,
    0.621601949108,0.648961743323,0.685482093999,0.729203989871,
    0.768922323519,0.812566960225,0.856689456454,0.895298281649,
    0.972927702236,1.),.UNSPECIFIED.);
#6039 = CARTESIAN_POINT('',(4.432797382838,29.312580750567));
#6040 = CARTESIAN_POINT('',(4.45222337051,29.256198744323));
#6041 = CARTESIAN_POINT('',(4.472439904683,29.20440903074));
#6042 = CARTESIAN_POINT('',(4.493385473997,29.157942787728));
#6043 = CARTESIAN_POINT('',(4.514995793893,29.117458157771));
#6044 = CARTESIAN_POINT('',(4.537203897353,29.083549478732));
#6045 = CARTESIAN_POINT('',(4.590396019147,29.020866771486));
#6046 = CARTESIAN_POINT('',(4.621776097909,28.997772251734));
#6047 = CARTESIAN_POINT('',(4.653632467394,28.989058666144));
#6048 = CARTESIAN_POINT('',(4.685518730561,28.995264067161));
#6049 = CARTESIAN_POINT('',(4.716988655896,29.01595111377));
#6050 = CARTESIAN_POINT('',(4.769235053167,29.073458375487));
#6051 = CARTESIAN_POINT('',(4.790427862278,29.103761148813));
#6052 = CARTESIAN_POINT('',(4.811105845176,29.140103565967));
#6053 = CARTESIAN_POINT('',(4.831204672515,29.181984420459));
#6054 = CARTESIAN_POINT('',(4.850662078136,29.228836649862));
#6055 = CARTESIAN_POINT('',(4.884012498741,29.319848022107));
#6056 = CARTESIAN_POINT('',(4.898198351486,29.362342223069));
#6057 = CARTESIAN_POINT('',(4.91197267801,29.407286200889));
#6058 = CARTESIAN_POINT('',(4.925333139929,29.454478874927));
#6059 = CARTESIAN_POINT('',(4.938277907372,29.503733722775));
#6060 = CARTESIAN_POINT('',(4.967008357438,29.621023673917));
#6061 = CARTESIAN_POINT('',(4.982517403342,29.690344827472));
#6062 = CARTESIAN_POINT('',(4.997340782008,29.762516792056));
#6063 = CARTESIAN_POINT('',(5.011484730042,29.837263090485));
#6064 = CARTESIAN_POINT('',(5.024954512174,29.914355391509));
#6065 = CARTESIAN_POINT('',(5.053970858031,30.094018524119));
#6066 = CARTESIAN_POINT('',(5.069115090995,30.197914259318));
#6067 = CARTESIAN_POINT('',(5.083190378807,30.304901295077));
#6068 = CARTESIAN_POINT('',(5.096193337259,30.414646826321));
#6069 = CARTESIAN_POINT('',(5.108115886782,30.526882998583));
#6070 = CARTESIAN_POINT('',(5.128538273043,30.742825904291));
#6071 = CARTESIAN_POINT('',(5.13727309082,30.846034253867));
#6072 = CARTESIAN_POINT('',(5.14513598761,30.950814693764));
#6073 = CARTESIAN_POINT('',(5.152112157851,31.056968319309));
#6074 = CARTESIAN_POINT('',(5.158187469948,31.164312687259));
#6075 = CARTESIAN_POINT('',(5.168971726663,31.390739670205));
#6076 = CARTESIAN_POINT('',(5.173509467364,31.510003904786));
#6077 = CARTESIAN_POINT('',(5.176941004659,31.630168647537));
#6078 = CARTESIAN_POINT('',(5.179251906504,31.750937338414));
#6079 = CARTESIAN_POINT('',(5.180434457589,31.872021861643));
#6080 = CARTESIAN_POINT('',(5.180590191023,32.2260164242));
#6081 = CARTESIAN_POINT('',(5.176517909759,32.458490624409));
#6082 = CARTESIAN_POINT('',(5.168298400824,32.688846412446));
#6083 = CARTESIAN_POINT('',(5.156017143197,32.915311117101));
#6084 = CARTESIAN_POINT('',(5.139821635075,33.13590643982));
#6085 = CARTESIAN_POINT('',(5.105736908257,33.499587897227));
#6086 = CARTESIAN_POINT('',(5.089662379309,33.646868211635));
#6087 = CARTESIAN_POINT('',(5.07171832275,33.789710702879));
#6088 = CARTESIAN_POINT('',(5.051914898552,33.927511953293));
#6089 = CARTESIAN_POINT('',(5.030247892806,34.059444118355));
#6090 = CARTESIAN_POINT('',(4.987260355016,34.287544141886));
#6091 = CARTESIAN_POINT('',(4.966516819362,34.386047491132));
#6092 = CARTESIAN_POINT('',(4.94446487535,34.479200751548));
#6093 = CARTESIAN_POINT('',(4.921097385871,34.566167218782));
#6094 = CARTESIAN_POINT('',(4.896409540227,34.645935071835));
#6095 = CARTESIAN_POINT('',(4.839209155878,34.802865014333));
#6096 = CARTESIAN_POINT('',(4.805855460277,34.877058027547));
#6097 = CARTESIAN_POINT('',(4.770772331395,34.936037041578));
#6098 = CARTESIAN_POINT('',(4.734420381139,34.977130263603));
#6099 = CARTESIAN_POINT('',(4.697258182374,34.998660808189));
#6100 = CARTESIAN_POINT('',(4.621443611161,35.001268524328));
#6101 = CARTESIAN_POINT('',(4.583404396881,34.981438320071));
#6102 = CARTESIAN_POINT('',(4.546154675855,34.941038239696));
#6103 = CARTESIAN_POINT('',(4.510196437876,34.88178331161));
#6104 = CARTESIAN_POINT('',(4.476034914232,34.80651342743));
#6105 = CARTESIAN_POINT('',(4.429563107,34.679544019224));
#6106 = CARTESIAN_POINT('',(4.41539038498,34.637044872015));
#6107 = CARTESIAN_POINT('',(4.401628758636,34.592100797979));
#6108 = CARTESIAN_POINT('',(4.388280535406,34.544912369105));
#6109 = CARTESIAN_POINT('',(4.375347516963,34.495665603569));
#6110 = CARTESIAN_POINT('',(4.346123238289,34.376279203339));
#6111 = CARTESIAN_POINT('',(4.330153390275,34.304648767705));
#6112 = CARTESIAN_POINT('',(4.314912721111,34.229997404228));
#6113 = CARTESIAN_POINT('',(4.300394477906,34.152626746673));
#6114 = CARTESIAN_POINT('',(4.286593019608,34.072784190818));
#6115 = CARTESIAN_POINT('',(4.257832066477,33.892348533024));
#6116 = CARTESIAN_POINT('',(4.243178807146,33.79075529661));
#6117 = CARTESIAN_POINT('',(4.229541426207,33.686248175189));
#6118 = CARTESIAN_POINT('',(4.216923396432,33.57913272973));
#6119 = CARTESIAN_POINT('',(4.205332403124,33.469656619574));
#6120 = CARTESIAN_POINT('',(4.185192212337,33.256588318987));
#6121 = CARTESIAN_POINT('',(4.176462052745,33.153378807934));
#6122 = CARTESIAN_POINT('',(4.168603757301,33.048598104187));
#6123 = CARTESIAN_POINT('',(4.161632133299,32.942445089162));
#6124 = CARTESIAN_POINT('',(4.155561310131,32.835102198545));
#6125 = CARTESIAN_POINT('',(4.144737621567,32.607657193903));
#6126 = CARTESIAN_POINT('',(4.140174740933,32.487350796376));
#6127 = CARTESIAN_POINT('',(4.136737438255,32.366130870626));
#6128 = CARTESIAN_POINT('',(4.134440501368,32.244302654941));
#6129 = CARTESIAN_POINT('',(4.133291699541,32.122162848876));
#6130 = CARTESIAN_POINT('',(4.133291699541,31.876499605783));
#6131 = CARTESIAN_POINT('',(4.13446579401,31.753023856448));
#6132 = CARTESIAN_POINT('',(4.136813259434,31.629870201631));
#6133 = CARTESIAN_POINT('',(4.140325988156,31.507344660481));
#6134 = CARTESIAN_POINT('',(4.14498857827,31.385762263004));
#6135 = CARTESIAN_POINT('',(4.15584475342,31.160167591538));
#6136 = CARTESIAN_POINT('',(4.161774016337,31.055862531283));
#6137 = CARTESIAN_POINT('',(4.168554163312,30.952685822637));
#6138 = CARTESIAN_POINT('',(4.176172202678,30.850805238008));
#6139 = CARTESIAN_POINT('',(4.184614531035,30.750403213076));
#6140 = CARTESIAN_POINT('',(4.212471412714,30.453172392299));
#6141 = CARTESIAN_POINT('',(4.234333455909,30.261641393655));
#6142 = CARTESIAN_POINT('',(4.259390877805,30.07799500388));
#6143 = CARTESIAN_POINT('',(4.287647437857,29.903632722785));
#6144 = CARTESIAN_POINT('',(4.319140590002,29.740736267644));
#6145 = CARTESIAN_POINT('',(4.366062434065,29.540931138387));
#6146 = CARTESIAN_POINT('',(4.378600108166,29.491044051867));
#6147 = CARTESIAN_POINT('',(4.391543137651,29.443087813379));
#6148 = CARTESIAN_POINT('',(4.404891003219,29.397232397479));
#6149 = CARTESIAN_POINT('',(4.418642789958,29.35366305524));
#6150 = CARTESIAN_POINT('',(4.432797382838,29.312580750567));
#6151 = ( GEOMETRIC_REPRESENTATION_CONTEXT(2) 
PARAMETRIC_REPRESENTATION_CONTEXT() REPRESENTATION_CONTEXT('2D SPACE',''
  ) );
#6152 = PCURVE('',#5796,#6153);
#6153 = DEFINITIONAL_REPRESENTATION('',(#6154),#6267);
#6154 = B_SPLINE_CURVE_WITH_KNOTS('',6,(#6155,#6156,#6157,#6158,#6159,
    #6160,#6161,#6162,#6163,#6164,#6165,#6166,#6167,#6168,#6169,#6170,
    #6171,#6172,#6173,#6174,#6175,#6176,#6177,#6178,#6179,#6180,#6181,
    #6182,#6183,#6184,#6185,#6186,#6187,#6188,#6189,#6190,#6191,#6192,
    #6193,#6194,#6195,#6196,#6197,#6198,#6199,#6200,#6201,#6202,#6203,
    #6204,#6205,#6206,#6207,#6208,#6209,#6210,#6211,#6212,#6213,#6214,
    #6215,#6216,#6217,#6218,#6219,#6220,#6221,#6222,#6223,#6224,#6225,
    #6226,#6227,#6228,#6229,#6230,#6231,#6232,#6233,#6234,#6235,#6236,
    #6237,#6238,#6239,#6240,#6241,#6242,#6243,#6244,#6245,#6246,#6247,
    #6248,#6249,#6250,#6251,#6252,#6253,#6254,#6255,#6256,#6257,#6258,
    #6259,#6260,#6261,#6262,#6263,#6264,#6265,#6266),.UNSPECIFIED.,.F.,
  .F.,(7,5,5,5,5,5,5,5,5,5,5,5,5,5,5,5,5,5,5,5,5,5,7),(0.,
    3.707779152798E-02,8.674427895756E-02,0.121863721193,0.149191930558,
    0.184535676168,0.229309750897,0.268961397427,0.312158458349,
    0.395212120845,0.454355999319,0.503192468988,0.561763296146,
    0.621601949108,0.648961743323,0.685482093999,0.729203989871,
    0.768922323519,0.812566960225,0.856689456454,0.895298281649,
    0.972927702236,1.),.UNSPECIFIED.);
#6155 = CARTESIAN_POINT('',(0.,13.849976258261));
#6156 = CARTESIAN_POINT('',(4.228650468302E-02,13.875877575158));
#6157 = CARTESIAN_POINT('',(8.545380101928E-02,13.900183849788));
#6158 = CARTESIAN_POINT('',(0.129427178073,13.922391130698));
#6159 = CARTESIAN_POINT('',(0.174153258728,13.94201626098));
#6160 = CARTESIAN_POINT('',(0.219595037075,13.95861898038));
#6161 = CARTESIAN_POINT('',(0.327521544881,13.98951246768));
#6162 = CARTESIAN_POINT('',(0.390506817088,14.001090674405));
#6163 = CARTESIAN_POINT('',(0.454055963502,14.005512547007));
#6164 = CARTESIAN_POINT('',(0.517640225707,14.002355464875));
#6165 = CARTESIAN_POINT('',(0.580733546004,13.991968758607));
#6166 = CARTESIAN_POINT('',(0.686547601535,13.963574163706));
#6167 = CARTESIAN_POINT('',(0.729790382391,13.948698265463));
#6168 = CARTESIAN_POINT('',(0.772412548436,13.931014642047));
#6169 = CARTESIAN_POINT('',(0.814371282045,13.910891897116));
#6170 = CARTESIAN_POINT('',(0.855609738398,13.888742653411));
#6171 = CARTESIAN_POINT('',(0.92752217701,13.846534829524));
#6172 = CARTESIAN_POINT('',(0.958544720634,13.827082271964));
#6173 = CARTESIAN_POINT('',(0.989140965879,13.80681597953));
#6174 = CARTESIAN_POINT('',(1.019329540905,13.785896918272));
#6175 = CARTESIAN_POINT('',(1.049127434276,13.764477753809));
#6176 = CARTESIAN_POINT('',(1.116604808577,13.714538153766));
#6177 = CARTESIAN_POINT('',(1.154041249907,13.685771088043));
#6178 = CARTESIAN_POINT('',(1.190920799525,13.656690302963));
#6179 = CARTESIAN_POINT('',(1.227298093449,13.627558150282));
#6180 = CARTESIAN_POINT('',(1.263226521473,13.598611139465));
#6181 = CARTESIAN_POINT('',(1.343780701239,13.533894850271));
#6182 = CARTESIAN_POINT('',(1.388176073781,13.498360616363));
#6183 = CARTESIAN_POINT('',(1.432046686055,13.463905007425));
#6184 = CARTESIAN_POINT('',(1.475479190121,13.430929865753));
#6185 = CARTESIAN_POINT('',(1.518558028461,13.399796063311));
#6186 = CARTESIAN_POINT('',(1.59929226941,13.345171539951));
#6187 = CARTESIAN_POINT('',(1.63700227001,13.321215261125));
#6188 = CARTESIAN_POINT('',(1.67453979759,13.299201069227));
#6189 = CARTESIAN_POINT('',(1.711939492344,13.279344489768));
#6190 = CARTESIAN_POINT('',(1.749236987356,13.261830022555));
#6191 = CARTESIAN_POINT('',(1.827033592349,13.230442448361));
#6192 = CARTESIAN_POINT('',(1.867517422131,13.217036200825));
#6193 = CARTESIAN_POINT('',(1.907941040856,13.20679585481));
#6194 = CARTESIAN_POINT('',(1.94832473188,13.199864320221));
#6195 = CARTESIAN_POINT('',(1.988690831546,13.196316801729));
#6196 = CARTESIAN_POINT('',(2.106689327369,13.195849602646));
#6197 = CARTESIAN_POINT('',(2.184164324673,13.208066437013));
#6198 = CARTESIAN_POINT('',(2.261759112424,13.232734345233));
#6199 = CARTESIAN_POINT('',(2.339707091418,13.268929625431));
#6200 = CARTESIAN_POINT('',(2.41822782083,13.31488562226));
#6201 = CARTESIAN_POINT('',(2.553933392693,13.406230310279));
#6202 = CARTESIAN_POINT('',(2.610813391785,13.448014513036));
#6203 = CARTESIAN_POINT('',(2.66834117158,13.492849409483));
#6204 = CARTESIAN_POINT('',(2.726724541631,13.539901804646));
#6205 = CARTESIAN_POINT('',(2.786178437821,13.588205892506));
#6206 = CARTESIAN_POINT('',(2.897104396652,13.676602319139));
#6207 = CARTESIAN_POINT('',(2.948215105794,13.716700709779));
#6208 = CARTESIAN_POINT('',(3.000386421078,13.756265203495));
#6209 = CARTESIAN_POINT('',(3.053738787837,13.794545392445));
#6210 = CARTESIAN_POINT('',(3.10840268997,13.830692445223));
#6211 = CARTESIAN_POINT('',(3.231837939103,13.903414403413));
#6212 = CARTESIAN_POINT('',(3.301815681007,13.938972611913));
#6213 = CARTESIAN_POINT('',(3.373723693269,13.968034595773));
#6214 = CARTESIAN_POINT('',(3.447056117575,13.988565464086));
#6215 = CARTESIAN_POINT('',(3.521410282931,13.999330412195));
#6216 = CARTESIAN_POINT('',(3.673041294006,14.000634254196));
#6217 = CARTESIAN_POINT('',(3.74909015103,13.990719475731));
#6218 = CARTESIAN_POINT('',(3.824139309654,13.970504838686));
#6219 = CARTESIAN_POINT('',(3.897742016046,13.941250682177));
#6220 = CARTESIAN_POINT('',(3.969340124325,13.905129811044));
#6221 = CARTESIAN_POINT('',(4.069563072953,13.846256090571));
#6222 = CARTESIAN_POINT('',(4.100562496205,13.826804806733));
#6223 = CARTESIAN_POINT('',(4.131136241242,13.806542300485));
#6224 = CARTESIAN_POINT('',(4.161302940014,13.785629173161));
#6225 = CARTESIAN_POINT('',(4.191079593436,13.764217728457));
#6226 = CARTESIAN_POINT('',(4.259730337431,13.713395534448));
#6227 = CARTESIAN_POINT('',(4.298321761255,13.683699807296));
#6228 = CARTESIAN_POINT('',(4.336323204505,13.653681557267));
#6229 = CARTESIAN_POINT('',(4.37379435447,13.623627681544));
#6230 = CARTESIAN_POINT('',(4.410793559752,13.593795987532));
#6231 = CARTESIAN_POINT('',(4.491187845438,13.529245361172));
#6232 = CARTESIAN_POINT('',(4.534411206327,13.494718112056));
#6233 = CARTESIAN_POINT('',(4.5771428914,13.461245514291));
#6234 = CARTESIAN_POINT('',(4.619462839821,13.429198056243));
#6235 = CARTESIAN_POINT('',(4.661449022423,13.39890940384));
#6236 = CARTESIAN_POINT('',(4.741099712997,13.345033709936));
#6237 = CARTESIAN_POINT('',(4.778806503825,13.321087902774));
#6238 = CARTESIAN_POINT('',(4.816340996691,13.299084765413));
#6239 = CARTESIAN_POINT('',(4.853737804193,13.27923971582));
#6240 = CARTESIAN_POINT('',(4.891032533689,13.26173713987));
#6241 = CARTESIAN_POINT('',(4.969175006016,13.230233223723));
#6242 = CARTESIAN_POINT('',(5.010006748503,13.216750010235));
#6243 = CARTESIAN_POINT('',(5.050777833804,13.206489830316));
#6244 = CARTESIAN_POINT('',(5.091508739271,13.199598721812));
#6245 = CARTESIAN_POINT('',(5.132222022441,13.196152422707));
#6246 = CARTESIAN_POINT('',(5.214109770138,13.196152422707));
#6247 = CARTESIAN_POINT('',(5.255268368824,13.199674593161));
#6248 = CARTESIAN_POINT('',(5.296445120319,13.20671730549));
#6249 = CARTESIAN_POINT('',(5.337663501274,13.217201456036));
#6250 = CARTESIAN_POINT('',(5.37894480186,13.230974666973));
#6251 = CARTESIAN_POINT('',(5.456503864579,13.262551831272));
#6252 = CARTESIAN_POINT('',(5.492760778714,13.279636536449));
#6253 = CARTESIAN_POINT('',(5.529114683632,13.298930621235));
#6254 = CARTESIAN_POINT('',(5.565598274238,13.320264498872));
#6255 = CARTESIAN_POINT('',(5.602243350964,13.343440856725));
#6256 = CARTESIAN_POINT('',(5.713153263161,13.418095354612));
#6257 = CARTESIAN_POINT('',(5.787934639623,13.474454664023));
#6258 = CARTESIAN_POINT('',(5.86393531266,13.535651345584));
#6259 = CARTESIAN_POINT('',(5.941659617101,13.599775738517));
#6260 = CARTESIAN_POINT('',(6.021606774249,13.664468621389));
#6261 = CARTESIAN_POINT('',(6.133224594924,13.748462602469));
#6262 = CARTESIAN_POINT('',(6.162437376062,13.769894538886));
#6263 = CARTESIAN_POINT('',(6.19202060309,13.790908089595));
#6264 = CARTESIAN_POINT('',(6.221992741772,13.811361283436));
#6265 = CARTESIAN_POINT('',(6.252373578675,13.831103467755));
#6266 = CARTESIAN_POINT('',(6.28318530718,13.849976258261));
#6267 = ( GEOMETRIC_REPRESENTATION_CONTEXT(2) 
PARAMETRIC_REPRESENTATION_CONTEXT() REPRESENTATION_CONTEXT('2D SPACE',''
  ) );
#6268 = ADVANCED_FACE('',(#6269),#797,.T.);
#6269 = FACE_BOUND('',#6270,.T.);
#6270 = EDGE_LOOP('',(#6271));
#6271 = ORIENTED_EDGE('',*,*,#782,.T.);
#6272 = ADVANCED_FACE('',(#6273),#1077,.F.);
#6273 = FACE_BOUND('',#6274,.F.);
#6274 = EDGE_LOOP('',(#6275,#6276,#6297,#6298));
#6275 = ORIENTED_EDGE('',*,*,#1190,.F.);
#6276 = ORIENTED_EDGE('',*,*,#6277,.F.);
#6277 = EDGE_CURVE('',#864,#1191,#6278,.T.);
#6278 = SEAM_CURVE('',#6279,(#6283,#6290),.PCURVE_S1.);
#6279 = LINE('',#6280,#6281);
#6280 = CARTESIAN_POINT('',(15.186837105776,14.155824142221,
    -23.0873313717));
#6281 = VECTOR('',#6282,1.);
#6282 = DIRECTION('',(0.347314355824,-0.937748760724,0.));
#6283 = PCURVE('',#1077,#6284);
#6284 = DEFINITIONAL_REPRESENTATION('',(#6285),#6289);
#6285 = LINE('',#6286,#6287);
#6286 = CARTESIAN_POINT('',(6.28318530718,-0.));
#6287 = VECTOR('',#6288,1.);
#6288 = DIRECTION('',(0.,1.));
#6289 = ( GEOMETRIC_REPRESENTATION_CONTEXT(2) 
PARAMETRIC_REPRESENTATION_CONTEXT() REPRESENTATION_CONTEXT('2D SPACE',''
  ) );
#6290 = PCURVE('',#1077,#6291);
#6291 = DEFINITIONAL_REPRESENTATION('',(#6292),#6296);
#6292 = LINE('',#6293,#6294);
#6293 = CARTESIAN_POINT('',(0.,-0.));
#6294 = VECTOR('',#6295,1.);
#6295 = DIRECTION('',(0.,1.));
#6296 = ( GEOMETRIC_REPRESENTATION_CONTEXT(2) 
PARAMETRIC_REPRESENTATION_CONTEXT() REPRESENTATION_CONTEXT('2D SPACE',''
  ) );
#6297 = ORIENTED_EDGE('',*,*,#863,.T.);
#6298 = ORIENTED_EDGE('',*,*,#6277,.T.);
#6299 = ADVANCED_FACE('',(#6300),#2169,.T.);
#6300 = FACE_BOUND('',#6301,.T.);
#6301 = EDGE_LOOP('',(#6302,#6324,#6325,#6705,#6996,#6997,#6998,#6999,
    #7000,#7378));
#6302 = ORIENTED_EDGE('',*,*,#6303,.F.);
#6303 = EDGE_CURVE('',#1974,#2272,#6304,.T.);
#6304 = SURFACE_CURVE('',#6305,(#6310,#6317),.PCURVE_S1.);
#6305 = CIRCLE('',#6306,6.);
#6306 = AXIS2_PLACEMENT_3D('',#6307,#6308,#6309);
#6307 = CARTESIAN_POINT('',(-30.29303531991,7.767444953823,
    -23.30233486146));
#6308 = DIRECTION('',(-0.776744495382,0.199165255226,-0.597495765679));
#6309 = DIRECTION('',(0.60971076085,0.,-0.792623989105));
#6310 = PCURVE('',#2169,#6311);
#6311 = DEFINITIONAL_REPRESENTATION('',(#6312),#6316);
#6312 = LINE('',#6313,#6314);
#6313 = CARTESIAN_POINT('',(0.,39.));
#6314 = VECTOR('',#6315,1.);
#6315 = DIRECTION('',(1.,0.));
#6316 = ( GEOMETRIC_REPRESENTATION_CONTEXT(2) 
PARAMETRIC_REPRESENTATION_CONTEXT() REPRESENTATION_CONTEXT('2D SPACE',''
  ) );
#6317 = PCURVE('',#2292,#6318);
#6318 = DEFINITIONAL_REPRESENTATION('',(#6319),#6323);
#6319 = CIRCLE('',#6320,6.);
#6320 = AXIS2_PLACEMENT_2D('',#6321,#6322);
#6321 = CARTESIAN_POINT('',(0.,0.));
#6322 = DIRECTION('',(1.,-1.387778780781E-17));
#6323 = ( GEOMETRIC_REPRESENTATION_CONTEXT(2) 
PARAMETRIC_REPRESENTATION_CONTEXT() REPRESENTATION_CONTEXT('2D SPACE',''
  ) );
#6324 = ORIENTED_EDGE('',*,*,#1973,.T.);
#6325 = ORIENTED_EDGE('',*,*,#6326,.T.);
#6326 = EDGE_CURVE('',#1774,#6327,#6329,.T.);
#6327 = VERTEX_POINT('',#6328);
#6328 = CARTESIAN_POINT('',(-24.49104785091,0.13061016528,
    -16.80140189305));
#6329 = SURFACE_CURVE('',#6330,(#6453,#6579),.PCURVE_S1.);
#6330 = B_SPLINE_CURVE_WITH_KNOTS('',7,(#6331,#6332,#6333,#6334,#6335,
    #6336,#6337,#6338,#6339,#6340,#6341,#6342,#6343,#6344,#6345,#6346,
    #6347,#6348,#6349,#6350,#6351,#6352,#6353,#6354,#6355,#6356,#6357,
    #6358,#6359,#6360,#6361,#6362,#6363,#6364,#6365,#6366,#6367,#6368,
    #6369,#6370,#6371,#6372,#6373,#6374,#6375,#6376,#6377,#6378,#6379,
    #6380,#6381,#6382,#6383,#6384,#6385,#6386,#6387,#6388,#6389,#6390,
    #6391,#6392,#6393,#6394,#6395,#6396,#6397,#6398,#6399,#6400,#6401,
    #6402,#6403,#6404,#6405,#6406,#6407,#6408,#6409,#6410,#6411,#6412,
    #6413,#6414,#6415,#6416,#6417,#6418,#6419,#6420,#6421,#6422,#6423,
    #6424,#6425,#6426,#6427,#6428,#6429,#6430,#6431,#6432,#6433,#6434,
    #6435,#6436,#6437,#6438,#6439,#6440,#6441,#6442,#6443,#6444,#6445,
    #6446,#6447,#6448,#6449,#6450,#6451,#6452),.UNSPECIFIED.,.T.,.F.,(8,
    6,6,6,6,6,6,6,6,6,6,6,6,6,6,6,6,6,6,6,8),(0.,1.990735328598E-02,
    3.476179348745E-02,7.721587123571E-02,0.116364611919,0.159868721302,
    0.242500579714,0.301633773232,0.350461416033,0.4090216569,
    0.46884949439,0.496204343491,0.532718093342,0.576432086754,
    0.659337269764,0.702842623661,0.742299150429,0.82240654553,
    0.850163553745,0.908705068758,1.),.UNSPECIFIED.);
#6331 = CARTESIAN_POINT('',(-23.37202762913,8.160015381438E-02,
    -19.11986450171));
#6332 = CARTESIAN_POINT('',(-23.36861752048,9.489957754982E-02,
    -19.17455971522));
#6333 = CARTESIAN_POINT('',(-23.36630667657,0.108595952571,
    -19.22885160063));
#6334 = CARTESIAN_POINT('',(-23.36507232367,0.122653548997,
    -19.28272781397));
#6335 = CARTESIAN_POINT('',(-23.36489298359,0.137038237247,
    -19.33617766011));
#6336 = CARTESIAN_POINT('',(-23.36574847364,0.151717488039,
    -19.38919209265));
#6337 = CARTESIAN_POINT('',(-23.36761990668,0.166660372391,
    -19.44176371401));
#6338 = CARTESIAN_POINT('',(-23.37263106264,0.193162454822,
    -19.53277988625));
#6339 = CARTESIAN_POINT('',(-23.37532829844,0.204617726879,
    -19.57142299733));
#6340 = CARTESIAN_POINT('',(-23.37857412017,0.216191159737,
    -19.60981356508));
#6341 = CARTESIAN_POINT('',(-23.3823616389,0.227870913502,
    -19.64794923059));
#6342 = CARTESIAN_POINT('',(-23.38668435506,0.23964552645,-19.6858278196
    ));
#6343 = CARTESIAN_POINT('',(-23.39153615844,0.25150391502,
    -19.72344734252));
#6344 = CARTESIAN_POINT('',(-23.41227359505,0.297535553475,
    -19.86757724186));
#6345 = CARTESIAN_POINT('',(-23.43191297406,0.332237846344,
    -19.97223448801));
#6346 = CARTESIAN_POINT('',(-23.45569694825,0.367288052121,
    -20.07471995557));
#6347 = CARTESIAN_POINT('',(-23.48351156712,0.402452130058,
    -20.17498207263));
#6348 = CARTESIAN_POINT('',(-23.51526145501,0.437515588583,
    -20.27297516084));
#6349 = CARTESIAN_POINT('',(-23.55086981928,0.472282874908,
    -20.3686591236));
#6350 = CARTESIAN_POINT('',(-23.62661886895,0.538200643147,
    -20.54807199399));
#6351 = CARTESIAN_POINT('',(-23.66619019249,0.56942132674,
    -20.63214977591));
#6352 = CARTESIAN_POINT('',(-23.70893063136,0.600085375623,
    -20.71416546578));
#6353 = CARTESIAN_POINT('',(-23.75478147862,0.630051866211,
    -20.79405532793));
#6354 = CARTESIAN_POINT('',(-23.80368730909,0.659193362737,
    -20.87175812196));
#6355 = CARTESIAN_POINT('',(-23.85559617008,0.687396888859,
    -20.94721431959));
#6356 = CARTESIAN_POINT('',(-23.97142704995,0.744755400291,
    -21.10165450513));
#6357 = CARTESIAN_POINT('',(-24.03603988707,0.773665680692,
    -21.18009274818));
#6358 = CARTESIAN_POINT('',(-24.10420031151,0.801146000114,
    -21.25555820948));
#6359 = CARTESIAN_POINT('',(-24.17580281546,0.827073885094,
    -21.32793613708));
#6360 = CARTESIAN_POINT('',(-24.25073472039,0.851355377179,
    -21.39711778072));
#6361 = CARTESIAN_POINT('',(-24.32887654202,0.87392628105,
    -21.46299930446));
#6362 = CARTESIAN_POINT('',(-24.56438295074,0.934312539695,
    -21.64415808039));
#6363 = CARTESIAN_POINT('',(-24.72950079067,0.967506198911,
    -21.75034667082));
#6364 = CARTESIAN_POINT('',(-24.90464404152,0.994176809493,
    -21.84353759404));
#6365 = CARTESIAN_POINT('',(-25.08891799052,1.014514069988,
    -21.92317438483));
#6366 = CARTESIAN_POINT('',(-25.28130275587,1.029041474536,
    -21.9886420209));
#6367 = CARTESIAN_POINT('',(-25.48060361621,1.038567179253,
    -22.0392833317));
#6368 = CARTESIAN_POINT('',(-25.83194647821,1.048058069107,
    -22.0996036696));
#6369 = CARTESIAN_POINT('',(-25.98143971386,1.049975186166,
    -22.1168584208));
#6370 = CARTESIAN_POINT('',(-26.13361515631,1.050221239859,
    -22.12598640081));
#6371 = CARTESIAN_POINT('',(-26.28818591449,1.049200548903,
    -22.1266846571));
#6372 = CARTESIAN_POINT('',(-26.44480847638,1.047355670106,
    -22.1185677817));
#6373 = CARTESIAN_POINT('',(-26.6030544693,1.045171987665,
    -22.10116777118));
#6374 = CARTESIAN_POINT('',(-26.89394318669,1.041539373481,
    -22.05144623958));
#6375 = CARTESIAN_POINT('',(-27.02635816521,1.040027592976,
    -22.02223369074));
#6376 = CARTESIAN_POINT('',(-27.15929366298,1.038946656271,
    -21.98597003201));
#6377 = CARTESIAN_POINT('',(-27.29235228658,1.03862298918,
    -21.94229788786));
#6378 = CARTESIAN_POINT('',(-27.4250592937,1.03940656988,-21.89083382441
    ));
#6379 = CARTESIAN_POINT('',(-27.556848945,1.041667750789,-21.83117345833
    ));
#6380 = CARTESIAN_POINT('',(-27.84320533806,1.050742893102,
    -21.68101034254));
#6381 = CARTESIAN_POINT('',(-27.99817030845,1.058408669284,
    -21.58615652867));
#6382 = CARTESIAN_POINT('',(-28.14908960658,1.069473702098,
    -21.47815709112));
#6383 = CARTESIAN_POINT('',(-28.2934086441,1.084536937667,
    -21.35730102129));
#6384 = CARTESIAN_POINT('',(-28.42889919689,1.103991456378,
    -21.22427450546));
#6385 = CARTESIAN_POINT('',(-28.55369118326,1.127956291946,
    -21.08010407862));
#6386 = CARTESIAN_POINT('',(-28.78136945467,1.185181603526,
    -20.76878814428));
#6387 = CARTESIAN_POINT('',(-28.88215113809,1.218236972801,
    -20.60336225111));
#6388 = CARTESIAN_POINT('',(-28.96772872913,1.255029280653,
    -20.43172721887));
#6389 = CARTESIAN_POINT('',(-29.03768498122,1.294853539091,
    -20.25602884961));
#6390 = CARTESIAN_POINT('',(-29.09214269739,1.336728605878,
    -20.07861264715));
#6391 = CARTESIAN_POINT('',(-29.13180018983,1.379490776439,
    -19.90198888396));
#6392 = CARTESIAN_POINT('',(-29.16993938584,1.441365723206,
    -19.6496378547));
#6393 = CARTESIAN_POINT('',(-29.17913228741,1.460790409961,
    -19.5708807963));
#6394 = CARTESIAN_POINT('',(-29.18566623132,1.480156214685,
    -19.4926256109));
#6395 = CARTESIAN_POINT('',(-29.18965277984,1.499395974876,
    -19.41494509428));
#6396 = CARTESIAN_POINT('',(-29.19120013377,1.518445140764,
    -19.3379049641));
#6397 = CARTESIAN_POINT('',(-29.19041308264,1.537242155592,
    -19.26156407378));
#6398 = CARTESIAN_POINT('',(-29.18336163377,1.580405192804,
    -19.08507645749));
#6399 = CARTESIAN_POINT('',(-29.17535085828,1.604533566621,
    -18.98549703735));
#6400 = CARTESIAN_POINT('',(-29.1635960497,1.627986670738,
    -18.88731337695));
#6401 = CARTESIAN_POINT('',(-29.14831168797,1.650645653717,
    -18.79058778266));
#6402 = CARTESIAN_POINT('',(-29.12969134022,1.67239948367,
    -18.69536816626));
#6403 = CARTESIAN_POINT('',(-29.10790768923,1.693144332645,
    -18.60168835501));
#6404 = CARTESIAN_POINT('',(-29.0534280172,1.736294182818,
    -18.39928306987));
#6405 = CARTESIAN_POINT('',(-29.01942399878,1.758222454241,
    -18.29122127603));
#6406 = CARTESIAN_POINT('',(-28.98136470377,1.778393678748,
    -18.18544637872));
#6407 = CARTESIAN_POINT('',(-28.93948477509,1.796643644069,
    -18.08201444785));
#6408 = CARTESIAN_POINT('',(-28.89398965924,1.812817333489,
    -17.98097461755));
#6409 = CARTESIAN_POINT('',(-28.84505596426,1.826768237122,
    -17.88236943896));
#6410 = CARTESIAN_POINT('',(-28.69378681865,1.860337432474,
    -17.60391320466));
#6411 = CARTESIAN_POINT('',(-28.58275128299,1.873856922043,
    -17.43019560744));
#6412 = CARTESIAN_POINT('',(-28.46099287901,1.877848589783,
    -17.26598605397));
#6413 = CARTESIAN_POINT('',(-28.32966764945,1.87147702526,
    -17.11201799327));
#6414 = CARTESIAN_POINT('',(-28.18978328038,1.85420047906,
    -16.96894140586));
#6415 = CARTESIAN_POINT('',(-28.04219149352,1.825805976359,
    -16.83738634851));
#6416 = CARTESIAN_POINT('',(-27.80649109173,1.765748773661,
    -16.65535588218));
#6417 = CARTESIAN_POINT('',(-27.72352833852,1.742072851624,
    -16.59612264242));
#6418 = CARTESIAN_POINT('',(-27.63885034857,1.715423070053,
    -16.54040013139));
#6419 = CARTESIAN_POINT('',(-27.55258225311,1.685863938655,
    -16.4882850682));
#6420 = CARTESIAN_POINT('',(-27.4648463564,1.653490797098,
    -16.43987345603));
#6421 = CARTESIAN_POINT('',(-27.37576322363,1.618428956726,
    -16.39525964924));
#6422 = CARTESIAN_POINT('',(-27.20354705928,1.546735611405,
    -16.31760119331));
#6423 = CARTESIAN_POINT('',(-27.12063626798,1.510555617158,
    -16.28386821096));
#6424 = CARTESIAN_POINT('',(-27.03677545329,1.472393536173,
    -16.25338886007));
#6425 = CARTESIAN_POINT('',(-26.95201905129,1.432364883593,
    -16.2262225158));
#6426 = CARTESIAN_POINT('',(-26.86642174022,1.390599272122,
    -16.20243488074));
#6427 = CARTESIAN_POINT('',(-26.78003930498,1.347239671086,
    -16.18209732379));
#6428 = CARTESIAN_POINT('',(-26.51607309766,1.211489627172,
    -16.13115514092));
#6429 = CARTESIAN_POINT('',(-26.33637859526,1.114690311746,
    -16.11159143374));
#6430 = CARTESIAN_POINT('',(-26.15390157086,1.013141651956,
    -16.10710237584));
#6431 = CARTESIAN_POINT('',(-25.96873374681,0.908072460843,
    -16.11851064512));
#6432 = CARTESIAN_POINT('',(-25.78111065473,0.800944350816,
    -16.14694561775));
#6433 = CARTESIAN_POINT('',(-25.59153118952,0.693549646424,
    -16.19383043102));
#6434 = CARTESIAN_POINT('',(-25.33483203988,0.551569090382,
    -16.28409205202));
#6435 = CARTESIAN_POINT('',(-25.26862576548,0.515255019443,
    -16.3097461218));
#6436 = CARTESIAN_POINT('',(-25.20232286491,0.47926409276,
    -16.33789533823));
#6437 = CARTESIAN_POINT('',(-25.13598220851,0.443703496158,
    -16.36860867263));
#6438 = CARTESIAN_POINT('',(-25.06966922661,0.408686259004,
    -16.40195572765));
#6439 = CARTESIAN_POINT('',(-25.0034562335,0.374330926681,-16.4380067157
    ));
#6440 = CARTESIAN_POINT('',(-24.79815341567,0.269960348882,
    -16.55871866093));
#6441 = CARTESIAN_POINT('',(-24.65861946859,0.202113582143,
    -16.65357247477));
#6442 = CARTESIAN_POINT('',(-24.52099636671,0.139193384195,
    -16.76157191226));
#6443 = CARTESIAN_POINT('',(-24.38723530805,8.295403099032E-02,
    -16.88242798209));
#6444 = CARTESIAN_POINT('',(-24.2591004529,3.481229124523E-02,
    -17.01545449797));
#6445 = CARTESIAN_POINT('',(-24.13817387397,-4.227633512528E-03,
    -17.15962492488));
#6446 = CARTESIAN_POINT('',(-23.85062629045,-7.94184576998E-02,
    -17.5537642237));
#6447 = CARTESIAN_POINT('',(-23.70226123414,-0.100171706919,
    -17.80961565633));
#6448 = CARTESIAN_POINT('',(-23.58180599512,-9.703479888475E-02,
    -18.0753822101));
#6449 = CARTESIAN_POINT('',(-23.48968909513,-7.279415187494E-02,
    -18.34519130413));
#6450 = CARTESIAN_POINT('',(-23.42545071759,-3.155621994702E-02,
    -18.61312121087));
#6451 = CARTESIAN_POINT('',(-23.38740094588,2.164421848516E-02,
    -18.8732897065));
#6452 = CARTESIAN_POINT('',(-23.37202762913,8.160015381438E-02,
    -19.11986450171));
#6453 = PCURVE('',#2169,#6454);
#6454 = DEFINITIONAL_REPRESENTATION('',(#6455),#6578);
#6455 = B_SPLINE_CURVE_WITH_KNOTS('',7,(#6456,#6457,#6458,#6459,#6460,
    #6461,#6462,#6463,#6464,#6465,#6466,#6467,#6468,#6469,#6470,#6471,
    #6472,#6473,#6474,#6475,#6476,#6477,#6478,#6479,#6480,#6481,#6482,
    #6483,#6484,#6485,#6486,#6487,#6488,#6489,#6490,#6491,#6492,#6493,
    #6494,#6495,#6496,#6497,#6498,#6499,#6500,#6501,#6502,#6503,#6504,
    #6505,#6506,#6507,#6508,#6509,#6510,#6511,#6512,#6513,#6514,#6515,
    #6516,#6517,#6518,#6519,#6520,#6521,#6522,#6523,#6524,#6525,#6526,
    #6527,#6528,#6529,#6530,#6531,#6532,#6533,#6534,#6535,#6536,#6537,
    #6538,#6539,#6540,#6541,#6542,#6543,#6544,#6545,#6546,#6547,#6548,
    #6549,#6550,#6551,#6552,#6553,#6554,#6555,#6556,#6557,#6558,#6559,
    #6560,#6561,#6562,#6563,#6564,#6565,#6566,#6567,#6568,#6569,#6570,
    #6571,#6572,#6573,#6574,#6575,#6576,#6577),.UNSPECIFIED.,.F.,.F.,(8,
    6,6,6,6,6,6,6,6,6,6,6,6,6,6,6,6,6,6,6,8),(0.,1.990735328598E-02,
    3.476179348745E-02,7.721587123571E-02,0.116364611919,0.159868721302,
    0.242500579714,0.301633773232,0.350461416033,0.4090216569,
    0.46884949439,0.496204343491,0.532718093342,0.576432086754,
    0.659337269764,0.702842623661,0.742299150429,0.82240654553,
    0.850163553745,0.908705068758,1.),.UNSPECIFIED.);
#6456 = CARTESIAN_POINT('',(1.419437980875,29.59438380244));
#6457 = CARTESIAN_POINT('',(1.411778424144,29.627063960915));
#6458 = CARTESIAN_POINT('',(1.40427531542,29.660436039293));
#6459 = CARTESIAN_POINT('',(1.396928013965,29.694467856602));
#6460 = CARTESIAN_POINT('',(1.389735877882,29.729129542028));
#6461 = CARTESIAN_POINT('',(1.382698264112,29.764393534913));
#6462 = CARTESIAN_POINT('',(1.375814528437,29.800234584755));
#6463 = CARTESIAN_POINT('',(1.364061868481,29.863787044097));
#6464 = CARTESIAN_POINT('',(1.359125057418,29.891252694583));
#6465 = CARTESIAN_POINT('',(1.354273344365,29.919017096123));
#6466 = CARTESIAN_POINT('',(1.349506514187,29.94707113025));
#6467 = CARTESIAN_POINT('',(1.344824384542,29.975406166572));
#6468 = CARTESIAN_POINT('',(1.340226805879,30.004014062777));
#6469 = CARTESIAN_POINT('',(1.322815068009,30.115406660097));
#6470 = CARTESIAN_POINT('',(1.310604074503,30.200105192075));
#6471 = CARTESIAN_POINT('',(1.29908011114,30.286794679192));
#6472 = CARTESIAN_POINT('',(1.288244651786,30.375309184257));
#6473 = CARTESIAN_POINT('',(1.278100914047,30.465504612835));
#6474 = CARTESIAN_POINT('',(1.268653559352,30.557258411821));
#6475 = CARTESIAN_POINT('',(1.251844097052,30.736423028688));
#6476 = CARTESIAN_POINT('',(1.244377100795,30.82361403052));
#6477 = CARTESIAN_POINT('',(1.2375157589,30.911923671685));
#6478 = CARTESIAN_POINT('',(1.231268287558,31.001240203));
#6479 = CARTESIAN_POINT('',(1.225642662966,31.091458601617));
#6480 = CARTESIAN_POINT('',(1.220646519782,31.182480444703));
#6481 = CARTESIAN_POINT('',(1.211442580384,31.376152622519));
#6482 = CARTESIAN_POINT('',(1.207384574152,31.478964729556));
#6483 = CARTESIAN_POINT('',(1.204125371757,31.582471382447));
#6484 = CARTESIAN_POINT('',(1.201674360733,31.686497672346));
#6485 = CARTESIAN_POINT('',(1.200037951614,31.790872385743));
#6486 = CARTESIAN_POINT('',(1.199219554277,31.895427886853));
#6487 = CARTESIAN_POINT('',(1.199219554277,32.1986246396));
#6488 = CARTESIAN_POINT('',(1.20217210174,32.396937269609));
#6489 = CARTESIAN_POINT('',(1.208060974862,32.593971866601));
#6490 = CARTESIAN_POINT('',(1.216845715894,32.788738763092));
#6491 = CARTESIAN_POINT('',(1.22846052009,32.980182560148));
#6492 = CARTESIAN_POINT('',(1.242814756267,33.16714356453));
#6493 = CARTESIAN_POINT('',(1.271946643726,33.477978600557));
#6494 = CARTESIAN_POINT('',(1.285453701791,33.604788112327));
#6495 = CARTESIAN_POINT('',(1.300300171541,33.728492484337));
#6496 = CARTESIAN_POINT('',(1.316477665381,33.848768388903));
#6497 = CARTESIAN_POINT('',(1.33398448078,33.965206867269));
#6498 = CARTESIAN_POINT('',(1.352824551295,34.077292224905));
#6499 = CARTESIAN_POINT('',(1.389671013952,34.272806539779));
#6500 = CARTESIAN_POINT('',(1.407265261182,34.357903677063));
#6501 = CARTESIAN_POINT('',(1.42579309651,34.439277925623));
#6502 = CARTESIAN_POINT('',(1.445258568005,34.516472094626));
#6503 = CARTESIAN_POINT('',(1.465665089328,34.58895803395));
#6504 = CARTESIAN_POINT('',(1.487014714462,34.656128452709));
#6505 = CARTESIAN_POINT('',(1.53604361531,34.79063983193));
#6506 = CARTESIAN_POINT('',(1.564323717422,34.855860023782));
#6507 = CARTESIAN_POINT('',(1.593900846968,34.910760321306));
#6508 = CARTESIAN_POINT('',(1.624515880884,34.953648422451));
#6509 = CARTESIAN_POINT('',(1.655906194949,34.983281847757));
#6510 = CARTESIAN_POINT('',(1.68780796653,34.998845079259));
#6511 = CARTESIAN_POINT('',(1.752791884728,35.001080264521));
#6512 = CARTESIAN_POINT('',(1.785436061196,34.987104092715));
#6513 = CARTESIAN_POINT('',(1.817589963005,34.958352559857));
#6514 = CARTESIAN_POINT('',(1.848964802579,34.915643270516));
#6515 = CARTESIAN_POINT('',(1.879272802465,34.860277630415));
#6516 = CARTESIAN_POINT('',(1.908229690039,34.794066157356));
#6517 = CARTESIAN_POINT('',(1.948062667667,34.685235236034));
#6518 = CARTESIAN_POINT('',(1.960269070886,34.649187485503));
#6519 = CARTESIAN_POINT('',(1.972182206516,34.611362543996));
#6520 = CARTESIAN_POINT('',(1.983800713476,34.571877185606));
#6521 = CARTESIAN_POINT('',(1.995123417735,34.530841864666));
#6522 = CARTESIAN_POINT('',(2.006149391722,34.488360880572));
#6523 = CARTESIAN_POINT('',(2.031198773442,34.386029680378));
#6524 = CARTESIAN_POINT('',(2.044992601021,34.325114606458));
#6525 = CARTESIAN_POINT('',(2.058264368547,34.261990845718));
#6526 = CARTESIAN_POINT('',(2.071018188134,34.19683855099));
#6527 = CARTESIAN_POINT('',(2.083257600908,34.129814587857));
#6528 = CARTESIAN_POINT('',(2.094985765977,34.061052619446));
#6529 = CARTESIAN_POINT('',(2.119638011518,33.906393484193));
#6530 = CARTESIAN_POINT('',(2.132343352345,33.819781935585));
#6531 = CARTESIAN_POINT('',(2.144322786976,33.731036941512));
#6532 = CARTESIAN_POINT('',(2.155575105854,33.640341555706));
#6533 = CARTESIAN_POINT('',(2.166097120956,33.547853841113));
#6534 = CARTESIAN_POINT('',(2.175884011982,33.453707221499));
#6535 = CARTESIAN_POINT('',(2.20208509771,33.17651914177));
#6536 = CARTESIAN_POINT('',(2.216600876589,32.989169984482));
#6537 = CARTESIAN_POINT('',(2.228362945497,32.797275303066));
#6538 = CARTESIAN_POINT('',(2.23727975138,32.602004895312));
#6539 = CARTESIAN_POINT('',(2.243284483187,32.404421938767));
#6540 = CARTESIAN_POINT('',(2.246335626608,32.205522042661));
#6541 = CARTESIAN_POINT('',(2.24645793611,31.901719312047));
#6542 = CARTESIAN_POINT('',(2.245681869829,31.797171419169));
#6543 = CARTESIAN_POINT('',(2.244087904447,31.692796581655));
#6544 = CARTESIAN_POINT('',(2.241679337831,31.588762631846));
#6545 = CARTESIAN_POINT('',(2.238462481597,31.485240918749));
#6546 = CARTESIAN_POINT('',(2.234446638104,31.382406424701));
#6547 = CARTESIAN_POINT('',(2.225288467285,31.18795904502));
#6548 = CARTESIAN_POINT('',(2.220285986329,31.096197432369));
#6549 = CARTESIAN_POINT('',(2.214643973129,31.005247162487));
#6550 = CARTESIAN_POINT('',(2.208370234099,30.915209001306));
#6551 = CARTESIAN_POINT('',(2.201472938602,30.826190491213));
#6552 = CARTESIAN_POINT('',(2.193960514012,30.738306079973));
#6553 = CARTESIAN_POINT('',(2.169357834553,30.475797350773));
#6554 = CARTESIAN_POINT('',(2.150388738049,30.305252342616));
#6555 = CARTESIAN_POINT('',(2.128973576811,30.14060716055));
#6556 = CARTESIAN_POINT('',(2.105118610034,29.982669332826));
#6557 = CARTESIAN_POINT('',(2.078808519656,29.832587707217));
#6558 = CARTESIAN_POINT('',(2.050014179273,29.691957084864));
#6559 = CARTESIAN_POINT('',(2.007845277173,29.518220776081));
#6560 = CARTESIAN_POINT('',(1.99668735165,29.474891113738));
#6561 = CARTESIAN_POINT('',(1.985223472509,29.433041596224));
#6562 = CARTESIAN_POINT('',(1.973454507329,29.392780508498));
#6563 = CARTESIAN_POINT('',(1.961381581038,29.354222772031));
#6564 = CARTESIAN_POINT('',(1.949006011869,29.317490118289));
#6565 = CARTESIAN_POINT('',(1.909593044427,29.209360168032));
#6566 = CARTESIAN_POINT('',(1.881312942328,29.144139976228));
#6567 = CARTESIAN_POINT('',(1.851735812795,29.08923967872));
#6568 = CARTESIAN_POINT('',(1.821120778878,29.046351577554));
#6569 = CARTESIAN_POINT('',(1.789730464799,29.016718152229));
#6570 = CARTESIAN_POINT('',(1.757828693205,29.001154920741));
#6571 = CARTESIAN_POINT('',(1.675556271116,28.998325080522));
#6572 = CARTESIAN_POINT('',(1.626546194509,29.031820161185));
#6573 = CARTESIAN_POINT('',(1.579296208971,29.09767637096));
#6574 = CARTESIAN_POINT('',(1.534397563857,29.192162761839));
#6575 = CARTESIAN_POINT('',(1.492434356735,29.310566103703));
#6576 = CARTESIAN_POINT('',(1.453968491157,29.447056406377));
#6577 = CARTESIAN_POINT('',(1.419437980875,29.59438380244));
#6578 = ( GEOMETRIC_REPRESENTATION_CONTEXT(2) 
PARAMETRIC_REPRESENTATION_CONTEXT() REPRESENTATION_CONTEXT('2D SPACE',''
  ) );
#6579 = PCURVE('',#1642,#6580);
#6580 = DEFINITIONAL_REPRESENTATION('',(#6581),#6704);
#6581 = B_SPLINE_CURVE_WITH_KNOTS('',7,(#6582,#6583,#6584,#6585,#6586,
    #6587,#6588,#6589,#6590,#6591,#6592,#6593,#6594,#6595,#6596,#6597,
    #6598,#6599,#6600,#6601,#6602,#6603,#6604,#6605,#6606,#6607,#6608,
    #6609,#6610,#6611,#6612,#6613,#6614,#6615,#6616,#6617,#6618,#6619,
    #6620,#6621,#6622,#6623,#6624,#6625,#6626,#6627,#6628,#6629,#6630,
    #6631,#6632,#6633,#6634,#6635,#6636,#6637,#6638,#6639,#6640,#6641,
    #6642,#6643,#6644,#6645,#6646,#6647,#6648,#6649,#6650,#6651,#6652,
    #6653,#6654,#6655,#6656,#6657,#6658,#6659,#6660,#6661,#6662,#6663,
    #6664,#6665,#6666,#6667,#6668,#6669,#6670,#6671,#6672,#6673,#6674,
    #6675,#6676,#6677,#6678,#6679,#6680,#6681,#6682,#6683,#6684,#6685,
    #6686,#6687,#6688,#6689,#6690,#6691,#6692,#6693,#6694,#6695,#6696,
    #6697,#6698,#6699,#6700,#6701,#6702,#6703),.UNSPECIFIED.,.F.,.F.,(8,
    6,6,6,6,6,6,6,6,6,6,6,6,6,6,6,6,6,6,6,8),(0.,1.990735328598E-02,
    3.476179348745E-02,7.721587123571E-02,0.116364611919,0.159868721302,
    0.242500579714,0.301633773232,0.350461416033,0.4090216569,
    0.46884949439,0.496204343491,0.532718093342,0.576432086754,
    0.659337269764,0.702842623661,0.742299150429,0.82240654553,
    0.850163553745,0.908705068758,1.),.UNSPECIFIED.);
#6582 = CARTESIAN_POINT('',(0.,2.274007571611));
#6583 = CARTESIAN_POINT('',(1.823173783662E-02,2.287737229753));
#6584 = CARTESIAN_POINT('',(3.632907479334E-02,2.301578369998));
#6585 = CARTESIAN_POINT('',(5.429769377039E-02,2.315502038533));
#6586 = CARTESIAN_POINT('',(7.214329780808E-02,2.32948050992));
#6587 = CARTESIAN_POINT('',(8.987161008688E-02,2.343487287101));
#6588 = CARTESIAN_POINT('',(0.107488373927,2.357497101392));
#6589 = CARTESIAN_POINT('',(0.138065669776,2.3819240634));
#6590 = CARTESIAN_POINT('',(0.151073034134,2.392350444632));
#6591 = CARTESIAN_POINT('',(0.164023809946,2.402755028738));
#6592 = CARTESIAN_POINT('',(0.176920318449,2.413128057884));
#6593 = CARTESIAN_POINT('',(0.189764838038,2.423460043842));
#6594 = CARTESIAN_POINT('',(0.202559604265,2.433741767995));
#6595 = CARTESIAN_POINT('',(0.251738398583,2.473180284781));
#6596 = CARTESIAN_POINT('',(0.287787311858,2.50191720431));
#6597 = CARTESIAN_POINT('',(0.323499994881,2.529961719224));
#6598 = CARTESIAN_POINT('',(0.358919303686,2.557115425199));
#6599 = CARTESIAN_POINT('',(0.394086407775,2.583194240966));
#6600 = CARTESIAN_POINT('',(0.429042692769,2.608027815001));
#6601 = CARTESIAN_POINT('',(0.495912076732,2.65306577848));
#6602 = CARTESIAN_POINT('',(0.527849505818,2.673479585204));
#6603 = CARTESIAN_POINT('',(0.55966329854,2.692567069869));
#6604 = CARTESIAN_POINT('',(0.591372510064,2.710206306245));
#6605 = CARTESIAN_POINT('',(0.622996373384,2.726287618161));
#6606 = CARTESIAN_POINT('',(0.654554770222,2.74071447328));
#6607 = CARTESIAN_POINT('',(0.721088615917,2.767506055355));
#6608 = CARTESIAN_POINT('',(0.756051773623,2.779462163283));
#6609 = CARTESIAN_POINT('',(0.790969044162,2.789151986442));
#6610 = CARTESIAN_POINT('',(0.825851906919,2.796483094746));
#6611 = CARTESIAN_POINT('',(0.860712635053,2.801392460607));
#6612 = CARTESIAN_POINT('',(0.895564479016,2.803847577293));
#6613 = CARTESIAN_POINT('',(0.996630063265,2.803847577293));
#6614 = CARTESIAN_POINT('',(1.062734221353,2.794989874229));
#6615 = CARTESIAN_POINT('',(1.128886615644,2.777323464708));
#6616 = CARTESIAN_POINT('',(1.195224177142,2.751254327455));
#6617 = CARTESIAN_POINT('',(1.261874789084,2.717542865829));
#6618 = CARTESIAN_POINT('',(1.328955299638,2.677268650791));
#6619 = CARTESIAN_POINT('',(1.444941543808,2.599197226436));
#6620 = CARTESIAN_POINT('',(1.49363349098,2.563923833693));
#6621 = CARTESIAN_POINT('',(1.542757937397,2.526365548192));
#6622 = CARTESIAN_POINT('',(1.592434150942,2.486985275541));
#6623 = CARTESIAN_POINT('',(1.642782904704,2.446297024443));
#6624 = CARTESIAN_POINT('',(1.693929575407,2.404877366247));
#6625 = CARTESIAN_POINT('',(1.789008973063,2.329108997078));
#6626 = CARTESIAN_POINT('',(1.832683577631,2.29475597326));
#6627 = CARTESIAN_POINT('',(1.877098817529,2.26069100811));
#6628 = CARTESIAN_POINT('',(1.92232325269,2.22732900125));
#6629 = CARTESIAN_POINT('',(1.968428577181,2.195126878186));
#6630 = CARTESIAN_POINT('',(2.015491955381,2.164583901624));
#6631 = CARTESIAN_POINT('',(2.121293597445,2.102250794633));
#6632 = CARTESIAN_POINT('',(2.180893572052,2.071186876225));
#6633 = CARTESIAN_POINT('',(2.241977505342,2.044420540154));
#6634 = CARTESIAN_POINT('',(2.304223406726,2.023166460661));
#6635 = CARTESIAN_POINT('',(2.367371696404,2.008358836461));
#6636 = CARTESIAN_POINT('',(2.431196634346,2.000577453406));
#6637 = CARTESIAN_POINT('',(2.561166072441,1.999459874548));
#6638 = CARTESIAN_POINT('',(2.626433437755,2.006447730422));
#6639 = CARTESIAN_POINT('',(2.691046916118,2.020831745438));
#6640 = CARTESIAN_POINT('',(2.754754858268,2.042032656961));
#6641 = CARTESIAN_POINT('',(2.81727015,2.069069566718));
#6642 = CARTESIAN_POINT('',(2.878236873868,2.100641792599));
#6643 = CARTESIAN_POINT('',(2.964142258409,2.151104981577));
#6644 = CARTESIAN_POINT('',(2.990777049722,2.167637683599));
#6645 = CARTESIAN_POINT('',(3.017104739242,2.184773768265));
#6646 = CARTESIAN_POINT('',(3.043136358018,2.202420468367));
#6647 = CARTESIAN_POINT('',(3.068882086867,2.220488382469));
#6648 = CARTESIAN_POINT('',(3.094351558805,2.238891855621));
#6649 = CARTESIAN_POINT('',(3.153195053656,2.282453736199));
#6650 = CARTESIAN_POINT('',(3.186367171752,2.307815699232));
#6651 = CARTESIAN_POINT('',(3.219108403272,2.333453478435));
#6652 = CARTESIAN_POINT('',(3.251453800364,2.359198675186));
#6653 = CARTESIAN_POINT('',(3.283437087568,2.384895659602));
#6654 = CARTESIAN_POINT('',(3.31509216958,2.410400967158));
#6655 = CARTESIAN_POINT('',(3.384001557311,2.465730075468));
#6656 = CARTESIAN_POINT('',(3.421133206233,2.495416959626));
#6657 = CARTESIAN_POINT('',(3.457900843672,2.524409086667));
#6658 = CARTESIAN_POINT('',(3.494351543741,2.552489110587));
#6659 = CARTESIAN_POINT('',(3.530530423582,2.579455844444));
#6660 = CARTESIAN_POINT('',(3.566482870167,2.605123504322));
#6661 = CARTESIAN_POINT('',(3.670103267516,2.675212297898));
#6662 = CARTESIAN_POINT('',(3.737413049576,2.715886628992));
#6663 = CARTESIAN_POINT('',(3.804283912769,2.749994999534));
#6664 = CARTESIAN_POINT('',(3.870834925113,2.776441045099));
#6665 = CARTESIAN_POINT('',(3.937196184423,2.794449708231));
#6666 = CARTESIAN_POINT('',(4.003507009251,2.803603141229));
#6667 = CARTESIAN_POINT('',(4.104774807707,2.803970068932));
#6668 = CARTESIAN_POINT('',(4.139621227172,2.801641961648));
#6669 = CARTESIAN_POINT('',(4.174476115231,2.796859206616));
#6670 = CARTESIAN_POINT('',(4.209352623514,2.789653212545));
#6671 = CARTESIAN_POINT('',(4.24426293899,2.780085954164));
#6672 = CARTESIAN_POINT('',(4.279218465008,2.768248870625));
#6673 = CARTESIAN_POINT('',(4.345983189886,2.741576367718));
#6674 = CARTESIAN_POINT('',(4.377780738956,2.727123111447));
#6675 = CARTESIAN_POINT('',(4.409644089931,2.710985841766));
#6676 = CARTESIAN_POINT('',(4.441593521707,2.69326293344));
#6677 = CARTESIAN_POINT('',(4.47364863836,2.674066356885));
#6678 = CARTESIAN_POINT('',(4.50582885579,2.653520745725));
#6679 = CARTESIAN_POINT('',(4.603782426118,2.587587282573));
#6680 = CARTESIAN_POINT('',(4.669948694243,2.538452968437));
#6681 = CARTESIAN_POINT('',(4.736976722895,2.485409245904));
#6682 = CARTESIAN_POINT('',(4.805187884189,2.429623640194));
#6683 = CARTESIAN_POINT('',(4.874900335804,2.372453462186));
#6684 = CARTESIAN_POINT('',(4.946444877555,2.315510958714));
#6685 = CARTESIAN_POINT('',(5.045752219876,2.2417372656));
#6686 = CARTESIAN_POINT('',(5.07158070102,2.223005143847));
#6687 = CARTESIAN_POINT('',(5.097692681385,2.204610039816));
#6688 = CARTESIAN_POINT('',(5.124098410623,2.186641158604));
#6689 = CARTESIAN_POINT('',(5.150808701206,2.169191736391));
#6690 = CARTESIAN_POINT('',(5.177835258652,2.15235864272));
#6691 = CARTESIAN_POINT('',(5.262886251065,2.102250794615));
#6692 = CARTESIAN_POINT('',(5.322486225642,2.071186876229));
#6693 = CARTESIAN_POINT('',(5.383570158907,2.044420540167));
#6694 = CARTESIAN_POINT('',(5.445816060293,2.023166460664));
#6695 = CARTESIAN_POINT('',(5.508964349999,2.008358836454));
#6696 = CARTESIAN_POINT('',(5.572789287967,2.000577453406));
#6697 = CARTESIAN_POINT('',(5.737336159964,1.999162550733));
#6698 = CARTESIAN_POINT('',(5.835307038232,2.01590985094));
#6699 = CARTESIAN_POINT('',(5.930946267235,2.048866572587));
#6700 = CARTESIAN_POINT('',(6.024054173559,2.095227178736));
#6701 = CARTESIAN_POINT('',(6.114270854191,2.151128102828));
#6702 = CARTESIAN_POINT('',(6.200993708775,2.21211207057));
#6703 = CARTESIAN_POINT('',(6.28318530718,2.274007571611));
#6704 = ( GEOMETRIC_REPRESENTATION_CONTEXT(2) 
PARAMETRIC_REPRESENTATION_CONTEXT() REPRESENTATION_CONTEXT('2D SPACE',''
  ) );
#6705 = ORIENTED_EDGE('',*,*,#6706,.T.);
#6706 = EDGE_CURVE('',#6327,#3805,#6707,.T.);
#6707 = SURFACE_CURVE('',#6708,(#6802,#6899),.PCURVE_S1.);
#6708 = B_SPLINE_CURVE_WITH_KNOTS('',8,(#6709,#6710,#6711,#6712,#6713,
    #6714,#6715,#6716,#6717,#6718,#6719,#6720,#6721,#6722,#6723,#6724,
    #6725,#6726,#6727,#6728,#6729,#6730,#6731,#6732,#6733,#6734,#6735,
    #6736,#6737,#6738,#6739,#6740,#6741,#6742,#6743,#6744,#6745,#6746,
    #6747,#6748,#6749,#6750,#6751,#6752,#6753,#6754,#6755,#6756,#6757,
    #6758,#6759,#6760,#6761,#6762,#6763,#6764,#6765,#6766,#6767,#6768,
    #6769,#6770,#6771,#6772,#6773,#6774,#6775,#6776,#6777,#6778,#6779,
    #6780,#6781,#6782,#6783,#6784,#6785,#6786,#6787,#6788,#6789,#6790,
    #6791,#6792,#6793,#6794,#6795,#6796,#6797,#6798,#6799,#6800,#6801),
  .UNSPECIFIED.,.F.,.F.,(9,7,7,7,7,7,7,7,7,7,7,7,7,9),(0.,
    5.309858839031E-02,0.183122308621,0.253338876028,0.381141419259,
    0.45040909677,0.488042110156,0.520428672668,0.567843169846,
    0.603463398829,0.742745771146,0.814544646775,0.969264559115,1.),
  .UNSPECIFIED.);
#6709 = CARTESIAN_POINT('',(-28.21462298937,3.824205880141,
    -27.31868491992));
#6710 = CARTESIAN_POINT('',(-28.17390419097,3.586965185644,
    -27.06469128076));
#6711 = CARTESIAN_POINT('',(-28.120640478,3.368064713566,-26.80250485243
    ));
#6712 = CARTESIAN_POINT('',(-28.05838970482,3.166131771246,
    -26.53689099121));
#6713 = CARTESIAN_POINT('',(-27.98976508568,2.979450385254,
    -26.27086820765));
#6714 = CARTESIAN_POINT('',(-27.91646430488,2.805998082582,
    -26.00572772428));
#6715 = CARTESIAN_POINT('',(-27.83931539179,2.643521214421,
    -25.74109882197));
#6716 = CARTESIAN_POINT('',(-27.75833936064,2.489648822505,
    -25.47505997461));
#6717 = CARTESIAN_POINT('',(-27.46343995825,1.980604330682,
    -24.54126931615));
#6718 = CARTESIAN_POINT('',(-27.23060387596,1.66321006386,
    -23.86175335431));
#6719 = CARTESIAN_POINT('',(-26.98455248096,1.385902818118,
    -23.1787589668));
#6720 = CARTESIAN_POINT('',(-26.73133608899,1.144169383835,
    -22.49843435207));
#6721 = CARTESIAN_POINT('',(-26.4737280133,0.933666291076,-21.8216119696
    ));
#6722 = CARTESIAN_POINT('',(-26.21211243244,0.75087076655,
    -21.14511841656));
#6723 = CARTESIAN_POINT('',(-25.94537470956,0.593755741938,
    -20.46319599455));
#6724 = CARTESIAN_POINT('',(-25.52408106294,0.391749820633,
    -19.39470688745));
#6725 = CARTESIAN_POINT('',(-25.37548077896,0.329018043961,
    -19.01940577823));
#6726 = CARTESIAN_POINT('',(-25.22615250501,0.274401690391,
    -18.64345868105));
#6727 = CARTESIAN_POINT('',(-25.07620638764,0.227991963312,
    -18.26683236637));
#6728 = CARTESIAN_POINT('',(-24.92573422873,0.1899620165,-17.88950403986
    ));
#6729 = CARTESIAN_POINT('',(-24.77481904363,0.160569308062,
    -17.51148368251));
#6730 = CARTESIAN_POINT('',(-24.62354185277,0.140158068766,
    -17.13283797914));
#6731 = CARTESIAN_POINT('',(-24.19613541156,0.109147515849,
    -16.06366823065));
#6732 = CARTESIAN_POINT('',(-23.9219433284,0.120511182248,
    -15.37850228865));
#6733 = CARTESIAN_POINT('',(-23.64748350324,0.164662496622,
    -14.69302271631));
#6734 = CARTESIAN_POINT('',(-23.37125862679,0.245394396043,
    -14.00402676515));
#6735 = CARTESIAN_POINT('',(-23.09256715121,0.368656730559,
    -13.31134233883));
#6736 = CARTESIAN_POINT('',(-22.81127144472,0.542493176328,
    -12.61824299236));
#6737 = CARTESIAN_POINT('',(-22.52725091188,0.77696413315,
    -11.93207765698));
#6738 = CARTESIAN_POINT('',(-22.0830990307,1.250101826667,
    -10.90555907037));
#6739 = CARTESIAN_POINT('',(-21.92636216463,1.437068332555,
    -10.55204685095));
#6740 = CARTESIAN_POINT('',(-21.76714171492,1.648077960913,-10.204052332
    ));
#6741 = CARTESIAN_POINT('',(-21.60394047052,1.887325235609,
    -9.861839601107));
#6742 = CARTESIAN_POINT('',(-21.43554959262,2.159541747847,
    -9.528088637334));
#6743 = CARTESIAN_POINT('',(-21.26087015203,2.469848034211,
    -9.208087755963));
#6744 = CARTESIAN_POINT('',(-21.07859369215,2.8233226452,-8.910280743953
    ));
#6745 = CARTESIAN_POINT('',(-20.78360797128,3.441642930366,
    -8.504514082339));
#6746 = CARTESIAN_POINT('',(-20.67586052293,3.675934478216,
    -8.370197836089));
#6747 = CARTESIAN_POINT('',(-20.56451404323,3.926790635428,
    -8.24774547374));
#6748 = CARTESIAN_POINT('',(-20.44981635655,4.193946882621,
    -8.140562200296));
#6749 = CARTESIAN_POINT('',(-20.33199550324,4.476844928309,
    -8.052146112645));
#6750 = CARTESIAN_POINT('',(-20.21133135231,4.774561364373,
    -7.986094457407));
#6751 = CARTESIAN_POINT('',(-20.08826394747,5.085749464021,
    -7.946093264246));
#6752 = CARTESIAN_POINT('',(-19.85620129581,5.686430727992,
    -7.927109841511));
#6753 = CARTESIAN_POINT('',(-19.74902244399,5.969311615061,
    -7.940511146343));
#6754 = CARTESIAN_POINT('',(-19.6434844034,6.253234375135,
    -7.977565980684));
#6755 = CARTESIAN_POINT('',(-19.54104375878,6.534149359592,
    -8.038416424788));
#6756 = CARTESIAN_POINT('',(-19.44314996469,6.808189834618,
    -8.121879026865));
#6757 = CARTESIAN_POINT('',(-19.35116585054,7.071828516954,
    -8.225489785186));
#6758 = CARTESIAN_POINT('',(-19.26624115303,7.321943017787,
    -8.345564910755));
#6759 = CARTESIAN_POINT('',(-19.07638638698,7.898103522714,
    -8.670044875889));
#6760 = CARTESIAN_POINT('',(-18.97932003098,8.208986902155,
    -8.889673973983));
#6761 = CARTESIAN_POINT('',(-18.89729516314,8.490235224845,
    -9.128401371124));
#6762 = CARTESIAN_POINT('',(-18.82942611638,8.744352136312,
    -9.380302020221));
#6763 = CARTESIAN_POINT('',(-18.77462740349,8.974047932932,
    -9.640969491721));
#6764 = CARTESIAN_POINT('',(-18.73173631692,9.181982904634,
    -9.907255232021));
#6765 = CARTESIAN_POINT('',(-18.69966137188,9.370664280782,
    -10.17708640953));
#6766 = CARTESIAN_POINT('',(-18.66076306752,9.671456021822,
    -10.65398861317));
#6767 = CARTESIAN_POINT('',(-18.64962393372,9.791088712882,
    -10.86021339527));
#6768 = CARTESIAN_POINT('',(-18.64367379272,9.902107152427,
    -11.0673841148));
#6769 = CARTESIAN_POINT('',(-18.64256867857,10.005240013178,
    -11.27498937816));
#6770 = CARTESIAN_POINT('',(-18.64598991738,10.10115942472,
    -11.48268595627));
#6771 = CARTESIAN_POINT('',(-18.65365353178,10.190481619281,
    -11.69028187984));
#6772 = CARTESIAN_POINT('',(-18.66531825612,10.273766769064,
    -11.89772045432));
#6773 = CARTESIAN_POINT('',(-18.7412982976,10.655541271341,
    -12.91582548745));
#6774 = CARTESIAN_POINT('',(-18.86070713153,10.878283711522,
    -13.73403004665));
#6775 = CARTESIAN_POINT('',(-19.02822863932,11.038874359565,
    -14.54282353733));
#6776 = CARTESIAN_POINT('',(-19.23371932026,11.150914609567,
    -15.33493217735));
#6777 = CARTESIAN_POINT('',(-19.46933901654,11.224096123375,
    -16.10803667516));
#6778 = CARTESIAN_POINT('',(-19.73055561324,11.265127464645,
    -16.86474006468));
#6779 = CARTESIAN_POINT('',(-20.01631508647,11.277958834284,
    -17.61131436368));
#6780 = CARTESIAN_POINT('',(-20.48987329352,11.256121037271,
    -18.74028146507));
#6781 = CARTESIAN_POINT('',(-20.65697364521,11.241503834094,
    -19.12129210192));
#6782 = CARTESIAN_POINT('',(-20.82971321013,11.220022208148,
    -19.49925073068));
#6783 = CARTESIAN_POINT('',(-21.007783088,11.191909010865,
    -19.87417334824));
#6784 = CARTESIAN_POINT('',(-21.19093900493,11.157311776263,
    -20.24611186425));
#6785 = CARTESIAN_POINT('',(-21.37899147217,11.116296699032,
    -20.6151287298));
#6786 = CARTESIAN_POINT('',(-21.5717938127,11.068850063293,
    -20.98127296157));
#6787 = CARTESIAN_POINT('',(-22.19468052381,10.898570443551,
    -22.12740215325));
#6788 = CARTESIAN_POINT('',(-22.62791597434,10.755710376484,
    -22.87170990394));
#6789 = CARTESIAN_POINT('',(-23.07418106115,10.586347119519,
    -23.59540928309));
#6790 = CARTESIAN_POINT('',(-23.54192335825,10.385450989887,
    -24.3132590047));
#6791 = CARTESIAN_POINT('',(-24.03772096245,10.144879453573,
    -25.03123855632));
#6792 = CARTESIAN_POINT('',(-24.56292744889,9.854367510182,
    -25.74327936509));
#6793 = CARTESIAN_POINT('',(-25.11031194956,9.502065700032,
    -26.42879641022));
#6794 = CARTESIAN_POINT('',(-25.76998860039,8.991262234105,
    -27.17209614781));
#6795 = CARTESIAN_POINT('',(-25.87993410255,8.903305184536,-27.293266081
    ));
#6796 = CARTESIAN_POINT('',(-25.99093478802,8.811451024214,
    -27.41273305818));
#6797 = CARTESIAN_POINT('',(-26.10329020746,8.715103802367,
    -27.53056231667));
#6798 = CARTESIAN_POINT('',(-26.21715190205,8.613672635732,
    -27.64656483066));
#6799 = CARTESIAN_POINT('',(-26.33251346977,8.506577413271,
    -27.76029168717));
#6800 = CARTESIAN_POINT('',(-26.44920063169,8.393254500896,
    -27.87102846213));
#6801 = CARTESIAN_POINT('',(-26.56686129824,8.273162446189,
    -27.97778959637));
#6802 = PCURVE('',#2169,#6803);
#6803 = DEFINITIONAL_REPRESENTATION('',(#6804),#6898);
#6804 = B_SPLINE_CURVE_WITH_KNOTS('',8,(#6805,#6806,#6807,#6808,#6809,
    #6810,#6811,#6812,#6813,#6814,#6815,#6816,#6817,#6818,#6819,#6820,
    #6821,#6822,#6823,#6824,#6825,#6826,#6827,#6828,#6829,#6830,#6831,
    #6832,#6833,#6834,#6835,#6836,#6837,#6838,#6839,#6840,#6841,#6842,
    #6843,#6844,#6845,#6846,#6847,#6848,#6849,#6850,#6851,#6852,#6853,
    #6854,#6855,#6856,#6857,#6858,#6859,#6860,#6861,#6862,#6863,#6864,
    #6865,#6866,#6867,#6868,#6869,#6870,#6871,#6872,#6873,#6874,#6875,
    #6876,#6877,#6878,#6879,#6880,#6881,#6882,#6883,#6884,#6885,#6886,
    #6887,#6888,#6889,#6890,#6891,#6892,#6893,#6894,#6895,#6896,#6897),
  .UNSPECIFIED.,.F.,.F.,(9,7,7,7,7,7,7,7,7,7,7,7,7,9),(0.,
    5.309858839031E-02,0.183122308621,0.253338876028,0.381141419259,
    0.45040909677,0.488042110156,0.520428672668,0.567843169846,
    0.603463398829,0.742745771146,0.814544646775,0.969264559115,1.),
  .UNSPECIFIED.);
#6805 = CARTESIAN_POINT('',(0.735074248306,39.0000006));
#6806 = CARTESIAN_POINT('',(0.778936373573,38.769362270111));
#6807 = CARTESIAN_POINT('',(0.820079729173,38.527737325118));
#6808 = CARTESIAN_POINT('',(0.858759842411,38.280463196344));
#6809 = CARTESIAN_POINT('',(0.895254319618,38.031031468539));
#6810 = CARTESIAN_POINT('',(0.929889028908,37.781129502295));
#6811 = CARTESIAN_POINT('',(0.963052914456,37.5307301132));
#6812 = CARTESIAN_POINT('',(0.995201442298,37.278229307734));
#6813 = CARTESIAN_POINT('',(1.104343982155,36.38984787964));
#6814 = CARTESIAN_POINT('',(1.177449567009,35.739771914331));
#6815 = CARTESIAN_POINT('',(1.246903394974,35.085336624784));
#6816 = CARTESIAN_POINT('',(1.313437858408,34.434016208461));
#6817 = CARTESIAN_POINT('',(1.377856368648,33.787597143866));
#6818 = CARTESIAN_POINT('',(1.441062178433,33.143780130775));
#6819 = CARTESIAN_POINT('',(1.504055076375,32.497855459174));
#6820 = CARTESIAN_POINT('',(1.602395956983,31.491967660183));
#6821 = CARTESIAN_POINT('',(1.636870434189,31.13980839366));
#6822 = CARTESIAN_POINT('',(1.671414809345,30.788314000186));
#6823 = CARTESIAN_POINT('',(1.706107042177,30.437568345503));
#6824 = CARTESIAN_POINT('',(1.741024332866,30.087663602947));
#6825 = CARTESIAN_POINT('',(1.776243910034,29.738721494516));
#6826 = CARTESIAN_POINT('',(1.811843540726,29.390913355092));
#6827 = CARTESIAN_POINT('',(1.913532034574,28.413927132391));
#6828 = CARTESIAN_POINT('',(1.980067278986,27.793829439507));
#6829 = CARTESIAN_POINT('',(2.048514878427,27.17986654697));
#6830 = CARTESIAN_POINT('',(2.119817427584,26.569717220671));
#6831 = CARTESIAN_POINT('',(2.194858462511,25.963918713735));
#6832 = CARTESIAN_POINT('',(2.274555321438,25.365922077528));
#6833 = CARTESIAN_POINT('',(2.359886879648,24.782028277581));
#6834 = CARTESIAN_POINT('',(2.502111369122,23.91792782936));
#6835 = CARTESIAN_POINT('',(2.553950968561,23.622198509056));
#6836 = CARTESIAN_POINT('',(2.608350792506,23.332625436128));
#6837 = CARTESIAN_POINT('',(2.665996655539,23.049038854758));
#6838 = CARTESIAN_POINT('',(2.727536871548,22.773043450767));
#6839 = CARTESIAN_POINT('',(2.793628067881,22.507965215921));
#6840 = CARTESIAN_POINT('',(2.864948266302,22.258844411521));
#6841 = CARTESIAN_POINT('',(2.984273163142,21.910419931856));
#6842 = CARTESIAN_POINT('',(3.028570442254,21.793137041986));
#6843 = CARTESIAN_POINT('',(3.075107546442,21.683446339372));
#6844 = CARTESIAN_POINT('',(3.123848229503,21.583522232736));
#6845 = CARTESIAN_POINT('',(3.174766375034,21.495520756971));
#6846 = CARTESIAN_POINT('',(3.227842491083,21.421624727598));
#6847 = CARTESIAN_POINT('',(3.283060982192,21.364110112079));
#6848 = CARTESIAN_POINT('',(3.389760590475,21.292149047365));
#6849 = CARTESIAN_POINT('',(3.440052033633,21.273245731155));
#6850 = CARTESIAN_POINT('',(3.490766029769,21.269957294663));
#6851 = CARTESIAN_POINT('',(3.541400918672,21.28269347512));
#6852 = CARTESIAN_POINT('',(3.591465735124,21.311102901914));
#6853 = CARTESIAN_POINT('',(3.640463274715,21.354069402416));
#6854 = CARTESIAN_POINT('',(3.687868107793,21.409663108593));
#6855 = CARTESIAN_POINT('',(3.799338225102,21.570821023369));
#6856 = CARTESIAN_POINT('',(3.861596132997,21.688569889399));
#6857 = CARTESIAN_POINT('',(3.920184117757,21.823511027738));
#6858 = CARTESIAN_POINT('',(3.975393682486,21.971914949995));
#6859 = CARTESIAN_POINT('',(4.027518504419,22.130845483831));
#6860 = CARTESIAN_POINT('',(4.076855111428,22.298048092442));
#6861 = CARTESIAN_POINT('',(4.123704163386,22.471935815886));
#6862 = CARTESIAN_POINT('',(4.20195340256,22.786576083285));
#6863 = CARTESIAN_POINT('',(4.234336733295,22.924968931956));
#6864 = CARTESIAN_POINT('',(4.26562462534,23.066241836229));
#6865 = CARTESIAN_POINT('',(4.295901521039,23.209967193222));
#6866 = CARTESIAN_POINT('',(4.32525007461,23.355826261679));
#6867 = CARTESIAN_POINT('',(4.353752607771,23.503606494959));
#6868 = CARTESIAN_POINT('',(4.381491669661,23.653198183389));
#6869 = CARTESIAN_POINT('',(4.514352131491,24.396564924858));
#6870 = CARTESIAN_POINT('',(4.610901347677,25.022551393847));
#6871 = CARTESIAN_POINT('',(4.70004212359,25.667907566278));
#6872 = CARTESIAN_POINT('',(4.783122350409,26.323117404904));
#6873 = CARTESIAN_POINT('',(4.861373989055,26.982635585738));
#6874 = CARTESIAN_POINT('',(4.936010152956,27.645833227994));
#6875 = CARTESIAN_POINT('',(5.008328757868,28.316425871253));
#6876 = CARTESIAN_POINT('',(5.116569642349,29.35446333408));
#6877 = CARTESIAN_POINT('',(5.152902845869,29.708998615624));
#6878 = CARTESIAN_POINT('',(5.188834731147,30.06472340859));
#6879 = CARTESIAN_POINT('',(5.224447842831,30.421453710349));
#6880 = CARTESIAN_POINT('',(5.259824119706,30.779060181976));
#6881 = CARTESIAN_POINT('',(5.295045459666,31.137446137048));
#6882 = CARTESIAN_POINT('',(5.330194595778,31.496524200551));
#6883 = CARTESIAN_POINT('',(5.441126456409,32.631241579669));
#6884 = CARTESIAN_POINT('',(5.514510507587,33.384022798755));
#6885 = CARTESIAN_POINT('',(5.587926455061,34.129332786786));
#6886 = CARTESIAN_POINT('',(5.663551340726,34.881549681435));
#6887 = CARTESIAN_POINT('',(5.743218709324,35.647733991835));
#6888 = CARTESIAN_POINT('',(5.828394866822,36.423266721984));
#6889 = CARTESIAN_POINT('',(5.920340757882,37.187871871575));
#6890 = CARTESIAN_POINT('',(6.040286541768,38.042656222015));
#6891 = CARTESIAN_POINT('',(6.060576561058,38.182936319393));
#6892 = CARTESIAN_POINT('',(6.081400594691,38.322242346536));
#6893 = CARTESIAN_POINT('',(6.102869754116,38.460727264105));
#6894 = CARTESIAN_POINT('',(6.125084601372,38.598278155332));
#6895 = CARTESIAN_POINT('',(6.148136049674,38.734506285933));
#6896 = CARTESIAN_POINT('',(6.172106263986,38.868737164018));
#6897 = CARTESIAN_POINT('',(6.197069561608,39.0000006));
#6898 = ( GEOMETRIC_REPRESENTATION_CONTEXT(2) 
PARAMETRIC_REPRESENTATION_CONTEXT() REPRESENTATION_CONTEXT('2D SPACE',''
  ) );
#6899 = PCURVE('',#1606,#6900);
#6900 = DEFINITIONAL_REPRESENTATION('',(#6901),#6995);
#6901 = B_SPLINE_CURVE_WITH_KNOTS('',8,(#6902,#6903,#6904,#6905,#6906,
    #6907,#6908,#6909,#6910,#6911,#6912,#6913,#6914,#6915,#6916,#6917,
    #6918,#6919,#6920,#6921,#6922,#6923,#6924,#6925,#6926,#6927,#6928,
    #6929,#6930,#6931,#6932,#6933,#6934,#6935,#6936,#6937,#6938,#6939,
    #6940,#6941,#6942,#6943,#6944,#6945,#6946,#6947,#6948,#6949,#6950,
    #6951,#6952,#6953,#6954,#6955,#6956,#6957,#6958,#6959,#6960,#6961,
    #6962,#6963,#6964,#6965,#6966,#6967,#6968,#6969,#6970,#6971,#6972,
    #6973,#6974,#6975,#6976,#6977,#6978,#6979,#6980,#6981,#6982,#6983,
    #6984,#6985,#6986,#6987,#6988,#6989,#6990,#6991,#6992,#6993,#6994),
  .UNSPECIFIED.,.F.,.F.,(9,7,7,7,7,7,7,7,7,7,7,7,7,9),(0.,
    5.309858839031E-02,0.183122308621,0.253338876028,0.381141419259,
    0.45040909677,0.488042110156,0.520428672668,0.567843169846,
    0.603463398829,0.742745771146,0.814544646775,0.969264559115,1.),
  .UNSPECIFIED.);
#6902 = CARTESIAN_POINT('',(0.233896889563,35.843410088885));
#6903 = CARTESIAN_POINT('',(0.21911619626,35.592460333219));
#6904 = CARTESIAN_POINT('',(0.205537627541,35.329244699457));
#6905 = CARTESIAN_POINT('',(0.193053831431,35.05950906379));
#6906 = CARTESIAN_POINT('',(0.181543685132,34.787026566289));
#6907 = CARTESIAN_POINT('',(0.170872433349,34.513626581117));
#6908 = CARTESIAN_POINT('',(0.160894691607,34.239272426572));
#6909 = CARTESIAN_POINT('',(0.151460314578,33.962187814948));
#6910 = CARTESIAN_POINT('',(0.120293568659,32.985662065891));
#6911 = CARTESIAN_POINT('',(0.100941045991,32.268274184162));
#6912 = CARTESIAN_POINT('',(8.407139697975E-02,31.542748621342));
#6913 = CARTESIAN_POINT('',(6.93859840912E-02,30.817040867258));
#6914 = CARTESIAN_POINT('',(5.660900879109E-02,30.092953823797));
#6915 = CARTESIAN_POINT('',(4.551988499059E-02,29.367683740742));
#6916 = CARTESIAN_POINT('',(3.59919964089E-02,28.635470763609));
#6917 = CARTESIAN_POINT('',(2.374439911804E-02,27.48693900084));
#6918 = CARTESIAN_POINT('',(1.994156931844E-02,27.083291908889));
#6919 = CARTESIAN_POINT('',(1.663101083122E-02,26.678774663495));
#6920 = CARTESIAN_POINT('',(1.381804789408E-02,26.273397319187));
#6921 = CARTESIAN_POINT('',(1.151306663144E-02,25.867172806349));
#6922 = CARTESIAN_POINT('',(9.731615506566E-03,25.460141223203));
#6923 = CARTESIAN_POINT('',(8.494528778557E-03,25.052394575282));
#6924 = CARTESIAN_POINT('',(6.615043743096E-03,23.900960617932));
#6925 = CARTESIAN_POINT('',(7.303794016059E-03,23.162967628183));
#6926 = CARTESIAN_POINT('',(9.979610619189E-03,22.424584003086));
#6927 = CARTESIAN_POINT('',(1.487276848078E-02,21.682279978632));
#6928 = CARTESIAN_POINT('',(2.234324648508E-02,20.935635219042));
#6929 = CARTESIAN_POINT('',(3.288081357737E-02,20.187638028692));
#6930 = CARTESIAN_POINT('',(4.709581342005E-02,19.44506693091));
#6931 = CARTESIAN_POINT('',(7.583288519182E-02,18.327014482927));
#6932 = CARTESIAN_POINT('',(8.719638540611E-02,17.940576016545));
#6933 = CARTESIAN_POINT('',(0.100032818037,17.558338226642));
#6934 = CARTESIAN_POINT('',(0.11460494008,17.179990262136));
#6935 = CARTESIAN_POINT('',(0.13121389772,16.807571469683));
#6936 = CARTESIAN_POINT('',(0.150194225591,16.445583794678));
#6937 = CARTESIAN_POINT('',(0.17189838137,16.101381147928));
#6938 = CARTESIAN_POINT('',(0.210108837492,15.615081314292));
#6939 = CARTESIAN_POINT('',(0.224628564005,15.450355412723));
#6940 = CARTESIAN_POINT('',(0.240228408439,15.295308204132));
#6941 = CARTESIAN_POINT('',(0.256910889965,15.153193381654));
#6942 = CARTESIAN_POINT('',(0.274665353144,15.027343538773));
#6943 = CARTESIAN_POINT('',(0.293463828492,14.921202575863));
#6944 = CARTESIAN_POINT('',(0.313256556342,14.838356313684));
#6945 = CARTESIAN_POINT('',(0.351790506565,14.734544743005));
#6946 = CARTESIAN_POINT('',(0.370063404345,14.707182315901));
#6947 = CARTESIAN_POINT('',(0.38854882027,14.702391021594));
#6948 = CARTESIAN_POINT('',(0.406999574532,14.720843740284));
#6949 = CARTESIAN_POINT('',(0.425168798305,14.761979978476));
#6950 = CARTESIAN_POINT('',(0.442817562574,14.824018110133));
#6951 = CARTESIAN_POINT('',(0.459719269167,14.903964824534));
#6952 = CARTESIAN_POINT('',(0.498998449411,15.134726618847));
#6953 = CARTESIAN_POINT('',(0.520513262108,15.302597577459));
#6954 = CARTESIAN_POINT('',(0.540260072734,15.493787130039));
#6955 = CARTESIAN_POINT('',(0.558341996825,15.702465079962));
#6956 = CARTESIAN_POINT('',(0.574887196859,15.924137020277));
#6957 = CARTESIAN_POINT('',(0.590033326607,16.155447773614));
#6958 = CARTESIAN_POINT('',(0.603918551355,16.394067396873));
#6959 = CARTESIAN_POINT('',(0.626264365838,16.822413509217));
#6960 = CARTESIAN_POINT('',(0.635226325243,17.009751442049));
#6961 = CARTESIAN_POINT('',(0.643607156107,17.199894799276));
#6962 = CARTESIAN_POINT('',(0.651448044208,17.392241018119));
#6963 = CARTESIAN_POINT('',(0.658788324645,17.586353065863));
#6964 = CARTESIAN_POINT('',(0.665665190862,17.781947236957));
#6965 = CARTESIAN_POINT('',(0.67211333171,17.978881288018));
#6966 = CARTESIAN_POINT('',(0.701825787305,18.952386359141));
#6967 = CARTESIAN_POINT('',(0.719676724214,19.756417548333));
#6968 = CARTESIAN_POINT('',(0.73278292325,20.569579378254));
#6969 = CARTESIAN_POINT('',(0.742021355869,21.381351110142));
#6970 = CARTESIAN_POINT('',(0.748090907834,22.186667574338));
#6971 = CARTESIAN_POINT('',(0.751500771527,22.986262441947));
#6972 = CARTESIAN_POINT('',(0.752563453766,23.785567680616));
#6973 = CARTESIAN_POINT('',(0.750752310454,25.009662421845));
#6974 = CARTESIAN_POINT('',(0.749540419281,25.425481429768));
#6975 = CARTESIAN_POINT('',(0.74776100096,25.840561070546));
#6976 = CARTESIAN_POINT('',(0.745436476549,26.254801474211));
#6977 = CARTESIAN_POINT('',(0.742583541626,26.66816011664));
#6978 = CARTESIAN_POINT('',(0.739213300959,27.080624607843));
#6979 = CARTESIAN_POINT('',(0.735331377212,27.492185984198));
#6980 = CARTESIAN_POINT('',(0.721470660025,28.787674540343));
#6981 = CARTESIAN_POINT('',(0.709933713678,29.639646544701));
#6982 = CARTESIAN_POINT('',(0.696400373414,30.477323241871));
#6983 = CARTESIAN_POINT('',(0.680544633707,31.317545104026));
#6984 = CARTESIAN_POINT('',(0.661833321165,32.168306989794));
#6985 = CARTESIAN_POINT('',(0.639643637923,33.024477075915));
#6986 = CARTESIAN_POINT('',(0.613356813215,33.864257173457));
#6987 = CARTESIAN_POINT('',(0.576287304591,34.799391411674));
#6988 = CARTESIAN_POINT('',(0.569932595379,34.952727604688));
#6989 = CARTESIAN_POINT('',(0.563326524941,35.104874527983));
#6990 = CARTESIAN_POINT('',(0.55643002698,35.256004003217));
#6991 = CARTESIAN_POINT('',(0.549205555936,35.405996805299));
#6992 = CARTESIAN_POINT('',(0.541617507302,35.554433751359));
#6993 = CARTESIAN_POINT('',(0.533632637934,35.700586789724));
#6994 = CARTESIAN_POINT('',(0.525220486363,35.843410088885));
#6995 = ( GEOMETRIC_REPRESENTATION_CONTEXT(2) 
PARAMETRIC_REPRESENTATION_CONTEXT() REPRESENTATION_CONTEXT('2D SPACE',''
  ) );
#6996 = ORIENTED_EDGE('',*,*,#3804,.T.);
#6997 = ORIENTED_EDGE('',*,*,#3721,.T.);
#6998 = ORIENTED_EDGE('',*,*,#3905,.T.);
#6999 = ORIENTED_EDGE('',*,*,#2907,.T.);
#7000 = ORIENTED_EDGE('',*,*,#7001,.F.);
#7001 = EDGE_CURVE('',#2305,#2798,#7002,.T.);
#7002 = SURFACE_CURVE('',#7003,(#7126,#7252),.PCURVE_S1.);
#7003 = B_SPLINE_CURVE_WITH_KNOTS('',7,(#7004,#7005,#7006,#7007,#7008,
    #7009,#7010,#7011,#7012,#7013,#7014,#7015,#7016,#7017,#7018,#7019,
    #7020,#7021,#7022,#7023,#7024,#7025,#7026,#7027,#7028,#7029,#7030,
    #7031,#7032,#7033,#7034,#7035,#7036,#7037,#7038,#7039,#7040,#7041,
    #7042,#7043,#7044,#7045,#7046,#7047,#7048,#7049,#7050,#7051,#7052,
    #7053,#7054,#7055,#7056,#7057,#7058,#7059,#7060,#7061,#7062,#7063,
    #7064,#7065,#7066,#7067,#7068,#7069,#7070,#7071,#7072,#7073,#7074,
    #7075,#7076,#7077,#7078,#7079,#7080,#7081,#7082,#7083,#7084,#7085,
    #7086,#7087,#7088,#7089,#7090,#7091,#7092,#7093,#7094,#7095,#7096,
    #7097,#7098,#7099,#7100,#7101,#7102,#7103,#7104,#7105,#7106,#7107,
    #7108,#7109,#7110,#7111,#7112,#7113,#7114,#7115,#7116,#7117,#7118,
    #7119,#7120,#7121,#7122,#7123,#7124,#7125),.UNSPECIFIED.,.T.,.F.,(8,
    6,6,6,6,6,6,6,6,6,6,6,6,6,6,6,6,6,6,6,8),(0.,1.990735329755E-02,
    3.476179350765E-02,7.721587128059E-02,0.116364611986,0.159868721395,
    0.242500579855,0.301633768834,0.350461411939,0.409021653174,
    0.468849491069,0.496204340354,0.532718090447,0.576432084149,
    0.659337267709,0.702842621895,0.742299148924,0.822406544556,
    0.850163552956,0.908705068357,1.),.UNSPECIFIED.);
#7004 = CARTESIAN_POINT('',(-20.52763687907,11.174724079058,
    -19.11986450171));
#7005 = CARTESIAN_POINT('',(-20.53104698772,11.161424655323,
    -19.17455971522));
#7006 = CARTESIAN_POINT('',(-20.53561173992,11.148306205504,
    -19.22885160063));
#7007 = CARTESIAN_POINT('',(-20.54129397912,11.135389092746,
    -19.28272781397));
#7008 = CARTESIAN_POINT('',(-20.54805845449,11.122692900725,
    -19.33617766011));
#7009 = CARTESIAN_POINT('',(-20.55587182092,11.110236433647,
    -19.38919209265));
#7010 = CARTESIAN_POINT('',(-20.56470263902,11.098037716252,
    -19.44176371401));
#7011 = CARTESIAN_POINT('',(-20.58184790547,11.077216767774,
    -19.53277988625));
#7012 = CARTESIAN_POINT('',(-20.58972445345,11.068472722326,
    -19.57142299733));
#7013 = CARTESIAN_POINT('',(-20.59813875963,11.059889065853,
    -19.60981356508));
#7014 = CARTESIAN_POINT('',(-20.60707908785,11.051472862589,
    -19.64794923059));
#7015 = CARTESIAN_POINT('',(-20.61653422527,11.043231032612,
    -19.6858278196));
#7016 = CARTESIAN_POINT('',(-20.62649348233,11.035170351847,
    -19.72344734252));
#7017 = CARTESIAN_POINT('',(-20.66682202978,11.00479665802,
    -19.86757724186));
#7018 = CARTESIAN_POINT('',(-20.7007364937,10.983826119751,
    -19.97223448801));
#7019 = CARTESIAN_POINT('',(-20.73845160031,10.964544909051,
    -20.07471995557));
#7020 = CARTESIAN_POINT('',(-20.77975484166,10.947103359375,
    -20.17498207263));
#7021 = CARTESIAN_POINT('',(-20.82445939954,10.931643604894,
    -20.27297516084));
#7022 = CARTESIAN_POINT('',(-20.87240385911,10.918300119554,
    -20.3686591236));
#7023 = CARTESIAN_POINT('',(-20.97052554869,10.896964592149,
    -20.54807199399));
#7024 = CARTESIAN_POINT('',(-21.02023744503,10.888637041857,
    -20.63214977591));
#7025 = CARTESIAN_POINT('',(-21.07245960528,10.882322377364,
    -20.71416546578));
#7026 = CARTESIAN_POINT('',(-21.12707275556,10.878115886147,
    -20.79405532793));
#7027 = CARTESIAN_POINT('',(-21.18396698899,10.87610261113,
    -20.87175812196));
#7028 = CARTESIAN_POINT('',(-21.24304240036,10.876356590743,
    -20.94721431959));
#7029 = CARTESIAN_POINT('',(-21.3721820174,10.881811027235,
    -21.10165450513));
#7030 = CARTESIAN_POINT('',(-21.44273405951,10.887558408178,
    -21.18009274818));
#7031 = CARTESIAN_POINT('',(-21.51570791039,10.896266364476,
    -21.25555820948));
#7032 = CARTESIAN_POINT('',(-21.59095214752,10.907991490031,
    -21.32793613708));
#7033 = CARTESIAN_POINT('',(-21.66832278339,10.922761931487,
    -21.39711778072));
#7034 = CARTESIAN_POINT('',(-21.74768418596,10.940576469716,
    -21.46299930446));
#7035 = CARTESIAN_POINT('',(-21.98319059467,11.000962728361,
    -21.64415808039));
#7036 = CARTESIAN_POINT('',(-22.1439083644,11.051316661367,
    -21.75034667082));
#7037 = CARTESIAN_POINT('',(-22.31027581395,11.112212897041,
    -21.84353759404));
#7038 = CARTESIAN_POINT('',(-22.48159990075,11.183054620085,
    -21.92317438483));
#7039 = CARTESIAN_POINT('',(-22.65723847393,11.262892174132,
    -21.9886420209));
#7040 = CARTESIAN_POINT('',(-22.83653308973,11.35044223253,
    -22.0392833317));
#7041 = CARTESIAN_POINT('',(-23.14909390691,11.511183052686,
    -22.09960366765));
#7042 = CARTESIAN_POINT('',(-23.28106508103,11.581436302888,
    -22.11685842043));
#7043 = CARTESIAN_POINT('',(-23.414583416,11.654445062859,
    -22.12598640228));
#7044 = CARTESIAN_POINT('',(-23.5495919788,11.729716856783,
    -22.1266846587));
#7045 = CARTESIAN_POINT('',(-23.68600262195,11.806698454629,
    -22.11856778143));
#7046 = CARTESIAN_POINT('',(-23.82367339299,11.884758237015,
    -22.1011677689));
#7047 = CARTESIAN_POINT('',(-24.07692410827,12.027913779056,
    -22.05144623959));
#7048 = CARTESIAN_POINT('',(-24.19227419819,12.092955064307,
    -22.02223369075));
#7049 = CARTESIAN_POINT('',(-24.30828790071,12.157869129307,
    -21.985970032));
#7050 = CARTESIAN_POINT('',(-24.42477392403,12.222178603298,
    -21.94229788784));
#7051 = CARTESIAN_POINT('',(-24.54148450391,12.285348250017,
    -21.8908338244));
#7052 = CARTESIAN_POINT('',(-24.65810191016,12.346781186421,
    -21.83117345836));
#7053 = CARTESIAN_POINT('',(-24.91349428878,12.476615985596,
    -21.6810103425));
#7054 = CARTESIAN_POINT('',(-25.05302823587,12.544462752335,
    -21.58615652866));
#7055 = CARTESIAN_POINT('',(-25.19065133775,12.607382950283,
    -21.47815709117));
#7056 = CARTESIAN_POINT('',(-25.32441239641,12.663622303488,
    -21.35730102134));
#7057 = CARTESIAN_POINT('',(-25.45254725156,12.711764043233,
    -21.22427450546));
#7058 = CARTESIAN_POINT('',(-25.57347383048,12.750803967991,
    -21.08010407854));
#7059 = CARTESIAN_POINT('',(-25.80059694376,12.810194396072,
    -20.76878814428));
#7060 = CARTESIAN_POINT('',(-25.90484984948,12.829711998373,
    -20.60336225111));
#7061 = CARTESIAN_POINT('',(-25.99757271005,12.838637755037,
    -20.43172721887));
#7062 = CARTESIAN_POINT('',(-26.0780605298,12.837388899636,
    -20.25602884961));
#7063 = CARTESIAN_POINT('',(-26.14594884983,12.82688461136,
    -20.07861264715));
#7064 = CARTESIAN_POINT('',(-26.20128986759,12.808481033158,
    -19.90198888396));
#7065 = CARTESIAN_POINT('',(-26.26449668808,12.772592244469,
    -19.64963785471));
#7066 = CARTESIAN_POINT('',(-26.28190222096,12.759987669109,
    -19.5708807963));
#7067 = CARTESIAN_POINT('',(-26.29694852693,12.746155261791,
    -19.4926256109));
#7068 = CARTESIAN_POINT('',(-26.3097010861,12.731207580494,
    -19.41494509427));
#7069 = CARTESIAN_POINT('',(-26.320223689,12.715253275333,-19.3379049641
    ));
#7070 = CARTESIAN_POINT('',(-26.32857857606,12.698396731256,
    -19.26156407378));
#7071 = CARTESIAN_POINT('',(-26.34316652189,12.657166129162,
    -19.08507645749));
#7072 = CARTESIAN_POINT('',(-26.34775431929,12.632160068655,
    -18.98549703735));
#7073 = CARTESIAN_POINT('',(-26.34873509549,12.605944392133,
    -18.88731337695));
#7074 = CARTESIAN_POINT('',(-26.34623967829,12.578726491479,
    -18.79058778266));
#7075 = CARTESIAN_POINT('',(-26.34038432555,12.55069684089,
    -18.69536816626));
#7076 = CARTESIAN_POINT('',(-26.33127045395,12.522029550223,
    -18.60168835501));
#7077 = CARTESIAN_POINT('',(-26.30427555524,12.457988784475,
    -18.39928306987));
#7078 = CARTESIAN_POINT('',(-26.28501851732,12.42240383194,
    -18.29122127603));
#7079 = CARTESIAN_POINT('',(-26.26136108173,12.386407804717,
    -18.18544637872));
#7080 = CARTESIAN_POINT('',(-26.2334299246,12.350257560981,
    -18.08201444785));
#7081 = CARTESIAN_POINT('',(-26.20133055268,12.314187849056,
    -17.98097461755));
#7082 = CARTESIAN_POINT('',(-26.16514728573,12.278412083388,
    -17.88236943896));
#7083 = CARTESIAN_POINT('',(-26.04869479742,12.176196315238,
    -17.60391320466));
#7084 = CARTESIAN_POINT('',(-25.95786426423,12.110916295194,
    -17.43019560744));
#7085 = CARTESIAN_POINT('',(-25.85304921721,12.048828870788,
    -17.26598605397));
#7086 = CARTESIAN_POINT('',(-25.73486107932,11.991222648787,
    -17.11201799327));
#7087 = CARTESIAN_POINT('',(-25.60392252627,11.939057420084,
    -16.96894140586));
#7088 = CARTESIAN_POINT('',(-25.46087771366,11.892929717792,
    -16.83738634851));
#7089 = CARTESIAN_POINT('',(-25.22535958347,11.832161655879,
    -16.65535588218));
#7090 = CARTESIAN_POINT('',(-25.14124034133,11.812996040646,
    -16.59612264242));
#7091 = CARTESIAN_POINT('',(-25.05418651447,11.795612023035,
    -16.54040013139));
#7092 = CARTESIAN_POINT('',(-24.96433883641,11.780013263788,
    -16.4882850682));
#7093 = CARTESIAN_POINT('',(-24.8718503974,11.766175037212,
    -16.43987345603));
#7094 = CARTESIAN_POINT('',(-24.77688718508,11.754045507047,
    -16.39525964924));
#7095 = CARTESIAN_POINT('',(-24.59142143623,11.734025541292,
    -16.31760119331));
#7096 = CARTESIAN_POINT('',(-24.50133097976,11.725846241239,
    -16.28386821096));
#7097 = CARTESIAN_POINT('',(-24.40945396505,11.718947340327,
    -16.25338886007));
#7098 = CARTESIAN_POINT('',(-24.31589369592,11.713253769539,
    -16.2262225158));
#7099 = CARTESIAN_POINT('',(-24.22076047199,11.708678218191,
    -16.20243488074));
#7100 = CARTESIAN_POINT('',(-24.12417199002,11.705122199427,
    -16.18209732379));
#7101 = CARTESIAN_POINT('',(-23.82745328869,11.69710688215,
    -16.13115514092));
#7102 = CARTESIAN_POINT('',(-23.62335128132,11.695496836097,
    -16.11159143374));
#7103 = CARTESIAN_POINT('',(-23.4145247506,11.696711250983,
    -16.10710237584));
#7104 = CARTESIAN_POINT('',(-23.20164538783,11.699717060862,
    -16.11851064512));
#7105 = CARTESIAN_POINT('',(-22.98562296978,11.703346322139,
    -16.14694561775));
#7106 = CARTESIAN_POINT('',(-22.76775727607,11.706267908859,
    -16.19383043102));
#7107 = CARTESIAN_POINT('',(-22.4744109927,11.707211174384,
    -16.28409205202));
#7108 = CARTESIAN_POINT('',(-22.39889952369,11.707187362398,
    -16.3097461218));
#7109 = CARTESIAN_POINT('',(-22.32345884231,11.70683378089,
    -16.33789533823));
#7110 = CARTESIAN_POINT('',(-22.24819213158,11.706084796173,
    -16.36860867263));
#7111 = CARTESIAN_POINT('',(-22.17321113697,11.704872808583,
    -16.40195572765));
#7112 = CARTESIAN_POINT('',(-22.09863629279,11.703128695445,
    -16.4380067157));
#7113 = CARTESIAN_POINT('',(-21.86844236632,11.695833441375,
    -16.55871866093));
#7114 = CARTESIAN_POINT('',(-21.71347739601,11.688167665192,
    -16.65357247477));
#7115 = CARTESIAN_POINT('',(-21.56255809794,11.677102632384,
    -16.76157191226));
#7116 = CARTESIAN_POINT('',(-21.4182390604,11.66203939682,
    -16.88242798209));
#7117 = CARTESIAN_POINT('',(-21.28274850755,11.642584878103,
    -17.01545449797));
#7118 = CARTESIAN_POINT('',(-21.15795652114,11.618620042519,
    -17.15962492488));
#7119 = CARTESIAN_POINT('',(-20.86970608412,11.546170348616,
    -17.55376422317));
#7120 = CARTESIAN_POINT('',(-20.72966026047,11.492972090235,
    -17.80961565612));
#7121 = CARTESIAN_POINT('',(-20.62557629584,11.432261027317,
    -18.07538221049));
#7122 = CARTESIAN_POINT('',(-20.55648905962,11.36668598628,
    -18.34519130471));
#7123 = CARTESIAN_POINT('',(-20.52001950545,11.299625507866,
    -18.61312121095));
#7124 = CARTESIAN_POINT('',(-20.51226356228,11.234680014531,
    -18.87328970591));
#7125 = CARTESIAN_POINT('',(-20.52763687907,11.174724079058,
    -19.11986450171));
#7126 = PCURVE('',#2169,#7127);
#7127 = DEFINITIONAL_REPRESENTATION('',(#7128),#7251);
#7128 = B_SPLINE_CURVE_WITH_KNOTS('',7,(#7129,#7130,#7131,#7132,#7133,
    #7134,#7135,#7136,#7137,#7138,#7139,#7140,#7141,#7142,#7143,#7144,
    #7145,#7146,#7147,#7148,#7149,#7150,#7151,#7152,#7153,#7154,#7155,
    #7156,#7157,#7158,#7159,#7160,#7161,#7162,#7163,#7164,#7165,#7166,
    #7167,#7168,#7169,#7170,#7171,#7172,#7173,#7174,#7175,#7176,#7177,
    #7178,#7179,#7180,#7181,#7182,#7183,#7184,#7185,#7186,#7187,#7188,
    #7189,#7190,#7191,#7192,#7193,#7194,#7195,#7196,#7197,#7198,#7199,
    #7200,#7201,#7202,#7203,#7204,#7205,#7206,#7207,#7208,#7209,#7210,
    #7211,#7212,#7213,#7214,#7215,#7216,#7217,#7218,#7219,#7220,#7221,
    #7222,#7223,#7224,#7225,#7226,#7227,#7228,#7229,#7230,#7231,#7232,
    #7233,#7234,#7235,#7236,#7237,#7238,#7239,#7240,#7241,#7242,#7243,
    #7244,#7245,#7246,#7247,#7248,#7249,#7250),.UNSPECIFIED.,.F.,.F.,(8,
    6,6,6,6,6,6,6,6,6,6,6,6,6,6,6,6,6,6,6,8),(0.,1.990735329755E-02,
    3.476179350765E-02,7.721587128059E-02,0.116364611986,0.159868721395,
    0.242500579855,0.301633768834,0.350461411939,0.409021653174,
    0.468849491069,0.496204340354,0.532718090447,0.576432084149,
    0.659337267709,0.702842621895,0.742299148924,0.822406544556,
    0.850163552956,0.908705068357,1.),.UNSPECIFIED.);
#7129 = CARTESIAN_POINT('',(5.167791332465,29.59438380244));
#7130 = CARTESIAN_POINT('',(5.175450889197,29.627063960915));
#7131 = CARTESIAN_POINT('',(5.18295399792,29.660436039293));
#7132 = CARTESIAN_POINT('',(5.190301299375,29.694467856602));
#7133 = CARTESIAN_POINT('',(5.197493435458,29.729129542028));
#7134 = CARTESIAN_POINT('',(5.204531049229,29.764393534913));
#7135 = CARTESIAN_POINT('',(5.211414784903,29.800234584755));
#7136 = CARTESIAN_POINT('',(5.223167444859,29.863787044097));
#7137 = CARTESIAN_POINT('',(5.228104255922,29.891252694583));
#7138 = CARTESIAN_POINT('',(5.232955968976,29.919017096123));
#7139 = CARTESIAN_POINT('',(5.237722799153,29.94707113025));
#7140 = CARTESIAN_POINT('',(5.242404928799,29.975406166572));
#7141 = CARTESIAN_POINT('',(5.247002507461,30.004014062777));
#7142 = CARTESIAN_POINT('',(5.264414245331,30.115406660097));
#7143 = CARTESIAN_POINT('',(5.276625238837,30.200105192075));
#7144 = CARTESIAN_POINT('',(5.288149202201,30.286794679192));
#7145 = CARTESIAN_POINT('',(5.298984661555,30.375309184257));
#7146 = CARTESIAN_POINT('',(5.309128399293,30.465504612835));
#7147 = CARTESIAN_POINT('',(5.318575753988,30.557258411821));
#7148 = CARTESIAN_POINT('',(5.335385216289,30.736423028688));
#7149 = CARTESIAN_POINT('',(5.342852212545,30.82361403052));
#7150 = CARTESIAN_POINT('',(5.34971355444,30.911923671685));
#7151 = CARTESIAN_POINT('',(5.355961025782,31.001240203001));
#7152 = CARTESIAN_POINT('',(5.361586650375,31.091458601617));
#7153 = CARTESIAN_POINT('',(5.366582793558,31.182480444703));
#7154 = CARTESIAN_POINT('',(5.375786732956,31.376152622519));
#7155 = CARTESIAN_POINT('',(5.379844739188,31.478964729556));
#7156 = CARTESIAN_POINT('',(5.383103941583,31.582471382447));
#7157 = CARTESIAN_POINT('',(5.385554952607,31.686497672346));
#7158 = CARTESIAN_POINT('',(5.387191361726,31.790872385743));
#7159 = CARTESIAN_POINT('',(5.388009759063,31.895427886853));
#7160 = CARTESIAN_POINT('',(5.388009759063,32.1986246396));
#7161 = CARTESIAN_POINT('',(5.3850572116,32.396937269609));
#7162 = CARTESIAN_POINT('',(5.379168338478,32.593971866601));
#7163 = CARTESIAN_POINT('',(5.370383597446,32.788738763092));
#7164 = CARTESIAN_POINT('',(5.35876879325,32.980182560148));
#7165 = CARTESIAN_POINT('',(5.344414557073,33.16714356453));
#7166 = CARTESIAN_POINT('',(5.315282670553,33.477978590531));
#7167 = CARTESIAN_POINT('',(5.301775610192,33.604788121804));
#7168 = CARTESIAN_POINT('',(5.28692914103,33.728492492346));
#7169 = CARTESIAN_POINT('',(5.270751649277,33.848768381628));
#7170 = CARTESIAN_POINT('',(5.253244833808,33.965206857597));
#7171 = CARTESIAN_POINT('',(5.23440476036,34.077292233847));
#7172 = CARTESIAN_POINT('',(5.197558299397,34.272806539731));
#7173 = CARTESIAN_POINT('',(5.17996405216,34.357903677062));
#7174 = CARTESIAN_POINT('',(5.161436216824,34.439277925655));
#7175 = CARTESIAN_POINT('',(5.141970745328,34.516472094649));
#7176 = CARTESIAN_POINT('',(5.121564224013,34.588958033941));
#7177 = CARTESIAN_POINT('',(5.100214598888,34.656128452683));
#7178 = CARTESIAN_POINT('',(5.051185698017,34.790639831967));
#7179 = CARTESIAN_POINT('',(5.022905595918,34.855860023771));
#7180 = CARTESIAN_POINT('',(4.993328466385,34.910760321279));
#7181 = CARTESIAN_POINT('',(4.962713432468,34.953648422446));
#7182 = CARTESIAN_POINT('',(4.931323118389,34.983281847771));
#7183 = CARTESIAN_POINT('',(4.899421346795,34.998845079259));
#7184 = CARTESIAN_POINT('',(4.834437428612,35.001080264521));
#7185 = CARTESIAN_POINT('',(4.801793252144,34.987104092715));
#7186 = CARTESIAN_POINT('',(4.769639350335,34.958352559856));
#7187 = CARTESIAN_POINT('',(4.738264510762,34.915643270516));
#7188 = CARTESIAN_POINT('',(4.707956510875,34.860277630415));
#7189 = CARTESIAN_POINT('',(4.678999623302,34.794066157356));
#7190 = CARTESIAN_POINT('',(4.639166645674,34.685235236036));
#7191 = CARTESIAN_POINT('',(4.626960242454,34.649187485503));
#7192 = CARTESIAN_POINT('',(4.615047106824,34.611362543994));
#7193 = CARTESIAN_POINT('',(4.603428599863,34.571877185604));
#7194 = CARTESIAN_POINT('',(4.592105895605,34.530841864666));
#7195 = CARTESIAN_POINT('',(4.581079921619,34.488360880575));
#7196 = CARTESIAN_POINT('',(4.556030539899,34.386029680378));
#7197 = CARTESIAN_POINT('',(4.542236712319,34.325114606458));
#7198 = CARTESIAN_POINT('',(4.528964944793,34.261990845718));
#7199 = CARTESIAN_POINT('',(4.516211125206,34.19683855099));
#7200 = CARTESIAN_POINT('',(4.503971712432,34.129814587857));
#7201 = CARTESIAN_POINT('',(4.492243547363,34.061052619446));
#7202 = CARTESIAN_POINT('',(4.467591301822,33.906393484193));
#7203 = CARTESIAN_POINT('',(4.454885960995,33.819781935585));
#7204 = CARTESIAN_POINT('',(4.442906526364,33.731036941512));
#7205 = CARTESIAN_POINT('',(4.431654207487,33.640341555706));
#7206 = CARTESIAN_POINT('',(4.421132192384,33.547853841113));
#7207 = CARTESIAN_POINT('',(4.411345301359,33.453707221499));
#7208 = CARTESIAN_POINT('',(4.38514421563,33.17651914177));
#7209 = CARTESIAN_POINT('',(4.370628436751,32.989169984482));
#7210 = CARTESIAN_POINT('',(4.358866367843,32.797275303066));
#7211 = CARTESIAN_POINT('',(4.34994956196,32.602004895312));
#7212 = CARTESIAN_POINT('',(4.343944830154,32.404421938767));
#7213 = CARTESIAN_POINT('',(4.340893686732,32.205522042661));
#7214 = CARTESIAN_POINT('',(4.34077137723,31.901719312047));
#7215 = CARTESIAN_POINT('',(4.341547443511,31.797171419169));
#7216 = CARTESIAN_POINT('',(4.343141408894,31.692796581655));
#7217 = CARTESIAN_POINT('',(4.345549975509,31.588762631846));
#7218 = CARTESIAN_POINT('',(4.348766831743,31.485240918749));
#7219 = CARTESIAN_POINT('',(4.352782675236,31.382406424701));
#7220 = CARTESIAN_POINT('',(4.361940846055,31.18795904502));
#7221 = CARTESIAN_POINT('',(4.366943327012,31.096197432369));
#7222 = CARTESIAN_POINT('',(4.372585340211,31.005247162487));
#7223 = CARTESIAN_POINT('',(4.378859079241,30.915209001306));
#7224 = CARTESIAN_POINT('',(4.385756374738,30.826190491213));
#7225 = CARTESIAN_POINT('',(4.393268799328,30.738306079973));
#7226 = CARTESIAN_POINT('',(4.417871478788,30.475797350773));
#7227 = CARTESIAN_POINT('',(4.436840575291,30.305252342615));
#7228 = CARTESIAN_POINT('',(4.458255736529,30.14060716055));
#7229 = CARTESIAN_POINT('',(4.482110703306,29.982669332826));
#7230 = CARTESIAN_POINT('',(4.508420793685,29.832587707217));
#7231 = CARTESIAN_POINT('',(4.537215134067,29.691957084864));
#7232 = CARTESIAN_POINT('',(4.579384036167,29.518220776081));
#7233 = CARTESIAN_POINT('',(4.590541961691,29.474891113738));
#7234 = CARTESIAN_POINT('',(4.602005840831,29.433041596224));
#7235 = CARTESIAN_POINT('',(4.613774806011,29.392780508498));
#7236 = CARTESIAN_POINT('',(4.625847732302,29.354222772031));
#7237 = CARTESIAN_POINT('',(4.638223301471,29.317490118289));
#7238 = CARTESIAN_POINT('',(4.677636268913,29.209360168032));
#7239 = CARTESIAN_POINT('',(4.705916371013,29.144139976228));
#7240 = CARTESIAN_POINT('',(4.735493500546,29.08923967872));
#7241 = CARTESIAN_POINT('',(4.766108534462,29.046351577553));
#7242 = CARTESIAN_POINT('',(4.797498848541,29.016718152229));
#7243 = CARTESIAN_POINT('',(4.829400620136,29.001154920741));
#7244 = CARTESIAN_POINT('',(4.911673042112,28.998325080526));
#7245 = CARTESIAN_POINT('',(4.960683118808,29.031820161029));
#7246 = CARTESIAN_POINT('',(5.007933104446,29.097676370997));
#7247 = CARTESIAN_POINT('',(5.052831749571,29.192162762113));
#7248 = CARTESIAN_POINT('',(5.094794956606,29.31056610384));
#7249 = CARTESIAN_POINT('',(5.1332608221,29.447056406023));
#7250 = CARTESIAN_POINT('',(5.167791332465,29.59438380244));
#7251 = ( GEOMETRIC_REPRESENTATION_CONTEXT(2) 
PARAMETRIC_REPRESENTATION_CONTEXT() REPRESENTATION_CONTEXT('2D SPACE',''
  ) );
#7252 = PCURVE('',#1642,#7253);
#7253 = DEFINITIONAL_REPRESENTATION('',(#7254),#7377);
#7254 = B_SPLINE_CURVE_WITH_KNOTS('',7,(#7255,#7256,#7257,#7258,#7259,
    #7260,#7261,#7262,#7263,#7264,#7265,#7266,#7267,#7268,#7269,#7270,
    #7271,#7272,#7273,#7274,#7275,#7276,#7277,#7278,#7279,#7280,#7281,
    #7282,#7283,#7284,#7285,#7286,#7287,#7288,#7289,#7290,#7291,#7292,
    #7293,#7294,#7295,#7296,#7297,#7298,#7299,#7300,#7301,#7302,#7303,
    #7304,#7305,#7306,#7307,#7308,#7309,#7310,#7311,#7312,#7313,#7314,
    #7315,#7316,#7317,#7318,#7319,#7320,#7321,#7322,#7323,#7324,#7325,
    #7326,#7327,#7328,#7329,#7330,#7331,#7332,#7333,#7334,#7335,#7336,
    #7337,#7338,#7339,#7340,#7341,#7342,#7343,#7344,#7345,#7346,#7347,
    #7348,#7349,#7350,#7351,#7352,#7353,#7354,#7355,#7356,#7357,#7358,
    #7359,#7360,#7361,#7362,#7363,#7364,#7365,#7366,#7367,#7368,#7369,
    #7370,#7371,#7372,#7373,#7374,#7375,#7376),.UNSPECIFIED.,.F.,.F.,(8,
    6,6,6,6,6,6,6,6,6,6,6,6,6,6,6,6,6,6,6,8),(0.,1.990735329755E-02,
    3.476179350765E-02,7.721587128059E-02,0.116364611986,0.159868721395,
    0.242500579855,0.301633768834,0.350461411939,0.409021653174,
    0.468849491069,0.496204340354,0.532718090447,0.576432084149,
    0.659337267709,0.702842621895,0.742299148924,0.822406544556,
    0.850163552956,0.908705068357,1.),.UNSPECIFIED.);
#7255 = CARTESIAN_POINT('',(0.,13.725992428389));
#7256 = CARTESIAN_POINT('',(1.823173783662E-02,13.712262770247));
#7257 = CARTESIAN_POINT('',(3.632907479334E-02,13.698421630002));
#7258 = CARTESIAN_POINT('',(5.429769377039E-02,13.684497961467));
#7259 = CARTESIAN_POINT('',(7.214329780808E-02,13.67051949008));
#7260 = CARTESIAN_POINT('',(8.987161008688E-02,13.656512712899));
#7261 = CARTESIAN_POINT('',(0.107488373927,13.642502898608));
#7262 = CARTESIAN_POINT('',(0.138065669776,13.6180759366));
#7263 = CARTESIAN_POINT('',(0.151073034134,13.607649555368));
#7264 = CARTESIAN_POINT('',(0.164023809946,13.597244971262));
#7265 = CARTESIAN_POINT('',(0.176920318449,13.586871942116));
#7266 = CARTESIAN_POINT('',(0.189764838038,13.576539956158));
#7267 = CARTESIAN_POINT('',(0.202559604265,13.566258232005));
#7268 = CARTESIAN_POINT('',(0.251738398583,13.526819715219));
#7269 = CARTESIAN_POINT('',(0.287787311858,13.49808279569));
#7270 = CARTESIAN_POINT('',(0.323499994881,13.470038280776));
#7271 = CARTESIAN_POINT('',(0.358919303686,13.442884574801));
#7272 = CARTESIAN_POINT('',(0.394086407775,13.416805759034));
#7273 = CARTESIAN_POINT('',(0.429042692769,13.391972184999));
#7274 = CARTESIAN_POINT('',(0.495912076732,13.34693422152));
#7275 = CARTESIAN_POINT('',(0.527849505818,13.326520414796));
#7276 = CARTESIAN_POINT('',(0.55966329854,13.307432930131));
#7277 = CARTESIAN_POINT('',(0.591372510064,13.289793693755));
#7278 = CARTESIAN_POINT('',(0.622996373384,13.273712381839));
#7279 = CARTESIAN_POINT('',(0.654554770222,13.25928552672));
#7280 = CARTESIAN_POINT('',(0.721088615917,13.232493944645));
#7281 = CARTESIAN_POINT('',(0.756051773623,13.220537836717));
#7282 = CARTESIAN_POINT('',(0.790969044162,13.210848013558));
#7283 = CARTESIAN_POINT('',(0.825851906919,13.203516905254));
#7284 = CARTESIAN_POINT('',(0.860712635053,13.198607539393));
#7285 = CARTESIAN_POINT('',(0.895564479016,13.196152422707));
#7286 = CARTESIAN_POINT('',(0.996630063265,13.196152422707));
#7287 = CARTESIAN_POINT('',(1.062734221354,13.205010125771));
#7288 = CARTESIAN_POINT('',(1.128886615644,13.222676535292));
#7289 = CARTESIAN_POINT('',(1.195224177142,13.248745672545));
#7290 = CARTESIAN_POINT('',(1.261874789084,13.282457134171));
#7291 = CARTESIAN_POINT('',(1.328955299638,13.322731349209));
#7292 = CARTESIAN_POINT('',(1.444941540067,13.400802771045));
#7293 = CARTESIAN_POINT('',(1.493633495062,13.436076169391));
#7294 = CARTESIAN_POINT('',(1.542757940399,13.473634453863));
#7295 = CARTESIAN_POINT('',(1.592434147477,13.513014721696));
#7296 = CARTESIAN_POINT('',(1.642782900703,13.553702972606));
#7297 = CARTESIAN_POINT('',(1.693929579756,13.595122637218));
#7298 = CARTESIAN_POINT('',(1.78900897304,13.670891002904));
#7299 = CARTESIAN_POINT('',(1.832683577628,13.705244026739));
#7300 = CARTESIAN_POINT('',(1.877098817545,13.739308991903));
#7301 = CARTESIAN_POINT('',(1.922323252706,13.77267099876));
#7302 = CARTESIAN_POINT('',(1.968428577178,13.80487312181));
#7303 = CARTESIAN_POINT('',(2.01549195536,13.835416098364));
#7304 = CARTESIAN_POINT('',(2.121293597475,13.897749205385));
#7305 = CARTESIAN_POINT('',(2.180893572052,13.928813123771));
#7306 = CARTESIAN_POINT('',(2.241977505317,13.955579459833));
#7307 = CARTESIAN_POINT('',(2.304223406703,13.976833539336));
#7308 = CARTESIAN_POINT('',(2.367371696409,13.991641163546));
#7309 = CARTESIAN_POINT('',(2.431196634377,13.999422546594));
#7310 = CARTESIAN_POINT('',(2.561166072441,14.000540125452));
#7311 = CARTESIAN_POINT('',(2.626433437755,13.993552269578));
#7312 = CARTESIAN_POINT('',(2.691046916118,13.979168254562));
#7313 = CARTESIAN_POINT('',(2.754754858268,13.957967343039));
#7314 = CARTESIAN_POINT('',(2.81727015,13.930930433282));
#7315 = CARTESIAN_POINT('',(2.878236873868,13.899358207401));
#7316 = CARTESIAN_POINT('',(2.964142258407,13.848895018424));
#7317 = CARTESIAN_POINT('',(2.990777049722,13.832362316401));
#7318 = CARTESIAN_POINT('',(3.017104739244,13.815226231734));
#7319 = CARTESIAN_POINT('',(3.043136358019,13.797579531632));
#7320 = CARTESIAN_POINT('',(3.068882086867,13.779511617531));
#7321 = CARTESIAN_POINT('',(3.094351558803,13.76110814438));
#7322 = CARTESIAN_POINT('',(3.153195053656,13.717546263801));
#7323 = CARTESIAN_POINT('',(3.186367171752,13.692184300768));
#7324 = CARTESIAN_POINT('',(3.219108403272,13.666546521565));
#7325 = CARTESIAN_POINT('',(3.251453800364,13.640801324814));
#7326 = CARTESIAN_POINT('',(3.283437087568,13.615104340398));
#7327 = CARTESIAN_POINT('',(3.31509216958,13.589599032842));
#7328 = CARTESIAN_POINT('',(3.384001557311,13.534269924532));
#7329 = CARTESIAN_POINT('',(3.421133206233,13.504583040374));
#7330 = CARTESIAN_POINT('',(3.457900843672,13.475590913333));
#7331 = CARTESIAN_POINT('',(3.494351543741,13.447510889413));
#7332 = CARTESIAN_POINT('',(3.530530423582,13.420544155556));
#7333 = CARTESIAN_POINT('',(3.566482870167,13.394876495678));
#7334 = CARTESIAN_POINT('',(3.670103267516,13.324787702102));
#7335 = CARTESIAN_POINT('',(3.737413049576,13.284113371008));
#7336 = CARTESIAN_POINT('',(3.804283912769,13.250005000466));
#7337 = CARTESIAN_POINT('',(3.870834925113,13.223558954901));
#7338 = CARTESIAN_POINT('',(3.937196184423,13.205550291769));
#7339 = CARTESIAN_POINT('',(4.003507009251,13.196396858771));
#7340 = CARTESIAN_POINT('',(4.104774807707,13.196029931068));
#7341 = CARTESIAN_POINT('',(4.139621227172,13.198358038352));
#7342 = CARTESIAN_POINT('',(4.174476115231,13.203140793384));
#7343 = CARTESIAN_POINT('',(4.209352623514,13.210346787455));
#7344 = CARTESIAN_POINT('',(4.24426293899,13.219914045836));
#7345 = CARTESIAN_POINT('',(4.279218465008,13.231751129375));
#7346 = CARTESIAN_POINT('',(4.345983189886,13.258423632282));
#7347 = CARTESIAN_POINT('',(4.377780738956,13.272876888553));
#7348 = CARTESIAN_POINT('',(4.409644089931,13.289014158234));
#7349 = CARTESIAN_POINT('',(4.441593521707,13.30673706656));
#7350 = CARTESIAN_POINT('',(4.47364863836,13.325933643115));
#7351 = CARTESIAN_POINT('',(4.50582885579,13.346479254275));
#7352 = CARTESIAN_POINT('',(4.603782426118,13.412412717427));
#7353 = CARTESIAN_POINT('',(4.669948694243,13.461547031563));
#7354 = CARTESIAN_POINT('',(4.736976722895,13.514590754096));
#7355 = CARTESIAN_POINT('',(4.805187884189,13.570376359805));
#7356 = CARTESIAN_POINT('',(4.874900335805,13.627546537814));
#7357 = CARTESIAN_POINT('',(4.946444877555,13.684489041286));
#7358 = CARTESIAN_POINT('',(5.045752219876,13.7582627344));
#7359 = CARTESIAN_POINT('',(5.07158070102,13.776994856153));
#7360 = CARTESIAN_POINT('',(5.097692681385,13.795389960184));
#7361 = CARTESIAN_POINT('',(5.124098410623,13.813358841396));
#7362 = CARTESIAN_POINT('',(5.150808701206,13.830808263609));
#7363 = CARTESIAN_POINT('',(5.177835258652,13.84764135728));
#7364 = CARTESIAN_POINT('',(5.262886251065,13.897749205385));
#7365 = CARTESIAN_POINT('',(5.322486225642,13.928813123771));
#7366 = CARTESIAN_POINT('',(5.383570158907,13.955579459833));
#7367 = CARTESIAN_POINT('',(5.445816060294,13.976833539336));
#7368 = CARTESIAN_POINT('',(5.508964349999,13.991641163546));
#7369 = CARTESIAN_POINT('',(5.572789287967,13.999422546594));
#7370 = CARTESIAN_POINT('',(5.73733615974,14.000837449265));
#7371 = CARTESIAN_POINT('',(5.835307038185,13.984090149138));
#7372 = CARTESIAN_POINT('',(5.930946267382,13.951133427393));
#7373 = CARTESIAN_POINT('',(6.024054173745,13.904772821121));
#7374 = CARTESIAN_POINT('',(6.114270854216,13.848871897132));
#7375 = CARTESIAN_POINT('',(6.200993708578,13.787887929578));
#7376 = CARTESIAN_POINT('',(6.28318530718,13.725992428389));
#7377 = ( GEOMETRIC_REPRESENTATION_CONTEXT(2) 
PARAMETRIC_REPRESENTATION_CONTEXT() REPRESENTATION_CONTEXT('2D SPACE',''
  ) );
#7378 = ORIENTED_EDGE('',*,*,#2304,.T.);
#7379 = ADVANCED_FACE('',(#7380),#1642,.F.);
#7380 = FACE_BOUND('',#7381,.F.);
#7381 = EDGE_LOOP('',(#7382,#7383,#7406,#7428,#7429,#7430,#7431,#7539,
    #7540,#7562,#7563,#7564));
#7382 = ORIENTED_EDGE('',*,*,#2597,.F.);
#7383 = ORIENTED_EDGE('',*,*,#7384,.F.);
#7384 = EDGE_CURVE('',#7385,#2598,#7387,.T.);
#7385 = VERTEX_POINT('',#7386);
#7386 = CARTESIAN_POINT('',(-23.93683505624,-2.121148811916,
    -19.11986450171));
#7387 = SEAM_CURVE('',#7388,(#7392,#7399),.PCURVE_S1.);
#7388 = LINE('',#7389,#7390);
#7389 = CARTESIAN_POINT('',(-23.93683505624,-2.121148811916,
    -19.11986450171));
#7390 = VECTOR('',#7391,1.);
#7391 = DIRECTION('',(0.248375350268,0.968663866044,0.));
#7392 = PCURVE('',#1642,#7393);
#7393 = DEFINITIONAL_REPRESENTATION('',(#7394),#7398);
#7394 = LINE('',#7395,#7396);
#7395 = CARTESIAN_POINT('',(6.28318530718,-0.));
#7396 = VECTOR('',#7397,1.);
#7397 = DIRECTION('',(0.,1.));
#7398 = ( GEOMETRIC_REPRESENTATION_CONTEXT(2) 
PARAMETRIC_REPRESENTATION_CONTEXT() REPRESENTATION_CONTEXT('2D SPACE',''
  ) );
#7399 = PCURVE('',#1642,#7400);
#7400 = DEFINITIONAL_REPRESENTATION('',(#7401),#7405);
#7401 = LINE('',#7402,#7403);
#7402 = CARTESIAN_POINT('',(0.,-0.));
#7403 = VECTOR('',#7404,1.);
#7404 = DIRECTION('',(0.,1.));
#7405 = ( GEOMETRIC_REPRESENTATION_CONTEXT(2) 
PARAMETRIC_REPRESENTATION_CONTEXT() REPRESENTATION_CONTEXT('2D SPACE',''
  ) );
#7406 = ORIENTED_EDGE('',*,*,#7407,.T.);
#7407 = EDGE_CURVE('',#7385,#1659,#7408,.T.);
#7408 = SURFACE_CURVE('',#7409,(#7414,#7421),.PCURVE_S1.);
#7409 = CIRCLE('',#7410,3.);
#7410 = AXIS2_PLACEMENT_3D('',#7411,#7412,#7413);
#7411 = CARTESIAN_POINT('',(-26.84282665437,-1.376022761113,
    -19.11986450171));
#7412 = DIRECTION('',(0.248375350268,0.968663866044,0.));
#7413 = DIRECTION('',(0.968663866044,-0.248375350268,0.));
#7414 = PCURVE('',#1642,#7415);
#7415 = DEFINITIONAL_REPRESENTATION('',(#7416),#7420);
#7416 = LINE('',#7417,#7418);
#7417 = CARTESIAN_POINT('',(0.,0.));
#7418 = VECTOR('',#7419,1.);
#7419 = DIRECTION('',(1.,0.));
#7420 = ( GEOMETRIC_REPRESENTATION_CONTEXT(2) 
PARAMETRIC_REPRESENTATION_CONTEXT() REPRESENTATION_CONTEXT('2D SPACE',''
  ) );
#7421 = PCURVE('',#1678,#7422);
#7422 = DEFINITIONAL_REPRESENTATION('',(#7423),#7427);
#7423 = CIRCLE('',#7424,3.);
#7424 = AXIS2_PLACEMENT_2D('',#7425,#7426);
#7425 = CARTESIAN_POINT('',(0.,0.));
#7426 = DIRECTION('',(1.,0.));
#7427 = ( GEOMETRIC_REPRESENTATION_CONTEXT(2) 
PARAMETRIC_REPRESENTATION_CONTEXT() REPRESENTATION_CONTEXT('2D SPACE',''
  ) );
#7428 = ORIENTED_EDGE('',*,*,#1690,.T.);
#7429 = ORIENTED_EDGE('',*,*,#1773,.F.);
#7430 = ORIENTED_EDGE('',*,*,#6326,.T.);
#7431 = ORIENTED_EDGE('',*,*,#7432,.F.);
#7432 = EDGE_CURVE('',#1591,#6327,#7433,.T.);
#7433 = SURFACE_CURVE('',#7434,(#7467,#7503),.PCURVE_S1.);
#7434 = B_SPLINE_CURVE_WITH_KNOTS('',7,(#7435,#7436,#7437,#7438,#7439,
    #7440,#7441,#7442,#7443,#7444,#7445,#7446,#7447,#7448,#7449,#7450,
    #7451,#7452,#7453,#7454,#7455,#7456,#7457,#7458,#7459,#7460,#7461,
    #7462,#7463,#7464,#7465,#7466),.UNSPECIFIED.,.F.,.F.,(8,6,6,6,6,8),(
    0.,0.28968614193,0.589421634757,0.78345466497,0.921613021745,1.),
  .UNSPECIFIED.);
#7435 = CARTESIAN_POINT('',(-24.49961830453,0.,-16.82143610248));
#7436 = CARTESIAN_POINT('',(-24.4664880325,0.526745432369,
    -16.73861042241));
#7437 = CARTESIAN_POINT('',(-24.41988705626,1.05458794046,
    -16.67493233555));
#7438 = CARTESIAN_POINT('',(-24.35825003027,1.581556025211,
    -16.62688380684));
#7439 = CARTESIAN_POINT('',(-24.28072189163,2.106430701426,
    -16.59193676385));
#7440 = CARTESIAN_POINT('',(-24.18678639944,2.628402219489,-16.568369065
    ));
#7441 = CARTESIAN_POINT('',(-24.07620538284,3.146890005385,
    -16.55526064565));
#7442 = CARTESIAN_POINT('',(-23.81734217922,4.193838713823,
    -16.54964792748));
#7443 = CARTESIAN_POINT('',(-23.66811263828,4.721101514277,
    -16.55787896021));
#7444 = CARTESIAN_POINT('',(-23.50125152982,5.243380841121,
    -16.57700620567));
#7445 = CARTESIAN_POINT('',(-23.31692315666,5.760718009317,-16.607849014
    ));
#7446 = CARTESIAN_POINT('',(-23.11558268779,6.272843221984,
    -16.65222756289));
#7447 = CARTESIAN_POINT('',(-22.89822277541,6.778894973715,
    -16.71304065398));
#7448 = CARTESIAN_POINT('',(-22.51754829601,7.599717583685,
    -16.84745047752));
#7449 = CARTESIAN_POINT('',(-22.36262760959,7.918102785796,
    -16.90882747017));
#7450 = CARTESIAN_POINT('',(-22.20231394331,8.23348632209,
    -16.98011743207));
#7451 = CARTESIAN_POINT('',(-22.0369307412,8.546090738259,
    -17.06303740133));
#7452 = CARTESIAN_POINT('',(-21.86739191574,8.855281680452,
    -17.15968852944));
#7453 = CARTESIAN_POINT('',(-21.69551965799,9.159589395628,
    -17.27254078602));
#7454 = CARTESIAN_POINT('',(-21.40268777821,9.668192755751,
    -17.49825614593));
#7455 = CARTESIAN_POINT('',(-21.28119184776,9.876276160805,
    -17.60185637101));
#7456 = CARTESIAN_POINT('',(-21.16073081743,10.080752958501,
    -17.71653722434));
#7457 = CARTESIAN_POINT('',(-21.04262979235,10.280780206321,
    -17.84376472592));
#7458 = CARTESIAN_POINT('',(-20.92891527873,10.474921724574,
    -17.98510124027));
#7459 = CARTESIAN_POINT('',(-20.82253286641,10.661095299752,
    -18.14207568766));
#7460 = CARTESIAN_POINT('',(-20.67383853106,10.935830310928,
    -18.41458273982));
#7461 = CARTESIAN_POINT('',(-20.62357312534,11.032045705049,
    -18.51893151086));
#7462 = CARTESIAN_POINT('',(-20.57787862057,11.124068414315,
    -18.62888045166));
#7463 = CARTESIAN_POINT('',(-20.53778079674,11.211005196263,
    -18.74425825938));
#7464 = CARTESIAN_POINT('',(-20.50431764272,11.292006255252,
    -18.86480769326));
#7465 = CARTESIAN_POINT('',(-20.47852993191,11.366241172969,
    -18.99016885599));
#7466 = CARTESIAN_POINT('',(-20.4614453168,11.432871171896,
    -19.11986450171));
#7467 = PCURVE('',#1642,#7468);
#7468 = DEFINITIONAL_REPRESENTATION('',(#7469),#7502);
#7469 = B_SPLINE_CURVE_WITH_KNOTS('',7,(#7470,#7471,#7472,#7473,#7474,
    #7475,#7476,#7477,#7478,#7479,#7480,#7481,#7482,#7483,#7484,#7485,
    #7486,#7487,#7488,#7489,#7490,#7491,#7492,#7493,#7494,#7495,#7496,
    #7497,#7498,#7499,#7500,#7501),.UNSPECIFIED.,.F.,.F.,(8,6,6,6,6,8),(
    0.,0.28968614193,0.589421634757,0.78345466497,0.921613021745,1.),
  .UNSPECIFIED.);
#7470 = CARTESIAN_POINT('',(5.410367651484,1.914898722185));
#7471 = CARTESIAN_POINT('',(5.36740852171,2.433366732045));
#7472 = CARTESIAN_POINT('',(5.331813944047,2.956243230393));
#7473 = CARTESIAN_POINT('',(5.303213738237,3.482007290569));
#7474 = CARTESIAN_POINT('',(5.281422672723,4.00969050221));
#7475 = CARTESIAN_POINT('',(5.266331817257,4.538636711636));
#7476 = CARTESIAN_POINT('',(5.257891628849,5.068342693552));
#7477 = CARTESIAN_POINT('',(5.254275146542,6.146779315886));
#7478 = CARTESIAN_POINT('',(5.259572224457,6.694584678098));
#7479 = CARTESIAN_POINT('',(5.271974543067,7.241941976248));
#7480 = CARTESIAN_POINT('',(5.291570975791,7.788850421897));
#7481 = CARTESIAN_POINT('',(5.318572523326,8.334935619771));
#7482 = CARTESIAN_POINT('',(5.353305052499,8.879116510394));
#7483 = CARTESIAN_POINT('',(5.424211308963,9.768767870262));
#7484 = CARTESIAN_POINT('',(5.455479329914,10.115654590783));
#7485 = CARTESIAN_POINT('',(5.490410587647,10.460973189352));
#7486 = CARTESIAN_POINT('',(5.529351877801,10.804858902413));
#7487 = CARTESIAN_POINT('',(5.57269591244,11.146470260982));
#7488 = CARTESIAN_POINT('',(5.62088395654,11.483930981051));
#7489 = CARTESIAN_POINT('',(5.71259637299,12.049328898859));
#7490 = CARTESIAN_POINT('',(5.753508358721,12.281068368741));
#7491 = CARTESIAN_POINT('',(5.797519220742,12.509057204716));
#7492 = CARTESIAN_POINT('',(5.844979144791,12.732149755375));
#7493 = CARTESIAN_POINT('',(5.896254164596,12.948451511154));
#7494 = CARTESIAN_POINT('',(5.95174004786,13.155213895166));
#7495 = CARTESIAN_POINT('',(6.046024100435,13.458271780854));
#7496 = CARTESIAN_POINT('',(6.081749471891,13.563956844247));
#7497 = CARTESIAN_POINT('',(6.119035782564,13.664445306198));
#7498 = CARTESIAN_POINT('',(6.157851232291,13.75861713654));
#7499 = CARTESIAN_POINT('',(6.198166378551,13.845391358095));
#7500 = CARTESIAN_POINT('',(6.239953425271,13.92370507219));
#7501 = CARTESIAN_POINT('',(6.28318530718,13.992490541807));
#7502 = ( GEOMETRIC_REPRESENTATION_CONTEXT(2) 
PARAMETRIC_REPRESENTATION_CONTEXT() REPRESENTATION_CONTEXT('2D SPACE',''
  ) );
#7503 = PCURVE('',#1606,#7504);
#7504 = DEFINITIONAL_REPRESENTATION('',(#7505),#7538);
#7505 = B_SPLINE_CURVE_WITH_KNOTS('',7,(#7506,#7507,#7508,#7509,#7510,
    #7511,#7512,#7513,#7514,#7515,#7516,#7517,#7518,#7519,#7520,#7521,
    #7522,#7523,#7524,#7525,#7526,#7527,#7528,#7529,#7530,#7531,#7532,
    #7533,#7534,#7535,#7536,#7537),.UNSPECIFIED.,.F.,.F.,(8,6,6,6,6,8),(
    0.,0.28968614193,0.589421634757,0.78345466497,0.921613021745,1.),
  .UNSPECIFIED.);
#7506 = CARTESIAN_POINT('',(0.,24.717241140917));
#7507 = CARTESIAN_POINT('',(3.192396559813E-02,24.628035153424));
#7508 = CARTESIAN_POINT('',(6.391441849345E-02,24.551604365963));
#7509 = CARTESIAN_POINT('',(9.590503104444E-02,24.484101010262));
#7510 = CARTESIAN_POINT('',(0.127875996369,24.422860267584));
#7511 = CARTESIAN_POINT('',(0.15983058726,24.366091442567));
#7512 = CARTESIAN_POINT('',(0.1917859904,24.312851822192));
#7513 = CARTESIAN_POINT('',(0.25685983566,24.211501163922));
#7514 = CARTESIAN_POINT('',(0.289922987141,24.163721025816));
#7515 = CARTESIAN_POINT('',(0.323025380391,24.119509567461));
#7516 = CARTESIAN_POINT('',(0.35623036106,24.079688556895));
#7517 = CARTESIAN_POINT('',(0.389586118016,24.046117032208));
#7518 = CARTESIAN_POINT('',(0.423109995807,24.021855124912));
#7519 = CARTESIAN_POINT('',(0.478538995902,24.005272560715));
#7520 = CARTESIAN_POINT('',(0.500311071434,24.004723569242));
#7521 = CARTESIAN_POINT('',(0.522169063208,24.011375636205));
#7522 = CARTESIAN_POINT('',(0.544150754175,24.026943115587));
#7523 = CARTESIAN_POINT('',(0.566238516238,24.053716296127));
#7524 = CARTESIAN_POINT('',(0.588350644067,24.094665231827));
#7525 = CARTESIAN_POINT('',(0.625966036692,24.195481652392));
#7526 = CARTESIAN_POINT('',(0.641555213168,24.246549590763));
#7527 = CARTESIAN_POINT('',(0.657081084781,24.308289986437));
#7528 = CARTESIAN_POINT('',(0.67248403043,24.382556136514));
#7529 = CARTESIAN_POINT('',(0.687653295513,24.471551285537));
#7530 = CARTESIAN_POINT('',(0.70241404856,24.577788964931));
#7531 = CARTESIAN_POINT('',(0.724493914509,24.775581721192));
#7532 = CARTESIAN_POINT('',(0.732291449602,24.853799019801));
#7533 = CARTESIAN_POINT('',(0.739812057332,24.938913535484));
#7534 = CARTESIAN_POINT('',(0.746975129241,25.031147182685));
#7535 = CARTESIAN_POINT('',(0.753699930838,25.130646618739));
#7536 = CARTESIAN_POINT('',(0.75990454905,25.237464220915));
#7537 = CARTESIAN_POINT('',(0.765505103759,25.35153853812));
#7538 = ( GEOMETRIC_REPRESENTATION_CONTEXT(2) 
PARAMETRIC_REPRESENTATION_CONTEXT() REPRESENTATION_CONTEXT('2D SPACE',''
  ) );
#7539 = ORIENTED_EDGE('',*,*,#1618,.T.);
#7540 = ORIENTED_EDGE('',*,*,#7541,.T.);
#7541 = EDGE_CURVE('',#1619,#7385,#7542,.T.);
#7542 = SURFACE_CURVE('',#7543,(#7548,#7555),.PCURVE_S1.);
#7543 = CIRCLE('',#7544,3.);
#7544 = AXIS2_PLACEMENT_3D('',#7545,#7546,#7547);
#7545 = CARTESIAN_POINT('',(-26.84282665437,-1.376022761113,
    -19.11986450171));
#7546 = DIRECTION('',(0.248375350268,0.968663866044,0.));
#7547 = DIRECTION('',(0.968663866044,-0.248375350268,0.));
#7548 = PCURVE('',#1642,#7549);
#7549 = DEFINITIONAL_REPRESENTATION('',(#7550),#7554);
#7550 = LINE('',#7551,#7552);
#7551 = CARTESIAN_POINT('',(0.,0.));
#7552 = VECTOR('',#7553,1.);
#7553 = DIRECTION('',(1.,0.));
#7554 = ( GEOMETRIC_REPRESENTATION_CONTEXT(2) 
PARAMETRIC_REPRESENTATION_CONTEXT() REPRESENTATION_CONTEXT('2D SPACE',''
  ) );
#7555 = PCURVE('',#1678,#7556);
#7556 = DEFINITIONAL_REPRESENTATION('',(#7557),#7561);
#7557 = CIRCLE('',#7558,3.);
#7558 = AXIS2_PLACEMENT_2D('',#7559,#7560);
#7559 = CARTESIAN_POINT('',(0.,0.));
#7560 = DIRECTION('',(1.,0.));
#7561 = ( GEOMETRIC_REPRESENTATION_CONTEXT(2) 
PARAMETRIC_REPRESENTATION_CONTEXT() REPRESENTATION_CONTEXT('2D SPACE',''
  ) );
#7562 = ORIENTED_EDGE('',*,*,#7384,.T.);
#7563 = ORIENTED_EDGE('',*,*,#2797,.F.);
#7564 = ORIENTED_EDGE('',*,*,#7001,.F.);
#7565 = ADVANCED_FACE('',(#7566),#2292,.T.);
#7566 = FACE_BOUND('',#7567,.T.);
#7567 = EDGE_LOOP('',(#7568,#7569));
#7568 = ORIENTED_EDGE('',*,*,#2271,.F.);
#7569 = ORIENTED_EDGE('',*,*,#6303,.T.);
#7570 = ADVANCED_FACE('',(#7571,#7574),#1760,.T.);
#7571 = FACE_BOUND('',#7572,.T.);
#7572 = EDGE_LOOP('',(#7573));
#7573 = ORIENTED_EDGE('',*,*,#1745,.T.);
#7574 = FACE_BOUND('',#7575,.T.);
#7575 = EDGE_LOOP('',(#7576));
#7576 = ORIENTED_EDGE('',*,*,#7577,.F.);
#7577 = EDGE_CURVE('',#7578,#7578,#7580,.T.);
#7578 = VERTEX_POINT('',#7579);
#7579 = CARTESIAN_POINT('',(-34.77145207365,0.,-52.867462779));
#7580 = SURFACE_CURVE('',#7581,(#7586,#7593),.PCURVE_S1.);
#7581 = CIRCLE('',#7582,12.65);
#7582 = AXIS2_PLACEMENT_3D('',#7583,#7584,#7585);
#7583 = CARTESIAN_POINT('',(-23.02622193395,0.,-57.56555483488));
#7584 = DIRECTION('',(-0.371390676354,0.,-0.928476690885));
#7585 = DIRECTION('',(-0.928476690885,0.,0.371390676354));
#7586 = PCURVE('',#1760,#7587);
#7587 = DEFINITIONAL_REPRESENTATION('',(#7588),#7592);
#7588 = CIRCLE('',#7589,12.65);
#7589 = AXIS2_PLACEMENT_2D('',#7590,#7591);
#7590 = CARTESIAN_POINT('',(-4.156250918596E-14,0.));
#7591 = DIRECTION('',(1.,0.));
#7592 = ( GEOMETRIC_REPRESENTATION_CONTEXT(2) 
PARAMETRIC_REPRESENTATION_CONTEXT() REPRESENTATION_CONTEXT('2D SPACE',''
  ) );
#7593 = PCURVE('',#7594,#7599);
#7594 = CYLINDRICAL_SURFACE('',#7595,12.65);
#7595 = AXIS2_PLACEMENT_3D('',#7596,#7597,#7598);
#7596 = CARTESIAN_POINT('',(-2.971125410833,0.,-7.427813527082));
#7597 = DIRECTION('',(-0.371390676354,0.,-0.928476690885));
#7598 = DIRECTION('',(-0.928476690885,0.,0.371390676354));
#7599 = DEFINITIONAL_REPRESENTATION('',(#7600),#7604);
#7600 = LINE('',#7601,#7602);
#7601 = CARTESIAN_POINT('',(0.,54.));
#7602 = VECTOR('',#7603,1.);
#7603 = DIRECTION('',(1.,0.));
#7604 = ( GEOMETRIC_REPRESENTATION_CONTEXT(2) 
PARAMETRIC_REPRESENTATION_CONTEXT() REPRESENTATION_CONTEXT('2D SPACE',''
  ) );
#7605 = ADVANCED_FACE('',(#7606),#1678,.T.);
#7606 = FACE_BOUND('',#7607,.T.);
#7607 = EDGE_LOOP('',(#7608,#7609,#7610));
#7608 = ORIENTED_EDGE('',*,*,#7541,.T.);
#7609 = ORIENTED_EDGE('',*,*,#7407,.T.);
#7610 = ORIENTED_EDGE('',*,*,#1658,.T.);
#7611 = ADVANCED_FACE('',(#7612),#1606,.T.);
#7612 = FACE_BOUND('',#7613,.T.);
#7613 = EDGE_LOOP('',(#7614,#7615,#7616,#7617));
#7614 = ORIENTED_EDGE('',*,*,#1590,.F.);
#7615 = ORIENTED_EDGE('',*,*,#3836,.F.);
#7616 = ORIENTED_EDGE('',*,*,#6706,.F.);
#7617 = ORIENTED_EDGE('',*,*,#7432,.F.);
#7618 = ADVANCED_FACE('',(#7619),#3440,.F.);
#7619 = FACE_BOUND('',#7620,.F.);
#7620 = EDGE_LOOP('',(#7621,#7821,#7842,#7843));
#7621 = ORIENTED_EDGE('',*,*,#7622,.F.);
#7622 = EDGE_CURVE('',#7623,#7623,#7625,.T.);
#7623 = VERTEX_POINT('',#7624);
#7624 = CARTESIAN_POINT('',(-17.08397111228,12.613091857546,
    -45.30992778072));
#7625 = SURFACE_CURVE('',#7626,(#7689,#7755),.PCURVE_S1.);
#7626 = B_SPLINE_CURVE_WITH_KNOTS('',7,(#7627,#7628,#7629,#7630,#7631,
    #7632,#7633,#7634,#7635,#7636,#7637,#7638,#7639,#7640,#7641,#7642,
    #7643,#7644,#7645,#7646,#7647,#7648,#7649,#7650,#7651,#7652,#7653,
    #7654,#7655,#7656,#7657,#7658,#7659,#7660,#7661,#7662,#7663,#7664,
    #7665,#7666,#7667,#7668,#7669,#7670,#7671,#7672,#7673,#7674,#7675,
    #7676,#7677,#7678,#7679,#7680,#7681,#7682,#7683,#7684,#7685,#7686,
    #7687,#7688),.UNSPECIFIED.,.T.,.F.,(8,6,6,6,6,6,6,6,6,6,8),(0.,
    4.755655326997E-02,0.113064235464,0.1974902265,0.328301855906,
    0.450316131916,0.562267733417,0.699927002425,0.832682308854,
    0.949353084591,1.),.UNSPECIFIED.);
#7627 = CARTESIAN_POINT('',(-17.08397111228,12.613091857546,
    -45.30992778072));
#7628 = CARTESIAN_POINT('',(-16.96016984303,12.604291934208,
    -45.30992778072));
#7629 = CARTESIAN_POINT('',(-16.83846617221,12.594607253171,
    -45.30305058046));
#7630 = CARTESIAN_POINT('',(-16.71923578659,12.584222707294,
    -45.28971489874));
#7631 = CARTESIAN_POINT('',(-16.60281082561,12.573321929756,
    -45.27034129868));
#7632 = CARTESIAN_POINT('',(-16.48948104083,12.562082274359,
    -45.2453526709));
#7633 = CARTESIAN_POINT('',(-16.37949495542,12.550669795828,
    -45.21517471666));
#7634 = CARTESIAN_POINT('',(-16.12645157224,12.523482091808,
    -45.13211002259));
#7635 = CARTESIAN_POINT('',(-15.98641601461,12.507668486765,
    -45.07489656284));
#7636 = CARTESIAN_POINT('',(-15.85316056828,12.492146572383,
    -45.00955828215));
#7637 = CARTESIAN_POINT('',(-15.72679889911,12.477211080039,
    -44.93692514866));
#7638 = CARTESIAN_POINT('',(-15.60738227605,12.463102292827,
    -44.85770934072));
#7639 = CARTESIAN_POINT('',(-15.4949273684,12.450012917992,
    -44.77251932291));
#7640 = CARTESIAN_POINT('',(-15.25349223574,12.422741775974,
    -44.56504965086));
#7641 = CARTESIAN_POINT('',(-15.12908556413,12.409332397187,
    -44.43913574622));
#7642 = CARTESIAN_POINT('',(-15.01626723552,12.398204969727,
    -44.30525008417));
#7643 = CARTESIAN_POINT('',(-14.91508575608,12.389591480835,
    -44.16431462942));
#7644 = CARTESIAN_POINT('',(-14.82562307994,12.383640545407,
    -44.01710364682));
#7645 = CARTESIAN_POINT('',(-14.74802633675,12.380429451141,
    -43.86428984335));
#7646 = CARTESIAN_POINT('',(-14.58107590759,12.379253925219,
    -43.4619862002));
#7647 = CARTESIAN_POINT('',(-14.50883770965,12.385142233122,
    -43.20587662775));
#7648 = CARTESIAN_POINT('',(-14.46650163308,12.397635444388,
    -42.94030904921));
#7649 = CARTESIAN_POINT('',(-14.45552516886,12.416371364513,
    -42.66730580614));
#7650 = CARTESIAN_POINT('',(-14.47811595882,12.440604832098,
    -42.38918733951));
#7651 = CARTESIAN_POINT('',(-14.53726003549,12.468996945583,
    -42.10909927359));
#7652 = CARTESIAN_POINT('',(-14.72948139063,12.52776500869,
    -41.57333779787));
#7653 = CARTESIAN_POINT('',(-14.85994176555,12.558680708745,
    -41.30997826304));
#7654 = CARTESIAN_POINT('',(-15.03227929044,12.58984461482,
    -41.05284698895));
#7655 = CARTESIAN_POINT('',(-15.24736150375,12.617841896163,
    -40.812813083));
#7656 = CARTESIAN_POINT('',(-15.50326565026,12.638865755425,
    -40.60026676299));
#7657 = CARTESIAN_POINT('',(-15.79575449271,12.65,-40.42492872884));
#7658 = CARTESIAN_POINT('',(-16.41435090626,12.65,-40.17749016342));
#7659 = CARTESIAN_POINT('',(-16.71982917703,12.640626612387,
    -40.10441527626));
#7660 = CARTESIAN_POINT('',(-17.02604301732,12.622731495511,
    -40.07571301916));
#7661 = CARTESIAN_POINT('',(-17.32478040233,12.598452009675,
    -40.08861880969));
#7662 = CARTESIAN_POINT('',(-17.60859785088,12.57075005257,
    -40.13848480382));
#7663 = CARTESIAN_POINT('',(-17.87124976825,12.54246276118,
    -40.21861719395));
#7664 = CARTESIAN_POINT('',(-18.39947526957,12.482769697366,
    -40.44499955166));
#7665 = CARTESIAN_POINT('',(-18.6607160702,12.451139968545,
    -40.60599753424));
#7666 = CARTESIAN_POINT('',(-18.89080325334,12.423641379589,
    -40.79522933147));
#7667 = CARTESIAN_POINT('',(-19.08972123605,12.402043670678,
    -41.00718440202));
#7668 = CARTESIAN_POINT('',(-19.25756160886,12.387309390802,
    -41.23788663881));
#7669 = CARTESIAN_POINT('',(-19.39403404905,12.37992326309,
    -41.48437087337));
#7670 = CARTESIAN_POINT('',(-19.5982829192,12.37992326309,
    -41.99499304873));
#7671 = CARTESIAN_POINT('',(-19.66805415302,12.386792585972,
    -42.25749171913));
#7672 = CARTESIAN_POINT('',(-19.70658978916,12.400500480499,
    -42.52957282034));
#7673 = CARTESIAN_POINT('',(-19.71227545859,12.420625664314,
    -42.80910405646));
#7674 = CARTESIAN_POINT('',(-19.68266605754,12.446329860557,
    -43.09358108675));
#7675 = CARTESIAN_POINT('',(-19.61446954727,12.476102839686,
    -43.37952782832));
#7676 = CARTESIAN_POINT('',(-19.40614750436,12.53515803046,
    -43.90925641259));
#7677 = CARTESIAN_POINT('',(-19.27315391606,12.564794937106,
    -44.16052016399));
#7678 = CARTESIAN_POINT('',(-19.1011494685,12.594233492705,
    -44.4049502747));
#7679 = CARTESIAN_POINT('',(-18.8896848123,12.620348828992,
    -44.63254048086));
#7680 = CARTESIAN_POINT('',(-18.64084149345,12.63977189941,
    -44.8338705563));
#7681 = CARTESIAN_POINT('',(-18.35878273715,12.65,-45.00028883048));
#7682 = CARTESIAN_POINT('',(-17.9153645963,12.65,-45.17765608682));
#7683 = CARTESIAN_POINT('',(-17.77797954161,12.648072674374,
    -45.22251033663));
#7684 = CARTESIAN_POINT('',(-17.63853248397,12.644234365602,
    -45.25817651099));
#7685 = CARTESIAN_POINT('',(-17.49819559797,12.638592379863,
    -45.28452553038));
#7686 = CARTESIAN_POINT('',(-17.35818022447,12.631340239586,
    -45.30166066674));
#7687 = CARTESIAN_POINT('',(-17.2197059665,12.62274003255,
    -45.30992778072));
#7688 = CARTESIAN_POINT('',(-17.08397111228,12.613091857546,
    -45.30992778072));
#7689 = PCURVE('',#3440,#7690);
#7690 = DEFINITIONAL_REPRESENTATION('',(#7691),#7754);
#7691 = B_SPLINE_CURVE_WITH_KNOTS('',7,(#7692,#7693,#7694,#7695,#7696,
    #7697,#7698,#7699,#7700,#7701,#7702,#7703,#7704,#7705,#7706,#7707,
    #7708,#7709,#7710,#7711,#7712,#7713,#7714,#7715,#7716,#7717,#7718,
    #7719,#7720,#7721,#7722,#7723,#7724,#7725,#7726,#7727,#7728,#7729,
    #7730,#7731,#7732,#7733,#7734,#7735,#7736,#7737,#7738,#7739,#7740,
    #7741,#7742,#7743,#7744,#7745,#7746,#7747,#7748,#7749,#7750,#7751,
    #7752,#7753),.UNSPECIFIED.,.F.,.F.,(8,6,6,6,6,6,6,6,6,6,8),(0.,
    4.755655326997E-02,0.113064235464,0.1974902265,0.328301855906,
    0.450316131916,0.562267733417,0.699927002425,0.832682308854,
    0.949353084591,1.),.UNSPECIFIED.);
#7692 = CARTESIAN_POINT('',(0.,5.886908142454));
#7693 = CARTESIAN_POINT('',(4.761587278936E-02,5.895708065792));
#7694 = CARTESIAN_POINT('',(9.442507336034E-02,5.905392746829));
#7695 = CARTESIAN_POINT('',(0.140459050358,5.915777292706));
#7696 = CARTESIAN_POINT('',(0.185740044053,5.926678070244));
#7697 = CARTESIAN_POINT('',(0.230282544682,5.937917725641));
#7698 = CARTESIAN_POINT('',(0.274094750781,5.949330204172));
#7699 = CARTESIAN_POINT('',(0.376528664511,5.976517908192));
#7700 = CARTESIAN_POINT('',(0.434565094607,5.992331513235));
#7701 = CARTESIAN_POINT('',(0.491439755371,6.007853427617));
#7702 = CARTESIAN_POINT('',(0.547285601154,6.022788919961));
#7703 = CARTESIAN_POINT('',(0.602227297061,6.036897707173));
#7704 = CARTESIAN_POINT('',(0.656385911771,6.049987082008));
#7705 = CARTESIAN_POINT('',(0.778820889142,6.077258224026));
#7706 = CARTESIAN_POINT('',(0.846674244642,6.090667602813));
#7707 = CARTESIAN_POINT('',(0.913680216844,6.101795030273));
#7708 = CARTESIAN_POINT('',(0.980054131335,6.110408519165));
#7709 = CARTESIAN_POINT('',(1.04600123518,6.116359454593));
#7710 = CARTESIAN_POINT('',(1.111726416054,6.119570548859));
#7711 = CARTESIAN_POINT('',(1.279253092853,6.120746074781));
#7712 = CARTESIAN_POINT('',(1.380882910558,6.114857766878));
#7713 = CARTESIAN_POINT('',(1.483189514187,6.102364555612));
#7714 = CARTESIAN_POINT('',(1.58693129473,6.083628635487));
#7715 = CARTESIAN_POINT('',(1.692922699772,6.059395167902));
#7716 = CARTESIAN_POINT('',(1.802002363254,6.031003054417));
#7717 = CARTESIAN_POINT('',(2.020925699732,5.97223499131));
#7718 = CARTESIAN_POINT('',(2.133212151145,5.941319291255));
#7719 = CARTESIAN_POINT('',(2.250609118995,5.91015538518));
#7720 = CARTESIAN_POINT('',(2.37231202441,5.882158103837));
#7721 = CARTESIAN_POINT('',(2.497955650483,5.861134244575));
#7722 = CARTESIAN_POINT('',(2.627450983886,5.85));
#7723 = CARTESIAN_POINT('',(2.883700494353,5.85));
#7724 = CARTESIAN_POINT('',(3.003226830482,5.859373387613));
#7725 = CARTESIAN_POINT('',(3.119689090232,5.877268504489));
#7726 = CARTESIAN_POINT('',(3.232876148686,5.901547990325));
#7727 = CARTESIAN_POINT('',(3.342356288428,5.92924994743));
#7728 = CARTESIAN_POINT('',(3.447349034101,5.95753723882));
#7729 = CARTESIAN_POINT('',(3.668384504802,6.017230302634));
#7730 = CARTESIAN_POINT('',(3.785130308128,6.048860031455));
#7731 = CARTESIAN_POINT('',(3.898096915672,6.076358620411));
#7732 = CARTESIAN_POINT('',(4.008287959368,6.097956329322));
#7733 = CARTESIAN_POINT('',(4.116688878193,6.112690609198));
#7734 = CARTESIAN_POINT('',(4.224203685841,6.12007673691));
#7735 = CARTESIAN_POINT('',(4.435725575725,6.12007673691));
#7736 = CARTESIAN_POINT('',(4.539431570093,6.113207414028));
#7737 = CARTESIAN_POINT('',(4.643928202735,6.099499519501));
#7738 = CARTESIAN_POINT('',(4.750025645658,6.079374335686));
#7739 = CARTESIAN_POINT('',(4.858599839488,6.053670139443));
#7740 = CARTESIAN_POINT('',(4.970548930834,6.023897160314));
#7741 = CARTESIAN_POINT('',(5.189479375114,5.96484196954));
#7742 = CARTESIAN_POINT('',(5.298135087858,5.935205062894));
#7743 = CARTESIAN_POINT('',(5.411589551242,5.905766507295));
#7744 = CARTESIAN_POINT('',(5.529045694756,5.879651171008));
#7745 = CARTESIAN_POINT('',(5.650100061687,5.86022810059));
#7746 = CARTESIAN_POINT('',(5.774596568686,5.85));
#7747 = CARTESIAN_POINT('',(5.958279627682,5.85));
#7748 = CARTESIAN_POINT('',(6.013747797567,5.851927325626));
#7749 = CARTESIAN_POINT('',(6.068920676348,5.855765634398));
#7750 = CARTESIAN_POINT('',(6.12363577975,5.861407620137));
#7751 = CARTESIAN_POINT('',(6.177720274058,5.868659760414));
#7752 = CARTESIAN_POINT('',(6.230979594018,5.87725996745));
#7753 = CARTESIAN_POINT('',(6.28318530718,5.886908142454));
#7754 = ( GEOMETRIC_REPRESENTATION_CONTEXT(2) 
PARAMETRIC_REPRESENTATION_CONTEXT() REPRESENTATION_CONTEXT('2D SPACE',''
  ) );
#7755 = PCURVE('',#7594,#7756);
#7756 = DEFINITIONAL_REPRESENTATION('',(#7757),#7820);
#7757 = B_SPLINE_CURVE_WITH_KNOTS('',7,(#7758,#7759,#7760,#7761,#7762,
    #7763,#7764,#7765,#7766,#7767,#7768,#7769,#7770,#7771,#7772,#7773,
    #7774,#7775,#7776,#7777,#7778,#7779,#7780,#7781,#7782,#7783,#7784,
    #7785,#7786,#7787,#7788,#7789,#7790,#7791,#7792,#7793,#7794,#7795,
    #7796,#7797,#7798,#7799,#7800,#7801,#7802,#7803,#7804,#7805,#7806,
    #7807,#7808,#7809,#7810,#7811,#7812,#7813,#7814,#7815,#7816,#7817,
    #7818,#7819),.UNSPECIFIED.,.T.,.F.,(8,6,6,6,6,6,6,6,6,6,8),(0.,
    4.755655326997E-02,0.113064235464,0.1974902265,0.328301855906,
    0.450316131916,0.562267733417,0.699927002425,0.832682308854,
    0.949353084591,1.),.UNSPECIFIED.);
#7758 = CARTESIAN_POINT('',(1.647203912738,40.414039396302));
#7759 = CARTESIAN_POINT('',(1.656317189173,40.368060759181));
#7760 = CARTESIAN_POINT('',(1.665080974782,40.316475830422));
#7761 = CARTESIAN_POINT('',(1.673480163082,40.259812907231));
#7762 = CARTESIAN_POINT('',(1.681502446392,40.198585826154));
#7763 = CARTESIAN_POINT('',(1.689138346172,40.133294842299));
#7764 = CARTESIAN_POINT('',(1.696381243367,40.064427508561));
#7765 = CARTESIAN_POINT('',(1.712657789957,39.893325923057));
#7766 = CARTESIAN_POINT('',(1.721346081016,39.788196658811));
#7767 = CARTESIAN_POINT('',(1.729302964671,39.678041757824));
#7768 = CARTESIAN_POINT('',(1.736541647817,39.563674040615));
#7769 = CARTESIAN_POINT('',(1.743076469768,39.445773788992));
#7770 = CARTESIAN_POINT('',(1.748921507561,39.324912138942));
#7771 = CARTESIAN_POINT('',(1.760749247859,39.042614627165));
#7772 = CARTESIAN_POINT('',(1.766285848468,38.879503023737));
#7773 = CARTESIAN_POINT('',(1.770723618442,38.713293631915));
#7774 = CARTESIAN_POINT('',(1.774082095748,38.544860489174));
#7775 = CARTESIAN_POINT('',(1.77637523012,38.374952919391));
#7776 = CARTESIAN_POINT('',(1.777610537422,38.204250157887));
#7777 = CARTESIAN_POINT('',(1.778062700119,37.76871676976));
#7778 = CARTESIAN_POINT('',(1.775797349971,37.504096408235));
#7779 = CARTESIAN_POINT('',(1.771005043205,37.24179987759));
#7780 = CARTESIAN_POINT('',(1.76364513824,36.984246173396));
#7781 = CARTESIAN_POINT('',(1.75363777545,36.734409668588));
#7782 = CARTESIAN_POINT('',(1.740877944568,36.496319986622));
#7783 = CARTESIAN_POINT('',(1.710680514203,36.070267163636));
#7784 = CARTESIAN_POINT('',(1.693203189021,35.874195741106));
#7785 = CARTESIAN_POINT('',(1.672861244193,35.699459896545));
#7786 = CARTESIAN_POINT('',(1.649935057605,35.556473538524));
#7787 = CARTESIAN_POINT('',(1.624878549376,35.454169648719));
#7788 = CARTESIAN_POINT('',(1.598262869146,35.4));
#7789 = CARTESIAN_POINT('',(1.545594985571,35.4));
#7790 = CARTESIAN_POINT('',(1.521028261368,35.445603452178));
#7791 = CARTESIAN_POINT('',(1.497684281169,35.532679040741));
#7792 = CARTESIAN_POINT('',(1.47606379425,35.655610045893));
#7793 = CARTESIAN_POINT('',(1.456578579516,35.807316613286));
#7794 = CARTESIAN_POINT('',(1.439507955372,35.979264142951));
#7795 = CARTESIAN_POINT('',(1.407039209054,36.385632911512));
#7796 = CARTESIAN_POINT('',(1.392381558503,36.632138183254));
#7797 = CARTESIAN_POINT('',(1.380844428863,36.89328773073));
#7798 = CARTESIAN_POINT('',(1.372295136103,37.163959357386));
#7799 = CARTESIAN_POINT('',(1.366628261755,37.440495356356));
#7800 = CARTESIAN_POINT('',(1.363787413092,37.720034814678));
#7801 = CARTESIAN_POINT('',(1.363787413092,38.269991728378));
#7802 = CARTESIAN_POINT('',(1.366429477854,38.539628010954));
#7803 = CARTESIAN_POINT('',(1.371701654713,38.806560747429));
#7804 = CARTESIAN_POINT('',(1.379651730594,39.06821058916));
#7805 = CARTESIAN_POINT('',(1.390369958157,39.321344225387));
#7806 = CARTESIAN_POINT('',(1.403971813909,39.561511561693));
#7807 = CARTESIAN_POINT('',(1.435165684811,39.975983340274));
#7808 = CARTESIAN_POINT('',(1.45246149296,40.159883297997));
#7809 = CARTESIAN_POINT('',(1.472392839185,40.322950110226));
#7810 = CARTESIAN_POINT('',(1.494677897454,40.455726310038));
#7811 = CARTESIAN_POINT('',(1.518882837478,40.550238503757));
#7812 = CARTESIAN_POINT('',(1.544471098369,40.6));
#7813 = CARTESIAN_POINT('',(1.582224138162,40.6));
#7814 = CARTESIAN_POINT('',(1.593624714746,40.590622597052));
#7815 = CARTESIAN_POINT('',(1.604909314169,40.571948471543));
#7816 = CARTESIAN_POINT('',(1.615990521698,40.54429311087));
#7817 = CARTESIAN_POINT('',(1.626784284623,40.508202281311));
#7818 = CARTESIAN_POINT('',(1.637212179568,40.464450055615));
#7819 = CARTESIAN_POINT('',(1.647203912738,40.414039396302));
#7820 = ( GEOMETRIC_REPRESENTATION_CONTEXT(2) 
PARAMETRIC_REPRESENTATION_CONTEXT() REPRESENTATION_CONTEXT('2D SPACE',''
  ) );
#7821 = ORIENTED_EDGE('',*,*,#7822,.F.);
#7822 = EDGE_CURVE('',#3307,#7623,#7823,.T.);
#7823 = SEAM_CURVE('',#7824,(#7828,#7835),.PCURVE_S1.);
#7824 = LINE('',#7825,#7826);
#7825 = CARTESIAN_POINT('',(-17.08397111228,18.5,-45.30992778072));
#7826 = VECTOR('',#7827,1.);
#7827 = DIRECTION('',(0.,-1.,-0.));
#7828 = PCURVE('',#3440,#7829);
#7829 = DEFINITIONAL_REPRESENTATION('',(#7830),#7834);
#7830 = LINE('',#7831,#7832);
#7831 = CARTESIAN_POINT('',(6.28318530718,-0.));
#7832 = VECTOR('',#7833,1.);
#7833 = DIRECTION('',(0.,1.));
#7834 = ( GEOMETRIC_REPRESENTATION_CONTEXT(2) 
PARAMETRIC_REPRESENTATION_CONTEXT() REPRESENTATION_CONTEXT('2D SPACE',''
  ) );
#7835 = PCURVE('',#3440,#7836);
#7836 = DEFINITIONAL_REPRESENTATION('',(#7837),#7841);
#7837 = LINE('',#7838,#7839);
#7838 = CARTESIAN_POINT('',(0.,-0.));
#7839 = VECTOR('',#7840,1.);
#7840 = DIRECTION('',(0.,1.));
#7841 = ( GEOMETRIC_REPRESENTATION_CONTEXT(2) 
PARAMETRIC_REPRESENTATION_CONTEXT() REPRESENTATION_CONTEXT('2D SPACE',''
  ) );
#7842 = ORIENTED_EDGE('',*,*,#3306,.T.);
#7843 = ORIENTED_EDGE('',*,*,#7822,.T.);
#7844 = ADVANCED_FACE('',(#7845),#3647,.F.);
#7845 = FACE_BOUND('',#7846,.F.);
#7846 = EDGE_LOOP('',(#7847,#7848,#7871,#8069));
#7847 = ORIENTED_EDGE('',*,*,#3513,.F.);
#7848 = ORIENTED_EDGE('',*,*,#7849,.F.);
#7849 = EDGE_CURVE('',#7850,#3514,#7852,.T.);
#7850 = VERTEX_POINT('',#7851);
#7851 = CARTESIAN_POINT('',(-17.08397111228,-12.61309185754,
    -45.30992778072));
#7852 = SEAM_CURVE('',#7853,(#7857,#7864),.PCURVE_S1.);
#7853 = LINE('',#7854,#7855);
#7854 = CARTESIAN_POINT('',(-17.08397111228,18.5,-45.30992778072));
#7855 = VECTOR('',#7856,1.);
#7856 = DIRECTION('',(0.,-1.,-0.));
#7857 = PCURVE('',#3647,#7858);
#7858 = DEFINITIONAL_REPRESENTATION('',(#7859),#7863);
#7859 = LINE('',#7860,#7861);
#7860 = CARTESIAN_POINT('',(6.28318530718,-0.));
#7861 = VECTOR('',#7862,1.);
#7862 = DIRECTION('',(0.,1.));
#7863 = ( GEOMETRIC_REPRESENTATION_CONTEXT(2) 
PARAMETRIC_REPRESENTATION_CONTEXT() REPRESENTATION_CONTEXT('2D SPACE',''
  ) );
#7864 = PCURVE('',#3647,#7865);
#7865 = DEFINITIONAL_REPRESENTATION('',(#7866),#7870);
#7866 = LINE('',#7867,#7868);
#7867 = CARTESIAN_POINT('',(0.,-0.));
#7868 = VECTOR('',#7869,1.);
#7869 = DIRECTION('',(0.,1.));
#7870 = ( GEOMETRIC_REPRESENTATION_CONTEXT(2) 
PARAMETRIC_REPRESENTATION_CONTEXT() REPRESENTATION_CONTEXT('2D SPACE',''
  ) );
#7871 = ORIENTED_EDGE('',*,*,#7872,.T.);
#7872 = EDGE_CURVE('',#7850,#7850,#7873,.T.);
#7873 = SURFACE_CURVE('',#7874,(#7937,#8003),.PCURVE_S1.);
#7874 = B_SPLINE_CURVE_WITH_KNOTS('',7,(#7875,#7876,#7877,#7878,#7879,
    #7880,#7881,#7882,#7883,#7884,#7885,#7886,#7887,#7888,#7889,#7890,
    #7891,#7892,#7893,#7894,#7895,#7896,#7897,#7898,#7899,#7900,#7901,
    #7902,#7903,#7904,#7905,#7906,#7907,#7908,#7909,#7910,#7911,#7912,
    #7913,#7914,#7915,#7916,#7917,#7918,#7919,#7920,#7921,#7922,#7923,
    #7924,#7925,#7926,#7927,#7928,#7929,#7930,#7931,#7932,#7933,#7934,
    #7935,#7936),.UNSPECIFIED.,.T.,.F.,(8,6,6,6,6,6,6,6,6,6,8),(0.,
    4.755655325982E-02,0.113064235457,0.197490226476,0.328301855887,
    0.4503161319,0.562267733416,0.699927002425,0.832682308854,
    0.949353084591,1.),.UNSPECIFIED.);
#7875 = CARTESIAN_POINT('',(-17.08397111228,-12.61309185754,
    -45.30992778072));
#7876 = CARTESIAN_POINT('',(-16.960169843,-12.6042919342,-45.30992778072
    ));
#7877 = CARTESIAN_POINT('',(-16.83846617221,-12.59460725317,
    -45.30305058046));
#7878 = CARTESIAN_POINT('',(-16.71923578661,-12.58422270729,
    -45.28971489874));
#7879 = CARTESIAN_POINT('',(-16.60281082563,-12.57332192975,
    -45.27034129869));
#7880 = CARTESIAN_POINT('',(-16.48948104083,-12.56208227435,
    -45.2453526709));
#7881 = CARTESIAN_POINT('',(-16.37949495539,-12.55066979582,
    -45.21517471665));
#7882 = CARTESIAN_POINT('',(-16.12645157224,-12.5234820918,
    -45.13211002259));
#7883 = CARTESIAN_POINT('',(-15.98641601461,-12.50766848676,
    -45.07489656284));
#7884 = CARTESIAN_POINT('',(-15.85316056828,-12.49214657238,
    -45.00955828215));
#7885 = CARTESIAN_POINT('',(-15.72679889911,-12.47721108003,
    -44.93692514866));
#7886 = CARTESIAN_POINT('',(-15.60738227605,-12.46310229282,
    -44.85770934072));
#7887 = CARTESIAN_POINT('',(-15.4949273684,-12.45001291799,
    -44.77251932291));
#7888 = CARTESIAN_POINT('',(-15.25349223577,-12.42274177597,
    -44.56504965089));
#7889 = CARTESIAN_POINT('',(-15.1290855641,-12.40933239718,
    -44.43913574619));
#7890 = CARTESIAN_POINT('',(-15.01626723551,-12.39820496972,
    -44.30525008414));
#7891 = CARTESIAN_POINT('',(-14.9150857561,-12.38959148083,
    -44.16431462944));
#7892 = CARTESIAN_POINT('',(-14.82562307995,-12.3836405454,
    -44.01710364686));
#7893 = CARTESIAN_POINT('',(-14.74802633673,-12.38042945114,
    -43.86428984332));
#7894 = CARTESIAN_POINT('',(-14.58107590759,-12.37925392521,
    -43.4619862002));
#7895 = CARTESIAN_POINT('',(-14.50883770965,-12.38514223312,
    -43.20587662775));
#7896 = CARTESIAN_POINT('',(-14.46650163308,-12.39763544438,
    -42.94030904921));
#7897 = CARTESIAN_POINT('',(-14.45552516886,-12.41637136451,
    -42.66730580614));
#7898 = CARTESIAN_POINT('',(-14.47811595882,-12.44060483209,
    -42.38918733951));
#7899 = CARTESIAN_POINT('',(-14.53726003549,-12.46899694558,
    -42.10909927359));
#7900 = CARTESIAN_POINT('',(-14.72948139063,-12.52776500869,
    -41.57333779787));
#7901 = CARTESIAN_POINT('',(-14.85994176555,-12.55868070874,
    -41.30997826304));
#7902 = CARTESIAN_POINT('',(-15.03227929044,-12.58984461482,
    -41.05284698895));
#7903 = CARTESIAN_POINT('',(-15.24736150375,-12.61784189616,
    -40.812813083));
#7904 = CARTESIAN_POINT('',(-15.50326565026,-12.63886575542,
    -40.60026676299));
#7905 = CARTESIAN_POINT('',(-15.79575449271,-12.65,-40.42492872884));
#7906 = CARTESIAN_POINT('',(-16.41435090629,-12.65,-40.1774901634));
#7907 = CARTESIAN_POINT('',(-16.719829177,-12.64062661238,
    -40.10441527628));
#7908 = CARTESIAN_POINT('',(-17.02604301729,-12.62273149551,
    -40.07571301915));
#7909 = CARTESIAN_POINT('',(-17.32478040236,-12.59845200967,
    -40.08861880968));
#7910 = CARTESIAN_POINT('',(-17.60859785091,-12.57075005256,
    -40.13848480384));
#7911 = CARTESIAN_POINT('',(-17.87124976822,-12.54246276118,
    -40.21861719394));
#7912 = CARTESIAN_POINT('',(-18.39947526957,-12.48276969736,
    -40.44499955166));
#7913 = CARTESIAN_POINT('',(-18.6607160702,-12.45113996854,
    -40.60599753424));
#7914 = CARTESIAN_POINT('',(-18.89080325334,-12.42364137958,
    -40.79522933147));
#7915 = CARTESIAN_POINT('',(-19.08972123605,-12.40204367067,
    -41.00718440202));
#7916 = CARTESIAN_POINT('',(-19.25756160886,-12.3873093908,
    -41.23788663881));
#7917 = CARTESIAN_POINT('',(-19.39403404905,-12.37992326309,
    -41.48437087337));
#7918 = CARTESIAN_POINT('',(-19.5982829192,-12.37992326309,
    -41.99499304873));
#7919 = CARTESIAN_POINT('',(-19.66805415302,-12.38679258597,
    -42.25749171913));
#7920 = CARTESIAN_POINT('',(-19.70658978916,-12.40050048049,
    -42.52957282034));
#7921 = CARTESIAN_POINT('',(-19.71227545859,-12.42062566431,
    -42.80910405647));
#7922 = CARTESIAN_POINT('',(-19.68266605754,-12.44632986055,
    -43.09358108675));
#7923 = CARTESIAN_POINT('',(-19.61446954727,-12.47610283968,
    -43.37952782832));
#7924 = CARTESIAN_POINT('',(-19.40614750436,-12.53515803046,
    -43.90925641259));
#7925 = CARTESIAN_POINT('',(-19.27315391606,-12.5647949371,
    -44.16052016399));
#7926 = CARTESIAN_POINT('',(-19.1011494685,-12.5942334927,-44.4049502747
    ));
#7927 = CARTESIAN_POINT('',(-18.8896848123,-12.62034882899,
    -44.63254048086));
#7928 = CARTESIAN_POINT('',(-18.64084149345,-12.63977189941,
    -44.8338705563));
#7929 = CARTESIAN_POINT('',(-18.35878273715,-12.65,-45.00028883048));
#7930 = CARTESIAN_POINT('',(-17.9153645963,-12.65,-45.17765608682));
#7931 = CARTESIAN_POINT('',(-17.77797954161,-12.64807267437,
    -45.22251033663));
#7932 = CARTESIAN_POINT('',(-17.63853248397,-12.6442343656,
    -45.25817651099));
#7933 = CARTESIAN_POINT('',(-17.49819559797,-12.63859237986,
    -45.28452553038));
#7934 = CARTESIAN_POINT('',(-17.35818022447,-12.63134023958,
    -45.30166066674));
#7935 = CARTESIAN_POINT('',(-17.2197059665,-12.62274003255,
    -45.30992778072));
#7936 = CARTESIAN_POINT('',(-17.08397111228,-12.61309185754,
    -45.30992778072));
#7937 = PCURVE('',#3647,#7938);
#7938 = DEFINITIONAL_REPRESENTATION('',(#7939),#8002);
#7939 = B_SPLINE_CURVE_WITH_KNOTS('',7,(#7940,#7941,#7942,#7943,#7944,
    #7945,#7946,#7947,#7948,#7949,#7950,#7951,#7952,#7953,#7954,#7955,
    #7956,#7957,#7958,#7959,#7960,#7961,#7962,#7963,#7964,#7965,#7966,
    #7967,#7968,#7969,#7970,#7971,#7972,#7973,#7974,#7975,#7976,#7977,
    #7978,#7979,#7980,#7981,#7982,#7983,#7984,#7985,#7986,#7987,#7988,
    #7989,#7990,#7991,#7992,#7993,#7994,#7995,#7996,#7997,#7998,#7999,
    #8000,#8001),.UNSPECIFIED.,.F.,.F.,(8,6,6,6,6,6,6,6,6,6,8),(0.,
    4.755655325982E-02,0.113064235457,0.197490226476,0.328301855887,
    0.4503161319,0.562267733416,0.699927002425,0.832682308854,
    0.949353084591,1.),.UNSPECIFIED.);
#7940 = CARTESIAN_POINT('',(0.,31.113091857546));
#7941 = CARTESIAN_POINT('',(4.761587280175E-02,31.104291934206));
#7942 = CARTESIAN_POINT('',(9.442507336146E-02,31.09460725317));
#7943 = CARTESIAN_POINT('',(0.140459050348,31.084222707296));
#7944 = CARTESIAN_POINT('',(0.185740044044,31.073321929758));
#7945 = CARTESIAN_POINT('',(0.230282544683,31.062082274359));
#7946 = CARTESIAN_POINT('',(0.274094750792,31.050669795825));
#7947 = CARTESIAN_POINT('',(0.376528664511,31.023482091808));
#7948 = CARTESIAN_POINT('',(0.434565094607,31.007668486765));
#7949 = CARTESIAN_POINT('',(0.491439755371,30.992146572383));
#7950 = CARTESIAN_POINT('',(0.547285601154,30.977211080039));
#7951 = CARTESIAN_POINT('',(0.602227297061,30.963102292827));
#7952 = CARTESIAN_POINT('',(0.656385911771,30.950012917992));
#7953 = CARTESIAN_POINT('',(0.778820889126,30.922741775978));
#7954 = CARTESIAN_POINT('',(0.846674244659,30.909332397182));
#7955 = CARTESIAN_POINT('',(0.913680216857,30.898204969727));
#7956 = CARTESIAN_POINT('',(0.980054131322,30.889591480838));
#7957 = CARTESIAN_POINT('',(1.046001235164,30.883640545406));
#7958 = CARTESIAN_POINT('',(1.111726416069,30.880429451141));
#7959 = CARTESIAN_POINT('',(1.279253092853,30.879253925219));
#7960 = CARTESIAN_POINT('',(1.380882910558,30.885142233122));
#7961 = CARTESIAN_POINT('',(1.483189514187,30.897635444388));
#7962 = CARTESIAN_POINT('',(1.58693129473,30.916371364513));
#7963 = CARTESIAN_POINT('',(1.692922699772,30.940604832098));
#7964 = CARTESIAN_POINT('',(1.802002363254,30.968996945583));
#7965 = CARTESIAN_POINT('',(2.020925699732,31.02776500869));
#7966 = CARTESIAN_POINT('',(2.133212151145,31.058680708745));
#7967 = CARTESIAN_POINT('',(2.250609118995,31.08984461482));
#7968 = CARTESIAN_POINT('',(2.37231202441,31.117841896163));
#7969 = CARTESIAN_POINT('',(2.497955650483,31.138865755425));
#7970 = CARTESIAN_POINT('',(2.627450983886,31.15));
#7971 = CARTESIAN_POINT('',(2.883700494365,31.15));
#7972 = CARTESIAN_POINT('',(3.003226830469,31.140626612385));
#7973 = CARTESIAN_POINT('',(3.119689090224,31.122731495516));
#7974 = CARTESIAN_POINT('',(3.232876148692,31.098452009673));
#7975 = CARTESIAN_POINT('',(3.342356288443,31.070750052566));
#7976 = CARTESIAN_POINT('',(3.447349034088,31.042462761184));
#7977 = CARTESIAN_POINT('',(3.668384504802,30.982769697366));
#7978 = CARTESIAN_POINT('',(3.785130308128,30.951139968545));
#7979 = CARTESIAN_POINT('',(3.898096915672,30.923641379589));
#7980 = CARTESIAN_POINT('',(4.008287959369,30.902043670678));
#7981 = CARTESIAN_POINT('',(4.116688878193,30.887309390802));
#7982 = CARTESIAN_POINT('',(4.224203685841,30.87992326309));
#7983 = CARTESIAN_POINT('',(4.435725575725,30.87992326309));
#7984 = CARTESIAN_POINT('',(4.539431570093,30.886792585972));
#7985 = CARTESIAN_POINT('',(4.643928202735,30.900500480499));
#7986 = CARTESIAN_POINT('',(4.750025645658,30.920625664314));
#7987 = CARTESIAN_POINT('',(4.858599839487,30.946329860557));
#7988 = CARTESIAN_POINT('',(4.970548930834,30.976102839686));
#7989 = CARTESIAN_POINT('',(5.189479375114,31.03515803046));
#7990 = CARTESIAN_POINT('',(5.298135087858,31.064794937106));
#7991 = CARTESIAN_POINT('',(5.411589551242,31.094233492705));
#7992 = CARTESIAN_POINT('',(5.529045694756,31.120348828992));
#7993 = CARTESIAN_POINT('',(5.650100061687,31.13977189941));
#7994 = CARTESIAN_POINT('',(5.774596568687,31.15));
#7995 = CARTESIAN_POINT('',(5.958279627682,31.15));
#7996 = CARTESIAN_POINT('',(6.013747797567,31.148072674374));
#7997 = CARTESIAN_POINT('',(6.068920676348,31.144234365602));
#7998 = CARTESIAN_POINT('',(6.12363577975,31.138592379863));
#7999 = CARTESIAN_POINT('',(6.177720274058,31.131340239586));
#8000 = CARTESIAN_POINT('',(6.230979594018,31.12274003255));
#8001 = CARTESIAN_POINT('',(6.28318530718,31.113091857546));
#8002 = ( GEOMETRIC_REPRESENTATION_CONTEXT(2) 
PARAMETRIC_REPRESENTATION_CONTEXT() REPRESENTATION_CONTEXT('2D SPACE',''
  ) );
#8003 = PCURVE('',#7594,#8004);
#8004 = DEFINITIONAL_REPRESENTATION('',(#8005),#8068);
#8005 = B_SPLINE_CURVE_WITH_KNOTS('',7,(#8006,#8007,#8008,#8009,#8010,
    #8011,#8012,#8013,#8014,#8015,#8016,#8017,#8018,#8019,#8020,#8021,
    #8022,#8023,#8024,#8025,#8026,#8027,#8028,#8029,#8030,#8031,#8032,
    #8033,#8034,#8035,#8036,#8037,#8038,#8039,#8040,#8041,#8042,#8043,
    #8044,#8045,#8046,#8047,#8048,#8049,#8050,#8051,#8052,#8053,#8054,
    #8055,#8056,#8057,#8058,#8059,#8060,#8061,#8062,#8063,#8064,#8065,
    #8066,#8067),.UNSPECIFIED.,.T.,.F.,(8,6,6,6,6,6,6,6,6,6,8),(0.,
    4.755655325982E-02,0.113064235457,0.197490226476,0.328301855887,
    0.4503161319,0.562267733416,0.699927002425,0.832682308854,
    0.949353084591,1.),.UNSPECIFIED.);
#8006 = CARTESIAN_POINT('',(4.635981394442,40.414039396302));
#8007 = CARTESIAN_POINT('',(4.626868118004,40.368060759169));
#8008 = CARTESIAN_POINT('',(4.618104332398,40.316475830418));
#8009 = CARTESIAN_POINT('',(4.6097051441,40.259812907241));
#8010 = CARTESIAN_POINT('',(4.601682860789,40.198585826168));
#8011 = CARTESIAN_POINT('',(4.594046961007,40.1332948423));
#8012 = CARTESIAN_POINT('',(4.586804063811,40.064427508543));
#8013 = CARTESIAN_POINT('',(4.570527517223,39.893325923056));
#8014 = CARTESIAN_POINT('',(4.561839226164,39.788196658811));
#8015 = CARTESIAN_POINT('',(4.553882342508,39.678041757824));
#8016 = CARTESIAN_POINT('',(4.546643659363,39.563674040615));
#8017 = CARTESIAN_POINT('',(4.540108837412,39.445773788992));
#8018 = CARTESIAN_POINT('',(4.534263799618,39.324912138942));
#8019 = CARTESIAN_POINT('',(4.522436059322,39.042614627203));
#8020 = CARTESIAN_POINT('',(4.51689945871,38.879503023701));
#8021 = CARTESIAN_POINT('',(4.512461688737,38.713293631882));
#8022 = CARTESIAN_POINT('',(4.509103211433,38.544860489203));
#8023 = CARTESIAN_POINT('',(4.506810077059,38.374952919433));
#8024 = CARTESIAN_POINT('',(4.505574769757,38.204250157849));
#8025 = CARTESIAN_POINT('',(4.505122607061,37.76871676976));
#8026 = CARTESIAN_POINT('',(4.507387957209,37.504096408234));
#8027 = CARTESIAN_POINT('',(4.512180263975,37.24179987759));
#8028 = CARTESIAN_POINT('',(4.51954016894,36.984246173396));
#8029 = CARTESIAN_POINT('',(4.529547531729,36.734409668588));
#8030 = CARTESIAN_POINT('',(4.542307362612,36.496319986622));
#8031 = CARTESIAN_POINT('',(4.572504792976,36.070267163636));
#8032 = CARTESIAN_POINT('',(4.589982118159,35.874195741106));
#8033 = CARTESIAN_POINT('',(4.610324062987,35.699459896544));
#8034 = CARTESIAN_POINT('',(4.633250249575,35.556473538524));
#8035 = CARTESIAN_POINT('',(4.658306757803,35.454169648719));
#8036 = CARTESIAN_POINT('',(4.684922438034,35.4));
#8037 = CARTESIAN_POINT('',(4.737590321611,35.4));
#8038 = CARTESIAN_POINT('',(4.762157045809,35.445603452186));
#8039 = CARTESIAN_POINT('',(4.785501026009,35.532679040721));
#8040 = CARTESIAN_POINT('',(4.807121512932,35.655610045892));
#8041 = CARTESIAN_POINT('',(4.826606727666,35.807316613319));
#8042 = CARTESIAN_POINT('',(4.843677351806,35.979264142928));
#8043 = CARTESIAN_POINT('',(4.876146098126,36.385632911512));
#8044 = CARTESIAN_POINT('',(4.890803748676,36.632138183255));
#8045 = CARTESIAN_POINT('',(4.902340878317,36.893287730729));
#8046 = CARTESIAN_POINT('',(4.910890171076,37.163959357386));
#8047 = CARTESIAN_POINT('',(4.916557045425,37.440495356356));
#8048 = CARTESIAN_POINT('',(4.919397894087,37.720034814678));
#8049 = CARTESIAN_POINT('',(4.919397894087,38.269991728378));
#8050 = CARTESIAN_POINT('',(4.916755829325,38.539628010954));
#8051 = CARTESIAN_POINT('',(4.911483652466,38.806560747429));
#8052 = CARTESIAN_POINT('',(4.903533576586,39.068210589161));
#8053 = CARTESIAN_POINT('',(4.892815349023,39.321344225387));
#8054 = CARTESIAN_POINT('',(4.87921349327,39.561511561693));
#8055 = CARTESIAN_POINT('',(4.848019622369,39.975983340274));
#8056 = CARTESIAN_POINT('',(4.83072381422,40.159883297997));
#8057 = CARTESIAN_POINT('',(4.810792467994,40.322950110226));
#8058 = CARTESIAN_POINT('',(4.788507409725,40.455726310038));
#8059 = CARTESIAN_POINT('',(4.764302469702,40.550238503757));
#8060 = CARTESIAN_POINT('',(4.738714208811,40.6));
#8061 = CARTESIAN_POINT('',(4.700961169017,40.6));
#8062 = CARTESIAN_POINT('',(4.689560592434,40.590622597052));
#8063 = CARTESIAN_POINT('',(4.678275993011,40.571948471543));
#8064 = CARTESIAN_POINT('',(4.667194785482,40.54429311087));
#8065 = CARTESIAN_POINT('',(4.656401022556,40.508202281311));
#8066 = CARTESIAN_POINT('',(4.645973127611,40.464450055615));
#8067 = CARTESIAN_POINT('',(4.635981394442,40.414039396302));
#8068 = ( GEOMETRIC_REPRESENTATION_CONTEXT(2) 
PARAMETRIC_REPRESENTATION_CONTEXT() REPRESENTATION_CONTEXT('2D SPACE',''
  ) );
#8069 = ORIENTED_EDGE('',*,*,#7849,.T.);
#8070 = ADVANCED_FACE('',(#8071),#3791,.T.);
#8071 = FACE_BOUND('',#8072,.T.);
#8072 = EDGE_LOOP('',(#8073));
#8073 = ORIENTED_EDGE('',*,*,#3776,.T.);
#8074 = ADVANCED_FACE('',(#8075),#4215,.F.);
#8075 = FACE_BOUND('',#8076,.F.);
#8076 = EDGE_LOOP('',(#8077,#8078,#8099,#8100));
#8077 = ORIENTED_EDGE('',*,*,#4360,.F.);
#8078 = ORIENTED_EDGE('',*,*,#8079,.F.);
#8079 = EDGE_CURVE('',#3938,#4361,#8080,.T.);
#8080 = SEAM_CURVE('',#8081,(#8085,#8092),.PCURVE_S1.);
#8081 = LINE('',#8082,#8083);
#8082 = CARTESIAN_POINT('',(-28.83422263653,-4.457979918732,
    -7.704694597489));
#8083 = VECTOR('',#8084,1.);
#8084 = DIRECTION('',(0.124034734589,0.992277876714,0.));
#8085 = PCURVE('',#4215,#8086);
#8086 = DEFINITIONAL_REPRESENTATION('',(#8087),#8091);
#8087 = LINE('',#8088,#8089);
#8088 = CARTESIAN_POINT('',(6.28318530718,-0.));
#8089 = VECTOR('',#8090,1.);
#8090 = DIRECTION('',(0.,1.));
#8091 = ( GEOMETRIC_REPRESENTATION_CONTEXT(2) 
PARAMETRIC_REPRESENTATION_CONTEXT() REPRESENTATION_CONTEXT('2D SPACE',''
  ) );
#8092 = PCURVE('',#4215,#8093);
#8093 = DEFINITIONAL_REPRESENTATION('',(#8094),#8098);
#8094 = LINE('',#8095,#8096);
#8095 = CARTESIAN_POINT('',(0.,-0.));
#8096 = VECTOR('',#8097,1.);
#8097 = DIRECTION('',(0.,1.));
#8098 = ( GEOMETRIC_REPRESENTATION_CONTEXT(2) 
PARAMETRIC_REPRESENTATION_CONTEXT() REPRESENTATION_CONTEXT('2D SPACE',''
  ) );
#8099 = ORIENTED_EDGE('',*,*,#3937,.T.);
#8100 = ORIENTED_EDGE('',*,*,#8079,.T.);
#8101 = ADVANCED_FACE('',(#8102),#4817,.T.);
#8102 = FACE_BOUND('',#8103,.T.);
#8103 = EDGE_LOOP('',(#8104,#8128,#8129));
#8104 = ORIENTED_EDGE('',*,*,#8105,.T.);
#8105 = EDGE_CURVE('',#4780,#8106,#8108,.T.);
#8106 = VERTEX_POINT('',#8107);
#8107 = CARTESIAN_POINT('',(0.,0.,69.));
#8108 = SEAM_CURVE('',#8109,(#8114,#8121),.PCURVE_S1.);
#8109 = CIRCLE('',#8110,14.);
#8110 = AXIS2_PLACEMENT_3D('',#8111,#8112,#8113);
#8111 = CARTESIAN_POINT('',(0.,0.,55.));
#8112 = DIRECTION('',(-2.449293598295E-16,-1.,0.));
#8113 = DIRECTION('',(1.,-2.449293598295E-16,0.));
#8114 = PCURVE('',#4817,#8115);
#8115 = DEFINITIONAL_REPRESENTATION('',(#8116),#8120);
#8116 = LINE('',#8117,#8118);
#8117 = CARTESIAN_POINT('',(6.28318530718,-6.28318530718));
#8118 = VECTOR('',#8119,1.);
#8119 = DIRECTION('',(0.,1.));
#8120 = ( GEOMETRIC_REPRESENTATION_CONTEXT(2) 
PARAMETRIC_REPRESENTATION_CONTEXT() REPRESENTATION_CONTEXT('2D SPACE',''
  ) );
#8121 = PCURVE('',#4817,#8122);
#8122 = DEFINITIONAL_REPRESENTATION('',(#8123),#8127);
#8123 = LINE('',#8124,#8125);
#8124 = CARTESIAN_POINT('',(0.,-6.28318530718));
#8125 = VECTOR('',#8126,1.);
#8126 = DIRECTION('',(0.,1.));
#8127 = ( GEOMETRIC_REPRESENTATION_CONTEXT(2) 
PARAMETRIC_REPRESENTATION_CONTEXT() REPRESENTATION_CONTEXT('2D SPACE',''
  ) );
#8128 = ORIENTED_EDGE('',*,*,#8105,.F.);
#8129 = ORIENTED_EDGE('',*,*,#4802,.T.);
#8130 = ADVANCED_FACE('',(#8131),#4873,.T.);
#8131 = FACE_BOUND('',#8132,.T.);
#8132 = EDGE_LOOP('',(#8133));
#8133 = ORIENTED_EDGE('',*,*,#4858,.T.);
#8134 = ADVANCED_FACE('',(#8135),#5092,.F.);
#8135 = FACE_BOUND('',#8136,.F.);
#8136 = EDGE_LOOP('',(#8137,#8138,#8159,#8160));
#8137 = ORIENTED_EDGE('',*,*,#5200,.F.);
#8138 = ORIENTED_EDGE('',*,*,#8139,.F.);
#8139 = EDGE_CURVE('',#4889,#5201,#8140,.T.);
#8140 = SEAM_CURVE('',#8141,(#8145,#8152),.PCURVE_S1.);
#8141 = LINE('',#8142,#8143);
#8142 = CARTESIAN_POINT('',(8.,-32.,-3.));
#8143 = VECTOR('',#8144,1.);
#8144 = DIRECTION('',(-1.,0.,0.));
#8145 = PCURVE('',#5092,#8146);
#8146 = DEFINITIONAL_REPRESENTATION('',(#8147),#8151);
#8147 = LINE('',#8148,#8149);
#8148 = CARTESIAN_POINT('',(6.28318530718,-0.));
#8149 = VECTOR('',#8150,1.);
#8150 = DIRECTION('',(0.,1.));
#8151 = ( GEOMETRIC_REPRESENTATION_CONTEXT(2) 
PARAMETRIC_REPRESENTATION_CONTEXT() REPRESENTATION_CONTEXT('2D SPACE',''
  ) );
#8152 = PCURVE('',#5092,#8153);
#8153 = DEFINITIONAL_REPRESENTATION('',(#8154),#8158);
#8154 = LINE('',#8155,#8156);
#8155 = CARTESIAN_POINT('',(0.,-0.));
#8156 = VECTOR('',#8157,1.);
#8157 = DIRECTION('',(0.,1.));
#8158 = ( GEOMETRIC_REPRESENTATION_CONTEXT(2) 
PARAMETRIC_REPRESENTATION_CONTEXT() REPRESENTATION_CONTEXT('2D SPACE',''
  ) );
#8159 = ORIENTED_EDGE('',*,*,#4888,.T.);
#8160 = ORIENTED_EDGE('',*,*,#8139,.T.);
#8161 = ADVANCED_FACE('',(#8162),#5547,.T.);
#8162 = FACE_BOUND('',#8163,.T.);
#8163 = EDGE_LOOP('',(#8164));
#8164 = ORIENTED_EDGE('',*,*,#5532,.T.);
#8165 = ADVANCED_FACE('',(#8166),#5796,.F.);
#8166 = FACE_BOUND('',#8167,.F.);
#8167 = EDGE_LOOP('',(#8168,#8169,#8190,#8191));
#8168 = ORIENTED_EDGE('',*,*,#5919,.F.);
#8169 = ORIENTED_EDGE('',*,*,#8170,.F.);
#8170 = EDGE_CURVE('',#5563,#5920,#8171,.T.);
#8171 = SEAM_CURVE('',#8172,(#8176,#8183),.PCURVE_S1.);
#8172 = LINE('',#8173,#8174);
#8173 = CARTESIAN_POINT('',(-26.45988869101,-4.754771661921,
    14.222222222222));
#8174 = VECTOR('',#8175,1.);
#8175 = DIRECTION('',(0.124034734589,0.992277876714,0.));
#8176 = PCURVE('',#5796,#8177);
#8177 = DEFINITIONAL_REPRESENTATION('',(#8178),#8182);
#8178 = LINE('',#8179,#8180);
#8179 = CARTESIAN_POINT('',(6.28318530718,-0.));
#8180 = VECTOR('',#8181,1.);
#8181 = DIRECTION('',(0.,1.));
#8182 = ( GEOMETRIC_REPRESENTATION_CONTEXT(2) 
PARAMETRIC_REPRESENTATION_CONTEXT() REPRESENTATION_CONTEXT('2D SPACE',''
  ) );
#8183 = PCURVE('',#5796,#8184);
#8184 = DEFINITIONAL_REPRESENTATION('',(#8185),#8189);
#8185 = LINE('',#8186,#8187);
#8186 = CARTESIAN_POINT('',(0.,-0.));
#8187 = VECTOR('',#8188,1.);
#8188 = DIRECTION('',(0.,1.));
#8189 = ( GEOMETRIC_REPRESENTATION_CONTEXT(2) 
PARAMETRIC_REPRESENTATION_CONTEXT() REPRESENTATION_CONTEXT('2D SPACE',''
  ) );
#8190 = ORIENTED_EDGE('',*,*,#5562,.T.);
#8191 = ORIENTED_EDGE('',*,*,#8170,.T.);
#8192 = ADVANCED_FACE('',(#8193,#8247,#8250),#7594,.F.);
#8193 = FACE_BOUND('',#8194,.F.);
#8194 = EDGE_LOOP('',(#8195,#8218,#8219,#8220));
#8195 = ORIENTED_EDGE('',*,*,#8196,.T.);
#8196 = EDGE_CURVE('',#8197,#7578,#8199,.T.);
#8197 = VERTEX_POINT('',#8198);
#8198 = CARTESIAN_POINT('',(-14.71635555053,0.,-2.729721471203));
#8199 = SEAM_CURVE('',#8200,(#8204,#8211),.PCURVE_S1.);
#8200 = LINE('',#8201,#8202);
#8201 = CARTESIAN_POINT('',(-14.71635555053,0.,-2.729721471203));
#8202 = VECTOR('',#8203,1.);
#8203 = DIRECTION('',(-0.371390676354,0.,-0.928476690885));
#8204 = PCURVE('',#7594,#8205);
#8205 = DEFINITIONAL_REPRESENTATION('',(#8206),#8210);
#8206 = LINE('',#8207,#8208);
#8207 = CARTESIAN_POINT('',(6.28318530718,-0.));
#8208 = VECTOR('',#8209,1.);
#8209 = DIRECTION('',(0.,1.));
#8210 = ( GEOMETRIC_REPRESENTATION_CONTEXT(2) 
PARAMETRIC_REPRESENTATION_CONTEXT() REPRESENTATION_CONTEXT('2D SPACE',''
  ) );
#8211 = PCURVE('',#7594,#8212);
#8212 = DEFINITIONAL_REPRESENTATION('',(#8213),#8217);
#8213 = LINE('',#8214,#8215);
#8214 = CARTESIAN_POINT('',(0.,-0.));
#8215 = VECTOR('',#8216,1.);
#8216 = DIRECTION('',(0.,1.));
#8217 = ( GEOMETRIC_REPRESENTATION_CONTEXT(2) 
PARAMETRIC_REPRESENTATION_CONTEXT() REPRESENTATION_CONTEXT('2D SPACE',''
  ) );
#8218 = ORIENTED_EDGE('',*,*,#7577,.F.);
#8219 = ORIENTED_EDGE('',*,*,#8196,.F.);
#8220 = ORIENTED_EDGE('',*,*,#8221,.T.);
#8221 = EDGE_CURVE('',#8197,#8197,#8222,.T.);
#8222 = SURFACE_CURVE('',#8223,(#8228,#8235),.PCURVE_S1.);
#8223 = CIRCLE('',#8224,12.65);
#8224 = AXIS2_PLACEMENT_3D('',#8225,#8226,#8227);
#8225 = CARTESIAN_POINT('',(-2.971125410833,0.,-7.427813527082));
#8226 = DIRECTION('',(-0.371390676354,0.,-0.928476690885));
#8227 = DIRECTION('',(-0.928476690885,0.,0.371390676354));
#8228 = PCURVE('',#7594,#8229);
#8229 = DEFINITIONAL_REPRESENTATION('',(#8230),#8234);
#8230 = LINE('',#8231,#8232);
#8231 = CARTESIAN_POINT('',(0.,0.));
#8232 = VECTOR('',#8233,1.);
#8233 = DIRECTION('',(1.,0.));
#8234 = ( GEOMETRIC_REPRESENTATION_CONTEXT(2) 
PARAMETRIC_REPRESENTATION_CONTEXT() REPRESENTATION_CONTEXT('2D SPACE',''
  ) );
#8235 = PCURVE('',#8236,#8241);
#8236 = PLANE('',#8237);
#8237 = AXIS2_PLACEMENT_3D('',#8238,#8239,#8240);
#8238 = CARTESIAN_POINT('',(-2.971125410833,0.,-7.427813527082));
#8239 = DIRECTION('',(-0.371390676354,0.,-0.928476690885));
#8240 = DIRECTION('',(-0.928476690885,0.,0.371390676354));
#8241 = DEFINITIONAL_REPRESENTATION('',(#8242),#8246);
#8242 = CIRCLE('',#8243,12.65);
#8243 = AXIS2_PLACEMENT_2D('',#8244,#8245);
#8244 = CARTESIAN_POINT('',(0.,0.));
#8245 = DIRECTION('',(1.,0.));
#8246 = ( GEOMETRIC_REPRESENTATION_CONTEXT(2) 
PARAMETRIC_REPRESENTATION_CONTEXT() REPRESENTATION_CONTEXT('2D SPACE',''
  ) );
#8247 = FACE_BOUND('',#8248,.F.);
#8248 = EDGE_LOOP('',(#8249));
#8249 = ORIENTED_EDGE('',*,*,#7622,.T.);
#8250 = FACE_BOUND('',#8251,.F.);
#8251 = EDGE_LOOP('',(#8252));
#8252 = ORIENTED_EDGE('',*,*,#7872,.F.);
#8253 = ADVANCED_FACE('',(#8254),#8236,.T.);
#8254 = FACE_BOUND('',#8255,.F.);
#8255 = EDGE_LOOP('',(#8256));
#8256 = ORIENTED_EDGE('',*,*,#8221,.F.);
#8257 = ( GEOMETRIC_REPRESENTATION_CONTEXT(3) 
GLOBAL_UNCERTAINTY_ASSIGNED_CONTEXT((#8261)) 
GLOBAL_UNIT_ASSIGNED_CONTEXT((#8258,#8259,#8260)) REPRESENTATION_CONTEXT
('Context #1','3D Context with UNIT and UNCERTAINTY') );
#8258 = ( LENGTH_UNIT() NAMED_UNIT(*) SI_UNIT(.MILLI.,.METRE.) );
#8259 = ( NAMED_UNIT(*) PLANE_ANGLE_UNIT() SI_UNIT($,.RADIAN.) );
#8260 = ( NAMED_UNIT(*) SI_UNIT($,.STERADIAN.) SOLID_ANGLE_UNIT() );
#8261 = UNCERTAINTY_MEASURE_WITH_UNIT(LENGTH_MEASURE(1.E-07),#8258,
  'distance_accuracy_value','confusion accuracy');
#8262 = PRODUCT_RELATED_PRODUCT_CATEGORY('part',$,(#7));
ENDSEC;
END-ISO-10303-21;
